site,wildtype,mutant,effect,effect_std,times_seen,n_selections
26,Q,*,-3.384,0,20.67,6
26,Q,-,-1.527,0.5125,0.5,3
26,Q,A,-0.4133,0.6018,5.333,6
26,Q,C,-0.9774,0.3107,5.667,6
26,Q,D,-0.4475,0.106,5.333,6
26,Q,E,-0.5315,0.7201,5.333,6
26,Q,F,-0.9976,0.5727,2.833,6
26,Q,G,-2.528,0.3358,4.333,6
26,Q,H,-1.169,0.647,19,6
26,Q,I,0.3206,0.3384,5.667,6
26,Q,K,-1.995,0.04098,15.17,6
26,Q,L,-0.4844,0.4932,3.667,6
26,Q,M,-0.0743,0.3074,3.833,6
26,Q,N,-0.2522,0.4028,4.333,6
26,Q,P,-1.577,0.6265,10,6
26,Q,Q,0,0,,6
26,Q,R,-1.833,0.2583,7.833,6
26,Q,S,-1.472,0.8737,5.333,6
26,Q,T,-1.442,0.4609,5,6
26,Q,V,-0.2576,0.9129,3.833,6
26,Q,W,-1.278,0.8353,5,6
26,Q,Y,-0.5721,0.5847,6.333,6
27,N,A,-2.507,0.05031,9.167,6
27,N,C,-3.193,0,6.5,6
27,N,D,-1.98,0.2197,8.833,6
27,N,E,-1.643,0.6182,5,6
27,N,F,-2.772,0.466,2.667,6
27,N,G,-1.452,0.5477,6.333,6
27,N,H,-1.983,0.2628,5.667,6
27,N,I,-1.49,0.4063,4.833,6
27,N,K,-1.848,0.677,7.333,6
27,N,L,-2.167,0.0824,4.5,6
27,N,M,-2.09,0.2373,7.167,6
27,N,N,0,0,,6
27,N,P,-1.708,0.4342,2,6
27,N,Q,-1.872,0.2596,5.667,6
27,N,R,-2.506,0.349,6.167,6
27,N,S,-2.708,0,7.167,6
27,N,T,-1.135,0.473,6.333,6
27,N,V,-1.692,0.3257,10.83,6
27,N,W,-2.268,0.2791,5.167,6
27,N,Y,-2.418,0.09037,4.167,6
28,I,*,-3.432,0,7.333,6
28,I,A,-3.142,0.2933,4.167,6
28,I,C,-3.329,0,7,6
28,I,D,-3.255,0,4.667,6
28,I,E,-2.609,0.5203,2.167,6
28,I,F,-0.09915,0.9059,3.333,6
28,I,G,-3.192,0,4.833,6
28,I,H,-2.877,0,4.833,6
28,I,I,0,0,,6
28,I,K,-3.437,0,5.667,6
28,I,L,0.322,0.3522,4,6
28,I,M,-0.2204,0.3229,7.167,6
28,I,N,-3.264,0,7.833,6
28,I,P,-2.657,0.09503,6.167,6
28,I,Q,-2.144,0.09792,6.667,6
28,I,R,-3.201,0,5.667,6
28,I,S,-3.256,0,5,6
28,I,T,-1.693,0.6408,6.833,6
28,I,V,-0.26,0.8499,3.833,6
28,I,W,-1.11,0.7403,5,6
28,I,Y,-0.3971,0.4729,2.5,6
29,T,A,-2.516,0.02411,5.667,6
29,T,C,-3.191,0,3.833,6
29,T,D,-2.05,0.3049,7.667,6
29,T,E,-1.691,0.2393,7,6
29,T,F,-3.25,0.01155,6.333,6
29,T,G,-3.269,0,3,6
29,T,H,-3.063,0,3.5,6
29,T,I,-2.731,0.03839,20.67,6
29,T,K,-2.905,0,4.5,6
29,T,L,-3.009,0,6,6
29,T,M,-2.892,0.1666,4.833,6
29,T,N,-2.661,0.1501,7.833,6
29,T,P,-3.186,0,5.167,6
29,T,Q,-1.962,0.3179,4.833,6
29,T,R,-1.216,0.3924,5.833,6
29,T,S,-0.0106,0.428,8.333,6
29,T,T,0,0,,6
29,T,V,-2.227,0.2533,5.5,6
29,T,W,-3.121,0,6,6
29,T,Y,-2.856,0,4.167,6
30,E,*,-3.224,0,35,6
30,E,A,-3.434,0,6.667,6
30,E,C,-3.249,0,4.5,6
30,E,D,-3.183,0,28.33,6
30,E,E,0,0,,6
30,E,F,-3.505,0,6.667,6
30,E,G,-3.349,0,8,6
30,E,H,-3.189,0,5.833,6
30,E,I,-3.037,0,5,6
30,E,K,-3.423,0,23.83,6
30,E,L,-3.293,0,3.333,6
30,E,M,-3.061,0,5.333,6
30,E,N,-3.115,0,3.333,6
30,E,P,-3.171,0,4.667,6
30,E,Q,-3.274,0,5.667,6
30,E,R,-3.157,0,6.5,6
30,E,S,-3.391,0.01267,8,6
30,E,T,-3.362,0,6,6
30,E,V,-3.296,0,6.5,6
30,E,W,-3.357,0,9.167,6
30,E,Y,-3.152,0,4.5,6
31,E,*,-3.247,0,14.83,6
31,E,A,-2.47,0.1163,5.667,6
31,E,C,-1.235,0.2645,6.667,6
31,E,D,-0.09454,0.2057,7.333,6
31,E,E,0,0,,6
31,E,F,-1.78,0.213,5.667,6
31,E,G,-3.361,0,5.667,6
31,E,H,-1.599,0.2904,9.5,6
31,E,I,-2.821,0.8742,2,6
31,E,K,-1.407,0.2576,27.5,6
31,E,L,-2.292,0.3783,9,6
31,E,M,-0.6922,1.049,2.5,6
31,E,N,-1.304,0.4544,5.167,6
31,E,P,-3.127,0,4.833,6
31,E,Q,-0.8729,0.5409,7.333,6
31,E,R,-1.547,0.4565,5.333,6
31,E,S,-1.034,0.6256,6.167,6
31,E,T,-0.9043,0.4165,9.167,6
31,E,V,-1.17,0.321,4.5,6
31,E,W,-2.28,0.5457,7,6
31,E,Y,-1.217,0.416,8.167,6
32,F,*,-3.216,0,8,6
32,F,A,-3.367,0,6.333,6
32,F,C,-3.321,0,6.667,6
32,F,D,-3.466,0,6.833,6
32,F,E,-3.264,0,6.667,6
32,F,F,0,0,,6
32,F,G,-3.384,0,3,6
32,F,H,-3.423,0,4.667,6
32,F,I,-3.389,0,8.333,6
32,F,K,-3.349,0,5.833,6
32,F,L,-3.316,0,19.33,6
32,F,M,-3.335,0,5.833,6
32,F,N,-3.383,0,6.167,6
32,F,P,-3.396,0,5,6
32,F,Q,-3.421,0,9,6
32,F,R,-3.386,0,5.333,6
32,F,S,-3.013,0,11,6
32,F,T,-3.068,0,5.5,6
32,F,V,-3.469,0,5.167,6
32,F,W,-3.112,0.2206,3.333,6
32,F,Y,-0.3383,1.343,3.5,6
33,Y,*,-3.248,0,5.667,6
33,Y,A,-1.798,0.5543,4.5,6
33,Y,C,-3.176,0,9.833,6
33,Y,D,-2.252,0.1547,5.833,6
33,Y,E,-2.843,0,7.833,6
33,Y,F,0.2407,1.169,3.833,6
33,Y,G,-3.35,0,3.333,6
33,Y,H,0.05115,0.3165,8.333,6
33,Y,I,-0.3004,0.884,4.5,6
33,Y,K,-2.427,0.1848,9,6
33,Y,L,-0.8728,0.621,2.167,6
33,Y,M,-0.06075,0.6234,4.833,6
33,Y,N,-0.9496,0.2651,7.5,6
33,Y,P,-3.355,0,6,6
33,Y,Q,-0.7308,1.024,4.5,6
33,Y,R,-1.139,0.8238,8.667,6
33,Y,S,-0.6527,0.6431,3.833,6
33,Y,T,-2.226,0.3517,7.167,6
33,Y,V,-2.077,0.333,4.667,6
33,Y,W,-0.7474,1.091,4.833,6
33,Y,Y,0,0,,6
34,Q,*,-3.39,0,20.83,6
34,Q,A,-0.4539,0.4445,3.833,6
34,Q,C,-3.416,0,6.5,6
34,Q,D,-3.304,0,5.333,6
34,Q,E,-0.393,0.7222,4.167,6
34,Q,F,-2.994,0.03168,3.333,6
34,Q,G,-1.856,0.2508,5.5,6
34,Q,H,-1.595,0.4239,12.5,6
34,Q,I,-3.107,0,3.5,6
34,Q,K,-0.7933,0.843,15,6
34,Q,L,-2.2,0.4329,5.667,6
34,Q,M,-1.217,0.9393,1.667,5
34,Q,N,-3.121,0,4.167,6
34,Q,P,-3.298,0,5,6
34,Q,Q,0,0,,6
34,Q,R,-0.0164,0.3905,7.833,6
34,Q,S,-0.2586,0.7983,6.333,6
34,Q,T,-3.181,0,6,6
34,Q,V,-2.552,0.1329,5.667,6
34,Q,W,-3.292,0,5.5,6
34,Q,Y,-1.608,0.3902,3.5,6
35,S,A,0.1347,0.3403,7.333,6
35,S,C,-2.594,0.05407,5.667,6
35,S,D,-0.4837,0.8546,6,6
35,S,E,-0.8197,0.4316,6,6
35,S,F,-2.966,0,13.33,6
35,S,G,-1.087,0.8394,5.833,6
35,S,H,-2.79,0.2661,7,6
35,S,I,-3.345,0,7,6
35,S,K,-2.729,0.5728,2.5,6
35,S,L,-3.336,0,4.5,6
35,S,M,-2.302,0.3333,4.5,6
35,S,N,-1.444,0.5972,3.167,6
35,S,P,-1.111,0.4838,13.67,6
35,S,Q,-1.025,0.5157,4.5,6
35,S,R,-0.9123,1.51,2,6
35,S,S,0,0,,6
35,S,T,-1.743,0.3252,6.167,6
35,S,V,-2.946,0.3581,4.833,6
35,S,W,-3.266,0,5.667,6
35,S,Y,-1.641,0.2401,19.17,6
36,T,*,-3.256,0,5,6
36,T,A,-3.294,0,7,6
36,T,C,-3.113,0,3.667,6
36,T,D,-3.239,0,3.5,6
36,T,E,-3.237,0.01379,3.167,6
36,T,F,-3.343,0,4.667,6
36,T,G,-3.097,0,6.333,6
36,T,H,-3.4,0,5,6
36,T,I,-3.216,0,16.67,6
36,T,K,-3.123,0,5,6
36,T,L,-3.242,0,6.5,6
36,T,M,-3.264,0,7.333,6
36,T,N,-3.33,0,8.5,6
36,T,P,-3.112,0,6,6
36,T,Q,-3.385,0,2.5,6
36,T,R,-3.116,0,2.833,6
36,T,S,-0.9133,1.147,3.667,6
36,T,T,0,0,,6
36,T,V,-2.757,0,4.833,6
36,T,W,-3.348,0,7,6
36,T,Y,-3.329,0,4.5,6
37,C,*,-3.242,0,5,6
37,C,A,-3.417,0,4.5,6
37,C,C,0,0,,6
37,C,D,-3.232,0,4.833,6
37,C,E,-3.416,0,3.167,6
37,C,F,-3.383,0,20,6
37,C,G,-3.222,0,7.333,6
37,C,H,-2.689,1.519,3.5,6
37,C,I,-3.335,0,7.167,6
37,C,K,-3.274,0,7.833,6
37,C,L,-3.266,0,3.5,6
37,C,M,-3.22,0,5.333,6
37,C,N,-3.302,0,9,6
37,C,P,-3.194,0,4.167,6
37,C,Q,-3.547,0,2,3
37,C,R,-3.368,0,13.83,6
37,C,S,-3.322,0,7,6
37,C,T,-3.232,0,6,6
37,C,V,-3.304,0,4.667,6
37,C,W,-3.445,0,5.667,6
37,C,Y,-3.351,0,32.5,6
38,S,*,-2.947,0,4.667,6
38,S,A,-0.9236,0.3553,3.5,6
38,S,C,-3.215,1.344,3.667,5
38,S,D,-2.021,1.34,4,6
38,S,E,-3.078,0.449,1.833,5
38,S,F,-3.194,0,3.167,6
38,S,G,-3.393,0,9.333,6
38,S,H,-3.323,0,6,6
38,S,I,-3.425,0,19.33,6
38,S,K,-3.256,0,5.667,6
38,S,L,-3.176,0,3.833,6
38,S,M,-3.143,0,4.667,6
38,S,N,-3.391,0,15.83,6
38,S,P,-3.155,0,4.333,6
38,S,Q,-3.048,0,8.167,6
38,S,R,-3.385,0,10.67,6
38,S,S,0,0,,6
38,S,T,-3.314,0.01304,4.833,6
38,S,V,-3.443,0,5.333,6
38,S,W,-2.985,0,5,5
38,S,Y,-3.439,0,5.833,6
39,A,A,0,0,,6
39,A,C,-0.6122,0.763,5.167,6
39,A,D,-3.299,0,17.67,6
39,A,E,-3.353,0,4.333,6
39,A,F,-3.375,0,6.333,6
39,A,G,-1.688,0.4257,7.833,6
39,A,H,-3.197,0,5.167,6
39,A,I,-3.293,0,6,6
39,A,K,-3.114,0,4,6
39,A,L,-3.37,0,4.833,6
39,A,M,-1.75,0.8315,4.167,6
39,A,N,-3.369,0,5.167,6
39,A,P,-3.375,0,4,6
39,A,Q,-1.877,1.316,3.333,6
39,A,R,-3.173,0,3.333,6
39,A,S,-0.4264,0.5861,26.17,6
39,A,T,-1.788,0.1755,21.33,6
39,A,V,-0.8869,0.3584,17,6
39,A,W,-3.444,0,6,6
39,A,Y,-2.827,0,5.667,6
40,V,*,-3.077,0,6.167,6
40,V,A,-0.9914,0.6663,4.667,6
40,V,C,-3.4,0,4.5,6
40,V,D,-3.134,0,3.5,6
40,V,E,-3.393,0,7.833,6
40,V,F,-3.347,0,3.333,6
40,V,G,-3.154,0,2.5,6
40,V,H,-3.402,0,3.167,6
40,V,I,-0.4437,0.7686,6.667,6
40,V,K,-3.182,0,5.667,6
40,V,L,-1.085,0.4017,7.167,6
40,V,M,-0.3669,0.668,28.83,6
40,V,N,-3.43,0,8,6
40,V,P,-3.37,0,5.333,6
40,V,Q,-2.401,0.1066,4,6
40,V,R,-2.796,0.04435,5.833,6
40,V,S,-3.191,0.8089,2.167,6
40,V,T,-0.8203,0.2467,3.5,6
40,V,V,0,0,,6
40,V,W,-3.449,0,7,6
40,V,Y,-2.794,0,4.5,6
41,S,A,-0.6724,0.5854,6.667,6
41,S,C,-3.188,0,7.833,6
41,S,D,-3.405,0,5.167,6
41,S,E,-3.265,0,6.333,6
41,S,F,-3.466,0,5.5,6
41,S,G,-3.409,0,7.667,6
41,S,H,-3.375,0,4.333,6
41,S,I,-3.114,0,17.67,6
41,S,K,-3.375,0,5.5,6
41,S,L,-3.297,0,4.167,6
41,S,M,-3.33,0,6.167,6
41,S,N,-3.285,0,19.83,6
41,S,P,-2.889,0.09242,6,6
41,S,Q,-3.202,0.1289,4,6
41,S,R,-3.356,0,9,6
41,S,S,0,0,,6
41,S,T,-0.8548,0.404,5.167,6
41,S,V,-2.656,0.2397,6.333,6
41,S,W,-3.195,0,8,6
41,S,Y,-3.123,0,2.333,6
42,K,*,-3.38,0,8.833,6
42,K,A,-0.2264,0.4761,2,6
42,K,C,-3.027,0,4.5,6
42,K,D,-3.425,0,3.333,6
42,K,E,-0.1294,0.4758,8.833,6
42,K,F,0.2229,0.4304,3.833,6
42,K,G,-0.6507,0.814,2.167,6
42,K,H,-0.2345,0.299,4.5,6
42,K,I,-0.0349,0.6442,3.833,6
42,K,K,0,0,,6
42,K,L,-0.4664,0.7362,3.167,6
42,K,M,-0.3629,0.5889,11.5,6
42,K,N,-0.08732,0.6148,34.5,6
42,K,P,-3.24,0,3.167,6
42,K,Q,0.3783,0.2815,10,6
42,K,R,0.4145,0.4165,9.167,6
42,K,S,0.6629,0.4459,3.167,6
42,K,T,0.2419,0.5104,3,6
42,K,V,-0.409,0.1962,8.333,6
42,K,W,-1.553,0.5489,8.667,6
42,K,Y,0.3184,0.08331,4.833,6
43,G,A,-3.389,0,5.833,6
43,G,C,-3.388,0,20.83,6
43,G,D,-3.372,0,15.83,6
43,G,E,-3.494,0,6.5,6
43,G,F,-3.119,0,6.5,6
43,G,G,0,0,,6
43,G,H,-3.405,0,3.667,6
43,G,I,-3.309,0.5074,3.167,6
43,G,K,-3.031,0,8.167,6
43,G,L,-3.331,0,2,6
43,G,M,-3.302,0,8.5,6
43,G,N,-0.6284,0.5624,5.667,6
43,G,P,-3.359,0,5,6
43,G,Q,-3.335,0,5,6
43,G,R,-3.196,0,5,6
43,G,S,-3.346,0,15.67,6
43,G,T,-3.123,0.1927,2.333,6
43,G,V,-3.301,0,15.83,6
43,G,W,-3.321,0,6.333,6
43,G,Y,-3.419,0,6.5,6
44,Y,*,-3.436,0,10.5,6
44,Y,-,0.2315,0.1005,0.5,3
44,Y,A,-3.342,0,4.167,6
44,Y,C,-3.208,0,9.333,6
44,Y,D,-3.342,0,6.667,6
44,Y,E,-3.133,0.3641,4.833,6
44,Y,F,-1.035,0.3798,4.333,6
44,Y,G,-3.442,0,4.5,6
44,Y,H,-3.321,0,12.33,6
44,Y,I,-3.383,0,6,6
44,Y,K,-3.275,0,5.833,6
44,Y,L,-3.407,0,4.167,6
44,Y,M,-3.453,0,6,6
44,Y,N,-3.393,0,4.833,6
44,Y,P,-3.262,0,5.167,6
44,Y,Q,-3.288,0,3.333,6
44,Y,R,-3.481,0,4.333,6
44,Y,S,-3.1,0,2.833,6
44,Y,T,-3.38,0,3.333,6
44,Y,V,-3.251,0,4,6
44,Y,W,-1.331,0.3929,7.333,6
44,Y,Y,0,0,,6
45,L,A,-0.3468,0.3212,5.5,6
45,L,C,-1.421,0.4801,7.167,6
45,L,D,-0.2796,0.7345,6.833,6
45,L,E,0.1391,0.4858,9,6
45,L,F,0.4536,0.2329,6.5,6
45,L,G,-2.979,0,3.667,6
45,L,H,-1.441,0.7083,7,6
45,L,I,-0.5028,0.4886,5.667,6
45,L,K,-2.416,0.1416,7,6
45,L,L,0,0,,6
45,L,M,-0.6459,0.3207,24.5,6
45,L,N,-0.2963,0.7211,5.333,6
45,L,P,-3.099,0,10.83,6
45,L,Q,-0.3412,0.5405,4.5,6
45,L,R,-3.111,0,4.333,6
45,L,S,-0.2841,0.4914,3.5,6
45,L,T,-0.6865,0.5669,4.833,6
45,L,V,-0.2398,0.3058,7.5,6
45,L,W,0.2713,0.2516,7.333,6
45,L,Y,-0.1311,0.6438,6,6
46,S,*,-3.196,0,4.833,6
46,S,A,-2.735,0.1547,6.333,6
46,S,C,-3.502,0,7,6
46,S,D,-3.485,0,5.833,6
46,S,E,-3.441,0,4.333,6
46,S,F,-3.231,0,6.5,6
46,S,G,-3.397,0,8.833,6
46,S,H,-3.088,0,5.167,6
46,S,I,-3.354,0,14.83,6
46,S,K,-3.196,0.2059,4.167,6
46,S,L,-3.52,0,6.333,6
46,S,M,-3.256,0,5.667,6
46,S,N,-3.141,0,17,6
46,S,P,-3.317,0,2.667,6
46,S,Q,-2.916,0,5.833,6
46,S,R,-3.111,0,9.167,6
46,S,S,0,0,,6
46,S,T,-3.244,0.1882,3.667,6
46,S,V,-3.243,0,4.167,6
46,S,W,-3.417,0,4.667,6
46,S,Y,-3.097,0,8.5,6
47,A,A,0,0,,6
47,A,C,-1.294,0.5447,5.5,6
47,A,D,-3.346,0,12.83,6
47,A,E,-3.402,0,6,6
47,A,F,-3.447,0,5.167,6
47,A,G,-1.122,0.6671,4.833,6
47,A,H,-3.344,0,4.667,6
47,A,I,-3.43,0,5.333,6
47,A,K,-2.853,0,2.5,6
47,A,L,-3.298,0,9,6
47,A,M,-2.972,0.05106,3.833,6
47,A,N,-2.421,1.123,5.833,6
47,A,P,-1.482,1.149,1.667,6
47,A,Q,-3.29,0,3.833,6
47,A,R,-2.946,0.8581,2.167,6
47,A,S,-1.473,0.2795,10.5,6
47,A,T,-3.493,0,14,6
47,A,V,-0.4688,0.4076,18.33,6
47,A,W,-3.359,0,7.833,6
47,A,Y,-3.271,0,7.5,6
48,L,*,-3.21,0,8.167,6
48,L,A,-3.452,0,4.333,6
48,L,C,-3.389,0,5.333,6
48,L,D,-3.382,0,2.667,6
48,L,E,-3.421,0,7.833,6
48,L,F,-3.206,0,6.167,6
48,L,G,-3.292,0,6.833,6
48,L,H,-3.361,0,3.5,6
48,L,I,-2.582,0,5.5,6
48,L,K,-3.258,0,9.333,6
48,L,L,0,0,,6
48,L,M,-1.227,0.3805,14.17,6
48,L,N,-3.418,0,6.167,6
48,L,P,-3.412,0,10.5,6
48,L,Q,-3.175,0,5,6
48,L,R,-2.91,0,8,6
48,L,S,-3.436,0,4,6
48,L,T,-3.407,0,3.167,6
48,L,V,-3.462,0,5,6
48,L,W,-3.241,0,5,6
48,L,Y,-3.404,0,3,6
49,R,*,-3.206,0,0.5,3
49,R,A,-1.204,0.3347,4.667,6
49,R,C,-1.703,0.1807,8,6
49,R,D,-3.311,0,3.667,6
49,R,E,-3.365,0,6.833,6
49,R,F,-3.255,0,5.333,6
49,R,G,-1.238,0.8031,10,6
49,R,H,-2.076,0.284,4.667,6
49,R,I,-2.76,0.09466,17.33,6
49,R,K,-1.51,0.2753,26.17,6
49,R,L,-1.214,0.4073,4.667,6
49,R,M,-1.617,0.6656,4.5,6
49,R,N,-2.814,0.0764,5.167,6
49,R,P,-3.465,0,5.667,6
49,R,Q,-2.439,0.2952,6.5,6
49,R,R,0,0,,6
49,R,S,-2.259,0.05796,9.5,6
49,R,T,-3.261,0,5.167,6
49,R,V,-1.161,0.6672,7,6
49,R,W,-3.421,0,9.5,6
49,R,Y,-3.373,0,8.333,6
50,T,*,-3.023,0.1163,3,6
50,T,A,-3.354,0,2.667,6
50,T,C,-3.427,0,5.5,6
50,T,D,-3.508,0,7.667,6
50,T,E,-3.495,0,4.5,6
50,T,F,-3.292,0,6.833,6
50,T,G,-3.398,0,6.5,6
50,T,H,-3.382,0,4,6
50,T,I,-3.337,0,14.5,6
50,T,K,-3.407,0,6,6
50,T,L,-3.436,0,7.833,6
50,T,M,-3.217,0,4.167,6
50,T,N,-2.68,0,11,6
50,T,P,-3.241,0.2091,3.167,6
50,T,Q,-3.425,0,2,6
50,T,R,-3.375,0,9.333,6
50,T,S,-2.287,0.1181,6.667,6
50,T,T,0,0,,6
50,T,V,-2.547,0,5.333,6
50,T,W,-2.405,0.9923,5.167,6
50,T,Y,-3.463,0,5.333,6
51,G,A,-2.11,0.1711,2.5,3
51,G,C,-3.437,0,24.17,6
51,G,D,-3.492,0,18.67,6
51,G,E,-3.489,0,6,6
51,G,F,-3.448,0,5.333,6
51,G,G,0,0,,6
51,G,H,-3.278,0,5.333,6
51,G,I,-3.4,0,5.167,6
51,G,K,-3.163,0,5.333,6
51,G,L,-1.63,1.085,1.667,6
51,G,M,-2.747,0,4.333,6
51,G,N,-3.285,0,4.333,6
51,G,P,-3.211,0.03205,3.333,6
51,G,Q,-3.128,1.385,4.833,6
51,G,R,-3.405,0,7,6
51,G,S,-2.269,0.1683,18,6
51,G,T,-3.136,0,4,6
51,G,V,-3.422,0,20.33,6
51,G,W,-3.265,0,7.833,6
51,G,Y,-2.609,0.01677,6.167,6
52,W,*,-3.427,0,36.67,6
52,W,A,-3.027,0,4,6
52,W,C,-3.339,0,13.5,6
52,W,D,-3.228,0,5.5,6
52,W,E,-3.253,0,6.333,6
52,W,F,-2.561,0,2.833,6
52,W,G,-3.251,0,3.5,6
52,W,H,-3.115,0,4.333,6
52,W,I,-3.22,0,3.333,6
52,W,K,-3.261,0,3.333,6
52,W,L,-3.474,0,23.83,6
52,W,M,-3.344,0,4.833,6
52,W,N,-3.402,0.335,2.5,6
52,W,P,-3.225,0,3.333,6
52,W,Q,-3.292,0,6.333,6
52,W,R,-3.232,0,9.333,6
52,W,S,-3.435,0,6,6
52,W,T,-3.264,0,4.5,6
52,W,V,-3.158,0,4,6
52,W,W,0,0,,6
52,W,Y,-1.52,0.7221,3.167,6
53,Y,*,-3.022,0,5.167,6
53,Y,A,-2.34,1.178,4.667,6
53,Y,C,-2.12,0.3216,10.17,6
53,Y,D,-3.412,0,3,6
53,Y,E,-3.29,0,1.833,6
53,Y,F,1.021,0.5018,4.833,6
53,Y,G,-2.711,0.265,7,6
53,Y,H,0.1415,0.3298,8.667,6
53,Y,I,-3.32,0.06745,4,6
53,Y,K,-3.341,0,5.667,6
53,Y,L,-3.484,0,3.167,6
53,Y,M,0.4057,1.285,4,6
53,Y,N,-3.402,0,6.833,6
53,Y,P,-3.229,0,4.167,6
53,Y,Q,-0.5657,0.5165,5.5,6
53,Y,R,-2.695,0,2.5,6
53,Y,S,-0.5295,0.7324,4.333,6
53,Y,T,-1.09,0.3998,4.5,6
53,Y,V,-1.872,0.3185,6.333,6
53,Y,W,0.4703,0.8624,1.667,6
53,Y,Y,0,0,,6
54,T,*,-3.439,0,5,6
54,T,A,-2.67,0,5.167,6
54,T,C,-3.17,0,4,6
54,T,D,-2.907,0.3761,4.167,6
54,T,E,-1.461,0.5585,4.667,6
54,T,F,-3.398,0,5.167,6
54,T,G,-3.44,0,5.167,6
54,T,H,-3.082,0,3.333,5
54,T,I,-1.317,0.6224,17,6
54,T,K,-2.997,0,5.5,6
54,T,L,-1.082,0.2233,7,6
54,T,M,-2.13,0.3137,7.5,6
54,T,N,-2.981,0,11,6
54,T,P,-3.341,0,3.167,6
54,T,Q,-1.902,0.2674,6,6
54,T,R,-3.005,0.1405,3.833,6
54,T,S,-2.841,0.1446,3.5,6
54,T,T,0,0,,6
54,T,V,-0.2135,0.4418,7.333,6
54,T,W,-3.288,0,6.167,6
54,T,Y,-3.487,0,8,6
55,S,A,0.1125,0.6362,4.333,6
55,S,C,-0.4007,1.081,6.167,6
55,S,D,-2.134,0.3201,2.667,3
55,S,E,-2.667,0.04435,5,6
55,S,F,-0.6565,0.8531,8.5,6
55,S,G,-0.1714,0.2752,7.5,6
55,S,H,-2.851,0,5.667,6
55,S,I,-3.303,0,19.17,6
55,S,K,-3.188,0,9.167,6
55,S,L,-3.471,0,6.167,6
55,S,M,-3.281,0,8.5,6
55,S,N,-0.995,0.4987,12.33,6
55,S,P,-0.7784,0.7243,5,6
55,S,Q,-3.2,0,8.167,6
55,S,R,-3.109,0,14.67,6
55,S,S,0,0,,6
55,S,T,0.03483,0.4455,8.833,6
55,S,V,-1.498,0.1888,9.167,6
55,S,W,-3.277,0,5.833,6
55,S,Y,-1.722,0.2762,5.667,6
56,V,*,-3.314,0,12.83,6
56,V,A,-3.215,0,9,6
56,V,C,-3.04,0,10.5,6
56,V,D,-3.103,0,6.333,6
56,V,E,-3.017,0,9.333,6
56,V,F,-2.851,0.1073,11.33,6
56,V,G,-2.977,0.1815,5.667,6
56,V,H,-3.306,0,3,6
56,V,I,-0.09146,0.3218,12,6
56,V,K,-2.965,0,8,6
56,V,L,-1.995,0.361,11.67,6
56,V,M,-3.048,0,22.67,6
56,V,N,-3.107,0,12,6
56,V,P,-3.064,0.1416,5.667,6
56,V,Q,-3.081,0,4.333,6
56,V,R,-3.107,0,6,6
56,V,S,-2.99,0,7.167,6
56,V,T,-2.846,0,8.167,6
56,V,V,0,0,,6
56,V,W,-3.095,0,8,6
56,V,Y,-2.746,0,10.17,6
57,I,-,-0.3479,0.2384,0.5,3
57,I,A,-0.06742,0.413,6.5,6
57,I,C,-1.483,0.5432,6.5,6
57,I,D,-3.32,0,7.5,6
57,I,E,-3.379,0,7.167,6
57,I,F,-2.978,0.1901,8,6
57,I,G,-3.361,0,7,6
57,I,H,-2.316,0,7,6
57,I,I,0,0,,6
57,I,K,-2.934,0,7.5,6
57,I,L,-0.4611,0.7212,6.167,6
57,I,M,-1.589,1.167,5.667,6
57,I,N,-2.292,0.2151,7.833,6
57,I,P,-3.337,0,4.5,6
57,I,Q,-2.349,0,8.667,6
57,I,R,-2.787,0.05584,5.667,6
57,I,S,-2.078,0.285,7.167,6
57,I,T,-1.675,0.2345,10.83,6
57,I,V,0.2318,0.4844,9,6
57,I,W,-3.32,0,5.833,6
57,I,Y,-3.049,0,3.5,3
58,T,*,-3.243,0,8.833,6
58,T,-,0.1757,0.3869,0.5,3
58,T,A,-0.5579,0.467,7.667,6
58,T,C,-0.1353,0.6669,2.667,5
58,T,D,-2.832,0,7.833,6
58,T,E,-1.649,0.3533,5.333,6
58,T,F,-2.104,0.2469,4.333,6
58,T,G,-1.97,0.4955,4.333,6
58,T,H,-3.082,0,3.833,6
58,T,I,-2.748,0.02795,17.67,6
58,T,K,-2.527,0.139,9.333,6
58,T,L,-2.518,0.4375,4.833,6
58,T,M,-0.2448,0.852,6,6
58,T,N,-2.284,0.05888,6.333,6
58,T,P,-2.958,0,5.667,6
58,T,Q,-1.286,0.5283,8,6
58,T,R,-2.425,0.2317,5,6
58,T,S,-1.301,0.62,3.833,6
58,T,T,0,0,,6
58,T,V,-1.406,0.2511,3.833,6
58,T,W,-3.074,0,6.333,6
58,T,Y,-1.669,0.3537,5.333,6
59,I,A,-0.266,0.4409,5.833,6
59,I,C,-2.603,0.1145,4.5,6
59,I,D,-3.024,0,3.833,6
59,I,E,-2.752,0.06373,6.833,6
59,I,F,0.2844,0.3591,5.667,6
59,I,G,-1.623,0.2324,9.333,6
59,I,H,-2.491,0,4.167,6
59,I,I,0,0,,6
59,I,K,-3.318,0,3.833,6
59,I,L,-1.632,1.081,4.833,6
59,I,M,-0.1088,0.5187,4.5,6
59,I,N,-3.188,0,5.667,6
59,I,P,-3.119,0,5.5,6
59,I,Q,-2.721,0.1483,6.333,6
59,I,R,-3.09,0,7.167,6
59,I,S,-2.925,0,3,6
59,I,T,-3.035,0.07565,5,6
59,I,V,-0.04893,0.2907,7.5,6
59,I,W,-3.042,0,6.333,6
59,I,Y,-0.08146,0.2981,4.5,6
60,E,*,-3.316,0,23.67,6
60,E,A,-0.02277,0.6535,4.167,6
60,E,C,-1.388,0.4924,6.5,6
60,E,D,0.4303,0.1964,14.67,6
60,E,E,0,0,,6
60,E,F,-3.084,0,3.667,6
60,E,G,0.5817,0.5242,6.833,6
60,E,H,0.055,0.0999,12,6
60,E,I,-1.516,0.3641,6.167,6
60,E,K,-1.155,0.3439,16.17,6
60,E,L,-3.256,0,4.5,6
60,E,M,-1.954,0.2687,7,6
60,E,N,-0.9141,0.7662,3.167,6
60,E,P,-0.1146,0.2705,6.833,6
60,E,Q,-0.1124,0.6319,3.5,6
60,E,R,-2.163,0.6817,5.667,6
60,E,S,-0.05713,0.8915,6.833,6
60,E,T,-1.31,0.3472,4.833,6
60,E,V,-0.8296,0.5856,6,6
60,E,W,-1.867,0.2107,5.167,6
60,E,Y,-0.7385,0.4847,6.833,6
61,L,A,-3.28,0,5.667,6
61,L,C,-3.035,0.275,4.667,6
61,L,D,-2.734,0,6.167,6
61,L,E,-3.112,0,5.333,6
61,L,F,-0.05685,0.6208,8.667,6
61,L,G,-2.199,0.521,5,6
61,L,H,-3.21,0,3,6
61,L,I,-0.0941,1.087,2.667,6
61,L,K,-2.591,0.4044,3.333,6
61,L,L,0,0,,6
61,L,M,-0.5654,0.2991,15.67,6
61,L,N,-2.569,0.2907,3.833,6
61,L,P,-2.761,0.004099,8.667,6
61,L,Q,-2.57,0.0723,14.17,6
61,L,R,-2.355,1.387,3.833,6
61,L,S,-3.083,0.5867,5.667,6
61,L,T,-2.774,0,7,6
61,L,V,0.4856,0.5889,5.833,6
61,L,W,-0.8422,0.4761,7.833,6
61,L,Y,0.6077,1.008,3.667,6
62,S,*,-3.376,0,11.5,6
62,S,A,-0.3843,0.4933,10.5,6
62,S,C,-2.056,0.1712,8.667,6
62,S,D,-3.269,0,6.833,6
62,S,E,-3.449,0,7.167,6
62,S,F,-3.356,0,13.33,6
62,S,G,-1.279,0.3595,18.83,6
62,S,H,-2.573,0.1494,11,6
62,S,I,-3.268,0,14.67,6
62,S,K,-1.253,1.051,8.333,6
62,S,L,-3.403,0,12.33,6
62,S,M,-2.45,0,11.67,6
62,S,N,-3.123,0,19.33,6
62,S,P,-2.455,0,15.17,6
62,S,Q,-3.176,0,9.667,6
62,S,R,-0.04398,0.2636,20,6
62,S,S,0,0,,6
62,S,T,0.03912,0.3854,8.167,6
62,S,V,-2.422,0.2121,12.33,6
62,S,W,-3.364,0,8.833,6
62,S,Y,-1.927,0.3562,8.833,6
63,N,*,-2.729,0.4065,2,6
63,N,A,0.161,0.1603,10.83,6
63,N,C,-0.778,0.5268,9.167,6
63,N,D,0.6695,0.2502,15.5,6
63,N,E,0.9629,0.6718,5.5,6
63,N,F,1.082,0.6703,8.667,6
63,N,G,-0.7823,0.3195,13,6
63,N,H,-0.7067,0.2669,11.83,6
63,N,I,1.056,0.5692,7.667,6
63,N,K,-0.9779,0.317,18.67,6
63,N,L,-0.145,0.276,13.17,6
63,N,M,0.2894,0.5387,9.167,6
63,N,N,0,0,,6
63,N,P,-2.147,0.2318,18,6
63,N,Q,-0.7858,0.3455,5.833,6
63,N,R,-1.59,0.4456,12.83,6
63,N,S,0.1951,0.6862,8.333,6
63,N,T,-0.7308,0.9825,12.67,6
63,N,V,-0.004445,0.3646,13.33,6
63,N,W,-1.403,0.322,8.667,6
63,N,Y,0.2949,0.8836,11,6
64,I,*,-3.281,0,10.17,6
64,I,A,-0.717,0.4946,5.167,6
64,I,C,-2.522,0.05031,8.833,6
64,I,D,-2.899,0,4.833,6
64,I,E,-2.223,0.5087,4.5,6
64,I,F,-0.188,0.147,11.33,6
64,I,G,-2.431,0.1426,13.33,6
64,I,H,-1.137,0.2788,9,6
64,I,I,0,0,,6
64,I,K,-2.425,0.1242,10.33,6
64,I,L,-0.004665,0.2717,16.5,6
64,I,M,-1.154,0.5558,9.167,6
64,I,N,-2.197,0.4192,13.33,6
64,I,P,-1.773,0.4501,7.833,6
64,I,Q,-1.135,0.366,6.333,6
64,I,R,-2.644,0,12.67,6
64,I,S,-2.001,0.1108,12.5,6
64,I,T,-0.6908,0.7064,12.17,6
64,I,V,-0.04608,0.3555,10,6
64,I,W,-0.8294,0.5808,9.667,6
64,I,Y,-0.6043,0.4148,11.17,6
65,K,*,-3.346,0,9.667,6
65,K,A,-0.1528,0.1997,12,6
65,K,C,-1.567,0.2922,5.333,6
65,K,D,0.3432,0.488,8.333,6
65,K,E,0.9278,0.3877,14.83,6
65,K,F,0.2807,0.3952,6,6
65,K,G,0.7023,0.5314,13.5,6
65,K,H,0.08722,0.2544,8.333,6
65,K,I,0.2298,0.1525,8.667,6
65,K,K,0,0,,6
65,K,L,-0.7734,0.3008,11.33,6
65,K,M,0.2382,0.3931,11.33,6
65,K,N,0.5094,0.1298,34.17,6
65,K,P,0.4206,0.3384,10.17,6
65,K,Q,0.4248,0.3066,11.17,6
65,K,R,-0.4207,0.6543,17.5,6
65,K,S,0.7263,0.5314,11.5,6
65,K,T,0.9651,0.2743,13.33,6
65,K,V,-0.4069,1.134,7.167,6
65,K,W,-0.1278,0.2422,9.667,6
65,K,Y,-0.7459,0.6668,8,6
66,E,*,-3.346,0,22,6
66,E,A,-1.837,0.6676,7.833,6
66,E,C,-3.433,0,4.667,6
66,E,D,-0.0005,0.3343,8.5,6
66,E,E,0,0,,6
66,E,F,-1.51,0.3292,7.167,6
66,E,G,-0.532,0.3966,12,6
66,E,H,-0.8697,0.3656,7.5,6
66,E,I,-2.173,0.1465,8.5,6
66,E,K,-2.829,0,18.83,6
66,E,L,-2.467,0.09578,7.333,6
66,E,M,-1.548,0.3591,4.667,6
66,E,N,-0.9002,0.3722,6.167,6
66,E,P,-2.096,0.07483,9.833,6
66,E,Q,-1.258,0.5494,6.333,6
66,E,R,-2.811,0,15.17,6
66,E,S,-0.5792,0.499,11.17,6
66,E,T,-1.286,0.5241,7.333,6
66,E,V,-1.053,0.2651,9.667,6
66,E,W,-1.468,0.3703,6.833,6
66,E,Y,-0.7555,0.6378,7.333,6
67,N,*,-2.993,0.609,1.333,5
67,N,A,0.3874,0.6995,6.667,6
67,N,C,-0.7647,0.6114,4.833,6
67,N,D,0.07865,0.6682,7,6
67,N,E,1.09,0.473,6.5,6
67,N,F,-2.393,0.1543,6.167,6
67,N,G,-0.6769,0.2592,7,6
67,N,H,0.09765,0.7416,14,6
67,N,I,-1.195,0.4675,7,6
67,N,K,-0.2965,0.2781,12,6
67,N,L,-2.565,0.2847,8,6
67,N,M,-0.1787,0.7446,9.167,6
67,N,N,0,0,,6
67,N,P,-0.04645,0.3727,16,6
67,N,Q,0.3269,0.3659,8.667,6
67,N,R,-0.4222,0.3165,8.167,6
67,N,S,0.3335,0.6437,11.33,6
67,N,T,0.9107,0.5416,14.17,6
67,N,V,-0.006745,0.732,8.167,6
67,N,W,-2.103,0.1804,7,6
67,N,Y,-0.3456,0.3349,10.83,6
68,K,*,-3.367,0,15.83,6
68,K,A,0.5828,0.2404,10.33,6
68,K,C,-3.088,0.02907,5.333,6
68,K,D,-0.3137,0.8994,7.333,6
68,K,E,-0.09711,0.1741,15.17,6
68,K,F,0.1008,0.583,7.333,6
68,K,G,0.2667,0.3575,10,6
68,K,H,-0.1908,0.09175,14.17,6
68,K,I,-0.2448,0.2633,7,6
68,K,K,0,0,,6
68,K,L,-0.1806,0.2976,14.83,6
68,K,M,-0.3851,0.4194,13.83,6
68,K,N,0.2828,0.3418,21.83,6
68,K,P,-0.5191,0.4181,13.33,6
68,K,Q,0.9148,0.4792,9,6
68,K,R,-0.1113,0.4422,18.17,6
68,K,S,0.2649,0.3979,13.5,6
68,K,T,0.1256,0.4214,11.67,6
68,K,V,-0.1275,0.3836,13.17,6
68,K,W,-0.6303,0.1838,9.167,6
68,K,Y,-0.404,0.6151,6.333,6
69,C,*,-3.26,0,10.83,6
69,C,A,-3.022,0,9.167,6
69,C,C,0,0,,6
69,C,D,-2.873,0,10.83,6
69,C,E,-3.312,0,7.333,6
69,C,F,-3.364,0,17.33,6
69,C,G,-3.3,0,15.17,6
69,C,H,-2.998,0,9.667,6
69,C,I,-2.985,0,5.333,6
69,C,K,-2.927,0,10.5,6
69,C,L,-3.196,0,13.33,6
69,C,M,-3.348,0,8.667,6
69,C,N,-3.152,0.1409,9.5,6
69,C,P,-3.218,0,7.5,6
69,C,Q,-3.245,0,6,6
69,C,R,-3.242,0,14.83,6
69,C,S,-2.918,0,17,6
69,C,T,-2.915,0,10.67,6
69,C,V,-3.44,0,11.67,6
69,C,W,-3.227,0,11.17,6
69,C,Y,-3.31,0,16.5,6
70,N,*,-3.168,0,7.667,6
70,N,A,-2.033,0.1496,5.167,6
70,N,C,-3.136,0,6,6
70,N,D,-1.367,0.3015,8,6
70,N,E,-2.691,0.2414,3.833,6
70,N,F,-2.359,0.5152,4.833,6
70,N,G,-2.027,0.7997,3.833,6
70,N,H,-1.66,0.5532,4.167,6
70,N,I,-2.8,0.306,1.5,6
70,N,K,-1.667,0.2406,13,6
70,N,L,-2.06,0.4839,4.5,6
70,N,M,-2.792,0.2977,2.833,6
70,N,N,0,0,,6
70,N,P,-0.9627,0.8684,1.5,6
70,N,Q,-2.006,0.11,4.667,6
70,N,R,-2.214,0.3272,7.333,6
70,N,S,-2.29,0.3642,7.5,6
70,N,T,-1.823,1.005,2.5,6
70,N,V,-1.941,0.3081,4.167,6
70,N,W,-3.129,0.259,4.167,6
70,N,Y,-2.955,0.0395,5.167,6
71,G,A,-0.9176,0.8804,5.833,6
71,G,C,-3.36,0,17.67,6
71,G,D,0.4009,0.5081,21.5,6
71,G,E,0.198,0.1677,2.5,3
71,G,F,-2.181,0.4958,4.333,6
71,G,G,0,0,,6
71,G,H,-0.5728,0.6454,5.167,6
71,G,I,-0.9163,0.388,4.833,6
71,G,K,0.7125,0.5938,6,6
71,G,L,-1.279,0.2895,7.667,6
71,G,M,-1.706,0.9787,6.667,6
71,G,N,-1.006,0.5922,6.333,6
71,G,P,-2.433,0.5419,5.667,6
71,G,Q,-1.067,0.674,7,6
71,G,R,0.6604,0.5928,2.667,6
71,G,S,0.4728,0.385,17.67,6
71,G,T,-0.2262,0.3451,8.167,6
71,G,V,-0.4247,0.2749,18.33,6
71,G,W,-2.958,0.0369,4.667,6
71,G,Y,-1.616,0.6673,5.5,6
72,T,*,-3.313,0.1353,5.333,6
72,T,A,-2.501,0.3879,6.5,6
72,T,C,-0.9527,1.488,3.167,6
72,T,D,-1.606,0.3903,2.333,6
72,T,E,-2.986,0,2.5,6
72,T,F,-2.298,0.2187,7.5,6
72,T,G,-2.607,0.005429,3.667,6
72,T,H,-2.444,0.3694,4.5,6
72,T,I,-2.87,0.1752,12.67,6
72,T,K,-2.095,0.1001,7,6
72,T,L,-2.694,0.2087,7.5,6
72,T,M,-2.401,0.2345,4.833,6
72,T,N,-2.555,0.1493,7.5,6
72,T,P,-2.478,0.7879,4.5,6
72,T,Q,-2.69,0.0277,3.833,6
72,T,R,-2.139,0.341,5.833,6
72,T,S,-0.4291,0.8446,3.5,6
72,T,T,0,0,,6
72,T,V,-2.976,0,4.5,6
72,T,W,-2.973,0.2533,4.333,6
72,T,Y,-3.013,0,5.5,6
73,D,A,-0.5555,0.6044,4.333,6
73,D,C,-3.296,0,5.167,6
73,D,D,0,0,,6
73,D,E,-0.368,0.3601,3.667,6
73,D,F,-2.558,0,5.667,6
73,D,G,0.4708,0.7559,2.5,6
73,D,H,-0.9019,0.9123,4.5,6
73,D,I,-2.081,0.3393,4.5,6
73,D,K,-1.097,1.26,7.167,6
73,D,L,-2.178,0.3013,4.833,6
73,D,M,-1.593,0.4665,5.667,6
73,D,N,-0.07057,0.5478,22.17,6
73,D,P,-1.986,0.243,6.833,6
73,D,Q,0.02694,0.6646,3,3
73,D,R,-2.071,0.4146,4.833,6
73,D,S,0.3567,0.763,4.833,6
73,D,T,-0.1008,0.59,3.5,6
73,D,V,-2.072,0.2785,3.667,6
73,D,W,-2.983,0,5.167,6
73,D,Y,-2.45,0.1757,15.67,6
74,A,*,-3.24,0,6.333,6
74,A,A,0,0,,6
74,A,C,-3.167,0,4.167,6
74,A,D,-3.058,0.1248,6,6
74,A,E,-2.772,0.1114,12.67,6
74,A,F,-3.238,0,5.833,6
74,A,G,-1.599,0.5728,2.167,6
74,A,H,-0.9659,0.576,7.167,6
74,A,I,0.1049,0.5787,1.833,6
74,A,K,0.9152,0.5466,3.5,6
74,A,L,0.1028,0.2136,5.667,6
74,A,M,-1.148,0.446,3.167,3
74,A,N,-1.779,1.197,2,5
74,A,P,-0.3621,0.2815,3.833,6
74,A,Q,0.05541,0.4949,5.333,6
74,A,R,0.7587,0.6902,3.333,6
74,A,S,-0.4464,0.3052,20.83,6
74,A,T,0.5253,0.3307,17.33,6
74,A,V,0.2798,0.1367,19,6
74,A,W,-1.954,0.273,5.5,6
74,A,Y,-3.248,0,4.167,6
75,K,-,-2.384,0,0.3333,2
75,K,A,-2.538,0.6297,5,6
75,K,C,-2.892,0,3.833,6
75,K,D,-3.468,0,3,6
75,K,E,-3.428,0,9.5,6
75,K,F,-2.447,0.3053,6.5,6
75,K,G,-3.399,0,9,6
75,K,H,-3.353,0,4.5,6
75,K,I,-0.3851,0.6895,4,6
75,K,K,0,0,,6
75,K,L,-0.8891,0.4644,4.833,6
75,K,M,-1.994,0.1202,6.333,6
75,K,N,-3.558,0,31.33,6
75,K,P,-3.302,0,2.333,3
75,K,Q,-3.161,0,6.5,6
75,K,R,0.393,0.9362,7.5,6
75,K,S,-3.232,0,5.5,6
75,K,T,-2.215,0.1426,3.5,6
75,K,V,-0.342,0.9911,5.333,6
75,K,W,-3.135,0,7.833,6
75,K,Y,-3.195,0,3.333,6
76,V,*,-3.447,0,4.333,6
76,V,-,-2.351,0,0.3333,2
76,V,A,-1.526,0.7884,4.667,6
76,V,C,-3.309,0,4,6
76,V,D,-0.008117,0.2042,5.667,6
76,V,E,1.023,0.289,8.333,6
76,V,F,-0.747,0.4206,6.5,6
76,V,G,-0.2112,0.2996,5.333,6
76,V,H,-1.673,0.4957,5,6
76,V,I,-0.1196,0.3147,5.333,6
76,V,K,-2.014,0.4333,6.167,6
76,V,L,-0.112,0.3879,13.67,6
76,V,M,-0.5784,0.4058,15.5,6
76,V,N,-1.994,0.1522,6.333,6
76,V,P,-3.183,0,4,6
76,V,Q,-0.3865,0.4522,6.167,6
76,V,R,-1.552,0.8238,4.333,6
76,V,S,-0.3617,0.5453,5.667,6
76,V,T,-0.5088,0.3827,4.167,6
76,V,V,0,0,,6
76,V,W,-0.07675,0.5628,9,6
76,V,Y,-2.24,0.2314,2.333,6
77,K,A,-0.5141,0.5788,4.5,6
77,K,C,-3.187,0,3.167,6
77,K,D,-2.825,0,3.667,6
77,K,E,-0.5099,0.6596,7.5,6
77,K,F,-2.729,1.107,5.167,6
77,K,G,-0.7865,0.352,6.167,6
77,K,H,-1.328,0.5207,2.833,5
77,K,I,-2.817,0,8.667,6
77,K,K,0,0,,6
77,K,L,-2.497,0.8892,4.5,6
77,K,M,-0.6823,0.3294,6.667,6
77,K,N,-1.536,0.5598,15.5,6
77,K,P,-3.127,0.4815,1.333,6
77,K,Q,-1.355,1.202,4.167,6
77,K,R,-0.06912,1.054,5.333,6
77,K,S,-2.898,0.02162,7,6
77,K,T,-1.304,0.4215,5.167,6
77,K,V,-1.565,0.6101,5.667,6
77,K,W,0.0343,0.5625,6.5,6
77,K,Y,-2.151,0.1491,5.333,6
78,L,*,-3.111,0,4.833,6
78,L,A,-3.417,0,2.833,6
78,L,C,-3.293,0,5,6
78,L,D,-2.683,0.5136,3.667,6
78,L,E,-3.436,0,5.333,6
78,L,F,-3.356,0,6.833,6
78,L,G,-3.252,0,5.5,6
78,L,H,-3.352,0,3,6
78,L,I,-2.508,0.6278,3.833,6
78,L,K,-3.49,0,4.667,6
78,L,L,0,0,,6
78,L,M,-2.266,0.07561,19.83,6
78,L,N,-3.388,0,4.833,6
78,L,P,-3.298,0,8.333,6
78,L,Q,-2.761,0.5539,6.667,6
78,L,R,-3.504,0,5.5,6
78,L,S,-3.263,0,1.833,6
78,L,T,-3.459,0,4.833,6
78,L,V,-2.675,0.01789,4.667,6
78,L,W,-3.126,0,2.667,6
78,L,Y,-3.393,0,6.167,6
79,I,A,-2.727,0,6,6
79,I,C,-3.353,0,8.333,6
79,I,D,-3.085,0.07849,4.833,6
79,I,E,-3.202,0,7.333,6
79,I,F,-0.4606,0.1974,7.667,6
79,I,G,-3.138,0,5,6
79,I,H,-3.341,0,5,6
79,I,I,0,0,,6
79,I,K,-3.107,0,8.333,6
79,I,L,0.3779,0.7189,6.167,6
79,I,M,0.3041,0.3231,7.833,6
79,I,N,-3.107,0.1252,6.667,6
79,I,P,-2.942,0,3.167,6
79,I,Q,-3.131,0,4.167,6
79,I,R,-2.987,0,4,6
79,I,S,-2.829,0.1194,3.5,6
79,I,T,-2.141,1.591,4.5,6
79,I,V,-0.5202,0.6781,6.667,6
79,I,W,-0.6853,0.563,5.833,6
79,I,Y,0.3942,0.6212,5,6
80,N,*,-3.254,0,6.667,6
80,N,A,0.00632,0.3761,5.333,6
80,N,C,-3.341,0,3.5,6
80,N,D,-3.002,0,4.667,6
80,N,E,-1.553,0.4382,4.833,6
80,N,F,-0.1968,0.2914,4.5,6
80,N,G,-0.5049,0.1966,6.833,6
80,N,H,-0.735,0.5091,4.5,6
80,N,I,0.2021,0.6503,5.667,6
80,N,K,-1.005,0.3412,7.5,6
80,N,L,-0.9735,0.6897,4,6
80,N,M,-0.4621,0.6503,4.833,6
80,N,N,0,0,,6
80,N,P,-3.197,0,4,6
80,N,Q,-0.89,0.9294,2.833,6
80,N,R,-0.6528,0.3379,5,6
80,N,S,0.4739,0.6292,10.33,6
80,N,T,-1.484,0.4561,8,6
80,N,V,-0.4249,0.5371,3.5,6
80,N,W,-0.9623,0.2106,6.5,6
80,N,Y,-0.6895,0.2809,7.5,6
81,Q,*,-3.332,0,15,6
81,Q,A,0.1532,0.6349,6,6
81,Q,C,0.3888,0.3675,7.167,6
81,Q,D,-0.8035,0.8876,2.333,3
81,Q,E,0.3943,0.1459,4.333,6
81,Q,F,1.104,0.8609,4.667,6
81,Q,G,-0.4779,0.8031,4.5,6
81,Q,H,1.374,0.2591,14.33,6
81,Q,I,-0.5046,0.6969,2.333,6
81,Q,K,-0.3921,0.5456,8.333,6
81,Q,L,0.9073,0.4101,9.167,6
81,Q,M,0.8459,0.3855,7.667,6
81,Q,N,0.4677,0.3942,4.333,6
81,Q,P,-3.109,0,4.5,6
81,Q,Q,0,0,,6
81,Q,R,-0.5334,0.4571,8.5,6
81,Q,S,-0.296,0.6547,4.5,6
81,Q,T,0.4865,0.4335,4,6
81,Q,V,0.9872,0.3636,6.333,6
81,Q,W,-0.7837,0.488,4.833,6
81,Q,Y,0.767,0.2496,6.833,6
82,E,*,-3.46,0,18.67,6
82,E,A,-3.122,0.06447,2.333,6
82,E,C,-3.376,0,4,6
82,E,D,-3.246,0,16.83,6
82,E,E,0,0,,6
82,E,F,-3.141,0,3,6
82,E,G,-3.115,0.4126,2.833,6
82,E,H,-3.382,0,2.667,6
82,E,I,-3.409,0,2.333,6
82,E,K,-2.883,0.0764,19.5,6
82,E,L,-2.729,0.7123,5,6
82,E,M,-3.311,0.1718,3,6
82,E,N,-3.102,1.142,2,6
82,E,P,-2.985,0,2.5,6
82,E,Q,-2.115,0.5917,3.333,6
82,E,R,-3.216,0,4.167,6
82,E,S,-3.189,0,3,6
82,E,T,-3.031,0,2,6
82,E,V,-2.199,1.158,1.5,6
82,E,W,-3.267,0,4,6
82,E,Y,-3.273,0,3.5,6
83,L,A,-3.147,0.06447,7.5,6
83,L,C,-3.25,0,8.167,6
83,L,D,-2.913,1.115,3.167,6
83,L,E,-3.372,0,4.5,6
83,L,F,1.012,0.341,6.333,6
83,L,G,-3.057,0,7.333,6
83,L,H,-3.005,0,4.5,6
83,L,I,-0.2026,0.6395,4.333,6
83,L,K,-3.201,0.1558,3.667,6
83,L,L,0,0,,6
83,L,M,0.05592,0.6556,13.17,6
83,L,N,-3.208,0,5.667,6
83,L,P,-3.244,0,11,6
83,L,Q,-2.921,0.3309,2.333,6
83,L,R,-2.958,0.07714,6.5,6
83,L,S,-3.376,0.05255,3.833,6
83,L,T,-2.796,0.5743,6,6
83,L,V,-1.745,0.2548,6,6
83,L,W,-0.4012,0.5015,6.167,6
83,L,Y,-3.33,0,6.333,6
84,D,*,-3.431,0,5.167,6
84,D,A,-1.268,0.425,6,6
84,D,C,-0.7951,0.3458,5.5,6
84,D,D,0,0,,6
84,D,E,-0.2181,0.2987,8,6
84,D,F,-1.644,0.429,5.333,6
84,D,G,-1.014,0.5942,7.5,6
84,D,H,-1.177,0.3154,7,6
84,D,I,-0.6837,0.2814,2.5,6
84,D,K,-2.604,0.1323,3.333,6
84,D,L,-0.998,0.3263,2.333,5
84,D,M,-1.058,0.6142,6,6
84,D,N,-0.6211,0.3636,23.5,6
84,D,P,-3.068,0,4,6
84,D,Q,-1.276,0.5906,2,6
84,D,R,-3.102,0.03764,5.833,6
84,D,S,-0.8707,0.6694,5.5,6
84,D,T,-0.2087,0.293,7.5,6
84,D,V,-0.413,0.6924,6.333,6
84,D,W,-2.343,0.02534,5.5,6
84,D,Y,-1.164,0.3818,17.83,6
85,K,*,-0.7334,0.6086,0.3333,2
85,K,A,-0.2612,0.9833,5.667,6
85,K,C,-2.003,0.1842,7.667,6
85,K,D,1.598,0.1987,4.333,6
85,K,E,1.065,0.6088,7.667,6
85,K,F,0.2369,0.3632,5.167,6
85,K,G,-2.592,0.1748,2.5,6
85,K,H,0.7188,0.3783,5.167,6
85,K,I,-2.911,0,6.333,6
85,K,K,0,0,,6
85,K,L,-2.512,0.2039,4.333,6
85,K,M,-2.466,0,5,5
85,K,N,0.6814,0.3736,8.667,6
85,K,P,-3.328,0,5.667,6
85,K,Q,0.2849,0.2825,6.833,6
85,K,R,-1.324,0.6166,8.167,6
85,K,S,-0.182,0.4585,3.5,6
85,K,T,-2.393,0.1655,4.5,6
85,K,V,-2.722,0,3.667,6
85,K,W,-1.673,0.4642,8.5,6
85,K,Y,1.5,0.238,5,6
86,Y,*,-2.912,0,3.333,6
86,Y,A,-3.105,0,3.167,6
86,Y,C,-3.426,0,5.667,6
86,Y,D,-2.634,0,4,6
86,Y,E,-3.28,0,5.5,6
86,Y,F,-3.179,0,5.667,6
86,Y,G,-3.432,0,5.5,6
86,Y,H,-2.633,0.09503,6.833,6
86,Y,I,-1.919,0.1424,5.667,6
86,Y,K,-3.227,0,7.167,6
86,Y,L,-2.802,0.1379,5.333,6
86,Y,M,-3.12,0,3,6
86,Y,N,-3.221,0,6.833,6
86,Y,P,-3,0,7.667,6
86,Y,Q,-3.255,0,6,6
86,Y,R,-2.923,0,8.667,6
86,Y,S,-3.45,0,5.833,6
86,Y,T,-3.214,0,6.667,6
86,Y,V,-2.848,0.7325,5.5,6
86,Y,W,-3.051,0,4.667,6
86,Y,Y,0,0,,6
87,K,A,-0.01612,0.6726,3.667,6
87,K,C,0.8133,0.505,4,6
87,K,D,0.9618,0.5245,4.667,6
87,K,E,0.4201,0.7175,7.667,6
87,K,F,-0.8262,0.8274,3.5,6
87,K,G,-0.372,1.128,2.833,6
87,K,H,-0.8731,0.5864,8,6
87,K,I,-0.3906,0.7534,5.833,6
87,K,K,0,0,,6
87,K,L,-0.04059,0.3577,4.167,6
87,K,M,1.258,0.5866,4,6
87,K,N,0.9248,0.2263,21.5,6
87,K,P,-3.396,0,5.833,6
87,K,Q,0.7272,1.192,3.333,6
87,K,R,-1.046,0.8473,8.667,6
87,K,S,0.3484,0.2081,4.667,6
87,K,T,0.5332,0.4442,4.667,6
87,K,V,0.5363,0.5971,9,6
87,K,W,-1.482,0.4163,6.5,6
87,K,Y,0.4381,0.3137,6.833,6
88,N,A,0.4387,0.5351,4.667,6
88,N,C,-1.609,0.3574,2.667,6
88,N,D,0.5887,0.5126,3.167,6
88,N,E,0.4216,0.6139,4,6
88,N,F,-2.634,1.382,1.5,6
88,N,G,0.3766,0.5874,4.5,6
88,N,H,-2.163,0.2844,3.5,6
88,N,I,-1.235,0.883,1.5,6
88,N,K,-2.917,0,5.833,6
88,N,L,-1.175,0.4684,4.833,6
88,N,M,-2.513,0.009317,2.833,6
88,N,N,0,0,,6
88,N,P,-2.623,0.5693,2.667,6
88,N,Q,-0.5341,0.9326,3.167,6
88,N,R,-1.381,0.7305,3.333,6
88,N,S,0.1699,1.005,3.333,6
88,N,T,1.153,0.6093,2,6
88,N,V,-1.181,0.7367,3,6
88,N,W,-3.025,0,3.167,6
88,N,Y,-2.329,0.4275,1.5,6
89,A,A,0,0,,6
89,A,C,-0.439,0.6305,9,6
89,A,D,-3.312,0,10.17,6
89,A,E,-3.291,0,5.833,6
89,A,F,-3.401,0,4.833,6
89,A,G,-3.078,0,5.5,6
89,A,H,-3.113,0,3.333,6
89,A,I,-3.22,0,3.333,6
89,A,K,-3,0.02311,4.167,6
89,A,L,-3.431,0,5.333,6
89,A,M,-3.141,0,5.5,6
89,A,N,-3.438,0,5.667,6
89,A,P,-2.976,0,7.333,6
89,A,Q,-3.125,0,5.833,6
89,A,R,-3.37,0,10.67,6
89,A,S,-3.05,0.02385,24.17,6
89,A,T,-3.482,0,15.83,6
89,A,V,-3.412,0,12.67,6
89,A,W,-3.381,0,6,6
89,A,Y,-3.046,0.04062,3.333,6
90,V,A,-1.183,0.3698,6.833,6
90,V,C,-0.5032,0.9976,2.5,6
90,V,D,-3.119,0,2.833,6
90,V,E,-1.416,0.4576,6.333,6
90,V,F,0.9123,0.4038,5,6
90,V,G,-3.235,0,5.833,6
90,V,H,-1.069,1.142,2.667,6
90,V,I,0.5712,0.5421,3,6
90,V,K,-2.323,0.2698,4.5,6
90,V,L,-0.2363,0.6471,10.33,6
90,V,M,0.5487,0.1581,17.67,6
90,V,N,-0.6765,0.2076,8.5,6
90,V,P,-3.041,0,4.833,6
90,V,Q,-0.5106,0.366,3.167,6
90,V,R,-2.141,0.05317,6.833,6
90,V,S,-3.114,1.287,3.5,6
90,V,T,-3.146,0.9596,2.5,5
90,V,V,0,0,,6
90,V,W,0.7088,0.4754,5.5,6
90,V,Y,0.9538,1.333,3,6
91,T,A,-0.8108,0.6799,6.667,6
91,T,C,-0.08842,0.4451,5.333,6
91,T,D,0.5945,0.3705,9.5,6
91,T,E,0.9386,0.2301,2,6
91,T,F,-0.7512,0.4233,5,3
91,T,G,-0.2054,0.388,4.667,6
91,T,H,-0.2933,0.4371,6.333,6
91,T,I,-0.1401,0.5475,15,6
91,T,K,-0.12,1.175,2.167,6
91,T,L,-0.2019,0.1951,5,6
91,T,M,-0.3725,0.8869,5.833,6
91,T,N,-0.09561,0.2539,14.33,6
91,T,P,-3.006,0.02385,6.833,6
91,T,Q,-0.9754,1.563,2.333,6
91,T,R,0.07483,0.3391,9,6
91,T,S,-0.0997,0.7779,4.667,6
91,T,T,0,0,,6
91,T,V,-0.1432,0.5488,5.5,6
91,T,W,-0.3176,0.9023,5.333,6
91,T,Y,-0.08159,0.3901,7.333,6
92,E,*,-3.055,0,17.33,6
92,E,A,-3.447,0,6,6
92,E,C,-3.506,0,6,6
92,E,D,-3.497,0,14.33,6
92,E,E,0,0,,6
92,E,F,-3.472,0,7.5,6
92,E,G,-3.428,0,2.167,6
92,E,H,-3.383,0,3.167,6
92,E,I,-3.485,0,6,6
92,E,K,-3.437,0,14.17,6
92,E,L,-3.444,0,4.5,6
92,E,M,-3.481,0,4.5,6
92,E,N,-3.372,0,4,6
92,E,P,-3.202,0,4.667,6
92,E,Q,-3.026,0,6,6
92,E,R,-3.482,0,6.5,6
92,E,S,-2.761,0.5563,2.5,6
92,E,T,-3.49,0,5.5,6
92,E,V,-3.439,0,5.833,6
92,E,W,-3.4,0,5.833,6
92,E,Y,-3.254,0,6,6
93,L,A,-0.8701,0.5669,3.5,6
93,L,C,-1.755,0.5612,4.167,6
93,L,D,-3.091,0,3.833,6
93,L,E,-3.417,0,5.333,6
93,L,F,-3.348,0,8.333,6
93,L,G,-2.973,0,6.5,6
93,L,H,-2.869,0,5.333,6
93,L,I,-2.529,0.3511,2.833,6
93,L,K,-3.087,0,6.167,6
93,L,L,0,0,,6
93,L,M,-0.7414,0.49,13.67,6
93,L,N,-3.079,0,4.667,6
93,L,P,-3.027,1.162,5.667,6
93,L,Q,-3.035,1.107,2.667,6
93,L,R,-3.055,0,4.333,6
93,L,S,-2.429,0.274,3,6
93,L,T,-3.586,0,0.5,3
93,L,V,-3.043,0,5.167,6
93,L,W,-3.179,0,5.167,6
93,L,Y,-3.254,0,7.167,6
94,Q,*,-3.489,0,15,6
94,Q,A,-0.0401,0.7149,3,6
94,Q,C,-0.4301,0.7048,2,6
94,Q,D,0.9296,0.1643,4,6
94,Q,E,0.9339,0.8411,3.333,6
94,Q,F,-1.068,0.1611,3.667,6
94,Q,G,-1.209,0.6005,2.833,3
94,Q,H,-1.854,0.1892,34.17,6
94,Q,I,-2.66,0.7474,1,3
94,Q,K,-0.4554,0.5685,8,6
94,Q,L,-1.468,1.039,3.333,6
94,Q,M,0.391,1.205,4.333,6
94,Q,N,-1.138,0.9246,2.5,6
94,Q,P,-2.731,0,1.5,3
94,Q,Q,0,0,,6
94,Q,R,-1.15,0.759,12.67,6
94,Q,S,1.062,0.467,2,6
94,Q,T,-0.643,1.376,4.833,6
94,Q,W,-1.002,0.4828,3.5,6
94,Q,Y,-1.158,0.5192,2,6
95,L,A,-0.7576,0.6386,3,6
95,L,C,-1.409,0.4202,3.5,6
95,L,D,-0.7693,0.6943,0.8333,5
95,L,E,0.3081,0.891,0.3333,2
95,L,F,-1.978,0.207,20.17,6
95,L,G,-2.473,0.1338,2.5,6
95,L,H,-0.8752,0.9667,1.833,6
95,L,I,-0.1241,0.2664,9,6
95,L,K,-1.732,0.7733,1,6
95,L,L,0,0,,6
95,L,M,-0.7681,0.4338,0.3333,2
95,L,N,-1.74,0.0225,0.3333,2
95,L,P,-3.311,0.894,3.5,6
95,L,Q,0.9235,0.8727,1.5,6
95,L,R,-0.7091,0.6993,2.667,6
95,L,S,-0.7897,0.8727,3.5,6
95,L,T,-0.5732,0.6599,1,4
95,L,V,-1.007,0.6009,2.333,6
95,L,W,0.198,0.5857,1.5,6
95,L,Y,-1.002,0.03831,0.6667,3
96,L,A,-1.413,1.367,1.5,6
96,L,C,-2.342,1.417,0.5,3
96,L,D,-2.888,0,3,3
96,L,E,-1.265,1.003,3,6
96,L,F,-0.3902,0.8951,2,6
96,L,G,-2.655,0.2862,1,6
96,L,H,-3.416,0,2.667,6
96,L,I,-1.284,0.3304,3.333,4
96,L,K,-3.16,0,5.833,6
96,L,L,0,0,,6
96,L,M,-1.17,0.6847,7.167,6
96,L,N,-1.851,0.272,2.5,6
96,L,P,-3.33,0,13.5,6
96,L,Q,-1.731,0.3555,2.833,6
96,L,R,-3.147,0.5048,3,6
96,L,S,-1.952,0.3508,4,6
96,L,T,-2.37,0.1066,2.5,6
96,L,V,-1.892,1.508,1.5,6
96,L,W,-2.114,0.419,2.167,6
96,L,Y,-3.247,0,3.5,6
97,M,A,-0.701,0.5273,3.833,6
97,M,C,-0.6291,0.5508,6.167,6
97,M,D,-2.085,0.2115,6.167,6
97,M,E,-2.938,0.3291,3.333,6
97,M,F,-0.2695,0.6262,5.333,6
97,M,G,-1.315,0.2925,5.833,6
97,M,H,-2.685,0.7471,3.167,6
97,M,I,-2.4,0,34.83,6
97,M,K,-3.493,0,4.833,6
97,M,L,-2.802,1.278,1.833,6
97,M,M,0,0,,6
97,M,N,-0.4078,1.372,2.333,6
97,M,P,-3.206,0,6.833,6
97,M,Q,-0.3586,1.16,1.667,6
97,M,R,-3.237,0,6.833,6
97,M,S,-0.6188,0.8182,6,6
97,M,T,-1.747,0.6364,8.333,6
97,M,V,0.2954,0.7318,3.167,6
97,M,W,-1.255,0.5105,3.5,6
97,M,Y,-1.312,0.3285,5.667,6
98,Q,*,-3.171,0,14.5,6
98,Q,A,-0.3619,0.4816,4.167,6
98,Q,C,-0.5184,0.3175,6.667,6
98,Q,D,0.5022,0.2071,4,6
98,Q,E,0.2844,0.6785,5.333,6
98,Q,F,0.6939,0.2885,11.5,6
98,Q,G,0.309,0.4383,3.833,6
98,Q,H,-0.1686,0.169,22.33,6
98,Q,I,0.08708,0.6972,7.167,6
98,Q,K,-0.4867,0.3922,18.5,6
98,Q,L,-1.233,0.9137,7.667,6
98,Q,M,0.5697,0.2054,7.167,6
98,Q,N,1.52,0.3598,6.5,6
98,Q,P,-1.77,0.7083,5.667,6
98,Q,Q,0,0,,6
98,Q,R,-1.102,0.5147,10.67,6
98,Q,S,-0.1388,0.3518,5.333,6
98,Q,T,0.1727,0.4799,5,6
98,Q,V,-0.1626,0.4621,7.167,6
98,Q,W,0.2867,0.5854,9.667,6
98,Q,Y,-0.4466,0.6141,4.833,6
99,S,A,-0.3746,0.9563,4.833,6
99,S,C,-2.802,0.02646,3.667,6
99,S,D,-2.761,0.07006,7.333,6
99,S,E,-2.264,0.1923,4.833,6
99,S,F,-2.691,0.03242,9.5,6
99,S,G,-1.92,0.3528,9.5,6
99,S,H,-2.849,0.6278,5.333,6
99,S,I,-2.694,0.133,15.5,6
99,S,K,-3.304,0,4.333,6
99,S,L,-2.572,0.1488,5,6
99,S,M,-0.3479,0.2629,7.167,6
99,S,N,-3.351,0,22.67,6
99,S,P,-3.113,0,2.833,6
99,S,Q,-2.57,0,3.5,6
99,S,R,-3.307,0,8.333,6
99,S,S,0,0,,6
99,S,T,-1.811,0.4562,2.667,6
99,S,V,-2.996,0,7.833,6
99,S,W,-2.011,0.5614,6.667,6
99,S,Y,-2.686,0.04509,5.667,6
100,T,A,0.04966,0.3138,13.17,6
100,T,C,-1.103,1.06,2.167,6
100,T,D,-0.7558,0.4141,3.833,6
100,T,E,-0.6243,0.4713,0.5,3
100,T,F,0.00845,0.2359,8.167,6
100,T,G,-2.381,0.01933,0.8333,3
100,T,H,-0.4014,0.9472,9.167,6
100,T,I,-0.608,0.4456,13.17,6
100,T,K,0.08677,0.5668,5.333,6
100,T,L,-0.9846,0.4402,5.5,6
100,T,M,-2.484,0.3663,5.167,6
100,T,N,0.5817,0.2118,18.83,6
100,T,P,-2.998,0,18.5,6
100,T,Q,-0.6773,0.6581,5,6
100,T,R,-0.881,0.7298,7.667,6
100,T,S,0.5721,0.4934,6.833,6
100,T,T,0,0,,6
100,T,V,-2.637,0,0.5,3
100,T,W,-0.2688,0.4392,1.5,6
100,T,Y,-0.08915,0.353,8.333,6
101,T,A,-1.411,0.4816,8.333,6
101,T,C,-0.6339,0.3311,6.167,6
101,T,D,-1.413,0.3037,6.167,6
101,T,E,-0.2591,0.3547,8.333,6
101,T,F,0.0539,0.5575,9,6
101,T,G,0.3136,0.3898,7.333,6
101,T,H,0.1257,0.5783,4.333,6
101,T,I,-0.4492,0.3594,17.67,6
101,T,K,-0.6639,0.2055,7.5,6
101,T,L,-0.1521,0.1759,7.833,6
101,T,M,-0.5008,0.4647,7.5,6
101,T,N,-0.1181,0.3031,11.17,6
101,T,P,-2.73,0,4.833,6
101,T,Q,-0.1168,0.3923,5.333,6
101,T,R,-1.026,0.6005,3.667,6
101,T,S,-1.182,1.098,2.5,6
101,T,T,0,0,,6
101,T,V,-0.1725,0.4915,7,6
101,T,W,-0.8478,0.4087,9.333,6
101,T,Y,0.00435,1.303,3.833,6
102,A,-,-0.4615,0.2312,0.5,3
102,A,A,0,0,,6
102,A,C,-0.03943,0.8457,1.5,6
102,A,D,0.07028,0.3637,15.83,6
102,A,E,0.3837,0.26,6.333,6
102,A,F,-0.6597,0.4109,5.833,6
102,A,G,-0.674,0.7651,4.333,6
102,A,H,-0.121,0.2515,4.167,6
102,A,I,-1.236,0.7833,4.833,6
102,A,K,-0.6211,0.4522,6.333,6
102,A,L,-0.9804,0.5206,3.167,6
102,A,M,-1.438,0.9466,5.333,6
102,A,N,-0.2021,1.169,5.5,6
102,A,P,0.5661,0.4033,1.5,6
102,A,Q,0.9143,0.1694,4.833,6
102,A,R,-0.5964,0.334,5.167,6
102,A,S,-0.611,0.4046,22.67,6
102,A,T,-0.4417,0.3006,24.5,6
102,A,V,-1.188,0.3869,15,6
102,A,W,-0.8763,0.4511,7,6
102,A,Y,0.1794,0.4876,4.5,6
103,A,A,0,0,,6
103,A,C,-0.08694,0.6105,4.5,6
103,A,D,-0.000655,0.1623,14.5,6
103,A,E,0.1467,0.5702,6.333,6
103,A,F,-0.08417,0.7723,7.333,6
103,A,G,-0.4692,0.4624,6.667,6
103,A,H,-0.05925,1.168,3,6
103,A,I,-0.7316,1.064,7,6
103,A,K,-0.1925,0.2475,5.5,6
103,A,L,-1.028,0.4351,3,6
103,A,M,0.08317,0.2925,9.833,6
103,A,N,0.0404,0.7157,6,6
103,A,P,0.5834,0.4379,1.833,6
103,A,Q,0.9944,1.275,0.8333,3
103,A,R,-0.6015,0.5359,6.167,6
103,A,S,0.02885,0.5604,9.333,6
103,A,T,0.292,0.2672,22.83,6
103,A,V,-0.8067,0.5948,11.67,6
103,A,W,-1.267,0.9506,8,6
103,A,Y,0.851,0.3812,5.833,6
104,N,-,0.554,0.4655,1,3
104,N,A,-0.424,0.8084,5.333,6
104,N,C,0.6712,0.2777,8.167,6
104,N,D,0.5621,0.4466,9,6
104,N,E,-1.185,0.7399,6.5,6
104,N,F,-1.531,0.5702,4,6
104,N,G,0.4203,0.4359,7.667,6
104,N,H,0.1093,0.4746,6.833,6
104,N,I,-1.141,0.554,7.5,6
104,N,K,-0.3336,0.571,8.667,6
104,N,L,-1.96,0.6463,3,5
104,N,M,-1.285,0.4506,8.833,6
104,N,N,0,0,,6
104,N,P,-3.138,1.334,3.5,6
104,N,Q,-0.1652,0.9656,7.333,6
104,N,R,-1.012,0.379,8,6
104,N,S,-0.9786,0.6751,6.5,6
104,N,T,-0.4062,0.3926,5.833,6
104,N,V,-0.1948,1.057,5.333,6
104,N,W,-1.837,0.512,4.667,6
104,N,Y,-0.6584,0.6282,6.333,6
105,N,A,-0.9042,0.8832,3.833,6
105,N,C,-0.9961,0.4366,4.167,6
105,N,D,0.4496,0.678,8.167,6
105,N,E,0.1962,0.3049,5.5,6
105,N,F,-0.1526,0.4348,6.5,6
105,N,G,0.04145,0.5431,8.5,6
105,N,H,-0.08695,0.2888,5,6
105,N,I,0.5037,0.3214,7.833,6
105,N,K,0.05043,0.2255,6,6
105,N,L,0.1298,0.4308,4.333,6
105,N,M,-0.2213,0.2448,4,6
105,N,N,0,0,,6
105,N,P,-0.5252,0.4974,3.167,6
105,N,Q,-0.8244,0.7621,3.333,6
105,N,R,-0.6046,0.9578,7.5,6
105,N,S,-0.5333,0.7888,7.167,6
105,N,T,-0.7043,0.6868,5.5,6
105,N,V,0.04677,0.365,5,6
105,N,W,0.2532,0.5439,2.833,6
105,N,Y,0.1784,0.4786,5.5,6
106,R,A,-3.404,0,7,6
106,R,C,-2.514,0,6,6
106,R,D,-3.239,0,3.833,6
106,R,E,-1.953,0.4098,7.167,6
106,R,F,-0.4721,0.4582,6.333,6
106,R,G,-3.486,0,5.833,6
106,R,H,-0.465,0.7811,5,6
106,R,I,-0.2823,1.194,5,6
106,R,K,0.289,0.7959,6.5,6
106,R,L,0.09502,0.3202,23,6
106,R,M,0.2126,0.6354,5.833,6
106,R,N,-1.938,0.3438,4.833,6
106,R,P,-0.359,0.41,8.833,6
106,R,Q,-0.6067,0.3595,27.67,6
106,R,R,0,0,,6
106,R,S,-3.482,0,4.333,6
106,R,T,-3.446,0,7.833,6
106,R,V,1.031,0.5373,2.833,6
106,R,W,-2.712,0,24,6
106,R,Y,-0.4058,0.8651,4.833,6
107,A,A,0,0,,6
107,A,C,-2.098,0.03141,6.167,6
107,A,D,0.2701,0.2656,19.83,6
107,A,E,-0.1347,0.473,4.167,6
107,A,F,-1.07,0.4577,7,6
107,A,G,0.1594,0.6888,5.5,6
107,A,H,-0.3528,0.4748,3,6
107,A,I,-0.7322,0.465,6,6
107,A,K,0.2768,0.5541,4.833,6
107,A,L,-0.9361,1.189,2.333,6
107,A,M,-0.7518,0.3565,6.5,6
107,A,N,0.3346,0.2552,6.5,6
107,A,P,-0.2971,0.4631,1.833,4
107,A,Q,0.7101,1.248,1.667,6
107,A,R,0.4719,0.4199,4.667,6
107,A,S,-0.5392,0.5469,23.33,6
107,A,T,-0.9845,0.3113,17,6
107,A,V,0.2695,0.1617,16.83,6
107,A,W,-0.03956,0.3794,4.333,6
107,A,Y,-0.03735,0.378,8.5,6
108,R,A,0.2374,1.026,2.667,6
108,R,C,-2.985,0.05404,4.667,6
108,R,D,-0.45,0.4503,4.667,6
108,R,E,0.209,0.9071,4.5,6
108,R,F,-0.4335,0.7494,3.833,6
108,R,G,-0.8875,0.4344,6.833,6
108,R,H,0.04532,0.1798,4.667,6
108,R,I,-0.127,0.8122,4,6
108,R,K,0.6295,0.3322,4.667,6
108,R,L,-0.05825,0.3555,30.67,6
108,R,M,0.1021,0.5238,4.833,6
108,R,N,-0.06239,0.3693,3.833,6
108,R,P,-0.3581,0.5216,4.833,6
108,R,Q,0.1714,0.7029,19.83,6
108,R,R,0,0,,6
108,R,S,0.0073,0.9642,2.5,6
108,R,T,0.04045,0.4244,7.167,6
108,R,V,0.3157,0.3588,5,6
108,R,W,-1.917,0.2921,26.83,6
108,R,Y,0.1671,0.2393,7.667,6
109,R,*,-3.36,0,0.5,3
109,R,A,-3.242,0,3.833,6
109,R,C,-3.146,0.04845,2.333,6
109,R,D,-3.452,0,4.333,6
109,R,E,-3.319,0,8,6
109,R,F,-3.497,0,10.33,6
109,R,G,-3.508,0,12.67,6
109,R,H,-2.907,0,5.167,6
109,R,I,-3.465,0,23.67,6
109,R,K,-0.0237,0.2821,14.83,6
109,R,L,-3.482,0,4.5,6
109,R,M,-3.452,0,7.5,6
109,R,N,-3.215,0,5.5,6
109,R,P,-3.458,0,4.333,6
109,R,Q,-3.403,0,4.833,6
109,R,R,0,0,,6
109,R,S,-3.392,0,5.167,6
109,R,T,-3.438,0,5,6
109,R,V,-3.489,0,8,6
109,R,W,-3.482,0,5.833,6
109,R,Y,-3.159,0,3.833,6
110,E,*,-3.247,0,18.67,6
110,E,A,-0.1321,0.8182,4.167,6
110,E,C,-0.4554,0.9891,4.333,6
110,E,D,0.086,0.4306,12.83,6
110,E,E,0,0,,6
110,E,F,-0.0438,1.022,5.167,6
110,E,G,-0.5431,1.064,4.667,6
110,E,H,0.06985,0.7293,8,6
110,E,I,-3.351,0,3.5,6
110,E,K,-3.22,0,14.83,6
110,E,L,-3.447,0,7.167,6
110,E,M,-0.1565,0.559,5,6
110,E,N,0.1427,0.5145,8.167,6
110,E,P,-3.485,0,2.667,6
110,E,Q,-0.07976,0.8748,8.667,6
110,E,R,-0.3748,0.2498,4.333,6
110,E,S,-0.3261,0.6899,3.667,6
110,E,T,0.215,0.4732,2.5,6
110,E,V,-3.429,0,7.667,6
110,E,W,-0.7212,0.7656,7.833,6
110,E,Y,0.2585,0.5237,5.167,6
111,L,A,0.1578,0.2647,4.167,6
111,L,C,0.1176,0.4397,4.667,6
111,L,D,0.01454,0.4135,5,6
111,L,E,-0.013,0.658,5.833,6
111,L,F,0.2949,1.179,2.167,6
111,L,G,-0.4327,0.5374,2.5,6
111,L,H,0.617,0.3138,3.833,6
111,L,I,-0.453,0.5676,3.5,6
111,L,K,-1.058,0.2847,3.5,6
111,L,L,0,0,,6
111,L,M,-0.09477,0.3998,15,6
111,L,N,0.06905,0.3975,5.333,6
111,L,P,-0.3271,0.4339,7.333,6
111,L,Q,0.08238,0.528,10.5,6
111,L,R,0.317,0.4215,5.333,6
111,L,S,-0.8846,0.7532,5.833,6
111,L,T,-0.0737,0.7091,6.167,6
111,L,V,0.2565,0.4844,9.333,6
111,L,W,-0.1684,0.3703,4.5,6
111,L,Y,0.3738,0.7005,5.5,6
112,P,A,0.07109,0.3268,4,6
112,P,C,-0.7984,0.407,7,6
112,P,D,0.2371,0.8102,6.167,6
112,P,E,0.2977,0.4775,5.333,6
112,P,F,-0.6188,0.5161,4.167,6
112,P,G,-0.06169,0.5453,6.5,6
112,P,H,-0.0157,0.8639,16.5,6
112,P,I,-0.1763,0.5461,3.833,6
112,P,K,-0.39,0.3365,5.5,6
112,P,L,-0.2308,0.6337,13,6
112,P,M,0.5145,0.5315,1.833,6
112,P,N,-0.2739,0.6621,6.833,6
112,P,P,0,0,,6
112,P,Q,-0.2305,0.6784,5.667,6
112,P,R,-0.7902,0.2481,3.5,6
112,P,S,0.2462,0.5693,12.17,6
112,P,T,0.1289,0.4942,13.33,6
112,P,V,-0.8533,0.5776,5.167,6
112,P,W,0.2258,0.6058,5.833,6
112,P,Y,-0.1773,0.8063,3.5,6
113,R,*,-3.137,0,0.5,3
113,R,A,-0.1065,0.2001,5.5,6
113,R,C,0.5737,0.2762,6.833,6
113,R,D,0.1998,0.2066,7.167,6
113,R,E,-0.2711,0.2555,4.833,6
113,R,F,0.07385,0.8992,4.333,6
113,R,G,0.1381,0.1941,8.833,6
113,R,H,-0.6546,0.7703,3.833,6
113,R,I,0.1739,0.293,17.33,6
113,R,K,0.1407,0.483,18.5,6
113,R,L,0.05284,0.6889,5.5,6
113,R,M,0.4293,0.2734,8.167,6
113,R,N,0.3724,0.5159,4.5,6
113,R,P,0.0303,0.5234,7.333,6
113,R,Q,-0.0107,0.3597,6.833,6
113,R,R,0,0,,6
113,R,S,0.106,0.4976,6.333,6
113,R,T,-0.2879,0.6801,6,6
113,R,V,0.0028,0.4091,8.5,6
113,R,W,-0.1658,1.086,5.5,6
113,R,Y,0.761,1.399,6,6
114,F,A,0.1923,0.589,7.333,6
114,F,C,-0.1031,0.4108,4,6
114,F,D,0.8008,0.7122,5.167,6
114,F,E,-0.1681,0.8057,6.167,6
114,F,F,0,0,,6
114,F,G,0.2401,0.2316,4.167,6
114,F,H,-1.138,0.522,3,6
114,F,I,0.3948,0.2962,2.5,6
114,F,K,0.2424,0.388,4.833,6
114,F,L,-0.1743,0.3395,16.83,6
114,F,M,-0.4043,0.4434,4.5,6
114,F,N,0.3978,0.5292,5.667,6
114,F,P,0.2737,0.9952,2.333,6
114,F,Q,-0.6495,0.5386,6,6
114,F,R,-0.05255,0.4604,5,6
114,F,S,0.4284,0.5481,8.833,6
114,F,T,0.08492,0.4196,7.167,6
114,F,V,-0.1503,0.8412,2.333,5
114,F,W,0.05025,0.5034,2.667,6
114,F,Y,0.3878,0.232,8.167,6
115,M,A,0.2686,0.3518,4.667,6
115,M,C,-0.6787,0.7335,5.167,6
115,M,D,-0.3916,0.6442,4.5,6
115,M,E,0.1878,0.4005,4.5,6
115,M,F,-0.4918,0.3764,5.167,6
115,M,G,0.267,0.5459,5.5,6
115,M,H,0.2589,0.2644,6.833,6
115,M,I,-0.1227,0.1382,34.67,6
115,M,K,0.1825,0.3851,5.833,6
115,M,L,0.4048,0.5357,4.333,6
115,M,M,0,0,,6
115,M,N,0.2103,0.6978,5.167,6
115,M,P,0.1023,0.607,5.333,6
115,M,Q,0.2165,0.7618,3.5,6
115,M,R,-0.3098,0.6327,7,6
115,M,S,-1.257,0.7448,1.667,6
115,M,T,0.3607,0.6923,7.5,6
115,M,V,-0.3231,0.4703,6,6
115,M,W,0.2824,0.3141,4.833,6
115,M,Y,-0.1568,1.119,6.833,6
116,N,A,-0.4354,0.2994,5.833,6
116,N,C,-0.8995,1.06,3.333,6
116,N,D,-0.0326,0.3729,6,6
116,N,E,-0.1336,0.8054,5.5,6
116,N,F,0.2886,0.9363,4.833,6
116,N,G,0.5016,0.3212,4.667,6
116,N,H,-0.09321,0.8267,4,6
116,N,I,-0.05535,0.6433,6.333,6
116,N,K,0.3882,0.1804,13,6
116,N,L,-0.3578,0.2546,5.333,6
116,N,M,0.4706,1.056,6,6
116,N,N,0,0,,6
116,N,P,0.5724,0.8256,3.333,6
116,N,Q,-0.5256,0.3512,5.833,6
116,N,R,-0.7434,0.9139,7.5,6
116,N,S,-0.1069,0.7063,2.667,6
116,N,T,0.03097,0.291,6.167,6
116,N,V,0.00705,0.8291,6.833,6
116,N,W,0.09455,0.4556,7.167,6
116,N,Y,-0.8801,0.5627,5.667,6
117,Y,*,-3.141,0.1062,5.667,6
117,Y,A,0.4183,0.6899,3.5,6
117,Y,C,-0.6742,0.3325,7.333,6
117,Y,D,0.1187,0.4025,7,6
117,Y,E,0.5663,0.2988,4.5,6
117,Y,F,0.1219,0.5692,4.833,6
117,Y,G,-0.2887,0.3556,7.333,6
117,Y,H,-0.2758,0.5194,7.5,6
117,Y,I,0.5044,0.09936,4.667,6
117,Y,K,-0.5298,0.4516,4.833,6
117,Y,L,-0.537,0.783,3.833,5
117,Y,M,-0.2288,0.5453,5.667,6
117,Y,N,-0.3758,0.4968,9.333,6
117,Y,P,0.1524,0.1835,6.833,6
117,Y,Q,-0.3729,0.8029,2.833,6
117,Y,R,-0.1099,1.015,4.5,6
117,Y,S,0.1345,0.3173,5.167,6
117,Y,T,0.4011,1.035,5.333,6
117,Y,V,0.3394,0.8763,3,6
117,Y,W,-0.1383,0.1459,6.333,5
117,Y,Y,0,0,,6
118,T,A,0.5118,0.6831,6,6
118,T,C,0.6062,0.5132,5,6
118,T,D,0.55,0.4217,4,6
118,T,E,0.4095,0.7193,3.833,5
118,T,F,0.3257,0.6095,3.833,6
118,T,G,-0.05195,0.8187,4.667,6
118,T,H,-0.6379,0.8259,3.833,6
118,T,I,-0.4178,0.4441,15.67,6
118,T,K,-0.3136,0.3818,11.67,6
118,T,L,1.023,0.5604,7.333,6
118,T,M,0.04774,0.8132,3.5,6
118,T,N,0.1908,0.351,4.333,6
118,T,P,-0.4805,0.8408,4.167,6
118,T,Q,0.3569,0.7522,6.333,6
118,T,R,-0.8585,0.1616,6.667,6
118,T,S,-0.1489,0.5961,3.5,6
118,T,T,0,0,,6
118,T,V,-0.22,0.845,4,6
118,T,W,-0.275,0.6276,5.833,6
118,T,Y,-0.3018,0.6276,4.333,6
119,L,A,-0.7451,0.6782,4.5,6
119,L,C,0.3314,0.5739,4.167,6
119,L,D,-0.0425,0.8967,4.333,6
119,L,E,-0.06012,0.1188,7,6
119,L,F,-0.1345,0.6373,6,6
119,L,G,-0.4424,0.4955,5.167,6
119,L,H,0.1983,0.3399,6.5,6
119,L,I,-0.02235,0.4317,3.667,6
119,L,K,-0.4201,0.745,4.333,6
119,L,L,0,0,,6
119,L,M,0.326,0.6771,10.67,6
119,L,N,0.2447,0.5218,3.667,6
119,L,P,-0.3496,0.2904,12.83,6
119,L,Q,-0.005145,0.4622,11,6
119,L,R,0.02608,0.4822,5.167,6
119,L,S,-0.327,0.5322,5.667,6
119,L,T,-0.008945,0.2149,9.667,6
119,L,V,-0.1742,0.688,7,6
119,L,W,-0.1021,0.6221,4.833,6
119,L,Y,0.3399,0.3278,3.5,6
120,N,A,0.5219,0.9106,3.833,6
120,N,C,-0.0997,0.7502,1.833,5
120,N,D,-0.1856,0.7833,3,6
120,N,E,0.04071,1.314,3.833,6
120,N,F,-0.5685,0.4782,5.833,6
120,N,G,0.1578,0.9266,5,6
120,N,H,0.9669,0.3316,4.333,6
120,N,I,0.0194,0.4188,5.333,6
120,N,K,0.2339,1.067,9,6
120,N,L,0.1703,0.4464,5.333,6
120,N,M,-1.835,0.3345,4.333,5
120,N,N,0,0,,6
120,N,P,-1.773,0.6718,4.167,6
120,N,Q,0.2362,0.7026,6.167,6
120,N,R,0.4827,0.7191,3.5,6
120,N,S,-0.2313,0.1519,6.167,6
120,N,T,0.288,1.129,3.5,6
120,N,V,0.3714,0.1683,6.333,6
120,N,W,0.2467,0.4038,2.333,6
120,N,Y,0.6935,0.3526,5.167,6
121,N,A,-0.5191,0.9506,4.667,6
121,N,C,-0.1425,0.2693,4.833,6
121,N,D,0.2476,0.4288,10,6
121,N,E,-0.7206,0.7558,2.333,6
121,N,F,0.5182,0.2063,7.5,6
121,N,G,0.07297,0.3635,5.667,6
121,N,H,0.3599,0.7229,4.167,6
121,N,I,-0.2549,1.016,4.833,6
121,N,K,-0.0402,0.4037,5.833,6
121,N,L,0.1735,0.5008,2.5,6
121,N,M,0.6022,0.4152,4.5,6
121,N,N,0,0,,6
121,N,P,0.7881,0.4558,3,6
121,N,Q,-0.3775,0.7261,6.833,6
121,N,R,0.5718,0.6062,3.5,6
121,N,S,0.5973,0.3528,5.5,6
121,N,T,-0.4848,0.4074,4.833,6
121,N,V,-0.5156,0.6575,2.333,6
121,N,W,-0.584,0.4429,5.167,6
121,N,Y,0.1754,0.3931,3.5,6
122,T,A,0.3611,0.4734,5.5,6
122,T,C,0.1934,0.4867,7.333,6
122,T,D,-0.06451,0.2764,7.5,6
122,T,E,-0.6326,0.6416,3.833,6
122,T,F,-0.002329,0.1977,12.5,6
122,T,G,0.05259,0.3684,3.5,6
122,T,H,-0.04947,0.2029,5.833,6
122,T,I,-0.2651,0.5822,16.5,6
122,T,K,-0.2232,0.6592,8.5,6
122,T,L,0.2854,0.3747,7.667,6
122,T,M,-0.4093,0.7936,6.333,6
122,T,N,-0.5847,0.3572,7.5,6
122,T,P,0.2552,0.4152,5.833,6
122,T,Q,0.05185,1.078,7.5,6
122,T,R,-0.2124,0.3898,4.667,6
122,T,S,0.00735,0.3926,4.667,6
122,T,T,0,0,,6
122,T,V,-0.1791,0.7178,6.667,6
122,T,W,-0.9868,0.3766,8.333,6
122,T,Y,0.08402,0.4573,6.167,6
123,K,A,0.6323,0.4278,4.833,6
123,K,C,0.6747,0.2896,9.5,6
123,K,D,0.03635,0.4952,6.333,6
123,K,E,0.1679,0.5105,2.833,6
123,K,F,-0.1838,0.9676,6.667,6
123,K,G,-0.1212,0.4657,8.833,6
123,K,H,0.5848,0.7278,4,6
123,K,I,0.1089,0.822,6.833,6
123,K,K,0,0,,6
123,K,L,-0.05861,0.6076,4.5,6
123,K,M,-0.5381,0.5005,6.833,6
123,K,N,-0.1971,0.3236,14.5,6
123,K,P,0.2709,0.2791,4.667,6
123,K,Q,0.1222,0.521,5,6
123,K,R,0.2164,0.5384,9.167,6
123,K,S,0.1244,0.2953,9.667,6
123,K,T,0.5543,0.5514,4.833,6
123,K,V,-0.2183,0.596,3.167,6
123,K,W,-0.5023,0.7581,4.333,6
123,K,Y,0.4258,0.3195,7.167,6
124,K,A,-0.2262,0.3879,5.667,6
124,K,C,0.2077,0.456,6,6
124,K,D,0.384,0.1187,9.333,6
124,K,E,0.4569,0.1124,5,6
124,K,F,-0.754,1.4,3.167,6
124,K,G,-0.1405,0.2341,5.667,6
124,K,H,0.2578,0.3987,7,6
124,K,I,0.2589,0.2504,6.5,6
124,K,K,0,0,,6
124,K,L,-0.06724,0.3105,7.667,6
124,K,M,0.3568,0.1913,5.833,6
124,K,N,0.159,0.2335,12.5,6
124,K,P,0.4118,0.2198,10.83,6
124,K,Q,0.04434,0.3914,6.667,6
124,K,R,0.2511,0.1842,13.33,6
124,K,S,0.302,0.525,9,6
124,K,T,-0.2142,0.4926,3.833,6
124,K,V,-0.3274,0.7291,5.833,6
124,K,W,-0.1003,0.3381,5,6
124,K,Y,-0.1012,0.3756,5.667,6
125,T,A,-0.6835,0.5955,6.167,6
125,T,C,0.8232,0.614,5.5,6
125,T,D,-0.8916,0.1892,4.333,6
125,T,E,-0.07173,0.4163,3.833,6
125,T,F,-0.2213,1.254,2.833,6
125,T,G,-0.09475,0.6982,6.833,6
125,T,H,-0.172,0.7744,4.833,6
125,T,I,-0.5566,0.3886,18.83,6
125,T,K,-0.7469,0.3244,8.833,6
125,T,L,0.4612,0.1689,7.333,6
125,T,M,-0.5807,0.2168,7.667,6
125,T,N,-0.3166,0.6295,4.667,6
125,T,P,-0.2955,0.4268,6.667,6
125,T,Q,0.1152,0.2578,7.5,6
125,T,R,-0.2034,0.178,6.167,6
125,T,S,0.5531,0.4014,8.667,6
125,T,T,0,0,,6
125,T,V,-0.1189,1.216,3.5,6
125,T,W,0.07775,0.4124,7.833,6
125,T,Y,-0.1379,0.407,9.5,6
126,N,A,0.434,0.3258,3.667,6
126,N,C,-0.8259,0.4751,5.333,6
126,N,D,-0.1321,0.3318,8.833,6
126,N,E,0.3918,0.6189,3,6
126,N,F,-0.4871,0.4381,4.5,6
126,N,G,0.1368,0.3684,6,6
126,N,H,0.3407,0.3754,4.833,6
126,N,I,0.1487,0.1673,6.167,6
126,N,K,-0.7794,0.4899,18.83,6
126,N,L,-0.05192,0.5238,10.17,6
126,N,M,-0.1164,0.8595,4.333,6
126,N,N,0,0,,6
126,N,P,-0.1521,0.3171,5,6
126,N,Q,-0.09291,0.4705,7,6
126,N,R,-0.2099,0.866,5.333,6
126,N,S,0.04751,0.5999,9.333,6
126,N,T,-0.02184,0.3367,4.167,6
126,N,V,-1.019,0.6178,6.167,6
126,N,W,-0.8267,0.6062,8,6
126,N,Y,0.0027,0.5496,5,6
127,V,A,-0.6178,0.5751,7.333,6
127,V,C,0.5517,0.7704,4.833,6
127,V,D,-1.473,0.5886,8,6
127,V,E,-0.3161,0.443,10.5,6
127,V,F,-0.1224,0.3761,8.167,6
127,V,G,0.3699,0.5623,5.5,6
127,V,H,0.5182,0.3687,5.667,6
127,V,I,-0.2724,0.3962,5.833,6
127,V,K,-0.3133,0.9055,2.5,6
127,V,L,0.4195,0.2045,13.5,6
127,V,M,0.5784,0.1052,13.17,6
127,V,N,-0.3937,0.3695,6.167,6
127,V,P,-1.295,0.831,3.5,6
127,V,Q,-0.9041,0.5588,1.667,6
127,V,R,-0.707,0.4101,4.333,6
127,V,S,-0.7116,0.9104,4.833,6
127,V,T,-0.4819,0.4696,7,6
127,V,V,0,0,,6
127,V,W,-0.4293,0.4784,7.667,6
127,V,Y,-0.4147,0.8612,4.167,6
128,T,A,0.3136,0.4219,9.5,6
128,T,C,-0.3644,0.4976,2.833,6
128,T,D,-0.4699,0.2184,5.333,6
128,T,E,-0.1276,0.4216,4.833,6
128,T,F,-0.8434,0.9941,2.333,6
128,T,G,-0.7853,0.2034,3.5,6
128,T,H,-0.6687,0.4962,5.167,6
128,T,I,0.07137,0.1795,15.83,6
128,T,K,-0.561,0.2262,8.167,6
128,T,L,-0.02815,0.2659,4.333,6
128,T,M,-0.3477,0.3631,3.667,6
128,T,N,-0.09402,0.2064,5,6
128,T,P,-0.4385,0.493,6.667,6
128,T,Q,0.03589,0.2581,5.333,6
128,T,R,-0.4,0.2639,4.833,6
128,T,S,0.03495,0.7981,4.833,6
128,T,T,0,0,,6
128,T,V,0.02383,0.4641,3.667,6
128,T,W,0.4547,0.3514,4.333,6
128,T,Y,-0.4946,0.6652,3.5,6
129,L,*,1.259,0.4007,0.5,3
129,L,A,0.5162,0.8557,5.333,6
129,L,C,-0.336,0.7777,8.5,6
129,L,D,-1.77,0.6405,4.5,6
129,L,E,-0.1626,0.817,8,6
129,L,F,-0.2126,0.2917,6.5,6
129,L,G,-0.7167,0.4568,10.5,6
129,L,H,-0.3272,1.216,5.333,6
129,L,I,-0.1438,1.25,6.5,6
129,L,K,-0.3996,0.8752,3.833,6
129,L,L,0,0,,6
129,L,M,-0.0099,0.4945,8.333,6
129,L,N,-0.4647,0.264,7.667,6
129,L,P,-1.094,0.9896,7.667,6
129,L,Q,-0.2442,0.7365,5.833,6
129,L,R,-0.43,0.3011,9.5,6
129,L,S,-1.183,0.5347,3,6
129,L,T,0.016,0.9,5,6
129,L,V,0.02253,0.3325,6.333,6
129,L,W,-0.3337,0.452,6,6
129,L,Y,-0.5872,0.5531,5.5,6
130,S,A,-0.2587,0.3315,8.667,6
130,S,C,0.2984,0.3701,4.5,6
130,S,D,-0.2784,0.5542,7.167,6
130,S,E,-0.1358,0.6079,7.833,6
130,S,F,0.105,0.2053,21.5,6
130,S,G,0.1139,0.6201,7.667,6
130,S,H,-0.8297,1.089,4.5,6
130,S,I,0.3307,0.07958,9.833,6
130,S,K,-0.09659,0.3596,8.167,6
130,S,L,0.6788,0.5004,4.833,6
130,S,M,0.1477,0.3994,8.333,6
130,S,N,-1.102,0.8005,3.833,6
130,S,P,0.2324,0.3463,13.5,6
130,S,Q,-0.546,0.8686,5.833,6
130,S,R,-0.9747,0.3608,4.5,6
130,S,S,0,0,,6
130,S,T,0.09699,0.1871,11.67,6
130,S,V,0.2046,0.09938,6.833,6
130,S,W,-1.218,0.7636,5.167,6
130,S,Y,-0.3663,1.019,13.83,6
131,K,*,-3.127,0,0.3333,2
131,K,A,-0.3091,0.442,4.833,6
131,K,C,-0.07109,0.2885,8.167,6
131,K,D,-1.053,0.3369,4.5,6
131,K,E,-1.2,0.3883,9.5,6
131,K,F,0.7795,0.3132,7.333,6
131,K,G,-0.2194,0.3347,7.333,6
131,K,H,0.2228,0.3758,7.167,6
131,K,I,0.3833,0.1836,4.833,6
131,K,K,0,0,,6
131,K,L,-0.696,0.4019,6.667,6
131,K,M,0.5536,0.1901,6.667,6
131,K,N,0.4743,0.8801,11.67,6
131,K,P,-0.4924,0.4091,6.333,6
131,K,Q,-0.8949,1.013,9.333,6
131,K,R,-0.07055,1.118,6.5,6
131,K,S,-0.08423,0.5673,3.5,6
131,K,T,-0.5734,0.6286,7.5,6
131,K,V,0.173,0.2031,7.333,6
131,K,W,-0.9717,0.4477,3,6
131,K,Y,0.03603,0.2655,10,6
132,K,A,-0.4126,0.5459,5.833,6
132,K,C,-1.045,0.7461,6.333,6
132,K,D,-0.3887,0.3295,7.5,6
132,K,E,-0.3885,0.6581,8,6
132,K,F,-0.8868,0.6058,3,6
132,K,G,0.3831,0.4991,4.833,6
132,K,H,-0.2087,0.3734,5.333,6
132,K,I,-0.501,0.6237,4.5,6
132,K,K,0,0,,6
132,K,L,-0.2079,0.703,6,6
132,K,M,-0.1334,0.439,5.5,6
132,K,N,-0.4675,0.7326,13,6
132,K,P,0.2626,0.5297,5.833,6
132,K,Q,-0.3253,0.8521,9,6
132,K,R,0.1926,0.7514,9.5,6
132,K,S,-0.7143,0.5993,6,6
132,K,T,-0.3108,0.9657,7.333,6
132,K,V,-0.3368,0.7357,2.667,6
132,K,W,-0.1512,0.2414,6.667,6
132,K,Y,-0.3057,0.4459,4,6
133,R,A,-3.466,0,4,6
133,R,C,-3.426,0,8.167,6
133,R,D,-3.412,0,3.333,6
133,R,E,-3.447,0,4.333,6
133,R,F,-3.442,0,9.167,6
133,R,G,-3.42,0,5.333,6
133,R,H,-3.239,0,3.5,6
133,R,I,-2.922,0,4,6
133,R,K,-2.894,0.0723,7.333,6
133,R,L,-3.137,0,29.17,6
133,R,M,-2.89,0.2588,2.667,5
133,R,N,-3.51,0,5.667,6
133,R,P,-3.489,0,6.5,6
133,R,Q,-3.421,0,18.17,6
133,R,R,0,0,,6
133,R,S,-3.124,0.5151,5.833,6
133,R,T,-3.389,0,3.833,6
133,R,V,-2.934,0,5.667,6
133,R,W,-3.454,0,25,6
133,R,Y,-3.325,0,4.667,6
134,K,A,-0.8241,0.4047,7.167,6
134,K,C,-0.9826,0.5406,5.5,6
134,K,D,-0.7839,1.253,2.333,6
134,K,E,-0.4204,0.1563,9.833,6
134,K,F,-1.001,1.016,5.333,6
134,K,G,-0.00956,0.3931,8.5,6
134,K,H,-0.525,0.3244,4.167,6
134,K,I,-0.9567,0.7007,5.5,6
134,K,K,0,0,,6
134,K,L,-1.107,0.2429,3,6
134,K,M,-0.7003,0.5029,3.5,6
134,K,N,-0.5582,0.4223,13,6
134,K,P,-0.129,0.4252,5.667,6
134,K,Q,-0.0104,0.6337,2.5,6
134,K,R,0.292,0.2352,8.5,6
134,K,S,-0.8219,0.4699,6.667,6
134,K,T,-0.9318,0.6788,4.833,6
134,K,V,-1.436,0.1865,9.333,6
134,K,W,-1.819,0.4937,6.333,6
134,K,Y,-0.3164,0.4719,4,6
135,R,*,-3.093,0.5247,0.5,3
135,R,A,-0.7848,0.5446,2.5,6
135,R,C,-2.272,0.1615,4,6
135,R,D,-3.28,0,3.333,6
135,R,E,-1.233,0.2857,3.667,6
135,R,F,-3.241,0,6.5,6
135,R,G,-1.398,0.5021,12.33,6
135,R,H,-3.345,0,4,6
135,R,I,-1.78,0.3126,16.33,6
135,R,K,-0.444,0.3609,13.5,6
135,R,L,-2.449,0.2109,4.833,6
135,R,M,-1.697,0.3027,7.167,6
135,R,N,-3.16,0,5.167,6
135,R,P,-0.4345,1.135,2.667,6
135,R,Q,-1.063,0.5692,5,6
135,R,R,0,0,,6
135,R,S,-1.048,0.5007,6,6
135,R,T,-0.1698,0.5094,4.5,6
135,R,V,-0.2199,0.4526,4.333,6
135,R,W,-3.474,0,4.833,6
135,R,Y,-2.121,0.3305,4.667,5
136,R,A,-3.01,0.0246,4.333,6
136,R,C,-3.412,0,4.167,6
136,R,D,-3.359,0,8.333,6
136,R,E,-2.944,0,5.167,6
136,R,F,-3.27,0,1.5,6
136,R,G,-2.752,0.07938,3.833,6
136,R,H,-3.008,0,6.667,6
136,R,I,-3.463,0,6.667,6
136,R,K,-3.409,0,7.333,6
136,R,L,-3.477,0,13.33,6
136,R,M,-3.442,0,4,6
136,R,N,-3.162,0,3.667,5
136,R,P,-3.46,0,5.5,6
136,R,Q,-3.505,0,16.83,6
136,R,R,0,0,,6
136,R,S,-3.292,0,4.167,6
136,R,T,-3.365,0,6.333,6
136,R,V,-3.369,0,3.5,6
136,R,W,-3.471,0,18.83,6
136,R,Y,-3.321,0,7.5,6
137,F,A,-3.473,0,7,6
137,F,C,-3.421,0,6.667,6
137,F,D,-3.494,0,5.167,6
137,F,E,-3.451,0,6.833,6
137,F,F,0,0,,6
137,F,G,-3.451,0,6.667,6
137,F,H,-3.274,0.1453,5.333,6
137,F,I,-3.175,0,7,6
137,F,K,-3.44,0,6,6
137,F,L,-3.271,0.08944,20,6
137,F,M,-3.219,0,7.167,6
137,F,N,-3.406,0,6.667,6
137,F,P,-3.399,0,5.833,6
137,F,Q,-3.399,0,3,6
137,F,R,-3.452,0,6,6
137,F,S,-3.481,0,5.333,6
137,F,T,-3.347,0,4.5,6
137,F,V,-3.37,0,8.5,6
137,F,W,-2.912,0.1815,2.833,6
137,F,Y,-1.797,0.4902,2.667,6
138,L,-,-3.026,0,0.5,3
138,L,A,-3.485,0,3.833,6
138,L,C,-3.46,0,3.167,6
138,L,D,-3.16,0.4582,4,6
138,L,E,-3.444,0,4.833,6
138,L,F,-3.228,0,6.5,6
138,L,G,-3.439,0,6.167,6
138,L,H,-2.641,1.245,3,6
138,L,I,-3.391,0,7.333,6
138,L,K,-3.429,0,4,6
138,L,L,0,0,,6
138,L,M,-0.2603,0.5277,19.83,6
138,L,N,-3.048,0,6.333,6
138,L,P,-3.317,0,12.5,6
138,L,Q,-3.282,0,4.667,6
138,L,R,-3.114,0,6.333,6
138,L,S,-3.254,0,6.333,6
138,L,T,-3.434,0,2.833,6
138,L,V,-3.328,0,7.833,6
138,L,W,-0.9185,1.2,6,6
138,L,Y,-2.417,0.3712,4.333,6
139,G,A,0.1002,0.6981,5.667,6
139,G,C,-3.411,0,17.83,6
139,G,D,-1.131,0.3062,25.83,6
139,G,E,-2.231,0.3686,10.83,6
139,G,F,-3.163,0.4165,3,5
139,G,G,0,0,,6
139,G,H,-1.115,0.4853,4.5,6
139,G,I,-3.454,0,5.833,6
139,G,K,-2.665,0.347,5.833,6
139,G,L,-3.314,0,7.667,6
139,G,M,-3.352,0,6.333,6
139,G,N,-2.559,0.04584,5.833,6
139,G,P,-3.487,0,5.833,6
139,G,Q,-0.4053,0.6247,5.167,6
139,G,R,-1.976,0.5979,5,6
139,G,S,0.1835,0.3179,15.17,6
139,G,T,-1.392,0.4396,5.5,5
139,G,V,-3.322,0,19.67,6
139,G,W,-2.776,0,4.167,6
139,G,Y,-3.302,0,6.5,6
140,F,-,-3.212,0,0.5,3
140,F,A,-3.46,0,5,6
140,F,C,-3.107,0,7.5,6
140,F,D,-3.492,0,5.333,6
140,F,E,-3.472,0,4.833,6
140,F,F,0,0,,6
140,F,G,-3.053,0.6298,1,6
140,F,H,-2.734,0.08087,2.833,6
140,F,I,-3.052,0,2.5,6
140,F,K,-3.216,0,4.833,6
140,F,L,-3.421,0,10.67,6
140,F,M,-3.462,0,6.333,6
140,F,N,-3.442,0,4.5,6
140,F,P,-3.229,0,4.333,6
140,F,Q,-3.396,0,7,6
140,F,R,-3.232,0.4062,3.167,6
140,F,S,-3.465,0,5.833,6
140,F,T,-3.18,0.8194,3.5,6
140,F,V,-3.425,0,7.667,6
140,F,W,-0.9071,0.5993,8.333,6
140,F,Y,-0.1392,0.377,6.833,6
141,L,A,-3.462,0,5.333,6
141,L,C,-3.255,0,5.167,6
141,L,D,-3.404,0,5.833,6
141,L,E,-3.432,0,8.167,6
141,L,F,-2.607,0.04398,7.167,6
141,L,G,-3.471,0,7,6
141,L,H,-3.477,0,7.667,6
141,L,I,-3.378,0,5.333,6
141,L,K,-3.261,0,7.833,6
141,L,L,0,0,,6
141,L,M,-1.571,0.2023,23.5,6
141,L,N,-3.455,0,4,6
141,L,P,-3.534,0,8,6
141,L,Q,-3.474,0,9.5,6
141,L,R,-2.566,0,6.667,6
141,L,S,-3.388,0,5.167,6
141,L,T,-3.446,0,6.833,6
141,L,V,-3.255,0,6.167,6
141,L,W,-1.602,0.3696,4.667,6
141,L,Y,-2.243,0.3139,4.167,6
142,L,A,-3.26,0,7,6
142,L,C,-3.304,0.05106,4.833,6
142,L,D,-3.043,0,3.833,6
142,L,E,-3.357,0,6.833,6
142,L,F,-3.467,0,7.167,6
142,L,G,-3.147,0,3,6
142,L,H,-3.271,0,6.5,6
142,L,I,-3.396,0,4.833,6
142,L,K,-3.185,0,3.167,6
142,L,L,0,0,,6
142,L,M,-3.121,0,10.5,6
142,L,N,-3.412,0.268,4.667,6
142,L,P,-3.346,0,7,6
142,L,Q,-3.425,0,3.667,6
142,L,R,-3.008,0.001863,4.5,6
142,L,S,-3.188,0,4.667,6
142,L,T,-3.369,0,5.333,6
142,L,V,-3.202,0,8,6
142,L,W,-1.943,0.5422,4.667,6
142,L,Y,-3.448,0,7.167,6
143,G,A,-3.479,0,6.667,6
143,G,C,-3.422,0,31.67,6
143,G,D,-3.515,0,13.83,6
143,G,E,-3.287,0,2.833,6
143,G,F,-3.229,0,3.333,6
143,G,G,0,0,,6
143,G,H,-3.404,0,5.167,6
143,G,I,-3.31,0,6.333,6
143,G,K,-3.418,0,5.667,6
143,G,L,-2.807,1.138,2.333,6
143,G,M,-3.378,0,7.833,6
143,G,N,-3.362,0,5.5,6
143,G,P,-0.9142,0.4326,3,6
143,G,Q,-3.377,0,8.333,6
143,G,R,-3.005,0,7.5,6
143,G,S,-3.038,0,14.83,6
143,G,T,-3.391,0,5.333,6
143,G,V,-3.427,0,18.83,6
143,G,W,-3.388,0.1461,2.5,6
143,G,Y,-3.512,0,6.5,6
144,V,A,-0.7116,0.7801,6.167,6
144,V,C,-2.41,0.2338,3.333,6
144,V,D,-1.946,1.329,1.5,6
144,V,E,-3.182,0.7638,1.333,5
144,V,F,-2.758,0,7.833,6
144,V,G,-3.168,0,7.333,6
144,V,H,-3.088,0,2.167,6
144,V,I,-0.646,0.8638,6.833,6
144,V,K,-2.561,0,5.667,6
144,V,L,-2.139,0.0846,14.17,6
144,V,M,0.05257,0.4014,33.33,6
144,V,N,-2.987,0.08033,2.833,6
144,V,P,-3.396,0,7.167,6
144,V,Q,-2.431,0.1625,6.167,6
144,V,R,-2.739,0.2594,2.833,6
144,V,S,-0.0508,0.3335,8.333,6
144,V,T,-0.4808,0.3097,7.667,6
144,V,V,0,0,,6
144,V,W,-3.314,0,6.333,6
144,V,Y,-2.716,0,7.667,6
145,G,A,-3.402,0,3.5,6
145,G,C,-3.458,0,16.67,6
145,G,D,-3.442,0,25.5,6
145,G,E,-3.463,0,10.67,6
145,G,F,-3.101,1.303,3.333,6
145,G,G,0,0,,6
145,G,H,-3.293,0,2.667,3
145,G,I,-1.942,1.276,3,6
145,G,K,-3.366,0,5.833,6
145,G,L,-3.222,0,3,6
145,G,M,-3.349,0,6,6
145,G,N,-3.463,0,5.833,6
145,G,P,-2.451,0.4746,4.5,6
145,G,Q,-3.385,0,6.833,6
145,G,R,-2.887,0,4.333,6
145,G,S,-3.447,0,11.33,6
145,G,T,-3.481,0,6.667,6
145,G,V,-3.463,0,19.33,6
145,G,W,-3.49,0,8.833,6
145,G,Y,-3.462,0,6,6
146,S,A,-3.079,0.01491,2.833,6
146,S,C,-2.58,0.5577,2.667,6
146,S,D,-3.104,0.001491,7.5,6
146,S,E,-2.408,0.2717,2.5,6
146,S,F,-2.992,0.1114,16.17,6
146,S,G,-3.484,0,9.333,6
146,S,H,-0.7508,0.7494,6,6
146,S,I,-3.442,0,6.333,6
146,S,K,0.1336,1.478,2.833,6
146,S,L,-3.365,0,2,6
146,S,M,-1.712,0.3533,5.5,6
146,S,N,-0.1776,0.5761,9.5,6
146,S,P,-3.03,0,3.333,6
146,S,Q,-3.043,0.3248,2,6
146,S,R,-1.407,1.187,2.5,6
146,S,S,0,0,,6
146,S,T,-3.028,0,6.833,6
146,S,V,-2.12,0.3539,3.167,6
146,S,W,-2.385,0.1666,4.333,6
146,S,Y,-1.98,0.1829,16.83,6
147,A,A,0,0,,6
147,A,C,-2.363,0.4978,4.333,6
147,A,D,-3.206,0,13.17,6
147,A,E,-2.194,0.2731,5.167,6
147,A,F,-3.205,0,6.833,6
147,A,G,-3.014,0.1658,4,6
147,A,H,-2.65,0.5037,2.5,6
147,A,I,-1.554,0.6397,2.333,6
147,A,K,-2.147,0.5132,3.667,6
147,A,L,-2.929,0.1487,3.667,6
147,A,M,-3.013,0,8,6
147,A,N,-0.8563,0.5423,5.833,6
147,A,P,-3.117,0,3,6
147,A,Q,-1.266,0.3852,5.667,6
147,A,R,-2.342,0.2978,2.667,6
147,A,S,-0.237,0.3448,16.67,6
147,A,T,-0.3038,0.3249,22.33,6
147,A,V,-0.8407,0.3439,25.83,6
147,A,W,-2.9,0.01938,6.333,6
147,A,Y,-2.506,0,4.833,6
148,I,A,-2.524,0.3743,8.333,6
148,I,C,-2.633,0.2937,4,6
148,I,D,-3.05,0,4.333,6
148,I,E,-3.327,0,6.667,6
148,I,F,-2.033,0.3393,5.5,6
148,I,G,-3.433,0,6,6
148,I,H,-3.478,0,4.667,6
148,I,I,0,0,,6
148,I,K,-2.83,0.3951,6,6
148,I,L,-0.9056,0.5687,7.5,6
148,I,M,-2.25,0.7421,5.833,6
148,I,N,-3.487,0,11.5,6
148,I,P,-3.392,0,4,6
148,I,Q,-3.399,0,8.167,6
148,I,R,-3.217,0,7,6
148,I,S,-3.359,0,8.333,6
148,I,T,-2.867,0,6.833,6
148,I,V,0.3778,0.3991,9.833,6
148,I,W,-2.37,0.1457,6.5,6
148,I,Y,-2.827,0.3323,6.5,6
149,A,A,0,0,,6
149,A,C,-3.387,0,5.5,6
149,A,D,-3.149,0,14.5,6
149,A,E,-3.311,0,6.167,6
149,A,F,-3.457,0,5.167,6
149,A,G,-3.3,0,5.333,6
149,A,H,-3.073,0.3774,3.833,5
149,A,I,-3.192,0.04472,3,6
149,A,K,-3.351,0.1077,3.667,6
149,A,L,-3.434,0,4.833,6
149,A,M,-3.393,0,3.667,6
149,A,N,-0.8261,1.386,1.5,6
149,A,P,-3.461,0,5.5,6
149,A,Q,-3.446,0,3,6
149,A,R,-3.364,0,3,6
149,A,S,-3.276,0,24.17,6
149,A,T,-3.367,0,23.5,6
149,A,V,-3.494,0,16.17,6
149,A,W,-3.258,0,5.5,6
149,A,Y,-3.175,0,3.333,6
150,S,A,-0.6223,0.3069,5.5,6
150,S,C,-0.9504,0.6743,5.333,6
150,S,D,0.379,1.32,2.333,6
150,S,E,-3.088,0,4.333,6
150,S,F,-3.337,0,3.167,6
150,S,G,-3.38,0,9.833,6
150,S,H,-2.353,0.9394,1.833,6
150,S,I,-2.556,0,18.5,6
150,S,K,-1.819,0.3705,2.5,6
150,S,L,-2.41,0.3049,5,6
150,S,M,-1.905,0.3405,6.5,6
150,S,N,-3.257,0,14.33,6
150,S,P,-3.146,0,5.5,6
150,S,Q,-3.235,0,4.5,6
150,S,R,-0.6059,1.401,3.167,6
150,S,S,0,0,,6
150,S,T,-3.2,0,6.5,6
150,S,V,-3.393,0,4.833,6
150,S,W,-3.031,0.1207,6.167,6
150,S,Y,-2.814,0,4.667,6
151,G,A,-3.409,0,5.5,6
151,G,C,-3.349,0,22.5,6
151,G,D,-3.281,0,25.83,6
151,G,E,-3.278,0,4.333,6
151,G,F,-3.186,0,5.833,6
151,G,G,0,0,,6
151,G,H,-3.236,0,5,6
151,G,I,-2.939,0,10.5,6
151,G,K,-3.252,0,4.333,6
151,G,L,-3.013,0,9,6
151,G,M,-2.848,0,4.5,6
151,G,N,-3.251,0,4.667,6
151,G,P,-3.356,0,7.833,6
151,G,Q,-3.402,0,4.333,6
151,G,R,-3.377,0,5.333,6
151,G,S,-3.41,0,15.33,6
151,G,T,-3.337,0,5,6
151,G,V,-3.319,0,21.17,6
151,G,W,-3.06,0,3.333,6
151,G,Y,-3.086,0,4.833,6
152,I,-,-3.626,0,0.5,3
152,I,A,-0.4413,0.6342,4.333,6
152,I,C,-1.3,0.9884,3.833,6
152,I,D,-3.207,0.01603,4.5,6
152,I,E,-2.56,0.47,6.333,6
152,I,F,-0.1098,0.3573,1.5,6
152,I,G,-2.64,0.05292,4,6
152,I,H,-1.183,0.4794,5,6
152,I,I,0,0,,6
152,I,K,-2.76,0,5.667,6
152,I,L,-0.4137,0.6699,7.667,6
152,I,M,-0.14,0.6727,3.333,6
152,I,N,-2.412,0.823,7.833,6
152,I,P,-3.367,0,4.833,6
152,I,Q,-1.93,0.5157,2.833,6
152,I,R,-2.21,1.243,4.333,6
152,I,S,-2.587,0.2407,4.833,6
152,I,T,-0.7004,0.6904,5.5,6
152,I,V,-0.7606,0.7463,6.833,6
152,I,W,0.2842,1.217,3.167,6
152,I,Y,-0.5445,0.3847,3,6
153,A,A,0,0,,6
153,A,C,-2.984,0,3.667,6
153,A,D,-3.04,0.1084,10.83,6
153,A,E,-3.411,0.3436,4.5,5
153,A,F,-3.097,0,7.5,6
153,A,G,-2.296,0.1263,8.333,6
153,A,H,-3.334,0,4,6
153,A,I,-2.901,0.2817,4.5,6
153,A,K,-2.96,0.2512,6.167,6
153,A,L,-3.462,0,9.167,6
153,A,M,-3.423,0,8.5,6
153,A,N,-3.007,0,6.333,6
153,A,P,-3.146,0.1867,6.667,6
153,A,Q,-3.017,0,2.5,6
153,A,R,-2.945,0.1088,3,6
153,A,S,-0.1184,0.352,19.83,6
153,A,T,-1.007,0.4193,29,6
153,A,V,-2.412,0.03652,21.17,6
153,A,W,-2.901,0,3.833,6
153,A,Y,-2.771,0,4.333,6
154,V,A,-3.165,0,5.333,6
154,V,C,-0.7984,0.4645,7.167,6
154,V,D,-3.255,0,6.833,6
154,V,E,-3.175,0,6,6
154,V,F,-3.357,0,5.833,6
154,V,G,-3.228,0,8.5,6
154,V,H,-2.548,0.3707,4.833,6
154,V,I,0.3662,0.3529,6.333,6
154,V,K,-3.183,0,9.333,6
154,V,L,-1.893,0.1065,10.33,6
154,V,M,-3.417,0,21.17,6
154,V,N,-2.918,0,3.833,6
154,V,P,-3.051,0.4021,2.833,6
154,V,Q,-1.383,1.425,4.833,6
154,V,R,-3.21,0,6.167,6
154,V,S,-2.85,1.232,5.333,6
154,V,T,-2.234,0.1713,6.833,6
154,V,V,0,0,,6
154,V,W,-3.083,0,7.667,6
154,V,Y,-3.094,0,5.5,6
155,S,A,0.3086,0.6102,9.667,6
155,S,C,-2.452,0.05292,5.5,6
155,S,D,-3.378,0.4244,6,6
155,S,E,-2.646,0.119,2.5,6
155,S,F,-3.263,0,18.33,6
155,S,G,-1.312,0.7523,5.5,6
155,S,H,-3.125,0,3.167,6
155,S,I,-2.885,0.1235,2.333,6
155,S,K,-1.55,0.548,4.333,6
155,S,L,-2.915,0.3681,1.333,4
155,S,M,-1.429,0.5441,3,6
155,S,N,-2.397,0.1804,4.833,6
155,S,P,-3.304,0,11.5,6
155,S,Q,-1.27,1.365,1,6
155,S,R,-1.308,0.3416,2.333,6
155,S,S,0,0,,6
155,S,T,-1.777,0.2563,8,6
155,S,V,-2.183,0.3444,3,6
155,S,W,-2.798,0.1234,5.333,6
155,S,Y,-3.346,0,13.33,6
156,K,*,-0.1741,0.6667,0.5,3
156,K,A,-2.232,0.08982,5.5,6
156,K,C,-2.961,0.1347,7,6
156,K,D,-2.651,0,3.667,6
156,K,E,-2.141,0.5023,3.833,6
156,K,F,-3.066,0,8.667,6
156,K,G,-2.016,0.8513,6,6
156,K,H,-0.7984,0.5689,4,6
156,K,I,-2.844,0.02795,6.333,6
156,K,K,0,0,,6
156,K,L,-3.09,0,4.333,6
156,K,M,-2.41,0.2113,6.5,6
156,K,N,-0.6209,0.2458,23.5,6
156,K,P,-3.234,0,7.833,6
156,K,Q,-0.5796,0.7857,3,5
156,K,R,-0.221,0.2153,13.17,6
156,K,S,-0.8306,0.3371,8,6
156,K,T,-1.239,0.8697,3.833,6
156,K,V,-3.213,0,6.833,6
156,K,W,-3.084,0,4.333,6
156,K,Y,-2.025,0.2845,5.5,6
157,V,*,-3.484,0,1,3
157,V,A,0.4036,0.5189,6.167,6
157,V,C,0.7125,0.3325,4.667,6
157,V,D,-1.505,0.5371,5.667,6
157,V,E,-2.795,0.05068,9.5,6
157,V,F,-3.41,0,9.5,6
157,V,G,-1.149,0.2004,7.5,6
157,V,H,-3.462,0,8.5,6
157,V,I,-2.49,0.1125,4.167,6
157,V,K,-3.462,0,7,6
157,V,L,-3.221,0,7.667,6
157,V,M,-3.492,0,18.33,6
157,V,N,-0.8227,0.3958,5.833,6
157,V,P,-3.375,0,3.167,6
157,V,Q,-2.661,1.316,4.667,6
157,V,R,-3.509,0,6,6
157,V,S,0.1264,0.7766,4.167,6
157,V,T,-0.4659,0.5854,5.167,6
157,V,V,0,0,,6
157,V,W,-3.431,0,5.667,6
157,V,Y,-3.426,0,6.167,6
158,L,C,-2.183,0,0.3333,2
158,L,D,-3.616,0.1815,1,3
158,L,L,0,0,,6
158,L,M,-1.641,0.5185,7.333,6
158,L,P,-2.971,1.006,6,6
158,L,Q,-3.074,0.2336,1.333,5
159,H,A,1.235,0.4959,4.5,6
159,H,C,-0.3663,0.5575,3.5,6
159,H,D,-1.575,0.4212,8.833,6
159,H,E,-1.345,0.4966,3,3
159,H,F,0.1291,0.4464,5.167,6
159,H,G,-0.1345,0.7184,2.667,6
159,H,H,0,0,,6
159,H,I,0.4601,0.7775,7,6
159,H,K,-0.5893,0.8245,3.5,6
159,H,L,1.024,0.4232,4,6
159,H,M,0.2198,0.2033,5,6
159,H,N,-0.09318,0.1031,12.17,6
159,H,P,-3.056,0,2.833,6
159,H,Q,-0.186,0.4699,17.33,6
159,H,R,-1.008,0.5739,8.333,6
159,H,S,-0.3205,0.3556,4.167,6
159,H,T,0.1628,0.2145,3.833,6
159,H,V,0.7139,0.5823,5,6
159,H,W,-0.29,0.5474,5.667,6
159,H,Y,0.8249,0.7055,15,6
160,L,A,-0.06434,0.2898,3.5,6
160,L,C,-2.469,0,8.667,6
160,L,D,-2.612,0,5.167,6
160,L,E,-1.643,0.3744,8.667,6
160,L,F,-0.863,0.6532,5.5,6
160,L,G,-2.269,0.183,6,6
160,L,H,-1.803,0.2253,5,6
160,L,I,-0.4227,0.5463,5.167,6
160,L,K,-2.132,0.2125,4.667,6
160,L,L,0,0,,6
160,L,M,-0.3079,0.3253,15.5,6
160,L,N,-0.65,0.2727,6.5,6
160,L,P,-3.29,0,13.67,6
160,L,Q,-0.8883,0.1707,8.667,6
160,L,R,-2.792,0.05627,6.167,6
160,L,S,-1.646,0.5603,11.17,6
160,L,T,-1.103,0.6982,5.667,6
160,L,V,0.2051,0.5376,8.833,6
160,L,W,-1.366,0.2882,4.333,6
160,L,Y,-0.8438,0.3108,11.33,6
161,E,*,-3.383,0,17.67,6
161,E,-,0.183,1.11,0.5,3
161,E,A,-0.6977,0.5733,7.333,6
161,E,C,-3.122,0.4401,5.167,6
161,E,D,-0.1952,0.5924,5.667,6
161,E,E,0,0,,6
161,E,F,-3.048,0.2754,6.667,6
161,E,G,-0.6195,0.4553,4.833,6
161,E,H,-0.0155,0.8204,6.167,6
161,E,I,-3.287,0,8.333,6
161,E,K,-0.7619,0.2897,15.67,6
161,E,L,-3.104,0,1.833,3
161,E,M,-2.867,0,5.833,6
161,E,N,-1.287,0.5542,4.667,6
161,E,P,-1.117,0.4586,3.167,6
161,E,Q,-0.2218,0.6418,4.667,6
161,E,R,-1.756,0.5062,7,6
161,E,S,0.1492,0.4188,3,6
161,E,T,-0.858,0.4368,5.333,6
161,E,V,-2.218,0.1565,6.667,6
161,E,W,-3.248,0,7.667,6
161,E,Y,-1.107,0.8068,2.333,6
162,G,A,-0.6254,0.6183,7,6
162,G,C,-3.407,0,5.667,6
162,G,D,-1.341,0.5288,6.667,6
162,G,E,-1.662,0.2524,16.5,6
162,G,F,-2.276,0.3868,5.5,6
162,G,G,0,0,,6
162,G,H,-1.041,0.2551,4.833,6
162,G,I,-3.115,0,1.167,3
162,G,K,-1.31,0.2934,7.5,6
162,G,L,-2.433,0.2042,6.167,6
162,G,M,-1.838,0.3718,5.833,6
162,G,N,-0.6962,0.2864,3.833,6
162,G,P,-2.522,0,7.167,6
162,G,Q,-1.474,0.4761,5,6
162,G,R,-1.821,0.4952,12.33,6
162,G,S,-1.078,0.2763,7.833,6
162,G,T,-1.727,1.193,3.167,6
162,G,V,-2.843,0,63.33,6
162,G,W,-3.315,0,43.33,6
162,G,Y,-2.196,0.1964,7,6
163,E,*,-3.362,0,34.67,6
163,E,A,-2.343,0.09466,6.667,6
163,E,C,-3.268,0,8,6
163,E,D,-1.946,0.1639,28.67,6
163,E,E,0,0,,6
163,E,F,-2.865,0,5.833,6
163,E,G,-3.158,0,25.5,6
163,E,H,-2.87,0,5.333,6
163,E,I,-3.465,0,7.5,6
163,E,K,-3.327,0,18.5,6
163,E,L,-3.093,0,4,6
163,E,M,-3.428,0,9,6
163,E,N,-2.819,0,8,6
163,E,P,-2.993,0,7,6
163,E,Q,-1.62,0.6194,7.5,6
163,E,R,-3.366,0,6.833,6
163,E,S,-0.7552,0.9293,4.333,6
163,E,T,-2.874,0,8.5,6
163,E,V,-3.373,0,11.33,6
163,E,W,-3.128,0,11.83,6
163,E,Y,-3.364,0,8,6
164,V,A,0.2908,0.6232,7.333,6
164,V,C,-2.398,0.236,4.833,5
164,V,D,-3.302,0,5.667,6
164,V,E,-2.845,0,4,6
164,V,F,-3.274,0,6.833,6
164,V,G,-3.019,0,7.667,6
164,V,H,-2.417,0,6.833,6
164,V,I,-0.6869,0.5932,7,6
164,V,K,-3.192,0.04584,7.667,6
164,V,L,-1.558,0.3159,12.33,6
164,V,M,-2.587,0.117,17.83,6
164,V,N,-3.176,0,11.67,6
164,V,P,-3.333,0,5,6
164,V,Q,-3.254,0,5.833,6
164,V,R,-3.247,0,9.667,6
164,V,S,-1.501,0.6219,4.167,6
164,V,T,-1.061,0.3138,6.167,6
164,V,V,0,0,,6
164,V,W,-3.506,0,6.167,6
164,V,Y,-2.905,0,6.667,6
165,N,A,-0.8041,0.7157,4,6
165,N,C,-0.03601,0.7335,5.333,6
165,N,D,-0.1533,0.6508,3.833,6
165,N,E,-0.4346,0.9433,5,6
165,N,F,-1.067,0.2985,4.833,6
165,N,G,-0.4977,0.6057,3.667,6
165,N,H,0.1448,0.4325,6,6
165,N,I,-0.9343,0.7218,3.167,6
165,N,K,-1.445,0.6377,6.333,6
165,N,L,0.1273,0.4265,4,6
165,N,M,-0.0569,0.7706,3.833,6
165,N,N,0,0,,6
165,N,P,-0.3513,0.5502,3.333,6
165,N,Q,0.2169,0.2047,7,6
165,N,R,-0.3688,0.2664,4.5,6
165,N,S,-0.1049,1.08,8.5,6
165,N,T,0.1486,0.3695,8.5,6
165,N,V,-0.5496,0.7681,2,6
165,N,W,-0.3795,0.5638,7.167,6
165,N,Y,0.3084,0.3219,6.167,6
166,K,A,-2.249,0.5798,1,6
166,K,C,-3.064,0,4.667,6
166,K,D,-2.952,0,7.5,6
166,K,E,-3.268,0,6,6
166,K,F,-3.276,0,7,6
166,K,G,-3.213,0,5.667,6
166,K,H,-0.9131,0.4663,3.5,6
166,K,I,-2.27,0.02571,5.5,6
166,K,K,0,0,,6
166,K,L,-2.183,0.07401,8.333,6
166,K,M,-2.471,0.2217,5.167,6
166,K,N,-1.04,0.5977,20.17,6
166,K,P,-2.975,0.3745,4.833,6
166,K,Q,-1.625,1.124,5.667,6
166,K,R,-1.995,0.7751,6.833,6
166,K,S,-2.26,0.2743,6.167,6
166,K,T,-1.551,0.3514,7.333,6
166,K,V,-1.858,0.3011,3.833,6
166,K,W,-2.647,0.3417,6.667,6
166,K,Y,-3.149,0.08721,6,6
167,I,A,-3.144,0,6.5,6
167,I,C,-3.29,0,5.167,6
167,I,D,-3.198,0,3.667,5
167,I,E,-3.177,0,5.833,6
167,I,F,-1.692,0.5104,6.333,6
167,I,G,-1.987,1.455,1.5,6
167,I,H,-2.886,0,4.833,6
167,I,I,0,0,,6
167,I,K,-3.112,0,5,6
167,I,L,-0.0813,0.3383,6.667,6
167,I,M,-1.669,0.5026,3.667,6
167,I,N,-2.481,0.1236,3.667,6
167,I,P,-3.233,0,4.333,6
167,I,Q,-2.816,0.2978,7,6
167,I,R,-3.111,0,8.167,6
167,I,S,-3.141,0,7.833,6
167,I,T,-3.052,0,5.833,6
167,I,V,-0.3275,0.5406,6.5,6
167,I,W,-2.984,0,8,6
167,I,Y,-3.252,0,5,6
168,K,*,0.9535,1.658,0.5,3
168,K,A,-1.325,0.3189,8.5,6
168,K,C,-1.697,0.5256,4,6
168,K,D,-3.136,0,3.333,6
168,K,E,-1.317,0.4057,9.667,6
168,K,F,-3.327,0,2.833,6
168,K,G,-2.651,0,9.333,6
168,K,H,0.04165,0.8008,5.333,6
168,K,I,-2.545,0.3403,6,6
168,K,K,0,0,,6
168,K,L,-2.49,0.1017,6.333,6
168,K,M,-2.051,0.4475,6,6
168,K,N,-0.9886,0.323,6.167,6
168,K,P,-2.926,0,4.667,6
168,K,Q,-0.932,0.3485,7.5,6
168,K,R,-1.167,0.3599,9.333,6
168,K,S,-0.9276,0.6543,5.667,6
168,K,T,-0.8725,0.7943,4.167,6
168,K,V,-1.782,0.1511,8.333,6
168,K,W,-2.978,0,7.5,6
168,K,Y,-2.357,0.3956,7.5,6
169,S,A,0.4549,0.5442,3.833,6
169,S,C,-3.362,0,6,6
169,S,D,0.4998,0.1719,7.167,6
169,S,E,0.4982,0.2889,6.333,6
169,S,F,0.5988,0.9166,4.333,6
169,S,G,-0.3056,0.2826,18.67,6
169,S,H,-0.07824,0.5284,4.333,6
169,S,I,-1.002,0.3992,11.17,6
169,S,K,-0.2576,0.6435,4.667,6
169,S,L,-0.03308,0.4161,7,6
169,S,M,-0.135,0.3099,3.833,6
169,S,N,-0.04107,0.1868,19.17,6
169,S,P,-2.981,0,7,6
169,S,Q,0.2342,0.673,7.833,6
169,S,R,-0.4546,0.3232,10.67,6
169,S,S,0,0,,6
169,S,T,-0.2581,0.6001,6.5,6
169,S,V,-0.3236,0.3102,6.333,6
169,S,W,-1.26,0.5192,5.667,6
169,S,Y,0.0641,0.1282,10.17,6
170,A,A,0,0,,6
170,A,C,-2.272,0.1896,7.333,6
170,A,D,-3.077,0,11,6
170,A,E,-2.998,0.1349,4.333,6
170,A,F,-3.214,0,7.333,6
170,A,G,-0.6822,0.7194,3.5,6
170,A,H,-1.882,0.1552,7.333,6
170,A,I,-2.855,0.3641,4.167,6
170,A,K,-2.398,0.05744,6.5,6
170,A,L,-2.898,0,7,6
170,A,M,-1.905,0.1734,8,6
170,A,N,-2.046,0.2071,5.5,6
170,A,P,-3.482,0,6.333,6
170,A,Q,-1.655,0.2173,7,6
170,A,R,-1.696,0.3198,7.667,6
170,A,S,-0.4209,0.2382,22.67,6
170,A,T,-2.269,0.2964,12.67,6
170,A,V,-1.972,0.1803,13.5,6
170,A,W,-3.326,0.975,2.5,6
170,A,Y,-2.966,0,4.333,6
171,L,A,-3.199,0,5.833,6
171,L,C,-3.124,0.2061,2,6
171,L,D,-3.221,0,4.667,6
171,L,E,-2.974,0,3.333,6
171,L,F,-2.681,0.2012,4.5,6
171,L,G,-3.206,0,5.833,6
171,L,H,-2.629,0.3358,7.333,6
171,L,I,-0.6802,0.3146,6.167,6
171,L,K,-3.09,0,7.333,6
171,L,L,0,0,,6
171,L,M,-0.5594,0.09273,27.5,6
171,L,N,-3.275,0,5.333,6
171,L,P,-2.826,0,6.667,6
171,L,Q,-1.702,0.4183,7.333,6
171,L,R,-3.489,0,9,6
171,L,S,-3.395,0.3641,4.167,6
171,L,T,-0.2314,0.3694,4.833,6
171,L,V,-0.6678,0.4719,5.5,6
171,L,W,-3.098,0,7.167,6
171,L,Y,-3.096,0,6.833,6
172,L,A,0.2006,0.294,4.5,6
172,L,C,-0.9766,0.735,5,6
172,L,D,-0.03285,0.4569,7,6
172,L,E,-0.09713,0.9151,6.833,6
172,L,F,-0.1957,0.6774,23.5,6
172,L,G,-0.2029,0.8548,5.833,6
172,L,H,0.08804,0.1307,5.5,6
172,L,I,-0.03815,0.4314,15,6
172,L,K,-0.01688,0.205,8,6
172,L,L,0,0,,6
172,L,M,0.4014,0.2297,5.833,6
172,L,N,-2.308,0.1997,5,6
172,L,P,-3.252,0,5.667,6
172,L,Q,-0.6237,0.5776,5.333,6
172,L,R,-0.6173,0.4812,5.833,6
172,L,S,0.166,0.9305,4,6
172,L,T,-0.2639,0.7392,4.833,6
172,L,V,0.7404,0.4221,5,6
172,L,W,0.1666,1.17,3.833,6
172,L,Y,-0.5232,0.4231,5.5,6
173,S,A,-0.2431,0.4299,5.833,6
173,S,C,-3.499,0,7,6
173,S,D,0.5369,1.227,5.167,6
173,S,E,-1.038,0.6593,4.333,6
173,S,F,-0.5708,0.2892,20,6
173,S,G,0.1255,0.3495,5.333,6
173,S,H,0.1835,0.2317,5.333,6
173,S,I,-0.7434,0.2465,7.833,6
173,S,K,-1.018,0.2314,4.667,6
173,S,L,-0.3383,0.3578,6.667,6
173,S,M,-0.1169,0.3751,8.333,6
173,S,N,0.1682,0.4019,8.833,6
173,S,P,-1.679,0.3054,8.5,6
173,S,Q,-0.7112,0.7976,5.167,6
173,S,R,-0.5484,0.8009,8,6
173,S,S,0,0,,6
173,S,T,0.7101,0.2563,6.833,6
173,S,V,-0.1373,1.006,3.667,6
173,S,W,-0.6606,0.4406,4.5,6
173,S,Y,-0.1534,0.4347,19,6
174,T,A,-0.737,0.735,7.667,6
174,T,C,-3.357,0,6.667,6
174,T,D,-1.008,0.456,8.333,6
174,T,E,-0.4702,0.08158,8.167,6
174,T,F,-2.466,0,4.167,6
174,T,G,-0.2914,0.7852,4.167,6
174,T,H,-1.155,0.3655,5.667,6
174,T,I,-2.826,0.02795,18,6
174,T,K,-1.202,0.3864,5.333,6
174,T,L,-3.1,0,5.833,6
174,T,M,-1.868,0.382,5.833,6
174,T,N,0.1965,0.133,9.833,6
174,T,P,-3.191,0,6.833,6
174,T,Q,-0.1195,0.4853,5.333,6
174,T,R,-1.066,0.2941,5.833,6
174,T,S,-0.2558,0.618,8,6
174,T,T,0,0,,6
174,T,V,-1.119,0.483,5.167,6
174,T,W,-3.136,0,7,6
174,T,Y,-0.9394,0.3829,4.5,6
175,N,-,-3.345,0,0.5,3
175,N,A,-2.18,0.2651,7.667,6
175,N,C,-2.879,0,10.17,6
175,N,D,-0.3523,0.5889,9.167,6
175,N,E,-0.4227,0.7092,1.833,6
175,N,F,-2.553,0.2094,4.5,6
175,N,G,-1.861,0.3897,1.833,6
175,N,H,-0.4577,0.6512,7,6
175,N,I,-2.836,0.01267,6.667,6
175,N,K,-1.558,0.2407,11.5,6
175,N,L,-3.034,0.1762,3.833,6
175,N,M,-3.21,0,6.5,6
175,N,N,0,0,,6
175,N,P,-2.312,0.1364,7.833,6
175,N,Q,-0.4458,0.313,6.167,6
175,N,R,-2.364,0.4059,3.333,6
175,N,S,0.3,0.6561,6.5,6
175,N,T,-0.7622,0.2625,8,6
175,N,V,-3.136,0,3.833,6
175,N,W,-3.346,0,5.667,6
175,N,Y,-3.308,0,9.5,6
176,K,A,-1.663,0.5681,2,6
176,K,C,-2.492,0,7,6
176,K,D,-0.9256,1.463,3.333,6
176,K,E,-3.246,0,10.5,6
176,K,F,-3.099,0,7,6
176,K,G,-3.322,0,8,6
176,K,H,-1.915,0.1567,6.333,6
176,K,I,-3.458,0,3.333,6
176,K,K,0,0,,6
176,K,L,-3.272,0,5.833,6
176,K,M,-3.443,0,8,6
176,K,N,-3.016,0,26.33,6
176,K,P,-3.428,0,9.333,6
176,K,Q,-3.322,0,7.667,6
176,K,R,-0.8883,0.2683,6.333,6
176,K,S,-2.256,0.2998,2.333,6
176,K,T,-3.343,0.01752,8.5,6
176,K,V,-3.48,0,6.667,6
176,K,W,-3.093,0,5.333,6
176,K,Y,-3.304,0,6.167,6
177,A,A,0,0,,6
177,A,C,-2.402,0.2117,5.167,6
177,A,D,-3.016,0,17.5,6
177,A,E,-3.208,0,5.333,6
177,A,F,-3.222,0,5.333,6
177,A,G,-0.4005,0.4972,4.167,6
177,A,H,-2.676,0,4.333,6
177,A,I,-3.155,0,6,6
177,A,K,-3.262,0,5.333,6
177,A,L,-3.117,0,5.667,6
177,A,M,-2.843,0,3.167,6
177,A,N,0.085,1.469,4,6
177,A,P,-3.234,0,4.5,6
177,A,Q,-2.135,0.3127,2.5,6
177,A,R,-2.584,0.2363,6.5,6
177,A,S,-2.215,0.3198,25.33,6
177,A,T,-3.208,0,20,6
177,A,V,-2.296,0.2654,10.5,6
177,A,W,-3.213,0,3.833,6
177,A,Y,-2.964,0,6.667,6
178,V,*,-3.483,0,0.5,3
178,V,A,-0.6126,0.5233,7.833,6
178,V,C,-3.092,0,7.167,6
178,V,D,-2.777,0.02422,7.167,6
178,V,E,-3.133,0,7,6
178,V,F,-1.72,0.574,5.333,6
178,V,G,-3.05,0,2.667,6
178,V,H,-0.0814,1.07,2.667,6
178,V,I,-0.3158,0.1708,21.5,6
178,V,K,-2.019,0.4714,7,6
178,V,L,0.1537,0.2614,14.67,6
178,V,M,0.08801,0.7029,5.667,6
178,V,N,-3.481,0,6.333,6
178,V,P,-2.827,0.2825,3.833,6
178,V,Q,-0.5198,0.7662,5,6
178,V,R,0.9447,0.4915,1,3
178,V,S,-0.6411,0.3723,6.333,6
178,V,T,0.9494,0.6366,4.5,6
178,V,V,0,0,,6
178,V,W,-0.7362,0.7103,5,6
178,V,Y,-1.047,0.5499,4.667,6
179,V,A,-2.856,0.1405,9.333,6
179,V,C,-1.617,0.2676,5.833,6
179,V,D,-1.896,0.684,3.667,6
179,V,E,-3.308,0,6.333,6
179,V,F,-3.272,0,6.333,6
179,V,G,-2.893,0.1017,3.667,6
179,V,H,-3.256,0,5.333,6
179,V,I,-0.13,0.2681,6.5,6
179,V,K,-2.984,0,5.5,6
179,V,L,-1.657,0.4285,10.5,6
179,V,M,-3.256,0,14.33,6
179,V,N,-3.04,0,7.833,6
179,V,P,-3.169,0,6.333,6
179,V,Q,-3.072,0,6,6
179,V,R,-3.134,0,4.667,6
179,V,S,-3.162,0,8.333,6
179,V,T,-2.9,0,6.5,6
179,V,V,0,0,,6
179,V,W,-2.911,0,8.667,6
179,V,Y,-3.31,0,3.5,6
180,S,A,0.08246,0.3451,2.333,6
180,S,C,-3.499,0,8.5,6
180,S,D,-2.064,0.1933,8.667,6
180,S,E,-2.198,0.1757,7,6
180,S,F,-3.397,0,14.5,6
180,S,G,-0.9746,0.714,4.833,6
180,S,H,-3.176,0,5.833,6
180,S,I,-3.474,0,8,6
180,S,K,-3.434,0,6.667,6
180,S,L,-3.268,0,7,6
180,S,M,-3.173,0,8.333,6
180,S,N,-1.615,0.5218,4.333,6
180,S,P,-1.488,0.3435,8.167,6
180,S,Q,-0.4495,0.4497,8.5,6
180,S,R,-3.456,0,9.667,6
180,S,S,0,0,,6
180,S,T,-3.513,0,9.5,6
180,S,V,-3.162,0.1371,4.5,6
180,S,W,-1.633,0.7568,5.333,6
180,S,Y,-2.67,0,12.5,6
181,L,A,-3.353,0,4.833,6
181,L,C,-3.192,0,6.167,6
181,L,D,-3.186,0,7.333,6
181,L,E,-3.106,0,6.333,6
181,L,F,-1.607,0.3854,4.333,6
181,L,G,-3.298,0,4.5,6
181,L,H,-2.918,0.1011,4.333,6
181,L,I,-2.928,0.07697,3.167,6
181,L,K,-2.63,0,5.333,6
181,L,L,0,0,,6
181,L,M,-2.058,0.369,18.67,6
181,L,N,-3.385,0,6.833,6
181,L,P,-3.172,0,8,6
181,L,Q,-3.199,0,9.167,6
181,L,R,-3.45,0,2.5,6
181,L,S,-3.009,0,5.667,6
181,L,T,-3.385,0,5.167,6
181,L,V,-3.061,0,7.167,6
181,L,W,-3.098,0,8.667,6
181,L,Y,-2.002,0.6055,5.333,6
182,S,A,-0.072,0.5782,4.333,6
182,S,C,-3.437,0,4.333,6
182,S,D,-1.247,0.6704,5,6
182,S,E,-0.7439,0.4457,7.667,6
182,S,F,-3.28,0,15.17,6
182,S,G,-2.596,0,4.667,6
182,S,H,-1.526,0.5509,4.833,6
182,S,I,-3.325,0,5,6
182,S,K,0.8337,0.9623,4,6
182,S,L,-3.037,0,7.667,6
182,S,M,-2.75,0,6.667,6
182,S,N,-0.007,0.441,4.833,6
182,S,P,-2.983,0,5.167,6
182,S,Q,-0.6973,0.8299,4.5,6
182,S,R,-0.3251,0.5072,3.667,6
182,S,S,0,0,,6
182,S,T,-0.3094,0.4288,4.833,6
182,S,V,-2.803,0,8,6
182,S,W,-3.122,0,6,6
182,S,Y,-3.186,0,12.83,6
183,N,*,-2.317,0.1004,0.5,3
183,N,A,-1.711,0.4727,3.333,6
183,N,C,-1.817,0.1531,4.5,6
183,N,D,-1.492,0.4872,5.333,6
183,N,E,-1.915,0.4942,4.167,6
183,N,F,-2.68,0,4.833,6
183,N,G,-1.755,0.2364,4.667,6
183,N,H,-2.502,0.2834,6.167,6
183,N,I,-2.988,0,6.167,6
183,N,K,-1.865,0.2535,9.333,6
183,N,L,-2.385,0,7.667,6
183,N,M,-0.8649,0.538,4.833,6
183,N,N,0,0,,6
183,N,P,-3.386,0,4.833,6
183,N,Q,-1.51,0.3666,6.167,6
183,N,R,-1.954,0.602,4,6
183,N,S,-0.2299,0.616,4.833,6
183,N,T,-0.8741,0.6194,6.333,6
183,N,V,-3.08,0,5.167,6
183,N,W,-2.155,0.2217,4,6
183,N,Y,-1.341,1.085,3,6
184,G,*,-3.333,0,27.33,6
184,G,A,-3.46,0,3.333,6
184,G,C,-3.36,0,7.333,6
184,G,D,-3.09,0,5.833,6
184,G,E,-3.358,0,20.5,6
184,G,F,-2.746,0,6.667,6
184,G,G,0,0,,6
184,G,H,-3.202,0,4.5,6
184,G,I,-2.954,0,5,6
184,G,K,-2.998,0,2.167,5
184,G,L,-2.988,0,11.5,6
184,G,M,-3.154,0,6,6
184,G,N,-3.497,0,6.167,6
184,G,P,-3.191,0,3.5,6
184,G,Q,-3.164,0,6.167,6
184,G,R,-3.251,0,18.67,6
184,G,S,-2.159,0.3921,6.167,6
184,G,T,-3.117,0,5.333,6
184,G,V,-2.982,0,33.17,6
184,G,W,-2.482,0.07416,3.833,6
184,G,Y,-2.829,0,4.667,6
185,V,A,-1.707,1.171,3.167,6
185,V,C,-1.684,0.3097,6.5,6
185,V,D,-0.06668,0.4101,3.667,3
185,V,E,-0.4074,0.6622,5.333,6
185,V,F,-0.0428,0.4056,5.167,6
185,V,G,-0.8483,0.8978,2.833,6
185,V,H,-1.447,0.3592,2.833,6
185,V,I,0.2157,0.2352,6,6
185,V,K,-3.18,0,5,6
185,V,L,-0.4885,0.6474,7.833,6
185,V,M,-0.1848,0.3938,22,6
185,V,N,-1.021,0.7034,2.667,6
185,V,P,-3.211,0,2.833,6
185,V,Q,-1.091,0.3924,6.167,6
185,V,R,-1.974,1.081,2.5,6
185,V,S,-3.013,0.1595,3.667,6
185,V,T,-3.441,0,5.833,6
185,V,V,0,0,,6
185,V,W,-2.439,0.3693,5.5,6
185,V,Y,-0.1793,0.4001,6,6
186,S,A,-1.13,0.3735,5.167,6
186,S,C,-3.466,0,4.667,6
186,S,D,-2.397,0.2236,6.333,6
186,S,E,-3.42,0,5.333,6
186,S,F,-3.484,0,17.83,6
186,S,G,-1.027,0.409,6.5,6
186,S,H,-3.503,0,7.167,6
186,S,I,-3.389,0,4,6
186,S,K,-3.461,0,8.167,6
186,S,L,-3.304,0,3,6
186,S,M,-3.333,0,6,6
186,S,N,-3.377,0,3.833,6
186,S,P,-1.562,0.3817,8.667,6
186,S,Q,-3.444,0,7.333,6
186,S,R,-3.335,0,6.167,6
186,S,S,0,0,,6
186,S,T,-2.513,0,6.5,6
186,S,V,-3.323,0,4.5,6
186,S,W,-3.418,0,4,6
186,S,Y,-2.905,0,14.67,6
187,V,A,-1.065,0.2978,9.333,6
187,V,C,-0.6387,0.5028,5.667,6
187,V,D,-3.332,0,6.667,6
187,V,E,-2.99,0,7.833,6
187,V,F,-3.165,0,4.333,6
187,V,G,-3.346,0,7,6
187,V,H,-3.061,0,4,6
187,V,I,-0.7528,0.6206,8.167,6
187,V,K,-3.159,0,3.667,6
187,V,L,-1.653,0.2631,13.67,6
187,V,M,-1.885,0.2866,14.67,6
187,V,N,-3.205,0,7.667,6
187,V,P,-3.197,0,7,6
187,V,Q,-2.683,0,4.5,6
187,V,R,-2.844,0,9,6
187,V,S,-3.107,0.3339,4.833,6
187,V,T,-1.122,0.4274,4.333,6
187,V,V,0,0,,6
187,V,W,-2.496,0.02311,5.167,6
187,V,Y,-2.75,0.1267,8,6
188,L,A,-1.602,0.459,5.167,6
188,L,C,-1.736,0.4762,6.333,6
188,L,D,-3.401,0,4.167,6
188,L,E,-3.083,0.0287,5.833,6
188,L,F,-0.8264,0.5141,6.333,6
188,L,G,-3.11,0,3.5,6
188,L,H,-1.125,0.5488,4.833,6
188,L,I,-0.9042,0.4514,6.167,6
188,L,K,-3.398,0.06149,3.833,6
188,L,L,0,0,,6
188,L,M,0.4701,0.227,14.5,6
188,L,N,-3.413,0,4.333,6
188,L,P,-2.692,0.202,8.333,6
188,L,Q,-1.378,0.629,6.167,6
188,L,R,-2.604,0,4,6
188,L,S,-1.149,0.659,5.167,6
188,L,T,-0.3922,0.8094,4,6
188,L,V,0.1707,0.2364,5.5,6
188,L,W,-1.165,0.542,7.833,6
188,L,Y,-1.122,0.4454,4.5,6
189,T,A,0.08549,0.5046,7.833,6
189,T,C,-2.168,0.1919,4.167,6
189,T,D,-2.963,0.02162,4.667,6
189,T,E,-3.099,0,4.167,6
189,T,F,0.2503,0.3209,5.333,6
189,T,G,-1.766,0.4617,4.167,6
189,T,H,-3.414,0,4.333,6
189,T,I,-0.9479,0.317,18.5,6
189,T,K,-2.777,0,8.667,6
189,T,L,-2.647,0,5.667,6
189,T,M,-0.2234,0.3381,7.333,6
189,T,N,-2.86,0,11.67,6
189,T,P,-3.188,0.1718,4.167,6
189,T,Q,-2.4,0.02683,4.833,6
189,T,R,-2.985,0,4,6
189,T,S,-1.287,0.8166,3.5,6
189,T,T,0,0,,6
189,T,V,-1.899,0.35,5,6
189,T,W,-3.048,0,6.333,6
189,T,Y,-3.115,0,3.5,6
190,S,A,-1.348,0.6811,3.667,6
190,S,C,-1.087,0.2797,4.167,3
190,S,D,-3.089,0,5.333,6
190,S,E,-0.9457,0.4359,3.333,6
190,S,F,-3.35,0,5.333,6
190,S,G,-2.133,0.3055,6.167,6
190,S,H,0.6414,0.3256,3.5,6
190,S,I,-3.514,0,18.17,6
190,S,K,-1.111,0.5281,2.667,6
190,S,L,-3.482,0,5.167,6
190,S,M,-3.388,0,8,6
190,S,N,-0.03266,0.2117,20.33,6
190,S,P,-3.153,0,5.667,6
190,S,Q,0.2903,0.2237,6.833,6
190,S,R,-0.8104,0.2692,14,6
190,S,S,0,0,,6
190,S,T,0.3656,0.9429,3.167,6
190,S,V,-3.063,0.03056,5.667,6
190,S,W,-1.815,0.8983,5.167,6
190,S,Y,-3.428,0,6.167,6
191,K,A,-2.972,0,5.333,6
191,K,C,-1.487,0.7353,6,6
191,K,D,-3.015,0,4.333,6
191,K,E,-1.993,0.4598,8,6
191,K,F,-2.804,0,6.5,6
191,K,G,-3.024,0,2.5,6
191,K,H,-3.255,0,5.5,3
191,K,I,-3.173,0,4,6
191,K,K,0,0,,6
191,K,L,-2.147,0.5004,2.5,6
191,K,M,-1.486,0.37,5,6
191,K,N,-1.797,0.4898,22.17,6
191,K,P,-2.671,0.05329,5.833,6
191,K,Q,-1.107,0.3075,6.5,6
191,K,R,0.3862,0.5506,7.5,6
191,K,S,-0.7103,0.2798,7.167,6
191,K,T,-1.536,0.3777,6,6
191,K,V,-1.898,0.5723,4.5,6
191,K,W,-3.248,0,5,6
191,K,Y,-3.059,0,5.333,6
192,V,A,-3.142,0.09168,6.833,6
192,V,C,-3.171,0,5.5,6
192,V,D,-3.14,0.2788,1.167,5
192,V,E,-3.162,0,6.667,6
192,V,F,-3.373,0,9.333,6
192,V,G,-3.317,0,4.167,6
192,V,H,-2.864,0,3.5,6
192,V,I,-0.08491,0.607,6.667,6
192,V,K,-2.67,0.001863,4,6
192,V,L,-2.524,0.2404,8.667,6
192,V,M,-3.15,0,14.83,6
192,V,N,-3.151,0,3.833,6
192,V,P,-3.184,0,8,6
192,V,Q,-3.177,0,4.833,6
192,V,R,-3.02,0,7,6
192,V,S,-3.183,0,5,6
192,V,T,-3.338,0,3.333,6
192,V,V,0,0,,6
192,V,W,-3.189,0,7,6
192,V,Y,-3.134,0.05739,3.5,6
193,L,A,-0.09545,1.053,4,6
193,L,C,-0.136,0.8075,2.5,6
193,L,D,1.12,0.5184,2.833,6
193,L,E,0.6964,0.5412,3.333,6
193,L,F,-1.006,0.3865,7.667,6
193,L,G,0.2967,0.6437,5.167,6
193,L,H,1.387,0.2257,4,6
193,L,I,-2.982,0,5,6
193,L,K,-2.867,0,6.167,6
193,L,L,0,0,,6
193,L,M,-0.4615,0.1933,9,6
193,L,N,0.1565,0.3462,6.833,6
193,L,P,-1.491,0.3222,6.5,6
193,L,Q,-0.6133,0.5951,5.167,6
193,L,R,-3.072,0,6.333,6
193,L,S,0.7566,0.3207,4,6
193,L,T,-0.5739,0.1555,4,6
193,L,V,-1.178,0.7332,2.833,6
193,L,W,0.245,0.5027,5.333,6
193,L,Y,-0.3856,0.5169,8.5,6
194,D,A,-3.335,0,2.5,6
194,D,C,-3.105,0.1737,3.167,6
194,D,D,0,0,,6
194,D,E,-3.141,0,13.67,6
194,D,F,-3.412,0,7.167,6
194,D,G,-3.461,0,4.833,6
194,D,H,-3.169,0,6.167,6
194,D,I,-3.206,0,2.5,6
194,D,K,-3.268,0,7.333,6
194,D,L,-3.322,0,2.833,6
194,D,M,-3.396,0,8.667,6
194,D,N,-1.362,0.5467,13.83,6
194,D,P,-3.247,0,6.667,6
194,D,Q,-3.051,0,12,6
194,D,R,-3.22,0,9.667,6
194,D,S,-1.766,0.1706,5.167,6
194,D,T,-3.175,0,6,6
194,D,V,-0.7622,1.477,2,6
194,D,W,-3.158,0,9.167,6
194,D,Y,-3.311,0,35.5,6
195,L,A,-3.205,0,6.833,6
195,L,C,-2.368,0.1402,6.5,6
195,L,D,-2.851,0,5.5,6
195,L,E,-3.063,0,5.5,6
195,L,F,-3.447,0,5.333,6
195,L,G,-1.57,0.8903,5.833,6
195,L,H,-2.883,0.06895,3.833,6
195,L,I,-0.5173,1.104,2.667,6
195,L,K,-2.862,0,6.167,6
195,L,L,0,0,,6
195,L,M,-0.9533,0.5205,14.33,6
195,L,N,-3.075,0,8.333,6
195,L,P,-2.96,0,16,6
195,L,Q,-3.125,0,6.667,6
195,L,R,-2.513,0.1494,9.833,6
195,L,S,-2.972,0,8.333,6
195,L,T,-3.347,0,4,6
195,L,V,-3.271,0,3.5,6
195,L,W,-3.385,0,8.5,6
195,L,Y,-2.954,0,5.167,6
196,K,*,-3.308,0,8.5,6
196,K,A,-1.2,0.4992,8.5,6
196,K,C,-3.216,0,3,3
196,K,D,-3.298,0,4.333,6
196,K,E,-3.45,0,17.83,6
196,K,F,-3.247,0,4.333,6
196,K,G,-0.3928,0.5348,5.833,6
196,K,H,-1.716,1.034,4.5,6
196,K,I,-3.142,0,10,6
196,K,K,0,0,,6
196,K,L,-2.99,0,20.67,6
196,K,M,-3.186,0,15.17,6
196,K,N,-3.482,0,19,6
196,K,P,-3.148,0,11.17,6
196,K,Q,-2.428,0.02124,10.83,6
196,K,R,-0.7461,0.2809,22.83,6
196,K,S,-3.45,0,13.67,6
196,K,T,-3.209,0,10.33,6
196,K,V,-2.867,0,9.667,6
196,K,W,-2.787,0.1256,7.167,6
196,K,Y,-3.211,0,10.83,6
197,N,*,-3.117,0.1032,2,6
197,N,A,-0.2626,0.3418,6.833,6
197,N,C,-0.4814,0.5883,9.333,6
197,N,D,0.4563,0.4363,6.833,6
197,N,E,0.2952,0.4722,7.5,6
197,N,F,-1.107,0.3597,12.33,6
197,N,G,0.08522,0.2859,10.5,6
197,N,H,-0.4786,0.3786,15.83,6
197,N,I,-0.5686,0.3468,12.17,6
197,N,K,-0.9993,0.4634,9.833,6
197,N,L,-1.338,0.7373,8.667,6
197,N,M,-0.1746,0.152,8.5,6
197,N,N,0,0,,6
197,N,P,-3.223,0,10.33,6
197,N,Q,-0.6748,0.5245,7,6
197,N,R,-0.8669,0.4797,14.33,6
197,N,S,0.3571,0.3817,17.67,6
197,N,T,0.2813,0.373,13.33,6
197,N,V,-1.595,0.5119,8.333,6
197,N,W,0.08633,1.137,4,6
197,N,Y,-0.8511,0.744,9,6
198,Y,*,-3.026,0,9.333,6
198,Y,-,-0.6775,0.8295,0.5,3
198,Y,A,-3.218,0.07603,5.333,6
198,Y,C,-3.438,0,7.167,6
198,Y,D,-3.375,0,8.667,6
198,Y,E,-3.354,0,5.333,6
198,Y,F,-1.061,0.3167,8,6
198,Y,G,-3.529,0,9.833,6
198,Y,H,-3.542,0,13.17,6
198,Y,I,-3.243,0,5.5,6
198,Y,K,-3.183,0,9.167,6
198,Y,L,-3.43,0,15.33,6
198,Y,M,-3.487,0,11.17,6
198,Y,N,-3.523,0,11.33,6
198,Y,P,-3.471,0,7,6
198,Y,Q,-3.492,0,10.33,6
198,Y,R,-3.426,0,10.17,6
198,Y,S,-3.49,0,15,6
198,Y,T,-3.362,0,8.333,6
198,Y,V,-3.377,0,12.83,6
198,Y,W,-1.378,0.5707,5.167,6
198,Y,Y,0,0,,6
199,I,*,-3.595,0,1,3
199,I,-,-0.8846,0.9428,0.5,3
199,I,A,-3.125,0,8,6
199,I,C,-3.084,1.107,5,6
199,I,D,-3.412,0,6.167,6
199,I,E,-3.106,0,6.333,6
199,I,F,-0.1909,0.5248,9.833,6
199,I,G,-3.436,0,10.5,6
199,I,H,-3.329,0,6,6
199,I,I,0,0,,6
199,I,K,-3.438,0,3.833,6
199,I,L,0.5091,0.667,15.33,6
199,I,M,-0.3268,0.8816,3.167,6
199,I,N,-3.285,0,10.33,6
199,I,P,-3.511,0,11.67,6
199,I,Q,-3.061,0.1685,3.167,6
199,I,R,-3.322,0,8.5,6
199,I,S,-3.279,0,13.5,6
199,I,T,-3.271,0,15.5,6
199,I,V,-3.17,0.08013,10.67,6
199,I,W,-3.299,0,4.5,6
199,I,Y,-3.153,0,7.5,6
200,D,*,-2.32,0.5856,3.5,6
200,D,A,-2.49,0.2735,8.5,6
200,D,C,-3.381,0,10.17,6
200,D,D,0,0,,6
200,D,E,-0.2202,0.5403,10.33,6
200,D,F,-3.17,0,4.833,6
200,D,G,-3.234,0.06522,13.83,6
200,D,H,-2.173,0.3853,5,6
200,D,I,-2.034,0.2263,7.333,6
200,D,K,-2.985,0,9.5,6
200,D,L,-2.692,0,14.33,6
200,D,M,-2.364,0,11.5,6
200,D,N,-0.412,0.3027,22,6
200,D,P,-3.465,0,7.833,6
200,D,Q,-1.048,0.2915,7.833,6
200,D,R,-3.024,0,7.167,6
200,D,S,-1.728,0.1916,12.17,6
200,D,T,-1.618,0.4009,9.167,6
200,D,V,-1.7,0.2674,6.833,6
200,D,W,-3.315,0,3.5,5
200,D,Y,-3.292,0,14.5,6
201,K,*,-2.965,0.02721,4.5,6
201,K,A,-0.1958,0.3243,8,6
201,K,C,-1.216,0.7201,5.667,6
201,K,D,-0.4676,0.4288,5.833,6
201,K,E,0.1518,0.4594,12.33,6
201,K,F,0.2048,0.2285,7,6
201,K,G,-0.6241,0.5716,7.5,6
201,K,H,-0.08281,0.352,4.833,6
201,K,I,-0.6486,0.3352,10.5,6
201,K,K,0,0,,6
201,K,L,0.1369,0.4327,11.33,6
201,K,M,0.4425,0.6368,8.167,6
201,K,N,0.3734,0.3364,18.17,6
201,K,P,-3.196,0,8.5,6
201,K,Q,-0.4969,0.372,5.167,6
201,K,R,-0.2938,0.5731,14.67,6
201,K,S,-0.09495,0.362,11,6
201,K,T,0.2583,0.4814,7.167,6
201,K,V,-1.18,0.4668,7.5,6
201,K,W,-0.5426,0.4147,4.833,6
201,K,Y,-0.2463,0.9558,7.167,6
202,Q,*,-3.47,0,21.83,6
202,Q,A,-0.5609,0.7396,7.167,6
202,Q,C,-0.7438,0.4427,6,6
202,Q,D,-0.1709,0.9336,4.5,6
202,Q,E,0.8291,0.5446,10,6
202,Q,F,-1.7,0.1991,5.833,6
202,Q,G,-2.551,0.05665,7.833,6
202,Q,H,-0.3141,0.2116,18.67,6
202,Q,I,-1.895,0.2346,7,6
202,Q,K,-0.2288,0.2883,13.17,6
202,Q,L,-2.446,0.01252,18.33,6
202,Q,M,-1.536,0.2902,10.33,6
202,Q,N,0.2131,0.4432,10.67,6
202,Q,P,-3.267,0,12.17,6
202,Q,Q,0,0,,6
202,Q,R,-0.4325,0.1851,18.17,6
202,Q,S,-0.2847,0.2427,14.17,6
202,Q,T,0.5966,0.5017,9.5,6
202,Q,V,-0.5771,0.2981,17.17,6
202,Q,W,-1.217,0.5813,7.333,6
202,Q,Y,-1.003,0.303,5.167,6
203,L,A,-3.429,0,5.5,6
203,L,C,-3.311,0,6.5,6
203,L,D,-3.123,0,2.833,6
203,L,E,-3.143,0,5.167,6
203,L,F,-2.604,0,13.83,6
203,L,G,-3.203,0,4.833,6
203,L,H,-3.446,0,9.667,6
203,L,I,-0.2964,0.3523,9.333,6
203,L,K,-3.021,0,6.333,6
203,L,L,0,0,,6
203,L,M,-3.434,0,5.5,6
203,L,N,-3.407,0,5,6
203,L,P,-3.38,0,7.167,6
203,L,Q,-3.25,0,4.667,6
203,L,R,-3.372,0,6,6
203,L,S,-3.264,0,4.833,6
203,L,T,-3.279,0,7.333,6
203,L,V,0.6856,0.1774,6.667,6
203,L,W,-3.252,0,5.667,6
203,L,Y,-3.415,0,4.333,6
204,L,*,-1.939,1.196,2.667,6
204,L,A,-0.2278,0.9288,8.5,6
204,L,C,-3.395,0,6,6
204,L,D,-1.88,0.1952,2.5,6
204,L,E,-2.247,0.1923,6.5,6
204,L,F,-0.6141,0.4556,6.833,6
204,L,G,-1.717,0.5769,10.5,6
204,L,H,-2.181,0.2538,9.333,6
204,L,I,-0.2748,0.2798,7,6
204,L,K,-0.7589,0.3636,9.833,6
204,L,L,0,0,,6
204,L,M,-1.201,0.7663,12.67,6
204,L,N,-2.33,0.4972,5.5,6
204,L,P,-3.381,0,9.667,6
204,L,Q,-1.829,0.1468,6.5,6
204,L,R,-0.6334,0.5135,14.83,6
204,L,S,-0.707,0.4565,14.5,6
204,L,T,-1.6,0.3019,6,6
204,L,V,-0.6723,0.6699,4.667,6
204,L,W,-0.1598,0.5527,9.833,6
204,L,Y,-0.9352,0.6493,6,6
205,P,*,-2.639,0.1178,3,6
205,P,A,-2.151,0.4621,9.833,6
205,P,C,-3.287,0,11,6
205,P,D,-0.8142,0.2874,6.167,6
205,P,E,-0.5837,0.6482,6.833,6
205,P,F,-2.221,0.2859,6.833,6
205,P,G,-0.8875,0.4059,10.17,6
205,P,H,-2.258,0.3954,5.833,6
205,P,I,-2.139,0.09159,6.167,6
205,P,K,-1.381,0.08908,6.667,6
205,P,L,-2.357,0.1371,21,6
205,P,M,-2.793,0.4042,6.833,6
205,P,N,-1.84,0.2954,11.5,6
205,P,P,0,0,,6
205,P,Q,-2.167,0.01342,15.5,6
205,P,R,-1.105,0.5193,13.33,6
205,P,S,-1.723,0.2668,28.33,6
205,P,T,-1.143,0.3168,18.5,6
205,P,V,-2.242,0.1697,7.333,6
205,P,W,-2.442,0.05068,7.5,6
205,P,Y,-1.822,0.6795,9,6
206,I,*,-2.673,0.1394,3.333,6
206,I,A,-0.3923,0.5243,4.833,6
206,I,C,-3.444,0,12.33,6
206,I,D,-0.3706,0.2306,9,6
206,I,E,-0.1973,0.3459,5.333,6
206,I,F,-1.163,0.6127,9.167,6
206,I,G,-1.885,0.4915,5.167,6
206,I,H,0.04785,0.4417,9.333,6
206,I,I,0,0,,6
206,I,K,0.8015,0.3605,6.833,6
206,I,L,0.1825,0.2609,9.667,6
206,I,M,-0.2751,0.5784,7.333,6
206,I,N,-0.6502,0.3773,12.5,6
206,I,P,-2.091,0.2443,7.833,6
206,I,Q,-0.4238,0.5506,3.833,6
206,I,R,0.2995,0.5335,9.333,6
206,I,S,-0.5341,0.5675,11,6
206,I,T,-0.4252,0.3277,12.83,6
206,I,V,-0.512,0.4852,11,6
206,I,W,-1.185,0.4166,8,6
206,I,Y,-0.6655,0.2422,14.33,6
207,V,*,0.1699,1.5,0.6667,4
207,V,A,-1.752,0.1336,11.5,6
207,V,C,-3.287,0,2.5,6
207,V,D,-1.818,0.2554,5,6
207,V,E,-1.597,0.273,10.5,6
207,V,F,-0.2616,0.33,6.167,6
207,V,G,-1.459,0.2023,10.83,6
207,V,H,-1.788,0.4594,5.333,6
207,V,I,-0.9394,1.148,5.167,6
207,V,K,-1.83,0.5136,6.333,6
207,V,L,-0.9032,0.5306,14.67,6
207,V,M,-0.2984,0.2154,20.33,6
207,V,N,-1.302,0.4323,8.333,6
207,V,P,-3.385,0,5.167,6
207,V,Q,-1.188,0.3474,7.833,6
207,V,R,-1.627,0.3546,9.667,6
207,V,S,-0.8046,0.6748,5.167,6
207,V,T,-0.9756,0.6899,6.833,6
207,V,V,0,0,,6
207,V,W,-0.6863,0.8348,6.333,6
207,V,Y,-1.745,0.534,6.333,6
208,N,*,-3.273,0,2.833,6
208,N,A,-0.2274,0.401,7.833,6
208,N,C,-3.341,0,8.333,6
208,N,D,0.1921,0.3312,22,6
208,N,E,-0.0493,0.6549,6.333,6
208,N,F,-1.03,0.1948,6.667,6
208,N,G,-0.4037,0.3167,8.667,6
208,N,H,-0.9081,0.5025,5.5,6
208,N,I,-1.179,0.2704,21.17,6
208,N,K,-0.7746,0.6637,10.83,6
208,N,L,-0.3654,0.5038,7.5,6
208,N,M,0.1466,0.4454,6.5,6
208,N,N,0,0,,6
208,N,P,-2.746,0.05665,6.167,6
208,N,Q,0.7043,0.3258,2.5,6
208,N,R,-0.8186,0.6277,9,6
208,N,S,0.2242,0.3344,12,6
208,N,T,0.1071,0.3606,7.833,6
208,N,V,0.1629,0.2067,9.833,6
208,N,W,-1.052,0.4146,8.333,6
208,N,Y,-0.9172,0.4518,11.5,6
209,K,*,-1.008,0.959,1.5,6
209,K,A,0.3858,0.304,8.333,6
209,K,C,-3.067,0.001491,3.167,6
209,K,D,-0.0739,0.4689,8.333,6
209,K,E,0.3225,0.3079,6,6
209,K,F,-2.691,0.4697,7.5,6
209,K,G,-0.06261,0.2485,9.5,6
209,K,H,0.2638,0.4117,2.5,3
209,K,I,-0.07378,0.3422,11.33,6
209,K,K,0,0,,6
209,K,L,-0.8491,0.7296,5,6
209,K,M,-0.09051,0.4056,8.167,6
209,K,N,1.271,0.2007,21,6
209,K,P,-1.498,0.5086,8.833,6
209,K,Q,0.5685,0.2162,5,6
209,K,R,0.2741,0.6746,9.167,6
209,K,S,0.3935,0.512,6.167,6
209,K,T,0.2157,0.5579,9.833,6
209,K,V,0.04895,0.4058,3.833,4
209,K,W,-0.7704,0.3069,8.5,6
209,K,Y,-1.885,0.7858,10,6
210,Q,*,-3.292,0,32.33,6
210,Q,A,0.1979,0.4117,9.167,6
210,Q,C,-3.393,0,7,6
210,Q,D,-0.3647,0.8175,9.833,6
210,Q,E,0.4088,0.3708,8.5,6
210,Q,F,-1.574,0.309,7.5,6
210,Q,G,-0.287,0.3376,12.83,6
210,Q,H,-0.5634,0.6068,15.5,6
210,Q,I,-0.3793,0.581,6.833,6
210,Q,K,-1.112,0.5693,12.17,6
210,Q,L,-0.7945,0.1887,16.83,6
210,Q,M,-0.492,0.7064,9.833,6
210,Q,N,0.5101,0.3195,10.33,6
210,Q,P,-2.586,0.2716,11.33,6
210,Q,Q,0,0,,6
210,Q,R,-2.292,0.4368,11.5,6
210,Q,S,0.666,0.1495,18.17,6
210,Q,T,0.4095,0.3589,13.83,6
210,Q,V,-0.3453,0.2186,12.17,6
210,Q,W,-1.966,0.2402,8.833,6
210,Q,Y,-1.083,0.6868,6.833,6
211,S,*,-2.674,1.114,1.5,3
211,S,A,0.01516,0.5242,7.5,6
211,S,C,-2.042,0.1126,10.67,6
211,S,D,0.6497,0.3698,7.667,6
211,S,E,0.7109,0.4859,10.83,6
211,S,F,-0.6791,0.3115,9.167,6
211,S,G,-0.1477,0.4675,13,6
211,S,H,-0.5857,0.3224,7.667,6
211,S,I,-0.7645,0.5043,14.83,6
211,S,K,-0.5873,0.5853,7.833,6
211,S,L,-1.2,0.2684,12,6
211,S,M,-0.8578,0.1471,6.833,6
211,S,N,-0.2502,0.2384,17.5,6
211,S,P,-3.244,0,6.833,6
211,S,Q,-0.3441,0.3452,7.833,6
211,S,R,-0.1904,0.6844,22,6
211,S,S,0,0,,6
211,S,T,0.5146,0.4673,9,6
211,S,V,-0.2457,0.2806,12.5,6
211,S,W,-1.095,0.4362,10.83,6
211,S,Y,-2.43,0.1648,7.833,6
212,C,*,-3.083,0,10.67,6
212,C,A,-2.62,0.1405,9.5,6
212,C,C,0,0,,6
212,C,D,-2.893,0.9165,6.5,6
212,C,E,-2.506,0.1488,7.167,6
212,C,F,-3.248,0,26.33,6
212,C,G,-2.714,0,13.5,6
212,C,H,-3.346,0,6.167,6
212,C,I,-3.16,0,7.5,6
212,C,K,-3.207,0,5.5,6
212,C,L,-3.436,0,13.17,6
212,C,M,-3.07,0,4,6
212,C,N,-3.175,0,7.333,6
212,C,P,-2.96,0,7.833,6
212,C,Q,-3.451,0,5.167,6
212,C,R,-3.255,0,17,6
212,C,S,-2.471,0.2657,17.17,6
212,C,T,-3.181,0.03019,7.5,6
212,C,V,-3.297,0,12,6
212,C,W,-3.134,0,8.5,6
212,C,Y,-3.078,0,32.83,6
213,R,*,-3.25,0.1431,1,6
213,R,A,0.3346,0.2304,4.167,6
213,R,C,-3.192,0,5.167,6
213,R,D,0.4903,1.119,5.833,6
213,R,E,1.048,0.3007,4.333,6
213,R,F,0.0428,0.586,7.667,6
213,R,G,-0.4193,0.08282,14,6
213,R,H,-0.8041,0.6047,3.333,6
213,R,I,0.4765,0.3875,23.17,6
213,R,K,-0.5204,0.6445,14.33,6
213,R,L,0.4981,0.4917,4,6
213,R,M,0.2113,0.2721,7.167,6
213,R,N,-3.453,0,4.667,6
213,R,P,-3.064,0,5,6
213,R,Q,0.2366,0.7557,6.5,6
213,R,R,0,0,,6
213,R,S,-1.091,0.5749,3.333,6
213,R,T,-0.1719,0.1781,9.5,6
213,R,V,0.1463,0.3147,8,6
213,R,W,0.07509,0.3506,2.833,3
213,R,Y,-0.4423,0.2552,7.5,6
214,I,A,-3.157,0,3.833,6
214,I,C,-3.423,0,2,6
214,I,D,-3.437,0,5.167,6
214,I,E,-0.1544,1.273,1,3
214,I,F,-1.346,0.3265,3,6
214,I,G,-3.242,0,3,6
214,I,H,-3.123,0,2,6
214,I,I,0,0,,6
214,I,K,-2.904,0.3745,4.5,6
214,I,L,-0.3703,0.6119,3.5,6
214,I,M,-0.2549,1.158,5,6
214,I,N,-3.328,0,6.167,6
214,I,P,-3.422,0,3.5,6
214,I,Q,-2.726,0,3.333,6
214,I,R,-2.538,0.2609,1.833,6
214,I,S,-3.265,0,3.667,6
214,I,T,-1.437,0.6727,4,6
214,I,V,-0.0685,0.8582,5,6
214,I,W,-3.397,0.3563,2.5,6
214,I,Y,-2.8,0.01789,4.5,6
215,S,A,0.06152,0.6136,3.333,6
215,S,C,-2.746,0,2.667,6
215,S,D,0.8357,0.4897,3.667,6
215,S,E,0.5363,0.4798,4.167,6
215,S,F,-1.518,0.664,5,6
215,S,G,-0.2005,0.2698,6.167,6
215,S,H,0.0278,0.7409,2,6
215,S,I,-1.692,0.2797,12.17,6
215,S,K,0.2867,0.3484,3.167,6
215,S,L,-1.114,0.5595,3.667,6
215,S,M,-0.8844,0.3361,4.333,6
215,S,N,-0.3448,0.261,17.83,6
215,S,P,-3.388,0,4.667,6
215,S,Q,0.564,0.7612,3.167,6
215,S,R,-0.4647,1.393,6.5,6
215,S,S,0,0,,6
215,S,T,0.276,0.3045,5.167,6
215,S,V,-1.648,0.6791,7,6
215,S,W,-1.036,0.2552,8.5,6
215,S,Y,-1.501,0.8454,3.667,6
216,N,A,-0.9117,0.3394,5,6
216,N,C,-2.505,0.1724,3,6
216,N,D,-0.1428,0.4561,5.833,6
216,N,E,-0.663,0.5388,4.167,6
216,N,F,-0.8079,0.345,3.333,6
216,N,G,-0.4289,0.385,6.667,6
216,N,H,0.1693,0.4734,6.5,6
216,N,I,-3.223,0.1036,4.667,6
216,N,K,0.7148,0.7583,5.667,6
216,N,L,-1.369,0.3589,6.5,6
216,N,M,-0.8966,0.6836,5.333,6
216,N,N,0,0,,6
216,N,P,-3.452,0,8.167,6
216,N,Q,0.2973,0.4237,6.167,6
216,N,R,-0.3105,0.34,6.333,6
216,N,S,-0.4281,0.5779,5.833,6
216,N,T,-1.329,0.5973,6,6
216,N,V,-3.306,0,4.833,6
216,N,W,-3.439,0,5,6
216,N,Y,-1.53,0.4054,3.833,6
217,I,A,-3.298,0,4.333,6
217,I,C,-3.067,0,6,6
217,I,D,-3.454,0,4.5,6
217,I,E,-3.462,0,6.167,6
217,I,F,-3.175,0,7,6
217,I,G,-3.386,0,7.333,6
217,I,H,-3.376,0,5.833,6
217,I,I,0,0,,6
217,I,K,-3.456,0,6.667,6
217,I,L,0.4738,0.4562,5.5,6
217,I,M,-3.067,0.3388,4.667,6
217,I,N,-3.476,0,5.667,6
217,I,P,-3.449,0,7,6
217,I,Q,-3.131,0.2557,4.333,6
217,I,R,-3.39,0,7.667,6
217,I,S,-3.44,0,4.5,6
217,I,T,-1.706,0.2542,6.5,6
217,I,V,0.6268,0.4045,7.833,6
217,I,W,-3.407,0,6.833,6
217,I,Y,-3.386,0,6.833,6
218,E,*,-3.274,0,20.17,6
218,E,A,-3.131,0,5.5,6
218,E,C,-3.034,0.1848,2.833,6
218,E,D,-3.519,0,17,6
218,E,E,0,0,,6
218,E,F,-2.764,0,8.667,6
218,E,G,-3.417,0,7.167,6
218,E,H,-3.382,0,5.333,6
218,E,I,-2.45,0.1558,4,6
218,E,K,-3.516,0,16.83,6
218,E,L,-2.226,0.2106,5.833,6
218,E,M,-2.542,0.1431,5.833,6
218,E,N,-3.449,0,7.833,6
218,E,P,-3.501,0,3.167,6
218,E,Q,-3.308,0,6,6
218,E,R,-3.47,0,5.333,6
218,E,S,-3.464,0,4.333,6
218,E,T,-3.48,0,8.833,6
218,E,V,-2.649,0,10,6
218,E,W,-3.167,0,7.333,6
218,E,Y,-1.425,0.5523,3.333,6
219,T,A,-3.135,0,8,6
219,T,C,-2.95,0.09207,3.333,5
219,T,D,-1.087,0.3023,6,6
219,T,E,-2.434,0.006336,5.333,6
219,T,F,-1.598,0.3226,3.833,6
219,T,G,-3.179,0,2.333,6
219,T,H,-2.484,0.09951,4.667,6
219,T,I,-0.244,0.3146,16.17,6
219,T,K,-0.8818,0.4387,5.833,6
219,T,L,-0.6633,0.2706,6.667,6
219,T,M,-0.3562,0.496,5,6
219,T,N,-3.186,0,2.667,6
219,T,P,-3.444,0,5.333,6
219,T,Q,-1.714,0.2052,7.167,6
219,T,R,-2.439,0,7,6
219,T,S,-2.431,0.1558,5.5,6
219,T,T,0,0,,6
219,T,V,-0.1174,1.071,6.833,6
219,T,W,-3.429,0,5.5,6
219,T,Y,-3.3,0,1,3
220,V,A,-3.199,0,5.167,6
220,V,C,-3.437,0,3.5,6
220,V,D,-2.972,0,7,6
220,V,E,-3.201,0,8,6
220,V,F,-2.71,0,7,6
220,V,G,-3.359,0,5.833,6
220,V,H,-3.266,0,6.167,6
220,V,I,0.01411,0.1464,6.333,6
220,V,K,-3.016,0,6.833,6
220,V,L,-0.6305,0.8048,6.333,6
220,V,M,-3.305,0,15.5,6
220,V,N,-3.296,0,8.5,6
220,V,P,-3.413,0,4.5,6
220,V,Q,-3.417,0,5.333,6
220,V,R,-3.236,0,4.667,6
220,V,S,-3.244,0,4,6
220,V,T,-3.17,0,5.667,6
220,V,V,0,0,,6
220,V,W,-2.426,0.4567,3.333,6
220,V,Y,-2.728,0.4914,5.5,6
221,I,A,-3.438,0,8,6
221,I,C,-3.462,0,9.167,6
221,I,D,-2.881,1.152,4.833,6
221,I,E,-3.253,0,5.833,6
221,I,F,-1.968,0.3122,5.333,6
221,I,G,-3.444,0,6.667,6
221,I,H,-3.173,0,2.333,5
221,I,I,0,0,,6
221,I,K,-3.457,0,3.833,6
221,I,L,0.4112,1.077,6.5,6
221,I,M,-0.1008,0.4591,8.5,6
221,I,N,-3.458,0,6,6
221,I,P,-3.305,0,4.833,6
221,I,Q,-3.37,0,4.667,6
221,I,R,-3.237,0,6.667,6
221,I,S,-3.368,0,6.333,6
221,I,T,-3.226,0,5.5,6
221,I,V,-1.504,0.4822,8,6
221,I,W,-3.503,0,5.667,6
221,I,Y,-3.409,0,6,6
222,E,*,-3.226,0,25.5,6
222,E,A,-2.107,0.4442,5.667,6
222,E,C,-2.157,0.4566,5,6
222,E,D,-2.587,0.03659,8,6
222,E,E,0,0,,6
222,E,F,-1.357,0.1992,5.5,6
222,E,G,-3.111,0,7.5,6
222,E,H,-3.197,0,8.167,6
222,E,I,-1.851,0.2561,6.167,6
222,E,K,-3.507,0,23.17,6
222,E,L,-1.024,0.45,6.167,6
222,E,M,0.04162,0.4442,4.333,6
222,E,N,-2.792,0.1468,3.667,6
222,E,P,-3.204,0,4.5,6
222,E,Q,-1.55,0.4151,4.5,6
222,E,R,-3.389,0,5.167,6
222,E,S,-2.95,0,3,6
222,E,T,-1.167,0.5273,4.833,6
222,E,V,-1.637,0.348,5.833,6
222,E,W,-2.015,0.2426,5.667,6
222,E,Y,-1.552,0.542,5.333,6
223,F,A,-3.131,0,4.5,6
223,F,C,-2.936,0,4.667,6
223,F,D,-3.079,0,9,6
223,F,E,-2.851,0,6.5,6
223,F,F,0,0,,6
223,F,G,-3.375,0,4.833,6
223,F,H,-2.951,0,7.833,6
223,F,I,-3.305,0,6.167,6
223,F,K,-2.712,0,9.667,6
223,F,L,-1.539,0.6699,8.167,6
223,F,M,-2.615,0,7.167,6
223,F,N,-2.708,0,4.5,6
223,F,P,-3.169,0,6.167,6
223,F,Q,-2.845,0,5.833,6
223,F,R,-3.056,0,6.167,6
223,F,S,-2.906,0,10.83,6
223,F,T,-3.103,0,3.833,6
223,F,V,-3.444,0.05926,6.667,6
223,F,W,-2.854,0.1903,6.333,6
223,F,Y,-3.427,0,8.833,6
224,Q,*,-3.357,0,8,6
224,Q,A,-0.4462,0.2328,7,6
224,Q,C,-2.963,0,9.333,6
224,Q,D,-3.235,0,6.833,6
224,Q,E,-2.141,0.8688,6,6
224,Q,F,-2.909,0.1137,6.167,6
224,Q,G,-2.342,0.1148,4.333,6
224,Q,H,-1.74,0.4184,16.33,6
224,Q,I,-2.663,0.1714,4.5,6
224,Q,K,-3.032,0,7,6
224,Q,L,-3.107,0,6.5,6
224,Q,M,-0.2091,0.7936,6,6
224,Q,N,-2.408,0.145,6,6
224,Q,P,-2.916,0,7.167,6
224,Q,Q,0,0,,6
224,Q,R,-3.321,0,14.17,6
224,Q,S,-0.7681,0.2169,6.333,6
224,Q,T,-1.841,0.4729,5.667,6
224,Q,V,-2.774,0,4.833,6
224,Q,W,-1.96,0.4555,5.667,6
224,Q,Y,-1.831,0.8857,4.333,6
225,Q,*,-3.099,0,9.333,6
225,Q,A,-1.04,0.5066,5,6
225,Q,C,-3.367,0,4.167,6
225,Q,D,-2.982,0.2624,4.5,6
225,Q,E,-0.7512,0.3668,8.833,6
225,Q,F,0.34,0.6538,3.833,6
225,Q,G,-2.793,0.1565,4.667,6
225,Q,H,-0.6701,0.2488,26.67,6
225,Q,I,-2.14,0.2738,7.833,6
225,Q,K,-3.479,0,15.33,6
225,Q,L,0.2505,0.2379,8.5,6
225,Q,M,0.09466,0.7493,4.5,6
225,Q,N,-0.35,0.6299,4.833,6
225,Q,P,-3.457,0,5,6
225,Q,Q,0,0,,6
225,Q,R,-3.474,0,11.17,6
225,Q,S,-0.917,0.4062,4.333,6
225,Q,T,-1.869,0.3575,6.167,6
225,Q,V,-1.278,0.3261,4.5,6
225,Q,W,-0.7812,0.4278,6,6
225,Q,Y,0.8125,0.3295,7.833,6
226,K,*,-2.326,0.0198,0.5,3
226,K,A,-0.7705,0.3863,2,6
226,K,C,-0.7469,0.1508,10,6
226,K,D,-3.432,0,5.333,6
226,K,E,-0.647,0.6863,7.167,6
226,K,F,-0.07366,0.3045,8.833,6
226,K,G,-3.271,0,6.5,6
226,K,H,-0.6686,0.9053,1.833,6
226,K,I,0.3129,0.3233,5.333,6
226,K,K,0,0,,6
226,K,L,-0.1125,0.1597,4.667,6
226,K,M,-0.1936,0.5773,7.5,6
226,K,N,-0.07607,0.2831,22.5,6
226,K,P,-3.03,0,0.8333,5
226,K,Q,0.837,1.299,0.8333,5
226,K,R,0.126,0.3806,10.5,6
226,K,S,-2.074,0.2858,3.5,6
226,K,T,0.4563,0.1502,8.833,6
226,K,V,-0.07897,0.4495,4.833,6
226,K,W,0.6277,0.287,5.167,6
226,K,Y,-0.8777,0.3745,6.333,6
227,N,A,-3.414,0,3.5,6
227,N,C,-3.383,0,4.333,6
227,N,D,-3.444,0,7.833,6
227,N,E,-3.357,0,5.333,6
227,N,F,-3.194,0,6.667,6
227,N,G,-3.238,0.07565,6.667,6
227,N,H,-2.47,0.3048,5.5,6
227,N,I,-3.351,0,4.667,6
227,N,K,-2.857,0,7.5,6
227,N,L,-3.308,0,4.833,6
227,N,M,-3.469,0,6,6
227,N,N,0,0,,6
227,N,P,-3.101,0.009317,4,6
227,N,Q,-3.317,0,4.667,6
227,N,R,-3.275,0,6.667,6
227,N,S,-3.109,0,6.333,6
227,N,T,-3.446,0,3.833,6
227,N,V,-3.439,0,4.167,6
227,N,W,-3.162,0,6.833,6
227,N,Y,-3.312,0,7.333,6
228,N,A,-0.3889,0.6162,4,6
228,N,C,-2.39,0.2439,6,6
228,N,D,0.6672,0.6712,7.333,6
228,N,E,1.024,0.5629,4.333,6
228,N,F,-0.7896,0.9974,3.833,6
228,N,G,-0.8188,0.3611,7.333,6
228,N,H,-0.2634,0.5112,4.5,6
228,N,I,-2.163,0.2005,4.167,6
228,N,K,-3.378,0,14,6
228,N,L,-2.141,0.07616,4.833,6
228,N,M,0.3353,0.4321,4.833,6
228,N,N,0,0,,6
228,N,P,-3.15,0,7.5,6
228,N,Q,0.021,0.2423,7.167,6
228,N,R,-1.374,0.6497,6.5,6
228,N,S,0.7754,0.2392,8.833,6
228,N,T,0.7464,0.4668,6,6
228,N,V,0.9667,0.9028,3.333,6
228,N,W,-0.7116,0.613,8.167,6
228,N,Y,-1.119,0.496,6.833,6
229,R,-,-3.284,0,0.5,3
229,R,A,-2.983,0,5.833,6
229,R,C,-3.052,0,7.5,6
229,R,D,-3.163,0,4,6
229,R,E,-3.364,0,8.167,6
229,R,F,-3.296,0,1.833,6
229,R,G,-3.252,0,13.83,6
229,R,H,-3.147,0.07603,6.833,6
229,R,I,-3.318,0.2158,4.333,6
229,R,K,-3.303,0,19.33,6
229,R,L,-3.03,0,5.333,6
229,R,M,-3.325,0,22.33,6
229,R,N,-2.896,0,6.333,6
229,R,P,-3.162,0,8.333,6
229,R,Q,-3.03,0,5.167,6
229,R,R,0,0,,6
229,R,S,-3.365,0,32.5,6
229,R,T,-3.276,0,6.667,6
229,R,V,-2.989,0,5.167,6
229,R,W,-3.381,0,8.167,6
229,R,Y,-3.391,0,4.333,6
230,L,A,-2.975,0,6.333,6
230,L,C,-3.432,0,5.5,6
230,L,D,-2.938,0,5.333,6
230,L,E,-3.449,0,4.5,6
230,L,F,0.548,0.4132,7.167,6
230,L,G,-3.099,0,4.333,6
230,L,H,-3.428,0,6.333,6
230,L,I,-3.125,0,3,6
230,L,K,-3.231,0,3.667,5
230,L,L,0,0,,6
230,L,M,-2.154,0.1874,19.33,6
230,L,N,-3.256,0,4.167,6
230,L,P,-3.177,0,6,6
230,L,Q,-3.093,0,10,6
230,L,R,-3.086,0,7.333,6
230,L,S,-3.217,0,7.167,6
230,L,T,-3.419,0,7.833,6
230,L,V,-3.145,0,5.833,6
230,L,W,-2.94,0.08646,7.667,6
230,L,Y,-2.958,0,3.833,6
231,L,A,-3.399,0,6.167,6
231,L,C,-2.45,0.06783,6.333,6
231,L,D,-3.194,0,4,6
231,L,E,-3.232,0,6.333,6
231,L,F,-3.316,0,6.667,6
231,L,G,-3.302,0,1.333,6
231,L,H,-3.377,0,7.5,6
231,L,I,-1.168,0.7299,7,6
231,L,K,-3.351,0,8.333,6
231,L,L,0,0,,6
231,L,M,-3.189,0,17,6
231,L,N,-3.218,0,4,6
231,L,P,-3.26,0,12.33,6
231,L,Q,-2.048,0.1136,6,6
231,L,R,-3.454,0,7.333,6
231,L,S,-3.654,0,5,3
231,L,T,-3.314,0,4.333,6
231,L,V,-1.077,0.37,8.167,6
231,L,W,-3.473,0,4.833,6
231,L,Y,-3.43,0,5.167,6
232,E,*,-3.428,0,16.33,6
232,E,A,-2.904,0,4,3
232,E,C,-3.462,0,3.833,6
232,E,D,0.125,1.429,4.5,6
232,E,E,0,0,,6
232,E,F,-2.896,0,9.167,6
232,E,G,-3.439,0,9.833,6
232,E,H,-2.943,0,8.333,6
232,E,I,-3.258,0,6.167,6
232,E,K,-3.529,0,23.33,6
232,E,L,-3.253,0,6,6
232,E,M,-1.327,1.647,6.5,6
232,E,N,-3.231,0.5858,6.833,6
232,E,P,-2.986,0,6,6
232,E,Q,-1.558,0.537,7.333,6
232,E,R,-3.471,0,4.333,6
232,E,S,-2.74,0.3514,4.5,6
232,E,T,-2.861,0,7.667,6
232,E,V,-3.425,0,5.5,6
232,E,W,-2.751,0,5.167,6
232,E,Y,-2.062,0.08612,3.667,6
233,I,A,-2.95,0,4.333,6
233,I,C,-3.165,0,7.5,6
233,I,D,-3.134,0,5.833,6
233,I,E,-3.11,0,5.667,6
233,I,F,-3.162,0,7.167,6
233,I,G,-3.253,0,6,6
233,I,H,-3.138,0,6.167,6
233,I,I,0,0,,6
233,I,K,-3.328,0,5.667,6
233,I,L,-0.9606,0.6781,7.833,6
233,I,M,-1.324,0.5696,4.5,6
233,I,N,-2.996,0,7.667,6
233,I,P,-3.223,0,6.667,6
233,I,Q,-3.01,0,8.667,6
233,I,R,-3.205,0,6.167,6
233,I,S,-3.289,0,5.333,6
233,I,T,-3.196,0,13.17,6
233,I,V,-0.2834,0.2407,7.333,6
233,I,W,-3.427,0,4.333,6
233,I,Y,-3.414,0,4.667,6
234,T,A,0.1431,0.4186,7,6
234,T,C,-2.977,0.3855,6.5,6
234,T,D,-2.724,0,5.167,6
234,T,E,-0.7903,0.6245,6.5,6
234,T,F,-3.452,0,7.833,6
234,T,G,-0.3888,0.8638,8.5,6
234,T,H,-0.7675,0.6723,7.5,6
234,T,I,-3.349,0,15,6
234,T,K,-3.362,0,6.167,6
234,T,L,-3.317,0,2.5,6
234,T,M,-2.163,0.742,4.5,6
234,T,N,-1.001,0.5619,9,6
234,T,P,-3.354,0,6.833,6
234,T,Q,-3.241,0.1237,3,6
234,T,R,-3.503,0,6,6
234,T,S,-0.2346,0.2774,7,6
234,T,T,0,0,,6
234,T,V,-3.363,0,4.667,6
234,T,W,-2.239,0.5437,5,6
234,T,Y,-2.194,0,4.167,6
235,R,A,-3.387,0,4.667,6
235,R,C,-3.409,0,22.17,6
235,R,D,-2.532,0,3.833,6
235,R,E,-1.148,0.3939,4.167,6
235,R,F,-1.851,0.1684,6.667,6
235,R,G,-0.8308,0.6283,6.5,6
235,R,H,0.1125,0.4234,21.17,6
235,R,I,-2.579,0.1685,6.5,6
235,R,K,0.4968,0.3276,5.667,6
235,R,L,-0.2447,0.4011,19.17,6
235,R,M,-1.034,0.9589,2.833,6
235,R,N,-1.869,0.2493,4.833,6
235,R,P,-3.319,0,6.833,6
235,R,Q,0.8054,0.31,6.833,6
235,R,R,0,0,,6
235,R,S,-3.027,0,40.5,6
235,R,T,0.1269,0.3337,6.333,6
235,R,V,-1.244,0.5551,7.5,6
235,R,W,-1.318,0.3652,6.5,6
235,R,Y,-1.286,0.9708,3.833,6
236,E,*,-3.316,0,22.33,6
236,E,A,-3.449,0,5.5,6
236,E,C,-3.47,0,6.5,6
236,E,D,-3.371,0,14.33,6
236,E,E,0,0,,6
236,E,F,-3.152,0,5,6
236,E,G,-3.428,0,4.833,6
236,E,H,-3.34,0,3.667,6
236,E,I,-3.368,0,6.833,6
236,E,K,-3.143,0,18.17,6
236,E,L,-3.26,0,3.833,6
236,E,M,-3.296,0,4.333,6
236,E,N,-3.137,0,6.833,6
236,E,P,-3.185,0,6.167,6
236,E,Q,-1.454,0.4538,4.333,6
236,E,R,-3.258,0,7.333,6
236,E,S,-3.107,0,1.5,6
236,E,T,-3.444,0,4,6
236,E,V,-3.357,0,7.5,6
236,E,W,-3.344,0,6,6
236,E,Y,-3.321,0,3.333,6
237,F,A,-3.423,0,3.333,6
237,F,C,-3.21,0,5.833,6
237,F,D,-3.389,0,10.5,6
237,F,E,-3.322,0,6.833,6
237,F,F,0,0,,6
237,F,G,-3.129,0,8,6
237,F,H,-3.136,0,3,6
237,F,I,-3.413,0,9.5,6
237,F,K,-3.312,0,6.833,6
237,F,L,-3.375,0,16,6
237,F,M,-3.396,0,7.167,6
237,F,N,-3.4,0,9.833,6
237,F,P,-3.339,0,3.167,6
237,F,Q,-3.297,0,8.833,6
237,F,R,-3.05,0,6.333,6
237,F,S,-3.067,0,6,6
237,F,T,-3.28,0,3.5,6
237,F,V,-3.478,0,7.833,6
237,F,W,-3.188,0,8.333,6
237,F,Y,-1.292,0.2685,6.667,6
238,S,A,-0.188,0.5002,7.333,6
238,S,C,-1.945,0.3906,4.833,6
238,S,D,-2.736,0.2743,6.167,6
238,S,E,-3.258,0,6.333,6
238,S,F,-3.358,0,5,6
238,S,G,-0.755,0.3669,12.17,6
238,S,H,-3.271,0,5,6
238,S,I,-3.322,0,19.67,6
238,S,K,-3.345,0,2.333,6
238,S,L,-2.079,0.2428,3,3
238,S,M,-3.303,0,6.333,6
238,S,N,-0.1759,0.2142,15.17,6
238,S,P,-3.186,0,5.333,6
238,S,Q,-0.72,0.3898,7.833,6
238,S,R,-3.5,0,14.67,6
238,S,S,0,0,,6
238,S,T,-3.191,0,4.667,6
238,S,V,-3.225,0,3.5,6
238,S,W,-3.486,0,5,6
238,S,Y,-3.404,0,5.167,6
239,V,A,-0.9122,0.5929,4.667,6
239,V,C,-0.89,0.2929,6.833,6
239,V,D,-1.895,0.233,7.833,6
239,V,E,-1.417,0.499,6.167,6
239,V,F,-1.445,0.4084,11,6
239,V,G,-2.675,0,4.333,6
239,V,H,-0.3729,0.5426,6.667,6
239,V,I,-0.6269,0.3253,21.33,6
239,V,K,-2.475,0.01304,8.167,6
239,V,L,-1.022,0.1627,6.5,6
239,V,M,-0.2165,0.4319,5.833,6
239,V,N,-3.292,0,3.167,6
239,V,P,-3.351,0,3.5,6
239,V,Q,-1.466,0.2747,4.833,6
239,V,R,-1.49,0.5013,3.167,6
239,V,S,-0.007005,0.8241,4.5,6
239,V,T,-0.2139,0.5887,4.333,6
239,V,V,0,0,,6
239,V,W,-2.87,0,5.833,6
239,V,Y,-2.286,0.1326,3.667,6
240,N,A,1.304,0.3486,4,6
240,N,C,1.495,0.5247,4.167,6
240,N,D,-0.9286,0.4555,11.17,6
240,N,E,-0.05924,0.8099,5.5,6
240,N,F,0.03609,0.3789,5.833,6
240,N,G,0.4708,0.2748,5.333,6
240,N,H,0.8922,0.2007,5,6
240,N,I,-3.236,0,4,6
240,N,K,-0.7133,1.121,7.167,6
240,N,L,-2.562,0.03764,5.667,6
240,N,M,0.384,0.6259,5,6
240,N,N,0,0,,6
240,N,P,-3.19,0,4.667,6
240,N,Q,1.056,0.7082,4.833,6
240,N,R,-0.4083,0.3091,7,6
240,N,S,0.5145,0.6306,5.167,6
240,N,T,0.3921,0.3934,4.5,6
240,N,V,-0.6305,1.574,7,6
240,N,W,-0.3851,0.3271,8,6
240,N,Y,0.5855,0.1713,7.667,6
241,A,-,-0.9234,0.792,0.5,3
241,A,A,0,0,,6
241,A,C,-0.8971,0.3675,6.333,6
241,A,D,-2.615,0,13.83,6
241,A,E,-3.487,0,2.333,6
241,A,F,-3.447,0,4.667,6
241,A,G,-2.378,0.006336,6.667,6
241,A,H,-3.46,0,4.667,6
241,A,I,-0.7879,0.3263,5.333,6
241,A,K,-3.488,0,6,6
241,A,L,-2.363,0.3547,2.833,6
241,A,M,-2.297,0,5.833,6
241,A,N,-3.011,0,5.833,6
241,A,P,-3.168,0,4,6
241,A,Q,-3.446,0,8.333,6
241,A,R,-3.455,0,7,6
241,A,S,-2.436,0.1357,20,6
241,A,T,-0.9775,0.1533,25.17,6
241,A,V,0.5727,0.4342,16.67,6
241,A,W,-3.285,0,4.5,6
241,A,Y,-3.33,0,6,6
242,G,-,-0.1606,0.2757,0.5,3
242,G,A,-0.7528,0.6622,2,3
242,G,C,-3.518,0,26.5,6
242,G,D,-2.901,0,21.83,6
242,G,E,-3.448,0.008572,2.5,6
242,G,F,-3.448,0,3.5,6
242,G,G,0,0,,6
242,G,H,-3.415,0,4.5,6
242,G,I,-3.083,0.8616,5.833,6
242,G,K,-3.444,0,6.333,6
242,G,L,-3.357,0,4.333,6
242,G,M,-3.148,0,7.333,6
242,G,N,-3.248,0,10.17,6
242,G,P,-3.502,0,4.5,6
242,G,Q,-3.423,0,6.5,6
242,G,R,-2.99,0.1252,6.333,6
242,G,S,-3.466,0,16,6
242,G,T,-3.451,0,4.167,6
242,G,V,-3.289,0,18.67,6
242,G,W,-3.164,0,3,6
242,G,Y,-3.087,0,5.167,6
243,V,A,-1.121,0.488,5.833,6
243,V,C,0.3142,0.8035,4.333,6
243,V,D,-3.228,0.0764,7.667,6
243,V,E,-3.425,0,18.33,6
243,V,F,-0.3189,0.5735,2.833,6
243,V,G,-3.349,0,4.5,6
243,V,H,-2.367,0.2349,5,6
243,V,I,0.4348,0.7046,2.833,6
243,V,K,-2.887,0.02646,10.83,6
243,V,L,-3.225,0,22.67,6
243,V,M,-3.234,0,38.5,6
243,V,N,-3.402,0,6.167,6
243,V,P,-2.658,0.1043,1.833,6
243,V,Q,-2.886,0,11.5,6
243,V,R,-3.082,0,9.667,6
243,V,S,-2.65,0.3955,6.667,6
243,V,T,-1.415,0.4071,3.833,6
243,V,V,0,0,,6
243,V,W,-1.815,0.3884,8,6
243,V,Y,-1.756,0.4443,2,6
244,T,A,0.7755,0.1363,10.67,6
244,T,C,0.7492,0.2545,10.5,6
244,T,D,-3.388,0,10.33,6
244,T,E,0.5609,1.015,6.167,6
244,T,F,-3.279,0,15.83,6
244,T,G,-0.02461,0.4309,10.5,6
244,T,H,-1.7,0.3876,8,6
244,T,I,-0.0008,0.2076,26.83,6
244,T,K,-1.357,0.2488,12.67,6
244,T,L,-0.7641,0.5618,7.667,6
244,T,M,0.1229,0.3663,9,6
244,T,N,-1.604,0.2656,27.33,6
244,T,P,-3.502,0,25,6
244,T,Q,-0.04038,0.5072,5.333,6
244,T,R,-3.139,0,13.17,6
244,T,S,0.2427,0.5909,14.67,6
244,T,T,0,0,,6
244,T,V,-0.8834,0.8437,3,6
244,T,W,-3.053,0,6.5,6
244,T,Y,-3.147,0,10.67,6
245,T,A,-1.263,0.4711,4.5,6
245,T,C,0.0709,0.3376,7.167,6
245,T,D,-3.184,0,7.333,6
245,T,E,-2.972,0,6.833,6
245,T,F,-1.741,0.4807,8.667,6
245,T,G,-0.352,0.4069,5.167,6
245,T,H,0.484,0.2091,6.333,6
245,T,I,0.03862,0.3009,19.67,6
245,T,K,0.6313,0.7501,6.333,6
245,T,L,-2.801,0,1.833,6
245,T,M,-0.2005,0.2583,6.833,6
245,T,N,0.4367,0.4116,10,6
245,T,P,-3.248,0,5.333,6
245,T,Q,0.1665,0.4,3.833,6
245,T,R,0.09449,0.5667,7,6
245,T,S,0.4694,0.3885,5.167,6
245,T,T,0,0,,6
245,T,V,-0.09396,0.7136,5.833,6
245,T,W,-2.806,0.2642,5.833,6
245,T,Y,-0.8577,0.5731,10,6
246,P,A,-2.268,0.01565,6.333,6
246,P,C,-3.379,0,6.667,6
246,P,D,-3.153,0,8.667,6
246,P,E,-3.39,0,5.667,6
246,P,F,-3.269,0,5.333,6
246,P,G,-2.295,0.09093,7.333,6
246,P,H,-0.9109,0.7658,33.17,6
246,P,I,-3.183,0,6,6
246,P,K,-2.067,0.3378,7.833,6
246,P,L,-3.263,0,15.5,6
246,P,M,-2.84,0.1457,8.167,6
246,P,N,-3.218,0,5.167,6
246,P,P,0,0,,6
246,P,Q,-1.803,0.3199,6.667,6
246,P,R,-2.127,0.1063,6,6
246,P,S,-2.024,0.4434,15.17,6
246,P,T,-2.353,0.03287,35.5,6
246,P,V,-2.97,0,4.667,6
246,P,W,-3.493,0,7.667,6
246,P,Y,-3.162,0,6.667,6
247,V,A,-1.268,0.5128,8.333,6
247,V,C,-0.3211,0.8622,6,6
247,V,D,-3.292,0,4.667,6
247,V,E,-3.079,0,7.333,6
247,V,F,-3.255,0,5.333,6
247,V,G,-3.167,0,4.167,6
247,V,H,-3.1,0,7.333,6
247,V,I,0.1899,1.046,3.667,5
247,V,K,-3.321,0,4.333,6
247,V,L,3e-05,0.2398,6.333,6
247,V,M,0.6599,0.2432,17.83,6
247,V,N,-3.324,0,8,6
247,V,P,-3.38,0,4.167,6
247,V,Q,-3.348,0,4.167,6
247,V,R,-3.239,0,6.5,6
247,V,S,-3.196,0,4.5,6
247,V,T,-0.6388,0.4482,4.667,6
247,V,V,0,0,,6
247,V,W,-3.34,0,3.5,6
247,V,Y,-3.168,0,5.5,6
248,S,A,-3.438,0,3.333,6
248,S,C,-3.438,0,5.5,6
248,S,D,-3.409,0,3.5,6
248,S,E,-3.454,0,7.5,6
248,S,F,-3.365,0,15.33,6
248,S,G,-0.1088,1.212,2.5,6
248,S,H,-3.389,0,8.167,6
248,S,I,-3.221,0,4.333,6
248,S,K,-3.445,0,10.17,6
248,S,L,-3.349,0,7.5,6
248,S,M,-3.357,0,6.5,6
248,S,N,-2.994,0,5.167,6
248,S,P,-3.228,0,4.833,6
248,S,Q,-3.422,0,6.667,6
248,S,R,-3.428,0,7.333,6
248,S,S,0,0,,6
248,S,T,-3.08,0,4,6
248,S,V,-3.133,0,4.5,6
248,S,W,-2.945,0.1252,8.333,6
248,S,Y,-3.189,0,18.5,6
249,T,A,-2.415,0.1165,7.333,6
249,T,C,-3.386,0,5,6
249,T,D,-3.429,0,2.5,6
249,T,E,-3.452,0.2631,4.833,6
249,T,F,-1.166,0.5694,8.833,6
249,T,G,-3.455,0,7.167,6
249,T,H,-3.429,0,5.667,6
249,T,I,-2.314,0,19.17,6
249,T,K,-3.445,0,3.833,6
249,T,L,0.4444,0.3303,4,6
249,T,M,-1.738,0.3833,3.167,6
249,T,N,-2.606,0,14,6
249,T,P,-1.568,0.4865,4.833,6
249,T,Q,-3.519,0,6.667,6
249,T,R,-3.411,0,5.167,6
249,T,S,-1.141,0.3867,8.167,6
249,T,T,0,0,,6
249,T,V,-3.244,0,4.667,6
249,T,W,-2.609,0,9.667,6
249,T,Y,-2.841,0,6.5,6
250,Y,*,-3.425,0,2.833,6
250,Y,A,-2.58,0,6.167,6
250,Y,C,-3.473,0,8.667,6
250,Y,D,-2.92,0.03168,5.333,6
250,Y,E,-3.034,0.2113,6.167,6
250,Y,F,-0.2351,0.259,6.5,6
250,Y,G,-3.221,0,5.333,6
250,Y,H,-1.09,0.4509,7.333,6
250,Y,I,-2.252,0.03391,8.167,6
250,Y,K,-2.633,0.09934,6.833,6
250,Y,L,-1.747,0.1512,4,6
250,Y,M,-0.00275,0.3004,8.333,6
250,Y,N,-0.7037,0.3576,7.333,6
250,Y,P,-3.437,0,5,6
250,Y,Q,-1.305,0.3121,4.667,6
250,Y,R,-3.205,0,8.667,6
250,Y,S,-2.737,0.1297,6.333,6
250,Y,T,-3.251,0,7.167,6
250,Y,V,-3.345,0,5.833,6
250,Y,W,-2.796,0,9.833,6
250,Y,Y,0,0,,6
251,M,A,-2.239,0.2625,10.5,6
251,M,C,-3.217,0,11.17,6
251,M,D,-3.132,0,5.167,6
251,M,E,-3.065,0.02721,5.667,6
251,M,F,-3.437,0,6.667,6
251,M,G,-3.45,0,4,6
251,M,H,-2.911,0,5,6
251,M,I,-0.9831,0.4624,27.83,6
251,M,K,-2.935,0,8.667,6
251,M,L,-1.579,0.3164,7.833,6
251,M,M,0,0,,6
251,M,N,-3.274,0,5,6
251,M,P,-3.173,0,6.167,6
251,M,Q,-1.829,0.6222,5.167,6
251,M,R,-3.105,0,5.167,6
251,M,S,-3.367,0,2.5,6
251,M,T,-3.173,1.105,7.333,6
251,M,V,-2.265,0.05814,7.333,6
251,M,W,-3.245,0,3.333,6
251,M,Y,-3.295,0,6.5,6
252,L,A,-0.4317,0.8805,6.167,6
252,L,C,-1.804,0.7135,7,6
252,L,D,-3.218,0,5.333,6
252,L,E,-3.409,0,4.667,6
252,L,F,-3.426,0,4.5,6
252,L,G,-2.857,0.1863,7.167,6
252,L,H,-3.362,0,5.333,6
252,L,I,-0.5678,0.5863,6.333,6
252,L,K,-3.251,0,5.833,6
252,L,L,0,0,,6
252,L,M,-1.086,0.6532,12.33,6
252,L,N,-3.066,0,7.167,6
252,L,P,-3.389,0,11.33,6
252,L,Q,-3.379,0,8,6
252,L,R,-3.135,0,8.667,6
252,L,S,-3.455,0,7,6
252,L,T,-3.16,0.1319,7.167,6
252,L,V,-0.3157,0.5968,5.5,6
252,L,W,-3.125,0,5.167,6
252,L,Y,-3.454,0,3.667,6
253,T,*,1.432,0.3084,0.5,3
253,T,A,-0.1932,0.6115,6.333,6
253,T,C,-3.119,0,6.167,6
253,T,D,-1.544,0.8284,6.667,6
253,T,E,0.06104,0.4158,3.5,6
253,T,F,-3.389,0,9.667,6
253,T,G,-0.7322,0.9463,3.5,6
253,T,H,0.3961,0.4711,5.667,6
253,T,I,-3.349,0,13.5,6
253,T,K,-0.9224,0.3426,10,6
253,T,L,-1.93,0.8194,4.167,6
253,T,M,-0.3118,1.164,2.5,6
253,T,N,-2.742,0,9.333,6
253,T,P,-3.294,0,4.833,6
253,T,Q,0.001555,0.4647,5.5,6
253,T,R,-1.534,0.4283,5,6
253,T,S,0.2004,0.2111,5.833,6
253,T,T,0,0,,6
253,T,V,-3.425,0,6.333,6
253,T,W,-3.45,0,8.5,6
253,T,Y,-2.592,0.1215,6,6
254,N,A,-0.4819,0.2969,6.5,6
254,N,C,-3.244,0,8,6
254,N,D,-3.463,0,5.5,6
254,N,E,-3.391,0,7,6
254,N,F,-3.219,0,7.833,6
254,N,G,-0.1036,0.1834,6.167,6
254,N,H,-1.135,0.5752,6.333,6
254,N,I,-3.378,0,6.333,6
254,N,K,-3.472,0,9.833,6
254,N,L,-3.276,0,6.5,6
254,N,M,-1.746,0.3686,5.833,6
254,N,N,0,0,,6
254,N,P,-3.397,0,4.667,6
254,N,Q,-0.6893,0.4036,3.5,6
254,N,R,-3.431,0,4.333,6
254,N,S,-1.397,0.7801,4.167,6
254,N,T,-3.474,0,8.5,6
254,N,V,-3.482,0,6.333,6
254,N,W,-3.24,0,5.333,6
254,N,Y,-1.041,0.5926,3,6
255,S,A,0.3341,0.9059,4.667,6
255,S,C,-0.8783,0.4372,7.167,6
255,S,D,-0.2431,0.2065,9.667,6
255,S,E,-1.145,0.3743,8.333,6
255,S,F,0.5299,0.09695,4.5,6
255,S,G,0.03995,0.3842,12.33,6
255,S,H,-0.03508,0.6379,5.5,6
255,S,I,-0.1383,0.2944,15.5,6
255,S,K,-0.617,0.8772,4.167,6
255,S,L,0.3736,0.2702,5.5,6
255,S,M,-0.3972,0.7175,6.5,6
255,S,N,0.2756,0.1221,16.17,6
255,S,P,-3.498,0,5.167,6
255,S,Q,0.5968,0.3176,4.5,6
255,S,R,-0.3323,0.3882,9.667,6
255,S,S,0,0,,6
255,S,T,0.3078,0.3688,6.167,6
255,S,V,0.3289,0.4756,4.833,6
255,S,W,0.194,0.1982,4.5,6
255,S,Y,-0.221,1.235,3.167,6
256,E,*,-3.257,0,21.83,6
256,E,A,-3.262,0,6.5,6
256,E,C,-3.061,0.6907,4,6
256,E,D,-2.207,0.2351,11.5,6
256,E,E,0,0,,6
256,E,F,-3.378,0,6.667,6
256,E,G,-3.292,0,7.833,6
256,E,H,-3.389,0,3.333,6
256,E,I,-3.168,0,5.333,6
256,E,K,-3.174,0,20.67,6
256,E,L,-2.833,0,3.833,6
256,E,M,-2.993,0,5.5,6
256,E,N,-3.505,0,5.833,6
256,E,P,-3.183,0,6.333,6
256,E,Q,-3.117,0,7.167,6
256,E,R,-2.898,0,6.167,6
256,E,S,-3.208,0,5.833,6
256,E,T,-3.262,0,6.667,6
256,E,V,-3.365,0,9.667,6
256,E,W,-2.87,0,4,6
256,E,Y,-3.326,0,6.167,6
257,L,A,-2.173,0.06234,7.167,6
257,L,C,-2.769,0.09988,6.5,6
257,L,D,-2.97,0.003727,3,6
257,L,E,-3.417,0,9.5,6
257,L,F,-0.6249,0.263,7.333,6
257,L,G,-3.179,0,6.333,6
257,L,H,-3.372,0,7.5,6
257,L,I,0.3996,0.4358,4.833,6
257,L,K,-3.429,0,4.667,6
257,L,L,0,0,,6
257,L,M,0.1979,0.3401,14.17,6
257,L,N,-3.022,0,6.833,6
257,L,P,-3.112,1.369,4.333,6
257,L,Q,-3.256,0,6.833,6
257,L,R,-3.129,0,7.667,6
257,L,S,-3.348,0,5,6
257,L,T,-2.983,0,5.833,6
257,L,V,0.4859,0.9583,4,6
257,L,W,-2.942,0.8576,5.333,6
257,L,Y,-0.4133,0.3541,8,6
258,L,*,-3.672,0,1.333,3
258,L,A,-1.011,0.2909,5.333,6
258,L,C,-2.226,0.5472,5.333,6
258,L,D,-1.813,0.4023,7.167,6
258,L,E,-1.87,0.2361,5.5,6
258,L,F,-0.1575,0.4101,18,6
258,L,G,-1.324,0.6638,4.5,6
258,L,H,-1.112,0.4824,5.167,6
258,L,I,-0.3205,0.4318,3.167,5
258,L,K,-0.3032,0.2642,3.833,6
258,L,L,0,0,,6
258,L,M,0.2918,0.3514,4.833,6
258,L,N,-0.2105,0.3942,5,6
258,L,P,-3.417,0,6.667,6
258,L,Q,0.4824,0.3634,3.5,6
258,L,R,-1.536,0.3267,7.333,6
258,L,S,-0.9355,1.132,7,6
258,L,T,-2.361,0.3866,3.667,6
258,L,V,-1.127,0.4292,3,6
258,L,W,-0.4195,0.3276,6.167,6
258,L,Y,0.4428,1.006,5.333,6
259,S,A,0.3194,0.6149,5.167,6
259,S,C,-0.8438,0.4179,4.333,6
259,S,D,0.2898,0.3321,5.5,6
259,S,E,0.5071,0.9747,6.5,6
259,S,F,-2.692,0.02236,3.333,6
259,S,G,0.3844,0.3284,7.833,6
259,S,H,-0.5948,0.9233,4.5,6
259,S,I,-0.7242,0.3506,11.33,6
259,S,K,-1.182,0.4937,9,6
259,S,L,-0.2494,0.6861,5.167,6
259,S,M,0.8986,0.4379,7.667,6
259,S,N,0.08537,0.5654,17,6
259,S,P,-3.236,0,5.667,6
259,S,Q,-0.1888,0.4411,5.833,6
259,S,R,-0.6772,0.8658,5,6
259,S,S,0,0,,6
259,S,T,-0.5956,0.8608,3.5,6
259,S,V,0.03062,0.5615,4,6
259,S,W,-0.9093,0.6415,6.333,6
259,S,Y,-0.0021,0.7683,5.833,6
260,L,A,-1.185,0.5722,4.167,6
260,L,C,-2.005,0.2857,5.667,6
260,L,D,-3.152,0,4.167,6
260,L,E,-1.527,0.3148,4.333,6
260,L,F,-0.8013,0.3428,4.833,6
260,L,G,-3.381,0,5.333,6
260,L,H,-1.879,0.3154,3.333,6
260,L,K,-1.459,0.8201,0.3333,2
260,L,L,0,0,,6
260,L,M,0.1612,1.209,2.5,6
260,L,N,-3.006,0,0.3333,2
260,L,P,-3.215,0,15,6
260,L,Q,-0.9935,0.2444,10.17,6
260,L,S,-1.629,0.2948,3,6
260,L,T,-2.069,0.1834,2.167,3
260,L,V,0.7156,0.6491,7.333,6
260,L,W,-3.417,0,7.5,6
260,L,Y,-2.096,0.19,7.833,6
261,I,A,-3.438,0,5.167,6
261,I,C,-3.495,0,6.833,6
261,I,D,-3.33,0,3.167,6
261,I,E,-2.647,0.01677,3.833,6
261,I,F,-2.293,0.07183,5.333,6
261,I,G,-3.274,0,7,6
261,I,H,-3.205,0,8.5,6
261,I,I,0,0,,6
261,I,K,-3.376,0,8,6
261,I,L,-0.7982,0.6195,4.5,6
261,I,M,-1.355,0.2874,4.5,6
261,I,N,-3.281,0,8.667,6
261,I,P,-3.398,0.03019,5.5,6
261,I,Q,-3.449,0,6.333,6
261,I,R,-3.315,0,5,6
261,I,S,-3.345,0,7.167,6
261,I,T,-3.232,0,5.5,6
261,I,V,0.1164,0.6764,6,6
261,I,W,-3.412,0,4.833,6
261,I,Y,-3.205,0,3.333,3
262,N,A,-0.3185,0.286,5,6
262,N,C,-1.45,0.7742,3.833,6
262,N,D,-1.53,0.3321,7.833,6
262,N,E,-0.8736,0.2162,7.333,6
262,N,F,-1.686,0.4435,4.167,6
262,N,G,-0.3622,0.7817,4.333,6
262,N,H,-0.7463,0.6103,8.833,6
262,N,I,-1.23,0.799,5.667,6
262,N,K,-0.9393,0.6106,7,6
262,N,L,-0.05524,0.2043,6.167,6
262,N,M,-0.5627,0.4253,7.667,6
262,N,N,0,0,,6
262,N,P,-3.162,0.1137,4.333,6
262,N,Q,-0.0636,0.5826,4.833,6
262,N,R,-0.09914,0.1798,6.5,6
262,N,S,-0.6054,0.8283,7.667,6
262,N,T,-0.648,0.7805,3.833,6
262,N,V,-0.5482,0.5236,5.667,6
262,N,W,-1.66,0.3559,4.333,6
262,N,Y,-0.3135,0.4168,4,6
263,D,A,-1.849,0.3096,6.167,6
263,D,C,-0.917,0.8089,5.667,6
263,D,D,0,0,,6
263,D,E,0.2604,0.6697,6.833,6
263,D,F,0.1069,0.7088,4.667,6
263,D,G,-1.661,0.2495,8.5,6
263,D,H,-1.042,0.3879,4.333,6
263,D,I,-1.673,0.2855,3.167,6
263,D,K,-3.191,0,3.333,6
263,D,L,-1.454,0.2086,7.5,6
263,D,M,-1.442,0.2076,3,6
263,D,N,-1.582,0.5018,27.83,6
263,D,P,-3.42,0,6,6
263,D,Q,-0.3595,0.7316,4.833,6
263,D,R,-3.058,0,8.667,6
263,D,S,-2.016,0.2751,5,6
263,D,T,-0.3231,0.3945,3.5,6
263,D,V,-0.3095,0.7134,4.333,6
263,D,W,-1.542,0.3493,6.333,6
263,D,Y,0.04486,0.4459,8.167,6
264,M,A,-2.356,0.1936,4.167,6
264,M,C,-2.779,0,7.5,6
264,M,D,-2.877,0,5.5,6
264,M,E,-3.394,0,7.333,6
264,M,F,-1.639,0.6382,5.5,6
264,M,G,-3.519,0,6.167,6
264,M,H,-3.385,0,8.167,6
264,M,I,-0.9889,0.2138,34,6
264,M,K,-3.402,0,12.17,6
264,M,L,-1.258,0.4888,4.667,6
264,M,M,0,0,,6
264,M,N,-3.398,0,5.167,6
264,M,P,-3.365,0,6.333,6
264,M,Q,-3.175,0,6.333,6
264,M,R,-3.291,0,5.667,6
264,M,S,-3.433,0,5.833,6
264,M,T,-3.311,0,8.167,6
264,M,V,-2.926,0,10.5,6
264,M,W,-3.209,0,6.833,6
264,M,Y,-3.412,0,6.167,6
265,P,A,-1.255,0.6599,3.5,6
265,P,C,-3.438,0,6,6
265,P,D,-3.29,0,5,6
265,P,E,-3.367,0,4.833,6
265,P,F,-2.993,0,5.5,6
265,P,G,-1.504,0.4618,4.833,6
265,P,H,-1.282,0.3571,14.83,6
265,P,I,-2.32,0,3.667,6
265,P,K,-3.375,0,6.167,6
265,P,L,-3.148,0,8,6
265,P,M,-3.019,0.1349,3.833,6
265,P,N,-3.393,0,5.833,6
265,P,P,0,0,,6
265,P,Q,0.3912,0.7502,3.333,6
265,P,R,-1.363,0.3684,7.167,6
265,P,S,-1.546,0.3609,20.17,6
265,P,T,-1.828,0.2243,17,6
265,P,V,-1.011,0.6467,4.167,6
265,P,W,-3.135,0,7.833,6
265,P,Y,-2.22,0.03429,5.333,6
266,I,A,-0.875,0.3382,6.333,6
266,I,C,-0.8515,0.7429,2.833,6
266,I,D,-3.401,0,2,6
266,I,E,-3.096,0,5.833,6
266,I,F,-3.453,0,7.5,6
266,I,G,-2.314,0.2296,5.5,6
266,I,H,-3.244,0,3.5,6
266,I,I,0,0,,6
266,I,K,-3.415,0,9,6
266,I,L,-1.309,0.7057,3.833,6
266,I,M,-0.2343,0.5775,5,6
266,I,N,-2.367,0.08877,9.667,6
266,I,P,-3.236,0,6.833,6
266,I,Q,-2.333,0,7.667,6
266,I,R,-3.448,0,5.167,6
266,I,S,-1.718,1.021,4,6
266,I,T,-0.4551,0.2942,10.67,6
266,I,V,0.2394,0.2701,7.5,6
266,I,W,-3.437,0,4.667,6
266,I,Y,-3.462,0,6.5,6
267,T,*,-3.25,0,0.5,3
267,T,A,-3.417,0,5.833,6
267,T,C,-3.386,0,7,6
267,T,D,-3.453,0,3,6
267,T,E,-3.45,0,8.333,6
267,T,F,-1.04,0.6495,4.333,6
267,T,G,-2.29,0.7881,3,6
267,T,H,-3.491,0,6.667,6
267,T,I,-3.383,0,12.5,6
267,T,K,-3.343,0,4,6
267,T,L,-3.316,0,4.833,6
267,T,M,-3.479,0,4.667,6
267,T,N,-3.502,0,11.17,6
267,T,P,-3.489,0,8.167,6
267,T,Q,-3.226,0,4.333,6
267,T,R,-3.483,0,5,6
267,T,S,-3.387,0,3.833,6
267,T,T,0,0,,6
267,T,V,-3.409,0,8.167,6
267,T,W,-0.8371,0.4318,4.5,6
267,T,Y,0.5352,0.4875,5.833,6
268,N,A,-3.156,0,4.667,6
268,N,C,-3.083,0,5.5,6
268,N,D,-2.769,0.06596,7.333,6
268,N,E,-2.978,0,8.333,6
268,N,F,-0.6554,0.4638,6.167,6
268,N,G,-3.489,0,6.667,6
268,N,H,-1.159,0.3261,6.5,6
268,N,I,-1.678,0.2217,6.167,6
268,N,K,-3.496,0,11.83,6
268,N,L,0.00415,0.3027,9,6
268,N,M,-1.446,0.3197,6,6
268,N,N,0,0,,6
268,N,P,-0.6352,0.5154,7,6
268,N,Q,-0.7879,0.4756,6.333,6
268,N,R,-3.422,0,6,6
268,N,S,-3.41,0,7,6
268,N,T,-3.22,0,4,6
268,N,V,-1.592,1.001,3.167,6
268,N,W,-0.798,0.6259,6.333,6
268,N,Y,-1.204,0.6496,5.833,6
269,D,A,-1.914,0.5263,6,6
269,D,C,-1.937,0.8396,3.833,6
269,D,D,0,0,,6
269,D,E,-2.846,0,8.833,6
269,D,F,-3.338,0,5.167,6
269,D,G,-3.385,0.3298,3.333,6
269,D,H,-3.492,0,7.333,6
269,D,I,-3.47,0,4.833,6
269,D,K,-3.431,0,6.167,6
269,D,L,-2.674,0,4.667,6
269,D,M,-3.047,0.1077,5.667,6
269,D,N,-3.324,0,17,6
269,D,P,-3.453,0,3.833,6
269,D,Q,-3.442,0,5.167,6
269,D,R,-3.482,0,8.167,6
269,D,S,-3.412,0,5.833,6
269,D,T,-3.394,0,2.833,6
269,D,V,-3.332,0,7,6
269,D,W,-3.301,0,4.167,6
269,D,Y,-3.433,0,22.83,6
270,Q,*,-3.234,0,12.83,6
270,Q,A,-2.873,0,7,6
270,Q,C,-2.359,0.2065,7.5,6
270,Q,D,-3.229,0,2,3
270,Q,E,-3.444,0,4.833,6
270,Q,F,-3.47,0,6.5,6
270,Q,G,-2.16,0.1651,7.167,6
270,Q,H,-3.474,0,17.33,6
270,Q,I,-3.484,0,5.167,6
270,Q,K,-3.422,0,20.67,6
270,Q,L,-3.447,0,8.833,6
270,Q,M,-3.337,0,7.333,6
270,Q,N,-2.449,0,4.167,6
270,Q,P,-3.12,0,5.167,6
270,Q,Q,0,0,,6
270,Q,R,-3.479,0,11,6
270,Q,S,-3.429,0,5,6
270,Q,T,-3.413,0,1.333,6
270,Q,V,-0.9603,0.7298,4,6
270,Q,W,-3.365,0,7.333,6
270,Q,Y,-3.494,0,5.667,6
271,K,A,-1.745,0.2031,5.167,6
271,K,C,-3.291,0,8.167,6
271,K,D,-3.382,0,5.167,6
271,K,E,-3.339,0,8.333,6
271,K,F,-3.285,0,4.5,6
271,K,G,-3.262,0,8.167,6
271,K,H,-3.204,0,6.167,6
271,K,I,-3.43,0,4.833,6
271,K,K,0,0,,6
271,K,L,-3.468,0,4.333,6
271,K,M,-1.475,0.4243,4.167,6
271,K,N,-3.485,0,14.17,6
271,K,P,-3.302,0,4.667,6
271,K,Q,-2.024,0.3899,7.333,6
271,K,R,-0.3178,0.6044,10.67,6
271,K,S,-3.093,0,6,6
271,K,T,-3.492,0,7.167,6
271,K,V,-3.361,0,9.833,6
271,K,W,-3.408,0,4.5,6
271,K,Y,-3.436,0,7.833,6
272,K,*,-0.3814,1.265,0.5,3
272,K,A,0.5693,0.5062,4.833,6
272,K,C,-0.6889,0.5815,5.667,6
272,K,D,-0.7762,0.2387,5.5,6
272,K,E,-0.04235,0.9525,5.167,6
272,K,F,0.6101,0.8118,6.833,6
272,K,G,0.4349,1.085,2.667,6
272,K,H,-1.05,0.447,6.833,6
272,K,I,0.08129,0.5309,8.833,6
272,K,K,0,0,,6
272,K,L,0.5061,0.4815,4,6
272,K,M,1.057,0.5184,6.333,6
272,K,N,-0.1791,0.3975,4,6
272,K,P,-3.309,0,3.333,6
272,K,Q,-0.2952,0.4847,5.333,6
272,K,R,0.2981,0.8398,7.167,6
272,K,S,-0.04405,0.5163,3.5,6
272,K,T,-0.06701,0.8504,4.667,6
272,K,V,0.4605,0.4302,3.667,6
272,K,W,1.19,0.4925,5.333,6
272,K,Y,0.4723,0.6554,3,6
273,L,A,-1.671,0.6633,1.833,6
273,L,C,-0.4755,0.7677,4.167,6
273,L,D,-3.411,0,4.833,6
273,L,E,-2.696,0,3.333,6
273,L,F,-3.477,0,7.333,6
273,L,G,-3.439,0,4.333,6
273,L,H,-2.07,0.1308,3.333,6
273,L,I,-0.9567,0.751,1.833,6
273,L,K,-3.394,0,4.5,6
273,L,L,0,0,,6
273,L,M,-1.575,0.4065,10.67,6
273,L,N,-3.359,0,6.667,6
273,L,P,-3.314,0,4.167,6
273,L,Q,-1.509,0.2237,8.167,6
273,L,R,-2.929,0,6.667,6
273,L,S,-2.982,0,6.833,6
273,L,T,-0.6171,0.2716,4.833,6
273,L,V,-0.4574,0.4044,6.5,6
273,L,W,-3.482,0,5.833,6
273,L,Y,-2.395,0,4.833,6
274,M,A,-1.738,0.3523,3.333,6
274,M,C,-1.506,0.4246,5.5,6
274,M,D,-3.305,0,5.833,6
274,M,E,-3.492,0,9.167,6
274,M,F,-3.489,0,6.833,6
274,M,G,-3.207,0,9.167,6
274,M,H,-2.2,0.7097,4.333,6
274,M,I,-2.142,0.19,35.33,6
274,M,K,-3.391,0,5.333,6
274,M,L,-3.428,0,6.833,6
274,M,M,0,0,,6
274,M,N,-3.432,0,4.5,6
274,M,P,-2.978,0,3.667,6
274,M,Q,-2.814,0,6,6
274,M,R,-3.077,0,4,6
274,M,S,-3.075,0,5.667,6
274,M,T,-2.718,0.1491,6.167,6
274,M,V,-2.157,0.09988,6.833,6
274,M,W,-3.427,0,4.833,6
274,M,Y,-2.179,0.534,2,6
275,S,A,0.3438,0.8451,2.333,6
275,S,C,0.3115,0.7749,5.333,6
275,S,D,-1.291,0.3956,5.333,6
275,S,E,-1.202,0.5709,3.167,6
275,S,F,-0.2246,0.2592,7.333,6
275,S,G,-0.272,0.2391,12.67,6
275,S,H,-0.6763,0.5407,5.5,6
275,S,I,-0.1888,0.1763,15.17,6
275,S,K,-0.4769,0.5359,6.833,6
275,S,L,0.1622,0.4613,6,6
275,S,M,1.219,0.5397,4,6
275,S,N,-0.7948,0.3805,15.83,6
275,S,P,-3.345,0,7.167,6
275,S,Q,-0.1704,0.2415,8,6
275,S,R,-0.7178,0.1994,10.5,6
275,S,S,0,0,,6
275,S,T,-0.2354,0.1981,6.167,6
275,S,V,-0.5464,0.6086,8.667,6
275,S,W,-0.4575,0.6091,6.5,6
275,S,Y,0.3685,0.6237,5.667,6
276,N,A,-0.2369,0.5127,5.333,6
276,N,C,-0.2263,0.9852,8.5,6
276,N,D,-0.4772,0.4635,5.333,6
276,N,E,-0.004159,0.4451,6,6
276,N,F,0.3019,0.3601,9,6
276,N,G,0.439,0.4463,5,6
276,N,H,0.277,0.4278,6.167,6
276,N,I,0.5891,0.2593,6.167,6
276,N,K,0.274,0.2735,12.5,6
276,N,L,1.508,0.2538,4.5,6
276,N,M,0.377,0.7942,5,6
276,N,N,0,0,,6
276,N,P,-2.568,1.615,3,6
276,N,Q,-0.2441,0.2996,4.167,6
276,N,R,-0.157,0.7006,3.667,6
276,N,S,0.6924,0.3786,9.333,6
276,N,T,0.1717,0.3849,4.667,6
276,N,V,0.7976,0.1431,7,6
276,N,W,0.5129,1.295,4.833,6
276,N,Y,-0.1311,0.6264,5.333,6
277,N,A,0.3242,0.6439,5.833,6
277,N,C,-1.935,0.4799,6.333,6
277,N,D,-3.04,0,10.17,6
277,N,E,-3.452,0,5.5,6
277,N,F,-1.388,0.2757,6.5,6
277,N,G,-0.1717,0.8518,5,6
277,N,H,0.2981,0.7927,6.5,6
277,N,I,-3.374,0,7.833,6
277,N,K,-1.952,0.2115,12.5,6
277,N,L,-3.005,0,6.333,6
277,N,M,0.0079,1.364,3.833,6
277,N,N,0,0,,6
277,N,P,-3.175,0,2.5,6
277,N,Q,-0.7203,0.154,9,6
277,N,R,-3.179,0,5.333,6
277,N,S,-1.264,0.3468,9.833,6
277,N,T,-0.6069,0.204,4.5,6
277,N,V,-2.896,0,7.333,6
277,N,W,-3.361,0,5.833,6
277,N,Y,-1.836,0.494,3.833,6
278,V,-,-2.554,0,0.5,3
278,V,A,-0.3887,0.2693,8,6
278,V,C,-0.7518,0.2024,8.5,6
278,V,D,-3.498,0,7.167,6
278,V,E,-3.484,0,3.833,6
278,V,F,-3.385,0,2.5,6
278,V,G,-1.727,0.3187,4.5,6
278,V,H,-2.746,0.1193,5.167,6
278,V,I,-0.6096,0.9063,3.833,6
278,V,K,-3.159,0,7.333,6
278,V,L,-3.158,0,10.83,6
278,V,M,-1.659,0.2974,19.33,6
278,V,N,-3.215,0,9.333,6
278,V,P,0.8042,0.3099,4,6
278,V,Q,-3.025,0.05106,3.667,6
278,V,R,-0.7096,0.4586,4.333,6
278,V,S,-3.239,0,4.833,6
278,V,T,-1.55,0.3944,5.833,6
278,V,V,0,0,,6
278,V,W,-3.497,0,8.333,6
278,V,Y,-3.016,0.01006,4.167,6
279,Q,*,-3.344,0,17.83,6
279,Q,A,-2.772,0,3.667,6
279,Q,C,-2.103,0.1546,3.833,6
279,Q,D,-3.409,0,7.5,6
279,Q,E,-3.441,0,7.667,6
279,Q,F,-3.244,0,4.667,6
279,Q,G,-3.281,0,6,6
279,Q,H,-2.237,1.2,4.167,6
279,Q,I,-2.906,0,7,6
279,Q,K,-3.341,0,10.67,6
279,Q,L,-3.319,0,6.5,6
279,Q,M,-0.3085,0.3113,6.5,6
279,Q,N,-2.287,0.2012,5,6
279,Q,P,-3.243,0,3.5,5
279,Q,Q,0,0,,6
279,Q,R,-3.476,0,9.833,6
279,Q,S,-3.271,0,7.167,6
279,Q,T,-3.454,0,4.833,6
279,Q,V,-0.8401,0.4994,6.5,6
279,Q,W,-1.837,0.5902,4.333,6
279,Q,Y,-3.125,0,6.167,6
280,I,A,-3.377,0,9.333,6
280,I,C,-3.41,0,4.833,6
280,I,D,-3.372,0,5.833,6
280,I,E,-3.447,0,4.667,6
280,I,F,-1.325,0.3204,5.333,6
280,I,G,-3.45,0,5.167,6
280,I,H,-2.628,0.1498,7.667,6
280,I,I,0,0,,6
280,I,K,-3.483,0,5.5,6
280,I,L,-0.5888,0.9732,4.167,6
280,I,M,-3.417,0,6.833,6
280,I,N,-3.388,0,6.333,6
280,I,P,-3.479,0,5.167,6
280,I,Q,-3.168,0,7.167,6
280,I,R,-2.434,0.04323,4.833,6
280,I,S,-3.479,0,5,6
280,I,T,-3.232,0,9.833,6
280,I,V,-0.3668,0.2736,7,6
280,I,W,-1.746,0.2967,5,6
280,I,Y,-1.779,0.3555,5.667,6
281,V,A,-1.143,0.1972,7,6
281,V,C,-3.083,0.04472,3.833,6
281,V,D,-3.288,0,9.5,6
281,V,E,-3.364,0,4.5,6
281,V,F,-3.253,0,20.17,6
281,V,G,-3.442,0,9.833,6
281,V,H,-3.076,0,5,6
281,V,I,-0.7209,0.4885,16.33,6
281,V,K,-3.03,0,4.167,6
281,V,L,-1.318,0.4388,7.167,6
281,V,M,-0.3083,0.3168,5.5,6
281,V,N,-3.248,0,2.333,6
281,V,P,-3.394,0,5.667,6
281,V,Q,-3.409,0,5.833,6
281,V,R,-3.272,0,5.5,6
281,V,S,-3.217,0,7.167,6
281,V,T,-1.854,0.5448,6.333,6
281,V,V,0,0,,6
281,V,W,-3.494,0,5.167,6
281,V,Y,-3.171,0,5.5,6
282,R,A,-3.417,0,5.167,6
282,R,C,-3.101,0,9.167,6
282,R,D,-3.058,0,2.5,6
282,R,E,-2.973,0,2.667,6
282,R,F,-3.072,0.5001,2.833,6
282,R,G,-3.01,0,12.33,6
282,R,H,-3.442,0,3.333,6
282,R,I,-3.321,0,15.83,6
282,R,K,-3.223,0,15.83,6
282,R,L,-3.337,0,9.167,6
282,R,M,-3.347,0,5.833,6
282,R,N,-3.165,0,4,6
282,R,P,-3.08,0.004099,4.167,6
282,R,Q,-3.328,0,9,6
282,R,R,0,0,,6
282,R,S,-3.349,0,6,6
282,R,T,-3.372,0,5.833,6
282,R,V,-3.253,0.1316,3.167,6
282,R,W,-2.963,0.8934,4.833,6
282,R,Y,-3.467,0,4.833,6
283,Q,*,-3.317,0,8.5,6
283,Q,A,-1.071,0.3054,8.333,6
283,Q,C,-0.9497,0.235,7.833,6
283,Q,D,-3.464,0,6.333,6
283,Q,E,-3.423,0,5.167,6
283,Q,F,-1.56,0.3392,3.333,6
283,Q,G,0.5376,0.4619,4.5,6
283,Q,H,-0.837,0.4529,13.67,6
283,Q,I,-1.261,0.5456,3.833,6
283,Q,K,-1.196,0.4341,8.5,6
283,Q,L,0.6761,1.039,6,6
283,Q,M,-0.332,0.4507,3.5,6
283,Q,N,-3.448,0,7.5,6
283,Q,P,-3.389,0,4.333,6
283,Q,Q,0,0,,6
283,Q,R,-1.178,0.7276,5.667,6
283,Q,S,-1.201,0.3132,6.667,6
283,Q,T,-0.0658,0.6778,5.833,6
283,Q,V,-1.286,0.5589,3.833,6
283,Q,W,-2.194,0.02832,6.833,6
283,Q,Y,-1.452,0.1785,4,6
284,Q,*,-3.197,0,14.5,6
284,Q,A,-0.8406,1.102,3.833,6
284,Q,C,-1.633,0.5594,4.167,6
284,Q,D,-0.7138,0.2863,2,3
284,Q,E,-2.577,1.434,1.5,6
284,Q,F,0.6129,0.4791,6.167,6
284,Q,G,-0.6284,0.6603,6.333,6
284,Q,H,0.3453,0.4796,3.5,6
284,Q,I,0.09945,1.079,3.333,6
284,Q,K,-0.4387,0.2892,11.33,6
284,Q,L,-0.895,0.4877,4.5,6
284,Q,M,-0.7601,0.4382,6,6
284,Q,N,-0.5702,0.376,3.667,6
284,Q,P,-2.275,0.3387,3.167,6
284,Q,Q,0,0,,6
284,Q,R,-1.325,0.8064,3.833,6
284,Q,S,-1.473,0.254,4,6
284,Q,T,-1.571,0.3125,5.333,6
284,Q,V,-1.64,0.3194,5.167,6
284,Q,W,-0.9558,0.3964,4.833,6
284,Q,Y,-0.03963,0.6458,6.833,6
285,S,A,-0.3345,0.4371,3,6
285,S,C,-2.29,0.1204,5.333,6
285,S,D,-3.274,0,5.167,6
285,S,E,-3.169,0,7,6
285,S,F,-2.986,0,6.167,6
285,S,G,-0.1626,0.4295,7.667,6
285,S,H,-3.132,0,3.333,6
285,S,I,-3.43,0,10.5,6
285,S,K,-2.735,0,4.5,3
285,S,L,-3.207,0,5.833,6
285,S,M,-1.49,0.4889,4.833,6
285,S,N,-3.366,0,17.33,6
285,S,P,-3.714,0,2.5,3
285,S,Q,-3.399,0,7.333,6
285,S,R,-3.227,0,15.83,6
285,S,S,0,0,,6
285,S,T,-2.346,0.1353,5.5,6
285,S,V,-2.998,0,5.167,6
285,S,W,-3.226,0,4.5,6
285,S,Y,-2.441,1.475,3,6
286,Y,*,-2.912,0.447,4.833,6
286,Y,A,-3.205,0.3893,2,6
286,Y,C,-3.215,0,5.667,6
286,Y,D,-3.208,0,6.667,6
286,Y,E,-2.985,0,5.167,6
286,Y,F,-0.6693,0.3959,3.667,6
286,Y,G,-3.081,0,5.5,6
286,Y,H,-1.582,0.536,8.833,6
286,Y,I,-3.421,0,10.17,6
286,Y,K,-3.069,0,4.333,6
286,Y,L,-3.401,0,4.5,6
286,Y,M,-3.088,1.088,6.5,6
286,Y,N,-3.077,0,6.833,6
286,Y,P,-3.31,0,4.333,6
286,Y,Q,-3.04,0,4.333,6
286,Y,R,-3.21,0,5.333,6
286,Y,S,-3.182,0.8104,2.833,6
286,Y,T,-3.54,0,4.833,6
286,Y,V,-3.461,0,5.5,6
286,Y,W,-0.5261,0.7628,4.333,6
286,Y,Y,0,0,,6
287,S,*,-3.269,0,0.3333,2
287,S,A,-0.1219,0.8021,5.5,6
287,S,C,-0.2618,0.4785,5,6
287,S,D,-3.468,0,4.167,6
287,S,E,-3.419,0,9,6
287,S,F,-3.074,0,6.333,6
287,S,G,-0.1206,0.5258,6.833,6
287,S,H,-2.81,0.01155,5.667,6
287,S,I,-3.257,0,17,6
287,S,K,-2.997,0,4.833,6
287,S,L,-3.405,0,4.833,6
287,S,M,-3.17,0,3.833,6
287,S,N,-3.176,0,22.83,6
287,S,P,-3.046,0,1.833,3
287,S,Q,-3.164,0,2.167,5
287,S,R,-3.39,0,13.83,6
287,S,S,0,0,,6
287,S,T,-0.2923,0.5442,5.667,6
287,S,V,-1.181,0.6718,6.667,6
287,S,W,-3.386,0,8,6
287,S,Y,-3.316,0,5.833,6
288,I,A,-3.331,0,4.833,6
288,I,C,-3.143,0,6,6
288,I,D,-3.383,0,7,6
288,I,E,-3.386,0,4.667,6
288,I,F,-3.158,0.4092,5.667,6
288,I,G,-3.139,0,6.5,6
288,I,H,-2.317,0.07966,4.5,6
288,I,I,0,0,,6
288,I,K,-2.963,0.01975,4,6
288,I,L,-0.3023,0.3091,5.5,6
288,I,M,-2.134,0.5106,2,6
288,I,N,-3.297,0.002981,5.167,6
288,I,P,-3.466,0,5.333,6
288,I,Q,-3.009,0,9.667,6
288,I,R,-3.166,0,7.333,6
288,I,S,-3.048,0,6.167,6
288,I,T,-3.204,0,6.5,6
288,I,V,-1.953,0.7513,6,6
288,I,W,-3.339,0,6.833,6
288,I,Y,-2.96,0.09615,3.5,6
289,M,A,-2.692,0.6644,5.167,6
289,M,C,-3.412,0,4.167,6
289,M,D,-3.122,0,5,6
289,M,E,-3.179,0,8.833,6
289,M,F,-3.3,0,3,6
289,M,G,-3.312,0,8.333,6
289,M,H,-1.47,0.4753,7,6
289,M,I,-3.24,0,27.17,6
289,M,K,-3.378,0,10,6
289,M,L,-3.188,0,2.833,6
289,M,M,0,0,,6
289,M,N,-1.902,0.7782,4.833,6
289,M,P,-3.078,0,7,6
289,M,Q,-2.852,0,4,6
289,M,R,-3.391,0,9.5,6
289,M,S,-3.035,0.001863,5.333,6
289,M,T,-3.166,0,6.667,6
289,M,V,-3.378,0,6.833,6
289,M,W,-1.418,0.721,4,6
289,M,Y,-0.5126,0.2802,5.667,6
290,S,A,0.1054,0.6991,5.167,6
290,S,C,-3.05,0,6,6
290,S,D,-3.186,0,1,4
290,S,E,-3.088,0,6.667,6
290,S,F,-3.268,0,18.5,6
290,S,G,1.015,0.4645,8,6
290,S,H,-2.957,0,2.333,6
290,S,I,-3.136,0.1271,4.333,6
290,S,K,-3.095,0,4.333,6
290,S,L,-3.117,0.0354,5.333,6
290,S,M,-3.19,0,8.833,6
290,S,N,-3.006,0.2206,5.5,6
290,S,P,-2.659,0.03205,8.667,6
290,S,Q,-3.319,0,6.5,6
290,S,R,-3.057,0,4.667,6
290,S,S,0,0,,6
290,S,T,-3.213,0,2.833,6
290,S,V,-3.12,0,6.167,6
290,S,W,-3.188,0,7.167,6
290,S,Y,-3.111,0,16.5,6
291,I,A,-1.056,0.9768,3.667,6
291,I,C,-1.347,0.3176,5.5,6
291,I,D,-2.963,0,5,6
291,I,E,-3.386,0,4.833,6
291,I,F,-2.014,0.2878,7.333,6
291,I,G,-3.151,0,3.333,6
291,I,H,-2.96,0,5.833,6
291,I,I,0,0,,6
291,I,K,-2.857,1.156,4.333,6
291,I,L,-1.327,0.08795,7.167,6
291,I,M,-1.627,0.3084,6.333,6
291,I,N,-3.117,0,8.667,6
291,I,P,-3.183,0,4.333,6
291,I,Q,-2.841,0,5,6
291,I,R,-3.062,0,8.5,6
291,I,S,-2.304,0.5794,7.667,6
291,I,T,-1.242,0.4963,5.5,6
291,I,V,-0.2303,0.367,6.167,6
291,I,W,-2.77,0,6.667,6
291,I,Y,-0.5308,1.672,3.5,6
292,I,A,-0.7044,0.7215,2,3
292,I,C,-0.7525,1.251,6.5,6
292,I,D,-2.778,0,4.333,6
292,I,E,-3.221,0,6.5,6
292,I,F,-0.735,0.8825,3.167,6
292,I,G,-3.31,0,6.667,6
292,I,H,-2.582,0.4326,2.667,6
292,I,I,0,0,,6
292,I,K,-3.417,0,5.333,6
292,I,L,-0.9935,0.8154,5.5,6
292,I,M,-0.7366,0.7838,6.667,6
292,I,N,-2.95,0,6.333,6
292,I,P,-3.06,0,3.667,6
292,I,Q,-0.4095,0.2526,5.167,6
292,I,R,-3.018,0,4.833,6
292,I,S,-3.239,0,6.5,6
292,I,T,-0.2945,0.8273,7.333,6
292,I,V,-0.01995,0.4735,7.333,6
292,I,W,-0.3822,0.533,8.333,6
292,I,Y,-1.072,0.8956,3,6
293,K,*,-1.572,0.4587,0.5,3
293,K,A,-0.8705,0.6264,6.5,6
293,K,C,-0.8212,0.7194,4.833,6
293,K,D,-0.9939,0.4899,5,6
293,K,E,-1.24,0.497,10,6
293,K,F,-1.104,1.148,4,6
293,K,G,-0.6431,0.716,3.167,6
293,K,H,-2.231,0.09354,4.667,6
293,K,I,-0.2419,0.5306,4,6
293,K,K,0,0,,6
293,K,L,0.2239,0.5441,4.833,6
293,K,M,0.2872,0.7844,4,6
293,K,N,-2.143,0.3651,35.83,6
293,K,P,-3.104,0,8.333,6
293,K,Q,-1.556,0.934,5,6
293,K,R,-0.2384,0.6802,6.833,6
293,K,S,-1.449,0.5619,7.167,6
293,K,T,-1.33,0.3862,5.333,6
293,K,V,0.06995,0.8415,4.5,6
293,K,W,-1.746,0.2367,8.5,6
293,K,Y,-0.06775,0.8036,4,6
294,E,*,-3.146,0,17.5,6
294,E,A,-0.1023,0.8625,1.833,6
294,E,C,-0.05826,0.5408,4,6
294,E,D,0.05195,0.7201,3,6
294,E,E,0,0,,6
294,E,F,-0.9788,0.4143,8,6
294,E,G,-1.098,0.3444,4.833,6
294,E,H,-2.048,1.05,4,6
294,E,I,-3.03,0.1599,4.5,6
294,E,K,-2.861,0.07454,15.5,6
294,E,L,-1.246,0.4281,6.333,6
294,E,M,-0.8115,0.6404,7.667,6
294,E,N,-0.3003,0.8888,4.333,6
294,E,P,-1.696,0.4881,6.5,3
294,E,Q,-0.1431,0.5256,3.667,6
294,E,R,-3.152,0,7.167,6
294,E,S,-0.00865,1.327,3.667,6
294,E,T,-1.338,0.2821,5.167,6
294,E,V,-2.534,0.1725,5.5,6
294,E,W,-0.6482,0.1827,4,6
294,E,Y,-1.161,0.5153,3.833,5
295,E,*,-2.668,0,5,6
295,E,A,-0.4886,0.7116,3.167,6
295,E,C,-1.8,0.2933,3,6
295,E,D,-0.06526,0.187,5.5,6
295,E,E,0,0,,6
295,E,F,-1.41,0.4905,5.167,6
295,E,G,-0.4756,0.7399,8.5,6
295,E,H,-1.543,1.296,1,3
295,E,I,-3.358,0,3.833,6
295,E,K,-3.506,0,22.17,6
295,E,L,-1.559,0.3056,5.5,6
295,E,M,-0.9163,0.5042,6.833,6
295,E,N,-1.735,0.6246,2.667,6
295,E,P,-2.923,0,6.333,6
295,E,Q,-0.7461,0.7247,4.833,6
295,E,R,-3.369,0.1968,4.333,6
295,E,S,-1.006,0.616,4.5,6
295,E,T,-1.567,0.5445,3.667,6
295,E,V,-3.428,0.03317,6.833,6
295,E,W,-1.958,0.8382,2.5,6
295,E,Y,-2.595,0.2226,5,6
296,V,A,-2.877,0.2758,4.667,6
296,V,C,-0.5232,0.3136,8.167,6
296,V,D,-3.433,0,6.333,6
296,V,E,-2.894,0,7.667,6
296,V,F,-1.318,0.3961,15.17,6
296,V,G,-3.126,0,5,6
296,V,H,-3.316,0,4.333,6
296,V,I,0.2609,0.1382,12.5,6
296,V,K,-3.215,0,6,6
296,V,L,-0.1726,0.8444,5.167,6
296,V,M,-0.2646,0.5135,4.5,6
296,V,N,-2.577,0,7.5,6
296,V,P,-3.171,0,5.5,6
296,V,Q,-2.662,0,4.833,6
296,V,R,-2.854,0,5.167,6
296,V,S,-2.978,0,2.5,6
296,V,T,-0.3266,0.1323,7.167,6
296,V,V,0,0,,6
296,V,W,-2.286,0.3315,3.333,6
296,V,Y,-1.035,0.6239,2,6
297,L,A,-0.9471,0.6802,3.333,6
297,L,C,-0.9421,0.2719,5.333,6
297,L,D,-3.179,0.0123,2.667,6
297,L,E,-3.176,0,6.5,6
297,L,F,-1.565,0.281,7.5,6
297,L,G,-3.405,0,5.667,6
297,L,H,-2.898,0,3.167,6
297,L,I,-0.7263,0.495,7.667,6
297,L,K,-3.349,0,4.833,6
297,L,L,0,0,,6
297,L,M,-1.3,0.4651,25.5,6
297,L,N,-3.309,0,4.833,6
297,L,P,-3.079,0,9.333,6
297,L,Q,-3.215,0,6.333,6
297,L,R,-3.226,0,3.667,6
297,L,S,-3.394,0,3.5,6
297,L,T,-3.216,0,2.5,6
297,L,V,-0.8161,0.4789,8.667,6
297,L,W,-3.275,0,2,6
297,L,Y,-3.268,0,4.167,6
298,A,-,-1.543,0.2326,0.5,3
298,A,A,0,0,,6
298,A,C,-0.3977,0.8187,4.667,6
298,A,D,-3.2,0,20,6
298,A,E,-2.759,0,5.667,6
298,A,F,-3.426,0,5.5,6
298,A,G,0.4255,0.6072,6.5,6
298,A,H,-3.42,0,6.667,6
298,A,I,-2.999,0.01863,5.333,6
298,A,K,-2.91,0,5,6
298,A,L,-2.259,0.2584,6.5,6
298,A,M,-1.488,0.3008,7.5,6
298,A,N,-2.308,0.906,3,6
298,A,P,-3.351,0,6.833,6
298,A,Q,-2.939,0,5.167,6
298,A,R,-3.329,0,7.5,6
298,A,S,-3.346,0,16.17,6
298,A,T,-3.348,0,21.5,6
298,A,V,-3.229,0,13.83,6
298,A,W,-3.308,0,6,6
298,A,Y,-3.45,0,4.167,6
299,Y,*,-2.476,0.6444,5.833,6
299,Y,-,-2.039,0.281,0.5,3
299,Y,A,-3.507,0,6.667,6
299,Y,C,-3.394,0,8.333,6
299,Y,D,-2.978,0,5.833,6
299,Y,E,-3.271,0,5.667,6
299,Y,F,-0.5455,0.6166,4.833,6
299,Y,G,-3.115,0,1.833,6
299,Y,H,-3.106,0,7.667,6
299,Y,I,-3.321,0,6.333,6
299,Y,K,-2.728,0.1115,6.167,6
299,Y,L,-3.346,0,6.167,6
299,Y,M,-3.157,0,9,6
299,Y,N,-3.242,0,9.5,6
299,Y,P,-3.154,0,5.333,6
299,Y,Q,-3.242,0,7.167,6
299,Y,R,-3.155,0,4.5,6
299,Y,S,-3.345,0,3.667,6
299,Y,T,-3.356,0,5.333,6
299,Y,V,-3.453,0,6.833,6
299,Y,W,-0.6217,0.9032,7,6
299,Y,Y,0,0,,6
300,V,A,-3.288,0,3.167,6
300,V,C,-3.365,0,7.167,6
300,V,D,-2.894,0,6.167,6
300,V,E,-3.235,0,5.5,6
300,V,F,-3.163,0,3.667,6
300,V,G,-3.127,0,5.5,6
300,V,H,-3.101,0,6.833,6
300,V,I,-1.486,0.1152,5.5,6
300,V,K,-3.341,0,6.167,6
300,V,L,-3.468,0,16.83,6
300,V,M,-3.409,0,15,6
300,V,N,-2.837,0,5,6
300,V,P,-3.204,0,7.167,6
300,V,Q,-2.737,0.09139,3.167,6
300,V,R,-2.859,0,6.5,6
300,V,S,-3.144,0,4.333,6
300,V,T,-2.897,0.004472,5.833,6
300,V,V,0,0,,6
300,V,W,-3.128,0.1938,4.833,6
300,V,Y,-2.954,0,8.333,6
301,V,A,-1.697,1.188,6.833,6
301,V,C,-2.312,0.1077,5.667,6
301,V,D,-3.226,0,6.333,6
301,V,E,-3.274,0,8.167,6
301,V,F,-3.187,0,17.5,6
301,V,G,-3.307,0.8986,4,6
301,V,H,-3.075,0,11.5,6
301,V,I,-0.1903,0.1784,23.5,6
301,V,K,-3.388,0,8,6
301,V,L,-0.3237,0.4489,9.333,6
301,V,M,-0.372,0.7633,6.167,6
301,V,N,-3.084,0,6,6
301,V,P,-3.398,0,5.167,6
301,V,Q,-3.17,0,7.167,6
301,V,R,-3.349,0,9.167,6
301,V,S,-3.3,0,3.333,6
301,V,T,-0.6064,0.5087,5.5,6
301,V,V,0,0,,6
301,V,W,-3.473,0,5.5,6
301,V,Y,-3.008,1.263,3,6
302,Q,*,-3.172,0,5.167,6
302,Q,-,0.568,1.125,0.5,3
302,Q,A,-3.29,0,4.833,3
302,Q,C,-3.447,0,4,6
302,Q,D,-3.47,0,2.833,6
302,Q,E,-3.424,0,4.833,6
302,Q,F,-3.258,0,7.167,6
302,Q,G,-3.311,0,6.5,6
302,Q,H,-2.966,0,16.33,6
302,Q,I,-3.4,0,5.667,6
302,Q,K,-3.099,0,27.17,6
302,Q,L,-3.448,0,4.667,6
302,Q,M,-3.086,0.3224,5.833,6
302,Q,N,-3.018,0,4.167,6
302,Q,P,-3.436,0,8,6
302,Q,Q,0,0,,6
302,Q,R,-3.13,0,8.333,6
302,Q,S,-3.348,0,5.167,6
302,Q,T,-3.467,0,4,6
302,Q,V,-3.507,0,7,6
302,Q,W,-2.633,0.06261,5,6
302,Q,Y,-3.147,0,3.333,6
303,L,A,-1.709,0.338,4.333,6
303,L,C,-2.795,0,6,6
303,L,D,-3.253,0,5.667,6
303,L,E,-3.08,1.256,6.333,6
303,L,F,-3.151,0,4.333,6
303,L,G,-3.232,0,4.833,6
303,L,H,-3.276,0,6,6
303,L,I,0.1739,0.9155,1.833,6
303,L,K,-3.306,0,5.5,6
303,L,L,0,0,,6
303,L,M,-0.9928,0.317,28.5,6
303,L,N,-3.329,0,3.333,6
303,L,P,-3.25,0,9,6
303,L,Q,-3.475,0,5.667,6
303,L,R,-3.163,0,5.333,6
303,L,S,-2.889,0,9.5,6
303,L,T,-1.816,0.3417,7.5,6
303,L,V,-0.4173,0.2311,5.5,6
303,L,W,-3.452,0,6,6
303,L,Y,-3.478,0,7.667,6
304,P,A,-2.542,0,6,6
304,P,C,-3.295,0,6.167,6
304,P,D,-2.899,0,6,6
304,P,E,-3.22,0,6,6
304,P,F,-2.904,0,5.5,6
304,P,G,-3.374,0,3.667,6
304,P,H,-3.21,0,15.67,6
304,P,I,-3.183,1.373,4.5,6
304,P,K,-3.452,0,8.333,6
304,P,L,-3.049,0,14.5,6
304,P,M,-3.249,0.1297,5.5,6
304,P,N,-2.981,0,9.167,6
304,P,P,0,0,,6
304,P,Q,-3.314,0,6.5,6
304,P,R,-3.16,0,5,6
304,P,S,-3.319,0,30.17,6
304,P,T,-3.383,0,19.83,6
304,P,V,-3.372,0,4.833,6
304,P,W,-3.125,0,5,6
304,P,Y,-3.303,0,5.5,6
305,L,A,-3.193,0,7.5,6
305,L,C,-2.171,1.302,4.333,6
305,L,D,-3.47,0,6.833,6
305,L,E,-2.058,0.1811,3.5,6
305,L,F,-1.353,0.7088,6.833,6
305,L,G,-3.523,0,6.167,6
305,L,H,-0.6303,0.7011,5.167,6
305,L,I,0.1972,0.2905,6.667,6
305,L,K,-1.781,0.2183,3.167,6
305,L,L,0,0,,6
305,L,M,-0.4879,0.6654,19,6
305,L,N,-3.147,0,8.667,6
305,L,P,-3.096,0,11,6
305,L,Q,-0.9113,0.9713,4.833,6
305,L,R,-2.62,0.03252,2.833,6
305,L,S,-2.05,0.3687,4.667,6
305,L,T,-1.46,0.4565,5.5,6
305,L,V,-0.01502,0.2027,6.833,6
305,L,W,0.1907,1.161,5,5
305,L,Y,-0.6113,0.6858,4,6
306,Y,*,-3.291,0,3.333,6
306,Y,A,-2.984,0,2,3
306,Y,C,-3.406,0,10.17,6
306,Y,D,-3.379,0,5.5,6
306,Y,E,-3.236,0,7.167,6
306,Y,F,-0.5537,0.5914,6.667,6
306,Y,G,-3.113,0,3.333,6
306,Y,H,-3.383,0,8.5,6
306,Y,I,-2.763,0.3965,5,6
306,Y,K,-3.079,0,6.833,6
306,Y,L,-1.566,0.4221,6,6
306,Y,M,-0.9413,0.4136,7.833,6
306,Y,N,-3.359,0,6.5,6
306,Y,P,-3.297,0,10,6
306,Y,Q,-3.21,0,7,6
306,Y,R,-3.295,0,3.833,6
306,Y,S,-3.312,0,4.333,6
306,Y,T,-3.431,0,4.167,6
306,Y,V,-3.316,0,6.333,6
306,Y,W,0.2886,0.6194,2.833,6
306,Y,Y,0,0,,6
307,G,A,-0.7892,0.6835,4.833,6
307,G,C,-3.379,0,31.33,6
307,G,D,-3.443,0,16.83,6
307,G,E,-2.858,0,4.167,6
307,G,F,-3.429,0,8,6
307,G,G,0,0,,6
307,G,H,-1.41,0.4815,8,6
307,G,I,-3.416,0,7.5,6
307,G,K,-2.643,0.3578,8,6
307,G,L,-1.805,0.8637,3,6
307,G,M,-1.139,0.5151,8.5,6
307,G,N,-1.149,0.2665,5.667,6
307,G,P,-3.365,0,3,6
307,G,Q,-1.159,0.531,4,6
307,G,R,-1.86,0.6102,5.333,6
307,G,S,-1.339,0.3246,17.83,6
307,G,T,-1.132,0.5781,6.667,6
307,G,V,-3.42,0,19.17,6
307,G,W,-3.38,0,6,6
307,G,Y,-3.372,0,6.333,6
308,V,A,-2.644,0,6.5,6
308,V,C,-3.436,0,6,6
308,V,D,-3.462,0,8.333,6
308,V,E,-3.381,0,7.333,6
308,V,F,-3.5,0,10.5,6
308,V,G,-3.188,0,6.5,6
308,V,H,-3.408,0,9,6
308,V,I,-3.486,0,5.667,6
308,V,K,-3.523,0,8.167,6
308,V,L,-3.465,0,16.67,6
308,V,M,-3.511,0,23.5,6
308,V,N,-3.458,0,5.167,6
308,V,P,-3.33,0,7,6
308,V,Q,-3.452,0,7.833,6
308,V,R,-3.165,0,4.167,6
308,V,S,-3.242,0.1707,1.833,6
308,V,T,-3.396,0,4.667,6
308,V,V,0,0,,6
308,V,W,-3.489,0,6.833,6
308,V,Y,-3.46,0,6.833,6
309,I,A,-2.027,1.335,3,6
309,I,C,-3.436,0,6.167,6
309,I,D,-3.481,0,5.333,6
309,I,E,-3.474,0,5.833,6
309,I,F,-3.49,0,4.667,6
309,I,G,-3.404,0,7.167,6
309,I,H,-3.502,0,6.667,6
309,I,I,0,0,,6
309,I,K,-3.474,0,6.5,6
309,I,L,-3.468,0,6.333,6
309,I,M,-3.054,0.875,3.333,6
309,I,N,-3.202,0.8651,8.333,6
309,I,P,-3.401,0,5.333,6
309,I,Q,-3.527,0,5.167,6
309,I,R,-3.517,0,6.167,6
309,I,S,-3.468,0,6.667,6
309,I,T,-3.196,0,6,6
309,I,V,-3.433,0,8.667,6
309,I,W,-3.502,0,7.833,6
309,I,Y,-3.474,0,4.667,6
310,D,A,-3.451,0,6.333,6
310,D,C,-3.28,0,4.5,6
310,D,D,0,0,,6
310,D,E,-1.112,0.4914,10.17,6
310,D,F,-3.254,0,3.333,6
310,D,G,-3.457,0,11.17,6
310,D,H,-3.399,0,6.167,6
310,D,I,-3.244,0,6.333,6
310,D,K,-3.328,0,7,6
310,D,L,-3.442,0,3.5,6
310,D,M,-3.263,0,6.833,6
310,D,N,-3.38,0,16.33,6
310,D,P,-3.409,0,4.5,6
310,D,Q,-3.425,0,8.833,6
310,D,R,-3.333,0.1133,6.5,6
310,D,S,-3.404,0,6.333,6
310,D,T,-3.44,0,8.333,6
310,D,V,-3.168,0,6.333,6
310,D,W,-3.279,0,4.667,6
310,D,Y,-3.47,0,16.17,6
311,T,A,-3.46,0,5.5,6
311,T,C,-3.484,0,8,6
311,T,D,-3.228,0,3.667,6
311,T,E,-3.378,0,4.5,6
311,T,F,-3.483,0,7.167,6
311,T,G,-3.048,0,5.167,6
311,T,H,-3.308,0,5.333,6
311,T,I,-3.514,0,15.67,6
311,T,K,-3.457,0,5.5,6
311,T,L,-3.314,0,5.167,6
311,T,M,-3.361,0,7.167,6
311,T,N,-3.373,0,6.667,6
311,T,P,-3.106,0,4.333,6
311,T,Q,-3.452,0,6.833,6
311,T,R,-3.472,0,2.833,6
311,T,S,-3.391,0,6.5,6
311,T,T,0,0,,6
311,T,V,-3.487,0,8.667,6
311,T,W,-3.432,0,5.5,6
311,T,Y,-3.481,0,5.833,6
312,P,A,-0.3044,1.017,2.833,6
312,P,C,-1.996,0.3028,6.5,6
312,P,D,0.5737,0.9415,4.333,6
312,P,E,-0.1969,1.014,4.833,6
312,P,F,-0.8446,0.7951,4.167,6
312,P,G,0.9282,0.239,8,6
312,P,H,0.6659,0.841,3.667,6
312,P,I,-1.449,0.2835,6.333,6
312,P,K,-0.4009,0.1698,9,6
312,P,L,-0.6502,0.3164,15.17,6
312,P,M,-0.8005,0.5111,6.5,6
312,P,N,-0.05055,0.551,6,6
312,P,P,0,0,,6
312,P,Q,0.2294,0.264,29.33,6
312,P,R,-0.9904,0.5419,6.5,6
312,P,S,0.1644,0.2188,14.17,6
312,P,T,-0.2676,0.2778,27.83,6
312,P,V,-1.305,0.7885,4.5,6
312,P,W,-0.3579,0.4251,6.167,6
312,P,Y,-0.731,0.8582,10.17,6
313,C,*,-2.166,0.5319,2,6
313,C,A,-3.299,0,4.833,6
313,C,C,0,0,,6
313,C,D,-3.344,0.03764,5.5,6
313,C,E,-3.365,0,8.333,6
313,C,F,-3.385,0,11.17,6
313,C,G,-2.816,0.6051,2.333,6
313,C,H,-3.172,0,5.667,6
313,C,I,-3.353,0,6.833,6
313,C,K,-3.146,0,4.667,6
313,C,L,-3.476,0,7.333,6
313,C,M,-2.88,0,3,6
313,C,N,-3.359,0,6.167,6
313,C,P,-3.157,0,7.5,6
313,C,Q,-3.292,0,5.833,6
313,C,R,-3.33,0,7.667,6
313,C,S,-3.242,0,9.5,6
313,C,T,-3.248,0,7.667,6
313,C,V,-3.312,0,8.333,6
313,C,W,-3.248,0,5.667,6
313,C,Y,-2.992,0,15,6
314,W,*,-3.143,0,41.17,6
314,W,A,-2.125,0.3274,6.833,6
314,W,C,-3.043,0,4.667,6
314,W,D,-3.343,0,4.833,6
314,W,E,-2.921,0,7,6
314,W,F,-1.788,0.5362,5.667,6
314,W,G,-3.328,0,7.667,6
314,W,H,-0.5084,0.3646,5,6
314,W,I,-2.69,0.1105,6,6
314,W,K,-2.835,0,12,6
314,W,L,-2.633,0.008572,21.33,6
314,W,M,-1.899,0.4054,8.167,6
314,W,N,-2.803,0.1107,5.333,6
314,W,P,-3.133,0,8.667,6
314,W,Q,-0.9127,0.5546,4.833,6
314,W,R,-2.501,0,10.83,6
314,W,S,-2.224,0.3435,11,6
314,W,T,-1.662,0.6781,4,6
314,W,V,-2.377,0.3291,7,6
314,W,W,0,0,,6
314,W,Y,-1.121,0.7606,5.833,6
315,K,*,-2.474,0.2651,1.833,6
315,K,A,-2.997,0,3.5,6
315,K,C,-3.292,0,6.667,6
315,K,D,-3.353,0,8.167,6
315,K,E,-3.093,0,6.667,6
315,K,F,-3.385,0,4.833,6
315,K,G,-3.446,0,5,6
315,K,H,-2.425,0.1043,8.333,6
315,K,I,-2.639,0,4.167,6
315,K,K,0,0,,6
315,K,L,-2.22,0.1152,6.333,6
315,K,M,-3.149,0,5.167,6
315,K,N,-2.508,0,13,6
315,K,P,-3.427,0,7.333,6
315,K,Q,-1.72,0.4294,8,6
315,K,R,-1.925,0.1701,11.83,6
315,K,S,-3.418,0,3.833,6
315,K,T,-3.436,0,8.5,6
315,K,V,-3.341,0.1364,4.833,6
315,K,W,-1.722,0.6001,6.333,6
315,K,Y,-1.198,0.5559,4.333,6
316,L,A,-3.183,0,4.167,6
316,L,C,-2.797,0,6,6
316,L,D,-3.268,0,5.667,6
316,L,E,-3.356,0,4.333,6
316,L,F,-3.309,0,7.5,6
316,L,G,-3.115,0,4.833,6
316,L,H,-3.204,0,7.833,6
316,L,I,0.5203,0.5653,6.333,6
316,L,K,-3.322,0,7.833,6
316,L,L,0,0,,6
316,L,M,-1.218,0.4016,14.17,6
316,L,N,-3.191,0,7.833,6
316,L,P,-3.297,0,9.833,6
316,L,Q,-0.8574,0.3501,12.67,6
316,L,R,-3.403,0,7.833,6
316,L,S,-2.583,1.206,2.5,6
316,L,T,0.1804,0.3605,5.167,6
316,L,V,-0.168,0.5518,4.333,6
316,L,W,-3.325,0,5.667,6
316,L,Y,-3.25,0,3,6
317,H,A,-0.4513,0.308,5.833,6
317,H,C,-3.058,0,4,6
317,H,D,-2.402,0.3848,6.167,6
317,H,E,-3.443,0,10.17,6
317,H,F,-0.8679,0.9254,3.167,6
317,H,G,-3.394,0,7.667,6
317,H,H,0,0,,6
317,H,I,-3.293,0,4.667,6
317,H,K,-3.33,0,7.167,6
317,H,L,-2.965,0.008572,9.833,6
317,H,M,-0.7861,0.5276,8.333,6
317,H,N,-0.76,0.3646,13.5,6
317,H,P,-3.45,0,6.167,6
317,H,Q,0.2702,0.8289,4.5,6
317,H,R,-3.25,0,10.83,6
317,H,S,-0.7662,0.3289,6.5,6
317,H,T,-3.37,0,6.833,6
317,H,V,-3.405,0,6.833,6
317,H,W,-0.9281,0.1807,8.167,6
317,H,Y,-0.4297,0.3371,19,6
318,T,A,-3.347,0,13.17,6
318,T,C,-3.463,0,7.333,6
318,T,D,-3.427,0,7.167,6
318,T,E,-3.301,0,11.83,6
318,T,F,-3.304,0,6.333,6
318,T,G,-3.393,0,3.833,6
318,T,H,-3.358,0,6,6
318,T,I,-3.401,0,16.67,6
318,T,K,-3.215,0,5.167,6
318,T,L,-2.937,0.02832,6.667,6
318,T,M,-3.333,0,7.167,6
318,T,N,-3.505,0,11.67,6
318,T,P,-3.404,0,5.167,6
318,T,Q,-3.05,0,8.167,6
318,T,R,-3.223,0,5.5,6
318,T,S,-0.3398,0.2463,6,6
318,T,T,0,0,,6
318,T,V,-2.985,0,3.333,6
318,T,W,-3.226,0,8.333,6
318,T,Y,-3.125,0,3,6
319,S,A,-1.662,0.467,5.833,6
319,S,C,-3.037,0.08162,6.167,6
319,S,D,-3.135,0,5.667,6
319,S,E,-3.434,0,6.833,6
319,S,F,-3.354,0,13.67,6
319,S,G,-1.216,0.3084,7.333,6
319,S,H,-3.258,0,4.5,6
319,S,I,-3.369,0,4.833,6
319,S,K,-3.276,0,12.67,6
319,S,L,-3.211,0.07528,5.167,6
319,S,M,-3.332,0,4.833,6
319,S,N,-0.7365,0.5207,5.333,6
319,S,P,-3.362,0,14.5,6
319,S,Q,-3.302,0,4.167,6
319,S,R,-1.151,0.6781,6.667,6
319,S,S,0,0,,6
319,S,T,-3.191,0,8.667,6
319,S,V,-3.405,0,6,6
319,S,W,-3.41,0,8.333,6
319,S,Y,-3.354,0,33.67,6
320,P,A,-0.6285,0.4095,6,6
320,P,C,-3.109,0.1992,4.5,6
320,P,D,-3.444,0,7.167,6
320,P,E,-3.409,0,6.5,6
320,P,F,-1.867,0.2828,9.833,6
320,P,G,-2.817,0.06112,7,6
320,P,H,-3.175,0,36.33,6
320,P,I,-3.133,0,4.5,6
320,P,K,-2.564,0.1189,4.667,6
320,P,L,-2.612,0,15.83,6
320,P,M,-1.991,0.3586,5.5,6
320,P,N,-1.646,0.6293,5.5,6
320,P,P,0,0,,6
320,P,Q,-2.485,0,5.667,6
320,P,R,-3.185,0,5,6
320,P,S,-0.8637,0.5941,15.17,6
320,P,T,-1.793,0.118,45.17,6
320,P,V,-3.008,0,3.833,6
320,P,W,-3.482,0,6.833,6
320,P,Y,-3.163,0.6276,5.667,6
321,L,A,-3.391,0,4.833,6
321,L,C,-3.204,0,5.5,6
321,L,D,-3.426,0,5.833,6
321,L,E,-3.194,0,4.333,6
321,L,F,-3.218,0,2.667,6
321,L,G,-3.081,0.001863,3.833,6
321,L,H,-3.304,0,6.833,6
321,L,I,-2.159,0.005217,5.833,6
321,L,K,-3.117,0,3.333,6
321,L,L,0,0,,6
321,L,M,-1.702,0.4043,19.67,6
321,L,N,-3.204,0,5.833,6
321,L,P,-3.458,0,11.33,6
321,L,Q,-0.3725,0.1921,6.5,6
321,L,R,-3.25,0,8.833,6
321,L,S,-2.495,0,5.333,6
321,L,T,-3.101,0,10.17,6
321,L,V,-2.585,0,5,6
321,L,W,-1.608,1.098,3.667,6
321,L,Y,-3.314,0,8.167,6
322,C,*,-3.133,0,8.167,6
322,C,A,-3.163,0,4.667,6
322,C,C,0,0,,6
322,C,D,-3.067,0,7.167,6
322,C,E,-3.346,0,4.167,6
322,C,F,-3.359,0,18.17,6
322,C,G,-3.321,0,6.5,6
322,C,H,-3.143,0,3.667,6
322,C,I,-2.995,0,6.833,6
322,C,K,-3.292,0,12.5,6
322,C,L,-3.234,0,5.833,6
322,C,M,-3.179,0,7.333,6
322,C,N,-3.062,0,9.5,6
322,C,P,-3.183,0,4.5,6
322,C,Q,-3.304,0,7.5,6
322,C,R,-3.457,0,9.333,6
322,C,S,-3.314,0,6.167,6
322,C,T,-3.266,0,9,6
322,C,V,-3.223,0,8,6
322,C,W,-3.252,0,6.833,6
322,C,Y,-3.338,0,20.17,6
323,T,A,-2.046,0.2619,8.667,6
323,T,C,-3.45,0,6.333,6
323,T,D,-3.175,0,8.333,6
323,T,E,-3.358,0,7,6
323,T,F,-3.256,0,5.333,6
323,T,G,-2.744,0,6.5,6
323,T,H,-3.233,0,6.333,6
323,T,I,-3.242,0,16.5,6
323,T,K,-3.21,0,5.167,6
323,T,L,-3.408,0,7.333,6
323,T,M,-3,0,5,6
323,T,N,-2.999,0,10.33,6
323,T,P,-3.25,0,8.167,6
323,T,Q,-1.398,0.6756,6,6
323,T,R,-2.966,0,6.167,6
323,T,S,-0.2443,0.3209,6.667,6
323,T,T,0,0,,6
323,T,V,-3.389,0,7.167,6
323,T,W,-3.462,0,7.833,6
323,T,Y,-3.453,0,6.333,6
324,T,A,-1.476,0.6059,10,6
324,T,C,-2.14,0.5982,5.833,6
324,T,D,-3.155,0,5.333,6
324,T,E,-3.402,0,7,6
324,T,F,-0.7997,0.8514,5.167,6
324,T,G,-2.732,0,8,6
324,T,H,-1.416,0.3276,4.667,5
324,T,I,-0.1039,0.1854,18,6
324,T,K,-2.701,0,10.5,6
324,T,L,-1.234,0.4879,5.167,6
324,T,M,-2.815,0,8.333,6
324,T,N,-3.455,0,5.167,6
324,T,P,-3.38,0,8,6
324,T,Q,-2.127,0.3082,6.333,6
324,T,R,-1.442,0.392,6.5,6
324,T,S,-0.1882,0.6652,5.167,6
324,T,T,0,0,,6
324,T,V,0.4242,0.3366,4,6
324,T,W,-2.952,0,6.833,6
324,T,Y,-0.9656,0.4061,5.333,6
325,N,A,-0.1926,0.4444,5.833,6
325,N,C,-1.102,0.4614,5.833,6
325,N,D,0.1629,0.8053,10.67,6
325,N,E,0.2348,0.4784,4.833,6
325,N,F,0.07947,0.44,5.667,5
325,N,G,-0.389,0.6494,7.167,6
325,N,H,-1.413,0.6324,5.5,6
325,N,I,-0.2475,0.6182,9.833,6
325,N,K,-0.8928,0.4016,15.33,6
325,N,L,-1.082,0.3532,4,6
325,N,M,-0.1552,0.2891,5.667,6
325,N,N,0,0,,6
325,N,P,-2.154,0.3379,5.333,6
325,N,Q,-0.52,0.735,5.667,6
325,N,R,-0.2951,0.379,8.167,6
325,N,S,0.0098,0.7029,7.167,6
325,N,T,0.2572,0.4259,3.5,6
325,N,V,-0.7106,0.7055,6.333,6
325,N,W,0.3661,0.5784,8.167,6
325,N,Y,0.4269,0.4928,9.333,6
326,T,A,-0.154,0.2855,8.833,6
326,T,C,-3.178,0,3.5,6
326,T,D,0.06059,0.1873,8.167,6
326,T,E,0.9156,0.2923,7.667,6
326,T,F,1,0.444,7.167,6
326,T,G,0.2236,0.8006,3.333,6
326,T,H,-0.9315,0.2667,5.5,6
326,T,I,0.1106,0.2302,15.5,6
326,T,K,-1.51,0.4323,5.333,6
326,T,L,-0.2783,1.299,3.5,6
326,T,M,0.01007,0.5115,9.333,6
326,T,N,-0.5931,0.1757,6.167,6
326,T,P,-0.5336,0.539,7,6
326,T,Q,-0.1904,0.3407,4.833,6
326,T,R,-1.051,0.4733,4,6
326,T,S,-0.2248,0.5498,7.833,6
326,T,T,0,0,,6
326,T,V,-0.09564,0.2517,6.667,6
326,T,W,0.1492,0.4358,4.667,6
326,T,Y,0.1382,0.2856,6,6
327,K,A,0.7444,0.4427,6.833,6
327,K,C,-3.394,0,4,6
327,K,D,-0.1533,0.8101,5.667,6
327,K,E,0.7126,0.8563,4.333,6
327,K,F,-0.05294,0.3847,7.167,6
327,K,G,0.5603,0.6249,5.833,6
327,K,H,0.218,0.6007,7.5,6
327,K,I,0.7468,0.2451,3.833,6
327,K,K,0,0,,6
327,K,L,0.3952,0.6775,6.333,6
327,K,M,-0.5138,0.8843,6.833,6
327,K,N,0.1608,0.3544,29.33,6
327,K,P,-0.7744,0.537,4.833,6
327,K,Q,-0.4876,0.4174,7.333,6
327,K,R,0.3018,0.3668,10,6
327,K,S,-3.444,0,7,6
327,K,T,-3.374,0,10.17,6
327,K,V,0.9176,0.3985,5.167,6
327,K,W,0.9087,1.136,4.833,6
327,K,Y,0.8487,0.4674,6.167,6
328,E,*,-3.271,0,11.17,6
328,E,A,-1.644,0.2848,8.667,6
328,E,C,-2.317,0,7.5,6
328,E,D,-0.7704,0.3151,9,6
328,E,E,0,0,,6
328,E,F,-1.665,0.2792,5.333,6
328,E,G,-0.8253,0.6348,6.833,6
328,E,H,-2.672,0,10.83,6
328,E,I,-2.055,0.3446,2.5,6
328,E,K,-2.271,0.09715,24.33,6
328,E,L,-0.9167,0.7048,6.5,6
328,E,M,-2.591,0.07901,7.5,6
328,E,N,-3.349,0,4.667,6
328,E,P,-2.08,0.2153,4.833,6
328,E,Q,-0.4611,0.7052,4,6
328,E,R,-2.466,0.2736,5.667,6
328,E,S,-1.935,0.2238,4,6
328,E,T,-1.119,0.5439,5.833,6
328,E,V,-1.527,0.4805,5.667,6
328,E,W,-1.521,0.2977,4,6
328,E,Y,-0.9846,0.8008,2.5,6
329,G,A,-0.159,0.4044,6.167,6
329,G,C,-2.406,0.09578,16.83,6
329,G,D,-1.184,0.3095,16.83,6
329,G,E,-0.7159,0.3842,5.833,6
329,G,F,0.1684,0.1773,8,6
329,G,G,0,0,,6
329,G,H,-0.5712,0.3433,5.667,6
329,G,I,-0.4409,0.2959,7,6
329,G,K,-0.8682,0.8731,3.5,6
329,G,L,-0.4889,0.3524,7.333,6
329,G,M,-0.8278,0.323,7.5,6
329,G,N,-0.791,0.9322,4.333,6
329,G,P,0.1048,0.5038,6.167,6
329,G,Q,-0.1734,0.3104,6.5,6
329,G,R,-0.6335,0.7412,6.333,6
329,G,S,-0.5047,0.713,10.83,6
329,G,T,-0.1757,0.5387,4.667,6
329,G,V,-0.9077,0.3819,13.83,6
329,G,W,-0.5501,0.6524,3.5,6
329,G,Y,0.07207,0.6478,5,6
330,S,A,0.001475,0.4165,7.167,6
330,S,C,-1.586,0.3078,7.167,6
330,S,D,-1.07,0.7395,4.333,6
330,S,E,-2.132,0.2358,6.5,6
330,S,F,-0.5165,0.5052,5.167,6
330,S,G,-0.4737,0.5047,6.667,6
330,S,H,-1.38,0.5397,3.833,6
330,S,I,-1.765,0.1476,16.5,6
330,S,K,-0.9869,0.2972,7.333,6
330,S,L,-0.686,0.2374,6.167,6
330,S,M,-0.1769,0.3602,3.833,6
330,S,N,-0.5998,0.2524,18.33,6
330,S,P,-1.141,0.5835,7.333,6
330,S,Q,-0.5312,0.591,6.333,6
330,S,R,-1.078,0.4276,8.333,6
330,S,S,0,0,,6
330,S,T,0.07431,0.4317,5.333,6
330,S,V,-1.252,0.4716,5.833,6
330,S,W,-0.4915,0.7085,7.667,6
330,S,Y,-0.8113,0.6579,6.333,6
331,N,-,0.4446,0.2673,0.5,3
331,N,A,-0.6512,0.4724,5.833,6
331,N,C,-3.136,1.025,6.833,6
331,N,D,-3.119,0,6.167,6
331,N,E,-2.063,0.21,5.667,6
331,N,F,-3.457,0,5,6
331,N,G,-2.571,0.4402,5.5,6
331,N,H,-2.19,0.6578,3.833,6
331,N,I,-3.109,0,3.833,6
331,N,K,-2.689,0.1099,7.5,6
331,N,L,-3.407,0,3.833,6
331,N,M,-3.46,0,6,6
331,N,N,0,0,,6
331,N,P,-0.9732,0.5547,4.333,6
331,N,Q,-1.494,0.6438,6.5,6
331,N,R,-3.371,0,4.333,6
331,N,S,-2.074,0.3456,4.5,6
331,N,T,-2.097,0.1248,5,6
331,N,V,-1.829,0.3196,7,6
331,N,W,-3.446,0,5.667,6
331,N,Y,-3.44,0,5.833,6
332,I,A,-3.436,0,3.5,6
332,I,C,-3.107,0.1975,2.5,6
332,I,D,-2.835,0,2.5,6
332,I,E,-3.329,0,8.333,6
332,I,F,-3.115,0.2233,4.833,6
332,I,G,-3.323,0,2.833,6
332,I,H,-3.375,0.0518,5.333,6
332,I,I,0,0,,6
332,I,K,-3.341,0,6.5,6
332,I,L,-3.288,0,5.833,6
332,I,M,-2.864,0,7.667,6
332,I,N,-3.431,0,7.667,6
332,I,P,-3.027,0,2.833,6
332,I,Q,-3.381,0,10,6
332,I,R,-2.933,0.1491,5.167,6
332,I,S,-2.823,1.273,3.333,6
332,I,T,-3.454,0,7.5,6
332,I,V,-1.896,0.4732,10,6
332,I,W,-3.46,0,8.5,6
332,I,Y,-3.33,0,6,6
333,C,*,-2.931,0,8.333,6
333,C,-,-1.16,0.8287,0.5,3
333,C,A,-3.152,0,5.667,6
333,C,C,0,0,,6
333,C,D,-2.922,0.2184,4.333,6
333,C,E,-3.145,0,5.833,6
333,C,F,-3.258,0,17.33,6
333,C,G,-3.327,0,4.333,6
333,C,H,-3.471,0,4.333,6
333,C,I,-3.228,0,8.333,6
333,C,K,-3.129,0,4.5,6
333,C,L,-3.312,0,5.833,6
333,C,M,-3.101,0,5.333,6
333,C,N,-3.056,0,7.333,6
333,C,P,-3.444,0,3.833,6
333,C,Q,-3.267,0,7.333,6
333,C,R,-2.99,0.7548,11,6
333,C,S,-3.17,0,8.5,6
333,C,T,-3.341,0,9.833,6
333,C,V,-2.913,0,4,6
333,C,W,-3.414,0,6.667,6
333,C,Y,-2.955,0,16,6
334,L,-,-0.6341,0.09337,0.5,3
334,L,A,-3.35,0,5.667,6
334,L,C,-3.436,0,3.167,6
334,L,D,-3.118,0,6.5,6
334,L,E,-3.351,0,7,6
334,L,F,-3.221,0,5.833,6
334,L,G,-3.243,0,8.667,6
334,L,H,-2.07,0.6556,3.167,6
334,L,I,0.8528,0.4497,5.833,6
334,L,K,-2.875,0,5.5,6
334,L,L,0,0,,6
334,L,M,0.2576,0.3363,20.17,6
334,L,N,-3.339,0,7.667,6
334,L,P,-2.976,0,11,6
334,L,Q,-2.58,0,5,6
334,L,R,-3.155,0,4.333,6
334,L,S,-3.497,0,5.333,6
334,L,T,-3.421,0,7,6
334,L,V,-1.188,0.2582,4.833,6
334,L,W,-3.343,0,2.5,6
334,L,Y,-3.319,0,8.167,6
335,T,-,-1.053,0.5339,0.5,3
335,T,A,-2.093,0.235,4.833,6
335,T,C,0.1426,0.2192,6.5,6
335,T,D,-3.321,0,5.167,6
335,T,E,-3.214,0,5.5,6
335,T,F,-2.441,0.3086,3.833,6
335,T,G,-3.205,0,5.833,6
335,T,H,-2.65,0.2616,3.5,6
335,T,I,-1.907,0.1634,19.17,6
335,T,K,-1.52,0.9996,9.833,6
335,T,L,-1.042,0.384,4.333,6
335,T,M,-1.76,0.441,3,5
335,T,N,-3.213,0,7,6
335,T,P,-3.392,0,6.5,6
335,T,Q,-2.083,0.7339,5.833,6
335,T,R,0.2845,0.3118,6.5,6
335,T,S,-2.814,0.07454,6.833,6
335,T,T,0,0,,6
335,T,V,-1.654,0.6986,6,6
335,T,W,-0.6699,1.055,6.333,6
335,T,Y,-3.416,0,3.5,6
336,R,*,-2.823,0.6199,1,6
336,R,-,-1.3,0.2204,0.5,3
336,R,A,-3.153,0,4.167,6
336,R,C,-3.206,0,5.833,6
336,R,D,-3.471,0,5.667,6
336,R,E,-3.229,0,7.667,6
336,R,F,-3.484,0,5.5,6
336,R,G,-3.376,0,9.5,6
336,R,H,-3.309,0,5.5,6
336,R,I,-3.482,0,23.83,6
336,R,K,-3.489,0,24,6
336,R,L,-3.412,0,3.167,6
336,R,M,-3.418,0,6.833,6
336,R,N,-3.498,0,4,6
336,R,P,-3.277,0,6.833,6
336,R,Q,-3.025,0,2.167,3
336,R,R,0,0,,6
336,R,S,-3.313,0,8,6
336,R,T,-3.373,0,2.167,6
336,R,V,-3.101,0,4.167,6
336,R,W,-3.276,0,5,6
336,R,Y,-3.287,0,3,6
337,T,A,-3.085,0,9.167,6
337,T,C,-3.457,0,5.333,6
337,T,D,-3.37,1.153,4.5,6
337,T,E,-3.416,0,7,6
337,T,F,-3.015,0,4.333,6
337,T,G,-3.421,0,5.333,6
337,T,H,-3.423,0,9,6
337,T,I,-1.623,0.2644,13.17,6
337,T,K,-3.441,0,11.67,6
337,T,L,-2.87,0.08162,9.667,6
337,T,M,-2.034,0.1326,7.333,6
337,T,N,-3.391,0,7,6
337,T,P,-3.434,0,4.833,6
337,T,Q,-3.494,0,5,6
337,T,R,-3.495,0,8.333,6
337,T,S,-1.187,0.8129,7.333,6
337,T,T,0,0,,6
337,T,V,-3.347,0,6,6
337,T,W,-3.343,0,6.167,6
337,T,Y,-3.442,0,8.667,6
338,D,A,-2.399,0.2555,3.667,6
338,D,C,-3.385,0,5.5,6
338,D,D,0,0,,6
338,D,E,-3.176,0,7.167,6
338,D,F,-3.075,0,6,6
338,D,G,-3.42,0,8.667,6
338,D,H,-3.416,0,4,6
338,D,I,-3.406,0,6.333,6
338,D,K,-3.202,0,4.333,6
338,D,L,-3.133,0,5.167,6
338,D,M,-3.41,0,6.333,6
338,D,N,-3.356,0,11.5,6
338,D,P,-3.295,0,5,6
338,D,Q,-3.32,0,3.833,6
338,D,R,-3.248,0.3849,4.5,6
338,D,S,-3.047,0.4214,2.333,6
338,D,T,-3.301,0,5.5,6
338,D,V,-3.154,0,4.667,6
338,D,W,-2.002,0.3618,3.5,6
338,D,Y,-2.486,0.1125,13.67,6
339,R,A,-3.41,0,6.5,6
339,R,C,-3.487,0,7,6
339,R,D,-3.268,0,5.333,6
339,R,E,-3.485,0,6.5,6
339,R,F,-3.488,0,6.667,6
339,R,G,-3.492,0,5.833,6
339,R,H,-1.912,1.467,1.333,6
339,R,I,-3.289,0,8.5,6
339,R,K,-3.349,0,7.167,6
339,R,L,-3.499,0,24.83,6
339,R,M,-3.494,0,7.833,6
339,R,N,-3.37,0,2.833,6
339,R,P,-3.412,0,4.5,6
339,R,Q,-3.446,0,17.33,6
339,R,R,0,0,,6
339,R,S,-3.381,0,5.667,6
339,R,T,-3.486,0,7,6
339,R,V,-3.476,0,8.833,6
339,R,W,-3.483,0,27.17,6
339,R,Y,-3.388,0,7.167,6
340,G,A,-3.056,0,7.5,6
340,G,C,-3.241,0,28.83,6
340,G,D,-3.276,0,21.83,6
340,G,E,-3.323,0,7,6
340,G,F,-3.342,0,4.833,6
340,G,G,0,0,,6
340,G,H,-3.206,0.2832,6,6
340,G,I,-3.415,0,7.5,6
340,G,K,-3.326,0,8.333,6
340,G,L,-3.197,0,3.333,6
340,G,M,-3.169,0,7,6
340,G,N,-3.195,0,7,6
340,G,P,-3.2,0,8.667,6
340,G,Q,-3.164,0,11.17,6
340,G,R,-3.187,0,6.333,6
340,G,S,-3.257,0,18,6
340,G,T,-3.414,0,5.667,6
340,G,V,-3.354,0,17,6
340,G,W,-3.237,0,5,6
340,G,Y,-3.048,0.0384,2.5,5
341,W,*,-3.345,0,31.5,6
341,W,A,-3.09,0,6.5,6
341,W,C,-3.215,0,8.5,6
341,W,D,-3.191,0.2806,4.333,6
341,W,E,-3.224,0,4.5,6
341,W,F,-0.818,0.5452,7.333,6
341,W,G,-3.183,0,4.833,6
341,W,H,-3.408,0,7,6
341,W,I,-3.014,0.126,4.5,6
341,W,K,-3.034,1.199,3,6
341,W,L,-3.412,0,21.17,6
341,W,M,-1.601,0.3785,4.5,6
341,W,N,-3.141,0,6.667,6
341,W,P,-3.016,0,4,6
341,W,Q,-3.376,0,4.833,6
341,W,R,-3.219,0,16.83,6
341,W,S,-3.386,0,6,6
341,W,T,-3.152,0,6.833,6
341,W,V,-1.991,0.4999,1.333,6
341,W,W,0,0,,6
341,W,Y,-2.063,0.2327,6,6
342,Y,*,-2.108,1.19,2,6
342,Y,A,-3.428,0,4.167,6
342,Y,C,-3.304,0,6,6
342,Y,D,-2.917,1.085,2.5,6
342,Y,E,-3.103,0,3.5,6
342,Y,F,0.6502,0.6946,4.5,6
342,Y,G,-3.117,0,7.833,6
342,Y,H,1.09,1.163,8.333,6
342,Y,I,-3.354,0,4.833,6
342,Y,K,-3.152,0,3.333,6
342,Y,L,-3.109,0,5.5,6
342,Y,M,-3,0,5.5,6
342,Y,N,-3.405,0,5.333,6
342,Y,P,-3.357,0,6,6
342,Y,Q,-3.319,0,4,6
342,Y,R,-3.335,0,6.167,6
342,Y,S,-3.386,0,2.333,6
342,Y,T,-3.229,0,5.5,6
342,Y,V,-3.328,0,5.833,6
342,Y,W,-3.282,0,4.333,6
342,Y,Y,0,0,,6
343,C,A,-3.123,0.1178,5.667,6
343,C,C,0,0,,6
343,C,D,-3.303,0,6.5,6
343,C,E,-3.288,0,7.333,6
343,C,F,-3.407,0,8,6
343,C,G,-3.317,0,7.667,6
343,C,H,-3.313,0,7.5,6
343,C,I,-3.386,0,5.833,6
343,C,K,-3.362,0,6.667,6
343,C,L,-3.199,0,5.167,6
343,C,M,-3.396,0,6.667,6
343,C,N,-2.651,0.8397,2.667,6
343,C,P,-3.252,0,10.5,6
343,C,Q,-3.17,0,6.833,6
343,C,R,-3.226,0,9.167,6
343,C,S,-3.3,0,7.167,6
343,C,T,-3.154,0,7.833,6
343,C,V,-3.467,0,5.667,6
343,C,W,-3.243,0,5.667,6
343,C,Y,-3.292,0,17.83,6
344,D,A,-1.292,0.3844,6.167,6
344,D,C,-2.614,0.04658,6.333,6
344,D,D,0,0,,6
344,D,E,0.521,0.604,9.5,6
344,D,F,-2.276,0.2553,5,6
344,D,G,-2.784,0,12.67,6
344,D,H,-1.05,0.3524,6.167,6
344,D,I,-3.298,0,3.833,6
344,D,K,-2.78,0.2156,5,6
344,D,L,-2.292,0.2521,7.333,6
344,D,M,-2.221,0.4199,5,6
344,D,N,-1.084,0.4308,20.33,6
344,D,P,-3.429,0,6.667,6
344,D,Q,-1.554,0.2518,5.667,6
344,D,R,-3.203,0.0205,6.167,6
344,D,S,-0.9194,0.2042,6.833,6
344,D,T,-2.269,0.5264,4.833,6
344,D,V,-3.109,0,7.5,6
344,D,W,-3.181,0,9.5,6
344,D,Y,-2.864,0.08162,9.167,6
345,N,A,-3.268,0,3.5,6
345,N,C,-3.415,0,6.5,6
345,N,D,-0.8962,0.5008,8.833,6
345,N,E,-3.402,0,7,6
345,N,F,-3.401,0,6.667,6
345,N,G,-3.376,0,5.667,6
345,N,H,-3.498,0,6.5,6
345,N,I,-3.426,0,5.167,6
345,N,K,-3.495,0,8.833,6
345,N,L,-3.405,0,6.167,6
345,N,M,-3.355,0,9.667,6
345,N,N,0,0,,6
345,N,P,-3.397,0,6.833,6
345,N,Q,-3.331,0,6.833,6
345,N,R,-3.386,0,4.833,6
345,N,S,0.2068,0.7227,6.167,6
345,N,T,-3.316,0,4.333,6
345,N,V,-3.25,0,4.833,6
345,N,W,-3.41,0,7.5,6
345,N,Y,-3.223,0,6.333,6
346,A,-,-1.164,0.3077,0.5,3
346,A,A,0,0,,6
346,A,C,-3.129,0,5.667,6
346,A,D,-3.502,0,17.5,6
346,A,E,-3.51,0,4.5,6
346,A,F,-3.509,0,8.333,6
346,A,G,-1.928,0.5848,6.833,6
346,A,H,-3.242,0,4.5,6
346,A,I,-3.438,0,5.333,6
346,A,K,-3.347,0,4.333,6
346,A,L,-3.505,0,8,6
346,A,M,-3.413,0,6.167,6
346,A,N,-3.285,0,7.5,6
346,A,P,-3.249,0,3,6
346,A,Q,-3.402,0,9.167,6
346,A,R,-3.474,0,5.833,6
346,A,S,-3.279,0,17.67,6
346,A,T,-3.498,0,27.17,6
346,A,V,-3.528,0,19.67,6
346,A,W,-3.463,0,9.5,6
346,A,Y,-3.498,0,5.833,6
347,G,-,-0.9783,0.4624,0.5,3
347,G,A,-3.061,0,6.833,6
347,G,C,-3.432,0,19.17,6
347,G,D,0.7077,0.4412,25,6
347,G,E,-2.534,0.05851,6.667,6
347,G,F,-3.345,0,2.667,6
347,G,G,0,0,,6
347,G,H,-3.422,0,8.167,6
347,G,I,-3.434,0,4.833,6
347,G,K,-3.355,0,6,6
347,G,L,-3.486,0,5.833,6
347,G,M,-3.381,0,6.5,6
347,G,N,-3.151,0,3.333,6
347,G,P,-3.511,0,7.833,6
347,G,Q,-3.497,0,5.667,6
347,G,R,-3.322,0,5.667,6
347,G,S,-3.413,0,23.67,6
347,G,T,-3.465,0,5.667,6
347,G,V,-3.431,0,19.33,6
347,G,W,-3.461,0,4.167,6
347,G,Y,-3.458,0,7.333,6
348,S,-,-0.7243,0.2659,0.5,3
348,S,A,0.7793,0.9113,3.833,6
348,S,C,-1.836,0.5274,5.333,6
348,S,D,-0.1271,0.3528,6.5,6
348,S,E,-0.9984,0.6139,4.5,6
348,S,F,-0.6898,0.2099,8.5,6
348,S,G,-2.612,0,8.167,6
348,S,H,-2.343,0.0287,6.167,6
348,S,I,-2.518,0.002236,18.17,6
348,S,K,-2.74,0,6.667,6
348,S,L,-0.58,0.6644,3.333,6
348,S,M,-0.988,0.4565,5.5,6
348,S,N,-3.436,0,10,6
348,S,P,-3.446,0,9.5,6
348,S,Q,-1.651,0.5549,4.5,6
348,S,R,-3.327,0,16.5,6
348,S,S,0,0,,6
348,S,T,-2.038,0.1464,11.5,6
348,S,V,-1.213,0.3997,5.167,6
348,S,W,-2.765,0.12,7.5,6
348,S,Y,-1.502,0.2841,7.667,6
349,V,*,-2.991,0,0.5,3
349,V,A,0.8896,0.3841,6.5,6
349,V,C,-3.266,0,6.833,6
349,V,D,-3.292,0,4,6
349,V,E,-1.107,0.5425,5.833,6
349,V,F,-2.67,0,11.83,6
349,V,G,-3.269,0,5.167,6
349,V,H,-3.381,0,5.167,6
349,V,I,-0.4214,0.3158,17.83,6
349,V,K,-3.363,0,7,6
349,V,L,-0.711,0.7138,5.5,6
349,V,M,-1.339,0.3457,10,6
349,V,N,-3.117,0,9.5,6
349,V,P,-3.33,0,4.5,6
349,V,Q,-3.104,0,6.167,6
349,V,R,-3.115,0,4.167,6
349,V,S,-0.5491,0.2216,5.5,6
349,V,T,-1.074,0.6409,10.17,6
349,V,V,0,0,,6
349,V,W,-3.062,0,6.667,6
349,V,Y,-1.626,0.2906,5.833,6
350,S,A,-3.171,0,7.333,6
350,S,C,-3.306,0,3.833,6
350,S,D,-1.428,0.5118,9.167,6
350,S,E,-3.479,0,8.333,6
350,S,F,-3.45,0,17,6
350,S,G,-3.188,0,4,6
350,S,H,-3.406,0,7.5,6
350,S,I,-3.438,0,6.333,6
350,S,K,-3.473,0,7.333,6
350,S,L,-3.478,0,6.667,6
350,S,M,-3.399,0,3.667,6
350,S,N,-2.462,0.009317,8.167,6
350,S,P,-3.191,0,14.67,6
350,S,Q,-1.692,0.2799,5.167,6
350,S,R,-3.248,0,5.667,6
350,S,S,0,0,,6
350,S,T,-3.474,0,5.5,6
350,S,V,-3.436,0,4.667,6
350,S,W,-3.462,0,6.833,6
350,S,Y,-3.504,0,14.33,6
351,F,A,-3.154,0,1.833,6
351,F,C,-3.422,0,5,6
351,F,D,-3.019,0.008572,3.667,6
351,F,E,-3.062,0,10,6
351,F,F,0,0,,6
351,F,G,-3.405,0,3,6
351,F,H,-3.215,0,4,6
351,F,I,-3.396,0,10,6
351,F,K,-3.256,0,4.167,6
351,F,L,-3.137,0,13.17,6
351,F,M,-0.7056,0.5311,5.5,6
351,F,N,-3.484,0,7.833,6
351,F,P,-3.197,0,2.833,6
351,F,Q,-3.439,0,6.167,6
351,F,R,-3.454,0,9,6
351,F,S,-3.419,0,7.333,6
351,F,T,-3.456,0,6.167,6
351,F,V,-2.893,0.7279,3.167,6
351,F,W,-3.09,1.028,2,6
351,F,Y,-0.8466,0.8171,8.667,6
352,F,A,-3.28,0.01938,4.5,6
352,F,C,-3.169,0,4,6
352,F,D,-3.34,0,8,6
352,F,E,-3.412,0,2.833,6
352,F,F,0,0,,6
352,F,G,-3.195,0,1,3
352,F,H,-2.41,0,4.833,6
352,F,I,-2.728,0.05665,6.167,6
352,F,K,-2.231,0.353,3.333,6
352,F,L,-3.174,0,19,6
352,F,M,-0.5473,0.6498,4,6
352,F,N,-3.317,0,3.333,6
352,F,P,-3.45,0,5,6
352,F,Q,-3.577,0,3,3
352,F,R,-3.13,0,5.333,6
352,F,S,-3.468,0,7.667,6
352,F,T,-3.144,0,6.833,6
352,F,V,-2.603,0.1523,6.667,6
352,F,W,-0.7207,0.3134,5.333,6
352,F,Y,-3.138,0,6.333,6
353,P,-,-2.769,0.3125,0.5,3
353,P,A,-3.416,0,11.83,6
353,P,C,-3.248,0,8,6
353,P,D,-3.405,0,4.5,6
353,P,E,-3.449,0,5.167,6
353,P,F,-3.475,0,4.833,6
353,P,G,-3.229,0,6.167,6
353,P,H,-3.512,0,41.5,6
353,P,I,-3.465,0,4.667,6
353,P,K,-3.414,0,8.667,6
353,P,L,-3.489,0,20.33,6
353,P,M,-3.367,0,3.333,6
353,P,N,-3.407,0,8,6
353,P,P,0,0,,6
353,P,Q,-3.437,0,4.667,6
353,P,R,-3.44,0,6,6
353,P,S,-3.436,0,16.83,6
353,P,T,-3.532,0,27.67,6
353,P,V,-3.438,0,7,6
353,P,W,-3.453,0,5.167,6
353,P,Y,-3.378,0,6.667,6
354,Q,*,-3.327,0,11.5,6
354,Q,A,-0.4204,0.9073,5.5,6
354,Q,C,-0.7643,0.4357,9.667,6
354,Q,D,-0.8807,0.7923,3,6
354,Q,E,-0.5605,0.4843,6,6
354,Q,F,-2.599,0.03578,6.167,6
354,Q,G,-2.438,0.1289,5,6
354,Q,H,-1.254,0.2111,34.33,6
354,Q,I,0.09932,0.4205,7.833,6
354,Q,K,0.2095,0.2585,39.17,6
354,Q,L,-0.04849,0.4264,4.167,6
354,Q,M,0.2138,0.3933,5.833,6
354,Q,N,-0.3736,0.1816,8.167,6
354,Q,P,-1.202,0.4702,5.667,6
354,Q,Q,0,0,,6
354,Q,R,0.575,0.2241,9.333,6
354,Q,S,-0.7453,0.7811,5.333,6
354,Q,T,-0.1474,0.432,4.833,6
354,Q,V,0.3168,0.6525,4.333,6
354,Q,W,-2.575,0.1494,5.833,6
354,Q,Y,-2.212,0.5741,4.5,6
355,A,A,0,0,,6
355,A,C,-0.7279,0.2583,7.667,6
355,A,D,-1.442,0.3226,23,6
355,A,E,-1.094,0.7902,4.833,6
355,A,F,-0.7667,0.1024,6.5,6
355,A,G,-0.568,0.625,4.333,6
355,A,H,-0.2076,0.8795,3.5,6
355,A,I,-0.0497,0.544,7,6
355,A,K,-0.04357,0.5827,3.667,6
355,A,L,0.3357,0.5812,5,6
355,A,M,-0.01684,0.462,5.667,6
355,A,N,-3.278,0,4.5,6
355,A,P,0.657,0.2165,10.33,6
355,A,Q,-0.1837,0.7639,4.167,6
355,A,R,-0.2315,1.076,4,6
355,A,S,0.03875,0.07635,26.67,6
355,A,T,-0.03746,0.2649,22.33,6
355,A,V,-0.277,0.2489,23.5,6
355,A,W,-0.4412,0.7051,3.833,6
355,A,Y,-0.6389,0.7978,4.833,6
356,E,*,-3.149,0,27.5,6
356,E,A,-0.2127,0.2151,7.5,6
356,E,C,-2.151,0.1511,6,6
356,E,D,-0.004415,0.09345,24.33,6
356,E,E,0,0,,6
356,E,F,-0.5078,0.3495,8,6
356,E,G,0.2475,0.3869,8.333,6
356,E,H,-0.4353,0.09364,7.5,6
356,E,I,-0.8346,0.2317,5.5,6
356,E,K,-0.0059,0.3863,16.33,6
356,E,L,-1.146,0.5682,5.5,6
356,E,M,-0.0315,0.4817,7,6
356,E,N,0.3155,0.211,7,6
356,E,P,-0.1435,0.2411,6.333,6
356,E,Q,-0.5598,0.4965,4.333,6
356,E,R,-0.0059,0.6949,6.5,6
356,E,S,-0.02485,0.6143,7.333,6
356,E,T,-0.0276,0.43,7.167,6
356,E,V,-0.499,0.6779,4.5,6
356,E,W,-0.4096,0.6079,6.667,6
356,E,Y,-0.6592,0.388,8.333,6
357,T,A,-1.372,0.6468,3.833,6
357,T,C,-2.744,0,8.167,6
357,T,D,0.1027,0.5736,6.833,6
357,T,E,-2.702,0,13.83,6
357,T,F,-0.4337,0.1787,3.833,6
357,T,G,-1.613,0.2637,6.333,6
357,T,H,-2.186,0.7569,5.833,6
357,T,I,-2.611,0.2523,20.83,6
357,T,K,-2.417,0.2373,11.33,6
357,T,L,-1.635,0.8981,6,6
357,T,M,-2.726,0,6.333,6
357,T,N,-2.381,0.1342,6.5,6
357,T,P,-2.871,0,4.833,6
357,T,Q,-3.394,0,5.667,6
357,T,R,-2.997,0.06037,6.167,6
357,T,S,-0.1916,0.4354,8.5,6
357,T,T,0,0,,6
357,T,V,-0.4667,0.5763,6,6
357,T,W,-1.792,0.5584,3.667,6
357,T,Y,-0.648,0.193,4.5,6
358,C,*,-0.5277,0.1686,0.5,3
358,C,A,-3.413,0,5.667,6
358,C,C,0,0,,6
358,C,D,-3.123,0,7.333,6
358,C,E,-2.954,0.02534,4.667,6
358,C,F,-3.289,0,11.67,6
358,C,G,-3.095,0,9.167,6
358,C,H,-3.127,0,5.167,6
358,C,I,-3.218,0,5.167,6
358,C,K,-3.333,0,5.667,6
358,C,L,-3.321,0,7.333,6
358,C,M,-3.234,0,4.5,6
358,C,N,-3.244,0,6.833,6
358,C,P,-2.933,0.06559,4.333,6
358,C,Q,-3.445,0,5.167,6
358,C,R,-3.319,0,9.167,6
358,C,S,-3.415,0,5.5,6
358,C,T,-3.296,0,4.167,6
358,C,V,-3.07,0,4.167,6
358,C,W,-3.423,0,7.5,6
358,C,Y,-3.401,0,14,6
359,K,A,-3.098,0,6.667,6
359,K,C,-3.016,0,5,6
359,K,D,-3.397,0,3.667,6
359,K,E,-3.451,0,12.67,6
359,K,F,-0.3453,0.2213,6.333,6
359,K,G,-3.48,0,7,6
359,K,H,-0.3586,0.5274,5.667,6
359,K,I,-1.139,0.2867,5.5,6
359,K,K,0,0,,6
359,K,L,-0.8589,0.5412,3.833,6
359,K,M,-0.332,0.3115,5.833,6
359,K,N,-3.244,0,5.5,6
359,K,P,-3.442,0,8.167,6
359,K,Q,-2.894,0,8,6
359,K,R,-0.0248,0.5993,10.67,6
359,K,S,-2.893,0,6,6
359,K,T,-2.469,0.4956,4.333,6
359,K,V,-3.155,0,4.833,6
359,K,W,-0.6901,0.6426,7.167,6
359,K,Y,0.3421,1.118,6.833,6
360,V,-,-2.449,0,0.5,3
360,V,A,-1.204,0.3149,5,6
360,V,C,-0.8493,0.9214,1.5,6
360,V,D,-1.324,0.2177,7,6
360,V,E,-0.1972,0.379,8.833,6
360,V,F,-2.018,0.1873,9.833,6
360,V,G,-0.609,0.3556,7.333,6
360,V,H,-0.3589,0.4055,5.167,6
360,V,I,-0.9569,0.438,3.333,4
360,V,K,-0.1019,0.5723,4.167,6
360,V,L,-0.3277,0.3068,10,6
360,V,M,-0.4765,0.2063,19.17,6
360,V,N,-3.204,0.5702,3,6
360,V,P,0.1008,0.5686,3.167,6
360,V,Q,-0.08972,0.5128,6.333,6
360,V,R,-0.4548,0.6694,3.667,6
360,V,S,-0.8101,0.6624,5.333,6
360,V,T,-0.7672,0.5768,7.167,6
360,V,V,0,0,,6
360,V,W,-2.421,0,7.5,6
360,V,Y,-1.717,0.3687,4.833,6
361,Q,*,-3.069,0.1632,9.833,6
361,Q,-,-2.56,0,0.5,3
361,Q,A,0.6459,0.3795,4.333,6
361,Q,C,0.3221,0.4038,6.667,6
361,Q,D,-3.47,0,5.167,6
361,Q,E,-3.407,0,4.833,6
361,Q,F,-2.021,0.1576,2.5,6
361,Q,G,-0.2051,0.5833,3.667,6
361,Q,H,-1.341,0.508,10.33,6
361,Q,I,-0.1885,0.6694,5,6
361,Q,K,-1.668,0.3211,11.33,6
361,Q,L,-1.273,0.336,7.5,6
361,Q,M,-1.165,0.5047,4.333,6
361,Q,N,0.1574,0.4788,5.833,6
361,Q,P,-3.275,0,5.667,6
361,Q,Q,0,0,,6
361,Q,R,-0.06633,0.7525,7.167,6
361,Q,S,-0.9498,0.456,4.5,6
361,Q,T,0.02751,0.5114,3.333,6
361,Q,V,-0.6738,0.5228,5.333,6
361,Q,W,-2.297,0,1.333,3
361,Q,Y,-2.107,0.2488,3.667,6
362,S,A,-0.1257,0.8988,5.667,6
362,S,C,-2.307,0.1223,3.5,6
362,S,D,-2.385,0.1912,5.167,6
362,S,E,-1.182,0.319,5.167,6
362,S,F,-0.3711,0.6928,14.83,6
362,S,G,-0.09017,1.292,4.333,6
362,S,H,0.2669,0.2731,3,6
362,S,I,-0.169,0.5342,3.333,6
362,S,K,-0.439,0.8092,3.167,6
362,S,L,0.2788,0.8844,3.833,6
362,S,M,0.0365,0.4617,4,6
362,S,N,0.002175,0.4638,4,6
362,S,P,-2.344,0.2318,5.167,6
362,S,Q,0.486,0.5568,5.5,6
362,S,R,-0.6532,0.9891,2.833,6
362,S,S,0,0,,6
362,S,T,0.1838,0.5379,4.5,6
362,S,V,0.19,0.5497,6.667,6
362,S,W,-0.2275,0.3217,4.667,6
362,S,Y,-0.2637,0.2205,14.5,6
363,N,A,0.2433,0.4297,4.667,6
363,N,C,-0.5559,0.459,3.5,6
363,N,D,0.1375,0.6834,4.5,6
363,N,E,0.3463,0.2185,4.667,6
363,N,F,0.1653,0.5037,4.667,6
363,N,G,-0.1222,0.2419,7.5,6
363,N,H,0.0669,0.7666,4.333,6
363,N,I,-0.02086,0.3921,6,6
363,N,K,-0.9782,0.4358,8.167,6
363,N,L,-1.277,1.333,3.333,6
363,N,M,0.13,0.8904,2.833,6
363,N,N,0,0,,6
363,N,P,-0.143,0.772,1.5,6
363,N,Q,-0.1043,0.7773,4.5,5
363,N,R,-0.1134,0.9629,3.167,6
363,N,S,0.426,0.3811,8.5,6
363,N,T,-0.07895,0.2719,3.667,6
363,N,V,0.6755,0.8415,4.333,6
363,N,W,0.6411,1.006,2,6
363,N,Y,0.5592,0.3807,2.833,6
364,R,A,-3.391,0,5,6
364,R,C,-3.299,0,5.5,6
364,R,D,-3.455,0,4.667,6
364,R,E,-3.388,0,6.833,6
364,R,F,-1.327,0.3913,6,6
364,R,G,-3.368,0,5.333,6
364,R,H,-1.952,0.9102,2.833,6
364,R,I,-0.7141,0.4338,30.83,6
364,R,K,-3.478,0,14.17,6
364,R,L,-2.157,0.1644,8.833,6
364,R,M,-2.723,0.3119,7.167,6
364,R,N,-2.303,0.2763,8.333,6
364,R,P,-3.239,0,2.5,6
364,R,Q,-2.487,0.0939,5.5,6
364,R,R,0,0,,6
364,R,S,-3.138,0,6.833,6
364,R,T,-0.9,0.5378,5.333,6
364,R,V,-0.3585,0.2713,6.5,6
364,R,W,-1.02,0.5094,4,6
364,R,Y,-0.2079,0.4367,6.333,6
365,V,*,-2.955,0,0.5,3
365,V,A,-0.4515,0.3625,4,6
365,V,C,-0.645,0.51,6.333,6
365,V,D,-3.253,0,5.5,6
365,V,E,-3.202,0,8.667,6
365,V,F,-3.491,0,5.667,6
365,V,G,-3.128,0,6,6
365,V,H,-3.381,0,7.333,6
365,V,I,-1.145,0.9207,4,6
365,V,K,-3.306,0,6.833,6
365,V,L,-1.352,0.5186,9.667,6
365,V,M,-3.371,0,14.5,6
365,V,N,-3.406,0,4.5,6
365,V,P,-3.165,0,6.333,6
365,V,Q,-3.258,0,3.667,6
365,V,R,-3.358,0,8,6
365,V,S,-3.386,0,8.667,6
365,V,T,-3.378,0,6.333,6
365,V,V,0,0,,6
365,V,W,-3.14,0,5.833,6
365,V,Y,-3.34,0,5,6
366,F,A,-3.168,0,4.167,6
366,F,C,-3.492,0,4.833,6
366,F,D,-3.325,0,10.5,6
366,F,E,-3.255,0,7.667,6
366,F,F,0,0,,6
366,F,G,-3.083,0,6.5,6
366,F,H,-3.41,0,8.5,6
366,F,I,-2.498,0,7.833,6
366,F,K,-3.18,0,5.833,6
366,F,L,-2.634,0.3828,8.833,6
366,F,M,-2.719,0.01901,5.667,6
366,F,N,-3.376,0,9.167,6
366,F,P,-3.452,0,6.333,6
366,F,Q,-2.969,0.8365,4.333,6
366,F,R,-3.345,0,8.5,6
366,F,S,-3.392,0,9,6
366,F,T,-3.141,0,4,6
366,F,V,-3.45,0,9.333,6
366,F,W,-1.382,0.5064,7.5,6
366,F,Y,-1.378,0.2451,6.333,6
367,C,*,-2.944,0.4285,9.333,6
367,C,A,-2.704,0,5.333,6
367,C,C,0,0,,6
367,C,D,-1.211,1.388,5.5,6
367,C,E,-3.215,0,5,6
367,C,F,-3.237,0,20.17,6
367,C,G,-3.497,0,13,6
367,C,H,-3.399,0,6.333,6
367,C,I,-3.178,0,6,6
367,C,K,-3.196,0,4.833,6
367,C,L,-2.99,0,2.167,3
367,C,M,-3.407,0,8.833,6
367,C,N,-3.257,0,6.833,6
367,C,P,-3.306,0,6.833,6
367,C,Q,-3.365,0,7.333,6
367,C,R,-3.167,0,9,6
367,C,S,-3.335,0,8.833,6
367,C,T,-3.292,0,6.167,6
367,C,V,-3.337,0,4.333,6
367,C,W,-3.069,0,5.5,6
367,C,Y,-3.083,0,18.83,6
368,D,*,-3.074,0,0.5,3
368,D,A,-2.365,1.214,2.333,6
368,D,C,-3.356,0,6.167,6
368,D,D,0,0,,6
368,D,E,-1.88,0.128,8.333,6
368,D,F,-3.254,0,8.167,6
368,D,G,-3.54,0,9.5,6
368,D,H,-3.07,0,3.833,6
368,D,I,-3.351,0,7.833,6
368,D,K,-3.123,0,3.5,6
368,D,L,-3.41,0,6.167,6
368,D,M,-3.433,0,5.833,6
368,D,N,-0.8258,0.31,19.67,6
368,D,P,-3.462,0,6.5,6
368,D,Q,-3.142,0,3.5,5
368,D,R,-3.325,0,8.333,6
368,D,S,-3.436,0,8,6
368,D,T,-3.399,0,6.333,6
368,D,V,-3.463,0,7.667,6
368,D,W,-2.893,0,4,6
368,D,Y,-3.291,0,16.67,6
369,T,A,-3.486,0,11.83,6
369,T,C,-1.585,0.289,5.167,6
369,T,D,-3.233,0,3.667,6
369,T,E,-3.393,0,4.5,6
369,T,F,-3.511,0,6.5,6
369,T,G,-3.449,0,7.667,6
369,T,H,-3.455,0,9.5,6
369,T,I,-3.381,0,13.17,6
369,T,K,-3.495,0,3.667,6
369,T,L,-2.564,0.1282,6.667,6
369,T,M,-2.968,0.1084,9.167,6
369,T,N,-3.231,0,12.67,6
369,T,P,0.009,1.034,5,6
369,T,Q,-2.407,0.1294,5.833,6
369,T,R,-3.498,0,6,6
369,T,S,-2.865,0.1427,5.5,6
369,T,T,0,0,,6
369,T,V,-2.866,0,6.833,6
369,T,W,-3.492,0,6.333,6
369,T,Y,-3.234,0,5.167,6
370,M,A,-0.7726,0.6941,7.833,6
370,M,C,-3.287,0,5,6
370,M,D,-2.639,0,9.833,6
370,M,E,-1.742,0.3737,8,6
370,M,F,-3.22,0,6.5,6
370,M,G,0.2756,0.3916,4.833,6
370,M,H,-0.5888,0.4503,5.833,6
370,M,I,-2.243,0.0395,43.17,6
370,M,K,-3.417,0,5.667,6
370,M,L,-1.165,0.5779,4.833,6
370,M,M,0,0,,6
370,M,N,-3.425,0,6,6
370,M,P,-3.385,0,5.5,6
370,M,Q,-3.085,0.04733,7.333,6
370,M,R,-3.45,0,7.167,6
370,M,S,-1.542,0.7316,3.167,6
370,M,T,-3.15,0,6.833,6
370,M,V,-3.261,0,8.5,6
370,M,W,-3.325,0,6.5,6
370,M,Y,-3.393,0,7.667,6
371,N,A,0.6646,0.3412,5.333,6
371,N,C,-0.8885,0.2693,8.167,6
371,N,D,0.4444,0.4422,8.5,6
371,N,E,0.9452,0.6799,3,6
371,N,F,-1.558,0.6385,3.667,6
371,N,G,0.06721,0.4159,6.833,6
371,N,H,0.4384,0.3637,5,6
371,N,I,-3.022,0,8.667,6
371,N,K,0.8106,0.5063,10.33,6
371,N,L,0.315,0.362,6.833,6
371,N,M,0.8776,0.1819,6.5,6
371,N,N,0,0,,6
371,N,P,-0.6298,0.3026,7,6
371,N,Q,0.8071,0.205,7.5,6
371,N,R,0.1798,0.405,9.667,6
371,N,S,0.1431,0.7036,6,6
371,N,T,-0.6796,0.7761,4.833,6
371,N,V,-0.8629,0.301,4.833,6
371,N,W,0.173,0.1438,8.667,6
371,N,Y,-0.4733,0.81,4.333,6
372,S,A,-3.139,0,3.833,6
372,S,C,-3.359,0,6,6
372,S,D,-3.437,0,6,6
372,S,E,-3.355,0,5.333,6
372,S,F,-3.499,0,7.167,6
372,S,G,-3.149,0,7.833,6
372,S,H,-3.419,0,3.667,6
372,S,I,-3.545,0,44.17,6
372,S,K,-3.405,0,5.167,6
372,S,L,-3.445,0,6.167,6
372,S,M,-3.447,0,5.833,6
372,S,N,-3.455,0,17.67,6
372,S,P,-3.475,0,6.333,6
372,S,Q,-3.41,0,7.5,6
372,S,R,-3.517,0,18.17,6
372,S,S,0,0,,6
372,S,T,-3.421,0,7,6
372,S,V,-3.478,0,6.667,6
372,S,W,-3.32,0,6.167,6
372,S,Y,-3.39,0,3.167,6
373,L,A,-3.344,0,6.667,6
373,L,C,-3.378,0,5,6
373,L,D,-3.396,0,5.167,6
373,L,E,-3.491,0,4.833,6
373,L,F,-2.739,0.1133,5,6
373,L,G,-3.442,0,5.833,6
373,L,H,-3.45,0,6,6
373,L,I,-0.1312,0.5188,5.667,6
373,L,K,-3.468,0,7.833,6
373,L,L,0,0,,6
373,L,M,0.539,0.3814,17.17,6
373,L,N,-3.431,0,4.167,6
373,L,P,-3.517,0,12.33,6
373,L,Q,-3.396,0,3.833,6
373,L,R,-3.454,0,5,6
373,L,S,-3.482,0,6,6
373,L,T,-3.495,0,6.167,6
373,L,V,-3.33,0,5.5,6
373,L,W,-3.449,0,4.5,6
373,L,Y,-3.457,0,5.5,6
374,T,A,-3.294,0,8.167,6
374,T,C,-1.917,0.3883,5.333,6
374,T,D,-1.611,0.2028,4.833,6
374,T,E,-2.804,0,7.333,6
374,T,F,-3.509,0,6.333,6
374,T,G,-3.168,0,5.5,6
374,T,H,-3.419,0,7.833,6
374,T,I,-3.207,0,13.67,6
374,T,K,-3.446,0,3.5,6
374,T,L,-3.207,0,4.833,6
374,T,M,-3.327,0,7.5,6
374,T,N,-3.148,0,12,6
374,T,P,-3.263,0,6.5,6
374,T,Q,-3.135,0,2.333,3
374,T,R,-3.454,0,9.667,6
374,T,S,-1.994,0.2795,6,6
374,T,T,0,0,,6
374,T,V,-3.455,0,8.167,6
374,T,W,-3.152,0,5,6
374,T,Y,-2.956,0.1912,8,6
375,L,A,-2.332,0.2775,5.333,6
375,L,C,-3.139,0.04882,8.167,6
375,L,D,-3.12,0,4.333,6
375,L,E,-1.696,0.4286,1.5,6
375,L,F,-0.9749,0.9422,2.5,6
375,L,G,-3.402,0,4.333,6
375,L,H,-3.42,0,5.667,6
375,L,I,-0.807,0.2496,7.333,6
375,L,K,-3.064,0,2.5,6
375,L,L,0,0,,6
375,L,M,-0.3369,0.4023,31.83,6
375,L,N,-3.198,0,6.5,6
375,L,P,-3.45,0,12.67,6
375,L,Q,-2.986,0,5.333,6
375,L,R,-3.454,0,6,6
375,L,S,-3.19,0,6.833,6
375,L,T,-3.334,0,5.667,6
375,L,V,-1.657,0.6003,5,6
375,L,W,0.5383,0.5925,7,6
375,L,Y,-3.248,0,4.667,6
376,P,A,-0.04825,0.9348,5,6
376,P,C,-2.62,0.01677,6.833,6
376,P,D,1.467,0.188,6.333,6
376,P,E,1.231,0.3302,6.833,6
376,P,F,-3.246,0,3.833,6
376,P,G,-1.124,0.2209,7.167,6
376,P,H,-2.931,0,24,6
376,P,I,-1.855,0.423,5.667,6
376,P,K,-2.662,0.06186,4.167,6
376,P,L,-2.223,0.3564,14,6
376,P,M,-1.119,0.4012,6.167,6
376,P,N,-2.189,0.2086,5.5,6
376,P,P,0,0,,6
376,P,Q,-0.08594,0.3708,6.333,6
376,P,R,-2.247,0.148,9.5,6
376,P,S,-0.2005,0.4769,20.83,6
376,P,T,-1.808,0.08773,13.17,6
376,P,V,-0.4693,0.7074,7.167,6
376,P,W,-3.165,0,3.5,6
376,P,Y,-3.225,0,4.167,6
377,S,A,0.2866,0.5272,3,6
377,S,C,0.3798,0.2725,7,6
377,S,D,-0.1124,0.2715,6.5,6
377,S,E,-0.5527,0.5315,7.833,6
377,S,F,-1.104,0.3335,5.5,6
377,S,G,-0.7402,0.7596,6.167,6
377,S,H,-1.076,0.4749,7.167,6
377,S,I,0.0192,0.4594,16.17,6
377,S,K,-1.93,0.3807,8,6
377,S,L,-0.3171,0.3549,5.833,6
377,S,M,-0.5997,0.4926,7.833,6
377,S,N,-0.2623,0.3817,13.33,6
377,S,P,-0.2082,0.3011,7,6
377,S,Q,-0.7013,0.3114,4.5,6
377,S,R,-1.82,0.6038,9.333,6
377,S,S,0,0,,6
377,S,T,-0.298,0.556,2.833,6
377,S,V,-0.3942,0.7024,7.333,6
377,S,W,-0.7973,0.366,7,6
377,S,Y,-1.262,1.075,3.167,6
378,E,*,-3.186,0,32.17,6
378,E,A,-1.649,0.4543,8.5,6
378,E,C,-3.095,0,6,6
378,E,D,0.00407,0.1674,36.17,6
378,E,E,0,0,,6
378,E,F,-3.124,0,6,6
378,E,G,-3.043,0,9,6
378,E,H,-3.125,0,5.5,6
378,E,I,-2.91,0,7.833,6
378,E,K,-3.261,0,19.83,6
378,E,L,-2.906,0,4.667,6
378,E,M,-3.13,0,5.5,6
378,E,N,-2.923,0.1975,2.833,6
378,E,P,-3.256,0,7.5,6
378,E,Q,-2.386,0.1161,4.333,6
378,E,R,-3.156,0,4.833,6
378,E,S,-3.029,0,3.5,6
378,E,T,-2.703,0,6.667,6
378,E,V,-2.319,0.1469,7,6
378,E,W,-2.998,0,5.5,6
378,E,Y,-2.782,0.164,7.833,6
379,V,A,-0.4033,0.3292,7.167,6
379,V,C,-1.692,0.5458,4,6
379,V,D,-3.409,0,6.167,6
379,V,E,-3.482,0,5,6
379,V,F,-3.38,0,4.167,6
379,V,G,-3.311,0.2516,3.5,6
379,V,H,-2.517,0.1739,2.833,6
379,V,I,-0.3512,0.862,6.167,6
379,V,K,-2.815,0.3362,5,6
379,V,L,-3.053,0.3272,10.5,6
379,V,M,-3.135,0,13.17,6
379,V,N,-3.357,0,6,6
379,V,P,-3.17,0,9.333,6
379,V,Q,-0.9774,0.7329,5.5,6
379,V,R,-3.099,0,4.333,6
379,V,S,-1.298,0.3076,5.167,6
379,V,T,-2.189,0.2572,2.167,6
379,V,V,0,0,,6
379,V,W,-2.898,0,4.5,6
379,V,Y,-3.326,0,5.5,6
380,N,A,0.02558,0.8852,3.333,6
380,N,C,0.1521,0.3395,4,6
380,N,D,0.4471,0.2712,7,6
380,N,E,0.08395,0.4772,3.333,6
380,N,F,-0.4911,0.6667,7.5,6
380,N,G,0.7155,0.6475,4.5,6
380,N,H,-0.9622,0.4846,7.167,6
380,N,I,-0.0271,0.6177,8.833,6
380,N,K,0.1795,0.4238,8.333,6
380,N,L,-1.411,0.7946,3.833,6
380,N,M,-0.3709,0.1605,9.333,6
380,N,N,0,0,,6
380,N,P,-1.92,1.068,3.667,6
380,N,Q,0.2495,0.4867,7,6
380,N,R,-0.8851,0.3141,3.833,6
380,N,S,0.1061,0.3387,9.333,6
380,N,T,1.125,0.7591,5.833,6
380,N,V,0.2652,0.764,4.833,6
380,N,W,-0.5232,0.4839,7.667,6
380,N,Y,-0.6279,0.3568,7.667,6
381,L,A,-0.7909,0.5702,7.333,6
381,L,C,-1.307,0.5059,5.333,6
381,L,D,0.07958,0.3379,2.5,6
381,L,E,1.354,0.1664,5.167,6
381,L,F,-0.4736,0.6683,4.333,6
381,L,G,-2.893,0,6,6
381,L,H,-0.8707,0.4933,6.833,6
381,L,I,-0.5886,0.2261,2,3
381,L,K,-3.125,0,5.333,6
381,L,L,0,0,,6
381,L,M,-0.8592,0.4589,18.33,6
381,L,N,-1.059,0.3505,3.5,6
381,L,P,-3.359,0,14.83,6
381,L,Q,-1.201,0.2924,7.167,6
381,L,R,-2.99,0,6.833,6
381,L,S,-0.2633,0.3575,7.333,6
381,L,T,-0.595,0.3275,5.5,6
381,L,V,-1.156,0.4514,6.833,6
381,L,W,-0.6166,0.4511,6,6
381,L,Y,-0.4365,0.3093,5.333,6
382,C,A,-3.43,0,4.833,6
382,C,C,0,0,,6
382,C,D,-3.258,0,6.833,6
382,C,E,-3.451,0,6.167,6
382,C,F,-3.441,0,10.67,6
382,C,G,-3.444,0,5.333,6
382,C,H,-2.905,0,7.5,6
382,C,I,-3.489,0,4.5,6
382,C,K,-3.009,0.5023,3.833,6
382,C,L,-3.436,0,7.167,6
382,C,M,-3.288,0,4.333,6
382,C,N,-3.136,0,5.333,6
382,C,P,-3.156,0,3,6
382,C,Q,-3.37,0,7.333,6
382,C,R,-3.39,0,8,6
382,C,S,-3.306,0,8.333,6
382,C,T,-3.437,0,2.667,6
382,C,V,-3.375,0,5.333,6
382,C,W,-3.195,0,4.5,6
382,C,Y,-3.454,0,20.83,6
383,N,A,-3.304,0,5.5,6
383,N,C,-3.473,0,6.5,6
383,N,D,-3.442,0,10,6
383,N,E,-3.041,0,4.833,6
383,N,F,-3.375,0,5.167,6
383,N,G,-3.47,0,6.167,6
383,N,H,-3.186,0,4.833,6
383,N,I,-3.301,0,5.167,6
383,N,K,-3.006,0,8.333,6
383,N,L,-3.433,0,5.167,6
383,N,M,-3.311,0,5.167,6
383,N,N,0,0,,6
383,N,P,-3.481,0,8.5,6
383,N,Q,-2.623,0.08546,6.833,6
383,N,R,-3.258,0,5,6
383,N,S,-3.18,0.05478,6.667,6
383,N,T,-3.079,0,3.833,6
383,N,V,-3.483,0,8,6
383,N,W,-3.199,0,5,6
383,N,Y,-3.133,0,4.667,5
384,V,A,-0.3176,0.4517,8,6
384,V,C,-0.8444,0.5142,7.167,6
384,V,D,0.03996,0.1708,5.667,6
384,V,E,0.8007,0.329,8,6
384,V,F,-0.4261,0.5381,10.83,6
384,V,G,-0.6144,0.6656,6,6
384,V,H,-1.332,0.3997,5.667,6
384,V,I,-0.2802,0.2829,17.83,6
384,V,K,-1.497,0.2956,8.167,6
384,V,L,0.1035,0.4321,4.167,6
384,V,M,-0.7245,0.4387,4,6
384,V,N,-1.418,0.3793,2.833,6
384,V,P,-1.469,0.4221,6.167,6
384,V,Q,0.3259,0.4708,6.333,6
384,V,R,-0.7936,0.3138,6,6
384,V,S,-0.1834,0.7815,5.667,6
384,V,T,-0.9102,0.5779,4.833,6
384,V,V,0,0,,6
384,V,W,-0.4107,0.236,9.333,6
384,V,Y,-0.3078,0.7879,3.167,6
385,D,A,-2.077,0.3439,5.667,6
385,D,C,-3.384,0,5.333,6
385,D,D,0,0,,6
385,D,E,-0.9688,0.8383,6,6
385,D,F,-2.926,0.1617,5.5,6
385,D,G,-3.409,0,4.5,6
385,D,H,-2.463,0.2744,1.833,3
385,D,I,-3.282,0,4.167,6
385,D,K,-2.551,0.06969,5.333,6
385,D,L,-3.379,0,11.67,6
385,D,M,-2.927,0.02199,4.333,6
385,D,N,-1.214,0.1312,25.5,6
385,D,P,-3.357,0,4,6
385,D,Q,-2.003,0.1107,4.333,6
385,D,R,-2.702,0,4.833,6
385,D,S,-3.194,0,6.833,6
385,D,T,-3.373,0,6.333,6
385,D,V,-3.275,0,4.833,6
385,D,W,-1.97,0.6408,2.5,6
385,D,Y,-2.771,0,18,6
386,I,A,-3.183,0,5.833,6
386,I,C,-3.338,0,7.333,6
386,I,D,-3.29,0,6.333,6
386,I,E,-3.309,0,8.5,6
386,I,F,-3.265,0,2.167,5
386,I,G,-3.322,0,6.5,6
386,I,H,-3.295,0,5.167,6
386,I,I,0,0,,6
386,I,K,-3.151,0,5.833,6
386,I,L,-1.519,0.4237,6.833,6
386,I,M,-0.919,0.8023,6.5,6
386,I,N,-3.173,0,6.667,6
386,I,P,-3.326,0,6.667,6
386,I,Q,-2.824,0.0007454,3.5,6
386,I,R,-3.386,0,4.167,6
386,I,S,-3.397,0,3.167,6
386,I,T,-3.198,0,7,6
386,I,V,-2.31,0.1256,5,6
386,I,W,-3.514,0,3.333,6
386,I,Y,-3.229,0,7.833,6
387,F,A,-1.679,0.4759,5,6
387,F,C,-3.333,0,9.333,6
387,F,D,-2.84,0,5,6
387,F,E,-1.247,0.5428,5.167,6
387,F,F,0,0,,6
387,F,G,-2.369,0.1323,5.833,6
387,F,H,-1.467,0.5207,8.833,6
387,F,I,-2.694,0,10.67,6
387,F,K,-2.361,1.256,6.333,6
387,F,L,-2.184,0.1284,17.83,6
387,F,M,-1.578,0.358,4.5,6
387,F,N,-1.32,0.445,6.5,6
387,F,P,-3.412,0,8.5,6
387,F,Q,-1.599,0.4195,5.5,6
387,F,R,-2.649,0,5,6
387,F,S,-2.245,0.07864,10.83,6
387,F,T,-2.635,0.2072,5.833,6
387,F,V,-1.991,0.2013,6.167,6
387,F,W,-0.8362,0.305,7,6
387,F,Y,-1.769,0.167,3.667,6
388,N,*,-3.592,0.1961,0.5,3
388,N,A,-2.307,0.59,1.667,5
388,N,C,-3.459,0,12.5,6
388,N,D,-0.6885,0.2719,6.667,6
388,N,E,-2.944,0.03242,3.333,6
388,N,F,-3.439,0,4,6
388,N,G,-1.32,0.3256,7.667,6
388,N,H,-1.558,0.299,4.333,6
388,N,I,-3.06,0.008199,6.667,6
388,N,K,-3.313,0,12.67,6
388,N,L,-3.269,0,6.333,6
388,N,M,-3.397,0,9,6
388,N,N,0,0,,6
388,N,P,-3.16,0,7.5,6
388,N,Q,-1.427,0.4469,6.833,6
388,N,R,-3.415,0,6.5,6
388,N,S,-1.57,0.6198,4.333,6
388,N,T,-1.04,0.3345,6,6
388,N,V,-2.859,0,7.333,6
388,N,W,-3.33,0,4.5,6
388,N,Y,-3.204,0,8.333,6
389,P,A,-1.635,0.8131,4.333,6
389,P,C,-2.558,0,8,6
389,P,D,-0.2283,0.8987,4.833,6
389,P,E,0.02268,0.7309,5.833,6
389,P,F,-0.8481,0.4295,5.333,6
389,P,G,-0.4727,0.217,5.167,6
389,P,H,-1.208,0.3998,39,6
389,P,I,0.1671,0.81,7,6
389,P,K,-1.999,0.104,5.667,6
389,P,L,-0.5754,0.5363,14.83,6
389,P,M,-0.5668,0.3522,5.667,6
389,P,N,-0.9964,0.4661,7.167,6
389,P,P,0,0,,6
389,P,Q,-0.2554,0.3658,6.5,6
389,P,R,-1.28,0.4049,7.333,6
389,P,S,-1.034,0.3745,17.33,6
389,P,T,-0.3835,0.3277,26.5,6
389,P,V,-0.5333,0.5946,4.833,6
389,P,W,-0.6836,0.5091,5.5,6
389,P,Y,-0.4343,0.6161,4.333,6
390,K,*,-2.518,0.2593,0.5,3
390,K,A,0.3326,0.3276,3.833,6
390,K,C,-2.574,0.3328,5.833,6
390,K,D,0.7977,0.3038,4.667,6
390,K,E,1.442,0.2104,10.33,6
390,K,F,-0.3149,0.3861,6,6
390,K,G,-0.4924,0.291,5,6
390,K,H,0.0685,0.6948,4,6
390,K,I,-0.9947,1.254,4.333,6
390,K,K,0,0,,6
390,K,L,0.5639,0.2783,6.5,6
390,K,M,0.6821,0.3745,6.5,6
390,K,N,0.4394,0.2066,7.833,6
390,K,P,-3.326,0,9.167,6
390,K,Q,0.3007,0.3192,5.333,6
390,K,R,0.4444,0.2224,5.667,6
390,K,S,0.4581,0.2951,7.833,6
390,K,T,-0.08617,0.3966,6.5,6
390,K,V,0.2505,0.4678,4,6
390,K,W,0.6769,0.6194,5.667,6
390,K,Y,-0.4354,0.4425,5.667,6
391,Y,*,-2.692,0.2791,5.167,6
391,Y,A,-2.92,0,6.667,6
391,Y,C,-3.409,0,10,6
391,Y,D,-3.425,0,5.333,6
391,Y,E,-3.188,0,4,6
391,Y,F,-0.4068,0.7121,7,6
391,Y,G,-3.6,0,2.5,3
391,Y,H,-1.599,0.5244,10.17,6
391,Y,I,-2.942,0,7.333,6
391,Y,K,-3.373,0,4.5,6
391,Y,L,-3.053,0,1.833,5
391,Y,M,-3.218,0,5,6
391,Y,N,-3.199,0,6.667,6
391,Y,P,-3.347,0,6,6
391,Y,Q,-3.248,0,7.667,6
391,Y,R,-3.507,0,7.333,6
391,Y,S,-2.53,0.07826,5.667,6
391,Y,T,-3.151,0,4.667,6
391,Y,V,-3.22,0,7.5,6
391,Y,W,-1.562,0.348,4.333,6
391,Y,Y,0,0,,6
392,D,A,-3.139,0,4,6
392,D,C,-3.242,0,7,6
392,D,D,0,0,,6
392,D,E,-3.288,0,7.667,6
392,D,F,-3.342,0.0328,8,6
392,D,G,-3.054,0,4.667,6
392,D,H,-3.146,0,7.833,6
392,D,I,-3.314,0,5.833,6
392,D,K,-3.085,0.2631,2.833,6
392,D,L,-3.369,0,7,6
392,D,M,-2.924,0,4.333,6
392,D,N,-1.526,0.2902,17.33,6
392,D,P,-3.269,0,4.167,6
392,D,Q,-3.307,0,3.833,6
392,D,R,-3.228,0,4.667,6
392,D,S,-3.179,0,2.333,6
392,D,T,-3.024,0,5.833,6
392,D,V,-3.189,0.03876,4.333,6
392,D,W,-3.361,0,2.333,6
392,D,Y,-3.294,0,14,6
393,C,*,-3.282,0,4.833,6
393,C,A,-3.45,0,4.833,6
393,C,C,0,0,,6
393,C,D,-3.346,0,5.833,6
393,C,E,-3.228,0,4,6
393,C,F,-3.319,0,10,6
393,C,G,-3.372,0,7.167,6
393,C,H,-3.412,0,5.333,6
393,C,I,-3.175,0,5.167,6
393,C,K,-3.396,0,5.333,6
393,C,L,-2.877,1.346,3.667,6
393,C,M,-3.407,0,5.5,6
393,C,N,-3.179,0,5.667,6
393,C,P,-3.322,0,5,6
393,C,Q,-3.378,0,6.667,6
393,C,R,-3.107,0.008944,7.333,6
393,C,S,-3.408,0,7.5,6
393,C,T,-3.488,0,6.333,6
393,C,V,-3.207,0,5,6
393,C,W,-3.098,0,6.167,6
393,C,Y,-3.523,0,16.83,6
394,K,*,-3.213,0,0.5,3
394,K,A,-3.383,0,4.5,6
394,K,C,-3.44,0,4.833,6
394,K,D,-3.268,0,6.167,6
394,K,E,-3.518,0,10,6
394,K,F,-3.194,0,3.833,5
394,K,G,-3.424,0,8.5,6
394,K,H,-2.876,0.03354,3.333,6
394,K,I,-3.267,0,5.167,6
394,K,K,0,0,,6
394,K,L,-3.435,0,7.167,6
394,K,M,-1.26,0.3264,8.5,6
394,K,N,-3.256,0,15.83,6
394,K,P,-3.343,0,4.333,6
394,K,Q,-3.329,0,5.5,6
394,K,R,-2.769,0.1446,8.667,6
394,K,S,-3.458,0,5.333,6
394,K,T,-3.468,0,6.5,6
394,K,V,-3.462,0,6.333,6
394,K,W,-2.665,0.1591,8.167,6
394,K,Y,-3.346,0,9,6
395,I,A,-3.412,0,7.5,6
395,I,C,-3.128,0,3.667,6
395,I,D,-3.08,0,7.333,6
395,I,E,-3.512,0,6.333,6
395,I,F,-3.288,0,5.5,6
395,I,G,-2.427,1.589,4,6
395,I,H,-3.186,0,6,6
395,I,I,0,0,,6
395,I,K,-3.246,0,6.333,6
395,I,L,-1.999,0.2804,3.5,6
395,I,M,-2.91,0,6.833,6
395,I,N,-3.455,0,10.83,6
395,I,P,-3.179,0,8.333,6
395,I,Q,-3.24,0,4.333,6
395,I,R,-3.344,0,4.833,6
395,I,S,-3.285,0,7.5,6
395,I,T,-3.096,0,8.333,6
395,I,V,-0.8082,0.4562,6.333,6
395,I,W,-3.424,0,8.333,6
395,I,Y,-3.429,0,3.333,6
396,M,A,-3.318,0,2.333,3
396,M,C,-3.134,0,4.167,5
396,M,D,-3.51,0,8.333,6
396,M,E,-3.372,0,4.833,6
396,M,F,-2.829,0.3729,5.833,6
396,M,G,-2.022,0.1796,5.5,6
396,M,H,-3.03,0.4971,4,6
396,M,I,-3.508,0,32.67,6
396,M,K,-2.074,0.7362,5.167,6
396,M,L,-1.795,0.4419,7.333,6
396,M,M,0,0,,6
396,M,N,-3.317,0,7.333,6
396,M,P,-3.388,0,9.333,6
396,M,Q,-2.274,0.4535,6.333,6
396,M,R,-3.25,0.1073,6.5,6
396,M,S,-2.92,0.07193,6,6
396,M,T,-3.437,0,7.167,6
396,M,V,-3.428,0,6.333,6
396,M,W,-3.014,0,5.333,6
396,M,Y,-2.57,0,6.833,6
397,T,A,-3.448,0,6.333,6
397,T,C,-3.242,0,7.333,6
397,T,D,-3.397,0,4.167,6
397,T,E,-3.413,0,5.167,6
397,T,F,-3.45,0,4.667,6
397,T,G,-3.296,0,3.667,6
397,T,H,-3.388,0.09019,4.5,6
397,T,I,-3.448,0,13.83,6
397,T,K,-3.24,0,6.667,6
397,T,L,-3.36,0,8.5,6
397,T,M,-3.33,0,5.5,6
397,T,N,-3.396,0,12.5,6
397,T,P,-0.4032,0.5334,6.5,6
397,T,Q,-3.408,0,2,6
397,T,R,-3.188,0,3.667,6
397,T,S,-3.127,0.5399,3.167,6
397,T,T,0,0,,6
397,T,V,-3.32,0,6.833,6
397,T,W,-3.463,0,5.833,6
397,T,Y,-3.45,0,5,6
398,S,A,-2.634,0,6.667,6
398,S,C,-3.111,0,5.833,6
398,S,D,-3.167,0,4,6
398,S,E,-3.345,0,5.5,6
398,S,F,-3,0,11.17,6
398,S,G,-0.4198,0.3913,6.167,6
398,S,H,-1.775,0.4067,5.167,6
398,S,I,-3.146,0,3,6
398,S,K,-3.007,0,7.167,6
398,S,L,-3.369,0,12,6
398,S,M,-2.12,0.3381,5.667,6
398,S,N,-3.482,0,4.5,6
398,S,P,-3.457,0,9.167,6
398,S,Q,-3.109,0,6.667,6
398,S,R,-3.373,0,5.833,6
398,S,S,0,0,,6
398,S,T,-0.6734,0.7782,5,6
398,S,V,-3.18,0,5.333,6
398,S,W,-3.21,0,7.167,6
398,S,Y,-2.429,0.2911,12.17,6
399,K,*,-2.861,0,0.5,3
399,K,A,-1.002,1.064,2.167,6
399,K,C,-3.401,0,5,6
399,K,D,-3.442,0,5.333,6
399,K,E,-3.4,0,8.667,6
399,K,F,-3.462,0,6.5,6
399,K,G,-3.074,0.2557,6.167,6
399,K,H,-3.07,0,5.167,6
399,K,I,-1.739,0.3415,5.667,6
399,K,K,0,0,,6
399,K,L,-3.236,0,7.167,6
399,K,M,-2.448,0,8.167,6
399,K,N,-2.952,0,7,6
399,K,P,-3.469,0,5.833,6
399,K,Q,-1.497,0.4675,9,6
399,K,R,-1.357,0.4289,10,6
399,K,S,-3.444,0,5,6
399,K,T,-3.045,0.04882,4.333,6
399,K,V,-2.954,0.2378,6.167,6
399,K,W,-3.481,0,6.5,6
399,K,Y,-3.482,0,9.333,6
400,T,A,-2.136,0.202,10.67,6
400,T,C,-3.222,0.4001,3.333,5
400,T,D,-3.337,0,5,6
400,T,E,-3.259,0,3.833,6
400,T,F,-3.147,0,6.167,6
400,T,G,-3.458,0,8.833,6
400,T,H,-3.12,0,3.667,6
400,T,I,-3.378,0,14.33,6
400,T,K,-3.439,0,10.5,6
400,T,L,-3.427,0,6,6
400,T,M,-2.573,0.08162,4.833,6
400,T,N,-3.341,0,5.833,6
400,T,P,-3.393,0,5.667,6
400,T,Q,-3.258,0,4.5,6
400,T,R,-3.461,0,5.167,6
400,T,S,-1.025,0.6608,6.667,6
400,T,T,0,0,,6
400,T,V,-3.276,0,5,6
400,T,W,-3.3,0,4.5,6
400,T,Y,-2.269,0.2949,5.333,6
401,D,A,-2.119,0.1322,7.833,6
401,D,C,-1.6,0.513,8.667,6
401,D,D,0,0,,6
401,D,E,-3.108,0,7,6
401,D,F,-2.571,0.04855,3.167,3
401,D,G,-1.954,0.34,5.833,6
401,D,H,-3.418,0,2.667,6
401,D,I,-2.377,0.1342,4.667,6
401,D,K,-2.149,0.3782,5.5,6
401,D,L,-3.286,0,3,6
401,D,M,-2.185,0.7488,5.667,6
401,D,N,-3.417,0,13.17,6
401,D,P,-3.424,0,4,6
401,D,Q,-2.574,0.06671,3.667,6
401,D,R,-2.169,0.1876,6.167,6
401,D,S,-2.127,0.1983,8.5,6
401,D,T,-2.901,0,7.5,6
401,D,V,-2.463,0.006708,7.5,6
401,D,W,-3.338,0,7.833,6
401,D,Y,-2.003,0.2399,10.17,6
402,V,A,-3.19,0,8.667,6
402,V,C,-3.42,0,5.333,6
402,V,D,-3.455,0,9,6
402,V,E,-3.479,0,12,6
402,V,F,-1.171,0.5936,5,6
402,V,G,-3.4,0,8.167,6
402,V,H,-3.33,0,6.5,6
402,V,I,0.7811,0.9402,4.5,6
402,V,K,-3.445,0,8.5,6
402,V,L,-0.4415,0.2622,11.33,6
402,V,M,-0.9559,0.3774,15.17,6
402,V,N,-3.479,0,6.167,6
402,V,P,-3.407,0,4,6
402,V,Q,-3.327,0,7,6
402,V,R,-3.524,0,5.667,6
402,V,S,-3.357,0,6.833,6
402,V,T,-3.29,0,5.833,6
402,V,V,0,0,,6
402,V,W,-1.768,0.3171,7.167,6
402,V,Y,-0.1905,0.658,7.333,6
403,S,A,-1.048,0.3898,7.667,6
403,S,C,-3.343,0,5.5,6
403,S,D,-3.356,0,8.833,6
403,S,E,-3.45,0,7.5,6
403,S,F,-3.408,0,15.5,6
403,S,G,-1.885,0.06935,7.167,6
403,S,H,-3.458,0,3.833,6
403,S,I,-2.389,0.609,2.667,6
403,S,K,-3.476,0,7.667,6
403,S,L,-3.213,0,5.5,6
403,S,M,-3.184,0,4.833,6
403,S,N,-3.35,0,3.833,6
403,S,P,-2.977,0.06857,6.5,6
403,S,Q,-3.415,0,6.5,6
403,S,R,-3.402,0,8.667,6
403,S,S,0,0,,6
403,S,T,-0.5978,0.5969,6.667,6
403,S,V,-3.436,0,2,6
403,S,W,-3.433,0,10.33,6
403,S,Y,-3.487,0,15.17,6
404,S,A,-1.583,0.379,7.5,6
404,S,C,-3.152,0,9,6
404,S,D,-3.463,0,7.667,6
404,S,E,-3.398,0,3.5,6
404,S,F,-2.928,0.04845,5.333,6
404,S,G,-3.181,0,13,6
404,S,H,-3.372,0,7.167,6
404,S,I,-2.2,0.1363,17.5,6
404,S,K,-2.213,0.1686,7,6
404,S,L,-2.742,0,4.5,6
404,S,M,-3.011,0.1591,3,6
404,S,N,-3.446,0,22.5,6
404,S,P,-3.413,0,7,6
404,S,Q,-3.378,0,5.5,6
404,S,R,-1.004,0.5188,15.17,6
404,S,S,0,0,,6
404,S,T,-2.97,0,5.667,6
404,S,V,-2.256,0.9868,2.833,6
404,S,W,-2.923,0,5.333,6
404,S,Y,-3.08,0.06708,4.167,6
405,S,*,-3.071,1.002,11.33,6
405,S,A,-0.1553,0.3819,4.833,6
405,S,C,-0.8499,0.3778,6.167,6
405,S,D,-3.343,0,2.667,6
405,S,E,-3.393,0,10.17,6
405,S,F,-3.366,0,3,6
405,S,G,-2.687,0,7.333,6
405,S,H,-3.281,0,4.333,6
405,S,I,-1.426,0.3026,6.833,6
405,S,K,-3.386,0,5.833,6
405,S,L,-3.149,0.1159,17.83,6
405,S,M,-2.638,0,3.5,6
405,S,N,-2.911,0,6.5,6
405,S,P,-2.201,0.2089,7.5,6
405,S,Q,-3.351,0,6,6
405,S,R,-3.37,0,3.167,6
405,S,S,0,0,,6
405,S,T,-1.085,0.4299,5.667,6
405,S,V,-1.819,0.4225,7.333,6
405,S,W,-2.135,0.03072,5.833,6
405,S,Y,-3.465,0,7.833,6
406,V,A,-1.378,0.6615,9.333,6
406,V,C,-0.8308,0.3826,4.167,6
406,V,D,-3.381,0,7,6
406,V,E,-3.489,0,6.333,6
406,V,F,-1.695,0.317,6.333,6
406,V,G,-3.055,0.03776,4.833,6
406,V,H,-0.9233,0.407,5.833,6
406,V,I,0.2728,0.4291,5.833,6
406,V,K,-3.191,0,5.667,6
406,V,L,-3.427,0,10.83,6
406,V,M,-0.5146,0.2364,18.17,6
406,V,N,-2.972,0,4.167,6
406,V,P,-3.341,0,6.333,6
406,V,Q,-0.5288,0.3692,6.667,6
406,V,R,-3.036,0,5.5,6
406,V,S,0.1953,0.1919,7.833,6
406,V,T,-2.635,0,5.5,6
406,V,V,0,0,,6
406,V,W,-3.276,0,8.833,6
406,V,Y,-1.001,0.2923,7.167,6
407,I,A,-3.138,0.1748,6.833,6
407,I,C,-3.42,0,5.167,6
407,I,D,-3.226,0,5.167,6
407,I,E,-3.38,0,3.667,6
407,I,F,-3.442,0,8,6
407,I,G,-3.356,0,7.167,6
407,I,H,-3.255,0,6.333,6
407,I,I,0,0,,6
407,I,K,-3.423,0,9.333,6
407,I,L,-3.247,0.5949,7,6
407,I,M,-1.332,0.5072,5.5,6
407,I,N,-3.391,0,8,6
407,I,P,-3.287,0,4,6
407,I,Q,-3.248,0,5.167,6
407,I,R,-3.431,0,8,6
407,I,S,-2.43,0.2263,7.5,6
407,I,T,-2.28,0.1554,8,6
407,I,V,-1.615,0.4122,6.833,6
407,I,W,-3.032,0,7.167,6
407,I,Y,-2.776,0,4.5,3
408,T,A,-3.323,0,10,6
408,T,C,-3.296,0,5.333,6
408,T,D,-3.165,0,5.833,6
408,T,E,-3.098,0,6.667,6
408,T,F,-3.354,0,7,6
408,T,G,-2.994,0,6,6
408,T,H,-3.393,0,7.333,6
408,T,I,-3.369,0,18.17,6
408,T,K,-2.981,0,4.5,6
408,T,L,-3.188,0,4.167,6
408,T,M,-3.131,0,5,6
408,T,N,-3.357,0,15,6
408,T,P,-3.086,0,4.167,6
408,T,Q,-3.163,0,7.333,6
408,T,R,-3.325,0,7.5,6
408,T,S,-1.871,0.4271,4.5,6
408,T,T,0,0,,6
408,T,V,-3.446,0,4.333,6
408,T,W,-3.269,0,7.5,6
408,T,Y,-3.298,0,3.833,6
409,S,A,0.1021,0.2815,5.167,6
409,S,C,-0.4495,1.228,6.167,6
409,S,D,-0.7614,0.4314,4.833,6
409,S,E,-1.027,0.1664,3.333,6
409,S,F,-0.6605,0.5132,6.833,6
409,S,G,-0.8389,0.2699,5.667,6
409,S,H,-1.424,0.3297,5.333,6
409,S,I,-0.1184,0.3126,25.33,6
409,S,K,-0.4377,0.4319,7.167,6
409,S,L,-1.567,0.4112,8.833,6
409,S,M,-0.1951,0.3298,6.167,6
409,S,N,-0.6321,0.3506,16.83,6
409,S,P,-1.872,0.282,5.5,6
409,S,Q,-0.7015,0.7677,1.833,6
409,S,R,-1.429,0.3746,10.17,6
409,S,S,0,0,,6
409,S,T,-1.269,0.4377,6.333,6
409,S,V,-0.2623,0.4912,7.667,6
409,S,W,-2.116,0.1952,4.5,6
409,S,Y,-1.329,0.9548,3,6
410,L,A,-3.128,0,7.333,6
410,L,C,-2.724,0,7.333,6
410,L,D,-3.184,0,5.667,6
410,L,E,-3.256,0,6.5,6
410,L,F,-3.268,0,6.333,6
410,L,G,-3.22,0,4.833,6
410,L,H,-3.131,0,5.333,6
410,L,I,-0.7163,0.4467,7.5,6
410,L,K,-3.236,0,1.5,6
410,L,L,0,0,,6
410,L,M,-0.2712,0.2579,17,6
410,L,N,-2.479,0,4.667,6
410,L,P,-3.245,0,10.83,6
410,L,Q,-2.901,0,12.5,6
410,L,R,-3.303,0,8.167,6
410,L,S,-3.381,0,5.833,6
410,L,T,-3.196,0,4.667,6
410,L,V,-0.6701,0.3465,8,6
410,L,W,-3.373,0,6.333,6
410,L,Y,-3.138,0,5.667,6
411,G,*,-3.269,0,27.67,6
411,G,A,-3.19,0,6.833,6
411,G,C,-3.082,0,6.333,6
411,G,D,-3.075,0,4.833,6
411,G,E,-3.332,0,14.83,6
411,G,F,-3.447,0,6.833,6
411,G,G,0,0,,6
411,G,H,-3.167,0,3.833,6
411,G,I,-3.369,0,5.5,6
411,G,K,-3.143,0.1647,2.833,6
411,G,L,-3.373,0,4,6
411,G,M,-3.141,0,2.833,6
411,G,N,-3.385,0,6.5,6
411,G,P,-3.307,0,5.833,6
411,G,Q,-3.167,0.5168,3.5,6
411,G,R,-3.267,0,20.83,6
411,G,S,-3.216,0,4.167,6
411,G,T,-3.143,0,5.5,6
411,G,V,-3.461,0,20.17,6
411,G,W,-3.199,0.1349,4.5,6
411,G,Y,-3.333,0,5.667,6
412,A,A,0,0,,6
412,A,C,-2.415,0.2741,4.667,6
412,A,D,-3.397,0,16,6
412,A,E,-3.308,0,5,6
412,A,F,-3.396,0,5.833,6
412,A,G,-3,0,4.667,6
412,A,H,-3.092,0,3,5
412,A,I,-3.405,0,3.5,6
412,A,K,-3.194,1.351,4,6
412,A,L,-3.272,0,8.167,6
412,A,M,-3.356,0,6,6
412,A,N,-3.389,0,4.333,6
412,A,P,-3.433,0,5.333,6
412,A,Q,-3.222,0,5,6
412,A,R,-3.356,0,6,6
412,A,S,-1.978,0.3253,22.67,6
412,A,T,-3.308,0,22.17,6
412,A,V,-2.703,0,14.83,6
412,A,W,-3.409,0,6.167,6
412,A,Y,-3.293,0,4.167,6
413,I,A,-3.385,0,6.833,6
413,I,C,-3.302,0,7,6
413,I,D,-3.245,0,5,6
413,I,E,-3.167,0,6.333,6
413,I,F,-3.478,0,8.667,6
413,I,G,-2.75,0.06745,2,6
413,I,H,-3.096,0,4.5,6
413,I,I,0,0,,6
413,I,K,-3.17,0,5.833,6
413,I,L,-0.8846,0.3893,7,6
413,I,M,0.1263,0.4861,5.5,6
413,I,N,-3.346,0,7.667,6
413,I,P,-3.26,0,6.833,6
413,I,Q,-2.952,0,3.833,6
413,I,R,-3.34,0,6.167,6
413,I,S,-3.159,0,4.833,6
413,I,T,-3.027,0,9,6
413,I,V,-0.282,0.1518,8.5,6
413,I,W,-3.219,0,7.833,6
413,I,Y,-3.414,0,9,6
414,V,A,-3.389,0,9,6
414,V,C,-3.369,0,5.333,6
414,V,D,-3.153,0,4.167,6
414,V,E,-3.147,0,7,6
414,V,F,-3.199,0,4.667,6
414,V,G,-3.202,0,2.5,6
414,V,H,-3.226,0,8.167,6
414,V,I,0.351,0.7898,3.5,6
414,V,K,-3.084,0,4.5,6
414,V,L,-1.909,0.2287,10,6
414,V,M,0.3431,0.3038,27.17,6
414,V,N,-3.175,0.03578,4.667,6
414,V,P,-3.157,0,4.5,6
414,V,Q,-3.094,0,5.333,6
414,V,R,-3.258,0,4.333,6
414,V,S,-2.999,0,4.167,6
414,V,T,-3.367,0,6.667,6
414,V,V,0,0,,6
414,V,W,-3.226,0,2.5,6
414,V,Y,-3.239,0,4.667,6
415,S,A,-0.6855,0.7593,4.5,6
415,S,C,-2.284,0.05869,6.333,6
415,S,D,-3.383,0,9,6
415,S,E,-3.247,0,9.333,6
415,S,F,-3.355,0,17.67,6
415,S,G,-0.9363,0.2412,9.833,6
415,S,H,-3.272,0,4.5,6
415,S,I,-3.355,0,6,6
415,S,K,-3.13,0.1811,3.5,6
415,S,L,-3.25,0,6,6
415,S,M,-3.438,0,3.333,6
415,S,N,-3.267,0,5,6
415,S,P,-3.421,0,6.833,6
415,S,Q,-3.258,0,2.833,6
415,S,R,-3.118,0,3.5,6
415,S,S,0,0,,6
415,S,T,-2.742,0.3022,1.833,6
415,S,V,-1.37,0.4296,10.17,6
415,S,W,-3.378,0,6.667,6
415,S,Y,-3.194,0,12.33,6
416,C,*,-3.269,0.07193,11.5,6
416,C,A,-3.396,0,5,6
416,C,C,0,0,,6
416,C,D,-3.315,0,7.333,6
416,C,E,-2.072,1.297,8.5,6
416,C,F,-3.435,0,15.17,6
416,C,G,-3.366,0,5.667,6
416,C,H,-3.293,0,5.167,6
416,C,I,-3.152,0.03093,7.833,6
416,C,K,-3.372,0,8.833,6
416,C,L,-2.567,1.065,8.333,6
416,C,M,-3.28,0,10.33,6
416,C,N,-3.28,0,6.667,6
416,C,P,-2.992,1.313,2.833,6
416,C,Q,-3.185,0,4.333,6
416,C,R,-3.03,0,5.667,6
416,C,S,-3.37,0,6.667,6
416,C,T,-3.325,0,8,6
416,C,V,-3.133,0,4.667,6
416,C,W,-3.077,0,8.667,6
416,C,Y,-3.058,0,14.5,6
417,Y,*,-1.651,1.084,2.833,6
417,Y,A,-0.8831,0.1666,8,6
417,Y,C,-3.421,0,5.833,6
417,Y,D,-3.399,0,2.5,6
417,Y,E,-3.239,0,8.833,6
417,Y,F,-2.069,0.6274,4.833,6
417,Y,G,-3.122,0,4.5,6
417,Y,H,-2.289,0.07714,8.167,6
417,Y,I,-3.428,0,5.333,6
417,Y,K,-3.336,0,5.833,6
417,Y,L,-3.305,0,3.833,6
417,Y,M,-3.356,0,3,6
417,Y,N,-2.738,0,4.5,6
417,Y,P,-3.385,0,3,6
417,Y,Q,-2.774,0,6.833,6
417,Y,R,-3.212,0,7.833,6
417,Y,S,-3.114,1.106,3.833,6
417,Y,T,-2.822,0,10.67,6
417,Y,V,-3.237,0,7.167,6
417,Y,W,-3.02,0,6.667,6
417,Y,Y,0,0,,6
418,G,A,-1.62,0.5772,5.5,6
418,G,C,-3.374,0,21.67,6
418,G,D,-2.987,0,24.33,6
418,G,E,-3.024,0,6,6
418,G,F,-3.34,0,6.333,6
418,G,G,0,0,,6
418,G,H,-2.207,0.2007,4.333,6
418,G,I,-3.224,0.1837,4.167,6
418,G,K,-2.572,0,6,6
418,G,L,-2.102,0.2594,5.833,6
418,G,M,-2.876,0,6.667,6
418,G,N,-3.39,0,5.333,6
418,G,P,-2.538,0.01043,4,6
418,G,Q,-0.8956,0.5162,3.333,6
418,G,R,-1.844,0.8553,6,6
418,G,S,-1.972,0.11,12.5,6
418,G,T,-0.269,1.158,5.667,6
418,G,V,-1.927,0.1905,17.17,6
418,G,W,-2.387,0.1349,2,6
418,G,Y,-2.988,0.1904,3.667,6
419,K,*,-0.6293,0.9632,0.5,3
419,K,A,-0.8504,1.483,3,6
419,K,C,-2.709,0,1,3
419,K,D,0.8463,0.2767,1.5,3
419,K,E,0.6714,0.5881,8.333,6
419,K,F,-0.009215,0.2565,5.667,6
419,K,G,0.02716,0.4365,6,6
419,K,H,-0.8501,1.241,1.833,6
419,K,I,0.1212,0.4912,5,6
419,K,K,0,0,,6
419,K,L,-0.2268,0.4508,5.5,6
419,K,M,0.493,0.1913,5.833,6
419,K,N,-0.1389,0.6269,16.83,6
419,K,P,0.3972,0.2768,6.167,6
419,K,Q,-0.06726,0.5564,6.667,6
419,K,R,-0.5463,0.579,5,6
419,K,S,0.4925,0.2006,5,6
419,K,T,0.5193,0.4266,5.833,6
419,K,V,0.6246,0.4713,4.667,6
419,K,W,-1.363,0.996,3.333,6
419,K,Y,-0.4597,0.4663,3.333,6
420,T,A,-1.168,0.4443,6.5,6
420,T,C,-2.245,0.2018,7.667,6
420,T,D,-1.095,0.5436,4.833,6
420,T,E,-3.099,0,8.333,6
420,T,F,-1.925,0.1658,10.5,6
420,T,G,-2.63,0,7.333,6
420,T,H,-2.934,0.2673,1.5,3
420,T,I,0.07795,0.2698,10.17,6
420,T,K,-3.294,0,7.333,6
420,T,L,-0.1726,0.3065,6.667,6
420,T,M,-2.83,0.3922,5.333,6
420,T,N,-1.132,0.3993,8.667,6
420,T,P,-1.407,0.3599,2,6
420,T,Q,-2.643,0.04648,8.167,6
420,T,R,-3.46,0,7.667,6
420,T,S,-1.734,0.5615,3.167,6
420,T,T,0,0,,6
420,T,V,1.001,0.4001,8.167,6
420,T,W,-1.68,0.1391,8.333,6
420,T,Y,-2.118,0.4028,4.333,6
421,K,*,-0.2775,0.2287,0.3333,2
421,K,A,0.3376,0.3807,2.667,6
421,K,C,-2.84,0,6.167,6
421,K,D,-3.167,0,3.833,6
421,K,E,-3.466,0,17.33,6
421,K,F,-0.8175,0.9772,6.667,6
421,K,H,-0.9146,0.7811,5,6
421,K,I,0.9309,0.5596,6.833,6
421,K,K,0,0,,6
421,K,L,-0.397,1.057,6,6
421,K,M,0.2684,0.8902,9.333,6
421,K,N,-3.467,0,15.5,6
421,K,P,1.397,0.338,0.5,3
421,K,Q,-1.235,0.5375,18.17,6
421,K,R,-2.779,0.1846,7,6
421,K,S,0.4478,0.2978,8.5,6
421,K,T,-0.5327,0.7969,8.333,6
421,K,V,-0.1379,1.238,1,6
421,K,W,-0.6459,0.7717,4.167,6
421,K,Y,0.3835,0.7762,9.5,6
422,C,*,-3.402,0,8,6
422,C,A,-3.65,0,0.5,3
422,C,C,0,0,,6
422,C,D,-2.524,0.6206,3.667,6
422,C,E,-0.4801,1.442,0.3333,2
422,C,F,-3.479,0,19.33,6
422,C,G,-3.402,0,9.833,6
422,C,H,-2.962,0.05292,6.833,6
422,C,I,-3.363,0,8.333,6
422,C,K,-3.505,0,8,6
422,C,L,-1.308,0.8975,2.333,6
422,C,M,-3.122,0,2.333,6
422,C,N,-3.405,0,8.667,6
422,C,P,-3.284,0,3.333,6
422,C,Q,-3.38,0,1.5,6
422,C,R,-3.276,0,5.667,6
422,C,S,-3.265,0,17.83,6
422,C,T,-3.219,0,7,6
422,C,V,-3.035,0.375,2.5,6
422,C,W,-2.994,0,5.833,6
422,C,Y,-3.497,0,34.33,6
423,T,A,0.447,0.465,6,6
423,T,C,-3.063,0.02944,4.5,6
423,T,D,-2.241,0.1231,4,6
423,T,E,-2.005,0.6701,2,3
423,T,F,-3.245,0,2.667,6
423,T,G,-3.087,0.02311,3.667,6
423,T,H,-3.205,0,3,6
423,T,I,-2.841,0,28.83,6
423,T,K,-3.39,0,6.5,6
423,T,L,-3.254,0.4864,2.667,5
423,T,M,-2.006,0.3448,7.667,6
423,T,N,-1.502,0.8124,1.5,6
423,T,P,-3.187,0,3.833,6
423,T,Q,-1.462,0.5086,4.833,6
423,T,R,-3.439,0,4.167,6
423,T,S,-0.3789,1.408,4,6
423,T,T,0,0,,6
423,T,V,-0.09817,0.9222,3.833,6
423,T,W,-2.654,0.2739,5.333,6
423,T,Y,-3.189,0,3.333,6
424,A,A,0,0,,6
424,A,C,-1.992,0.5961,8.833,6
424,A,D,-3.391,0,16.83,6
424,A,E,-3.409,0,5.833,6
424,A,F,-3.485,0,6.667,6
424,A,G,-1.819,0.4131,3.167,6
424,A,H,-3.328,0,5.5,6
424,A,I,-3.454,0,6.833,6
424,A,K,-3.337,0,8.167,6
424,A,L,-3.422,0,6,6
424,A,M,-3.122,0,4.5,6
424,A,N,-3.202,0,6.833,6
424,A,P,-3.118,0,3.167,5
424,A,Q,-3.326,0,7.333,6
424,A,R,-3.405,0,5.667,6
424,A,S,-2.962,0,23.83,6
424,A,T,-3.171,0,20.33,6
424,A,V,-2.749,0.1644,14,6
424,A,W,-3.239,0,4.333,6
424,A,Y,-3.18,0,4.833,6
425,S,*,-3.274,0,12.83,6
425,S,A,-0.2682,0.6364,7,6
425,S,C,-1.435,0.3158,4.833,6
425,S,D,-2.173,0,4.167,6
425,S,E,-0.4314,1.026,2.333,6
425,S,F,-2.673,0.1662,4.167,6
425,S,G,-1.446,0.3897,5,6
425,S,H,-2.789,0,3.333,6
425,S,I,-1.934,0.2294,5,6
425,S,K,-3.391,0.03429,6.333,6
425,S,L,-3.433,0,13.33,6
425,S,M,-3.218,0,4.5,6
425,S,N,0.05545,0.4518,5,6
425,S,P,-3.375,0,11.83,6
425,S,Q,-0.9964,0.5487,5,6
425,S,R,-3.12,0,4.667,6
425,S,S,0,0,,6
425,S,T,-0.8172,0.4979,6.833,6
425,S,V,-2.45,0,5.167,6
425,S,W,-1.901,0.3131,4.333,6
425,S,Y,-3.223,0,4.667,6
426,N,-,-2.703,0.2319,0.5,3
426,N,A,-3.343,0,4.5,6
426,N,C,-3.264,0,24.33,6
426,N,D,-0.587,0.3581,3.667,6
426,N,E,-2.487,0.09168,4.833,6
426,N,F,-3.281,0.04398,3.833,6
426,N,G,-3.429,0,6.5,6
426,N,H,-1.401,0.5639,7.833,6
426,N,I,-3.045,0,4.833,6
426,N,K,-3.402,0,8,6
426,N,L,-3.452,0,3.333,6
426,N,M,-3.225,0,6.5,6
426,N,N,0,0,,6
426,N,P,-3.453,0,8.167,6
426,N,Q,-2.183,0.2147,5,6
426,N,R,-3.398,0,6.333,6
426,N,S,-3.534,0,8.167,6
426,N,T,-2.351,0.1704,6,6
426,N,V,-3.373,0,8.667,6
426,N,W,-3.461,0,16,6
426,N,Y,-3.397,0,5.333,6
427,K,-,-2.281,0.4984,0.5,3
427,K,A,-0.8752,0.6883,5.5,6
427,K,C,-2.734,0.0164,5.333,6
427,K,D,-2.43,0.552,2,3
427,K,E,-3.277,0,12.5,6
427,K,F,-0.7228,0.4098,7.167,6
427,K,G,-3.368,0,5,6
427,K,H,-2.758,0.08124,4,6
427,K,I,-0.6978,0.3305,4.5,6
427,K,K,0,0,,6
427,K,L,-0.6495,0.5185,3,6
427,K,M,0.1504,1.163,4,6
427,K,N,-2.467,0.2077,5.5,6
427,K,P,-1.298,0.3787,6.167,6
427,K,Q,-0.5884,0.9576,3.167,6
427,K,R,-2.311,0.1893,5.333,6
427,K,S,-2.889,0,4,6
427,K,T,-3.189,0,5,6
427,K,V,-2.357,0.8509,3,6
427,K,W,-0.6768,0.2973,7.5,6
427,K,Y,-1.239,0.7443,4.5,6
428,N,A,-3.406,0,2.333,6
428,N,C,-3.425,0,3.833,6
428,N,D,-3.458,0,9.833,6
428,N,E,-3.465,0,4,6
428,N,F,-3.451,0,6,6
428,N,G,-3.399,0,3.667,6
428,N,H,-3.444,0,5.167,6
428,N,I,-3.447,0,4.333,6
428,N,K,-3.51,0,9.5,6
428,N,L,-3.005,0,2.833,5
428,N,M,-3.485,0,6.333,6
428,N,N,0,0,,6
428,N,P,-3.498,0,5.5,6
428,N,Q,-3.494,0,7,6
428,N,R,-3.42,0,6.667,6
428,N,S,-3.471,0,4.333,6
428,N,T,-3.492,0,9.833,6
428,N,V,-3.481,0,7.667,6
428,N,W,-3.337,0,5.667,6
428,N,Y,-3.376,0,6.167,6
429,R,A,-3.183,0,5.5,6
429,R,C,-3.388,0,5,6
429,R,D,-3.468,0,4.167,6
429,R,E,-3.422,0,4.167,6
429,R,F,-3.455,0,5,6
429,R,G,-3.503,0,8,6
429,R,H,-3.449,0,4.667,6
429,R,I,-3.296,0,7.5,6
429,R,K,0.9771,0.2891,6.833,6
429,R,L,-3.547,0,46,6
429,R,M,0.3815,0.3426,4.167,6
429,R,N,-2.694,0,6.333,6
429,R,P,-3.427,0,5.833,6
429,R,Q,0.8198,0.4863,16.83,6
429,R,R,0,0,,6
429,R,S,-1.347,0.4195,5.167,6
429,R,T,-3.465,0,6.5,6
429,R,V,-3.373,0,7.167,6
429,R,W,-3.543,0,20.33,6
429,R,Y,-3.46,0,5.333,6
430,G,A,-3.442,0,5.833,6
430,G,C,-3.455,0,22.5,6
430,G,D,-3.317,0,20.83,6
430,G,E,-3.273,0,4,6
430,G,F,-3.521,0,8.667,6
430,G,G,0,0,,6
430,G,H,-3.43,0,5.833,6
430,G,I,-3.425,0,5,6
430,G,K,-3.414,0,6.5,6
430,G,L,-3.447,0,5.833,6
430,G,M,-3.449,0,3.5,6
430,G,N,-3.422,0,4.667,6
430,G,P,-3.341,0,5.667,6
430,G,Q,-3.441,0,4.5,6
430,G,R,-3.429,0,4,6
430,G,S,-3.479,0,14.5,6
430,G,T,-3.454,0,10.33,6
430,G,V,-3.489,0,20.83,6
430,G,W,-3.433,0,3.333,6
430,G,Y,-3.462,0,5.833,6
431,I,A,-3.148,0,6.5,6
431,I,C,-3.412,0,5.667,6
431,I,D,-3.277,0,7.167,6
431,I,E,-3.458,0,5,6
431,I,F,-3.495,0,7.167,6
431,I,G,-2.892,0,5.833,6
431,I,H,-3.505,0,6.833,6
431,I,I,0,0,,6
431,I,K,-3.455,0,7.667,6
431,I,L,-3.469,0,10,6
431,I,M,-3.46,0,7.5,6
431,I,N,-3.462,0,7.333,6
431,I,P,-3.45,0,7.5,6
431,I,Q,-3.48,0,4.833,6
431,I,R,-2.962,0.2374,3.333,6
431,I,S,-3.463,0,7.833,6
431,I,T,-3.466,0,10,6
431,I,V,-2.875,0.1006,4,6
431,I,W,-3.434,0,8.167,6
431,I,Y,-3.429,0,6,6
432,I,A,-3.432,0,2.833,6
432,I,C,-3.272,0,5,6
432,I,D,-3.316,0,5,6
432,I,E,-3.416,0,4.833,6
432,I,F,-3.471,0,8.167,6
432,I,G,-3.228,0,7.167,6
432,I,H,-3.486,0,7.5,6
432,I,I,0,0,,6
432,I,K,-3.455,0,7.5,6
432,I,L,-2.188,0.3964,7,6
432,I,M,-3.32,0,5,6
432,I,N,-3.49,0,7.5,6
432,I,P,-3.029,0,3.5,6
432,I,Q,-3.466,0,7.667,6
432,I,R,-3.417,0,6.167,6
432,I,S,-3.255,0,4.333,6
432,I,T,-2.018,0.3139,9,6
432,I,V,-0.3935,0.2235,10.83,6
432,I,W,-3.361,0,5.833,6
432,I,Y,-3.179,0.1629,3.667,6
433,K,A,-1.982,0.278,6.167,6
433,K,C,-3.2,0,4.5,6
433,K,D,-3.502,0,7.5,6
433,K,E,-2.33,0.02963,10.33,6
433,K,F,-1.598,0.5064,3.667,6
433,K,G,-3.442,0,5.833,6
433,K,H,-0.8149,0.507,5.5,6
433,K,I,-1.076,0.7087,4,6
433,K,K,0,0,,6
433,K,L,-1.451,0.2765,6.833,6
433,K,M,-2.559,0.397,4.667,6
433,K,N,-2.333,0.3036,15.17,6
433,K,P,-3.29,0,5.333,6
433,K,Q,-0.9952,0.879,6.5,6
433,K,R,-0.156,1.033,4.833,6
433,K,S,-2.451,0,5.5,6
433,K,T,-2.585,0.2355,5,6
433,K,V,-0.419,0.191,8,6
433,K,W,-3.135,0,4.333,6
433,K,Y,-1.268,0.509,6.167,6
434,T,A,-0.08375,0.8362,6.5,6
434,T,C,-3.503,0,3.833,6
434,T,D,1.133,0.3123,5.667,6
434,T,E,0.2264,0.1482,5.167,6
434,T,F,-3.158,0,4,6
434,T,G,-2.358,1.258,2.333,5
434,T,H,-3.189,0,2.833,6
434,T,I,-1.433,0.3765,12.83,6
434,T,K,-3.494,0,9.167,6
434,T,L,1.119,0.2267,2.667,6
434,T,M,0.06805,1.081,3,6
434,T,N,-0.1183,0.8648,2.333,5
434,T,P,-3.108,0,7.333,6
434,T,Q,-2.929,0,2,6
434,T,R,-3.468,0,3.667,6
434,T,S,-0.8239,0.6538,2.667,6
434,T,T,0,0,,6
434,T,V,-1.53,0.5109,3,6
434,T,W,-3.464,0,5.167,6
434,T,Y,-0.4859,0.3384,6,6
435,F,A,-3.196,0,6.833,6
435,F,C,-2.923,0,3,6
435,F,D,-3.115,0,8.167,6
435,F,E,-3.263,0,6.667,6
435,F,F,0,0,,6
435,F,G,-3.322,0,6.5,6
435,F,H,-3.245,0,5,6
435,F,I,-2.832,0,3.667,6
435,F,K,-3.369,0,7.833,6
435,F,L,-1.839,0.1211,7.667,6
435,F,M,-1.446,0.1931,4.667,6
435,F,N,-3.101,0,5.333,6
435,F,P,-3.171,0,4.5,6
435,F,Q,-3.152,0,5.333,6
435,F,R,-3.46,0,5.833,6
435,F,S,-3.309,0,7,6
435,F,T,-3.413,0,6,6
435,F,V,-3.304,0,7.667,6
435,F,W,-3.389,0,5.5,6
435,F,Y,-3.405,0,8.333,6
436,S,A,0.4707,0.1915,4.667,6
436,S,C,-1.429,0.5288,5.167,6
436,S,D,1.069,0.3783,5,6
436,S,E,1.55,0.3076,2,3
436,S,F,-1.008,0.6699,3.333,6
436,S,G,-0.5519,0.547,11.83,6
436,S,H,-1.91,0.267,5,6
436,S,I,-0.5622,0.294,18.17,6
436,S,K,-2.621,0.1025,5.833,6
436,S,L,-0.113,0.397,3,6
436,S,M,0.2999,0.2209,2.5,6
436,S,N,-0.1221,0.224,22.67,6
436,S,P,-0.3664,0.5658,2.667,6
436,S,Q,0.5639,0.1476,6,6
436,S,R,-2.055,0.3785,9.333,6
436,S,S,0,0,,6
436,S,T,0.2853,0.5287,4.333,6
436,S,V,0.1153,0.6941,4.833,6
436,S,W,-2.722,0.0518,4.167,6
436,S,Y,-1.58,0.9679,1.667,5
437,N,A,-0.2929,0.2048,5.333,6
437,N,C,-3.409,0,4.5,6
437,N,D,-2.925,0.1003,6,6
437,N,E,-1.405,1.069,4.667,6
437,N,F,-2.132,0.09065,5.5,6
437,N,G,-0.4574,0.4567,6.5,6
437,N,H,-3.439,0,5.833,6
437,N,I,-2.09,0.2571,5.5,6
437,N,K,-3.321,0,6,6
437,N,L,-2.288,0.007826,3.833,6
437,N,M,-1.614,0.2809,8.167,6
437,N,N,0,0,,6
437,N,P,-1.581,0.4021,2.333,6
437,N,Q,-1.383,0.7427,5.5,6
437,N,R,-3.47,0,5,6
437,N,S,-0.4355,0.4105,5.5,6
437,N,T,-0.5447,0.3449,4.167,6
437,N,V,-1.732,0.208,6.667,6
437,N,W,-1.942,0.1071,5.333,6
437,N,Y,-2.147,0.2547,5.667,6
438,G,A,-3.236,0,7.5,6
438,G,C,-3.461,0,20,6
438,G,D,-3.164,0,13.33,6
438,G,E,-3.454,0,4.833,6
438,G,F,-2.926,0,3.833,6
438,G,G,0,0,,6
438,G,H,-3.208,0,4.333,6
438,G,I,-3.194,0,4,6
438,G,K,-3.372,0,6.167,6
438,G,L,-2.16,1.132,3.5,6
438,G,M,-3.37,0,2.833,6
438,G,N,-3.22,0,6.667,6
438,G,P,-3.35,0,6.167,6
438,G,Q,-3.403,0,7,6
438,G,R,-3.443,0,6.5,6
438,G,S,-3.409,0,22,6
438,G,T,-3.404,0,4.333,6
438,G,V,-3.433,0,8.833,6
438,G,W,-3.167,0,5.333,6
438,G,Y,-3.152,0.08423,2.167,6
439,C,*,-0.1776,0,0.1667,1
439,C,A,-3.099,0,4.167,6
439,C,C,0,0,,6
439,C,D,-3.235,0.1036,3.667,6
439,C,E,-3.261,0,9.167,6
439,C,F,-3.327,0,9,6
439,C,G,-3.297,0,6.667,6
439,C,H,-3.247,0,3.5,6
439,C,I,-3.231,0,7,6
439,C,K,-3.199,0,6.167,6
439,C,L,-3.398,0,7.833,6
439,C,M,-3.167,0,6.333,6
439,C,N,-3.335,0,7.333,6
439,C,P,-3.334,0,5.167,6
439,C,Q,-3.212,0.2937,4.833,6
439,C,R,-3.268,0,9.833,6
439,C,S,-3.24,0,4.667,6
439,C,T,-3.335,0,4.833,6
439,C,V,-3.334,0,6.5,6
439,C,W,-3.377,0,4.5,6
439,C,Y,-3.323,0,21.33,6
440,D,A,-3.021,0,4.167,6
440,D,C,-3.054,0,5.167,6
440,D,D,0,0,,6
440,D,E,-2.701,0.1962,8.167,6
440,D,F,-3.405,0,5.333,6
440,D,G,-0.8868,0.9399,4.667,6
440,D,H,-3.255,0,5.5,6
440,D,I,-3.442,0,6.833,6
440,D,K,-3.447,0,5.5,6
440,D,L,-3.369,0,7,6
440,D,M,-3.305,0,3.5,6
440,D,N,-2.879,0,23,6
440,D,P,-3.321,0,7.333,6
440,D,Q,-2.813,0.4105,4,6
440,D,R,-3.349,0,6,6
440,D,S,-2.326,0.8199,4.167,6
440,D,T,-3.117,0,4,6
440,D,V,-3.185,0,2.333,6
440,D,W,-3.306,0,5.667,6
440,D,Y,-3.486,0,14,6
441,Y,*,-3.115,0,4.667,6
441,Y,A,-3.3,0,4.167,6
441,Y,C,-2.88,0,5.5,6
441,Y,D,-3.294,0,5,6
441,Y,E,-3.205,0,6.833,6
441,Y,F,-1.935,0.08636,4.833,6
441,Y,G,-3.393,0,6,6
441,Y,H,-3.352,0,6,6
441,Y,I,-3.405,0,6.333,6
441,Y,K,-3.047,0,6.5,6
441,Y,L,-3.217,0.1506,4.167,6
441,Y,M,-3.096,0.07193,4.333,6
441,Y,N,-3.369,0,6.667,6
441,Y,P,-3.405,0.2415,6.333,6
441,Y,Q,-3.145,1.136,6.167,6
441,Y,R,-3.399,0,5.333,6
441,Y,S,-3.304,0,5.833,6
441,Y,T,-3.346,0,6.167,6
441,Y,V,-2.887,1.129,2.667,6
441,Y,W,-2.107,0.1375,8.667,6
441,Y,Y,0,0,,6
442,V,-,-0.005511,0.4071,0.5,3
442,V,A,-1.503,0.4347,2.167,6
442,V,C,-3.199,0,7.833,6
442,V,D,-3.563,0,4,3
442,V,E,-3.367,0,6.333,6
442,V,F,-3.276,0,6,6
442,V,G,-3.077,0,6.667,6
442,V,H,-3.247,0,3.333,6
442,V,I,-1.479,0.6004,2.333,6
442,V,K,-3.281,0,4.833,6
442,V,L,-1.78,0.2608,10,6
442,V,M,-1.396,0.3416,17.67,6
442,V,N,-3.381,0,6.333,6
442,V,P,-3.175,0,4.5,6
442,V,Q,-1.73,0.703,4.667,6
442,V,R,-3.261,0,5.833,6
442,V,S,-1.764,0.4203,8.167,6
442,V,T,-0.7596,0.5521,5,6
442,V,V,0,0,,6
442,V,W,-3.231,0,4.333,6
442,V,Y,-3.118,0,3.333,6
443,S,-,-0.4541,0.5426,0.5,3
443,S,A,-0.3882,0.5661,5,6
443,S,C,-1.328,0.2824,3.333,6
443,S,D,-1.282,0.5482,5,6
443,S,E,-1.06,0.4813,3.833,6
443,S,F,-0.1952,0.4363,5.333,6
443,S,G,0.06517,0.1248,7.5,6
443,S,H,0.1686,0.8442,5.667,6
443,S,I,-2.55,0.08609,18.67,6
443,S,K,-2.859,0.3265,3.667,6
443,S,L,-3.442,0,3.667,6
443,S,M,-1.268,0.464,5.5,6
443,S,N,-0.8488,0.3808,18.83,6
443,S,P,-0.1996,0.6277,3.833,6
443,S,Q,-0.9895,0.7989,7.333,6
443,S,R,-2.437,0.04175,7.5,6
443,S,S,0,0,,6
443,S,T,-0.2324,0.3123,4,6
443,S,V,-1.327,0.2745,6.833,6
443,S,W,0.0204,0.8964,5.667,6
443,S,Y,-0.9996,0.3493,5.167,6
444,N,-,-0.6134,0.7851,0.5,3
444,N,A,-1.096,0.4976,4.5,5
444,N,C,-2.438,0.009136,6.333,6
444,N,D,-1.421,0.26,5.167,6
444,N,E,-3.333,0.2989,5.167,6
444,N,F,-3.338,0,7.167,6
444,N,G,-1.159,0.3802,7.833,6
444,N,H,-1.974,0.6651,4.5,6
444,N,I,-2.982,0.01416,6.167,6
444,N,K,-2.775,0,5.667,6
444,N,L,-3.155,0,5.333,6
444,N,M,-3.128,0,3.667,6
444,N,N,0,0,,6
444,N,P,-3.17,0.7934,4.667,6
444,N,Q,-0.8471,0.8376,3.833,6
444,N,R,-3.354,0.01118,4.5,6
444,N,S,0.03808,0.5732,5.333,6
444,N,T,-2.174,0.08311,7,6
444,N,V,-2.958,0,4.167,6
444,N,W,-3.281,0,5,6
444,N,Y,-3.275,0.01752,2.833,6
445,K,-,0.0401,0.4963,0.5,3
445,K,A,-0.2208,0.8205,5.5,6
445,K,C,-2.405,0.09801,7.667,6
445,K,D,-1.881,0.3168,3.5,6
445,K,E,-1.231,0.5643,11.5,6
445,K,F,-1.165,0.479,4,6
445,K,G,0.08608,1.039,4.5,6
445,K,H,-0.8413,0.9201,1.667,5
445,K,I,-0.3514,0.5518,5.5,6
445,K,K,0,0,,6
445,K,L,-1.583,0.5432,4.667,6
445,K,M,0.1713,0.6798,7.167,6
445,K,N,-0.6863,0.2811,38,6
445,K,P,-2.739,0.0518,4.833,6
445,K,Q,-0.7174,0.2982,6.167,6
445,K,R,0.1393,0.2098,13.5,6
445,K,S,-0.8366,0.3693,4.667,6
445,K,T,-1.042,0.6133,6.667,6
445,K,V,-0.6521,0.7116,4.5,6
445,K,W,-3.043,0,4.833,6
445,K,Y,-1.834,0.1605,5.667,6
446,G,A,-1.893,0.4224,2.5,6
446,G,C,-3.082,0,25.5,6
446,G,D,-1.065,0.3343,18.83,6
446,G,E,-2.136,0.187,5.5,6
446,G,F,-1.025,0.5083,4.833,6
446,G,G,0,0,,6
446,G,H,-1.603,0.311,5.833,6
446,G,I,-2.349,0.1345,5,6
446,G,K,-3.223,0,4.167,6
446,G,L,-2.087,0.01565,6.167,6
446,G,M,-0.612,1.328,4,6
446,G,N,-1.57,0.4495,4.333,6
446,G,P,-1.571,0.2779,6.5,6
446,G,Q,-1.849,0.3811,1.667,5
446,G,R,-3.442,0,4.833,6
446,G,S,-3.313,0,16,6
446,G,T,-3.405,0,3.667,6
446,G,V,-2.35,0.3905,20.5,6
446,G,W,-0.836,0.49,4,6
446,G,Y,-1.95,0.1437,9.167,6
447,V,-,-0.1895,1.353,0.3333,2
447,V,A,-1.829,0.2768,5,6
447,V,C,-2.412,0.08087,6.667,6
447,V,D,-3.337,0,5.167,6
447,V,E,-3.373,0,5.667,6
447,V,F,-2.08,0.56,4.5,6
447,V,G,-3.414,0,4.667,6
447,V,H,-2.709,0.01714,3.833,6
447,V,I,-0.5648,0.4401,4.667,6
447,V,K,-3.187,0,4.667,6
447,V,L,-2.234,0.4041,9.333,6
447,V,M,-2.828,0,36.17,6
447,V,N,-3.428,0,7,6
447,V,P,-2.148,1.045,4.5,6
447,V,Q,-3.253,0,4.667,6
447,V,R,-3.391,0,7.167,6
447,V,S,-3.101,0,4.833,6
447,V,T,-0.813,0.8938,4,6
447,V,V,0,0,,6
447,V,W,-3.46,0,4.833,6
447,V,Y,-3.436,0,5,6
448,D,-,-0.31,1.049,0.3333,2
448,D,A,-3.324,0,2.833,6
448,D,C,-3.205,0,5.333,6
448,D,D,0,0,,6
448,D,E,-2.148,0.2374,10,6
448,D,F,-3.293,0.08721,2.833,6
448,D,G,-3.409,0,12.5,6
448,D,H,-1.615,1.112,2.333,6
448,D,I,-3.498,0,4.333,6
448,D,K,-3.38,0,5.5,6
448,D,L,-3.223,0,5.667,6
448,D,M,-3.474,0,7.333,6
448,D,N,-3.445,0,16,6
448,D,P,-3.196,0,7,6
448,D,Q,-3.433,0,3.667,6
448,D,R,-3.082,0,2.667,6
448,D,S,-3.46,0,4.167,6
448,D,T,-3.401,0,4.833,6
448,D,V,-3.164,0.2851,4,6
448,D,W,-3.38,0,5.167,6
448,D,Y,-3.529,0,20.5,6
449,T,A,-1.993,0.1407,5.833,6
449,T,C,-2.817,0,6.833,6
449,T,D,-3.015,0.3086,4.5,6
449,T,E,-2.816,0,8.667,6
449,T,F,-2.62,0.05068,5.833,6
449,T,G,-3.085,0,8.5,6
449,T,H,-2.107,0.3102,3.833,6
449,T,I,-2.982,0,15.5,6
449,T,K,-2.806,0.06783,3.667,6
449,T,L,-3.263,0,5.833,6
449,T,M,-3.467,0,8.5,6
449,T,N,-1.328,0.318,10.17,6
449,T,P,-2.348,1.6,4,6
449,T,Q,-1.655,0.3218,5.667,6
449,T,R,-2.675,0.1304,2.667,6
449,T,S,-1.218,0.3811,7,6
449,T,T,0,0,,6
449,T,V,-3.162,0,4.833,6
449,T,W,-0.9228,0.765,5.833,6
449,T,Y,-2.691,0.234,7.333,6
450,V,A,-3.373,0.04137,4.5,6
450,V,C,-3.224,0,5.667,6
450,V,D,-3.314,0,9.333,6
450,V,E,-3.373,0,6.833,6
450,V,F,-3.429,0,5.333,6
450,V,G,-3.307,0,5,6
450,V,H,-3.111,0,2.833,6
450,V,I,-1.853,0.6115,1.5,6
450,V,K,-2.992,0.4101,4.833,6
450,V,L,-1.482,0.3422,10,6
450,V,M,-3.524,0,21.17,6
450,V,N,-3.131,0,3,6
450,V,P,-3.298,0,4,6
450,V,Q,-3.361,0,4.667,6
450,V,R,-3.111,0,6.5,6
450,V,S,-3.38,0,3.5,6
450,V,T,-3.232,0,6.667,6
450,V,V,0,0,,6
450,V,W,-3.143,0,4.833,6
450,V,Y,-2.661,0,6.167,6
451,S,A,0.2884,0.4217,5.333,6
451,S,C,-3.282,0.1439,5.667,6
451,S,D,0.714,0.3139,4.833,6
451,S,E,0.2,0.6269,5.5,6
451,S,F,-3.442,0.1702,2,3
451,S,G,-0.5882,0.4264,7.833,6
451,S,H,-2.405,0.0369,4.167,6
451,S,I,-1.383,0.2075,13.83,6
451,S,K,-3.377,0,5.833,6
451,S,L,-2.513,0.1584,5.333,6
451,S,M,-0.3554,0.6103,7.333,6
451,S,N,-1.278,0.5641,22.67,6
451,S,P,-3.056,0,5.833,6
451,S,Q,-1.516,0.362,5,6
451,S,R,-3.444,0,14.17,6
451,S,S,0,0,,6
451,S,T,-0.1362,0.33,6,6
451,S,V,-0.9488,0.2673,4.5,6
451,S,W,-3.09,0,5.667,6
451,S,Y,-2.29,0.3995,2.5,6
452,V,*,-3.665,0,1,3
452,V,A,-3.269,0,6.5,6
452,V,C,-3.017,0,2.5,6
452,V,D,-3.397,0,4,6
452,V,E,-3.134,0,5.333,6
452,V,F,-3.119,0.6865,6.667,6
452,V,G,-3.064,0,3.833,6
452,V,H,-3.3,0,4.5,6
452,V,I,-2.508,0.4675,3.167,6
452,V,K,-3.136,0,5.333,6
452,V,L,-3.112,0,7.5,6
452,V,M,-3.346,0,24.67,6
452,V,N,-3.179,0,9,6
452,V,P,-3.13,0,2.333,6
452,V,Q,-3.047,0.1699,3,6
452,V,R,-2.845,0,4.667,6
452,V,S,-3.218,0,4,6
452,V,T,-1.28,0.3121,5.333,6
452,V,V,0,0,,6
452,V,W,-3.458,0,4.5,6
452,V,Y,-3.284,0,5.833,6
453,G,A,-3.37,0,5.5,6
453,G,C,-3.361,0,21.83,6
453,G,D,-3.469,0,19.83,6
453,G,E,-3.444,0,5.667,6
453,G,F,-2.899,0.6614,3.5,6
453,G,G,0,0,,6
453,G,H,-2.658,0.1395,4,6
453,G,I,-3.459,0,4.667,6
453,G,K,-3.242,0,2.167,6
453,G,L,-3.397,0,2.833,6
453,G,M,-3.175,0,3.667,6
453,G,N,-3.381,0,4,6
453,G,P,-3.089,0,3.667,6
453,G,Q,-3.045,0,2.833,6
453,G,R,-3.264,0,5.667,6
453,G,S,-3.497,0,15,6
453,G,T,-3.19,0.4451,3.5,6
453,G,V,-3.365,0,17.33,6
453,G,W,-3.355,0,4,6
453,G,Y,-3.114,0,2.5,5
454,N,A,-3.46,0,4,6
454,N,C,-1.376,1.575,2.333,6
454,N,D,-3.465,0,7.167,6
454,N,E,-3.249,0,5.833,6
454,N,F,-3.516,0,4.833,6
454,N,G,-3.296,0,6.667,6
454,N,H,-3.498,0,6.833,6
454,N,I,-3.467,0,6.833,6
454,N,K,-3.486,0,7.5,6
454,N,L,-3.476,0,4.667,6
454,N,M,-3.457,0,4,6
454,N,N,0,0,,6
454,N,P,-3.406,0,3.333,6
454,N,Q,-3.439,0,6.833,6
454,N,R,-3.474,0,4.5,6
454,N,S,-3.484,0,5.333,6
454,N,T,-3.455,0,3.667,6
454,N,V,-3.413,0,5,6
454,N,W,-3.327,0,5.167,6
454,N,Y,-3.484,0,5.833,6
455,T,A,-3.135,0,4,6
455,T,C,-1.597,0.2338,2.5,6
455,T,D,-3.198,0,2.333,6
455,T,E,-3.414,0,4.333,6
455,T,F,-3.506,0,5.333,6
455,T,G,-2.949,0.2822,4.5,6
455,T,H,-3.476,0,4.833,6
455,T,I,-0.1839,0.2885,15.33,6
455,T,K,-3.486,0,6.333,6
455,T,L,-3.104,0,4.5,6
455,T,M,-3.228,0,5.167,6
455,T,N,-3.232,0.09839,6.833,6
455,T,P,-1.94,1.323,2.667,6
455,T,Q,-1.681,0.2279,5,6
455,T,R,-3.11,0.3332,3.167,6
455,T,S,-1.377,0.4024,8.333,6
455,T,T,0,0,,6
455,T,V,-1.266,0.4323,4,6
455,T,W,-3.447,0,3.333,6
455,T,Y,-3.439,0,4.333,6
456,L,A,-1.263,0.9409,3.167,6
456,L,C,1.331,0.3374,4.167,6
456,L,D,-0.2288,0.4464,4.167,6
456,L,E,-0.3516,0.4734,9,6
456,L,F,-1.718,0.3817,5.167,6
456,L,G,-0.4317,0.4896,4.333,6
456,L,H,-1.431,0.8622,3.667,6
456,L,I,0.1577,0.2886,7.167,6
456,L,K,-1.304,0.4224,4.333,6
456,L,L,0,0,,6
456,L,M,-0.2375,0.2005,39,6
456,L,N,0.2427,0.3643,3.333,6
456,L,P,-3.481,0,8.333,6
456,L,Q,0.7,0.4084,7,6
456,L,R,-1.112,0.3622,8.333,6
456,L,S,-3.406,0,2.667,6
456,L,T,-3.46,0,3.333,6
456,L,V,0.6139,0.5528,5.333,6
456,L,W,-2.595,0.1256,4.833,6
456,L,Y,-1.679,0.177,6.5,6
457,Y,*,-3.086,0.1193,5.833,6
457,Y,A,-2.713,1.009,2,6
457,Y,C,-3.161,0,3.667,6
457,Y,D,-3.445,0,5,6
457,Y,E,-3.055,0,5,6
457,Y,F,-0.551,0.5743,6.167,6
457,Y,G,-3.192,0.1998,1.833,6
457,Y,H,-1.302,0.4666,6.667,6
457,Y,I,-0.7739,1.01,2.833,6
457,Y,K,-3.365,0,5,6
457,Y,L,-1.793,0.5223,4.5,6
457,Y,M,-3.152,0,4.5,6
457,Y,N,-0.191,0.7278,9.667,6
457,Y,P,-3.125,0,2.667,3
457,Y,Q,-2.946,0,5.5,6
457,Y,R,-3.152,0.05217,3.667,6
457,Y,S,-1.04,0.5274,8.5,6
457,Y,T,-1.792,0.254,4.333,6
457,Y,V,-1.792,0.1394,5.5,6
457,Y,W,-0.4776,0.2309,7.833,6
457,Y,Y,0,0,,6
458,Y,*,-3.155,0,6.167,6
458,Y,A,-2.141,1.185,1.833,6
458,Y,C,-3.317,0,3.333,6
458,Y,D,-3.389,0,2.167,6
458,Y,E,-2.782,0.3108,2.333,6
458,Y,F,-2.61,0.4973,2.5,6
458,Y,G,-3.407,0,2.5,6
458,Y,H,-3.107,0,3,6
458,Y,I,-3.615,0,1,3
458,Y,K,-3.208,0,2,6
458,Y,L,-3.21,0,2.167,5
458,Y,M,-3.481,0,2.833,6
458,Y,N,-2.736,0.09856,4,6
458,Y,P,-3.249,0,2.333,3
458,Y,Q,-2.74,0,1.5,3
458,Y,R,-3.187,0,3,6
458,Y,S,-3.213,0,2.333,6
458,Y,T,-2.945,0,2.333,3
458,Y,V,-2.792,0.394,1.833,6
458,Y,W,-3.153,0.05665,2.167,6
458,Y,Y,0,0,,6
459,V,*,-3.089,0,0.5,3
459,V,A,-2.923,0.1219,5.833,6
459,V,C,-3.244,0,4.833,6
459,V,D,-3.166,0,5.833,6
459,V,E,-3.202,0,4.5,6
459,V,F,-3.218,0,6.833,6
459,V,G,-3.389,0,4.667,6
459,V,H,-3.16,0,6.167,6
459,V,I,-1.185,0.5411,7.167,6
459,V,K,-3.156,0,3.333,6
459,V,L,-1.974,0.09485,8.333,6
459,V,M,-1.626,0.3527,22.5,6
459,V,N,-3.162,0,4.667,6
459,V,P,-3.388,0,5.5,6
459,V,Q,-3.164,0,9,6
459,V,R,-2.984,0,1.333,5
459,V,S,-0.973,1.681,4.167,6
459,V,T,-3.274,0,6.833,6
459,V,V,0,0,,6
459,V,W,-3.171,0,5.167,6
459,V,Y,-3.205,0,6,6
460,N,A,-3.459,0,6.333,6
460,N,C,-2.971,0.2665,5.333,6
460,N,D,-2.708,1.133,3,6
460,N,E,-1.33,0.8969,4.5,6
460,N,F,-2.277,0.3815,7.667,6
460,N,G,-3.428,0,4.833,6
460,N,H,-2.371,0.3714,5.167,6
460,N,I,-2.983,0,4.5,6
460,N,K,-3.474,0,12.5,6
460,N,L,-2.172,0.3099,4.5,6
460,N,M,-2.192,0,5.333,6
460,N,N,0,0,,6
460,N,P,-3.43,0,5.167,6
460,N,Q,-2.692,0.02012,4.833,6
460,N,R,-3.121,0,5.5,6
460,N,S,-3.332,0,3.833,6
460,N,T,-3.393,0,5.333,6
460,N,V,-3.024,0,5.167,6
460,N,W,-0.254,0.1441,5.333,6
460,N,Y,-2.322,0.1711,5,6
461,K,A,-0.425,0.6669,2.667,5
461,K,C,-0.9495,0.4238,6.333,6
461,K,D,-1.45,0.8499,2.5,6
461,K,E,-2.607,0,10.67,6
461,K,F,-2.036,0.3356,4.5,6
461,K,G,-3.432,0,8.167,6
461,K,H,-2.673,0,3.167,6
461,K,I,-0.8975,1.018,2,6
461,K,K,0,0,,6
461,K,L,-3.126,0,2.833,6
461,K,M,-2.361,0.9547,4.667,6
461,K,N,-3.028,0.05367,14.5,6
461,K,P,-1.349,0.516,2.333,6
461,K,Q,-1.22,0.8484,2.833,5
461,K,R,-1.913,0.4127,5.333,6
461,K,S,-0.4857,0.3829,4.333,6
461,K,T,-1.454,0.5824,5.5,6
461,K,V,-0.5069,0.4824,5.5,6
461,K,W,-2.748,0,5.167,6
461,K,Y,-1.711,0.3492,9,6
462,Q,*,-3.181,0,13.5,6
462,Q,A,0.1004,0.5078,7,6
462,Q,C,-1.619,0.6896,3,6
462,Q,D,-0.1238,0.2832,7.667,6
462,Q,E,1.312,0.3263,5,6
462,Q,F,0.1608,0.254,9.833,6
462,Q,G,0.7587,0.368,2.833,6
462,Q,H,0.01915,1.059,3.333,6
462,Q,I,-0.2104,0.3709,6.5,6
462,Q,K,-0.9026,0.3295,15,6
462,Q,L,0.5612,0.3437,2.5,3
462,Q,M,0.3808,0.2816,4.667,6
462,Q,N,0.618,0.4408,4.667,6
462,Q,P,-1.864,0.6663,3.167,6
462,Q,Q,0,0,,6
462,Q,R,-1.461,0.4839,3.167,6
462,Q,S,-3.224,0,5,6
462,Q,T,-3.487,0,5.333,6
462,Q,V,-1.114,0.6929,1.333,3
462,Q,W,-0.0473,0.2885,2,6
462,Q,Y,-0.0334,0.6145,4.833,6
463,E,*,-3.324,0,35.67,6
463,E,-,0.6448,1.437,0.5,3
463,E,A,-0.6941,0.5259,5.333,6
463,E,C,0.2502,0.6297,5.5,6
463,E,D,-0.1193,0.2592,48.33,6
463,E,E,0,0,,6
463,E,F,-0.9994,0.3715,6.667,6
463,E,G,-1.55,0.9106,6,6
463,E,H,-0.9223,0.4128,3.5,6
463,E,I,-0.8646,0.4245,8,6
463,E,K,-3.13,0,17.33,6
463,E,L,-1.492,0.4754,6.333,6
463,E,M,-0.9711,0.584,2.333,6
463,E,N,-0.5651,1.018,4.167,6
463,E,P,-0.6909,0.7302,3.667,6
463,E,Q,-0.6842,0.4937,3.667,6
463,E,R,-1.902,0.5986,4.667,6
463,E,S,-1.174,0.6779,4,6
463,E,T,-0.7201,0.5381,2.667,6
463,E,V,-0.6842,0.5212,6.667,6
463,E,W,-0.9616,0.3613,5.5,6
463,E,Y,-1.013,0.508,7.5,6
464,G,*,-3.192,0,29.67,6
464,G,A,-3.035,0,4.5,6
464,G,C,-3.099,0,5.667,6
464,G,D,-3.327,0,7.167,6
464,G,E,-3.506,0,37.17,6
464,G,F,-3.262,0,9.833,6
464,G,G,0,0,,6
464,G,H,-3.338,0,4.833,6
464,G,I,-3.425,0,6,6
464,G,K,-3.3,0,3.5,6
464,G,L,-2.954,0.7079,2.667,6
464,G,M,-3.088,0,6.167,6
464,G,N,-3.342,0,2.5,6
464,G,P,-3.21,0,5,6
464,G,Q,-3.353,0,6.833,6
464,G,R,-3.277,0,30.5,6
464,G,S,-3.292,0,6,6
464,G,T,-3.264,0,6.167,6
464,G,V,-3.433,0,19.17,6
464,G,W,-3.497,0,7.667,6
464,G,Y,-3.411,0,4.833,6
465,K,A,0.3145,1.122,3.5,6
465,K,C,-2.247,0.2528,3.333,6
465,K,D,-0.7624,0.571,6.333,6
465,K,E,-0.397,0.342,8.5,6
465,K,F,-0.0831,0.7778,4.5,6
465,K,G,-0.296,0.678,4.5,6
465,K,H,-0.03258,0.1866,7.167,6
465,K,I,-1.356,0.8982,3,6
465,K,K,0,0,,6
465,K,L,-1.414,0.5829,6.167,6
465,K,M,0.1201,0.1913,4.667,6
465,K,N,-0.141,0.3245,5.667,6
465,K,P,-1.307,0.5746,1.5,6
465,K,Q,0.4079,0.364,5.333,6
465,K,R,-0.7122,0.4356,6.5,6
465,K,S,0.2233,0.3772,2.667,6
465,K,T,-0.03044,0.2909,4,6
465,K,V,-0.6404,0.268,4.167,6
465,K,W,0.369,0.2498,5,6
465,K,Y,-0.2331,0.2939,4.833,6
466,S,A,0.501,0.4953,4.5,6
466,S,C,-0.8496,0.2783,1.5,6
466,S,D,-2.197,0.1542,6.667,6
466,S,E,-1.228,0.7265,3,6
466,S,F,-1.415,0.6154,15,6
466,S,G,-1.28,0.5404,5.167,6
466,S,H,-0.3765,0.422,5.833,6
466,S,I,-0.4273,0.8899,3,6
466,S,K,-2.837,0,3.5,6
466,S,L,-2.542,0,6.167,6
466,S,M,-0.7525,0.5713,4.5,6
466,S,N,0.2508,0.8263,3,6
466,S,P,-0.5493,0.7578,6.333,6
466,S,Q,0.2227,0.3465,7.167,6
466,S,R,-3.24,0,4.667,6
466,S,S,0,0,,6
466,S,T,-1.175,0.4433,6.833,6
466,S,V,0.4135,0.4476,6,6
466,S,W,-1.41,0.3857,8.333,6
466,S,Y,-1.757,0.6021,11.5,6
467,L,A,-1.124,0.3563,1.833,6
467,L,C,-0.4628,0.9151,6,6
467,L,D,-0.9006,0.3861,3,6
467,L,E,-0.2583,0.4276,4.167,6
467,L,F,-1.042,0.4134,1.667,5
467,L,G,-2.479,0.1129,3.333,6
467,L,H,0.02387,0.2112,1,3
467,L,I,0.02552,0.4108,1.333,3
467,L,K,-1.01,0.4883,2.833,6
467,L,L,0,0,,6
467,L,M,-0.1165,0.1527,37.83,6
467,L,N,0.1913,0.6572,1.5,6
467,L,P,-3.099,0,8.333,6
467,L,Q,-0.5161,0.6047,4,6
467,L,R,-2.464,0.5284,2.333,5
467,L,S,-0.7702,0.4268,3.167,6
467,L,T,-0.7772,0.3366,3,6
467,L,V,-0.4448,0.8479,3.667,6
467,L,W,0.08163,0.4015,4.5,6
467,L,Y,-0.4599,0.7057,2.833,6
468,Y,*,-3.41,0,5.833,6
468,Y,A,-3.106,0,2.833,6
468,Y,C,-3.152,0,5.5,6
468,Y,D,-3.103,0.3645,4.667,6
468,Y,E,-3.283,0,3.667,6
468,Y,F,-0.2918,0.2023,4.5,6
468,Y,G,-3.117,0,2.333,5
468,Y,H,-3.26,0,5,6
468,Y,I,-1.651,0.3475,5.167,6
468,Y,K,-2.128,0.01643,3.5,6
468,Y,L,-2.439,0.1847,4.667,6
468,Y,M,-1.567,0.4406,5.833,6
468,Y,N,-3.211,0.2385,3.833,6
468,Y,P,-3.029,0,6.5,6
468,Y,Q,-3.222,0,1.667,6
468,Y,R,-3.145,0.2937,3.5,6
468,Y,S,-3.249,0,5,6
468,Y,T,-3.22,0,5.333,6
468,Y,V,-1.22,0.3922,6.833,6
468,Y,W,-2.455,0.2925,5.333,6
468,Y,Y,0,0,,6
469,V,A,-1.579,0.9727,5.833,6
469,V,C,-2.007,0.4617,6.333,6
469,V,D,-3.021,0.2106,4.667,6
469,V,E,-2.047,0.08064,7,6
469,V,F,-1.119,0.6958,4.833,6
469,V,G,-2.896,0.09205,4.833,6
469,V,H,-0.6144,0.9879,3.333,6
469,V,I,-0.1612,0.5958,4.5,6
469,V,K,-1.823,0.3848,5.5,6
469,V,L,-0.9993,0.5648,10,6
469,V,M,-1.105,0.2202,20.17,6
469,V,N,-0.7161,0.4041,4.333,6
469,V,P,-3.065,0.8274,4,6
469,V,Q,-1.105,0.5958,7,6
469,V,R,-1.092,0.8527,2.5,6
469,V,S,-2.343,0.1111,5.333,6
469,V,T,-1.662,0.5649,2.667,6
469,V,V,0,0,,6
469,V,W,-1.453,0.4053,2.5,6
469,V,Y,-0.2816,0.7472,2.167,6
470,K,A,-0.5337,0.2752,4.833,6
470,K,C,-1.452,1.301,3.167,6
470,K,D,-0.0404,0.7086,5.667,6
470,K,E,-0.05815,0.3591,8.5,6
470,K,F,-1.308,0.7489,3.333,6
470,K,G,-0.5437,0.3873,8.667,6
470,K,H,0.1957,0.4408,2.5,6
470,K,I,1.04,0.3931,2.333,6
470,K,K,0,0,,6
470,K,L,-0.3823,0.3575,4.5,6
470,K,M,0.5545,0.5767,7.167,6
470,K,N,0.3162,0.5488,6.167,6
470,K,P,-0.7992,0.3827,3.667,6
470,K,Q,-0.7632,0.5295,5.167,6
470,K,R,-0.04805,0.5728,4.833,6
470,K,S,0.221,0.4154,7.5,6
470,K,T,-0.0611,1.08,4.833,6
470,K,V,-0.03915,0.4478,5.667,6
470,K,W,-0.8746,0.4461,8,6
470,K,Y,-0.07815,0.482,4.833,6
471,G,*,-3.231,0,23,6
471,G,A,-1.003,0.3408,3.667,6
471,G,C,-3.208,0,5.167,6
471,G,D,-3.245,0,5.833,6
471,G,E,-3.269,0,23.83,6
471,G,F,-3.351,0,4.5,6
471,G,G,0,0,,6
471,G,H,-3.412,0,3.333,6
471,G,I,-3.077,0,5.833,6
471,G,K,-2.941,0,8,6
471,G,L,-3.232,0,3.833,6
471,G,M,-3.288,0,3,6
471,G,N,-3.222,0,7,6
471,G,P,-3.213,0,4.333,6
471,G,Q,-2.47,0,7.5,6
471,G,R,-3.245,0,21.67,6
471,G,S,-0.8517,0.7123,6.667,6
471,G,T,-3.352,0,5.333,6
471,G,V,-3.34,0,23.33,6
471,G,W,-2.531,1.053,3.5,6
471,G,Y,-3.28,0,5.167,6
472,E,*,-3.233,0,17,6
472,E,A,-0.8896,0.5572,4.667,6
472,E,C,-1.332,0.5255,7.167,6
472,E,D,-0.06422,0.9156,3.333,5
472,E,E,0,0,,6
472,E,F,-0.2859,0.8966,4,6
472,E,G,-1.377,0.3718,8,6
472,E,H,-0.6317,0.3146,5,6
472,E,I,-0.987,0.1042,8,6
472,E,K,-0.9101,0.2465,33,6
472,E,L,-0.5313,0.5777,4.5,6
472,E,M,0.3208,0.6226,6,6
472,E,N,-0.1168,0.3784,5.167,6
472,E,P,-1.623,0.3875,5.5,6
472,E,Q,0.08689,0.6083,6,6
472,E,R,-1.762,0.3156,4.333,6
472,E,S,-0.445,0.4105,6,6
472,E,T,-0.8317,0.7342,9,6
472,E,V,-0.2204,0.6633,4.167,6
472,E,W,-1.52,0.3104,8.5,6
472,E,Y,-0.4065,0.1868,4.333,6
473,P,A,-0.7841,0.5377,7.167,6
473,P,C,-3.174,0,6.333,6
473,P,D,-3.356,0,7.5,6
473,P,E,-1.568,0.7482,3.333,6
473,P,F,-3.503,0,6.333,6
473,P,G,-3.216,0,3.667,5
473,P,H,-3.109,0,16.67,6
473,P,I,-3.49,0,6.833,6
473,P,K,-3.154,0,5.333,6
473,P,L,-3.446,0,17.67,6
473,P,M,-3.188,0.2575,5.667,6
473,P,N,-2.955,0,3.5,6
473,P,P,0,0,,6
473,P,Q,-3.412,0,6.833,6
473,P,R,-3.12,0,7.667,6
473,P,S,-3.236,0,16.83,6
473,P,T,-3.077,0,7,6
473,P,V,-3.252,0,3.5,6
473,P,W,-3.359,0,7.667,6
473,P,Y,-3.276,0,6.5,6
474,I,A,-3.417,0,7.833,6
474,I,C,-3.277,0,6,6
474,I,D,-3.376,0,5.333,6
474,I,E,-3.389,0,6.167,6
474,I,F,-2.222,0.8769,3.167,6
474,I,G,-3.466,0,5,6
474,I,H,-2.878,0.1836,4,6
474,I,I,0,0,,6
474,I,K,-3.337,0,6.333,6
474,I,L,-3.237,0,8,6
474,I,M,-2.93,0,7.5,6
474,I,N,-3.234,0,7.333,6
474,I,P,-3.138,0,5,6
474,I,Q,-3.466,0,4.333,6
474,I,R,-3.162,0,4.333,6
474,I,S,-3.206,0,6.833,6
474,I,T,-3.042,0,5.667,6
474,I,V,-1.063,0.6372,7.667,6
474,I,W,-3.343,0,3.333,6
474,I,Y,-3.274,0,5,6
475,I,A,-3.33,0,7.167,6
475,I,C,-3.21,0,4.5,6
475,I,D,-3.255,0,6.5,6
475,I,E,-3.237,0,7.667,6
475,I,F,-3.459,0,8,6
475,I,G,-3.139,0,5.167,6
475,I,H,-3.024,0,7,6
475,I,I,0,0,,6
475,I,K,-3.084,0,1.833,3
475,I,L,-1.784,0.8284,3.167,6
475,I,M,-3.288,0,3.5,6
475,I,N,-3.473,0,5.167,6
475,I,P,-3.262,0,5.5,6
475,I,Q,-2.985,0.1461,3.833,6
475,I,R,-3.286,0,2.833,6
475,I,S,-3.274,0,3.5,6
475,I,T,-3.232,0,7.5,6
475,I,V,-2.357,0.1475,4.833,6
475,I,W,-3.348,0,4.333,6
475,I,Y,-3.324,0,5.5,6
476,N,A,-0.5668,0.7424,3.833,6
476,N,C,-2.077,0.1534,7,6
476,N,D,-0.2545,0.8684,5.333,6
476,N,E,-0.778,0.303,6.167,6
476,N,F,-0.5683,0.8123,4.833,6
476,N,G,-0.3145,0.7128,7,6
476,N,H,-0.1124,0.9773,4.167,6
476,N,I,-0.9032,0.6174,6.667,6
476,N,K,-0.4821,0.2229,8.167,6
476,N,L,-1.337,0.8109,5.667,6
476,N,M,-0.6525,0.3109,4,6
476,N,N,0,0,,6
476,N,P,-3.309,0,3.5,6
476,N,Q,-0.06531,0.6835,5.5,6
476,N,R,-0.1817,1.136,3.5,6
476,N,S,-0.2062,0.4241,5.5,6
476,N,T,-1.024,0.8176,6,6
476,N,V,-0.745,0.6758,4.667,6
476,N,W,-1.165,0.2725,8.167,6
476,N,Y,-0.1616,0.2623,4,6
477,F,A,-1.74,0.1888,4.833,6
477,F,C,-1.887,0.7281,2,6
477,F,D,-3.315,0,3.833,6
477,F,E,-3.09,0,3.667,6
477,F,F,0,0,,6
477,F,G,-2.275,0,5.167,6
477,F,H,-0.7956,0.4683,4.333,6
477,F,I,-1.565,1.208,6.167,6
477,F,K,-2.221,0.4149,6.667,6
477,F,L,-1.167,0.4375,14,6
477,F,M,-1.414,0.6476,6,6
477,F,N,-1.456,0.3806,5,6
477,F,P,-3.371,0,8.333,6
477,F,Q,-2.359,0.3122,2,6
477,F,R,-2.723,0.275,4.833,6
477,F,S,-1.719,0.3828,5.833,6
477,F,T,-2.78,0,3.5,6
477,F,V,-1.975,0.3705,3.333,6
477,F,W,-0.3508,0.8956,8.333,6
477,F,Y,-0.2707,0.854,8.5,6
478,Y,*,-3.17,0.03056,3.167,6
478,Y,A,-3.386,0,4.333,6
478,Y,C,-3.059,0,4.833,6
478,Y,D,-2.423,1.376,4.167,6
478,Y,E,-3.417,0,6.333,6
478,Y,F,-2.539,0.571,3.833,6
478,Y,G,-3.298,0,4.5,6
478,Y,H,-3.463,0,7.667,6
478,Y,I,-3.416,0,2.333,6
478,Y,K,-3.341,0,6.333,6
478,Y,L,-3.452,0,6.167,6
478,Y,M,-3.446,0,3.167,6
478,Y,N,-3.34,0,7.833,6
478,Y,P,-2.845,0.2683,3.333,6
478,Y,Q,-3.464,0,7.667,6
478,Y,R,-3.224,0,5.5,6
478,Y,S,-3.27,0,3.167,6
478,Y,T,-2.876,0,5.667,6
478,Y,V,-3.401,0,3.833,6
478,Y,W,-3.171,0,6.5,6
478,Y,Y,0,0,,6
479,D,A,-3.375,0,3.833,6
479,D,C,-2.97,0.1796,2.667,6
479,D,D,0,0,,6
479,D,E,-1.393,0.4262,4,6
479,D,F,-3.221,0,5.5,6
479,D,G,-3.438,0,6.167,6
479,D,H,-3.385,0,5.667,6
479,D,I,-3.397,0,7.167,6
479,D,K,-1.842,1.5,2.833,6
479,D,L,-3.264,0,5.833,6
479,D,M,-2.809,0,1.333,3
479,D,N,-0.9004,0.204,23.33,6
479,D,P,-2.255,0.3025,3.333,6
479,D,Q,-3,0.8692,5.333,6
479,D,R,-3.276,0,3.667,6
479,D,S,-1.514,0.7046,5.5,6
479,D,T,-3.351,0,2,6
479,D,V,-3.465,0,3.5,6
479,D,W,-3.248,0,8.833,6
479,D,Y,-3.342,0,14.33,6
480,P,A,-0.1114,0.4765,5.5,6
480,P,C,-3.067,0,6.5,6
480,P,D,-3.425,0,5.5,6
480,P,E,-3.269,0,5,6
480,P,F,-3.223,0,5.333,6
480,P,G,-3.381,0,4.833,6
480,P,H,-2.459,0.1218,17.67,6
480,P,I,-1.385,0.485,6.333,6
480,P,K,-1.393,0.4648,4.5,6
480,P,L,-2.867,0.0641,14.33,6
480,P,M,-2.358,0.1273,6.167,6
480,P,N,-3.006,0.02199,5.167,6
480,P,P,0,0,,6
480,P,Q,-2.167,0.3021,4.333,6
480,P,R,-1.333,0.3631,7.333,6
480,P,S,-1.89,0.3359,11.67,6
480,P,T,-2.633,0.02162,14,6
480,P,V,-0.5437,0.2897,7.167,6
480,P,W,-3.199,0,4.833,6
480,P,Y,-2.541,0.03354,8,6
481,L,A,-0.01103,0.3251,10,6
481,L,C,-1.06,0.5033,5.333,6
481,L,D,0.03181,0.7166,6,6
481,L,E,-0.4025,0.1372,4.833,6
481,L,F,0.3174,0.487,3.333,6
481,L,G,-0.06526,0.8782,4.5,6
481,L,H,-0.6169,0.423,6.333,6
481,L,I,-0.2785,0.8958,3.833,6
481,L,K,-1.889,0.6637,2.833,6
481,L,L,0,0,,6
481,L,M,0.2474,0.2479,16.67,6
481,L,N,-0.1741,0.2978,7.833,6
481,L,P,-1.76,0.6399,10.67,6
481,L,Q,0.2777,0.9554,6.167,6
481,L,R,-0.4042,0.2962,8.333,6
481,L,S,0.901,0.6398,3.5,6
481,L,T,0.151,0.3146,4.833,6
481,L,V,0.2766,0.3977,6.333,6
481,L,W,0.521,0.5189,5,6
481,L,Y,0.4917,0.4024,6.833,6
482,V,A,-3.312,0,7,6
482,V,C,-1.843,0.3904,8.667,6
482,V,D,-3.39,0,4.333,6
482,V,E,-3.062,0.01043,2.333,6
482,V,F,0.4162,1.106,5.333,6
482,V,G,-3.321,0,5.5,6
482,V,H,0.0782,0.5488,4.333,6
482,V,I,-0.2931,0.2379,6.333,6
482,V,K,-1.106,1.609,2,6
482,V,L,-0.4731,1.111,9.667,6
482,V,M,0.0871,0.3666,16.17,6
482,V,N,-1.732,0.3087,4,6
482,V,P,-3.151,0,4,6
482,V,Q,-2.809,0.1398,4.167,6
482,V,R,-3.473,0,4,6
482,V,S,-2.583,0.1461,5,6
482,V,T,-1.764,0.1854,4.167,6
482,V,V,0,0,,6
482,V,W,0.4727,0.1872,4.167,6
482,V,Y,0.5884,0.779,3.5,6
483,F,A,-3.391,0,4.167,6
483,F,C,-2.568,0.2571,2.5,6
483,F,D,-3.351,0.04547,1,6
483,F,E,-3.138,0,5.167,6
483,F,F,0,0,,6
483,F,G,-3.144,0,2.333,6
483,F,H,-2.94,0,1.5,3
483,F,I,-3.098,0.2672,4.333,6
483,F,K,-3.373,0,8,6
483,F,L,-3.488,0,18.33,6
483,F,M,-3.281,0,8.167,6
483,F,N,-3.069,0.1375,1.167,6
483,F,P,-3.345,0.005217,2,6
483,F,Q,-3.216,0,3.833,6
483,F,R,-3.368,0,14,6
483,F,S,-3.588,0,3,3
483,F,T,-3.135,1.287,2.333,6
483,F,V,-3.199,0,3.833,6
483,F,W,-3.181,0,3.167,3
483,F,Y,-0.1877,0.572,2.333,6
484,P,A,-3.327,0.05329,4.833,6
484,P,C,-3.107,0.2143,6.167,6
484,P,D,-3.449,0,3,6
484,P,E,-3.196,0,4.167,6
484,P,F,-3.194,0,3,6
484,P,G,-3.363,0,2.833,6
484,P,H,-3.499,0,27.17,6
484,P,I,-3.459,0,7,6
484,P,K,-3.393,0,3.333,6
484,P,L,-3.308,0,17.83,6
484,P,M,-0.7555,1.725,3.833,6
484,P,N,-3.526,0,2.5,6
484,P,P,0,0,,6
484,P,Q,-3.208,0,3.5,6
484,P,R,-3.2,0,4.167,6
484,P,S,-3.486,0,12.67,6
484,P,T,-3.407,0,26.33,6
484,P,V,-3.449,0,4.333,6
484,P,W,-3.411,0,4.667,6
484,P,Y,-3.462,0,2.333,6
485,S,A,-0.5141,0.1268,0.5,3
485,S,C,-1.782,0.1492,0.5,3
485,S,D,-2.125,0.7924,0.5,3
485,S,E,1.168,0.223,0.5,3
485,S,G,0.9964,0.6809,4,6
485,S,I,-0.3036,0.3215,19,6
485,S,K,-1.803,0.2015,0.3333,2
485,S,L,-1.208,1.005,1.333,6
485,S,M,-0.6363,1.272,1.5,6
485,S,N,-2.109,0.2216,12.5,6
485,S,P,-2.457,0.1483,0.8333,5
485,S,Q,-3.142,0,0.1667,1
485,S,R,-3.35,0,5.833,6
485,S,S,0,0,,6
485,S,T,0.5759,0.5084,2,3
485,S,W,-1.559,0.6441,0.8333,5
485,S,Y,-0.7374,0.09335,0.3333,2
486,D,A,1.064,0.8379,3,6
486,D,C,-1.753,0.2708,0.5,3
486,D,D,0,0,,6
486,D,E,-3.413,0,4.667,6
486,D,F,-2.876,0,3.5,6
486,D,G,1.269,0.4853,4,6
486,D,H,-0.9347,0.4599,2.333,6
486,D,I,-0.8013,0.6129,1.333,3
486,D,K,-0.7149,1.65,1.5,6
486,D,L,0.137,0.3401,3.833,6
486,D,M,-1.034,0.4857,0.6667,4
486,D,N,0.0758,0.6609,20.5,6
486,D,P,-3.317,0.712,1.667,6
486,D,Q,-1.287,1.273,2.833,6
486,D,R,-0.644,0.4734,3.333,6
486,D,S,0.346,0.4908,4,6
486,D,T,-0.7167,0.4007,2.333,6
486,D,V,-0.864,0.322,6.167,6
486,D,W,-3.111,0.1051,1.5,6
486,D,Y,-3.208,0,9.5,6
487,E,*,-3.502,0,10.17,6
487,E,A,-0.3527,0.234,7.5,6
487,E,C,-0.4629,0.298,4.333,6
487,E,D,-2.314,0.3966,13,6
487,E,E,0,0,,6
487,E,F,-0.974,0.5295,12,6
487,E,G,0.02818,0.5841,5,6
487,E,H,-1.558,0.2842,5.333,6
487,E,I,0.04113,0.7691,10.33,6
487,E,K,-2.01,0.2938,21.83,6
487,E,L,0.058,0.3799,2.167,3
487,E,M,-0.8133,0.7429,5.333,6
487,E,N,-2.152,0.344,8.833,6
487,E,P,-2.857,0,4.833,6
487,E,Q,-0.0402,1.101,3.833,6
487,E,R,-1.812,0.351,7.5,6
487,E,S,-0.3437,0.2474,9.833,6
487,E,T,-0.1587,0.5751,9.167,6
487,E,V,-1.123,0.5613,3.5,6
487,E,W,-1.316,0.9365,3.333,6
487,E,Y,0.4599,0.2237,2.5,6
488,F,A,-3.496,0,7.333,6
488,F,C,-3.225,0,7.667,6
488,F,D,-3.434,0,13.17,6
488,F,E,-3.167,0,9,6
488,F,F,0,0,,6
488,F,G,-3.131,0,5,6
488,F,H,-1.598,0.3136,11.17,6
488,F,I,-1.649,0.336,6.667,6
488,F,K,-1.323,0.3635,11.33,6
488,F,L,-1.44,0.3051,22.33,6
488,F,M,-1.268,0.4578,8.167,6
488,F,N,-3.042,0,16.17,6
488,F,P,-3.259,0,13.83,6
488,F,Q,-0.8093,0.6302,9.667,6
488,F,R,-1.345,0.5117,9,6
488,F,S,-3.018,0,14.33,6
488,F,T,-2.76,0.1655,9,6
488,F,V,-3.111,0,10.67,6
488,F,W,-1.209,0.7243,5.167,6
488,F,Y,-1.775,0.5279,4.667,6
489,D,A,-2.637,0,5.167,6
489,D,C,-2.893,0,9.5,6
489,D,D,0,0,,6
489,D,E,-3.413,0,9.5,6
489,D,F,-1.798,0.3465,4.167,6
489,D,G,-2.858,0.1137,3.5,6
489,D,H,-1.873,0.6704,4.5,6
489,D,I,-3.113,0,9,6
489,D,K,-2.918,0,4.333,6
489,D,L,-3.065,0,9.333,6
489,D,M,-2.875,0,14,6
489,D,N,-3.51,0,25.67,6
489,D,P,-1.135,0.4336,7,6
489,D,Q,-1.673,0.4763,4.833,6
489,D,R,-2.907,0,14.17,6
489,D,S,-3.106,0,12.17,6
489,D,T,-2.283,0.1379,10.67,6
489,D,V,-2.678,0,8,6
489,D,W,-2.905,0,14.33,6
489,D,Y,-2.078,0.23,10.67,6
490,A,A,0,0,,6
490,A,C,-0.1058,0.3877,6,6
490,A,D,-3.236,0,17.83,6
490,A,E,-3.194,0,3.833,6
490,A,F,-3.3,0,4,6
490,A,G,-0.653,0.4803,5.667,6
490,A,H,-3.239,0,6.833,6
490,A,I,-3.007,0.3384,3.5,6
490,A,K,-3.306,0,6.667,6
490,A,L,-3.403,0,4.833,6
490,A,M,-2.843,0,5.333,6
490,A,N,-2.563,0.06617,4,6
490,A,P,-3.292,0,2.833,6
490,A,Q,-3.137,0,5,6
490,A,R,-3.385,0,5.333,6
490,A,S,0.08071,0.2881,14.5,6
490,A,T,-1.326,0.3723,15.83,6
490,A,V,-2.526,0.8959,12,6
490,A,W,-3.326,0,3.5,6
490,A,Y,-3.125,0,3.833,6
491,S,A,-3.385,0,5,6
491,S,C,-3.433,0,4.667,6
491,S,D,-3.342,0,5,6
491,S,E,-3.499,0,2.5,6
491,S,F,-3.411,0,12.33,6
491,S,G,-3.204,0,5.333,6
491,S,H,-3.253,0,7.167,6
491,S,I,-3.309,0,4.333,6
491,S,K,-3.396,0,4.5,6
491,S,L,-3.082,0,3.5,6
491,S,M,-3.37,0,2.667,6
491,S,N,-3.46,0,6.333,6
491,S,P,-3.354,0,9,6
491,S,Q,-3.284,0,1.333,6
491,S,R,-3.311,0,4.333,6
491,S,S,0,0,,6
491,S,T,-2.641,0.2856,4,6
491,S,V,-3.367,0,1.5,6
491,S,W,-3.075,0.1241,1.833,6
491,S,Y,-3.51,0,14.33,6
492,I,A,-3.163,0,5.333,6
492,I,C,-2.896,0,6.167,6
492,I,D,-3.367,0,4.167,6
492,I,E,-3.455,0,5.167,6
492,I,F,-3.115,0,5,6
492,I,G,-1.502,1.494,1.333,6
492,I,H,-2.176,1.295,4.5,6
492,I,I,0,0,,6
492,I,K,-3.405,0,3.333,6
492,I,L,-3.392,0,6.5,6
492,I,M,-2.478,0.1055,4.667,6
492,I,N,-3.361,0,3,6
492,I,P,-3.402,0,4.167,6
492,I,Q,-3.425,0,5.5,6
492,I,R,-3.238,0,4.333,6
492,I,S,-3.264,0,3.833,6
492,I,T,-3.254,0,5.333,6
492,I,V,-1.393,0.5537,4.833,6
492,I,W,-3.248,0,5.333,6
492,I,Y,-3.454,0,4.333,6
493,S,A,1.069,0.3547,6,6
493,S,C,-0.7681,0.5997,5.333,6
493,S,D,0.4999,0.4316,5,6
493,S,E,0.1967,0.507,5.333,6
493,S,F,-1.198,0.571,14.67,6
493,S,G,-1.264,0.3057,10.5,6
493,S,H,-2.003,0.3706,5,6
493,S,I,-1.539,0.4419,2.5,6
493,S,K,-1.667,0.5805,5.167,6
493,S,L,-0.6406,0.2144,8,6
493,S,M,-1.044,0.6265,5,6
493,S,N,0.2016,0.6763,5.5,6
493,S,P,-3.306,0,7.167,6
493,S,Q,-0.2878,1.121,5,6
493,S,R,-1.584,0.2661,3.5,6
493,S,S,0,0,,6
493,S,T,-1.409,0.3643,4.333,6
493,S,V,-1.338,0.6244,6,6
493,S,W,-2.359,0,3.5,3
493,S,Y,-0.3161,0.4296,9.833,6
494,Q,*,-3.461,0,11.83,6
494,Q,A,-2.824,0.1949,3.333,6
494,Q,C,-3.12,0,7,6
494,Q,D,-3.413,0,6.5,6
494,Q,E,-1.983,0.334,5.667,6
494,Q,F,-2.457,0.265,4.667,6
494,Q,G,-3.34,0,3.833,6
494,Q,H,-2.727,0,30.83,6
494,Q,I,-2.168,0.8445,5,6
494,Q,K,-3.237,0,18.83,6
494,Q,L,0.6029,1.493,1.333,3
494,Q,M,-0.9631,0.2522,4.333,6
494,Q,N,-3.249,0,8.5,6
494,Q,P,-3.513,0,7.833,6
494,Q,Q,0,0,,6
494,Q,R,-2.742,0,13.83,6
494,Q,S,-0.3075,0.4709,5,6
494,Q,T,-1.072,0.4362,3.333,6
494,Q,V,-0.5421,0.4901,2.667,6
494,Q,W,-1.442,0.5496,2.833,6
494,Q,Y,-2.62,0,4.833,6
495,V,A,-3.369,0,3.833,6
495,V,C,-2.976,0,6.167,6
495,V,D,-3.333,0,4,6
495,V,E,-3.38,0,6.333,6
495,V,F,-3.444,0,3.5,6
495,V,G,-2.02,0.7427,1.833,6
495,V,H,-3.425,0,3,6
495,V,I,0.00685,0.8137,3.333,6
495,V,K,-3.043,0,5.167,6
495,V,L,-2.222,0.1148,9,6
495,V,M,-3.47,0,12,6
495,V,N,-3.425,0,5.5,6
495,V,P,-3.42,0,6,6
495,V,Q,-3.474,0,5.5,6
495,V,R,-3.136,0,4.5,6
495,V,S,-3.414,0,4.5,6
495,V,T,-3.34,0,1.5,6
495,V,V,0,0,,6
495,V,W,-3.473,0,6.667,6
495,V,Y,-3.125,0,3.667,6
496,N,A,-1.183,0.5597,4.167,6
496,N,C,-2.224,0.2237,4.667,6
496,N,D,-0.7084,0.5731,1.5,3
496,N,E,0.2366,0.5241,4,6
496,N,F,-1.386,0.5618,7.5,6
496,N,G,-2.426,0.2468,3.333,6
496,N,H,-0.7649,0.4622,2.667,6
496,N,I,-2.812,0.2203,4.833,6
496,N,K,-2.34,0.2789,12,6
496,N,L,-1.979,0.7218,1,6
496,N,M,-1.55,0.4855,4.5,6
496,N,N,0,0,,6
496,N,P,-3.366,0,4,6
496,N,Q,-1.194,0.6451,5.667,6
496,N,R,-1.927,0.312,4,6
496,N,S,-0.8402,0.6564,5,6
496,N,T,-1.433,0.7411,4.833,6
496,N,V,-2.782,0,4,6
496,N,W,-0.4854,0.4439,5.333,6
496,N,Y,-0.3366,0.8637,6,6
497,E,*,-3.3,0,23.5,6
497,E,A,-1.418,0.7063,5.333,6
497,E,C,-2.976,0,4.167,6
497,E,D,-0.9559,0.4168,16.17,6
497,E,E,0,0,,6
497,E,F,-1.968,0.1655,2,6
497,E,G,-2.338,0.2369,5.667,6
497,E,H,-0.799,0.342,4.833,6
497,E,I,-1.819,0.3498,5,6
497,E,K,-3.261,0,22.17,6
497,E,L,-2.214,0.06634,7,6
497,E,M,-2.154,0.1667,5.667,6
497,E,N,-1.966,0.3308,3.5,6
497,E,P,-3.369,0,6.667,6
497,E,Q,-1.393,0.4227,6.333,6
497,E,R,-3.053,0,3.333,6
497,E,S,-1.199,0.4141,4.667,6
497,E,T,-1.825,0.2852,3.167,6
497,E,V,-1.916,0.3273,6,6
497,E,W,-1.727,0.4536,4.333,6
497,E,Y,-0.9571,1.054,3.5,6
498,K,A,-3.185,0,5,6
498,K,C,-3.25,0,5.667,6
498,K,D,-3.321,0,3.333,6
498,K,E,-3.251,0,8.167,6
498,K,F,-2.443,0.5246,6.667,6
498,K,G,-3.222,0,4.5,6
498,K,H,-3.296,0,6,6
498,K,I,-1.475,0.4817,3,6
498,K,K,0,0,,6
498,K,L,-1.273,0.766,4,6
498,K,M,-2.918,0.5542,6.333,6
498,K,N,-3.452,0,14.33,6
498,K,P,-3.482,0,8.5,6
498,K,Q,-2.623,0.1976,1.5,5
498,K,R,-2.503,0.004099,8.167,6
498,K,S,-3.468,0,6.667,6
498,K,T,-3.466,0,5.5,6
498,K,V,-3.354,0,5,6
498,K,W,-3.454,0,4.333,6
498,K,Y,-3.434,0,2.5,6
499,I,A,-3.075,0.583,3.5,6
499,I,C,-3.388,0,5,6
499,I,D,-3.181,0,5,6
499,I,E,-3.186,0,4.5,6
499,I,F,-3.474,0,6.167,6
499,I,G,-3.343,0,3.833,6
499,I,H,-3.311,0,2.833,6
499,I,I,0,0,,6
499,I,K,-3.316,0,4.333,6
499,I,L,-3.135,0.1334,2.167,6
499,I,M,-2.29,0.5658,5,6
499,I,N,-3.439,0,5.333,6
499,I,P,-3.416,0,8.333,6
499,I,Q,-3.394,0,2.833,6
499,I,R,-3.22,1.011,2,4
499,I,S,-3.442,0,4,6
499,I,T,-3.479,0,6.833,6
499,I,V,-1.934,0.1006,4.333,6
499,I,W,-3.481,0,3.333,6
499,I,Y,-3.021,0,4.333,6
500,N,A,-2.788,0.1867,4.333,6
500,N,C,-2.55,0.1766,4,6
500,N,D,-3.213,0,4.333,6
500,N,E,-2.588,0.1416,6.5,6
500,N,F,-3.322,0,5.333,6
500,N,G,-3.081,0,3.167,6
500,N,H,-3.145,0,5.5,6
500,N,I,-3.396,0,8.5,6
500,N,K,-3.264,0,11.17,6
500,N,L,-2.933,0,2.333,6
500,N,M,-3.412,0,8.333,6
500,N,N,0,0,,6
500,N,P,-3.42,0,6,6
500,N,Q,-2.648,0.002236,6.833,6
500,N,R,-3.138,1.218,3.667,5
500,N,S,-3.349,0,5.833,6
500,N,T,-3.22,0,3.833,6
500,N,V,-3.111,0.7186,2.5,6
500,N,W,-3.444,0,6.5,6
500,N,Y,-3.191,0,4.5,6
501,Q,*,-2.519,0.4104,13.83,6
501,Q,A,-1.059,0.5149,3.167,6
501,Q,C,-2.74,0,5.167,6
501,Q,D,-1.633,0.2305,5,6
501,Q,E,-1.636,0.2574,4.167,6
501,Q,F,-0.2,0.5076,3.833,6
501,Q,G,-0.9708,1.338,2.5,6
501,Q,H,-0.778,0.3984,15.67,6
501,Q,I,-1.622,0.5807,3,6
501,Q,K,-1.452,0.7843,17.33,6
501,Q,L,-1.173,0.4957,5.667,6
501,Q,M,-0.08796,0.1633,5.167,6
501,Q,N,-0.7793,0.2061,5.5,6
501,Q,P,-3.449,0,3.333,6
501,Q,Q,0,0,,6
501,Q,R,-0.1531,0.3483,9.333,6
501,Q,S,-1.546,0.3993,7,6
501,Q,T,-0.9788,0.621,5,6
501,Q,V,-1.02,0.3743,4.833,6
501,Q,W,0.03553,0.3158,5.5,6
501,Q,Y,-0.7366,0.8988,6.167,6
502,S,A,-3.032,0,5.667,6
502,S,C,-3.369,0,5.167,6
502,S,D,-3.445,0,2,6
502,S,E,-3.492,0,5.667,6
502,S,F,-3.402,0,4.667,6
502,S,G,-3.426,0,4.333,6
502,S,H,-3.144,0,3.5,6
502,S,I,-3.405,0,19.83,6
502,S,K,-3.323,0.414,5.333,6
502,S,L,-3.17,1.379,3.167,6
502,S,M,-2.819,0.1337,2,6
502,S,N,-3.259,0,11.83,6
502,S,P,-3.444,0,5.5,6
502,S,Q,-2.979,0,3,6
502,S,R,-3.223,0,13.17,6
502,S,S,0,0,,6
502,S,T,0.7722,0.3347,5.5,6
502,S,V,-3.258,0,6.833,6
502,S,W,-3.253,0,5,6
502,S,Y,-3.277,0,5.667,6
503,L,A,-3.142,0,3.667,6
503,L,C,-3.115,0,2.5,6
503,L,D,-3.43,0,4.333,6
503,L,E,-3.171,0.02087,6.667,6
503,L,F,-3.325,0,3,6
503,L,G,-3.365,0,5.667,6
503,L,H,-3.069,0,8,6
503,L,I,-0.5712,0.6732,4.5,6
503,L,K,-2.822,0,7.833,6
503,L,L,0,0,,6
503,L,M,-1.67,0.2393,21.17,6
503,L,N,-2.699,0.2195,4.833,6
503,L,P,-3.427,0,6.833,6
503,L,Q,-3.022,0,6,6
503,L,R,-2.354,0.05888,6.5,6
503,L,S,-3.408,0,3,6
503,L,T,-2.992,0,3,6
503,L,V,-1.119,0.3244,6.667,6
503,L,W,-1.254,0.2448,8.167,6
503,L,Y,-0.816,0.5362,3.333,6
504,A,A,0,0,,6
504,A,C,-3.181,0,5.5,6
504,A,D,-1.063,0.4856,19.17,6
504,A,E,-0.4616,0.2882,5.667,6
504,A,F,-0.3887,0.8571,4.167,6
504,A,G,-1.075,0.4234,3.667,6
504,A,H,-0.9569,0.5431,6.667,6
504,A,I,-1.225,0.8327,3.167,6
504,A,K,-0.5482,0.746,4,6
504,A,L,-1.708,0.2942,5.667,6
504,A,M,0.373,0.6818,6.333,6
504,A,N,-2.157,0.4213,2.667,6
504,A,P,-3.013,0,3,6
504,A,Q,0.2099,0.6281,2.5,6
504,A,R,-1.296,0.5178,7.333,6
504,A,S,0.1434,0.2487,17,6
504,A,T,-0.3177,0.2646,21.33,6
504,A,V,-1.427,0.4312,15,6
504,A,W,-2.561,0.3004,4.5,6
504,A,Y,-0.8508,0.4566,4.333,6
505,F,A,-1.549,0.8163,4.667,6
505,F,C,-3.262,0,6.5,6
505,F,D,-2.408,0.0786,5.833,6
505,F,E,-1.998,0.4786,4.833,6
505,F,F,0,0,,6
505,F,G,-2.608,0.4916,6.5,6
505,F,H,-1.111,1.472,6.167,6
505,F,I,-0.4094,0.03777,4.833,3
505,F,K,-3.412,0,5.667,6
505,F,L,-1.729,1.243,4.5,6
505,F,M,-0.5059,0.4385,4.833,6
505,F,N,-0.8871,0.3613,6.833,6
505,F,P,-3.322,0,7.667,6
505,F,Q,-0.9759,0.5721,4.5,6
505,F,R,-2.386,0.3533,6.667,6
505,F,S,-0.736,0.356,4.667,6
505,F,T,-1.537,0.5477,4.333,6
505,F,V,-1.438,0.349,7.5,6
505,F,W,0.9081,0.1893,4.167,6
505,F,Y,-1.325,0.3967,8.167,6
506,I,-,0.05777,0.6123,0.5,3
506,I,A,-1.497,0.5681,4.833,6
506,I,C,-3.474,0,4.333,6
506,I,D,-2.63,0.6753,4.667,6
506,I,E,-2.367,0.1837,4.5,6
506,I,F,-1.825,0.5514,5.167,6
506,I,G,-3.155,0,7,6
506,I,H,-2.186,0.2017,7.667,6
506,I,I,0,0,,6
506,I,K,-3.12,0.8766,2.833,5
506,I,L,-0.3947,0.9392,4.667,6
506,I,M,-0.5183,0.6485,5.5,6
506,I,N,-1.596,0.5275,5.333,6
506,I,P,-2.994,0,6,6
506,I,Q,-1.631,0.6681,2.833,6
506,I,R,-2.173,1.072,2.5,6
506,I,S,-2.497,0,3.667,6
506,I,T,-2.483,0,6,6
506,I,V,-0.5874,0.8935,5.5,6
506,I,W,-1.495,0.4236,3,6
506,I,Y,-0.8085,0.3569,3.833,6
507,R,*,-1.655,0.3825,1.5,3
507,R,A,0.343,0.1137,3.333,3
507,R,C,-3.255,0,5.5,6
507,R,D,-3.215,0,2.667,6
507,R,E,-2.325,0.338,4.5,6
507,R,F,-0.9474,0.5595,7.167,6
507,R,G,-2.696,0,7.833,6
507,R,H,0.1065,0.7737,4.333,6
507,R,I,-1.413,0.8973,15.17,6
507,R,K,0.2132,0.2192,45.33,6
507,R,L,0.5385,0.9567,4.333,6
507,R,M,0.2288,0.2895,7.667,6
507,R,N,-1.15,0.6479,5.5,6
507,R,P,-3.472,0,4.5,6
507,R,Q,0.2508,0.4238,5.167,6
507,R,R,0,0,,6
507,R,S,-0.7502,0.7154,4.333,6
507,R,T,-1.047,0.6651,4.167,6
507,R,V,-1.93,0.7042,4,6
507,R,W,-0.3508,0.4898,3.333,6
507,R,Y,0.04339,0.5698,5.833,6
508,K,A,-1.54,0.3661,6.167,6
508,K,C,-3.41,0,4.167,6
508,K,D,-3.258,0,4,6
508,K,E,-2.538,0.2436,4.333,6
508,K,F,-0.4863,0.7681,3.333,6
508,K,G,-2.866,0.2112,5.333,6
508,K,H,-1.96,0.3578,3.333,6
508,K,I,-1.675,0.4402,3.833,6
508,K,K,0,0,,6
508,K,L,-1.178,0.6254,2.833,6
508,K,M,-2.455,0.0358,4.5,6
508,K,N,-0.4506,0.385,16.5,6
508,K,P,-3.441,0,6.667,6
508,K,Q,-0.9624,0.1597,8,6
508,K,R,-0.8007,0.516,1.833,5
508,K,S,-1.295,0.5271,7.667,6
508,K,T,-0.1597,1.096,2,6
508,K,V,-1.514,0.3587,7.833,6
508,K,W,-0.0429,0.6663,7.5,6
508,K,Y,-1.544,1.101,4.833,6
509,S,A,-1.025,0.2712,6.667,6
509,S,C,-2.482,0.3616,9.333,6
509,S,D,-2.837,0.1155,5,6
509,S,E,-2.845,0,6.667,6
509,S,F,0.4586,1.032,6.333,6
509,S,G,-0.6574,0.2353,5.833,6
509,S,H,-0.3664,1.617,2.5,6
509,S,I,-1.995,0.3594,11.33,6
509,S,K,-3.147,0,5.667,6
509,S,L,-2.89,0.09362,4.167,6
509,S,M,-1.754,0.9831,6.667,6
509,S,N,0.108,0.309,20.33,6
509,S,P,-3.335,0,3.333,6
509,S,Q,-0.02464,0.7817,3.5,6
509,S,R,-2.824,0,16,6
509,S,S,0,0,,6
509,S,T,0.381,0.9798,3.5,6
509,S,V,-1.558,0.6768,3.833,6
509,S,W,-0.5772,0.9613,5.833,6
509,S,Y,0.7519,0.4836,5.333,6
510,D,A,-0.2766,0.863,6,6
510,D,C,-3.312,0,5.5,6
510,D,D,0,0,,6
510,D,E,0.02749,0.3964,10.83,6
510,D,F,-3.312,0,4.5,5
510,D,G,-3.141,0,7.833,6
510,D,H,-2.075,0.198,2.5,6
510,D,I,-2.909,0,8.5,6
510,D,K,-2.683,0.05404,2.5,6
510,D,L,-2.055,0.3031,4.333,6
510,D,M,-2.583,0.07861,5.333,6
510,D,N,-1.124,0.5121,20.5,6
510,D,P,-3.226,0,4.833,6
510,D,Q,-1.456,0.6038,5,6
510,D,R,-3.278,0,7.167,6
510,D,S,-2.014,0.29,4.333,6
510,D,T,-1.547,0.4449,6.667,6
510,D,V,-2.03,0.3168,4.833,6
510,D,W,-2.939,0,7,6
510,D,Y,-3.005,0,21.83,6
511,E,*,-3.048,0,19,6
511,E,-,-1.601,0.345,0.3333,2
511,E,A,-1.264,0.3849,3.833,6
511,E,C,-3.365,0,3.667,6
511,E,D,-0.6673,0.4867,13.33,6
511,E,E,0,0,,6
511,E,F,-1.858,0.1602,3.667,6
511,E,G,-3.276,0,4,6
511,E,H,-3.284,0.0328,6.167,6
511,E,I,-2.437,0.2712,4.667,6
511,E,K,-3.243,0,18.67,6
511,E,L,-1.071,0.6809,5.5,6
511,E,M,-0.4032,0.5885,7,6
511,E,N,-2.273,0.5926,2.5,6
511,E,P,-3.356,0,4.833,6
511,E,Q,-1.001,0.2196,3.333,6
511,E,R,-3.396,0,4.833,6
511,E,S,-0.477,0.8722,2.5,6
511,E,T,-2.375,0.0518,5.667,6
511,E,V,-1.516,0.4123,2.667,6
511,E,W,-0.4515,0.4324,6.167,6
511,E,Y,-0.2797,0.4918,2,6
512,L,A,-3.476,0,5,6
512,L,C,-3.006,0,4.333,6
512,L,D,-3.463,0,6.5,6
512,L,E,-3.125,1.216,3.167,6
512,L,F,-0.4896,0.4517,2.5,6
512,L,G,-3.301,0,3,6
512,L,H,-3.423,0,5.333,6
512,L,I,0.1696,0.4943,4.5,6
512,L,K,-3.411,0,5.333,6
512,L,L,0,0,,6
512,L,M,-1.103,0.2469,12,6
512,L,N,-3.422,0,4.333,6
512,L,P,-3.393,0,8.5,6
512,L,Q,-3.473,0,3.5,6
512,L,R,-3.396,0,6.833,6
512,L,S,-3.322,0,4,6
512,L,T,-3.311,0,3.667,6
512,L,V,-2.308,0.0807,5.167,6
512,L,W,-1.558,0.1678,3,6
512,L,Y,-3.284,0,5,6
513,L,A,-1.561,0.7333,3.5,6
513,L,C,-3.438,0,4.667,6
513,L,D,-3.026,0,5.667,6
513,L,E,-0.8492,0.4755,4.167,6
513,L,F,0.1901,0.1481,3.833,6
513,L,G,-3.484,0,7.167,6
513,L,H,-2.583,0.4034,3.667,6
513,L,I,-0.6933,0.8984,6.333,6
513,L,K,-2.496,0.3694,5,6
513,L,L,0,0,,6
513,L,M,0.2161,0.5559,10.33,6
513,L,N,-3.261,0,7,6
513,L,P,-3.397,0,9.667,6
513,L,Q,-0.8017,0.6558,5.667,6
513,L,R,-2.904,0,5.667,6
513,L,S,-2.783,0.06224,5.333,6
513,L,T,-1.342,0.5005,4.5,6
513,L,V,-1.163,0.3279,5.5,6
513,L,W,1.228,0.6826,3,6
513,L,Y,0.0865,0.4195,4.333,6
514,H,A,0.61,0.3374,7.667,6
514,H,C,-3,0,3,6
514,H,D,0.373,0.6572,4.333,6
514,H,E,1.351,0.1524,3.5,6
514,H,F,0.7733,0.3186,4.667,6
514,H,G,-0.9124,0.8337,5.333,6
514,H,H,0,0,,6
514,H,I,0.3504,0.4173,6.833,6
514,H,K,0.1095,0.831,2.5,6
514,H,L,0.5534,0.3971,5,6
514,H,M,1.192,0.1981,4.667,6
514,H,N,0.3602,0.3477,9.167,6
514,H,P,-3.428,0,5,6
514,H,Q,0.3277,0.1779,8.667,6
514,H,R,-0.7641,0.4116,4.333,6
514,H,S,-0.2943,0.776,2.667,5
514,H,T,-0.2485,0.3621,4.833,6
514,H,V,-0.08072,0.3549,5.667,6
514,H,W,-0.6721,1.197,2.833,5
514,H,Y,0.4209,0.4321,23.17,6
515,H,A,1.422,0.7934,1.5,6
515,H,C,-2.92,0,7.167,6
515,H,D,-1.001,1.065,3.5,6
515,H,E,0.7582,0.2962,7.333,6
515,H,F,-0.1761,0.7188,4.5,6
515,H,G,-1.04,0.2666,1.5,6
515,H,H,0,0,,6
515,H,I,0.3634,0.318,4.667,6
515,H,K,-0.3855,1.047,6.833,6
515,H,L,1.392,0.64,9.333,6
515,H,M,1.115,0.668,7.333,6
515,H,N,-0.7768,0.5377,17.5,6
515,H,P,-3.43,0,2.667,6
515,H,Q,0.8799,0.1931,9.833,6
515,H,R,-0.07871,0.5383,9,6
515,H,S,-0.2415,0.652,5.667,6
515,H,T,-0.2727,0.4882,5.5,6
515,H,V,0.03427,1.29,1.833,6
515,H,W,-0.01463,0.3784,8.333,6
515,H,Y,0.9413,0.3122,15.67,6
516,V,A,-3.253,0,10.67,6
516,V,C,-2.892,0,9.667,6
516,V,D,-3.368,0,5,6
516,V,E,-3.491,0,7.833,6
516,V,F,-0.3077,0.8621,5.333,6
516,V,G,-3.426,0,6.5,6
516,V,H,-3.431,0,3.5,6
516,V,I,1.399,0.3485,4.667,6
516,V,K,-3.123,0,3.833,6
516,V,L,-0.5821,0.3752,10,6
516,V,M,-0.0025,0.4156,24.83,6
516,V,N,-3.439,0,3.833,6
516,V,P,-3.503,0,4.833,6
516,V,Q,-3.402,0,5.833,6
516,V,R,-3.234,0,5,6
516,V,S,-3.258,0,4.5,6
516,V,T,-3.271,0,4.833,6
516,V,V,0,0,,6
516,V,W,-1.295,0.5401,7,6
516,V,Y,-0.785,0.2075,7.167,6
517,N,-,-2.144,0.3413,1,3
517,N,A,-0.4901,0.2515,4.667,6
517,N,C,-3.189,0,3.5,6
517,N,D,-0.5585,0.4422,9.833,6
517,N,E,0.7046,0.4284,8.333,6
517,N,F,-0.1051,0.2012,3.667,6
517,N,G,-3.058,0,5.167,6
517,N,H,0.4754,1.206,1,6
517,N,I,0.4798,0.5969,7.667,6
517,N,K,-0.891,0.4223,10.33,6
517,N,L,-0.14,0.8516,3.667,6
517,N,M,0.4413,0.5454,7.333,6
517,N,N,0,0,,6
517,N,P,-3.481,0,6.667,6
517,N,Q,0.7245,0.5328,3,6
517,N,R,-0.5369,0.1106,7.667,6
517,N,S,-0.8281,0.4535,7.833,6
517,N,T,-0.2029,0.4422,5.167,6
517,N,V,0.2072,0.3472,2.5,6
517,N,W,-0.6592,0.7837,2.5,6
517,N,Y,-0.2891,0.8258,5.333,6
518,A,-,-2.577,0.3696,1,3
518,A,A,0,0,,6
518,A,C,-1.776,1.289,3,6
518,A,D,-0.524,0.3686,14.5,6
518,A,E,0.2908,1.247,3.333,6
518,A,F,-2.346,0.1958,5.167,6
518,A,G,-1.871,1.444,3.833,6
518,A,H,-1.572,0.4296,7.333,6
518,A,I,-0.2751,0.4797,5.333,6
518,A,K,-0.3022,0.1765,7.5,6
518,A,L,-0.5,0.5564,2.833,6
518,A,M,-0.329,0.4182,2.333,6
518,A,N,-0.2725,1.001,3.333,6
518,A,P,-3.377,0,5.167,6
518,A,Q,0.7784,0.4221,2.5,6
518,A,R,-0.2501,0.7023,5.5,6
518,A,S,-0.6093,0.2772,21.17,6
518,A,T,-0.8886,0.3407,29.17,6
518,A,V,-0.7878,0.8564,9.667,6
518,A,W,0.0187,0.3421,5.5,6
518,A,Y,-2.454,0.5504,3.833,6
519,G,-,-2.58,0,1.5,6
519,G,A,0.5664,0.7551,1.333,6
519,G,C,-1.591,0.36,23.33,6
519,G,D,-0.521,0.2979,20.67,6
519,G,E,-0.9758,0.8123,4.333,6
519,G,F,1.3,0.4527,7.333,6
519,G,G,0,0,,6
519,G,H,0.1972,0.4763,4.167,6
519,G,I,0.5736,0.68,2.167,6
519,G,K,-3.268,0,7.5,6
519,G,L,1.262,0.1958,2.667,6
519,G,M,1.119,0.3653,7.167,6
519,G,N,1.048,0.278,3.167,6
519,G,P,-3.462,0,4.333,6
519,G,Q,0.3144,0.3089,4.167,6
519,G,R,-2.953,0,1.667,3
519,G,S,0.7591,0.3012,23.5,6
519,G,T,0.1213,0.6072,5,6
519,G,V,0.9563,0.5268,9.667,6
519,G,W,1.452,0.4625,4.833,6
519,G,Y,1.151,0.2403,5.333,6
520,K,A,-0.4284,0.8206,7.833,6
520,K,C,-2.881,0,5.833,6
520,K,D,-3.44,0,3.833,6
520,K,E,-1.835,0.3533,5.5,6
520,K,F,1.408,0.1498,5.833,6
520,K,G,-3.345,0,4.5,6
520,K,H,-1.544,0.6547,2.833,6
520,K,I,0.3807,0.3184,4.167,6
520,K,K,0,0,,6
520,K,L,1.245,0.3068,5,6
520,K,M,0.654,0.3293,7.333,6
520,K,N,-0.02066,0.1445,24.5,6
520,K,P,-3.273,0,3.5,6
520,K,Q,0.9798,0.2242,8.333,6
520,K,R,-0.9617,1.41,3.5,6
520,K,S,-1.453,0.2661,4,6
520,K,T,-0.3759,1.581,4,6
520,K,V,-0.4641,0.9331,4,6
520,K,W,-1.922,0.224,4.5,6
520,K,Y,-1.769,0.6673,2.833,6
521,S,A,-0.1296,0.5776,6.833,6
521,S,C,-2.827,0.2448,4.833,6
521,S,D,-1.95,0.4634,6.167,6
521,S,E,0.1561,0.4769,5.167,6
521,S,F,0.6348,0.3747,6.667,6
521,S,G,-1.601,0.638,5.333,6
521,S,H,0.5874,0.6772,6.5,6
521,S,I,0.6693,0.3486,15.83,6
521,S,K,0.1896,0.3996,6.333,6
521,S,L,0.3384,0.2301,6.667,6
521,S,M,0.3242,0.6125,3.167,6
521,S,N,0.03778,0.3249,22.83,6
521,S,P,-3.188,0,5.5,6
521,S,Q,0.04407,0.701,5.167,6
521,S,R,0.7935,0.492,13.83,6
521,S,S,0,0,,6
521,S,T,0.1309,0.6197,7.167,6
521,S,V,0.4691,0.6647,5,6
521,S,W,0.2192,1.105,3.333,6
521,S,Y,0.6632,0.4747,6,6
522,T,A,-0.04708,0.2433,7.167,6
522,T,C,-2.634,0,5.5,6
522,T,D,-2.853,0.05255,3.333,6
522,T,E,-0.2877,0.7906,5.333,6
522,T,F,0.1543,0.4523,4.5,6
522,T,G,-3.177,0,4,6
522,T,H,-1.662,0.5944,4.167,6
522,T,I,0.173,0.1651,22.17,6
522,T,K,-0.9673,0.8249,6.167,6
522,T,L,0.1867,0.4863,3.5,6
522,T,M,0.4783,0.1346,6.333,6
522,T,N,-1.573,0.286,9.5,6
522,T,P,-3.325,0,7.667,6
522,T,Q,-0.3966,0.594,4.5,6
522,T,R,-0.7245,0.5404,5.833,6
522,T,S,-1.226,0.5261,5,6
522,T,T,0,0,,6
522,T,V,0.1659,0.2372,3.5,6
522,T,W,-0.075,1.27,3.5,6
522,T,Y,0.414,0.7524,6.833,6
523,T,A,-0.03292,0.469,6.167,6
523,T,C,-2.143,0.5003,3.167,6
523,T,D,-1.642,0.7333,3.5,6
523,T,E,-2.705,0.05217,7.833,6
523,T,F,-0.5508,0.47,5.833,6
523,T,G,-3.163,0,1.333,5
523,T,H,-1.086,0.2571,3.333,6
523,T,I,0.7235,0.1486,20.17,6
523,T,K,-3.114,0,3.167,6
523,T,L,0.5633,0.6741,5.833,6
523,T,M,0.8066,0.3892,7.833,6
523,T,N,-1.633,0.24,7.667,6
523,T,P,-3.133,0,4.667,6
523,T,Q,0.5585,0.4242,2.833,6
523,T,R,-2.222,0.1276,6.167,6
523,T,S,-1.126,1.451,2,6
523,T,T,0,0,,6
523,T,V,-1.562,0.7556,3.833,6
523,T,W,-1.66,0.6139,3.5,6
523,T,Y,-0.5682,0.6187,3.667,6
524,N,A,-0.2714,0.2194,4.333,6
524,N,C,-1.926,0.2955,4.667,6
524,N,D,-0.178,0.2006,8,6
524,N,E,-2.06,0.2422,9.667,6
524,N,F,-0.4569,0.7268,4.667,6
524,N,G,-2.255,0.3881,3.667,6
524,N,H,-0.4204,0.8205,3.333,6
524,N,I,-0.0009,0.602,5.5,6
524,N,K,0.0666,0.5227,4.667,6
524,N,L,0.2292,0.2323,3.833,6
524,N,M,-0.7337,1.256,2.333,6
524,N,N,0,0,,6
524,N,P,-3.345,0,6.167,6
524,N,Q,0.1527,0.1965,6.333,6
524,N,R,-0.7861,0.6299,3.833,6
524,N,S,-1.062,0.5424,5.833,6
524,N,T,-0.4315,0.3093,5.167,6
524,N,V,-1.109,0.2955,7.667,6
524,N,W,0.02992,0.6874,6.667,6
524,N,Y,-0.2369,0.6083,5.5,6
525,I,A,-1.167,0.879,2.167,6
525,I,C,-3.067,0,4.5,6
525,I,D,-3.465,0,8.167,6
525,I,E,-3.173,0,3.667,6
525,I,F,-1.277,0.7351,4.5,6
525,I,G,-3.42,0,5.333,6
525,I,H,-2.718,0.246,2,6
525,I,I,0,0,,6
525,I,K,-0.9148,0.3958,7.833,6
525,I,L,-1.562,0.8658,6.333,6
525,I,M,-1.998,0.5758,3.167,6
525,I,N,-2.918,0,7,6
525,I,P,-3.38,0,3,6
525,I,Q,-2.14,1.044,1.5,6
525,I,R,-1.237,0.6218,4.833,6
525,I,S,-2.678,0.0164,6.667,6
525,I,T,-2.052,0.8971,7.167,6
525,I,V,-0.6818,0.4865,2.833,6
525,I,W,-1.157,0.1708,2.833,3
525,I,Y,-1.058,0.6417,6.167,6
526,M,A,-0.9042,0.5422,3.833,6
526,M,C,-1.647,0.2904,8,6
526,M,D,-3.404,0,4.667,6
526,M,E,-3.489,0,3,6
526,M,F,-0.5042,0.1175,7.333,6
526,M,G,-3.321,0,5.667,6
526,M,H,-3.219,0,3.667,6
526,M,I,0.3497,0.2265,29.83,6
526,M,K,-3.081,0,7.5,6
526,M,L,1.138,0.3655,2.333,6
526,M,M,0,0,,6
526,M,N,-3.453,0,4,6
526,M,P,-3.212,0,2.5,6
526,M,Q,-3.037,0,5.5,6
526,M,R,-3.381,0,6.167,6
526,M,S,-3.423,0,6.5,6
526,M,T,-2.857,0,4.667,6
526,M,V,0.5368,0.5965,6.5,6
526,M,W,-1.976,0.5521,6.167,6
526,M,Y,-1.286,0.6658,5.167,6
527,I,A,-2.58,0.2039,3.667,6
527,I,C,-1.435,0.3597,6.167,6
527,I,D,-3.375,0,4.667,6
527,I,E,-3.373,0,4.833,6
527,I,F,0.5969,0.6794,4.5,6
527,I,G,-2.317,0.4013,2.667,6
527,I,H,-2.701,0,2.333,6
527,I,I,0,0,,6
527,I,K,-1.34,0.3979,1.833,5
527,I,L,0.403,0.1986,3.667,6
527,I,M,-0.2203,0.332,3,6
527,I,N,-2.836,0.1196,1.833,6
527,I,P,-3.467,0,7.5,6
527,I,Q,-2.04,0.1607,4.667,6
527,I,R,-2.691,0.05553,3.333,6
527,I,S,-3.461,0,6.833,6
527,I,T,-2.921,0.006336,4.167,6
527,I,V,-0.8346,1.153,4.5,6
527,I,W,-1.033,0.6329,5.167,6
527,I,Y,-2.248,0.1707,4.667,6
528,T,A,-0.2596,0.8556,5.167,6
528,T,C,-0.6336,0.5004,2.5,6
528,T,D,-3.173,0,2.5,6
528,T,E,-3.136,0,6.833,6
528,T,F,0.06502,0.4548,3.667,6
528,T,G,-0.8816,0.4478,5.333,6
528,T,H,-2.252,0.2504,5.5,6
528,T,I,0.4377,0.7023,9.5,6
528,T,K,-2.22,0.8999,5,6
528,T,L,0.7545,0.6015,4,6
528,T,M,-0.1851,0.953,2.333,6
528,T,N,-1.486,0.3978,10,6
528,T,P,-3.357,0.02571,3.333,6
528,T,Q,-2.698,0.005963,2.5,6
528,T,R,-2.846,0.2497,4.333,6
528,T,S,-0.3121,0.6456,5,6
528,T,T,0,0,,6
528,T,V,1.128,0.456,4,6
528,T,W,-0.3885,1.114,1.833,6
528,T,Y,0.05125,0.458,4.667,6
529,T,*,-2.344,0.0895,0.3333,2
529,T,A,0.1848,0.3148,4.667,6
529,T,C,0.015,1.876,2,6
529,T,D,-3.104,0.8473,0.8333,3
529,T,E,-3.433,0,3.333,6
529,T,F,-1.33,0.2273,1,3
529,T,G,0.5639,0.3916,1.5,6
529,T,H,-3.116,0,1.833,6
529,T,I,-0.0145,1.339,12.33,6
529,T,K,-3.401,0,5.5,6
529,T,L,-0.1669,0.6359,3.5,6
529,T,M,0.4702,1.089,2.5,6
529,T,N,-1.688,1.122,1.5,6
529,T,P,-3.442,0,4.333,6
529,T,Q,-3.211,0,1.333,3
529,T,R,-1.561,1.032,2.5,6
529,T,S,-0.8471,1.202,0.5,3
529,T,T,0,0,,6
529,T,V,0.8206,0.3153,2,6
529,T,W,-1.642,0.7149,1.333,6
529,T,Y,-2.862,0,3.167,6
