barcode,count
GTGCAGTAGTAAAGTA,550667
CCATCTAGTGGCTAGG,460219
TACGTCGCAATGGTCC,435926
AGTAGACTCCCTCCAT,415789
GCGATTCACGCGTTGG,413920
TACCCATGGATACGAT,398988
ATATAGACACGTGACC,362051
CGTGGCGTTTACACTA,274795
TTATGGTATCGCTAAC,45054
ATTCAAGAACCAGCAA,43698
TCCTACGACAATTACA,42682
AAACCAGTAAATCCCA,37051
CGGGACACATCGTTTC,36817
CTTCGGTCCAAACATA,36785
CAAATCAGCACCAATT,36569
CTCTGACCAACGAAAG,32226
CGGAACATCGTCATCA,32094
TTTTAAAAGCAGATTA,30237
CTATCACATCGTTCCA,30035
ATCAAAAAGGCATAAC,29794
CCAATTATATAAGACA,29514
TCCAAGCTCTATCACC,29469
AGGATAGATTACCCGA,28951
GGCATCAAGATAGAAA,27233
CGAGGTCCTCTTATCA,26859
TACAGGAAATTCATGA,26401
GATGATCAAAGATTTA,26374
CACTGATGTGCACCAA,26166
AGAAAGGAAATTCGTC,26157
GCAAGGTGTGAGTTTC,26101
GTAAATCGAATGACTT,25797
TTGTCTTGTACAGACC,25646
GTATTTTCACAAATTC,25436
CGTTAGGCTAGGATTC,25419
GGTTTTTTACATATTT,25186
CATGTCTCGCTGGTTT,25171
TTTACAGAGACTATAC,25050
TGCTGCCATCATACTC,25040
CTAACAAACAAAGAGA,24438
GTCAAAGTTGTTAAAA,23975
TGTGAATCCCTACGGA,23263
AACAACCTCACTAATG,23051
AAATAGTCCAGCACCA,22800
AGGCCAGACATAGCAC,22617
GTCTCTATCGAATACA,21697
AACCTACCGCCCACCT,21341
TCCGATGACAAGCACT,21316
ACCTAAGATTAGAGCA,21304
ACCGACGGAACTCATA,21263
TAGTGCCTAGTTAACC,21166
CTCACATAAGGGTTGT,21117
CAAGGCACTCCCCTAC,20656
TTCACGTATAAAGGTA,20607
TAATTTACCATTCTGT,20576
GCATTGACAAATGAGC,20390
TCCGATGTCTTAAGTA,20104
AATTTATGAGCAAATG,19990
CAACTGCAAATAATAT,19377
GTAGGCCCAAGCTCAC,19257
CCTGTCTTTTCACTGA,19167
CTGCAAAATCCCTGAA,19080
CTAACACCGAGATCAC,19010
CCCTACTTATAATTTG,18744
GAACAGTCTTCTATTA,18690
CCGTTGAGAAATCAAT,18519
GCGAGAAAATTCAACC,18498
CTGCCCAGGTGAATTG,18445
TGACCCTTACGCCGAT,18370
GCTACAAAAAAACAAC,18283
TGCTTGCAAGTTGCAA,18235
AGCCCGAAGACGCCCG,18186
ATGGCTAAACAAAACT,18129
ACGACACTAAAGCCAT,17990
TGAACTTTGGTTAATG,17941
AAAATAACTCATTACA,17754
TGCTTCATCCGAAGAT,17713
CAGACGATAACGGATG,17707
CCCATACCCGATCCGA,17684
AACCCAAAATAAGAGA,17669
TTCCGATCAGGCTTGG,17599
AGTAAGGTCTTATAAA,17449
GGGTTGCAGGTCGCAA,17426
AACAGAAAGTCTGCTA,17305
GTAAAATCCTTAACCC,17280
TTTTGCAGAAATAAGA,17277
CCAATTCGCCACGTCA,17261
GATGAGATAATACTAG,17260
TTGTAACTGGTAACCA,17208
AGTATTAGGAAACCAC,17093
GATAAACTACTGCCTG,16937
CCTTAAGTAACAAGAA,16844
GACAGTGTATACCCGA,16755
TATCAATTATCACAGC,16667
CGGAGGTGAAAGAAGT,16609
CTCTATGGCCAAAAGA,16553
GAAAAAAGAGACAGAC,16550
ATAAGACCGCTACAAC,16522
CCACTTAATCTCAGCC,16401
TACGACGTTATGTTGT,16371
AACACCAAATGCAATT,16219
AGTCTTAAACCATTCC,16100
CTATCGGCTCGTCATT,16049
GAAAAGACAAACGGAA,15997
TCTTTCGACTACCATC,15966
CATTAACAAGCAAAGA,15940
ATGGACAAAACTCACA,15822
AATCATCTGACAAAAG,15819
ATCTTAGAATAGAGGC,15445
CTTAATTCAGCCCTCA,15384
ATCACCATAGCGGATC,15359
CTCTACGAGCCACAAA,15250
TGGATATCAGGCATAT,15250
CAAGAACAGCAGTCGT,15173
AATCCGCCGGAATGCG,15136
ATGAATCTGAGCCAGT,15028
GCCTTATTACGAGCCA,14937
ATCCCAGTACCTCGAC,14890
CTTGTGGATTCATTTG,14887
AAAACATATGAATTAC,14859
ACGCGTGGTAGTAATC,14846
ATTCCGAATGCTACGA,14827
CGGCATCTTACAAACG,14767
GCAACTAACTACGGTC,14748
AGATTGCAAGAAGATA,14683
AGAGGGTAATGATTGT,14664
ACGTTCAAGTATACAA,14628
TTTTTATTTTTCCCAC,14623
CTCCCGTGGAGAATTC,14617
ATATCTTTGCACTCAC,14584
TGTGCTAACCCCAATG,14570
AACTAAAGCACTCGTT,14559
AAAGTTCATATTCTTG,14540
CAGGCGCTGATAATAG,14527
CAAGAATCCTAGCCAG,14487
AACGAAAGCCAGACCA,14463
TTCCTGCCATAACAGA,14456
CGAAATAATGAGTTTC,14455
AAAAGGTAGCATACAC,14425
ACTCTGCATCATGAGA,14403
ACAGTGACTGTTGCTG,14358
ACAGGTGTACACCAGC,14357
CATGTTGAGTCATTTA,14310
ATCGAAAAAGAATGAC,14296
GTCTAATGGTACCATA,14295
CTAACATAGGTCACAA,14290
CGTACCCGATACGTAC,14289
TCGACGGCTGTCTACA,14283
ACGTCAGAATACGAGA,14245
GCACTTTTGACCATGG,14243
TGGCAATCTTGGATCC,14089
GCGATAATGGACAACA,14049
CTCTTCGCCTAGACCG,14036
GAATATGGAAACTCAA,13976
ATGCCGAAGCCATACT,13970
GAACTCTGAAACGGAA,13964
TATATCAGTCAGCTCA,13936
ACTCTAGACTCCACAC,13880
GAAATACTTACCATGT,13873
AAGAAAGAATACACTA,13872
TGTAGTACCAGAAGGC,13872
ACATTTCAAAATAAGC,13858
AAGTTTTGATAAAATC,13793
AAATATTAAATTTTAA,13767
TTTTGTCGGAACTTAA,13735
TACCCATTATATTAGG,13710
AAGAATCTGTCCTAAA,13707
GATTACAGGCAAACAT,13617
ACCTTGGCAATCTCGA,13612
CATAAATGAATGTCCG,13495
CGCAGTTTAATCTACT,13447
TCGACCCTGCCAGTTC,13421
AAAAGTGAATATTAAA,13345
ACAAGAATGAACCTTG,13298
GTATCTCTCGACCAAA,13298
ATTTTTCAAAGATGAA,13236
GTGTTCCCACTAAACC,13190
GTGTCGACCCCAAGAC,13187
GTTACCTCTCATAGGA,13135
GACCGACGAGTAAACT,13128
CACGATGAAGCCCATG,13027
GGTTTTGAGATCACTC,13006
AACTCGTACACCGTAT,13004
CTTAATTCTACCATTA,12929
CCGTACCCTCGACATG,12916
ATATTCGTTCGGGCGA,12861
TTTTACCCGAATATGT,12850
CAAGAAGGCATATCGT,12845
TCCGTTAGGCACCTAT,12842
GTGACTCTTCACTAAA,12840
GGAATACGAAAAGTTC,12821
TCTCGGATTACTACCT,12796
CGAATGTCTGCAAGCG,12786
TAACTGTACACAAAAT,12752
TAACACCAGAACTCGG,12750
AAAAACTCATATATCG,12730
CTATTCCTAATACGGG,12672
TAAAATTCAATGTAGT,12666
ACGCATCAGATAGACA,12631
AAAGTTCCTAGAAAAG,12564
CGAAACCCGCAAGAGA,12560
CAACTTCACATAATAC,12556
CAAAGCGTCCATCATG,12537
GAAATTTAACTGAGAA,12516
GTCCAAGAAGACAACA,12488
TCCATACAAGAAGGTT,12472
GATAGAAGCGATGAGC,12444
ATGAGTCAGTACAAAA,12429
TCAAGGCTGGATTTAA,12427
AATAATAAACCCACAA,12419
TCAAAAACCTAATTCA,12414
CCTAATTTCTTCCCAA,12398
CATACGATAATACTAC,12396
TTTAAAAAAAGGCCGG,12394
CCACTTAGACTCCCTA,12386
ATGTGCATAGAACAGC,12329
ATGAAACACGTCAATA,12273
TCAACCCTTAATATTA,12250
GCCAGGAACAGCCGTA,12248
GAATTAAACAGATACA,12242
CCGCATGACGCGCCTG,12235
ACCCGTTAGGCTACGC,12232
TAGTGTAGATAATACA,12222
ATTGGAGCTTCCAGGG,12216
CATGCGATCATGATTG,12213
CTGAACTTCCCAAAAC,12210
TGTCGCCAAACAGCGT,12201
ACCAGAACTAAGAAAG,12181
AATTCTAAAGTCGGAA,12179
AGATATTTTTTCCCAT,12138
TATAAGACAATATAGA,12090
AACAGACAAGAACGCG,12078
AGGTGGCAACAACAAA,12068
CTATAAAAGTGCCAGA,12021
AATTCAACCAAATTAT,12017
AAATACCGAATGGTAG,11982
TACGCATAGAATGTTG,11957
GATTACGACAACCTTG,11951
CTTACGTACATAAACC,11937
CAAGTATGAAAATGCA,11927
GCTTAGGGATGATAAG,11912
ATTAACAAAAACATCA,11902
GTCTGAGGGATCTGGC,11895
AGGCGCGTATAGTACG,11886
CTAAAAAATTTATATG,11869
TATAATAGATCTTTGC,11847
TCCTAAATTCATAGTC,11837
AGACGTACTAACGTAA,11813
CAATCTAAAAACCCCC,11803
ACTTGAAATTCTCAGA,11794
GGGTTTTTACGATTTT,11755
TTGCAAGGATTGTACC,11752
GCCTAGGTGAACAACC,11727
CAACACCGGTGATTGA,11710
CACAGAGCCTCCATTT,11703
TGGAATGAATGCAAAA,11690
TAGTGGGAGCCCAACA,11679
TTTCATGAATCAAGAG,11679
ATAGCTATGAAATTAC,11654
AAGGTAAACCACTAAT,11647
TGAGACGAGAGCGCAA,11627
TGTCCCACTTCTCAAA,11606
CCAAAATACCGAAACC,11567
GTTCGATTACTTTCTT,11511
ACATGCGAACAATATT,11501
ACTTACCACTGTGGAC,11473
GGTTAAGGGATAATTA,11467
AAATGTACAACCAATG,11456
CGACAATACGGCGAGA,11409
ATTGACCAAGTCTGAG,11393
ATGACCATACCAACCA,11362
CTGTATAAACTTCCTG,11342
AGGTTCAATCTAGCTC,11326
GCGTCAAAGAACCTAG,11320
AGACAACTTACTCGCA,11297
TATCAGAGAAGGATGA,11269
GGGAGGGTAAACCTGA,11257
TTTGGCACATAACCAA,11255
CAAGAGGGACACAAAC,11249
CTTCTCCGTAACTTGC,11247
AAGAATATCGGTACAT,11234
TGTGCGCACTGTACGG,11223
GATGCTACGCATTTCA,11218
AGCATAGCAATAACGA,11209
CAACATTCATCTATAT,11195
GGTGAGAGGCAAGCGT,11192
CGAATTATTCGGTTCA,11174
AAGCCAATTGACCAGC,11143
GACTCCTAATTAAAAC,11123
TGCCTTAAACAGGATA,11073
ATTTTACGCTTTACAC,11064
TCCAATCGGGAACAAA,11051
CCGTTGTGCTTGCACA,11037
GTCTTTCCATTGTAGG,10997
GGCCTCGCACCCTACC,10996
CAAAATAAAACTTTTG,10961
GTAGTAAGAACTCAAA,10910
CACAAAAATATATTTG,10897
GACACAGAGCCCTAGA,10851
AGCCGACTCACTGCGA,10834
ATCTAGCCGTTTACGA,10811
AATCGCTCTAAGAAAT,10784
TGTTGTGTCCTACTGT,10780
CTATAGCCACTGCAAG,10762
AAGAATCACTATCGGC,10748
GGCGGGCAGTTTACCC,10743
GAGAAGCCAAAATGCG,10702
CTACATGCCAATAGAC,10695
TTCCCCAATACTGTCA,10641
ACTCACAGAGCTTATG,10616
GTACTAGGAGAACGTG,10592
TGCACTCCCAAACAAA,10579
AAAGACAAGCGACAAG,10578
TTCAAAAACTAGCAGT,10573
TATGATTTATAGTTAT,10560
CAAGTGTTAGACACAT,10495
AATCCCTAACGCGTAT,10449
AGTTAGAAACAGATCA,10448
TTAACTCCTATTATCC,10446
GGCATGTGTTCAACAA,10442
CAAAGAAGAACCAAAA,10440
TGGTATTAAGAACACT,10429
GTTCTCCCACGGAACT,10426
TAAGGTGAATTATAAG,10373
AACTACATGAATTGAA,10330
CCCAATTAAGTTAATT,10322
ATGGGGGCGATAACAG,10292
CATCGTGTGGACATTA,10263
CCTGCTTCGAACTTGA,10237
ATCGGCCTAGGCCTAT,10230
ATGAATAACTAAAATA,10223
TATAGGAATGAAAACA,10212
GAATGAAGACCCTTTA,10197
AAAAAAATGTATAGAA,10194
ACACCGTAGTCCCTCA,10193
AGTACCATATAATGTG,10193
TAGAAAACGTTAGTAC,10168
TCACTATTTCAGATCC,10166
CATACATAGGGACTCA,10163
GTCACACCGGACTAAC,10137
ACTTCAGACGTTATGA,10126
AGAAAGTTAGCCTAGC,10120
CCAGTAAAACAATATG,10111
CCCAACTTGAACAGTC,10108
TACCCACATTTTTTAA,10107
GGGGTGACATGATAAG,10104
TCACTGTTGAATACCG,10104
ACCATGAATAAGCTCC,10070
CACAAAAGACGTAAAA,10065
TTACACTGATGGGCAC,10063
GACAACTAAGCTGCAT,10053
GGACTAAAATTGAACA,10045
CACTGATTAGACCATG,10042
TGCTCAGAACAGCAAT,10041
GTTGTCTCTCAACGTC,10035
TTAAACAAGTTCATAA,10032
TCCTGGCATGAACATC,10028
GACTTGAGACGTCAAA,10021
AATCCCACTCAAGACC,9993
ATTATATTAGAACAAG,9977
CTAGAACACGTACATG,9977
TTCACTCACAATCCCT,9960
TTTTTTGCCGAGAACC,9945
AACACAAAGAAACGGT,9922
AATGTATTTACATACA,9921
CACCGAGGTTAAACCT,9921
TAAACGGGAATCAAAA,9916
GTCACCTCTTGATCAA,9906
TTCTCGCATGGTATCC,9894
CCCGCACCCAGAAGGC,9878
TGTTAACCCTAGCAAC,9875
AAATACAACAGAAGAA,9866
GAGAACTGAAGATGTG,9866
CAAAACAATTAACCGA,9847
AATGAGGAAGCAAACT,9841
TATCGGCAGGGCATAG,9840
CGTCCATCCCACTCCA,9799
GAGCCGGCGACTACGA,9793
TCCACAATATTGTACG,9778
CAATAATGAAGTGCCG,9737
TAACAATCATAGGATC,9721
AAACTGCTTAAACATA,9720
CTACATCGCGAGTGCA,9714
GAGGAATATTTTTTGG,9697
AAGTAATGCAATAAAT,9668
TTGTATACCAGAGCAT,9655
TAAGTGTTATTGCCCG,9652
TTTACCGCAATGCTAA,9647
ACACTAACGGTATCCT,9639
CAGGAAGCACTCAGTA,9637
ATGTAAGGTGCTACAA,9626
CAATATAGTAATATCT,9607
GAGTATAACCCAACTA,9601
GAAATACAGGCTCGCA,9599
GCGTTCCCTTATTCTA,9590
AGCAAGTAGGTGTAAC,9588
AACCGTGACACAACCA,9574
GTTTAAACAACTAACT,9574
AATCCATTAAGTTAAA,9573
CAGGGGTCCGGATCGA,9571
AGAATTCTATCCTGTC,9556
CGTCCTGCCGACACCA,9550
CGGACAATTATTCTAC,9548
AGATTCTATCCCGCTA,9539
AGAGCATACTTATCAA,9537
TCGTAGACATTAAAGC,9530
TGGAGGTTGGGAGACA,9504
TCACTTGAGGAACAAA,9499
ACAAATATTATCAAAA,9498
CTATGCAACGACGGCA,9493
TCAAACTTGAGGGGCG,9490
TGTTCCCTGGAACAAC,9489
CTACAAAATTGTTGCT,9482
CTCCCCAAGATTATCA,9459
AGAACAGACGCTTTTA,9456
AACGAGGGAGTACCGG,9422
ATTCGGACCTCATCCA,9417
GCATATACTGTCACTG,9417
GTACCAACTAGAGCCG,9398
CTATACCACGGCAACA,9395
ACCATTAATAGACTGC,9391
AAGACTAGAGACGAAT,9388
TTTAGATAGACGACAC,9373
ACTTATGTCTAGATAT,9370
ACTACAAGAATAGCAC,9334
GACCCTAACTGGGAGA,9327
TGTGATCCTGGGGCCC,9324
ACAGATTCCTAAATGG,9320
TTTGAACTTGATAACT,9314
ACGTGACATCCTATAC,9300
CAGGTCCTGTCCCTGA,9285
AGTCAGGGATGACCAA,9283
CCCTATCTGAGAAAGA,9280
GAATATATACCGTATT,9274
CAAACCTAAACCTCTT,9267
GATTATTCCTTATTTT,9263
TTCAATAAACACTTAA,9238
GGACCAACTCAATTAT,9237
TTTCCGCCCAACAGGA,9236
TGCATCAAACAGACAA,9233
CACGATTTAAGTGTAG,9230
ATAGAGCAAAACAGAG,9223
ACTTATACTCCGGTCA,9216
GTAGGAGATATCAGTT,9213
AATTAAACCAAAACCA,9211
TACACTTCATAGGAGA,9208
GTTAGCAGAACGAGGA,9206
GCGAAAACATACAGGC,9204
AAGACGTGTGAACACT,9201
GTATAAAAACTAGCGA,9198
ACACATGGAAAATTAA,9196
GTGTGAGATAGTTAAC,9195
AAAAGGGAATCATCAA,9194
AGATAAATCACGTTAT,9179
TCATGTCTACAGCCCT,9178
ACCTGATAAAGGAAGG,9169
CGGGAGAGATATAAGA,9169
TCTGCAAGAAAAATCC,9159
ACCACGAGAGTAGAGG,9141
AAAAGATAGACGTGTA,9131
TCAACATTCTCATCTA,9130
AAATCAGCTCTATGCC,9127
GAGGCATAAGATAGTA,9127
TGGCCTAATTACAACG,9125
TCTTTGAAACAACAAA,9121
AGCGGGTCACAAACCC,9107
TGAGATTCCTGTAACT,9102
AAGAATACACATACCT,9097
TGAAAAAAAAATGCAA,9090
GTATTTGCACTGAACC,9089
ACGGCTGAAAGTAATT,9074
ATGCTCTGCAGCCTAA,9069
CGAAACCACACTAGGT,9055
ACCGGTCAAACCTGAA,9050
AGTGACTCATATCACC,9046
AGCCAGAGAGACTTTG,9038
CTACAGTACAGCCTCA,9032
CACTCGTAGTTACAAG,9015
TCAGTCTACTTTAACC,9013
TGCCTTAGAATAGAGA,9006
GACTGTGCACATCATT,8992
ACTGATGCGGCCGTAA,8990
TCAAGGATTTGTGCCG,8985
TTATACAAAACCAATG,8969
AAGAGACGGGAGATTT,8957
CAAAGCCTCCGACACC,8952
AACCAAGCTAATTCGG,8941
GCCCCGTCGAAAGGGC,8939
ACACATAATCAGTGAT,8938
AGTTCCGCCCGTGGCG,8923
TCCTCGGCGTTTGTAA,8923
GCTGCAGCACCATAAC,8904
ACCGTCCGGCAACCAA,8902
AGAACTGTTAGCCAAA,8898
AAAGTCAGAGTGGAAG,8897
TCCAACTACATCCTTC,8887
AAGTAGTATCTAAAGC,8867
ACAAAAAATTCACGTC,8859
TACTCTAAGGCATGTA,8858
GCCTCATACCTTGAGC,8843
CAAGAACGTCGTCATG,8820
CAGTGATCACGGAAAG,8810
TCAGAAGGATATGAGT,8787
AACACTAACATCAGAA,8777
TAGTTCGGTAGACTAA,8771
GGGTAACTGGTGCCAG,8765
CAAGGGGAACCCTGGC,8762
AAATTCACAGCAAAAC,8742
AACCATCCTAAACAAA,8740
GAAGAACGACACCGTA,8739
AAACTGTATTGCCCGT,8738
CCTCAACAACACCCGG,8733
GAAACAAGTCCGAATG,8733
TGCAGAATATGCATAA,8726
TCATCCCTTGATTGCG,8725
AGAAATGGGACACTGA,8724
GAGCCTACACACAAGA,8712
TCGTGTTAACCATTAA,8710
AAGCCATCAAAACACT,8705
CGATATTGGTAAAGGT,8697
CACCCTGAATACCCGG,8695
TCTGTCTCTAGAAAAA,8691
TGAAACCTATCAAATG,8691
TTCATCCGCGTAAAGA,8688
TCTGACGCCGTGGAAT,8685
TTAAAGCATAGCCACA,8674
CATTTTTCGTTCTTAA,8673
TGGCATAAAAATTGCA,8649
ATAGGTCTATATTGAG,8618
TCTCAGTTCCAAACGG,8616
ATTAGTAATTTCAACA,8605
AAAATCGCCTGGCCTA,8599
GACTTTGTCCCCTGAT,8595
TCACACGCTCTTGCTT,8587
CGAAAGGACTATAAGC,8583
CACTGGTTTGATTTCC,8580
CCTATCCAATATTCCA,8572
CGAGGGCGCAGATAAG,8561
ACTATGGTCCCAACTA,8549
CGAGGAATCTATGAAA,8547
TGCGAAAAACACCACT,8524
GCATTATCTAAGTAAA,8514
TTAGACGCATCTCAAA,8511
GTGTTGCAACACAAGT,8494
GGCTTTACCTATCCAA,8468
GTATATATTATGTGCT,8468
TCGTTACCAGTCAAAC,8467
TTAGAAGAATTTGTAC,8467
CTGGGGTCCCTAAAGC,8461
ACTTAAAATCACTACC,8457
GAGAGTTTCTCTGTAA,8455
CTCTTTCAATCAGTTG,8451
TGAAACCACACACACT,8438
ATAATATAGATCCAGC,8417
CGTTAGCAGAAGGTCC,8403
TGACTGACCGAAATAC,8402
AGACTTTGAAAGGCCG,8400
GCGAATCCGCTAGACA,8391
GGAGAGCGCTGAAACC,8381
ATCCCAACCTTTAACT,8378
GAGTAAGCTGAAAAAT,8378
ACTTTACAGGTCGTAG,8374
TCATAAAACTCGAGGT,8373
ATCCAAAGTCTGAACA,8365
GTGCCTGCTCGGCAAA,8359
GGTTTGCAAGGATGGA,8321
ATTAGAAATATCAACC,8312
CTAAGTAGCCATAGAT,8307
TCAGCGAGTGAAAGTC,8304
TCCCATTGTGGCTCGA,8304
AGGCAACAAGTGGAGT,8293
GTACCTTGGATTCGAA,8272
CTAAAAGTTTTTCAAC,8261
ACCATCACCAAAAAAG,8257
ACCCTGAATCCGTGCA,8250
AAACCGTAAAGATAAT,8226
CTTCACGCCTACCGAC,8218
CGTCAAAGTTGGGGAG,8212
TAGGATATATTATCAC,8209
GCAAGACATTCGATAG,8207
GGAGAAACAAATTGAT,8203
CTAACGCAAAAAAGGG,8197
TGTATTACTCGGCATA,8190
TACCTCTGAAAAAACA,8189
AAACAAACTATCTTAA,8180
TAATTGAGATCATGCC,8178
CACTATTCAATTTCCC,8175
CAAATTACAAACTAAT,8174
AAATCAGTCCTATTCT,8165
TGACACATGCAGTTGG,8158
AATACCAACCGCGAAA,8150
AAATACTCTTTCAGGG,8148
GGTATAACAGAAAGCA,8144
ATGCAGAGCATCGTCA,8139
AAAAACTCATACTGGG,8137
TACATACAATTAATGT,8127
AAATAAACTCAATTTA,8122
ACCAAGCGATCCTTAA,8120
AGGGAATACTGATCCA,8113
ATAAAATCATTGACTA,8104
GAGCAACCCTGTGCTA,8100
ATAGAGCCGCAAAAAT,8084
TAAGCGACCACAGACT,8064
CAGGAATGCTTATCAG,8051
CCTGACTCCATGAATG,8046
ACTAAAAACGAGTTAC,8025
GACAGATTTCCAATTC,8021
ACATCGATCATTAAAC,8017
GAAATCTATGATCCCA,8010
TAAGAGCGGATCCCAT,8002
ACCAGTACTGAGTTAA,7999
GGAGAAAAATGCTTTG,7994
TATAAGCACACAAACT,7986
AAAGATACCCCGCGGT,7977
ACGACAAGGGGCAAAA,7945
GAGACAAAACAGTAGG,7933
CCTTACGCGATCAACC,7928
TTTGCTTATTCAAGAC,7927
ACATCTCAACTTATAA,7919
AAACTAACCAACCCTA,7918
ATAAACATTGAGTAAG,7912
GAATATGAGGGGCATG,7911
TTACCATTCATGGTAG,7903
GATGATGCACTAAATT,7900
AGTGGCATCCTATCAC,7899
TGATAACTGCAGACAA,7882
CTTGGGACACCGATTC,7875
AATACCATTCCGCAAT,7872
GGCACATAGCTCCATC,7871
GATCCCGACGCAAACT,7861
ACCCTCCCGTAAATAT,7843
CATACAGCGAAGGCCG,7841
ACTATCACATAGACCC,7834
TCCATTCATCTACACA,7833
AACAATCCATGTTAAT,7823
CGGGGGAACACTAAAG,7820
CCACATAAAGAGGAGA,7815
TACAGCCAAACTGAAT,7815
GATATAGAAGTCACAA,7812
TGAACACCCTTCCGCT,7807
GACAACGGCTTTTATT,7801
AATAAATCAGTTACCA,7798
TGAACAAAAGAGAATA,7790
AGTGAGTAAAGATTAA,7784
TTACCCTACTCTGAAC,7783
TAACGTCAGAAGGGGT,7780
AAGAAAAGTTCCTCTT,7778
ACCAACATACGTAGCC,7768
CCATATACGCCGTACA,7767
TAAGCCAAAGCAGTAC,7764
CGACGATGCAAGAAAT,7757
AAAAGCTAAGAGGCAA,7749
GTATTAAACTCGGGAG,7744
AAAATAGCTGAAGATT,7731
TGCCGGGGCAATCTGA,7731
CCATGCCGGATGACAA,7722
GAGACACACCTTTATG,7722
CGTAACTAGGACAAGA,7719
CTAACTAGCTTGAAGA,7719
ACAGAACCTTACGCTG,7716
TGGTAGGATCTTCGAA,7706
TTCGAAACAACCCAAT,7701
GTAAATGAAAAAAACA,7697
AGACGGAATTTACTAA,7691
GTCAGTACAGACTGTT,7691
ACCCCAAAAATACAAT,7675
CTGCTTAACCTAAAAT,7673
AGAGAATATAGTAACC,7670
AAGAACCTCACCTAGA,7661
CAGACAGACCAAAAAA,7658
TCCTGAAAAAGCTCTG,7650
GACGCGCTTGACGCCT,7644
TAGGATGTACCGAGGA,7644
TGTCCTCTAGTCGAGT,7639
GGTACAAATCTTTCAA,7637
CCAATACTAACAAGGA,7635
ATAGCCTCAAGCAACG,7633
TATGTTTAAACAAGCT,7633
AGGACGTGCTTCATAC,7625
CCTACTGGACATTTCT,7625
ACAAGAGCGCTTAATG,7622
AATCGCAACCCAAACG,7621
GTCAACACAACCAAAT,7621
ATAGGTGAAAAATACA,7617
GAAAGTATTACAACAC,7617
AAACAAATGTACCTCA,7615
ATTCCTGATTACCCCA,7608
AACGCAAACGAAAAAT,7604
TTTAGTGTTTATCTTA,7579
AATGAGGAATCGTGTA,7578
TGCAATGAAGATATCT,7570
CTGAAAAATTAATGCG,7560
AATGAAATAATGTCCA,7547
GACTAGAATAAGTAAA,7533
CTAAATTATATGTGAA,7529
TAAGAGGCTACGAAGG,7525
ATGCAAAAAGGAAAAA,7521
GCACTAATACCAACGC,7518
GGAATTGAAAGGATAT,7512
ACATCTAATATGATAC,7494
GAATTAATAATGAGAA,7487
TCCAAAGTTCTTAACT,7481
CCTCAGTAAAAGAAGT,7479
TTACGGGGTAACATGG,7475
AACACCTTTCTACAAC,7474
ATATTAGTGCAAGTCC,7468
CCTTGCAGGAGTTACC,7464
CGCCATATACACCACT,7463
CATCGGGGTTTACTCT,7458
CGCTCATAAAGGTAAC,7447
TATCGCATAGATTCTG,7445
ATCGGTCAGGGACTAA,7444
TACAAACAGTCTGCTG,7438
TAATATAGACAAAGGC,7435
TCTCAATCCATAAAAC,7431
TTACTGGCCATATATT,7418
CTCCTCACAACCCCAA,7416
TAACACAAGAACCAGG,7415
TCAGTACACATAACAT,7413
AAAGTTACTTAGAACG,7411
TGTAATTACTCGCTTG,7410
GGTGAGTATACCGGCA,7398
CCCAGTCGATTCCAAG,7397
CTCTCGCATAAGCAGT,7396
GTTCACTCACGTGTAT,7394
TGCCCATTTCTGACCC,7387
GCAGATGCGTCAATCA,7378
TAATTCATGCGTTGCG,7364
CGGGCTTGCTCCGAAA,7359
AAACGCAACATATAAA,7342
CCATATGTATAAGTTT,7340
CCGACGCATACCGGGC,7339
CGGATTGTGTTTGTCC,7338
CTTACCTTGAGTGGAA,7338
CTACACCAAACCCAAT,7335
AGCGTTAACTGCAACT,7324
GGTACCAAACCAAACC,7320
AGCGTCTTGGCACACA,7309
CAACTAAACATAATCC,7303
TATTTAGGGACAAGTA,7300
TCCCAAGACCACCCAA,7299
CACGACTCTATCTAAA,7297
GCAAATATTACAAAAT,7295
AAAACCCAGCAACATA,7293
CGAAACTTAAATATCC,7287
AAAACACAATTACTAC,7285
TTCATAAAAGGTGGTT,7285
GCCTTTGCAAAAATAT,7282
TATCACATCCCATCAA,7280
TGTTATAAACCTAACT,7275
GACGGTAAATTTCCCG,7272
GCGGGAGCCAACACTT,7269
AAGTTATTAGACTAAT,7263
CTAGGATGAGGTTTCA,7263
AATTACATAACAATAT,7258
CATGCGGTCTAAAAGC,7245
AAAAGGTGGTAGAAAA,7226
TCATTGCACAGTCATC,7224
CAATCCCGAATCTCAA,7222
ACAATAACTAACGACA,7217
ACTACCACGAACTCCC,7194
ACATATAATTCTGAAC,7191
CTACGAACCTTTCCAA,7187
CCGTCCCAAAGTGCTC,7175
CGGTCGAAACTGAACA,7164
AGATCTAAAGAAACGA,7163
AACTTACCGGTAGGAG,7158
GTCATAACCAACAGCA,7151
CGGCCTCCAACCAGTC,7131
CGGGGAACGCGTAAGA,7113
CGAAAAAACTAGCCAC,7109
CATGAATCCATAGAAA,7107
CGCTTGTTGATGAATC,7094
TACAGGGACATCCTAA,7074
ACAGATTTGAGGAATC,7068
GGACCACTTATTACTA,7063
TGCTAACATATTGCCC,7058
CTCCAGTACGAAAGCA,7050
TCATGGAATCGTTTCA,7046
CTCAACTAGCAATCTG,7044
ATGCTACTTATCTCAA,7032
ATCTTCCACCCACCTT,7027
TCAAGTAGATGACTAT,7027
AATGGGATTTACAGAA,7026
CAAGGACGATCTTGAC,7024
TATACACATCCAAAGG,7023
TTCGATTCCTTCCAGA,7023
CAACCGAGGCACGCGA,7020
TTTGCAGAAGAAGGTG,7019
CTCAGGCGACACACAG,7014
GAGGAGCATAAACCGT,7011
AGTGAGCTCATACCCT,7008
CCGGGAAGCACTGTTA,6997
TGAAGTCGACGATAAT,6990
TTCATATACAGAAGGA,6986
CTATTCTATCGTACCA,6985
TACCTACCTGGATAAG,6984
TTCACAAAGTCTTCAA,6982
AGAACACTGGTAAATA,6981
TATTCTTGGCCAGTAC,6974
CTGAGTCCGCCCAAAA,6965
AGATTCTAGGCCAAAT,6964
TTGCTATATCAAGGGA,6960
CTACACACCGATATCC,6952
CAACCTTAGTAATGGA,6937
AAAACGTGCTGTTCTA,6933
TGTACATTCGAGAATG,6931
CTGCTAAAGGATCAAC,6925
TTTTATAGACGGTACA,6924
AATGGGGTCAAACGAA,6922
ATGGACAATATTATTA,6905
ACTATCATTGAAGGTA,6903
GAAGAACGAATAACAC,6901
GATATTGTTCTTGGTA,6894
AGATATTAAGACCCTG,6893
TTCTTCCACCAGATAA,6891
ATCCGAGTGGATCATG,6884
GATGCAAGATCGCGTA,6884
GTACTGCCTTGCCTCA,6878
AACAGCCCACTAAACA,6876
AATCCCTTGCTAATTC,6871
ATTTAATAATACATAA,6870
TGACATGCAGCGGTAA,6862
ACAAATTATCACATAC,6854
ATAAATGCAACACAGC,6851
ATACGACTATCTACTT,6844
TCCCCCTTCAACCACG,6843
CCCTAAATTAAATCTG,6837
GAAGAAAGATGCCACA,6837
AACTCTCCGGAAAACA,6831
AAAAAGCGTATTAAAA,6814
TCGCAAACATAATACT,6812
GAAGGCCTACAAATCA,6807
CTACGCGTTTGTTAAT,6806
AATAGAACGTACCAAA,6797
CATAATCACTCTTACA,6797
CTTAAGTCGACTAAGA,6796
CCCTCTGAGAATGTAC,6785
ACCAAGGGATAAAGGT,6783
AGGGACTATTACTGCA,6779
ACGAAAACCTACGCAA,6766
TTCCAATCAATAACGA,6764
GGCAAGAAGTAATACC,6758
ACAGCTTAGTATTTGA,6754
GGACCTGAGCCCCGGA,6752
GGAACACTAGGCAGAA,6742
CTCAAAAAAAGTAATA,6740
CAACCCACGATACGTG,6737
GAGCAAAATTGCCCTA,6736
TTAATGTCCCATCTAC,6736
TAAAAAACCGGGACTA,6735
ATTTATGCGGAAAGGC,6729
TGCTTTAAAAGGCATC,6729
TACTTTAAGCTTCGTG,6725
GAAAAAGCGGCTCTGA,6724
AATGGAAACTATACAG,6718
AAAATTACACCAGCCA,6713
AGGTGTCGAGCGAAAT,6697
CACCCACTATGTCACA,6697
CACAAGGCATGGGCAC,6681
AGACGCGAAAAGCCAA,6677
AAAGTCAATAATAAAC,6670
TGCGTAACATGATCAA,6670
AATGCTACTTATACAA,6667
AGACAAACATGGAATT,6663
ATGAAACCTGACGGCC,6663
TGGCAAGGGAAAACTA,6663
GATTGTTCTCTGTTCA,6658
TGCATAACAGCTCGCG,6650
TGTTCAGGTCTGCTCC,6649
GAATACCAACAGATCA,6647
TGAGCTGTGGGTTCGG,6641
AACGTCAAAGTTCGGG,6634
GGACGTAGGCAACGTC,6634
CCGACACAGTAGAAAA,6632
TTGGTCAATGCTCAAA,6626
CTATATTAACATATTC,6623
AGATTACCATATCATC,6622
TCCTTCTACTCAATGC,6607
AATAGACAAATGGCGG,6603
AAGCCACTATACAAAG,6598
AAACTACAGTTGCTAC,6588
AGATGTACTTACTAAA,6585
CTCATACACAGACGGG,6584
TCCGTGTATGAAATTT,6581
AACAGTTATACCTATT,6578
TTAGTACATAAAACAA,6578
CCACCGCTATGACTGT,6572
ACCCTTATAATAATCA,6558
ATGTACAATAACAGAT,6555
TCTGTCCACCGTCTGT,6552
AACCAAACTGTATGGA,6540
CACCTACCGCAGGTGA,6530
ACAATTACAAGAATTA,6526
AGGTACAACCTCATAA,6518
TTCGAAGCCCACTAGA,6511
ATCAAAAATAATACAA,6509
AGTCAAAAAGAGAACG,6505
CCGCACGTCTGTTCTT,6505
GAATTTTCTGAAATTT,6501
CTGAAATGGGACAAAA,6499
ATATACAATAACACGT,6495
CCCGTACGACTACCAA,6490
AGACACTGGAAACTCC,6487
ATAGTTGCGTTCCAAA,6483
TGTCTGGCTCGCGATA,6482
ATCGTGAGCTGTATCG,6470
ACGATAACAGAAACAA,6469
TAAATACGATGTGATA,6464
TTTGGTAGCGGGAACA,6462
ACCTCAAGTACACTTC,6458
AGTGCATCACAAGGCG,6458
AAAACGGGAAGCAAAA,6453
GCACCTGGCGGAACCT,6453
GTATAAAAGTTGAGAT,6448
CCAGAGTAAGATGTGA,6440
AGATAGATAAAAACTC,6438
TGCACAAGCGATAGTT,6431
AGTTCCACATTAACAA,6430
AGTAACATGGGCATGG,6429
CTCTCACTTTATTCGC,6428
GTCCTGTGAGTTAACT,6427
ATGCCCACCCCCGATC,6424
TCAGGATATTTGGTAG,6422
TGACAGTCAACTGTGC,6421
TATAACAACTAAAAGC,6416
TAACTGAATACATCAT,6414
TTGGTCATTCCAAAAT,6409
TAGCCGTGAAAAGCTG,6408
CAGGAACAATTATTGC,6406
CGTTCGGATACTCAGC,6399
TCAACAAGGGTGCGAA,6391
TTAGTATCCTCGAACG,6390
CCAACGGGACTACAAC,6389
ACGGTCTAGCGCAGCA,6387
TTACAATGAAAGACCA,6385
TGTAACTAGATATATG,6382
GACGTCCATCTTCCAC,6380
CTTACCATCCACGTGC,6362
ATGGTTATTGCCTATT,6360
GCATTTGTATCTGCAT,6349
GCAAATGTATCAGAGA,6340
GCTCGTAGGACACAGG,6340
ACAAAAAGCATTTTCA,6329
CATGTCCTTCAAACTT,6325
GGAAGGTAACAGTAAT,6321
GGTATTACAACGTAGG,6321
CCATAAATAATCCCGC,6318
GCCGGCCAAGAAATAA,6316
AGTAGTACCAATAGCG,6314
AATGTCAAGCAATCAA,6312
CCATTGATTAACTGAA,6312
CTTCTCTTAAACGATA,6299
AGTTCACACACAGAGA,6293
TAAATACGGCCACGAA,6289
CTTTGCCAAATGATTA,6285
ATTAAACCGCTATTTC,6281
AATGTACTCAACAGGA,6273
GACTTACATTCTTTTA,6272
ACTAGTACCTCAGAAT,6269
CAATCTACGTATTTGA,6266
GAAGAATTGTAGATAG,6254
CCTCTGAGCGATAATT,6251
ATACGAAACTGATAAT,6249
CATTCGGTAAAGCAAA,6245
CTCACTACGTTAACGT,6245
GGCGACAACAATTGGA,6244
AGCTTCAAATGAACCC,6243
CAAACTAGGGGAGTAA,6237
AACGAATCAGTCATTG,6235
CCGGACCGGGATCTGA,6235
CCCTTCCTAAAAGATA,6233
CACGAACTATCGCGAC,6232
AAGATTCCCGAATCGA,6227
TCCATAACGTCCACCA,6222
TGAAGTCGATACCTCA,6217
TAGCGAGTCTTCGTGT,6216
TTAGTGGTTTAAGGTT,6216
TTTACAATAGCAAGAT,6215
ATCACTGGGGCTCGCA,6210
TGCCACCGACATAAGG,6197
TTGGTAACACCCCAAC,6196
ATAAAATATTCACCAT,6193
CTGACCACCCACATTA,6193
ACAACACACCAACCTG,6186
AACTGGAAAAAAACAA,6185
GATCCCAACTAATCAA,6182
AAAGCTCTTTTGGAGC,6178
ACAGGTAGCAACATAC,6177
CAAATCAAAAAGTAAA,6177
CTGATCTCTACGTAGA,6177
ATAGACTCACACTCCA,6172
GCCGTAAAGTAAATGT,6172
TAAGCCATGGTTGGAT,6171
ACCCCAAATCTGAGTC,6169
GACATTAAGATAATGA,6165
TACGGCCAAGACTGGT,6161
TAGTTTAATATTTGAG,6159
TTCAGCCAATGGGACG,6156
ACGACATAACTAATGA,6155
ACAACTAGCCCTATCC,6152
TAAAAACTGATACCGT,6152
AAACATCAATCTACCT,6147
AACGTTATAAGACTCC,6143
AGGTGAGAGATGCAGA,6142
TTACAAATTGCAGTAC,6141
AAAATGCGCAAGACAT,6139
AATTAGTTTATGGACG,6136
TAGAACCACACAAATG,6133
CAGGGCGATTGCATCC,6132
ATACAATCAAGTGGCT,6129
AAGAAAATAATGCATG,6127
GTTCATAATAGGTAAA,6126
TCCTCTACGAGGTATC,6123
CCATTACGAGTTAATC,6110
TGAAATAGAATCACCA,6107
AAAAATTAATCCGGCA,6105
AGATCTCCGCTCGTTA,6104
GAAATTAACATAAAGT,6095
CTTCAGTTGCAGGAAT,6087
AATATCAAAACCTAGC,6085
CGATATTATCTGCGGA,6084
GATACGGTCATCGCCA,6084
AGGTGCTGTCCGCCAG,6081
GAATCTACAAACACGT,6079
AGCTTATTACGAGCAG,6076
TGTATAAGTCACATCT,6074
GAACTATGGAAATAAA,6072
AAGCGACCTACCATCT,6070
TCCAAATCCTTTGGCT,6068
AGAATTATTGTTTTAC,6067
GACACCAGATATGGGT,6064
GCTTTATCGTAAGAGA,6063
CTATCATCGTAATTCC,6062
CATAAAGTTACACACA,6060
ACTCTAGATTTCTCCA,6043
GAACATCAGTAAGGAA,6040
ACTATTTTATCCTGTT,6038
TCGCTACCAATCGCCT,6024
AATCGAACAGGTACAC,6009
GAACAAAGCAGCCGTA,6008
ATGCAAACATCCGAAT,6006
AAGTACAATTGCATTG,6002
AAACAACTCGTTGTCT,6000
TACTAACGAAGGGATC,6000
CAACGTAGAAGTTTAT,5994
GTCTCCAACACAGGAT,5991
AGCCACCAGATCTTTA,5989
AGGGACGCAGGGGATA,5984
AGTAGTCTCGTAAAAA,5984
CAGTAAAATAATTCCC,5980
ATGGGCAGCAATGACA,5978
ATACTTACCTCTCAGA,5975
TGTAAAGAGTATCCGG,5972
AGTCCGTTAGCAGTTT,5971
CATATGTTAGAGACCA,5963
CAATATAAAGGAGTAC,5961
ATGAACTATCCGCATG,5960
TGCACCCTAGAAGTTT,5960
CATGGGTGGGAATCCA,5953
GGCAGTAGTGTTAACA,5952
ACTCGGCTACAACATT,5951
TCTAGGTGTTTCAAGA,5950
CAAGACCGCCAATAAT,5946
AAAAAACTGATTAAAG,5944
GATGACTAACAATTTG,5944
AGCCCATGGAAGAGGG,5936
CCGTTATGCAACCTCA,5929
TAGACAATGTGTGTAA,5927
AACTTAGACCCTATGC,5923
GCGACCTTGTGGGGAT,5923
GAGCAGATTGTTAGGT,5922
TCAAAGAAATTGGGTA,5919
CCCTTATGGGCTAGAT,5917
TGTGACATTTCGGAAC,5916
CGCAAACGAGCCCTTG,5914
AGAGAACTAACCCTTC,5913
CTAGGGGGCGCGTCAC,5912
AATCCATCGAGGATTT,5911
ATTGAATCTTAAGAAA,5910
ATCAAAATACAACAAG,5909
TATTGTGGAGACATCA,5909
ATTACTCAAGGAAAGA,5908
CTCAATCAACACGGAT,5905
GTTCAAAACGGCAAAT,5901
GATTATAAGAGTCTAA,5898
GAACCAATGGTAGCTT,5896
GTAGAAGGAATGAATA,5896
CTATTCACCTGCTGTT,5894
CAGAGGATCAAAGTTA,5893
TGAAATACGAAAATTC,5889
TATATTTCATGTTCCA,5887
CCCATTAAAAAGAACC,5884
TCCAAAAGACAGGAGA,5883
TTCTCGATTAATGCTT,5883
CCCACTCAATACTGTT,5882
CCGAATCGTTACCCTC,5875
TGAACAGACGCTAATA,5872
CATAACAAGGATGGCC,5870
GGGTTCACACAAGAAT,5863
CGGATTCGCTTAAGAG,5861
GGTGCTCTTCGTTGCA,5861
AATGTTTAGATGGCCT,5856
AGTCGCGAAGACACTA,5854
TGAACCCGGGCCCCCA,5854
TTTTCCCACTATCACT,5847
AACCCTTTAATCTACC,5844
CAACAACTTTCCGTGC,5842
GAGTCACCATAATAAC,5842
CTATCTTAGAATGACA,5841
CTTATAAAATTAAGAG,5838
CTCAAAATTATGAGGG,5837
AAAAGTCCTGGTAGCG,5836
TCCTCGCAAACTCTCA,5836
AAACACAAAATAATAC,5834
AGAACACGAATGTGTA,5833
GCGCCTAATACGACGA,5825
GTAAACATATGTTTAT,5824
TCGGACCCATTTAAGA,5814
TAGTTCAGCCAGCTTC,5810
ACGAAAGCCGAAATCT,5804
CATTCGAATGCCAAGG,5801
GTAGCCTCGATAGAAA,5799
CCGGACATTGATCGCA,5797
CAAGTGTTCAAACACC,5789
ACAAGCAGGAGTCCGT,5782
TACTCAGTAGAAAGTA,5781
CGAAAGTACTCAGTAC,5778
ACATATTGTTGAAATA,5777
ACACTTTTAAAAGATG,5773
ACTGGAAAATGACTTT,5773
GGTATATGAGAGTCTG,5772
TGAACATCTTCGATAG,5772
ATCAAATAACATTTCC,5771
ATGATAGGCGATCCTA,5771
AACATTATACCTAACC,5770
CTTACAACCCATAACT,5768
TATTTGAGCAAAGAAG,5766
TCTACCGCAGAAACAC,5764
ATCTACCAAGAATCTT,5754
ACAAGAGATTAGAACT,5746
AACAATTACTTTTCAA,5745
CTAAGCCCAAATAATG,5745
GACCGCTCATGGCGCT,5742
CGATGAAGAACAAAAC,5741
TATGACAATCGCTCTC,5722
GATTAAAATACCACCG,5719
CGAAACTACGAATCTG,5708
GCTTTGATGCCCTCGC,5706
CGCCCTTCACCAAAAT,5705
AGCGGCCAACTTACAA,5702
ACAGGATGCACTATTT,5701
ACCACCTTACAAATCT,5696
ACTAGATTGCCGGATC,5695
ATTCGCTAAAACGGCG,5694
CCGAATATCGCAATTA,5687
AATTTGAGAGTGAACT,5686
CGTTACTTTTAGGCTA,5686
GAACAAACAAATCTCC,5678
TCGGACTCTATCGAGT,5674
AGCAGCAGGAAATAAC,5670
GGCCAATAAACACAAC,5654
CAAAATAGATAATGAT,5653
GATGTAGATTGTAAGG,5653
TCCGACCATCAAATCC,5649
CGTACCACCGCACTTA,5647
AGCAGACAATACAGTG,5641
AACTGAGGTCTGATGC,5640
GATACATGTGAAGAAA,5638
AAGAGCACACTCACTA,5634
CGAACAGCTCTAATTA,5627
GTTGGCTGAGTATAAA,5626
TACGGACATTCATTAC,5626
GAACCGCATATTAGCC,5623
ACAGAACTTTTGGCTT,5616
AAAAGCCAGCTTTTGA,5614
TTGACGTTCATCATGC,5614
CATATGTTTATTGATG,5611
GATCACGCATCGGTAA,5611
CAAACAAATGTTGTCG,5607
CTACCACCCGACAATA,5606
TTGTTCCAATTCAGTC,5606
TTAAAGACTCAAGGCT,5605
ACTTTACATATAACGA,5601
ATTACCATATACGTAA,5601
ACATTCGCATTACACA,5598
TATACATTAGAAAGAT,5598
CTATTCGGTTTAAAAA,5597
AAAGTAAAAGTAAAAG,5590
GTGCCATGAGGAGAGT,5589
ACCAAACATTGTTACA,5585
TATTGCATCCAATAAA,5585
CTAATTAGACCTTAGA,5584
GGATTAAAATACTCTC,5583
CAACTCCAGGAAGACA,5582
AACAAAAACAGTCTGA,5579
TCCTAATAGTGAATGA,5571
ATACACCAAGAGGATA,5570
TCCAAAAAATGTCATC,5568
TGACTACGCTCGGCTC,5563
ACCGTAATCTCCATAG,5561
TTAAGCCGGACACGAA,5561
TGTGCCATTTAGCTGA,5560
CAGGCAGCGCATAAAT,5557
CAAGACGAAATCCTGT,5556
AGAGGAAAGTCCACAT,5551
GAGTGGTATAGCAACA,5548
GTAAGGTCTTCTTTTT,5547
AAGGCAGTCCCGCTCC,5546
TCAACATCCTATCCAT,5544
CGATTTTTACGTACGT,5542
CGAGTTGAAAACCAAG,5541
ATGAAAGATTGGTAAA,5539
TCTATAAGCAAGGCAA,5539
ACGGAAAATAGCCCCT,5538
TAATGAATCAAGGTAA,5537
ATTGTTTATAGACCAG,5530
ATCAGAAACCATTCAA,5528
AGAAAATATCACCTAG,5527
CTAAGCCTAATACTTT,5527
CTCTAAGTTTCGGACT,5525
AGTGTCACACAAATAC,5518
GGCAAACGAACTCGGC,5514
GCACCCAACATATATT,5505
CGGCGGGGCATCCATT,5504
TTATAAATCGTTTAAG,5504
CCGACAAGTGATTACA,5500
TAGAAGGTGACGTAAA,5494
AAGTGCATTCCATCCA,5493
TGGGGAAGTTCAACCC,5493
TAGGTTAGCATCCATT,5492
AAAGCACTTTGGCAGA,5489
TGATGCTTGCCTCCAA,5488
AGTTGTGTTCCCTGAG,5487
GAAAACAATCCGTCTC,5485
CAATTCTAATCCGATT,5471
AACTGAGCTGAATATA,5462
TCTAGCAGGGGTGTGG,5462
ATAACCAGTCAAATAA,5461
CATATACCAGGGGGAG,5461
ATGCTCAAATCATCAA,5460
CCATCATGCTAGTTGC,5460
GAAAGGACAAAAATGA,5458
GGCCACATGACCACAT,5454
CGGATCCACTAAATAT,5453
CATACAGGGCTGACAT,5450
ACACTGGCTCCAAAGT,5447
ATGTACAGAAGATATC,5447
TGTTACATTTCCCAAC,5446
AAATTTTTTTTTCTTT,5445
AGGCCCGGTCTTCAGA,5442
GTCATACTTCTAAGCA,5442
CTTGATTAGCTTAGCT,5441
GAGCTCGCGTGTGGTT,5441
CTACGCTCAAGGCAAG,5439
AAATATATCTAAAATC,5437
TAAAGGTCCTGATTCA,5436
CAAAGTACTATTCAAA,5432
CGAGCATAAGTTACAT,5430
GTTGTTTCTAAAGAAA,5427
GTCGAAAGTTCATAAT,5426
CTGTAACACGAGAAAA,5424
AGAAATTCTTATTACA,5420
AATTATAAGAAAGTAA,5418
ACAATCAGAACTCTAA,5415
AGTATCCAATCTCAAC,5415
TGGTAGCACTCTAAAA,5411
GTTACAATCAAGTTAG,5410
AAAAAAAGTAATATCA,5409
GCTGGGGGGGCTTAGA,5408
ACTCTACATACCTCCC,5407
ACAGATGTAATTGAGG,5404
CGATACTAATGACCTG,5403
AAACGCCTTAGACCTA,5397
TGCCTATAACCGCCAA,5397
GACGCTATTAAAAAAC,5394
ATAATCACTTACGCAT,5393
ACGTATAACATCAGAA,5386
AGAGTACGGCAGAAAA,5385
TCTTGTCAATATGCGA,5384
TCACGCCAACCGACAC,5383
TTTCATATCACTCTGT,5382
AAGTGCGTAAAAAATG,5376
TGTCACCGAACTACAC,5376
ACGCACACCGGAATGA,5374
TGACGTTGTAACTAAT,5374
TCCCCAATGGCTATAA,5371
TAACCCCTACAGCTAG,5369
ATGAGATGGGATATGT,5366
TAATCAAGAAAGTTTT,5363
GATATTAAATATTTCT,5360
CTCGGACACCATACAA,5348
CTAGAAGAATAACTAA,5345
GCCACAATTTAGGGAT,5342
TTAATGCGTTATAACA,5340
ATAAAAAAATTCAGCT,5338
ATCTATATCATCAGAC,5338
CTCACACAGGTGCCTT,5337
AACCAAATTGGTTCTA,5336
ACAGCTACAAAAAAAG,5336
ACCTGGGACTGCAGAA,5335
ATATTTATCAACAACT,5334
GTACATTTTCCCCTGG,5334
TACTGATTCCATATCT,5330
TAAGACCGACAGACTT,5320
CCAAATCCTGCAACTT,5319
AATCAATTAGAAAATG,5316
ACCCAAGAAGTCGACA,5312
TAACACTAACGTATTC,5306
GAACAAACATTAACTA,5305
AGCTCATACATGATTA,5301
ATAATATAAACACAAG,5300
AAGGAAGATGAGAATT,5299
ACAACATATCACCTTA,5297
ATAGTGACATCCTAAA,5294
CAAGGTCCAAATCAGA,5283
AGTCCAATGAATCGGG,5281
AACTAATTGAAGGTTA,5278
AACGTGCATATAAGGA,5275
GCAAGCGTAAATATCA,5272
AGTATCCATCTTACAT,5270
GCCTAATCATGTAACG,5267
ACCGAAGCCAGGGCAG,5263
GAAATTCCTAAGAAAA,5258
AAATAATATGCGAAAC,5257
TACACTAGGTAACCTG,5255
TTACAATAACAGCACT,5255
AAAGAAAACTAGTGAT,5252
TTTCTAAAAGTCGAAA,5248
AATAACGTAAATATAG,5247
AAATACTAATAAACAA,5245
CGACAACATTTAGCAA,5245
CCTGGTACAGGCAATA,5241
CTGCCTACGCCAATGA,5240
AAAGAAGCCACCACAC,5239
GAACTTAAAAACCAAT,5237
AACCCGAACACCGTAA,5236
CCCTGATGAGTGATTT,5235
GCCAGAGGTAAAACAA,5235
TAGCACTAACTGAGAT,5235
TCAAACACGCTCACAA,5234
GCAAATTGTACTGCAG,5229
TGTACTACCCAAAATA,5229
ACAATCCTAAACCCAT,5228
ATAAACCCCACAAAGA,5223
AGTAGCATATAAGTGT,5216
GGCTTCCAAGCAGTAA,5211
AAAACGGAGATGAAAC,5209
CAACATTACGCGTCGA,5206
CTCAGGCATATCACAT,5206
ACCCACTACTAAGGAA,5205
ACGGCCTACAGAGATA,5204
CTCGGTCTACAATAAT,5203
GCTAGACGCCAAATAA,5203
GGATAGATAGCTTGAA,5201
GAAAACTATTTAATGG,5198
TTAAAAACAATTCCCA,5198
TTAGTAACCCACACTA,5195
TGAGCCTTCTATTCGA,5192
AACCCCACAATTAATG,5191
AGCGGGCAACTCCTTA,5187
GCGTGTGAACTCTATA,5186
AATAGACAGTAAGACC,5183
GCAGTATTGGATTATA,5181
GCAAGATTATACTATA,5179
TTCAATTCATAGAGCA,5178
AGTCTTACGTAACCTG,5176
AGGGGATTAGACGGAG,5175
TGCAAGAATACCATAT,5174
GGGCACGAGAAGACAT,5173
TATGACTTTAATCCGA,5172
ATCCTCTGTGGTAGCA,5171
CTGATAGAACAACTTT,5171
CCATAGGGACAAATAA,5166
CATTAAATGTAATATA,5165
GCAGGAACACAAGTAA,5165
ATATGCGCAGAGTAGC,5161
AGCTGGAGTACCGGAG,5157
CATACAAAAGTTACTC,5157
TAACATGCCATATACA,5157
GGATAATAACAAACAA,5151
TTAATCCTTTTTCCGC,5151
TTGACTTTTCACAGCC,5151
AGATAATATAGGGATT,5150
GACGTGAAAAAACAGA,5150
AGGTCCCAACCTCGCG,5149
TTATGTCTAGTCAATT,5147
CCTAATAATCCTACAG,5144
TAACCGTCTCCATCGT,5143
AAACCAACGGAACGCT,5141
ATAAAATAAAAAGTTG,5140
CCAGTTACTAGAGGTT,5139
CTAAACAAGAGGAAAA,5139
GGCCTTAGGAAGATTC,5139
ATGCACAAGAATGAAC,5138
TAGCATTACGTGACAA,5138
AATACCTTGGTAATCA,5136
GTCTTCCGTAACGGAT,5132
CTATCTTTTCCCATCG,5131
GAGATAGCATTCTCAA,5128
AGTGCATCTATCGCAA,5127
CTACTTCGACCCGATT,5117
GTCAATCAACTTGAGC,5117
GTAGATGTTCGAATTG,5116
CATGCAAAACGATCAG,5110
ATAAAGCAACCAAACC,5108
CACGCTGCCCTTGAGA,5105
GAAAAAGTTATAAGAA,5099
GCCACCGTTCTTATAC,5099
ACGACATCCATGACTA,5098
TTGCGACCATGCTGCA,5098
AGACTCTTTTGCAAAA,5096
TTACCAAGCAAGTTAT,5096
GCAACAGGATAACCTG,5095
TGGATGTAAAGTCAGA,5091
CCGTGAGACGTATTAG,5089
TTGCGCGCATTATTCT,5082
AGTTAGGAAGCCCGTC,5081
CGTCCGACTGATCCAA,5080
AATAGGAAATCATGGA,5077
CGATAATAGGTTAAAA,5076
AAAGCCCCAAAATAAA,5075
GACTGCAGAAGATCTA,5075
TAGAATACTTCAAGAA,5074
CGAATTAAAATGCCTG,5067
TTAACTGGCAGTAATT,5066
AAAGTGCCGCAGAATC,5064
GTGAAACGACCCGCAA,5060
GTGCAAATGAGCGTGC,5060
ATCTCATAGGACACAT,5059
TCAGTGAGCTGGGATC,5053
CACAGGATCACGAGAC,5051
GTCATATCTGATGGAA,5049
ACGTGTTCTAAAACCT,5048
CAACGAAACACCGTTA,5048
ATAGCTAAACCGGGGA,5044
GATGCTACCAATGAAA,5044
TCGCTAAGAATGAGCT,5044
ACAAAAGTACAAAATT,5036
CAAGCAACCCCAAGTC,5033
TCTCTTAAACCCCAGG,5032
TCTACAAGATTGAGTT,5030
CGTAATGGATATTGAT,5028
GACCTACATACTGCAG,5027
ACCAACCTGGCCCGAG,5026
AGAATGGACATTAGCC,5026
CGAATCGCGAACTTCA,5024
TATCTTTAGTCAAATA,5020
AAATGTACCAAGACTA,5019
ACGTTAAAAGTCCCAA,5019
GTGAATACACATTTAC,5017
GTGGATTTTGGACTAA,5015
GGCGCAGGACACCCTA,5014
GTATAAACTGAGAACA,5014
TGCTCCGTTCTCTATT,5014
CAGGAGTATATCTCCC,5013
TAAGAGCGATCTAGAT,5013
GATGGAGAACCGAATC,5012
CCACTGTCATATTTAC,5011
AGGAGCGCAGATCCAG,5008
ATCCAGATTAAAAGCA,5003
CAAAGGTAAACGTGAG,5002
TTAAGACGCCATCGTT,5002
AAATAGTGTTCAGGAG,5000
AGTCACATGAGAGAGT,4999
TGGCATTATCGAAGTA,4999
ATCTAAATCGGCATAT,4995
CAGGCGATTACAGATT,4995
GACATTGAGGTAATAA,4995
GTCACATGTCTGTCCC,4994
TAATTTTGACTTTCAG,4994
AAATACGCAAATTAGT,4991
GGTTACATAACTTTAG,4990
CAATGCAGCGTTGTAC,4984
CGTAAGTGACACCTCT,4982
GCCTAAATCCACCACA,4981
CGAAGATACAAGGCTG,4975
CACATGATGCAGTTTC,4974
ACCCTCAAGAACACTA,4971
CACCTTTAACATTAAT,4971
AAACGAAAGACTCCAG,4969
AAATTTCAGAATTTTA,4968
TACCTCTTCGCAAAGG,4968
AGAGAATATATAGGTA,4967
CCGAACCAAATGTCTT,4967
AGCTTTCGCACATGAC,4966
TCAAAACACAAATCTG,4966
GAGAACTGAACCACCG,4962
TGCTAACTGTCTTCAA,4957
TAAGACCGAGTGATGA,4955
AGAACATATCCGAGTC,4952
GACATACCTACATCCT,4951
CCGACCACTCTTCCCC,4950
TCGAATCTAATGACCG,4949
CGTTCCCCAAAATATA,4942
TACGATAAATTCGGAC,4942
TACATCCTTGTCACAG,4941
ACCCCTACATTGACAC,4939
AAAAAGAAGCATCAAC,4937
ACAAGACCGAACGCCG,4937
TCACTAAATCTAAAGG,4936
TACGCTGAACCAGTCG,4933
AGTTGAATATCATCGC,4932
CTCAAATATAGATACT,4931
CAATCGAAAAAAGAGA,4926
GTCAGTCATCGAAACA,4926
TTGGCTGGGAGAATTA,4926
TAAATTATGAATTAAC,4925
CTCACGAAGAATGTTA,4924
CAAATAGAAAGGCATG,4923
CCACTGGACTGGCTTA,4923
AGTGGGCACATAACTA,4921
AATACACCATCTGAAA,4916
TCGCAGATACTGAGTA,4912
GCAGATGCAAATGCCA,4911
CCGAATCCAAAAACGA,4909
TTCATAAATGTTAAAA,4909
CAACTACGGCAGTTCA,4906
CGCTGGCGTTTACAGC,4899
ATGTACAAGGATAGAT,4898
TAAAGCAAATACACGG,4893
ATCATGCACGGCTCCC,4891
GGTGTCACCAAAATCT,4891
CCCGACCATAAGCTGG,4890
GAATTTCAGAATTAAA,4889
TATATAATTCATTTAA,4888
TCAATCAATCGATTAA,4888
TGGCCTCATGTACCGA,4882
TTCCGAAGAAATAATG,4881
ATAATATCAACTGCGA,4878
CTGCATAATCACAAGT,4872
TTGCTACATTTACCAA,4865
CTTCAACAAAACCAAC,4864
AGAAACTAAGAAAATA,4863
ATCACGCCTTCAAAAC,4861
GAACCTATTGCAATCT,4858
ACTTTGAGAATCCTCG,4857
TAAATCCACTTGTATT,4856
TCTCCAAGATGATAGG,4856
TGAATCAAGCAAGGCA,4856
AATGATAACGGGGATA,4853
AAATATTAAAGATTCA,4850
TCACCCACTCTTCGAA,4849
CGCGGAGACGAACTCT,4848
AAATCACCACTTACTA,4846
TCCGATTTCATTATCA,4843
CAGATATCACATGCTT,4842
TCTCGTAACCTGGGCA,4842
AAAAACTGACCTACCT,4839
TGCCTGCGATCGGGTA,4839
GTTATAAGTTATGATA,4838
GTAAAGACACACGGTC,4835
TAACCCGAAAGTACGG,4835
GTGGGAGAGGATACAA,4834
AAGTTACTGTTACAAT,4829
GAGAATTTAAATGTAC,4829
TAATAACTAACTGACG,4819
CCAATCTCTACATTCT,4814
AATTTCCCTGTGAATC,4812
TCTTTTTCCTTCAATC,4809
TGTCAACAATCCAGAA,4807
AATTTCAATAATACCC,4804
TTGTATATAGAGTCCC,4803
CCATGCATCATATGAG,4799
TTCAGGGATGTCCCTA,4796
CCGCAAACTATTGCAC,4795
CACTCAAAAATTATCA,4794
GTGTAAAAGTAACAGA,4794
GCTCTACACCTGTCAG,4793
ATTTAACCTTGCCCAT,4792
TAAGCGTCCTACCCAC,4792
TTAGCAACTCAGTAGC,4790
ATATGAATCGTAACTA,4782
TAATTAAAGCAGTTTA,4782
GGTTCTCAATCGCAAC,4780
AATCTGACTACTGAGT,4778
TCCACTACAAGACTGT,4778
TCTAATTACTACGCAA,4775
AGACCCGACTCAAACA,4768
AATATCTATAGAGCGA,4765
ACACAATAAACAACTC,4765
ACTAAGATTAGTGATA,4764
CTATGCATAAGACGGT,4763
TCTACGTGGTTGACCA,4763
TACAGGTTCACACTAG,4762
TACAGGGTGTCATGAG,4759
TACATCAATAGCGTCA,4755
AGCGAAAAAGGAGAAA,4754
GCCACACAAAAACTAA,4752
TCGAGGTTTTAGAAAA,4751
ATATAAAAGTACATCG,4749
GAACTTAGACAAAAGG,4748
TTAATCACTTACGTAG,4748
AAGCAGAACATATCAT,4747
ACAGTCTCACACCTTT,4747
ACCTGTCCGAATATTT,4744
CTAAAGGCCCAACTGA,4743
ATAATTCTTGTCGCTT,4741
ATTGTCTAACTCCTAT,4740
CAGAAGACTAAGCCTA,4739
ACACTGTCCAGAGCAA,4738
CGCGAGTCCACTTGGA,4738
TTAAAAGCATAAACTC,4734
TGCACTATCCCAATAA,4733
ACCATCTACGTTCCAA,4729
CGAACAAGGTGCCTTA,4729
AATACCGGACTATGGA,4727
CGAACTGGCACAGTAC,4726
ACTTCCTCCACCATCC,4723
CGAACCTCATATAAGA,4722
TCTGATATACGCCATG,4719
GATCGTATTGACTTCC,4718
TGTGCTCTCCCAAAAA,4718
AACACTAGGTGCCGGA,4716
GCTTAATGGAGGATCT,4709
ATATTGAAGGATGTCA,4704
TAATCATAAATTGCAG,4703
GCTTTATGAAAACTGA,4702
AGCTTAAAGTTCCCCA,4701
ACTCTTTCAAACTACC,4699
AGGATAAACTCGACAT,4699
CAGTTTCATACAGTGT,4698
AAAACCAATGATATAC,4691
CAAAATAAACAAATCA,4691
GCGTATAATAAGTTCC,4690
AGGGTTGCCAGCTGGT,4684
TATTAGCGGACTAAAA,4682
AATCAGCATCTGAGCT,4677
ACTACCCACCTTAGGA,4677
ATGTTTAGCTAAGACC,4677
TTTAACTAAAAGAAAC,4677
ACGATACTAAAGCATT,4674
AAAGAGCTGTGTCTGT,4673
TCACTTCTATTACGCA,4672
AGTATCGAGAGCCAAA,4669
TGCCAAAGTTAGACAC,4669
AGTGTTTAGTAAAAAC,4668
CAACACAATCTAACAC,4665
AATTGGCTTCTTCTTC,4664
AAAATTCTGCAAGTTT,4662
AACCCAATGTAGACTT,4662
ATCACACATTTGGGGG,4662
GAAGTACAACGGTTCT,4662
AAACCCCTCTAAAATG,4661
TTGCATTGAATTAAGA,4661
ATAGGAGGTCAACACT,4659
ATGTACGATACGTGTA,4659
ATGTCGTGACTAGATA,4654
ATTACTGCCTGCAAAA,4650
TAGACTCTATTCGACA,4650
AAACAAGATCACATCC,4649
AACCACCCAGGAAGAC,4649
ACGAAAAAAGGGAATC,4647
TGTTTCGTCTGGGACT,4646
ATAGCGTGGAAAAAAA,4643
CTTCTAAAAGATATAG,4641
GCCAGAACTATTAAAG,4640
TAATAAGTTTAAGAAG,4640
GTGTTCGTATTCCTGC,4639
TCATTAGGCCTGCAGG,4639
ATTGACAAGGAGCGGA,4632
TCGCGGTGGTACTACA,4631
CGATTATGATAAATAC,4629
GCTATTCGTACAAAAC,4628
AAATGTAAAAAGTTTC,4627
GTACAACAAGGGTGGC,4625
ATGTCGTATAAAATAT,4619
CCCAAGCCTGTGAAAT,4618
CTACGGATGGGTGTAA,4618
GATTTATTAATCCACT,4614
ATGTGCGCATGAGTAG,4612
AGACTGAACGTCTCAA,4610
GCGAGCTGATAATGGC,4607
GCTTTGACCAGTGGCA,4605
AAATGGTATTGAACGT,4601
ATAAAACGAGAACGAA,4599
ACACAGGTCGTGACAC,4595
CCTTATACAACATCAG,4592
ACACAGGAAGTCCATT,4591
TTGCTCGTGACTCAAA,4591
AAGGCGAATACCCGTT,4589
AACTGAGTTACGGAAA,4587
CGAAGAGGCTCACTGG,4585
ACGTAAACTAAATATA,4582
GTGAGATCTTGCGAGC,4577
ATAGGGATTGTAACAT,4576
ATACTGTCTATATATA,4575
CCTACTGTCAGCTTCC,4575
AGGCAGGCGTTGAAAT,4574
ATTAAACTGGAACGAC,4574
GTAGGATTAAAGAGGC,4573
AAACCTTTGGATCCAA,4571
CGACTTTGCCAAATAG,4569
GAGTCTGCTCTTTAGG,4569
TGCCCTCCGACATAAG,4568
GCCTAGCAGTAAATAG,4563
CTGATAGAGACCAGCA,4561
GCCCGGTACAAATAGA,4559
AATTTCACGAAGAGTA,4558
GAGCGACCACTAAGAA,4558
GAATTTCCTACGCTCC,4555
AATCGCTGCTTGATGG,4554
CAAGATATCCTAACAT,4553
GACAATTTAAATTTGA,4552
CCCACAGACATACTTT,4549
GCAGCTCACGGTGATG,4549
GTTGAGTAACAACATA,4549
TCATCTACCCCAGAGC,4549
AAATTAAGGATAAACC,4548
GCACCGCTTATTTGGA,4548
CACAATTACTTTGCTA,4546
TTAGAATCAAAACCAA,4546
TGACATCCCCAAAGGA,4542
GTACAAATTCTACCAC,4540
AATTGCCTTATCATCT,4538
AGTAACTGCTATACGC,4537
GGCTCAACTATGCCCT,4535
TTCTTAAACACCTAGC,4530
GGAACTTAGGTTTCCT,4529
CATATAGATGTAACCC,4528
GAAAGAGTGATTGTTT,4528
ACTTAGTAGATCTGAT,4527
GGCTACGCTGAAACCA,4525
TACCCCTAATAGATGC,4523
TGACAGATTTACGATA,4521
TATGAATAAGGCGCCA,4520
GCTGTTGTGAACTCAA,4519
CAAGATTTAACCATCA,4518
CCTAGCCCCTGCTAAA,4516
CTATATCCGCAGTGCA,4513
CTCTTCCCCTTTAAAA,4512
CAATAGGAAACCTACC,4510
CTAGGAACAAGCTAAA,4507
GTAAGGACTAATGATT,4507
CCAAGCTTGACCGCAG,4505
ATGTAAAAAGTATCAA,4502
TCAGAGAAATTAACTG,4502
AGGCACAGCCCGTAAG,4501
GCGAAAAACTATGTAA,4501
TCGATCTTCCGGAGTA,4498
TCCAGGTCTAAAGAAG,4497
AGTTATGAACGAGAGC,4494
TCGAATCAGTAATCTG,4494
TCGGAAGCTTCAAAAT,4494
GCGTTACAACCATAAC,4491
ACGCTGTGTCCCCGCA,4490
AGCATTCAGGTAGGGA,4489
CAAAACAAAAAATAAG,4488
TGTTAAATTTGACATT,4487
CTAATCAATTCGAGCA,4483
TAGCATTTAAGTTTCG,4483
TGTACAAGATTAATAT,4483
ATGCCAAAAAGTCCCC,4473
GCGCAACCCACGTTGA,4472
AAGCCGATTGAATATG,4470
AATTAAAAGCATGAAG,4470
AATGGACATATTGACA,4469
TGCTGCAACGTCAACA,4466
AAGGTGGCAAAAGAAT,4462
GATCAAATTCTGTGAT,4456
TCATGAGAAGTCAATG,4454
TTATCTTTCTAAAAAA,4452
CTGCTAAATTGGAAAG,4451
CTAAAGAGTAACTCTA,4449
GGTATACATGAGCCCC,4448
TTCATTGCACGAAAGT,4448
TTGTCCAATGCTCAAA,4448
AATTGAAAAGGATACA,4445
CCACATTACGCTCAAC,4445
GACTAACGACAAAATT,4445
CCAATCTACAAAAACA,4444
TGACCCTCCCTTTACT,4444
ATAAGAAATTACAAAT,4443
AATTTTACAAACACTA,4442
TCGAATGCTTGACACA,4442
TTCGCAACTATCAGGA,4440
CTCAATAACTAGTGGA,4438
CACCACATACTTTGCC,4433
TCCTCAGCACCCGTGT,4430
GATCCAACTATTGAAT,4427
ACGACTACAGATACAG,4426
ATGGAACACCTGAAAG,4425
TCCTGAATGACTTAAT,4425
CATGACTAAAACCTGA,4424
GTGTTCGCTGAATCAA,4423
CCATGGTCCGTTGGCT,4422
AAGAAACATTGAATGC,4421
CTGAACTATCATCATG,4418
TCCTACAACCGGTGAA,4413
CACAGACAAGACGATA,4411
GGATGAGAATAAAAAG,4410
TAATGAAGCGTCCAAG,4406
ACATAAGCCCCACAAG,4402
CTAGCTAGGAGATATG,4399
CTCTAACATTCAATGA,4399
TTTCCCAAAAGCCAAC,4399
ATAATCTCAGCCGCAT,4396
GCTGACAAAAGAAACC,4394
AAGCTATACCATTCTC,4392
GCCTCATACAACACTT,4388
TCACACAAGAAGCGGT,4387
TCAGCAAACAAAAACA,4384
ACACATCAATGAATCT,4383
TGCAACGTCATTTTTC,4382
AGCAAAAACATTAGCT,4381
CCCATTTACATTCTAC,4381
CGGACTAATACGAGCA,4380
TCAGTAAACTCTAAAT,4380
ACTACTTGCTACCAAT,4379
CCTAATCAGTTAACCT,4378
TAAAGCATTCCGGCTA,4377
AAACGGGTTGAACAAG,4375
ACCTAGGAAGTTACGA,4375
AGAAAAACTTACAACT,4375
CTCTCCAGAGCGCGAC,4375
CAAGCCACACGTCCAG,4374
AAGACAACTTGGTAAA,4372
TTACCAAAGTGACCAA,4371
AGGTACGATAGCGTGC,4369
GAATCAATGACCAATC,4368
GCAACCCGGCAAACGT,4365
TCTAACTTGCATGTTT,4364
AAAGGTTTTTCCCGTA,4363
CGCTAACTCTATAACA,4363
AGTCCAAGTTATCTCT,4362
CGACTAATGAACTTAC,4362
CTCTAAAAACGTTAGG,4361
ATGCCGCTAGTCTCAG,4356
GTTTTCATAGAAAGAA,4353
TACGATAAGTCTAAAG,4351
ACACTCGTAGAAGTCA,4350
TAATTCGGGCGGACTG,4349
CACTGCGTAATACGCT,4348
AGAAGTACACAAACAA,4347
GAAGCAAGTTACAACG,4346
TACAATATTAAATTCC,4346
TTCAACGGCTAGGGAA,4345
AAGACCTAACCGGCCT,4343
GGGTCCCATCTCACCA,4342
TCCAAACTAAAGTTTG,4342
TGCTATCAAAAGGTGG,4342
GTACACTAATTAAACC,4340
ACAAACTCATTACAAC,4339
ACTAGTTTTTACAAAC,4338
CGGTAGCTGGGATAAA,4338
GCGAAACTTATGCCAA,4336
ACATGCGGTCTGGCTA,4333
GCACATGTGGTAAAAA,4328
GGGATAATTATCAAAC,4327
ACATTGAGTCTATACT,4326
AGAATCATTTATTAAC,4326
AAACTTCTATGCATGA,4323
GAACTGTGACAGTAAT,4321
AACAACAAAAATAATT,4319
ACACGACCATATATGC,4319
GGGGGAAAATGAGATG,4318
GAATATCAGAACAAAC,4313
TCCCAAAGGATTACGA,4311
AAACTTAAGGCGAGAT,4310
ACTGGACATCAATATT,4310
TTTGATAAAGAATACG,4307
ACGTACCACGCAAGTC,4306
AAACACGCACATACCG,4304
ACAACCAGCAGCCATA,4303
CTCAGGAGAACGTGTA,4302
GGACTACCGGGTCAAG,4301
GAATTTTAAGCAGTAA,4300
TTGAACACCGACACCT,4295
CCTCAACCACAACGTC,4292
CCTTTGTTTTGAATTT,4292
ACGAGACATCATCAGA,4291
GGGATCACTGATCAAG,4290
CAAACCCATAACATAC,4289
GCGCCAAAAATTGATT,4289
TTGGATCTAGTGACAT,4289
AAAAGGACTTAGACTG,4287
TATGCGTATAAGCCAT,4287
AAGCCAACTCACACAT,4285
AGGGATTACAAACACT,4285
ATTAAGCTCTATAAGA,4285
GTCAGAGAATTATGAT,4280
TTGTAACACTCAATCC,4279
ACATGCAGAATACTCA,4278
TAACTCATTCATAAGA,4274
GCGGTAACAACGACCT,4271
GCCGCAAAACGCTCAA,4270
TCCCAGAGCTCCGACC,4270
GCTCAATTGTCTGCAC,4269
CATGAATACGAAGCCC,4267
TAGGTAAAAAGCTGAG,4264
ATATCCAATATCGGAT,4262
GTCAGTGGGGCCTGAA,4262
ACACCCAAACAAACAT,4261
TATAGTGTTCACTAAA,4257
CACGATACCATTGTTC,4254
CTACGTTTTAAATACT,4254
ACAAGCTAGAAACATA,4252
TGAAGTGCCCTCAAAA,4250
CTTTTCGACGTGCTGA,4248
TTAATATAGGCTACCT,4240
AGCCCAAAAACCACCG,4237
TTGTTAGTCAATAAAC,4236
ATTGATAATGCATTGA,4235
GCGAACCCTTTAGTAA,4235
TGCAGACCCACCAGGA,4235
ACAAACTCTGAAGTCA,4233
CTAAAACCACCTGGAT,4233
GCAGGAAATAGCAGGA,4233
TCTAAATCCAGAGCAT,4231
TAAGCACATACACCTA,4225
TTCGGAATGATATCAC,4222
GGTGAAAACCAGAGAG,4221
GTTGTTATAATCCATC,4220
CATTAGACTTACTTAA,4218
TAATGTGTCTATAGTC,4218
GGTTAGGATGACGATA,4217
TAGCCTGGTCCTAAAG,4217
CACTCACTCTTATAAA,4216
AGACATATACAACACC,4214
TCTCAAAAGACAGTGA,4214
ATCGCGAGGTCGAACA,4212
AGAAGTGCCACGGTAA,4211
TTCATGACTGTGTTGT,4210
ATATATGACATAGCAC,4206
CTACTTGTCATCACAT,4204
GCACGACCCGGTTAGT,4202
CTACGATTGGAGCAAA,4201
AGTGACCGTAGAACCC,4200
AAGACTTTTGGATGAC,4199
CTAACGGATCCTAAAG,4199
CCGACATCAGTCTGAT,4196
CTATGTCTCTAACTAG,4196
TACTTGAGGAATTTCT,4195
TTTTAAATTTTAAAAA,4195
GACTAAGAAGAATAGA,4193
AACCCAAATGATTACG,4191
AATAAGAGGGAATATA,4190
GGCGCCCGTACGTATA,4190
ATCTTAAGAAACTCCC,4188
TAATGATTCCAGCCCA,4188
TCATAATTTTGCTTAT,4188
GGTAGATCTTATTAAG,4187
CTGAAACCTATCTCTC,4185
ATGGATATCAAACAAA,4184
GAGGGCCCTGGAAAGT,4183
CAGAAAGAATAATTTC,4182
GATAATAGCAAAGGAA,4182
AGCCCAGCCTAAGAAA,4180
ACTCTAGATTTATGTA,4179
CATCAGAGAAAAACTT,4177
TGAGGCGGTCAAAACG,4176
ACAGGGCAGACCTGCA,4175
GCCAACGTCCTGAATA,4175
ATGTTACGTCTTTTGG,4172
ACGTCCATTTACCCAC,4171
GTACCCACTTTCGGAC,4170
AACAGGTGACAAAACA,4168
GCGAGATGGTGGCACC,4167
CTGAAATCAAACAATG,4166
TAATATTGAGGCCACT,4162
CCAATATTTTATGTTC,4161
ATTTGCAGGATAGACA,4160
TACGAGCGGTTCTTCG,4160
CACTTGCAAACCTCCA,4157
CATACGTAACATCTCA,4157
CGTCCAATCAGAGCCT,4157
CAGCATCGCCAAAGGT,4156
GATCACATTAAGGGGC,4155
CACACAACCATCGGAC,4153
TAAACCTGACAACAGT,4150
TTAGAAGACGATGATA,4150
ATGACCCTGGGCTTCT,4149
CATACCATTTTGAACA,4149
CCCTTAGACAGACTAT,4149
CCAAGGATTAACGCCG,4148
TGATGCACTTACAAGT,4148
CTGTGCAGAGTATCGT,4147
GAACTCTTGAACTAAT,4147
ATTATAAATTCTGAAG,4143
CAACAAATCCATGCAC,4143
TAACAGAGCTACAATG,4142
AGAGCTGCCAGCTTCA,4140
CCCTTTCGACAGCAGC,4140
AATATAAAAGCAGACG,4139
AATCTTGTAACATTCT,4139
CTGTTCGCGCTACGGG,4139
AGGGCGCCATATCTAT,4138
AATTGTTCTGAACTGG,4137
TCCTCGAGCTGAAAGC,4137
AAAAATACACAATCTA,4136
TTTGGCACCTACGACG,4135
CAAATCATGAATTGTA,4134
CAAATGGACTGAAGAG,4134
CTTTAAATCAACTAAA,4132
GCAATTATAAAAGACG,4131
TATATTCTCGGAAATC,4131
GAAACCTTACCTAAAA,4130
CAAACGTCACCTTGAA,4126
GAGGTCGAGCATAAAA,4123
TATGCATTAAAAGCTA,4123
CATTCAGAGATGAAAG,4122
ACGTCCGAAGTCATAC,4116
AACCTAAATCACTTGC,4113
ATATACCCGGAATGGA,4112
CGAATAATGCTGAATT,4111
ACCTAGCAAGGTTAAG,4110
AGCACATTCATTCGTG,4109
ATCATAATTCCCATAT,4109
AAGGAGACCTAACCTC,4108
CGAGTCCTATTGCCTT,4108
AATGCCAAGTAGTAAG,4106
AACGATACATCTTAAA,4105
CATAGGATTCCCTCAT,4104
ACTCAGGGGTCAACTT,4102
CAAGCGCTAAAGAGTG,4102
CAAGGAACCGAATTAA,4102
TCAGAGCGCTCGACCG,4100
ATTGACTATACACAAA,4099
ATACCCCCAACACTTA,4097
AAATGCCTTCAAACAT,4096
ACTAGTTTGATAAAAA,4095
CTCCACATATACAGCT,4093
TGGCCAATGGAGGATC,4093
ACCAGCTCAGGATAAT,4092
GACAGTACATATATTG,4090
GCGGGAGACAGAGAAA,4090
AAACGGACAGACGGAC,4089
TTTCTATGTGCATAGA,4089
AGCATGAGACACTGTG,4087
CAACATTATTAGTAAA,4087
GTTTCATAATACTAGA,4087
CCTACAACGATTTAAA,4086
AATTGAACGCGCGTCT,4085
GAGGTTAGATTGTCAA,4084
TAAAAGCCACATAGCG,4084
ACAGCAACAATGACAT,4083
TTGCTAGAGAAGCCTA,4082
ATAGCCTCAATGCTAT,4080
CCTTTTCCCTGTGCAA,4080
AAACTTTCGGATTTCA,4079
GCTGATTTCACGAAAA,4079
ATATTTCAGCATGCTT,4077
GCTATTATCACATCCA,4077
AATCGCATGTGTCGAG,4074
TAGAAAATATGGATAA,4073
CCACATGACAAATATT,4071
TTTCCGAGCCACTACA,4070
ACTCGCCATGTCTACG,4066
AATTTACACACCCAAA,4064
GTCGAACCCAAAGTCG,4063
CAGTTACGTCGAGGTA,4060
TAATCAGCTCATACAA,4060
TTAAACTCACATCAAA,4055
TAACGTAAGATTACTC,4054
TCGATATAAACAACAG,4054
GAAGGGCTATCCACAA,4053
GCAGAACTATCAGAAT,4051
ATTAATTGATCTGCCC,4050
CAGGCGGCGCCCATCA,4049
TGCAGAGGAGACAGTA,4048
ACCCCCCTGCTCACGA,4047
CCACCTAATATTCCCA,4047
GAATCTATTAAAACTC,4047
ACCCCTGCTCGCTTGC,4045
CAAAGAATTCAAAATA,4044
GTACAGATATGTAACT,4042
ACCGTAGTACTCGGGC,4041
ATGCGCCCTAGCAAAA,4040
ATTTCAATAGAGCTAA,4040
CCACCCTTAACGATAA,4039
CCCGTAACACTTACAC,4037
TTTCTGTTTAAAACAA,4035
AACGCCACGTTATAGG,4032
ACAGATATTGTCGAAT,4026
AAGTCAAGACCATTAT,4025
TAACTAACGACCGAGA,4025
TTCAGGATTCACACAT,4025
CGAAAACAACATAAGA,4024
GAGCAGACCTTCTCTA,4024
TTAGTGTTCCAACACA,4023
TCATGCCGGCCTAAGG,4020
ACACTTCGTAAGCCAA,4019
TATACAATAGCCAGCT,4018
AGATAAATCTCATTGA,4017
CGGCCCCAAGATCTCG,4017
CATTTCCCAGCAATTC,4016
TAAACAGCAAGAAAAA,4012
TGCAATAAGCTGAAAA,4012
ATTTCCACCCTACGAG,4010
AAGCTTTGAAGTTTCA,4009
CATAGAGAACTCGATA,4009
TGTACAGTACATAAAC,4008
ATCATCGACAATCACG,4007
AAACACAGACATTAAA,4004
ATCACGGTTATAGCGT,4002
ACCAGACTAATCACGT,4001
GACTGATAATAAACAC,4001
GGAAACCGCCAATACA,4001
TTCGGCATGAACGATT,4000
AAGTGAAAACATTCTT,3997
GCTAAGAATTAGATAT,3997
TAAGTCCCTTTATCTA,3996
ACATTAGGAGATACTC,3995
CTCGAGTACATTAGCG,3995
ATCCTTTGTCTTAGTA,3988
CAAGCTCCCACACTTT,3988
ACAGCAAAATCGTCTC,3987
TTGACGAAACATTTTT,3987
TATACATTCCCTTAAT,3986
TTGTGGCAAATCCACT,3980
ACAGGGATATCGGGAC,3979
AATGTCATAGTCTAAT,3978
TCCATTGACTCCATAC,3978
AACTCCTATGTTGATA,3976
ATGAGATAGAAATAAC,3971
AATCATTTAAGCCTAA,3969
TCACGATATCCAAATC,3969
TTACTAAAGAACGATC,3969
GGCTTTTCAGGCCGTC,3968
CTAAACAGGACTAGAA,3967
CTTATTGTAAGCTAAA,3967
CCTCGGATCTGATAGA,3966
GTATTACCACCACGTT,3964
AAAGTGTAAACCGGTG,3963
GCATAAATTCAAACTT,3960
GCTATATGAGCCCTAC,3960
TAAACGGGCTATATGA,3959
ACTTTAGCCGGTACTG,3956
ATACCACGATGAGAGT,3955
TTACTCCTAAAAAACG,3955
GCGAGGCGTCTTTTAT,3953
CCCAGCGACGATCAGA,3952
CCGAAAATCCTATCAA,3952
CATTGAGGACAACCAC,3951
GTGAGAAGCCAAACCA,3951
ACTTCCTGTTCAAGTT,3948
GGTAACACTTAATTAA,3947
ACCACATTCTTCCCCT,3946
AAGCTTCAAAGACCCC,3945
CGCTTATAGCGAGGCA,3944
AAAGACCCTAGAACAA,3942
GGTCACTTCACATCGG,3942
AGACTGTAGACGCTTA,3941
ACTATCTACACCAATC,3940
CACGTAATAAGAATAG,3940
CCTTTAAAAAACCACA,3940
CTTATATCAACATGAC,3939
GCTTCCAGAAATGTAC,3939
ATTTGCACAACGTTTT,3935
ATTTAATATTTTATTG,3931
GTCGGACAACAGAATC,3931
AACAACCGTTACAAGC,3930
GACACAGAAAAAATAA,3930
TACACCTTGGAACAAA,3930
TGTCAGTTTAAAGCAA,3930
CTCCTTCATCCTACAT,3929
TCATGGCTTGACAGTG,3929
AAAAATCTAAGCAAGC,3927
ACCCACATAAGAAACG,3925
CACTAGCGATGCAATA,3924
ATAATGCTGGACTCCC,3923
CCAGCCCCCCTGCTCA,3923
ACGGAAAAATTAATCA,3922
TATCAAGACCATATAA,3920
CATAAGACGAATCATT,3915
GCGGCAGACTTTTTGG,3915
CATATTTATACAACAG,3914
GGATAGCGTATTGATT,3914
ACTTTTTTGTTAACAA,3909
ATGCCCCAAAACCGGT,3909
CAGAGTCATGAGCGCC,3904
CTCAAAATCTCCCAAA,3902
TCCGCAAGTGTCACTA,3902
AATATAATTGAGTGAA,3899
AGCGCATCATCAAATC,3899
ACGAAGCTGATTCGGC,3896
CTGCACATTCAAAATT,3896
GCTCAACCTCTGCTAT,3895
CCTATACATTTGAGTA,3894
TGCAAGTAGATGAAGA,3894
TTTCCGCTTCACAGCC,3894
ACTTTACTCTGTTTCT,3893
CTTATAAACCGTTGAA,3893
TGCAGACAATAATCGA,3893
AGCACAAGGTCTTGGT,3891
ATTTGCATCCAGAGTA,3891
TAAATCCCAAGACTCT,3887
CTACCATGGCTATTTG,3886
AATTGGCCGCTCTTAG,3884
ACATTTAAAGTTGGAA,3882
ATTTAACTGCATAATA,3881
CCGTTTTTACAACCAA,3881
ATGCCGCTTACGTTAG,3880
GTTTAAACTGTATCGC,3880
TAGGGACCCAACCTAA,3879
ATTCCTATAACAAAAA,3878
AAGATAATCAATGTAC,3877
AAGGTTATGTGCTCTC,3877
CTGTATAATTAACCGG,3876
AACCTACTTCATAAAC,3875
TTCGCTGGGAACCGCG,3875
ACTCTAGTATAGACCA,3874
CTTAGAAGCCCATAGA,3874
AAACAGTAATCCTTTT,3872
ATCCGCTCACTTAGGG,3870
GCGACAAGGTCATTCC,3869
TCAACGCCAAAACAAA,3868
AAGACTATATTGTAAT,3867
TCTATGCTAAGCAGTA,3867
AATTTTCTGTTGAGAT,3866
CGCCTCGTAACGATAG,3865
CGCTAGTAAGTTGAAG,3863
ACCGAATTTTTGACGG,3861
GTGAAACTTGGGCCTA,3861
ACGAAACACCACGGAA,3860
GATAGTAACAACATAA,3860
GATGAGGAGTTTTCCT,3860
GTTTTTTGCACTCGAG,3860
AGTTATATCAACACGC,3859
TACCTGTATCGAGACA,3859
CAATATTAGTACCTAG,3858
TCGTATCATGGAAAAG,3858
TGATCCCATGGTCCAA,3858
CAATTAAATTAGTTAC,3857
AATACTACTTATCTGA,3852
AGATAAACCACAAATT,3849
TGCTTATTACTTGAGT,3849
GACTCCTCATTTAGCT,3847
GAGGATCCGGGGCTAG,3846
CCGCAAACCCTACCAA,3845
TATTACGTATGCGCGA,3845
ACACTCGCAGAAGTCA,3842
CAAGCAATTTGATATT,3842
AAAAGTTCACTTAAAA,3840
AACTGACTTCCATAGC,3838
CTCGATCTCACTGTGT,3837
GGAGCAGAACCGTTTT,3836
AGAAACGCTTACAATA,3834
AAATCGATACTAGTCC,3831
CGAAACACGGTTAAAT,3828
GGACTTAGCACACTTT,3827
TCTAAAAATCACACAC,3827
ACCCATCACAATAATC,3826
ACACGACAGAACCATC,3824
CGGCCAGGGGTAACAT,3824
ATAGACAAGGGGGTCG,3821
TATAAAAAGCAGGACG,3821
TGCAATCGGCACACCT,3821
AGATCTTAACCAGCGA,3820
GTCAACACCGTCACTT,3819
TTAAATTTAGCAAAGC,3818
GTCAAACAATATTCCC,3817
AAAGAGCAATCGCTTT,3815
TATCCTGTAACTATCT,3815
TAAGACCAACTGACGC,3812
ACGAGCAGCAGTCTTT,3811
CGGAACGTACAAGCGG,3810
TTCAAAAATACGATCC,3810
TCGCCTAGAGACACTG,3807
CCATCTTCAAAGACGC,3806
TGCATCTTTCACCCTA,3803
TTGAGAAATCAATTGA,3803
CCTCAATTAGTCTCGT,3802
CTTAATGTTGTCATCG,3798
TAATTACTTTCTGTTA,3798
ACTAAACTATGGAGCC,3795
GACCAACTCATGAGAA,3793
TAAGACGCTCGCATTA,3793
TGGCATTAATAGTTTC,3793
TAAAGAACATCCCAGT,3791
TTTCTAAAGTCGTTAC,3791
AACATAAATACTACAA,3789
GTCACCCTTGAATGAC,3789
CGCCCGGGTCAGGAAA,3787
AAATGCTCGACGCGCC,3785
TCGGGAGTGGATAGTG,3785
ACACTTGACAACTCGG,3783
GAAAGGAGCACATTAG,3782
GCACTAGAGACTCCTC,3781
AAAGTGCACAACAAGC,3780
TCATGACAACTAAGAA,3778
CCAATAGGCAGAGCCG,3776
ATTAGACAGAACGCTT,3775
CTCTCCCTAAAGGACA,3773
GTAGGTGAATCATAAA,3772
GAATACAGATGTTAGC,3771
GGTCACGTTTAGTTCT,3771
ACCACAAAATCGGAAA,3770
AACACTTAATGCACAA,3768
ATTAGAGTGCAACCAA,3768
CATCCGCTCTAAATCC,3768
TACAGGCCCAGTAAAA,3768
TGCATTGCCCGGAGTA,3768
ACCACAAAGAATCCAT,3767
ATAAATCCATGAGCAA,3767
TAGGCAAATGGCAATA,3766
AATCGCAAGAAGGGAC,3763
TCTTTACATTTCATAA,3763
CGGAACAATCCCCGGC,3762
AAAGTTGCATCACACG,3759
ACCCAAATTAAGGGTC,3759
AGCGTAGTATTTAAGG,3758
GTCTACAATTAAACCA,3758
CTTCAACGTCATATCA,3756
CCAAAAGGCGTTAGAT,3755
GGCGAATGTACTCACC,3755
GCGTAACAACCAAACA,3753
TAATAGGTCGAAAGTT,3752
ACTTTTAAAACTGAGA,3751
GAATGTTTCGTATTAA,3751
CTCCAATACACATCCT,3749
AGATCTAAAGATTCCA,3747
GTAATAACGTCTGAGC,3747
CTGCTGAGTACTAAGT,3746
CGCTTTTAATAAATAC,3744
ATAAAAGCTAGATCCT,3743
GAGTAGAACATATACA,3741
GGAATATTAGATATGG,3741
AATAAGCATAGCGATG,3740
GACGCCGTTGGACATT,3739
CGCCACGAACACACAA,3737
CTTCCTAAACTCTCAC,3737
CCTACATAGAAATTAA,3736
TGAAACCAGAGTGGAT,3730
AATTACAGAAAAATAT,3729
TTTAAGAACAAGTATA,3729
ACGTATTGGATCTGTC,3728
TCGAAAAATGACCCAT,3727
ATCACACAATTTGGAC,3726
AAACTTGTACTTCGAG,3725
TAACACAAATTCACAA,3724
TAACGTAAGTCGTCCC,3724
AATCGCGCGTCTATAT,3722
TCTATTGGCAGCGAAC,3721
CCACCATCAAACGAGG,3719
CTAATGATGCGAATTA,3718
CTATACAGATCTGCCA,3718
TCCTACCTATATTCGT,3718
CACGCCACAACACTAC,3716
CCAAATATTAATGAAT,3716
CGAAGCTAAAGTGCGT,3716
GCTACCAAAGCAGCTG,3714
GGATATCAAGGGACAG,3714
GACATTTACAAATTAC,3711
CACAACTATACAGACG,3709
ATTTATTTCCGCAGGG,3707
CCACATCGAACTGGAG,3702
TGATTAAGTGAGCTAA,3701
GAATACACTTCGCCAT,3698
TTAGCTCTTCATACTA,3698
TCGAATTTACTTCAAC,3697
CGCGCAGCTAGCAGTC,3694
GATTCGATGAAGTTGG,3694
TCCTGTGTTCTAAAGG,3694
TAACCAATCATAAAAC,3693
GGTGCATCACTTCAAG,3690
TCACATTCAAAAAGCG,3690
GGCTGCCCACGGAATT,3689
TTTTAAATTACCCCCT,3689
TGACCGTATGGTCAGA,3687
CTAAATGTAATTACAC,3684
ATATCTAATCTGTGAA,3683
AAATAGGTGACAAGTA,3681
AACACAACCTGTCAAT,3681
TTATTATCAATTATAA,3679
TTTTCATTTAACTCTT,3677
CAGGATAAAATGCTCT,3676
TCATACACGCTTGGCG,3676
GGTGATTGATAAAAAA,3675
ACTATTTCTACCAAGA,3673
AGTCTACCCCACTATT,3672
CTGTAAACATTTGGTT,3671
GATAGCTTACATCCAC,3670
AAAATTCAAAACTTAC,3668
TCGAATTTACATTACT,3667
TGGAAAGAACAGCGGC,3667
ACCCGCTAATGAAAAA,3666
GAAAATTATCCTGTGT,3664
ACGTAAGCCTGCCAAC,3663
TATCTCGATGTAAGAA,3663
AGTAGAAATGATATCT,3662
GATGGGACTAGACAAC,3657
TCACGTCATCTACCTT,3657
CACAACATCTCCATTA,3653
CACACAGTAGGACCAA,3653
ATCATAGCAATGAAAA,3651
TGCTCACGTCATAAAA,3650
ATGCTCAACTTAATTC,3648
GAAAGTTACTTTTCCA,3643
AACGCTCACCAAAATG,3641
CTGATATTCATCTAGC,3641
TTTACCGGCAGAGCCT,3641
CATAAAAGAAAAAAAC,3639
GATTTTAACCGGACTG,3636
TCTAAAATCCATGAAA,3636
ATGAAAACTCTAAACT,3634
GGTGTAAAATCGCTCT,3634
GTTCACAAATTCCATA,3634
GCCGTTAACATACCAC,3633
TTGTAAGAAAAAACAA,3633
AGGGTAATAATCCAAA,3632
AATTGTGGTCTTGCTC,3631
CTTAAGTACAGAACTC,3631
ACACCACTTCAACTAT,3629
CATTAGTCTTCTATTT,3629
CCTAATTTAACCGGCG,3629
TGAGCTCCATTTGCTG,3629
AGCATCAAAGATTCGG,3628
GAGGTGCCCTATGTTC,3627
TCACCATTTAACGAAA,3627
AAAGATAAGCATAAGT,3624
GTCAAATACGTAGATG,3624
AAACCCTAAATCAAAG,3622
CCGAAAGGTTTTTACT,3620
GCACTCTTAAATGAGC,3619
TATATTAGATCTGTTT,3619
CTTAAGCCACCCAGAG,3618
ATTCACGCTGATCTTC,3617
CTGAATGTCACCTGAA,3614
GAATACGCGCCAAATT,3614
GCGTTAAAGGTAACAT,3614
ATTGCAAACTTGACTT,3613
ATCTCGGCGTCACCAA,3612
TGATCCCGTACACCTC,3610
GATACGTACGCATAAT,3609
CAAAACCACATGTCGA,3608
TTAACAATAGCAAGTG,3605
AGCGAACTAGCGACCC,3604
ACCCAGTAAACCTCCG,3602
CGACAATATCAAAATT,3602
GGGTTAGGAGTGCACT,3601
CAAGCACCCTCCAAGC,3600
CTATGTCCTCGAAAAA,3600
AATAGATTATGACTAA,3599
TAACGGTGTCTTAGGA,3599
TAGGAATAAATTCTAA,3597
ATGATTACCTACTACA,3595
AAGTAGAGGATCATGA,3594
ATTTGAACGGAGGGCA,3594
GCATCACTATAAAGGC,3592
AAACCTCCTCCGAGTC,3591
CCTACACATAGTCGGA,3591
CTTTCGGGAGCTAAAG,3591
CGGCAATTCATCACCC,3590
TGCAGCTATAACTCGC,3590
ATGGAATTATGCAATC,3587
CTGATGAAACCGTCAA,3583
ATTCAAATAACAAACA,3582
CTAGACCCTCAAACAC,3582
TAACCATCGGACGGAG,3580
ATATAGCGCTAAACAT,3579
GCGTTAGCAAACTGTG,3579
TTAGAGACACCTTATT,3578
ATAACTACATCCAGCT,3576
CATGACTTTCAGACAT,3575
CACTATAGACAAATAC,3574
GCAAAGCACGTTAACC,3574
ATTGTTATGAGAATAA,3572
TCGATAACCCGAGGCA,3570
CAAGACGCGCACTTGA,3569
GATCTTTCATTAAGAA,3569
GTAGTGCAAAAATTGA,3566
ATTAAAGAAAGAGCTT,3565
ATTAAGGGACTTAAAC,3564
GAGTTCAATGAAAAGT,3562
ATAGTAGAATTCCCAC,3561
AAACGCGCTCAGTAAA,3560
GTACCGAATTCAGTAC,3560
TCTGAAAGTTCTTATG,3560
AAATTCCTGGAGACCA,3557
GTATTGATAAATTTCA,3557
GTCTTAAGAACAAGAT,3556
ACACAAATACCAAGTC,3555
CAGTGGGCAGACCGGT,3552
CGACTTAATAGACCTA,3552
TGAATTTTATTAGTCT,3551
AAACTTAGAATCCACT,3548
AAAAATAAGCCCCAGC,3545
AACCATTACGGCCCCC,3543
CCAGTTTCATCCTACA,3542
TTAAAGAACGGACTTA,3541
GATCGATCCACATACA,3538
AAAGTTAAGCTTATAA,3536
TGAATATGCAACAGTT,3534
GCATATATGTTTACAT,3531
TGTTTCATAGTAGTCC,3527
TCCTAGCCCCACAAGC,3525
GAGCCGATACAAGTTT,3523
ATTTGAATCTTGTAAA,3522
AGGGTGAAAGACAGAA,3516
GACTGCACCACATAGA,3516
CCTGTATGTATCAGAC,3515
TGACAACACATGCTCC,3514
ACTATATTACACTCTG,3513
AGCGGCAAAGATGAGG,3511
CCGGATAATACTAAAC,3511
GATACCCATCCTTCAT,3511
ATACCAGAGAGGGTGA,3510
TTCGCGAGTCCTGCGC,3510
AGGGACAAACGGCATG,3509
AAACGAAAGAGGAATA,3507
CCAAAAACGCGATCGG,3506
TACTCAAATAGATAGC,3505
CCTGACCTGCATACCC,3504
TCTAATTGACAGTTCG,3504
TGAGTATGCATAGGAT,3503
CGAGACATTCACGTGC,3502
CGCGAGTATTAGGTCA,3502
AAGTCCAATCCGGGGA,3501
CCCCAGTGTATACGCA,3500
GACAAGAGTGATAAAG,3498
GCACCTTTTCAAATTA,3498
TCTAAGAGTACTTTTA,3497
TCTACAGGACAACAAG,3497
TTAGTAAGCGGCATAT,3497
CATTTCTAACCTTCTC,3496
AGCGCCGTTACATCGT,3493
ATAAAAGGCAAAAGTT,3491
CCGAGACAATATACCC,3491
CTCTACCATCTTAACT,3491
TACAAGGTCTTAGAAT,3491
AAGGCCTTGACCGTGT,3490
AAATTCTTGTTGATAA,3488
ATAGGACTAGACATTG,3488
TCTACCACGAGTTAGG,3488
TTAAAGTTGATACGCG,3487
AGTGAGAACGAATACC,3486
ATAGATCTGCTCTCAT,3486
CCCAGTTGAGAATGAA,3486
TACGTGCGTCATGCTA,3484
AAGGCCAGATCCCGAA,3482
TCGCTTAGCGAAGGAC,3482
ACGAGGTTGCATCAGG,3481
GACTAATAACGAGAAG,3480
TACGAAATTTACAAAG,3480
TCCACGCGATACTGAC,3480
TTTAAGCACCACTAAT,3480
ACTTTAATAGACTAGA,3479
GTTATAAATGGTCCAA,3479
GATTACATGTCGACCA,3478
AATGTGTATACCAATC,3477
TTAAAACAGCGGATAC,3477
ACAGATAATCATCACA,3475
TACTGAGGTGGCAGAC,3475
CCATTGGGCAATTTCG,3474
AAGATACGACAATCGA,3473
AATTGTCCAGGAACCG,3473
TATTTTTGCCTCTAGT,3471
TGTTTTATAGAACTGT,3471
CGCATCAGCCCCCTAA,3470
GTGTATACGAGAAGGA,3470
CACGTTTAGAGTCAAT,3468
AGTTAGTACTGTGCAA,3467
ATGTTATACAGAGAAG,3467
GAGCACTTATACGCTT,3464
ACCGACACGCGACCGG,3460
AATATTTCAAATTCCC,3459
AACTTGGTGCGCACCA,3458
ATCCCACCTGTGCTGA,3458
TTGTCATCACTCATGC,3458
CTAGCACGATCATCAT,3456
TAGTAAGTTGGAGCTA,3456
CCTGCCTAGTTAATGG,3454
CGACCCCATCAGAAGA,3454
AAACGTGACTATAACT,3453
AGACACTTGAGGGTAA,3453
CTGTCTTTACTTTCTA,3453
TGATAATCATAAATGC,3453
TTAAAAATTATCATCT,3452
AAGAACCTGGCGAGCG,3450
GGTAAAAGATCAAGTG,3450
GAAGACTGAAAAGTTA,3449
ATATGAGACCATACAA,3448
CCAATACACGTAAAAC,3446
CGCTTCTCCTATAGTA,3446
TAACCTGAACAATAAA,3446
TTACGGGATATACACG,3445
AAGTCAGAAAAACAGC,3444
AAATCAAAACCGGAGA,3443
CGCCAATACTATATGA,3441
TCTATTCAGGACCAAC,3440
ACCAGAGAAATTCCGC,3439
GCTACTTGATATCAGC,3439
TTATCGCTAAATAAGC,3439
GACTATTGAGCGGTAG,3438
CTATCCGGCTAGGAGT,3437
CTTTTTTCGAAACTAA,3437
GATACAAATTACTGAG,3437
AAATAGGAGTCTTGGT,3436
CATATATAAATACGCA,3436
GTTGAAGAGATAAAAA,3436
TTATAAACCCGGTCTA,3435
GAGACAACCCAGCAGT,3434
GCGATCCTCCTAATCA,3434
GCACCTACTACGGCGA,3433
GACTCAATACGAAGAT,3432
GGCAGAAAGTAATAGT,3430
CTACCCAAAATGTATG,3427
AAACGAACAATAGATA,3426
CAACCCGCAAACCCAT,3424
TAATGTGAGCTACCTT,3424
AACAAGCCAAGACCCA,3423
CGCTCATGGGCGACAC,3423
AGCACAAATAGGTTAC,3422
GTTCCCACAGGGCACT,3421
TGTTAATGTTCACGTA,3420
ATCTCACCCACTAACA,3418
GAGTTAACTAGGTTAA,3417
CGAACCCGTCCCTCTC,3415
CATCCTATGCAAAAAG,3413
GAAAGGACGTCTTCCC,3412
GCCTATACAGACCAAG,3412
AAGGAATAAATAGATC,3410
CTTAAATGTGACTTGA,3410
GATACGATGTTAAATG,3410
AATAGTGCAGCCTTGG,3406
CACAACAAAAATATAA,3406
AGCTCTAATATTTTTA,3403
ACGGACTTTGTGCTTC,3402
TAATAAAAATAACCCA,3402
CGTCTCAAGTCTCAGC,3401
GGGATATGCATTCTTT,3401
GAAATCTTATGACTCC,3399
AATCTATTATATATAA,3396
AAGAATCAAATTACCC,3395
AAGAAACACAGAACCA,3394
CAGACAAACGTTCGAG,3394
CCCACTTTAGTTTTCG,3393
GTAAGGACAATAACCA,3393
GTGGAAATTTGAATAC,3392
TATACGTTACAGGATA,3392
TAAGACACCACCAGAA,3391
ACCTTCAAAAAAAACG,3390
TATAATGAAATCCTAG,3390
TCCAAGAACATAGTTA,3390
CAGAATACGTACAAAG,3388
TGGAGACATACCAACA,3388
GAGCATCATAGATACT,3387
TGAAATTATTAGCGAG,3384
CATAACCAATGGACAG,3383
TACCCCATTCACAGGT,3383
GAATCCCAATGCTTTA,3382
GTTGTGCCCTACCGAA,3380
TAAGGAACGCTCCAAG,3377
GCATAAAAAAACTGCG,3376
AAATGAACACGTAAAG,3372
GTCACTTCCACCGTGC,3372
CCGATTCTAGACTCAA,3371
CCAATGCGCATCTTCC,3370
TGTATATATCTACAGT,3369
GAACCAAACAACCTGC,3368
TGCGAGGTACACACCC,3368
GTCCGGGAGATAGTAA,3367
TACCAATATTGAGAAA,3367
CCGCCGAGGTATCAAC,3365
TCGAATTTTAGAGTGT,3364
CATCACTGTATAACTG,3363
CTTGTGTTAAAGTACC,3363
GATATGTGCGAGAACT,3363
ACAGGACGAATGCGAC,3362
AAAATTCGGAACATCC,3360
GAGACTAATAGTAACG,3360
AGTTGGGACAGGGCTG,3358
CAAAGAATCTCGCTAC,3356
GTTACGGCTAAACCTC,3356
ACGTTTTCAGACACGA,3355
AAAACAAACCCAAGAA,3354
AAGCTTTTAGGACCAT,3350
TAAGAAGAGTTCATAC,3350
CATAAATCATTCTGGG,3348
GTATAAATTCTCACAC,3348
ACAGTTTCTTCAGGTT,3346
CATGCTTTAAAGCTAT,3345
GTGACATAAAGATAAT,3345
GAGTTAGACCATAATT,3344
TAGCTGCACTTGATGA,3344
TTCTCCTTATTTTCAC,3344
CTACCTAGAAATGACC,3342
ATTATAGAAAATACAA,3338
CGAGGATCATCAAAAG,3338
GTGTGATCTGTGTAAG,3338
ATAGCCGCAAGATCAG,3337
GATTGATTACATCACA,3337
TGCATCTTGTAATACA,3333
GCGAACCTATCCCGTC,3331
TCGTCCGTGATAACAG,3329
CAGCACCATCGGAATC,3327
CCGGCATTACGTGATG,3327
TTGCTTGCTAGATAAT,3326
CTATGTCACAGGATAA,3321
ATAACTGGATTACAAA,3320
CTATGAGAGAAACCGT,3320
TATAAGAGATTTCTAA,3314
AATTTGGATCCCAACT,3313
CATTCGAAGTAAAAAA,3313
AAGAGATGGGTGATAT,3312
ACCAAAAAACAATCAA,3312
CAAATCCTTGAGGCCA,3312
AGGTTCGCAGAAAGAG,3311
CATCATATAACTCAAG,3310
GTAAGTGGATACTCTA,3310
TCTACACTACACCCTA,3310
AAATCCTTATCCACCA,3309
TCGAAATGCAACCCTC,3309
TCCCGCCGGACCCAAA,3308
TCGAATCGCGCTAAGG,3306
AACGTAAGAAAAATAA,3305
ACAAATACACCTACAC,3304
TGTGTTACCTTGAATT,3301
TATATAACATAAGAAT,3300
AAAAAAAACTCACATC,3299
CCTGTTTATGCCTTTA,3299
CGACCCCTAACGTTAA,3294
ATATGATAAGACCTAC,3293
GTGCACTGGAATAAAA,3293
GACAAGGCTAACCCTA,3292
TCAGCTAATGAAAGGA,3292
CAAGCGACAACACTTG,3291
ACATAATAAGTATACA,3290
CCTCACAGCAAAGGGC,3289
TCAAAATTCCTTTAAA,3289
TGGTCCTCCAGTGATA,3289
GTAATCCACCGTACAC,3288
CCGAAGTAATTAGTGA,3287
CCGATAAGTAACCTAA,3286
CCGGTATAAAAGTACT,3286
GCGTACAGTCCTTCTC,3286
TAGGCACAATAAGCTA,3286
TAGTGTCGCCACACTG,3286
AGCTGAGTATAACCGA,3285
ATACAATCGCGATAAT,3284
CCAACTGGACACGCAG,3283
GATCACCAGGTGGAAC,3282
GCAGGGAACTAAGTTA,3280
ACCCCCAATACGCACG,3276
GTTACCACCTACACCG,3276
TAACTAACTGGAGGAT,3276
CCGTCACAAGTCTCCG,3275
AAACCATGAACCACCT,3273
AAGCCTAGCACCATCA,3273
ATTCCTGAGCAAAGAT,3273
CCCTTCCTAAGTAACC,3273
TCTCTCCTTAAGCTCC,3272
ATGCTAATCATACTCA,3271
CAAGGTCCAAGCTGCA,3270
AATGCACACACATACA,3269
AAGGCAAACACTCCCA,3268
GATAGGAAGCATATTA,3268
TCAAATATAATTAGGA,3268
ACTAAGGCCAAAAACA,3266
CTGTCAGGCAGCCGAC,3266
TGTAGAAAATAAGACA,3263
ATAATCGATAAACAGA,3262
ATTATGTACATTGATG,3262
TCCATGCGTTAAAAAA,3262
ACATGACAAAAGAAAC,3260
ATGCGACTACAGGGAT,3260
GTTAATAAGACTGTAA,3259
GTTAATCTTTTGAAAA,3257
TACAAATGGACGTGTA,3255
AGACGTTTATAGAAAA,3254
CTATGACCATAACTCC,3253
TACAAATGACCTACGG,3253
TAGGATATACAACGTA,3252
AAATGACGTCACTACG,3251
GCAAGCTGGAGACCAT,3251
TCTAGCATACCCTAAC,3251
GAAGAAGTGTTGATAG,3250
CAAATCCCCCACATGT,3249
ACAAATCCCCAAATTT,3246
GATAACTATCCAACAA,3246
GCATACAATTATAATT,3246
TTGCTATCAAGTCTTG,3246
GCGAGCTGCAAACAAA,3243
ACTAGGAGATAGCAGG,3242
TAGACCATTCTACAAT,3241
CGCATTCACCTTTACC,3240
TATGACAGTGCACCCG,3239
CGGTAAGACCATGTAT,3238
CTGGCACACTTACAGC,3238
CGTACGGATTACCTGA,3237
GCTGCTCTGCCCATTA,3236
TTTTGATGCTTCAAAG,3235
ATCATGCGTCGTTTCT,3234
GTTTAAAGGTCTCTCA,3233
TGACTTGCCGTAAGAT,3233
ACGCAACAGATACAAG,3232
CGAGCATAGAAGTTAG,3232
GTAAATAACCAATAAC,3232
TATAGGGAAGAAGACG,3232
ACAAGGCATCGTAACT,3229
ATAACAACAATTTGGT,3229
GTGTCTAAACTGGTTG,3229
AATACTCTAGTTATCA,3228
CCCAAGCTCGTGTCCT,3228
TTATCAATTTGATATC,3228
TCATGGCCGGGGTCTC,3227
ATCATCAAATCAAAAA,3226
TACCGATCGCAAATTA,3225
AAACCAAATGAAGAGA,3224
ACCGATAGAAGACCTC,3224
GATAAGTTGTACACTC,3222
GGAAGTTGGCCTAAGA,3222
GGTATGAAACTCTAGA,3221
GTCAATCTTTCAAACA,3221
ACGCATGCCCAAAATC,3220
AGGCCGAACTTATACC,3220
TTTTCGATCAATAAAA,3220
CAGGAAGGTATGCACT,3219
AATTCGATGTATATAA,3216
CATGAGACTATTCCCT,3215
CGTGACAATATCGACC,3215
TCACGCACGATCTACT,3214
AGACGGTTGCATTCCG,3213
AATCCACGAAGAAACG,3212
ACCTGACAGCGGCACG,3211
TAAAAGTTGTTGACCA,3211
TTAGCATGATATTAGA,3211
CACCGAGAAAGATCAA,3209
TAATCACAGACATGTG,3208
GTTAGTAAGACCAATT,3207
CAAACTGATGATTTCT,3206
CCAACAAAATAGAAAC,3206
TAGAACTAATGGTTGC,3204
CTGTTGTAAACCTAAC,3203
TACATCTTTAATTAAT,3201
AGACGGATCTATTACA,3200
AAACTGGTACGAACAA,3199
ACAGAGAAGAATAACT,3199
CTATAGGCACAGATAC,3198
CTATGCATAGCAAAGG,3198
CCGAGTAAACACACCA,3197
CTGCAAATGCAGGGAC,3196
TGTAAGCACGACCAGA,3196
AGATCCTTGAATTAAA,3195
CCCTCTCACCAAAGTA,3195
CCCGAGAGCTCACGTT,3194
CCGGTAAACTAATATA,3194
ACGGACCCGTAACACC,3193
TGACCAAAGATAAATG,3193
AACAGTCCGAAACAAT,3192
CCTGTTCCACCATCAA,3192
GAAGATTAACACCTAA,3192
TAACCACTGTCCCTGA,3192
CAAATGGACTAGGCTG,3191
TAAACAAACTGTATAT,3191
CACCGATTTAACTCAA,3190
CATAACTAATCAAGTC,3190
CGTGTATCAGGTGTCA,3190
ACACTAAGATAAACCA,3188
TTAAACCCAAATTATT,3188
AAGCAAACGGAGCACA,3187
ACCTAAGTCAGTTTAA,3183
ATCCATTCCCTAATAC,3183
CCCATATTAAAAAAAG,3183
TAGTTATAAAATAATC,3183
TGGAGGGGATTTGTGC,3183
TATCTTTGCATCCTGA,3182
GAAATGCATCGATATT,3181
ATGCATAAACCCAGAA,3180
TATAGTGAAACGCTCA,3180
CAGCAGCAAACTATAC,3179
CGGTTAAAATAAATGA,3179
CAAGGATCACGAGAAA,3178
AGAGGGATATATTGAG,3176
AACGACTACGTTGCAA,3175
AACTAAACACAAAACC,3175
ACAGCATTCGATCGCG,3175
ATGTTGCAAGAACATA,3175
CGCCTCTTGTGCACCG,3175
CGCTCGCTCGTCCGAG,3175
TGCTTGGCGATTTGGG,3175
TTCACAAAGGTAATGA,3175
GATAGAAACATAAAAC,3173
TCATAGGCTCATGATG,3173
TGCGTCCAAACACATC,3173
AATTAGCCACATAGCA,3172
ATTGGGTCCCAAAATG,3171
CCTTCGACTATAACAT,3171
TTAAAAGATTGAATCT,3171
ATTGGTGTAGCAAGAT,3170
TACTGACCTTGAACGT,3169
TTTGCGCCCTCTGTTA,3169
GCTCAGATAGAAAATA,3167
AAAAACAGGTGATAAA,3166
AAGATAGCACATATCC,3166
AGATATGCTGTCAAGA,3165
TATCCACGAGATCTAG,3165
GCCGATTACTCAGACG,3164
AATTTTCGAGTCCAGG,3161
CCCATAAATAAAATTT,3161
TTGACAAAATCCATCA,3161
CAATCTCCTGTAATAG,3160
TCTCCTCTACCAGATG,3160
ATTGAGTCTAAAGTGA,3159
TACGCTAAAGATCAAA,3159
AATACTATAATAACTT,3158
ACTTCCCCAGTAGGAT,3158
GATACCAATCACATAA,3156
GCGTCTCAAGTAGCTT,3156
CTGGTGACACCACAAC,3155
TACTGGGAAGTACTAC,3154
AGACATCTTGAAGTTT,3153
CTCTACATAACACCCA,3153
TTGATTCCTCACCAGC,3153
TAAAATCTATTGGCAA,3152
AAAATTCAGCGATAGA,3150
AGAACGTACTGTTTAG,3149
ATGTACAGAACCATTT,3149
TTAATTTGATCACAAA,3148
GTGAAACAAACTACTT,3147
GAAAAAGCAAGGATAC,3145
GCTTAATACGTAGGCT,3145
AAAGCCGGACAGAGAA,3144
AGTGACAATGAACATG,3144
AACGTTGCCAAATGAA,3143
AACTATACCCAAGATC,3143
TTATTACATGCTCACA,3143
ATAATTCTTGGACTGA,3142
CACTCAATAGTACTAA,3142
TTGGTACTAAACTCTT,3141
CGAGCTTAAGCTTTAA,3139
TATGGATTTTACTAAC,3139
TGATCCATACCCATTG,3139
GGATGCATTGGACTTA,3138
GGCCCGACAAACATCA,3138
TTCCACACTGACCACA,3138
ATGGAAAAAAAAATGC,3137
TTTTATAAATCATCCG,3137
AGTTTCATGAAACTCT,3136
CACCTGTTCGGACACT,3136
CTAGAAAGCTATATTT,3135
AATGAATTGTATCAAA,3134
AGCCGGTAAGCTTATG,3133
CCCAGATTACTCACAA,3132
CTTAGCTAAGGACGAA,3132
TTAGCGAACAATCTCA,3132
ACAATTGTCCAGACAT,3130
CTATGCACGGCTCACA,3129
CTATCTAACGGAGAAC,3128
AAGTAAAAACAAGTAA,3127
CAGATATAATTCGACC,3127
GAAAAATTTTCGCGTG,3125
TTAATTTGTATATGAG,3125
ATAAGCTCTGCCTTGG,3124
GATGGATGAGCAAACT,3124
GTTGCGAATCTGTGGC,3122
AAAAACAATGGATATT,3121
AGTCGAAACCGGCAAA,3121
TAGAACCGTGAATACG,3121
GTTACACACAAAACCA,3120
ACTAAATAATATACAT,3119
AGGATCAAAAATACGA,3118
CGGATAAAGACGACAC,3117
AAACTAAAACTATTAT,3115
TGAACGCGACAACGCA,3115
CCAGATGTACCAAAAA,3113
TCATGATAAGAAGTAC,3113
ATCTTATCCCTATATC,3112
CCATAATTCCCCAAAC,3112
TATCCAGGACTAATTA,3111
TGGACTGGAAAAGCAA,3109
CCTAAACACTCTCAAC,3108
CATACGATCAACCTAA,3107
GAAGAATTAACAATAT,3106
CTCGTTTTGGGATAAG,3105
TAAAACATGTACCCAG,3105
TAAGCTGACAACTTTG,3105
ACGCCCAACACAGGGT,3104
CTGTTTCTCTTATAAA,3104
GATACCACAGTATATT,3103
ATTAATCCCTATCAAG,3102
GATAACATATTAGTTC,3102
TGAGCTGATTTACAGT,3102
GTGCTTCCATGATGAA,3101
CATCTCACATTGTGTC,3100
ACACGTCGTTTAACTA,3099
ACCCGTAAAAACACGC,3099
GTAAAGGCAAGCATTA,3099
TCCACAGTGCATATTG,3098
GATCTGTAGATCCAAG,3097
GTAACGGATTCCTTCT,3096
TAGCCCATATCAGACA,3096
TTGCATCTGCGAAAAG,3096
AGAAGAAAAACGTATT,3095
CTCGGACCCATTTTCC,3095
TATGTTAGCAAATCAA,3095
TTGCTGGAATTAGAAA,3094
AGGCCCAAACATAGGA,3093
CCGGACACACCAACAA,3093
CAAACTAGATGCTATC,3091
CCATCAGGTGTTGTCC,3091
ACGGAATAGGGCATAT,3090
ACCCTACCTAATTCCC,3089
TTGTGGTGCTGTACTA,3088
AAAACCTTACTATAGC,3087
GCTAATTATAACCCCG,3087
TTGGCTTCTCGAACCT,3087
TAAACAACGCTCTGGT,3086
TCAGCTACATTGTCGT,3086
TACCGAGTAATACAGG,3085
TACGCAACAGCTTACT,3085
TAGACAATTATCGCCA,3085
ATTACAGTATGCTGCA,3084
AAGATAAAACGTTGAA,3081
CATATTAATTGAACAC,3080
ATTCGCAAAAGTTGAT,3079
GCCTTCATTCCTCATA,3079
ATATTTAGCGCCGTAT,3078
CTGCAATCGTAAGAGC,3078
AACCAGTATTCTAAAA,3077
ACTGTGGCTTGTTATG,3076
GGTCCCCCAATGACAT,3076
GCCACCATATATGCAC,3071
AATCCCCTAATAACAG,3070
GCCCCTGGGTTATGAA,3070
AACACAGACTATGAAA,3069
AACAGAAGCAGGCAGC,3069
AATATAATCCTCCCAT,3069
TACCACAGACGACCAC,3069
TGTGGAGTACTACCAT,3069
ATGAACAAGGGCACGC,3068
TATGATCGTGAACTCA,3067
TTTCCCTGCCCTTCTA,3066
GATGAATACCGTTATG,3065
AATGACGATATAGCGC,3059
GCATACCGAGCTTTAC,3058
ACACAGTTACACCAAC,3057
CTACAGCTAGACTGTC,3057
GCGTGAATATGCCAGA,3057
TCTTACTCCTCCTCGC,3057
TTCGAATCTCAACTAA,3057
GCAATATTATTACAAT,3056
TAAAGGAACCTTATCA,3056
TAAAGGCCTGTGAACA,3055
TGAAACAAATTTTCGA,3054
AAAACATTATAATAAT,3052
ACTACTGATACTGGGT,3052
ATAGCATGACCAATGC,3050
CGCGAGCCGTGGAATG,3050
ACCACTCAAATTATCC,3048
ACGAATATCCAGGAAC,3048
AGATAGTGGTTCTGGT,3048
GATGACACATGGAATG,3047
AATAACTAAACTCATC,3045
AATAGAAGGTACACAC,3044
CCTAGAAGATGAAATG,3044
GTCTTTATATTAAACT,3044
ACGATATGACACCAAA,3043
TGAGAGCGACTGTTTA,3043
TATTACAATTCTAACA,3042
TTGCAACTCCAGCATA,3042
AAATGATAGATCGGAT,3041
AGCGATCACGATCAGT,3041
TAATGAGCGTTAATTC,3040
CTCGCCATACGTTTAA,3038
TCACCCTCCTCCTAGC,3038
ACTAATCGATATCCGC,3037
ACTAGACTTGAAAACG,3037
AATACAATTACGAAAT,3036
CCACTATCTCATACGC,3035
TGATGACACCAAAAAC,3034
CTAAGATCCAAATTTT,3032
ATGGGAGACCCCAATC,3030
GAAACAGTAAACTTAG,3028
TAAGCCTACATAAAAA,3028
GCAAGTTATTACCTAT,3025
TGGCCTACCTAGCTAC,3024
AACCACTAGAAGACAA,3022
GCTCCTCCACCTATAA,3021
GGAATCAAACTGCAAC,3021
TTATGATCCCGATCCA,3021
AGTATAGTAATGTTGC,3020
CGATATAAACTAGTTC,3020
GAAGAGACGGTGTGTT,3019
TAATTATCTCGACAAC,3019
TGTGAACAATCAGTAA,3019
GTCATCAACATTTGGG,3018
TAATGGCCTCAAAATC,3018
GGAAAAGTTCCCCCAA,3017
CGCAATCCTTGAAATT,3016
GCTCCGGTGGAGGATG,3016
AGCAAGGATGGCATTA,3015
CAAACTTATCACGCCC,3015
CTGAATGTTCTGACAA,3015
TTCGAGCACCAGCATG,3015
ATGAAACATGATTTGA,3012
CGACGCAGAATGCGGG,3011
TACCATGAATTAACGA,3011
ACCGATTCCAATTGAT,3010
AAGATAGCAAGTTCAG,3009
ACATACCATAGGAAGG,3009
TCTATGACACACTGTC,3005
CCCCTCGGACATACCA,3002
TATGCCTCATTGAAAA,3002
CAAACTAACCCGGCGT,3001
CGAAAAGTGCTACACT,3001
TAAGTACCCAACTCGG,3001
AAGGTTGACGAACCCC,2999
ACGGGCCTAGAGCACT,2999
AGGACCCTGCTTTTTA,2999
TCAAATTGACAGTTAT,2999
TAGCATAAGTAATAAT,2997
TATGTAACATGCTAAA,2997
TCCTGCGAATGAATTC,2997
CAAACATATCAAAATT,2994
CAATAAACCCGGCCCG,2994
ATGGAGCCGAGGCATA,2993
TATAATCTGATTTGGT,2993
TCCCAGTAATTATGCT,2993
TCCCGAAGCTAGAAGA,2993
AAAGGGCTAAATTACT,2991
ATTACCAAGTTATAAG,2991
GAGGTGCGAATTTGAA,2991
TGCATACAAAATCGTA,2989
AATTCCAATAATTCTC,2988
ACATACGATCCTGTAG,2988
ACCCACCATGACCTGG,2987
CGCCAAAGACCGCAGA,2987
GAAAAGACCCAAGACG,2987
GTGCCCCCCCCCCAAA,2987
ACAACCTACTAAAAAC,2985
ACATACGAAACATTCT,2985
ACCTCCAAGGACACGA,2985
TATACACAGCATTAGG,2985
CCATTAAGCTTTTAGA,2984
TAAATACGCCAAGGTT,2984
GGTTAAAATACGGACC,2982
GTCCTGAGACCTATGA,2982
TTAGCCCTTAAAACTA,2981
AAGAGTATATTAGCTG,2980
CGGCTGTTCTGTATCC,2979
CTAATGTTATCACAAT,2978
GGATTACGAAATAACA,2977
ACATATCAGGACTACA,2975
AGTTCATATGTTTGAT,2975
GTCATACTACTCTCCA,2975
ATCGACTTGCACGGTT,2974
TCATCAAGTCGTCTTC,2974
ATGATCTATGCCAAAC,2972
TTAACTAACAAAAGAG,2972
AAGGTTGATAACCACT,2971
CCCAATACCAACACGG,2971
GGAGGTTAATTTGGAA,2971
TCCTATCAGGAAGCGC,2970
ATTCTTCAAGGAGCGG,2968
AAGCAGATATTTCTAG,2967
GACTACCATTAAGCGA,2967
AGTCTTGTCAGTTTAA,2966
CCAACGACAACTTTTT,2965
CTGTGAAGTGATACCC,2964
TAGAATAAGTAAACAC,2963
TGTACCTAAATTAGAT,2963
TAAACCCAACTTGGTA,2962
TGCACTCATCTAACGC,2962
GGCAACAAAGGAACCT,2961
GCACCAAGCTGTAATA,2960
TAACAACATGGATAGT,2960
TTCGAAACAGGAGTTA,2960
AAACAATCGGTATGAC,2958
CTATATATTAAGAGGC,2958
TTTTAGTCATATAGCA,2958
CGGCGTTACCCATGTA,2957
CTGCACGGTTCGCGTG,2956
TAAATAACGGAACTAA,2956
GGATATAACATAATCA,2954
GTCCTATCAACAAATT,2954
ACTTAGCATTCAACGA,2953
CCTAGGGCTTAAAGAT,2953
CTAACATTAACTGATC,2953
TGCAACGCGCAAATTA,2952
AATATTAACACAGCGA,2951
ACGCACGAATCACCGT,2950
CGCAACAGTAAGGACG,2950
CGGTGAAGTGGTTATA,2950
TAAAATACGTACTCGC,2950
ATAGACCCGCCATCAA,2949
CAGTGTAATGCCTACG,2949
AAATCAAATCAACAAT,2948
AATTAGCGAGTCATAC,2948
GCCCAGATTTCGTAGT,2948
CGGATACGACCATATT,2947
CATACTCGCCCGCTTT,2946
CCTCCAAAACCCTCTG,2946
ACGCCCTCCAGCCTTA,2945
GAGTTTCTCTAATGTT,2945
CGCAGTGAAGCTCCAA,2944
CTTCAAAAACATTTCG,2944
TGATTAATACAACAAA,2944
CAACAATCTGCCCAAG,2943
TTACGAGATAAAAGTA,2943
ACGAGATTGTAACGTA,2941
TCTAATAAATCTAGAA,2941
TTACGCTAGCAAACTT,2940
AACTGGTCAAGGGTAA,2939
CAAAAAATACAAACTC,2939
TTTGCCCTACATAGTT,2939
ATCGTATCGGGCCCTC,2938
CCCGCTAATGCCTGAA,2938
GCAGCAAGATCACGGG,2938
GACAACCATCATAGAA,2937
ACCATACGTTTCAACT,2936
CAGTTTAAGCAATGAT,2936
ACACAACAACTCAGCC,2934
GAGGGCCGTATTAACT,2933
AAAAATATTCCTATTA,2932
AAACCTAAATTGAACT,2932
ACACAACAGTAGGCAC,2932
AAAACCGGTGGTGGTC,2930
GTCTGTAACCAAACGC,2929
ACTCAACGACAGAAAC,2928
CGTTTAGATTGGTACA,2928
ACCCATAGATCCGTAA,2927
CCATACTTGCAGGAAG,2927
TCTCGCATGGCCGATG,2927
CGGCAGCGTAGGCCCC,2925
GAGAGATTTATATGTC,2922
TACAGTTAAATAGAGG,2920
CAAGGGGCTAACAGAA,2919
GCACCCTTCCACATTA,2919
CATACCAAAAGCCATA,2918
CCAATACCAACATCCG,2918
GACTGCTATATATCAA,2918
GAGAAGAATTACACTT,2918
GAATTTTTGCTGGCAT,2917
CGCGACCACTAGATTG,2915
AAGCAAGAACTGGGTA,2914
CATCACTACTACGCCA,2914
GACTAGGAAGATCGAC,2913
TTAAAACCTGCAAGCC,2913
AGAAACAATTAGGCGA,2911
CTTAGCCTACTTTATG,2911
AAAGTTTCCGTACATA,2910
GTGGTATATAGTTAAA,2910
TGGGGCCTAATACACC,2910
CAAACCTGATACGGTA,2908
CTACCATCATAGCGGA,2908
GAACCCTATTATGAGT,2904
CTCTGAGTCGCCACTA,2903
GGTACACATCGCATTG,2903
CAAATATACACCGCCT,2902
ATCAGGACATGTAGAG,2901
CTGTCGACGGAACAAT,2900
GAAATCTCTGCAGACT,2900
TTTGCCCATTTTTTAT,2900
TTCAGAATTACAAGAT,2898
TTTTTATTTAAACCGA,2898
AAAGGACGGATAACAT,2897
GTACTGTGATTACTTA,2897
CGATCCCCTGGAAAAA,2896
ACTAAGACAGAATATA,2894
TGTAAACATGGGAAAT,2892
AATCGATAATGAAAAA,2887
TCGATCGACCTCGTCA,2887
TAATCTTTTTACGTTA,2886
CAGTGTTGTATCACTG,2885
CCCGTATTTGAAATAT,2885
TGGGCATTGAAAAGAA,2885
CTTCATAAAAGAGTGG,2884
GGCAGATAGCGCCCGA,2884
TGATATACTACCCCCC,2884
GCAATTCAGCTTAGAT,2883
CACAACCTCATGATAA,2882
AACCACTAGAAATACA,2880
TCGCAAGAATGAATAC,2880
TCAAACTAGTCAGCGA,2878
TCCGTGCCCTTATATT,2878
CTTGAGGTACATACCA,2877
AAGAACGACAAACTTA,2876
AACAGAAGATGCCAAC,2875
ACCTGCAGTGATTTGG,2875
ACGCTAGCCTGTTACA,2875
TAATCCAGTCAACCAA,2875
AGGTATTAGATCATGC,2874
GACATTTACAGTTATT,2873
TGTGCACGTCGAAATT,2871
TTAACACATAACCAAG,2869
ACTGTAATGCAGTACC,2867
CGAACTTCAGACAACA,2867
TCAATAAAACTGAGAG,2867
TTAACCAAAGTCCCTC,2866
AACGCCTGGACTAGTT,2863
AAGCGCTTGTGGAGTG,2863
ACTCGTATTCTTGATA,2861
TCCATACATTTTATCA,2861
AATATACCATAAGTGA,2858
CGATCTCGATGTAAGT,2858
GAAAATTCGGACTAAC,2858
AAGTACAGATACCTAG,2857
ACCTATTGTAAAACCT,2857
CCAAGCGTTAAGCAGT,2857
AGCGCAACATCCAATC,2856
AGAATCATTCAAAAGC,2855
GCAACCAAACCAAAGA,2855
TGGCACCAAATCCACT,2855
AGCGACGTGGTCAAAC,2854
ATAGCTCATATATATT,2854
AAACATTGGCTCAAAT,2853
GATTTCTGTAAATACA,2853
TCTCACACATGTACAA,2853
AACACTATCCTGCTGC,2851
GTGAAACTTAAGAGAA,2851
ATAACCAAATCAGATT,2850
CAGGAACCTGCCTAAA,2850
CGGCTGACACCTAGAC,2850
AAATACCTCATCAAGG,2849
AGTCAGTGACCCGTAC,2849
CTTCTTAACCCTTAGG,2849
AAGTTTTATGTGTATG,2848
ATATCTGAACCCAGGC,2848
AACAACGCCCACAATC,2845
ACTTTGAAAAATACCG,2845
TCATTAGTGCACACTG,2845
TGACCCGAACATATGA,2844
AACGTCTAGAGCCTAA,2842
ATACTTAGATCAATAG,2842
CGCTTCCCAATGTAAT,2842
TGAGAAGCATGCAACA,2842
ATCGAGAAAGAAGTTA,2840
ATTAAACCCGTACCCC,2839
CATGCAACCTTTAAAT,2839
GTGAGCTGTCTTGAAC,2838
TGCGTATAAGCGTTAC,2837
ATGTTGCAAAACAGAA,2836
CATCCAATATAGGAAA,2836
AAATGGACGGCCTTAG,2835
TTAATAGACAACAACC,2835
CATACAAAGGTTGGTC,2834
GGTATAACATAGAATG,2834
AGACCAACGGGCCGAA,2833
GACCCAGCAAAACATG,2833
TCGGCACGACACTCTC,2832
GCGCCGGACAAACGAA,2831
TTGCGTCGGACGTAGA,2831
CTATCAAGAGGTACAA,2830
AAAGTCGGCCGCGCTG,2827
GTGTGTACATGTATTA,2827
CCCAAGTGATGCCAGT,2826
GCAGTTTTAGAGACAA,2825
TTCAATGGGAATAAGT,2824
GTCCAGAGTCAATGAA,2823
GGAACCATACCTCCTC,2822
CCCGTTCTAAACATTA,2821
GGCAAATCCCCACGGT,2821
GTACTCAGTTATTCCA,2819
TGACTGAACCGTATTG,2819
AAAAAATAACCTTAAA,2818
GAACACCGATGCACCC,2818
TGTTACCATATCGCGT,2818
AGTTAGTTTTGTCTTA,2816
CTACGCAGAAATTATC,2815
AACACTCAGTAGAAAG,2813
ATCAAGCGGATTTAAT,2813
CAATCAAGCCTCGAGT,2813
CGGAATAAGATAGTAG,2812
TGATGGCTTGAAAGTT,2812
ATGCAAATGGAACCAA,2810
GATAACCAATATATGA,2810
AAGCCCTGATAAACAT,2809
TACGTAGCTTTTTACC,2809
TGCACATTTCGTCAAA,2808
CACTTGTGAAAAGCAC,2807
CCTCGTAATAAGCCTC,2807
TCGATCTAAGATTATA,2807
TGTAAACCTGTAAAAA,2807
CTATCCTCCCACCGAG,2806
GAAGAAAAACGCGCAA,2806
TACAAAATAGTTGAAT,2806
TATATTCGAATTGCAA,2806
TTTATTCTCAAGAGTG,2806
CGAGTCATCACTAAAA,2805
AAATTACATTTGGTGA,2804
AATGCAGAACAACACC,2803
GATATAGAAGCCTCCT,2803
AAGAAATGCCCATTCT,2802
TCTGTTCTTTCTACAA,2802
AATCTCTTCCCGCAAG,2801
CATGCACCTTGAGATT,2801
CAGCCAAAAGCAGAAA,2800
GAAGGGGATCATCGCT,2800
ACGATCGAATCATAGA,2799
CATAACTATATGATTT,2799
TCAAAATTAAAACTTA,2799
TGGTAGCCACTTAAAT,2799
TAACCTAATAAACTAA,2798
GCCGATGCCAACAAAA,2797
ACTAAACCAATGCTCG,2796
ATCTGTAAAGGTTGCT,2796
TCTCATTAAATGATCA,2796
TCTTGAGCTAAAATCT,2796
ATGTATATTTGAATAG,2795
GAAATAATAAACCCCA,2795
TTCCTGAGACTAATAA,2794
GGAGACTATTAGCTAT,2792
ACTCTGAAGGCTAAAA,2791
CATATCTTCTTGAAAT,2791
CGTTCGAGTATAATAT,2791
TAACTATGCGGTATAT,2791
TAAGTACACAGACTTC,2791
TGAACCTCTAAGCACT,2791
GCACATAGGTGTAAAG,2790
TAACTGAACCAAAAGG,2790
AAAGATTGACAATGGT,2789
CGGCTTAAAAGGTGTG,2789
GACGAGTTCACAGCAT,2789
ACAATACCGGTAGTTC,2788
ACTTAAACCCCATCGT,2788
CGCCTATATTCCAGCT,2788
GAAACTCAAACTCGCC,2788
AAGAATCACAAAAAAA,2787
AGAAATGATAGACACT,2785
AACCCAATTGGTCATA,2784
GAATACTACCAAAAGG,2784
AAACGAGACTTATACG,2783
CTTAGACAAATTTGAA,2783
TTATGATTAGATCTCA,2783
ACTTGCAAGACCGAAA,2782
ATCTGTTAAGTGAGCA,2782
TAATTGTAACAAGACA,2782
AGTATAACGAACGCAA,2780
GCATAATATTCAGTAC,2780
CAATAACTTTATTCTA,2779
AAACTAAACCCTAGTC,2778
ATTCCATGACAAGAAA,2778
GAATTAGTGACTGACT,2778
GTCGATACAAAGAGAA,2778
CAACTCTAAATTACTA,2775
CTGTATATTAGCTTAC,2775
TTCAGAAACGAAATAA,2775
AAAGAAGTGAAGAATA,2773
GCTTTTAATATGAGTT,2773
TTACTGAACACCCCCG,2773
TACTCCACAAGTGCCC,2772
ATGATAGCATCGTCCA,2771
CAAAATCCTGATCACC,2771
CGAAATACTTACAACG,2771
CTCCTGAGCAAATGAC,2771
AAGGGTAAGATCCAAA,2769
AGACCGTATCAAGCCG,2769
TTTACCCCTCTGGTTA,2768
ATAGAACCAAAGATCA,2767
TTATAAATGATTCTTC,2765
TGATCATGGCGATTTA,2764
TTCGCTGGCATATGCA,2764
GGAATTCTGACCTTAC,2763
ACTTGAGTAGGTACCA,2762
CTCTGAATTAAAACGG,2761
GAATATTAACCGCAAG,2761
GCTAAGTATATAAATT,2761
AGATACATCCAGATGT,2759
GTGACAGACGTCAAAT,2759
TACGAAAGAGTAACTT,2759
CATTTCGAAGGTATCT,2758
GCCCTACTAATATACG,2757
GGCGAGAAGTCTCAAA,2757
ATTTTCACTTGACTAA,2756
CCATAAGCATACGTGT,2756
TAGAGTCATAGGTTGA,2755
CTACGCAATGCCCGAA,2754
GGAAGTAGGGTAAAAC,2754
TAAAACCTTGAGTCAG,2754
TCGGCGCAACTAATGC,2754
AACACTCCGTTAATTG,2753
GAGCATATGATCAAGT,2753
GTAATAGTTACGGGCG,2752
GTTAAAAAAATTACCA,2751
TAAAAGGCCAGTGCTT,2751
TCAGACCAGACTAAAA,2751
TCTTCCTCAATGGCAG,2751
AAGGTATCACACAGGG,2748
TCAGCAGCACGTATCG,2748
AGTCCACCCTCGACTG,2747
CCCCTGGGGGGTCATA,2747
GTATAATTTTGTGAAA,2747
TTTACTAATATGAAAT,2747
CTAAGTTCACTTTGTT,2746
ATATGAAACTCACAAC,2745
CACAGACAATGGCACA,2744
TGAGAAATCCTTTCTT,2744
AAAGCACCGTGCACTC,2742
TTCCTAGTGATGGACG,2742
AGAACACCGGATGGAC,2741
TTAATCCACATTGACT,2740
CGCTGACTTTAAAAAC,2739
ACGTAATTCAAATAAC,2736
CAGACATATAACCTAG,2735
CTCCGGAAAGGTTATG,2735
CTACTGAAAAAGACGG,2734
TCCCGAATCAAGCAGC,2734
AAAGCGTCAACCTGCA,2733
AAAGTCAACGAACTGT,2733
ACTTTCTACAATACGT,2733
GCTGATCAGCGTCAAA,2733
TAAAGGGTGCACGAAA,2733
CCGTTCGCCCATGAAA,2731
CAGACCGCGGAAAGGT,2730
GAGCCTGCTTGTGACA,2730
TGACCAATACCCCTGA,2730
GATCAAATGTTATTTG,2729
AACGATAAAAATTTGT,2728
AAGTAATCACGACCGT,2728
GCATGGTAACAACACA,2727
ATAAAAGCGTTAACGC,2726
AACGATCAACACGTAA,2724
AGAAATTAATCATTAT,2724
GAGTAGATACCAAGAA,2724
GCGTATTTCTCATTGA,2724
GCTTCGACAATTAAGA,2724
GGGGACAGGCTGAATA,2722
TCACCAAGAAAGTAAA,2722
ACAAACAGTTAAAACT,2721
ATAGACCATGTCTCAT,2721
CTCCCAGTTACTACAC,2721
CTGGCAATACTCAAGG,2720
TGTATCTGACAGGCAT,2718
GACCTAAACCGATTTG,2717
TAGTGGCCCACCAAGA,2717
AGTAGAACCACCCCCA,2716
GACCGGTGAAATATCA,2716
AGCCGAATTACATAAT,2714
ATGTGCAGTCCTGGTA,2714
CTACCGGTTTCCGCGC,2713
GATAGCCCAATCGCAG,2713
AAACAAACGAGAGGCT,2711
AGCTAACTTCGAAATT,2711
AGGGAGAACATTTAAT,2711
AAACCCAAATACACCT,2709
ACGTCCCTGACGACTT,2709
GAGCCCAATATTTGAC,2709
GTAGACTTAATAGCGA,2708
AAGATAGCGCATAACA,2707
TTCAACCGGATATTTC,2707
GGTCACGAACATACTT,2706
ACGAACGTTATACAGA,2705
CACGAGGACAATCATG,2705
GCGTAATCCCAGATAG,2704
AGCGAGCCTAGTGAAC,2701
TAACCTGATGCTAAAA,2701
TAATCCTTTACATGAT,2701
AACGAGTAGCGGACAG,2700
GTTAACAGCTTACATA,2700
CGAGCATTATACAACT,2699
ACGCCTATTGGACATG,2698
GCAATGAGTAATAGAC,2697
TACGAAATTCTTATTT,2697
AAAGCCTACACAATAC,2695
AACAAAAGCTTGTGTT,2695
CTATACACCCCTCTTC,2695
TAAGACCTTACTAAAG,2692
TTCGTTGTACAAAAGG,2692
ATCCGGCGCTCCAAAA,2691
ACAGAAAATTTATATG,2690
CAACAGTTGCAGCCCA,2690
CAGACCCACCCTAACG,2689
CCTACTATAGGGAATT,2689
AATAGGTATTTCTGAT,2688
GTTTATAACGCATGAA,2688
ATTACTAGGCGCATGT,2687
CCAGCGTATTAACTCG,2685
CCTTTCGGTATATAGA,2684
GCTAACTATTCGGTAT,2684
AAACATCTTAAATCGA,2683
AACATAAATCCCCCGC,2683
GCGTATATAAAAGTCA,2682
AAATTTAAAAACATCA,2681
GTAAAAAAATCATACA,2681
CGTAATTCTGCAGGAA,2680
GACTCGTAATTTACAA,2680
TTACAACTGATGCCCG,2680
GTTAGAGTTAGAGCTC,2679
CCTTTAGAAACCGGAT,2677
GCTCTTACAAAAAGTA,2676
TAAAAAGCAAGCGATA,2676
CGGAGTTAAAACTCAA,2675
AAGTATGTATTAACAG,2674
GTGGAACGTCACACTT,2674
AAACCTATAAACATGA,2673
CACCTACCTCACGATA,2673
GTCTTCTTCCGATTAA,2673
AAAGAGCAACATACAG,2672
CACTCCGAGTCATAGT,2672
GAAAAAACTACATGGC,2672
GACTCGGACGCGCATA,2672
AAAACTAAGACAAAAA,2671
TTCGAGCACCACACTA,2671
TTTAACGACTTATCAG,2671
CTAAACGACTATATGA,2670
AACATAATACCTTAAG,2669
ATGAACCTTGGCCAAC,2669
CTCTCAACAAGACACA,2669
TATAAATGCTCAAGAA,2669
ACTCTTGTTATGCGGA,2667
ATTTCATACTATTGAC,2666
CACCCATAGCACACAC,2665
TACTACGATACTTAGT,2665
TCAAGTATGAAGTCGC,2665
TGCGAGTGCAAGAAAG,2665
CAAGCTAAAACCATTC,2664
ATCGCCCAGATGATAA,2662
CGTATAAAGAGGAGCT,2662
TCAGATTAAAAGCCAT,2662
TCGAAATAACAGCAAA,2662
AGAGTGTGACCTACAA,2661
GAGGATAAACATCTCT,2661
TCGTAGCCATTCACTT,2660
ACAGATTACGGCCATA,2659
CCAATATGAAAAAGGA,2658
CGACTTAAATCCATAT,2658
TGAAGAAGCCCTGTTG,2657
CAACCAAATCGGTCGC,2656
CTTCGATTCATCCTGA,2656
GCTATAGACGATTCCT,2656
TATTGCAGTGTAGACT,2656
TTGATTTTATAAGCTT,2656
AAATTAAACGCAACGA,2653
TATATGTTTATAGATT,2651
TTTGGAGCGACTGTAA,2651
ACTTACCACAAGCATG,2650
GACCTACTTCCTTAAT,2649
AACCACGACATATGCA,2648
ACTAAGAACGCACTCT,2648
ACTTGGCGTTCTGAGT,2648
ACCCATCCGAGCTAGT,2647
CTCGGCCAGTTGTTCG,2647
ACAGGGGAGTCCTGCT,2646
TAATACAAAACAGTCC,2646
CAGAGAAAACAATAGT,2645
TCAGGGTTCGTTTCCT,2645
AATGTAAACATAAATA,2644
GCCTTGGTATTCACAT,2644
AGGTTCCAGGATTAGC,2643
CAATCTATCCCGATGC,2643
CCTAAGAACTGATAAA,2643
TCCAAAAAAACACGCG,2643
ACAGTGAAACAATATA,2642
AGTACACACTCTACAC,2642
GAGTGGACCCTCATGA,2642
GATCGCCAGCACTAAA,2642
ACTAGGTAAACCCGAC,2641
ACAGGAACTGAATAAT,2640
CAATTCTAGTAATAAT,2640
CTAAGCGTCATCCCAA,2639
TTCGACGGTGCTTTTT,2639
CCGTGAAGACAATTAT,2638
AATCCTCACACGTTCC,2637
CAAAAATATACATGTA,2637
AAAACGGCGTCTTCAA,2636
TAGAGTGTCGGTGCTT,2636
TTGAATTGCTATTTTC,2635
AAGACAAATCATCCCA,2634
ATAAGGAAGGCGGAAG,2633
GAAGCGGAAAAATTTT,2633
AAGAGAGTATCGCGTC,2631
GGGAACCAAATCACCA,2631
CGAGCGAACAAAAATC,2630
ACAACGTACGCCATTA,2629
AGAAAAAACATAAGTA,2628
ATACCATTTTATTACA,2628
ATTAACAGAGCTGAAT,2628
GAATATAATCTCTTCA,2628
GCACAGATAAAAGTAT,2628
AAGAACAGAAGTCAAC,2627
CCTATGAGATTGCCTT,2627
GTCGAAACTGAGACTA,2627
TAACCGACTCGCTCGT,2626
GTAGTCGAACCATTAC,2625
AAAAATCTATGATCTT,2624
CTAGCACCCAACGTTA,2624
ATAGTGACGTTACCAA,2622
GTTGTCAAAACTTTAT,2622
TCATTAACATAACTAA,2622
TGAGCGTAACAATGAT,2622
AAGTTCAACCTTTGAA,2621
AATCAACTGCAGTATT,2621
CACATAAAACGGGAAA,2621
GTAAAACCACATATTA,2621
TATGCAAGATCAGGAA,2621
TCAAGGCAGACCAAGA,2621
GCGTAGTAAAATGATA,2620
GGATATTGTATTACAA,2620
TACGACAGGATGTTAT,2619
TTTATGAACCCAGAAT,2619
ACTCTTATAAGAAAAC,2617
AGCCACACTCGCAGCT,2617
ATGAAATAGACCTGAT,2617
ATATGGCCCCTAGTTG,2616
TAAGTGGCACGTCAAA,2616
TTGTTCATAAATATTA,2616
GCAATAGTTGGTCACT,2615
TGTGCAACAATTACTC,2615
AATAACAAGAGCATAT,2614
GGCCGTTACACTAAGG,2613
CAGAGTAACACAGAGC,2611
AGTAGAAAGCAATGCT,2609
GTATAACTACCCTGCA,2609
TGGTAAATATTTGCTT,2609
CAAAAAAGATAGAATG,2608
CGCAACTCAGGAAGTC,2608
AAGTCTAAAGATTTGG,2607
GAGTGAATTTTAAACC,2606
GTAGTTGATAAATACC,2606
CAAAAGATTGAAAATA,2605
CACAGAAGCGTCACGG,2605
AACCTCGCTTGACTCC,2604
ATTGGCCGCAGTAGTA,2604
TATCTAAAGACGGGCT,2604
AATTGGTGCGGTCTCA,2603
AAGATATAAGAGAAAG,2602
CTACCAGTCCTAGATG,2602
CTCACACTAGCTCTAA,2601
CTGTGTTGTGCCCAAC,2601
GTGCATATTAAGGTAA,2601
ACACGGCTGTAAATAA,2600
CGACTATGGTTTACAT,2600
TCGATTTACGTATGTA,2600
GGCAAGCCGGGAAGTT,2599
ATACCATACTATGGTT,2597
CACCAACACTAGGGAG,2597
TCTAAACTGGCTACCC,2597
CCATTTATAGAATTAA,2596
AGAAGTTACTAAGAAA,2595
AGAATCCAATTCGCTT,2593
GAAACTCCCACCTAAG,2593
CACAAAACTTGACAGA,2592
GAAATCCGATCTCAAA,2592
TCACCGAATTCCCCGG,2592
CAGTAACTCACCAGTT,2589
CTACCCTGGACCTGAG,2589
ACACAGAAATGACTCA,2588
CTATGTAGAATGCGAT,2587
GACGCAACAACAGAAG,2587
GGTTAGAGTTTCTAAA,2587
AATTATTCGCGGGCTA,2584
TAACCAGAAGATAAAC,2584
ACTCCAATAAATTTGC,2583
CGATAAGAACCTTAAA,2583
CTGATGCAGTTTCGAT,2583
GAATCGTACATGACTC,2583
GACGCGTCAAGTATGC,2581
GACGGGCTCCCTGAAA,2581
AGATCAACTAAATTCA,2580
CAAAATTAGCTGTAAA,2580
CCTCCCATAAAGATTG,2580
GTATTTTTAACTACGT,2579
TAACGATACACTTCAC,2579
TAGCCATATAAGATCA,2579
TGGGCCATATACATTC,2579
ATCTTATAGTTGAAAC,2577
CCAATTCTTTAGTAAC,2577
CGATAACACCAAGTCC,2577
TGATACCGCTAGCAGT,2577
AGGAGAAAAATCGAGA,2576
CTAATGAAATGATGAG,2576
AAAAATCCCAATCTGA,2575
GACACGAATAGATGCC,2575
TATGCCAGGAGTTACC,2574
CTTACAAAAGATTGGA,2573
AAAATACCGTTAGACA,2572
AATACAATTGCCCCAT,2572
GTACTCACCTAGGAGT,2572
TACATAGCATAGACTT,2572
TTCCCCGCCCCCCAGG,2572
AAAGAAAACCACAGAA,2571
GCATTAGTAACGACCG,2568
TGCGTGGTTATGCTAC,2567
AAATTTCAGTGACAAT,2566
TTTACGCTCATTCAGC,2566
ACCTAAAAGGAGTGAG,2565
GTTAGATAGCTTGTGG,2565
TAGACACGCTTTACCA,2565
CTTTATTTACGGGAAC,2564
TCTATCGTAAGCTTTT,2564
ACCCCTAATTACTTAT,2563
GCCAATTGTAATCAGC,2563
ATGCGCCGAGATATTG,2562
CTGGGTTGTGATTTTC,2562
CAATGCTAAAAATACG,2561
ACAACTCAATCGGCGA,2560
GTCAAATCACAAGACC,2560
ATACCACCAATTTCAT,2559
TATATCCCCGTGAACA,2559
TTACTAAGAGGATAAC,2559
AACCCTGCACGCAAAT,2558
TAACGCAATTTACTTG,2558
TAACTGATTTACTACG,2558
ATACTATTACATCTAT,2557
TGCTCAGCGACTAATG,2557
AGTAAAAAGGCCATCG,2556
CTCAAGTTGAGCGCTA,2556
CGGGACACCCTATATG,2555
TACAGCAAACGGAGCC,2555
TGATTCAGACTTCGAC,2555
GAACATTCCAAACTTA,2554
GTAGTGAGAATCTAAG,2554
CACCCCCCTTCCCGTA,2553
TATGACCTGTGAGTGC,2553
TTTGCTTGCAATGTTG,2553
CAACCACTATCGGAAA,2552
GGTTCCATTCTTCGAG,2552
ATCCCATTACAAGGAC,2551
GAGTCCAAGTCTCTAT,2551
AACCCCTGGTCTGAGA,2550
ATCGAAAACGTTGAGT,2550
ATGTCCCGAGAGATGA,2550
CAAACACAATGTAACT,2550
CATAAATAACAGTACA,2546
GGCAAGATTCTTACGA,2546
ATAGAGTATTAGAACT,2545
CTCATATCCACTCTAA,2545
TGTACGGACCCCACAT,2545
CTACGCTCGACCACGA,2544
CTTCCAACTATCAGAG,2544
AGTTAAGCCACAGAGA,2543
TGGAAACAAATTACAA,2543
ATTAGCGGCCGCGGTA,2542
ATTTCTTCCCCTACAA,2541
CAACGTACAAAAGTAT,2541
CAGGTGTTCGTCTTGT,2541
GCCGAGACTCATTAGC,2541
TCGACCAGTATTGGAT,2541
CCAACATCCCGTGAGT,2540
GCCATTTAAGGCTGGA,2540
TTTTACATAACTTTAT,2540
CCACACTAACAATAAC,2539
GAGTCTCCCAAGCTTA,2539
GCAACCGCTGAATATC,2539
AAACACATCCATTCCT,2538
AATGTCTCACTCCAAG,2537
ACTTTTTGAATAAAAA,2537
AGAAGTAGATCACAAA,2536
TCCACACATATACTCT,2536
ATAAACAGTTAGACAA,2535
ATCCTGGCCTCACAAC,2535
CACCTAAACACCATTA,2534
CGACATGCCATAGATA,2534
ATGGCACACACCCAAA,2533
CACAAAATAGGTCTCT,2533
ACAACCTAGAACTAAT,2532
GGGATTCATGCTACCG,2532
ACTATCCCACTTTTGA,2531
CATTGTACCAAATCTT,2529
GATTATAAGCATTAAT,2529
CATAATCCCAATAGAG,2528
GAGATGGGACCATTTG,2528
GTCCTGAATATAAGCA,2528
GGAACCAACATGGGCA,2527
AGGAGGCAATAAGTAG,2526
CTGACATTGCCACGAG,2526
TATATTCCTGGCTCTC,2526
TGGAAAATAAACCTTC,2526
AGCGATCAGTTAGTTA,2525
TAACCAGAAAGGAGTC,2525
GACTAGTGGATTCATT,2524
TCCCGGCTGTCCCAGG,2522
CTCCGTCAGGTTCCCA,2521
GCAGTGCGTTTCCCCT,2520
AACATGTCTTAAATCG,2519
ACAAAAGACAAAACAA,2517
GTAGCAAAAAGAGATG,2517
CACATACCGCCATGGA,2516
CGCTGTACCAAATGTT,2515
TAGAAATGTGCGACGA,2515
ACTATAGAGTGTCTGT,2514
CCGCACTGCCTGAGAA,2514
GATGGCCTAGGCTGTA,2514
ATAGTCTCGCCTACCG,2512
ATCTAATTAGAGTAGA,2512
TGTTAGAACCTCGTAT,2512
ACCAAGGCGAAGGCAT,2509
GTATTGTGACACCTTA,2509
ACCACAGAGGGCATAA,2507
ATTTCACTAGACTTCC,2507
TCCCTGATTGGACATC,2506
GTTGATTCCCAATCGG,2505
AATGTCCTTGCCTTCG,2504
ATTTGCGGACCTATCG,2504
TATAAACCATATCCTT,2504
TTTACGGTTATTACCG,2504
ACAAACAGTTTAAATC,2503
ACTTGTAGTTGCGCAA,2503
CTGAAGCCAATCAACA,2503
TTTAGTCTCTAAACCT,2503
ATGACGGGAATGAACG,2502
CAGGTAGTGAACCAGG,2502
TCCCAAGTCATTTGGC,2502
GCCCCAACCTAATGTT,2501
ATAGGATCACTATTGT,2500
ATCCACCGCACCCTAA,2500
TGCACCATTGAAACAA,2500
AATAAAAGCACGATAT,2497
TGATTGTCTACATGAC,2497
AGCAAAAAGGCACACA,2496
GGGCCAACGGTTGAAA,2495
AGGAATCATATAGTCC,2494
GCGCGAATACAAAAAA,2494
AAGTTAAGAATCTTAA,2493
ATAGACGAAATTTACT,2493
CCTGAACTTTATACCA,2493
AAATCGCAATCAATAT,2492
ATTAAGACTATGAACC,2491
GTAATACCTCCAGCAC,2491
TAATCGATTTAACCTA,2491
TGCTCGTGCAGTGTAA,2489
AAAACTTAGCTTTGAG,2488
AACTCAGAAGTAGAGT,2488
AACACGTATTCCAAGA,2487
GACAACTGTCTAATTT,2486
GCCTATCTCCACATCC,2486
TCTTTAACATAATAAC,2486
CAGTCAATAAGAAGCA,2485
CCTTAGGCCAGTGAAA,2485
GCTAACATAAACATAG,2485
GTCGCGGCTGCACTAG,2485
AATAACCCCAATTGAA,2484
CGCAAAGAGGCTATAG,2480
GAGCGATTGTGTAGAA,2480
TGATCAAATTACATGA,2478
ACCATCGTTTCCTGCA,2476
CGGTCACTAACAATAA,2476
ACAACTCAAACGCCTA,2475
CGAAGTAATTAACTAT,2474
CCCCGAAACTATCAAC,2473
CGCACCCAAATTACAC,2473
TAATTTATGGAATGTG,2473
TTGCGGGAATTTGTTA,2472
ACACGAACCCAAACCG,2471
GGACAGAAAAAACCGG,2470
AAACGAATTTAACGGC,2469
CGACTATCGCACTCTA,2469
CAATATATACAAAACA,2468
CAATTGTCAGAGGTAA,2467
AAATATGCCCCCCTTA,2466
ATGCCGTCTCTAATCT,2466
AAAAACGTTGAAGAAT,2465
GCCCTGCAATATAATG,2465
CAGCTCTATTATATCG,2464
GCTTAGACTATACAAA,2463
TTCAGAGGATAGAGAA,2462
AAGATAATAGGCATAA,2461
GAGAAAGGACAGGATT,2461
TACCCCAGCCAAGCGG,2460
TTACTAGCAAATGCTA,2460
AAAGGCTCATAGTCGC,2458
CCTGAGGCTGAAATCA,2458
GATTTCTATGGAAACC,2458
TCTACATCTGAGGTGG,2458
ATCTACTAATATGAGA,2457
CGATGGAGGGGCACCA,2457
AAAAGGTTACACAAAA,2456
CACAAAGATTCCTGGG,2456
CTTACCCTGAAACGTT,2456
GACGAAGTGGAGTATC,2456
AGTATGCCAGGAAAGG,2455
GGAAAAATAGAAGTGC,2455
TACATCAAACATAAAT,2455
TTCGACATAACACTCA,2454
CTTGAGAGATCATCCC,2453
TCTTCAAGGCACAAGC,2453
TGCGAGTGAAGCTAAA,2452
AACTCAAGGAATAATT,2451
GACAAATAAAGTCAAT,2451
TTTATTCGAGCTACTA,2451
AACTGATCATGAGTAG,2450
CCTACTTAAGCACCTA,2449
CTGGCGCTTCCAAAGA,2449
AAATGGGGTTATACAT,2447
CCATTGAGAGTTAAAT,2447
TAATCTGAGTAAATTG,2446
TTTCACCGTAGTAGAA,2446
ATACATGATAATGAAA,2445
CCATCACAATCAACTC,2445
GAAAACAAAGATTGCA,2445
AATGTAGGATAGAAAG,2444
GAGCCAGACACCAAAC,2444
TAACCTATGCGGTGGA,2444
AAGAGTAACAAGAACA,2443
GCCAGCCTTCACAACT,2443
ATAAAAACCAATGTGG,2442
CCCGACCGTTGTAGGT,2441
TTTAACATCAACTACT,2441
GTAGGAAACAACGTCT,2438
GGTTGTTCGGCAAGTA,2437
TGATACTAATAAGAAA,2437
TTTAGGAATTCAACAC,2437
TGATTAGGATCACGAA,2436
AGAATCTTGAGATGGT,2435
CAAAATTATCACCAAG,2434
CATTTCTATTGTTCCG,2433
GTCGAAACCAAACCGA,2433
TGCAAAACTAGTTAAA,2433
CAGAATATCGTGATAC,2432
TATGATCTATCGGATG,2432
TTGATGTACGATATTA,2432
CAGTCACCGATAGAAG,2431
TTTCAATCGCACACTT,2431
TTTAACTGCAACGTCT,2430
ACATACTGAAGTAATC,2429
CTATTGTACTTTGGAT,2429
GGAATTGAAGCTGTTA,2429
TAAATATACAATTGAT,2429
AAGAGCATAGCCACCG,2428
GTTTGAACTTCGAAGG,2428
TTGTGTTATTCTAGTA,2428
TGTACTGTGTTCTCTT,2427
AGATCACCTCTCCAAA,2426
GAGTAAAAACTAATGA,2426
GACAAAACCACACCCC,2425
TGACCCAGTTGGTCGT,2424
CCCGTGAACTGTAAGA,2423
AAGGACAAAATGTAAC,2422
CGTTCTGAGAACTTAC,2422
TCGATCAAATTGATGA,2422
CCATAATGAAGTTAAA,2421
GAGGGAACCCAGTTTG,2421
AGTGACAAAAAATGCA,2419
CGGAAGAACTCACCTT,2419
GAATAACCAAAAACAA,2419
TCTAACAAGTTTTCGC,2419
TTGTATATAACTGGGA,2419
ATAGACCATTCTTAAA,2418
GATATAACTGGATCAT,2418
AATGGCATTATATTTG,2416
ATGTTATGTCTAGTCG,2416
CCCTAGCGTATGAAAC,2416
TTCCTACTAAGCGAGT,2415
GTAGCTACTACGATGA,2414
CGAAGACTAGATACAC,2413
ACACAACGTTAATCTG,2412
CCTCACAAGTAACTAT,2412
ATCCAAACGACTTTAA,2411
CCAACAATTACATTGA,2411
CTCATAGGCAAAATAG,2410
GATACTCGACGGCCCC,2410
ACCAAAATATTGAGTT,2409
GCGGCACCTTACAACA,2408
TGAAATCCAATTCCGA,2408
CTCCCTAAATATCATT,2407
AACCTCTAGACGTCCA,2406
CCATTCAATAGTTTAG,2406
AAATTACCTGCCCAAC,2405
AGGATAACGGTACCAA,2405
ATATATCTTGACATAG,2405
TGTAGAACCAATTAGA,2405
AAATCATAGTCTCATC,2404
ATATTATGGACTATCA,2404
GCCATTCTCAGGGAAG,2404
GTAAATCAATGGGGAA,2404
AACTGCAAATGTAGGG,2403
ACTATATCATCAACGA,2403
TAAGTCCTAACATACA,2403
GGAAATCTTTCATTAG,2402
AAAACCCTAGACGGGG,2401
AGAAAAATCTCAATTA,2401
TTTGAACAAGATGTAA,2401
AAATAAACAGTAGGGC,2400
AAATGCTAAAAACGTT,2400
CACCCTCTAAAAGCCA,2400
CGATGCATGATTGAGA,2400
CAAACGGCGTGTACGA,2399
CCGGTTAACCCAAACA,2399
AATATGTTTATACACA,2398
ATTTATCACGATCCCT,2398
TCCCTAGAACTCCCGT,2398
AGGTGACTAATGATTT,2397
CCAGCGCTGAAATGGT,2397
AAGTAGGAGTCTACCG,2396
CTAGTCTGATATCAAC,2396
GCAAGCGCAAAATTGT,2396
AACAAAATGACTATCC,2395
AACTCCCACTGTAGGT,2394
CTAGGAGGGATCACTT,2394
CGATAAGATCAGAATG,2393
CATGAAGGTTGCGGTT,2392
AAAAAAATCAAGAGTC,2391
TATAGAATTGAGACTA,2391
CGAGCAACGCCAAAGA,2390
CGCTAGGCTAGAAACT,2390
CGTTCACTATCCAGGA,2390
CTACTGAAGTGATCAC,2390
TCTCATGTTTCGGATA,2390
AGGACTTAATAGGTTA,2389
GTGACTAAGGTGACAA,2389
TTAGAGTTACGATGCC,2389
ACGTACCTGAATTACC,2388
CGTAACACTAACAGAA,2388
AAACCCTTGTCAACCA,2386
ACGAGGTGTCGCTATG,2386
TTGTCTTAACATCGAG,2386
TAACCTAGCCATATAC,2385
TCCACATCCATCAGAC,2385
AAGGACCACTTCTTGC,2384
ACAGAGCATCTAGGTT,2384
AGATTTGTACTGATAA,2384
ATGCACGGAAAAAACT,2384
CGAAGGGATCCAAATT,2384
GAAATCCAAAAGCACC,2384
GGAAACTCCGTTCTAA,2384
TTACAACTGACTCCAA,2383
CATCATACAACTGATA,2382
TACTCAACCAGTATCA,2382
TCTTTTCGAACGTGTA,2381
ATCACGATCAAAAAAA,2379
CTGATCTCGATGAGTA,2379
GCCCAATAAGACAGCA,2379
AGAGCAAAATTAGACT,2378
CGGCATGGCTCTTACA,2378
GGATGCCAACACACGT,2378
GTTTTCGAGGACCGCG,2378
AACAGACGACCTATCG,2377
TGACAAATACGAAATC,2376
TTAATCATTCAGAGGG,2376
GGGTGCCCGAATGGCT,2375
TAATACTTCAATGGAT,2375
TATCGCAGTGCTTAGC,2375
CTAATGAAATTAGTGC,2374
GAATAAGGAGAATCCG,2374
GCCTTGTGAGAAGGCA,2374
TAATTGGAGACCTGAC,2374
GACGACCTAAGACTCT,2373
GCTATATAAAAGGATA,2373
CACCGAGATTAAAGAT,2372
TAACTTAACAGCCATT,2372
CCTGGTGTGTGGCCCC,2370
GGGTACAGGATAGAGT,2369
GCAATATCGGCACCAC,2368
TGATGTAATCTGGTTA,2368
ATTTTTAAACCAAAGG,2366
GCGGGTTGATAAGCGG,2366
ACCAGTTCTACAAACA,2365
GGATATTAAGTTTCAT,2365
GCTGTAAATTGTACCC,2363
GCAGGTTTACATATCA,2360
CGCCATATGATTAGCA,2357
GGGCAATCTTAAAAAA,2357
ATATTGTGAGAGACAA,2356
GACACACTAGCCGTTG,2355
TAAAACCTCCATTGGA,2355
TACCCAAAATAAGCAA,2355
TACTTTCAACAATAGA,2355
ACAATGTTTGACCAGA,2354
GAACTTCCGAAGGGAT,2354
AACAACACGAAAAAGA,2353
TTTCTAGTAGTAGTTT,2353
ACACAAGCCGCAGCGG,2352
AGAGGAAGGTGGCTTC,2352
GTTAAAATCAGAGCTC,2352
CAACACTCCTTAGCAG,2351
TGATAGTAAATTAACA,2351
CCATAACAACGGACAG,2350
TCCACCAGACGGATAT,2350
GCATCTAAGCCGGGAT,2349
TAATCCAAACCTCAAA,2348
CAAGCCAAGTCCCCCA,2346
CTATAACTCAACAAGA,2346
GCATAATAGTTATATT,2346
ACACTAGCGAATCTGG,2345
AGAATACTACATTGCC,2345
GGGAAACGGGAAGGTA,2345
AATGAAGACAAAGTTT,2344
AATTAAACGACTCTGT,2343
GGTAAATGAATAAGAC,2343
AATACGCACACCACGA,2342
ATACGACTTATCCGAA,2342
CACGTTTGTGTCTGCA,2342
CCTTAGCTATTAATTA,2342
GCGACGTTCTCCGGGC,2342
TCCCCAAGGGACAAAA,2342
AGATTGTGGAATGTAC,2341
ATATGAACTGGGCACG,2341
ATGATTTAGAATAAAG,2340
GTCGAAACGAATAACT,2340
ACCCCCCTCACGCGCA,2337
ATGTTGACAAGAGAGT,2336
CCCCATTGAACCAATA,2335
CCTATTACACACGACC,2335
TATGAACGCCTACAGC,2335
TGGCGCGAGGACGGAA,2335
ACAGTCTAACCCGACA,2334
ACTGACCCCCAAATTG,2334
TTGTCGGTAACTTCGG,2334
AAGTCAGACAGACCAC,2332
GCACGGTCACGTTCAC,2332
GCACTACCAAAGTCGA,2332
TCGAAGCAACAACCCA,2332
AATTGTAATAATGTGA,2331
CAAACACAAAGAAGTG,2331
CATCAACACCATTGGA,2330
GAATAACTGTCCACCT,2330
CTACACAAGCAGTGTT,2329
GTGGAACAAATAATAC,2329
TACGCATCAATGCAAT,2329
GCTGCAAGTGGCGCGA,2328
GATTTGCTTTCCGTAA,2327
GCCTCGAGGATGAGTT,2327
GGTTAATTTTGAGGAT,2326
ATCAGTAAAAGTGACA,2325
CGGTTAACATACCCAC,2325
CGTCCTTACGTCTGCG,2325
GACCATATACAAAGAC,2325
CGTTGGATACTTACTA,2324
GTTTAACTACGACGGC,2324
ACACCGAGTAAGAACA,2323
ATCAATCATTTCACGA,2323
TTATTAAGAACAACAC,2323
CTGTAGTCTTCGAATG,2322
GATCTTAATCAATATA,2322
ACAATCGAAACGGGAG,2321
ATGTAGTCTCATTTCT,2321
CCCCGATTTTATATCT,2321
GTTCAAGACAGAGGAA,2321
CAAGACACACAAGGGC,2320
ACAGAGATAAAGCATT,2319
GATTTATGCCTCAAAA,2319
TCGTAACCAAGCGTAC,2319
CCTCGATGACCGGAGA,2318
TGTGAAGTACACAAAA,2316
AACTAAAAACACCGAC,2315
ATACGATGCAATAGGT,2314
AAGGTATGCCCGGACA,2313
TACAAAAAATCAGGGA,2312
TGACACCCGAATACGA,2311
TTAAACTGCACCTAGT,2311
GAATGACTTGGCGTGT,2310
TTAGACCCTTTATTCA,2310
AAAAATAAAAATACTA,2309
TAAAACGTATCCTATC,2309
TTGGAAATAGAAAACA,2309
CTCGACCTAGAGATAT,2308
CTTGAATCTAACACCA,2308
TGACCCCAGACAAAAC,2308
AACGCAGGTCGTCCGG,2307
TGATGAAATTCAAAAA,2307
GCACATGTTCTGATAA,2306
ACGGCGCACTTAGGGC,2305
ATCGACTTTTCTAAAT,2305
TAGCAATATGCTCATA,2305
TTGGGCGTACCAGCAC,2305
ATAATTCAGTCTACAG,2304
CGACCAATTACGACAA,2304
GTGGCTTCCGTTATCT,2303
ATAGCTGCGGTTGCGG,2301
ATTCGGCTTTCCAATA,2301
GGGTCGGTAAAGCACA,2301
TCTCCAAATAAGTAAA,2301
ATGGATTAAAGTAAAC,2299
GCATGAAAACAGTCAT,2299
TGTCAAGAATGCTTAA,2299
TTCCACTTAGTATCGT,2299
GCAAACTGTACTGCAG,2298
ACTAGAAACTAACCCT,2297
CCGGGCAACCACGATT,2296
GCCAGGTCAGAACACT,2296
TATGCGATTACATACA,2296
GTCGAGTATTAGAAAT,2295
TAACACGAATTGCAAA,2293
AAATACTTTGACCCCA,2292
TACCTTATACTTTGTG,2292
AAAAAGAGCATGCACA,2290
CAGCCCTTGGTAACCC,2290
TTGATGACGCATCACT,2290
AGAAAAGTCTTCAGTA,2289
CAGCCATGGATATGAC,2289
TACAAATTGCGGTCGC,2289
TGTGGAGGCTGCCGAT,2289
TAATTAAGGGAAAATT,2288
CAGCCTGCTGAACTAT,2287
GTATTAAGATGAACAT,2287
TTACAAACAGAGTTAT,2287
AAAACTCAACACTGCA,2286
ATAGGACCGAGTGCCC,2285
AAATCGCAACTAAAAC,2284
AATTAACCTCACCGTA,2284
CCAGTGAGTAACAAAG,2284
TCTAGTTCTCCTAACG,2284
TGCTAGTGCTGAGATA,2284
TTATATGTATTTTATT,2284
CGTCTTATGAAGAACT,2283
TTCTACCTTATAGCAA,2283
ACGGTATGGTCTCTGT,2282
ACTCGGAACACCTTCA,2282
GCAAGTACCCGGTAGA,2282
TACGCCAAACGTTAGA,2282
ATTACAGGGTGCAGTT,2280
AAACATATGAATCAAG,2279
AAACCAATCAGAAACG,2279
AAACAGTAAATTACAA,2278
GCGTTTTATGATCCGA,2278
ATAATGAATTTTAAAT,2276
CGTCAAGGTGGTAAAG,2276
CAGGAGCATTTTGTAC,2275
ATAGTTCCATACGCCA,2274
GAAATCTTTAAAAAAT,2273
GCACTCAGTCGAATTT,2272
GCTCATCGCTGCCCCT,2272
ACCACACAAACAAAAA,2271
GATGAGAAATGGCAGC,2271
AGTGGACGAGGACCAT,2270
TAATCTTCTTAAACTT,2270
TATGCAAATAATGAAA,2270
GACCGAAGACTAACGA,2269
GATACTCTGAGACATA,2269
GCACCTTCCACGTCAC,2269
TACCTAGAACCTAAAC,2269
ATAGCATTGGACCACG,2268
CAGGACTGGAACACAG,2268
CCATGCATCGACTAAG,2268
CTTAAAGAACCTAGCA,2267
GTTAACCTCACGGCGC,2267
TCGGAACAAACATACC,2267
CAAATGCCAAACCATT,2266
GCAGTAACAACTGGTA,2266
TCAAACCGTTTCCCAG,2266
TTGTCAAACAATCCCA,2266
TCTCGCAGGGTGCGTG,2265
TTTTGAAGTAGGAGAA,2265
CTATAAGAGCACGAAG,2264
GAATGGGCTGGGTCAC,2264
ACGACAGTCATGATTA,2263
GAATGGGTCATGCAGG,2263
CAACTGGTGTATGCTA,2262
TTGCCACCACAAACGA,2262
ATTCGCTGTCAACGGG,2261
CAAATACCGATGGTCC,2261
TCCATACTGACAGTAC,2260
CACTCTGAAATCTGAC,2259
GAAAAAAGACACATCC,2259
GAATGTACTTTGTAAA,2259
CAGCGACGCGTGTGAA,2258
CGGGTTCCTCTAGGCC,2258
GGTAGAAACTAAAGTT,2258
TACACCCTCAATAGCA,2258
GTAGACATTGATAAGA,2257
TAATCCATCGGTACAC,2257
AGAGAAAAAAAGATAG,2256
GTATCTGCCCTTTAAT,2256
ACTTTCACTCAAACTA,2255
AGTTGCGATCCGTGAA,2255
TATGATCTTACTAAAG,2254
ACCTCAAGCAACTACT,2253
ACTCTCACAAACAAAC,2253
TAATTCTGTGTGGCAG,2253
TTAAATGTACGTAACA,2253
ACAAACATGTACAGAA,2252
CATTACATAGGAAGGC,2252
GTATCACAAGTAGGAT,2252
TCATCATTTCACCACT,2252
TGCATAGTCATCTCAC,2252
AGACAACAATAGGTCG,2251
TACGGTCGCTACAACA,2251
CAGCAGACAAAATTCA,2250
CGAGATTACAATTCAC,2250
CTTCCACATCCAACAT,2250
GGAAAAAAATAGAAAT,2250
TAAAATACAAATCTTG,2250
AGGTTGAGCTATTAAC,2249
AGCAGCGTCCGCTTGA,2248
TTGTCAACCCTCACAA,2248
AATTTAACAGTATGAT,2247
ACTATGCTTGACTTAA,2247
ACTTCATTATTGACAA,2246
CTAAATGTGAGAGACT,2246
CTCTTGGAACATATTA,2246
GCCTGCTAGTCATGAT,2246
CAAAAACGAACCGTCA,2245
GAGGATTTCGCCAAAA,2245
CAATAGACACCACATT,2244
AGTTAAACCTAAAGGG,2243
ATGGGACAATCCACCC,2243
CTTAAAATGAATGTCC,2243
GTTAGTCTCACCTTAC,2243
AAATACCCTACCCAAC,2242
AGAAGCACGAACATCT,2242
AAACGTACCTAGCGAT,2241
ACATATTAACAGCAAC,2241
CCGTTATTGAGCTAAT,2241
AACCACTTCAGAGGTA,2240
AAGGAAACAGATTCAA,2240
AGAAGTTGCGGGACGC,2240
TCACTATGCTAAAAGC,2240
TCCTTTAAGACAATCT,2240
TTTCGAGAAAAACACA,2240
ACGACGCTAGGTCCAA,2239
CCTCAACCAATATGCA,2239
TAAGCATACCAAGTCT,2239
TCAAACACCACAAGTA,2238
CACTACCCCGAAATAG,2234
AAGAGGAAATCACAAG,2233
TACGATTCCTATGGGA,2233
TCCGATTCAACTCTTT,2233
ATCCAAACTCTATAGG,2230
ATGCAACCTACTACAT,2230
GCACGTCAAATACGTA,2230
GCGAACTAATATTAAA,2230
AAGAATTCATGAAAGC,2229
AATGTAAAAATCGATG,2229
TATAATCGCCCTAATC,2229
AACACTGGCAGGGAAC,2227
CACAGAATGAAAATTC,2227
CGCAGTTTGTATCGTA,2227
ACGGCTACATTGGACC,2226
AGCGCCTCCACATGGA,2226
GCTGTTGATAAAATGT,2226
GAATTCAATTCGGTGC,2225
TAACTACCGTGAGGAC,2225
AAGTCTAAGCTGTACC,2224
ATTGATTGGGGAATAA,2224
CGAGACCGGACTAATA,2224
GAGAATAACATTCGGA,2224
AAAATGACCCAGGGTA,2222
ACAGCGGCAGCTAGGG,2222
ACCGTACTGTTGATTC,2222
AGTAGCGACAAATACA,2221
GTTTGCTAAAGATGAC,2220
TCAGTTGCATGAAACG,2220
CTAATCCAACCCAGAT,2219
CTGGTAAGATAATCAC,2219
AGACTTGTAGATAGCA,2218
ATCCAAAGATTATCAT,2217
GGAGTAAAAACAAAAA,2217
TTCGCACCCGCCCATT,2217
ACCCATCGCAAAAGGA,2216
CCGGAGTTTAACCAGT,2216
GCATGGATTTTTTTAT,2216
ACGTTGAAATCATTGC,2215
CCAATTAAACGGTGGC,2215
TAGCCCACATAAAGGC,2215
AGGGCATATCAAGACA,2214
CTCTCGAAATACCCCG,2214
AATCGACACAAAGGAT,2213
AGACAAAGCAACCAAA,2212
CACCATACACTATATC,2212
CGCGATGTATTTCAAG,2212
CTTGGACGGCAATACA,2212
TTGTCAAAGGCGCGCA,2212
AAGTAGTCGATTGATG,2211
GTGCGCACAAACTTAA,2211
AATGGAGGCTACATAA,2210
TAAAATTGTGTGCTAG,2209
CAGATCACCAAATAAT,2208
CTCCCTACTTCCGTCA,2208
TACTGGCAATTGACAC,2208
CCCCCGTGAGCCGCTA,2207
TATACTCGCAACAGCA,2206
CTTGATTCATACCCCG,2205
GTAACCATACATGTGA,2205
TACGTCACATCGCGGC,2205
GAAATCAAAACAAGAA,2204
GACGATGTTGTGTCTA,2204
ACTTACAAAAAAAAGA,2203
GGCACTGAATATACCG,2203
TTCCGCCGTTAATAGA,2203
AATCGCGATTCGCCAA,2202
GGCTTCATAATTACTC,2202
TACACTAGTGTGCTGA,2202
CAGAGAAAACTCCAAT,2201
GAAATACAAGCTAGTA,2201
TGCTCTGTAGATGCCA,2201
ACTTAACCCTACGTCA,2200
ACACCAAAATGTATCG,2199
GCACGAAAAATTCCCG,2198
TATATTACAAGAAAAT,2198
CGCTGCACAAGTTATC,2197
TCTAAAAAGAGCGTAG,2197
AAATAGAGAGCTCGGT,2195
AAGACCTGAATGAATC,2195
CTTATTTCTAGCATAA,2195
GTACTCAATCCGCACC,2195
TAACATAAAAACATGC,2195
TCTAGCTCATGGCGAT,2195
AGTACGTAGTATAATA,2194
AGTCTATTTACCCGAA,2194
GCATTACTGAATAGAC,2194
GCCATTCCTGGTCTTA,2194
AAATTTAAGTTCTAAA,2193
AGACGCTATATGAAGG,2193
GATCGAGACGGTAATG,2193
ATGCGCACCCCCCAGT,2192
CAACAATTGATACCAC,2192
ACTCACACGTTGAACA,2191
CCTAGGGTGACATGAA,2191
GTCCCGAGTGCTCTAC,2191
TCTGCAAATAATCGTT,2191
ACTTATACCGGTACAA,2190
CCGTAGAGAGGAGCTA,2189
CGGGATGTGACGAATA,2189
GCTTACCCAACTCCGA,2189
CTATAATGGACATATT,2188
TATAAGCCAATTATGG,2188
TCCCTACATTAAACCC,2188
ACTTCATAAGCAGCAA,2187
CAACGCGATTCTCATT,2187
CCGACATCTCGGATAG,2187
TGCGGACAGCCTAGCC,2185
AGGAACGATCTAACCA,2184
GAAAAGTATCTCATCA,2184
GACAAATAATATTACA,2184
TCGGCCCAGAAAAATC,2184
TTAAATGCTAGCAAAC,2184
ACTGAAGCCCTTAACA,2183
CATATCTAAGAAACAC,2183
CGCTTTAATAACATTA,2183
TCTTCAAGGAGCCAGA,2183
AATGATTATAGCTAAA,2182
AGAATGACGGTGAAAA,2182
ATGATTACTACAATAA,2182
CGAGTCAGGAATGCCT,2182
TTATTTACTTCCTCTT,2182
AGAGGGGCAATCCAAT,2181
AACCAATGATTACCAA,2180
AATGGATCCCTTGGCG,2180
CAAGGAGCCATCAGGG,2180
CAGTTAAGTAAAATGA,2180
CCTCATACGGCCAGCT,2180
AACGCTGTGGAAATGT,2179
AATACGAATACACCTC,2179
GTTGCAAGTCAATTCC,2179
ACCGCAGAAAGGAGAT,2178
CATATCAAGACCAGAC,2178
GGAATGCTAGAAGCTG,2177
AAGAATAACGTCAACT,2176
CCAAATGGCGTCTAAA,2176
CTACCTATTACAATTA,2176
CTTCCCTCCGCATAAC,2176
GGAGTTTGGGTCAGGG,2176
GGTGTCGTCGGCAAGG,2176
CTTGCCTGGGATGTCA,2175
ATAGCCAAGACATGAT,2174
CATAAGAAAATTCTCG,2174
AAGAATGATGCAACTA,2173
CCAAAATAAACGTGAC,2173
GACAAAGATTTCGAGA,2173
ATTCACCGAATTCACA,2172
TTAGCCCCGGTCAGGA,2172
ACTTTCTAAGCCCTAA,2171
ATAGGGCCCACGTCAA,2171
CGTGATATTGTTAACA,2171
TGGCCGCGATGAATAC,2171
AGCGCAACACAGGGAT,2170
TACTTGATACGGTAGT,2169
ACATAAACTACACTGT,2167
TCCGAATACCATAAGT,2167
AAACGAAGCAAGTCTC,2165
CTCGTGTTAGCATAAT,2165
GGTTGCCCGCTCACCA,2165
GTGCCTATTAATCAGC,2165
TATAATTTTAATGGTT,2165
ATTAACACTTTGGAAT,2164
TTCAATACTCGACCCG,2164
CCCCGTGACATCACGC,2163
CTGAATCCTTAAACAG,2163
GACTTTAATTAACGAT,2162
GAGAAATGTAAGGAAG,2162
GCGCTAGACCGATATT,2162
GGGCGCGCCCATCTGA,2161
TAAGGAAATAATAGAA,2161
ATAATAAACCTCAGGC,2160
GAACTTCCTAAAAAGA,2160
TGAGCATGACCTTGAG,2160
CGAACTCATTATTAAT,2159
TAATAAAAAAATGAAA,2159
TATGTCGCTCTATAAA,2159
CTACGATCATTAAGAA,2158
TCACAATACGATCCAC,2158
AAGGAGTACACGACCG,2157
CGGCAGTAAAAAGAAC,2157
ATCTTAACTTGCCGGA,2156
CAAGTTCCGTGCCAAA,2156
GACATGTAATAACGCG,2155
TCCCTAAGGATGCAGC,2155
CGAATTACGCTTCGTT,2154
TAAGCGAAAATGAGAA,2154
TTCCCTATTCATAAGG,2154
TCTCAGATTATGATAC,2153
AAAAATCGTGAGCAGC,2152
AGATCAGGGTAACAAT,2152
GTATAACACTAATTCT,2152
AATAGGTCAATCCTAT,2151
CCCAATCTACAGGACA,2151
CTACTTTTTACGTGAG,2151
CTTCCAATCATTTATC,2151
CTTGCCTTAATCTTAT,2150
AGGCAACACATACGCA,2149
GTCATAGGGAGACACA,2149
CAAAGTCACTTACCCA,2148
TATAGCGGTTGGAACG,2148
ATACTTCGATTCAATT,2147
GTAAGAATCTTGATCC,2147
GTTACCGATAGTTGAA,2147
AAATAGTATCCTACCT,2146
ACCAGCCACCACTGCT,2146
ACCATTACGTAAAATC,2146
GATCTTGCTCGTCGAA,2146
TAAAACTGAACGAATC,2146
ATTAATCAGCATCAGT,2144
GCATGCGTAGTCTACT,2144
TCCGTACGGCAATTAC,2144
TGACAACGTTAATACT,2144
ATATCAGACCCTACAA,2143
CTGGGTCATGAACAGA,2143
GTAAATGCACTCATTT,2143
TATCTGAACAAAATAT,2143
ACACAACACTCATGCG,2142
AGGAATTGAATGCATA,2142
CGGTGTTAATAACCCA,2142
AAGCCAAGCCATCACA,2141
CAGACAGAATTACGAG,2141
GAACGCACGACTAATA,2141
TTGCAACCGCTAGTTC,2141
ACCGGGACATTGATAC,2140
AGCCCACAATTATTGA,2139
CACAACTCACACACAG,2139
GTACTCGCTTTCATTA,2139
ATGTATGCACATCCGC,2138
CACACATTTTGACTCA,2138
CATATGTCAAGAATAC,2137
GCGCTAATCTCTGCAT,2137
TCCCCCTCGGAAAACC,2137
AGCTCGCGCAAAGTAC,2136
TATAACACAGGAACTC,2136
TTTATCTCATTGCTGA,2136
AGTTTAAAAACATACA,2135
TTATTCCATATGCCAC,2135
AAATTATAATGATTTC,2134
CTAGGTGTTCGAATCC,2134
TAGTTCCGAGTTGCAT,2134
TAATCTAAAATCAGAA,2133
AAAAACATAGAACCCA,2132
AAACTCTACAGTCTTT,2132
AATTAAAGTGGTGATA,2132
TTAGCTCCTCGACCGA,2132
AATAGACAATATAACA,2130
ATCACCGTTGAATGGG,2130
AAGGTGACAAAAAAGA,2129
ACATTAAAATATGTTA,2129
CAAAAACGCTAAGTCG,2129
AAACTGGAAAGGCCCT,2128
CTTGACTTTACTAGAC,2128
ATACAACAATAACGCT,2127
ATAATCCCTCAGAATC,2126
CCAACTGTCATCAGGC,2126
GAATGCCAACCTAGAA,2126
TGAGGTATCATTACTC,2126
ACCTTTCATCGGTTTA,2125
ATGTTTACTGGTCTCG,2125
ATTCATCGAACCTAAG,2124
TACAAGATTCACTGGC,2124
TATCTGTTAGGCAGTA,2124
AGGTGAGAATTTAGAA,2121
AGTAACAGCGTCTAAC,2121
ATCGGATAGCTTGTCT,2121
CACTCCGTATATGGAT,2121
GCTCCGATTCATATTG,2121
CTCTATACCAAAGAGA,2120
GAACTATCACTATCTC,2120
GTACTGTGTGCATTAT,2119
ATAAAGTCAATGTTCT,2118
GACGACATCCCCTGTA,2118
CCCGAGCACCTCGAGT,2117
GGTTTCAATTTGGCCT,2117
TGATGACGGGCCACTT,2117
TAAGAAAAATGTAAAA,2116
TATTTACTTAATAGCT,2116
ATACACATCTACATTA,2114
TCACGCTAACCCAATA,2114
CAGCCGACATCGAGAT,2113
GCAAAAATTACGTAAA,2113
TAACTGATATCTAAAT,2113
GAGTACAAGCACTTAA,2112
AGTGAAAGGAGAAAAC,2111
CTGCTAACTAGATCAT,2110
ATGGATGTGTCCCCAC,2109
GGATATCAAGATCTAA,2109
AATCTCCCTTAACCGA,2108
TATCAAACTGTTATTT,2108
ATTGCAATTCTACAAA,2107
TTGAACGCAGGGTCAG,2107
CAGCTCGAATCTATAA,2106
CCAATACCTACAGAAA,2106
CCCGCGACACGTCAAC,2106
ATAGGTACTACCAATA,2105
GCCGACCACATGCACG,2105
TTAGTGTAACAAATTG,2104
TATGCCTAAGAAGCGA,2103
TTACAGAAGACCCGGA,2102
ACCGCGTAGAGTCGCA,2101
ATTCGGTCGAAAGACG,2101
GTCCAACCTACCTGAA,2101
TGTCCATTTCAAGGAT,2101
ATCTAGGAAAAAATCC,2100
TGTTGCCAGAAAACAA,2099
TTTATTCTGAAATTAT,2099
CTAAATATCCACAATG,2098
GTAACTCAACACAAAA,2098
TATTACAAAAACTGAG,2097
TGAGATCCCACTATAA,2097
CAAACCGAAAGGATTT,2096
ATAAAAGTGGCTTATA,2095
TGAAATTTTGACACAT,2095
AGTTCTTAAAATCAAA,2094
CCATCCATCGACCGCT,2094
TTACTTTATCTGCGAT,2094
ATATTGATCACGGCCC,2093
GAAGCGACGACCCAAC,2093
GTTAAATACTTGAGTT,2093
TAGTTAACCGGTACAA,2093
ACTGAGAAACGCAAAT,2092
AGAGGTACAACAAATA,2092
ATTACACATACACACG,2092
CGCAAACGGTAAGCAG,2092
ACTTCGCACGGAACAC,2091
ATGAATTACCAATTGC,2091
GCGGGCGCTCCGCCCG,2091
TTCGAGCCTAATTTAA,2090
AGGCGGAAATTGTAAA,2089
ATCTCGGTGACCGATA,2089
CATAAAGCCATGAAAT,2089
ACATACGCCGGTGGAT,2088
ACGACTAGACGGAAAT,2088
GCCATAACAACCTAAA,2088
GAGATGAACATCAAGT,2087
TCTCATAAATGGTTCA,2087
TGACGGATTCTGAAAT,2087
TTCTTCGACCAAAGCG,2086
ACAGCTCCAGACCGGC,2085
AGCATAATACGCAGAT,2085
CAAACTCCCAAGGTTA,2084
CGCTAATTGGCATGGT,2084
AAAACTTTGAAGGATT,2083
CGTTTACACGGCACAC,2083
GGACGTTTGGAGTTGT,2083
AAACAAGTTGCATAAA,2081
ACTCCTTATAGCAGAT,2080
CGCCTAGGAAGGGCAC,2080
TCGTGAGAGTTACCAC,2080
GGAGTACGAAAAACCG,2079
GGCAAGTTACAAAACA,2079
TCGGGTGACGATCTAT,2079
AATCCCACCCATAATG,2078
ATGTGTGGTAAACAGA,2078
ATTCTGTTCGACGATA,2078
AAACCCGCTACTTTCC,2076
CAATCCAACCTGGCAG,2076
CTCAGATTAAACCGGT,2076
TAATCACACCGGATCA,2076
TGTAACGAATTTAAAC,2076
ACATATTACTTAACCA,2074
ATGTGTAACATAACCT,2074
CTCCGAACACTAAATT,2074
GGAATTTGGCAGCCGA,2074
CGAAGAGACCAAAACA,2073
TTAGGATAGTGAACTC,2073
AACATTAAGCAGGGGA,2072
AAGAACAATATAGTAC,2072
CAATACGCATAAAATA,2072
GACATCTAAACAACGG,2072
GCACAACTATAGTCTG,2072
GTGAAGTAATTATATA,2072
ACTTTCATAAAATATT,2071
CAATTCCTTCTAATGC,2071
CAGGACAATACTAGGC,2071
GAACCTCATACTTTAG,2071
TCGAAAAGATTCTAAG,2071
CGCTGGTAACCAAACA,2070
CTACTATTTTCACTTG,2070
ATATACTAAACGTCCA,2069
GCTTACGTAGGACGCC,2069
AATCAGAAAGAAAAGT,2068
ACGGACCTAGAAAGGC,2068
TGCCAGCTCACTGGAA,2068
ATAAAATAACCCGAAG,2067
CTATAATATAGTCAAT,2067
TGCCCCTACCAGTGAA,2067
AGGAAAATATCTACTA,2066
TTGTCCAACAATAACC,2066
AAAAAGACTTTTAAGC,2065
CCTCACCGGTACCATA,2064
TCATTAGCGCTGTAAC,2064
TCCGATTAACGTTGAC,2064
GACGACAAGAATAAAT,2063
GTCACTTTTGATACAG,2063
TTAAAAAATACTTAGC,2063
AAGAAAACAAGCCTTC,2062
CCCGTAGTTAAAAACT,2062
TCGAACAAGGTCAGAA,2062
TTAACATTTGAAAAAC,2062
AAAGGAATATAGTTCC,2061
GAACATATAGCATCGA,2061
CCATCGAAAAAAGGAG,2060
GGATAAAATGTACTAC,2059
TTATGTGAACAGAGCA,2059
CAATCAATTCAACTAA,2058
TGATTAAAAACGGTAC,2058
AACTTTAGTGCACAAC,2057
CATTATATAAATTTGA,2057
CGAATCTCATAAGCTC,2057
GACCACGGTTTCACAT,2057
TGTGGTACCAGTGACA,2057
AACTTGTCTTAATCAC,2056
AGCTTCTCATTCCCTA,2056
GAATACTTATGGTAAC,2056
TCAACAGCAGATAAGA,2056
AAGGGTACCAAACCAT,2055
GTGTCATCAAAAAGTT,2055
TAATCAGACACAACAT,2055
AGCAGAGACGTAAAGT,2054
AAAAACCACATTACAC,2053
CACTTATAAAAGTAAT,2053
CGCCTGGATAAACACA,2053
TTTGAAGTAGCAAACA,2053
ATCCAAGAAGAGACGA,2051
GGAAATTAAAGGTGGG,2051
AGGCTAATAATGATTA,2050
CAAAAAGAAAGTGAAC,2050
CTTAAGAATCAGAGGG,2049
ATCCTGAGAAGGTAAC,2048
GGATTAGTGAAGAAAT,2048
TTTAAGACAATTTGTA,2048
ATGATACCGTGGCCAA,2047
GAAGGTAGAGTATCAG,2047
GAGACAAGGAACAAAT,2047
CCCAAACCAAAATCAA,2046
CGATTTATTACATAAG,2046
TAAAGTAAGTAAAAAG,2046
ATTATCAACGGTATAG,2045
CATATGGACGACTATT,2045
CTGGAAGGAATCACCA,2045
ATGTTGCACGAAGACC,2044
CCGCGATGATAAAAAC,2044
TCGCACTGGAAACCAG,2044
CCAGACAATTAACTGA,2043
CGTACCGCAGATCAGA,2043
TACCGACGAATGCGAC,2043
TTTTTGTAACAGAATC,2043
ACCGATTCATCCTGCT,2042
CTATTTTTCAAAGCCA,2042
TCTAGTGTAAAAAGGC,2042
AACCAAGAAGATAGAC,2041
ACAGTTCACCAGATAT,2041
AGAAAGAAATGGTAGA,2041
CGGCGTACAGTCTGTT,2041
CGTCTTACCAACTTAC,2041
CGCAGAAGTAGCTTAT,2040
CTAGACAGATTACCCA,2040
CACCGTGAAAAAACGT,2039
GTGTCTTGCCTTTTGA,2039
TGACCGGACGACCTCA,2039
AAACTACGTACATATG,2038
TCATATAAAGATCACG,2038
ACCCACGGCAAACGCT,2037
TCAGTATGTTAACCAT,2037
TGCTTTGGACACAAAC,2037
ACAAGTGCCTTCACAG,2036
CTTATATAAAATTGAT,2036
TATAAACCATACCCAT,2036
AACACGATAACACTCT,2035
AAGCTGTTGAAAAATA,2035
GCTATAACCAAAACCT,2035
TCGTAGTCAGTAGAGT,2035
ACACGTGACACATAGG,2034
ACCAATCAGGCCTAAC,2034
TTACAGGAAGATAAAT,2034
AACGTCACGGTCAGAC,2033
CTCTGTAGACAATATC,2033
GCATAACTTTCTCAAA,2033
GTATAATAGTCTACTA,2033
TTCCTATCCATTAAGA,2033
CTGTGAGTGAGCTAGC,2032
CGATACACATCATGAA,2031
CTACGCACATAAGAAT,2031
AAGTCCCGATTGAACA,2030
CTTAAAACACAAGTTC,2030
GAAAAAAACTGATGTG,2029
AACTCATATTGCGTAA,2028
CAACAACTCATAACTG,2028
GACCTAAACTGTGTTC,2028
GTAAATACAAGAAGAT,2028
ACAGTCGCTAGAGCCC,2027
GGAAAAAATATCTCTT,2027
CCAGAGCAACCTACAC,2026
CTTTTAATATTAAAAG,2026
GCGCTAACATTTGTGT,2026
ATGTAGTAGCTCAATG,2025
GTCTTACAAAGTACCC,2025
TAATCAATGTTTCAAC,2024
CTACGTAATGAAACAG,2023
GAATAGCACATGTTAC,2023
GCAACCAATGACCTCC,2023
GCGATATTTAAACACA,2023
GGCTTATCCTCAGACT,2023
ATGCCGCTTAAATCAC,2022
TACAAGCTGCCTACGA,2022
TGACAACCGTATTCAA,2022
AACTGAAACCACCTGT,2021
ACATCATCTACCCACA,2021
ATATTGAAATTGTCTC,2021
AAAGACTATCAAGAAA,2020
AACATTAAAAGATGGT,2020
GCACAAATTGAAGAGT,2020
GCTTAGATGAATCGAG,2020
ACAAGTACTAAATATC,2019
GTAAATTTAATGTCTC,2019
ACGGGATAGTCACATA,2018
ACAATAGATCCCACTA,2017
CGACTTGTCTCATATA,2016
TCCTAAGTGACAACGT,2016
CCATCTTTAATAATTA,2015
CTATCTATGCATGCCG,2015
TAGTATGACGCCAAAT,2015
AGAAGAGATCAATGTT,2010
CACTATCACATTACAA,2010
CTGGGAAGCCTCAATC,2010
GATATAACCTTTACTA,2010
TTGGCTTATAGAACAG,2010
CATAACTACAAAAGAT,2009
CTGGAAAATAGCACCT,2009
GATTAAAATGTTAGAA,2009
TAGAGATAGAATGACG,2008
AAGATAACTCTAAACA,2007
ACACAAGCTCACGGAT,2007
CCCGAAATAGTTTAAC,2006
GTACGTCGTTAAAATA,2005
CAACACCCCTATTGTA,2004
GAGGGAATTTCTGTTT,2004
ATTTTCTGAAGTCTGA,2003
TACGGTTAACCTCGAA,2003
TGAATAGAAAATCGAC,2003
AGGTTTGTTTCCAAAT,2002
AACGAATCCAACGAAA,2001
AGAAAGTGTTAGGGAC,2001
ATGTAAAGTGACAGCT,2001
TTATTTAAAGCCAACT,2001
AACCTCATGATTAGAC,2000
CTTCTCGTAGAGGTTC,2000
TATAACGAAAAGGAAC,1999
AATACGGAACTTAATC,1998
ACCTTACTTCCTGGCA,1998
ACGCCTGTAGCTAAAC,1998
CGAGATCGGGAATGCA,1998
TCGACTTAATAAAAAT,1998
TTCTACGCTTACGAAG,1998
GAGCCAATTATATTAA,1997
TATGTTGTTACAATCT,1997
AAAGGGCCTATGACAG,1996
AATCAACAACACTATT,1995
CGAGAAAAATAAATTG,1995
AACTTGCCCAACTACT,1994
ACCCATCCGCTGCGCA,1994
ATGAAAAATTAGATTG,1994
TTCGTTAGGGTCAGTA,1994
AGTTTCGCAGAGACTT,1993
ATCACACCCCAGTCAA,1992
GATTCGAATGCAGTAA,1991
AAGAAAAAAACCTACT,1990
TCGTGACGTAGTAGAA,1990
CCGCTATTGAAATAAA,1989
GTGTCGAATCTTAGAC,1989
TCCATATTTAATGAAG,1989
AGCAAATAAAAGAAGT,1988
AGGACCACAATACAAC,1987
TACAGAGCAGTTCACT,1987
ACAAAACTTCACTTAT,1986
AGCAACTTAAACTGGA,1986
CTAACCAGATAAAAGA,1986
TGCTACAGATAACAGC,1986
ACCGCAAACAAGCAAA,1984
AGTTCTGACGGACCCC,1984
GAAGGACACACCATCC,1984
TATAAACTCCAAGACA,1984
TTGTATAAAGTATTAT,1984
CTTTAATTAAAATGAC,1983
CCGTAAATGATACGCC,1982
TTTTGTCTTAGTATAC,1982
AAGCCAGACGATGAGT,1981
GTACATGTTTTAGTAC,1980
GTCGTCAATGTGGTTA,1980
TCTGTACGCCTAAAAT,1980
ATCGCTTTAATCAAGA,1979
CGACAAAAACAAGAAA,1979
GCATGAAATCTACACC,1979
GCCATGAAAAAACCAA,1978
CCGAAGCCTATACTAT,1977
CTTAATCAGAGGAATT,1977
GTCTATTCAGCCACTA,1977
AAAGTGAACTTAGTTT,1976
TTAACGATTATACAAG,1976
ATTACCTTACACCGAC,1975
TATGTATGGTTTTCTA,1975
AGTATTCCCTGGAAAC,1974
TATTATTGATAAACGA,1974
AATTGTTTAACACCTG,1973
GACAACAGAAACGTGA,1973
TCAGTTTAATGACAAC,1973
ATTTGGAACTTGGGCT,1972
CCAATCGGTACCTCCA,1970
TGACCTAGCTCGTAAT,1970
AGCTTAAATTGGTTTG,1969
GTTATTAGTCCAAGTT,1969
AGAATTACCGAGCCAC,1967
AGATTCACTAAAAAGA,1965
ATAGATAATACGTGAC,1965
CAGTTACATATCAGAT,1965
CTAAACAAACCAATAA,1965
TACCAAAGAAACTCAA,1965
TCTTGTGAAGCATCCA,1965
CTGATAAAAGAAAGAA,1964
CGATCACGCCTTAAGA,1963
CGCATAGGAAGAAAAG,1963
GACCCCCGGCATTTAT,1962
GAGGTGGATATCATAG,1962
TGTAACCTTGTAGTAC,1962
GATATATAATTTCGAG,1961
TTAAAACCGGAGTGTT,1961
CAGCGTGTAAGATTCC,1960
GGCCTTACGCCTTCCT,1960
AATACCGCATGTTGAA,1958
CTAACAAAACTCGCAA,1958
TATTTTGCAAGTCCTA,1958
TCAAGAGGCAACAGTG,1957
AAAAAAAATTACCCAG,1956
AAATTCCTGAAAAGTC,1956
AAGTCCGACTTATACA,1956
CAATGCTACCAACCAT,1956
CCCGCATTGTATGAGA,1956
TTCTTCGACCGGTGTT,1956
CGCAGGTATCAATACC,1955
AAAGGGCAGCCTTGCA,1954
AATATAAAATCTTTCA,1954
CTGTCTCGGAAGCTCG,1954
GAACCACCTAATTTAA,1954
GTAAGTTGCGGTGAAA,1954
AAAGGTTAAGTTACCA,1952
ACAAAACAAGAGCTAG,1952
AGGCTCGTTTACAGTA,1952
AAAATGGCCCAAAGAA,1951
ATGCAAAAATTGCTAT,1951
TACTGTATACTAAATA,1951
ACAATACACACTAACT,1950
ACGCCCCGCGATCCGG,1950
CCTAACGATCACGCAT,1949
TAACCAAGCAAACACA,1949
ATAACAGGTAAGGACA,1948
CTAGCTACAGGTCAGC,1948
GCTAGTCCAGAATATT,1948
GTTCTTTAAGCAAAAT,1948
TAATACCACCATCAAA,1947
TCCGCAGCTACAGATT,1947
ACACTCCAACAAAACC,1946
ACATGCCTCTTGAGAT,1945
AGAGAAACGGGGCAAT,1945
CCATGTAAGACAACTT,1945
GCGCCTCCTTGAGTTA,1945
TGATTTTTTAGAAGTC,1945
AACAAATCTATCGAAC,1943
AAGGTGGCCAGATCAC,1943
ACTCAATCCTAAATTA,1942
ACAATGAAAAGCATAA,1941
TAATATCGTAAGCCCC,1941
TAGTACTTCTGAAAAC,1941
TCTAATACGAAAAACA,1941
CTCGGATTTAGAGAAA,1940
GTTAGTACGCCTACTA,1940
AGCAATTTAACAATAT,1939
CAAATATTTAGTATCC,1938
CACGAACCCACAGCAT,1938
TCCCGCAGACCGTCAC,1938
TTATGACCATCTGTCC,1938
ATGCGCTAGTATGTAT,1937
CCAATAACCTGAGCCT,1937
GTAATGATAATGAAAC,1937
GAGCAGATACATTGAA,1936
GCTGAGCATCATATAA,1936
GTTTAAGAATAATATT,1936
TAATTACTACCAAAGT,1936
ACAAAGTCAACCCAAG,1935
ATAATAAGCAGGCAAT,1935
ACAAAAACAACCCCAC,1933
ATTCAAACTGAAATTA,1933
AAGCCTTTACACACTA,1931
CATATAAAAACATCTG,1931
CTCCGTTTTCCACCGC,1931
TGACACCCGACACTGC,1931
TTGATGATGGTGCCTT,1931
AAAAAATTTCATATCG,1930
AAACGCTCTAGCCCGA,1930
AAAACTAACAAAAATC,1929
ATACGCAACAGATAAG,1929
CACGTCTCTAAGATAG,1929
ACCTACTTCGATACGA,1928
AGTATATAGGATATGA,1928
GCACAGCCAAGGATTC,1928
CGCGGTTGAAAACATA,1927
GCGAAATTATCCCATA,1927
CTATCCATATCCAGCT,1926
GATACGTATATGACCA,1926
TACTAAATTACCCAGA,1926
AAACCGAATAGTGTGA,1925
ACGGCAATTTGTTGAG,1925
GACTTTTTCATACGGT,1925
AACTGAACCCGGGAGT,1924
CCTTAAAGCGATAGAG,1924
CTTGTTAGCCCCAAAT,1924
ATATTAGTGACGCCTG,1923
TTGGGCATCTGTAAGA,1922
ACATGACCTAAAATAT,1921
ATACCACATGATGAAC,1921
ATGGAATTGATGAATA,1921
CACATTTACACGTCAA,1921
GCGTCAGTGAAAATAA,1921
TATTTGAAAAAGAACA,1921
CGCGAACGCCTTCTTA,1920
GAACTATACATAGCCA,1920
GATATAAAGCGCAAAT,1920
TATAAAGAAGGCCTAA,1920
TAGAATACAGAAAAAA,1919
AGTATCTCTTTATTCC,1918
TTCTATCCAAATTAGT,1918
CGAGCAAAAACGCCAA,1917
GATCAGACCTAGTCGT,1917
GTTTACTATTAACTAA,1917
ACTTTCTTATTTACAA,1916
GAACACATTGAAGCGC,1916
TTACTGGATCTAATAA,1916
TTTAAAGGCCAATGAA,1916
AGAATATCTTAAATTC,1915
CAACTACTGCTGCGGC,1915
TAAAGAATAGTTCTTA,1915
CGATTTGACATGATAT,1914
GCCTCTAGGATAATAA,1914
CGATCAGATGAAAGGA,1913
GACAACCATAACGAAA,1913
GCCAAATAAGATCCTC,1913
AAGAACCAGCATATAC,1912
ACATAATGTATGCAGG,1912
AGTACCTGAAATTTTA,1912
GAGTATCAGAAATGTG,1912
TACTCTGAGCAGAAAA,1912
TATATAAATCGCCCCG,1912
CACACTATGAAATTAA,1911
ACACGTATAGTATTTT,1909
TTAACGTTAATATTCA,1909
TTTAAGTATGGTACCA,1909
ACTGCTTCAATGGCAC,1908
AGAAGATAAGCGAATG,1908
ATGAATGCTGCCGCTA,1908
GTACAACGCTATTTAA,1908
GCGCACATGATGCAAT,1907
TGCGCTATGCCTATAA,1907
ACTCAACAACTACTAG,1906
GCATGCAGCCTAAGCC,1906
TAAGGAATAGTCTATT,1906
TTATAACTCAGCTACC,1906
AAACGAGGCAAGCACG,1905
AAATTAGGTCTGACTC,1905
CGTCTAAATCCCCCTA,1905
GACGGTATGCCCACCA,1905
ACTAAGTCATGCGCAA,1904
GGACTAAGTGCTCGTC,1904
ACATATATATACAAAT,1903
CATGAAACCGGAGGTC,1903
GAGCGAACTGACTGCG,1903
AAGATACCCTGATACA,1902
AAGCTCGACCAGTCAC,1902
ACAATACAGATATAGC,1902
AGTATATAAGAACCAG,1902
GCTCATACAAACAACA,1902
TTACCAGCTACCAGAC,1902
AATCTCGCAATAGCAT,1901
TCATGCGCCTGGATGA,1901
TCATGCTGTCATTGCA,1901
TGTAAACATTATAGCA,1901
ACGAGAACAAATGATT,1900
AACTCATATACACCAT,1899
TTCTAGCCCATTTAAC,1899
CTCAAACTAATTGCGA,1898
ACGAACCGAGTTTCAA,1897
CACCTCTTTGCATACA,1897
CGAATCGACCACAGTG,1897
GATCGCCACCCAAAAT,1897
TAACAGACATCAAGCT,1897
TCCTAGACAATACAAT,1897
ACGGCGCACCGCTAAT,1896
GACCCAAACTCAGTAC,1896
TACATTTTGCGAACTT,1896
ATTCCTGACATCAAAG,1895
GAAACCGGCACCCTTA,1895
TAAATTCCCACATACA,1895
TATTTGTCCAACGAAC,1895
AGGGCGCCGTCACGAC,1894
CTGGATTCTGCAGGAC,1894
TACAACGAAAGATCGG,1894
TATATAAATATAACAT,1894
TTTTTCGTAGAAGGAA,1894
CTATCCACTAGACACA,1893
TGTGAGCCTACTTAAT,1893
GCAAAAACCGACTTCA,1892
AAGAGCGCGAGAGCTG,1891
GAACGAGTCCACACCT,1891
GGTTAACGCGCGTGCG,1891
CCTGAACAAGACAATG,1889
TAGTTGATAAAATTAG,1889
TCTAAATTCCCTTATG,1889
AGTTATCGGGTAATTT,1888
CCGCAAAGTAATGGAT,1888
GCCTAGGAGGACTAAG,1888
TAACACGCAAACACAT,1888
TACATTTTCCGATCGA,1888
ACCTAGTCTAACATTC,1887
ATTGAAAAATCCGCTC,1887
GGCACTTTTGGGCTAT,1887
GTGTTTGAGTGATAAC,1887
TAAAATCCTATTAATG,1887
AATAATCCCCATACGC,1885
ACTAAACTCTTTGTGC,1885
CCCATAAACCGCACAA,1885
CTGCAAACATGTGAAA,1885
GATAAAATTACCACCA,1885
TTATGTGTACACGTTG,1885
TTTACACGACACAGAC,1885
AAAAGTAAAGGGCTGC,1884
ACCCGATCAAATAGAC,1884
CAATTGATAATAACCT,1884
GAAATATTAACAACGT,1884
GTTCCTCTTCCAGGCC,1884
AACAGACTTTCAAAAT,1883
CCCATGTGGACCAACG,1883
TTTCTACGGAGCTGCC,1883
AGATAATCGGGAGGAA,1882
CCAATAGCTGAGAGGC,1882
CTCGAGAGATCTGTAG,1882
CTGTAGACCAAGGGCT,1882
GTGACTGTTCTCCCCC,1882
AGCCAAAACATTGTTT,1881
AGTGCGAGAGCAATGA,1881
ATCTACACTTTTTCTC,1881
CCCCGATCCGTACACC,1881
GCACCCCGCGCACTTG,1881
TAGGAATAACAAGTAA,1881
TCTACTTCAACGCAGT,1881
ATTGGATAAGACCAGG,1880
GGTCCATGACCCTTCC,1880
GTTAGGTATACAAGTG,1880
AGCCCTTATATTGAAA,1879
ATTACATACCCCCACC,1879
TCTAAACACGATGTGA,1879
ATGACTTGACCAAATT,1878
GCAATGGATATCTGAA,1878
CCCACCCTTCAAGTAC,1877
GCAGTACCGTCCTGGT,1877
GGCACATCTCATGAGG,1877
AAACAGCCAATTATTT,1876
ACAAGAACTTGCGAAC,1876
ATATTGGAATTGTAAA,1876
TTGTGCAAAGTATTAC,1876
AGCAGCCCCATCCCTG,1875
AAGAAACCTGATTGAA,1874
AAGGATTCCGAAGGGT,1874
GTTTGTTGCAGACCAA,1874
AACAATCAGATGTCCA,1873
AACCTCCAATGAGGGA,1873
AAGAATCAAGAATAGA,1873
ATCACGTACGAACAAA,1873
ATTCACCGATCCTCCA,1873
ATACAGACCAAGAAAA,1872
ATATATCCCCTAGTTC,1872
ATTAAACAACTGCCGA,1872
CCAAAAATGACGATGA,1871
GAGTAAAACTTAAATG,1871
GGCCGAGATGTCAAAT,1871
GTGAGTGCAAACGACC,1871
GTTAATATTGTTGATC,1870
CAACAACTTAATCCAG,1869
CCACAAAAGATCGTAT,1869
CTGCACTGTAAATTTA,1869
TCCAGAACTAGTTCGT,1869
ATGTTGAGCCAACAGT,1868
CCAGGAACGTCCTAGA,1867
CCAGGGAATGCAGAGT,1867
GAACACCTCAGAGCGT,1867
GCTAGCCTACCGGGTG,1867
GGCTAGAACACCCACA,1867
TGTTCTATAAACTGTC,1867
ACGCATAGTTCGCCAA,1866
CCTATGCTGTAGCACG,1866
ACTAGTGAAATATGCT,1865
CCTTGATCACGACGCG,1865
CGCAGAGGGTATCGAA,1865
AAATTATATAAGAATC,1864
AACCCAATTATGGCAT,1864
AATAGTTCTGGTAAAG,1864
ACGTTAAACACAAATG,1864
TTGTAAGAAACCTGTG,1864
TCATCGGATTTTAAAG,1863
CCCAGGATTACCTTAA,1862
CCCCCACGAGATCGCG,1862
CTCTATCCGAACACTG,1862
TCAGAGTTATATAAAG,1861
GAAATCTCTGACATGC,1859
GCATTACATAGCCTGC,1859
GCCAGAATATCCCAGC,1859
GGGACCTGAGAATAAG,1859
TACCAAAAAACTGAAG,1859
ATCGAAGGATAGCAAA,1858
CATAAGGAAACAGAAC,1858
TACAAAATAGGACAAG,1857
TTATAATGAGGTCCAA,1857
AAGTACCCACTATAAC,1856
AGCTTAACCTCCGGTG,1856
CAGGTTCAACCTGTAG,1855
CGGACTTCTTATTGTG,1855
CTTAACGTATTACTAA,1855
TAAAGAGGAGATTATA,1854
TACACATCAACATCAC,1854
ACATAAAATGAGAAGT,1852
ACATGAAACACTGCGG,1851
CCTCTTTTCTTTATCT,1851
GCTCTCCTCCTCGGAA,1851
TACCTCAGTATCCATC,1851
TCGTTACTTACGATCC,1851
TGCCCAAAGGTAAAAA,1851
TTGCAATGAACAGCAT,1851
AAACAACATCGTTAAC,1850
CCAGTTAGTTTTCGAT,1850
GAGAAAATCCAGCAGT,1850
AGTCAAAAGGTGCAAA,1849
GACGCAAATAAAGCAT,1848
GCAAAAGCAGTTGAAT,1848
TTGTACCCAAGGAAGG,1848
GACCGTTCCACACTTG,1846
ACAAATCCCATAGAAA,1845
TCGATGAAAGAAATCA,1844
ACTCACACTGCAACAT,1843
GGAATGATATGGATAG,1843
GTACCAACTCATAAAA,1843
TAACACATAAGGAACC,1843
ACGATCGCAACTGCTG,1842
ATATTATATCACAACT,1841
CATAAACTCGGCGATT,1841
CATAACGCGATACAAC,1841
AAACGCAGAGAACCAT,1840
CGGGTATAAAATCAAT,1840
CTAGCCCAAAAAACTT,1840
GTTTATCCATCGACGT,1840
AAAAGCCATCTCAACT,1839
GATTAGTTCTAAAATT,1839
TCTACACTAACAATAC,1839
AAAGACTCCGTCCTCA,1838
GCTCGCACGGTTAGAT,1838
AAATGCAAATGACAAA,1837
GCTCCCACCAACACAC,1836
GTTAGAATACTTTTGC,1836
TATCACCCCCTCACCG,1836
TTTCAAGACCCAACAA,1836
AAGGCCCAAATGACTA,1835
GCGCCCTGACACGTTT,1835
TAATCAGATAATCAAA,1835
AAAATACGACGATTAA,1834
AGAGGCTTAGCACAAG,1834
CCGTAGACGTAAACCG,1834
TCATTGAGGTCGAGAA,1834
TCTGGATAGCAAAACC,1834
AAGTCGGGAGTACAAT,1833
AATTCAAAATACAAGA,1833
TCTCTTAGATGACGCA,1833
CATCTTCCCGGCACGT,1832
GGCGACGATCGGAACT,1832
ACTTTGTGCATCGCAT,1831
TACTCGAGAAATGCTT,1831
TGGTGATCCATCAATC,1831
TTAGCAATATTGCATA,1831
ATTAACTCTTAAAACC,1830
TATACACAGGTCAAAC,1830
GGGTCCATATCCATGC,1829
TATTCGTTGATTCAAA,1829
TTCACGTCTGTTGATT,1829
TTCTCACCAAATCGAT,1829
ACTTTCATACAGATCT,1828
GTCATATAATCTGCCA,1828
TAGGAACTACAGAATA,1828
TATTTCAAGATCAAGC,1828
GTCTATGAATTAGACG,1827
TGTCGAATAAACCATT,1827
AAATACGAACACTCTA,1826
GAAGTCATGCGGACTG,1826
TCCTTGGCCGCCCATG,1826
AATTATGGTATAAACT,1825
CAGATATACGTCAATG,1825
CAATCGGATTTTCCAA,1824
TCCGAGCTACTTAAAT,1824
AAAGGTTACATATTAA,1823
AACTTGCTAACAGGTG,1823
AGGTAAGAATTCTCTC,1823
CAAGATAGACAAAATT,1823
ACGAAGGATAACTTAC,1822
AGCTGATCTAAGATCT,1822
ATCGCTTCCAATAAGA,1822
CAACCATCAGCAAGAA,1822
CATGCACTGAAAAACA,1822
GAAGAATGCTACTAGA,1822
GAGTCAAAATGACGAT,1822
AATAATATGCACCACG,1821
AGGATGAATTCTAAGG,1821
ATTACACATAAAAACT,1821
AGCTGATTTATCACCT,1820
CTACTTCTTCAGCCAT,1820
AATTCCATACCCACGT,1819
CGGAAATTCCTTTAAA,1819
GACATATCATGTAACG,1819
GCGAATAATAAGTTAA,1819
GCGTTTACGAATACAA,1819
GGCTAAAAGTGATTAA,1819
GTATTACTCTAAAAGA,1819
GTCTACATACTGTTAA,1819
TCCCAATTCACAAGCA,1819
CAATCAGTCTGAGACT,1818
GACACTAGCCGAAAAA,1818
GCTTCCGACGTTACAT,1818
CATCCGTTAGCCCTAA,1817
GCACAAACATACGGGC,1817
GTAATTCAATGCTTGT,1817
TCACTCAACGATCCTC,1817
AATTTTGCATAATTAC,1816
ACAAACAAAAGATGAT,1816
ACATAAACTACTTATC,1816
AGGTTCTTACTGCTTC,1816
CGGACAATGGAATTTA,1816
AACGAACACACATTAT,1815
GTTCTCGCCGTTAGAA,1815
GAAGGCATAAAAGTCT,1814
CTTCGACAGAAGTACT,1813
GAGCTTCGAATCATCA,1813
GCTACCATTCCACAAA,1813
CACTACCAGACTAGAT,1812
CGATTTAAAGAATGGC,1812
CGCGTTGAAAGTAGAC,1812
CGTGCCAACACTAATG,1811
GCAGTTAAATCCCTCG,1811
TACCAATGACCACTTT,1811
GACGCTGTATGAATAC,1810
GCAAAGGTAAAAGAAA,1810
TGACTATTCAGGGCTC,1810
CACCATCGAATAACGC,1809
TAGAAGAATCGGCGCA,1809
AGTAACACCAATCACA,1808
TGAACAGAATAACAAT,1808
TGTCAGTACACCGATT,1808
TAAGATACTCAGTAAC,1807
TCAAGTATAGCCTGCG,1807
TTAAAATCAACCTAGT,1807
ACAAAACTACGGAGAA,1806
ATCAATCATAAAAAAG,1806
TACTCCAATTGTACAT,1806
TTCCTTGACCCCCTAG,1805
CAGACCAAAATCAAAA,1804
AGACAGACAGAGCAAG,1803
GTAGAATAGGTCTAGT,1803
TACCTTAAGATGTAGA,1803
TCCGCAACCAGTATCA,1803
TGTAGATTAATCAAAA,1803
ACATAGCTAATCATCA,1802
AACTCACAATCCCTGC,1801
CTTGATGGAATCTTAT,1801
ATATAAAAATGCATGT,1800
CAGTTCAATAATAGTG,1800
CCCTAGCCCTCAAACA,1800
CTAGAGTCGAATGACA,1800
GCCAGTTCACCACGAA,1800
GTAATGATTTCAAATA,1800
TCAATGCAAACCCTGT,1799
AAAAAAGACCTTACCC,1798
CGCCGATTTACTAAAT,1798
TGCTGTATGCGACAAC,1798
AATACAGTATATGGGA,1797
ATGCCATAACAACCAG,1796
CATTAAATGTCGGCTT,1796
CCCGAACCGCCGAGCC,1796
TATATGCGACTTGAAA,1796
TGTTAAAGGAAAAACT,1796
GCAGATCGCACTAGAA,1795
GCAGGGTGAAACAACC,1795
GGATTTCATAAAACTG,1794
AAGTTATACATAATCA,1793
GTAAAAAAATACAATT,1793
CACTGGATTGGACGGA,1792
GGCAACCCTAATAAAA,1792
GGTGAATCTATTTTCC,1792
TATTTATTATCAAGCT,1792
TTCACCTACATCAAAG,1792
AATCAACAGTCTGAGG,1791
CCATTGACCATAGAGA,1791
GCGTGAAACAAAGAAA,1791
TAATAATGACATTAAA,1791
TGATAGACAATATATA,1791
CGTTCATCAAGCCGCG,1790
CTTGAGCCACAGGTAA,1790
ATTAGTTGAGAAGGAT,1789
TAAAAGAATGAAAAGC,1789
AAAGCTGATGGTTGGA,1788
GCGCCAAATGATGAAC,1788
AGACACCTATCATATA,1786
GATACACGTAGGAGCC,1786
TACAACCTTTCGAATA,1786
TGTAATAGATACGGAA,1785
AACAAAGCCAAGTACG,1784
AGAACTTAACATGTTG,1784
GCGTCTCTGTTCTCCC,1784
TCATCCAACTAAATGT,1784
GTGAAATTATTAATGT,1783
TTTTTATTGAACGCCA,1783
ATATAAGCGTTTTGCT,1782
CTGGACCAGACACCAG,1782
GGTAATAAACAGTATT,1782
TTTTGTTATCTTACAT,1782
AACAAATTGTGCATAG,1781
CGATAACGAGATAGAG,1780
TATAACAGTAAAGGTA,1780
TTAATATTCACCCATA,1780
ATATCAATGTACAGTG,1779
AAGACGCTGGTAAACA,1778
AGGCCTGCGATGTAGT,1778
ATTGAGGCAAATGGCA,1778
CCTGACAGACTCAGTT,1778
GACCCCCGCAATATTC,1778
CAGTAGAAAACCCTAA,1777
GATGTAGCACGGTCAA,1777
GGAAATTCATAACGTG,1777
AATCAAAGACACCTGG,1776
CAACATGGATTGCCAC,1776
GATACATAAACCCCAG,1776
GCGATAAAAAACCAGC,1776
AAAGAGTAAAAATGGG,1775
TTTTGGATCACGTCAG,1775
GGAAACGAATGGAGTA,1774
GTGCGGGTACCCCAAT,1774
TCAAAACAGATGCTGA,1774
TCGAGTAAGCAGATAC,1774
ATGGATATATAACAAC,1772
TAATCGAAAATTATCA,1772
AAATGTGACATTGTAT,1771
AGTACATGGCTAGATT,1771
GAAATCCTTTTCATAG,1771
TCCAATATTGCACGTT,1771
AATCTTACATAGCAGC,1770
ACAGGAGGGTATCATG,1770
TACCAGTGTTAGTCGC,1770
AGAGACCCAGACCAAT,1769
GTCCATTGAAAACCTA,1769
ACAAAGCCTCCACCCG,1768
ACATGAACTTATATCC,1768
CCGGTTAATCGGGCAG,1768
AAACCTGGATGTATCA,1767
CAAAGTATAAGTCAAT,1767
CGAGTAGCATCAAACG,1767
TTGATAATTTACGGAA,1767
CCGATTCCTACATCTA,1766
GGTTGAGTCGATGATA,1766
TCTCACGAACCAGAAG,1766
CCTATGAATTGCCGGA,1765
CTGCTCATAAGGCTCT,1765
TATCAAGCTCCAATTA,1765
ATCCTGTAGAACTTAA,1764
CACCCATCCCTAGATA,1764
ATGACCATATTATGGC,1763
TAAGGATCGTACACAT,1763
TGATTGAAGAAAAATC,1763
GATCCCTCTGCGGACA,1762
GTAGGTCTGCACTAAT,1762
GTTATAAGAAAATACG,1762
TTATACCTTTGAACCG,1762
AGAAGCTGAAACAAAT,1761
AGACTTTATAAATTAT,1761
GACTACCAAATAGGAA,1761
AAACGTACATGACAGC,1760
AACTAACACCTTGCGA,1760
TCCTAGCTGAGAACAA,1760
TTAAAAACCGTCTTTT,1760
AATGTGTAACAAAGTA,1759
ATGGAGTGAACTCGAT,1759
CGAAAACTATGTGATA,1759
TCGAGGCAGCGTAACC,1759
CCATTAAAATACTCGA,1758
CGCAATAAATCGACGA,1758
TAGGTTATAGAAAATC,1758
AATGACCACTGGGAGA,1757
CGCATCCCGAACGCTA,1757
CGGGACATGAATAATC,1757
TGTTTCGAGGATGTTT,1756
TTAATATTGCACACAA,1756
ACACCCATTAGTATGA,1755
ACTTGATAAGGTCGGA,1755
AGAAAAAAACTCTAAT,1755
TCGACGAAGGATCACA,1755
AGAAGCGTGAACAAAC,1754
CATTATTCAAAACTTA,1754
CTGCAGCAAGCTACCC,1754
TGTGAGCTAGCAACAT,1754
ACATCAAAACTGTAGG,1752
GCCAGGCTATTGCCAT,1752
ACAGTAAAATATAACA,1751
ACATCCCCTACCAGCC,1751
ACTATATAGACGTTCA,1751
GGTATAGTAATGCCTA,1751
AAAAGACAGCAGCAAG,1750
AGGCCCACGGATACTA,1750
AATCACTAGCCTCCTA,1749
GAGTAATATATATAGA,1749
CTAATAAGAATGTCCA,1748
TTGTACTATTTAACTC,1748
CCGCCATAAAAATACC,1747
GAGATCCCTCAAAGGT,1747
TGAAAACGATCATGCG,1747
TGAGAAAAGTCACTAT,1747
TGCAATCTCATAGATT,1747
CAACGCTGGAAACGGC,1746
CCTTAAAGCTGCATAT,1746
CTAAGGATATTGAGAC,1746
GGCTCTCCTAGATTCC,1746
AACTTTTGCAGAGTCT,1745
AGCCTCTACTATAATA,1745
CCCAAGAATTAGACCA,1745
CCGTCACACGAAAATT,1745
CTAGTTCCGAATAAAT,1745
TAGGCATTTCAAGAAC,1744
ACCAAAAACTGACATT,1743
ATGATCCAAAGCCCAG,1743
GTAAATAAAGGGACCC,1743
GTAGGTTATCTCCTTC,1743
TGCTTTATGCAACTCG,1743
TTCGCAGAGAGATGCT,1743
AACTAGTCCGTTCATA,1742
CACGAAGACCTAACAA,1742
CTACAATATATCGATC,1742
AATCCTTGAAAAAAAC,1741
GTCCCCAAACAGACAT,1741
AACATTAGAATATTGG,1740
ATACAAACTAAACCGT,1740
GCCAATATATAATGCC,1740
TGTCTGCAGAAATAAC,1740
CTAACTTTATGCGAAT,1739
AGAGACCTGGAATACT,1738
AGCATACAGTTAGCGC,1738
ATAATGAAGGAACAGA,1738
ATCGTCAATGACTTAT,1738
CGACTTCAAAGCGCTA,1738
GCCTAAAGCCTCGGGA,1738
AAGACAAATGACCTCG,1737
AGTGGGTGCTATTGGT,1737
GTATACTACACTTGAT,1737
GTTTAGAACGCTGAAA,1737
TCCATCAAACCCTGCA,1737
ATGCACATGCACAGAG,1736
GGTACGACTAATTCTT,1736
GTGGGGGCCTATCTCA,1736
TTGCAGAAGGCTTAAC,1736
AAAGATTCAGTTTCCT,1735
TACTTGTGTGTAGCGT,1735
CCTACATCTACGACGA,1734
CTTATAGAGGCCACGA,1734
GACTTGTCTACCCGAA,1734
GATGAGGATAAGACTA,1734
CAATCATTTAAAGAAT,1733
CAATGAATGGCAACAA,1733
TATGAGCTAATCGAAG,1733
TCAACTTAACTACAGC,1733
TTCAGTTAACCTCATC,1732
GTCTAAGAAGTTTCAG,1731
TGATCGTAATGAACTA,1731
TTTAAAAGTTAGCATA,1731
CCGGAAAGACGACTTT,1730
CTTATAAGAATCAGTA,1730
GAGGAAAACTCCATCA,1730
GTCAACAAATAAGCGG,1730
AGATTAAATAGCACCA,1729
TAGCGCCGTAAATAGG,1729
TGACTATGGGATCGAA,1729
TTTCCAAGAGAAGACG,1729
AAATAGCGGATGCCTA,1728
ATTTTTAAGTAGAACA,1728
CTCTCTATGAGGAGGC,1728
GCCATCTCAATCCCAC,1728
GGCAGTCAAATTCCAC,1728
CATCATAACTCGTGAA,1727
GAGACTCTCACTACTG,1727
AAACATATAGTAGTGA,1726
AGACATCAAGTTACGT,1726
GGCTAATTGCAATATA,1726
GTATATTTCGTCCCAA,1726
ACCTTCACAAATGATT,1725
ATATCGAGGTCGATGG,1725
CAGTCGCCAGAGACAG,1725
TAGGCAACTTATAGTC,1725
CTAAACCACCGTAAAG,1724
TCAAATAATTACTTTA,1724
CGAGCCATGAGAACCC,1723
CTATTTGGATTTCCAG,1723
GTCTAAAAAATAGCAA,1723
TGCTGAAGCACAGACC,1723
TGTTGATTGCGCAAGA,1723
AGAGCTATTTGCCTTA,1721
CTAAAGTATATATTTC,1720
TTGAAAGACCAGGCGA,1720
AACCGTGCCGGTAGTC,1719
AACGTAATACGTAGAC,1719
CGGACTAGGCCACTAG,1718
CTATAAGCTATAAATC,1718
ACAAACTACACATACT,1716
AGTGAACTCGATACGG,1716
GCATTAAGAACAAATG,1716
ACGATAATGCAATATC,1715
AGCGAACCAAGAAGGT,1715
CACTCGAACCTATCAG,1715
GTCATGCATAACCAAT,1715
GTGTCGCAAAACAGAT,1715
TCCAAAAGACAACAGG,1715
TGACACTCGCCACGTT,1715
TGTATAAATTCTCACA,1715
ATAGGGCGATATTTGT,1714
CGAGAATGCTTACCAG,1714
GTCATTCCTTTTATAA,1714
TAACAATTAACCTTTG,1714
TTTGGACCTGTCTACA,1714
AAATGCCCAATGCATG,1713
AATTCTCTTATTAGAA,1712
AGCGAAGCTCTCTTAG,1712
CAGGACTCTTCGAATA,1712
CCAATTAGTAAATGCA,1712
GAATCAAGATCTTACA,1712
GCCACTTGACCCTGAG,1712
GTAAGAAAAGGTTTAT,1712
AAGATGAAATAACACT,1711
GTAACAGGGCACTCGA,1711
GTGCGCTTCCAGGCAT,1711
ATCGAAGATGAACTTC,1710
CAAAAACATTTCATAC,1710
GACACTAGGTTTAACT,1710
GAGAGAAACGATAAAC,1710
CTGACCAATTATTATC,1709
GAGCATTAAGTCTTGA,1709
ACTGAATCCGTCATGA,1708
CAAAAAAGCTTGCTAA,1708
GGAATCCCATCATCAT,1708
ATATTATTCCGAATTA,1707
TGGTACACGACGAAGT,1707
ACTGACCGGACTAGCA,1706
CAAAACACAAAAATAA,1706
GGCTGCGCCGTCAGAT,1706
AAAAAATCATAGTCCC,1705
AATGTATTCAACAAAT,1705
CGCATAAATTCAAACC,1705
CTCGTAGTACCAAGGT,1705
TCACCGTTTAGGCGGA,1705
TTGTAAAGCCACGGTC,1705
GTAACGTGCCATTGCA,1704
TCTGCATAATTCATAT,1704
TGGGCCTGACGGAAGC,1704
ACCGTTAAACCAGAAT,1703
ATGCCAGAATTATTCC,1703
TAGATATTCACCGTTT,1703
TGAACATATTAATTCG,1703
CCAACGACTTAAACCT,1702
TACGTAAACTCTGAAT,1702
AAATGTCGTAAACTAG,1701
AAGACAAATGAGATTA,1701
CATCAAGAGGTTGCTC,1701
TTTAACTTGACTCTTA,1701
CAGTGTTAATGCGTGG,1700
CCACTCTACATTATGT,1700
GTACCTCCACGATCCC,1700
AAATTATCCGCAAACA,1699
CAGTCAAATCATACCT,1699
CATGGCATTTATCGGG,1699
GTCCACGATAACTAAA,1699
TCTTTAAATTCATTAT,1699
AGTACCTGACATAGAA,1698
AACCAACCAAGCAAAC,1697
ACCATTAAGAGGGCGC,1697
ATCCACAATCATTATT,1697
CTCAATACATTGCGAA,1697
TTTAAGATATGAGGAA,1697
AGTCAAGACGAAAATC,1696
GGAGATATTTTGGGAC,1696
GGGTTCACACCTAACT,1696
TTTTAAGAGAAGTAAA,1696
AAAGAATGAAAACTTT,1695
AACTGAGTAAGAGCGC,1695
AATGCAGCAATTTATG,1695
CAACACAGACACACGG,1695
CCACCACTTAAAATTA,1695
CTGGCTGAGCACACAT,1695
GACATATATGCTATGA,1695
GCATAAACTGGAGCAC,1695
GCCAAAAAGACAATCA,1695
ATCTTACAGACAGGTT,1693
ATGTGGCACTGTCTAA,1693
CAGCGCAGGAAGTGTT,1693
GCCTTATAGAATGGAA,1693
GTTATGATAAAAGGCC,1693
GCACCACAATTTCAAG,1692
GGCGGAAGATAAAGAA,1692
AAAAGTGTCCCCGCCT,1691
AAGAGAAATTATCAGT,1691
AGTGTCACATTTAAGT,1691
GCCTTAAGACATCAGG,1690
GTTTTGTCATAAAATA,1690
CGTTTGAAAGGAACCC,1689
GCCAACGAAAGGAATA,1689
TATCCTATAAGACGTC,1689
TCAGATACCATAACAG,1689
CGCTTTATGCGAGAAA,1688
CGTTCTAAAACTCAAT,1688
GATAGTCTTGAGAGGA,1688
ACACCTGTTGTTTTTG,1687
ATTCCTCCGGTTGTGA,1687
GAAAGGAAAAATGATG,1687
TAATGAATACAGAGAC,1687
TGGCAATCCCTTTAGG,1687
ACTGCTTCCCTCGGTA,1686
CAGCCGGAATGCATAA,1686
TTGGAGCACGCTTTTA,1686
AAAAGCTGCTCCAAGC,1685
CGATAATGTACCTATC,1685
GACATGCAAACATACA,1685
GATCGCGAACCTAATA,1685
GCTGTTATTACTCATC,1685
GTTTACAGAGTCAATA,1685
TAGATACAACCTTGCT,1685
TCAAACACAAACCAAT,1684
TCTAATAATACACATA,1684
TTATAGCATAAAACTG,1684
AACTCAACGTATTAGG,1683
ATAGATCAATCCGGAC,1683
ATCGAAGCCCCGGCTA,1683
GTGCGGGTAAAATGAC,1683
TGACCAAAAATCAAAC,1683
AAGAAGTCAGTAACTT,1682
GTAGTGCAATTACAAT,1682
TCAGGCCGCGCCACAC,1682
ATAGTAACTGACTCTT,1681
CTACTAAAACCGCTCA,1681
CTTAACCTAATCTGAC,1681
GGGCGCTATAATCTTC,1681
AAGTTAAGCCATAACA,1680
ACTGGTCGAAAAACGT,1680
TCTAATTGCACAAAAT,1680
ACAGGACTAAGACCAA,1679
CCGTAGAATTTTGTAG,1679
GATACGTTCAATATGT,1679
ATACTCTAACATTGTC,1678
CCTGACACGTTGAAGC,1678
CTCTGAATGGAGCCCT,1678
GGTTTCGTCGAAGAAT,1678
ACACAGTACGAAGGTC,1677
CGGATAGAAGAGCTGA,1677
TAGGAGCAGACAGCTA,1677
TTCAAGGACAGAGGAA,1677
GCTAGATTAACGCTGA,1675
AACGTGGATCGAACGC,1674
CGCATAAATTTCTTAA,1674
TACACAGAGATCCAAT,1674
ATCAAAACTAAATCAC,1673
CATGCTGTTGAAAGTG,1673
GATAAGAGGCTTGTAT,1673
TAAAAACACGCCACTC,1673
TACCTTTGATGACCAT,1673
TGCTTTCTGTAAAAAC,1673
ATAAAGGTACACTAAC,1672
GATACTCACCCGGAGA,1672
GCGTAATCTAAACGGG,1672
GGACGCTCCCGTAATT,1672
TGACGCTTATGTAGAC,1672
AATAATTTATAGAACT,1671
ACGCACCAATCAATAG,1671
TGACCCAAAAAACAAA,1671
AACATAGTGCTCCAAG,1670
ACATTGATAAAACAGT,1670
GAATCAGTTTAATACT,1670
GTTCCCGTTGGAGCTA,1670
TACGTATGATTCAGCA,1670
AATGTAAAGTGGGTTC,1669
CAAGAACGTTCATTAG,1669
GTCGAACATTAAAACA,1669
GGCGTGTGGCAATGAT,1668
AACCTATCATTTCCAA,1667
AAGTTCCGCCGTCGCT,1667
AGCTAGATTCGAAACC,1667
CATAAAAGTTATGAGC,1667
CGTTCGTGAGATTTAA,1667
TTACCAGTAAACATTC,1667
AAAATTACTAGAAAAA,1666
AATACCGTGGAAAGTA,1666
ATAAATGACGCCTTCA,1666
GACCTACTAGGCGAAC,1666
GAGAGAGGAACTAAAA,1666
ATAAGCAATTGGCGAT,1665
TAAATCGATACCAATA,1665
TTCCCATACCTCCTTG,1665
ATTATCCAGACTTCCT,1664
AAAAATGTTACCTTTA,1663
TCACGAAAAATCATGA,1663
TCCCCATTCTGACAAG,1663
ACGAAAATGACGACAA,1662
GTTGGCTTATATGAAA,1662
ACAAAGGGTATAAAGA,1661
ACCATCGGACAGTAGA,1661
ACGACAATGTGACAGA,1660
ATAGAAGTCATTAAAT,1660
GATGAGTCACAATAAT,1659
TACCCATTCCAGAATA,1659
TAAACATAAGCCTATA,1658
TAAGAGTAAGAGCATT,1658
GAGTTATGAATTAGGT,1657
TCCGATTGATTTTACT,1657
AATATGGCGCAGTAGC,1656
AGGGATAATACACTGC,1656
CCCGAGGAACTGAAAT,1656
TAAACCAATTTGCTCC,1656
AAGAACGCTAAAAATC,1655
CAACCTATGATAATTC,1655
CGATGAGTCCCCTATA,1655
GCGGAATTCGTATCAC,1655
AATCGGAGGGGAAAAG,1654
ACGTAGTTAAATCTAT,1654
GCCATTAAAAACCTGA,1654
GTTTAAAATGCTAAAT,1653
TACCATAAAAGACATA,1653
AAAGTAAATCAAAATC,1652
TGCACAGGCTAATGAG,1652
CCTCAATTATAATTTG,1651
TACGGGTATCCCGCCG,1651
TCTTCAATGATATTTA,1651
CTGAAGCCGTACACTA,1650
AAAGCCATAGTTGCAT,1649
CGCAAATTGAGAGCAA,1649
CGGTTTTGGATAACAA,1649
CCGCTTATTTTGAGGA,1648
ATTTGGCCCGAGTCTT,1647
CGTTAAATAAGATGAA,1647
GACAGAAGACCTGAGC,1647
TCTCTTAAAACCCCTC,1647
AGGCGAATTCCTCTCT,1646
ATTTGATATAAGAATA,1646
CCGTTAAAGAACAGTC,1646
AATAAGCGAACACAAC,1645
CCCTTGTTTGTTAAGG,1645
TAGAATATGCAATAGA,1645
TATAACGTTCCTCATG,1645
TCTAATATGATTAAGA,1645
AGCATAATTGCGAGCC,1644
ATCGCACGCTGATGCA,1644
TGAATTACCTAATGAT,1644
AACAAGGTACTCCTGC,1643
AGAAAGTGTTAATAAG,1643
AGCAAAATCACGGATC,1643
AGTTGAAAATATTGGA,1643
AACCGATATTAGACCG,1642
AATGACGTGCTGCCTG,1642
AGCCAATCCACCGGCG,1642
CCTCTACAAAGTATTC,1642
AAGTAGCTGATGATAC,1641
CGAATAAAAGCTAACG,1641
GCAAAGATACACAAAT,1641
GACATTTACACTGAAT,1640
TCGACATTGAAGATAT,1640
GAACAGGTTAAACTAC,1639
ACCGATTCTGATAGAC,1637
GTATTTGTTCTTATAA,1637
AATCAAAGCATAGGAA,1636
AGTAACATAAGTTCAT,1636
GGCGATCGGAATAACC,1636
GGTGACTGAACAATGT,1636
ACGTCTTACAAGAGAA,1635
AACAGAAAGTAAGCTA,1634
GCGGAGAATTCGCACA,1634
GTGTAACCCAATAAAT,1634
TTGGTTCTAAAAGACA,1634
ATATTGCGAATAGATC,1633
CGCACACAACAGTAAT,1633
CTTGTGCAACCTTAGG,1633
GTGATTAAGCCTAGTA,1633
TGGTTATTAAAGGGAA,1633
AATAGTGCGGTGATAT,1631
AATGTTGCTCAAAGAA,1631
CTGAACATCTAGAATG,1631
GCGTTTGAACATTACT,1631
GTAAGAACGTAGATTC,1631
AAATGATCCTGATATC,1630
AACCCATAGAAGAGTA,1630
ATAAGAGCTATTAGAG,1630
GCAGGTCACACATAAC,1630
TATGTCGTTAGAATAC,1630
AAATTCAAAGCGTCGT,1629
TACGTGGAATAGCGAT,1629
AACTTGCTGGAATTAC,1628
CATGAATGGTAACTAT,1628
CGAAAGTACAAATTGA,1628
TAAGCAAAATTAGAAG,1628
TTATACCATAACAACC,1628
AAGAAAATTGTCCCGT,1627
GCATACTCTATCTAGC,1627
TCGCATTTCTACGTGA,1627
CCGAGCAACCAAGTGA,1626
TTCTCATGGCAATTCA,1626
ATAAAAGAGCAAGGCG,1625
CATGAAGAGCATCAAT,1625
GGGCCACAAGGTCCTG,1625
TCAATTATGGTCGATG,1625
TCGACGTAATCAACAA,1625
TTCGAATTGAAGTACC,1625
TTCGAGTAATGATAAC,1624
TTGTCACCACGTTTCT,1624
AAGCCCACCCCTAATC,1623
ACTCAAAATCAAAGCG,1623
ATTGATTAAGCAACGC,1623
GCCATATAGGGATCTT,1623
GCCTTTCCAAATGCAA,1623
TGATCACGCCAGTCCC,1623
CATGAAGCAAAATGGA,1622
CGCAAGAAAAAATAAA,1622
TGAATGCGAGCAAAAA,1622
ATTATACCAGAATTGC,1621
CACTACGTGAGGTCCG,1621
GAAGTTGCTCATCCGG,1621
GGGACTAAAGTCTGCA,1621
GTGCCATAATTGCCTA,1621
AATGTCGGTAAAAGAT,1620
ATAATGCAAAAAGGTT,1620
TCTATAAACAATACGA,1620
AGCAGTCCAAGGTAAT,1619
AGTGGAACGTCAATAC,1619
ATATCGTTTCTTCAAT,1619
TAGAAGATTTTCAATT,1619
AATAACTGGGCACACC,1618
CAAGCAGACTCAGCAG,1618
CATTAAAAGCCTCACC,1618
CCAACAACAGTAGAGA,1618
GAAAAGGAAAACTAAA,1618
TATTTACGAAATTATC,1618
TGATGCTTACAAATCT,1618
TTGTTATATCTCTATC,1618
CTTTAGTAGGCTACTG,1617
CTTTATGCCATACCAC,1617
GGAATTTGGTGCTGCG,1617
TGAACAGAGTCGGGTC,1617
CATATCACCACACACA,1616
TCAGAGAATTTAACGA,1616
TCTAAAGATCTGAAAA,1616
AATCTTTAAATACAAT,1615
ACATGGTATCCCGGAC,1615
CCCCCTCCCGAATGGG,1615
ATCCCAGTTCGGAGAT,1614
GCCTCACCTTAAAACG,1614
GCTAATGTGTCGCGAG,1614
GGGGTTTGAGACCTCG,1614
AAGACATTCGTGTCCG,1613
AGAAAAAGAATGTAGG,1613
ATATAATATGATCAGA,1613
CTAAATCTAATAAATT,1613
CCAATAATTCCATGCA,1612
GTAATATGAGGGGCAG,1612
TAGCTTTATGGGAATA,1612
AACACAATTTTAACCT,1611
ACCCACTGCAGTGAGC,1611
AGACGATAAAAGAAGA,1611
CACAAATAAGTTAATG,1610
TAAGTAAAATCTCAAA,1610
TCAGGGGCTATCATTG,1610
GAATTCACTTTAATTA,1609
GACATACGGACGTTGC,1609
TGAGAGCTTTTAACTT,1609
AAGTACATATCGGGTA,1608
ATTTGAGTTTTCAATA,1608
CAAGTAGAATGAACTA,1608
TATAGTTTCCCGCCTG,1608
AAGAAACATGAAAACC,1607
CGATGTGTGAAAATAG,1607
GCCTTTCGAGGTGAAT,1607
CGCCAGCAGTAAGTAC,1606
CTAGAGACCTGTTCCA,1606
GCGCGGATCTTGTTCA,1606
AAAAAAAATCACCCAT,1605
ACCGTCTGGGATGACG,1605
CCGAAATTGAAATTTA,1605
TAGTATCAAAGGTGTG,1605
AAGTGCATATTATTCT,1604
CTAACGCCGCAAAACA,1604
CAAAATCTCACCTATT,1603
CTCTCTAGATGGATGT,1603
GTAATGCCAGAATATT,1602
TAAATAGCTTTTAACA,1602
ATAGGGCACCCAGTTC,1601
CTTAGAACTTAATGTA,1601
TATAAACATGAAAATA,1601
TGCTTGAGATAACCCT,1601
TTTACATATCAAAATG,1601
AGTGGAAACACCCGTT,1600
CCCGTAAGATTAAAAA,1600
CCTATCTGGATGATGA,1600
AAAGCCATGTGGAGAA,1599
CACATAAAAAAATTCT,1599
CCCGCGTGACAGGATA,1599
CGTCTTCCACAAACAA,1599
GATAGTTGCATAATAT,1599
GTACACAGGATGTTTT,1599
GTACCACTGGGTCCAA,1599
GTAGGATAAACAAACA,1599
GTTAGAAATATAAGAA,1599
TACCACTTAATCATGA,1599
ATAAGCTGACTCGATT,1598
GAGAGAAATGACTGGA,1598
TAATTTACATAAAGAA,1598
ATGTGCACGGTCCCTA,1597
GCTAGGACTTACTATA,1597
AAGTCCAAATCAGTAT,1596
ACTTACGAACGCAGTG,1596
AGACGCTGTAAATGCA,1596
CCGATAAAATCCCACA,1596
ATAAACTAATCCTTTC,1595
GCACTTTTATAACCCA,1595
ACCACCGACATACATA,1594
ACGGACCGGAATATGT,1594
ACTTCGGGTACGTTTT,1594
CTTATCACCTACATAA,1594
TGACGTAAAATTATCC,1594
AAAGAAATACCGGTCC,1593
ATAAAGTAACTCATGA,1593
GGAGAAGTCGTGGATT,1593
TCTCATTCTAATCTCA,1593
ACACAAGCTGCATGAT,1592
ATGAACATGATGTTGT,1592
GGACTCGGTTACATAG,1592
TAACCTATTCATTTTC,1592
TCCCTAAGGTCTCTAG,1592
AACTTTAAAAGCGAGA,1591
ACAAAATGGTTCATTT,1591
ACAATTTCTCGATCAC,1591
GAGGGTATTTAATGAG,1591
GTTCCTTATTTTGGCG,1591
TTGATACAAATAACCA,1591
CCGGTTATGCCCTTTC,1590
CTTGATTGTTCACACT,1590
ACGATATGCTAAAACA,1589
ACTATGATCCAAAAAT,1589
CATAATTTTCGCAAAA,1589
CCGCGCAGATATGCCT,1589
CTCCTTTTACTGAGCG,1589
TAAATATCCTATCCAT,1589
TACGAACTCACACGTC,1589
TCTGAAACCAACGCTC,1589
TGCTATGAGCTTCCTT,1589
ACAGGAGTTATATACG,1588
ATATAAAGTGATTATT,1587
CAAACAGCTACACACA,1587
GCGCTACCTAACCACG,1587
TAGGACGCACACTAAT,1587
TTGTTATTGGCCGAAA,1587
AGGGGCTGACATTCCA,1586
CTCCCCTAGCTAAATT,1586
TGCCAACAATGAACAA,1586
TTTTACATTTTCTAGC,1586
GTCTCAATCACTTCGT,1585
GCTCGCCGACTCGACA,1584
ACGGGCTGTTAAAATG,1583
CTCAGTTCCATTTAAG,1583
AATCGTAAAAAACTTT,1582
CTCAGGTCACACTACC,1582
CTTAAAATAATACACA,1582
TCACCATCTCGTGTAC,1582
AACCCGTCAACATCGG,1581
AGCGTGACAACATCCC,1581
AGGCATACAGGAGAAA,1581
CAGTTTTGAATTACGA,1581
GATAGTAAGTTCTTAT,1581
ATAATAATGTCCGAGC,1580
CCAGACTACGCGACAA,1580
AAGAAGCACCCGGAGA,1579
ACAGTCTTAAGACCAT,1579
GGGACATAAGTAAAGA,1579
TATTCTTAAAGCTTGC,1579
AAACCAGAAGATCCGA,1578
AAGAAAAATCTGGCGA,1578
GGACAACACGTGTACT,1577
ACTGGTTGTAGGGCGA,1576
CCAACGCGAACATACG,1576
CGGTAACATATAAGCA,1576
CGTACGATACCAACTC,1576
GACGCAAATACAAAAA,1576
GCCAAGACCTCAGATG,1576
TTTGTTCTTACTCTGA,1576
AAAGCCATTTTACTAA,1575
ATTATGCCGCATCGGA,1575
GGTTACGTAGGAGTCA,1575
GTTGTGGATCTTCAAC,1575
TTATATGACAACAAAA,1575
AAATAAATTGGCAGGC,1574
ACCTGCCTTTGTGAAA,1574
CAGAAAAAGGAAAGAC,1574
TGAAAATTTGCAGGTG,1574
AACAAAAAAGCTTCGT,1573
AGGCATTAAAAGACCA,1573
TAGGCAAGCAACAGTG,1573
TATTATTATTTATCAA,1573
TGTTACTCAACCCATA,1573
AAAAGTTGTCGAATTT,1572
AATGATCAAAACAGAA,1572
ATACCACTGGAGACAC,1572
ATCCGCACCGCGATCG,1572
CCCTCCTGCGATGTGC,1572
CCTAAAAGTTATAGAG,1572
TGATTAAATTAAGGGC,1572
TTACTCACGATCTAAG,1572
AAAACCATCTCTAATT,1571
AGCAGGTAGTGCGATG,1571
CATTCATCGAACTGTT,1571
CGGGAAGAATGGCAAG,1571
TGATCGCTAATGATCA,1571
AGAGATTAGAATTTCA,1570
CATTTTAAATATTAAA,1570
TCCTTAATTATACGAG,1570
ACTTCAACAAATCGTC,1569
AGATGGAAGGAAATTC,1569
GCTAGTAAGAGTGTAC,1569
AACATCGGACGACCGT,1568
TAGATACGGATTGATG,1568
TGATGGACTCAAAGAG,1568
TTCAACCGGACCAACA,1568
AAACACCCATTTACGT,1567
ACTCCATACGGTACAA,1567
CCCAGATTTCGGTCCC,1567
GCGCACTACGATTACT,1567
TACAAATTAACTTTTG,1567
TGTTGACTATCGATTA,1567
AATCGTTAATGTTGAA,1566
CATAGGAAATAATCAT,1566
TCAAACTAGTCAATCA,1566
AGATCAATCAAGTTAC,1565
AGCTGAACACCTAAAC,1565
ATAACATTGTGCAAAG,1565
GTTTATTCGGGGTAAG,1565
TAAGAAAAAAGGCCTT,1565
TTAAACTAGCCAGTTT,1565
CGTTCTATTAGAACTT,1564
GAATATCACTCTACAG,1563
GAATTCACTAATATAA,1563
CCAATACTCAAGCCCC,1562
AATCCTGGGGGTACCA,1561
ATTAGGATTTTTGTGA,1561
CTAGAACATTATCTCT,1560
AGACATGCGGAGAAAA,1559
ATCGACACCTAAACGG,1559
CATAAAACACCTTAAA,1559
TGGTAAAACATCTGCG,1559
AACTTACTTCAAAAAG,1558
ACTAAAGTTCCCAGGA,1558
CGCAATCGCTGCCTGA,1558
GATCGCGCAAAAGATT,1558
GTCGCAACATATGGCA,1558
TAAAACCTAATGAACT,1558
TTAGTTGTAGAAAGCC,1558
AGTAAATTAACAGCCT,1557
ATTTCAATTATAGGTT,1557
CCGTATAGCGCCAATT,1557
CTCATTCACTTAAATT,1557
GGACAGGATTTTGAAA,1557
TTACTTAGTGTGTGGA,1557
TTTATTTGGGCATAAT,1557
TTTGCTCAAAAGAACA,1557
AAACCGAGAGACCCGT,1556
ACACAGACCAAGCTCA,1556
CCGACTTGCAAAATAT,1556
GAATGCTTAGTAGAAA,1556
GAGTGGTGCGAAACTG,1556
GCAATACTCTACCTAT,1556
ACATGACATACAAAAC,1555
ATAAAGGGTCCAAGCG,1555
TGCCAGCAAACTGTCC,1555
TTCCACGGCATACGAC,1555
AACATGCCGGTCAAAT,1554
AGCTAATAAGACTACG,1554
TACGGTCAAAATCTTA,1554
AAACCAACTACTACCT,1553
GACCCTGACTTGCTTC,1553
GAGAAAAATAAAACAA,1553
GAGAAATCAAGGGACC,1553
GTGAGATCCTGCGAGG,1553
TCCTTTAACGGCCGGC,1553
AATTTATGCCCACCCA,1552
ACTAACCAATAAACAA,1552
GGTCCTTGACTTAAGT,1552
GTTTAGCTACCGGCAG,1551
TCCAAAATTCCGCCCT,1551
ACCGGAGTTCTCTGTA,1550
TCCAGTGTATGTCAGA,1550
CGGTTACGCGACCCAC,1549
GAGAGGACCCCCAAAA,1549
GCAGTCTTAAGTCCAG,1549
TACTAATCTAAATGTC,1549
TTTCACAAGATCTAGG,1549
AACCGACCTAAGTCTG,1548
ACAACGTGTAACTAGA,1548
CTCAAATAAGGAATTG,1548
CATTATACCCATACGT,1547
GAATCTCCAAATGTAC,1547
TACTTTCAAAGTATAC,1547
TTCTTTTCGAAACCAG,1547
GCCCTGGCGCGTCAAT,1546
AAGCAAGCCGCATACA,1545
ACGAACATGGGCTAAT,1545
ATCCAAACATATCGAC,1545
CTACTACAATTTTGGA,1545
GAAGCCATCATAGATC,1545
TAGAGATTGCTGTATT,1545
AAGATACTAAGTTCTC,1544
ACTACCACATATTTGG,1544
CGAGAAAGAAGATGCG,1544
TATAGAACCTTACCAC,1544
TGAATACCGTAACATG,1544
AAATTCCAGAATCGAC,1543
ACCCCTATTTTGCTTT,1543
CCATCTTATAAAAGTT,1543
CGTATTTGTCAACCCC,1543
TACCAAAAGTTAAATT,1543
CCGAGATACCAAATTT,1542
CCGTTATTCGTGAATT,1542
TTGACCATGAAGAGGA,1542
AATTCTCTGTATGACA,1541
ATGCAATAGGAGCGAA,1541
CGGTAGTGGCAATTAG,1541
GTGAATAAACAATTAC,1541
AATCACGTGCCGTCAC,1540
ATCTAGACCTCATAAT,1540
ATCTATCTCCCGCCCG,1540
GATGATAGGATTGTCG,1539
TAGAAAATAACAGTGA,1539
TATGGAAGGAAAGCTA,1539
AATCAACCAACAGGGG,1538
GAATTACTTAGACCCG,1538
TGAATTCTATATATGT,1538
AGTCCCAAATACGAGA,1537
ATAAAATCACTTTTAA,1537
ATTAGTATACTACACT,1537
GCACAATGATAATCAG,1537
TAAAACCTATGTCACG,1537
TAATAATAAACCACAG,1537
ACGCCCCGTATAGATA,1536
TTTCGAGTATCGTATA,1535
ATTCTAAGGTAACAAT,1534
GTAAGTCAAAATGATA,1534
AAAAATGATTACTTTC,1533
AAGCGGATCGGATCAA,1533
ATGCATATGACCCAAT,1533
AATAAACATTTACAAG,1532
GGGGCGAATAAAGCCT,1532
AAATTTTGACCAGAAG,1531
AGAATCGAGCCCGACC,1531
GGAACATATCAATTAA,1531
AATAACTAGAGTGAAA,1530
ACAGAGAACTGAAATG,1530
AGTATTATATAAGACA,1530
ATAACGGCAGAGTCAC,1530
ATTTTACAAAATGAAA,1530
GTATGAAGTGAACAAA,1530
AAGTGAATGATGGACA,1529
GTCAGCGGCAGATCGT,1529
TCTTCCTCATAAATAT,1529
CTAGCGCTTTCCAAAG,1528
CTCAACTGTACTAACG,1528
TAGCGTCATGCTTAAT,1528
TGAGCAGCGGAATAAT,1528
TTTAAGTAGTTCATAA,1528
ATTACACATACTTACA,1527
CTAAATCCATCATCCA,1527
GTGGAACAAACCAACG,1527
CGAAGAACAACAAGAA,1526
CTGTATAGTCGACCTT,1525
GTGTGCAACGAGCTAA,1525
TATCTTCGGAGAGACT,1525
TGGCCATCCTTATAAG,1525
CCCGCCTCCCACCTAC,1524
TAAATAAGTAGAATAA,1524
ACGAATTCGCTTCACG,1523
ATGCGTGTAACGCTTG,1523
CCTCTTTTTTCCGACG,1523
GACATACTCATGCTAA,1523
GCCCTACCAAAAACTT,1523
AAACTATACTGCAACT,1522
CTTTGTATACGATCTT,1522
TTGGAAACTTGTCCTA,1522
CAAAAACCTCAATCAG,1521
TGAACGAAGGGCCAAA,1521
ACCCTCCACACTGAGT,1520
ACTACCATGAAAGCCC,1520
ATGACTGTTAACTCAA,1520
CAACGGTAATGATAAG,1520
CATTCTCTGATAGCTG,1520
GATACAAATACAAATT,1520
TCTATTATCAAACAAT,1520
AACGATTAGAGAAACA,1519
CAAATTGAAATAAAGA,1518
CAGGGATCACTAGACT,1518
TCCCGCAGATAAAGTA,1518
AAAGACATAAGCTGCG,1516
AGGGAAGATCTGGACC,1516
GGATCGACAAGTAAAA,1516
TGAGAGCGGCTATCGT,1516
TTGGAGACCATTCTTG,1516
ATAAGGAATCACTCCC,1515
GTGGTATCACAGAAAA,1515
TCCACAGGTACAGGTT,1515
TTGTACAAGAACACAA,1514
GCCAACCCCACGGTGG,1513
GCCAGGGTGCACTATG,1513
TATATGCTCAGACAAG,1513
AAAAACATTGTAAACG,1512
AAGCGGAGCACCTCGC,1512
ACCCCAGATTTTACAC,1512
AGGCTGCGAATCCAGT,1512
ATAACATACAAGGACT,1512
ATACTTAAAAATAACT,1512
CAGGGACCCCCTAACA,1512
AAATCCGCAAGATAGA,1511
ACAGCATTCAAATCTC,1511
TAACGCCAATGCTGAA,1511
ATGCTTAGACAGTAAT,1510
CCCAGACACAGGCTCT,1510
TCCCCTTAAGTAAAAA,1510
CGAGTAACATGAAGTG,1509
GACCCTAAAAGATCAT,1509
GCTTAAATTAACATAT,1509
GTTCTCCACACGACCG,1509
ACACCCCTCAATATTA,1508
ACCACTTCATTAGAGT,1508
GCCGTAGGGTCCATCC,1507
TAAACAGTCATCGATC,1507
ACAAATGCTAGCCCGC,1506
CAAGTATAAAGTAGAA,1506
CTTTGCTTCAGGTTAT,1506
TAGAACGATAAAATTG,1506
AAAGTACTAAGCAAAG,1505
ACGTCCATCCCAGAAA,1505
AGGGTAATATTTGCAC,1505
ATTAGCAATATGGCCT,1505
TTTACATCCAAGATAA,1505
CCTACCTGAAAGTAGC,1504
GAGACCTAAAAAGTCT,1504
GATATCTATTTGTAAA,1504
GCTATTAAATAATACC,1504
AAAGATATAGCTGCAA,1503
AATAAATCAAAGAAGG,1503
ATAAATCCTGGGCGAT,1503
CCACATAGATCAAGGT,1503
CCGATTCTCTTTTCGC,1503
GAATAAAGGTCACTCT,1503
AGAACTCCACGTCGAC,1502
ATGTCAATTTAAGCAA,1502
GAACCATACGATAAGT,1502
TACAGACAAGCACAGG,1502
TTATCATACCGCTTAT,1502
AAAACAAAAAACAACT,1501
CAAACTAACCTCCTAA,1501
CTGAACATCTTTCGCA,1501
TAATTTTAGCGACGGA,1501
TCTAAACATTTCGGCG,1501
AACACGACCAGATTTA,1500
ACGACCGGAATCACAA,1500
ACGGAAGAAAATGGCG,1500
AACCATTACCCACTTA,1498
TAAGGCAAAATTATCT,1498
TTTAAAGAGTCCACAA,1497
CTACACAATCTGTTTC,1496
GCACGGCAGATCATCT,1496
ATGAACACACCCGAAC,1495
CACTACACCAGGTTTA,1495
TCTTTGACTGAACTAC,1495
ATGCCAGAGGCCTAAA,1494
GTACAGACAACACAAG,1494
ACGGTGCTCGCCTCAT,1492
GAAAGAAATGAGTATG,1492
TCCGCAATACCTCCTG,1492
TCCTAACACATTTATA,1492
TCTGCGTTTCGAGGAG,1492
AGAATCACATAAAGCG,1491
CCAACCTTGAAGCCGA,1491
CGAATTTTGGATGACA,1491
GATAAGATTATCAAAA,1491
TTTTACATATTCCAAT,1491
AATCTTCGAGTTGAAA,1490
GCCATTCATACATAAA,1490
GGATTATCATCCTTCT,1490
CGAGTAATATCTCAGT,1489
TCAGTAAATATTAGAA,1489
AAGAAACGTGCTCTTT,1488
AGCAATTAAACCAATG,1488
AGTGCTGTATAGTGTG,1488
CATCAGAACGCGATGA,1488
CCATTCGCGTAACGCG,1488
ATTAAGAGCAGTGGAA,1487
AATCCACGATTGTGTG,1486
ACGCAGAGTCCTGCAG,1486
TATCATTTGATATAGG,1486
TTAGAAGTCCTCTACA,1486
TTAGATTAATCTTTCA,1486
AAGCAAACGAGTAACA,1485
ATAAAAAATCGCCATT,1485
GCCGTCAATGCAAACC,1485
CCACCGATAGGTAAAT,1484
GAACAAAGGATACCAT,1484
GAAGATGTATTCAACA,1484
TTTTTAGCCCAGAGTC,1484
ACCATCGAATGGTTGA,1483
CCTGTGAGACAAATTT,1483
CGTACAAATGCAAACA,1483
AAGTTATAATAACCGC,1482
ATTCTTGTATTAAAGA,1482
TAACTTGGGTTCAATA,1482
TCTAGCTTGCACATCA,1482
TTCAACAAAAGTGTGG,1482
AAGCGCAGCATACTAT,1481
GTTCACAATTTTGATT,1481
TAATAAAAATGGTCCA,1481
TGAACTTAATCAACAA,1481
AGCTGTAACGAAGGAA,1480
GTCAGGTCTAATCATG,1480
CAAGGTACATATTTTG,1479
CAGTGAGACTTATTCG,1479
GCCAGTTCTAAAAGTC,1479
GAGCAAAAACGCCGAG,1478
TAAATTCGCCGCCCGG,1478
TGAAGATCGATCGCCC,1478
TGGCAATCCTCCAAAC,1478
AAATCAGAAGATTTGT,1477
CGGAAAGACCAGAGAG,1477
CGTTGCAATCCCTACA,1477
CAGGAACATTTAATAA,1476
CCCTCATGTATAATTA,1476
CGTAGTAAAACAAAAA,1476
TTTCACCGACATGTTA,1476
AGGATGTTGAGTAACA,1475
CCGCCTGGAAATAAAA,1475
TATAGAAAAACCTCTG,1475
AATTAATTTCCAGGAT,1474
GTCCTATGAGTATTTT,1474
AATAGTTACAATAGTT,1473
ACAAACCGATGCGGCC,1473
ATATAGTAACGTTTCC,1473
CCTAGACCCAATTTAA,1473
CTACCAAAGGTGAGTC,1473
TATTCTGTCACAACAC,1473
ACCATCCATCTAATTC,1472
CGATTATGTAAACCTA,1472
GCTTCTTAGTTCCAAA,1472
ATAATTATCGTTATTA,1470
GAGTCTGCCTAGAAGA,1470
AAGCACTTATCATATA,1469
AATTATTCAGAGAATA,1469
ACGGTAACAAATTCGC,1469
ACTTAGAGACTATGAA,1469
GAAGCGCAGTAGGAAT,1469
CAATGCACGTAGAAAT,1467
CTGCATAAAGACAAAC,1467
GAACAGATAAGCCGTT,1467
GGCCCGTAACCCCTAA,1467
TGTGAAAAACGGATTC,1467
AGGGAGATCAACCGCG,1466
TGGCTCGTTGACACAA,1466
TTTTCCAATCTTTACA,1466
AATTCCTCTAGGAAAA,1465
AGGGACAGAACAAAAG,1465
CCGGCATGTTCATCAC,1465
TCACAGCCCACTGTTT,1465
CTATAACATTGCCGAG,1464
GACATGGAGATATACA,1464
TCGTACTGGTTATATA,1463
TAACCAACAATCAGAC,1462
TTATTGCAAGATTATG,1462
GGATACCGACAACGCT,1461
TAACTTTCTATAGCTC,1461
ATACCTCAAGATTGCA,1460
TAAGCACGCGTATATC,1460
AAAGAAACAATGGAGG,1459
ATACCCTCAAACAAAA,1459
CAACGCTGGTATTGAA,1459
CAAGATTCGTAATCTT,1459
AAGCATCTTCTCTAAT,1458
ATGCAGGACACCCCGC,1458
GATGATATGTTCTACT,1458
TAGATACACGATGGGC,1458
AGCATACATCGGCATT,1457
ACGCGGCAGCACTAGT,1456
CAAACAACCCTCTAAC,1456
CCTCAAATCTCGAAAT,1456
GCCCCTCCCGCAAAGA,1456
GGCTCATTTACATAAT,1456
TGTCGCCGTTCAACCA,1456
AATATATCTCATTTGA,1455
GGGATATAAGTAACTA,1455
TCAGAGCTGAATAAGA,1455
AAAACCCCTTTACACA,1454
AACTACGATCTGTAGA,1454
ACCCGGGCACACACCA,1454
AGATCATACTTTCTAA,1454
CTACAAACAGACTAAG,1454
GTATTTATTTTCTCCC,1454
GTGGTACCAAAAATCA,1454
TACCGTCAACCAAATG,1454
TGTCCAGTATCAGTTG,1454
ACACGTGTAAATGCAT,1452
TATAGTAAACTGAATC,1452
CGTATAGCTGATCATG,1451
TGAAATTACAAGTTGT,1451
AGACGCTAAACACTGT,1450
CCCGGAACCAAATAAG,1450
CTATTGTAGCTAAGAC,1450
CTTGCTTTTAAATCAT,1450
GAAGGAGAGTTGAATG,1450
AACGCATCCGCTGCTA,1449
AGTCAACCCTAGTCTA,1449
AGTTTGTACATCCCCC,1449
ATAGCGGAGTTGGCCG,1449
ATCGCCCAATTAAGCA,1449
AAATAAGAGCAAATCC,1448
AACAAAAGATCAACTA,1448
CGGCTACAACCTGTTC,1448
GAAAACAGGAGTCCAA,1447
GAACCACATGTAATTA,1447
GCTGTCGTCCGCTTTT,1447
TGCTAAACCTATAATG,1447
CCGGTTGTGCCGAAAG,1446
CGAGCCCTCTTGTAAA,1446
GATCTGAATTATAATG,1446
TGTATTTAAACCCATC,1446
GAAGCGTTATTGACTC,1445
TAGATCAAACATATAG,1445
ACCATACCATCCGTTG,1444
CCGGATATTCTCGCTA,1444
GCGCGACAGTCGTACC,1444
AATGAACAAGATGTGC,1443
ACCAGTACGTCAGTAC,1443
ATTGTTACGGATGGAT,1443
TTACCCATTATAGGAT,1443
GCGTAAGCTCAAACTA,1442
TCCAGCAAAACGATAT,1442
GATAACTTATCCAATC,1441
AATAATCGCTAAAATT,1440
GCCATACATGGTTAAA,1440
TGAGAATTAATATACA,1440
CCTTTACACTTCGACC,1439
TAGACGACTATGTTAC,1439
CTGGCGGGCATTAATG,1438
TGGCTAGATCCTCTCA,1438
CAGAAACATCTAATTC,1437
CGCTGTGATAAGAGAC,1437
CTAGAAACCGAGTGTA,1437
TAATTCAAGCAACATA,1437
TGCGGATAGACAAACC,1437
CAAACTTCAGAAACGA,1436
GTACTTCCTAAACTCC,1436
AAATCAAACACGAAAC,1435
GAGTAAAAATTCCTGG,1435
GTGATGAGCAGGGGAA,1435
GTCCAAACTGAGTTAA,1434
TACTACGACGGCTGAC,1434
AAAAATCTAGAGATTG,1433
CATACATCATACTTGG,1433
GATACTGAACCCCGAT,1433
AACAACACCAATTCCC,1432
AAGCTATGTCTGCTGA,1432
AATTAAGGAATGCAAT,1432
CACAGCTAAACCCTAG,1432
TCTTTCCGAAGTCCAG,1432
AGAACTTAAATAACAA,1431
ATCGTATAAAGTGCAT,1431
CGATGCACAAGTAACG,1430
CGCTTCGTACTGGAGA,1429
CTTTGAATCCACCCAC,1429
GGTTAAAAGCTCTTGC,1429
TCCCGAATTAAATATT,1429
AAACTAGAAAAATCCA,1428
ATATGTTAAACGCATT,1428
CGATGATCACAAAGAA,1428
TCTTACGCATAAGAAC,1428
ACATAACGGCTCAATA,1427
ATGACCCATACAGTTC,1427
CAATGTGTTCTCGTTA,1427
GAACTAAATGAAAATT,1427
GACCCACCAAAGTGAC,1427
GTCACACTACACGCTA,1427
TGACGTACAACTGAGT,1427
CCGCATGCGTGGATTG,1426
CGAATAAATGTTAAAT,1426
GGTAGCAATCAACAAA,1426
ACACCAGATCTCAGCT,1425
CCTCTCAGCGGACAGA,1425
GCTTACCACCAATAAA,1425
TTTCTTTACGGAACGA,1425
AGAAACGAGTGAACCA,1424
GCATAGAGAAGTACGT,1424
AGTCAGTCCCTAGCCT,1423
ATTAACAGAACACAAA,1423
CGCATGTCAAAAAAAT,1423
GTCGGCATTTAAACTC,1423
TAGCAACTAAAACCAA,1423
TTACAATTTGGAATTC,1423
ACCGGCACAAAAAAGA,1422
CGATAGGGTTTTTGAT,1422
ATAGACCCACGTCCAG,1421
ATCAAAAGAAATTGAA,1421
CGTGCGCGTAAAGTAT,1421
TCCCAGCCAGAAATAC,1421
TTCGGACCTACCTAGC,1420
CAGTCTATGAGATAGG,1419
CTTATACCCACAATAC,1419
AAGCCGAGGTACCACA,1418
ATCGCCTGAATACTTA,1418
ATTCTACAAAAGAATG,1418
CATAAAATCTCGTCGA,1418
CGAGCACTCGTGAACC,1418
GTAACACGTTCCGTTG,1418
TACACAATAAGACATG,1418
TTCGTGGATGTCATTA,1418
GAATCTAAAGAATGTA,1417
GCCTAAAAGATAGATT,1417
CGTACAAACTAAGGAC,1416
AAGTCCTCAACAGCGT,1415
CATACAACCTGAACTA,1415
AAAAAGTAGCTAGTTA,1414
AAACACCTTTAACCTC,1414
ACACCAGTGTTCCACA,1414
ACATCCCCTTGGGATT,1414
ACATTAGAGATCTTAA,1414
CGAGTACTTATTTATA,1414
GCCCTGAGCTTATTCT,1414
TGGCACCTACACTCTT,1414
ACCAGAGCAAGGAACC,1413
ACGATGAACACCAGAA,1412
GGACGCTATTGCGTTC,1412
AACATCAGTAAAACAT,1411
AATCGGGGAGTTAAGA,1411
ATTATAGAATCAACGA,1411
CCGGGTGGATACCTAA,1411
GCCGACTCAAGTGCGC,1411
TTGTGAAAGGCGTCTG,1411
TTTAAATCGAACGACT,1411
ATATGGAAACCGAACA,1410
TAAAGTCCAGGAGCAC,1410
TACAAAATAGTCCAAG,1410
TAGGATTGCGAATAAT,1410
TATGGAACCCTCTCTA,1410
AATTCAGACGTAACTT,1409
AGTTTTCAATCTGGAT,1409
CGACCACTCAGCACCT,1409
CTCCAATCCGGACTAA,1409
GCAAACCATCGATTCG,1409
GCCCAAAAATGTATAC,1409
TCTCCAATAAACCTAT,1409
TGAGAGAGCAGGACCA,1409
TTTGTTAATTAATAGG,1409
AAACTTAAAGGGTACG,1408
AGAAATTCTGAAACGG,1408
AGCCAGGAGGAAATAA,1408
CGATCTTCCTAAGCCA,1408
GTACGATCTTCAATAT,1408
TACAACGTCAAAAATT,1408
CAGGAAAATGACCCCA,1407
GAGTTGCCAAATTAAT,1407
AAGAAATCTTAAGTTA,1406
CAACAAAAGTTATCAA,1406
CCCCTGTATCTAAAAA,1406
AGATAACCTTGTGGCA,1405
GAAATCTATTCCTGAA,1405
GACGACAGGATACTAT,1405
AATGGATTCATCCTAC,1404
ATGAATTAGGGATACT,1404
GATAGTCTCTGACCAA,1404
GCCTTCGATGAGAGTT,1404
TGAGATAAACAAAGAA,1404
GGTTGTAGACTGTGAG,1403
TACAGCAGCATTCGAC,1403
CACCTAATACCGTTAT,1402
GCGAATCATATTTTCT,1402
GGTACTTGTGTTACCA,1402
ACCGCTATCACTGGAG,1401
ATAAACATTAATAAAG,1401
ATTCAATACCAGACGA,1401
GATACCCGACGCATAC,1401
TAAAATTTAAATTACA,1401
AGCACATGACCTGGGG,1400
GAATACATATCACACA,1400
TTACCACTACAAATAA,1400
TTTTAACCACTGGCTG,1400
ACAAAAAAGATAAAAA,1399
ATGGCCCAGAATTCAT,1399
CCATACGAGGCGTAGC,1399
TCTCATAGCTCTCAAG,1399
TTACTATTTTAAAACT,1399
AAAACGGACTCGCAGT,1398
AGTTAAGTCAGAGACA,1398
CCAGAACCGATCATAA,1397
GAGTAATGTTTAAAGA,1397
GTCACACGCCTTAACA,1397
TAATCTGCAGACATGA,1397
TAGCCTGCCGTAAGAC,1397
AACTCTCCGCGTGCAA,1396
AGCGTGCCCCTGACTT,1396
ATTACTCGGGCGATAC,1396
ACGGGGGATGTCATGA,1395
AGGACGTACCTGGCCG,1395
ATTCATCAAGAGTCAA,1395
CCAATTAAATAAAAAT,1395
CCACACCTCAACTCAG,1395
GCATAAGACACTAGAT,1395
TAAGACAAGTTGGGGG,1395
AACCCAAACAAACCCT,1394
GACGCGAATCGACCCC,1394
GAGGCTGTGTGCTACT,1394
TTGTTTCTATAACTTT,1394
ACCTAATACAAATCCA,1393
CAACCCACGCCTTGTG,1393
CATAATAGATACCGAG,1393
TGGATTCACCACACAA,1393
TTGACAACTTACTCAG,1393
ATCGCAAACTCAGCAT,1392
CTACTAGCCACTATTA,1392
TATAGTACCAAAATCA,1392
TCTGACTACACTAGTG,1392
CAAATATAACTATTGA,1391
GCTTGGAAATAAAGGT,1391
GTCGAAACTATTCTGA,1391
TGAACAGAAAAACACA,1391
CTGCTACTGTTGTCGC,1390
TCCTTACCAAGGAAGC,1390
CCCGCACCTGAATCAG,1389
CGTGACAACCCCTACA,1389
GTATCCGTCACTTCAT,1389
AAATGACCAAACCATT,1388
AGGGCTCTTTTGAACT,1388
CAACGATTAAGTAGTC,1388
GAATCCACAAGCCATG,1388
AAACTTCAGCAACGGT,1387
ACAACTCCGTGTGCCG,1387
ATACTGACCAGTAATA,1387
CAAGAATTTCGTAGCA,1387
CTAATCAGTAGGGGAA,1387
CTGGGCCGGAGGATGA,1387
GATATGTAGTACTGCC,1387
GGCAGAAAACAAAGAT,1387
GGGACAAACGACTAGT,1387
TCCGGAGGCTAACAGA,1387
CAAAACAATCCATACT,1386
GAAGCTGATGAAATTG,1386
GTCACATATTAGCAAT,1386
TGATCAACTAGGAGAG,1386
AAGGATCTAGACCGGG,1385
AGCACTCTACCGTTAC,1385
CATTCATTTTAACTCT,1385
CTTTATCAATAAGTAT,1385
GTGTCATAGTTATACA,1384
AGATAATTATACGGTA,1383
GCATGATGTAACCAGT,1383
TCTTACATTTGAAAAC,1383
AAAAACTAAGATTAAT,1382
ACCTAGCAAGATCAAG,1382
GAGTAATAAAGAAGAC,1382
AAGTCCAGGCGACGTT,1381
ACATACGTAAATAAAC,1381
GCATACAACACCTATC,1381
TATGACAACAAAGGGA,1381
AAAAACAAGAATCAAC,1380
AGACACCTATAAGGTA,1380
AGACGAGTCAGTGCAA,1380
GAACTACATGTACTAG,1380
ACTAAGTAAGCCATGA,1379
CAGCACGCGTGTACAT,1379
CCCGTATAGATCATCA,1379
CTTCAACCAATTATTG,1379
AAGTGCACACTCACGG,1378
CTACTTCGATAAAATC,1378
TATTGAGATACCACAT,1378
TTATTCTCTTGAGTAT,1378
ATGTAGGATTAGTATT,1377
CCCAAGCAATAAACAC,1377
TAATAATACGTAGATA,1377
AACTATGCGAAGCGCC,1376
AGAGTATAAGAAATGA,1376
CGATATCCAATTCATA,1376
CGCTCCCTATTCCGTG,1376
ATGACCTAGAGAAACG,1375
GTCAATAAAAATCAAC,1375
TAAACGCGAGGGGTCC,1375
TGAATATACCATCTGT,1375
AGGTCGGAACCATGAC,1374
TAAAAACGATACTATC,1374
AACCTATCAATCATAA,1373
GAGTATATCCCTACCG,1373
GGTTATTATCCCGATA,1373
TTAGAGGACCAGCACC,1373
ACCAACCAATTTCTCA,1372
AGAACACCACCGGATA,1372
CCCACACTCATCTTAA,1372
GATCACGCTCACACTT,1372
GGATCACTCAAAATTT,1372
TATACAATAGATGCCA,1372
TCATTTTAAATTCCAA,1372
AATTGCGTTGGTGTAT,1371
CAATGTAAACTCCGAG,1371
CGATACTATGAGCCGA,1371
GAATTAGGATGCCACC,1371
AAGAAAACTTAATTAA,1370
GAAATCAAATGTAGAG,1370
TGAACCGAACTAAGAC,1370
TTATTGAGGACCACTC,1370
ACAGATCCGTCGACTT,1369
GCTCAAACAGCATCAC,1369
TGGTGATATGATGAAA,1369
AGTACATCTTGGAATT,1368
ATCGGAACTCGCGATG,1368
CACGAGAACGACTCCC,1368
CCATCGTTGACATGAT,1368
GAATCACCCGTTAACG,1368
TAAAGCAAGGACACAC,1368
CGATTATAGGTTCCAT,1366
CGTTGTGAATCTCCCC,1366
CTAGAGAGGCATTGGT,1366
GATCCCAAATTTAGGA,1366
CTCTAAAGCAAACACA,1365
GAAGTATAGAATATCC,1365
TAACACAGAGACCTCT,1365
TGATATAAAGAATCCA,1365
TTAAAAAGCTACGCTG,1365
AACACAGGAATACAAC,1364
ACTCTATTGAGCTTAG,1364
AGCCAGACATAACCAG,1364
ATGGTTCGCAAGGTGT,1364
GACCCATGTCTCCACG,1364
TAATCATTATTCACTA,1364
ATATTTGTGCAATACA,1363
TCCTACTATTCCCGTA,1363
TCTCTGGGCCGCAATT,1363
ACAGCGAGCCGCGCCA,1362
GATTAATAATTGTCTA,1362
TAAAAAGTCAAAAACC,1362
TACCATGCTTTTTTCA,1362
TAGCACACATGACATA,1362
AAATGAGCAAACGGAG,1361
AACAGTGCTGTTTTAT,1361
AGCCCGTCATTTCGGC,1361
ATCTGCCCAATTACTA,1361
CTTACCTACTGTCTTC,1361
TAATACAGCTATAACC,1361
AAAACCCCTAAAGAAA,1360
AACATGAGGCAAGGCA,1360
ATAATTATTAAAAAGA,1360
GGAGTCGCTGAACAAT,1360
TCGTCTACCCTCTTCA,1360
ACGCATACCGATGTCT,1359
AGGAGCTTCCTATTAC,1359
CTATTTGTAGAAATGA,1359
GCGTCCAATCCCCTAC,1359
GGTCGCAATTTCCCTG,1359
TCGATGCGAAGAAAAC,1359
TCGCTAAAAAAACATT,1359
AGTAAGATTAAAGACA,1358
TTCAAGGTTTAAAACA,1358
ACATAATTCTGGCTAA,1357
AGATAGGGCTTAAACC,1357
CTATCGTGCGACAAGA,1356
GATGTGCACTCCCGGA,1356
CTGGAGCACTCTCAGT,1355
GAACACTAAGACAACT,1355
GTAATCAGTGTAAAAA,1355
TGATTACCGAAGCTGC,1355
AGTTTTATATATAATA,1354
CCCTTAGTACCTGCCG,1354
CTTTACTAGATACGAC,1354
GTAAATAATTACCAGA,1354
GTTAACAAAACCACAA,1354
AGATTGGTGCCTTGTT,1353
TAGCCAATGCAAGCTA,1353
TCCAAATCGGAATGTC,1353
ACAACATAGTAATATA,1352
CCTCGTGTGTCTACTT,1352
CGACACGAACACAGGA,1352
CGTACGTCAACTAACA,1352
CTGGCTACGAGGTCCC,1352
GTAGATACAAAAGACA,1352
ACTAGATTAGTACAAC,1351
CAATATTCAATCAAGG,1351
CTTGTGGGAAATAATA,1351
TACTTAAGGTCTGACA,1351
AACTTTGCCCATGATA,1350
AGTGATAATAGTAGTA,1350
TAAACATATGTGAACG,1350
ATTTGAGTGAATAAAA,1349
CAATGAGATCTACCCA,1349
TAGCAGTCTGCCGCAT,1349
TTAAAAGAGAAAATTA,1349
TTCAAACAACCACTAC,1349
AAAATTGTCTTGGACC,1348
CCGCCATTAAGAGATA,1348
GACCGACCTACAGACG,1348
TCTCAATATATTGAAA,1348
TGGATCCCAGAACCAA,1348
TTTACTTTTCTCTCAG,1348
AAGTACGTTTGCACGG,1347
ACAAAAACCGCCGTGT,1347
AGGTGTTATGATATAC,1347
TAAGGTCTAATTAAAT,1347
TTCTCAAGTACTCACC,1347
ACCCAGAGCTTTTAAT,1346
AGTGGAAGCCTACCAC,1346
ATAGCCTGCGGAAAAT,1346
CTTCCTACACAAATTG,1346
TATTCGAAAGCCGCTT,1346
AAATAGATAGAAACAC,1345
AGGAATCTTAAACGAT,1345
GATGAACCGAAGCCAA,1345
TAATCATCCTAAAAAT,1345
ACGTCTGTCAACTAAG,1344
AGACCTAGTTGAAAAT,1344
GGCTAACTGCACGTCC,1344
GCGAGCCACATTCCTA,1343
TAAGTCATACTTACAC,1343
CCGAAGTGCTACAAAA,1342
GGTCATACACAAATAG,1342
AGGAACAGGTCTCCAC,1341
CCCGACAGCCCACGGG,1341
CTATGTTAGTTTAGGT,1341
GTGCCCGGTGAGACCT,1341
TTTTAATGTGATCTCT,1341
AACCTACGTGCAAAGA,1340
ACGACCTTACTCGGCA,1340
GCGTATTCATATAACC,1340
TCGTCCATCAGTTTGG,1340
TGAAACATTGTAATGC,1340
AACGTTGGATAGATGG,1339
ACTTACCGGTGAATAC,1339
ATCGAAATCTTACAAC,1339
CCAAACCGGTAGGCGC,1339
TTTACGAGAAGAAGTC,1339
CTAAATCGGCTTCACC,1338
GGAAACGCACTACATG,1338
TCAGTCCATAAACCTA,1338
AAAATTTCATTTAAAC,1337
AACCCACAAATAGTCA,1337
ATCACACATCGGGCGC,1337
CAGTACTAACGCAACC,1337
TACTCCAGAAACACCC,1337
TTTGTCTACCTTAAAC,1337
ATTCTAAAAACGAGAC,1336
CCGGAGCGCTGCTAAA,1336
CCTGCATGACCATTCA,1336
CTACATGAAGCCCTAT,1336
GACAATTTAATAAATC,1336
TAATAGTCAGATCATA,1336
ACACGTTAAAAACACC,1335
AGGAAACACGAAAGGA,1335
ATGTGACCCTACAAGC,1334
CTATCATCATCTGAGA,1334
GTCTGGTACGTTAGGA,1334
TACCGGTACATACTAA,1334
TATGATTTCAAGCGCA,1334
ACCAAGGCCTCATCGA,1333
AAAGGACATTGGAGAT,1332
AACTGGATACCTATAT,1332
ACCATGAATTTATTAC,1332
CAGGTACTAGCAAAAA,1332
CTAGCTGAACCAATAG,1332
CTTAAACAAAAAAATT,1332
ACCTATTAACTTAAAG,1331
ACCTGTCTGAATCATC,1331
GATACACATACGTCAC,1331
GGATAACACATATCGA,1331
TATAAATACCACTCGC,1331
TGAAAGAGCAAAAGTT,1331
TAGCCCTAACAGTACG,1330
TTGAGAGAGTCTACAA,1330
CCAGCTATATACGGCC,1329
GGGTAAAAGTCTAACA,1329
TTATAACTAGTTCACA,1329
ATAAGTCTACACACAT,1328
CAACTGTGCGAACGCA,1328
TCTACAAGAAGAATAA,1328
ATATCATCGAAAAAAA,1327
GTATCGTAAAGTATTC,1327
TTACCCCGCTCTGAGA,1327
TTCAATAATAATAGGA,1327
GAACGCCTTTACAAAG,1326
GTCACTTATGCAATGC,1326
TAATCTTTATCTCAAT,1326
TGCCACGTGGTCTCAT,1326
AAATGCTACATACCTA,1325
CCATGAGATGAATTTA,1325
CGGACGAAGAACTATT,1325
GCCAAGGTGCCGTATC,1325
GTATCCTGAAAGTCAC,1325
AAAATGATCGTAAAAC,1324
AGGAATCTCCCGATTA,1324
CTAATAAGCAATAGGA,1324
CTTTCTCCAGAGAGGA,1324
ACGAAGATGCGAAATA,1323
TAAGAATAATTTTCTC,1323
TGACCTGCCCGAATGT,1323
TGCCACACCTCAATTC,1323
TTAAGCAACGGTTATT,1323
AAACAGAATTGAAAAA,1322
AATCCTAACATAACAG,1322
CGGTAATACTAAAGAC,1322
TCTAAAAGCGCATTTG,1322
TGATCAAATAATTTGC,1322
AATAAATTATTTATCA,1321
AATATCGGGACTATTC,1321
CCTTAGTATCGAACAG,1321
GAAGTCTAAAAATATC,1321
GGCTAACGTCACTGAA,1321
GGTAGATCAACAACAT,1321
TATTAAAACCGTAAAA,1321
GTAGTAAGTATAACAT,1320
TCACCAAAGGGGAGGG,1320
AGTATACAGTTTTAAG,1319
ATTAAGACAATTCTAC,1319
CCGGCGCCCAACCCGT,1319
CCTCCGGACAATCAAT,1319
GGCCTGATCCCATAGA,1319
TAAAACAAACAGACGG,1319
TAGACCACTTGTAATC,1319
TCTCAGCGAGACAATC,1319
TTCTCGCCCCCGGCAC,1319
TTTCCCATGTAACTTT,1319
ATAAATCCAACCTTGG,1318
CATCCTTCAATGGAAA,1318
CCAACAGAACTTGGTC,1318
GGAGAACGGCATGGAC,1318
TCTAACTCAAAAGCAA,1318
AAAACCCTACCCGTTT,1317
AATTAGCTTAACTAAG,1317
ACACCAATAGAAGATC,1317
TACATATGGGGCCCTT,1317
AGACACTAAATATTAT,1316
CCAACGTTTAATAACT,1316
GGACTTATTGATGTCT,1316
TTAACATGAAAGTATA,1316
AGTCTAAAACGTAATT,1315
CAAGAATATAAAGAGC,1315
AAGATTCAACTCCTAG,1314
AGATGTAAGAAAAAAA,1314
AGGCACGCCAGCCTAT,1314
TAATGAGATACTGAGT,1314
AACACAGAGCCCCCGC,1313
ACACAAGTAACTAGCT,1313
GACTTAGCGAAGATAA,1313
TACAAAGCTTTTAACC,1313
TTATGCATCTGGACCG,1313
AGCCTTCCCGGCGATC,1312
AAAAGGACAAAATACA,1311
AACATATGAGAAGAAA,1311
AACGCCATAATACAGG,1311
AAGTTAAGATCCTGAG,1311
AATAAAATAAAGATAA,1311
ACTGGCAAAGAGCGCA,1311
ATACATCTACTTGGCG,1311
GCAGCATATCCTCAAA,1311
TACAAACTACAAAGTA,1311
AAGTTGACCTAACTTT,1310
AGATGCATTATTGCTC,1310
CAAAGAACCCGATGTT,1310
CTCTATGTCCTACGCT,1310
GGAATGACGACAAAAC,1310
AACAGAAGTCGACGTT,1309
ATCCGCTACCGAAGCT,1309
CCCCCTCCATTGAAAA,1309
TACGTAACGAGAAACA,1309
TCAGAGGATTGAATTG,1309
CAGTAACAATAATATA,1308
AACACCGTAACTAAGA,1307
AACCACCTGCGTAAAA,1307
ACCTTTAGGACAAAGC,1307
ACGCACTATTAGATCC,1307
AGTGACATAGTCCCTA,1307
GCAGTTATACGCCTAT,1307
TACATAAACTAGGCGT,1307
TCACTCTTCCAAAATT,1307
ACGATAAGCCAGACCG,1306
GGGACGGAATTAGAAC,1306
TAATGAATTAGCCGAA,1306
TACTTAATATATAAAT,1306
TAGCGTGCATACATAT,1306
TTGAGAAACTACGGCA,1306
ACAGTGCAATATGATA,1305
CCACGGAATGTATAAA,1305
CTCCTAGACCTTTAAA,1305
TAAACCGTAAAGAAGG,1305
TCAATGCCACACTGTT,1305
AAAGCCGTTACGGAGT,1304
CTAACGATCTAGATCT,1304
TATCTCGCCCCGTACA,1304
TATGGCTTAAACACCA,1304
CCAGCGCTAAGAGTAG,1303
GACATTTCAAGGAACA,1303
TGAATCAAAAAAAGGT,1303
TGAGAAATCTTCAAAC,1303
AACCATTCACTGCGAT,1302
AAGACGAACTGTACTT,1302
GAGCCAAGCCTGATTA,1302
AAACCGTACCCGCAGA,1301
CCTCCGCAACTACGGC,1301
CGAAGTAGGCATGGTT,1301
TGACACCTAATCCGAA,1301
ACCTTGAGAACCAAAT,1300
CAACGGTCTCACTATC,1300
CGGAATATCCGTAAAC,1300
TTTGGATGATGTACAA,1300
ATAGACATAGTAAAGA,1299
ATATTACGTGAACCAG,1299
ATCAATATTGACTAAA,1299
TCAGGTACAAATGTAA,1299
TTTCGTTAACAGGACT,1299
ACGTTAAAAGTTCTCC,1298
AGAGTCCCAGGGACAA,1298
CAAGTCTCACATAGAG,1298
GGTAGTACTTGCTCTG,1298
TGTTGCTACCTATACA,1298
AAGTACCACTGAAAAA,1297
ACCGTCGATGGTAAAT,1297
CCCCAGATAACCTTAC,1297
CTCGTTATATCACAAA,1297
TAAAAGGGCTACTCCG,1297
TGAACACACAAACAAG,1297
ATATTATCCTCGTCGG,1296
CAACTTCAAGATTGGT,1296
GGATGCTACGATGTGA,1296
TCCGCAAATCTCTACC,1296
TTAACCCGCGAATTAA,1296
TTAGATTATCTGAATG,1296
TTGCAGAGGCATAAAA,1296
AAGAATAATATTTCTT,1295
ATGAATACGAGATTAC,1295
CAAATCAGGTAACACT,1295
CCTTCACGGAATGCAG,1295
AATCAGCTAGTCGTCC,1294
ATCAGGACTAAAATCA,1294
CAAGGTAGTCGTCGAT,1294
CTCCATTCTGAAATAA,1294
TCAAATAGGAAAAGGT,1294
TCCACCATCAACCATG,1294
AAAAGAGGAACCATGT,1293
ACCGAAAAATGATCCA,1293
ATAAAAGTCATGCCAG,1293
CAAGATTCGCCGGGAG,1293
CTAAACAGAAAAGAAT,1293
GCTACCTAAATTCGAA,1293
TGACAATTGTATGGAG,1293
ACACCTCAGACACTTA,1292
ACCGACACTAAATAGA,1292
ACTACTCCTGAGCCAG,1292
CGGTTGAGAATATGTT,1292
TCGTTAATGATTTTGT,1292
AGCGTCCATTAGCTTA,1291
ATCCTGTTTGAATAGG,1291
CCTTAAGATTTAGACC,1291
TAAAGAACGAAGAGCA,1291
TAATTTAACGCAGAAT,1291
TACGATATAGCTTGTA,1291
TTCAAGTTCAAGAAAA,1291
CAAAGACCACGATCCA,1290
CGCCCAAAGCAATGCG,1290
GATCGAAAGTTTATAA,1290
TATCTAACACTACTGG,1290
AGAATTGAGCTTGTAG,1289
CACTAAGCATTTATCT,1289
CCTTATAATTCAATTG,1289
CTGTACTTGCTAATTC,1289
TTAAGGCTTATCCCCT,1289
TTATCTCTCTATAAGT,1289
CATCGAGTCAGTAACG,1288
CCTTGCAAGGTTCGCG,1288
GATAATAGTAATACAT,1288
GATCATCACGACAATG,1288
GGAGGAAACCACTAAA,1288
TCGTTCTACACGTTTC,1288
ATCACGTTTAATTAAG,1287
ATTTAAATAGTATAAC,1287
CACTAATATATACAAG,1287
ACTAGTTCTACCCGGA,1286
AGCAGATTACGTTAGT,1286
CATAGAGGACTGACAG,1286
GGGCACTTGTGAGCTT,1286
TACCGAGGTTAATCAT,1286
ACCTTTCATATAGCAA,1285
AGCCCCCGTAACTTCA,1285
ATGAGCCAATAAGTTA,1285
GAAGATGTCTTGACAC,1285
GCGTCCTCAGAATACA,1285
TAAAACTGGCCTTAGA,1285
TGGTGGATCCACCACC,1285
TTGTATTTAAACAGCA,1285
TTTTTTAACCTAACTG,1285
ATTCTAGAAAACCAAA,1284
CCTACCAACATGAAAG,1284
GAAAATTTTGAGGCTG,1284
GTACAACAAAATGGGA,1284
TCCACTAATTACAAAC,1284
TTATGAAATGTTATTG,1284
ATAGGAATAGTTAATA,1283
TAGATCAATGCTAACC,1283
TTTTAATCAAAAAGCC,1283
ACATAAAACCCGATGT,1282
CAACAATCGATCAAAT,1282
CCGGCTACTCCTAGAA,1282
AAATCATCCCCACAAC,1281
ATACTCTGAAGAGACC,1281
CCAAAGTTAGTGAATT,1281
CCCAAATAATTGAGCG,1281
CGATGAGCCAAAAATC,1281
GCTCGTAATACTCGGT,1281
TAAATGATGAAACATG,1281
TAAGCACTAATTCCTC,1281
TGCTTCTTCGAGCTAA,1281
CTAAAACCCATTTCGT,1280
TAAATATTATCTATGA,1280
CAGCAAGATTTTAACC,1279
GGATTTACTTAGCGCT,1279
ATTACTGAGAACTTAA,1278
GCGTTTTGCGACATAC,1278
ATAGACATGTTAGATA,1277
CATACGTTAATCGCAA,1277
CTAAAAACGATGCGCT,1277
GAAAACCCTCTGAGAC,1277
TTACTGCGAATTAGAC,1277
ATTGTCTCTGCTCTTA,1276
CCCCCTGCAAATAGCC,1276
ACCAAGATAGAGTACG,1275
ATGACATAGAAAAAAT,1275
ATGCGGTAATAATGGC,1275
CGTCTGTTTTAACTCT,1275
TGCTTATCTGCCTTAT,1275
AAAAGTGGCTTAAAAG,1274
CATGCAAAAAAATCTG,1274
CTAGCGTATGAGTACT,1274
TACTACCTAGATCTTT,1274
TTAGTGCAATCTCAAT,1274
AAAAGAGCAACTTGAT,1273
AGGACCAGGAAAATTT,1273
ATCTCTTTATTTGTAT,1273
GCTATCATACTTACTC,1273
GCTCGATCCCTACAGA,1273
TGAAGGAGACTAAAGA,1273
ATAGAGCACTATGAAT,1272
CACTAAGTAAAATTAC,1272
GTATTGAGCCCACATT,1272
TATGCACATTTCATTG,1272
GATTATCATAGTAACC,1271
GTATTTTAAAAGAATT,1271
GTGGGACATGAGTCCT,1271
TAACAAAAATTGCCAG,1271
TAGCAATGGAAAAGAC,1271
TATTTAGAACTCACCT,1271
AACCCACCTAACTAAC,1270
CGTAACGACGTAACCT,1269
CTACGGAACAAATTAA,1269
GACTAGCATGACCACC,1269
TCGGAATATCAGATAT,1269
CAGTAGTGTATAATTC,1268
CATTATTCTCACGCTG,1268
ATATGGATTAGTGATA,1267
TAGCCGATAATCCACA,1267
TCATATGCCAAAAGAA,1267
TTTCATGTTTTTAACG,1267
AAGAATTTCACAAACA,1265
ATACGATCAAGCTCCC,1265
CACAACCTATCTACTA,1265
CCATTTAACCAAACAT,1265
CTGAAAAATATGAGCA,1265
GGGGTGAAACGAGGAC,1265
CGGGGTCAGACGTCAA,1264
GAGTAACAGTAGATAA,1264
TATGCAACTGCTCTCA,1264
TGTTGAATGGGCATGA,1264
ACATCAAAAGATCTAT,1263
GAGCCAACAGGACAAA,1263
GTCCAACTTTACACAG,1263
GTGGAAACCCGGAAAG,1263
TACTTCCACTACCTAA,1263
TTTCATTTATCTAAAG,1263
AACAATAAAAGCAACC,1262
AATCTCTTATCTATGA,1262
ATCAGGGTGAGATACA,1262
CTAGCCAATAGTGGAA,1262
CTGGTTATCACCCTGT,1262
GAAGTCCTGTTTGACT,1262
AAATTTCGAACCCTGC,1261
AAGCTGGGTAAGACCG,1261
AGCGACAAATACAGGC,1261
AGTTGATGATAGCACC,1261
CCCATGAACGGTAACA,1260
CCTGCTCAAGTGAACA,1260
TATCGATATTTATACT,1260
TGAAGTGTCGAAAAAA,1260
AACCTAGAAACCGAAC,1259
ACAGATAAGTCTGGTA,1259
ATTGTGGTTATGGTCA,1259
TGTCAATCTTCTGGTG,1259
TTAAGATTACATTGTA,1259
AAGAAATGACGAAGGT,1258
ACCGACCTTTAATATG,1258
AGCCACCGTACACCCG,1258
TTGTAGCGGATCCTTA,1258
AATTGGCAAACGTTTA,1257
CTAGAAAATATAAGCA,1257
GCTAAGAGGTCACAAC,1257
GGGGGCCTGCGTTCTA,1257
TTGATACCGCTGTACG,1257
TTGATTTGCCACCATG,1257
AAATGATTTAAGACAT,1256
CCGATACACAGGCCCC,1256
GACTTAGAAGTGTAAA,1256
ATTTTATTTCACATAG,1255
ATTTTGCAACTAACTA,1255
CACCCCAGCGATACAC,1255
GTCTAAATGCGAAGTA,1255
GTTCCAACATTACCTG,1255
TAAGCTAGACCTCATA,1255
TGGATATCGCAAGATT,1255
ACGATAGGACGGTGCC,1254
ACGGATCAAGATACAT,1254
ATGCCTAGCTTGAGAG,1254
CGACAAGGCGACGCTG,1254
CGCCCAAATTAAACCC,1254
GTATTTACTCCTCAAT,1254
TAATCTACAGCCCTCA,1254
TCTGACATTCCCTGCG,1254
TTCACGGCGATCTGGA,1254
TTGACCACAAGCAAAG,1254
AAGGATGAAAAAAATA,1253
ACTACACAAAAGAACC,1253
ATGAAACGACAAACAT,1253
CATAAGAGTATCACAC,1253
TTCATACTGGGTTCAA,1253
TTCTAAACTCTAAAAG,1253
AAAGAAGGCGGAACCA,1252
CCAGACTGAAGATAGT,1252
GAATTCTTACAAAAAT,1252
GCAGAGACTTAGATCT,1252
TTAAGCACAATCGGAT,1252
TTTTGAAGGAGCCATG,1252
AAGAATCCCTTGATGA,1251
ACATGATCGCCATTCC,1251
ATAGCGGTAAATGTCC,1251
CCCATACTCGCTTGGT,1251
GAGACATAGACCCTGT,1251
AGTGCTCATGTCAAGT,1250
CTTTATACACTAGCAC,1250
GGCATAGGAATCTGTT,1250
GTCTAAATTTCTAACA,1250
TGATGCCAATCATTGA,1250
GCAACCGGGAATACGG,1249
AGAGATGCAACCAGTC,1248
GGACCTCATCTACTCG,1248
TCAATGACCAACCGAC,1248
ACGGTAACCGTAAAAC,1247
TCTCACAAACGGCAAA,1247
AGATATATTGCGACTC,1246
CTGCGGAGTTGTGGTT,1246
GGCAGATAATAGACGT,1246
TAGACTAAGTATGACG,1246
TTGGCGGAGTTCTTGT,1246
ATTCAGTTTGAAGCCG,1245
CCATAGAGGGTATGAT,1245
AAATATTTTAAAATCA,1244
AGAGGCTTTACATCAT,1244
ATATACGAGACAATGA,1244
ATGAATACCCAAATTT,1244
TCAAGCGCGTGGAAAA,1244
ATCTCAATGTACAGAG,1243
CTACACGTAAAGCGTC,1243
TAAAAATTGAAGTGCT,1243
AACTTAGGGCACATTA,1242
AGAGAATTAATAAAAA,1242
CGTTACAGTCGAACAA,1242
TCTAGTGTTTCTAACC,1242
AACGATGTACTTGCCT,1241
AAGTGATATGATTATT,1241
CCATTATACATGAGTA,1241
CCCGAAGGTAAGATTA,1241
TACACAGACGCCCAGG,1241
CCCTCATGAATGTACG,1240
GACAATACAAGGAGTA,1240
GAGAGGCTCCCTTTCA,1240
TTACTCCATACTATTC,1240
TTTAGAACTCAACGCA,1240
AATATTCAAACACTTA,1239
CGAGCTAAATCTGTCA,1239
CGATGCAAAAGGGGGG,1239
GGTTATTACACTCACG,1239
GTGCAAAACTTTAAAA,1239
TCCGTCGAACGACCGA,1239
TGCAGCAAAACAAACC,1239
AGCTAAACGATCAAAA,1238
CTACACAAGTACAGTT,1238
GTATTCTGGTCCCAGA,1238
TGAGTGCCAGCAAACT,1238
AAATCGGCTTCTACCA,1237
ATATATATCGTGCTTC,1237
ATATCTGACAAGAACT,1237
CCAAATAGAGTCCAAT,1237
GCGCAGGTGCGATCCC,1237
GGCCAATCGATTCGAT,1237
GTAACACACCAAATAA,1237
TAAGAAATTTTATAAT,1237
TCATTAAACCACGGAC,1237
CCTCTATGAGTGTATA,1236
AAGCCTAGGAATGCTA,1235
ACCACAATCTCTACCA,1235
ATCATACCGTTCTTAA,1235
CACCTAAATAATAAAC,1235
CATAATTGCCTGAAAT,1235
CCGTATGCACTATCCA,1235
TGACAAACGCTCATTC,1235
CCAATCCCTATAGATG,1234
CTAAAGCAGTGGTGAA,1234
GCAAAATGTGACTATT,1234
AAAAGTCCTTAATATT,1233
ATGTCACGATCGCGCG,1233
GGTGTTAAATGTAGTC,1233
TGTAAAAATTTTATTG,1233
ACACTTCAGTCAATAT,1232
ATGAAGAACATACAAT,1232
CAGAATAAGCAGGAAG,1232
CATGTCCGAACGAGCA,1232
GCCGAAAACCGGTCGT,1232
TAACGTCTCAGGCCAC,1232
AACACATAACATAATT,1231
ACCACAGAAATTCCAT,1231
ACCGAGCTCCGGGATT,1231
ACGGCCGACAGATTAA,1231
CATGACAATTCATGGA,1231
GGCCAGATAAACAAAA,1231
TACAACACGGATCCAG,1231
TAGCCTGGCATCAAGT,1231
AACAATAAAAAAAAGC,1230
ACCGGGCATTTTAAGC,1230
ATTAAGAAAAGGAGAA,1230
CAAAACGCTACCGACC,1230
AATATATAGGACGGAC,1229
ACCCCTCCCTCGTATT,1229
AGGAAGTGGACACCTT,1229
CAGCATAAACGAAGTA,1229
CCTTTCGTGATAGAGA,1229
CGAGGAGTAGTTAACT,1229
CTCAACGTTTCAGTAT,1229
TTAAACGCAGAGGTAA,1229
AACACCTGCCATAGTA,1228
ATGTGTGTTAGCCTTC,1228
CCATAAACCCTTATGA,1228
GAAATCCAGTCGATAC,1228
GACCTGTTAGTCTCAA,1228
GTACATGAAAAACTAA,1228
TACAAATGATTAAGGG,1228
TTCTAAGCCTATAAAT,1228
TTCTCGCACCAAAAAA,1228
GAAAGCCCAAGACTAG,1227
GAAATTAATAGAAATT,1227
GCCCTGTCGCCGTCAG,1227
ACAGTAAACCTGCCTA,1226
CAGCGATATCTCGAGT,1226
CGACGAGTATAACAAA,1226
GCGCTAGTAGCATGAT,1226
GTAATAATTGGAAACA,1226
AAACCGTAGAGACAAA,1225
CCTAGCTGCATTACTC,1225
GCTCCTTAACCGTCTA,1225
AACACAGCATAGAAGA,1224
GACGCTAGCATAGAGA,1224
GCGATAATCTGACAAG,1224
GTCAGGCAAGGTTCGA,1224
TACTTTTAGAAACACG,1224
TTAGCGCGAGGTCAAA,1224
ACACATTGACGGCTGA,1223
CCCTCCCTTCAAACTG,1223
CCGACAAATACCAATT,1223
TACCAAATCCACAGAA,1223
AGCGCATAATCATTAT,1222
AGGATAGTTCAATGAA,1222
CAATGAAAGCCTTTTC,1222
CACGACCAGGACGTTT,1222
TACTTAAAACTTGGGT,1222
TCTAAAACTCTCGTAT,1222
TCTTGCATAGGCGCGC,1222
TTAAGACAAAACACAT,1222
TTACAAAATCATCGTA,1222
ACCCTTCCCTCGTTCC,1221
AGGTTCCGCCCTCCGC,1221
ATCGAACATAACCCCA,1221
ATCTCTATACTCAAAT,1221
CTCTTAATTAGTCCCG,1221
AAGGTACTTGCTCCCA,1220
CTTGTTCTCCCTTTAT,1220
GATATCAATGATAATC,1220
TGAAAACACAACACTA,1220
TTCAAAAGTAGACGAT,1220
AAAGAGAACTAGCATG,1219
AATAGTTTGTTCAGAA,1219
ACGGAAATCGCTAATC,1219
AGCCACTTTAAAGAGT,1219
CACACGCAACTATAAA,1219
CAGTTTAACATCGATT,1219
CTCATCTGGTAAGAAC,1219
CTTCAAACGAACAATG,1219
GACTTACTTTGATAAT,1219
TAATACAGTATTAAGC,1219
TAGATTCCTCAGCACA,1219
AACAAAATAATTTCAA,1218
ACACATAAAGCTTGAT,1218
CACCAAAACATAAAAG,1218
CTACCCAAGCGAGAGA,1218
GCAAGCGCGCCCGATC,1218
ACCCGTACCGTCGCTG,1217
CCCACCCTCCCGGTAA,1217
GTGTATCCATCAATGG,1217
TACAGATGACCGAAAT,1217
ACCACTTTGCAGATTA,1216
ACTCAAGAAGCAAAAC,1216
CGCCCGTTCAGTATTA,1216
CGGTCCAAACACCGAG,1216
CTATACATTAGGCAAC,1216
CTTCGAACAGGATCCA,1216
GAGTTCTACACCTCGA,1216
TAAGCCCCTGGTCTCA,1216
TTGCAAACAAATCAGA,1216
AACTCTTTTTTAGAAA,1215
GAACCAGTGATAAGTT,1215
GAGCTCCGGAAACATG,1215
GCTAGTACAAATCAGT,1215
TCCTACAAAAATCCAA,1215
CAACGAATCGGGAGTT,1214
TAAAGCCAACGAAACG,1214
TGAAGGCCATTGTCAC,1214
TTAAATGCATAGCCCG,1214
AAAAGTGAATTCAGAG,1213
ATTCTACTCGAAGCTA,1213
CAAGAACCGGCCGAGA,1213
CACGAGGACTAGTCAC,1213
CGCCGGGGCATTAGAT,1213
CTCGTGACCAAAGAAA,1213
GAAGGCGTTGATTAGG,1213
AAATGACAGGGTGATA,1212
AAGACTAAAATATACA,1212
ACTACACGAAACAGGC,1212
GAAGTGACAGGCCACC,1212
GATCAACCTACACAAT,1212
GCTCGATCGAAGACAT,1212
TAATCAATAATCGCAA,1212
TAATGAGAAAGCAACC,1212
TTACGGTTATTTCTAC,1212
TTTGGACACATCCTCT,1212
AAAAGGATTACTGAAC,1211
AAACTAACCAAACGAT,1211
AGATAAGAAACCACCA,1211
CGAATTTTGCATGTTC,1211
TAATCTTGCACAACAC,1211
TATAAGGATTCTGCCA,1211
AACTACTTACAGCCAT,1210
AATGGAATCCTGTATT,1210
ACGTATGGCAAAATTA,1210
CCAGACGCGAACAGAA,1210
GCCGCAGGGATATTTG,1210
TATACCTCTACCGAGG,1210
ATCTAGCTCGATCATT,1209
TGATAAAATGCGGAAT,1209
TTCTGCATGTATTTTA,1209
AATTACACAATTTAAT,1208
AGCGAAAAAAGCTCAA,1208
ATTTTCCAACACTATC,1208
CACAAGGGTTTAGGCT,1208
GACCTGGCTAACCGAA,1208
TATTGTGATAGTAAGA,1208
TGTAAAGCCTACTAAC,1208
TTGACCTTGTAAGCTG,1208
AAATAAACCTAGAATC,1207
CAGGAAAGATGTAGTG,1207
CATTAGGGTAAGCCTA,1207
TGATATATTGACACGA,1207
AGTTACATATGAAACA,1206
CTAATGGAGTACTGTG,1206
TGTATACACATAAGAA,1206
TTCCTCCCAATGTATA,1206
CAACAGCTGTTAAGCG,1205
CCGTAGCTAAAATTAG,1205
GGTTGTACAAATAGGC,1205
TCCACTACAGACATTA,1205
AGCAACAAACAGTATA,1204
GCCTACTTAAAGCCCA,1204
GTCAACAAAAGTAGCT,1204
TAACGAACATTAAGTT,1204
TAATCAATAATGGTAC,1204
TCTCCATATGTGGCAA,1204
ACACCAAAGAATTTGC,1203
ACTCCTGAATGATTAC,1203
CAGGGAGAACAACGTA,1203
CTAACATTACATCTCT,1203
GATGGAAAAATGGTAT,1203
GATTTAGTCTTCAACC,1203
TCAGCACCATAAAAAA,1203
TCTCTGAGCCCAGAGC,1203
AACAACAAAACAGTTG,1202
AACGTACATAGCATGT,1202
AGGCATGATGGTAATT,1202
CGAAAACCCTAATCCG,1202
GTGAGTTACTCTCCCA,1202
CGAGTTATGTACCCGC,1201
TAAGGACACGTATCCC,1201
AATCAAGCCCCTAAGG,1200
ACAGGAATCTTTGACC,1200
GAAAGTATAATTTCCA,1200
GTCCAGCCACAATAAT,1200
AAAAAGAAAGACTACA,1199
TAAAAAAAAAACATTT,1199
ACATGGATTCTCTTAA,1198
AGTTCTTTCAAGGAAT,1198
CTTACCACTGAAGACC,1198
GAAGATAGCATGCGGG,1198
GGATTCCTTACCTCTA,1198
TAGTAGGCCGCCCTTA,1198
TGGTTCTAGAACTTAA,1198
TTATAACAGAGGACAA,1198
TTGGCCCCCAGACCTG,1198
TTTGTAAAGTCTACCA,1198
AACTAAAGTGACTAAA,1197
ACTGGTCATGTATTAT,1197
ATAACTTCGCGGTTAC,1197
ATAGAAGGGACACTCT,1197
CATGCCCCGTAAATTA,1197
CGAAAAACGAGCCCGT,1197
GAGGCTGACAAAAAAC,1197
GTTATATAAGACAATA,1197
TGGCGGTACTAATCAA,1197
AAAAATACTGAAAGAA,1196
AAGATGATGGAAGAAC,1196
AAGTGCTAGACATAAC,1196
AGGCGCCCTATAACTT,1196
ATCAGAGAAGTACGAA,1196
ATCATCGAAGATGTAG,1196
ATCCGAAAACACGGAG,1196
GATTTAGAAGAGACCT,1196
TAAAAACTGTACCCGA,1196
TTCCGAGATTTAAAGG,1196
AAACCAGTAAACCAAA,1195
ATCACACAAAAGTAAT,1195
CAAACCCGAGAGACTT,1195
CAACAACTTAAACAAA,1195
CAGGCAATACAGCGGA,1195
CGTACTTATAAATCCA,1195
GCCTCTAGTTTTGTAA,1195
TTAATATACACAAGTA,1195
AGAAAATTCGACACAA,1194
GACATCGAGTACTCTA,1194
AACAATACTGACTGAC,1193
AGAGGCCCCTAATCTT,1193
GACTAATTATTAGCAA,1193
TTAGAACAGCACACAA,1193
TTCAATATTACCCCGC,1193
GCCGCCGCAATTGCGA,1192
AAGTTATCGCGATAAT,1191
AATTCAATAGAAATGC,1191
ACATGGGTTTAAACAC,1191
ATAAATGAAGACAATC,1191
ATGCCCACTCAATCAA,1191
CAACCCGAGGTAGGAT,1191
CAAGTCAGCCTTGACG,1191
CGAGTACACTGGGATT,1191
CGGATTATACCAGCTA,1191
CTGTAGGACCATTTAA,1191
GACCAAACTACTTAAT,1191
GATTAATGAAACACTA,1191
CGATATAAACAAAATG,1190
CGGTTCGACCTAATTT,1190
CGTTAGAGGGAACTAG,1190
TGATCGGCGTATAAAG,1190
GACGTATGTTGGATAA,1189
GAGCCATGATAATTCT,1189
GATTTAGCACACCTAC,1189
GTTTACAATGATAATA,1189
ATGTGAAATTCACAAC,1188
ATGTCATCTAATCCCT,1187
CAAATCTAGTAAAATC,1187
CTCCCGAGTAGGCCTT,1187
ACATGGCTTTACCACA,1186
CGACTTTCTTCTTTAT,1186
CGTTCCTAAATCAAAA,1186
TGAAGGGGTAGAAATG,1186
TGCAGCCAAGGCTATC,1186
AAAGCTGGCCTTACAA,1185
ACAGAATAAAGTGGAT,1185
ATCAAGTATGAAAGAA,1185
GAAAACCCTTGGCGAG,1185
TCTCAAAACCTATGAT,1185
AAAAATCCCGGGCGTC,1184
AGATAAGGCTTCTCCG,1184
CACCGCCAAAAGGTCT,1184
GGCCTCCAAAGTATCA,1184
GTTTTGATCAATGTTC,1184
TACGAAGAAACCCACG,1184
TAGAAACTGAAGCAAT,1184
TTGCAAAGGCCCGTTA,1184
CACATCAGTAGCCGTA,1183
GGAAAATAGCTTTTAC,1183
ACCTGGAGATATTAAT,1182
AGCGAACCCGTAAGGA,1182
ATGCAGCATAGGGGTC,1182
TACGACTCACGTACCA,1182
TACTTTCATTATATTA,1182
AGTCGCCCTCGAACAA,1181
ATAAAAAAGGTTTCAC,1181
GCCCCCTCACCGACAG,1181
TCAGATGGTAACTACA,1181
TTCTCCACTGACCAAC,1181
ATAAATTAATTCATCG,1180
CACTGTCCCTACGGGA,1180
TAAACCCTAACAAAGG,1180
TATAAACTAAATACCA,1180
TGAATCTGAAATAAGA,1180
ATCATTGTTACTATTC,1179
GAGCCGGGAGCTTCTG,1179
GATTGCACCCTGCGTG,1179
GGCCAGACGATTAGGG,1179
GTATAAGAATAACAGA,1179
ATAGATGAGCAGAATA,1178
ATGGAATGAAAAACAA,1178
GAAATGATCACTTTTG,1178
TCAAGATTATAGAACG,1178
TCTTAAACGAAAATAA,1178
AATGTCGTAATTGTCA,1177
ACCGTATCCATTGACT,1177
CTCATTAACAACTTAA,1177
CTCGTATGTACCAGCC,1177
GACCCGTAGACAAATA,1177
GATTAACCATGGAATT,1177
GTGAGTCCGGATACTC,1177
TATCCCCATGGTTAAT,1177
AACACAACTTCCCATT,1176
AGCCATCCTAAGATGT,1176
ATCGATCTCCTAACTC,1176
CAAGTTCATAACGGCC,1176
TAAAGGATTGAGCACG,1176
TTAGTTTATTTTAAGA,1176
ATGCACCTAGGGCTAG,1175
GTGCCCGCTGCAAGTG,1175
TAGTCAAGAGATCTAC,1175
TGCGCTAAGAACCGCG,1175
AATTTGGGTAACTAAT,1174
GGAACCACGCTAGCCA,1174
GTTTACCGAGATGAAA,1174
CAGATCAAGCACTCTC,1173
GTGAATATAGTATCAA,1173
AGTGGGCTAACAGTCA,1172
GATAAAACAAAGGCAA,1172
GATAACTATATGCCAA,1172
TGAGCTTGATTTGAAT,1172
ACAAGTTTATAGTTAA,1171
CCATACGAACACACGA,1171
CGCAGCAACATATAAG,1171
GAACTCAAGAGGAGTG,1171
GTAACCGAAGCGCGAA,1171
TACTTCATAATCTAAT,1171
TAGCCCAGGCAAGCCG,1171
ACAACGATCAGAGAAC,1170
ATATCACGTAAAATCC,1170
ATTCTATACTTTTGGC,1170
TTAAGATCCTGTAGTA,1170
TTCCCGCATTCATCAA,1170
AACCCGCATGATCCAC,1169
AAGAAACACGTCATCC,1169
ACAGGTCCAGAAAGTG,1169
CATAGACCATTATTTA,1169
CGAATTCTAAGCTTAC,1169
GAATAGTTTGACCGGA,1169
GCTAACAAAGCCCGTA,1169
TTATGACATGAACGTA,1169
AAAAAGTCATGTGGCT,1168
AACACTTTGTCCAGTC,1168
ACGGCCCTGCAAGTAT,1168
TCTCACTGAGTATTAA,1168
TGGGCTAGTTAACAAT,1168
AGAACGCGGAGAATCA,1167
CAATACGAACCAGACA,1167
CTCAAGGTGACCATAA,1167
GAAGAAGGAAATAAAA,1167
GAATTTGCTTATACAC,1167
GATGATGTAAATCCGT,1167
TAAAGGCCATCTGCCT,1167
TAATCCCACAACCTCC,1167
TCGCGTTATTACCGTT,1167
CAGCGCAATAAAAACT,1166
TGGCGACTAGAAACAA,1166
TTTACTTCAAATTAAG,1166
AAAGAGACCAACATTA,1165
ATAAGAGCACGACACT,1165
CATGAAAAGGGATCTG,1165
CATGAATAAGAAACAA,1165
CGTTACAGGTTTGCAT,1165
CTTGACGAAATTACGA,1165
GCATCAGGTGTGAAAA,1165
GCCATTACCCCAATGA,1165
TATAGCTATTACGTCC,1165
CTCCGTCATTAAGTGT,1164
GACACCGATACAGGAT,1164
TTTTGAAAGCTTTTGA,1164
CAAATTTTAAAACGGA,1163
CCCAGCCATAAAACCA,1163
GTAAAACTAGAATATT,1163
GTGTCAAAAAACGATA,1163
AATGGAGGCCTCCACT,1162
ACTAGCTTTAATGTAA,1162
CATTTAAACTATATTC,1162
CTATCCCAAACCGAAA,1162
TATCCTTCCATTGGAA,1162
TTACAGGACGCACTAA,1162
AAACAAGTAAGCCAAC,1161
AATATGACAAGAAAAC,1161
AGATAAATGGTATAAT,1161
CAGCACTACTCGATGG,1161
CATAACATTATTTTTT,1161
CCCGATAACGTAACTG,1161
GATAGGTCTAACAACT,1161
GATTCTAAACACCAAC,1161
GTACGCCAAAAAGAAC,1161
TAATACACAGACATCA,1161
ATCACCCCGTGGAGAC,1160
CACAACAACTGCTATG,1160
CCCGCGATGCCTATAA,1160
GAGAATTACACTGGGT,1159
GCGTCGGAGTCATCAC,1159
GGTACAACCGATCACC,1159
TACACTCCTCATATTC,1159
AAATATCCTCGAATTA,1158
AACCAGAACGCAACTC,1158
AATTCCAGAATCTCAT,1158
ACATGCTAGGTGAAAC,1158
AGAGGCAACGATGATG,1158
GCACTATTAGGTTACG,1158
GCCGAGAGGCAGTCTC,1158
TGCAATCTGTGCTATA,1158
CAAAAAAGCGGGATCG,1157
CCTAACTAAGCACCCG,1157
GAGAAGCAATGGAATA,1157
TAATACATCTTAAAAC,1157
AAAACCTGCCAAAAAA,1156
ACCCAAACACGATAAT,1156
ACCTTGAAAACCGTTC,1156
AGGATATGATATAATC,1156
GCATGTGCAACACACC,1156
GGCTTTCTATCTTCAG,1156
TGAGTTTTCGAAGTAA,1156
TGTACCAAAGATACGC,1156
AGGTCGCGTTAGCAGA,1155
TACTAAATAGTAGAAA,1155
TCCCAGTTGACCACAA,1155
TTCTCTCGAATGTACC,1155
AAACACCCTTGGTTTG,1154
AGCTCGTCTAAGAAGA,1154
AGGACGTACTGACCTT,1154
ATCTTAAAGATAAGCA,1154
CGAATAGACGAGACTA,1154
TTTGATCCCTTTACCA,1154
AATAAAAACAAGACAG,1153
GCCGCCGAACTGGTCA,1153
TTACAAAAGCCCTGAA,1153
AAACTTGAATTTACCT,1152
AAAGCAAATTCTTCAT,1152
CAACACAAAAATTGAA,1152
CCTTACATATACATCA,1152
CCTTCTATTATCACAG,1152
GACAAACCGAATCAAA,1152
TAATAGATATCCTACA,1152
TAGCATCTGTTTCTAA,1152
AGAATGAACAAGAAAC,1151
AGACATAACATACAAA,1151
ATAGGCCCAATATCCT,1151
CAATAGCAACAAATCC,1151
CTAAGAATGATCCCAT,1151
CTGCTCACTTATTACA,1151
GAAGAACACATGTACA,1151
GCTACATACAAACCGC,1151
GTTCAGTGCATAGCAC,1151
TAATGACCCAATCGTT,1151
TAGATACATATTCCTC,1151
TAGATGAATCAAATGA,1151
AATAAAATAAACTACC,1150
CATGACGCTTGTGGTA,1150
CGTGAAAAACCCGCCT,1150
TACCGGGCTTGAATGG,1150
TACTCTGACGCAACGT,1150
TGCTACTACTAGGTAG,1150
CAGAGAGCGCCGAAGC,1149
CATCAATGCCACTATA,1149
CGAACACCTTAATCCG,1149
TCACTATCAGCGGCGG,1149
AAAAAGAAGTACTATC,1148
ATAAAAAGCTTGATAT,1148
CCGGGACCCCCGCCAT,1148
GAATCGTCTAACTACG,1148
GACTGGGCGCTACGTT,1148
TTCAGTCTACTAATAT,1148
AGAGTGAACTTCGACA,1147
AGTAACAAATAATCGA,1147
ATCAGCTTATATCTGC,1147
CGTAACGCCATTCCTG,1147
GGCTGTAACAAGCGTT,1147
GTGTTCCCCCAGTTTT,1147
TTTCTTTCTGAGACAC,1147
AATTTCAAACCTTTAC,1146
ACCGATTGGAACACTA,1146
AGATATGGTGATAATT,1146
AGTGACGATAAAAAAC,1146
CAAGACGTTGTTTTCC,1146
CATTCAGTGAACGAAC,1146
CCCTTAAATGAATGTA,1146
CTAGCATGGTAGGACT,1146
CTTCGGTTTTACAAAT,1146
GAATATAATGAACCAG,1146
GTAAGTAGGATCTGGC,1146
GTAGCAATAACGCTGT,1146
TAATGACCCTAATCCA,1146
AACTAGTCTTATTCTG,1145
CCTACATGGTAGTGAC,1145
CTCTCACGTGGAATTT,1145
GAATGAAATACACTGA,1145
GGACGTGCCGGAAACC,1145
GTATATACACGCATCG,1145
TACAAGCCCTGGTCCA,1145
ACCAAACGTACAGAAT,1144
ACTTCTCGTGAATTGT,1144
ACATGAACATTCCTTC,1143
CCATGAGGTCCCAGAC,1143
GCCGTTTTACACGGCT,1143
GCCTTTGAGCTAAGCA,1143
ATCCTTAGTAAGAGAA,1142
ATTTAACCTCTTTTTG,1142
CGTTAACATGGTTGAA,1142
CTAAAGACTCTATGCA,1142
GGTCAAAGTAGCTGAA,1142
TAAATCATTATACACT,1142
TTAAAAACATAGTGCC,1142
AAACTCTACAACCCGA,1141
ATATTACAAACTCTAA,1141
GATGATAAACGGTACT,1141
TCAATATTTACCGTAA,1141
TCAATCCAAAACACTG,1141
TTAGGTTCAGGGTGAC,1141
ACTCGTAAGACAAATG,1140
AGATTAAACCGATATC,1140
GAACTCACCTGAATAT,1140
ACGCGGCAACCGGAAC,1139
ACGTATAGAGTATATC,1139
CCAAAACGCTGAAGTG,1139
CGACATTCATATCACC,1139
ATATCATTAGTACTAA,1138
ATGTCTAAGATGCAGC,1138
GTATCTGCGACAGGCT,1138
TGAAACGTCGAAATTG,1138
TTGGTGTCTGCAATAC,1138
AAAGGCTTATGATAGT,1137
AAATAATATTCGTGAG,1137
ATATACCTCCTAAGGT,1137
ATTAATTAACACCATT,1137
GATACTGCAATGATGA,1137
TAACCTCAAACTGGAA,1137
TTAGTCGATTCAGGAG,1137
AATGTGAATATCTAGT,1136
ATATAATGCCAGGAAT,1136
ATCGAAAAGATAAAGG,1136
CCCCCGGTAATGGGAT,1136
TACGGACTTCAACATG,1136
TGCATACACAAAACGC,1136
AATTAATTTTAAACTA,1135
ACATTCGTTAGGTTAA,1135
ATAAATTTTCCAACGA,1135
ATTAGATGAAAACAAA,1135
CCATATAAATAAGCGG,1135
GTAATAATCAAACAGT,1135
AATATGAACGTAAAGA,1134
AATTATGTAATAATGG,1134
GAAAAGAAAATGTATA,1134
GAACTAAAAACCATAA,1134
TAGAATTAAAATCCAC,1134
TTTAAACAGGATGCTT,1134
AGCACTCCATTAATTA,1133
ATAAGACTGTCCATAT,1133
ATGGGCACTGTAGGAA,1133
AGTTTTTGGTTCTTTG,1132
ATTTATTATTGTAGTA,1132
CATTCCCCCCCTTAAA,1132
CTCAAAACATCGAACA,1132
GGTAAAAACAATTAAG,1132
TCGTGCCGAGTTCGGT,1132
AATAAAAAATAGCCAT,1131
GAACTTTTGGATCTTG,1131
ATGTGGGGATATCTTA,1130
GATCTCAATTCTCTCG,1130
GATTATCTACCCCGTA,1130
GGAAATACGCGGGGCC,1130
TTAAACCCGATAACCG,1130
AATTAACAACTGGATA,1129
ATAAAAGTGTGATCCA,1129
ATACCATATCCATATC,1129
GAACCTTATGATGCTC,1129
GTTGGTCGAAGGGTGA,1129
TCAGCTGCCAGCTTTC,1129
AACCCTGGATAATAAG,1128
ATCAAGGATGAATACG,1128
TACACTAATGAGGCCC,1128
TTTCACGACACAGGTA,1128
AAAGAGAATGGGCTGT,1127
AAATGTGAGAACGCGA,1127
AATAATCGTTCGAGCA,1127
ACAACGAACCTTCTCA,1127
AGCCATTGGAATACGA,1127
CAAACGAAAGAAGGGC,1127
CACTAAAAGTATCAAC,1127
CACTATCCTAGTACTT,1127
CCTAAGCTTTCAGCTC,1127
CGATTAGAATGACCGA,1127
GCATCCGTCCACACCG,1127
GCCGACTCATAGTACA,1127
TGAGTAGACTGGCGAA,1127
ATGATTAAGGAGTACA,1126
CACAACAGGGCAGTTA,1126
GCTGCTTGTAAGAAGA,1126
ACCCCGATGGGCTTAT,1125
GAAAGTATGTTTTTCG,1125
GCGCATACGCATATCA,1125
TAAACTTTTTTACAAA,1125
TATCAACTGCGCCCAA,1125
TGTAAAACGTAGAAGT,1125
AAGAAATATCTTCATA,1124
ACAAAAAAAGACTAAA,1124
ACGGCTTTCTCAATTC,1124
AGGAGTTTATCGCCTT,1124
ATAAATCTTATGTAAG,1124
GTACGAAACAAAAACA,1124
GTCAGAGCTCCCCTCT,1124
TTGATCTAGGCTCAAA,1124
AATCATACTCGGGACT,1123
CAAATTCTAAAAATAA,1123
CGCGATAAAGGTAACA,1123
CTCGATACAAGATCTC,1123
GTTATGGACGTCTCCC,1123
TATTAAGGGACGTAAA,1123
TCCAACATTGCTTCTA,1123
TCGGTAAAGAAGACCT,1123
TGGAGTACAATTCTCA,1123
ACTAACACGTAATTCT,1122
GAAAAAAAAACCTAAG,1122
GCCTGCGTGTAACAAC,1122
GCTTCCTCCAACGATC,1122
TATGTAACGGCTGGTA,1122
TTATTTTAAGTTGAAC,1122
AGTTAATTAAAATTAT,1121
ATTTTCAAGCTTTTAT,1121
CCAACTTATATGAGAC,1121
CGGATAGCTGACACTA,1121
TCACGCTATCGATCTC,1121
TCATTCAACGGGACAA,1121
TTTGTAAGTATAACTT,1121
ACCCTGATTGAAGTCA,1120
ATAGAACATGTTCAAG,1120
CCATGGTGGTCCATCC,1120
CGCTACTTACAACAAG,1120
TCATAATGACAGTTTG,1120
AACCTTCGAAAACTAC,1119
ATCACACGAGCTTCTC,1119
CCACATATACAAGGCA,1119
GCATCTGGGGTTCGAA,1119
TACGAAAGTAGATGCC,1119
TAGACTACTCCAAAAT,1119
ATTAACTAATTCTGTA,1118
CACTTCCGATTCCTTA,1118
CTTATTACCAAGTAAC,1118
AAGCAGAAAAACGGAT,1117
GCTAATTAAACATCAA,1117
TTAAAGTCTACCGGCG,1117
TTGAAACACATTAGAT,1117
AAAGAAATTGAGCCGA,1116
ACCAGGCGCAGAGTTT,1116
CCACCAGACCAGTGGT,1116
TATGACGCAGATCAAA,1116
TCTCATGCGGGCAATT,1116
TGGTTGGCACCAAAGA,1116
TTAAAAGGATTGTCAG,1116
TTCACCACACCTTTAC,1116
CCTGGCCCAATTCCGC,1115
CGGATACAGCTGGAAG,1115
CTAAATGATTAGTCCT,1115
GCTAGGGCCCCCCACG,1115
TTAAGAATGGCCACCG,1115
ACCACCCCCAACGATA,1114
ATAGCTCCATCTATGT,1114
ATTCCAGCAAAAACTC,1114
GACGGAATGACTTTCG,1114
AGCCCCGATCCGATGA,1113
CAGAATTCAGTAAGCC,1113
TAATGATAATATCGTT,1113
TGAACAACCTTGGTGG,1113
TTAACGAACATATCGG,1113
ATAAGAAGATTCGCAC,1112
CAATCAACTTATCATT,1112
GTGCCCGCTTTGTCAG,1112
TTAAATCAAGAGAAAT,1112
AAGCATATAAATTTAA,1111
AGATCTACTACAAGAA,1111
CATTATCCACGGCTAA,1111
GATCACACAACCCCAT,1111
GCATTTATGCACCCTG,1111
GGAATCCACAGCCAAA,1111
TACAAAAATCATTACT,1111
TGACAAATAACGCTAG,1111
TTAGAATCAAAGCCAA,1111
AAATAAACCTAGTAGT,1110
AAGAGCGTTTCACTCG,1110
AATCCTTTACTCGAGA,1110
ACCGGAACGAAACCAC,1110
AGCGATAAGCGACACA,1110
ATCAAAGAAACGGAGT,1110
AAGAAACTACGCATAA,1109
CAAGCGATCGTCATCT,1109
CGTTTCGAGCGCATCT,1109
TACGATCATAGAACGT,1109
TAGAATACCAATCTTT,1109
ATCCACATCGCATATT,1108
CAGTTGTACCTATAAG,1108
CGAACTGTCGAGAAAC,1108
GAATATACGCGTCAGT,1108
GACGTTATTATCGGAG,1108
GGAATGTACTGCCATA,1108
GTCAACAGCGACTGAA,1108
AACGAAACCCTTGAGG,1107
AATTCTGCCACATAGT,1107
CATCTATGAAATACTG,1107
CTATCTAAGTAAAATT,1107
GGAAAGTTCGGTTGAA,1107
TGGAAGTACCATATAC,1107
ATCCCGATACGAAAGA,1106
GGAGTGGGAAAAAAGA,1106
GTACAAACTTCACAAA,1106
TAAAAAACCTTGGGCA,1106
TATATACTGCCTGAAA,1106
TCTAGACTAAGGAAAT,1106
CTAGGGAAGCTCGTTC,1105
CTTCACCCTAGGCAGC,1105
AAACATTTACCAAAAA,1104
AGTTCATACTACTTTG,1104
CGATGAGTCAACAGAC,1104
CTAATCGCAATCGCTC,1104
CTTTGGGTCTGAATAT,1104
TCTCAATAGTTGCTCC,1104
AACCAGTTATGCTTCT,1103
AAGCAGACACAATATG,1103
AGGACAACGATAGTCA,1103
ATTACCACTTAACCAT,1103
CGCCAATTCAACAACT,1103
TAATACATATGATCAG,1103
TGCAATCTGTGGTTTA,1103
AAGGATGGACACCATT,1102
CAGAACGAAAATATCA,1102
CTACCTTGAACTCCTT,1102
GACTTAAAGATCGATG,1102
GGGGTTTATCATTTTC,1102
TTTACGAAGAAGACTT,1102
AAGGGCGAACGGAATA,1101
AGAGTCGTACATAATT,1101
ATCCGGGACTAGGCTT,1101
CATCACAAAAGTAGAG,1101
GTGCTTAATAAGTAAC,1101
TACATTGGAATCGGCG,1101
TCCGATGTCCACAATC,1101
CTGTGACCCGTGTGAC,1100
GCCGGAGATCGTCGAT,1100
TACCTAGGAATGCAAC,1100
TCGTCACCAACAATAG,1100
ATTTCCAAGCCCGTCT,1099
CTTACCCGTTGGAAAC,1099
TACCAGGCCTAACGAC,1099
AAAAAAACACCGGCAA,1098
AATTACCTACTCTGAG,1098
ACGGTTAAACGTGCGA,1098
CACATCCATCTATTCA,1098
GAGGCAAATAAATTGG,1098
GCATTTTAATAAAAAA,1098
GTAATCGCTTGGAAAA,1098
TAAATCTACATTATCG,1098
AAAAAGCGGTGCGACT,1097
AGTCTGTATAGGCAGA,1097
ATCAACACACAATTAA,1097
CCACTTGTTTACCTAT,1097
CCTCAGATATAGATTA,1097
CTACCAATACTTGCCG,1097
GCATTTGTGCGATTCT,1097
GGTGGGGCCTCGCAAC,1097
TAAACATTTATACGGG,1097
CATTGCACCATTAGAG,1096
CCAGACCCTTCCTGGC,1096
GTAAACGGAAATTCAT,1096
TTGTCAAAATAGAAGA,1096
ACTTTGCCACACCGTG,1095
CGGAAGACCAATGGCT,1095
GAACTTCCAAATTGTT,1095
TACAAAATATTCAAGG,1095
TCAGATACAACACCTT,1095
TCGCAACACTGAACAT,1095
ATTTCGACACCGATAA,1094
CACATGATTAAAAAAG,1094
CTAATCCCCTAAACGA,1094
GAAACGACCGAAAGAA,1094
TGACCCTTCGATAGAA,1094
AAGTAATTAAGGGACT,1093
ACAATCCCATAAATTT,1093
AGCAGAATCACAGACT,1093
AGGTCCAGTACAACAA,1093
AGGTGGCATCGTCAAA,1093
CAGGAGCTATCGGAGC,1093
GCAACGGTGATAGGAA,1093
TTTCCGAACAAATGAA,1093
CCATAAACCAGCGTAC,1092
GCCAGGACACACAACC,1092
GGTTTTACAAAGACTT,1092
GTAGGCACCGACCAAA,1092
AACGTGAACACTCAGC,1091
CCAAACCCAATACAAG,1091
CTGTAAAACCGAAATA,1091
CTTCAAACCAAGGCAT,1091
TAACATACCATTGGTT,1091
ATAAACCATTACAAAG,1090
CAATAAAGGTGAACAC,1090
CACAGATACCCTAGGA,1090
GGACTAACCCTCAAAT,1090
TCTGGATCGGTACTCC,1090
ATAAGATAACAATTAA,1089
ATATCACCCCTATAAG,1089
ATGTACATTCCATCTT,1089
GAAAAAATGTGTTGTC,1089
TTAAAAAAGGTCCTGG,1089
TTTCCATACAAAATTG,1089
AAAACCACACGCTATT,1088
AATGTATTGGAGCAGC,1088
ACAAAGAATTATGAGG,1088
ATCACCTAAGGTTCTG,1088
ACGTAAGGTTACAGCA,1087
CAAGGACAGGCGGCTA,1087
CGAACGGTAGTACCAA,1087
GACGTTCTTAAAAACA,1087
TCGGCTCGGCCCACGC,1087
ATCTCCTTTGCATGTG,1086
CAAAAATCTGGTCTAA,1086
CAACAACGTCGTATTA,1086
CACTAGACCAATAATA,1086
CATTACAATAAATTTA,1086
CCCCGTATTATCATCT,1086
CCTAACCAGGTGAATT,1086
AACTTCAGAAGGACCG,1085
AATAATCACGTATTAT,1085
CCATTAAACCGCAGGA,1085
GTTTCCTAATATTGAC,1085
TACAGAACAAGTTTCC,1085
CTTGATTAACGAGACT,1084
GCAAAACGAACAACTA,1084
AATAGCTAAGCTATAG,1083
CAGACCTTATCTGGCC,1083
GGTTCTGAACAACTTG,1083
TATTAGAAGTCCTTCC,1083
TGACAAAACACGTACT,1083
AAAGTAAGATCTAGCC,1082
ACCATTCCATCTAAGG,1082
GGACAATCAAAGACAT,1082
AAAAACTAGAGGATAG,1081
AACATGGTAACATACA,1081
AGACTGTTCTATACGA,1081
TACAGAAACCTTCCAT,1081
TCATCCCGGGCCAAGT,1081
TTACATGTACGGACAC,1081
TTGCCTACCTAATAAG,1081
AAATCTAGTAATGAAC,1080
ACCATAAGCACTAGTT,1080
CAACTTGTCTCAAACG,1080
CGGTCACACACGATCA,1080
CTAAGAAAATCAGATA,1080
TAAAAGAAGCAAACTT,1080
TACGATATCTTAAATA,1080
TAGTAGAACACTGATT,1080
TTAAACTGATCAACTA,1080
AGACAATTAAACAACG,1079
ATTAACGATTATAAAA,1079
CTCGCATGTTATACAT,1079
AAGTACAAGACCCTTT,1078
AGTGACCATTGTGGAA,1078
ATGACACTGGTGTTAT,1078
CGCAGAGCGGTGTCAG,1078
GATATATGAAACATCG,1078
TTAGAATTGTACCCTT,1078
AACAGTGGGTCCTCAA,1077
GAGATATCTTCGATCC,1077
GCGTACAAAACCTATT,1077
GCGTACTCTATCCGTA,1077
TAAAAACTACTGGTGC,1077
TCCGGAGTAGGGCAGT,1077
ACAGCAACTGATTGCA,1076
ACCCCTAGCACGGATT,1076
CACTCAACTGACGCCC,1076
GACATATAAGTACTCG,1076
GCCATTAGCCATTACT,1076
TGCGCAAGTCCCTTAA,1076
ACATAAAGGGGGGTAC,1075
ACATCGCAATTGTATG,1075
ATAGGTACTGAGAAAC,1075
TGCACCAGCCCAAATA,1075
TGCTGAGACCAGTCAG,1075
CCCCAACACGATACAT,1074
CTTGAGCACCGCAGTA,1074
GAATCACAGCACTGAC,1074
GATATACGGGTCGCCG,1074
TTGAGTCAGAGTCATT,1074
CTGAAGCTGGACATCA,1073
GACACTTAAAAAAACC,1073
TACTAAAAAGAACATA,1073
TGAGCGATCGAAACCA,1073
TGCATGACCACTTGAA,1073
TTAAAGCCAAAAGCAT,1073
AAAAAGGCTTAACGAC,1072
AACTGCCTGCTTGACG,1072
AGCTTATCCATCTAGT,1072
CCTTCAGAATCTAAAA,1072
CTCCCCACCTAACATA,1072
AGGATGACTTGACCTA,1071
ATTATAACAACGTAAG,1071
CCTTCCAAAATGTCCC,1071
GAAGGAATTACCGTCT,1071
GGTTTGACTAGCCAGG,1071
TAAATGTGACAACAAT,1071
TGCTTGAAAATGCCTA,1071
AAAAGGTAAACGAAAA,1070
ATAATATGCTAAGAAT,1070
ATACCAATGTTTAGAG,1070
CCCAGTAAAAAATCGA,1070
GTACGGAAGTTGGTTT,1070
GTATTAAATAAATACC,1070
AACGCTACTAGCTGAA,1069
CCAGAGTGAATGAGAA,1069
CGGATCAAGTGTAATT,1069
CTAATAATTGGTTTGA,1069
GGAGACTCTGTTAAAA,1069
TAAATAAGACGATAAT,1069
CAATGAATAGAGCCCT,1068
CACGTACGAACGGATA,1068
CGACCGTTTGGATAGT,1068
CTAACTTTCAACCAAT,1068
CTCTCAATAAAAATCC,1068
GAGTGCTCATAAAAAT,1068
GTTGTTGTATCCAGCA,1068
GCTTGACCCTTTGAAA,1067
TGAATTGAACGGTAAT,1067
TTCCGGGACAAACGGG,1067
ACAATGTAACAATTTG,1066
CAAATCTCTAATAATT,1066
ACGTGCAGAGGTCCTA,1065
ATCGTAATCCATTATA,1065
CTGGCAACCATAAATT,1065
GAATGAAGGACCGGGC,1065
GGAGAAATTAAAAGGT,1065
AAATTAAGACCAAGCG,1064
CATTGGTCCGCTGGAC,1064
GAAATGCTCAGTACTA,1064
TCAAATAACTAGACGA,1064
TCAGAATAAGAAGCAT,1064
TTCAAAAATTTGAATA,1064
TTCTCACGGTATAATG,1064
AAAAGACACCACTCGG,1063
AATATCATAAGATGAT,1063
CATACGCGTACAGCGC,1063
CGCTGCCTTAGTCAAA,1063
CTATTATCTCAGTGAA,1063
ACACCCACTATTTAAC,1062
GACCGGTCAAGCATGA,1062
ACAAGATGTCCTTTAA,1061
CAAACCAAGTATCAAT,1061
GCAATTGGAGATAACC,1061
GGAATCGACCCAATGA,1061
TCCAATTAGACCTACA,1061
AGAGTAGAAAATAGAA,1060
AGGCAGGCCAATAACA,1060
ATACGCTATACTAAAA,1060
ATATAAGGTCGACCCT,1060
CAGAACCATCGAACAA,1060
CTGCATACACGAAAAA,1060
TGAACACCATTTGACG,1060
AATATCTCACAAGCAG,1059
AATATCTTGTATAGAT,1059
ACTCATCGAGAATAGC,1059
ATGTCGTAAAAGAGAG,1059
GAAAAAGCGAACGCGA,1059
ATAACATGAATTCAAC,1058
TTTACCACTCGGACTA,1058
ACCAACGCAATATTAA,1057
ACCAGACAATCCACCC,1057
AGGGATTTGCAGATCT,1057
ATAGCTACTCCAGGGC,1057
CTAAATGGACAAAAGA,1057
GACACGCTATGTAGTT,1057
TAATCGAAGATACGAA,1057
ATCCTTCACGTGTCTT,1056
CAAGTACATAGATCAA,1056
CATCCTTAATCAAAAG,1056
CCATCGATAACGCAGG,1056
CTAAAATAAGAAAAAA,1056
TGCTCATGAAGCGTCT,1056
TTCGGAAGTGAATCTC,1056
TTTTTATTGTGTTCTA,1056
ACCATATCATCCCAAG,1055
AGCACTATAAAGACAA,1055
AGCATGATGTAAGATG,1055
ATACGAGGACCCCCCG,1055
ATTTTACACCAAATCC,1055
CGCACACAAATTATAT,1055
CGGATTCTCTGACTAT,1055
GAATGATGCAACCTGC,1055
TAGCCAGGAGATCGCC,1055
TTGGACAACATAACGT,1055
CACGCAAAAGGATTAC,1054
CGGGTTACAACACGAT,1054
GGTCAAGATGCTAGCC,1054
ACGCTTATTAAGAAAG,1053
CATCTTGAGTCTGCAT,1053
GAATTTAGTTAGTCGA,1053
TAACTGAACTTATGAA,1053
TAATCCGTCGAAGCGC,1053
TACCCGAAAATAAATC,1053
AAACGGGATGTGATTA,1052
ACGGACGTGAAAAGAC,1052
ATAACAGCAGTGCCAA,1052
TATAAAATCGTTAGCT,1052
AATACCACATATAGAG,1051
ACGACCAGTGCACAAC,1051
AGACATGTGCAGAGAA,1051
ATGCAACACTCCATGG,1051
GCACTAAGACCCCGTT,1051
TAAGTAATAGCGAGGT,1051
AAAAGAAAACTAGGGA,1050
AAAATAATTCTATTTT,1050
ATTTAGCTAAGCAAAA,1050
CGATTTAGATTAACGT,1050
GCAACACACAAAATGT,1050
AAAAAACCTATCCCAA,1049
AAATATGTATTTAACT,1049
CCATACGCTCCTAACA,1049
CTCACCGATACTGTAG,1049
TAAAAATCAACTTGAC,1049
TCACACGCTTATAAGC,1049
TTAGCTTTCTATAGAG,1049
ATTAAGAGGGCTGAAC,1048
CGAGGAGTAGGAAACA,1048
CTAGACACATTACCTA,1048
CTGGCATGCGACCGCA,1048
GGCCCAATAACCCAAT,1048
TCGAACCTTCCCTTAA,1048
AAAAATCCACACGACC,1047
CATTCAAGCATAACTT,1047
CTCAAACCGCTAAAAG,1047
GTTCGACATCAAATAT,1047
TGTAAGTCAGAAGACT,1047
AGATGTTCAAGTTCAA,1046
ATTGACCTGAAAAAAC,1046
CAAACTATGGTGCGGC,1046
TACGTCATATTAATAG,1046
TATTATCATGAAGGTT,1046
TGTGCCGTCCCTACAA,1046
TTGACAACTCGCAGGA,1046
AAGCGCAAGCCAACAT,1045
ACACCGGAGCGAGGTA,1045
CTCGTCTTACTAGTCA,1045
TAACTTGAATAGCCTC,1045
TATCTAAACTCTGACT,1045
TCCCGATCGTGATTTT,1045
TCGCCTACACTAGGTA,1045
TGGATTCCGAGCTCCG,1045
AAAGTGATCAGGAAAT,1044
AAATTGAATTGATAAG,1044
ATAAGCGGAAATTCTC,1044
ATCGTAATGATAAACT,1044
CGATACTATTAAAATC,1044
CTAGGATTAGTTATTC,1044
GCGTTAACCCCTTATC,1044
TGCGTCTTTGAAATGT,1044
CAATACCAGTAGATGA,1043
CATTAATCAAAGTATC,1043
CCTATTATAAATATCA,1043
CTTGACCAATATGAGG,1043
CTTTTTTGACCGGTGA,1043
GAAAGTATCATAAAAA,1043
TAACGACCGGGTACGT,1043
TTCTTATTGATACCAA,1043
TTTCGCTAAAAATACC,1043
AAAGACGAGAACCCTT,1042
ACTATCAGAAAGCCAC,1042
AGTGACCGTATTTCCA,1042
ATAAATGGTCCGAATC,1042
ATAACATGGATATTGT,1042
TCAATAAAAGACACAA,1042
TGTGTTTTCAAAAAAT,1042
AAGCTTAGAGACCTTA,1041
CCCTGATAGTTCACGC,1041
TGAACGGCTAGCCATC,1041
AAATCGAGACGTTTCC,1040
AAGAATAAAAGACTAA,1040
ACATGGAACTTAAGAC,1040
ATCGTCCATAGAAAGG,1040
ATGCATGAAAGCAGGC,1040
GAATGTCACCTCGTAA,1040
GCGGAAGATCATTAAA,1040
GTAGTATTCGACACAC,1040
GTGTTCACTGTAAATT,1040
TCCAAGTTTGAAATCG,1040
AGAATACCAACGTTTG,1039
ATCTCAGCCATTCTTA,1039
ATTACATTACGAAGGC,1039
CCGCTTCTTTGACAGA,1039
CTCAAAAATTGAGAAT,1039
GAGAACAACACTAAAA,1039
TCGATACCACGCTTGA,1039
TCGATTCTGGAAGAAT,1039
TCTCTATGAGATGATC,1039
TTGATAGGATATGCGC,1039
AATGGGATATTGTATA,1038
ATCGGCCACGATTGTA,1038
ATTAATAAAGCTTTGT,1038
GAAATCCCTACCCAGG,1038
TACTTGAAATTTGACC,1038
TCAAACAAATACTTGC,1038
AAATCCCTTTTTGGTA,1037
AAGAAGGCGATAGAAT,1037
AGCGATCTATGAATCA,1037
CTGCATGATGTCTCCT,1037
TTAAGTTGAACAAAGT,1037
AAAAAGTTCAATCGCA,1036
ATTGATGTACCTGTAC,1036
CCAACTAAAGTGAAAA,1036
TCAAGCCCTCTATATA,1036
AAGGATGAGCCCTCAC,1035
ACAACCTCCGTAAACT,1035
ACCGGTCGACTTCACA,1035
ACCTCAATACACAAAG,1035
AGCAAACACGACATTC,1035
ATCGGCAAACTACCCG,1035
AACAGTACTGTATCCA,1034
AACTGCTACAGATCCA,1034
ATAGTATTTGGTGAGT,1034
CCTGTCATAGGTTATG,1034
GAACTCCGAAGAGAAC,1034
TAACCTAACTCCTGAA,1034
TAGTGTGAAGCCGGCA,1034
TGCCGTTCAGATACTC,1034
AAGCAGCAATAAGCTT,1033
CAAAGTACTAATAGAT,1033
TCTAGTTTGCCATTCG,1033
ACCACCCAAATGGAAA,1032
ACTATATAAATGTACA,1032
CCTACGGAAAAATACA,1032
CTAGTCCATAATAGCC,1032
TCTACCCTTAAGTTAC,1032
TTTTTATGATGTTATG,1032
AAAAGTACCTAGTAAA,1031
AACGAACAATAAACAT,1031
AGCGCACTAAATAAAG,1031
CAAGGTAGAACCCCAG,1031
CCCCCATCCTCCTCCG,1031
CCGTATCGAACTAGTA,1031
CGAAATACTGAAAGGT,1031
CGTAGCAGAATTACCT,1031
CTATGATGACCCGAAT,1031
TATAAAGTTCAAAGAC,1031
TCGTGGTGTTCAGCAA,1031
TGCGCACGACAAATAT,1031
AACAGATATGACCCGC,1030
ACATAACACCCAGCAG,1030
CAAAATGCTCTCAGCA,1030
CGTAGGTACGTACGCT,1030
GCCGGTACTAATGTTT,1030
GTTTTCAAAGTTATGG,1030
TACTCAGCTTCTCAAT,1030
TAGTGCCGAAGCAACC,1030
CCTAATATTCTAAACG,1029
CGTTAAAATTAGACAC,1029
TAGAGTTGAAAATGTA,1029
TCTCGATGTGGAGACC,1029
AGCAACCACGCATTCA,1028
ATACCACACACACATA,1028
GATATTCAGAACCACG,1028
TAAATTATGGGCTTGG,1028
TTACTCTGTTAACCAG,1028
ATAATATCTTAACGTC,1027
CACTTAATGTCTTCTA,1027
CGATGTACTAAAAGAA,1027
CTTATAAACACGATCT,1027
AGTATTAATCAAAAAA,1026
CACGATGTCAAGATGC,1026
CGGGTATTCTTTCAAC,1026
GACGCATTTTCTGTTG,1026
TCTTATATGCCATCAG,1026
TTCCTAAGTGAGCCGA,1026
AAAAACTGGATCTTTT,1025
AATCAAAGAAAAAATG,1025
ATCAGTAACCATATAA,1025
CAATAAAGAGCCAAAG,1025
GCCGATCGATTAAAGA,1025
TGTTGACGATTCATTC,1025
ACATTTACATCAGTCA,1024
ACTGAAACGCATTTAT,1024
ATTCTATGTGGGCGAG,1024
CACAAATATATATATG,1024
GAACCTTCAATGAGAC,1024
GAATCAATATTAAACA,1024
GAGGCTTGATTTATTT,1024
AACAAAGACTCATAAC,1023
AACTATCGATGAAACG,1023
AGCGGGATGACATTAC,1023
ATAAAAACTAGGAAAA,1023
ATAACATCATCGGCCC,1023
CGAAATGTTCCAGATT,1023
GGAAACGATCACTCAT,1023
TACCATGAAATCAAAC,1023
TTCAATCGGAAATGCA,1023
AAGAGATGTAATACAC,1022
ACTTACCACCACGTTT,1022
CACACGTTAACATCCA,1022
TTATCAAACTACAATA,1022
TTTCATGTCTACCTTA,1022
ATGATAGTACCAAAAT,1021
ATGGTTTAGCAATATT,1021
CAATTATAAGCTATAA,1021
CACAAAAACGAAATAT,1021
CGCTCATTCTAATCGT,1021
TCGTCTCACCAAACCC,1021
TCTATCTTATTTACTA,1021
TGATCTATCATGATCG,1021
AAAGTTATTGCTCAAT,1020
AGTTTATCCTATAATA,1020
ATCACTACATATTGTG,1020
CCCTTTAACTTGATCC,1020
GATGAACAAGAAAACC,1020
GGATATTAAACAGTAA,1020
AAATGCCTCAGTAAAC,1019
ACGGGCGATCTTGACC,1019
CCTGGACACTGCATGA,1019
CGCCTCTCCCAACTCT,1019
CTCACCTGCGTCAGAC,1019
TAAAAGGAACATAGTC,1019
TGAGCTAACACGTCGT,1019
TGTTCTCAGTTACTCG,1019
AACGGTCCCCAAACGA,1018
GCTTGACGTTAAGCTC,1018
TAACTCCCAATAATGT,1018
AATTTAACTAGACGGC,1017
ACTATTGTCAGCCCCG,1017
ATCGCAGGAGCTCACT,1017
CAAGAACATACAAGAA,1017
GATCTCAGAACCAAGG,1017
GCTTCGTACCTAAGAA,1017
GGAATACGACAAAATG,1017
TGAAATAGTAACAAAA,1017
TTATTCCTCAATAGCA,1017
TTTCCTAATCTAAGCC,1017
ACAATCTACTGATGAG,1016
AGTAACAAAAAGTAAT,1016
AGTAACAGATCATCTG,1016
AAAAATGAAATTATCC,1015
ATCGCTTAACTTATCG,1015
CACAAGTCAAAGGTGT,1015
GAAGACGCTCATTAAG,1015
GATGGAGATACTAAAT,1015
TAAAAGTAGGCACCAA,1015
TATCGCTCAGATGGGA,1015
TATGAACTTCGCCCCA,1015
TGAACACGAAATATAC,1015
TTAGAGCGTCGAACAA,1015
AAATAAGCCAACCCCA,1014
AGTGCGCCAGATACAC,1014
CCTCGAGGGAGACCTG,1014
GGTTACAATTCAAGTA,1014
TCTTCGTATAGATTGA,1014
AATAACACCTTCATAA,1013
ACGGCAAAATTAATCC,1013
ATACCCAAATAGACAT,1013
GAGCGGACCTATAGAT,1013
AAGATTAGATGGGCTG,1012
ACTAAACGAATCCCTA,1012
ACTTTAAACGCTTGAT,1012
CATCTCACTCATACCG,1012
TAATAGTCACCAAGAG,1012
TGAGAAAATGGACCTT,1012
TTCGATCATCCGCGGA,1012
AAACAAATAGTTACCT,1011
AGCCATACATAACCTG,1011
AGTTTCCGTCATCAGC,1011
CCCGAAGTAAATGAAC,1011
CCTTGGAGAAAACGGA,1011
GAAATCAACTATGCCT,1011
GAGCGAATTCGGAGTG,1011
GCAGCATAAAATGGTA,1011
GCATCCTAGATATATT,1011
GCGTGATATAAAATGT,1011
TTAAAAGAGGCTTAAT,1011
TTGATTTAGCGTTTTA,1011
ACAAACTACCACTTCA,1010
AGTGTTCTTCAAGTTT,1010
GCGCCAAATACCTCTA,1010
GTGACAGCTTAAAGCT,1010
TACCTCCAGCACTAAA,1010
TGAACTCCTGTTAATC,1010
TGTTACTGAATCCACA,1010
AACGAAAGATCCACTA,1009
ACGCGATTGTATGGAG,1009
ACGTTCCCCCTCCTAC,1009
GATACTAACGCAGACA,1009
TGAGTCAAACAGACCT,1009
TTACGATAAAGTTTTG,1009
AACAGCATAATTACAA,1008
AACTTACACTAGCGAA,1008
CAGCTAGCGAATCTCT,1008
CGAACTATATTTACGG,1008
GGGATCTTTATGTACA,1008
TACCTCAACCTGGAAA,1008
TAGAGAACATTATCGT,1008
TTTTTGGAGCATCCCT,1008
AAAAGAAAAACGGCAT,1007
ACGTGGTTCCGAACAC,1007
AGCGAGCATCTATCTA,1007
AGGATTCTAAGTAAAA,1007
CATATAAAACCTCCCA,1007
CCGATGACATCCAGAG,1007
CGATACCTACTGCCGG,1007
GAGTAGCCAAAAGAAA,1007
GCCTGACTAAGCGGGT,1007
GGATTTAAATGCAAGA,1007
GGTTAACCGGAAAGTT,1007
TTTGGACATCACTGTA,1007
AAAACTATAAATTGTT,1006
AAGATTGAAACCCCTA,1006
AATTATCTCAGCATGA,1006
TGATCGTAGTAGCGAC,1006
TTGTCAAAAAGACGTC,1006
AAACTTTTTGCTTGTC,1005
CCCAAGTATTTACACT,1005
GCTCTTAAAAATAGAA,1005
GTTCATGGGAAAAATC,1005
ACATACCGATACATAA,1004
ATAGCAAGAAAAACAC,1004
CATCCCGACAATGTAT,1004
CGGTTCAAAGCTCAAT,1004
GCCTGGATCCTACCTA,1004
GGCGGCTATTTAACGA,1004
GTAACAAAGAGCTGGA,1004
TCTCTATGTTTCTAGA,1004
AAATAAAAGCCCTCAA,1003
ACGATACTGGAGAAAA,1003
CCCTCTCATGAACCGA,1003
GCATATAATAAGTGAA,1003
TTCCTGGCACGAAGAT,1003
AATACTAACCTGCAGT,1002
AATTTTTGACATCCTC,1002
CTACTTCAGGTCTACA,1002
TATCCATGACTCATGC,1002
TGCATAATTCAATCCT,1002
TGGACACGCATGCTTA,1002
TTCAGTTCGTAAAGGA,1002
TTGGGCCCTCTGAAAA,1002
AAATATGAACCCACCT,1001
AAGGTGAACAATGACC,1001
AATAAACGCGTTCCTG,1001
AGTCTCCATTTATCTT,1001
CAGAGCGACGTTGGCC,1001
CCTGGCCCCTGTGCCC,1001
GCCCGCGTATCAAGAT,1001
GCTCCGACTGAAGGAA,1001
GTTTCTAAAAATGAAC,1001
TAACGTATACATCGAT,1001
TGAATAACCAAAGAAA,1001
ATGAGACATGAACAGA,1000
CCTAGCATTCCCCAAA,1000
GACGGAAACTACAACT,1000
TCCACAATGTAACTAA,1000
AATCGATAGCGAAACA,999
ACACGGCGATCTCAAA,999
GCTAGGCCTATTACGA,999
TAAGTAAAGTAGATGG,999
AATTAGAGATCGAAAT,998
AGTTCTACCTAAAAGA,998
AGTTTACAAAGTACTT,998
ATAAAGTAACCAGACG,998
ATATATATATTCTTTC,998
GTAAACTAATTCAAAA,998
GTAACAGATTAGTCTA,998
TAGCAACAACGCGTCT,998
TTACCGCCGGCGGTGC,998
AGTGATACGAAAACAA,997
GTAGTTCATAGAACAG,997
TAATGCTCAGCACTAT,997
AAACACTGTTGATCCG,996
CCAAGGTGAGTCAAAC,996
CTTAACAACGTAATAT,996
GAACGGAAATGACTCT,996
TATGAGAGAATAATAT,996
TGAAAATTATGTGTAC,996
AAGCTGTTCATAGACG,995
CAGTGAATCATTACCC,995
CCTCAGTCGGCGGTTC,995
CTGCCAGAAAGCCTTC,995
GACCGTATTACAGGAC,995
GCAATTCAATGTACTT,995
GTGATTATTAAGAAAT,995
ACCGGCTAGACTGCTG,994
CCACTATCTCAAATCA,994
GAAATCTTAAAAATAA,994
GACTAGTGGCCCCTCA,994
GATTAGCTGACTATTT,994
GTGATGTGACTAACTA,994
AGGAAAAACTATTACC,993
CAACAGGATAGAAGAG,993
CTGACCTTCTAACTTC,993
TACATGAAGGGCTCAA,993
TCAAGAAAGAGCCACT,993
TCGAACGAAATGACTA,993
TTACCCCCTGACCCGC,993
AATTATTGAAGGTACC,992
ATTAGGTGAGTTCTTT,992
CTTAGATTTCGGCACC,992
GAATATGTTTGATCGA,992
GACAGCAACGGACCAC,992
GTAAGAAATAAAAAGA,992
TATGGAGGCTACCACA,992
TTGTGAGGCACATAAC,992
AAAGATAAAGTATCCC,991
AACTAAATTAAAAGCC,991
AATGTTCCAAAGAGTA,991
ATCAGAGAACTCTAAA,991
GACCGATTAAGAAAAA,991
TACCGCTATACCCCAT,991
ACATTCGCATTCGGGG,990
ACCATTACGTGGCTTC,990
ATATGACACAAGAACA,990
GGGTGGTCAATGAAAA,990
TCTCCATTTATAACAA,990
TGATAGCAAGCAAATT,990
TGCAAGAACCGATATA,990
TTCAAACCGTCACTGA,990
AGAGTTTTATGCTACT,989
GCCATACGCCGCCCAT,989
TACGTATTTTAATAAT,989
TCTAGTAGTCAATAAT,989
TTCTAGCACAAGTCAA,989
ACAGGACCATAGACAA,988
GATCTCTTAGAACCAT,988
GCAAAGACCAGGAGCA,988
GCATTTGCAAGATCAA,988
GTCAACACTTAAAACC,988
TAAAAGGATAAGGTAT,988
TGGTTACCTTATATCG,988
ACACTGCCAGCATAAA,987
ATATCGCATGTGAGCA,987
ATCTAAAAAATGTGCA,987
CTCGATAAAGAAGATC,987
GAACTGGCGAATATTT,987
TAATCATCGGTGAACG,987
TCTCTCAAGAAAATCA,987
AAAAAAAGCATCACAT,986
AATAACCTTGAAATTG,986
CGAGATGCAAAGGCCC,986
CTGCACTCTCGAGGCG,986
GACTAAGCTAACAAAT,986
GCCAAATCGTTATATC,986
TTACCTCGGCAAATGC,986
TTGCTGTTATACGCCT,986
AAAGCTTATACTATGT,985
ACGGACTGAACTCGTA,985
ATTTAGACTTCTAAAA,985
CACCTTAGCTTAAATG,985
CGACTATCGAATTCAT,985
GATCAAACAATCTAAA,985
AAATAAGATAATGCAG,984
AACACCATGCAATTTT,984
AGGTGAGTGGGCGGAT,984
CTCCCCTTCCACATTC,984
CTTACCTGAGCAGCCC,984
GCAAGAAATCCACAGT,984
GTGTTTGACCCGTGAA,984
TAGAACGAATCAAATT,984
TTCGCTAATTCCAATA,984
CAGCCCGATGCACAAA,983
CTCCAGAGTCTCTAGG,983
TCAGCAAATGGTGCCC,983
TGACCTTAAAGTACTG,983
AACCCAACTACCGAAG,982
ACCCCCAGATTGATAT,982
ACCTATAACAGAGAAT,982
AGAAGTGAGCATAACA,982
ATTGTGAACGATACTT,982
CAGAGCCTGAGTTAGC,982
CGACACCCGCTTTAAA,982
GTAATCACGCTGCCTA,982
TAACGCGGGTATACTT,982
TATACATTACAAGTAA,982
TGGTCCATAATGAGTT,982
TGTGTCACCCGTGACC,982
TTGATGAACCCACACA,982
AAACACACTTCATATA,981
ACAACTCTGGGGGCAG,981
ATACATAGAGAGAAAA,981
CACACACTTAAAACAA,981
CCAGTTAGAAAACCTA,981
TTAATGCAAGCGGCCC,981
CAATAACACACCTAGG,980
CGCGAAGTCGAACCCT,980
CGGTTGAGTTTCTCAA,980
CTAATAGTTCCTACAT,980
GATAGAAGGCGGCCGA,980
GCACTTTGGCCTAACA,980
TCAAATAAGAATTACT,980
AACGGGATATATACTG,979
ACACCGAATAATAGTA,979
ACATGGTCAAAAACGC,979
GAATGAACAGTAAGTT,979
TAACTAGCCTTTTAAA,979
TGGAAAATACCGGACA,979
TGTTGAGCGAGGTAAT,979
AAGAATAGAGATATTC,978
CAACATAACGCAAACA,978
CCGAATTCGCACGAAC,978
GGTCACCCCCGCCCAG,978
AAAGACTAGGACCGCT,977
AACGCGGGAAAAAGAG,977
AAGTTTTTACCGTAAC,977
AGCCGGGATGCGTCAC,977
AGTACGGAGAAGCGAA,977
CAAACCGACCCCTGAA,977
TCAAAATCAAATATCC,977
TCAACTCCACCCACAA,977
TTAAGCATACCATCTC,977
AAACTACGCGGCCGGA,976
AAATTATGTGAATCCA,976
CGAGCATCAACCTGAG,976
GATAGCAATAACAAAT,976
GTTGTTACCAAATACT,976
TCCCCGCCCACCTCTA,976
TGAGATTCCCCGGCTC,976
TTATAATTCTGCCCGG,976
TTTGAAAGTGGATTAT,976
ACACTTCTTGGCACAC,975
CATGTAACCTACCGAA,975
CTAAAATAAATAAGTT,975
CTTGCCTACTACACTC,975
GATAGTTCTCATAATA,975
TCTTTGATCGGACAGG,975
AGAAGTAACGGTATCA,974
ATTATCCTAGAAAAAC,974
GAGAACATGCCAGACC,974
GGTTCCTATATGACTT,974
AAAGATGGTTATTGAA,973
AAAGGCTCGTATAAAC,973
ACGCATCTTGTGACCA,973
ATCAATGCCAAGTCAC,973
CAGATGTACTTCCGTA,973
CGAGACGTCTTAAATA,973
GAGCCCTCCAGGCCAA,973
TTTGGCGTTTTATTAC,973
AAAAGTGAATTCAATT,972
TCAATACTATCTAAAA,972
TGGGTAACAAACAACC,972
TTTGCAGGAACTGAAA,972
AGTACTTGATTTAAGT,971
ATAAAGTTAAGGGCGA,971
CATTAAGATTAATAAT,971
GATCCGTATATCAAAA,971
AATGATACCAACGGAA,970
AGTAATTGGACCCGAA,970
CAGCAAAACTGCAACA,970
CATTTCGAAATACAAT,970
CCATGATTATTGTTCA,970
CTTTGTCAGTTTCACT,970
GCTCATTACTAATATC,970
GTTTTTATCGCATAAG,970
TAAGACTCTTTGCCAG,970
TTAGTTAAAAGACACC,970
AACCACGTTCAAAGTC,969
AATGACGGAAACAATA,969
ATCCCTTATTTTACGG,969
GCTAGTCGAAGCTCAA,969
TCGAAAAAAGCCGTAC,969
ATCGCATCACGTGCAA,968
CGACCACAGGGTATAC,968
GCCCACTCTAAGGAAT,968
TAAAAGAAGCCAAATG,968
TCGCAGACGCCACACA,968
TGAAAAACATGCCCAC,968
TGCTCGTACTTTAATT,968
TTTTACTCTTCCTGAT,968
AACTTAGGCCATTAAA,967
GCGCAACGAAAACACG,967
ACCACGAGGAAAACTG,966
AGAATGGGCCAGTTAT,966
ATATAGGCACACGGGC,966
GCCAAAAGACTTAGGT,966
GGTTGAAGAATGAACA,966
TAAACTCTACGGTAAC,966
AAGATCGATCACCTAC,965
AATAAATAGCAAATTA,965
GTGTTGTAGAACAGTC,965
ATTACAGCAGAAACTA,964
CGGCTACGATATCACC,964
TTAACGAGTCTGGCGC,964
AAAAGCCAACATCCCA,963
AACACATATCGTCGAA,963
ACGTCCCCCACCGGCT,963
ATAAAGCGATAGTCCG,963
CATCACATTCCCTAAT,963
CTGCACCAGACTCTAT,963
TCAATAAACGAGAGGC,963
TCGTATTTTCCCTTCA,963
TGTACCCAAACAGATA,963
AACCCTCTGCAATTTC,962
ACGTAAAAATACACCA,962
AGAGGACGATCGGTTA,962
CAGAAAGCGTTCTGGC,962
CATAAATTACAAGATT,962
AAAAAAGAACTGGATG,960
AGAAGAATCATGTTTG,960
ATAACTGCAAACGATG,960
CATTTGTCATAACTAG,960
TGCAAAGTTGGAAGAA,960
TGGCACAAAATATTTT,960
ATTCCACCGGCACTGA,959
CACGATTTATCGATAC,959
CAGAACTCTCCGTCCC,959
CATACTAGGAGGAACA,959
CCTTGACAATATAAAA,959
CTATGTTTTAATTCTT,959
TTTATACTAGCCAGAA,959
ACTAGCAACGGATAAG,958
AGATAATCCAAAAATT,958
ATACTACTAAAGGCCT,958
ATGCAATGAGGTCCAA,958
CCTCAGCGTGGAAGGA,958
CTGGTTAATCTAAAAT,958
AACATTTAACGCGGCA,957
CCAAAACAGAATTGAT,957
CTGAGGCCACGATCTT,957
GAACAAATTAGGTCTT,957
GTCAAAGCTCAATTAA,957
AAGCTCGCACACGGAA,956
ACTAAAGTATGTACAC,956
AGAAATACCCTGCGGA,956
CGCATCAAGACGACCA,956
CGGCTACCGACGGTAT,956
GCTCATACCTTTTTCT,956
ACTTGTCGTGCTATAC,955
ATGTGGAAGCAAGGAA,955
CCTAGGATGCAAAGGG,955
CGAGGTCATTTTAAAG,955
CGTCCTGATTTGCTAT,955
GTTTCCACAATGTACT,955
TTGTGAGAGGTTAATG,955
TTTAAGCGTTACACAG,955
AGATAATAACATAAGA,954
AGATGTCCCAGAGCAC,954
ATTCGCCTAGGCGTCA,954
CCACTACTAAATACGA,954
GACCTTGGTATTAGAC,954
GGGATAAGCTCGAGAC,954
TGTCGAGTATCCTTAG,954
AACGCAAGAGACAAGA,953
AGACTCAAGACTGTTA,953
AGATTTGGGAAAATTT,953
AGTCAATTTTTCAAAG,953
ATTGCAAGCACCAGCG,953
GCCGACAGATACTAGT,953
GCGCTAAGTAGATCGA,953
ACACTATGCTTCGTTA,952
TCTCGTTATATACTAA,952
AACGAATCCTCAAGCA,951
CGCGCCACCATTACTA,951
CTTATAAAGTACATGG,951
GGAACTAAAAATAAAG,951
GGTTCTGCAGCAGATG,951
TATACCCACACCCCTA,951
TCTATTAACAATAATA,951
TTACGACTGGCAATCG,951
TTCACTAGCCTGTACG,951
CCCCACATGGCCATCT,950
CGCTTAACCATCGCAA,950
GACACGAAATGCCAGC,950
GATTAATAGTCTAGGG,950
GCCTTAGTCATCTAAC,950
GTAGCGGAGAAACGGG,950
GTCCTTACAAATACGA,950
GTTATTTGTAAAAATA,950
TAAGTGGTTTGGAGCA,950
AAGCAATTAAATGATA,949
AGGGACTAAGAAAATG,949
ATAGCACAAAAGACAG,949
TATCAAAGATTTACAA,949
TTAAGTGGATGAACCC,949
AAAGCTAACGAATTTA,948
AATATGTCGTCACATT,948
ACAAATTTGCAATGGT,948
CAAGGACAGATTTAGT,948
GACTATGGCCGTCCGA,948
TACCAGTAAGACTGTT,948
TTCTTCAAAGTCGCAT,948
CGTCGACCTTTTCCTG,947
GACTTAAAGATGACAC,947
TAGACCCAGATTAACA,947
ATAAAATTACTTTAAT,946
ATAATAAAATAGGAGG,946
ATGGTGTTAACATAGT,946
CAGTTGACAATGGCCA,946
CGTTGAAACCCAAGAC,946
GCAAATGCGTTGATAG,946
GGTTCAAAGGAAAATA,946
GTAAACATGAAAGCGT,946
TAAGCAATAAGCAGAG,946
TACGGAAAACAAAAAC,946
TCAAAGTGTCTAAAGT,946
AGATTCGATTACAACT,945
AGTCCCTTTGCACAGT,945
CCAAGTCAGAAGTAGG,945
CCCGTGGCAACGAACT,945
ACTGTCATATAAACGA,944
CTAAAGTAGAAATCAT,944
GCCCGCTGCGCATAAG,944
GCTACTGTATTCGGGC,944
GGTCGTACATGCACAA,944
GTTGGTTGAAGGCACA,944
TGTGCAGTAAAACGGC,944
AAATATTACACTAGAT,943
ACGAGTTTAAGACTGA,943
ACTAAGAATAAAGTAT,943
AGAGCAGTTAAGCATT,943
AGTTTGTCGGTATGAC,943
CATTAAGTATAGCTTC,943
TAATCAACCAACCAAA,943
TGGTACAACTGTACCT,943
AAAAATAACAAGACAA,942
AAAACGATTCTAATAC,942
CGTACCGAAGTTTACT,942
CTCTGCACAAAACACC,942
TGCTAGAACCTGTATT,942
TTACGGACAAATTACA,942
TTGGACCAAACTGCGA,942
AAGAAGGTAGAACCCT,941
ACAAGCAGATAAGATT,941
AGCTGTAGATTTACTC,941
AGTGGTTTATAGGAAA,941
ATTAAAATTATATGTA,941
CTACTACTGAGTAGAC,941
CTGTCTTAAACAGTTA,941
TCTTCCACGCTTACCT,941
TGTATCTTATCTATGT,941
TTACATCCCCGAGCCG,941
TTCACAGAGCGAAGAC,941
ATAGGTAACAACATAT,940
CCCGACTACCCGGGCT,940
GCGCCTTTCCAAAAGA,940
GTTAACCCGCCCTGTC,940
TACCGATGTAAATAAA,940
TACCTTTGAACGAAGT,940
TCATCTCCAGCTATTC,940
TCCGAAGATACGTAAA,940
AATGAGAGATGATTAC,939
ACACTAAACAGAAGAG,939
AGAAAACCAAGAACCG,939
ATTATGAAACTTACAT,939
AAAGATAGCCTGAGCA,938
ACACAAAATTCTGTGG,938
ATACTCAATAACCGCA,938
CGCCCCGCAACTACAG,938
TTTCCGGTCTGCGCTA,938
AATCTAGTGCCTCGGC,937
ACTAACAGTGGACTAA,937
CAGATATAGAAAACAT,937
CAGTACCAATGGTGTG,937
CATACTACTACGTTTT,937
CGAAAGTTACTTTTGA,937
CTTTGAAATTACAACA,937
TGGGAACGGATCTCAT,937
TTCTTCTATGTTACCA,937
TTTATCCTTCTAACAA,937
AAATTATGTTTAATGA,936
AATTCTCCGGATAGCT,936
ACTTAGTATTTGATGA,936
GAATTCTTATTCTCTT,936
TAATAAGTACTAGGTC,936
TCTAAACTGGACGTTA,936
TTAAGTACATCTGATC,936
CAACGACTTTAACTCT,935
GAATCGCTCAAGAGCG,935
GACCGATAGGAAACAA,935
GATGTTCCAGAGTACT,935
TCTATAATTTATATCA,935
TGTACGAAACGGACAT,935
TTGCAATATGAATCGG,935
AGAATTAGCATTATTT,934
ATATGTATGTGTTAAT,934
ATTGAAGAACATTACC,934
CTAACATGCTTTCTCA,934
TAATATCGAAACCGGT,934
TAGAACTAAAGATCAG,934
TCTGTCTATCAATTCG,934
TGCGGAGTCAAAGACA,934
AGCATTCGACGAAACC,933
AGGCTCCCTATACATA,933
CAACATTTACCCGAAC,933
CCCTCGTCCTCTCTCC,933
GCCGTTACCGATCCCT,933
GGCGGTTTTCAAGTAT,933
AAATACAAGCGACAGC,932
ACGCTAAGACACACAA,932
AGGCAATAACGAAGTA,932
CCTCAAGAATTAACAA,932
GTACCATAGCATGTAT,932
TACAACTAATATCTAG,932
TATATTCCAGCTAAGA,932
TATCTAAGCGACCAAA,932
TCGTACTGAGGATAGC,932
TGGTACCACTTTCGAT,932
TTTCGAATCTTACCCA,932
ACAGAGTAATGCGCAC,931
CATCGCGCATTAAACT,931
CCCAGAACGTAACATG,931
CCCTTTGGGCATTTTA,931
CTAACCCAACACACTA,931
CTGATAATGGTGTGCC,931
GCCCCTAGGCTTTTGA,931
GGTATTGAACTTATAT,931
TGACAAACTTTTACAT,931
TTACGGTTCGTAGCCG,931
AATCCCTTTCAAAGTG,930
ACACGGGAAGTGCACG,930
ATAGTAACCTCAACAC,930
CAAGAAGCGATAAAAT,930
CGCACATTCCTATGTT,930
CTCTAAAAACCACGCA,930
GATGCACCGAAATATC,930
TTACTGAAACGAGTAA,930
TTTGAGGAACCACAGA,930
GCTACATCGTATACAA,929
GGGTATCCTTACCTCA,929
TAAAAGAATTACAGGC,929
TATCGATATACATTTT,929
TTAAATGTGAGGGCTC,929
CGCATATTACCGGCAT,928
TACCAGTAGTATCAAC,928
ACACTTGATGATACTG,927
ACTACGTCCTCCGGAT,927
CCACGATCCTCCAAAC,927
AATAACTGATGTGGAA,926
AATGCTATCAAAACTG,926
ACTTCATAACATATAT,926
GACACACGGCGTTATC,926
GCAAGCTTAAATCCTA,926
GCGATACAACCAAAAG,926
TAAAATATGGATAGAG,926
TACTCATATGTGAAAG,926
AACAAACCTGATCGGC,925
ACCAAAATAACAATTT,925
TACTCCCAAATGGTTA,925
TGACTAGTATACTGCA,925
TGTACAACCCCTGGTG,925
TTTAATACAAATTCGA,925
AGGATTACTGCAACAA,924
ATCTAAGAATCTCAAC,924
CTGTTGCTGATAGAAC,924
ACACTAAAAAATAAAT,923
ACTATGTGCAGTAGCA,923
ATCATATACACCTTGA,923
ATTTAAAAAATTACAC,923
GAACACATGATCGCAC,923
GATCTAAATATTGTCA,923
TAGAATTCGATCGACG,923
TTAAACACTAGAGCTA,923
TTAGACCCCACCATTG,923
AACCAAGGCCCTCTCT,922
CTTACAAATACGATAA,922
GAACGAGTATGATCGC,922
GAGTCTCCCTAAGCAG,922
TAGATAACCCGTTCTC,922
TCTGCTAACTCTTTTA,922
TGACCGAGTAGTATCT,922
ACAAGAGAAAAGTTAA,921
ACTTAGGCGCGCCCTC,921
CATACTCCTTCTTGTT,921
GTAAGGCTTAGAGTTT,921
TCCCCAAAAATGTTTC,921
AGAACATCCTTAAAGT,920
ATACCTCCCACTATAA,920
ATGGATGCTCCTAAAC,920
ATTATCTCAAAATTAA,920
CCACATTTACCGTTCT,920
GCACAGTACATATCCT,920
GCCTGAAAAAAAACGA,920
GCTGTATAGAAGTTAG,920
TATCACATCCTATCCT,920
TGCAGCTCATAAGTGC,920
AACCAAAGAGATTGAG,919
AATCCTCGTGTGTCGA,919
CAATAAGACTAACACT,919
CACAACCTGCTTTGGG,919
TAGCCTAGCGCTCAGT,919
TCAGTGATAGCGGATA,919
TGTTATAGATCAATGA,919
AAAAACACCATAAAAA,918
AAGTGACAAGTGCTTG,918
AATGGACGATCCCAAG,918
ACTACCTGCCTACTTA,918
ACTTGAGAGCACCTCC,918
AGTTGGGCGTGAATTC,918
CAACATCTTAAGATAT,918
CGCGCTCCTCGACTCA,918
CTATTACGTAGTATAC,918
TAACGAATTCCTGTAC,918
TAGAGTGTCCCCACAT,918
AGGTCCGGGGGCTACT,917
ATGTACCTCCCCTAGG,917
CAAAATTAATCCTTGC,917
CAAATCAGCGAAGCTG,917
CAATTGCCATGCGTTA,917
CCCGTAAAGCGCCCTA,917
CCTGTACAACGCGGAC,917
GATATCAACAGACTGA,917
TAACTATTAAGCTGCA,917
TCCCGGAAAGTACAAG,917
AAAAATGAGGTATACC,916
AAACCTCCGCCACAGC,916
AGAATTAAACAAACGA,916
AGACGTGGAAAAAAAC,916
TACCAAGCAACTGCCA,916
TCCTACTTTGATTCCA,916
TCGAGGAGACAGTATA,916
TTAGACGAATGTGTTC,916
AAATATAAATTTACCC,915
AATCCGTTTGTCATAT,915
CCAAGCAGTGGTACAA,915
CGGTTTCGTACGCCGA,915
GCTCAACCGCGTTGTT,915
TCTCTTGATTTTGAAT,915
AGTCCATACCAGAAAA,914
CATACAATATCTTTCA,914
GAGAAACCAAATCCCT,914
GTTACTGAAAAAGATA,914
TCTCAAATGTAGAGAG,914
TGACCTATACCGTGCT,914
AACGAAGAACATATCC,913
AACTTGAAACCGGTGA,913
AAGATAAGATAAGACT,913
CCCGACTATGTTGTAG,913
CGCGAAAGTTTACGCC,913
CTTGATACGGCCAGCT,913
GAAAAAAATAGGGTAG,913
AAATTAGATCCGCAAC,912
AAGCCCACTAACATAT,912
CAATAATCTGATACAT,912
CAATTCAAAGCCCATG,912
GAACATCAATTAAGTC,912
GACTAACAATCTAAGT,912
TAGGAGTGACACGAAA,912
AAACGAAAAATAGCCT,911
ATCAACCGGACGACCG,911
ATGCTTGAAATCAAAG,911
CACACGATGAACTAAT,911
CCAGTATCTTCACGCG,911
AACCTATCACAAAGTT,910
AGGGCACCTATCGGTG,910
AGTCTGTAAGGACAAG,910
AGTTCAAATGCGAAAG,910
CTCGAACTGGGCAAAT,910
CTCGAGACCATCTTGC,910
GTAGAAAATCTCCCAA,910
TTAACACACATAGCCT,910
ATGTAGAACATAATAA,909
CACTAAGGTTCAAGTC,909
CATCAAGACCTACTCA,909
CTTTTTAAATTGGGTG,909
GATTCGTACGACACAG,909
GCGCTTAGGAACCAAA,909
GGGGCTGTTCGGCAGA,909
TACTAGAGAGACTTCG,909
TGCTGATTTCACTAAC,909
AATGGTGAGGTAGTTG,908
GGCCTGAATTTCGAGG,908
TTTATTTTAAGCTGAA,908
AGTCCCATCTTCCTTC,907
CAGAACATGGCCGAGC,907
GAATGGAGAATACGCA,907
GACAAACCAAACTCAT,907
GTAACAGGAGAACGAT,907
TCCACACACACCGCTA,907
TGGACGGGTCATCCCC,907
TTGATCTCGTGTTATA,907
ACTAATTATGGGATAG,906
ATACCAAGGTACTTAG,906
ATAGTTAGTTTTGACA,906
CTTGCAGAATCTACAG,906
AAACGTATGACAGAAC,905
ACCGCACTGTCTAACA,905
CTAAATAAACCTTAAC,905
GAGAGTTGTCTGACGC,905
GCACTATAGCCTTCCT,905
AATGTATTTCACGAAA,904
CAAGTGCATACACATT,904
CGCAAACTATAATAGG,904
CTAGTGTCTACACTAC,904
TATTGACAAGAACGTA,904
TTGGATAGAAATGACC,904
AGATTCAACTTCTCCG,903
CAAAAAGGGCCAAAAA,903
CAGTGGGTTTAAAACA,903
GTAAGTTCCTTGCAAG,903
GTAATATTTATTAATA,903
AACTAAACAGTAAAAT,902
AAGCCAGATCTGAACT,902
AATTCTAACGGAGGAA,902
ACGAACAAATACGGAC,902
AGCAACAAATATGTCA,902
ATGACTTATTGGTTTA,902
CACGATTAAGCAATAC,902
CATCACTGACTGAGAT,902
CGCACAAACACAGTCT,902
TAAAGGTTTGACAAAT,902
TTACGGTCAAATCGCT,902
TTGAACTAAAAGGACA,902
AAAACAACAACAAACT,901
AAAAGTATAAAAAGAA,901
AAATCCCAATGTAAAG,901
AATCAGTAGCCGGCTT,901
AGACACTGTTAAGAAA,901
AGGTTCTTTTGAGAAA,901
ATTCTGAGAGAGCAAT,901
CATATGCACCGAATGA,901
GAAGAGCGTGATAATA,901
GACTATGCACCAAACA,901
GGCCGATGACGTAAGA,901
GTGATGTAAAAAAGCA,901
TAAATAAAAGCGATGA,901
TACAACAGACATCTAG,901
TCACATTAAAAATGAA,901
AACTCCTTAAATTAGA,900
AGATGGTAGCTGTTCC,900
GCAAACCCTAGTACAA,900
GCCGGAGAGATGTCAA,900
GTGCTAGACACTCAAT,900
GTGGTAGCTCTTTTAT,900
TACCTATTAACACGTA,900
TCTGAAGTCCCCAATC,900
AGCTCGGAAAAATTAG,899
GCCCCCATTGAATTAT,899
TCTCGGCTGACCGAGC,899
TTAAAAACACGCGCGA,899
AACACGAAAACTATTC,898
ATTTACCGAGACATTC,898
CAGAAGACCATTATCA,898
CCGACAGTTGAGAGGC,898
GAGAGTATCAAGGTTG,898
GAGTTTATCCAAATAA,898
TCAAAATTCGCGAACT,898
AACACTTATAATAAGT,897
CAGGAAGTGGTAAACA,897
GAGATCATTACTACGG,897
GCAATATTTTAAATAA,897
TCTAAAAAGACGATGG,897
TTAGCAAGGTACGCTG,897
AAGAACGAACCGTGAC,896
AAGCAACTACCATTCC,896
ATCTCAATTTTTATTC,896
TAAATTAATTGGATTT,896
AAAAGGTCTCCCACCC,895
AACAGAAAGATTCAGG,895
AGCCAGACGATTATGA,895
CGGCACAGGTGCCCCC,895
TAGTGATCCAGAAAGA,895
TTCATCTCCGGTACAA,895
ACCAACCAATGATTGG,894
AGGAACACAATAAACA,894
GTTTAGACCTTCCTTT,894
TACAGAACCAACCTAA,894
TACAGTTTATAAGTGT,894
AATACATGATGGGACA,893
GACCGGGGGCATTCGC,893
TAACTTGTCCAACAAT,893
TGCGTACAACAGTCAA,893
AACCATCGGTTGTATT,892
ACCCGAATAGAGGCAA,892
AGCAACAGTAGCCTTC,892
AGCCCTCGATGCGCGA,892
AGGTAGTAATCCAAAA,892
TAGACTAAATATAAGG,892
TCACGGAGCCGAAGCC,892
TCCCATGGCCCAGATT,892
AAAAACGAACGACCTA,891
ACACGCTAGTAGTGGA,891
ATAAGATCCTAAAATG,891
CACCGCTAACGACACC,891
CGGAACAAATCCCGAG,891
CTAACGAAAGTATATA,891
CTTGAGCTTGCTCAAA,891
GAAGACTATTAAGAAA,891
TACAGAATGACTTAGC,891
TCCACCAACATAGACC,891
TGACTAAGGAGCACCG,891
TGTATATTCCAATTAC,891
AAATGACGCTCAGACA,890
ATTTACCTGAATTACC,890
GACACATATACTTTAT,890
GTCTAGGAATCTATCA,890
TGACCGAAATCAGTTA,890
TGAGGGTAGGTTTCCC,890
TTCCAATAAGCCCCGA,890
ATCGGCCATATAGCAA,889
CCCCAAGTACCATCCA,889
GAAAATGATACCTACT,889
GTGCAACTAACGCGCC,889
TAAAAAAGAATCTTTT,889
TAAGATCTGAATTTAA,889
TCGCGCCCCACACTGC,889
TGACAATAAGACTCCA,889
TGTGATCATGAATCGA,889
TTTAGGTTCTAGCTAC,889
CAAAAAAAACCTGGCG,888
GAGGCCCTAAAACAAT,888
GGAACGATTAATACGC,888
TCACACCCTTCCATAA,888
AAGGCAGGAACTACAA,887
ACAGTGCTAGCGACTC,887
ATATATTGGGCGTAAT,887
CTTGACAGAAGAATGC,887
GACCAGCAGGTTAGCT,887
GCCAGCTGCGTTACTA,887
GGGAGCACATTCAAGA,887
TGGTGACCGCGAGACC,887
TTGGTGAGTGGAGGGT,887
AATAAGAGATAGAAAC,886
ACAATGTATACTTATA,886
ACGCGGTATGTACGCG,886
CCAGGAGTATACATAA,886
GAAAACGCTGCTGGCT,886
TACAATTATCCTTCCA,886
TATAAAATATGGTGTT,886
TGAAGCGAGGCAAGCA,886
TTAGTGCAATATGTAA,886
AAAGAAAAAGAGGCAC,885
ATGCAAGTGAACACCC,885
ATGGACATATGGAAGT,885
CAGCTCACCCTTCCCT,885
CGATTTAATAAACCCA,885
GAATTTCATATTGGTT,885
TGTCTTAAGAAATATA,885
CATATTCTAATTGGCA,884
GCACAAATAATCAATG,884
GGGAGTGGCGCTAGGT,884
TATGTCACGAAACTAA,884
TCAAAACGAGTCAAAG,884
ACCTGAAGGAACAAAC,883
AGCATATCTGACCAGA,883
CTGCAATTCTCATTGC,883
GACCATACACTACAAC,883
GACTATGAGACTGATT,883
AAAACCAAAATCAATC,882
AGGAAGACACAACGCC,882
CCTACTTGGATGTACA,882
CCTGAAAAAGTGTACA,882
GGACAACCGACGAAGC,882
TATGCCGGATAAGTCG,882
TTACGGATGAACTAAC,882
AAGACAGTACGAGGCA,881
ACAAACCACACGATCC,881
AGACAAGCAGATAACA,881
CTAGGATGCAGATGCA,881
GAAACTAGTACTACAC,881
GAACGCACGCAAGTGC,881
GGCACCAAAGACTTTG,881
TCGAATAACACCCCTG,881
AACAACTTCACAAAGA,880
ACGAGAACGACTCCTA,880
AGCACCCCTCGGTAGG,880
CACGCCATTACCCCTA,880
CATGATCGCGTGCATA,880
CATGTTCCTGGTTTAT,880
TGCTCGTCAATGTGAA,880
ACTACTATGTACCACA,879
AGCAACGCGATATTGC,879
CCCACGATAAAACATC,879
CTCTTATACAATAAAA,879
GAAACACATAAACAGG,879
TCATGAACCTAATGTC,879
AAATTAGAAGGTTGAA,878
AAATTGACATGATTGT,878
AACACGAAGGGCCGCC,878
AACCTGTACCTTGGAA,878
ACGACGTAACGAACAT,878
CATCTAAATAGGCTCC,878
CATTTTATTTAACCAG,878
CGAGTACATAAGTCTA,878
GACTCGCAAAAAAATC,878
GTAAACCAAAAAAATA,878
TCAACCTAATTCTAAA,878
TCAGAGAATAAGCCCT,878
TCGGCCCATAAGGTCA,878
AACAGAATACAACCAT,877
AAGATCTATAAGAACC,877
AATAGTAATACTGCAT,877
ATAGAGCCAGCAATAT,877
ATTGGTAAAACGACAA,877
CAACTAACCATTTTAT,877
GACCATTATTGGAGCA,877
TACTAACCTTAACCAT,877
TAGCAAGTTCAGCTGC,877
TCGACCCATCTCACCT,877
TTAGTTATTGAATAAG,877
AAAAGAACAAACGTTC,876
AACCAGAGCTAAAGTA,876
CACAACGAAAACAGCC,876
CCACCTTAGTAAAATG,876
CCGCAGGAATCTCATC,876
GCTCATGTCACCCATA,876
GTCATCAAAAATAATT,876
TGACAATGATAAGACC,876
TTTCTTATGATGTTAA,876
AATCTCCGGAAGATCA,875
ATAGCTATTCATTCAT,875
GATATATAATAATAAT,875
GCAAATGTCTTATAGT,875
TAACTGATTATCATGA,875
TGTGTAAACAATAATG,875
AAGGAATAAGGTAAAT,874
ACGATGCCCGACCAAA,874
CACAAGTGATGCAGGA,874
CTTCGAGAATCGCAAA,874
GGGTCAGGCTGGAACC,874
TAAGATTTCTTGCAGA,874
TCCATACAGAGAGGTA,874
TCCGGCCCGAAAGGCA,874
TTAGTAAAAATTCTGA,874
AAAACGAGATGATGTA,873
ACAAAGCTTAAATGGG,873
ATCGTCTAAACAAGGC,873
CAAGCATCGCGGCTCG,873
CAAGTAAATATCTAGA,873
CACGCATCATTTAAAA,873
CACTTCAGGGATTTCT,873
CGAAATGTCAGCGTAT,873
GTTGACACGTGACATT,873
TATCATGCAAAGACAA,873
ACCTGCAGAGTCTATG,872
ACTACAACACCGCCAC,872
AGATAAACTCCCCAAC,872
AGCGTGCAACGTACAG,872
ATCGTTATTATAACTG,872
CGAGGTTTAAATTTAA,872
CTCTTTCACCAACCCT,872
GCCAACAGCCGTCCAT,872
GTCCAATTTACCGCAC,872
GTGCAAAATTGAAATA,872
TACACGCCTACCAGCT,872
TATGTTCACGACAAAC,872
TGCAAGAAATAGAGAT,872
TTTAGTAAGAAAACTA,872
AAAGCGAACAAAATAT,871
ATGCAGACGTGGACTT,871
ATTACAACTAGAGCGT,871
TACGATATTGCATTAT,871
AAAACGCAAAAAAATG,870
AACTAACTTTAACGGA,870
ACCATAGGATGAACAC,870
CCGAGTAGATCAAAAT,870
CTGTACTTAAACCTTA,870
GAAAACGACAAAATAA,870
GGCATTGGACAATTGG,870
GTTTCGTAAAATACAA,870
TAAATACACATATAAC,870
TAACCTAGTTCACTTC,870
TAGCGTTATTAAGCTG,870
TTATCCTAGTCGCTCT,870
AATGGCAAATCATGGT,869
AGCCGCTGGAATCATT,869
ATTAATCTGTAGCAGG,869
CACATCAATCCATTGT,869
GAAGAGACCGTAAAGG,869
GCACATTCGCAGAAAG,869
GTCATTCACTACTGAC,869
TGATAAATTCCGTAAT,869
TGCCCAAGAGGAGCGA,869
TGGAAATCCGTATACC,869
ACATGACGTATCTATC,868
AGGCAATAGGCATTGT,868
ATGAGATGTTAAATAC,868
CTCAACCATAGAGTAA,868
GTCTCCTGAGCACACT,868
AAATGAAGACCGCATA,867
AAGGCGAAGTAACTTG,867
CGAGGGTCATAACGCA,867
CTAACGCGATACAGTT,867
GAATAGCCCCGCCGGC,867
GAGCCTAAATACGTGA,867
GCAAGGCCCAATTATA,867
GTGAAATACTGCACTA,867
TAAAGATCAATATACA,867
TCCCCACTTAGGTAAC,867
AAACAACAAAGCTAAC,866
AAAGCGCACTTGATCT,866
ACATCCACATCTACTA,866
AGAAACAAGTAAAATA,866
CACAAAAAAACATAAC,866
CCTCGCTATTCTCACA,866
CTAACCAAACAGGATC,866
CTAGCCCCGGCTAGAA,866
GGGATTTAGGCACTCT,866
ACATTAATCACGTAGT,865
CCGCCCGCACTCAGTC,865
CGTCGTACAAAGAGTT,865
CTATTCTATGACGGAT,865
CTCCTCACCATAGTAA,865
GTCCAAACAAACCGAA,865
TCTGATCGAATGTCTC,865
AAATATCTTGCGAATG,864
AACTCACAGTTAAAGC,864
CCCCATAGTCTTAAAA,864
GATTAGGTTCAATGGG,864
AAGTGATTATCTTAAT,863
ACGAATACGTAATGTG,863
ATACTCTCCCGTAATT,863
ATCTTCAGTGGAGTCA,863
CAGTTTCAACCCCCTC,863
CTAAACATATTACCTT,863
GAATAGACCTAGATAC,863
TAAATTACAGAAATAT,863
TACCGAAATTTGTGTC,863
TAGGGACAGTCTCTAA,863
TTCACGGTACTCTTTA,863
CAGGAGTTATACGACT,862
CATCAAATCCTTCTCT,862
GGAATAACACAGACCA,862
TCAAGATTATAGTGAC,862
TCTCAAGACGTTAAGG,862
TTAATGTACCTATACT,862
AAACTGAGCCCACGCG,861
AAAGCATTATATAAGG,861
AACTCAGCAAACGGGC,861
AAGTGGGTAACATAAC,861
ACCCGTATCGTGGCCC,861
ATGTTTACGCCTATCT,861
ATTACCTCAACATACC,861
CAAACAGCTAACAAAG,861
CATCGCATAATAACTT,861
CCTTCTCTTACTATGG,861
GGCATTGCAAGCCACC,861
GGTGGCTCAGAATCAC,861
TAAAGCCCATGTTACT,861
AAGTCACTAAGCCCGA,860
AATACCCTCATAAAAA,860
AGCCTCAAAACCGCAA,860
AGTTGTAGCAAATTTT,860
CCCCGGCGCTAAAACC,860
CGCGAATCATTATAAT,860
GAGTCGAAGAATATAT,860
GATTTATTTGGCCTTA,860
AACCGAGTCTCGATAG,859
AATGGATCTTATAAAA,859
AATTGACTTAGATCGA,859
CAATAGTCAGTGTGAT,859
TATGAAAATGTAATTT,859
TGCTCAGTAACATGCC,859
TTATGATCCTCGATGA,859
TTGCGGATGATCCATC,859
CCGATAGTACGCTAGC,858
CGAATCGCCAGGCCGT,858
CGACTTAAGCGTTACC,858
GCCCATTACAATGTTT,858
TCGAATTTATTTCCAC,858
TCTTGCAAATACGTAT,858
TGGCCTCAATCACTGG,858
TTCACGGTGTAACATC,858
AAATTGTTACTGTTAA,857
AGACCGATCATACTCG,857
GATTATAAAGGAGTTC,857
GGCTTGTCACACAGGT,857
TAGCCCATAAACTTAC,857
TCCGTACCTATCCACG,857
AAGTAAATGCAATGTG,856
ACACAATCCAGGTCTG,856
CAAAGTGAACAAAACC,856
TAACGACTAATCTCCG,856
TCCGAGAGGCGATATA,856
TTAGTACAGCACTTCC,856
ATGCCATTGAAAGAGA,855
GCGACAACGAATATCC,855
GGTCTTATAGCTTAAT,855
TACTAAACTTAGGTGA,855
TGGCCGTACACATGAA,855
AACAAGAATCGTACTA,854
AACACTCGAGACGCTG,854
ACCGACTCGTAACCGC,854
ATTACGGCATTCTACT,854
GATTCACCCAGTCAGA,854
TAAATTTGTACTAGGG,854
TCATTATGGCTATGTA,854
CTTTACATAGAAACAA,853
TCCAAGAAACCTCGAC,853
TGAGCCTAGGTATCCC,853
TTAAAGAAGTGACTAA,853
ATCATGAATAAATTCA,852
CAGAGGGTTACACGTT,852
CGGCTATTTAAATACA,852
CTTCATCACTTGCTAA,852
GAATAAACTCCGCATG,852
GCGGTAGAACAGAGCA,852
TATGATTCCATAAAAT,852
TCAATGAACGATAAAC,852
TGTATAAAGGTGAGAG,852
TGTCAAGATTCGTGCA,852
AACGGAAGTGATGGCA,851
AGATACCATTAATTGG,851
AGATATTAGGAACATA,851
AGGATAATGGCAAAGG,851
CACTTAAGGAAGATGC,851
GATAATTAGGAGACGG,851
GGAATCGAAATCAGTC,851
TCAACAATGTCCGCTC,851
TGGAACATATAAGTAT,851
TGGCCCCTAATAGTAT,851
TGTTCTCACGTGACGC,851
AAATGAAGCAAAATCA,850
ACAGATCGACCGATTT,850
AGATGACCCGTTATTC,850
AGCGTTACATGAAGGA,850
GATGTTTCGTACCGGA,850
GGAAAAATAACAAAAT,850
TAGACAGGTAGCAAGG,850
TTTTTGTTTGACGTAA,850
AGGTGAGAATATCCCG,849
GAGATACTTTTAACAT,849
TCATTAAGAGAGCAAA,849
TCTAAGTTTCAACCTA,849
AACATTTAGAGACGGG,848
AGTAAGATACACTGGA,848
ATAAAAATGAAAAACA,848
CGTAGCCACCGCAGAG,848
CTAATCCATAAGGCAA,848
CTGACAACATTTGACT,848
GAGAACTACCAAGCAC,848
GCAAAAACGAGACAAC,848
GCTGTCCATTCAGCAG,848
AGGCCTTATTCTAAAA,847
AGTATAATAAGATCTA,847
ATGTACTGAGAGACAT,847
CAGACTGCTAGCATAA,847
CCGGGCCCTCAGAAGG,847
CTAGTAAAGGCTTGAC,847
CTCGCCCATAAAAACA,847
GAAAAGTGAAGCTCAT,847
GAAGATCAAGATGAAA,847
TAATGTACTCTCAGAT,847
TACGATGGACCAGTGA,847
TGTACGTGACACGGCA,847
TGTATTTTCATATAAT,847
AATCACCTACCAAGAA,846
ATGCATCTAAGAGAAC,846
CAAAACACAATATCAC,846
CACTTACAAAAGTCAT,846
CCGTCCTTAAGGAGCT,846
CCTTATGACCCCTAAA,846
CTAACTCAGAATCGAC,846
CTCAGTATTTTTCTTC,846
GAGTAACCTGAAAATC,846
GCAAGATACAAGCGTT,846
TACTACACAAAACATG,846
TACTTTTGCAGTACCA,846
TATGGTACTGAATAGG,846
TCAGATTCAAGTGATT,846
TCCTTTGTAACAGAAG,846
AACATAACACCTGAAT,845
AATGTTGAATTTATAA,845
ATGGTTCAGAACCATA,845
CTCATCGATTGTTCCT,845
GGATAAATCGTATATA,845
TACCCGACGTGACTCA,845
AACACACACATCATCA,844
CATTGGCTCAAGATGT,844
CTAACGAGATACCATG,844
CTCTATCTGCGGAGAG,844
GCCAAATAAAATAAAT,844
TAGTAACATATATATA,844
TCAAACAATACAGAAC,844
AACGTACGATACCTAA,843
AATGCTGTAAAGGAGA,843
AGGAGCTAAAACGGAG,843
CCAAAGCAACATATTA,843
CCGTAAAGTTAGCGCC,843
GAGGAAATATTGACTA,843
GCTGTGCTGACCCTAC,843
GTGACACTCGGTACGG,843
TCGACCAACTGCTGCA,843
TGTTACCAATGTGTGA,843
TTAGACAAAAAATCCA,843
AAGAACGAAATAGACA,842
CGTAAGAACGGACCCC,842
CTAGTTAGCTTTAAAA,842
GAATCAGGTTATCGCG,842
TTACAGAGCAAAGATA,842
AATAAGAAACACGGGG,841
CTATATGAGGGGGTGA,841
GACAGTGCGTCAACAG,841
TCCTTCCTGTCCGGCC,841
ACAGGATCAAAAACTA,840
ACCGAAAATAATATAG,840
ATAAGCCTACAGTTAT,840
GCCTACGAATAACTGT,840
AAAAAACCTCTTTAGC,839
AATGGTTTCACAAGAT,839
ACTCAATATGGTAAAA,839
GCTAAACGTACACAAA,839
GGAAACGCGGTATGAC,839
TAATCGTACTATAGCG,839
TAGACTTACCCATAGT,839
AATCAAATACGAAGCA,838
ACACGGCAAATGTAAC,838
ACGAACTTCCTCTTAA,838
AGAATGAGGCATCTCC,838
CAAAACAAGGGATATA,838
CCCGTACACCCACTTT,838
CCTTTGCGCGATAAGA,838
TCCACTGGGCAGATGT,838
TTCTCAACGGTTGCAT,838
AAGACCGAGAACTACG,837
ACCTGCTGGCAAAATT,837
ATAAGCAAAACCTTTA,837
ATGTAGACCTAATAAG,837
CCAGTCATAGGGTGCA,837
CCCAGTAACTTACCCA,837
CCTTCTATATGAATCA,837
TTAATCTTAAGCCTAT,837
TTACTAGGAAAAAACT,837
AGAGATGCAGAACAGG,836
AGCATCCTTTATAATA,836
ATCCCTATATGAGGAA,836
CTGGATACAGAGTAAA,836
GATTCCGTAAACATGA,836
TTAGAGCTTCTTCTAA,836
TTAGATCAATCGTAGT,836
AAAGGGGAGTCTGACA,835
AAATAGCGAATTGCAA,835
AATATCAGCCTTAACG,835
AATCACCAGAGTTTCT,835
CATGGTTTAAGGATCC,835
CTAGGTTTACATCACA,835
GGAAACCTATTGACGT,835
GGTTATGAAAACCGGA,835
GTCAACAATACTCACT,835
TGAATAATAAAACCAA,835
AGTTATCCAACCATAA,834
ATGGGTCCTTGTTTGT,834
CAAAAGCATGATTCAG,834
GAAACTGCGAACCGGC,834
GTCAGATTATATACCA,834
TCAACATATCAATCGC,834
TTACCCACAAAAAGAC,834
AACTTGTAAGCACATT,833
ACAAATACTTTCATTT,833
ACACGTATATCTGGCC,833
AGATTCGACGTCTCCA,833
AGTACCGACATTAAGT,833
ATACTAGAATACAATG,833
ATGGCCATCCTATAAA,833
CAAAAACTCATAATAG,833
CATATAAATGAATGAC,833
GAACAACAAAATATAA,833
AAGCATCGAATGTAAT,832
ACAAACTCATCGATGC,832
ATGTGAATCAAGAAAC,832
ATTTTTCTAAAAAACA,832
CGACACTAACGAGTAA,832
CTGTGGGTACCATCAG,832
GGTCCCACCGGGAGTC,832
TACGACAATTCTATCG,832
AAAACCTTTAATGTGT,831
ATAAATTATAACGTAT,831
CAACTTTGACCGTCCA,831
CCACTGCCAAGTCTTT,831
GCAGTTCAAGTGAGAT,831
GCCCACATGTCTCTTC,831
GCGTACTTATTTTGTG,831
GTTGAACACAGTACGT,831
TCATCAATATAACAAC,831
AAATCTTTAGACAAAT,830
AATTTTCCAACGACTT,830
ACGATTGCAACGAGTC,830
AGCCGGAATCCAATAC,830
ATCCCAGAAACACTGA,830
ATCTAAATCGGGCTCT,830
GACATAGGTCACCCCT,830
TACTAGAGCTATGGTA,830
AACAGCACTGAATCTA,829
CATTGTCAAGCCATGA,829
CCGGTTGATAGGTCTA,829
GCCAAGGGATGAATAC,829
TATTACCATTGCCTTA,829
TCTTTCTCTAGCATAA,829
TGAAATAGATTAAATA,829
TGCGTTATCGGAACTA,829
AATAAGGGCGGACCAT,828
AATATAAAACAATGGC,828
ACAGAGAGAATCTATA,828
AGTCCTTCCTCGAAAT,828
CCACATCATAATGTTA,828
TCATTTACAACCGTAC,828
AAATGTAAGACAAGTA,827
AATGGAGATAGTTTCC,827
AGCTACCGGGTAAAAT,827
ATAAGACTTCCTACCC,827
CATTCATCCCCTTGGG,827
CGAATAGTTGAAACCA,827
GATAATATTTGGAAAC,827
GCAAACGAGAGGACCC,827
GGCAATCTTTTAATCT,827
TGATAAGCCAAAAGTC,827
TGGAGATATTGTGCAA,827
TTTTAAAGCTTGATAA,827
AACTACATTAAAATCT,826
ACCAAAAAAACACAAC,826
GAATGGATAGGTCCTG,826
TATACGATTAAACGAG,826
AGTCGTCGGCCAGTGT,825
ATAACTACGGAATGAC,825
ATATCTTCAGCCCCAT,825
CCCCAATGCTTCCTCG,825
GAACCAAACAGTTGTC,825
GAAGCGCCAACATCAA,825
TCGGCACACCACAGTT,825
TTATATGCTAATCTGT,825
AAAATTCCCTTTAATA,824
AAGACAATCACGATAC,824
CCGATTTTGTTACGCA,824
CGAGAGAAGAACACGA,824
GACTTCCCTCAAGGCA,824
TACCAAAACTACAACA,824
TCCAAAGCACCGCTTT,824
AAGAATTTCCGCATGG,823
AATGATTCAACAAATA,823
ACCTACGCTGAGTGTA,823
ACTACACCACGAAAAC,823
CAACTTTCTATCGACC,823
CATGTATAGTTACGCT,823
CTACAAAAACGATAAA,823
AAAAATGCACCACGCA,822
ACAACGAAATTAATAG,822
ATTTATACCAGTTCTT,822
CAAGGACTCGACAGGA,822
CATGTTTTCGAATTTA,822
CTCCAATGAATGACCA,822
AGCAACGTTTCTATAT,821
CCAAAAATCAGTATTA,821
CCGTTCCTCTTTAATG,821
CCTCCCTTTAACATTG,821
GGCTTTAAGAGGATTC,821
TGAGTTCCATACTAAC,821
AAATCATAATTACGGT,820
AGACAAGTCGTAAAAC,820
CAAGTTCAAAGCCAAG,820
CCTAGGATACTCAGAA,820
TAAGTAGATCAGAATG,820
TACCATCTTAGATAAT,820
TATTTCACGAATAAAT,820
AAGAGGGGCATTAATA,819
ACAATTTTTAAACAAT,819
AGTTCAATTTTATTTT,819
ATTATTACTTAGCCCA,819
CTAAAAACATGCTTAC,819
CTATACTGTTGGCTTT,819
CTTTAATTGATAGATC,819
GGATGAAACATGAATA,819
GGTAACCAAACCTTCA,819
GGTGGTGAAAGGTTAC,819
TAAAGGGTCTAGAGAA,819
TGATATAAAGTATGTT,819
AAATACCATTAAAAGC,818
ATAGCCTGTGACATTA,818
CAAGTGCTGACAAGTC,818
CAATCTTTTGAATGGG,818
CAGACTATAACTCATA,818
GTTTTAATCATTTTAA,818
AATAAACGCTTAATCA,817
ATAAGCCTATGTATAA,817
ATATGAATCCATAGAC,817
GAATCACAGATACGAT,817
GAGCTTAGTACATCAT,817
GCCTCACTTTAAAAGA,817
GTAGAAGACATATATT,817
TATACGAATTACAAAC,817
TCGTTCAATAATCCAC,817
AAGGCCACAATCCCAT,816
AGAAGCGCGGACTTTG,816
AGTCAATGTGACAATT,816
ATATCCCACTTACAAA,816
CACTCCTAGTGAGGAT,816
CAGTAGACCCAGGCTA,816
CTACCGACATCCTCGC,816
CTACGCTTATATAAAA,816
GTAAAACCCAAAAGCG,816
TAAAGTATGCCGGGAT,816
TAATTTAGTTATAAAC,816
TTTTATCAAATCTAAA,816
AAAACATCAATGTTAT,815
AACCTGTACTTCAAAA,815
AGAGAAAGGAAATATA,815
AGCAGACATAATCGCA,815
AGCGATGCAATTATAT,815
CAGCGAACGCTTCATG,815
GCAAAAACCCATGTCG,815
GCATGAACAAATTGAT,815
GCCGTAGTCAAGAAAA,815
GTAATTTAAACTCGCT,815
TATATCGTAGGTTTTG,815
TATTTTGAGGTCGTAA,815
TCTAATGGAATATCTA,815
AAATCATTAAAATAAC,814
ATCATTCCATGACTTC,814
CAAAAAGAATAAGTGC,814
GCTGCAAATATATTGC,814
GTAGATACATTAAATC,814
AACAGTAGGTTGTAAG,813
AAGAAAGTCATTAGAA,813
AAGACGAAGGGATATC,813
ACAACAACAATAATGT,813
ACAACAGCGGAAGCGC,813
GAAGCTAGATAACAAG,813
GCATGGGTTCGACCGT,813
TACCGCGCAACACATA,813
TATAAGAGGATTCACG,813
TGAACCGCGTACAAGG,813
TGAAGAGGGTCATGAT,813
TGTTAGATCAGCCCAT,813
TTAAGGAGCGGCCTCA,813
TTAGTAGGTGCCTAAA,813
AACGAGTAACAATGAG,812
ACAACATTGTGCACAG,812
AGACCAACATGACCAA,812
ATACTCATCAAGGCGA,812
ATCCAAAATAATAGAG,812
ATCTCAAAAGGGAAAC,812
ATGAAACGCGATAGAT,812
CCCCACGATAACTACC,812
CGATCAGGACCACGAA,812
GCGTAAAAACTGCCTA,812
GTAACACAATACCAGA,812
TTCATACTTAAACTGC,812
AAATTCACTACCCGCA,811
AACACAACCCGATAAT,811
ACAGACTATCATACTA,811
ACTCAGAAAGTGCTTT,811
ACTTACCAGAAAGTCA,811
AGGTCACTCGAGCTAA,811
CAAAGGACTAGACGGT,811
CATAACATCAATTTCC,811
CTAGCCATCGCCCAAT,811
TGCCAAACAAAAAAGT,811
AACCATACTACAGTGC,810
AAGAGCGGTTCGCATC,810
AGAGGGATGGCTACAA,810
CCAATAAGGTGCCCAG,810
GATTAAGAATACCAAA,810
GCAAACCAAAGGGCTG,810
GCGGCTCAGTTAAATA,810
GTGACCATCGGATGAA,810
TGTGGATATTCTATTC,810
ACTCCAGGTATCCCAG,809
CCACCATAACGCTTAC,809
CTCTAACTCTTACGCC,809
GGCTTCTTCTGAACTC,809
GGGCCTGAGCTACGCA,809
TAACGGCCACTTTAAC,809
TCAGTTAATGCCATGA,809
TTTGCGTTAGCGCCCC,809
ACGCAGGTTTCGAATG,808
AGATAATCAACCATTA,808
ATCCCCGAATTACATA,808
GGTCGTAAGTTGTCAT,808
GTAGAATCTATTCAAC,808
TCATTTTTAAATATTG,808
TCCCCTCGACAGCGGC,808
TGATCAGGCGACCATT,808
AAATACGTAAATAAAA,807
AAGACACATCGGTAAC,807
AAGATAGGATGATAAC,807
AATCATCAGGTTTAGA,807
AGATCCCTCAAATAGA,807
AGGAATCCGAATTGTT,807
ATCGAAAAATCAAGCT,807
CAAACAGATCAAATAC,807
CAGTACGCTCAGCCAA,807
GCCGATTTATGGTAAT,807
ACACCAGACTACGTAA,806
ATGAACTAAAAGGTAA,806
GAAATAGCTCTAGCAT,806
GCTCCCTAGTAAAATA,806
GTATAAAGTCGCCTAT,806
TACCAAGACACGTTCC,806
TAGCACTACTGAAGAT,806
TCTAAAAAACCCTGGT,806
ACACACCGAAGTACAA,805
AGACTATGAAATTTAA,805
CTACTTTTAGTTTTAG,805
GAACAAAACTACAGCA,805
GATGCTCCAGAAACCA,805
GGATATAATAAAGGCG,805
GTCCTTAGTCTAAGTT,805
GTTCCTCTAACATAAA,805
AGACCTGTCCGGTTAA,804
ATGAAGACATACAGGC,804
CACATACAACCCTGCA,804
CACTGACATTATCAAG,804
GAAATTACCCGGATTG,804
GCTATCCGATTATCTA,804
TATGTCACACAATATG,804
TCAAATAATGGCAATA,804
AACCTTCTAAGAGTAA,803
AACTGTGTGCGGTCCC,803
GACGAAAAAGAAGGGC,803
GCCCTTTATACAACCC,803
GCCTCAGCCCGAAGAT,803
GGAAGACGTGATATCT,803
GTAACGAGTGTCAACT,803
TACAGCTTGGTGGCCG,803
TGATTCCCTCGCCTGA,803
ACACTCTGGCACCAAG,802
ACCAATACGTGATTGC,802
ACGGATACGCAATCTG,802
ATTAATAGTGACATCA,802
GCGTCCTAATAAGGGG,802
TAGGAGAATACATATC,802
TTACACTGAGCCTAAC,802
TTGACGGATAAAATCG,802
AAAAACATAAAAAAAC,801
AGGGATCAAACGTGTA,801
CAGGGCGGGAAGAACA,801
CGTTTTCAGATACTCA,801
CTGAAAATTGTCTAAA,801
GGCCAGAGTCACTCAA,801
ACGTTTCTAACACAAC,800
ATAATATCAAATATTG,800
ATATCGGGAACCCAAT,800
ATTCGTACACTACGAA,800
CACATGGTGACCAGCC,800
CCGATAGTATCCTCGG,800
GTAGCAAGAAAAAGAC,800
GTTAAGCTATTAACGA,800
GTTTATTCTATCACTG,800
TGACTGTAGACGAAAC,800
AACAAGTATATACTCT,799
AAGTTAACACAGTGCG,799
ACCGATTAATTACACG,799
ATCATTGAACACGCAA,799
ATCGCATACACAGTAC,799
TAGAATAACAATGGAC,799
TCGTTAAGGGTTCCAA,799
AAAACAGCGCTCCACT,798
CCCCAAACCCCTAATC,798
CCCTTTATACTCAAGA,798
CGAAACTTGATAGTTG,798
CGTAATATAGAAAGAT,798
CTTTGAATCAGATGGA,798
GACTATTTGCTACCAT,798
GGTTTAAGCGCGAATA,798
TAAAAACATAAGCCCG,798
TATAAAGAACACTGCT,798
TCGGTAACTTCAAAAC,798
ACCACCACCCATGTAT,797
CGTCAGTTGACCACAA,797
GTATCCCTATGTTAAA,797
TAAATCATAGCTTATC,797
TTGGCCTAACGGAGTA,797
AGGACCTAATCGAGTA,796
ATGCTGCGACGGCGCA,796
CGAAGAAGAAGACTTA,796
GGGATGTACAATGTCA,796
GTATTAAAGCATCCTG,796
TTCTTGCGATGAGCGC,796
AACGTAACCTCTATAT,795
ACTAAGGCCCCATTGT,795
ATTACGGACCATGCGG,795
CAGTAATTAAGGTTCA,795
CATTCGAATAACCAGT,795
CCCCTTTATATCCGAC,795
CTAAAAAACAACTAAC,795
GAGACACACATGCTAT,795
GATACATATACGGATC,795
GGGAAAAAACTTCAGG,795
TCTGAAGTACCCCATG,795
TTATATTGGGGGATAC,795
ATATAAACCACTCCTT,794
CCATACCTCGAAGACG,794
CCGTGTTGAACAAACC,794
TAAAGCACCCAATAGA,794
TAACTCAACCCATCGG,794
TCCGTATATAACCAAA,794
TGCCTCCATGGAACGT,794
AACGAATTGTCAATCC,793
ATACATCCGCAGTAAT,793
ATCTCAAAACATAGAG,793
ATTTCAAACGAGCCGT,793
GACTGAAAGTAGACTA,793
GCAGAGGGTTGCTCAG,793
GCCGAGCTTATAACAT,793
GTACTACTGGACAGCA,793
TAGCTAGAAATTTCTA,793
TGGGATAATGGTTCAT,793
AGATGCGACTTCTGCG,792
ATACGAGGACGATTGG,792
GACAACCTAGTACTCA,792
GTACAGAAATCCTATA,792
GTATTAGAAACACAGA,792
TAGTTATCCACGAGCG,792
TTGGAACTTTGCTTCA,792
AACAAGGGACATTAAA,791
AATATCACCAATCGTT,791
AATGAGAGGACTACAA,791
AATTGAACTATAGCAA,791
AGCTAACCAGATCGAA,791
CACCACTTGGTTGTAG,791
CCCGCCGTCAGCATAA,791
CGAGAATAACTCAGGT,791
GCCCAAAGAACGCTTC,791
GCTCAGCGAGGCTATC,791
GGTCGCCCTTTTATGC,791
TGCCGCGACGGTCCAC,791
AAAGATGGATACGCGC,790
ACAAAGGAGCGACTTA,790
ACGAAACTCGTAGACA,790
ACGAATACAATGGTCC,790
AGTGACATTTTCACAA,790
CTTTCATATACAACCA,790
GCTTACGAGAAGTAAT,790
GGTCCTGCACTGAACC,790
GTGTAAATATGCCTAA,790
AACCACAACTAATATC,789
AAGTTAAATAATTACC,789
AATCCCATGGTTTACT,789
AGAAGGAAAATAATTC,789
ATGAAAAAGCAATTCT,789
ATTCGAAATTTCATGT,789
CCCGTTGCTAATTCAC,789
CGCCGATGTATCCTAA,789
GAAAATTAGATATCTA,789
GGCAAGGAGATTCAAA,789
TAAAATCATGACATAC,789
TTGTACCAAAGCTCCC,789
AACCAATCTCTCACAG,788
ACGAAAGATTCGCTTC,788
AGAGTATACTCAAAAG,788
ATTAGACCTTACACTG,788
CATTTATAACTTTCAG,788
CTAGGACACTAACCAG,788
GTAATTATACGGCTGC,788
GTTAGGTTGCAGTAAA,788
TGTAAACGTCTGACAC,788
AGGTCTTACATCAAGG,787
AGTATCTAGATATTCG,787
CCACACTCTAAAAGAA,787
CGCTCACTAGACGGCT,787
TCCATATGAGACCATT,787
TTAAAACTGCCTGAAT,787
AACAAAAACCCAAATC,786
AACTTGGTAACTAATG,786
AGACACAAGTGTGCAG,786
ATAAAACTGAAAGTTT,786
ATGAGAACCTCCGTGC,786
CTCCGAAGAATTAAGA,786
CTTATTGCCTTAGTTG,786
GATGTGAAATTTTGTC,786
TGTATTAGAATCCAGT,786
AAACTCACGAGTGTCA,785
AAATAACCGAAGGAAT,785
ATAAAGAATGAATGAA,785
ATTAAGAAAAGTCAAT,785
CCGCATATACGAAATG,785
CTGAAAATCCCTATTC,785
TGCTCAAGACGCACGT,785
AATATGCGTCGCAATC,784
ATCCATAGTCACGGGA,784
CGGCCTAAATCTTCTA,784
CGTACGCAAGGTCCAA,784
CTCTCGATTCAATATA,784
GTCATTACACCTAAGG,784
TACCTATAATTGGGCG,784
TATTAACCTATACTGA,784
TTTACAACAAAAAAAG,784
ACATCCAGCACTTGGA,783
ATACCCTTACGGTCCT,783
ATCTTTAAACCCACTG,783
CATTAACTGAATTCGG,783
CTTGACAAACACACCT,783
CTTTGAAGGCAACAAA,783
TAAAGTAGGTTTTGAC,783
TAAGCCTCTCTACTAT,783
TCCAATGTTCTAGCAT,783
ACGTCTAAGGGCTATA,782
AGTAACCTCCAATCCT,782
CGACTCCGAGAACAGC,782
CTACAACCCATAAAAG,782
CTACAGGAAACATAAA,782
GATGAGCGCCCCTCTA,782
GCTAAAAATGAAGTAA,782
TTTTGAAAATTGGTGT,782
AGTCAATGGTTGGTGA,781
TAAGGCAGAAAATTTC,781
TTCACAACACCAAAAA,781
ACAAAATGAATTGCCA,780
AGCGCAGACCCAGTAA,780
ATGGTAAAGCGGATTC,780
GAAAAGGAAATAAGAA,780
GTGCCTCCTTAAACTT,780
TACGAGACAGGACGAG,780
AAGTAAGGAAGCAAAA,779
AATTCCCATACAGACA,779
ATAACGAATCAGAGAC,779
ATTACGCCAGGACCGA,779
CAATTGAAATGAATCC,779
GAAGCTAAAGACAAGA,779
GGAATAATGCCGTCAT,779
TTACGCACCGAAATTG,779
TTGATTCAAAAGAACA,779
AAAAAGCAATAACAAG,778
AAGGATCTAATAATTT,778
AATGCTTATGTAAATT,778
AGTCTTACAAAAGAAA,778
CCGAGCATAAAAGAGG,778
CTTTCAGTTACCTTAA,778
GAAAGGTCTAAATCGT,778
AAGCCCTTAACATAGC,777
AATTCACGAACAAAAA,777
ACAAGCGACATTTCTA,777
AGAAGTGGAAAGAGTT,777
AGCCTTGAATTCGACA,777
CTGGTAGTCCTAAACG,777
CTTCAAACACCGAACA,777
GTAAAAAACGACTGTG,777
TACGCAAGCGCAACCT,777
AAAACTATATAGTTCA,776
AAAATGTATATGAGAC,776
AAATTGGAGTGAATTA,776
AACAAGACCCCTCAAC,776
AATCAACGGCGCGATA,776
CAAGCCCTCCCCGTGA,776
CTAAGATCACTTGTTG,776
TGTTCATGATTATAAG,776
TTCGAAGTATCATCAC,776
TTTATCGGGCTGAAAC,776
ACAAGAAAGATCGGCA,775
AGGGTTAGTCTTTACC,775
ATTATAAGATTCGTGA,775
CCCAGACTAAAACGGC,775
GACCAAATTAGTCCAG,775
GGACACTTACATTTAC,775
GTCAAATAACAGATAC,775
TACAACGATATTCCCC,775
TATAAAATATACCCGC,775
TATAAATCCGGCGTGG,775
TCGGATAACAGGAGGG,775
AAGGCCGAGCAGCAAC,774
ACTGCCTGATCTTGGC,774
ATGTTCAAAGTATGTG,774
CTAAGATTGGAAGGAC,774
CTCTACCTGACGCATT,774
CTTTAGTTTCGTTATC,774
GAAAAAAACCCGATGT,774
TAGCGATGGAACAAAG,774
ACAGTCGATAAGACCG,773
AGACCAACTATCATAA,773
AGCTCAAACCACAATA,773
ATAAGAGACAACGTGC,773
CAAAGAACATGATTAC,773
CAATACATAAATCACG,773
CGGGCAAGTAAGCCAG,773
GAACACTGCCACGGGA,773
GAGAGAAACATTTGAG,773
GTATCTCTTTAAATCA,773
TCGTCAAATATTAAAA,773
TTCAAGGGTGCTGAAT,773
ACCTTGGCTCAAGTAT,772
AGAACAAAACACTGAT,772
CCAGAAGCTCTTATGT,772
CGATTTCCACATACTA,772
GATTCCCAGACACGAA,772
GTGGATTGAAAATTCA,772
TCCTGGGGAACCCCGA,772
TCGTCACCAATGGATG,772
TGGATCAGACAAAGGC,772
AAATGGCTAGATATCC,771
ACGAGCGCGCATCTAA,771
CACCATAGAAATTAAC,771
CCGTCTACCCAGAGAT,771
GACCCCTCGCCAGCTA,771
GAGCAAACTATGACTA,771
GTGCGAAGAAAATATG,771
TCTGGATCCGCTAGAT,771
TTTTATAAAGGAATTT,771
AAGCACGTTCACATTA,770
ACCTTAGAAGTAAACA,770
CACGAATTTTTCGAGA,770
CGAGTCTCTTAAGCAG,770
CTCTATTTCCAGTTAA,770
GAGAAAATAAAAACAG,770
TAACCTAAGATTGTCA,770
TTATTTATTAATTCCA,770
CGAACATTTGCGACAA,769
CGAGCGGTAGTATACC,769
TCATAGTCATATAGAT,769
AAGAAGATCTAACCAA,768
ACAATAACCTAAAATA,768
TCACGAAGTTGTGACT,768
TGGATATGCTACAAAC,768
CAGAAGGAATTCAACA,767
CCTTTAAAATCTAGAA,767
GACCTCCGCATCAGGG,767
TAAAATACCCTACATC,767
TAATCTCGATAACTTC,767
TTGATATTGCGAGTTT,767
ATCAATTTTGACGGAT,766
CACTGTTGTACTAATA,766
CCCGTGGAACTAGAGT,766
GTCAACTGTGACTTTC,766
TGCAACGCAAATGAAG,766
AACTCATAGTCGAAAA,765
CCGTGCCTTCATTCAC,765
CGCTACAGCGTCTTCG,765
GACACAAATCTACACA,765
GCGGTCAAAAGTACAG,765
GCTAAAGTCATTTGTG,765
TTCTCACCACTACCGC,765
AAAAAGACATTCCGAG,764
ACAACACGATCATCTT,764
ACAGCAAGTCAATGGT,764
AGACTGAAGTTAAACC,764
AGATAATAAGTGATCC,764
AGCAATTAATCATATG,764
ATTCCAACGTGCCCAC,764
CTAAATACACGCAATT,764
CTTAAAGATAATACAT,764
GAAACGTCCGCCAACT,764
GATCCAGAACTATATA,764
GCCTTTTGGAAGAGAC,764
GCTGAACAAGCGAGAG,764
TGTCAGGGATAATATG,764
AAAATGAAACGAACAC,763
AATGTACCTACGCAAA,763
ACCTAGAGAATTGAAA,763
ACTATCCAAAAAAGAA,763
ATCGTCTCGAATACCA,763
ATGTCCTACATTGTGC,763
ATTATCCGTCAAAAGA,763
CATAAACTATGAGAAA,763
CCGTACACTAAACAAA,763
ACCCAATAAACGTGCA,762
ATCAAAGAAGGGAAAA,762
CAACCATAATTACTAT,762
CGAACTTGTACAAGAC,762
CTTATGAAATAAAGTA,762
GATTGATAAGCATCAA,762
TGAGGAAATGATGTCT,762
TGGGATCGTCCTGTTT,762
AACGAGCAAATAACAC,761
GTAAGGACCATAAGAT,761
TCGGCCAATTTGTGTG,761
TTAATATAAAATTAAC,761
TTTTAGGTATTAATAT,761
GAATAATTGTAAACAA,760
GATTAACAATATATTA,760
GTAGATAAATTATTCC,760
AAATTTTTTTATCCCT,759
AAGATCTGAGGGTCCA,759
AATTCAACCTACACTA,759
ACAAATATGATACCTA,759
ACTAATTTAGTGATAG,759
CGAGGCTCAATGCCAC,759
CTAGACTATGCAGCAT,759
GCAATTGACTACAACC,759
GCACCTTAATGTACCT,759
TACACATGGAACAGGA,759
TAGGCCACACTCACGA,759
TCCCAATCACTAACCA,759
ACTATTCTACCTCGTC,758
AGCACCCTCGGGTAGC,758
CCAATATTTCATTATA,758
CTCTAAACTCAACTCA,758
GTAAAATTACAACCCT,758
GTAGAATAAGAGAATA,758
TCAACAATACAAGGAG,758
TGACCGCCCTAGAGAG,758
AACATTCAGTAGACTA,757
AAGGATCCGAGTAGAC,757
AATGTCCGGACCATTC,757
ACCTAGTGCATAAGCC,757
ACCTGTCGCTAACGAT,757
ACGACAAACTAAGTTG,757
ACGCACAGGGATGAGC,757
AGCAAATATTGACGAG,757
AGGGCACACAATAAGG,757
CAAAAACTCCAGGTCT,757
CGAGCGTAACACCATT,757
GACTAGCCCATTGAAA,757
GATTGCAAACAGCTAG,757
GTATATGGCGATCAAC,757
AACGAGAATGAAAATT,756
AATGTTTGTTAAACTT,756
AGAATAGATTGATCTT,756
AGGTATTAATCAAAAT,756
CAAAGCTTAACCATAA,756
CTGTAAAGAATCCCTG,756
GAATCCAGTCAAGACT,756
GAGATTCGAAAGCTAA,756
GAGGCTCGTTTAGGTT,756
GCTATTGTTACCAGTC,756
TACATTCCAACCAACA,756
TGTCCAGAGCCCCCAG,756
TTGTAGCTTCGCGTGT,756
AAAAAATCTGCTGGAC,755
AAAATATACATTACAT,755
AACCATTAAACCAAGT,755
ACCCAACAGAATACAT,755
ACCGGAGGTCTAAAAT,755
AGTAACCCCGAAAATG,755
AGTCTTGGCCAAATTC,755
CAATTTAATAGACTAC,755
CCAGAACGTTAAGTAT,755
CTTATCACCGGCGCGT,755
GAATAATAAGATGTCC,755
GCACATTCATTGCAAT,755
GTTTCACGGAGTCGTA,755
TATTATTCGGATTGCC,755
TTTTTCGGCGATATGC,755
AAGAGTAGAACGAAAC,754
CGCACTCAGTCTATCT,754
CTAACGATTTTGATCA,754
GTAGCCCGTTAAAATC,754
GTGCCTTCTTCAGAGC,754
TACTAGACCAGGAATT,754
TAGTTTAAGTTCCCCA,754
TGACCTAACGATGCCA,754
ACGGGAAACATAATCG,753
AGGCAGGTAAACAGAA,753
CAACCATGTCGAGCTT,753
CCATTAAAATACGAAG,753
CGCACAATCTGTTTTT,753
CGGGTTCACTATAGCA,753
TAAACTAAAAAAAAGC,753
TCATGCAGGTTCATAA,753
TGTGATAACGATCAAT,753
TTTAAGAATCTGGAAA,753
ACGAAAGTTCTCTACG,752
CAACGTGCCCATATCG,752
CCACTCAGTACCATGG,752
GACACTAGGCAAAAAA,752
GACCCTTATCGACACG,752
GAGATGTTTGAACTGC,752
TGGTCTTAAGACAACA,752
TTATAATAACCCCCCT,752
TTCGTAATCAAGTTAA,752
AAAAAGAAGGAACAAA,751
AAGCGGCCTAATATAG,751
AATAAACCAGCTTCTA,751
CAATAACCTCATCTAG,751
CAGATGGACTATCAGA,751
GAGTGTCCTCACTTAC,751
GCCCCCAAAATTTTAT,751
GTTCCATAAAGCTTAA,751
TGAATCGACTATCCAA,751
AACTCTTTGGCCATGC,750
ACACCAGAACTAACTC,750
AGCGATCCAAAATAAT,750
CGAAAACGAGTAAAAG,750
TAAGTCTAATCGATAT,750
TACCAACCGCCGACTA,750
TCAATGTAGCGTAATG,750
TTATAATCCTCCTTTC,750
AGAACTATGGTTAGTA,749
ATGTTCATAAACGGTC,749
ATTTATTCCCTAGAGT,749
CGCCAACGCCCACCAA,749
GAACCACTCTGAATAG,749
GCAAAGGGACACAATG,749
GCCCCGTTCGATAAAC,749
GCCTTAATATACGCTG,749
GTGTACAACATAGAAA,749
TCTCCAAGCCCTCCCT,749
TGAGAAACAGTATTTT,749
AGTCTTCCCCTCACAA,748
ATTCCCAGACCCGAAT,748
CAAGCAAGTAAATACA,748
CATTACGAATATCGAT,748
CCTCCTGATTATCCTT,748
CTTGCCATCCTAAAAT,748
TGAGTTTACCGGGGAA,748
TCTGCGGCTTTCCACA,747
ACTGGCCCGGAGACAA,746
AGTAACAAATTGGGAT,746
AGTTATTTTAATCTAT,746
GATTCGTGTATGTCTA,746
GCATATACCAGCAAAA,746
GCTAACTTTTAGAATC,746
GGCGACCATCTGCATT,746
TTCTCCAACATCAAGT,746
TTGTACTCCAGAGACC,746
TTTATACCACCATCAC,746
TTTTGCTCTCAAACTA,746
AAAAGCAAAAGCTTCA,745
ATAACTAGTTATGCGT,745
ATTCCAGCCCTGGTTA,745
CAAGAAAATAGTCTTA,745
CCGAAACAAAAAAGGA,745
GAAGAAGAAGTAGGTT,745
TAGATCGACAGAAATC,745
TCCGAAAATCGGTCGA,745
TTAATCTATTCACAGA,745
AATACAAAGATTTCAC,744
AATATACCCCCTAATC,744
ACCATCTACTGGCGCG,744
AGATTAAATTGCAAAG,744
AGGATCAGCACCAAAA,744
GCGTCTACAATATGAA,744
TGCTTTAACTGCAGCG,744
AAAACGACTCGCCACC,743
ACAGAACATGTTCTGT,743
ATAACAGAGCGTTAGA,743
CTTAAGTCCAACTAAA,743
TCTATCGATCCATAAA,743
AATTTATGCAGACAAC,742
ATCGCCGGCTGCCAGT,742
ATGCCTCTCAAAAAAA,742
ATTCCAGTCCTATGCA,742
CAATGTACGAAATGTC,742
CCTAAATTAACTCCCC,742
GACAAAAGCAAACCTT,742
GAGGCCGCCGTATTAT,742
GTTTGCCCATCAAAGA,742
GTTTGCCCGAGCAATT,742
TAAAGGTAACGGACAC,742
TAATCGAAATACTTAA,742
TCAACTAGGATATCTC,742
AACCGAGAGTCTTATA,741
ACATCATTTATTATGA,741
AGTTATGAAAATTGTA,741
ATATTAACTCTACATG,741
CAAAGAGAACATTGGG,741
CTCCCCAGGAAATTAA,741
GACTTAATCAAATTCG,741
GCAACAGTAATTTGAA,741
GTTCGATTTCTCTAAG,741
TTGTAAACATAGATTG,741
ACGATTACGTACTCTA,740
ATGAGCTCAACCCAAA,740
ATGGGGCCGACAAAAC,740
CAAACTAATAACGTAT,740
CAGCGGCCTTACTCAA,740
CATTAATATGTAACAC,740
CGAATCGGCAGAAACC,740
CGCACTACTATTCCTA,740
TAACACTCTTCTCTGG,740
TAATATTGAATCCGTC,740
TTGGTTAAATCCCAAC,740
ATGCCGTGAGCACAAT,739
ATGTCCGCCCTCTAAA,739
TCCCTAACCCCATCTT,739
AAAAATGCCTGCATTA,738
AAAACTGATGATTCCT,738
ACATAACTTGATTACA,738
GGCAATGGTAAACAAT,738
TAAGAATTGAAGCAGT,738
TCTAAATCATCAAAAC,738
AAAGACTAGCCCTTAG,737
AATCGATTAGCTGTAA,737
ACAATTTCAGCACTGG,737
AGATCCTGATTCTCAA,737
ATCTAAATTTCGGATA,737
ATGCGACGTCAAAAAG,737
CAGCACAGACTAGCAA,737
CGTATCAAAAAACAGA,737
CTTTTAACGTTAAACC,737
GCCAAGTTAGTCAAAA,737
GCCTGCGCATTCGGAA,737
GTACCAAAACAGTGGA,737
GTGCTTACAGATGGAA,737
TAAATACGATAATGCA,737
TCCATATTGCCTGTTG,737
TGAGGTCTTTTATTAA,737
TTATCAAGAGCGCAGG,737
AAAGAGCCAGTCGATA,736
AAGATCACCCAGTAAT,736
AAGCACTTCCACGAGC,736
AAGGACCCCATAGATA,736
AAGTAGTAGGTAAAAT,736
ACAGACAATTGAAAGG,736
ACAGGCGGGATGGTAA,736
AGAGAACCGAAAAACC,736
AGTAACTGATAGCGAA,736
CATCCGCGGAGCACCA,736
CCTCCTCCCGGAGGCA,736
CCTTACCATATATTCA,736
CGGCCATTATATGGAC,736
CGGGCTAAAGAGGCAC,736
GGCCGGGACTTCAATC,736
GTCAAGAAATATTTCA,736
TACCCGATGAGTGATA,736
TTTTTCAATAAGTTTC,736
ACAAAAAAAATTAAAC,735
ATCTAAGCGTATGACC,735
GAACGGGTTTCGAACC,735
GCCAGCGAAATTTTCA,735
GCCGGGTTTGCTAGCC,735
TACCGAGTTAAGAGTA,735
TATAAACATGCACGGT,735
TCTAAAGTAAACAAAG,735
TGGAGCCGAAGTTTGG,735
AACCTAACAGGTTGAT,734
ACAATCACACGCCCAG,734
ACGCGTGTTTTCGAGG,734
ACGTGAATACTGTAAG,734
AGCCTGGCCATCTCCA,734
GCCCTCAAAATACCAA,734
TGACGATTATTAACGT,734
TGGGAACGCAACAAAC,734
TTACCCATTCAAGGAC,734
TTACTTTGTCAAAGTA,734
ATACACAAGAACTAAA,733
CTATAAAGCGATTTCT,733
GCCCTTACCTGGCTCA,733
TCAAGTTTCGAAAGTC,733
TGAAAATTGCCAATTG,733
TGACCATACCTAAAGA,733
TGATGAAGGAGTGCAA,733
TTTTAACCGCGAGCAT,733
CCACCAAGAAGATCAC,732
GAGAATTCTCGAAACA,732
TCAAAGTCAGGTTAGA,732
TTTAAATATTTAACCA,732
AATGAGCTAATCCTCC,731
AATTAAGAGCTCAAGC,731
ACCGCCATTGTTTCAT,731
AGCAACGTACAGATCC,731
ATGTACCAAAAAGTAC,731
CATTTGACCATCTCTG,731
CCAAAGTATACCAGGA,731
CCAAATTCTTTTTGAA,731
TAAAATGAGACTCTCC,731
TTGACGCCAGACACGA,731
CATATACGGCACTCTT,730
CCGAAGTCCTTTAAGG,730
CCGGCTTTCACTTATT,730
GACCGTCTTAAACGGG,730
GACGACGGACATATCC,730
GAGTGGGATGACGATT,730
GATCGTGCTCCTAAAA,730
GCAAAACATGGCTAAA,730
GCTTAATCTCAAGGAG,730
TGCTAACGCTACGTGG,730
AAACACGAACATGAAA,729
AATGTAGCTGAATGAC,729
ACACTATTTGCAGAAA,729
AGTTTCTAACCTAATG,729
ATCACTTTTATAATCG,729
ATGAATAAAGACAATA,729
CAAACATTCGCTAAAC,729
CATGGTGATAACACTG,729
CTTGAAGCCACCCGCC,729
GAAAAATTAACCAGGT,729
GCACTTAATGACTGGG,729
GCGGCAATCAAACTAC,729
TTGGCTTTAATACCCA,729
AAACGGCGACTACTCA,728
AAGACTCGAAAGAATT,728
ACACACCGATACAGTG,728
ACCATCGGGTGCTTTG,728
ACCGAACGGGCGTTCA,728
AGATAAGATAATTGTA,728
CACAGAGAGAGTAAAA,728
CCAAGCCAACTAACTA,728
CCAGGATTGGCCATGT,728
CTGCCGTTGCGCAAAA,728
CTTATTACGTCAAGCA,728
GACAACAACGAAAGTA,728
GTTGAAGAATCCTCGT,728
TACAATTAAAAATATG,728
TAGAGCATATGAGAAG,728
TAGGGCCCCGACATCT,728
TGCCATAGTAATAAAA,728
AAAGTCCGCAGTGTGG,727
AATACCTGTTAAACGG,727
AGCAATCATCTTCTTA,727
CCCAACGTATCGGTCG,727
CGCCGAATCCACTAAT,727
GGACATTAAATATCGT,727
GTAAAAAACCCTGAAA,727
TCAAACCCCGGTAGAA,727
TTCCTAAGGTCCGCTT,727
ACTAAACACATAATTC,726
ATCTAACTAGTTAGGG,726
CAATATATTGACCTAA,726
CACACTCAATACTGTC,726
CGGCAGACAGGAAAAC,726
CGTCCGAATGATTACT,726
GCACACAGCCCTAACT,726
GCATTCATAAAAAGGA,726
GCGAGTAGAGATATCA,726
TAAAATGTCATAAAAC,726
TCGAAGGTACATAGTG,726
TTCAAAACCGAAAAAT,726
AAACGAACGGAGATCC,725
ACTATAGTAGTCCCGT,725
ATATTGAACTAGATCT,725
ATCTTATACCCACCAG,725
GCACTGGACGAGCCTC,725
GGATCTGGCTATTAGT,725
TTGGAAAAATCAAGTC,725
CAGAAAGATAGGCCTG,724
CCGTTCAACGAACTAC,724
GAACGGAAGTATTAAG,724
GGTTATGACATATTAA,724
TATGAAGCCCATAAAT,724
AAAGTAGCACCACACC,723
ACAAGACCTCCTTTTA,723
AGACTATACTCTACAT,723
ATGTCGGTTATAAGGA,723
CATAATCCAACAGTAT,723
CTACGACTGACTGTTA,723
GAATAATACCCCATAT,723
GACACAACCTAACAAA,723
TAAATGATTCATAAAT,723
TTAAGAATCACTTTCA,723
AGCGACCAATCAAAAC,722
ATACATATCCGGAAAT,722
ATGAATCAATAAGTAA,722
ATGTGTAAGTTAGCTA,722
CATCGTCTAATAGGCA,722
CGCAAGAAATTGAATC,722
GCTCTAACCAACGGGC,722
GGCGTGCCGGACGCAC,722
GGGACTGTCAAAAAGA,722
TAATAAAGCCCGAGGT,722
TACAATAACAACCCAG,722
TACATCAAAAAAAATT,722
TTAGACTCATTTCCCA,722
AGTGACTCTGATAGAA,721
GGAGCCCTTTAAATAA,721
AAAGATTGATAACCTG,720
AAATTACCCGCAGTAC,720
GAATGCCCGATAAGCT,720
GGCCTATTTCTAGATC,720
GTAAAATTCAAATGAT,720
GTAAGTATCGCCCACA,720
TACTGCGAATAAGAGT,720
TCAACTAATCGCTGAA,720
TCATGAACGGCTAGTT,720
TCCTTATTCGATATTA,720
AAATATGCTTAATGCC,719
AAGAGCGCTACACTAC,719
GCTTCTTGTAATGCTG,719
TACATTCCATTGAAGG,719
TCTATAGAATGCGAAC,719
TTGCCCTCCGGGCGTC,719
AGACACGGAACGTACT,718
AGCAGTACGAAGTAAA,718
AGCTGATCCCATCAAA,718
CATTCAAAACTTTATC,718
CCACCATACAAGTAGA,718
GTAACATTCAAACGCT,718
AAGGCAACATGACAGT,717
CACAGAGCATCCAAAC,717
CGAAAAATTTCTGGCA,717
GAGGTTACAAGATGTC,717
GTTACATAAACTGAAT,717
TCCGTAGATAACAAAC,717
TTTAAGGTCTCGACAC,717
AACTCACGACCTGAGC,716
ACAAAGCCGTTGAGTA,716
CATACGAGGTGAACCG,716
CATATCCGACAGCAAC,716
CATATTATCACAGAAA,716
CGCATCGGACAACGTA,716
CGCTAATCTGTATAAA,716
GATAGTCCTCGCTGAG,716
TACAACAAAGTGTTCA,716
TGTGAGTCATGAGAAT,716
TTACACTGTGGGAGCC,716
ACACCTGAAATCCCCA,715
CAACAACAAAACGTCT,715
CAATAAAACTCCGAGT,715
CAGATAAAATTTCAAC,715
CCGTCATACAAAAAAG,715
TTATAAATTTCGTCTC,715
TTCAGCTACAACAATG,715
ACACCTATAGATACGA,714
AGCTACGGTAGGATGC,714
AGGATTTTATTTTTCA,714
ATAAACATAGAAAACA,714
ATATCAGCGACGAACG,714
CACTACTCACCTATCG,714
CCAGGTAAATGCCCGG,714
CCTATACTAAGCAATG,714
GATCCTCGATTAAAAA,714
GTGAAATTAAGGATAA,714
GTTCGAAAATCAAGGG,714
TCACAAGTCAAGATCC,714
TGACTGGAAAATTCTG,714
TTGAGTTAGTTGGTCT,714
AAGCCCCAATGATGAG,713
AATGCAAAAGGGAATA,713
AGCATTACAAAAGTCG,713
CGGCGGGCATTACGCC,713
GCCGCTACAAAACCAA,713
TAACAGATATAAAACG,713
TTGAAAGACTAAGAGG,713
AAGCACGTACATAAGA,712
AGCACTCATAAAAATA,712
ATCTCATGTTATACCA,712
CAAATGGTTATATACT,712
CGCACACACGCGGCAT,712
CGTCCAATAGTCAACA,712
GATGACGGGACCATGC,712
GCGAAGATGAATAGTT,712
GGAGACCAAAGAGTAG,712
GTAATCATAATAACGG,712
TACCTACCCAAAGAAG,712
TAGCTGCTAGTCTTTA,712
TAGGTTAGGATAGTTC,712
TGCAGCCGCTGAACTA,712
TTATGAAACTTGCAAA,712
AACGGGTTACTCCGCG,711
AAGTATCACAAACGGG,711
CATGACTATTATGCAC,711
CTTAGGGAAAACAAAC,711
CTTCGTAGACAAAATA,711
GAATGTAACACCTTTC,711
GAGCAAACGTAAACTT,711
GCTTTAAAAATCAAAT,711
TCCCTCTCGCGCGCTA,711
TGTATTGGTAAAGGGC,711
TGTGACAAGACAACTC,711
AAACTTAACGTAGAAA,710
AACAAAACCCTAAATG,710
AGATACCGGTGTTAGT,710
ATTAAATCACTTTTGG,710
CCTCAGTGTCGGTCCC,710
CGCAGTCATCAAGAAC,710
CTATCCACGGTCTGAG,710
CTGTAAGTCACGACCA,710
CTTGATGGTTCTTGCG,710
GAAGACGAGTTCTCAA,710
GAATAAACAAATAAAC,710
GATACCTGTATGATGA,710
TAGCACTTTTTGAACT,710
TTCGGCAAGATAGGGA,710
AAACACTAATACAATA,709
ACGATGATAACGATAA,709
ATATCAAGATTCAGAC,709
CCATCTAGACTAGACC,709
CCGTCTGCATACTAAC,709
CGAGTAACTAGAAAAA,709
CTTATAACGTAATAGT,709
GAAGACTTCTGAGCAC,709
GGCAGCTGCCATACCC,709
AATTAAGTTTTCCGAT,708
ATACTGCGCTCCCTGG,708
ATAGTAACAACACGGA,708
ATATAACAATTGTCCA,708
ATCCAAACAATAAAGT,708
ATTCGGCTCTCCAATT,708
ATTGACACATACCAGC,708
CACACCGTAGCATGCC,708
GAATGGCTGGATGCGG,708
GACTTACTCGATATGC,708
GGCATACACAAGTCTC,708
TGCTAACGAGTACAAT,708
AAGATACAACAGCCTG,707
AAGGTTCAAGGACTTG,707
AATATCCGTTGGCACA,707
AATTTGAATGGCATAT,707
ACGGCAAATCCGGCGT,707
AGTCGATACAACTTTA,707
CCACATCCATCCACAG,707
CGGATTTTTCCGATAT,707
GTAAAAGTGTCATCGC,707
GTTAACGTCAGGGATG,707
GTTAAGCCCATCAGAT,707
TGAATCCGATAAACGA,707
AGATTTACGGTAAGCG,706
CACAGCTAGATGGCCG,706
CTATTAGAATGGTTAC,706
CTCAAAATTTATACCC,706
GAAGCAAAAAAATTAG,706
GGACAAGGGTATAATT,706
TAATATGGTGAAGTGT,706
TCAGAGGAGTATCGGC,706
TCTGCTAAACACAATT,706
AAAATGGGGTCTACAA,705
AGGGTCGACAGCGATA,705
CGGTAGCTGGGTTATG,705
CTAGTTGACATATCAT,705
CTGATCCTCCACTGAT,705
GTAATCCGTTAATGGA,705
GTAGGTCATTGTCAAC,705
TAGACTGAACCTTGGA,705
TCACCAACCGAGGCTT,705
TCCGCCTCAAAACCCA,705
ACCTAAGCACAGTAAA,704
ATAAAACAACTTTTCC,704
CCAAAACTTACCGTGG,704
CCACGATTAACCACGG,704
CGCAGAGCGGACACCA,704
GGATCTACTACTTCTA,704
TCCGAGCGTCAACATA,704
ACATATATCGCAACAC,703
ACGCGCTAAGGGGCTA,703
AGTAACATTTCCTCCT,703
GTAGGAGCCTTACTAG,703
TAATTGGTTGGACAGC,703
TACTGGCCACACAACA,703
TCCCACAAGAAGAGCG,703
TCTTGAAGGAAAATCC,703
TTACCTCAAGGTCTGT,703
TTGTGAGCTACCATCC,703
AACTATGGTCATTGGG,702
AACTGACTGGTTTTGC,702
AAGGACCGTCTACCAG,702
ACCTCGAGCGTTCGCA,702
CAGTGAACTGAATAAC,702
CCTCGCGTTAAGATAC,702
GTCACAAGAACGTGAA,702
TACAAGCTAAGTAATC,702
TGAGAGCACCGTAGAG,702
AACATCTATCTAAGGT,701
AACTATACTCGCCAAA,701
AATAATGCGAAGATAG,701
AGAGATACTTACCATT,701
CGTTTGCCCGTATCAC,701
GAACTAAACCAGTTGG,701
GACCCGCTGCCTCTAC,701
GCTAAACGCCCTAAGC,701
GCTTCTAATTACTAAT,701
TCACATTGTTGTAAAA,701
TCGGCGCTAGATTCCA,701
TGCGGCATCGACGAAG,701
AAACGTTTTCGTAGTC,700
AATCACCTAAAATCTG,700
ACCGAGGTCATAGGAT,700
AGGCCTCACCAATGAA,700
ATTAGGTATATGTAAA,700
CGTTACTCAAAACTAC,700
GCCCTTTATGAACTAC,700
TTGAATACAATTATCG,700
AAATAATTGACAAACA,699
AACACCACATTGGAGA,699
ACTGAGTCTCCCTGTT,699
GTCATACAATCAACTG,699
GTTGAAATTATACAAC,699
TCAAATCATTTCGATC,699
TGAATCTAAGGCCTTA,699
TTTACAACATCCTCCT,699
AAGCCTACTCGTAGGT,698
ACAAGAACGCCGCGTC,698
ACCACTGCCTTACTTT,698
AGCTACGTTGGAATCA,698
AGTCAAAAATATTTCT,698
ATCTCCGTGTAAGAAA,698
ATGAATGATGGCGTGC,698
CATTATGAGCTAGCGA,698
CCAGGAACATTCAGCG,698
CTCACCAAAAATCCTA,698
TAAAAGCAGAGTAAGA,698
TCAATATTATGAATGC,698
AGTTACAAAAAACACA,697
CAGATAGTAATCAATT,697
CGGGAATACAGTAATC,697
GGAGAAAAGGCTAATA,697
GGGAATAACATTTCTG,697
GGGAGTCGTTAGCACA,697
GTGACAGACATTTAAT,697
TCTCAATGTAGACAAT,697
TCTTCAAAGAAACTTG,697
AAAAAATTAATACGCA,696
AACCATCTAAGACGGT,696
AACCCTACGCATGCCA,696
ACACATGAATCACTTG,696
ACATGAAAAAAGACCC,696
AGTCCACGCACTGCGG,696
GAATACCAACAACCAA,696
GCAATGCGACTAGATT,696
GGGAAGCTGATTAACT,696
TGGGGCCAACTTATTC,696
TTTATCAACTAGAGAT,696
AACCGTATGAAACCAA,695
CAGAAAGGGAATAGAT,695
CCTAGCCTCATTACAT,695
CTGAAAAGAATAGCCT,695
GAAGGAAATTCCACGG,695
GCGCCGAACTACAAAC,695
TTCCCCAAAAAAAGAG,695
AGCGCCCGATATGTGA,694
AGTAATCATCTGAAAA,694
CAACACCAAGCCGGAT,694
CCTAAATAGCTGCTAC,694
CCTAAGCATAGTAGTC,694
CTAATACTCAAAGATA,694
CTATTAAGCCCTGTGT,694
CTCCCGGTTCGTGATA,694
CTTGGGGTAGCTGCCA,694
GCCATACTTACGGTCA,694
GGCCAAGCCCCTACTT,694
TACCTGTAAAACTCTA,694
TCCTCATAAGAAAATC,694
TTAATACTAACCTCAA,694
TTGTGATTTGAAAGTG,694
ACTACAGCAGAAAAAA,693
ACTATTAACCTCGTAA,693
AGTCAGGATGGGATAT,693
ATAAACTAATCAGACC,693
ATCCCAAATCCACAGA,693
ATGACGGCCCAAAGTA,693
ATTGTTTACTGACTGA,693
CAGGGCGAAACGATCT,693
CCGTGCGTGACTGCAA,693
CGTCCTACAAAAAAAT,693
GAACATGAAATGCAAA,693
GCCTTCACCCAGTATC,693
TCCCATTGGAGATACT,693
AAGGAGTAAATCTACA,692
ACATGTTTAAGCCATC,692
ACTGTACACTGTGGTA,692
CACAGACTGAGCAATG,692
CAGTCGCAAAGTATTA,692
CCGTCATACATTGAAA,692
TATCATACTCTGTGCC,692
TGACAAGATGGGAACT,692
AAAAAGAAGGCCCGTG,691
AGAATAACAAGTCAAA,691
AGACATTTTTTTGCTA,691
AGTCAAAAAAAGCAAT,691
ATCAACAACCCGAAAT,691
CCTTTACTCAGCGGTT,691
GGTGCAGATATAAAAT,691
TCTGGTAATTAACACT,691
AACTAATACCCATGCG,690
CACTGTCTTCGACGAC,690
CCCAAACATTGAGATA,690
CCGTTTGGTTTAGACA,690
CGAACTCAGTCTCCTT,690
CTGGCCATCAATGCCA,690
CTGTAAAGCGTATTCT,690
GAACTTGAGATATTCG,690
GACTTAAGGTGCAGGA,690
GCATCTAAATACCCCT,690
GTTGAGCCATAACACT,690
AACCCTCTTACCCGAG,689
ACACCTACCAATTACC,689
ATTTAAGTAGCTCTAA,689
CCAACAATGCACTAGA,689
CGACGCGATAAAAAGT,689
GAGGACGAAGTAGACA,689
GTCATGTATTCTATTA,689
TCCCGGGGCACGTCAG,689
AGCGCTTATCGGAACC,688
AGTCAACCAACCAGGA,688
ATGCGGTTTCAGCAAG,688
CATTTCAGAGAGAAAT,688
CCGGAGACCAAGCCTG,688
GAAAATGATGCCAACA,688
GGCACGAAGACGAAGA,688
GTACTTATCTCGCTAT,688
GTTCCAACAAAACACA,688
TAAGTGACTGAAACTG,688
TCGTCAAACATAGCCT,688
TTACTACTTAATTTTA,688
AAAAATACAATTAAAA,687
AATGAATCTAATTCAA,687
AGAATGCCCGCAGCTG,687
ATCACAACAAACCAAT,687
TGACAACGAGCAAAAA,687
ATAGTTTAAAAACATA,686
CAGAATTAAAATAAAC,686
CATGGTGCAAAATCGC,686
GACTCAGGACCAATAA,686
GGCCCAGTGCTAGACA,686
TACAGAATAGTCCTAC,686
TGCCAAGAGTCTAAGT,686
AAAAGTAACGACAATT,685
AAGGCACCTAATGAGA,685
AATGTCACCCCATGTG,685
ACCTTCGCAATACCGA,685
ACTCGAATGAGATCAA,685
ATAACACCGAGCTGAA,685
ATCAGCTTTTACCACA,685
ATTCGGAATGCTGATT,685
CAATAACCTCGATCGA,685
CACCAACTGGTGAAAT,685
CCGTAGATATTAAGAT,685
CGAAAAGCAGCGTCAC,685
GAAAACGAGATAGAGG,685
GAAGCAAATCTTAACT,685
GAATAATTGCAAAAAG,685
GCAAGCCTCAGTTAAA,685
GTACTTGCTGGTAACG,685
ACATCTAGGTACAAAT,684
CGACACTTATAACACC,684
CGCGACCTCCTTATCG,684
GAATCGATGAACCAAT,684
GGGCCGCGTTGCCTGC,684
TCATCGCCGGGTTGCC,684
TGATGAGCTCCAACCT,684
TGCTTGAGCATACAAT,684
TGTTCCAATATTCAAC,684
TTACTTACCATTTTTA,684
AGCAAACTTCGCCATC,683
ATATGTCTGTAAATAT,683
ATGTGGCTAACAATGG,683
ATTCAAAAGCCCGGCG,683
GAGTAAATCACTCTTA,683
TAGGTCGAAAGTAAAA,683
TTAGCAATTATGTCTA,683
AAGCCACACCACTTGC,682
ACAGCACCAGAGTAGA,682
ATAACGAGGATCCTAT,682
GCAGCTAAGCCAAGTT,682
GTGATTACTTTCCAGA,682
GTTAAACTCCTCACAT,682
TGGCACTTTATGAATC,682
TTATCAATGTAGTAAT,682
TTGAATATAGCGGGTC,682
TTTGACCGTGAATCTA,682
AAATTGTTCATTAATG,681
CCATGAGGCTACAAAC,681
GAAGAAAAAAGTAACT,681
GATCCTCTTAGCTAGA,681
GTAGAAAATTAGTACA,681
TACAGCCTTGAGAACG,681
AGTCTCCTTCTAGATT,680
CAAATTCAAGTAAGAG,680
CATAGCATTAAGAATG,680
CGACACTATCAATTGG,680
CTTTTGATGAGTCTTT,680
GAAACAAACGGAATGC,680
GATTTACGACTTCTAA,680
GTAGTATCTAGAAGCG,680
TCTACAACTCTAGTTT,680
TGAAATGATTAATACG,680
ACCCCTATGATATGCG,679
AGGATACGGTTCAAGT,679
CACGCACATCTCCCTC,679
GACCCGTAATCTAAAT,679
GATATTTTACGTGTCA,679
GGGACAACGCAGAGAC,679
TAACATCAACACCACC,679
TAAGATTTCTTCCGAC,679
TGACTACGATGACATG,679
TGTAAGAACAATTATA,679
TTGCTAAAACCACGAG,679
AAGATCATAAGATAAA,678
ATCAAAATAGGAGCTA,678
CGTTATGCGATCCCGG,678
CTACCAACCTTAACTC,678
GAAAGTCATGGAAACT,678
GACCACACAAGTAATA,678
GCATGACTCTGAACTA,678
GCTCTACACGACTACT,678
TGTCATATGCAAATCT,678
AAAGACCCTTATTCCA,677
AAGTCTGTGAATCCTG,677
ATATTATATACCAAAC,677
CACTTTACACAGTTCC,677
CCATTAACAAACAATG,677
CCCCATAGAATAGGTT,677
CGAATCGTCTACGCTG,677
CTTTCCCATCTCGAAA,677
TCATTATCCTCGTAAC,677
AAATTAAGAAAAAAGT,676
AATCAGTGCGTACCTA,676
ACTAGTAAGTTATTTC,676
ATCGAAACTGGTGATT,676
CAAAATCTTAATAGAT,676
CCCAACTTGTATTGTT,676
CCTTAATTGAATGAAC,676
CGACTATCCGTTACGT,676
GAGAGCAAAATACTAT,676
TACTTCTAAAATTAAA,676
TTAATTCCATGTGATA,676
TTGAGTAGATGATAAC,676
ATACGTTAAACCTCAA,675
CGCTATAGGATGAGCC,675
CTAAATTTCAGTCAGC,675
GACCCTAAACCTCATC,675
GTGTTGCATGGCTCAT,675
TCAGTTTAGCCGAAAT,675
AACTAGTGACACCGGT,674
ACCGACGGCCCCCGGA,674
ACTATATCTGCATTCT,674
AGGATAATGACTAATA,674
AGGCGAACACAAATAG,674
CCTCATCCGAAGAGGT,674
CGAAAAAATTAGTGTA,674
GACAAAAGTATGTCAA,674
GCGCCAAGGCCAAGAT,674
GGTTACAGATTTTCGT,674
TCAGCGGCTAGTATTA,674
AAAACTAGGATAACAG,673
AAAATCACCTAAAGTA,673
AATTAAGCATACTCAA,673
AATTGAAAGTATGAGG,673
ACACTCACTACGCTTC,673
AGGGCACAACCCCAAA,673
AGTCTTTCAACAAATG,673
AGTTCATAGCTACTTA,673
ATCTCTCACCATTAAG,673
CACAAAAATATATGTA,673
CCATCTGATCTTATAT,673
GAAAACACACCAAAAA,673
GCCATATATTTGACAT,673
GTAGAAGTCCGATCTC,673
AAAAACAGCGTAGAAG,672
ACAATATGTATAGACC,672
ATTACCAATAATTTAG,672
GCAGCCGGAGCTCAAC,672
GGGCAATGTTGAAAAG,672
TTTTAACTGAAAACTA,672
AATATAGGAAATTACC,671
AATTTTAAACCAGTTG,671
ACACTTAACTAATACA,671
ACATAGTCAGAAAGCA,671
AGAAGAACCTATACTG,671
AGTGAAGTATAATATG,671
ATACAATCTCTACACA,671
ATCGCGGACATCCCCG,671
CCCACAGACAGGAACA,671
CGGAGTTCTTTGTAAT,671
CTCAGAACTTGTCACC,671
GCCTTCCTCATCGACG,671
TACGTGATATGCTAAC,671
TTCAAGTCCACCTGAT,671
AAACAACCGATCCATC,670
AAGAATTTTCCTACCA,670
AGAACGATCTGCTTCC,670
CTAATGTCCATATAAG,670
CTCAACACATCAATAC,670
GAAGATAAGATGATGC,670
GCTAAAAATCAAACAA,670
GGAAATATGTGCAATA,670
TATACCCCAAGATACC,670
TATACGATACGGAAGC,670
TCGACGGCAAGGAAAA,670
TTAAATAAATATACAC,670
AATAACAAGTCCCCTG,669
CCAAAGGAGGAGACCA,669
CCCACAGCTACTTTCT,669
CCCAGAAAAAACAAAA,669
CCTGACAGTCCCAGCT,669
CTGACAGTGCTCAATA,669
GAAAGGCATTTAGATT,669
GCCTAGTCAAGCTATC,669
GTACGAGGTAGCCTCG,669
GTGAGCCGCAAAATTG,669
TAAACTGTAAGTATAT,669
TGCGCCGTATATAGGA,669
TGTAGCGAAGACAGGG,669
ACAACTTAAACATGAG,668
ACAGAAAATGTGACCG,668
CAGTCTAGTATTGTTG,668
CGAGTAAATATCCTAT,668
GAACAGTTTTTCCGTT,668
GCTCTTCGAGTACCAA,668
TTTCTGGAATACGATA,668
AACAACCCTACTTAGA,667
AAGTCCAAAATCTTGT,667
AATTTAAACAAGACCC,667
ATGATTCTCACTATAT,667
ATTAATGGCAAAAAAA,667
ATTCCAATCAAAGGTT,667
CAAAGCCGCTGAGAGC,667
CACGCCAATGTAGTCA,667
CCCTAAACACTAAACC,667
CCGCCTGATCTAGAAT,667
GATGATCAGAGATAAA,667
GCATCTTAGTTACATA,667
TAATAAGTCGCAATCG,667
TCAATCGCCAGGGATT,667
TCCATTAAAAGAAAAT,667
TCTAACTAGCCATTTG,667
AAAGTCATATCAGATG,666
ATACTACAAACGCAAA,666
GAAAAGTCGCTCAAGC,666
GAAACAAATCCAATCA,666
AAACCCCGCCAACCGA,665
AAACTTCGTAATGGAC,665
AATCAATATAATAGAA,665
AATCCGTTCATTGAGA,665
ACATTAAAGGGCCCAT,665
AGTTATCACCATAAAA,665
ATAAGCCCAGTTATAA,665
ATACGAAGCACATAAG,665
CAAAAATACGCTAGAC,665
CAAACATAGTAGAGAG,665
CAACAGAGTACTTAAT,665
GCTGTTATGAGGATAT,665
TACGAATAAAAATTGA,665
TATGCGCACAGAATTC,665
TGCTTCCCGTTATAAT,665
TGGAGCAACATTGATT,665
AATAAAGCCGTCAGAA,664
ACACGACCGAGTAATC,664
ATCTGATAAAGTCGAT,664
CTAAGATGAACTGACC,664
GAACACGTAAAAGAAT,664
GTCAACAGGTATTGCA,664
GTTACAGAGACACTCA,664
TAAAAAAAATCCTAGT,664
TTAACAGAGATCAACA,664
AAAATTTAATTATGCA,663
AAGGGGAGTAGCAAAT,663
AATAAAGATCTTTATG,663
AATTGAAGCTCAAGTA,663
ACGGCTAAATATACAC,663
AGGCATAACTAACGAT,663
CATTAGAGAGCATTAA,663
CGAGCTCCATTGCACA,663
TAGTTTGACCTATATT,663
TGGTCCAGAGGCAAAA,663
TTCCACGCGCTCCAGA,663
AAGCACCTTGTCGCTC,662
ATATCACCGTAGCGGG,662
ATCATACTCCGAGAAC,662
CGAAGTGAATAATCCA,662
CGCTCGTAGTAATACA,662
CGGTACCTTATTAAAA,662
GTCCCATCCAATTTAC,662
GTTACTTGATAGTTCA,662
TAGAACTTATGTTTAC,662
TCCCGAATGTCCAGCT,662
TGTAATAATGAACGAG,662
TTAGTTGGATAATTAC,662
AACTAAACGCTAACTG,661
AAGTAGATAAAAACAA,661
AGTCACTAGGATTAAG,661
TTAAACGGAATCTCAA,661
AACACCTATACATACC,660
ACACCCTTAAAAAATC,660
AGGCTGCGAAGAATCT,660
CAAGCCAATCACTCCA,660
CCGGAAACACAAAATC,660
GAAACGAGATGTTGAC,660
GCAAAGTAACAAATAC,660
GCTCACTTCACGAAAA,660
TACGTGGACTGATCCT,660
TCACATCTACATATGT,660
TGGCCTTTAGAAGGAT,660
TTACATAACTGAGAAA,660
TTAGTAACTATGAAAC,660
TTGGTAAAAATGGAAG,660
AAGTCATTTTGCGTCA,659
AGGGATATCGTCGCAG,659
ATGCAGGTAAATATCA,659
CAAGACGTATAGCCCA,659
CCAACCAGTCCAAACC,659
CGAATAAGTCGGGGTG,659
GAATCCGTCACACACG,659
GGAATACAAACCAGTG,659
GGCAGAATTTAAATTC,659
GTACCTCGATAAATCC,659
TAACATAAGCAACCAG,659
TCAGGAGTTCCTAACA,659
TGTATTATTCACTTTA,659
AAAATAAGCACTTATA,658
AACCTTATATCCCTTG,658
ACGAACCATTTAGTAC,658
ATACATTTCCAACAAG,658
ATCACAACTCCTGTGC,658
CCAGTGCACAAGTAAC,658
GATAGGTCGCCACCAT,658
GCAAACAACACGCCCT,658
GGATGAATGCTCGCTA,658
TCAGGAACCCAAAACA,658
TGGCTTAACAAATCAA,658
TTGCCGTCAACAATGC,658
ACTGAGAAATAAGTTC,657
AGTTTGATTTCGATAT,657
CAAAATGACTACCAAC,657
GATCATATGCTAGGTG,657
GTTAAATCTGATTCCA,657
TAAAAGAACATGAACA,657
TATTATATTTGGCACA,657
TCCTATTCCAGAATTA,657
TGAAAGTTATTAGCTA,657
TGAACTAGACCCTATA,657
AAGATACACAAGACAC,656
AATCAGTTTTTGCAAG,656
ACAATACGGTACACGA,656
ACAATTCAATTTGGAC,656
ACACGGGAGGAACTAA,656
AGACAAAATGTAGTGA,656
AGATGAGCTTCATCAA,656
ATTTATACATCTGGCA,656
TGCCATAGTTAAAAAA,656
TTACTTCTCCCATAGT,656
TTCGAGACTCTAGTTA,656
AAAGAGATAAAAGCGA,655
ACGATTTCCGATTCGG,655
AGCTAAATAATAAACT,655
ATAACGCAACTCGGAT,655
ATCATCCAGTACTGTT,655
GAAAAATCAAAAACTT,655
GAGCGCGTTAGGTGAA,655
GCGAGGTACCCCGAGA,655
TTTTTACCTCACATTA,655
AAACAAAGTAGAGGCT,654
AAGAAAAAGCAACAAC,654
AATCCGTTAGTTGTGC,654
AGCCGGATAGACAACC,654
ATATACGTCATTAGAC,654
GAAAAGCAGATTCATC,654
GATTTAAGAGACAGAG,654
TATTAAACATACTGGT,654
TATTTAAAGAAAATCC,654
TGTTCTTATTGAGGCC,654
AGAAAAAGAAATAGTC,653
AGAGATACACTTCTTC,653
AGTACTAAAATAAAGT,653
AGTTGCGTGACGTACG,653
ATCATTGCGCGTCAAA,653
ATGCACGCCGCACAAC,653
ATTGGTCTTAATGATT,653
CACATTAAATGCATCA,653
CAGTTCCTTGACTCCA,653
CGAAAGTCCATTGGCG,653
CGAATGACACAACCGG,653
CTCCCTCGCGCAGGCA,653
GAATTGAGTCTAAATA,653
GAGTGAACTAAAAAAT,653
GCATCTTAACAAAGCC,653
GGAAGATTAATATGAC,653
GTTAATTCCGAACGCG,653
TAAAATTATAATTTTG,653
AAAGAGAATCAAGGAA,652
ACCAATTGTTATTTGT,652
CATGAACAGAATCTAT,652
CGACACGAATACAATT,652
GAACGTCTGGTCTGAG,652
GCACAGCCCTTACCAA,652
GCTACCACGCGCCAGA,652
GGAATATTATATTAAC,652
TAACATCACTGATATA,652
TGGCCATGAAAAGGAA,652
AAATTTTGAGGATCCG,651
ATGGTTTCCCTTAATT,651
ATGTCTATATACACTT,651
GAACGTTTGGAACGAG,651
GCGTTAAAGTAGACTC,651
GTCAATGTGCTCCAGC,651
TACATCAGCCTTACAG,651
TACTATCTACAAACAC,651
TATGCACGTTGAAAGA,651
TGCACATGAAACCAAG,651
TGGAAAATTGTACATT,651
AACGCAACTGTAGATC,650
ACACGAATTGCTTAAA,650
AGCCGCGGTGCGATTC,650
ATCTAATCGTGCAGAT,650
CGCAACTTTAAGACCA,650
GGATTTCAGCGGTGAT,650
TACGAATGTCGCATCA,650
TGAACATAGAGGTTCC,650
AATATGACCTTTGATA,649
ACGACCGCGAATGACA,649
AGAACAAAGTTGAATA,649
AGAGAGAAAAAAGGAG,649
AGCTGAACTCAACGTA,649
AGTTCTGACAAAAGCG,649
CAAAATCGCGAGTCTC,649
CACGGAGTATTGGCGG,649
CAGGATGCGTCACCAT,649
CGCGAATATAATACAG,649
GAATTTTCGTCTTTCA,649
GCACATGTGTAGGATA,649
TAACTTACCGGTATGG,649
TGCGGATCGTTAGGCG,649
CAGACCTAAACGATAT,648
CAGGCAAGACATATCT,648
CCGATTCCAACACATG,648
CTTACAAACGTCCTTA,648
CTTCTCGAAGCGAGTC,648
GAAAGTAAGGTCCAGT,648
GAACTTCCAAGAAACA,648
GCTAAGCAGCTGCGTA,648
GGCCACAAAACTGTAT,648
GGTTCACACAAACAGA,648
TACTGAAAACCTCCAT,648
TCCTTAGCACACAGAC,648
TGTCTCTAGTGTAAAG,648
TTGGGTAACTATCAAT,648
AAAATAACTTCGGATC,647
AATTCTCATGTAATAT,647
ACCGACGAGAAACGGT,647
ACTAATGGGACATAGC,647
AGACAAAAACACCATG,647
ATAGTATATTTATAGA,647
CCTAAACCAGCAAAGG,647
CGTACATTTGTATACA,647
CGTTCACCCTTCAAAA,647
CTATAAGACACACGAT,647
GAGTTGACAGAGAACC,647
TACACTAGTAGGCTCG,647
TCTTAGGATACAATTC,647
TTACTCTTACGCCAAA,647
TTGTCCCCTGAATCCA,647
ATTCATTACCAAATAA,646
GCGAAATGTGATGTAG,646
GTAAAAGCACCATCAA,646
GTCCACTGCCTGTCAG,646
TAAACACCTCTTTGAT,646
TCATCGATCACCTTGA,646
TCTTTTGGATACACTC,646
TGTTACGTCAAATAAT,646
ATAATTGAGGTACTAA,645
CATGCTCAAATTACTT,645
CCCCCTTCTTCGATAA,645
CGGTCCACGAGACCTT,645
GCCTAGCGACCTGCTT,645
GCGAAAATAACTCAAT,645
AACCGAAATACCCGAT,644
ACATTTATCGGATCCA,644
ACCCGATCTAATATCA,644
GATCACAAAGAGGCCT,644
GATCCAGATTCATCAG,644
GGGAGTGCCCAACCTG,644
AAACCAATTGTAATAA,643
AAATAAACAACCATCG,643
AAGCCAAGAATAGCTA,643
ACCATTCAGTGCATTC,643
AGTTCGACGCGTGATT,643
CATTGTAGAGACGCCA,643
GGTATTCAGTATGCCC,643
TAAGTACACCTGGCTC,643
TACTGGCAAGATTCCC,643
TCTGAAAACTTGCATA,643
TGATGACTCTACAATA,643
TTAGATTCGCAATTTG,643
TTAGCGGTAATATATT,643
AACCGCAGCTAGCCTG,642
AACCGCATTAATAATT,642
AAGTTACGTTCCTGAA,642
AGATATGTTTATTCAC,642
ATATTCCTGTCTAACA,642
ATTGTAGTACTAATCA,642
CAAGGTGCATGCAGAT,642
CCACCCGATAAAAGAT,642
CCGGGTAAAAACTCAG,642
CCTTGGCACCATATAG,642
CGAACGAAATTCGCTG,642
CTAATACTATAAAATC,642
GGATGAGTGTTTTGGT,642
TCTGAGTATTCCGTCT,642
AGACGCTATTGAGCCA,641
AGATTCCACTTCTGCC,641
CGGGCCCCAAGAATAT,641
CTAACATTACACAGCT,641
CTAGAAAACTTCAGAT,641
GCAGGCAATCCGCTCA,641
TACGTAAAAAATATGG,641
AACAATGATGTGACCA,640
AACTTTTGATATGTAC,640
AATGGTTGAAAGACAA,640
AGTAATGTTAACTACT,640
CTCGGTCCTAAAAGCT,640
CTTATTTAAGGCAGAC,640
GAAAAGAACCCACCAA,640
GTAAAGACGCATTGAC,640
AACGAGCCTAGAAGTT,639
AACTCCTTTTCGAAGC,639
ACACCAAAACGAACGC,639
ACACTACTTAATACGA,639
ACGCGGACCTCCAGTC,639
AGATTCCACGCAAACC,639
AGGCCGACGGACGCAG,639
ATCCGGTTACATGAAT,639
CCTAGAGTAAATTCAG,639
CTTTAGAACATACTGG,639
GAATTAATTGCTATGT,639
TAGACCGTCCAATGAA,639
TAGAGATCATAACTAC,639
TGGAGATTACTGCAGT,639
ACGAGGGGATAGCCTA,638
AGTAATGTAGTAAATT,638
ATCATTCCCGCACGCT,638
ATGTCCACACTCCTTG,638
CCGATCCCGACAGCTT,638
TAACAAAGCCACTAGT,638
TACCAACTGGGTGGAC,638
TACCCAAAACATTTCG,638
AAAAAGCGAACTCCTA,637
AAGACCCCGGATCTCT,637
AAGATTACAATACCTT,637
ACGGAGTCACATCCCG,637
AGATGTGAGTACGAGA,637
ATTGAAAATCATAGCC,637
CATGTGCCACACAATT,637
CGGTAACGTAAACTTA,637
GAAGAGTACACGATGC,637
GGGCGGTGTGTAACCC,637
GTCTATCGTCGCCGGT,637
GTGCTATAATGATAAT,637
TGCCGAAACATCTGGC,637
TTGTGTAATATTCATG,637
ACATGTAGACATTAAG,636
AGGACTTAGTGATGGG,636
CAAAGCACACGATCAA,636
CCAACGCCCCTAGATA,636
CGAAATTCTGCCAACT,636
CGTCGAGTTCACAACC,636
GAGTATTAGCGTGGAG,636
GCAGGAAAGGTCCGCG,636
GCGCCAAATCGTAATA,636
TATCGGTTGTCGCGAC,636
TGTCGTTGCTACGCAC,636
TTACCCCGTGACATAT,636
AAACAGATAAGAGGAA,635
AATACAAAAAAACTGA,635
ACGTGAAAGAACATTA,635
CATATAAAAAGCGTCT,635
CGGAGGGAACAAACAA,635
GAAAAGATCCCTAAGA,635
GAATTTGAGGTGAACA,635
GCGAGTAACATAACTT,635
GTTAGCCACCGAAAAT,635
TCTGCTTACTGCCGCA,635
TCTGTCTACTTCTAAC,635
ACTTTACCAATTTAGC,634
ATAACCACAATGCCTC,634
CGTCAGTCGTAAATAT,634
CTGCTAGGCTGAGCTC,634
GACAGGTTCACGGGAG,634
GCCCGCGCTTGGGTTA,634
TAAACATGGCAGAGAA,634
TGACTGGCAGCGCACC,634
AACCTAATGAAGTACA,633
AAGAAATGTTAAAAAG,633
AATTTAAATTGTCGCC,633
AGTGCGGTTTTACACA,633
AGTGTATAAAATAGGA,633
CATGAAATTCCGAACT,633
CATGACTGACATTATA,633
CCACGACATACACATT,633
CCATATAAAATACACA,633
CGCTGTAATTTATAAA,633
GATAATCTAATTGAAA,633
GATTCCTCTCTAAAAA,633
TACGGGAGAAATAACA,633
TCTCGGGCTACTGAAA,633
AAAAGTGAGTCGCTCA,632
AAGCAACGGAAGTAGC,632
AATTCACAAAACCGGA,632
ACCTGCAATAAACCAT,632
AGGAAACTAATGACCA,632
ATCTATCGAGATGAAA,632
ATTAAACACATGAGAG,632
CAGTTAGAACAACGAG,632
GACGCGAACACACTTT,632
TCTGTAAGTAGTTCTG,632
AAAAGCATACCCCTAT,631
AACCCCTCTGGGACGA,631
AGTCCTATCATCCCCA,631
ATCGCTCACAACCAAG,631
ATTAAGAGAAACTCTC,631
CAACACATTAACTAGA,631
CACATTTACAATTTAT,631
CCAATGATTCCGATCT,631
CCAGACAGGAGGAATC,631
CTATAAGCAATTCAAC,631
GCATTGGTTAGAAAGT,631
TAGTCCCTAGATAGGA,631
TATTTAACCCTCCAGA,631
TCAGGATATTAGGCAT,631
TGCGGATTCGATAAAT,631
AAATTAACCGCTCTGC,630
AACATCTCTAAAAGAA,630
ACCTAGTATATGACTA,630
CATCCCTGAGGGTACA,630
CATCTAAGACTGACAC,630
CCAAGATCTTCTGGGC,630
CCGAACCCTTCTCCAA,630
CGCAAAATAAAGAGTC,630
GAGTTTCACTCCAAAA,630
TAGAATGTTAATCCAT,630
TTAGTAGACTACCTCT,630
TTATGATAAGCTATTT,630
AAATATATGAATATAT,629
AAATCTTCCAAAATCG,629
AACACGACCTATTGCT,629
ACGGTGAGCGGAAATC,629
ACTAATTTCGCTGCTC,629
AGTAAATGGCGTAACA,629
CGGAAGATTATTGTCA,629
GACAATGGTCTTGAAT,629
GGCTCCTGTGGATCCG,629
GTATGAATGTCCTGGC,629
TGTACTGGGAGATACC,629
AAACACACCCTTATCT,628
ACCCGGTTTCAATAAC,628
ACCTACCCATAATTCT,628
ACGCAATAAAATTGAT,628
ACTCTATCCATCTAAC,628
CAATTCACAGCGCCTC,628
CCAGACTACACAAATA,628
GCGGCATCATCACTCA,628
TAAGATAGATGATATT,628
TACCGAGCGTGAAAAT,628
TTATTAAAATAGTACA,628
AAAAACTGAACCTCAC,627
AAGCCCGCAAGGGTAT,627
ACCAACCAACACTTGA,627
ACCCATCAGAAGAGAG,627
ATATAACATTTACGAA,627
ATGCATTCTAGACGAG,627
CCAGTCAATAGACATC,627
CCATCTACCGTACCGG,627
GGGACAATTCAAACAA,627
GTACCTATACCCGCGG,627
TTAACGCGTCTTCAAC,627
TTTGAAGTAAGCAAAT,627
ACCCAGTGTTTCACAG,626
CCTGCCCAAACTATCT,626
CGAGAATATTAATGCA,626
CTCAAGCAGTACCCCC,626
GACTTGCTGACCGTAC,626
GGAGTATCCCTAATTC,626
TAGAAGCGTCAATAAG,626
TATGCAAGCACTGAGT,626
TTCTGGTGTTGGCAAC,626
AACATTCAACACGTAA,625
AGATTTACGTTCGAGG,625
CAACCCTGGTAATAAG,625
CCGCACGCACCCATAA,625
CGCCTGCATTAAGAAC,625
GACTGTCTAAGGACAG,625
GCATTATAGTACATCC,625
TACAAATAGTTGCGTA,625
TGTATGAACCCTGCAA,625
ATAAAAACCTTTGGCA,624
CCTTCGAGGCCAACAT,624
GCTTTCAACAGAAACA,624
TTAGCTACCAAGATAC,624
AAAAACCAACTTAATC,623
ACAAGGGGGAACTTGG,623
ACACGAGCCTTGTGAG,623
AGAGACTAATGGAACC,623
AGGTCCAATAGAGGTC,623
AGTTTAGAACTCCACG,623
ATACCTGAGGAGAGCA,623
ATTATGAGAGACAAAG,623
CAATAAATCAAAATAC,623
CAATACATAGGTACAC,623
CATAAGTACAAAGTGC,623
CGATAAGCTACTTAAA,623
GGCCGTGTGGAACAAG,623
GGTTTATAGCATGATT,623
TCCGTAATATTTCTTA,623
TGGAAACTACACAAAC,623
TTAGCGACATAGGACC,623
AAACATAACAACCCTA,622
ACGCGGAAAGCACGCA,622
ACTAGGATGAAGTACT,622
AGGCTGTTCTTCATTG,622
CATCTACCTGATTAGA,622
CCGAAATTGTGACATT,622
GACATAACATATGTGA,622
GACCTATTAGGCAAGA,622
GACCTTCTAACGATTA,622
GGAGGAAACCAATTAC,622
GGTATCATACCATAAA,622
TATTGATAATTGACAT,622
AACAATTTAGCAGTTA,621
ACTAACGATGTTTCAC,621
AGAGCGAATATATATT,621
ATAGTGGCTATGTTGA,621
ATGTATATAACATAAG,621
ATTGAAACAACGAAAT,621
ATTTAATCTACTCCTT,621
CAGGTGCCCATGCAAG,621
CTCAGGCACGACATAT,621
GACTCTTATGAATGGA,621
GATAGTTCTCTGCTGT,621
GATATAGATAGGTTAA,621
TAGTGCTCCGGAGTCG,621
TCCTTAAAAGCACGGA,621
AAAATGCCATACATAA,620
ACAGAACGCTACTCTA,620
AGATATTAGAACAGAC,620
AGATGAAGCTTGGTAT,620
ATATAGATGGGTAAAG,620
ATCAAGACAACATTTT,620
CCATAGAGCGCTGATC,620
CTAACAACGACACATT,620
CTACAGCATTCCCATA,620
GCGCGAAAGCTAATAA,620
GGGTAATACTATGTTG,620
GTGGTAGAATTGTAAT,620
TAATTAACGACAGATC,620
TAGGTGCCGCGGGGAG,620
TGTTACACATGACCGT,620
AAATCAAAACTGTATA,619
AATAAGGAGAGAGTGG,619
ATCTCTCTTCGGCACA,619
ATTTATATCCAGGAAA,619
CCACACTTAGAACCTG,619
GATAAGTTAAGGATAA,619
TTGTTTAACCTCTTTA,619
AAATATACAGTCAACT,618
ACCCATTTTTAGTAAT,618
ATAGAGTACTAAACCA,618
ATATAATCCGCATTGC,618
CACCATCAGGATGTGC,618
CCCGTATGGAGGCCCG,618
CCGAGCCCATAAAGAA,618
CGAACAGTAGACACAG,618
GACCAACACTCTCACC,618
GACCTTCTACTAAGTA,618
GCGCGGTTCTTCCCTC,618
GGACCGCCTGTTCCGA,618
GGATAGAAAGTGAAAG,618
TAGCTGTATTATTAGT,618
TCAAGGTCGATGAGCA,618
TCGAAACTCATTTAGG,618
TGCCAAAATCTACAAA,618
TTTACAGTAACTCCAT,618
AAGACGTACATACCCC,617
AATGGATAGCATCAAT,617
ACACAGTCCTAGTTGT,617
AGGAACAGTTAAAGTA,617
CTACATTTGAACGAAT,617
CTCCTGCGTTGAAGAA,617
CTCTTTATATCTTACG,617
GAATATCAGTCTCCTA,617
GAGCCGTTTTCTAACT,617
GCGACAAAGGGACAGA,617
TATAGCTAAAAAAAAC,617
TCGCTAAGTGACATGT,617
TCTGGCTAAAAACCAT,617
AACTAAAGGAAGTAGA,616
AATAGGGAGGAATCGC,616
ACATTGTTCTGAACTG,616
ACTTAGATGGGGGACC,616
GAGTCGAGGGTCATGA,616
GGTGATATATCTAAAA,616
GTCTCCAGACCGCTTG,616
TACAATCCATAATCGG,616
TACCACAAAGAATATA,616
TACGTAATGCTACACC,616
ACCTACACTCATTCAG,615
AGCCAAACGATATAGG,615
CAAGATTTAGCTACAA,615
CGACACAAATATACGA,615
GAAGCGGTGTGGAAAC,615
TGTCAAAGTTTGTTAC,615
TTCGTTTCAGATCTCA,615
TTCTAGATGTGAAGTT,615
AAATATCCCTTGGACA,614
AAGTATCGCCGATTAC,614
AAGTTAGACCAGTGTA,614
AGGGCTAGAATAACCG,614
CACGCACGCAGGGCCG,614
CCCACTAATATTACAC,614
CTAGGGGACTAGTAAA,614
CTTCCATGCTCAACTT,614
GAAAGCTTCAAGTATC,614
GATTTCGGTCATACAA,614
AACTCAACCAGCTACT,613
ACGTTAATGGAACATA,613
ATATGGATCTCTTCCG,613
ATCCATCTAGAATTAT,613
CAAAGACTAGACATCG,613
CAAATGACAGAGACAC,613
GACCCAAACGTGTATA,613
TACCAAGAGATCCGAT,613
TGCTGTCTGGCAATAG,613
TGGTCGATGAAAACAA,613
AGATGATAGGAGGATA,612
ATTAGAATTTAAGACT,612
CATTACTACACCTATT,612
CGCGAATAGTTAGGAC,612
GAAAGTCAGTGGATCC,612
GACTAGAATACCGGAC,612
GCAACCCGCGTAGCGT,612
GGAGCTTCAGTTGAAT,612
TGCTACCGAGATAATA,612
TGTCGAGCAGATCCAA,612
AACAACAAAATAGTAA,611
CCAGCAGAAAATAGTT,611
CGAATCGATGTAACAA,611
CTCATACCAGTGCCTA,611
GAGATGACTGCGTGAC,611
TAAAATAGCTGATACG,611
TAATGGTTGGAAATCA,611
AACTAACTTCATGGAC,610
AAGAATGATAGTGTAA,610
AATGGCGCTGCAAATC,610
AATTCAAAACAATCGA,610
AGCAAAAGATGTTATG,610
AGTCCACAATCATGGT,610
ATCAGCTCAAATACTT,610
CAGGTTGCTAAACACG,610
GACACACCAACCTGTA,610
GAGAGCTAATTTACGC,610
TCAACAAGAGAGCCTA,610
AATCGGCACGGCGTAT,609
AATTCGGTAGATAATC,609
ACAAAATGTGAGCTCA,609
ACACTATGACTCGTAC,609
AGCCACCAAAAATTAA,609
ATAGTTATGACAAAAG,609
CCAGTTCGAGCTCTGA,609
CGCGACTACAGGACCA,609
GAGACGAATCATCGAG,609
GCCAAAAATACATTGT,609
GTGAAGACGCGGCGTA,609
TCTACAACTCCCGATC,609
TTAACATATTGAAATA,609
AAGTAATGTGCTGCGA,608
CAGTAAAGAGCACCAT,608
CATGTCATCAAACCAA,608
CTAAATCAAGTGCAAG,608
CTTTCTTATAGAAATG,608
TAGGAATCATCCACAG,608
TCATGTATTCTCCATT,608
TCTCGATAAGTCAACT,608
TTCCCACAACGCCCTA,608
AAATTTATGGTTGGCT,607
AGAATAAAACGCCGCA,607
AGGCGCTAACATGTTC,607
AGTCTTGGCCATTCAC,607
CATAAGTAATAACAAG,607
GATTGAGTTAACGCTA,607
GGACTTCTCCACTTGC,607
GGGTGCAATCAGCAAT,607
TGCTGTAATATACACC,607
AACTTTGCTACAAAAA,606
ACAAGTACGCTCCAAA,606
AGCTACGGTGTACGTT,606
ATCCGCAGTTATTGCC,606
ATCTTATTTGCAATCT,606
CATTGCAGTTCACGAG,606
CGCCTTCCTCATGTAA,606
CGCCTTGAAAGCAGGA,606
GAGCCCCGTAGACAGT,606
GCCACCAAACAAAAGT,606
GTAAACATAAGAACAC,606
TATATGAAAAATAATT,606
TGTTCTACCAGAGCAC,606
ACGCAAGTGAAAACAA,605
ATATTCTCAGACTATA,605
ATCGAATCTATGAGAA,605
ATCTACTCCCGCTCAA,605
CATTCTGACTCCACCA,605
CTCACTTTCCTAATTA,605
TATGATAGGACCACAA,605
TGGTTTAAGGCCTGAC,605
AACTAATGAGGAAACA,604
AAGATAAACTGGAAAA,604
AGAATGCAACTCAATA,604
ATGATATCTAGTTCCC,604
ATGCAAAAAACTGGGA,604
CATTTGATACCTAAAA,604
CCCGCAAGGGTAATGA,604
TAGGAATACAAGTAAC,604
TGTATTCTGATGTTAA,604
TTGAATTGTCACTGAT,604
TTGAGGTGATAATCCA,604
TTTGCTACACCCAATC,604
TTTGTCGTTATAATCA,604
AATTAGCATACACTCA,603
ACAATGCGCTCAACTA,603
ATGACCCCTGACGGTC,603
CAATGTACACTGAAAC,603
CACATATATAAAATGA,603
CCTCCTAATAAACCTG,603
CGCAAGTTAAGTAAAG,603
GTTCAACCCCAACTTA,603
TGTGAACTCATCGTGG,603
TTACTTAGCTGTCCAA,603
AAAGGAATACAACACT,602
AAATGATTAACCCACA,602
GAATAACGTGGTATTG,602
GCCAGAACATTTATAA,602
GCTAACCCTTAGCTAG,602
GCTGTGTCCATCCTTG,602
GTCACAACACAGTATG,602
TAACAGAAAAAAAATA,602
TCATCACATATGGACC,602
TCCAGATCATATATTG,602
TTAACCTTGAAACAAA,602
TTGAAGTTCCCGATGG,602
AGCCGTCTGCCTGACC,601
CACTTGTCACGTTAGC,601
CTGATGAATATACATA,601
GGATGCATCAGGGAAA,601
GGTGAAAAAGTAGCCT,601
TAGCCATGTTACATTC,601
TTCAGATTTCAAACAG,601
TTCTAAGTAGCAGAAC,601
AAACGCTCTGCCGTAT,600
ACTTAGCCACGCTTAT,600
CAAGCACAAACGGGGA,600
CACACACTAGGAAACA,600
CTTACTTAAGCACCTA,600
CTTGCAACGATATTTA,600
GGCTACAAAACTCCTT,600
TGCCAGCATTACATGC,600
AACAAAATTAAGAATC,599
ACAACTAACCACGATT,599
ACCCATTCTCAGTCAA,599
ACTTTGAACTGAAGAA,599
ATCTCACGTAATCGCA,599
CTCAAACCCGCCGATG,599
GACATGCACCGAAGTC,599
GGTTTTGATTCGGGAT,599
AAGATAAATAACACAT,598
AATTCTCAACCGTATT,598
ACCATATAAAGCTACG,598
ATTCGAATTAAAATCT,598
CATTCAATGCCTAACA,598
GATTAGAGGAGCTGAC,598
GTAAGCAAAACAATAA,598
GTGTATACAAAAAGAT,598
TAGGTAACTTACCCAC,598
TGATTTGTTTCCTTTC,598
TTTGACAGATACATAG,598
AAACAAAGATATAGAT,597
AAACCCAAAAGTCACG,597
AAGCGCTAGCAATTAT,597
ACAGAACATACGGAAT,597
ATCCTATCCTTAGTAC,597
ATTCAGATTACTTTTT,597
CAAAACAGAGAATAAG,597
GAAGACTCATGATCAT,597
GACGATATGACCGAGA,597
GGACGATAAAGTCACC,597
TCGATCGAACACAACG,597
TCTCCGCTTTAAAACA,597
TCTTTTATTCACCTGA,597
TGCCACAGTTAACCCA,597
AAAACACGATTCAAGA,596
AAAATAGCAAGACATG,596
AACTATTAAACGTCTT,596
AAGCTGCGGCGCGCGC,596
AGCAAAATACGCATCA,596
ATACAAGCAGTATCAT,596
CCAAATCCCCTAATAC,596
CCAATTCATAACGGAC,596
CGGTCACTATTCCCAG,596
GAGAATTTAATCTTCA,596
GTTTAGAAGTTCATAC,596
TCCATACCCTATTTTC,596
TCGGGAGGCGCAAATC,596
TCTGACATTTGAGGTA,596
TGTGTTAACTACCTCG,596
AACATTCCGAGTAATG,595
ACACTAATTCATGCAT,595
ATAAAATAGCAACCCT,595
ATGACTATGTAAATAC,595
ATTTGATACAATGGAA,595
CAGGACGAAATTCACA,595
CCCGCCGATACAAAAA,595
CGAAACGAAAACTCTA,595
CTTGTCTGTTCAAGCA,595
GATCTCGATAACGAGA,595
GCGTAAGAGCAAGGTA,595
GGAAACCGACCACTTG,595
TCGCCGATAAGGATAT,595
TTCTTCCAGCAGTATC,595
TTGTATTTAGAACAAC,595
AAATATTAAGAAGACA,594
AGACTCGAAACCCTGT,594
CACATATCCGGACGAC,594
GAACTAGTATAATTCA,594
GAAGACCGATAATCTG,594
GTCATTATTATTAAAA,594
GTGGAAAAGAAGTAGC,594
TAAGATTATCTGGGAG,594
TAATGATTTAGAGAAA,594
TACTCAACTGCGTAGC,594
TACTCAAGGCTAATCG,594
TCAGATCCCTACGAAA,594
AAACGGGTCCATAATA,593
AAATCTCCTACAGATA,593
AACAATCGTTACAAGT,593
AACATCATTAAAGAAA,593
AATATCCGATAAACTA,593
ACCCAATCAGCCATTA,593
ATCTAATGCAGAAGAT,593
CAAAAGAATCGACCTC,593
CCAAACAAAAAAGTAA,593
TAAACCTGAGAACAAT,593
TATAGATTGAGTACCA,593
TATTACCAGGTTGATA,593
TCACGAGAACTGAAAA,593
AGAATTCAACAACATC,592
CAAACTCTCGAAAGCG,592
CGACCGCCCAAAAATA,592
GAATCCCTCCTAGTTA,592
GAATTTACACATAACA,592
GCGTAGCAATTTCTAA,592
GGTTGCACCAATATAG,592
GTTTTATGATTCCGAA,592
TACAAAATAGACAAAC,592
TACGCAAAAAACCTTT,592
TATCCACAACGAGAGA,592
TGTCGGTGTAGTTTAT,592
TTTAAAGATGAGGGTT,592
AAGTAAACCTGAAGCT,591
ACTGAAATAGATATAC,591
ATGGAATAGTCGTGGA,591
CAACGTAGCCCTGGTC,591
CATCCCGTCAAGCTGA,591
CGTCCACAGCCATGAC,591
GAGGCCGGCAAAATCC,591
TAAATTATCATACAAC,591
TCCATACCTGGAGCAA,591
TTCTTGCAAATACTAA,591
ACAAGACGTTTCATTA,590
ACCAAACAACGTCAAC,590
ATCGATGAAACGAGGA,590
ATGCGGTAATAAGCAG,590
CATTCCCTGACAATCG,590
CCCGCGAAACAAGATA,590
CTCGGAGCATCAAACT,590
CTCGGCAAGAAAAACT,590
TAACCATATAACAAAC,590
TCACAATGCCATTTAG,590
TCAGCTTCAATAACCT,590
TTCCCAAGCACAATGA,590
TTCCTAAAAACCATAA,590
AATTAAATAAATTTGA,589
ACTAGGGACCACGCTC,589
AGAACGCAAATCCGTA,589
CTTATAATCATCAAAC,589
GAAATCAAGCAACAAT,589
GGCCATCATGCACTCC,589
GTTACGTAGCAACAGA,589
GTTATGAACAAATATA,589
TAGGCCTGAATATTTG,589
TCGTGAACAAATATAT,589
TGCCCGTTATGACATG,589
TGCCTTGCCTCAGCAT,589
TTAGTAGACATGTCAC,589
AATACATAATGTCTGG,588
AATATCTCTAAGTTAA,588
AATGTGATACATAGAT,588
CAGCCATTGGATAAAT,588
CAGGAATATCAAAACC,588
CGTTAACGAAAATTTT,588
GCTGTAAACCGTATGG,588
TACCTCATAACCCCTA,588
TCTCAAATAAGTTGCT,588
TGAACGATTGAAACGG,588
TGGTTCGGACTTTTAG,588
AACATCACTTATAAAG,587
AATCCCTAGTACTAAA,587
AATGCGGTTCTATACC,587
ACTTTTCTATTAACAC,587
AGCCTTACCATAGTCA,587
AGTAAGCATTGCTGCT,587
CACCTACCCCAGCTAT,587
CCACTGTTCCAACATG,587
CCACTTAGCCGTTGAC,587
CGTCTCAACATTATAT,587
CTACAAAAGCTGAGAT,587
CTCCAATGGCACTTTA,587
GACATTTAGGCCCCAC,587
GTAGCCTGTAATAGTG,587
TCACAAAAAACCGCAT,587
TCTGATTCAGAGATAT,587
AAATACCAACTACACA,586
AACGGGTAAAGCCCCC,586
AGGAAGATACTTTATC,586
ATATTCCTACCGAGTG,586
CACGACAGTCCGTAGT,586
CTAGATATCGGTGCTA,586
GTATCCAATTAATGAA,586
TAGAAGAAAACATATG,586
TATAAAAATGCACTTC,586
TCAACGTTAGTTGAGA,586
TTGAAAATACAGTTCT,586
AAAGTACACATTAGTA,585
ATACACTAAAACAGTG,585
CACTATACAGAGGTAA,585
CATAGCTCTCAGAATA,585
CTCATAAAACTACTTG,585
GGCGGAAATGTGAATG,585
GGCTCTGTGGGGTCCA,585
GTAGATGCGCGTAGCA,585
TTCTGATATTCCTTGC,585
AAAATGGTTGATCGAT,584
AATCAGTACAATAGCG,584
AATGTGTATTTAACAC,584
ACACGACCGAGAGGAG,584
AGAAAAAAAGCAATCT,584
ATAGGGTTCACCAACG,584
ATATCACTTTTGTGCC,584
ATCTGCTAGTCGAACG,584
CAATTCCACCGATACA,584
CCTCAAGTCCAAGAAA,584
CCTCCTTTGGCGGCTT,584
CTCTATAATGATGGGC,584
GCGAAAGTTCCCCGGA,584
GTTGGCTGAACTTTTC,584
TCTCAATGAAAAGCAA,584
TGTTATAGCTACCCTC,584
CCAGCCAAGCGGTAAA,583
GCACCATCCTATTCAA,583
GCAGTCTTCTTAACTG,583
GTGACATATAACCCCA,583
TACAATGAGGTGAAAA,583
AACTGAAAAGATTTGT,582
AATATAGTCAAAAAAA,582
ACAGCTAACACGACAA,582
CAACTGCCACAGTTAA,582
CAGCTTTGTCGTCTCT,582
CAGTTCCCCCTATGCA,582
CGTACAAGGAATAGCG,582
CTGTAGTCGTACATGT,582
CTTCGGTCTTTCAGTC,582
TCCAAATCAGAGCGAG,582
TGAGCAGTAGATTATT,582
AAAATAGAAGGTCTAC,581
AACATTCAGACAATTT,581
ACGGAACCATAGTGAG,581
AGCACTTCTCTCCTAC,581
ATAAGGTCGTAGTTGC,581
ATAGACAGATAATAGA,581
ATGGTACGGACTTAGA,581
CTCTTAAAATTCAACT,581
GACTCTTAAAACGGGT,581
GCTAATGAAACCTCAT,581
TAAACGTATATAGACG,581
TGCACCCAGGGTTGAC,581
TTTTTGAGCACATCGA,581
AAACACTGTGATATGT,580
AAGGAATGGTAAAACA,580
AATGTGGTGAAAAGGA,580
ACGGAAAGCGCTAGCT,580
AGCAAGACTGACTATA,580
ATAAGGTAACGCCTCT,580
CAACTGAAGTTAACAG,580
CAAGGCCAGCCACAGA,580
CCATCAGTCAACGCCG,580
CTAAACCCTTTGAGTA,580
CTACAGACGCCCAGCA,580
GAACCCTACCAAGCAA,580
GATATATTGACAGTAC,580
GCAAAGATAGCACTGT,580
GGAGATTAGTCCCGAC,580
GGGCCGTGAAAGGCAA,580
GTGTAGTAATACTTTG,580
TAAAGGGCCTAACCGT,580
TACCACGCAAGAGCGA,580
TACTTTAATCTATAGT,580
TCGAGAAGTATAGAGA,580
AAAAATATATTGATAA,579
AAAACTTTAATTAGTA,579
AATTCTTGGCTAAGTA,579
AGACGAATGGCATCAG,579
AGCGTGTGATTTACTC,579
AGTCTAAATCCCTAAT,579
CATATAGACAGTGACA,579
GAGATGGCATCTTTAG,579
GGTAAATTTTGATGTG,579
GTTTACCAAAAATCGC,579
TACTGGGGCCTCCCAA,579
TAGATTCAAAAGACAG,579
TGGGACTTTGCCTTTA,579
AATGACTGTCTTTCTA,578
ACGTCACACGAATAGG,578
ATAACAAATCTCAATT,578
ATCAACGATTCCTCTA,578
ATCAGTTGTCAAAAAC,578
CAACAACACAATGACT,578
CCATTGCGCTGTAATC,578
CGAAAATTCGAATCAA,578
CTAATAACCGGGAATC,578
CTCTGATAAAATGAAT,578
GAACCTACAATTATAT,578
GACTATTTTTTGAATC,578
GTTCTAAACTAAACAC,578
GTTTCCCATACTCTCT,578
AACTTATATATGCCTC,577
AGCACAACTAGTGTGG,577
ATGAGGTTCATCATTA,577
ATTCAGATCGTAACAA,577
CTAGCCCTCCCATAAA,577
GAGTAATCATTAACAG,577
GGAACCTCGGCATGTG,577
TCGCGTCGGAGTATTA,577
TGATGACCACACTATA,577
AAAAAAAAAACTCGAC,576
AACAAATAAAATCGTT,576
CATTACAAAACTCATC,576
CCTGGAGAATTGTCCT,576
TAAGCCATAAAATCGT,576
TAATGACAAAACAAGA,576
TAGGTAGGAGGATTTA,576
TATGGGCTACATGGAT,576
TGCTGGCCTCTATTAA,576
TTAAGTTTCTGTATCA,576
TTATAAAATAAGCATG,576
TTGACTCCCTTAAATT,576
ACTTGGTAACTACGCT,575
AGCTAGCCTCTAATCC,575
AGGATCAGTATAACAA,575
ATGGCCATAGTGGAGC,575
CAATCAGTTCAGAAAA,575
CATACTATTTTGTATA,575
CCAGCACTAGTAACGG,575
GAGTAGTACCTATAAC,575
GATACCCCAATAAAAG,575
GGATCAAGACCGTGCT,575
GTAGATCGCAACACCA,575
TCTGTGCCAGTACGAA,575
TTCCTTGCGATGACGT,575
TTGACCGAGAATCGGA,575
AACAACTTGCCGAAAT,574
AATAGCCTTGGACGGT,574
ACCGGAACGGCAACAT,574
AGTGGATAAGATGACT,574
ATGTCAGATACCTCCC,574
CAACCACAATAGAAGG,574
CCATTAAGCCACCATA,574
CGAATTTAAATGTGTT,574
GAAATTTCTATAAATT,574
GACACAATGTACTGCC,574
GAGAATGTGACCAAGG,574
GCCACGCGTTGGTAAG,574
GCCTCAATATAGAACC,574
TAAGAGCATCCCAAGG,574
TTCAACAAATGGTCCA,574
AAATACTTTTCTAAGT,573
ACGTACCCTCATTTCA,573
ATAAAGGCTAAGCATC,573
CAGTTCGAAACACGTA,573
CGGTATGATCAATCAT,573
CTCTACAGGATATAAA,573
TCCAAATTATCATTAG,573
TGAGGAGAGATCGTAA,573
TTATTTTGCTAATCTT,573
ACAGAACATAGGTTTC,572
ACTTCCTAAGGAAGCA,572
AGCCTACAAGCATGAA,572
AGCGGATCCAAGTGCT,572
AGTTAGAATACTTGGC,572
CGAGAAGGCCACTAAA,572
GCATCCAAACAATCCC,572
AACAATTCGTAAGTTA,571
AATGGCAGTATCGAAA,571
AGCGCTTTCGCTATTA,571
ATCAAACTCCTTAACA,571
GAATGCGGTGTTAATC,571
GGCCTGACATTATCGT,571
GTACCTGAACCCACGT,571
TAAACAAAAGTAAGGT,571
TTTCCTTAGGCCGCTC,571
AAATTTGAGGGACCTC,570
AATAACAGTTGAAATT,570
AATACCCCAAATACCA,570
AGCTACCCATGCGCTT,570
AGTTACGATAAGATAT,570
ATACCAACAACTAATG,570
ATGAGTTAGGGAACCA,570
GATCCGCGAGCACGGT,570
GATGGAGTTCACACCA,570
GGTAAAGACTCAGGTT,570
TAAGAATTTGCTACCC,570
TAATACAGATACGCAT,570
TCCAATGAACAAACCA,570
TGGAAGGGTCGCCGAG,570
AAATGGTCCACGCAAC,569
AACAGAGTCCAACCCA,569
AAGGCAAGAAGTAAAT,569
AATGTGGCAGTCAAAA,569
ACCGTAGAGCTGCGAG,569
AGCACTATGTGCTACT,569
ATGCTAGTGATGGTAT,569
CCGGCTTCAGAGCCTG,569
CTTATAAAGTGCACAT,569
GGCGGGAACTAATAGG,569
TCGGTTAAGTAGCGAG,569
TGGGATAACAAAACAG,569
TTCCTAATACACAATC,569
AATACCAAATAGATTT,568
AATTACCCAGGTCATA,568
CGAAGCTCTCGACTCA,568
CTGATAGTTTCTAGAA,568
GACATTCCCCCGGGAC,568
GAGACGAATGCAATCT,568
GGCGTAACATAATTGG,568
GGTATCTAGTACCTCA,568
GTGATTATAAATGCTA,568
GTTTGCAGCACCAAAT,568
TAACAAGAACACGTGT,568
TCAAGAATAAATAAAT,568
TGTCCTCCAAAATTCA,568
TTATAACATTGTCCGA,568
ACAGAGACGGCTGAAA,567
ACCTCAGTAGTCCGTT,567
AGCTTTGAAGCTAATT,567
ATAAAACAGGAATAAG,567
CACGTATTTATTGTCT,567
GAATGCACATAGGGCG,567
GCAAATCTGCTGGGTA,567
GGGAATCTGTTAAATA,567
GTAAATGTGCACAGTA,567
GTACAAACTACTACCC,567
GTATGTAGTTCGCTCC,567
GTCCCGGGACTAACAT,567
GTGATTAATGACAACC,567
TAACACCTATCGTAAT,567
TCAGAATAACAATCAA,567
TCGTTACGACTTGAAT,567
TCTCGAGTGCTGAGTA,567
TGCCGAAGATTATTGA,567
AAGTGAGATCATTTAT,566
AATATGATCTGGCTCG,566
AATCATCACGCTTAAG,566
AGAATTAAACTGTGCG,566
ATAGCCCTCATGCAAC,566
ATGTTTGCACAAAGAC,566
GAGACTCCATATTTTA,566
GCCTGCCAGCACATTA,566
TAAGTCTAATAGGAGA,566
AAACGATACGTTAAAT,565
AACACCACGAGTCTTA,565
AAGTAAGCCAACATTG,565
AATTCACTATAAGGAA,565
ACCTCCTTTACACCCT,565
AGGAAAGCAGAAATAC,565
AGTAATAAGTCAGAAA,565
ATAATTAAAGGCTCTG,565
CACCTTGTATAAAGGA,565
CATGAATTTGAATTTC,565
GAACGTGATAAATGGC,565
GACGGAAGTTCTGTTT,565
GGTTAATCAGACAATG,565
TAAAACCAACACTGAG,565
TAACACTCAAAAAAAA,565
TGCGGTCGGACATAGT,565
TTTCACATCATTCTTG,565
AATGAGAAGGCTGATA,564
ACAGTAATAACCACCA,564
AGAATATATTAAACCA,564
AGTGAATACATACCTC,564
ATGCGCCTGAAAATGC,564
CAACCAAGGGTTTTAC,564
GATATAAGCCTAGGGA,564
GCTCGGTTTATTCCTT,564
GTTGACAAAACACTCC,564
TATCCGTAGAGCAAGG,564
TCAGCGACTACAATAT,564
TGTTTTTATTATGGGA,564
TTAGGCCATACTCCAC,564
AAACTAAAATGTCGCT,563
AAAGAAGATGAAGGAA,563
AAAGCACATAAAAGCT,563
ACATAGTATGGGTAAC,563
ACCTTTGGAACGATCA,563
AGGGACTGCTTATTAA,563
ATAAACTCGATATCAA,563
CAATATTCATACACTC,563
CACAAGTCGTTAAGCT,563
CCTTGCCCATTCTTCA,563
CGAAACTGGTAAAGAA,563
GACCGAAAGAAACGCA,563
GCAATGTATATAGCAT,563
GCATCTCCATTTAACG,563
GCTAAATCGAAACTGT,563
TAATATCAAATAGGCC,563
TCCCAGCGAAGAAGGT,563
TGTCTCGGTAAAAAAA,563
TTAGGGTGCGTCATAA,563
AAATTTAATGAACTAT,562
AACCAAACATGATACT,562
AAGCAGGGGCATACCC,562
AATCGTTAACAATTTA,562
CACCGCTAAAGTCGTC,562
CCCGATGTCGTAAACC,562
CGAATCACGTCAAACC,562
GACGTTATCTGTAGTC,562
GTACTGGCTAAACTGC,562
TCCTGACACGTACCGA,562
TCGCATTCATATGAGA,562
ACGGGTTTCACAAAAT,561
ATAACTGCCGAATACA,561
ATCAATTTATTAAGCT,561
ATCATTAACAGACCTT,561
ATGAAGCGTAAACATG,561
CGTTCATATTAAATAC,561
CTCCAAAAACATTTGC,561
CTGCGGTAGCAAATTC,561
GATCGGAAGGAATAGC,561
TAGTTCGAATTACAGC,561
TATATCATCCCAAAAA,561
TTAGCAAATGGACAGT,561
TTTCAAAGAAGGAAGT,561
AAAACTCACCATTAAA,560
AAAGCTTATATCCCGC,560
ACTTTTATATTAAGGA,560
AGCAGATTCCGAAAGG,560
ATATAAAACACATCCA,560
ATCTCATAAATTTCAA,560
CCGACACATAACTATA,560
CCTATTTTATCAGGTG,560
CCTCAAACATTAAGTC,560
CTCGTGAAAATACACC,560
GATTGGAACAAAAAGC,560
GTTACGTCGTATCGCG,560
TAATAAAGCCAGCACT,560
TATATATACAATAGAA,560
TCTAGATTACCCCCAG,560
AACGACTACAGCGTTA,559
AGACAATCAAGTCATA,559
AGCCGAACATGTTTGT,559
AGTGATAAAAGTAAAT,559
ATGTTGAGAGACGATA,559
CAAGCGCCGCCGGTGT,559
CCCTAAGCTCACTGGT,559
GAGCTGCGACCCTCAG,559
GCAAGTACAGTACTTG,559
GGCCTACCGGCCTAGT,559
GTACCTCAGAGGGGCA,559
TACACGTTTGTGGTAA,559
TAGATCGAAACGAGGA,559
TCCTCTCCCACCTCCG,559
TGAAGCAAATACGTGA,559
TGAATATGCCCTTAGT,559
AAAGATTAGATCCCTC,558
AATAATCCATAGACAC,558
CGCTAGATAGAAGCCC,558
CTAAATTAGGGGGATC,558
CTAACTGAATACCGTG,558
GAACGAGGCAAATTTT,558
GCTCTGTTGTAACATC,558
TAGCGAGACAGATTCA,558
TGCTCATAAGTCTTCA,558
AACCCCTCAACATATG,557
AAGAATATGGCCGAAG,557
CACAATCGGACGCACA,557
CATCACAGGTCACTGC,557
GATAAACAACAGTCCA,557
TTTGTCAATCAGATTT,557
AACAACACCTAGAAGC,556
AACGGCCGGATACCCA,556
AAGTCTTAAATGCCTT,556
AATTGAGGCATAACCG,556
ACATAGAGACATTACA,556
AGAGCCGTCAACGCAT,556
AGATAACGGACTAAAA,556
CTTACATTACTTCCTT,556
GAAAGAGCCATATCTC,556
GCACCTATCTAACTCT,556
GTCTAGAAATCAATCA,556
GTGACAGTCAATTAGA,556
GTGATCAAATTTGAAA,556
TCCAAATAGCACGTCA,556
TCCGAAAACCTCTCAC,556
AAAACAAATTATACAT,555
AAACCATGACAAGGAC,555
AAACCTTAGTGCACTC,555
AGGGTATCCTTTTCTT,555
ATTTCACTAAGGAACC,555
CATTCTATCATATAGA,555
GAGACTTACGCAGTAC,555
GAGTAATTTTAAGCTA,555
GTCTAGATATAGGTAG,555
TACTGGCACCCCCAAA,555
TACTTGAGATGAACCG,555
TCATTAAGCAAGCTAC,555
TGAGTAAGACTAAAAA,555
TTCTGATACGAAGATA,555
AAAAAAGTAGCAGCTA,554
AAACCTGATAAGTTTT,554
ACAATCAATTATCAAA,554
ACGAGTTGCTATGGAT,554
ATGCAGTACCCCAAAC,554
CGTAGCAAGCAGACTA,554
GAACACCATAGTCATG,554
GACGATCCATAAACCA,554
GCTATTGAAAACCGAG,554
GGTCAGATCGACTTCC,554
TAAGATTTCCTCCTTA,554
TCTATCAGGCTCGGAA,554
TCTATGTATGAGAAGA,554
TGCCAATTAACACTAC,554
TGGAGGGTAGAAAGAA,554
TTAAGCCATATGTTAT,554
AACTACTAAGAACCCT,553
AAGCCTATGATTAAGT,553
AATAGGTTACATGTCA,553
ATTTGTAGTTGATTAA,553
CCTCTTTACGGTTATA,553
CGAATCCTAGTACAGC,553
CTATGGTCATTCGGCA,553
CTTTAAACTAAGAACA,553
GAGCCTACCCACGCGC,553
GATGCCCCTAGATTTA,553
GCATGCCATCGAAAAA,553
GCGATAAGCCAACGAT,553
GGAAACATCAGGCCAT,553
TAATCAATAAATTTAC,553
TAGCACAAGTGTAGAA,553
TTCATAACAAGCACTA,553
TTCATGATGGACGATA,553
AATACAATTACTATAG,552
ACAAATGGACGGACAA,552
ACAATACATGCAAGCT,552
ACATGCTAAACGCGTA,552
AGACAATAAGACCTCG,552
AGGTTTAAATTGAACC,552
ATAATAAACCGCCAAC,552
ATCCAGCTTTTCACAA,552
GCAATTAATCTTTTCT,552
GTAGAAAACTGGGACA,552
TAAAACCAAAACGTAC,552
TAAGTGCATTAACTTA,552
AAATGCTCTCCTCTAC,551
ACTCGGGATTTAATTT,551
ATACAGTACGATAGAA,551
CGCTAGTAGTCCAGTC,551
TAACGAATCTATACAT,551
TACGCATGATGCTTAC,551
TCACTTACGACCATCC,551
TGAACACATACACTTA,551
TGGGTGACCAACGAAG,551
AAATGGTGACGGCCCG,550
ACCTCAAACCGACCAA,550
ACTAAATATATATCTG,550
ACTTTTAACTGAACTC,550
AGAATAGACACTTCAG,550
CAAAATATAACAATAA,550
CATACAAGTAACATAC,550
CATCTACAGACTCTTG,550
CATTTACAGGAATCTT,550
GCCCGCCAGCCACATA,550
TAAATTTACGAACGCT,550
AAAATGGCTATGATTT,549
AAAGTAGCCTAAACAG,549
AAAGTCAAGATTTGAT,549
AATAGAAATCACACAA,549
ACAGATATAAGACAAT,549
ACCCCTGGTTTACGCT,549
ACGTAGACAATTGTTA,549
ATACGTCAACTGTTAA,549
ATCGTAAACAGCTACC,549
CAACAAAATCTCATAT,549
CACGAAAAAATATAGA,549
CGATACAGTTCAAAGG,549
GAACGCCACTACCTGA,549
GAATGACCAGGAGAGA,549
GACTACTGTCAAGATA,549
GCAAGGCCACCCAAAG,549
GGCCTGGAAGGGTATA,549
TCTGAGAGAAATAAAG,549
TTTCCAATAAAACCGA,549
ACAGTAAATCTTCTTC,548
AGGAACCTTAAAGTAT,548
ATAAAGCCTAACTAAC,548
ATTAAACAGCTAAAAT,548
CTACAGCATTTACTCG,548
TAAATCGTGGGTAAAC,548
TAATATCTACATTTAT,548
TAGCATATGCCCATAG,548
TATTTCCCGTCCCGCA,548
TTTTACTGAAGGATCA,548
AAAACATGAAGTATGC,547
AACAGCACTTCCGACA,547
ATAACCCCGTCCAACC,547
ATCAATTTAACCGACA,547
ATGTAGAACAATATTC,547
ATGTATGAAAGACAAT,547
ATTTACCATTGGATAT,547
CGTTAAACAACTACTA,547
CTTCAAACCCACGAAA,547
GAATGTCACGTACATT,547
GATGTCATGGAAACCA,547
GCGATTATACCACGAA,547
TATTTGGCTAAGTAGC,547
TCCGAACGTCAGGCAG,547
TGTATCCATGAAATCC,547
TTAACGTCATAGTCAT,547
AAACATAACATTGCCG,546
AAATGAGAAGAATATA,546
AACCGATTGAACTACC,546
AACCTAACACCAGCTC,546
AAGGCTAGAAACCGAG,546
ACGATCTACTCTGATC,546
CAGACACCTTCAGTTT,546
CTCAATCTACCTATGC,546
CTCGCATCAGTCTAGG,546
CTGAATTGATAAACCT,546
TAAAAGATATTCACCA,546
TAACAAGAATCTACGT,546
TCAAGATCCCTACATT,546
TCATACTCAAACATAT,546
TGAATAAACAACAATC,546
TTATACCGAAAAAGCC,546
TTGAGGCGCTCCGACG,546
AAATAACCTACAGATA,545
ACGAAATGGCAATAAA,545
ATAGTCGACAAGGTAG,545
ATCTAATCAGGATGAT,545
CACGCCGGACAAAAAT,545
CAGCCAAGTTTATTCT,545
CATAGGATTCCGAAAT,545
TAGATATAGAGTTGCA,545
TAGGATGCATTAAATC,545
TCCTATATAATCAATT,545
TGCGAAGAAATAAAAA,545
AAAAAGGGCCGGTTAC,544
AAAATGGATTCTTCAG,544
AACTCGTACAGTATCA,544
AAGTCCACGTAAAGAC,544
ACTTTACAAATAAACT,544
AGTAACATTCTTTGTA,544
CCGATTTGGCATGAGC,544
GCGAGTCTGATAATCA,544
TTCAGAAAATAGAAAG,544
AATCCTGCAAAGGCAT,543
AATCGACATTATAATG,543
ACAGATAGATCAGAGC,543
CAAATGCTCTCAATCG,543
CACACGGACTGAACAA,543
GATTACTTGAGCCACT,543
GTGGAGTAGATAGATC,543
TAACGTAAGAGAAATC,543
TGAACCACACAAAGAA,543
TGGTTATGATCCGCTA,543
TTTAAAAGAAATAGCA,543
TTTAGGAGACTTTTCC,543
AACAAATTACAGCACT,542
AAGTGTTACATACGAG,542
ACAGCTCTATTTAGAC,542
ACTCTGATTCCAGAAA,542
ATCCATGTATGTTCCA,542
ATCTTTGGATATACTT,542
ATTCTTTGGCACTCCA,542
CAACTCCGCATACATA,542
CAGTTCAGCCGTTCTC,542
CTAACATCAAAGAAGT,542
GAACCAGACATACACA,542
GCCGCATCGTGGACCA,542
GCTATCTAAGGTTTTT,542
GGATAGTAAATCCTTA,542
GGTGCTTTCCCGCATA,542
GTAGAGGAAACACGCA,542
GTAGCCACAAGCCATG,542
TAAATGTCACCACGAG,542
TAACCTCTAAATTGCT,542
TACCACACGACACCAA,542
TATTGATGGTCTAGTG,542
AACTATCACTAATAGT,541
AAGGTCAAAGAAGTTG,541
AGCAGATATTAGGAAA,541
AGGGTTATGACTTACA,541
ATATACTTGTTCCCAA,541
CAAACCAACAGGCTTC,541
CGGTATATCGAAACCA,541
CTAAGGGTAAACTGGA,541
TAGTCTATATCAATTG,541
TCGTATGCTAGAGTGC,541
TGCCAGCCAAAAAGCA,541
TTTATACTCATCCTAC,541
AATCCTCACAAGTGAC,540
ACCCAAATCAAAAAAA,540
AGCGCGAAGGCGCCGA,540
AGTGGTATAAGTGCTA,540
ATCATACTATCTTGAA,540
ATGTAAACTATCAGGC,540
CAGATACACCCGCCGA,540
GACTAGGAGAGGGGAT,540
GAGTTCATTCAATAAG,540
GCCAATGTACGATATT,540
GGAGAATGTATTAACA,540
TAAAAGACAGTAGAAT,540
TCAACTTGTACTATCC,540
TCAAGTGATTACTCAC,540
TCGAGATTCCGTGTCA,540
TGCAACACGAATTATT,540
TGCTCGAACCCACTAA,540
TGGGAGGTCCTAGACT,540
AACAGTATAATCATCT,539
ACCACTGCTTTGTCTG,539
CTAGGTAGCTCTGTCC,539
GCTAACAACAGACACA,539
TAAACAGGACGACGTC,539
TACACCACTCCCGAGG,539
TGCGCGATACAAATCG,539
TGCTTACTAATTGTAA,539
AAAATACTGGCTACGT,538
AAAGGATTTTGCAAAG,538
AAATTAAAAGGAGAGA,538
ACCGGGTGACGAAACG,538
ACTCATATAATGAGAC,538
AGAGAGGGATAAATTG,538
AGCGATCCAAATTCGA,538
ATAAATTTTAACCGGT,538
ATGCAGGCGTAACATC,538
CAAGTTGAGTCAGCGT,538
CATTAGGATATCGACT,538
CCCAAAGCCATCGAGA,538
CTCATCGAAATAACTG,538
GAAGCCCACTAACCAA,538
GTTAAGCACTGCTCCG,538
TGTCGAAAATTAAAAC,538
AACAGTAAGCTTCAAG,537
ACAAACAGTCCGCTCA,537
ACGGACCGCACGACCA,537
AGACCAATCGTGGCGG,537
AGCACTCTATAGCAAG,537
ATGATACTAGATTATT,537
CAACCTGCGACGAAAG,537
CCCGTTTTTCCACAAA,537
CTGGACTGCCGTAATT,537
GAAAAGACAATAGAGA,537
GCATCGCCCTCGTTAC,537
GTTTGAAAATGACGAG,537
TATGCGACACAATACT,537
TCGGTTCTCATGTCAT,537
TTACACTGAATTTGCC,537
TTATGTCATTACGTTA,537
AAAGAAGGCAAGAAAA,536
AGACGATCTAAACTAC,536
CACAAACAAAAAAATT,536
CACAATTCAAGAAGAC,536
CAGAAGAAAGTAGTGC,536
CCGGTAAAACAGGCGC,536
GGTTATGTCCCTATAT,536
GTCAGGCGACCCGCAA,536
TAAGTAATTGCTGAGC,536
TACAGAAGATACATTA,536
TCTATTAACACAGTAA,536
TGCTGAAAGCAGTTAG,536
TGGCCACAGTCCCTTA,536
AAACTAAGAATATCAC,535
AAGAGAAGCAATCTTA,535
AATCTAAAATGACACT,535
AGAATTAGTCATTTTG,535
AGCGAATTTCCTTACG,535
AGTCAGAATGGAAAAT,535
ATATCGTCCACATAAT,535
ATCAAATTACAGATAG,535
CACATCATGCCACTTA,535
CAGATGCTATGTTATT,535
CAGCTACTGGCAAACA,535
CCTAGCAGACTCTTTG,535
CGAACTAGATGGTAAA,535
CTCAGTTGATAGCCAG,535
CTCCGACCTATGGATC,535
GAACTCTAAACAATCT,535
GAGATAAGATTTTACA,535
TCAAAATCACAACATA,535
TCACAAACGAGGTACC,535
ACAACGCGCTCATAAA,534
ACAGAAGAGCGAGTCA,534
ACCACGATCCCTGTAC,534
AGTGTAATGGATACCT,534
AGTTGGAACTAATTAG,534
ATCCTATGCTAGGTCA,534
CACTACAAATACCACA,534
CCACCCCAACTATTAA,534
GAAACCTGCCTTGCAA,534
GCGGCGAGATTCTTCA,534
GTCTCTGAATAAACGT,534
TTAAAACCTACGCAAA,534
TTAATAACCCCATGAT,534
TTTGCCTAACCGTAAT,534
ACAACCCACAAGAACA,533
ACAGTGATATGCTATT,533
ACCTTATCCACATCAA,533
AGACCCTGAAGGAGAG,533
ATTGTGGGGGTTCCTG,533
CAAAAACTCATTAATA,533
CAACTCCCTAATGACC,533
GACACGCTGATAACTA,533
GTTAAGTGCCGAGCCT,533
TAAAAAAAACATACAC,533
TATGCGCACTATGAGA,533
TATGCTGGAGGGCCCT,533
TCTCTGACAACTAGAG,533
TGCTAAAGGGTCGCTT,533
TTGCAGCAAGGTGGCT,533
TTTGTAAAATCCAGAG,533
AACCGAACTTGAATGC,532
AACTCGTCTTTTGACT,532
AGAAGATAGATGTAAA,532
AGACTAAATTACCCGT,532
ATTAAGTCGCTGAGAC,532
ATTCGCCTATCGTAAA,532
ATTGAACTTAAATCAA,532
CAGTCGCCACATGAAA,532
CTTTACATGAAAATTC,532
GATGACGTATTTCAGC,532
GCTTTCCTAAAGAGGT,532
GTATCGCAGAAATTAA,532
GTTTAACTTGTACCGT,532
TACCAAAAAAAACTTG,532
TAGAGAACATGCAAAA,532
TAGAGGACCAAAAGAT,532
TCAGAACTCACAATAC,532
TCATAGAAAGACTTAC,532
TCCACGGGCACAAGTA,532
TCGGTGTTAAAAGTGA,532
TTAAATGAATAGTGAA,532
TTACCATCAAGTAGCA,532
AACACCCCCAAAAACC,531
AACCTGTAAAGAATTA,531
AAGAATAATCCGGCAG,531
AAGCACACAACAAGTA,531
AAGGTTCACTTAACTC,531
AATAGCATAAAGATCC,531
ATCACTCAAATACGAA,531
CAAACTATTTTACTGA,531
CATCATACAAGAAAGG,531
CATGCTAAAACAAAAA,531
GACTGACCGACTACAA,531
GATTGCCCCGAATTCA,531
GGACAAATAAGACGAT,531
GGCATACGAGGCCGGT,531
GTTACCTAAGAAAATA,531
GTTTGTCTGGGTGACA,531
TCCTATGGCATTCGTA,531
TTCATATGAGCGTAAT,531
TTGATGCGAAAGGTAA,531
AACAAACGTAAGTGCA,530
ACACCTTCGAGGCAAG,530
ACATAACTGAAAGAAG,530
ATAATAGGTTACGGAC,530
ATCTCCTTTCTGACTA,530
ATTGACTGATCAAAAC,530
CATGAGAAGCAACAGT,530
GAGCCGAAATGTCGGA,530
GCCATCAGTTTTGTAA,530
GTAATTAGCTAGTGTT,530
GTACAACCACGACTAC,530
AAGAACTATCCCTAAT,529
ATGGAGCAGCCTAAAA,529
CAGTTATGCTCAAACT,529
CCCGAGTCGAGTGGAC,529
GAAAATATGGACGATA,529
GATCACGGACATGGGT,529
TAATTCTAAGTAAGTG,529
TAGTCATTATAGGCGT,529
TATCCGAAAGGCGCTA,529
AACAAAGGAATCATAT,528
ACGTCTTGAACTGTAA,528
AGGCAAAAGGTATATA,528
AGGGCGTAGATATGCA,528
GACCAACCGGTACCAT,528
GATCCATAAACCGCCA,528
GATCGTAACAAAACTT,528
GTTGTAAATGCAATGA,528
TAAACCGCAAAGATGA,528
TTACGTGGGACAATGA,528
TTTAATACGGTTGGAA,528
AAACGTTTCTGCTCAA,527
AAATAGCCAACGACCA,527
AAATCACCAAATTCAC,527
ACAAAATATTCAAGCT,527
ACAATCCAGGAAGGTA,527
ACGACCCATTACACAT,527
AGAGGTAGATTATAGA,527
ATACCCCAAATTGTCA,527
ATGACAAAGAGACGTA,527
CACGTCAAATAGGCAT,527
CATCTATTACACATCA,527
CCGTGACACTGCTTAT,527
CGGAAAATACCGCACG,527
CTGAAAAACATATTTT,527
GAATCTGATAGCCCCT,527
TCCGCCCTCATTCTCA,527
TCGTTAAAAGCAAGAA,527
AACGTCGAAATCAGTA,526
CCTACACAGAACTCCT,526
GAGCAGATATCACCAG,526
GTATAAAGAATCAATA,526
TACTACCACTTTGCAA,526
TTAGTAAAACGAATTT,526
AAGAGAACGAATAGAT,525
AAGTTGCGTTACGTGA,525
AATAGCACTAACTTGA,525
ACAGATATTGCCGATA,525
ACCAACAATGAAACTT,525
ACCACGACCAGTAACA,525
AGCCTAGTACAGGAAT,525
ATATAGTGTTAAACCC,525
ATGTCAGCAGCCTTGA,525
CCTCTCGCTTCCAAGC,525
CGATAATATTAACAAC,525
CGCGAAGGATAATAGA,525
CTAAACGCGGTGCTCA,525
GCGAGCCTGAAAGCAG,525
TACTAAATTGATTAAA,525
TATTTCCGCATAATAC,525
TTCGCTTTATATTAGC,525
TTGACGGTGAGAAGCA,525
TTTATGGATGAGCCGA,525
AATTTGTACCGGGTCG,524
ACGAATGATCGCCTCG,524
AGAACGCCCCAAATCT,524
ATACAAATCACAGTTC,524
CATTAAACACTACATT,524
CCAGGGAAACACTCAC,524
CGGACTACCAATTGCC,524
CGTCAAGAGAAACTCA,524
GATATGAAAGCACCTC,524
GGGTCCACTCAAAGCA,524
TCCAGTTATATCTGTT,524
TCGTCCATACATTCAC,524
AAAGGTCATTCTTATG,523
AATCAAGCCACGTTTT,523
ACGCCGGAAACCATAC,523
AGCGAGGCGTAGCCCA,523
ATGCGTATAATTGACT,523
CACTCCAAAGTCAACA,523
CCATGGTCCGCGAAAT,523
CTTACAATATCGTATA,523
GCCCAAGAATGTACGG,523
TAGTACCATATAGTAA,523
TCAATATAACGTCGGA,523
TCCAACATTAATACAA,523
TCGCAGACATACAGAA,523
TGGATATATAAGATCA,523
TGGGGTGCAGTCCTAA,523
AACTCCTTGTGTTCGT,522
AACTGCAATAAACCAC,522
ACATCTCACGACGGTG,522
AGATAATTTAGATTAC,522
AGCACAATGTTTGGCC,522
ATTAGCCTGGAACTCG,522
CTACAGAAAATATAAT,522
CTCGAGTAAAAAGATA,522
GAACCTCTCGCATCCT,522
GCAGATGTCAATCAAT,522
GGAAGATTGGTGGTAT,522
TAATGATAGAAAGGCA,522
TACCTCTAAAGGCACG,522
TTAGACAAATGCTAAC,522
TTCACATACCAAGCAC,522
AAATTATAATTGACAA,521
AACCATAAATTCCCTT,521
AATAAGTATCTTACCA,521
ACCAAACAGCTTAAAG,521
AGAACTCCAACAAAAT,521
ATACACTTGCTGGACG,521
ATGCACCTTCCGAAAA,521
CTCTCGGGCTCCCTAC,521
GACATACATTGAATAC,521
GGAATAGTGCGTTGAA,521
GTTGCAAGACTAGAGA,521
TAATAGTAAATATAGT,521
AACCAATAGCATTTAC,520
ATAATCGCGTTAGGCG,520
ATCCAACGAAATATAG,520
CACTCAGTAGAAGAGC,520
CCCGCATTAAACGTCA,520
CTCCGAAACAGGCGAT,520
CTGCTCTTAACGTCTA,520
GAGTGGCGAGGGACAT,520
GCATAGAGATAGTCAC,520
GTGGCCCCATCGCTCA,520
TACTCGATTATTTTTC,520
TCTGACTTGCGAGGAT,520
TGAACAACAATCAATA,520
AGACCAGTGAACACAC,519
AGCATTGTCCCCCCGA,519
CAAAACAACCATCCCA,519
CATAATTGCCTCGCAG,519
CCAAAAACACATATGC,519
CTTCTCGCGTGCTGAC,519
TCATAGTCATAAACAT,519
TCTAGGAGAAGGTTAC,519
TTAAGTCGAACGATAT,519
TTAGTGACCAAACATA,519
AAAAACGGCTAGTGGA,518
AGAAAGACGTAATCGT,518
AGGACACAATCGACGG,518
AGGGTTTGACAACCAT,518
ATAGCCAACAACTCGA,518
ATCCTATATAAACGCA,518
ATTACGTGTATAGAGG,518
CACAGGATACGCTAAG,518
CCTAAACGGAGGAGCG,518
CTATTGCCTGCCGACA,518
GAAAACAATTAGTACG,518
GAGGAAATTCTTAGAA,518
GGACTTTGTAACCGAG,518
GTATCTCTTACAAAAC,518
TCCAGCCATCTGATAA,518
TTAAGGCATGATGCCT,518
AATCAAAGTGATTACT,517
ACGGACCTTCAGGGCA,517
AGAGTCAAGTACTGTA,517
AGGCGGACTCTCATAT,517
CAAGTGGAGCTCGTTT,517
CACCTCTGAGCTCGCA,517
CACCTGAACTAACTAG,517
CACTGCTCATACAGGG,517
CAGATGGGTTGAATAA,517
GAATAACCGCTCATGT,517
GCATTAACTTCAGAAA,517
GGGACGTAAGAATAAT,517
GTATGTTAGACCTAGA,517
TACGACCTCACACAGC,517
TAGTAGATGGCACTAG,517
TGATATGTTACCTTAT,517
AAACAAAGCTCTAGAA,516
AAACTATTCTCATATA,516
AACTATCACTATGGAA,516
AAGGATAAATTTCGAG,516
AGCTAAGTCACGTAAA,516
ATCCATCATCAGTATA,516
CCTGAGTAAAAAAACT,516
CGAATGAGCGTAGAAC,516
GAAAGGAGAGGGAAAA,516
GAAATAGAAAACGATT,516
GAACAGGAAGTTTGGC,516
GAATGGAATAATTTGT,516
GTCCTTCAAACAACGT,516
TTACGTTGACCTCACT,516
AACACCTGAGCCTCAG,515
AGACTTGGCATATAAG,515
AGGTTATGTTCGAAAA,515
AGTACCTATTGGCAAG,515
ATCATGAGCATATATT,515
CTAACTCCACAGAGGT,515
CTACACATATCAGAAA,515
CTTATGATAAAACTAA,515
GACAGAGTTAGTAGCT,515
TAGAGCGTTGGTTATA,515
TAGCCGTATGTCCGCA,515
TGAATTCCGCTATTTA,515
TGGAATCAATTAAAAT,515
AATGGAGCACCCACCA,514
ACTAAACAATCTTTTT,514
AGATACAAATTGAAAA,514
ATACAGCCTGAATTAT,514
ATAGTTTAACCTGGTT,514
ATGATATACGCTACAA,514
ATTCAAAGTAAAGCAT,514
CACCGATGCAACAAAC,514
CTACAGCTTAAGCCCT,514
TAGTCCCGGCAGGGTA,514
TGCAATTTATGAACAC,514
AACCCGAAATTCCTCA,513
ACCGAAACTTAGGATC,513
ACTATTAAAATTCTCA,513
AGATGCCAAAAAATAG,513
AGGAAGAGTTCGATAT,513
AGTGAATTTTATGGAG,513
ATAGCCAAATGACCTT,513
ATTATGAACGACATTT,513
CAATATGAGACGAGCG,513
CCAATTTTTGAATCCA,513
CGAAAAAGAACGCCAG,513
CTGTCATGGAAGCCGA,513
GACAAATCTTGACCAC,513
GAGACACATAACCTAA,513
GCACTAGAGAGCGGAG,513
GCATTTTGACAACCAG,513
TAAGGCCCCGCGCTGC,513
TATGCCAAGTAGAGCG,513
TCGTTCCGTCAAGCCT,513
TGAGTAACATAAGGCA,513
TGGGGTACCAAAACGT,513
AAACGAGAACAGCTAA,512
AAATTATTGATAAGAC,512
AAGCTCACCTAGGATT,512
ACAATTAAGCACAGAC,512
ACAGGGAAATCTAATA,512
ACGTCAATGTAGGAAT,512
AGAGTCTCTAGAAAAC,512
AGGTATTATACAACTT,512
AGTAAATGCTCCGGGC,512
ATTCCGTAAATTGTGA,512
CGTCGCAATCTGAAAG,512
CTATACGAATCTCGCT,512
CTGAAAACCGAACTTG,512
TAAGTCTAACCTATGG,512
TAATAATCAACCAATA,512
TACAAAGCTAAGCACA,512
TAGGCGGACTAAACGC,512
TCATTTAGATAATCGA,512
TCTAGATTCAAAATAT,512
TGGCGTACAGAAACTT,512
AACAAGGGACCTACTT,511
AACCGTGTAAAGCAAG,511
AATTCGTATCAGTGTC,511
ATAAACTAGAGAGATG,511
ATACTAGAGTAGAATC,511
ATTTCTTAACGAATAC,511
CAGTGAGCCCCCGGCA,511
CATCGAAAAGAGTTCG,511
CCATACCGGCGCTCCA,511
CCTAGTGCGCAGATAA,511
CGTCACCTCATAACCG,511
CGTGTACAATATTAAA,511
CGTTTCCTAACCTTAA,511
CTATTAGTTAGGTTGA,511
GACTCAGGTCTTAAAC,511
GAGAATCTTACCTAAC,511
GTACCAGCAGGACCGT,511
TATCAACAAGGCACAT,511
TCAAGGAGCTATACTA,511
TCGAGCACACAAAAAC,511
TCTTACCCAACATAAA,511
TGCTTATTGCTCAATA,511
AACGTTATGCGCATGC,510
AAGTAATAAGTAAAAA,510
ACCGAATTGTTGAACC,510
ATGCAATTGAAAAACA,510
CCGGGAGCTCGACATA,510
CGTAATAAGCAGCACA,510
CTTGTGGATGCCTCAC,510
GACCATAAACTAGCAT,510
GGAATGAAGAAACACT,510
GTGAAGGCAATACAAC,510
TAGCCGAATAGAAAAA,510
AAGGGAAATTAAAAAT,509
ACCAATCAACGTACAA,509
ACCGAAACTCTTAGAA,509
ACGAGAAACACATTAA,509
AGCAATAAATGATGAA,509
AGGATGTATAAAGATT,509
ATGATGATATAAATCG,509
CCACGATGAAGCTGGG,509
CGAAATACGATTAGGC,509
CGGACTGAATCAACTA,509
GTCGATTGACCACACA,509
TCATTCCATTAACGCT,509
TGATACTACAACAAAT,509
AAACCTCACCTCTTAA,508
ACGATTTACTGCGAAA,508
CAGTCCGTTGTTAGCA,508
CATAGGAATTGAATGC,508
CGCTTGGCGACCACAA,508
GCTGTCCAATGATGCT,508
GGAACCGTACGACACA,508
GTTGAACTGGCTAAAA,508
TATTAACAATTGTCAC,508
TGCCTAGCAGAATCCA,508
TTAAGCACACAGGTTA,508
AAACCATGGGTCTGTC,507
AAGACAAAACGCGCAA,507
AAGATAAAGAAAACTC,507
ACCCTGGCATAGAAAA,507
ATCACGAGCTGAGCTG,507
CAAAATACCACCTTAT,507
CAACACCCAGGCGAAC,507
CCTTAAAGAGGGCATA,507
CTATGTAAGTACAAAA,507
CTGCACGATCGAATCC,507
GCAAAAATTCTAAAAA,507
TAACTAGAGATAACCC,507
TATCATCCATCAACTT,507
TCCAACTAAAAATTAA,507
TCCTTAAAGTGTAAGG,507
TGACCACCATCGTTCC,507
TTCATAACCATATGGG,507
TTGCCGCCAAGGGGAA,507
TTTCAAATACAAAAAT,507
AAAAGTGCCAATGGAA,506
AAACAGTTGGAGGAAA,506
AACTTGGCTTATACAT,506
AATAACAAATGCCACC,506
ACTGAACTGAGCTCCT,506
AGCGAGTTGGTCTAAG,506
AGGAAAATAAGAAACT,506
AGTGCCCGCGTACATT,506
ATCCCAGGAAATTGAT,506
CAAGCACAAGGTAGAT,506
CCACAATTAAAAAACC,506
CTATATCCCCCAAATA,506
CTGACACGTAAAGGTT,506
GAGCCAAATTGGCTTG,506
GCACTCTGACGTAAAA,506
GCCAGGTCGCCACTAC,506
GCTCAACTGCGCCAAA,506
GTAATCTAGAATTTAT,506
GTCCGGATAGACCGCA,506
TCGAACTCGTCCACAA,506
TTCTCACCCTGCGGCT,506
AACTCCGGTCAGGATA,505
ACACCCAATTCCACAA,505
AGACACGTCTAAAAGA,505
ATTGTCCCCACGATTT,505
CCCAGAAAATCACTCC,505
CGAGTGAGAGATCATT,505
GGAGGTGAATGGAATA,505
TACATTTAGGGAAGGC,505
TACGAAGGCTTGGACC,505
TAGTGAGCAGCGACGG,505
TCACAATAAATAAATT,505
TCTAACGCCAACGCAG,505
TTTATAGACCGACCAT,505
AAACTGAACCAATGAG,504
AAATCCCTGGCTAATT,504
AACACGTTGGCTACAC,504
AACTAGCGGATATATT,504
AGTTAATAGGTCGCTA,504
ATCTAAAACTCCCGTA,504
ATGAACAACGTACGAA,504
ATTAACCAGAATTCAT,504
ATTCCATAACTCCACA,504
ATTGTCGATACATGCG,504
ATTTGAATTGACATCG,504
CGGTCGATCAAGGTAC,504
CTCTCGCTTAAATATC,504
GATAAGCTTAACAATG,504
GGGTCAAAAGAATCAA,504
TAGGAGAGAATTAGCG,504
TGGGGACAAAACTAGA,504
TTTAATCGTAATTATT,504
AAAGATTTATGCCTCT,503
AAGGCACCTGTGCGCC,503
ACCGGTAGACTGAAAT,503
ATAGTAATGATGACAC,503
ATATAGGACCATTCGT,503
CAGATGCTAAGCACAT,503
CCGCTTAATTCTCCAA,503
CGACGAAAAAATAAAA,503
GACCTCGATGCTTATG,503
GAGTTCTTGACCTAAC,503
GCCCTGTGTCGGGCAC,503
AACCTCACAATAAAGT,502
AACTATCCACGCAATC,502
AGTGAAAAAATATAAA,502
ATCTGCGATATACAGG,502
CAGGATGCTATACTGA,502
CTAAACATTGTTCCTA,502
GAAAAACATATGTAAG,502
GCCAACCGACCAATAT,502
GGACAAGAATCCAGTG,502
TAACTATTAATAATAC,502
TATCACAATCTTAGTA,502
TATTACCCAATCATAA,502
TCTCCTCCTTAGGGGC,502
TTAGAAATAGAATCAA,502
TTTCACTCAACCTGTA,502
TTTCGAAGCGCGAGCC,502
AACACCAAATTCCATA,501
AACGTCACAAATACAT,501
CCCCAATAGATTAAAC,501
CTAGCCGAAGAACCGC,501
GCAGCATAATTGACAC,501
GGTCTGTTTCTCAAAC,501
GTAAACAATTGACTCA,501
GTGACAACATAAACAA,501
TAATGCTAACTGGGGT,501
TACCATTCGACAAAAA,501
TATCAAACCCGAAGTA,501
TCGGTGACATACAGAG,501
TGAACATTTGAAAAGT,501
TTCTACAACCCCCATA,501
TTTCTACTACAAAGTA,501
AAATGACGGTCACAAA,500
AAGTGGATTAACCTGC,500
AGAAGATTTTCGGGGA,500
ATGCCTCACCACGCAA,500
CAAAAATAAAACTAGT,500
CAATAATGTAGTAAAT,500
CGGGCAACCAAAAGAG,500
GAAGCCAGCCGAACTG,500
GACGGACCTGAAGCAA,500
GATATAACCAAATATA,500
GCAAATAAACTAAAGA,500
TTATATAAGAGAGACT,500
AACATTGAGCTCAGAT,499
AACCGGTTACCTTACT,499
AATTTTAGAACTTACT,499
AGAGTGTGATTCGTAA,499
AGGTTAATTGGAAAAG,499
ATTACGAGGCAATAGA,499
CAAGACATCATAAAGA,499
CACATACTACAAGATC,499
CCAAACATATTACCAT,499
CCACGGCCTAGGATAA,499
CCTCGCTTTGATAACC,499
CTCGGACTTTGGTTAC,499
GAAAAGATCGTGTAGA,499
GGGGGGTATTCGAACA,499
TAGGAATGACTCGCAA,499
TATACCGGTTCGTAAA,499
TATGGATGATAGTTCC,499
TGCTAAATATCGGTAT,499
TTAAAATATCGATACA,499
TTCGTTAACCAAACTG,499
AAAAAGTACCAAACAG,498
AAAGATTTGAGCAAAT,498
AATGCAGCAAAGACTT,498
ACTGCGGATAAAAAAT,498
CAATCTCGGTTACCCT,498
CCCCGACACAAACCTT,498
CCGGAACTAATCCCTA,498
CTACATTAAGCACCTG,498
CTCCAACTGAAACCAT,498
CTTTTTAGCGAAAAAA,498
GAACCGATCAAGCAAT,498
GAGTCCTTTTGACGTA,498
GGAACCCAACAATTTA,498
GTTAAAGCACCTGGTG,498
TACGTATGATTAAATA,498
TCGATAAAATAGGCCA,498
TCGTCGCGGGAAGGAA,498
TTAGGATCCGTAGGAA,498
TTTGTAAGGTCCAATA,498
ACACCAGTTTACGTCC,497
ACACTGATCATAACAA,497
ACATAGATCCCGCCTC,497
ACCCAGAAGGGGATTG,497
ATGAGTTGGTGAATTG,497
CGCTCAAAGCGAGAAC,497
CGGCGAAGCTAGTCCT,497
GCAATAAACATCTGCA,497
GGCAGGAGCTCACAGA,497
GGCCCTCTACAACCGA,497
GTTCCACAATGTACGG,497
TAAGGCCTATGCTTCA,497
TGGGAAGGCAAAAAGA,497
TTAAACTGGGAAATAT,497
AACCAGAAGCCAAGAA,496
ACAACAATCAAGCTGA,496
AGCGGCGATTTTGGAT,496
ATGGCCTACTCTTCAT,496
CAATGTTTGATTACTA,496
CACTCGACGGATTCTA,496
GTCCTGAATCGAACAA,496
TCATAAAACGAACTAT,496
AAAAAATTGCACGAAT,495
AACCACATAATCAAAA,495
ACATTAGTTCTGCATG,495
ATGTGAGCTCATAAGC,495
CATACTCCTACGTCTT,495
CTTTCTCGGGTATCCG,495
GCCCCTCAAAAGGCCC,495
GCGCCGTATAGAATAA,495
GCTGCAATTTATGAAA,495
GGGAACCAGATGATTT,495
TAAATTACAACATTCG,495
TGAAGCTAAGCCGGCC,495
AAACCTAGGCCTCTAC,494
AACCGTAAATATCTTG,494
AAGGACGGATGCCAAT,494
AATAACTGATTAACGC,494
AGCGGTCGTTAAAATA,494
ATGCAATCACGTAGGG,494
CAGCGAGAAACGTTGC,494
GATTCCCCCGTGACAG,494
GCAAAAATTATAGAAA,494
GTACACTAGATCACGT,494
TAAATCAAGAATTTGA,494
TGCATCTTACTCACAT,494
AAAAGTCGGCGTGTAA,493
CTCATCGGATCCACCC,493
CTTTCCACTTGCATAG,493
GACGATTCTTGAATCT,493
GACTAAATATCAGACA,493
GTAAAGTACTGTTGGA,493
TGTAAAAAGGATTAGA,493
TTTTGCACCTGGATCT,493
AAACGATCAGCAAATG,492
AAGACCTTGACTATTC,492
AGCCATGATTATGCAT,492
AGCTCGAATGCCGAAG,492
AGTTATACTAAAATGG,492
CAGAGATACCCAGGAA,492
CATAAACGCAACGAAA,492
CATCGTGGCTATTTAA,492
CCTAAGGTGTCCTCTA,492
CGTACAATGACGAAAC,492
GATACTACCACCCGTG,492
GCATACACGATACCCT,492
GCTCGCAATATTCGTA,492
GGAAAAATGCAAGATC,492
GGACCACTACATTGAA,492
GGCATATTGGACAAAC,492
GGTCGTCCGAGTGACC,492
TCTTAACACTAATATG,492
TTAGAGGAATATGGTC,492
AATGATAATACTAGGC,491
AATTTGAAAAAACCAA,491
ATCACGACAATGGCAA,491
CCCTCAAGACTAGGTT,491
CTACCACGACAACGCA,491
CTAGGATTGCAAATCA,491
CTCCAACTGTGCATAA,491
GAATCCCTAATTTTAA,491
GACACAAAGCGTGTTA,491
GAGAAAGAAAAATCTT,491
GATTAGGGCAGAGGAT,491
GGACACTGCTACTATA,491
TAAGCAGATTGATTCT,491
TAATAAAAGGAGCACA,491
TAATTAAGAAGTTATT,491
TACAGATATCCCCACT,491
TACGGCTAGAAATGCT,491
TTTAAAACAGATTACA,491
AGGAGGTAACTTTTTG,490
ATCGAAAAGAAAGCAG,490
ATGTTAATACTTACCA,490
ATTTCAATTATGTCGG,490
CAAACCGTAGCCAAAG,490
CGCTCTTAGGGTTAGT,490
GGAATCTACGGCCATT,490
GGCGTGAATTAGGCCT,490
GGGAAAATTAAATGGA,490
TATCAAAAATGTCACG,490
TCGAAATCTGAAGTAC,490
TGAGTGATCGAGACGT,490
TGCGATCCTTGCTCGA,490
ACGCCTCAGCGGCGGA,489
AGACGCAGTAACAGCA,489
ATTATTTGTAATTTAT,489
CAATAATTGAAGACAA,489
CACCTACAACACCCCC,489
CAGATAATAAAATCAT,489
CCGATGTAACTTGTTA,489
CCTCTACAAGAACTTG,489
CTACGAGGTCACCAAG,489
GGGTAACATATACATT,489
GTTACTACAATGTAGT,489
TCCATCACCTACCGAA,489
TCCGAAAATCACCTAA,489
TTATGACGCTTAACGA,489
TTCCTTAATAACCGTA,489
TTGCAAGCGGTAAACT,489
TTTTCATACCTAAGCA,489
AAAAGCATAGAATTAG,488
AAAATACAACGAGCAG,488
AAACGACAGTCCCTCC,488
AAATACATTCCATTAG,488
AATCAACCCTCATCTA,488
ACGAGCCTGTATGCTG,488
ATAACTTTCAAGACTA,488
ATCACTTAAAACGACC,488
CCATCATTGAATATAA,488
CCTCTGAAGCCAACGG,488
CTAAAAAATATTTGCA,488
GACAACCAAATAACCC,488
TACAAAAGATAACCTC,488
TGGAGTGGTCAAGACT,488
TTAATACCCTAAGTAA,488
AACCTCAGAGACTTGT,487
AAGTGTCAGGTACAAC,487
AATAATTACTTATAGA,487
ATATGCAATAATAAGG,487
CAGAATAGAGGTTAAG,487
CATAGATTTTATAACC,487
CTACTAAGCTCAAAGT,487
GGATTAAATATCAATG,487
GGCCGTTTCAACATCT,487
GTTTTAATAAGAGTCT,487
TGCATGCTATAGTAGA,487
TTTAACGCGGCCAGTC,487
TTTGGATTAACGCAGC,487
AAGTTCCCTTCCCTGA,486
ACAAACGTTGTTCCCA,486
ACACCTCTGTCTCTAC,486
AGTCATGGCAGCAATT,486
ATGACGGAAGCCCTGA,486
ATTTCACAGAATACCA,486
CACCCAACCTAATAAC,486
CCAATATTGTGACTTC,486
GAACTGAACTATACCA,486
GAGAGCTAGGATAGAT,486
GCAGACACGACCCAAT,486
GGTGGAAACACCATCA,486
GTCTATTCTGACATAG,486
TAGGCAAATTCGATAG,486
TCATGGGTACAACTAG,486
TCCGATTAATGAACTT,486
TCGAAGATCAAAAAAC,486
TGCAATAACTGCGTGA,486
AAACAATTTAGAAAAC,485
ACACTCAGTAACACAA,485
ACAGATGATACCGTAT,485
ACCGCGCCCAAATCTG,485
ACTCACCCACCCTTTG,485
ATAACGGCTGGTAGTT,485
CATTGATAAATATCCT,485
CGGACAACTCTTAGAA,485
CTAACAACCCGATCAT,485
TAAGTATTTGGTTGTT,485
TATCGACACCGAACTC,485
AACGACTGCCTAGGTT,484
AAGTAAAGACGAAGCA,484
AATTTTACATAAATTG,484
ACAAAATTCGTGTAAT,484
ACTATGACTTGTAGGT,484
ATGAGGCTTTAGAAAA,484
CATCGTGATCCTATGT,484
CCCACTACAAAACCAT,484
CGCGACCATCGGGGAG,484
CTCCACCCAATAATTT,484
CTCTATAATGTCTAAG,484
CTGAACCATTACCTCT,484
GAACGGCCCATATATG,484
GAACTTAAAGACGCGG,484
GAAGAAACGTCGTCAG,484
GATTTACGCGACTGTC,484
GCTATCCTATCTTCCT,484
TAAGGGAACAAAAAAA,484
TGGATACGCCATCTGG,484
TTACACATTATAATCT,484
AAGAAAAACATTATAC,483
AAGCTAATTTAATTTG,483
ACAGCCATCGACTGAA,483
ACTCGAACCCTCCTCT,483
ATGTTCCAGAAGGTGT,483
ATTAGAGATCCAGTGC,483
CAATAGCCACTGCACC,483
CCTGAGTTAGACAGAT,483
CGAATGCCGCTTTACA,483
CTTGCACCATGTACCA,483
GAAGGGGTAACTTTGA,483
TAAACAATAATAATTC,483
TAAGAACGTGCATGTC,483
TAAGTTCCCAGAGAGC,483
TCAGGATTTTGCAGGT,483
TCGATTCCATAGTAAT,483
TGACGCAACGCTGACA,483
TGCTCGAATCTTGTAC,483
AACATACCCAACAAAC,482
AATAACACCTCCCGAT,482
ACCCTTGTGACTCTGG,482
ACTTCCGCTAAAGTCC,482
AGCCGTGTATAGCGAA,482
CCTCTTTACTCCACTC,482
CTATTGTATATTAGTA,482
GCTACCAGCTAGATCC,482
GTGAAAAAGAACTACA,482
TACGAAGCTTTGCCCG,482
TACGGTCATGAGGGGT,482
TCAAGCCTTACTAGCT,482
TCGAATTGCGTACACA,482
TTTAAAAATCGTGATT,482
AAACCCGGCAATTCAA,481
AATACGAAACATTAAA,481
ACAGACTAAATCCGAA,481
ACAGCGAACGTTACCC,481
ACATCGTAGCTTATTC,481
ACTTACAGGTAACTTC,481
AGAGAGGTTACAAGCG,481
AGTCCTTTTCATTTGC,481
ATACTTTAACTTTACC,481
ATCGTTGTAATCGAAG,481
CAATAGCATGGACAAC,481
CGCATATAACCACAAT,481
CTATCCCGATCAACGA,481
GACATTCAGTTCCCTA,481
GTACCAATAATTTACC,481
GTTATATATTACCCAC,481
TAGAAGTGCCGTATAC,481
TCAAATACAAAAATGT,481
TTCCCACGGGCCAACT,481
TTTTCGTATTAGGATT,481
AAATAATAAGGGGGTA,480
AACTCACAAATAATCT,480
AATATACATGATCATG,480
ACAAAAAGGTTAATAA,480
ACAATACCGACACGTC,480
ACTTAATGTAACCTTA,480
ATCACTGCATGCTAAA,480
CACGATTGTAAATTTT,480
CGTGGCTCGTATAACC,480
GCGCCCTTACAAGCTA,480
GCTGACCAGAGTAATT,480
GTTGCGTCTACATACA,480
GTTTGTCCATCGAAGT,480
TAATCGATGGCCTCAA,480
TATTATTATCACGTAT,480
TCTAGAAGGTACGAAA,480
TGGTCTGCCATCCCTA,480
AAGCCCCGACTGAATA,479
AATTATGTACGGTCCA,479
ACAACTACACGGCCTG,479
ACAGAATGAGACAAAT,479
ACGAGACAACCTACCG,479
ATCATTTGAGATTAGG,479
CAACAAGCTCCTGTGA,479
CATACCATACATACTG,479
CTCAATCTATCTTTTG,479
GCAATACCACCTATAT,479
TATTAATCAATATAAT,479
TCCACGGAAATGATCT,479
TCGCCGAAAGGCTGGC,479
TCTATACATGCCTGCA,479
AAAACAACAGCAAGGA,478
AACTATTGGTAATACA,478
AACTGTGATCGCGGAA,478
ACCATAACAGTACTTA,478
ACTATTAAATAATTAT,478
AGGCAATTATGTTCAG,478
ATGGTTCATATGATCG,478
CGAATCACTTAGAAGA,478
CGATAGAAAAATACGC,478
CTCACGCGTCACGTGG,478
TAACCAATGGCCTTAG,478
TACACTTAATAGTGTA,478
TACATCTGACACAAAT,478
TAGAAAATAAGAGTAG,478
TATAAGATTTTCGGAA,478
TCAATCGATCACTAGG,478
TCCTAAGTTTTGATTA,478
TTAAAGGTGTAGAACG,478
TTAATAGTGGTATAGG,478
TTCCTTTGATCCCGAG,478
TTCTTACCAGACGACA,478
TTTGAATTTAGTCCAA,478
AAATTAAAAATTAGAT,477
ACCAAAAATAGAAAAA,477
ATAAAAACATTACTAA,477
ATCGGTTACCTTCCGA,477
CACATACGTAAAAGAC,477
GAGATCTCTTCTAACT,477
GCTCACTTACACACTA,477
GGTTGTAACAAAAACA,477
GTGTAGATTACGAAGA,477
TATCCCGACTGATAAA,477
TCAGTCCAGCGAATTA,477
TCTACAAATGATTTCT,477
TGGCGTCTACGCAAAT,477
AAGCACCGACACCTTT,476
ACATCTCGACGTTTGA,476
ACCGGGGAGTCAACCA,476
AGATACACTATGTGAA,476
AGCTGACAAACAGTAC,476
AGTACATAAACGAGTA,476
ATAACCTAACAAACAG,476
CGAGCTCACCTCTACT,476
CGATGTCAATAAAAAC,476
CTACATTACAGTTATT,476
GACCAAAATCAAGAAC,476
TAGCCCTAAAATGATT,476
TATAAAGATAAAATCT,476
TTTAAGATGACTCTTG,476
TTTTCACCTTGCCGAT,476
AGAAGATATTTGACCA,475
AGGGAACACAAACAAC,475
ATTACTATGAGCATGT,475
CACAACACATCCATTT,475
CAGTGAGCATGAAATA,475
CCCAGATACCCCATCA,475
CGTATCGTATTATGAT,475
CTCGTGGAACCCCGAT,475
GAACAAAACGAATCAT,475
GGACGTTATAGATTTG,475
TAAACAACCTATGTCT,475
TAAGAACCCAGAAGCG,475
TCAAACGTATATTTTA,475
TGGCTACCCACTGAAA,475
ACGGTTATTCTAACCC,474
ACTCGTCGCCTAAGTC,474
AGATTAACGAAATATA,474
AGGATTCACACATAAA,474
AGTTCATTATTATCGT,474
ATCACCTACCTATAAG,474
CCAAAACCAGATAGTG,474
CGAATCCGAAACATAC,474
GACCTACGACGAAAAA,474
GCTTAAACGGTGTGTC,474
TAACTAGATAATCGCC,474
TAATACAGAACATCAT,474
TCGTCATCTACGTTTC,474
TGAATACACTACATTA,474
AACTAAAATATCAGCC,473
ACCAGATAACAATGTT,473
ACGCCTGTTGAAAACA,473
ACTATGATAACTGCTC,473
AGATGAAAACTGATTC,473
ATCAGGAAAAACGAAC,473
ATCGGTGTATAACTAC,473
CGGCAAAACCGAAACA,473
GACTATGGCAACTACG,473
TAGGGCGCCCAGGAGC,473
TCAACTTAGCGATTCA,473
TGGGATTCCTCTTCGG,473
TTTAGAGTTAATACGT,473
AAAAAAATCTGATTAA,472
AAATAGACACAAGACC,472
ACAAAATACCTATTTA,472
ATAATTGAAGATCGAG,472
ATAGCGAATAAACAAC,472
ATCATTTAAGATAACA,472
CAAAAGTAATTGTGAT,472
CAGTATCACTTACTTT,472
CTAAGATTAACGACTA,472
CTCAATGAATGGCATA,472
CTTAATGTCGCTCCTT,472
CTTGCCTAATATTGGA,472
GACAAGAGGACATTAA,472
GACATAGACTGAACCT,472
GCTAAGGACAAATTCG,472
GTACAATAAAACGCGA,472
GTTTTGTATCAGTAAT,472
TCCACAATGGAGCGAG,472
TGAACATAGGGTACAA,472
TTTTAGATCGTAACTG,472
AAATAGTTAAACCGGG,471
AAATATCTTACCACCG,471
AAGATGGACTGACAGC,471
AAGCAACTTCGCCATC,471
ACAATAATATAATCCC,471
ACATTCTAGTAAATGA,471
CAAACTTATTTTAATA,471
CACTCTAAATACCACA,471
CAGTCAGGCTTATAGC,471
CAGTCGAATAGACAAA,471
CCAAACGAAGTTGAAA,471
CCCGTCATTCATCGAC,471
CCGCTACCCTTACGAG,471
CTATATTTTATTGGAA,471
CTCTAAACTGGGTTAA,471
GAGAAGTTCCTTAGAA,471
GATCTTGGAGCAATAA,471
GCATAAAGTGATCTAA,471
GCGGCGTAACAGCGAT,471
GTTAATAAGCGTTAAA,471
TAATTATAAAAAGTGA,471
TACACAAAATGAATAA,471
TACATCCATGAATGTG,471
TACTTAACCGCCGCAA,471
TTCGCATATAAAGAAA,471
AAGTGCTGGTAAACAT,470
ACGATTCACCTAATTT,470
AGAATAATAATAGTGT,470
AGTAGTATAAATTTTA,470
ATCAACATGCCTTAGA,470
CACGGAAAATTCACTA,470
CAGAGGAAATAAATAA,470
CGCACTTACCAGTCTT,470
GAAAATACTTGAATAT,470
GATTAGCTTACAGAAC,470
GCACGGAAATCTCGTA,470
GTATCAAATCATTAGA,470
TCATATAAAGATGGCA,470
TTATATCGAGGTCGTA,470
ACAGTGCTCAGAAACA,469
ACGGAAAGTCATACCC,469
ACGGGAGGTTATAGTA,469
ACTCGCTGCTTCAAAC,469
AGATTACCAAGAGTGA,469
AGTTAGCGGCACCTAC,469
CATATCAATTAACCCT,469
CCGCGTCCTATTTAGG,469
CCTTGATAAATTCAAA,469
TGATGCCAAAATTACC,469
TGATGGTTAACATATA,469
TGGCGAGGGATATATA,469
TTCCACCCTTGGACCT,469
AAAGGTGACGGTCTAA,468
ACTATACTATGTCTAA,468
AGCCCATGATGAGCAA,468
AGCTCTAACGTATAAT,468
ATGTGGAATTTGGACA,468
CATAACAGTTCGACCT,468
CTCCCACAGGGAATCA,468
GATAAAAAAGATTTAT,468
GATTAAACCCACCTTT,468
GCAAAAGGATCAATCA,468
GCTATACATCCCCAAA,468
GTGATGGCAATCAAAG,468
TACACATCGCACATGG,468
TCCGAGGACGTCATTA,468
AATGATTGCATTTGTA,467
AGTATGTATGGACTTC,467
AGTCACGAGCCAGGAA,467
AGTTACATAAAATGCA,467
ATAAAGTTGAAAGACC,467
ATTCCATATAATGTAG,467
CCAAGACAGTATGGTC,467
CCATTAATCGGCTGAC,467
GACAAATCACGCAAAG,467
GAGCGAAAAATCTCAC,467
GAGGCCTATAAATTCG,467
GATAACGAACAGTCTA,467
AAATGATCTCCCTGAA,466
AACTCCTCTTTCCCTG,466
ACAAAATCAGCGAGTG,466
ACCTCAAAAAATTTAT,466
AGCCCATCCGAGACAA,466
AGGGCCACTTATGCGC,466
AGTTTGAAGACTAAGT,466
ATAGAGGGTAAACAAG,466
ATGTAGAGAGTCCACT,466
CAAGACAAAAGGCGTC,466
CTCAATGGACATATAA,466
GACCCTGCGAATGCCA,466
GATCTCAGGTATAATA,466
GCGACAGACACTTAAG,466
GGTTTACGGACTCACC,466
TAACGGAACATATGCT,466
TCCGTATTACTACCAT,466
TCCTCAGCCAATGTCA,466
TTTGCCAACGCTATCA,466
AACGTCTCGTTATCGC,465
AACTAGGACTTAGGTA,465
ACAACAAAGCCGATAT,465
ACGCACACACATAGAG,465
ACGTGGTCGTTAGCGG,465
ACTACTACACAACGTA,465
AGATAGATGAATGTAA,465
CGGCAGACAACTTAAC,465
CTGGAACCAAAACTAT,465
CTTATACCATGGAAAA,465
GATTGGCTACAATCCG,465
GCCCATAAATAAATCG,465
GCGACTGATCGTATGC,465
GGTACAAAATGCGGTG,465
GTTAACTGAGGCGATA,465
TAACACAGACATTGAG,465
TGACAAAGATGAACTC,465
TGGAAAAACTATGCAA,465
AAAAATGGGGCAATGA,464
ACATATTAGTACGCTA,464
ACGTCAGCCGCCTGCT,464
AGCAACATGGATCGAC,464
AGGTATCCACCGAAAT,464
CACGAAGAGAAAAGCG,464
CGAAGAACTTGAAGAA,464
CTATTACACTGAACTC,464
GCCATAAGAATTATCA,464
GCTTAGCCACAAACCT,464
GTGTCAACCTAAGGAA,464
GTTCCAGCTCCACTGC,464
TATATTTCGCCTGATG,464
TATCTTCAAACCTACC,464
TATTATACCACGATTC,464
TGAGGTTGTATAACAA,464
TGATGATAACTAAAAA,464
AATGGATCCCAATTTT,463
ACCCTGATCATAATGA,463
ATAAAAGATATTGTTC,463
ATTGCCTTGGCTTCAC,463
CACGCACACTAAAGGG,463
CGTTGACACATACTAT,463
CTTTACGAGAGAAAAA,463
GATTTCGCACCGGATT,463
TCACAGTCAGTATGGC,463
TCCATCAAGAACATGC,463
TCCTTTATAATACTCG,463
TGGGCGCAAAATTAGA,463
TGTAATTTTACTAACA,463
TGTACAAAGGTTGGTC,463
TTCGAATGTGAGACAC,463
AAAAATAATCTCGTCA,462
AAATACAGATTTACAA,462
AAGAGACAACTTGATT,462
ACTTTTCAGGACTGCG,462
AGATTGCCTAGCAAAC,462
AGCTGTCGGCCTCGCT,462
CCCGGTAGTGGTGGAT,462
CGAATACCACAGACTA,462
CGGCTACAAGACCACA,462
CTGTTAGTGAAGCTTA,462
GCGCTGCTCCCACCAA,462
GGAAGAGGAACACACA,462
TACTATAGCATAAACT,462
TACTTAACCAATTATC,462
TATTAAAGAGAATCGA,462
TCATAACCCGATCAAA,462
AAACACCACAATAACA,461
AAGATAAAAAAAGTAA,461
AAGATTCCGGTTATAC,461
AAGCGCTCGAGCAACC,461
AATATGGAGCCGACCG,461
AATCATGCATAGCACG,461
ACACAAGGCCAAATGG,461
ACACGATGAAAATTGG,461
ACTAGCAACAAAGACC,461
ATCACAGCAACCAGGT,461
ATCTCGAGGCAGATCA,461
ATGACTGTCAGATCTC,461
ATTCCAGATGACAGGG,461
CAAGCTACTACAGTTA,461
CATACATGGCTGCCTA,461
CTACGAACGCCTCATA,461
CTAGCTACCTACTAGA,461
GGCCCGGGTCATACCA,461
GTAAACGGCTCTTTCC,461
GTGTATAAATAAATAA,461
TCTGAAAATGCATGTA,461
TTAGAAGCCAATCTAG,461
AAACAGAAACTAAAAG,460
AATACGAGCCATATTA,460
AGAATTTATAATCTTG,460
AGACAAAAGAAACGTA,460
AGCCTATATGTATTTT,460
ATATCAGCAGACTATT,460
ATCAGTGTTGCGCTTA,460
ATGAACTTTGGCACTA,460
CAACCAGTGCAACGCG,460
CAATCGCGATGCACGT,460
CAATTATACATAGCTA,460
GAAGCCATGTATTACA,460
GAGTGTTCCCACCACG,460
GATATCTTGTGCCTGA,460
GGTGGCAGACAATAAA,460
TACAACGCAGGGAATT,460
TTAATCCTAGAGGCAA,460
TTACCCCATAAAATAT,460
TTCAGATTAAGCAATA,460
TTCCCATAAATAGGCG,460
AATAAATGCAATGTGC,459
AATTGCCTAAATCCCA,459
ACATGTGCCTGAAACT,459
ACGATTTAGCCACCGC,459
AGACCCGTTATTTAAT,459
CCGCCCTACTTAATTG,459
CCTACCCAACAGTAGT,459
GAAGTTCGTCCCGATT,459
GGATTACATGTAACCT,459
GGCACCCGAAAGCGGC,459
GTATTAATACAACGAA,459
GTCTTCTCTAAAATTG,459
TAAAACCGTCGTAAAA,459
TGAGATCGAATACCTC,459
TTAGGGCATCTGAGAG,459
AAAAACTCGTTAGCGG,458
AAAAGGTCGAACTCAA,458
ACGTGCAATATCATAC,458
AGAGCATATGAAATAA,458
AGCCACCGTGAACCTG,458
ATAAACAACCTCAATT,458
ATAGATGAGTAAGTGT,458
ATGTTTAAAAGTTACT,458
CAAAACCCTAATGTAC,458
CCAGGAAACTGTATTA,458
CTGGTTCTAAAAAATC,458
CTTGATTCCATCCAAA,458
GAATGTTCGACCATGA,458
GCACACACGCTAATAG,458
GCCGGACCTAATAAGT,458
TACCAGAAAATCATCA,458
TCTACTTGGACGATTC,458
TTTGAACTCACCTTAC,458
AAAAAGCGTTAGCGAT,457
AAACAAATAAATGGAC,457
AAGATTTTTGATATTC,457
AAGCAATTCCCAATGG,457
AGACCTGTTAAACACC,457
ATCACATAAAACTAAT,457
ATCTCAATCATCCCTT,457
CAAAACTATGTTAACA,457
CAAAATTGGAACAACA,457
CACGACGACCTGGGAC,457
CCATGGACGGTGTAAT,457
CGACTAGAAGAAGACG,457
CGCAGTCGGAGCAAAG,457
CGTAAGCCACACTAAA,457
CTAGAGGTTCCAATCT,457
GTCATTAGTAACCTCC,457
TCAATGCTTAATAAAT,457
TCTAAACTATCCATGC,457
TGATCACTCCACAAAC,457
TTTAAACTGAATTAAA,457
AATATCCTTATCCAGA,456
AGAAGGAAATAATATT,456
AGGATATAGAGCATAG,456
ATACGTTAAGATCCAC,456
ATCGCCTCTTTCACGT,456
CATCACACAACAACTT,456
CATTCTTCTGTCGTAT,456
CCCCCATTTATGCTAG,456
CGCCCGCTAACCCATA,456
GACCTCCGACACAAAT,456
GCATGGACCCATGAAT,456
GCCTTAAGAATTATGC,456
GTAACCGCAGTCTGAT,456
TAAAACCGGACGGTTC,456
TACTGCCCTACCAAAA,456
TATGCACGCTAAATTT,456
TCCTGATGTTCTGACA,456
AAAATTAATGAAAGTA,455
AAATACCATATGTCAG,455
AACCGCACTTTTGCAA,455
AATCTCAAAAAAGGAC,455
AATCTTCGCTCACTCA,455
ACAACTCTACCGTGCC,455
ACAGATCAGTAAGTCG,455
ACTACATATTGTGAAC,455
ACTCATCACCGTCACA,455
AGAATAATAAGCCTCT,455
ATGCAGGATTCATCCG,455
ATTGCCAATAACTTTT,455
CACCCCATACTTTTGC,455
CATTACCAGTGCTAAG,455
CTCTTAAAGCATGAGG,455
GGGTTCGCCATCTGTA,455
TCCCGGGACCTATACA,455
TGTATATTGGTGCTCG,455
TTATCCGTATTATCAA,455
TTCGGAACCACCACGT,455
TTGATGGAGGGTGGCT,455
AATACCGCCTAATAAT,454
AATCACGTTAGAGGCA,454
ACTAAAGAAGGCTAAA,454
AGTAGGAGTTCAAGCA,454
ATCGCGAATTACCAAT,454
CAATTACTTACCGTTC,454
CGAAAGCATTTACACA,454
CGATAGCACAAACTAG,454
CGCAGCTAGGAAAATG,454
GAAAAAATAGTTTATC,454
GACTAGAAAACAGGTC,454
GACTGCTAGGAAAACT,454
GAGCTCAAACACCGAT,454
GCTGGCACTCAGACTA,454
GTGTCAACCGCATTCT,454
TAAAACCTGTTGATAC,454
TACATCAAAACGTATA,454
TATAAACTGAGGACTC,454
TGATACGGAGCTGACA,454
TGTACTAAGTACAGTG,454
TTTAAAAGAGAACCTG,454
AAAGCAAGTGTCGGAA,453
AAATAATATCTATCCA,453
ACAATTTCCTCGTACA,453
ATACAAGCCAGACTGT,453
ATAGGCACAGTATGAA,453
ATCCTTAGATGCAAGG,453
ATTTGCAAGTTAGAAT,453
CGTAATGAGGAAGTTT,453
CTACCTCATGAACGAG,453
CTCTAAGACCCAAGTG,453
GCCGAGGGTGCTATCA,453
GCTCCGCATGAACTAG,453
GGCGCTTGTAAGAAGT,453
TCATCTTCAATCAATT,453
AATATCGGAAACAGCG,452
ACCAGCATTCCCCGCA,452
AGAAGTCACTCCCAGA,452
AGATGCTATTTCTACG,452
ATAAGTAGCCGATATG,452
CAATAACCAGCGACAC,452
CCACCGAATATCGACA,452
GAAACTTTAAGATACT,452
GAACTTCCGACTCTAG,452
GCCGGAGTGGGCGCAT,452
GGAGAGGCCCACATCC,452
TTAAATTCGGCTAGGA,452
ACATGCATCAGTTGAC,451
ATAAGCCGGATTAATA,451
ATCACAAGGTTAGTTT,451
CATGTAACACTCTCTG,451
CCTAATCAGAAAGAAT,451
CGTTAAGCAGATTAAT,451
GACGCCACAAACGGTA,451
GATGTTACATTCGTCA,451
GATTAATGTCCAAAAT,451
GCAAGAGCCCAATCGG,451
GCGACATACCGAGACG,451
GGTTAAAGAAGTTTTT,451
GTGAAGCCGCAAAAGG,451
TACAACGGAGAAGGGA,451
TCCGTATGCCTGATCT,451
TCTCGCGACACCCATA,451
TTCTAGAACACCAAAT,451
TTTAGATGAGACTTTG,451
AACTACTATTCCCGAA,450
ACTAACGCGATCCGGA,450
AGAGTTTTGAAAGTGG,450
CAAGCCAGTGACTTCC,450
CATCAACATCTACGCT,450
CCTAGTTTAAAGATAG,450
CGAGAGTTAACGGGTT,450
GATTCAAGCTTCAATG,450
GCATAAAGTAAATGTA,450
TAAAATGTAGTGACGC,450
TACAAAAGGATCCATA,450
TCCCATAACTGAGTGG,450
TCGTTCAATCAGTAAT,450
TGACATTGTTGCAAGG,450
TGTACAGGCAGAATCT,450
TTCATAGAGTTACAAC,450
TTGGGGGAAGAACACC,450
AACCGACTACACAGTA,449
AAGAGAGCACCGTCTT,449
ACTTTCGAGAAACAAA,449
AGAAGAGCTTATAACA,449
AGCCTGTGAAAATTAG,449
AGTAATCGATTCAATC,449
ATCCAATGGGTGACCA,449
ATCGCACCGAACACTG,449
ATTTTACGTACAACGA,449
CCAGCTAAACTGTTGA,449
CGTAGCATGATTAAAT,449
TAAATAAAAGACCACA,449
TGACAGTTGCAAGATC,449
TTAAACAAAACTGAGA,449
AACGGATGAAATTTTA,448
AATGTAGAAAAGGTCA,448
ACGTAGGAGATTCCAC,448
ACTCCTTCGGTTCTAT,448
AGAAGAATCTATCCTA,448
ATGATCAGGAGACAAA,448
ATGTTAGAGCTACAGG,448
CAAGCCCTGAAAAAGA,448
CCGATAACAAGAGCAA,448
GAGAACGATCAAACTA,448
GAGGGTACCCAAATAT,448
GCGGCCCATTCCTAAC,448
GTAAACTATTCGGGTT,448
GTTAGCCACCATACCC,448
TATTACAACAAGGGCG,448
TTACAAAACTGTCGAA,448
AAACGAATTTAACAAT,447
AATTCGGAGGGCTGTA,447
ACTTCCTTGTAGAGCG,447
ATAAATTCCATCTATC,447
ATTTCGATCGTTTCCT,447
CAATCGTGGCTCCTAT,447
CTGGATAATTTTTAAA,447
GAAGATAAGCATCAAA,447
GATTTAAGTGAGTGCT,447
GGAAAAGCAGAAATAT,447
TAACATCACCAACCTA,447
TATTGCACCGCGACAA,447
TCAGATCCAGAATAGT,447
TCTCCGAGAATACTCG,447
TCTTGACGTCGGTAGT,447
TCTTTCCTGACATTGA,447
TTAAAACTAGAAAAAA,447
AAATCCAGGACGAATT,446
ACACCTTGTCGTAAAA,446
ACAGTAAACACTTACG,446
AGCTCACAACGTGGCT,446
AGTTACCTACAATACT,446
ATTATAATTGTAGAAT,446
CATTTCCCGCCTAATT,446
CTTAAAGACCACACTC,446
GGGGATATCGAAAAAT,446
TTATAGACTCGTAAGT,446
ACCACACCAAGGTGGG,445
ACCTCCTTTCAAGCAT,445
ATCCACCCTATCACTA,445
ATGAGTCGACATAAAC,445
CAGATGTTACCAGTGA,445
CATCCCGAATGTACAG,445
CATTACACCAGGGGCC,445
CCCGCTGATACAATAT,445
GAGGCCAAGAAGCAAG,445
GCGAACCCATGGGCAT,445
GGGGTTCCTAAACCCA,445
GTAGCAAATTCGTAAG,445
GTAGGCAGCTAGTAGC,445
GTTTCCAACAAGCCAC,445
TAACAACACCGCCATA,445
TCATTACTATATCGAC,445
TCTAATTCCTATTGCA,445
TGGCGTTAACGGGAAA,445
TGTATGATTTTAAATC,445
TTAATCATACCATAAT,445
AAAATATGATGTGGCC,444
AATTTACGGCTGTCTG,444
ACATTTTGACTTAAAC,444
AGCCTATAAATGAATA,444
ATGAAATATACAATCC,444
ATTTCGTTAAAATAAT,444
CCCTGTACAGCGATTT,444
CGCGTCAGGACCAATA,444
GACAATTAATTAAACC,444
GCTGTTGGAATTCCCG,444
GGCATAAGTCTTACAG,444
GTAATCATCTTCACGA,444
TATCGGAAGCTAGAAA,444
TCCTAACATGAATGTC,444
TCTTTAAAGAAATGAG,444
AAAAACACTAGAATTG,443
AACTAATCCATTCATC,443
ACCGATACAATAGATT,443
AGCCTCCTGTGCAACG,443
ATCCTTTCTTTCAAAA,443
ATGATTATAACATTAA,443
CACACACCATCCAAAT,443
CCACTAAATAGAATTT,443
CGAATCTGGAGAACAA,443
CGTAGAATTCATGAAA,443
CTAGTTAGTACGAAAG,443
GACAACCCACCTAAGA,443
TAATACAGACTATAGT,443
TCAATACATCGCGCCC,443
TGTTGCCAAGAAACAC,443
AAGGGGGATTAACAGC,442
AATTTATATACTTAAA,442
ACCCCATTTGCTCAAA,442
ACTTCAGAGCATATTT,442
AGTCTTTGTGAGAATA,442
ATGTGAAGAAAGTTAT,442
CACACTGCATAGCCTA,442
CCATGGCCAACTAAAT,442
CTAATTCCACTAGAGA,442
GAAGGCAACCTCTAAA,442
GAATCGATTATCCCAA,442
GTGATAGATGTTTGAC,442
GTGATCAAATGACGCG,442
TCGAACTAAGACAATG,442
TGATTAAATTGTCCTA,442
TGCGAAGTGTCGGTAG,442
AAAACCGTATACCGCT,441
AAACAAAGATAACTTA,441
AACAGTAATCGTTGAC,441
AAGACTGAAATTACGA,441
CAGGCTTTCGGAAAAA,441
CCACCCACTTCCTCGA,441
CTAGTTCTCGACTACC,441
CTGGTCTTCGCTGAAT,441
GATTCAAATAATTCGA,441
GCGCTTGCACCAACTT,441
GTATGTATTAAGGAAG,441
AAGAAATTTTAAACAA,440
ACCATTACCGGAACGA,440
ACGAAATATTTTCCTG,440
ACTAACAGGTACCAGA,440
ATTCTCGCGAAATGAG,440
CCAGGTTGTAAACAAC,440
CCTAAGAGATCTTAGT,440
CTTCCAGATACGTAAT,440
GCCAAAAACGCAATGT,440
GGAAATCGAAATAGAT,440
GGTGCATGAAGAAAAA,440
TAAACCAACAAACTCA,440
TACGAGCTCAAAGGAT,440
TATGCTCAGCATCAGT,440
TCATACTATTATGGTA,440
TTTTACGGCTCACAGA,440
AAAACTCACTTCAGCC,439
AAATAAGTTGAACAAC,439
ACATATAGAAGAAAAA,439
ACTCGATAAACCCAAC,439
ATATCCCCTTATAGTC,439
CAACCTCCATGGATTT,439
CCTGACGCAACGCGAA,439
CTCAGTACTTGCCAGT,439
GCGAGATACTCAACAG,439
GTACCTATTATAACAT,439
TATTAACATCGCTTAT,439
TCCAATAAGAAGAACC,439
TGCAGGAACACCAAAC,439
AAAAGATTTACCCGAG,438
AAAGACCAGAAGTAGC,438
ACTTTCTGATACGGAT,438
AGAAGATACGCGAATA,438
AGTAAACCCAAAACAA,438
ATACTATCACCAACAG,438
ATCTCCATACGCGCTA,438
CATGAATAACTTAAAA,438
CCCAGTACCCGATAGA,438
CGCGCAGTACAGTAGA,438
CTCCTGAAACTACCCT,438
GAAAACAACAGAACCA,438
GATCACATTGCAAACG,438
GCCTGCATATTACTTA,438
TAAACCTTTCAGGCCA,438
TAAAGAATAAATACAA,438
TAGACAATACGACTCG,438
TTAGACGAATCTTAAA,438
TTATTGTCTCTGGGAA,438
AATTCCGAAACGTCAG,437
ATATACTTAGGAAAGG,437
ATTGTTACATGCGCTA,437
ATTTAATGCTAATTTT,437
CCCACTGCCGGCAGCA,437
CCTACACACAGCAAGA,437
CGAAACGCTGTCCTAG,437
CTGCGGGTACCAATAT,437
CTTATCGAAGAACAAA,437
GCAGATCCAAACATCT,437
GCTAGACAGAAAATGA,437
TATTTACAGGACACTT,437
TCGCTAGAGACCATAA,437
TTTACACGTTACGTTG,437
AAGAAAACCGCGAGTA,436
AAGATTCAGTGGAAAT,436
AATCGGACCGAGCCCC,436
ACACAAATTAAACTAC,436
ACCATTACAAGGGGAA,436
ATACCATGCATTCCGG,436
ATACCCTAGCGAGAAC,436
CAAACTCTCTGGCAAC,436
GAGCTTAACAAGTAAA,436
GGAAGATGTAATCTTA,436
TACTAAACATTTTCTA,436
AAAGGAGGTTAGCAAG,435
AAGTTCTTGGACCACT,435
AATATGTATCATCTAA,435
ACCACAAACTCGTGGC,435
AGTACCGGGCGTGACT,435
ATCAAATAACAGGTTC,435
CTACGCTGGGGTATTT,435
GAACTTCCAGCTCGAG,435
GACAACATACGTAGAT,435
GAGGATAATCGTGACA,435
GCAAATATCCTGTCCC,435
GCCATGAAATGGGATT,435
TAAAATCTGTTCTGAA,435
TATTTATAGTCAGGGC,435
TGCTACCGGAAGATTT,435
AAAATTAAACCACTCC,434
ACCATAATATTCAAAG,434
ATAATACAAGCTGGAC,434
ATGGCAAGACCGCATG,434
CCCACGATTAAACCTA,434
CTGACCTTGGAACCAA,434
GCTTCGATGTTACGGT,434
GGATTTCTTTATCACC,434
TGAAGCGTAATCTATA,434
TGATCGCCACAAGCGT,434
ATAACGCAGGTCACCG,433
ATTCCTTGATCATTAA,433
ATTTGTACTAAAAATA,433
CCCTAACAAAACCCAC,433
TCAATTCTACTAATTT,433
TCCCAACGGAACTAGA,433
AACTCATAGTAACGTA,432
AAGCAACAATACAAAA,432
CAGAGTAAGGCTTAAA,432
CGAACCCAGATGAGGA,432
CGTAGCGACTTAAAAC,432
CTATTCGTACTCTCTA,432
GACTCATTGTAACCAA,432
GTACTCGATACTACAG,432
TAAAAAGCGAGGCTTA,432
TAATAACCATCAAACT,432
TAATACAGAATACCAT,432
TAATAGATAAGTTACT,432
TGCTATAAGTAATAGG,432
TTGCCTCAAGTGAAAT,432
AAAATCGCAGACTGAG,431
AATACAATAGGTACAG,431
ACAAAACATGACTCAA,431
CGGGGTTAGGTTCTTA,431
GAATCGCCCAGATATC,431
GCTCGCTATCCCTCAC,431
TCAGAATAACATATCA,431
TCTTTGAATACACATA,431
TGGCCCGAAACTACAG,431
TGTCAAAGAAAAGCTA,431
TTACACTAAGACAAGA,431
TTATTTTGAAAACAAT,431
TTGGCCGTTAATCACA,431
TTTCTCGACGGTAAAA,431
AAACGGTGCGAAGATC,430
AGGCATGTTACTTTAG,430
AGTATCCGCCTGTGCA,430
ATAATCAAGTGTGAAG,430
ATTGCCCTTCTTAATA,430
CAGCCTGGAGTCATCT,430
CCCCAACTAAATTAAA,430
CGTCAACTATGTTAAT,430
CTCACGTCTCAAAGAT,430
GATAAGACTCAATTGA,430
GGATGACCTGTCGCTA,430
GGTCTTGGACACTCTA,430
GTACAAGGCCGAATAG,430
TAATATTGTTCCCAAG,430
AAATAATATTTTTTTA,429
AAGGTCAATAGAAACA,429
AATGCACTGGCATAGT,429
ACATCGCAACAAGAAC,429
ATATAAATAAAAACAC,429
ATTCGCCAACATAACT,429
CATATTCGAACCCATA,429
CCGGGAATCTTCCGGC,429
CCTGCCCCCTTTGGTC,429
CGGCGGTCAGGAACGC,429
CTTTTCTCGGAATCAC,429
GAGTCATAAGATAAAA,429
GTCTACATCAACGACT,429
TAATAAAAATTGATAG,429
TCTGTGAATAACACAA,429
TGATAGTCCACTTTGT,429
TGATCCTTAAATGTCA,429
AAAAGGAAAATAAAAG,428
AAAGGAAAACCCCTGA,428
AAGTTTATACAGGAAA,428
ACTGCACCCCTTAGCG,428
AGAACACAATTAGTAT,428
ATAAGGTCATACAACT,428
CACATCGCACACACTC,428
CATTTAAACATTATTC,428
CCCGCGCCACCCACAC,428
CGCATCAACCATTATG,428
CTAATCAGATACTAAC,428
CTCAAGAAGAATGGAT,428
GACTGAAGAGTCCAAG,428
GCTAAAACCGAGCGAT,428
GTAGTCAGAAGAACTG,428
TAAAGATGCTAAAACT,428
TACGTAAACCGGCAAG,428
TTAAAGAGAAGCGAAG,428
TTACCGAGGCGGAGAT,428
TTATAGTTGTCCATAG,428
AAAGGAGCTCGAGCGC,427
AACCTTCTCACCTGGA,427
AAGAAGAGTAATTCGA,427
ACCCTAGCCCGTCTTT,427
ATGTAGATCTTACTTG,427
CGGGCGAAATAGGGGA,427
CGTAATTAACTACAGG,427
CTGCCACGGACAAGGT,427
GAATACCTACTCATGC,427
GGGAAGTACCTAACTA,427
GGTGGTAAGATCTAAC,427
TACAGTAACTAAATGG,427
TCGTAATACGCCTTAC,427
TGATGCGCGTAAATCC,427
TGCGTTCAAAATAAGA,427
TTCTGGCCACACCCAC,427
AAAGAGTCTGTAAAAA,426
AACGAGAATTGAAAAC,426
AAGGGACATAAATCAC,426
AATAGGTGCGACTTAT,426
AGGAGCTAAACCGAAG,426
ATCACGATAATCCGGT,426
CAATCGAACAGAATGA,426
CACACAAACAATTTTT,426
CAGCGCCCTACGTGCT,426
CCTCCCACCGAGAATG,426
GACTAACATAGAAGGC,426
GAGATAGATGAATTCC,426
GCAAGGGGGACGCAAT,426
GGATATTTTGATTATC,426
GGGAAAAGAACATTTA,426
GTAGATCCTTGCCATA,426
TCGTTACGTCTGCACG,426
AACTGGAATGTGATTA,425
AAGGTAGTATTGCCGG,425
AATAAAGAATTGACAG,425
AATAGGCACGGTTGAA,425
ACCATATATTTCTATA,425
ACTCCTAACATTGTTG,425
ATCACCAGTAAGACAA,425
CATTTTATTAAAAACT,425
CGGTTGACTTTGAAAA,425
GACTAAAGTAAAACAC,425
TACCACAAAATGTGAT,425
TAGGAGGAAGCTTGAC,425
TATTAAAAGGAACCAA,425
TCCACATGTGGACAGA,425
TTCTATTCAACTGGAG,425
AAAGCAGTTTGAAGAA,424
AACAGTTCAATATCAG,424
AACCCGGGAACCGCAT,424
AATAGAACTTATCTTA,424
ACATCTTTAGTACTTA,424
AGTCACTGTATTGAAT,424
AGTGGTTAGGACGCGG,424
ATAACAAGAGAAAGAA,424
CGTGGACGAAAGCCGT,424
CTTTCGATCCCGACAT,424
GAGCTATAAAGAACGT,424
GAGGGCCGCGCACGCA,424
GATTACCATACACGAT,424
GCATTGAGTGAGACAC,424
GTCCGCCCTAAAAAAA,424
TAATAAATGTGCAACC,424
TATCGAGGATTCTCCA,424
TCCAATTTAAAAGACA,424
TCTAGCCGTCAAAGTC,424
TCTATATATAATATTA,424
TGGCGTATATGAATCC,424
TTACGAACTATTCTCA,424
AACGCGACTGACAGCA,423
ACAAAAAATCAATCCA,423
ACGTTATTACAAACAA,423
AGAATACTATAGCAAA,423
AGATTGGGTACAGAGA,423
CAATGACATGAGATGC,423
CGAAGGATTTAATACT,423
CGACTGCTTCATCCAC,423
GACGTAAGAATTAACC,423
GCAAACACGCATGCAA,423
GCGGGTAAATTTCCAC,423
TAAATCTCAAACTAGA,423
TACAATCCGTCACGGT,423
TAGTAGTAACGATTCA,423
AATAGGTTCTGACTCC,422
AGAAAAAGAAGTGTTT,422
CAAACATACTGCCAGG,422
CAGATAGAGATAGTAC,422
CTAAGGACGCCAGATC,422
CTATGTTCTTTGCTTA,422
CTCATTTTGATAAAAG,422
CTCTCCGAAAACCGGA,422
GACGAGGCACACCGTT,422
GTAGATCATTCAAAAA,422
TCAAAATCAACAGAAC,422
TGGCGGAGTAATATTA,422
TTGAAATCTACAATCT,422
AAGTGAGGTCCTTAAA,421
ACAACTGCCTGTTCAA,421
CAAGATCTATTTTTGT,421
CACGACATTTAAACTA,421
CCAAGATACAACTTCA,421
CTCCAGGAAGTACGAA,421
GAATTAAGGCGGTTAA,421
GTCCAATGCGCAAGTT,421
TACCACACACGCTATG,421
TATGAGACAGTAATTG,421
TATGCATTTTTATTAT,421
TCCTTACGGCTCGAAG,421
TTGATTATTCTAACAA,421
TTTCTCTAGCAAAAGC,421
AAATAATGAGCAGTAT,420
AAATAATGATAGCCGG,420
AACAATTAAGAAATTT,420
ACAGGACGAAATGTTC,420
AGTTGGTTGATCAAAT,420
ATCATCATGTAAAATG,420
ATCCTCCACATATCCG,420
ATGATGCAGATTTTGA,420
CTAAAGAAGTATTCCA,420
CTGAAATTTTCGATGA,420
GAATATTCTCACATTG,420
GCCGAAACTAATGATG,420
TAATAATAGGCGACAT,420
TCCCGGCATTTTCCCG,420
TGATCGACTCCTGGAA,420
TGCTTACATACCAACA,420
AAAAGAATTCAAAACT,419
AACACCTAAAACCTAT,419
AATCGATACCCCTGTA,419
ACAGATCCACTCTGGC,419
ACTCAGATTGAAAGAT,419
AGAAAAAACAGAAGTT,419
CAATCAATCGGTGCCA,419
CCCACGCCAAAAGATA,419
CTACCGTAGCAACTGT,419
CTTAATACGCAAGCCC,419
CTTGCATCACTACTAA,419
GAATTCTCTGAGACCG,419
GCTGTCAGAACTTAAA,419
GTTGAGGAGTAGGTCA,419
TAACATTGGAAGACAG,419
TAATGCTAACTCATAT,419
TACTAATTCCGACCAT,419
TCAAAAAATACCTGAA,419
TCCTGACAAATTCTAA,419
TGTGGATTGTAAACCA,419
TTCACTATCTCGAAAT,419
AAAATCCACTGAGTGG,418
AACCAAAGTGAACACA,418
AATACCCATATAGTGG,418
ACAATCAAACTAGAAG,418
ACTACTGCTCCAACCG,418
CACAGAAACGGCTTAA,418
GCTGCACGATGGTGAC,418
GTAGAACACTCCCTAA,418
TACATATTCGAAACGA,418
TAGAGAACGCCTAACT,418
TAGGGGAGAGTACAGT,418
TTCAAAATACATGAAA,418
AAAAGATAAGATTCAT,417
AACACCCAAAAGAAGG,417
AACGTTTGCCTAACAT,417
AAGGACATCGCAAGAT,417
ACCGTGGGAGAAAAGC,417
AGTCAAAAATATGGTG,417
ATAAAGATGGGCAACC,417
ATTTTTAGCCGTGGTC,417
CAGTAGTCATGGATAA,417
CCCCATTATCCATAAT,417
CCTTCTCTGGCTGAGC,417
CGTTTTCCTAGCGTAT,417
GAATACTGATCTCAGT,417
GCCACGACAGACCCAA,417
GGCAAGCACTGACGCC,417
GTTGTGCTACGTCACC,417
TCTCGAGCGACATTAA,417
TGTGACGACTGCGTCG,417
AAAGGATACACGACAA,416
AACGATGTTCGCAGAA,416
ACACTAGGCTGTAAGT,416
ATAACACTCATGACAC,416
CACACACTACATTTTT,416
CTCAGCCAAATCTACA,416
CTCCACTGAGACAATA,416
TAAACGACGCAATTAA,416
TATTAAAGATAGCTTA,416
AACGTGAGTGATTATT,415
AAGGAATTCACCTCAA,415
AATCAGTTTCAAGCAC,415
AGGATTCGTGAGACCC,415
AGGCCGGCCGTACTGT,415
ATGAGTCATCAGAATA,415
ATGCGGACTTTGAAAA,415
CAAGACGGGTACCCGA,415
CAGCGCGTACACAAGC,415
CTCAAGTAAGCGTAGA,415
CTTCCGTTGAAAAGCC,415
CTTGGGACTTACATAT,415
GCAACGAGCGCGAACG,415
GTTCCAGTACTGACAT,415
TAAACCACCCCCGTGC,415
TCACATCAACGCAAAA,415
AAACGTGTACAGCGAT,414
AATCGAGTTTGTGACG,414
ATCGGATCGCCATACA,414
CACATGCTAAGCACAT,414
CACGACGTAATTACTT,414
CCCACCACAAGGATAG,414
CCTTACCATGTCCAGA,414
GCGACAAGATCCCCTT,414
GCGGTGTCATTTAGAT,414
GCTTATATTAAACAAC,414
TAGATAAATAGCGATT,414
TCAATTGAAGGTCGAC,414
TTGAACAATTGCAAAT,414
TTGTGATAGCGGCACA,414
TTTAAAGAAATTCCCT,414
AACGAGTGACGACACA,413
ACGTTGGAGATGGCGT,413
ACTCCCCAACTCTTTC,413
AGAAAGGCCCTAATAT,413
AGACGATGTTTGTTAA,413
AGGCATGCTAAAACTC,413
ATATGCCTAAATTCAC,413
CAAGTGCGGCTTCGAA,413
CCAGCGTTTAATAGTT,413
CTACCGCATGTCCCTA,413
GAACTAATAGACCGAA,413
GCATCTTCAATTCTGT,413
GCGAGAAAATGTCAGG,413
GGACATACAGATAATC,413
GTAATACCCGTTTTTT,413
TCACGATTTAACTGAT,413
TCCAACTAGCCTAGGT,413
TCCGTCATCATGAATC,413
TCTAGATGCATGATGA,413
TGATACCTTAATTCTC,413
AAAGTGGCCTGTGAAT,412
AACGGGCCTCTGCAAA,412
ACCAGAAGCAATACAA,412
AGCACGTTTTTGAATT,412
CAAAAAATGACACAGT,412
CCACATGAAACCAGCC,412
CCAGGCTGCAAAAACG,412
CCTGAGTTCCCCATGC,412
CTATGTAACACCCGAG,412
GAATAAGGCCGCCTCA,412
GAGAGTCCCACTAAAA,412
GATACCCATAAGTCCA,412
TAAAATATAATCAGTG,412
TATTGTTTTCCTATGC,412
TCCTTCCTACCTTGGC,412
TCGGTAACTAAGCATT,412
TCTTCGGCCAATTGTC,412
TGACTCAGGCACATAA,412
TTAAATGAACCCACTA,412
TTTGATTAATTAAGGT,412
AACCTATTTGATAGAA,411
ACAGATTTCACGAACT,411
AGTGCTCTAAGTTCAT,411
CAGCCCTCCGAACACA,411
CATCATTCTATAAAGA,411
CCAGACATATCAGCCA,411
CTTTTCTGCTGGTATA,411
GAGGTATCGTATAATA,411
GCATAGTTAATCCCAG,411
GGAAGAGCCTGAAATG,411
GGTCGAACAACCGAAT,411
GGTTGTATCTGCTACG,411
TAATCACAACAGGCGA,411
TACATACCCAAAAAGT,411
TACGTCTTAGATGTAG,411
TCCGCTTTCATAAAAC,411
TTCCAGGACAGTAACA,411
TTGGACCCCCATAAGA,411
TTGTACCACGTAAAAA,411
AACACACCTAATAAGT,410
AACTATTGATAAATGT,410
ACATCGTTTTTTGTCA,410
ACTCTCAACGAAGAGA,410
AGAAAAGAGAGCTCAA,410
AGAAAATGACCAAAGA,410
AGCTCTAACCCTGAGT,410
AGGGGACATACAAAAA,410
AGTTTCGCACTCATAT,410
ATACCCATAAACTCCG,410
ATGACCGACACGACAT,410
ATTCTAAACTCGCACC,410
CAGTGCGCCTCCCTGA,410
CCAGAGTTTCCTAAAA,410
CTTGGACGCATAATCA,410
GAACGGATGTGTCATC,410
GATAACGGATACCGCC,410
GCATCTTAAATGGTAA,410
GGCCGATGTCAGCTAA,410
TACCCAATTCCAAGTG,410
TTAAAAGGGCAGCCCA,410
TTCCTGGAATTATCCA,410
TTGCGTCGCAGGGACC,410
AAATGCGGAGGTAAAG,409
AATAATTCTCGAGCGA,409
ACAAATAGAGTTGGCC,409
AGCTCCAGAATACAAA,409
ATACGGAATTATTGGA,409
ATGCCCTAGCCAGGTA,409
ATTCTCCGTATAACTG,409
ATTTATCACCCTAAGA,409
CAACATGTTGAAGTTA,409
CCATACTGAGTGACGG,409
CCATCAAACTAGTAGG,409
CTATCACTACCTCAAC,409
GAATTAATAGCCTCCA,409
GACGCGCTAAGTACCA,409
GACTAGAGCATAGTAA,409
GTGTACTTTGTACAAA,409
GTGTGTACTATCCAAA,409
TAAGTCGATAACAACC,409
TCATGCTGGATCCGAC,409
TGTTTAAAGAAAGGAA,409
AAGAAACTGAGTTAAA,408
ATAGCGCATTAGCTCA,408
CAAGTAAGACTGCCAT,408
CTAATTGTACAGTATT,408
CTCTCCCCCTGCAACA,408
GAGATAAAACGAGCAG,408
GAGCGTAGACGTGGAC,408
GCAAATTTAGCGGAAT,408
GCAAGTTGGGTAAACT,408
GCAGAAACTCCTTATG,408
GCGCCAAAACGCCCGA,408
GGAAAACCTAAAACAG,408
GTACAAATAATTCCTG,408
TAAAGTTAAAAAAATT,408
TAATAACGCTGTAAAT,408
TACTACAGAGACGAAA,408
TCCGATTAAATACGAC,408
TGGTTACTCATAACAA,408
TTAAGACCGTTTACTA,408
AAATTATAAATAGTAG,407
AAGACCTTTCTAAAAA,407
AATCTTTGTCCGTTAA,407
ACTCCAATAAATCAAA,407
AGAACTTTAATTGATC,407
AGATCATAATCAGAAG,407
AGGGTACGTTTGTACC,407
AGTCGGAATAAACATC,407
ATCCCTAATTAACTAT,407
CCGGACTTTCCTAAAA,407
CGATAACTATGAACCT,407
CGGTATACCCTAGGTA,407
CTAAAACTGGGCCAAA,407
CTGTCGCTTGTTTCCG,407
GATAATATAAGGAATA,407
GATGTTTCCAGCAAAT,407
GCACAAAATAGTAATT,407
GCCTACTTAATTTGCA,407
GCTGCCCTTTCGAAAA,407
GGGACGGATGTTAAAG,407
GGGCCTCAAGCAACCA,407
TAAAAATATACAAGGT,407
TAAATTAAGTGAATGA,407
TACGACAATCTCATCC,407
TGACAATTTATCAATC,407
TTAAACACCGATGGGA,407
AACGCGTTTACAACAA,406
AAGTAACAAGGAATGC,406
AATACATGAATTCAAC,406
ACATCACCGGACCTTA,406
ACCAATTTAGACAAAT,406
AGCTTAAAATTCAAGT,406
ATCTAAGTCCCCCAAT,406
ATTGGCTAATATGAAC,406
CAACCCGAACACTTGA,406
CATGTGAAACTACTCG,406
CCAATTTTAGACCGAC,406
CCACGTAAGTTCGTTC,406
CGGGATAACCTAACGG,406
CTAACGCCGCATAGGC,406
GAGCACACAGGGGATT,406
GAGCGACCAATTCGTA,406
TACGAACTATGTTGGA,406
TCTACATTATATGCAT,406
TCTGTACCAGCACTAC,406
TGGACAATTGTGCAAA,406
TGTGCTGGTATTACCT,406
AAACAATAGGATCTTA,405
AAACGGGAATAGACTT,405
ACAGACTTATTAAGGT,405
ACAGCGACTAACAAAT,405
ACTATCCAACACCAAT,405
AGCAGCCGGTGATGCG,405
AGGACGCTTCACATAG,405
ATAAATCGGAAAAGAG,405
ATCCAACTAATATGGT,405
ATCTACCCTGCATTAG,405
ATGATGTTAAGCGGAA,405
ATTCAGGCTTGCTAAG,405
CAACAGCTCCACTGTC,405
CCTAACTAACTGAGGA,405
CGAACTCATCAACTCA,405
CTTGCAGTATCAAGAA,405
GAACAAATGGGAAGAT,405
TCAACTGACGATCAAT,405
TGAGAAGAAACATTAC,405
TGATAACGTAATGGAA,405
TTATTAATAGAACCCT,405
AAATCTTAGGTAGATA,404
AACCAGAATTAGGTTA,404
ACACCTATCACCAAAT,404
ACGGGCAGAAACGAGC,404
AGCTAAACGTTACGTA,404
ATAACTGTCTAATCTT,404
ATGCGTGGTAAACTCA,404
ATGTACGTATTACGGC,404
CAACCAGGGTACCTGG,404
CTCCTACGTAATCTTA,404
GCAGCCCTTGCACTTT,404
GTAAAGGGCGCCCCCG,404
GTATACGATCAATGTG,404
GTTACGTGATTTATCA,404
TATTAATAATAATATA,404
TTAATGTCGAAATTCA,404
AAAAAATCCGGATAAA,403
AAGATGACGGATAAGG,403
ACTAGAGAACAAATCA,403
ACTCTAATGAACTTGA,403
AGTTGAAACCGAGTTA,403
ATACGTATTAGTATCA,403
CAGAAAGGCAGTAGCC,403
CAGGGTATCAAAAGAT,403
CTAAAGTCTGGACCAT,403
CTGATACTCAATTAAA,403
CTTTAATAGTCTAAAC,403
GACCTTCAATAGATAA,403
GAGAGCGGATGGGCCA,403
GCGAATCATCAAACAC,403
GCGAGATAAGCCAAGC,403
GGAAGTATAGCTATGG,403
GTAATAAACCTAAGCG,403
GTCACAATCCAGGCAA,403
TACCGCTCACCAGTCT,403
TCCCAGGATCCAGCGC,403
TCCTTACCTCCTGCCT,403
TCTAAAAGTTCCTGAT,403
TGAAACGTTTTACTCT,403
AAACTGGTAAATAAGA,402
AACAAAAGATGTTCTA,402
AAGATGACCGTGCATC,402
AATACTATCAGCTAGA,402
AATTCCTGACATAACA,402
ACCGAAACACTATCGA,402
ACTAAGGCTTATCATG,402
ATATTACTACAAAATA,402
ATGGAGAGAACGTAAA,402
CATCACTACTATGCGA,402
CCGCTATAACTGCTAA,402
CTAAGTACGATGCGCC,402
CTACAAGGCGCTTTTC,402
CTGTCCCCTGGCCAAC,402
GATGAGACCGAGGGAA,402
GCAAATGCATATAATT,402
GTAACAATGCAGCCAT,402
GTGTCGGATGAGAGAT,402
TATTTGTACGTAACCA,402
TCCCGCCCGTCCTCCG,402
TGGCTAGTAAAAGTAA,402
TGTTAGTCCAAAGCAA,402
TTTATATTCACCGGAA,402
AAAACAAACCACACGA,401
AAACCTGATGACGGAA,401
AATATTAACTTATCAC,401
AGCGGCATTCACGCCT,401
ATCACAAGATTCTCAC,401
CACCCAAAACGCACAC,401
CCATCGACGACACATT,401
CGTTCTTATAGAGTCT,401
GACAAAACATGCACCA,401
GAGCTTCAGGTCATAC,401
GAGGAATACACTCACA,401
GTCCAAAATATCCTCG,401
TCACTAGTAAATCAGA,401
TCCTCCCAGATGATGA,401
TTCAAGGTACCTGACA,401
TTGGACATAATCCAGG,401
AACCAATGAATTCGAA,400
AACGCGACTTACGCAG,400
AACGTGTGAACAAAGG,400
AAGATATTAGCCAACA,400
AAGTTCGGAAACAAAA,400
AATCCATCAAAAATTC,400
AATCGGAATGAATTTC,400
AGAGACAACGTCCCCC,400
AGTATGAGCAATGACC,400
ATAGAATTCTAGACAG,400
ATAGATCGCACCACTT,400
ATCAAAACGATTTCAG,400
CAAAAAGGTGTTTGCA,400
CACCGGTATTTAAGGT,400
CAGAAATAGGAGTCAC,400
CAGTTACCATATCACC,400
CCCCTGCACGATAGTC,400
CCGTGAAGATTGCCTC,400
GCCATGGCGAAGTTGA,400
GTTAAAATAAACACTA,400
TAAAAAACTATCTACG,400
TAAACATAACGCGATC,400
TATCAACCTAAGTTGG,400
TATCACTCTGTACAGA,400
TGCAAGAAGAGCACTT,400
TGCTACTCGACTTTAA,400
AACAAAACTCCAGAGC,399
AATATTTAACAAACTT,399
ACGATTTTACAACGAC,399
ACTTTAAAAAGCTTTC,399
AGTTCAAAGAGCAAAT,399
ATACCCTTATATGAAG,399
ATGATTATTTGTATAA,399
ATTTTGCAATTTCAAC,399
CAATGTAATATGCTGA,399
CACTCTAGGACGACTT,399
CATTTATATACACAGG,399
CCGAAGCTCTACAGCT,399
CGAAAATGTAATGCAG,399
CGAGCGCTTTTCTTGG,399
CGCGTATTCTCGACTC,399
CTCCACCCCTGATCCC,399
GACCTGCGACGCGTAA,399
GCATCAAGCAGCCTAG,399
GGTAAAGATCAAGAAA,399
GTCTACTATAAAATAA,399
TACCATGATACTATAT,399
TATATAGATCGTCATT,399
TGGGTTGATGAGCGTA,399
TGTTATCGCGACATGC,399
TGTTGTTTGGTCTTTA,399
TTTATTAAAATGTTTG,399
AACCACCCAAACACAA,398
AGATCGTGCGTCTTAC,398
ATTAGAGACGCTTACT,398
ATTGAAACTATAGTAA,398
CAGAATTGCAGTAATG,398
CAGGCGAGAGAGCTAC,398
CCAACTCACAAAAGTA,398
CCGAATTGTAAACCAA,398
GACGACCCCGCGATGT,398
GGTCAAACCTATATGA,398
GTTGCATCGTGAATAA,398
TAACTTTAATACAGTA,398
TAGCCATTTTTTTAAT,398
TCAACCCAGCTATCCG,398
TCCTTCTGTTCGGTAA,398
AAACGAACTCACATTT,397
AAAGGAGATGCCGAAA,397
ATAGGAAGCAAACCCG,397
ATGTAGACTCCATGTA,397
CAAAATCCCAGGCCGA,397
CAAACCCATTACAATG,397
CAATTCGCAGTTAAAC,397
CACGGACAAGTGTGGT,397
CACGTTAAATGATCAG,397
CAGCGCACATCAGCCA,397
CATCCAAGACACATAG,397
CTATCAGTGGGCTCGG,397
CTCACTGTAAATATTT,397
GACTTGAGACCGTAGC,397
GCAGCATAACGTCGAT,397
GCCATGCGCAATTCAA,397
GCCTTAATTGACTAAT,397
GCTTAACACTAAACAC,397
GGACGACATTCATCCA,397
GTTATAGACAAGAGAG,397
GTTGAATTCGTTGCTC,397
TAACCCAAAATACAGA,397
TAGCCACCGTTAATAC,397
TCCCAACGGGGAAACC,397
TCCGAACTATGTTAGA,397
TGATAGAAGCACCATG,397
TGGTTTGTACGTTATA,397
AAGGCTAAGTAATAGG,396
AATTCACTATAGATAA,396
ACTAGTAAACACATGC,396
ATACACTGTATGATTA,396
ATCCTTACTTTACGAG,396
ATGACCCTTGATACTC,396
CAACATTCCGATAAAC,396
CACACAGCGTAAAGAG,396
CTGAAATGAACACCAA,396
CTGTTCTTACGCTATT,396
GACCCGCGTAAATTAT,396
GACTCTCAAGATCGAA,396
TAGCGGAAAAAGAACA,396
TCGTAATATTCGGTAA,396
TTTTTGTAAGTTGCTT,396
AAAGTTAAGTGGCATA,395
AACCTGTTGAAAAAGT,395
ACACATCTCTAGACGA,395
ACCTAGAGTATTCATT,395
AGATGATAATGTAAAA,395
AGCCCTTCGCTCCTCA,395
AGGACGTTAGGCAGAA,395
AGGATTACAAGAAAAT,395
AGTCAACATAATTATT,395
ATCCCACGCAATGGCT,395
ATCTAACCCATATAAC,395
ATGAACCTGAGCAAAT,395
ATTAATGTTTCAACTC,395
CAAGAGGCGAGTGATA,395
CACAGTGTTAAATTAA,395
CCGCTTAAATAAAACT,395
CGACAAGACAAGAAGA,395
CGAGAGGTGCTAGACG,395
CGGATTAAACAGTACC,395
CTAGTGGTTAGCCATG,395
GACTTAGCTCAAAAAT,395
GACTTCTCTAAATATT,395
GAGTGCATGTCACTGC,395
GCTCAGCGACATTACT,395
GTATAGTTGAATTATC,395
TACTTTTGAACCGTAA,395
TTGTTTCTCGTTAAAC,395
AAGACTACCAAACACT,394
AAGTTCAAGAAGCATA,394
AATATCCATAACAAAT,394
ACCCATTCGAATGCTT,394
ACTAACCGATTGCAAC,394
ACTTCACTTACAAACC,394
AGCTGACGCCAATGCT,394
ATAAGGCTAGAAAGCC,394
ATAGTCTAGAGCTATT,394
ATTAGGTATCCAAAAC,394
CATACCACCCTAAAAT,394
CATGAGAAGATTTACG,394
CATTTCACGTTAAATT,394
CCAAAATCCATGATTC,394
CCACCCTATACCGCCT,394
CGCAAAAGTATTCTTT,394
CGCAGAGCTATAAAGT,394
CTCGTATTTTCTAACG,394
CTCTGCCCGAATTAGC,394
GAGAGTCTAGAATATA,394
GGCTTGTAATCTCGTA,394
GTACAGCAATCTCGTA,394
GTTAAGTCTTTACACA,394
TAAGGTGGGGCAAAGA,394
TACACCATCACGAATA,394
TACATCACGACGTTCC,394
TCGATCGTTGAAAACG,394
TGAAAAATGGCACTTG,394
TTATATTCCTAATACA,394
AAAGAACGGATCGACA,393
AAGTAAGATGGGCGTG,393
ACCGTTATAATTGAAA,393
ATACCCACAATAAAAG,393
ATCGACACGCTCGAAA,393
ATGCTATCCACGAACA,393
ATTATACAATTCCGCA,393
ATTGTGACCCACTTGT,393
CAGAGGCTATAAGTGA,393
CCGGATTAAATGCGAA,393
CCTTAACAGGATGGAC,393
CGACTGACAAGAATAC,393
CGGGATTTTCCGCGAA,393
GAGTGCTTTAACTCAA,393
GATCTAACACCAGTTC,393
GATTTTATGTCGGAAA,393
GCAAAATAAAAACCAG,393
GGATCAATCTAGCCCG,393
GGCATGTGATAGATAT,393
GGGTGATCCCATAAAG,393
TAAAAAGACGTCTGAA,393
TAACTTCTTATGCCAG,393
TAATATTATGCCATAA,393
TGATTCCTAGTTGAAA,393
AAAAGGAACGGCACTC,392
AACATGCTAAATTTCA,392
AACATGTACTAATCCG,392
ACATAGAGCGCACAAG,392
AGAACAATACATGAAT,392
ATAACACAGTAAAGCG,392
ATGACTCTCCTACGTG,392
CAGAAGCCAAATACGC,392
CAGGATGATGCCTTGT,392
CATATTATACGCAGTA,392
CATCCTAACATCCTCG,392
CCACATTCTCAACAGA,392
CGTTTGGAGTTATAGT,392
CTAAAGCAGACAGGTA,392
GAAGAATATAACGAAA,392
GAGAATCTGACGTCAA,392
GCCTACAAAACGAACC,392
TACTTTATCAACTTTA,392
TCCATTCATAGGAACA,392
TCGGAGTTGCAAATTG,392
TGTGGAGTAAGTGTAT,392
AAAGAAGAATAGATGG,391
AACACCCGTACCCACA,391
AATCAGGCAGTCTAGA,391
ACCCACTATTGATCTT,391
ACGCGGGCTGGAGCCA,391
AGAGTGGACGATAAAT,391
AGCCAATAAAGAAAGA,391
ATAACAACATAAAGGA,391
ATATAATCTATGTTCG,391
ATCCGAATGCACCAGG,391
ATGGAACTATGCACAT,391
ATTGAAATAACGCAGC,391
CAACACCCTAAAACAC,391
CCCAGACAACTGAAAA,391
GATAAAATGATAAAAT,391
GCACCGTCCGTAAGAA,391
GGTTAGTACGTGATTT,391
TAAAATGTTACGCTTT,391
TAATAACTCTATTTGT,391
TGTAACAATAATGTCA,391
ACAAGATTACGCCGGT,390
ACGCAAACCTAAAAAA,390
CAAAAGACCGGAAAAT,390
CCAGGAATAATTTTGC,390
CCGTAGAACCAAATTC,390
CCTCGCGATCGCTACA,390
CTAAAAACATGAATCA,390
GAATTATAGAAGTAAT,390
GTACATCTCCTATATC,390
TAAATCACGTTCATGA,390
TAATAAATTTATCTCT,390
TATTGACCACTATAAC,390
TATTGGGATACTGCAT,390
TGAGCTGATAGATACA,390
TTCAATTCGAAGAATG,390
AAGCATTGACAAACAA,389
ACAAAAAAGGGCATTA,389
ACCCAAATCATAATAC,389
ACCGAGTAACGTAATA,389
AGCATAAAGGAATAAG,389
AGCATGGCACGCAACA,389
ATGAGACTCCGAGGGT,389
ATTTGCACCCAAAAAA,389
CACACAATTTATGTCG,389
CCTAATACGCATAAAA,389
CCTTTAAAGGAGCTAT,389
CGAATACCAACAGACA,389
CGCACCAAGTTAGCCA,389
CGCCGCGGAGAGGACT,389
CTATGTCTGTCATTTA,389
CTTAAATCCGAAATGA,389
GAACTTCATCTAGAAA,389
GGGATAGACCGCAGGC,389
TACTTTAGTAGGTGTA,389
TCTACCACTGTGATAA,389
TCTTAATCGAAGTAAC,389
TGACATATCTTTACAC,389
TGTAAGGTAATCGATT,389
TTACCTTTGTTATGAC,389
TTCAATCAACCTGCGA,389
AAAGTTATCGCAAGCG,388
AACAACATTCGATGGA,388
AAGTACCCACTGAAAC,388
ACCTGCAGTTCTAGAG,388
AGCTTGGTAACGGTCC,388
AGGAAGTCCTGAGAAG,388
AGTCTTACATCACCTT,388
CACACCCTCCAACTTC,388
CAGTCATCGCCCATAT,388
CATTATAATAATTCTT,388
CCACGCCGATGATACA,388
CCACTACATAGAATAA,388
CCCAAGGCTAATACAA,388
CGAAAGCAGGAGTCAT,388
CTAATTACATAAAACA,388
GAGGAAAGGGTGAGGG,388
GCATACACCCAGGGAA,388
GCTAAAACCCAATTAC,388
GTTGTAAACTATCACA,388
TAAAAACTAGTCTTTT,388
TGCACTGTATAAACTA,388
TGGACCCAAGCTGCCA,388
TTCCATGCCGCGGATA,388
TTTACCCTCACGGGTT,388
AAAACACCTCCCTACT,387
AACCAACGTCAAGGCA,387
ACAAAAACTTATTCTC,387
AGCAGATTTGTAGACC,387
ATCAAAGTAAAAACCT,387
CAACCGATAAAAAGAA,387
CAATCATACACCTAAA,387
CCATTCGATATATAAG,387
CTTCTGGCAAACGTTG,387
GAAAAAAAAAGATAAC,387
GAATAGTTTCATGAGC,387
GAATATAATAACTTCA,387
GCACCTAGATATGATC,387
GCGTAAACCCAAACGA,387
GCTATGTAAAATCCCC,387
GGAAAAGCTATCACCA,387
GGGTGCATGAAGCAAT,387
GTTTGGAAGCAAAAAT,387
TACTTCTGATTCAGTC,387
TAGAAATAAAATTATT,387
TGAAAATAAATCAGAG,387
TGCGAAAGATGACAAC,387
TGGTTTATGAATATCA,387
TTTTAGACTAGCGGTA,387
TTTTCAATACATTGAA,387
ACAAATCTTAATTAAT,386
AGACAATCAAAGTCTA,386
AGGAAAATATAATCAT,386
ATATCAAATTGAGAAT,386
ATATGACGCATAATAG,386
ATGATGTTTATATAGC,386
CACCTCTCAAAAATTG,386
CCAATGAACGCCATTT,386
CCACTAATCGATAAAC,386
CGAGCCCAGACTTTTA,386
CGGCAATTTTCGAGTT,386
CTACCTACGCACTAAC,386
GCGTGTTACTTAGCGA,386
TAGAGCCCCTGACAAT,386
TAGTATCCTTTGGTAG,386
TCCGGAGACAGTCATT,386
TGACAACAGAATGTAT,386
TGACCCACCAAAAATA,386
TGCCCCTAACGATTGT,386
TTGAACATGAAATCCA,386
AAAAACATTACCTCCG,385
AAACCGAAAGTTTGTA,385
AACTATGTCCTAGACC,385
AATAATCCTTATACCT,385
AATGGATTCCAGAACC,385
ACGTAACAAAATGGTT,385
ATAGACACAAACAAAA,385
ATCACAGTCGTTGAAA,385
ATCATAATAATATATC,385
CAATTTGGACCGAGAC,385
CATGAGTCAAATTTGC,385
CTGATGACAACGAGTA,385
CTGTTGTATGCTACGA,385
GACCTTTCAGACATAC,385
GCAGGACCGTAGTCAC,385
GTGAAGTGACTAATCC,385
TATTCTTCCGACCCCA,385
TTAAAGATGAAGCACA,385
AAAACAACAACAAAGA,384
AACAATGATCAGAGTA,384
AAGTAATTCCATATCG,384
ACTATCCAACCCAACC,384
AGACAACTTCTCAGCA,384
AGATTGTTTCATCTCG,384
CCCAAGTATTTTTAGT,384
CCTCCGGCATTCACGC,384
CGAGTTAGCTCAATAA,384
CTAACAAATACGTTCT,384
GAACTTCAAGGCCTCA,384
GTATTGAGGCGGCGAC,384
TAAAAGAATAAAGCTA,384
TAAGTACCAGATCAGA,384
TAGTTAATCATTGTTG,384
TCCCCTGGGCCAACGT,384
TGCGAACACTAAATCA,384
TGTTTTAAAGCGGGTT,384
TTATAATACAATGAAA,384
TTATTAACGGGTTGGG,384
TTCTTAGCACACTCAG,384
AAATAAGTAAAATGAC,383
AAATCCGCGATGTACA,383
AAATTTACAGAGGCGA,383
AACATCGTATCGGAGT,383
AACTAACTTAAGAACT,383
AAGACCGTGCTCAGAC,383
AAGTAACATAGCAAAA,383
AATAAAACATCCCCGG,383
AGGTTGATACAAAAAA,383
CCCAAACTAGGATAGC,383
CCTAAGATTCGCACAC,383
GGACATAACGCTCCGT,383
GGATAATTCAATATGT,383
GGATGTATAGATGCTT,383
TACAAGCTATTCCCTA,383
TAGCTGTGATGTCGCC,383
TAGGCTCTTAAGAGTC,383
TCACATCTATAAATTC,383
TGTAAGACCCGAGTGG,383
TTGATTCACGATAAGA,383
TTTTTTTTCAGTTGGC,383
AAAAACTTAGAGCGTA,382
AAAACGGTCCAAGCAT,382
AAAATGTATGGTAAAG,382
AAAGAAACATAAAAGG,382
AACTAGTAACATACAT,382
AAGAATTTGTACTATT,382
AAGCTCCACTCCATAT,382
AATTAAAAAAGTCATG,382
AATTTACGGTGCCGCT,382
ACGTCTAAAGAAAAAA,382
AGATCTAGACAAACAT,382
ATGATATGGACCCACT,382
CAAGTCTGTTCTCTCT,382
CCTTAGTTAGATAGTA,382
CGACCAGTCGACATGG,382
CGTAGCTCCTCATCTT,382
CTACTTACCCACCCAT,382
GATGAGATAGAACTTC,382
GGAATTGCAGAATACA,382
GGATACGAATCAACAC,382
GTAAACGAGCCTATCA,382
TGAACTAACTCGTCCA,382
TGTCTGCTGAACCATT,382
AACACGACATGTACGT,381
ACAAGTAGTGTTGAAG,381
ACACGAGTGAGAAAAA,381
ACTAACACCCAAACAA,381
ACTTAAAAATTTATCG,381
ACTTATCTTGACGAAA,381
AGGAGAGTTCAGTAGA,381
AGTACAACAGCTTGGT,381
ATACAACCAGTCACAA,381
ATACAGAACACAGACC,381
ATTCTACAGCATACCA,381
ATTGGTAATCTCTGGC,381
CAACTCTAGTAACAAA,381
CACATAACAGGAAAAA,381
CACCGAAATGGATGAA,381
CACGATGTTTTAACAA,381
CCCTGATTAACAAGTG,381
GATGCGAGCTCCAAAC,381
GTAGTTAGCAATGTAA,381
GTATTTCTAGACCATC,381
GTGTCACATAGTCCGC,381
TCTGAACAAGAATAAT,381
ACAAGAACTTGATCTT,380
ACCATTGCCGTACGTA,380
ACTCGATAGCAAAAAA,380
AGATAACAGAGTCTCG,380
AGGTGTAAGCATACAC,380
ATCGACCCGCCCTAGC,380
ATTAAATAGAATACCT,380
CAAAAAGACATAACAA,380
CAGAGTAACACTAGTA,380
CCGATACCATACTAGG,380
CGCCGTACAGGGGAGA,380
CGCTAATTGCCCTAAA,380
CTGCCGTTAGTTTAAC,380
CTGTCTAGTTCTTTCA,380
GACCCGAACTCGCAGG,380
GAGGCCAATTCAAACA,380
GCATCCTATAAAAGTT,380
GCCATTCTACTAAATC,380
GGAAAAAGCTATCACA,380
GGGGGAAAACCAAGGT,380
TAAACAAAGATTTTCA,380
TAGTACCGAACATAAG,380
AATAAACCTTTTCCGA,379
AATGAATTTAACTCGA,379
ACGACAGCCGGTTGCC,379
ACGAGTAACAACTACA,379
ACGCACGTTTACGTCG,379
AGAATCTAACAAGTAA,379
AGAGGACACATAATAC,379
AGCCACTTGCCCTTAC,379
AGGCCAACCAGAAAAA,379
AGTGGCGCAGTACAGG,379
ATAACCGCCAACCTGC,379
ATGAACATACCAAATA,379
ATGCAAACTCTCTGTT,379
ATTCAAATCCCCAGCT,379
ATTCCTGGCATATAGT,379
CAAACAACGTTACTAA,379
CGAGCAATTAGCAAGG,379
CTCAATTACTCACAAC,379
CTGCGATAAGCACGGA,379
GAATCGAAAACCATTA,379
GCAACCATGTACACAA,379
GCCACTTATAACGCGC,379
GGCAAATCATGCTGAC,379
GTATATTAACCCAGTC,379
TACTCTGGAGGTAACT,379
TATATATCTTACACTA,379
TGTATAACGGGAAGGC,379
AAAAATACCTAATCTC,378
AAAACCTAACCGCCTG,378
AAAACTCTAGCCCCGA,378
AAATTTAAGCACCGAA,378
AACCAGGACCCCTGCC,378
AAGCAGACAAAACTAT,378
AATTAAGCCTGACACC,378
ACTCCAACCATGTTGC,378
ATTTTGGTTATAATCC,378
CAAATTATGCTATCGC,378
CCACAGGCGATAAGCG,378
CGACGTTCCCATGTTA,378
CTAATAAAAAAGAATC,378
CTGCGTAACAGAGAGA,378
GAAAAAACGATAACAA,378
GAAGGAATATACACAA,378
GACCTTAACTGAATAC,378
GAGCACCAGCATCCAC,378
GCAAGTACATTCCATG,378
GCCCACGTTTACTACA,378
GGCCAAAATGGCCCCT,378
TAATACCAAACTCACA,378
TAATCACACCAAGCTC,378
TTAAGTGAACGATTCC,378
TTCAGAGTGTCGAAAT,378
TTCCAAGGCAAAAAAA,378
TTTAGGGAGAACGACG,378
TTTTTATACGTTTACT,378
AAAAGTACCAGATATA,377
AAGAACAATATACCCT,377
AAGGAGCACCAACACT,377
ACCGGGAAAAGTTTGC,377
ACTAGACCTACTTGGG,377
ATATAAAGTATGGCAG,377
ATCCTATAACGGGTTC,377
ATCTATTAAAGAAGTC,377
ATGCTGAATAGATGAT,377
ATTACTTTATTGAAAG,377
ATTGGGTTTCTCCTTC,377
CAAGAGTGAAGTTACT,377
CACATAGCAGCCGGGC,377
CACTCATGGCATATTT,377
CAGGAATATGACCCGC,377
CATCGTCCGCACGGCC,377
CCCAGACGTCCTAACA,377
CCCCTTCATGCCAGAC,377
CTCTTATAGACTTAGC,377
GAAGACTTACCAGAGG,377
GATACCGACGCATACA,377
GTACCATTAATACGTA,377
TAAATAGAGAAACTTA,377
TCACAACACCATAGGC,377
TGGAACGATTTGAGGT,377
AAACCATGATGTCAGA,376
AAAGTTGAATAGACAA,376
AATTTTAAAAAATTTA,376
ACCGGACCATATGACC,376
ACGAACAAAAAAATAG,376
ACTATTTGACAGCTCT,376
AGCGCAAACCACGTAT,376
CAAGCACATGTGTAGA,376
CATAGGTAAGACGGTT,376
CCAAACACACACCCAG,376
CGCAAAGCATTGAACG,376
GAAACAACTAATTGTT,376
GATTACCTGTTTGATC,376
GCTCGTTCCCATTACC,376
TCATTAACAGCCAGCG,376
TCCCCTAATATAATCA,376
TTATAGAATGTAATAG,376
TTCCTTAGACTAACGC,376
TTGGGATCCCGTACTA,376
AATACTTCGAAAATAG,375
ACTACAGTAATATAAC,375
ACTACTATTAATCCCT,375
AGTCAGTGGACATGGA,375
ATCGCTTCTCTGATTA,375
ATTCTATAATCGGCCA,375
CAATGTGAGCACCTTG,375
CCAGTATATCGAGACT,375
CTTAAAATGGTCTCCC,375
CTTACTTTAACTCATA,375
GACAATGAGGCTAGAA,375
GGTACACTATTAGCTC,375
GTCCGTGTGATGCAGG,375
GTCTAACAGGTTGAAA,375
GTGTTTCAAGCTCCCT,375
GTTACACATGGGGGCT,375
TACAATATACCCAATT,375
TGCACGCCGTTTAACA,375
TTACTCTCTAACATTC,375
TTTTACCTAATGCAAG,375
AAAATCCAAATGAATG,374
AACCGGATACATTTGA,374
AATAATTCTACGAAAG,374
AATATATGACAAATGC,374
AATCTAATTTGGCGAG,374
ACTCACGCATGATGCG,374
ATGCCATCACGTGCCA,374
CACTAGAATGCCCCGA,374
CAGATCTTAATGATGA,374
CATCTGAATCGTAAAA,374
CTCCCAGGCCATGGAC,374
GAGCAGGCCTTATTAA,374
GGTCTAAGTTACATCG,374
GTAGTATGTTTAGACA,374
GTAGTCATGTAGACCA,374
GTATAAACACACGATA,374
TATTTAGCACCTACTA,374
TCTTCCGTATCCTACA,374
TTCGTTACTACTCTGA,374
TTGTTGCTGTGCTATT,374
TTTCACAGATAGCGAA,374
AAGTGTTTGAGAGCCC,373
AATCATCACGACAAAA,373
AGACCAATAAGGACGT,373
ATAATAAACTCTGACT,373
ATCATGATAACATCTA,373
ATGATGGAGCTCGAAC,373
ATTTACCTCACTCTAA,373
CAACACCACGTGACCA,373
CTCCACGGATAACGAG,373
CTCGAGACTAAAAGTG,373
CTGATATAATAGCCAC,373
GAAACAGATCAGATCT,373
GAAACATTAAACGCAT,373
GACACCGCAAATTAGT,373
GAGACACAGCTCCCGC,373
GAGACACTACCTGGTT,373
GCCCAGATTCTTTCTG,373
GCTTAAGACGCTTAAT,373
GCTTACCCCATAGGAC,373
TAAATCTAATAATATT,373
TAAATTGATAAGCTTT,373
TAATAGAAGTGTAATA,373
TAGACAGTACACTTCT,373
TCACCAAATCCTAATT,373
TCTAGTAATGAGAAAC,373
TGATACGAGAGTACGT,373
TGTAGTATATTACAAT,373
TTCAATTGTATAAGTT,373
AAAACTCATTCCTAAA,372
AAAGGAAACTCCAGTC,372
AACACTTTGAAAGAAT,372
AATGATCAATCCGCAT,372
ACAATTACTACCAGTT,372
ACGACAAACACTCGAT,372
ACGATAAAGTCATTAA,372
AGCATGCGCCGCTTCT,372
ATAAGCATACGGAAAC,372
ATTATATTAAAATCCC,372
CAAATCGCACGTATTA,372
CCCCTAACTTTGAGTG,372
CCTCAACGGAACCATA,372
CTGAAGATGTTTGAGT,372
CTGGATTGAAGATACT,372
CTTCTATACTAGGCGC,372
GACGTCGCAAATAAAA,372
GCCAAGGAATGTACAG,372
GCGACGCCAAATAAGT,372
GCGATTAATAAGTAGA,372
GTCAATCCAATATAGC,372
TAACAAAGAAGTCTAA,372
TCCTAAATCAACCTGA,372
TGAATAGATCCTTCAA,372
AAAACATTGAATTGCA,371
AACAATCGGAGCCCTA,371
AACTTACACCCCAGGA,371
ACAGCTCTTAACGTGA,371
AGCTGATTCTGCTATA,371
CGTAAATTCAAGCCTA,371
CTTCTGAGAGCGTTTC,371
CTTGAGACCACGAATA,371
GAATATCGAAGTAAAT,371
GATTTACGGGGCAAAC,371
GCTACCATGATCACTA,371
GGGCTGAAGAAGCGGC,371
GTCGTACGAACCTAAA,371
TAGAACGCAAGAGGCC,371
TCAGGACGCCATATAA,371
TCGTGGAAACCAACCA,371
TGACAGAGGTAGAGAA,371
TGGGCATACATAGAGT,371
TGGTTGGTTTTTCAGT,371
AAACCAACAAAGAGGC,370
ACACACCAGCAAGGGA,370
ACTTCAAATTGAAAAC,370
AGGAGACTCAAAGGGA,370
AGGGATACAATCGCAT,370
AGTGAGACCCTAATAT,370
ATCCGAAACACCTACC,370
ATTCGTAGTGCCGAGA,370
CGTAAATGATACATCC,370
CGTAACACTTAGAGTC,370
GATAAAAACAGCCTAA,370
GCGATCTAACCCGGCA,370
GGACTCTCGTTGGAGC,370
GGTCCAAGCGTTGAAT,370
TAACCTATAAGACACA,370
TTACGAAGTAACAAGG,370
TTAGGCCGGGGACAGG,370
TTTACACAAGTGCATG,370
AAATCTACGGTGAGGG,369
AATACGGAATTTACCT,369
AATGTAAATAACAATT,369
AATGTTGGGTAGGTCT,369
AATTACAAAAGTGGTG,369
ACCTTGTATAGAGGTG,369
AGAGTGCAAAGTTATA,369
CATGTAATCCGATATG,369
CGTCGTACAAAACACT,369
GAGTCCAAATGTCTGT,369
GCTGGATATACTTTAT,369
GTGGCATTGAGGGATC,369
TACTCAAAAACTAGCT,369
TGCAAGTGACTAACAA,369
TTCTAGGAGACGTCTA,369
AACATGATGTTTCTCA,368
AACGAAACCGCAATAA,368
ACCACAAAATCATCAC,368
ACTGGCGACAACGTAC,368
AGGCATCCTTGGAAGC,368
AGGGGCTCTCGCAAAA,368
CATGTGTTACGGGACC,368
CGGTGCAGATACACCA,368
CTAATGTCAATCCATA,368
CTCCCACTGATAAACA,368
CTTATGAGGAATGAAA,368
GAAATCACACGAACAA,368
GATTGAGAATTGTACA,368
GTTAGTTTGTCTAAAA,368
TAGTTAAAAACCAGCT,368
TCAAATTAAGACGCAA,368
TTAATTCGCAGCTCGC,368
AAAACAGATCAAACGA,367
AAATGATTTCTCTAAC,367
AATGGATCACGACGAA,367
AGAAAAAGACCAGGTA,367
AGAAGAATTATAAATT,367
AGACACAGGCCGATGT,367
ATGGAGCACGTAAAAT,367
ATGGTCTTGTTGACCT,367
CGTCATAACCACGCTA,367
CGTTGTACGGTTAAAG,367
CTTGAGAAGCATTAAG,367
GACTAATTATCCTTAG,367
GGAAAAAAGTCAGGAA,367
TAATTGGGATTCCTAA,367
TATCAAAGGTTTCCAG,367
TATTCGGAAATAATCT,367
TTCTGAGTGAGGGCCT,367
TTGGGCTGTGGATGTT,367
TTTGGAATCGTCGTAA,367
AAACGTAAATAAATAA,366
AAATATACCACCTACG,366
AAGACGAATTTTCCTA,366
AATATTAAATTAAACA,366
ACAAAGATGCGGGCTG,366
AGTAATGGACCAGATT,366
ATACCTATGGACTCAA,366
ATCAACTTTACACGAA,366
CACGAGTCACAATAAA,366
CCACAGGCAGATCAGG,366
CCAGGTAACGAGTGGT,366
CCATAAAAACATTAAT,366
CGTGGTAAATGGTTAT,366
GAAGCTATAATGCCAC,366
GACGTATATAATGAAA,366
GAGTTCAAAATAAAAT,366
GCTTTATCGCACCAAG,366
GGACCTGAAGTTACAT,366
GGCAAGAAAGTCGTCT,366
GGTCTAAATTAGACAA,366
GGTTTCGTTAATATAA,366
TAAAGGACATCGAGTA,366
TACCACCAATTACCGT,366
TAGTGATGAGCGAAGT,366
TCACAACGGCACCTAA,366
TGAGCCGGAAAGTAGC,366
TTAAGGATAGTGCTAC,366
TTACGTCCAAATGGCA,366
AAAAAGGGTTACAAGC,365
AACCGCGAAGGGACAA,365
AACTAAATTAAAACTC,365
AATCCCACGGATGAAT,365
ACAACAAATGTACGGT,365
ATATCTAACACCCTAT,365
ATGAAGCAAAATACGA,365
ATTAATCATGGGGCAT,365
ATTAATTCACAACATA,365
ATTGAGTCGCCTATTC,365
CCAGCCTCGCAACATA,365
CCAGTAAGCATAGGAA,365
CGTCATAAATCCAAAA,365
CTGAATGAGGAAAATA,365
GAAGTACCGATTTACT,365
GATTTCCCGCTCAATG,365
GGAGCAAACACATTAA,365
GGGATAAACAATAATT,365
GGTGGGTTCTCCAAAC,365
GTAAGGCCTGAGGCCG,365
TATCAATCCTCGGGCT,365
TGAGAAATATTGGAAT,365
TTCGCCCATAAGGTTA,365
TTTTCTGCCCCTAAGC,365
AAGTTGTACTGGTATT,364
AATAACAGCATGAAAA,364
AATAGACAGTTTAACC,364
AGATATTAACACCAGT,364
ATAACACATACATTAT,364
CAAGTTATAATGACAA,364
CAGGGTAAGCCGAATT,364
CGACGGTACAACAATG,364
CGTAAGTCTGATTTTA,364
GACAAGAACATATACA,364
GCAGTTTCGAGATTAA,364
TAAATCACAATACCGA,364
TCAACAATCATCCTAT,364
TGACTGCTCCCTACCC,364
TGTCCCACAAGGGAAA,364
AACATTAAAATACACG,363
AATGTACTCTTGGTGT,363
ACATTTTCTCAAAGAA,363
AGCATAAGTCAAATGC,363
ATAATAGTAATTACTA,363
ATGCCGCATCAGCAAA,363
ATGTATTCGGCTTGAG,363
ATGTGCTTTCCTCAAC,363
ATTAACCTAACCAATA,363
CAATACCTATATAACT,363
CACCTCAACAACGCTT,363
CCCGCGACCTTAAATA,363
CCGTAAAACGATAAAA,363
CTACGCGCCACACCAT,363
GAAAAGGATATGCTAA,363
GAATGAAGACAATTGG,363
GACAACACAATTAGTG,363
GACGCATGAAGCGCAG,363
GCATTAAGTCAAGATA,363
GGGCAAGGGATAACTA,363
GTACATACCCCACCAT,363
TACCTTTCTCGCCAAC,363
TCACTAGGACGCAGAT,363
TCCGAAAAAACTGCAA,363
TGACCAACAATTAGGA,363
AAATTAGAGGAAATGC,362
AACAGCTATGAACCGG,362
AAGGACAGCTCCGACA,362
AATAGCAGCAGGAACT,362
ACCCTGTCACCATACA,362
ACTAAGTAGAGCCCGC,362
AGACAAACGGTTCCAT,362
ATCACACAGACTTGGT,362
CAACCAGAATGGGGAA,362
CAAGCTCCTGGTTCAT,362
CACGTTATCAGTCTCC,362
CGCAAACACATGCAAG,362
CGCCGCAGTGCAGTAT,362
CGTTACCATGCCTTAT,362
GACATTAAAACATATA,362
GACCGAGAACGAGAAC,362
GAGCAATCTACCGACT,362
GCTACAATTCTTTTGC,362
GGTTATAAGACAACAT,362
GTACGCGAAAACCCCA,362
GTCGCTAGAATAATGG,362
GTGTCTATAATGGCTA,362
TCTGGTAATAGCACGA,362
TGCCACGAGTTAATTT,362
TTCATCCACTTTATGA,362
AAAAAGCTGGTGCTTG,361
AAGCACAATAAAACTC,361
AATCATGCAGACGATT,361
AGAGTACATTGCATAT,361
ATAAACAACATCGTTT,361
CAATATATATTATCTT,361
CACATCAAACACACGT,361
CATAAATCTTCAACAC,361
CCATTCTGTACGTTAA,361
CCCAAGCACATAATTT,361
CCCCATCGCATCCACA,361
CCCGATAATCTATAGA,361
CCTTAATACTAAAAAG,361
GAAAGCTAGTGCTGCT,361
GAACCAAGAGCAGTTT,361
GACATATAGCTCTACA,361
GAGCAAAACCCCGGTC,361
GAGGGAAATTTATGAA,361
GGATGACATAATCCCT,361
GGTTTTTTCACTAACA,361
GTATAACCACGCGGCG,361
TAGATCGTGCTAACAG,361
TATGAACCCTCGAATT,361
TCATCTTCCTCTTCCC,361
TGGGTATCTTCATTAG,361
TTTGTTTCTGGTATAT,361
AAAAAAGATAAATTAT,360
AAGATAAGAAGCTTTA,360
AGAGAATCACAACTAA,360
ATCTCCAACTCATTTA,360
ATGACATTTCAGACGA,360
CATGGGGTACAGCAAT,360
CCTGGGCGACTATTCA,360
CTAGTAGCCCTAAGAC,360
CTGTCATGAATAAAAG,360
GGGATAGGAACCCTAT,360
TACGACCAAACACATT,360
TGTCAGTTCATATGGG,360
TTTCTTTACACCCATT,360
AAGCCCATAGCACAAA,359
AATATATCTTGAGGCC,359
AATTCATGGACGTAAA,359
ACAGGGCTTTCAGGTG,359
AGCCAAACCCACTACA,359
ATAATAAATTACCATC,359
ATCCTACAAAAACGAA,359
ATCTCTATTATGAATG,359
CAAAAATGATATTGCG,359
CAATGCATAAGCGTTA,359
CACGCGGTCACGCAAA,359
CCCACTAGGGATGAAG,359
CCGTAATACCACGGTG,359
CTCATAGACGTATCCT,359
GACCATTTTTAGATCA,359
GAGAAATTGTAATGCA,359
GAGTCAAAAAATTTAC,359
GAGTGCATGGGCGTGT,359
GCCAATAACACCGATA,359
GCGTTCGCCACAGGAT,359
GCTAACTTGCCATATT,359
GGCAGGGTTTTTACCG,359
TATGAACATTCCCGGA,359
TATTCCTATTAGTAGG,359
TCTAAGAGACACAAAT,359
TCTCTAATCGTATGGG,359
TGAAATTATTAAACTG,359
TTCTGTACAGGGGACT,359
TTCTTCCCAATCAAAC,359
TTGGCATTAACGAAAC,359
AAAACTTGAGCAAAAC,358
AAAATTGTAATTACCT,358
AACGTACCAAACAATA,358
AACTAGGGCCAGATTT,358
AATCGGTCGTCGGATT,358
ACAGACGTACCCGTAT,358
ACTTAGCGGTAAAAAC,358
ACTTCCATTATTATGA,358
AGATTGAAACAATTAG,358
AGCATAAAGCGGAGTG,358
ATAAGACGAACACCCC,358
ATACACAAAGCTAAAA,358
ATACCGCCTTTATTTA,358
ATAGGAATAATTAAGT,358
CAACCGTTGACTTCGT,358
CATATATCAGTAAAGG,358
CATCTAAGACAAAAAG,358
CTGTGTAATTATGTCC,358
GAACCGAGACTGAAAA,358
GACAATTGCCTTCTTT,358
GACTCCTAAAAAAGAA,358
GCCTTATAACACTCAG,358
GGAACTATAAAACCAG,358
TAGAATGTAAACCGAG,358
TATATCAAAAAGCAAC,358
TCGATGGTTTTTAATA,358
TGTCAACCATATGTGT,358
TTCACTCAATATGCGC,358
TTGCTCCGCTTACACT,358
AAATGGGCATTGACTT,357
AACATATCTTCAGGAT,357
AACTTTTGGTATATTA,357
ACACGGATGCATATAA,357
ACGCCAATACCCCTAC,357
ACGGCCCAAATACAAT,357
AGACGAATGATTTTCC,357
AGCCCTTATAGAGGTT,357
AGTCGAAAATAAGGCA,357
CGTGGGGCTAAAAGTC,357
CTTTATGCTGACCCTA,357
GACTAATAGGATAAGG,357
GCAATACGCGAAGCCC,357
GCTCAGCTGATACAGG,357
GGAGCGAACATATCAC,357
GGCCCGACTGCATATT,357
GGCGGGATCCAAATTG,357
GTATTCTCCACCTACC,357
TAAAGCTGTATAACTT,357
TACGTGTGCAGTTTCT,357
TATATAAAGTAGAGAT,357
TATTGACCCCCGTGAG,357
TGAGCTAGAAATCCTA,357
TGCGTATATGCTGTGC,357
TTTAATTCTTTATGGG,357
TTTGAGAACATCTCTC,357
ACAGCTTTGTTACATT,356
ACCAGAACTTATAGAA,356
ATATACACTACCATAA,356
CAAGCGCGTCGGAATC,356
CAATAAAGATGATTGC,356
CGCTCCTTTCAGCAGA,356
CGGAGTCAAAGTTGCA,356
GACGAACTGTAGTGTC,356
TATATAACTTAGTGTC,356
TCAAGTAAATTGCCAA,356
TTCTTACACAACGACA,356
AAAATATCTCAAATCA,355
ACAAAAGACCATGGGC,355
ACAAACATCAACAGGT,355
ACACCGATAAGAAATA,355
AGCGTAAAACATATAC,355
AGCTAACCATAACACT,355
AGTGCTTCAACCACCA,355
ATCAAACCCAATATCT,355
CAGCTAATTATTCTCT,355
CATGTAGACGGACATG,355
CCTGACAAATCACCAC,355
CCTTTGTAGCACACCT,355
CGTGGGACTTGCTTGA,355
CTACAAGTGCCAGTAT,355
CTGCTAAAAATACTAT,355
GACACGGTCTACGTAC,355
GATCACATATAAAAAG,355
GCAAAACAAATACATA,355
GGAACATGCGACACAA,355
GTACTAAAATGATTTA,355
GTATCATAAACTATAA,355
TAATAGCCGAGACAAA,355
TATTCTGACCTATGAG,355
TCATGCCTGTTTCATT,355
TGTCAAAAACGATCAT,355
TTGAAGCGCACCTTTA,355
TTGTTTAGTGCAGTGC,355
TTTAACACCGGAAATA,355
AAGAGGGGTTAAAGAA,354
AAGCCTCCCTTTTACA,354
AAGTCAATAAACAATC,354
ACAAGTGCCATATCAC,354
ACCCCTAAACGAGCAG,354
ACGTAGCCCGGATGTA,354
AGCTGTGCTGATGCCT,354
ATTTATTTTAGAATGA,354
CCACCTGATGTATGTC,354
CCCTCCATTGGTAAAT,354
CGCCGATCAATAGATA,354
CGTAAAACTAAGATTG,354
CTACCGTTGGAGGACC,354
CTATACATTCAAATCT,354
GAGTAATCTTAAACAT,354
GATAGGAAAAAACATA,354
GCACATATATCAATTG,354
GCGCCGACTGACGCAT,354
GGGGTACGGACAAATA,354
GTCATATCTTCCCTTG,354
GTTGCACAATTTCAGG,354
TACTGCCAAAAGACTA,354
TGTTAAATATTCAAAA,354
TTCAATCCAGAATGGG,354
AAAACAGACCGAAATC,353
AAAACGAGCCCCCAAA,353
AAAGGGCATCAAGGGC,353
ACATTTTGCCCGGAAG,353
ACCGAAAAGCCTCTCG,353
ACTATATGTATTCAAA,353
AGATCAGAAGCATGAG,353
AGCCGACAGGTAAGCA,353
ATGAAGACGGGCTCAA,353
CATGCTACCCAAATGT,353
CATTTAAACGGTCCAC,353
CCAGCCGGCCCGGAGC,353
CCTGTACACTATGACT,353
CGACAAACTAAGTGTA,353
CTATTAATATGCTTCA,353
CTCGAGTATGCGAGGG,353
TGGGGGGTATAAAACT,353
TTCGTATACTAAAGAA,353
AAAAACCATAAAAATT,352
AAACTTCTGCAACCAA,352
AAAGCGCTGAACCCCT,352
AACATCCTAGAAAACA,352
AAGCCCTGCGCGGGTC,352
ACCCGTCTATACTACA,352
ACTTCTACATACTCAC,352
AGTATACATCTCTTGG,352
ATACCCTAACTAAATT,352
ATCCAACTACTACTAA,352
ATCGCCATGTAACCAA,352
CAAGTTTAGGTATCAC,352
CTTACCAGAAGCGTTA,352
GATCGTGAATGCAAGT,352
GGATACAGTCCCTATT,352
GGTGAACAAGAACGTT,352
GTTATAAACACCAAAA,352
TATCTAAGGTACTATA,352
TCAATTTATCGAGCCA,352
TCAGTAGCTTAAACCC,352
TTAAGGGGCCACAAAT,352
CTAACAGTGTATACGA,351
CTAGGGTACTATCCTA,351
CTATCGGTTGGGCGAG,351
CTGTCTCTGCACTCCA,351
GAAGAAAAACCCCCCC,351
TAGATACGGAATTTAC,351
TCGGATACAGGACGGA,351
TCTCTAAGCCTGAACG,351
TGTAACGAAACTCATC,351
AAATAAGGATACATCG,350
AACTCACGCTATAAGA,350
AATAATTTTTGGATCG,350
AATCGGCACATTACTA,350
AGCAATAGCCAACACT,350
AGTGATTTGAACAATT,350
AGTTCCTGACGCATAA,350
CCACAACGAAGCATAC,350
CTATGAACCTAAAACA,350
CTATTAAAATCCAAAA,350
CTGGTCGCACCGGTGC,350
CTTGCACATTCAGGAT,350
GAATGCCATAGAGAAA,350
GACATACTGACTCTAA,350
TAATGAGCATATTTAC,350
TACGCAGCCGAGACTT,350
TGACAAGTCGTTGCAA,350
TGATTAACACTATCAC,350
TGGAAAGATGCTGTCG,350
TGGATCATAGGTAGGC,350
TTACGAGAGCGTGGTT,350
TTATTTACATATTTTT,350
TTTAGAATGTGTTGTA,350
AAAATTCATTTTCATC,349
AATATCGGGCCAAGCG,349
CATAACGATAAGCCAC,349
CCATTCGCGCACCGGT,349
CGTCAACGGAGCCGCC,349
CGTGGCATTATACACG,349
GAATGGAATCAAATGT,349
GGATTACGATGAAAGT,349
GGCTATAGGGCCGGGG,349
TACCGCAACCAAAAAC,349
TAGCGATCATCAAGAT,349
TATAATTTTCTCCCTG,349
TATCCGACTAAAAAAC,349
TCTCGTAAGGTAACAC,349
TGAATACCATTTACCA,349
TTCTTTCCACACCAAC,349
TTTATTGTCCGCATAG,349
AATTGATAACGGTGAA,348
ACATAAATTGATTATT,348
ACCTTGCGGACGCCCC,348
ACGAGACAGTAGCTGA,348
AGTTAAGGTCTTTGCC,348
CACAGCGGGGGAGCAT,348
CACTCAAACGCAATAA,348
CATCCATCATTATTAT,348
CGGAGGATAATAAAAT,348
CTACATCGTGATTAGT,348
CTAGCAACATAAGACT,348
CTGGTGACTTATGAGC,348
GAAATGCGGTAATTCC,348
TACTATCCGGCACTCC,348
TAGCGGAGCTGGAAAT,348
TATTCGACTTTCTCGC,348
TCTTCATTTGAGGCAA,348
TGGAGACAATTATTCA,348
TGGCGATTGCCGTAAA,348
TTCTCCGACCCGAACG,348
TTTTTCGAGCAGCCAG,348
AACACCAATAGTAGTT,347
AGCTCTGGTGCCTATC,347
ATAAAGACAATGGAGA,347
ATTATTGGATAGTTCA,347
CGAAAAACCGATTCGG,347
GCTATTAACTGCAAAA,347
GTTATGCAAGTGAAGA,347
TAATGATTAAATAATC,347
TCAAAATTAGGCAACT,347
TTATGATCAATTGATT,347
TTTAAATCGGAACCAA,347
AAAAGACCAAATATAA,346
AAGCCTTTATATAAAC,346
AATCAACTTTTTCTTG,346
ACGCTGTTTAGTCAAC,346
ATCGAAAACCTTGTGC,346
ATTATCAGGACTCTAT,346
CAGAATCTATCCGTAC,346
CAGATATAAAAAGCTC,346
CTACCTAAGACCTTCT,346
CTCTCCCGATATGAAG,346
CTTATGTGAATATAAA,346
GAAATAAGTTATATCA,346
GGAACCAGGTGACAAC,346
TAAAATGGGCAACGTA,346
TATGATGGGAAACATA,346
TCGACATGCTGACTAG,346
TGAACCGTTGCAGTCA,346
TGACACTAAGAATTGA,346
TGGAACAGAATTAGAA,346
TTCACCTTAGACCGTG,346
TTGTCAAGGAACAGTA,346
AAAATCATTTATGCAA,345
ACCATACACGACATTC,345
ACTACTCGAGAGTGCC,345
AGAAGGCTGCTAATGC,345
ATGGTTTTGCATCTCG,345
CAAAGAGGTGTAAAAG,345
CACACCTACCTCCCTA,345
CCGGCACGTCTAATAG,345
CCTGATATCGAGAGCC,345
CGCGAAAGGTAGGAGT,345
CTTAACAAATCTGATA,345
GAAAATATGAATACCG,345
GACAGACAGTAATTGA,345
GCGCCTTAACACAATT,345
GGACTACTAGATTATC,345
GGTGCAAAGAAGCGAC,345
GGTGTGCGATCACAAA,345
TAAGGAAATCCCGTTA,345
TAAGGCCAGTTAAATT,345
TCTAGCGTCAAGATAT,345
TGGATTAACATGAAAC,345
TTGTCCGAGATACTTT,345
AAAAAATAATGTAAAA,344
AATTCAACGAGAAAGA,344
ACCTGTTGACACGACG,344
ACTAAAGCCACACCGA,344
AGTACCTAGGCGAAAT,344
CACCAGGGTCGCAAGT,344
CACCGACTTCACACTA,344
CAGACACACGAACAAT,344
GATTGGTAAGGGACAT,344
GGACCCCCCAGCTCTA,344
GTAAGCATCCGAAGGC,344
GTTTACGAGATGACTC,344
TAAATTCTCAAAGGTC,344
TAACGAAAATTTCTGG,344
TATAAATGAGGTTACT,344
TGAGTACCAAGCATAT,344
TGCACCTAAGGAGTTC,344
TTAAAATACGTTCCAA,344
TTAATTTATTACGCCT,344
AAAAATATGCCTCGTT,343
AACCTAAAGCCACGTA,343
AATCAGACTAACCCTA,343
AGTACAGAAACTAGAG,343
ATACTAGTACTACAAG,343
CACTAAAGTGTTAATG,343
CCGACTAGAACATACA,343
CTAATACTACCTTTAA,343
GAGATACGTGGTATAT,343
GAGTCCAGACTGGCTA,343
GTAATGAGTACTTAGA,343
TAGACATGACATCAGA,343
TCAAGCTCACATTCAA,343
TCACCTACATTTGTTG,343
TTGGGAGCCCCAAATA,343
AAACCAGGAACAGACC,342
AACCAATACACGCGGG,342
AAGCCGATTCAATAAA,342
ACAGGTCTGAGAAAGA,342
AGCAAAAAGGCGCAAA,342
AGCCGCAACTACAGAG,342
AGTTCCCTTATTTGAA,342
ATAAAAAGAAGCTTAG,342
ATAGTAAAATGCACAG,342
ATCGCCTTTAGTGAAA,342
ATGACTGTCAGACACT,342
CAATGAAAAACCACTA,342
CAGTACCAATTTTAAT,342
GCAATCACGTGTAAGA,342
GGAATCAATGACTATA,342
GGCGAAAAAATACGGC,342
GGGATATGTTATGCAC,342
TAAAACCTAGACAAAC,342
TGTTATGGTGCCCTTT,342
TTAAACACGACTGCCA,342
AAAAACCCCACCGTAG,341
AAAACTTCGAACAAAC,341
AAACCAAAAACCATCC,341
AAATACGTCTACCGCA,341
AAGTATTTTCCCAGTT,341
AATTTTCATCCTTAGA,341
ACATCATGGTTGCCCT,341
ACTACCAAAACAATAC,341
ACTTCGCCAAACGACG,341
AGAAACCGAAAGTTGA,341
AGGGATGCCCTACGAC,341
CAGCCATAAGAACATA,341
CAGGGGCAGGTATACC,341
CATAGCGCAGTAATTT,341
CCTGTAATATGAGAAT,341
CGCTACAGGTTTCACG,341
CGTTCAAAAGGAATAT,341
GACATTCCCGACGAGG,341
GATCTTAGCACCACGT,341
GGGTTTATAATTTTTG,341
GTCAAACCAAAAATTA,341
GTGATAGAAGCATAAT,341
TAGAACACTTGAAATT,341
TATTGACGGGGCATAG,341
TCAGGCTTTAGTAGAA,341
TCATACTAGAGAGCAC,341
TCTAATAACTCACAGC,341
AAAACTAATCTGGAAA,340
AACGTAACAAGGCAGG,340
AATTAACAGGCAACTA,340
ACAGTTTATACCTGAA,340
ACTACTACTTGCTTTG,340
AGTCGGATAATCATTC,340
ATTGGATGCGTTTTGA,340
CAGAAAGTACGCAGAC,340
CAGCCAGACGGTCAGC,340
CAGGCGAAGAAAATAA,340
CAGTTTATGATTAATA,340
CCACACCAACTCTAAG,340
CCTGTCTCCCTTGAAT,340
CGTGACCTAAAAAGCA,340
CTTTATTAGATATGCA,340
GAAAGTCAAAGACGTT,340
GACAAAAGCTATACAA,340
GATACTATACGCTCCA,340
GATCGCTCTCCGAACC,340
GGGGGGTAAACCCGAA,340
GTCCCGACTGGGGTTT,340
TGAACTTCTACAATGA,340
TGCCAATACATGAATT,340
TGTAAAAGCGACAAAC,340
TGTACCGATTTACATT,340
TTCGTTCATATTAAAA,340
AACAGACGGTAATACA,339
AACCTCGACACGGGAC,339
AATAAGCAGGACTATA,339
AATGGACGTATATTCA,339
ACAAGCGGAGGAACAT,339
AGATATAATCCCGGTT,339
ATTAATATCTAAACTA,339
CAAACCAATCATGGTG,339
CACAGATCCGATTACG,339
CCAAATTCAGACCTGA,339
CCCTGGTTTTCTATGT,339
CCTTCGCAACTAACGC,339
CGTGAGCGATGACGAC,339
CTAAGCAATTCGTAAT,339
CTCCTACAGTATACCC,339
CTCTTATATCATTGTT,339
GACATATAGGCATTTA,339
GCACTTGGTATTGGCG,339
GGCTACGGTAGCTACG,339
GTAAAAAATATATATT,339
TCCCGAGAGAGCCAAT,339
TCGGTCTAGTCACAGC,339
TCGGTTGAGACCGGGG,339
TCTGGCAAACCAAATG,339
TTAAAACTAATGATAA,339
TTCCGAGAAAAATGTC,339
AACTAAAGACACATCT,338
AAGCGTGACGGGCCTT,338
AATTGTAGACCCTTAA,338
AATTTTATATCTCGTT,338
ACACCTAATCTGCCAG,338
ACATGCCCCATTAGGG,338
AGAGGAAACCTTATAA,338
AGATAGGAATCAAGGG,338
AGTTACTCTGAGTCAT,338
CAGACAGTATACAGAA,338
CATCAGACGATAACTG,338
CATCCCGTCCAAATCG,338
CCAAGAACGAGCAGTT,338
CGATTTCCTTGGATAG,338
CGTGGCTAAAATATGA,338
GCAAGTGTACTCATAT,338
GCCAAAACTAGACTTC,338
GGACTCGTTACACTGA,338
TACAGCTAAAAACGCA,338
TCATATAATTCGCAAT,338
TCTCACACAGATCAAA,338
TTGTAATCATGACAAT,338
AAATATCGACGTAGAT,337
AAATTCCACTTAGGCA,337
AAGTTCCAAGATGTAA,337
AATAAGTTACTCCCCT,337
ACCCAAATCCAATACT,337
ACCTATTCCATCCAGT,337
ACTTGCTTAACTATCC,337
ATAATTACGTGAAGCA,337
ATGCAATTCCGGAGTC,337
ATGTGAATGCCTTCAC,337
CAACAAAATCATCTAC,337
CCACACTACGACTCAA,337
CCATCTTTGAATAATA,337
CGTAATAATATTTATT,337
CGTACTAATCTTATGA,337
GAAATCAAATATTGGC,337
GCCACAGACACAAATA,337
GCCATTTAGGTACATA,337
GCTCATGAAAATCCGG,337
GCTCTATCAAGGGCGG,337
GTGAAAAAGAATACCC,337
TAGAAAGTTTTGTGAG,337
TATACACACTTGCCCC,337
TCACCGGTCACTGGGA,337
TCGTAAGTACGACCCA,337
TGAGCCCACGAATAGC,337
TTCAAATGGACTAGCG,337
AAAACCCCCTTAAACG,336
AAAGATGTAATTAGAA,336
AAATATAAATACAAAG,336
AACATCGCCTCTCCAC,336
AAGTTAAAGGAGGATA,336
AATACAGAGCAAGACA,336
AGGACTCTTCAATAAC,336
ATACATATGTAACTCA,336
ATATTTTATAGTCATA,336
ATTTGATACCAGCATA,336
CCACCTCCGTCAAAAA,336
CCGGAAATAACCCATA,336
CGCAAATTAGACAAGC,336
CTCAACAAACATATGT,336
CTGACCTCTAACAAAA,336
CTTGAAACAGTCGGTA,336
GAGTCCTTCCCGTCAA,336
GCCAAAGCCATCTTAC,336
GTCCAACGAAATTTCT,336
TAAAATTTATCAATAG,336
TACCGTTCCAAGCGTC,336
TATGGAACAAAATGAC,336
TCGCCCGGAAACGTAT,336
TGAGCCAATCTGGGGC,336
TGATGTACAGACCAAG,336
AAACTCCTAAACACCA,335
AAGTACATACGTCCTC,335
ACTAAAAGTCACAAAA,335
ACTACCAAATTCACAG,335
AGATACAAACTACACG,335
CAAACGATTTCGAGTG,335
CCAACAATGCTCTTCG,335
CCGCCGTAATACCATT,335
GAAAAACCGAAGTTAA,335
GAATAAGACCAAAGAG,335
GATCCATGGCATACTA,335
GATTGACTGTATTGAT,335
GCATACCGAAGTATTA,335
GCGACATCACGAGATC,335
GCTGGAATGAAAATTA,335
GGCTTTTAGGGCTGAC,335
GGTAACCGTTAAATTT,335
GTGCCAAAGGTTGGAC,335
TAAGCTACAGAGTCAA,335
TAGGAACTTTACATTC,335
TCGGTTAAACTGCCGA,335
TCTTATTATTGGTGAT,335
TGGCTGCATAGTTTTT,335
TGTCCATGGTATCCGA,335
TTAAAATACATAAAAA,335
TTTATGACGACAAGCA,335
TTTCGCGGACTCTAGC,335
AAAGTCCGAAGACTAT,334
AACTTCTTACTTAGGA,334
AAGAGTGGCATTACCA,334
ACACGCAGAACTGTAT,334
AGCGCGCGCCAATACA,334
AGGTATAGAACTCCTC,334
ATAACTTCGCGGAAGA,334
ATACAATCATGTAGAC,334
ATATATACTACCAAAA,334
ATCAGCAGATAAACTT,334
ATGCGACCTACTTTGA,334
CAAGAGATTTAAGATA,334
CATGTCTCCTAGTTCC,334
CTAAACAAAGATCTCA,334
CTAAGTAGTGATTACT,334
GCCATATAGCGGATAC,334
GCTGCATTTCTGTTCG,334
TAAATACGCCTTGTGA,334
TAACAAAGACTTCTAA,334
TCTCCCATGGGAAAAC,334
TTCTAGATTTTATACC,334
AAATGTTCATCTGAGC,333
AATACAGAACGAAACA,333
AATGATCATCGGCATC,333
ACCGGGAAAAATATGG,333
ACGCAGAGCTTGCGTA,333
AGTAGCCACCATCATT,333
ATATTTGATGGGCGGT,333
ATGCGGAGAATTCCAA,333
ATGGCACTTCGGATTT,333
ATTACAAAAAACCACA,333
CAAATCCAATTTCACT,333
CAGGCCGTATACTGGC,333
CCAAGTCTTAACAAGC,333
CCTACCAAGACAGTAG,333
CTGGAAAAAAACCGGA,333
GATGAGAGCGGTCCTT,333
TAAATTTTAATAGCAT,333
TAACCGATCTTTTTCA,333
TAAGGTACAGCTTCCA,333
TACGCTATATCTATAT,333
TAGTGGGCCCAATTAC,333
TATTAAATGGCGCAGT,333
TATTATGCAGAACCTC,333
TCTGCCAATCCCGTCT,333
TGGGAATAGCTAACAC,333
TTAAATAATCCAATGG,333
TTAGAAAAATTCAGAG,333
TTCGGCAAAACAGAGA,333
TTGCAGACCAAATAAT,333
TTTACAAGGGACCAGA,333
AAAGCCCTAAATCCAA,332
AAAGTAAATTACAAAA,332
AATTTCCAATAGAGAC,332
ACAAGTATTCGACACA,332
AGACAAGGTAACAAGT,332
AGGTGTACAGCAGATA,332
AGTCACGAACAAAATA,332
AGTTGAATTAGAATGT,332
ATGACTGCATGTGTCT,332
ATGTGGACACAAGTAC,332
CAAATCGACTAGTACA,332
CACACAAGGTCATGTG,332
CCGAGAAAGAATAATA,332
CTGGCATCAAACTCAA,332
GAAATCCCATTGACTA,332
GGTATCCAAGAAGCAA,332
TACCAGGCTAAACTGG,332
TCAATAGCTTTCCAGC,332
TCGCTTGCACGTTAAC,332
TGTAATAGAGTTAATA,332
TGTATAGACGTACCTA,332
TTCAAAACCATGGCAG,332
TTCAATCACTTTACCC,332
AAGTATATGACATGAT,331
AATATCGCTTCACCCG,331
ACATACAAAATCTTGG,331
ACATTGCGACGTGGAA,331
ACGCCAGCTCGCATAT,331
ATCAGATTATACTCAA,331
ATCGACACCAGAAGGT,331
ATCTCTTTATGCTGAG,331
CAACTTTAGTAGATCA,331
CACTTAGGGCCAGAAA,331
CCTGTGTTATTCGATG,331
CGAAAAGAAAATATCT,331
CGACAAAGTCGTCTAC,331
GCACCGCAAAATAAAC,331
GGCTTAACACGCATCG,331
TAAAATAATTGAAAAC,331
TAACATTCGTAGAGAG,331
TATCCACGGGAGTGTG,331
TATCGAGATGTCGCAG,331
TGGACTTGCGGTAGCC,331
TTAACAATATCCTGAT,331
TTACAAAGCGGCATAA,331
TTCACAACTCCCAGCT,331
TTGAGTGATTATAGTA,331
AAACCATATAACAGTC,330
AAAGTACAATGTCCAT,330
AAGATTTCTAGGATCT,330
ACAGATAATACAGCTC,330
ATAGTTTGACGGTTTA,330
ATGCATTGCTCCTGAT,330
CAAACTGCAAAGTTAA,330
CATTGCCATATACCTT,330
CGTATATTATACTTTC,330
CTTGCACAATGCGGTC,330
GAGCACTGCTCGTACT,330
GTTTCGAAGATTTGAC,330
TAAGAGTAAATATTCG,330
TACAACTATTGACGGT,330
TAGATACGATAACAGA,330
TAGCCCCAATTAAACA,330
TATCGACGGGCGCGCA,330
TCCAACAGCCAGAGCG,330
TCCTGTCAAATGCATG,330
AAATTAAGGGACACAC,329
AAATTAGCTACGGGCA,329
AAGAAACCCTTCGACA,329
ACAAATCTAGTCATTG,329
AGCTATGAGTAAAAAA,329
ATACACGAAGCCCAAC,329
CGTACCGAAGAAAGCC,329
CTCACGTAACTATATT,329
GACCTATAATCCACAT,329
GATCTTGGTAAGTAAC,329
GATTTACTTCATTTGA,329
GCTACGAAGGCCTAAT,329
GTCTTACCAATTGAAC,329
GTGTCTCCGAAATCCA,329
GTTGCAGATAGTTACA,329
TACAACGGACGGTGGT,329
TACAGCCACCGGCCTG,329
TACCAAGCCGACAAAT,329
TACGACACAGCAATTT,329
TCCGGATCTTTTGATT,329
TGCCGCATCATAACCA,329
TGTGCACACGCCGCAA,329
TTAATTACATAACTTA,329
AATAGATAAACAGTGA,328
ACATAGAAAACTTATA,328
AGATCCTAAACATCAG,328
AGCAAAGACATTACCC,328
AGCAGCATAATCCATG,328
ATATTTAACACATTTT,328
ATGTAACCTCACTCTG,328
CTACGAATTTAACTGC,328
CTCATTACCGTAATCA,328
GAGGGTTGATACACGT,328
GCACCACGATTTTCAT,328
GCCGGTAACCTTACAG,328
GTACCGCCACAAGATA,328
GTCGAACAAACGATAA,328
GTTTGTACCAAAGATG,328
TAAGGGAAACTTTTGG,328
TACGTTGAATCGATTT,328
TACTGGAAATCAATAA,328
TCTAATGCAACAACCT,328
TGAAAATCATGGTCAT,328
TGACCTCAAGACATCC,328
TGGTGGGCCCTATCAG,328
TGTGGCTACCAGTGTC,328
AAAAAATATCACCTGC,327
ACATTGCACCAATGCT,327
ACGTATCATATACTGT,327
AGATAATAGATTCATG,327
ATCGCGCCACTAGGTT,327
ATGAGGGAAGAGATAT,327
CAAAGATAATACCCAG,327
CACTAAACCCCGATTG,327
CCGCTATAACACATCC,327
CTCAAGGAAATACCAT,327
CTTAGTCGGTAGACAA,327
GGAACGATTATCACAA,327
GGCTTTGATGCTTTAA,327
TCAATTACATTGAGAA,327
TGCTCATAATGATAGT,327
TGTTATGAGTGACGCG,327
TTGACTCTAGGAAGAA,327
AAAACAATTAAGAAGG,326
AACGTGATTTTCTTTA,326
AATGATTAAATTGCAC,326
AATTCATACCGAGGGC,326
ACCAGTGAATGTCCAA,326
ACTGACGACGCATATC,326
AGAACGAAATTACGAA,326
AGGTACTTGTTTATGA,326
ATACCCCAATATATTA,326
ATATCCAATTAGCTCA,326
ATTTCCTATATGGAGA,326
CAGGAACAGAGCGTCC,326
CGAAACATGTGGCCAC,326
CTAAAACCCCCCATCT,326
CTGCTAGGGAGTAGAA,326
CTTAGCCATTGAATAC,326
CTTCGGACCAAATGAG,326
GACACCTACAAAAACA,326
GATTAAAAAATGAAAG,326
GCATTCAAAAAGACGA,326
GCTGTTCTGATTGACA,326
GGCCTAGACTTACTCA,326
GGTATTGAAAACATCT,326
GTTAAAAAGGGTCAAG,326
GTTACAAACTAAAGAA,326
GTTATATCATTGCGCT,326
TCGCATTAAGCGACGC,326
TGGAAATATCACTCAG,326
TGGAATATTTTGAACT,326
TGTTGCAAACCCCGAT,326
TTAAGAGTCTAACTAA,326
TTCCTACCACATACCT,326
TTCGTACTTACGAAGT,326
TTGCTACGATTCCGCA,326
TTGGAAAATAACACAA,326
TTGGAAACTACCAAGC,326
AAAACATACAAATATC,325
AAATAATAAGCCATAA,325
AATCAATAACGCTAAG,325
ACACTATCTTGATCTT,325
ACGATGAATAGCGGCT,325
AGAGTAGCAATCATCC,325
AGCTCACCTATAATGC,325
AGGGACATAATTCGAA,325
ATCAGCAGACTGCTCA,325
ATTGTAAGTAAAAATT,325
CGTGAGTTTGAAGGGG,325
CGTGGAAGCTGCAATG,325
CGTTCCAGCTTAATAC,325
CTAATGAAGAGAATAC,325
CTGGAGTTTTCTTCGG,325
CTGGGTGCACCAACCA,325
GACATCCAAATCACAA,325
GGATTAGCTAAGTAGA,325
GGATTGTGTAACCACG,325
TAAAAGGAAAATGCGA,325
TAACTGATATCTACAT,325
TACTTCAATACACCAC,325
TATCAAGCGCACTAGA,325
TTGAGCAAGTGGTCCT,325
AATGCAACCTACGGTT,324
AGAACTAAACCCTTGG,324
ATAAATCCACTCCGCT,324
ATAGTACCGACCCTTC,324
ATATCTCCAGCCACAA,324
CAAACTTCGCTACTAG,324
CACGAACAACCTATAA,324
CATACAAACACCATAA,324
CATACACACATCACTT,324
CCAGCAACTACTCAGC,324
CGAAACTTAGACTAAC,324
CGAGAGCATGCTGCTG,324
CGATCAAAAACCCCGC,324
CTGGTGCCACAAGGCC,324
GATGGCCATCTTTCCC,324
GCCTCCGCGAAAAACC,324
GCGATTAAGGCGATAG,324
GTGAATATTCCCCTCG,324
TACAGGATATGTACCA,324
TGCCTTATGGATCACA,324
TTGCACATGCCACAAG,324
AAGGTCTACTATATTT,323
AAGTACAATATCATAT,323
AAGTCACAACAGACAA,323
AATCGCACAGAACTGA,323
ACGATTGAAGGTCTCT,323
ACTCCGAGGGTACAAT,323
AGCAATACTTAGTCAA,323
ATACAATTCAGGAAGG,323
CAATTTAATGAGCACT,323
CACCGCTAGCTGAGCA,323
CACGCAGTAGATTTAT,323
CCTACAATACGCAATC,323
CTTACCTTTGATTATA,323
CTTTGAAATCCGCATG,323
GAAAATGACAACATGT,323
GACCAAACAAATATAT,323
GATCAGATGTAAACTA,323
GCAGCACCTAAGATGC,323
GCAGTGACTCAACCAA,323
GTACAAAATCGTTCAC,323
TACGAAACATACCGTT,323
TATGCTAAAAGTACTT,323
TCAAAAAATTTCTGAA,323
TCCACATATAAGTTTC,323
TCTGCTCCAGACGATC,323
TGACCATCCGCTGATA,323
TGACCGACCTATTTCC,323
TGTATATCGCGTGGTC,323
TGTCATTGTTCGTAAG,323
TTAATGACGCATATAA,323
TTATGAACAAAAACAT,323
TTATTAAGATCGCTCA,323
TTCACGGAGCTACAAT,323
TTTGTTTAATGTCTCC,323
AAAAGATGCCTAAAGC,322
AAAATTCGTGAATTGC,322
AAAATTGCAACACACT,322
AACCTTCGCTAGCCAT,322
ACACACTGACAGAACC,322
ACCATCTAATAACCTA,322
AGGACGAAGCCGAAGT,322
AGTATGGTAAATTTGA,322
ATAACAAAAACAGAAA,322
CAACCATGCTTGAATC,322
CAATAACCCCCATTAA,322
CACTGCTTCACGAGTC,322
CATTAAAGCGAGGTAT,322
CCAAACATATATAGTG,322
GCTGCATCTACAGGTA,322
GGAAGAATGTAGATCA,322
TAACAACGCCTAAATA,322
TACCTTGAACACAGAC,322
TAGCAGTTGTACCTTT,322
TATCAAAGCTGACTCC,322
TATCTAGAATTTGAAA,322
TCACCCCGAACAAGTT,322
TCCACAATCGTTAGGG,322
TGAATCTGGAACAGAA,322
TGTCAGTATTCATCAT,322
TTAAACTGAATGGCAT,322
TTAGTGAGGTAAAGAC,322
TTCTAAGTTAAACATT,322
AAACTTACAAGATAAG,321
AAATTTTTCCAGATAG,321
AACAGCAATATCCTGA,321
AACCGTTGACCCAATA,321
AATTATAATATCCGGA,321
ACACGGCGATGTTGAA,321
ACATTGAAGTCTCCAG,321
ACTAAGACCAGCACTG,321
AGAACAGACCACAAGC,321
AGCCCAGATTTATACA,321
ATATTCAAAAACGTGG,321
ATCAATAGAACAGATC,321
ATCGAGACATAACTCC,321
ATGCGTTTCCGTCCCA,321
ATTTGCCATGGCAAGT,321
CAAAGCAGGCGTGGGA,321
CAAAGGAACACCTTTT,321
CAAAGTAAGAATCAAG,321
CAAATCACGTGGCAGA,321
CACAGGTCTGGAACCA,321
CAGTGTAATTAAGGGC,321
CATAATCTCCTGCGAC,321
CATCCTTTGGTAATCC,321
CCATGATCGAACTGCA,321
CCATGTACCGCAACGC,321
CCCGACGACTTAGATG,321
CCCGGCCACAAGATCC,321
CGTGAGGATACATGAA,321
CTAATCGATTGCCGCA,321
CTTAGTAATGGTATTG,321
GAATTAACTGGTTGAA,321
GAGCACTAAAGAGCAA,321
GAGTAACTCAGCAAGA,321
GATACTAGCGATAAAA,321
GCACAGCGAGGCCTCT,321
GCTCCTTAATGTGAAA,321
GTGCATCTTAAGCACG,321
GTGGTATTTTACCCTA,321
TAATAACGTATAGGGA,321
TAATGAATGTTGCCAT,321
TATAAGTTATAATTTC,321
TCAAATTTATCATACA,321
TCAAGCTCTTCCCCGA,321
TCTAAGCGGATACACT,321
TGCTTTACCCATAACG,321
TTCCACGCGAATTTCC,321
TTTCTCAACTTACAAA,321
AAAAATCATATAGAAT,320
AACATGCGTATTGTGT,320
AACCAGAACAGCGTAG,320
AACGTTGTAAAATAGA,320
ACAAAAAAGATACTTA,320
AGAGACCCGAATAAGG,320
CAAGGATACAAAAAGT,320
CATAACCTTATTACCC,320
CATGTGCCGGACCTGT,320
CCAAAAACACCGACAA,320
CGAATTACAAACCAAC,320
CGGGAACTACAGGCTT,320
CTTCAAACCCAAGACA,320
GCAACTCGGTTCGAAA,320
GCCTAATACAACGGAC,320
GGAAGACCTACGAAGG,320
GGCGTAAAAGTGCGGT,320
GTCTTCGTAAGACGCC,320
GTGCTATAAATAATAA,320
GTTAGAGTAAATACCA,320
TAAACGACCATCTCCC,320
TAAAGTCAATATCTGA,320
TAGAATATACGAGACG,320
TAGCATACGTTTTCAA,320
TGATGAAAGTATGTTT,320
TGTACTACAGCGAGCA,320
TTGTGAACATCAGGTT,320
TTTCAACCCTCGCATG,320
TTTGTTCTGTTCCAAT,320
AGTCCTGTAAACACTT,319
ATAAATAGCCCTTTGA,319
ATATCTAATGTATACC,319
ATGAACTAGCAAACTA,319
ATTATTGATAAAATGA,319
CACCTCTTAGAAGCAA,319
CCAGGAACCATCTGCA,319
CGAAAGTTTTGATCTA,319
CGATACTAGCTAAATA,319
CGCCTCCGAGGATACC,319
CGCTAAGTAGTGCAAT,319
CGGGACGCCGACAGAG,319
GAGGCTTACGGAACCG,319
GATCGAGGTATAGTGG,319
GGCGATAACCCATAGA,319
GTCGGGGAACTTATTA,319
GTTTACGGACAATAAA,319
TAAAAAATGTCCTATT,319
TAAATAATATCAAAAG,319
TACTAAAACCCAGATT,319
TAGACTATTGATGGAG,319
TCGATTGGATCGAGCC,319
TGAGAATCACGCCGAG,319
TGCTCAGACCATCAAA,319
TGTCCTTTAAGAATAC,319
TTACTTTATGTTCAGC,319
TTGGTGTGAGAGTGTA,319
TTTGTGCTGCCAAATT,319
AAATGATATTTGATCA,318
AATATTCGTGCCCGTG,318
AATATTCTAGAAATCA,318
AATTGACGAGAGACAA,318
ACAAAATACTCCCCTT,318
ACCGCGCTTCTACGCA,318
AGAAAGATTGCGTCCT,318
AGCATGAATACGTACA,318
ATAATACAGACATACA,318
ATTCAATAATAAGTTT,318
ATTTCTACCCACAATA,318
CCTTATCATCTTGTAG,318
CGTAAACATACCACAT,318
CTGCGCCAAGAAGGGG,318
CTTTTAGAATTCTGAT,318
GACGAGTGCTCATCTT,318
TCCAAAATTAAAATAG,318
TCCACATTGCGGCACC,318
TCTATCACTCGCGTAC,318
TGAACGTGTAGAATTT,318
TGACATTCAAAAAACA,318
TGCATGAAGTCCGCCT,318
TGTCCTGTAGTTGTTT,318
TTAAAGCGACAAGAAA,318
TTACCAGTCTGAATTA,318
AAATCCAGTAAGCCCC,317
AATAAATCTTTAATAC,317
AATCGATGTACCGCGG,317
AATCTTGAAAAGATGG,317
ACTAGCGTATAGAACT,317
AGAACAGAAATGACAG,317
AGACCTGAACAAAAAA,317
AGCGGGGTCCTCAACC,317
CAAAAAGAAGAATTGT,317
CAAACTGATAACGCTA,317
CAACTCACGGGAAACC,317
CAAGGCATAAAGAATT,317
CATAGCAAACTCAAAC,317
CCAAGTACTAGCTCAG,317
CCACCCCAAGTGCTGC,317
CGATAGGGTTTTCTCC,317
CGGGTTTTCGGCAATA,317
CTGGAGACACGCGAAC,317
GACCAAAGCAAGCACG,317
GAGGATTCAACAGTAT,317
GCAAGGAAGGCATCCA,317
TAACACTAAAAAAATG,317
TAGAGCGCCGCCACAA,317
TCGCGAATTAGTTCCC,317
TCTATGATTTACGTCG,317
TGTATAAGGAGAGGGG,317
TGTTCGAGAAATTACA,317
TTATACGAAGACGGGT,317
AATTAAGAGCTGGCGC,316
AGACCATGCAGGCTAG,316
ATAATCCTAACTATCT,316
ATCCATACTGACAAAA,316
ATTAAGCTGTGAGCAC,316
CAGATGCTTGAATAAC,316
CAGCACCCTCGATTGC,316
CATAAAGATCCCCTAA,316
CATCTAGTATTAGCAG,316
CGTAAAAGTCTAAAAT,316
CTATTAAGATCTCTAC,316
GAAGAATAATTAACCA,316
GATAACAAGGGTAAAG,316
GCTTACTCAGATATAT,316
GGGTGTCATTACAAAA,316
GGTGATTATTATTCAC,316
GTACTTCACCTGCACT,316
GTAGCAACAAACATCC,316
GTCTAGACTACTAACC,316
TAACATAGCCGCGTAC,316
TATCAGCCAATAGAGC,316
TATCTGACCCGTCAAG,316
TGAATTCGAACCAAAC,316
TGGTTCTAAAAAGGGT,316
TTCAATATTAATCCAA,316
TTGCCGAGTTAGTATT,316
AAAAATTTACTAAATG,315
ACAGGCCATTCACCAG,315
ACATTGCACAGCCAGA,315
ACCTAGCTCTCCAAAT,315
ACTCAACCACCGTAAT,315
AGCGAAGTGAACATTA,315
AGTACAAATTCTCGAA,315
AGTACACAAAGATAGC,315
AGTAGTCCCAAAAAAA,315
AGTGTTCCGTAGTTAC,315
AGTTGTAGACAGACTC,315
ATACGGCACCAGTATT,315
ATCACTACTAAGGCAA,315
ATCATGAAGATTCTTC,315
ATTAAAAGAACCGAAA,315
ATTGAAATCATAATCC,315
ATTGTTGATAACGGGC,315
CCTACCCAGAGGGATG,315
CTACCGCCAAAACACT,315
CTTGGCGAGCTGTCTA,315
GAGTTCGAGAACCAAG,315
GATGGATACCAATACT,315
GGCTTCAGACAATTTA,315
TAAGCAGGGTATCTGA,315
TAGCCCTTCTAATATA,315
TGGAAACCTTTAGAGA,315
TGTAAGCATCGTTAGT,315
TTGGAGTAATAAGATC,315
ACCAAAGAAACCCACA,314
ACCATACCTAAAGCTA,314
AGAATAAACCTTGAGA,314
ATACTAAGTTAAGCAT,314
CAAATCAGAATAAGAC,314
CCTTCTACATAACCTG,314
CTGAAAGGCAGCCTGA,314
CTGTACGATCTTGTAA,314
GTAAGTAAAACTTACG,314
GTAATACGGACTATAA,314
TAACGTAAGATTGTCC,314
TCCTCAGTCTATATTG,314
TCTACCCAAGTACATT,314
AAACGATTGGCAAGAC,313
AAATAAATCGATTAGT,313
AAGCTAAGAAACATAT,313
AATAATATTATCGAAT,313
AATCACAAACGTGAAG,313
AATCGACATCAATATA,313
AATTATGAAAAAAACA,313
ACATAGAAACGTCGCC,313
ATAAAGCGAGAGATGT,313
ATCACGGATAACGGAC,313
ATTAAAACAGACCTGA,313
ATTCTCATCCAGACGG,313
ATTGAAAAACAACAAA,313
CAATCACGAAATCGCA,313
CAGAGGGTGCTTTCCA,313
CCACCATCCCCCGTTG,313
CGAAGCATCGTAGTAT,313
CGAAGCTATGCCTGAT,313
CGCTTCTAACCATAAA,313
CTATTCCCATGAACCT,313
CTCAAAAGCCCTCAAT,313
GAAATACCGGGGCGCA,313
GCGTTCACGCCCTGAT,313
GCTAATTGTAATATAA,313
GTAAGAAAAACCCGCC,313
TAGACCTAAATAAGGC,313
TCACCTAATGATCATG,313
TGCAGTCTATCTTCTG,313
TTGCGTTGCTTAATCT,313
AAAAACAGTGACCAAT,312
AAAGCAAGCTACTGAA,312
AACAGAAAATGTGCAG,312
AATCCAAGCCCAAAGA,312
AATTAGCAAGCCCGTT,312
AATTATTCACTAGTCC,312
ACAGAATGCCAACCGA,312
AGACGAAAAACAGCCA,312
AGATGCAGGCACAATG,312
AGATTGTATGAAAAAG,312
AGTCTAACAACCAAAC,312
ATACAAAGAAAGGAAA,312
ATGATAATCTTGTATC,312
CAATAGAAACGAATGA,312
CACCAATGAGATCGAG,312
CAGGAACAAACCGAAA,312
CATATGGATAGTGCCT,312
CATGATCTACACCATA,312
CTCTAATTAAACAACC,312
GAGTAAAAAAATCAAC,312
GGCTAAGAATACAGCA,312
GTACGGATTGGTGTCA,312
GTTAAGTATTCAATAC,312
TAAAGCTGCTGCAAAA,312
TAAGTCAGTCCTGATG,312
TTAATGTCTCTAACTT,312
TTAATTGGATATCATG,312
AAACTACATTGATCCT,311
AAAGCGGAAGCTCATC,311
AACACGAGATTAGGTT,311
AAGAAAGCATATGAAC,311
ACATGCTCTGAAAGGC,311
ACCAGTCCCATTCGTA,311
ACCGACACATCGTCTT,311
AGAGTACCACTGCGAT,311
AGCTGAAAAACCGCTT,311
ATCGACTATGCAGGAA,311
ATTAAAGTAACCAGTA,311
ATTAGCTGGGATTAAT,311
CAATGGCACAGTTTCC,311
CACAACCTTTTATGTT,311
CATCAAGTGTACTATT,311
CATGACATGATGTGTC,311
CATTAAACATGTCCGA,311
CCTAAGATCCTCTAAC,311
CTAATTCTACTAGTGT,311
GATTAAAGAGGGCGGA,311
GCAAGACGAACGATTA,311
GCCATATGAACATTAA,311
GGGACCTAGAATAAAG,311
GTATGATCAATCAAAG,311
TAATATGCGGAGGACC,311
TAGACCTAATGGACGA,311
TATAATTGACTTGACC,311
TATGGTATCGTAAACA,311
TCATGAGGGATAAAGT,311
TCTGGCCTCCAGATGA,311
AAATACGAAGTTAAAC,310
AACCTTTTAAAACCAA,310
AAGCAACAAAAGTGCA,310
AAGTTTATATCGGAGT,310
ACAAATAAAGCGTTTC,310
ACAGCGTGAAGTACAA,310
ACTCAATTCAATAACG,310
AGCACGATAGAGATTC,310
AGTGACACATTAAATA,310
ATAAATTGCCTGGTAC,310
ATCATCCAGCAAACTA,310
CAATTGCGGGCCTTAA,310
CAGTAACAAGCTCCAT,310
CCCCAGTCCTCCCCCC,310
CTCAGGTACAAAATGA,310
GAAAACTGGTATCTAT,310
GATAGTCGTCACCATG,310
GCTATAGGTCCTCAGA,310
GTTGAAATTTAGCATA,310
TATATTATTAAGATGC,310
TATCGTGTGGATCACT,310
TCTTTTCACAAATATT,310
TGAGAAAATAAGTTTA,310
TTAAAAATACCATTAC,310
TTACAACCCAAGGTAA,310
TTATATTTTAACTGAG,310
TTCAAACTCGACTCCA,310
TTGGGAGAGTAGTGGG,310
AAAGAATTGTTTAGTA,309
AAATACAGTATCAATA,309
AAGTACCGTCATTGAA,309
AATTCCAAAGTAGTAA,309
ACAGGCAATAATTAAC,309
ACTTGTCGGTAAGAAG,309
AGACTGAACTAGTATA,309
ATAGTCCAATGCACCG,309
ATTCGTTATATTAGGT,309
CAGACGTGGAAGCCGT,309
CAGATCTACGTAGAGA,309
CAGCTATTAGAACGTA,309
CCAATTCAGAAAAAAT,309
CCCATAATAGCGCGAA,309
CGAGAATAACGCATCA,309
CTACAATCCTCAACTA,309
CTGGCGATGTTACATA,309
GAAAAGCCTAATTACT,309
GAGAAAATTCACTTTA,309
GATCCCGAGGAAACCC,309
GCCATGTGTGATAGGC,309
GTGTGGTAGGCCCGGA,309
TAGAAAGATCAAAAAA,309
TAGCCTCCGGCTAAAC,309
TCAACCAGTCAAAGAC,309
TGACTATGATGCTGCG,309
AAAAAGCAGGGCCACA,308
AATTAATATCTTTAAG,308
ACCGATACTAGGTGAA,308
AGCGAAAAATAAAGCA,308
ATACAAGCTTATGCGT,308
CACTACAGACCCCGTG,308
CACTCACTTCGAAAGA,308
CCAATATTATGAAGAC,308
CTGACTGGCATTATCC,308
GATAGACCCTCGAGTA,308
GGGGACCTAGAGATGC,308
GTTTCCATGGTTAATC,308
TAACGAGCTCAAATCT,308
TACCTCACAGAAAAGA,308
TACTAGATAGGCAATA,308
TAGAACTCACAAAGAC,308
TATCGCGGACTGCCTA,308
TATGAGAATTTCCGAA,308
TTCATGCATCTTGCTC,308
TTTTAATTCCCTCAAA,308
AAACTGAAGTAATTAT,307
AAAGTTACTTCTTGGT,307
AACCAGAGATTTAGAT,307
AAGAAAGCCTACATCT,307
AAGTAACCGTATTTCA,307
AATTGATTATCCTTAG,307
ACAAAAATTGAAATTG,307
ACAAAGTCACAACAAA,307
ACGGAACTATATGGTC,307
ACGTAGCTCTTTACTG,307
ACTATGACCACTCACC,307
ACTGGTGGACGATATA,307
AGAACGGTATATATGT,307
AGAATAGAAATAGATC,307
ATGCAACCTTCTATAG,307
CAAATTACACTGATAT,307
CCACTACCAGTGTAAC,307
CCCACATAGGAATTAC,307
CGTATCCATGCTCATG,307
CTAGAAATAAGGAAGC,307
GACCACGATTCTATCA,307
GACTGCCAGACTAGTC,307
GACTGGCCATAATAGG,307
GATTAGCAACACAACT,307
GCACAGACAACGCCAC,307
GCGGCAGACTCAATTC,307
GCGGGCTAGGTTCGCA,307
GCTAGATCGTCAGACG,307
GCTCTCAAATTCACCG,307
GTCTCACTGAGTCCTA,307
GTTCGACACAACTCAG,307
TACAAAAATCACATAA,307
TACTTAGCTCGAGGGT,307
TAGATAGAGCAAGTTA,307
TCGGTGACTTACCGGT,307
TCGTCTCAGAAACCAG,307
TGATAAAAATTGTGTT,307
TGATGCAAATAAGTAT,307
TTCACAGTATCTAAAC,307
AAAAGCGTTAAATGAG,306
AAAGCACTGTTCCAGT,306
AAATCCTAATCAAACA,306
AAATGAGCGGCCATAT,306
AAGAATGTTCGACTCG,306
AATTACGCAGCTAATA,306
ACAAAAATGTAACCCA,306
ACGAGAATTTTTATAG,306
ACTATCCAAACGAACA,306
AGAAGAAATCAGCTGA,306
ATTTTGCTCTCTCGAG,306
CACTACCTATGCGCAG,306
CATAGTTTCAAAGCTG,306
CCTTGACAAGGCCGAA,306
CGAGTTCCTAAAGAGA,306
CGGAGCAACTATGCTT,306
CGTATCAGTCAGAACG,306
CGTCTATACGCAAACC,306
CTGTCGAAAGCACGCG,306
GAGACCGATTGAACTA,306
GCTATCTACACGTACA,306
TAAATCATACGGGATG,306
TACGGTCTACACTTGT,306
TAGTTCTAGGAAAAAA,306
TATCCTAGTGCCACTG,306
TCAACTAATAATTTCT,306
TCTGGCAAGCGAATTG,306
TCTGTGAAGACCGGTG,306
TGACTCATGGGAGCAA,306
TGCAAGAAATGAATGA,306
TGCTAGAAGAGATGAG,306
TGTAAATATCATTCGT,306
TTACGCGATAAACCTA,306
TTTTGTGCTACGATAC,306
AAAACCCTGCACTAAA,305
AAAGTACTACGAAAGG,305
AAATGGAAACTACCTG,305
AAGCTTAATTTAACTA,305
AATACTTCTAATTCCA,305
AATATCTTAAATACCA,305
AATGAGAGACGTATGG,305
ACATTGCCGAACAAAA,305
ACCAAGGAGATTTGTC,305
ACCAGTGTGATTCCCT,305
ACGATGCGGATTCATA,305
AGAAGATACAATCTGA,305
AGATATTTGGAAATAC,305
AGATGACCTTCGATCC,305
AGCGGATGGCCCCCAA,305
AGCTAGGCATTTCCAG,305
AGTAAAATGCGCGCAT,305
ATAATAGCATCATTGT,305
ATATATACCCCATCAG,305
CACCTATACCACTTAG,305
CATTTACCCTCCGAGG,305
CCACGATGTAAGCTGT,305
CTCTGAGACATAATTA,305
CTGGAAATTCAGCAAT,305
CTTATAAAAAATGGGT,305
GAAAAGAGTTTTAACA,305
GGGGCTCTCGCTAACA,305
GTTCGCTATATAATGA,305
GTTGTCAACACGACCC,305
TACTTTGCTAAGTTCT,305
TAGCAACTCAACGAAT,305
TCAATTACTTGTACGA,305
TGAGTAAACCGAACTC,305
TTTGTATTACCGATCA,305
AAAAGGAAGCATATTA,304
AAAATGTCATGCCGCT,304
AAACCTTTCGAAGGTA,304
AAGCACGATCAATTAA,304
ACACCAAGCTGGCTAT,304
ACAGACGCAAAGTCAT,304
ACCGCCAAATAGTAGC,304
ACGACCGTAGGATATT,304
ACGTACTATAAGAGAG,304
ACTGTAGAAGGCGCAG,304
AGAAAGGAATTTACCA,304
AGCACGCTTTTAAGCG,304
AGGTAATATTTCGGTA,304
AGTGGTACCCGTATTA,304
AGTTAACCAAAACATT,304
ATCACAATGTACCATG,304
ATTCCGCCTTAATTCA,304
ATTGGGTAATCTAGCT,304
CAGCTAATGATGAGCT,304
CAGTAGACGAACTGCA,304
CCGAGTTAAAACCAAC,304
CGATTACTTTCCAACA,304
CTAAAACAAAATAACC,304
CTAGTATCAAGCTAGG,304
CTATAAACAAGTAATG,304
CTATAATAGACCAGGA,304
CTATACAGACGGCCTG,304
CTCAATAGTCACGAAT,304
CTCACACTAGAACGTA,304
GACGGATTACCAATAA,304
GGGACAATGAGTTAGC,304
GTAACCACCAAGTCCC,304
TACACGAACTAGCACA,304
TAGCTGACAACCAGTG,304
TATCAGACGTGCTAGC,304
TCACTACCAGACGATC,304
TGCTGGAGCACAAATC,304
TGGTCGCAGCGTAATT,304
TGGTTATCAAGAAGAG,304
AAACTATTTTATTTAT,303
AAATATAACGCTCTCA,303
AAATATTGCGCCAAAC,303
AAATCTTACCCGCCCT,303
AACATCTATAAACTCT,303
AACATTGAGAATAGTG,303
AACTAGCATGAAATCA,303
AATGACACAATCCAAT,303
ACAATCTAACCGAGCA,303
ACAGATAATATATAGT,303
AGAAACTGACCCCCTC,303
AGCGTATGTATTCCCT,303
ATAAATTATACTCACT,303
ATAAGACCCATAATAT,303
ATGCCTGAGTGCTCCT,303
ATTGCCTGACATCCAC,303
CACTTGCACAGCGATC,303
CAGACCTGCATTCTCA,303
CAGTACTGTAACACGC,303
CCACTAGCCACAAGCG,303
CCGGATACGGCACAAA,303
CGGACACCACACGTAT,303
CGTACGTATAAAACCA,303
GAATAAAAGACACTCT,303
GAATCAAAGCCCCCAG,303
GACCTGTATATAACAA,303
TAAACATGACACCTGG,303
TAACTTGAAGAGGTCG,303
TATAAGCAAAGTAATT,303
TCATCGTAGAGCCTAT,303
TCGTATGACTGAAAGC,303
TGTGCAAATTGCAAGT,303
TTCAAGACAACCAATA,303
AACTTGAGACCTCAGG,302
AAGTCTGCTATCTCTA,302
ACTAAAAATTAAAAAG,302
AGTTTAGATTTAAACC,302
ATATATCCTATCCAAT,302
ATCCCAAAAAAGAGTG,302
ATGAAACCCATCTACT,302
CAAAATGCAATATATC,302
CACCTTACAAATCGTA,302
CATACCCACCTGTGAA,302
CCCCGCACATACGCCC,302
CTCGTAGTGCAGATAG,302
GAATGGGCTGTTTACG,302
GACATAAACCGTTCCT,302
GACCTGCCTATATAGA,302
GAGCAAACCAAAAAAC,302
GAGTTGGCCAAATCGA,302
GCAAATGCTAATACAA,302
GTGGTAATTACGCCAA,302
AAAAAGCGAAATATAT,301
AAAGATAATTACAAGG,301
AACAATAGTCTATTAG,301
AAGCAATAATTACATA,301
AATTCCTCACACGAAA,301
AATTTTGAGGACCGGA,301
ACAGAAAAAAATTTTC,301
ACATACCTTGTCGAAT,301
ACCAAGTATTTGCCCC,301
CAAAGTTAATCTGGCA,301
CCAAATCGTCATGATG,301
CCAAGCATAAGTATCC,301
CCATTAGGCGTCACCA,301
CCGATCCCACGTTTAT,301
CCGGGAAGACAACGGG,301
CCTAACCAATCAATAC,301
GGCGGCCACTAAACAA,301
TAATTAAAAATAGACA,301
TACATGCTGATAAGTT,301
TCGGCCTTATAGTAGA,301
TCGGGAGAACTATCAT,301
TCTCGCGGATATGATG,301
TCTTACTAGAATAATA,301
TTAAATGTGCTAATAG,301
AAAACCGTGAATAACT,300
AAACGTCTCTCCACTG,300
AAGAGAGATCAGACCT,300
AATAGTAAAGTAGAAC,300
ACCAAGAAAGGAAGAT,300
ACGAGTAGGCCTTGAT,300
ATAACACGTCGAACAC,300
CAAATATTATGCACTA,300
CATTCCCATAGAACTA,300
CCACCTTGCCCTACTC,300
CCATAAAAATGCACAA,300
CCTCCCCAATGTGAGG,300
CGCACACACCCATAGA,300
CTTACCAACAATTGTC,300
GAATAATCCCTCCTTT,300
GACCATAGTTGACAAA,300
GACTGCATACCACTAA,300
GAGATATACCCGGTTA,300
GATTATGTACAGACCA,300
GCACATGTTTAGAACA,300
GCATCTCAATTTGTAG,300
GTAAACAAGAACCATG,300
GTAAAGCAACAATGCC,300
TAATAAGATTTCAAAT,300
TAGGACCCATAAAGGC,300
TCATAACTGCAGTCCA,300
TGAAAAGTATTCTATA,300
TGCAGCAGGAGATCCT,300
TGTAGTATCTTATCAT,300
TTATACAATACACCAA,300
AAACAGAAAATAAATA,299
AAAGCGTGGGCTAAAT,299
AACGAACAGCACCCTA,299
AACGCAGTATGTTGGG,299
AATAAACTAAATACTA,299
ACAAACGTGCCGAATA,299
ACGTCAAGGTCGAAAG,299
ACTTGAACGATTGTAA,299
AGATGCAACCAAGATT,299
ATCATAAAGTGCCCTA,299
CAAATTATGAGTCACA,299
CAACATAGGCTAATTC,299
CAATCAGGACTAGATA,299
CACAAGCCTATCCGCA,299
CCAGTTAGCAAGCTAG,299
CGAAAAAGCATCCCAT,299
CTATATTAGCAAAAGA,299
CTCAATCCCTACAGAA,299
GAACTCACGGCAAAGG,299
GCGACAACTCAGGCGA,299
GCTAATAGGAGACATA,299
GCTCGGTTTGAAGTCT,299
GTCACCCGCAGGTACA,299
TAAGGGCACAACCTCA,299
TAAGTCCTTTCAGGCT,299
TAGGCACCGATCAAAA,299
TCGCACTGAGCTATCC,299
TCTGGCACCATAAATT,299
TCTGTAACCCCTTGCA,299
TGAGATCTTCAAAATA,299
TGGTCTAAGGTATTGT,299
AAACCCTTATAATCTA,298
AAATGTGTCAAACACG,298
AAGATTGCCGGGACGT,298
ACGCTTAACATAATCC,298
ACTACGTGCGATACAA,298
AGAACAAAAGCAAAAT,298
AGACCAGCAAGAGATT,298
AGGATAGCAAAACCAA,298
ATAGTAAATAAGACTA,298
ATATAAAGCCAGCTCA,298
ATATATTTCGGATAAG,298
ATCGATTCATTCGTAG,298
ATTTATCAATAGTCCC,298
ATTTGAATTAATCCCA,298
CAAATCTATAATTAAC,298
CAGCTAAAAAAAAGCA,298
CCAATACCCCTACTAA,298
CCCACTTCTACACTAA,298
CCTGCCCCGAACAGAC,298
CGGTTAATTATAATAC,298
CTATCATTAAAAAATT,298
CTTGACCTTTGGGTAT,298
GCCCCAACCATTAGCA,298
GCCGATAAAATCCATA,298
TACAATTATACCTCAA,298
TACAGCGAACACTCTT,298
TCAAAATGATGCTATA,298
TCGGAAGCAGAAAGTG,298
TCTACAATATCCCTTG,298
TCTGCAAGTATCCACA,298
TGATGAAATAAGATCG,298
TGCGACAGTAAGTAGG,298
AAAATCAAAACACTTT,297
AAACATACCAAAATGT,297
ACGATTAGCAATTAAG,297
ACGTTATCACAGAGTG,297
ACTTTTGAACGTACTC,297
ATCACGTTATGAACCG,297
ATTATCAACATGCTCT,297
ATTGCACTCGTACTGC,297
ATTGTCACACATAGTC,297
ATTTATACTCGGCTCG,297
CAACCCACCCATAGAT,297
CAACGCTTCTTAGGAT,297
CACATAACACCCATTA,297
CCCATGTCTCAACATT,297
CGCAAAGCCTAATCAT,297
GAGTTTTATTAGCAGA,297
GGATCTATTCCGTCTA,297
GTAGACCCTAAGACAA,297
TACCTTTTCACAGGGA,297
TACTAGGCAAAATCAC,297
TGTCATCAGAACCAAC,297
TTTCACCTTTAAACAT,297
AACAATGAATATGCAC,296
AACTTTGATGCCAAAA,296
AATAATGCGACTTCTA,296
ACAAAATGTTTAGTCC,296
ACAATTAAAAAAGTAG,296
CAATCAAGATATACAC,296
CACCATAAGACGCCCT,296
CCACAACGATAAACAG,296
CCAGCATAATTTCCAG,296
CCTTGAGTTTAGTGAA,296
CGAGGAACTACAAACT,296
CTAAGCACACACTTAG,296
CTACGAATGACTCACG,296
CTCCTATGGTCAAAGT,296
GATAGACAATAACATA,296
GGGAGAGGATCTAGCG,296
GGGATGAAATTAAAAC,296
GTACACGTGAAGCTTT,296
GTGATGCTTCGAAATT,296
TAATGAAACCAGGACA,296
TAGGGAATAATCATAA,296
TTACTCCTTAGCATGG,296
TTCCGGCTCATAGACC,296
AACATCTGCCAAAACG,295
AAGGCAATAACCTAAG,295
ACAAAAACATTTCAGT,295
ACCGTGTCTACTTAGA,295
ACGGAACCTCGAGTTC,295
ACTGTGTTCAAAAACA,295
AGATTGCCAGCTCATT,295
AGCTCTTAGTAAAATA,295
AGTGTAATCCTGTCCA,295
ATATAATTACCTATAC,295
ATCTACATTCTCGAGA,295
CAATCACTCGCGCTAA,295
CAGCACCCAGATAAAA,295
CAGCAGGCACCAGACA,295
CATGCCGATATTAGTA,295
CCGTCAATAGACTCAA,295
CGAATATAGAGGCTGG,295
CGATCTAAGGTCCATT,295
CGCCAAGTTACAAAGG,295
CGGAGCTCCGGATGGA,295
CTCTTTAGGTAATTCC,295
CTTTCAATCAGCGCGT,295
GAAAGACGAGAATTTA,295
GAAAGGAAAAACCCGT,295
GCTCCTGATTACTTGA,295
GGTGAGCCACCTCAAC,295
GTACACAAACCCAATA,295
GTCGAAGTAAAGCAAA,295
GTCTGACAGCGGCTTG,295
TAACAAGCATCCATTG,295
TAACATGATTATACTT,295
TAAGAGGCTTGAAACG,295
TACGTGTTAGACGTAA,295
TAGAATAATAGGGAGG,295
TAGCGTATGTCACTGT,295
TCATCCCGCCTTCTAA,295
TGTGCGTGTACGTGAA,295
TTACAACTATTTAAGC,295
TTCACATAACGATCGG,295
AAAACAATCTCTATAA,294
AAAATACTAACGAGGC,294
AAATGTTATTCATGTA,294
ACCATACAAAGACAGT,294
ACCCCTATAATTCTTA,294
ACTCAAAGAGAGGATT,294
AGCAGCGTTACAATTG,294
AGCTTGCTCCTCACCT,294
CACAGCACGATGTTCA,294
CAGCTACAAAAAAGAG,294
CATAATTTCACACAGG,294
CCATATACCTTATGCG,294
CGAACGAGAGAAACAA,294
CGTTTTCCTTGTAGTT,294
GAAAATAACCCGAGAT,294
GACGAATATCCCAACC,294
GGCTGCCCTCACTATG,294
GGGACAAGACGCAGAA,294
GTGAGCCTACCAAGAA,294
GTGATCCTAGAGATGG,294
TACAGATTGAGGAAAA,294
TCAACGATAAACATCT,294
TCTAGGAGTTAGTCAA,294
TGAACATCCAACGTTG,294
TGAAGTGCAAATCTCC,294
TTATAAGGACCGAATG,294
TTTCACACGCTCCGCG,294
TTTGAGATTACTACCA,294
AACATATTCTATTTTT,293
AAGAAACAAATAATAG,293
ACATCTAATATCGATA,293
AGACGTGATACTCGAA,293
ATACGTTCGAGAGCTT,293
ATAGCGTTTACACGCG,293
ATATTATATCCACCAA,293
ATCTGCTATTTGGCAT,293
CAAACCGACTAATTGA,293
CAACTCATGTTCATAA,293
CAGGGATCATTTAGCA,293
CCATTGCACCCTTTTA,293
CCCCCGCAGCCACCAA,293
CTTTGTCGAATGCCAT,293
GACTGTCTAGTCATAC,293
GATGTGATCCTTGGAC,293
GGCTATATAGACTACG,293
GGTTGGATAAAGGTTA,293
GTGCACGTACAGACCA,293
TAAGTATTCTTAAATT,293
TACACAAAAGTAACAT,293
TAGAGTCAAGTATGAC,293
TCAAGCTTGATTGATA,293
TGCAAAAAAATCTCCC,293
TGCCGTAAGATTTCCA,293
TTTTAGCCCGATAAGT,293
AAAATTTTACAGCTCA,292
AAGAAAAAAATGCTAT,292
ACAAATAACAAGTGTT,292
ACCCCATGTTTAGAAC,292
ACTGGGAGTGAACAAA,292
AGGACGGAAAAGCGCA,292
AGGTAGTAATCCAAGA,292
ATATGCGCATCGATTA,292
ATTTTTACACATAGAT,292
CAATATCAGAGTAGCA,292
CATGACATAGACCGAC,292
CTACAACTGTCTGTTA,292
GAAATGGTTGAGAACC,292
GACACTAAGGGATCAC,292
GACATTACACCGTATG,292
GCATTAGTGGGCCCGG,292
GCGAGATTATGCCGCA,292
GCTTCATAGAAGATCC,292
GTCGATTCGGAAAGCA,292
TATAGATAACCCCGTC,292
TCAATTCTAAAAAATA,292
TCTCTTATCATCCCAT,292
TGAGATTAGCCCTAAA,292
TGGCATGGTAACACCA,292
TTATCACGTCACGTGC,292
AAAACGTGTATCATGA,291
AAAACTTCTTGTTGTG,291
AAAGTACTAAAGTGCC,291
AAGTATATCAAAAAGA,291
ACTCACCATAGCAAAT,291
ACTCTGTATCCTGTTA,291
AGGAGACCGAATCCTG,291
AGTGAAGAAGCGACTA,291
ATACACACCTCGATCA,291
ATTTACAGAGGGAGAT,291
CATAACAGTAATTGGC,291
CTAAGCCTAAATTACC,291
CTATACCTTACCCGTT,291
CTGCTCCCGAAATAAG,291
CTTGGCATGCAAACGC,291
CTTTTCGTTGATGCAT,291
GAGCTTCCGATCTTCG,291
GATATCATCGCCTAGA,291
GCGAAAAACATAGTCC,291
GCGCTTAAATCCGGAT,291
GCTCATCAGTTTCTCT,291
GGAAAAATCTTGGATA,291
TCAGAAAATTACTCAG,291
ACTGAAAGGTCACGAG,290
AGAAGAATACTGCTGT,290
AGAGGATGTGACTGCG,290
ATAAGAGATTCCAGAG,290
ATGGACATTGAGGTCT,290
CAAAAGCACGTATTCA,290
CAAACTTTAGTTTGAA,290
CAACAACTCTTGAAAC,290
CATCTAAGACGAATAT,290
CATGTGGACGCTAAAG,290
CGAAATCTGTTCGCAG,290
CGGTTACAAGTGCGGA,290
CTACTTTCGTATTTGA,290
CTCAATAGCCTGGCCC,290
CTTACTAACTAAAGTT,290
GCATGTCTACCAGGTC,290
TAAAAAAATAACGGGC,290
TAGTAACAGAGGTTCA,290
TCGAAAAGGTATGAAT,290
TCGACACAAGGAGCCG,290
TTATATTCAAAGCATC,290
TTTCATTTGACTATGA,290
AGAGATGAGCCGTTGA,289
AGCATATTGCCTTCAA,289
AGGTCAACTTCATGGA,289
AGTACAACAATTATTC,289
AGTGCGATCTGACACC,289
ATAGCATAAGGGATCG,289
ATCCGTCATTAACTCG,289
ATCGTAGATAACATAA,289
ATGAGAATTAAATTTG,289
CAACCCCCACATACAC,289
CAGATCCGAGACATAA,289
CCCACTCAAGGCTAGC,289
CCCTATATCGTAGGCA,289
CCTCGGGAATTTACGC,289
CGGCAAACTAGATAAC,289
CGGCCTTAAGGACGAC,289
CTTTGAAGTTGGTCAG,289
GAACAGGCGCTTGTCA,289
GACATAAACCTTGCCA,289
GACGTATGTCATTCCC,289
GATCTCCTTGTAGTGC,289
TATGACAATTTGCAAA,289
TGCGTTAACTGTATTT,289
TGCTCGATCGGATTAT,289
TGCTTTAATTCTTCAG,289
TTTCTGAAGCCCTTAT,289
AACGAAACAAGTTTCG,288
AACTAACTACCACTAT,288
AAGCACAGGCCAACCT,288
ACAGAATGCAGCTGTT,288
AGGAGTTTAGCGCCAA,288
AGTTGAATATGAGGCT,288
ATTCTAACTGAGCGGG,288
ATTGAATCAAGCCTGG,288
CACTCTATTTGGGTGT,288
CCAGATAACGCTGGAG,288
CCGGCCGTGAGCGCGA,288
CTGAAATTATACTAAT,288
CTGTTTAAAAGTACCG,288
CTTAAATCATTAACTC,288
GAATTAGAAGCATACA,288
GACAAGGCTACGTCAG,288
GACATGAATCTGGACT,288
GAGAATGACGGCTCTC,288
GCAACTTAGAGACGTC,288
GCGTTACGAGACAGCA,288
GTACTGATACAATAAT,288
GTGAATTGCGCAATGA,288
GTTGACACACGATAGT,288
TAAGAATATGGTCAAT,288
TAATCGAGAGAGTCAA,288
TGACTCACAGGATTAA,288
TGCATGATACAGACAA,288
TGCGTAATTGTATCCA,288
TGGTAGTAATAGCCAC,288
TGTAGACAAAGCTTAC,288
TTTCTAGCGATCGGAA,288
AAATACAACAGACAAC,287
AATATCCCATGTCTAG,287
ACATAGACAGTGCTTT,287
AGAGAAGGAAGTATTG,287
ATAAGACTCGACATGT,287
ATGTGAGAATGAATAA,287
ATTATGATTTATATAC,287
ATTTAACATCTAATAA,287
ATTTCAACTCCGAGTG,287
CAAAAAATACATCTCG,287
CACAGACGTAATATTT,287
CAGGCCCCTAAATTTG,287
CCAACCCCACCCACAC,287
CCCGAAAAGCCTAAGC,287
CCGTAAAGGCCTCTAT,287
CCTCACAGTAAGCCGA,287
CGGAACCGTGCAGCCC,287
CGGATGACTGACCCAC,287
CGTATGTGCGGTCCCC,287
CTCCCATAATTTAGCA,287
GGATCGATGAAAATGG,287
GGGAGAAGCTATCTTA,287
TACTATCAAGAAAGGC,287
TAGAACACCCACAAAT,287
TATACAATGCTGCTCT,287
TCTACTCGAAGCGGCA,287
TTCTTTGACAAAACGG,287
TTTATAAATCTATGTG,287
AAAACATCAATTGACA,286
AAACTATGTTCCCTTA,286
AATCACGCTTCTAATA,286
ACCCCCTCCAGACCGC,286
AGTCCCCTCGACAATG,286
ATACAAATACTAATTC,286
ATTTTCTCACATGATA,286
CCTGATTCCATACCGC,286
CGAACCTATATCCACT,286
CGGACAGGATAACCCG,286
CGGATTTGTATGATCG,286
CTAAAAGACCCGAGTG,286
GAAAAAAGTATGATCA,286
GAAACTAGTCATCTAA,286
GCTGCCATTCTACTCA,286
GGAGGACTAACCTACA,286
GGTAAACATTAAATAG,286
GGTGGCATACACAGCT,286
GTATGAAACTCAACAA,286
TATGCTAACTACTACC,286
TCGATGGGCTACAAAA,286
TTATTTAGATATAACT,286
TTCACTTCAAGACTGG,286
TTCTATAAGATTACCC,286
AAACGTCGAGTCTAAA,285
AACCGCTTAATGATAA,285
AAGGGTTTCTTCTTTA,285
ACACGCGTCCGATTAA,285
ACGTAGCCTCGAAAAA,285
AGGACCAGAGTTGGGG,285
ATAAAACTTTTACCAA,285
ATAATATCTATTCGTT,285
ATCAAAGTTATTCCAG,285
ATTAAACGAACCCATT,285
ATTCTACAATACTACC,285
CACAGCGCGGATTCTT,285
CACTAAACTATCAGCA,285
CATTTAATTTGTATCC,285
CATTTTGGATATTAAC,285
CCATAAGCAACATTAA,285
CTAGAAGATCGCACTT,285
CTAGATAAACTGTATT,285
GAAACTAACAAAAATC,285
GGTAAAAACCTATACA,285
GTCCACCAATTGCCAG,285
GTCGAACATCGGGCGA,285
TAAACGTTCAATCATA,285
TCTCGGCTTAGACAGA,285
TCTGCAACTAATAATA,285
TGCTCATCTCATGTCC,285
TGGACCCTCCAAGTAA,285
TGTGGAACACGTCAAA,285
TTGCACCTGAACTTTA,285
AAAACACATTTTAACG,284
AAAACACCTCCGCTTG,284
AAACACCTACGAAGAA,284
AACCTACGCGGCCACA,284
AATACTGCGACCCTGA,284
ACTGCCGGACATCAAT,284
AGAAGCACGACGATAC,284
AGCGGATGGAACAAAA,284
AGCTCAAATTCGATAC,284
AGTTATACTCCAATAC,284
ATAAAGTTTCGACCGG,284
CAAAGAGTGCAGATGA,284
CAAATGCAATAAAGAA,284
CAATTAGAAAAAAATG,284
CACATCAAATGGGGAT,284
CATACAATCGAATTGA,284
CCCCAGCTATGCCTAT,284
CGATATCCTGCAGGAT,284
CTACCATACTAAACTA,284
CTCAGGTATGAAATCG,284
CTCCTAGAAAATATAT,284
GACCACTGTAATCATT,284
GAGACGAAACGTTATC,284
GGCTAGTTCTTCGCAT,284
GGGTGAATCTTACAAA,284
TAAGTAATAATACATG,284
TACAATACAGTAACGA,284
TATCAGTACTGACCAT,284
TCAACACAAAGAAGAG,284
TCTCCCGTCGAAAAGT,284
TCTTCTAATCAACCAT,284
TGCAAAACGTTACACT,284
TTCTGAACCCAACTTA,284
TTTCGAGAGGTTAACT,284
AAGACCGCAAAATCTA,283
AATAGAGGATATTGTT,283
AATTTTGATTAATGGC,283
ACCTTTTCACACCTCT,283
ACGAAGTTATCTGCAC,283
AGACACATTTCCCTTC,283
AGGTCAATGGCAACTG,283
ATACAATAACGGTTAG,283
ATAGTACCTTATAAAA,283
ATGTCAGAAAAAACCC,283
CAACTCAGAGGATGAG,283
CAGACAGCGCATGGAT,283
CCGAAATGTGTCTATT,283
CGATTTATGCATTCTC,283
CTCTAACGCTCATTAG,283
GAACGCAGCACATACA,283
GATTCGTAAGACATAT,283
GATTTTACTACATCTA,283
GCTCGAATGCCTAGCA,283
GGGACAGGCTCACAGA,283
GTTTTTACCAGCCGCT,283
TAAAGACGGGGACTAA,283
TAAATCCGCCGGACGT,283
TATATATCAACCTGAT,283
TATGATTCCTTATACA,283
TATTTCCAATCTTAAT,283
TCGGCAGTCAGTCCAC,283
TCTACAGAAGATAAGC,283
TGGTTGAAGGAAAGAA,283
AAAATACCCAATTACT,282
AACAGATATATCAAAC,282
AATATGGCCTTAACAA,282
ACCTATCTTCCGCCGC,282
AGCAACTTAAAAATCA,282
AGGGATGATTTAAATA,282
ATGTTGAGGATCGATC,282
CAAACGCATGCCCCGC,282
CAGGATAACGAAATAA,282
CCATAATAGAGTTTCT,282
CCGTATTCCATATTTT,282
CCTAATATGCCCCACA,282
CGAAGGCCTGGAAGTA,282
CGATTCAGCATAACCC,282
CTTTTTGCAGCTACAT,282
GAATTATCACACAGAC,282
GACTGCTCCCCTTGCA,282
GAGGATCCACACCGTG,282
TACTGATGACGACCAT,282
TAGAAATGTCTTTTAA,282
TATGATCTAAAATAGT,282
TATGCTGATCCCTCCT,282
TCCCCGCGTCAACGGC,282
TCCGATTTCCACGCTG,282
TGCGTCTGGTACCCTA,282
TGGCAGGAACAAAGCG,282
TGGGCTGTAACTATAT,282
TTCATGCCAAGCGCAT,282
AAAAAAAAGCACATAG,281
AAACTAAGAGGGCATA,281
AAAGCTACCCATTCAT,281
AAATAATACGAACAAA,281
AAGCGAACACAGATTA,281
AATACCAGAGCGCTCA,281
AATTCTGATCGATTCC,281
ACATGTCTACCTCCTT,281
ACCGTAAGGAGATCAA,281
AGATAGACGGGTGCCA,281
ATTTTTTAAAAAACAA,281
CCCCGTAATTTAACAA,281
CCTGGATGGTTATACT,281
CGCCTGTCCCGCTTAA,281
CGGTAAACATACGCGA,281
CTAAAAATATAAATAA,281
GAACAGCACGCACCCT,281
GGACGGAAAACGTAAA,281
GTCAGAATATTACAAA,281
GTCATGTTAGCCATCC,281
GTTCAGGCAGACTAGA,281
TCACTAAGCTGCAGTT,281
TGTCATGTTACTTTCA,281
TTCGAAACGAATCCTG,281
ACTATGAAAAGTCAAC,280
AGATAAAATAAACTGA,280
AGTAACCCAAATAACA,280
ATCGCTAACGCCAACA,280
CAATACTGATTCTCAA,280
CATGAGGGATTTGGAA,280
CCCACCGCAAAACGTT,280
CCTCGTTTAGAACGCA,280
CCTCTGTTATAAATTG,280
CTACAGTACAGAAAAT,280
CTAGATCAAATTCATT,280
CTCTAATACACTTCAT,280
GACATCGATCGCGCCC,280
GACCCAATCCATTACC,280
GACCTTTTAAACATTA,280
GAGAACCTGCAGTGAC,280
GATTTGTGTGTATCGG,280
GCATGAATCCCTTCGT,280
GCTCGTGTATATATCT,280
GGCGATTAACGTCTAG,280
GTCAAACTTAGAACAA,280
TAAAAGCCAATCAGTA,280
TAACACACAATGAAGA,280
TGTTCAGCCTTGTTCT,280
AAAATGTTTTGGAAAA,279
AAATCGTTCGAACACA,279
AAGATCAGGCGATAAA,279
AATCCATCTACTCACC,279
AATTAAATGCTCTTTT,279
ACATATGGGTGATGCT,279
ACCTAACGAAACAAGC,279
AGATCTTATCTTATGG,279
ATATACATATATCCAA,279
ATGACCCAGTAACTAT,279
ATTAATCGTCTCATGT,279
ATTTACAACTTAAGCT,279
CATCACCAAGCTGTGA,279
CCAAACCTCCACACTA,279
CCAATATAAAGAAAAT,279
CCCGCCCACCAAGTAT,279
GAAATTCACATGAAGA,279
GACATTACAAACTATT,279
GCCAACGTATAAACTA,279
GCCAGCCTTATTAATA,279
GCTGCGGCTCTCAAAA,279
GGTCTATCATCCCCTG,279
GTCTGAGCCATCGTGA,279
GTGCGTACATTTTAAG,279
TAACAGAAACTATTGT,279
TACGATCTATCATTAA,279
TCAAATAGACTAACAA,279
TCAGTCTGCCGCTAAA,279
AAATAAGATTGTCGCA,278
ACAATATTACACCAGG,278
ACTCAAGTACAGAACG,278
AGAAATAACAAAAAAA,278
AGGGAAAATTAAGGCT,278
ATACAATGTCCGACCC,278
ATCAGCTTAGACCCGA,278
ATTACCTCTGTTCATT,278
CAGCGTTCCTTAACAC,278
CCAATTGATCATGCTC,278
CCATGGCCTGAATGGG,278
CCGTTGCCGCCATACT,278
CTCATAGCTGATTAAT,278
CTTGGATCTTATGAAC,278
GACCTGGTGAAACGAC,278
GGACCAACTAAAATTT,278
GGAGACTACATCAAGT,278
TAGCAAAAGAAGTGTT,278
TCGCTCACGATGGAAA,278
TGCTTGAGAATTGATA,278
TTCAGAGTACCTCTAA,278
AAAAGAAAGACATTTA,277
AAACTACAGATCTGCA,277
AACCAGTGTCTCATCA,277
AACTAAGACCCACATG,277
ACAAATTAGGTAACCC,277
ACAGTATCAGCGGTTT,277
ACCATACCTAATGATC,277
ACCATGCTAGAAATGA,277
ACTATCTGGATAAGGC,277
AGAACCGCCATATCAG,277
AGAGCAATCCGAATTA,277
AGCAAAAGGAAATATT,277
AGGGAACTCTGACTTC,277
ATCAATGTGTCGGCAA,277
ATTTGATACATCTTTA,277
CAAAACTTTATAGATA,277
CAAACAACTAGCGATT,277
CCGCATATAATGATTT,277
CCTCCGAGTAAAAAGA,277
CGTAAAAGTAGTATAC,277
CGTGAAAACGATTTAA,277
GATAATGGATTTGGAT,277
GCCACGCGCACGCACG,277
GCCCCGTGCAGAGCAC,277
GGTTGAGGATAAACTC,277
GTAATTGCACTTGCTG,277
GTCATTCATAACTACT,277
TAAACTAACGTTCGTC,277
TCGTGCCACTCCTAAC,277
TTCTGATTTTTTCCGT,277
AACTAAATCGGAGAAC,276
ACAGGACCGCTCGATT,276
ACAGTTGTAAACCATA,276
ACTTAAGAAGTAGGGA,276
AGAGATAGTATAACTG,276
AGAGATTGGGGTGGAC,276
AGATCAATCGCCAGCC,276
ATACAAGAGCATTAAA,276
ATGTAGAATTAAAAGT,276
ATTTTGCTACCTTTAC,276
CAGAACCTAAAGCAGC,276
CAGTCCGCAGAAATGA,276
CATATGCTTCACCGGT,276
CATGCATACGTCCAGG,276
CCTGGAAATAAACATC,276
CGAAACGGTAACAATA,276
CGAGCCCGGAACGATA,276
CGTTCAAGGAACCATT,276
CTGACCCCGAACGTAT,276
GAAAAAGTCTTATGAC,276
GATGCTCTACCAGTTT,276
GATGTTGCCCATATCG,276
GATTTGGGTTGTAAGG,276
GCTGCCTCAAATAATA,276
GCTTTGCACCAAAATA,276
GGGTAGACAACTGATC,276
GTAACCTTCCGCAGAC,276
GTAATCAAGCGATTAA,276
GTGTATCGATTCTGTA,276
GTTACAAAAACTCACA,276
TACACGTCTTCAAGAC,276
TAGCACTATATCACAG,276
TATACACCAGCGATCC,276
TCCGAAAGTCGTTCTC,276
TCCGGCCGGTAGCACT,276
TCGATATTTAAAGGTT,276
TCGTTATATTATACAG,276
TTATTTAAACAGAAAA,276
TTTGGTGTCGCAAAGC,276
AAAGTCTCTTTTGGAA,275
AACGAACTAACCCAAA,275
AATAAGACAAGTTAAA,275
AATACAACGCACGCTC,275
ACCCTCCTTAATCTGC,275
ACGGACATAACACAAA,275
AGCATAAAAGAATAAA,275
ATAACTTTCTATGAGT,275
CAATTCTCATCCTGGT,275
CCACACCCGAAATCCC,275
CCTACCGGCTCTCAAC,275
CTGAAAATGAGTGCTC,275
GACTAAATTGATTTAT,275
GCCCTAAACCATTAAA,275
GCTCCTATCCGTTCTT,275
GTGGACCAGCTAAGTC,275
TAAAAATTAGTCTGGC,275
TAAACACACATGATCC,275
TAAATTAATATATACA,275
TAACCAGATCAGAAGC,275
TATGCCTCAATCTACA,275
TCATTTCCATTAAATC,275
TCCTAAGACTGTCCAA,275
TGAGGCCTAACATACG,275
AAATCATAACCGTAGA,274
AAGTACTCCTAAAAAT,274
ACTAATTCCATTAAAA,274
ACTAGGAAAATAATAA,274
ATCTTGCTCCAATATT,274
CAATGAGGGCGTTACT,274
CACCCGGTATTTGGTA,274
CCGAGCTACTGACGAT,274
CTAGAAGAAACTACGG,274
GACCATAATGCAGGCC,274
GAGTACAACAACATTT,274
GATCTGAAGCAAGCGC,274
GTTAACGTAACTTGCA,274
TAATAAATCAAAAGCA,274
TATTGAAGACCAATAT,274
TCAGGAACACAAGCTA,274
TGGGTAGGTTTGCCAA,274
TTGGAGGTGAACTACT,274
AAATCGTATCCGGAAT,273
AACCCGGCCAAAAAAC,273
AATCGCTAGCTCATTA,273
ACAAATAACATCGAAG,273
AGGATAAGAATAATAA,273
ATAGATATGGTCTAAT,273
CAACTGAATAAACTTT,273
CCAGTACAAAAGATAA,273
CGAAGACTTAAAAACC,273
CGCCGGATGCATCCGC,273
CGCTCTCAGACCCAAC,273
CTAACAGTCTAGTTGA,273
CTGTTAGTGGTGCAAA,273
GAGTCTTTTATTGGAT,273
GATATCGTTTTATCTA,273
GCAAAAAAGGCAAACG,273
GTGCATTAAAATTGGT,273
TACTACCGTATAATGT,273
TCATAGGCCTTGTCTG,273
AAGTATAAATAGTTGA,272
ACGGTTATATAAAACA,272
AGAAAATTATAGGCAA,272
AGTTTAACAAGTTATA,272
ATACCGAAAGTCAATT,272
ATGATCAGCTAACAAA,272
ATTTAAGAACCACCCA,272
CAAAGTTGACCCCACA,272
CATAGAATGCAGTATT,272
CCAAAACTTCTCAAGA,272
CCCCTGCTGACAAAAA,272
CGTCACTCAACAAACA,272
CTGCGCATCATAACAG,272
GAAAGATCCGAAGCAA,272
GCGTTATAGAATTCTA,272
GGAAACCAGGCCTACG,272
GGAACACTCCCACGCG,272
GTAGCAAATCGATATT,272
GTAGGGGGAGTAAAAC,272
GTTATCGCCCATTATC,272
TAGACAATTCCCCGGA,272
TCATAACCATACCAAG,272
TCTGAAACCTCGTACT,272
TGGTTTCAATTCCACA,272
TTACATAGTAAGCCAA,272
TTCAGTATTAATTACC,272
TTCCGCAAGCAGGCAT,272
AAATGCTACTACAAAT,271
AACCATAAATTTGTCT,271
ACAGATGATAGATAGA,271
ACATGCGACAACCGTA,271
ACGAGATATGGGTAGC,271
AGACACCTTAGGTAAT,271
AGATCAAAGAGAACCA,271
AGCACTGTTCTACACA,271
AGCTCGCTAGATGATG,271
AGGGTTGACAAATTCC,271
AGTGATACCGGAGCAA,271
ATAAGTTCGGAATAAT,271
ATCCCACTAAATAAAT,271
CAAAGCGGAGCCATGT,271
CACGTCACATCTTGAT,271
CATAAAAATAAAAAAA,271
CCAGATAACGCGGCCC,271
CCAGATCGCATATGAC,271
CCCGTTTAATATATGT,271
CCTATATAAAACCTCT,271
CGGGCTCATTTCAACA,271
CTAAAAATTCTAATCG,271
CTAAAGACAAGAGAGG,271
CTCATATCTATTATTC,271
CTCGCGGGTGAGACCT,271
CTCTACGTATGCTCAC,271
CTTCAAGCGGGCTAAT,271
GACATATAAGCCAGTT,271
GGACAACGATACAAGG,271
GGCCCTCAAAGTAGGT,271
GGTAACAACTGAGGTT,271
GTCATATCAGGTACGA,271
TAGATTTATCTTGGTG,271
TATTCAGAAATTAAAA,271
TCCCCTGACCGGAGCC,271
TGGATCCTGACAAATC,271
TTAGAGACACCTTAAT,271
TTATCCTTGATTATGT,271
TTGCAAAATGTCGAGG,271
AAAACCGCCAATTACA,270
AAACTTGGGTCTTGTT,270
AACTATGAGCACACAA,270
AAGCCTAGCCTAGTCA,270
AATCTAGATCCATTAC,270
ACAAGCTCGCGGAAAG,270
ACAGCGAACGCTCAAT,270
AGATTCTCCGAAGGTT,270
AGTGCACCCCACAGGT,270
ATAACCCAGGCGCCAA,270
ATACAATATGTAATCA,270
ATACGTATTACCTACG,270
ATCCATGCTAATTGGA,270
ATCTCGAATACTATTC,270
ATGGCTATAGACTTAA,270
ATGTCTCTATTGACTT,270
ATGTGATAGCATGACA,270
ATTTTAGAACCAATAG,270
CAAAAAAGCCGTACGG,270
CAATCATAAGCCCCCA,270
CATCGGTGAGAGCCAT,270
CCGACGTGGCCGTATA,270
GAACCACCACCCTGCA,270
GACAAAAAGTATAACT,270
GACTACGAGTGCTCAC,270
GATACATCTGTACAAG,270
GCGACGCACAAGTATT,270
GGCACATTAATACCAG,270
GGTGGACAAAGACGCA,270
TAGCAAGTATCCCGAT,270
TATCGCCTACGAGACC,270
AAAAACCTGATAACGG,269
AACTGAAAGACCAATC,269
AAGAATTAAGATTACC,269
AAGATACCTACTGCCC,269
AATATATAAGAGACCT,269
AATGCGTTTCACCCTG,269
ACAGGATCGTAATCAC,269
ACATATTATGATATTA,269
ACATCGACTATTGTTG,269
AGCCGTACCGTATTGA,269
ATAAAAAAAGGATCGA,269
ATACCTGTAATGTTCC,269
ATAGAGTTTCCATACC,269
CACTAATCAGCATGCG,269
CCAGATAGAATCTCTG,269
CCCATACGCTATAAAG,269
CGAGACACCCACTAAC,269
CGGACTCCAACAAGCC,269
CGTCAAATTAAATCCA,269
CTAGTAACGTATAATG,269
CTAGTAGAAAACCAGC,269
CTTACTCATAATTGAT,269
GCGATGTTCACCTTAA,269
GCGCCAAGGGCTAAGA,269
TAAAGACAACCAGAAA,269
TAATGCCTCAATTATA,269
TATTAACAGCTAGCCG,269
TATTCAAATGAGCCGA,269
TGCTCAAGTAAACGTA,269
TTAACAATGTGTAAGT,269
TTGCTGCCAAAGTGAA,269
AAAATAACCTAACACC,268
ACACTCAGTGTTTACC,268
ACAGAATAAAATAGAT,268
AGAACAATTAAAAAGT,268
AGCAAACGCTGGTGCA,268
ATAACGTATGACCATA,268
ATAGTTTCACACGTTT,268
CAGCCCTCTAAACCTA,268
CCAGAAAGAAATGTGA,268
CCATTGCAAGCTGCCA,268
CCTTAGGGTTACGAGA,268
CTATCACACATTGATC,268
GACCCTAAGGCGCCAA,268
GACTATCCCCGATACG,268
GCACCTTACGTAGAAA,268
GCCTGCTCCAGATAGA,268
GCGTCAGCCCTGGCAT,268
GGCCACCCAGAACTAA,268
GTAAGACAACAATAAA,268
GTACGAACCAAGAGTT,268
GTTTAGTTTATTCAAC,268
TAAATGCTTCTATCTC,268
TCCAACAAATAGCAGA,268
TCCCAAACAAACCCTT,268
TGCACGCCCGAAGTAA,268
TTGATTTTTTCTCCAA,268
TTTAAAGAAGTAATAA,268
AAAAGTCTATAGCTGC,267
AAAGTCCATCCTCCCT,267
AAGCATTTATGGATTT,267
ACAGCCTAAATAGACA,267
ACTGGACTCCTGACCC,267
AGAATGCTGCAAACGA,267
AGTGCATGATGCGGTT,267
AGTTGATGCTAAAGCA,267
CAAACAATTGGTCCAC,267
CAATGGAAAATATGGT,267
CGAATAACTTCATAAC,267
CGATCACAATGCTACA,267
CGGCCTCAATCAGATC,267
CTAAGATGTAGTACTA,267
GACAGTTTTGATAATA,267
GTCAATGCGATCAGGT,267
GTGCGGCATCAAATTT,267
TAACAAAAATTGAAAG,267
TAACGTCAATATAAAC,267
TACATGAATCCAAAAA,267
TATCCAAATTAGTACA,267
TCACTAATAAGCCGTC,267
TCATAACAAAAATCTT,267
TGCTAAATAAGAAAAG,267
TTAATCTCAAATCCTA,267
TTCAGGCTGGTGCCCT,267
TTGAGATAAGATACCT,267
TTGCAATCACAGATAA,267
TTGCATCTATTATCAA,267
AAAATATTATCACAAT,266
AAAATTCCTCGTACAG,266
AACGGAAAGTCATAAA,266
AAGCTAATTATCTGAC,266
ACAGTTTTTAGTAAAC,266
ACTTAAGACAGTGAAG,266
AGTGAGCATAAACAGG,266
ATCAGAGAACATCCTA,266
ATGAAGAAAAGCAACG,266
CAAAGGTACAAACAGA,266
CATATTGACGTCGATA,266
CCCCTGCCCTTATCGC,266
CCGAGAAACGAAGACA,266
CGCTGAGCATACCAGC,266
GCAAAACTACATAGAC,266
GCTAGCGGAGAAGACA,266
GGTATCGTCGGAATAT,266
GTCTGGACGATGACGT,266
GTTATAACAACAGGAT,266
TTATGCTAAAAAAAGC,266
TTATGGAGATTAAATC,266
AACAGTATAAAGCTGA,265
AACTTGGAAATCAGCA,265
AAGAATCTGGCTAGGA,265
ACACACTAAATGAGAG,265
ACTCGAACTTCCGTTA,265
AGAACTCTCAACCTAG,265
AGTGAAATGTTTTGAT,265
ATGCCTATCATACCAA,265
ATGGAATGGCCTAAAT,265
CAGATTCATAGTACAC,265
CATAAGGTCAGCCTAG,265
CATGATTTGTGCATTA,265
CCCTAACAGTGCGCAG,265
CGACTGAGCCGTGATA,265
CTATCCCATCAGATCC,265
CTCGCGAGCTGGGAGA,265
CTTCGGACCGAATAGC,265
GAAACACAATCCTACC,265
GACGCATATCCCACAC,265
GATACACGTTAGTTAA,265
GATTTAACAACGCAAA,265
GATTTGAAGGCCATAA,265
GCTCCCCCGGTATTAG,265
GGCGATACAAAGTAAG,265
GTAGACCAAGTACCTT,265
GTCGATTCTATAAGTT,265
GTTGTTCTATAGAACA,265
TAAAACATTTGCTCAC,265
TACGCGTTTATTCGTC,265
TCAAGAGGAGGATCTC,265
TCATTAACCAATCCAA,265
TCCACCCTTCTTTCCA,265
TCCCGCTAGACCAATA,265
TGCGCCAGCAACCTCG,265
TTAATCCACCATTCCT,265
AAAATGTCAAAAAATC,264
AAAATTCCGCCAAGCG,264
AAAGAACCAACCGTAG,264
AAAGTTAGGGCGTTCT,264
ACCCAGCCTGGTGGAC,264
ACGGTCAGCAATGATA,264
AGTTGCTTTCATTTAA,264
ATATACAAATTTAACC,264
CAATACAGAAGAACAA,264
CAATCACACCCTTTTT,264
CACAGCCGACGGTCGA,264
CCAAACAAACCCCCAA,264
CTAATGATAAATAAAC,264
CTATGGTTTAAACTAA,264
CTTAAGTTGTGAATAA,264
GAAATACGTTAAGCTT,264
GAACTTATAAAGCTCG,264
GACGAATTTTACCCTA,264
GACGGACATAAAAGGA,264
GAGGTTGCTCTTAGAT,264
GCACTAACATTAACCA,264
GCCTGCAAAGATGCAT,264
GTATTACATAACAAAA,264
GTTAAGTAGAGCCACA,264
GTTAGCACGACTCAAC,264
GTTTCATAACGCTACT,264
TACGCAACTCATTGAA,264
TATGCCTTTACAGTAC,264
TATTATACTATAGCAG,264
TGAAATCCCTATAAGG,264
TTAAAAAGATCAATAT,264
TTGTTCAGCAATCGAA,264
AATATTCAATTAGTAT,263
ACTGACTAATAGGTAT,263
AGAAACACTTACAAAT,263
AGAATGAAATGTCATA,263
AGACTCCCTACAAAAA,263
AGATATTCGTTGCTCA,263
AGCCAACCAAACCAAA,263
AGGAATGGTAATAATA,263
AGTAATTAATATCGGC,263
AGTAGATCATAGTCCA,263
AGTTATAAATTTATAT,263
ATAAAAAAAACTCAAA,263
ATACTTCAATACACGA,263
ATTATTATTAAACAAT,263
CAACTCAGGTCGACAT,263
CAGATAGAACGCAACT,263
CAGCACTTGCGTACCG,263
CAGGTAACCGAAATAA,263
CCACCCCTTGAGAGCA,263
CCAGATCTATATAAAA,263
CGAACGGCTGCGAGAA,263
CGAGGGAACAATGTAT,263
GAATGGAGTAAAATAG,263
GACGACAGTTGTCTTA,263
GATTAACTAGAAGCAG,263
GCTACGTGATAATCTT,263
GGTTACCCAGAACTTT,263
GGTTTGCATTGATCAT,263
TAAAGTACAAGCAAAT,263
TAACATCCACAACAAT,263
TACAAGGTACTACAAA,263
TAGATAACTCAAATCG,263
TATCTCATAATGAACA,263
TATGCGTAACTGGGGA,263
TGAAATCTTGAAATGT,263
TGAATATTTTATTCAC,263
AACTGATACACCCGTC,262
ACCTTTAGTCATTGTA,262
ACGGTCGAAGCCATAC,262
ACGTTATTGCAGCTGC,262
AGATCCCATGTCTCAA,262
AGTGGGGGTCAACACC,262
ATAGCCATAACCTCGT,262
ATGATAAGCTAGTCCC,262
ATGCATCTGTAATCGA,262
CAAAACCTGAATTACG,262
CACAACCCACCGTCAT,262
CAGAGACCCGATACAC,262
CATGCAACGATTCTTC,262
CCACTAAGACAAAACT,262
CCATGGTCCATTTGAA,262
CGACTACTCAAGAACA,262
CGGATCGCAACTTTGA,262
CTATGAACATGCATGA,262
CTTAATCCCCTAGACC,262
GAATCAATAGTCCGAC,262
GAGGGTCATTACGGGA,262
GAGTTTACAACGTCCT,262
GCATAAAGTCTACGGA,262
GCGTAAGACCAATAAT,262
GCTCTAGTAAACGAGA,262
GGATTCGATATCAAAA,262
GGCGAAAGTTATGGTT,262
GTCTAATCATAATAAT,262
TAATACTTATGTTATT,262
TCTGTCAAATTCTGCC,262
TGCGTATAGGCACGCA,262
TTACATCATCCATTAA,262
AAAATGCCCGCACTGA,261
AAACTCAGGACATAAC,261
AACCGGGATGAGTAAT,261
AACTTGAGGTTCGTAC,261
AGCCAAATAGTCAAAG,261
AGTCTATCTTGATGCA,261
ATAGCACCATTTAAAG,261
ATATGTATCGTCACGG,261
CAAAAAACCAAAGCTA,261
CAAAAGTAATCTAACA,261
CAAAGTCTAAACTCAA,261
CATCTCCATTCTGACA,261
CGCATAACATAAACTA,261
CTAGATTATAACATAA,261
CTCCCCTACCGCTCCG,261
CTCCCTAGCTACGACA,261
CTCTCTTCCTTTACGC,261
GAAGAAACAGTAAATT,261
GAATCAGAAATCGTAT,261
GACCATAGGATTCTGC,261
GAGGATGCAGCCAAGT,261
GAGTATCTCGCGTTAC,261
GGACAGTCTCCATGCA,261
GGCTTCGGACAACATG,261
GTAACTATAACATGTT,261
GTAATACAGCTTAAAT,261
TAATGTACGTAGATCA,261
TAATTTACAATAAGTA,261
TCGCAGCCGGCTACCT,261
TGCCTGTAATTACAAG,261
TGTCTAAATCCCCCCA,261
TGTTGTAACAGCTATA,261
TTAGGTAAGATCGATT,261
TTGCTAACGCAAGAAT,261
AAAAAACTATAGAGAT,260
AAAAACATGTAGACGT,260
AACCCTCACAAGTTAA,260
AAGATCCCGGAGACCA,260
AAGTTTACCGAAAAAA,260
ACGCTACACAAGGACA,260
AGACCGTAATACAAAA,260
AGATCAATTAAAATAG,260
AGCCCCTGACATCTTC,260
AGGTTATCCTACGGAC,260
ATACCGTCATTCATAT,260
ATACGATTACAAACTA,260
ATCAAACTAGAAGTAC,260
ATCCTTTTCATAATAC,260
ATGTCTAATGCGCTAT,260
CACGACTCATTCAAGG,260
CGGATGCGGACGAAGC,260
CTATAGCCCAATTCAA,260
GAAGATTCAACACGGG,260
GAAGTCATTAATCAAA,260
GCAACAAAGAACATAT,260
GCAATAGCTGAATAAC,260
GCCCAATTTATGCTTT,260
GCCCCACAAGGCATAC,260
GCTCACAAAAATGTAG,260
GGAGGCCCGTAGTGGA,260
GGGTCTGCTCCACTCT,260
TAAATACGCTTCAGAA,260
TAGAAAAAACCTGTTG,260
TTACTATCTAATAGGA,260
AAAGAGATAGGATATC,259
AAATAAGGGTGTGAAA,259
AACCCCCGTAAACGTG,259
AAGAATGTGGAAAAAT,259
AATTTCATAGTTTTAC,259
ACTCGACAACATGATG,259
ATACACAGTCGTTACT,259
ATCGTAACATGTCAAT,259
ATTCTACAATTTAACG,259
CAACCTGATATGCCAA,259
CACGACCCGAACAAAT,259
CAGACTGTATGAACAA,259
CATCTAAATTAGAAAA,259
CCATCCGGTTTTTCCG,259
CTAACACAAATCATAT,259
CTAATCCAAGTGTAGT,259
CTAGACATAAGATACA,259
CTGAAATTTGTTTGCG,259
GATGAAATCGGCGCCT,259
GATTTATACATTTCAA,259
GCTGGATCCTGTCGAT,259
GTATGGCTAGTTAGAT,259
GTCAAGTGGTGCAAAC,259
TAAATAGAGTAACTAA,259
TAGTGTCCATCCAGGC,259
TCAAGATATAGAAACG,259
TCATTATGCCTACTAA,259
TGGCACCGTGAGCGTT,259
TTACCAACTCGACTAC,259
TTAGCATCCAGTCAAA,259
TTATAAGGACCCCTAC,259
AACCACTGGTTTATAG,258
AATCATGCTAAGGAAA,258
ACAAATCAGTAAATGT,258
ACCCCTATTGATACAT,258
AGATACATAGCAAGAC,258
AGATCCAATCAATAAA,258
AGCCCGACATTAGACA,258
AGGGTACCCCCAAAAA,258
ATGCCGAAAGCGTACG,258
ATGCCGAACAAATCTA,258
ATGTTCGAAACAATGA,258
CAACCCGCCAGGAATT,258
CACCAGTAACAACAAC,258
CATCATCCATTTATTA,258
CGAGGCTTGCTAGGCC,258
CGTCCATATATGGTAC,258
CTTTTGTTTAAACCAC,258
GAATAACTCAATTATT,258
GAATTGAAAAATCAAC,258
GACAAGTTGACGAAAA,258
GCAAAATATCGAAACA,258
TAAAAGTCGATTACAA,258
TAAAGACCCTCGCCGC,258
TAATAATTTGATTATA,258
TAATGATAACTATTCA,258
TATAAGCGGCCAAAAA,258
TCAGGAATGGACGCGT,258
TGAGAAGAAAATCGAA,258
TGATTCGAGAGTAGAC,258
TGCTGAGAGAACCAAG,258
TGTGTGATAAAATTCG,258
TTACCTATTACATACA,258
TTCGCCTTATACATTT,258
TTGTCTTATCCTCTCG,258
TTTGTTTGACAAATGC,258
AACTATGACTAAGAAC,257
AATAAACAACCATCCA,257
ACTATATTATAATCTT,257
AGGTCCAAAAAGTAAA,257
ATGACCGCCACCCCCG,257
CAAACGACAGTAACAT,257
CAACATTAAGACAGAT,257
CAACTAAAAGTATTTC,257
CAATGGTAAATACACC,257
CACGGGCACATCCACC,257
CAGAGCCCATGTGAGA,257
CATACCACCTGTTACG,257
CCATAGAAACTAACGT,257
CGCTGAGATTTATAAG,257
CTAACCATACCGATGT,257
GAAATTAATATTACCT,257
GAAGAATTAAATTTAT,257
GATGATCCGGAAACGG,257
GCGAAACAAACGCTTC,257
GCTAAAAAAATCAACT,257
GGAAGCCCTCAATCAT,257
TACGATCTGTAGCAAT,257
TATAACTTAATGAACA,257
TATCAAGCAAAACCAA,257
TCAGGTCGTCACCAAA,257
TGCATTTATTGATAGT,257
TTATTAACGAGTTTCA,257
AAAATGAACGAGTAGA,256
AAATTAGCCCTGACCC,256
AACCCGAATCTCTTAC,256
AACTAAAGACCGCTCA,256
AATAAGTCTTAAATCC,256
AGCAAACAAAGTTAAC,256
AGCTAGCAGAGACTAG,256
AGGAAGCAATTTTTAC,256
ATAGGAATTAAAAGAA,256
ATCCGCTCACAGAGAC,256
ATTTTAGGTCACTCAA,256
CATAAGTCAAACTTAT,256
CCAATAAGATTAACAT,256
CCATCACGATTACCCG,256
CTAATAATCTCAAGAA,256
CTGAATAATTAGTGAC,256
GAAAAATCCTTTAGGG,256
GAAAGATTCAAGCCTC,256
GAATACGAAAAACTTG,256
GACAGCATCACAATAG,256
GACTTCAACACCCTGT,256
GGAAAGCGATAAAGCA,256
GGTTTGTCACGTAATT,256
GTCAACGGTTAAAATA,256
TAAACCTAGTTCTGGT,256
TAAATAATCTAAAGAA,256
TAATACGATACAATCA,256
TAGCAAATGGGAAAAT,256
TCTACGAATACCCACC,256
TGCGTTAGGTCAAAGG,256
TGGTGGACCACCTAAA,256
TGTAAAGACAGTCCGT,256
TTAGCAGTATTCTAAA,256
TTGTCGCCTGCGGACG,256
TTTATCATTTGCTTAC,256
AAAACCAACCATGAAC,255
AAGATGCGTTAAACTT,255
ACCCCTAAGACGCAGA,255
ACCTACTGCACTCCAG,255
ACCTGCGTTTAAGCAT,255
ACGATATATACTAGAA,255
AGGAAGACAATCACAT,255
AGGGACTTACACGGAG,255
ATACTATGACCACAAA,255
ATATCATTCTTACACT,255
ATCAGCAGAAATCACG,255
CATGAGTAGCAATCTC,255
CGCCAATTTGATTAAA,255
GAAAAAAATGAACGAC,255
GAACGTGTATGCTCGC,255
GAAGTGCAAGAAAACA,255
GCGCACGATCATTAAT,255
TAAAAGGCCCGCCAAA,255
TAATTATAAGAATACT,255
TATAAGATAGGATAAT,255
TTAACACGCTGTTAGC,255
TTGTACTACGGAATCG,255
AAAAGATGATTAATCC,254
AAATCTCATCCAGATA,254
AACATGGCAGGTCTAA,254
AAGACATCTTTGCATT,254
ACAGATGGAATAGCTG,254
AGAGCCTATACAATGT,254
CAACTGATAAAGACAC,254
CAATGGAACGCTAGAA,254
CACCCTTGCACTCTAG,254
CAGAAACGCCGCATTG,254
CAGTAAACTCACCCTC,254
CCCAGAAAAAACCATT,254
CCCGAAAATCGACCAT,254
CCTTTCCAAGTGACTA,254
CTCTAAATAAATAAAA,254
GATACCACGGTTAAAC,254
GATGACTGTCATGATA,254
GCGATAATGATAAAAC,254
GTTTTGATATAAATTG,254
TAAAGCAAGTGGGCTG,254
TAATGATGGAGTTTGC,254
TAATTTCATAACCTGG,254
TATTCTGAGATCCCAG,254
TCAGGCCCTGGTTTGA,254
TCGTACACATCATTGA,254
TGTACAAACTAGTCAT,254
TGTATACTCCGGGGCA,254
TGTCAGATCAAACTCG,254
TGTGACTAATCCTATA,254
TTCATAGTAGTACCCA,254
AAAAGTATTATGCCAT,253
AAACCATGAGCCTATT,253
AAAGGAACACTTAGTG,253
AAATGACCATACTCGT,253
AACCGATCCCCGGAGA,253
AATCTCAATCTGCTCT,253
ACCATTTAAGGAGATT,253
ATGAAATAGAATAAAA,253
CAAGGTACAAGCCCCC,253
CACATAAAGCCTATAT,253
CAGAACGATCCACGTG,253
CGGCCTGGCTAGGCCA,253
CGTAACAAAATCCCCA,253
CTAGTTAGTCCCTTAG,253
CTTAGCAGACCACTAT,253
CTTGCTGCCAATACAC,253
CTTTTCATGCTTAGGT,253
GAAAGCCGGGAAGTAC,253
GAATAGCAGGAAAAAC,253
GACCGGTAATCTTAAA,253
GAGCACCCCCAACAAT,253
GATCACGGGGCATCGA,253
GATCTATCTCATACAA,253
GATTGAAGAGCATTAG,253
GCTACCGGCTACCTCA,253
GGCAGGAATGTACAAT,253
GGTTAATCACAAACCA,253
GTAAAAGGCTCTAAAA,253
GTGACAAGCCGCTCGG,253
GTGCTATGCCCTGATC,253
TAAACGCTAAATCCTT,253
TACCCAAAATCTGCAG,253
TAGGAGACTAATTTAT,253
TCATTCCTAAAACTAT,253
TCTACTCACACGCACG,253
TGAGGCCGACGACAGA,253
TTGAAATGACCCTACT,253
AAATTGACTTACTCAA,252
AACTCTTTGCCATCAT,252
ACAAAATTCCAACTAA,252
ACACCCCTTATTGTAA,252
AGGCAGTTACAAATAT,252
ATAACGAAGCTCAAGT,252
ATACGTCAACATTCGA,252
ATAGCATTAGAGAATA,252
ATGAGTACCGTAAGAA,252
ATGTACATTTGTTGTA,252
CATTTAACCGCTCTAG,252
CCCGATGAAAAAGGGT,252
CCCTAAGCAGGAGCCA,252
CCGTAGTTTTAAGCGT,252
CCTCCAGAGACTACCA,252
CTGACATGGCTGACAG,252
CTGTGTCCGCAGAGTC,252
CTGTTTGCAGTTCTAC,252
GAATTGCGATCACAGA,252
GATGACCAAGTGTATG,252
GCCAGTCGAAAATGTA,252
GCTCTTAACTGATGCT,252
TAACATAACAAGAAAG,252
TAATTGTGAAAACAAG,252
TCAGAAAATACCTTTA,252
TGTGCAGGCCGCGTGC,252
TGTGTTAATACTTTAA,252
TTATCTCTGCATACAT,252
AACACATTGATAGATG,251
AACATATGTACTGGCC,251
AACATCTAAAGCTTAG,251
AAGCTATGTGTTAGAA,251
ACGGACTATTGCAATA,251
ACTAAACGCGTAAACA,251
AGCCCGAATATTACGA,251
ATTCAGCAGGTCGACC,251
CAGCACCGACATTATG,251
CAGTCCGATCTAACAA,251
CCATGAAAAACATGAA,251
CCTGGATGGCCTTACA,251
CCTGTCCAAAAAAGTA,251
CCTTTCGGACCCAAGA,251
CGTAGACAAAGTAACA,251
CGTTCTCAAACAATTG,251
GATCCTGATCACGAGG,251
GCACCATGAGAGAACA,251
GCGAAGAATCTCAATC,251
GCGTAGCACATAGTGT,251
GCTCTATGTCAATACG,251
GGAGCTTAGGTTAGAG,251
GGATGCCTAATCATAT,251
TAAAAACTATATGACC,251
TAAACCAATCTAGCAC,251
TAATTCATGTTCTGCG,251
TACAGAGTGCCTTTTA,251
TACATAGAGGGCAACA,251
TAGATTAGGTTATCCA,251
TCAAATACTCGAGCAG,251
TCAACCATTGATACAT,251
TGAAATGAACTTTCAA,251
TGACAATGTAGCTTGA,251
TGCACCAAATAACAAA,251
TGGAACTGCCCTTTAC,251
TGGGCTAACTCATAAG,251
TTTCTACGACCGTGTA,251
AAAAAGTACTAGCTAA,250
AAAACTAAACACTACA,250
AAGAGGCTTGGTATAA,250
ACGATGCCCCGCTTCT,250
AGATATGATAGAATAG,250
AGATGATAATATGATA,250
AGCACAGAGGCCATGT,250
AGCCTATCCCAAATCC,250
AGTAATAGTAACCCCC,250
AGTTGCGTATCAGATG,250
ATAGAGGCCATTTAGT,250
CCATGATGATGGCCGA,250
CCTCTCATAGTGACTG,250
CCTTCACTAAAACTAT,250
CGCCCGTTGAAGATAC,250
CTAAAAGTGGCCTGGG,250
CTCATCACGAGGCCTC,250
CTTCATTTTATCAGGC,250
CTTGATATTCTGTATA,250
GAATTTACGCACTATC,250
GACCAAGAACGCACAC,250
GCATTACTACTAAACA,250
GCGCTTCCACTCCAGT,250
GTTTTGAAATTCCGTT,250
TAAGTCAGAAGAGTAT,250
TAGATATTAAACGTTA,250
TATCGTCTACTTGCAT,250
TTAGTATCCAATTCTA,250
AACCGACTCAGTATTC,249
AACTGTGCACGTGTCA,249
AAGAAAAAACCGAGAA,249
AAGCACGAGTAAGGTG,249
AATAATGACCACATCA,249
ACCGCCAAAGCGCCCG,249
ACGTGAATATTGCGTC,249
AGACACGATAACTAAA,249
AGAGTCGTACTCAATG,249
AGCTAGCTATCCGACG,249
ATAATCAGGGTCAAAA,249
ATCACCTTTGACGTTA,249
ATCTATATTTTGTAGC,249
ATTATACAACAGAGCA,249
CAAAACATACAAGTGG,249
CAATTCTGAATAGAAA,249
CACGGAGCGATTGGAG,249
CCATGGTGCATGTAAT,249
CGAATTACTCAGATAA,249
CGCAAGTATACATTGC,249
CGGAAGAACACTCCCC,249
CGGTCGATCCTTATAA,249
CTAGGAACTATGATAC,249
CTCTAGAAATTAAATT,249
CTCTCGTGTCTACCCT,249
CTGCATATCAGACGAC,249
CTGGTCGAGAAAACAG,249
GACAAAAAAGAACTAG,249
GACACAACGAAAAGCT,249
GAGTTATAAAAAATCG,249
GATTATATAAAAATTA,249
GATTTAACGATATAAA,249
GCAAATATAGACTATG,249
GGATACAAGTAACAGA,249
GTCTTACTAGTAATAG,249
GTGTACAAAAACATTG,249
TAAATAAGCATAAGTC,249
TAACAAGCTCCACTGA,249
TAATGACTGCACCACG,249
TACAGGAAACTATGTG,249
TCCATAAGTGCCCGAA,249
TCGATAACATCCTAAC,249
TCGGTTTACCAATAAG,249
TCTCAACGCGCTATGC,249
TGAGTAACAGATGCAA,249
TTTCCACAGGCGTCCA,249
AAAAAAAAATCTACAG,248
AAACCCTGTTGTTCAT,248
AACAAAACTGATAGCT,248
AACAAGATTGAAATTG,248
ACAGCACATGCCGGAA,248
ACGATATCAAATTGCA,248
AGCGAACATAAACAGG,248
ATCAACAAGACCCATC,248
ATCGCTAAACACCTCT,248
CCGTTTAGCGCTACTA,248
CTAGTATAAGTAAACC,248
CTATGAACTGTACTGT,248
CTATGGTGAAAAGGGC,248
CTGCAGAAGTACAAGA,248
GATACATAACAAATGG,248
GATATATACTAAACCT,248
GTATGAGCGCACTCCA,248
GTCCAATCAACCCAGA,248
GTTTGCTCCAAAGGAA,248
TAAGGCTTTGATCCAT,248
TAGATGGCTCATAAAA,248
TATGCGCTCAATATAT,248
TATTGGTCACAAATCG,248
TGAAAGTGCCTATACA,248
TGAAGAAATTCGGCAA,248
AAAACTACGAACCCGG,247
AAATCTCCTTGCTAAC,247
AAATGTACGTCAGATC,247
AAGAATTCAAATATTT,247
AAGGTGTCGTCAGAAT,247
AAGTCAAGGGTTCGAT,247
AATAAGATTGACCAAA,247
AATATCAAAGGTGTGC,247
AGCAGTCAGAATATCT,247
AGCCCCCAAGAACTTG,247
AGCCTGATTCGGGTTC,247
AGTAAAACGGCAAGTC,247
ATAGCACATCCTCATG,247
ATAGTAGTCCCTCAAT,247
ATCAAGCCTGACAGAA,247
ATCGCGTTGCTGGTTA,247
CACGCGTGACATCTAT,247
CATATAGTTGGGCAAC,247
CCAAGAAAGAAAATAC,247
CCAATTTATATACACG,247
CCACCAACCTACAGGT,247
CGACTCGCCTTACGTT,247
CTCAAGCTCTAAGAAA,247
CTTCAACAAATCCATA,247
GAAGTACAACTCGTCA,247
GATAATAGAATACAAA,247
GCGCTCTCACTGTCTC,247
GGTAAGCGGAATCAGT,247
GTATCATTAAGAAATG,247
TAAAGGGCAATAGACA,247
TACACCGAGAGGTTGC,247
TACGTGCTTAACCTGT,247
TGATCGGCACTGCCAA,247
TGCGTTACGGGACGTG,247
TGGCTATCGCATCGAG,247
TGTAAAGTGGAACTAG,247
TTTATCAACAGATTGG,247
TTTTGTTCATGAAGTC,247
AAAAACGCAAGGTATC,246
AAAACCAGCCGAATTG,246
AAATGAAATCGAAATA,246
AACCAACAGCCCCTAT,246
AACGGCGTCAAAGAAA,246
AAGATACGTTCAATAT,246
AAGTTAAACGGGAGGA,246
ACAAAGGGATATTCAA,246
ACAAGAGGCCAAATAA,246
ACAATTACTAGACACA,246
ACACCGCTATCATAGT,246
ACGGCAAACAACAGTT,246
AGAAAAATAATAAAAC,246
AGAAAACTAACCTTAG,246
AGGCTACCGAAATCGG,246
AGGCTGCGCATTACAA,246
AGTATAAAGTAGCTAC,246
ATAACAATAGGTAGTT,246
ATACCCCTAACAGCTA,246
ATATCAAGTCAGATCC,246
CAATTGAATTAACATA,246
CCATTACGAAACCTGT,246
CCGCTATACCGTATGA,246
CGCCGAAGGAAAAATG,246
CTGACCAGACTAAAGA,246
CTGGTATTACCTACCT,246
GATCGATAGCTCACCA,246
GGGCTTAATATTGAAT,246
GGTTGAACAAAGCTGC,246
GTGTACTGTGCATGGT,246
TATAATTAAATATCTT,246
TATAGCTATGATAGCA,246
TCCTTATTACCAGAAG,246
TGAACTAACGCAATGT,246
TGTGAAACATACGTTG,246
TTAACTCCCCCACCCG,246
TTCGAGGCAAGAACTA,246
TTCTTGCTTAAGATTA,246
AAACGAACAATGAACG,245
AATCGATAGGTGCTTT,245
ACCTAGAATTCCGTAC,245
ACGATATGCGACAGTT,245
AGATAAAGCAGGACAG,245
AGCGAATAAAAGAGGA,245
AGTTAATGGAAAATCA,245
ATACAGAAACCCACTT,245
ATCATCACGCCTAATA,245
ATTCCAACACATCAAG,245
ATTTACAATTATACTA,245
CAAATATCCCAGTCAA,245
CACAAAATACAGCTGT,245
CACTGGCTCACCCAAG,245
CATACCTAAGTTCCGC,245
CCAATCCCGTCGAATT,245
CCAGCCGTAAATCAAC,245
CCTTCTAAGAAATTGC,245
CGAATTAATAGAACCA,245
CGCGGATCTTATATAA,245
CTACTCACACACTTAA,245
CTCAATATTCTTATTG,245
CTCCGCAAAGAAGTAA,245
CTTAATGGGAAACACG,245
GCAAGTAAAAACCAGA,245
GCCCAGCGTCCCCGAA,245
GCGCAAGTTAGCGAAC,245
GCTTGGAACAAAGATA,245
GGACGGACATCGGGCG,245
GTTAATTAAGCTAAAA,245
TAAAGTAACTAGAACA,245
TAACTGAAAGACAGAC,245
TAAGAACCTTAAGGAC,245
TAATACTTACATGTAG,245
TAGTGCGCCCGTACGG,245
TCACGTGATACACTTC,245
TCAGTGCACCTACTAT,245
TCCGGTTCACGATGGA,245
TGATAAAGCATTAAGG,245
TGGTGCATTCGTATAC,245
TGTACTGGTTCTGTAG,245
TGTCTAGTACCCTTGA,245
TGTTCATCACAGCCAT,245
TTAAAGAAGTCCTTCC,245
AAAAAATCTAGATAAG,244
AAACATAGTAACTCTC,244
AACTCAGATATCAGCG,244
AAGTAATATTTCGAGC,244
AAGTGAAACCATAATA,244
AATTTGTCTTCACACC,244
AGCACAAATCTTACTG,244
AGGCGTGAGAACTATG,244
AGGTACTAATTCCAAA,244
AGTAGAGCTAACCACT,244
AGTGGCAACCTGCAGA,244
AGTTCTGGGGTGAAGG,244
ATGACAACATGAAAAA,244
ATGATAAAAAATCAAC,244
CAAAACACGCTGAACG,244
CACGAATTTACTATAG,244
CAGGAGACATTGCAGA,244
CAGTACAAACCAAACA,244
CCGAACCAGCCAAGGG,244
CCTAGAGTAATCAGCG,244
CTGGGTCCACCTACTA,244
GAATGCAAAATTTACA,244
GACTAAGTCTGCCAAT,244
GCATGATTGTGATGAA,244
GCCCGGTGCGCAAGCC,244
GTATGATAATCGAGAT,244
GTCACAGCTTAATGTT,244
GTGTAGACAGCCCCAT,244
TAAACTGGAATAATTT,244
TACGCTAAGGTCTAAC,244
TATTATTTAGGCACGG,244
TCACATACTAGACACA,244
TCACATCAAGTGAAGC,244
TCCACATACACATAAC,244
TGCAAAACGGTACTAA,244
TGTTTAATGCTTGCAG,244
TTGTCCAGTGGATAGA,244
AAACTGATTAGATAAC,243
AAATTTACTATCGTAA,243
AACAACTCAAACCACT,243
AACGTTCACGAGACTT,243
AATTGAGTATACATAA,243
ACCAGACATAACGGAC,243
ACTTCATCGAAGTCAT,243
AGCTCCCCCAGAATAT,243
AGTAGGACTCACAGCA,243
ATCCATCTCTGTGTCG,243
ATTGGCACGTATAATT,243
ATTTTTTCTGATTTCA,243
CACCTAGACACTAACA,243
CATAGTCATGTCCTAC,243
CGATGGAGAGGATTTG,243
GATGAGTAAAGACCGA,243
GCATGAGCCCTCTCTA,243
GCATTTCTTTAATCCG,243
GCCACACCGGTTGCGA,243
GGAATTAATAACTCCT,243
GTACAAGACTTACATT,243
GTACTTATTAAGAACA,243
GTGTAAATTAAATACG,243
TAATATCTGAACCTTG,243
TCAAAAGCGTATTGTA,243
TCAACCTAACCGCCGC,243
TCAGTTAAGTAAACAC,243
TCCGGATCAACCGGCA,243
TTAGGAATTCAATACG,243
TTGGGACCGCATATGA,243
TTTCTGGACTGGTAAC,243
TTTTTTTGCCGAGAAA,243
AAAAGTGAAATATGCC,242
AAAGGAAGCACATCCT,242
AACAGGGGCATCAACC,242
AACCAATTCAATCACC,242
AAGACCCAATTGCAAA,242
AAGAGCCTAAAGGTAC,242
ACCACTCTAGTCGGGC,242
ACCAGTAGGTCATTAA,242
ACCCGGCAACATAGTC,242
ATACAACCCCCCGATT,242
ATCCACACTAGCCGGA,242
CAAACCAAACAGATCG,242
CAACAGAATGTCAACC,242
CATACCCAACTACCTT,242
CCAAAGGTAAAGTTCC,242
CCCGTAATGACCTGTT,242
CCGAACATCTTGTCAA,242
CGAAGTTAGCGAGTAT,242
CTAGGTGACTGTTGGT,242
GACGAACTGTCTTTAC,242
GAGTGACGTTTAATGG,242
GCAGAATGACCTCGGC,242
GCATAATGTTCCCGTG,242
GCCGATCCCCACCCGA,242
GGCATCCTGATCATCG,242
GGCATCGCCGGTGGTG,242
GGCCAGTCACATCGAA,242
GGTACTTTCCCGAAAT,242
GTAAAATGCAATTACC,242
GTCCCATTACGAATGA,242
TAACCAACATATAGGC,242
TAACTCAGGCCTATTT,242
TAATTGTTGACATATC,242
TAGAAATATTTTGCAG,242
TAGAACCATGAAAATC,242
TAGCGATTTATCCTAA,242
TAGGAATTCTACCGTG,242
TAGTGCGGCGTGTCCT,242
TCCTTTTCAACAGCTG,242
TCGAGACTGTTGCCAC,242
TCGTTGAAAACAACTC,242
TGTCGATTGATGAGGT,242
TTAATTCTAGCTATTC,242
TTTTGACTACCTTACA,242
ACCCACGACCGAGTGT,241
AGGCCCAGGGCGTCAG,241
AGTGAATATCATGCCG,241
ATAAATCTTATGGAAC,241
ATGCTCCCCCAATGGT,241
CAAGTAATTACTATGT,241
CAATCCAGACAATCCA,241
CAGAACGGCCCCACCA,241
CCATTCACATTTGGAA,241
CCTAGTAAGATAATAA,241
CGAGTGAAATAGTGAA,241
CGGTCCAACCTTTTAG,241
CGTCCCCAAGAGCCAG,241
CTGCAAAAGAATGCCT,241
GCGCGTTGTAAAACTC,241
GCTCCTATCGTACGCG,241
GCTCGAATCCCGAATC,241
GGAAAAACGTGTTTTA,241
GGTTAAATAATACTCT,241
GTGAAGCTTGACCGCT,241
TAAACAAGAAAGATTA,241
TACAAGGTTCAGACTG,241
TAGCAAGGTGGTAGAA,241
TATCGACCAGAATGGA,241
TCAAACCTGCCACTAA,241
TCTGTCCACATTGAAA,241
TGAAGGCAACAGTACA,241
TGTTACTAGGAAAAAT,241
TTACTTGGCCACACAA,241
TTATCTTCAAAAACTT,241
TTCTAACAAAGCAAAT,241
TTCTCCGTAGGCTTCC,241
AACATTCCGACTGAAG,240
AACCTGCGAGTCCACA,240
AAGATCCATGTCCTTA,240
AAGCTTCCACAATTGC,240
AATCAGCGAATAAGTA,240
AGCACAACTCAGACCA,240
ATCACCACGAATCGCG,240
ATGTACAAAACGAACC,240
ATTTACTGTAACTATA,240
CATGAAGTATGACTAG,240
CCAATGGGAGAAAAAG,240
CCACAAAAAACTCTAC,240
CGGTCTAAAACGTACC,240
CGTAACATCGAAATTT,240
CGTGAGCGCATTAACC,240
CTCCCCCATAAAATAT,240
CTCCGCATACGTAAAA,240
CTCTCCTAAGGACTGG,240
GAAGAATTCACAATGC,240
GATATCCACTGCTAGA,240
GCTGGCTGCCAGAATC,240
GCTGTCGAGCTTGATT,240
GGACAGTCCGCAATTT,240
GGTAGTATATGAAGAA,240
GTAGCTAATTCAGAGA,240
TAAACTAAATTAACTG,240
TAAATCAAGACTCCTC,240
TACATTTTAATTAAAT,240
TAGATACAATCATGGA,240
TAGGTTAAATCGGCAC,240
TAGTACATCACATGCA,240
TCAACCCCGTAAAACT,240
TCACCGAACTTAAACC,240
TTATGCGGACGCGATC,240
AAAGATTACGGAGAAA,239
AACACCGTACCACCTA,239
AAGTAAAAAACCCAGA,239
AATGAACCAGGATTTG,239
AATTGAATTCAATGTA,239
AATTTCGTACGGCTAA,239
CACAAAGCGACACCGT,239
CCCTATAGATCATGAT,239
CCCTGAAATCCCATAC,239
CCGCACTTCAGGCTGG,239
CGGACTTGTACGAGGC,239
CTATTGGCATGTACAC,239
CTGAAGATATTCCGAA,239
GAGGAATCAGTACTGA,239
GAGTTATTACACATCC,239
GCCCATCCCCTAATGA,239
GCGGCGAAATGTACTG,239
GGCGAACTAAATAAAG,239
GGCGTTCTAACAACCT,239
GTCAGGATGGACTACG,239
GTGACTTTCAACGCGA,239
GTGCACATACAATGGG,239
TAGATTGGGAAGCTTG,239
TCCACATAACCGCTCC,239
TCCCAATCTTGTCGAT,239
TCTCTATATTAAATTA,239
TGAACAAAAAATGAAG,239
TTCAGCTTAATGGAAA,239
TTGTGATCACAGTTGA,239
TTTACCACTATAAAGT,239
AAACTTCAAGGTTAGA,238
AAGAAGTACTAGCATG,238
AAGACCAATAATAACC,238
AAGCGACGCTACTACA,238
AAGTTAAACATTACGC,238
AATCTCCAAAATGATA,238
ACAAATAATGGAATGA,238
ACCCATATTCACGTAT,238
ACTGATCAACGCTGGA,238
AGTAGACCACTGCTAA,238
ATGTTCCGAACCCGCA,238
ATTGCTCTTGTATCTT,238
ATTTATGTCTTTAATG,238
CACCCACAAGATGATT,238
CAGACCCCAAGTTTAA,238
CCGAGCCCGACAGACT,238
CTAGCTTCGTCTCTCC,238
GCAACTTGTGCTTACC,238
GCGAATCTAAACTTTG,238
GGTGATCTAACTACGT,238
GTATATTGACAACTGA,238
GTGATAATCGAAAAAT,238
TAAATCATGAACCCTC,238
TAAGAACATGCTGGTT,238
TAAGAACGGACTGGAA,238
TATAACAAATCGCTGC,238
TATACGTCTATGTAAA,238
TATGCTCCTACCAATA,238
TATGGGAGGTTAAAAG,238
TATTGAATAGATTCAA,238
TCTGCCACTCAATACA,238
TGCAATCCCGTGAAAG,238
TTGCCGAAGATAATAT,238
AAAACAATACAAAGAA,237
AAAACAGTGTCGCACA,237
AACAACATGAGCGATT,237
AAGCCACGTCACCATA,237
ACACCGAAACACAGAA,237
ATAATCAATTCAGGAT,237
ATCGAGATTATCTCAG,237
ATTAGACATATTAGCC,237
CAAAACAGGTATAAGA,237
CAAACAGACTGGAATT,237
CATAAGAACTAAGGTA,237
CCCCCACTAATTACCC,237
CCTGAAGTAAGTGCCC,237
CTAATTAACATAGCTA,237
CTCATAAAAACATTGA,237
CTCATGCCAAACAGAA,237
CTGAATTAAGTAGAAA,237
GAACACCGAGAAAACA,237
GAAGGACACTAGGTAA,237
GAAGTCTGATATATAA,237
GACCAGCACTTCCAAC,237
GAGCCCCAACTCAAGA,237
GATCCATGAAGGACCA,237
GATTCAACAGTATGTA,237
GCGTCTATAGCATGTT,237
GGATTCCTACTTGACA,237
GTTACGTCAATTCCCA,237
TAATCTGCCCCAATTA,237
TAATTAAAATCGATTC,237
TCTACGAGTACGAATA,237
TCTAGCGCTACAATCC,237
TTACGCGGATACCTTA,237
TTTAGATTCAATGGCT,237
AAAGCTCGATAACCAT,236
AAATAAAATCCAGTCA,236
ACAGTACAAAGGATTG,236
ACCGCTATAAGTTACA,236
ACCGTAGTCCAAAGGA,236
ACCTCTACCGTAAATT,236
AGGACAAGAGTATCAT,236
AGTAAGATAACCAGTG,236
AGTGCGATTACACATA,236
ATTATTATATAAAACC,236
ATTATTCACGTCAGTC,236
CAAGCCTTTTTAATGG,236
CAGAACAAAAACTAAA,236
CCGACATCATACAACA,236
CCTCACTATAAGAACA,236
CCTGCTAGAAATCAAT,236
CGAATTAGTTGGTGGA,236
CTAGCCGGAAGTGCTT,236
GAAAATGTCCTAGCCG,236
GAAGATTAATAATCTC,236
GAATACCATATTCATA,236
GCACCTTCGTGATTAC,236
GCGGAATACAGTGTCC,236
GGAGTAGGACACGAGG,236
GTCAAGCCTCAACTTG,236
GTCGCAGCGAGCACCA,236
TACCAGAAATCACATC,236
TATACTTATGCTTCCC,236
TGGATTGCGCACTTCA,236
TGTTACAGTTTAGGAC,236
TTCATACTCAGCAGAC,236
TTTATGCAAACAGCAG,236
AAAATACACAGCCAAG,235
AAATACCCTGTTATCA,235
AAGCGAAATAGCTTTC,235
AATAAAGACGATGAAA,235
ACAACTAGAAAAAACA,235
ACGAGCTCGCAAGGGT,235
ACGCAGAAGTATGAAC,235
ACTAAAAAAATGAACA,235
ACTCCAAAACCGCGAT,235
AGCGGCAAGTAAACAA,235
AGGAATAAACAACCAA,235
ATAACCAAAAGCACTC,235
ATATGAAAGAAAATCA,235
ATGGCTTTATCCCCAC,235
ATGTTTGAGTAGAAGA,235
ATTTTAGTGCGAATCT,235
CAAAGGAATAGTCGAA,235
CAATCAATACCTGAAT,235
CCGACCATTCCAAAAC,235
CCTGGTACGTGGGGCC,235
CGACCTTACACGTCGT,235
CGATACTTTGAAGGGT,235
CGGAAGCGATGCTCAA,235
CGGAATTCAGCTAGGT,235
TAGCACCCAGTGACCT,235
TCTAATAAAGCCAAAA,235
TCTCTGGTTGAACTGT,235
TGAGATTCAAACTACT,235
TGGCTGTACCAATTTA,235
TTACTCATACATTGCA,235
TTAGTATCCTGGAAAC,235
TTGGCATGACAAATCG,235
TTTAGTATGCGCTATC,235
AAACTTGGGTATACCC,234
AACGCCTAAGTGGAAT,234
ACAGAGATGAAACCAG,234
AGAAACAGTAAGTGGA,234
AGCGAGACGCAAAAGG,234
AGCTCACTGCAAATAA,234
ATGGCTTAGATCAAAC,234
CAACCCTCATTCTCCG,234
CATACCAACTATTAGT,234
CCACGTAAGATGAAAT,234
CCAGAACCGAAAGCAC,234
CCCCACACTGCCTACT,234
CCTGCTAGTGCATTAC,234
CCTTGTCGATTATACA,234
CGAAAGATACCAAGAC,234
CGCAGTAGCCTACTAA,234
CGCTAATTCTGATAAA,234
CTCTCCCCCCTGACAA,234
GAAAGCCAACATAGTC,234
GAATACAAGACGCCGA,234
GACAATTTAAAATACA,234
GATGTATATACACTGC,234
GATTACAATATGAAAA,234
GCTCCGATATTATAAC,234
GGGTTAAGATGACAAA,234
GTCTGATCACGCTAAG,234
TAAACAATAATCGCAA,234
TATTCAATAACCAAAC,234
TCATACGGACGAGATG,234
TCCGATCTGAAGGTAC,234
TCGTTGCTACCACCTT,234
TCTCCTTCAATATGGG,234
TCTTATTCTTGTGATG,234
TGACGTTTTTATATCA,234
TGCACGGCCTTCTGGT,234
TGTTCATGATTCTCAT,234
TTTTAACCAGCCTAAA,234
AAACTCCTTCAACAAT,233
AAATATGTTGCTTTAT,233
AACAATTTATAGAAAG,233
AAGGTGTGCCACCACG,233
AATGTAGCCATGTAAC,233
ACCGACCAGCACCCTC,233
ACGAGAAGTGCTTGCA,233
ACGATACTGAACACCA,233
AGAAGAAACACCGACG,233
AGATCGATGATGCTGA,233
AGCCGATGTTAAGTTA,233
AGCTGACATCCACACT,233
AGTGCAGCTTATTTCA,233
ATGTTAAAGTGGTATT,233
ATGTTCCATAGCCGAC,233
CAACACAAAAGCATTT,233
CAGGACTCTGAAACGC,233
CATAGAAGGTGTACCA,233
CATATAAATCTCATCA,233
CCCGATAACACCAAAA,233
CGACCCGAAAGCACAT,233
CGAGAGATGAGGTCCA,233
CTAGTTTACGCCGTGC,233
CTCATATGAACCAACG,233
CTGACACCACGTCTAA,233
CTGCCGAACCTCAAAA,233
GAACCTAGGTAGCGCA,233
GACTTTAAAAAAGGAG,233
GGGATATGTCCTACAA,233
GTACAGCAAGCATGAG,233
GTTCCAACACCTACAT,233
TATTATACTTAATCCA,233
TCAAGTGTAAAAAGCG,233
TGAATCCTAGAACACA,233
TGCTCTAAGTTGCACA,233
AAAAACAATAAATATA,232
AAATGAGGAAATAGAG,232
AACGATCAGGAGAGGT,232
AAGAGATAGGAAATTG,232
ACATATAACCTATGAA,232
ACATCGCCAGGTGCAA,232
ACTTGATTCAATCGAA,232
AGATGTTAAAATAACT,232
AGATTGAATTAAAAAC,232
AGTGACCCGACTAAGT,232
ATACCGAGATGCTTTA,232
ATACGAACTTATAGGC,232
ATACTAAAGATTTTTG,232
ATATATTACGACCGAT,232
ATATGATTACAAAAAT,232
ATCCGAATACTCGCCA,232
ATGGACTCAAATGTCC,232
CAAAAATACTCTTGCC,232
CAAAGGTAACATATCA,232
CAACCATCTTGCAACA,232
CACGGACCTACAAGAT,232
CAGAATAAAACTGCAA,232
CAGAGTAAATCAGCAG,232
CCAGAGTTAAAAAACA,232
CGCATGCATCTGAACG,232
CGCTCCACGGAATGGA,232
CGGTGATAGATACTCT,232
CTTCGTTCACGTATAA,232
CTTGGCATAGCACACA,232
GAAGCACGTCTTGAGA,232
GACTATCACCCTCCAT,232
GAGCAAAAGAAGTATT,232
GCTAACAGTTTTACTT,232
GGAATTAATATCATCC,232
GGAGAGACACTGCTAG,232
GGCATCTTTTCCTTGA,232
GGGAACTTGCTCCCAG,232
GGTAATATTTAACTCG,232
GTAGAAATACATGGCC,232
GTCCGCACTAAAACTG,232
GTTACTTACGTAATAT,232
GTTTGATTCTCCTCGC,232
TAGGCATCCGAATCAA,232
TATACAGAACTGCCCT,232
TCTACCCATACACATA,232
TGGTCGGTGAATTGTA,232
TTACTGAAGCCAATCG,232
TTCACTTAGTTACATA,232
TTGCCAGAATAAAAAG,232
AAAAAACCTACTGTTA,231
AAAAAGTCAAGAGCAC,231
AAACCTAATTTCCATA,231
AAATCCAAAGAAAAAT,231
AAGATAACGTTTAAAA,231
AAGGCTGATATGAGAC,231
AATTCTACCAAGCGAT,231
ACAAGAGGCACCTAAA,231
ACATAAACCGCATAAT,231
ACATCTTACGAGACGT,231
ACATTCAAGTCTGTTG,231
ACCGGTATAAATATAC,231
AGCGACGCCATTACCT,231
ATAAGTTCCCACACTG,231
ATACAATTGTCATTGT,231
ATATACTAACAGTGAT,231
ATTTAAAGAGCTGAAC,231
CAATATTTCTTGTATT,231
CATATGTAGCCCCCAG,231
CCCAGACACAACAAGT,231
CCCGCGAACACAAAGA,231
CCGAAAATGAAGTCCT,231
CCGAATTCATACATGC,231
CCTATCCTCAGGATAT,231
CGCCGTATAAGGAACG,231
CTAATACCAAATGCAG,231
CTCTGACCATGCCGCT,231
GATTTCACGTGCAGAG,231
GCAGACTCTGGTATAA,231
GGCAATTGGAAACGGT,231
TAGGAAGCCCGTATAA,231
TCAGGATCACAGATAT,231
TGATGTGACATTATTC,231
TGCCAACAGAGAACAA,231
AAAACGCCCTAGTGGA,230
AAAAGACTGAAATCAA,230
AACTTCAGATACGCAC,230
AAGCAACATTTAGATT,230
AATAAGAGATACTTAA,230
AATCTATTGATCCCAA,230
AATGTGAATACATATT,230
ACCCGACGAACTGACC,230
ACCTGTGATCTGCAGT,230
ACTTTACTTACAAAAG,230
AGAAACTTAATATAAA,230
AGCATATTCTTAGATT,230
ATACAATATTAAACGA,230
ATCAACTATGGAGTCA,230
ATCGAACTAGTCAGAG,230
ATCGACTTCCAATGAA,230
CAAATAAACTATACTA,230
CAACATAAATTGTATC,230
CATGGAACTTACATAG,230
CCATAGCGATATTCAT,230
CCTGATAATGCAAATA,230
CTAACCCTATAACATC,230
CTCTAAGCAAATGTCC,230
CTTGCCCAATCACGGT,230
GAGGCTACATTGGTTC,230
GAGTTTAACAAATTAT,230
GCAACTACATGAAAAA,230
GCGTATACCACATATA,230
GGATATCAAAGCAACA,230
GTCAACAGAAATTAAG,230
GTGTAAATAGGAACCT,230
TAAATCTCACCAAGCC,230
TAATGAGAGCCCTGAT,230
TACACTTGTTAAAATA,230
TATGTAGCCGGTAAGA,230
TCCGTCAAGTAACGAA,230
TCGGATATGTCCTATA,230
TCGTTCAGTGAGCCAC,230
TGAAGTCAGCAGACGT,230
TTACATAACCCCCAGG,230
TTCCCAGAGAATATTT,230
AACAGCGATTTTTCAT,229
AACTTGTGATCGATCA,229
AAGCAATTATCACTTT,229
AAGGGACAACCCAAAC,229
AAGTAAACATCGTAAA,229
AAGTCCTAAATACAGA,229
AATGTATATATAAACT,229
AATTACACCGACTAGA,229
ACAAAATGATAAAAAA,229
ACATCTAAGAGTGGTT,229
ACATGGATGTATTCCT,229
ACTCAGTAACGATTCA,229
AGGCCTTGACGGGACT,229
AGGTCCTTCGGATTAG,229
AGTACCAAGTGAAGAC,229
AGTACTCGTCTTAATC,229
CAAAAGGAACAGTTAC,229
CAAATTACATTATAAC,229
CAATAGCAGGTCCAGC,229
CAGAAAAGAATCGTGT,229
CAGGACACTCCTTAAA,229
CATGTTTTAACTAATT,229
CCAGGTACCGAGACTC,229
CCGATACGTAAACATA,229
CCTGTTTCGAACAAGA,229
CGAAACCCCGGATAGA,229
CTTTAGGAACCTTGCC,229
GAACATTTCACAACCT,229
GAACTTCAAAAAATAG,229
GACATTCCGATCGATT,229
GCACCAAATAATCACA,229
GCCAAAGTACTAAATG,229
GCCATAGAAGCGCTGC,229
GCTGTGCATTAGCTCA,229
GGAACTCCGTTGCAGA,229
GGATTTGAAGGACGAA,229
TACACGTTTGTAAAAG,229
TATACGTGGCTGATAA,229
TCATCAACCCGAAATA,229
TCCACTTTAAGAATTG,229
TCCTGCCGGTCTCACA,229
TCGCTCCAAAACTCTA,229
TCTCAGTAATCTCCAG,229
TCTTCTACCGTATCAA,229
TGGCCGAGTAATGTTA,229
TTCTGTGTAAAATATT,229
TTGAAGTATTCGGTTG,229
TTGCAGAAATAGGAAT,229
AAAACAGATCACTGTA,228
AAACTACATAGCATTA,228
AAAGGAAATTACTGGA,228
AAATGCAGAAAACCCA,228
AAATTAATAAACGTTA,228
AAATTTCGAGATACAG,228
AACAGTAATAAAAGTA,228
AACTTCTTATAACAAA,228
AATTCCAAGCACATAG,228
ACATCCGATCAGACTG,228
ACCAAGCCCGAAAAAG,228
ACCACGTGGCTACTAA,228
ACCACTAATTGGTAAT,228
ACCCCGTTATGACGCA,228
ACCGTAAAGAGGCAAA,228
ACCGTCACGTATCACT,228
ACGTCGACAATTTATC,228
ACTTGCATCCTTAGCT,228
AGCTGCTTTCCTACAT,228
ATAGCATGTCTGGTCA,228
ATGCATACTCATGCTG,228
CAAATAAGGGAAAAGA,228
CACCTCCATCACAGAA,228
CAGAATGTACAAATGT,228
CATACATTCAAGATTC,228
CCCAAACTCTCAGATA,228
CCCGATGTAACACCCC,228
CCCGGGTGAGAATTAA,228
CCTGACCTAAGAGAAG,228
CGAAGATTAACAGTCG,228
CGCTGAGATACTGCTA,228
CTTAAATTTCTATATT,228
GCGCTTGCAATATGGA,228
GCGTGACTAACTAATC,228
GTAATTAATCGAATTG,228
GTGTCTCAATAACACC,228
TAGCACAATACTCTGT,228
TAGGAACATCAGCGAT,228
TATTACCTACGACATC,228
TATTATGACATCAAGA,228
TCACTCAGATAAAACA,228
TCTTACTATTAGAATC,228
TGCTTGATTCACGAAT,228
TTATAAATACCAAGAA,228
TTTAACACAATACTTA,228
AAAAAAGCAAGATGCG,227
AAAAATAAACAAGTAT,227
AAAGAGAACTAATAAG,227
AAATTCCCGTCAGGAG,227
AACAAACTTAGATGCA,227
AACTTATCCATTTCTA,227
AAGGGATCTATTTTAG,227
AAGTTGGAATTCTCCC,227
ACACCGATTGACCATG,227
ACATAACCTGTAAAAA,227
ACCGCCAATAGAACCC,227
ACCTATAACTAGGACC,227
AGACTTTTAAGGTGAG,227
ATACGAGGTGCGTATA,227
ATCCGATGCTAAATAT,227
ATGGTACAAGAAACAC,227
CGTACGGATGGAACTA,227
CGTTTATGCAGAGGAA,227
CTAAGGAAAACGCGTT,227
CTCAGCCCCAGCCTAC,227
CTCGGCGACGAACATA,227
CTGCAAAACACGATAA,227
CTTCGTCTGATACACC,227
GACAGGTAGGCGAGAA,227
GACCGAGCGGACACCA,227
GATATAATACCCACAG,227
GGGGCGAAAGAACATC,227
GGTACTGTCACTAAAT,227
GGTCGGCTTCTTCGTC,227
TAAGCAACACATACCG,227
TATTCTAAGTTCAATA,227
TCGTTACGCACAGCCT,227
TGACACAAAACACATA,227
TGCCACCTAAAAGCAT,227
TTACATATAAGAAAGA,227
TTACTCGAGTAAACCC,227
TTCCACTGCTGCTCGG,227
TTGGAAAAACCCGCCG,227
TTTTGTCTCCCAGCAT,227
AAACAATAATTAACTA,226
AACCAACCTGCCACTG,226
AACCAGAAAGGAGATG,226
AATCAGCCTACATGCA,226
AATCAGTCCAAATATA,226
ACAATAAATTGCCAGA,226
ACGTACCTAAGGAATT,226
ACTTAAACGTGTTTTC,226
AGGGCGTGCTTGGCAG,226
ATAGAAAAACAAATAA,226
ATAGAATTAACTTCCC,226
ATCCACATACCAAATC,226
ATGTTGAAGACTCAGA,226
ATTATTGACAGACATT,226
CACGTAATTAAAGAGA,226
CACTATCCTCATATGA,226
CATAATAGTTTTTATA,226
CCAACCCCATGGCACC,226
CCACAGAATTGCTTAA,226
CCCCTACATATCTCAA,226
CCGATTCTGTTATTCC,226
CCTAGAGACCGCCTCA,226
GAAAAAGGGCCCCTAG,226
GAAGAATATTCCACGT,226
GAATGTTCCCGTAAAG,226
GAGCGCATGTTTGATA,226
GATAGGAAATAACGAG,226
GATCGGTTCTGATCGA,226
GCAAGACTACGTCATA,226
GGGAAATACACCAGAA,226
GTCCAAACTAAAAAAA,226
TAAGCCAGGGATTCAA,226
TACGATGACTGTACCG,226
TACGGGTAACGAACTC,226
TACTCATCCCATGGAG,226
TAGGCCATCGAGATAT,226
TATAAGGGACGCAACC,226
TGAACCCCGCAATATA,226
TGGAGGCGACCTCATC,226
TTAATCCTTCACGGAG,226
TTACGTTATACTTACT,226
TTCGGAACCGTACTTC,226
AACATATACAGGAAAC,225
AATCGATGTGTTAACT,225
ACAATGTCTCTCGTAG,225
ACCAGAGCAAAATATA,225
AGGCGAAAATAAGTAA,225
ATCACGTTAAAGATAA,225
ATCTGTTTATGATAGC,225
ATTATTTAAAAACGAA,225
ATTGTCTATCCGACTT,225
CAAATAACTTTTGCAT,225
CAAGCATCAGGTATAT,225
CAATAGGACGCTCGCA,225
CACATACTGACTCCCA,225
CAGAGAAACTTTCAAG,225
CGAGACATAAGGTCGG,225
CGGCTTCAAGAAAGTA,225
CTACGTAGCCTCATAC,225
CTAGACGATAGCCCTA,225
CTCCGAAACCATCAGA,225
CTCCTGAAATTCAGAC,225
GAAACCTATTTTCTAA,225
GAAAGTTAACGATCAG,225
GAAATATCCAGGAAAG,225
GAAATTAACTAGAGCC,225
GAACGACCAGGCGACC,225
GATAGGCAAACCGCCA,225
GCAAAATAGTTAACAT,225
GCTGGCACTATACCCA,225
GGTCCCCCACAGCTCC,225
GTATGGAGTATTGAGG,225
TAAATATACGTTCGTA,225
TAAGTATCCAAACAGT,225
TAAGTTACAAGATCGT,225
TAATAACAAGAACCTA,225
TATAATTAACAATTTC,225
TATGATGTTAAGTACG,225
TCAATAGAAAATATGA,225
TCATTATTTCGAAAAG,225
TCTACAATGGCCGGGC,225
TGAATATTAGGATCAC,225
TGAGATTGCCTGTAAG,225
TTAATTCTGTGGATAA,225
AAAGTAACACAACACT,224
AAAGTACAAGTCGAAA,224
AAAGTGCCAACAATAA,224
AAATAGCACACGTCAC,224
AAGCCAATCTTGCTGT,224
AAGTGACCTAAACACC,224
AATCAATTGTGCACAA,224
AATGTTACTACGCAAA,224
ACAGACTACTACCTTA,224
ACAGGTGTTTCATCAT,224
ACCTAATACGCGACTA,224
ACGACATACGTTCCCC,224
ACTTAGTTCGTCGTCC,224
AGCCTTATAAAACGGA,224
ATAGAAGTGAGGTAGA,224
ATCCACTATGCAAAAA,224
ATGGCTAACAATCTTG,224
ATTAGGCTCTAAAAGA,224
ATTCACTAAAAACATA,224
CAGATCCTACAAAACG,224
CAGCAATTAAGAACCT,224
CATAGACCAAAGAAGC,224
CCATTAATACTCAGAA,224
CGCAAAAGGTCACTAA,224
CGGCACAGGCGTACAT,224
CTGCGAAACAGTTGCT,224
GATGGATCGTAGTCCA,224
GCAGAAAATACGTCAA,224
GGCGCAAAGACGACCC,224
GTAACATCGTCCACCC,224
TATACCACATCTGACA,224
TATGATTTATTAAGGA,224
TCAAAAACATACAAGA,224
TCACATAAAACACCGG,224
TCCACGTCGCTAAGAC,224
TGCTAATCCTTATTTC,224
TGTAAAGACATGATAC,224
TTACTCAAAATATAGT,224
TTGACGGATGGTTGTG,224
TTTCAAGATTAAACAA,224
AAACTTGGAGACCGAT,223
AAAGTGCAACCACATC,223
AACACAGAAAAGTCCT,223
AACGATGTTATATGAC,223
AATAAACGAGGTAAAC,223
AATAATTTTTTACCGT,223
ACAACAACAAGTAACC,223
ACAACAGACTTACTCC,223
ATATAACGTCATAGGA,223
ATATGATCTCCATTAC,223
ATCACAAAGCACTATG,223
ATCTCTACCAAAAAAG,223
ATTAAGCTCCTCCTCA,223
ATTAATATATGGAACA,223
ATTCGTGGGAAACTGA,223
CACTCTCGTACAAGCC,223
CATATGTATACTACCA,223
CCGTGCACGATGTGGA,223
CGATCACTCCGGAAAA,223
CTAACATCCAGTATCA,223
GAAACACAATCCAAAA,223
GAAAGGCGCAAAAGTC,223
GAAGATAGAATAGAAG,223
GAATATTTAGGACGAA,223
GCCCCAACGCAAACAG,223
GCCGGCGCATCAAGCA,223
GGAAGGTGAAGAAGGG,223
GGCGTGAAGAACATTG,223
GTCCAATCGCTTTAAA,223
GTTAAAAATGATTACC,223
TAACTCTACCCTAAAC,223
TAAGCAATACTAGACC,223
TAATGAGTAAGCGATC,223
TCATAGGTTCATTCTG,223
TCGTAGGAAGATCTTT,223
TCTTTAAAAACAGGGG,223
TGGGCTTATGTTAAAT,223
TGGTGAGAATAAACTG,223
TTACACGCAGTCCAAG,223
TTCAAAAATTATTCTC,223
TTCCACATAAATCCTA,223
TTTAGAGACCGGGTTA,223
TTTATACCGATGCCAG,223
AAAATAACGGTAAAAA,222
AAGGCTGGCTAACTAA,222
AAGGGTTAAAGGCTAT,222
AATCAGCTAACTATCA,222
AATTAAGATAAGTGGA,222
ACATATAACCATAACA,222
AGAAATCAAATGTGGC,222
AGCTCCTTGTGACCCC,222
AGGTCTTATAAAGTGG,222
AGTCAGGTGCCCAAAA,222
ATAAAGTAAATGCACA,222
ATCAACTAAACTAAGG,222
ATGATTAGGCGCTAAC,222
ATTAAATTCAACAATA,222
ATTCCATCACGGGCAA,222
ATTCCCTGAAACGCTC,222
ATTCTAACTAACAAAA,222
CAAACAGGTCGGAAGG,222
CAACTCTACAGCATTC,222
CACGATACTCCGTTTA,222
CACTTTATGATACGAT,222
CAGAGAAACTGATAGA,222
CAGTAGCGAGGACTAC,222
CATGTAAGATCCCGCC,222
CGAAACTAAAGGAAGC,222
CGAAGGCTAACTCTTT,222
CGCGCTATATCGCAAA,222
CTCACTAATAGCTAAA,222
CTGTTAGCACCGTAAT,222
GACGACAGTATGTATA,222
GCAAGTACTTTCAAGG,222
GCAGACATTAATTCAA,222
GCCACAAAGCTAATTA,222
GCCCGGATAACTGCGG,222
GCGCCCTACATGCCAA,222
GTTAATCTCGGTCGAA,222
GTTCTTCATTTCAGAT,222
GTTTTAAATACCTCGA,222
TACTCATAATATTACC,222
TAGCTATGTAATTGAA,222
TCGACTTCAGCTCACA,222
TCTATTGCCAAACACA,222
TGAAGAAATAGATGAA,222
TGTACCATGCTTGAGC,222
TTAAAAATCCAAATAA,222
TTAATACATAATACAT,222
TTAATACTCACCCCCA,222
AAACATGTTCAATTCC,221
AAACTGATAGCAGTAA,221
AAAGAACGGTTGGACT,221
AAATAACATCACAACA,221
AACAAGGGACGCTATC,221
AACCGCTCATGCGCAG,221
AACTTCCCATGCATAA,221
AAGAAAAACCCTAGTA,221
AAGATTACAAAGAGAC,221
AAGGCCCTCGGTACTA,221
ACGCTCCTAACTCAGC,221
ACTAACTACCCAGTGG,221
ACTGAAGTGCTTATAC,221
AGACCATAACGTATGA,221
ATGAACTACAGAAACA,221
ATGATTTAGAATCAAG,221
ATTACGAGGTTCTACA,221
CAGAGTCGATGATATG,221
CCAGCCACTAATTAAA,221
CCCCCCTCTTACCTGA,221
CCGACATAAGTGACTA,221
CGCAAAACACTTAAAA,221
CGCAGTTAATATTATC,221
CGCGCTCACCCATTTA,221
CGGTTATATTACCATT,221
CTATAAATGTCGGAGG,221
CTCATCCGAACATCTC,221
CTTTCTATAACCAGGA,221
GAACAGTCATCTAACA,221
GAACTTTGTTCAGCCT,221
GAGGAGTACTAGCGAC,221
GCGCAGGACCTTGCTC,221
GGGAGAGCAAGTCCAA,221
GGTTATGGGTGACCTA,221
GTACGCTAACAAGTTA,221
GTCAGCAAACGCATGT,221
GTGACGGTAAAAGGAC,221
GTTATCAAGGTCCATT,221
TCAAACGTCTAAAGCA,221
TCTCCCTTTCAACATC,221
TGACGTAACAATGTTC,221
TGATTTTAGAAGTATG,221
TGTAGCGAGCGTCAAG,221
TTAAAGAAATATTTAC,221
AAAAGAAATTCGATTA,220
AAATATCCGCGGCTAA,220
AAATGAACCAAAGCGC,220
AAATGTCAAGAAAACA,220
AACAACAATGGCAATC,220
AACTGGCCAGACGTTA,220
AATCGAATTCAGATAG,220
ACCAAAACGAGAGAAG,220
ACGAGAAGTCGAAAAT,220
AGCACGATGCTGGATG,220
AGCCAAGTCGTAACGT,220
AGTAATACACAACATA,220
ATAAAAGTATGACAGG,220
ATCAACAACATAAATC,220
ATCCACTTGCTTTTAT,220
ATCTAACATAAAAGGG,220
ATCTTAATATTCGCAA,220
ATTCGGACTTTAGTTA,220
CACTACGTCACATACC,220
CCTCCAATAAAACTTT,220
CCTGAAGAAAACATAA,220
CTAAAACCACACTGGA,220
CTACAAGAAATTCTCC,220
GAACTCCAACAACTGG,220
GACAAATTACAAGAGA,220
GACTGGAATACACTAT,220
GCAAACAAGTTGTTCA,220
GGATGATGCAAGTGAG,220
GTGGCAAAGGGTCCTA,220
GTTAGAACGTCAAGGA,220
GTTCAATTTTTCATAA,220
GTTCGCCGCCTAGCAC,220
TAAAAGCACGCATAGG,220
TAAATTTCATGTGAAT,220
TAGCAATCTCTCGCAC,220
TCAAGTTATGGTCTCA,220
TCAGGTTGAAAGCCGG,220
TCGGCGCAGAAAGCAC,220
TGAATATAACCACCAT,220
TTAGTACGAGACAAAC,220
TTGAAACAAAAAGTAC,220
AAAGCGTGGAAGTGCA,219
AATATACAGTATTATC,219
ACAAACTGAAGCATTC,219
ACAGCGAAATACTAGC,219
ACCCACCAAGTTACGG,219
ACCTCCGGACTATTGT,219
ACGAGACAGCGCACAA,219
ACTATTCCAACTGAAC,219
ACTCATCGAACTCATA,219
AGCGGATAGCCAAAGT,219
ATATTAGTTTAAGAAC,219
ATCACTCTACCACGAT,219
CAACACATGCCGAGAA,219
CATGAAAACATCATAA,219
CGACCTGAGGGAGTGA,219
CTAGAGACAATAGTAA,219
CTATTAAAGAACCAAC,219
CTCTACATGTAAACAC,219
GAAAATTAGACCAACC,219
GAAATAAACGATCCCA,219
GAACAGAGAAAAGCAT,219
GACTCGAAAAAGTGGA,219
GAGTGTTGACAAAAAC,219
GCTAACAAGTTTTGGA,219
GCTCCACCTTCAATCT,219
GGCTTATATACTCGAC,219
GGTTTACCGATAGCAT,219
GTAATTTACGTACACC,219
TAAAAACTCAATCTTT,219
TCAATTAGTCTGGCCA,219
TCGATGGTTACAGTCT,219
TCTTATATATAGATTG,219
TGAGCAAGTTTGATGG,219
TGGAGGCGACGACTAT,219
TTAAAACAAAAGTGTA,219
TTATCAATATTTCGTA,219
TTCGCAAAATGCGAAT,219
TTTGTAACATCTAAAG,219
AAAGTATACTCTCCAG,218
ACAATAAGCGATTTGT,218
ACGACTTAAAAGCCGG,218
AGTCAAATAGAAGCAG,218
AGTTTTACTTACTGAG,218
CAAAGCCTTTGCCAAT,218
CAAGGGTACACGTCTA,218
CACAAAGCTAACACCA,218
CCATTGGCGAATATCA,218
CGAAAAATAAAACATG,218
CGACGTTCCTCCACCA,218
CTACGAAAAAGAGAAA,218
CTAGCCAAGTTAGCTC,218
CTGACCGGAGAGATTT,218
GAGCCGGTTAATAACG,218
GCTAGAAAATACGCAT,218
GGACCATCCCAATGTT,218
GGCCTAATATGCAAAC,218
GGTGAGCCATAAGTAT,218
GTACCAAACTTAAATA,218
TAAGGGTATTTATATA,218
TAATTTAATTCTGCCC,218
TAGGAAACGTTCCAAG,218
TGAATGATCGTACACG,218
TGGTCATATGTTGGAC,218
TTACTAGATTATCACA,218
TTTCGTCCCATCTTAT,218
TTTGGTTAGAGGAACA,218
TTTTGAGAACTTCATC,218
AAAAAAATTCCGATGA,217
AAAAATTGTAGCAACA,217
AAAAGGGGTTAGCACA,217
AAAATCAATCAATCGA,217
AAACCGAACCACAGAT,217
AATAATTCCATTATAC,217
AATGTAGCTACGATGC,217
ACAGTGATTGTCACAC,217
ACATACAAATTAAAAG,217
ACTGACGTATATAAAC,217
CCACTGCTTGAAATTT,217
CCCCAGGCCGAAATGA,217
CGATGTCTTTTTTTAC,217
CGGCAAATCGCCTATA,217
CTAAAGAGATCGCATC,217
CTTTACCACTGTTTCA,217
GAACTCAAATTATCAT,217
GAGAAATCACGGATTA,217
GAGTACTCCCGTTATC,217
GGAAAATTCAGAAGAA,217
GTAAGGGAATCCTACG,217
GTCCGAGATATGTCTA,217
GTCTTCCTAATATGAC,217
GTGGAAAGTTACAAAG,217
TAAATAGTCTAATAAT,217
TAACACCACAATCTGA,217
TAACGAAACAAAATCT,217
TAATAATGTGTTAAGT,217
TATACAGGTCACAATG,217
TGACAATAGTGACTGA,217
TGGCACTGTTCCTAAT,217
TTAATGTACCTCTAAT,217
TTGTTAATTAGATTAC,217
AAAACATTCAATTTAG,216
AAATCACCTAAATTTA,216
AATACATTAACTACAC,216
AATTGATTACGAGCTC,216
AATTTCTCATCACAAC,216
ACCTAAATAGAAAGAA,216
ACGAAACCATCCAAGA,216
ACTCCTCAGGGGACTA,216
AGCTCGATCACAACTG,216
AGGCGCACGAATCTTG,216
ATAAATAGAGACAACT,216
ATAAGAACACACAATC,216
ATAGTTTCTATATTTG,216
ATCAAACAAATAATGG,216
ATCGCGATATCGGGGA,216
ATGAAGTATATGTAAA,216
ATTTAAGAGGATCAAA,216
CAACCACCTCCGAGGA,216
CACCAGCCTATTCCCA,216
CAGAAGCCCCGAGATC,216
CATTAATTAAATAGGA,216
CCATACATCTCCATCA,216
CCTAAAAAGCACTAAA,216
CCTGTGGAAGACAACA,216
CGAAGAAGGCATACTT,216
CGAGTCCAAAAGGTTA,216
CTCAGCCTGACACCTT,216
CTGAGTAATATACAAA,216
GAAAATTCTACTACAA,216
GAACTAAGATCTGGGA,216
GAATTGACCACTAAGA,216
GACACTACAAACAAGA,216
GATTGAGATAGAATAA,216
GCCGTACGACGAAATT,216
GCTAACACTTATTCGA,216
GGATACTAACAAAAAG,216
GGATGAAAAATGCAAA,216
GGCAACTAGACCAGGC,216
TAAGACCACACGAGCG,216
TAATAGAACACGAAAT,216
TAGACTTTGAACTAAA,216
TAGCAACGGGACTAGC,216
TCACATGTATAAACCT,216
TGGATGCCATAAATGT,216
TGTGCTTAAAATATCG,216
TTACGTCTATTGCTCA,216
AAAATGACCCTCGGGG,215
AAAGAACACCCTATAA,215
AACCCTATACGGTCTG,215
AAGCCGCGTAACAAAA,215
AATACGAATAACTCGA,215
ACAAACTAGTGCATGA,215
ACCATATAGAGTAGTA,215
ACGAACTTACATTCAA,215
AGAAACATTATCAAGC,215
ATAGCCGTTCAAGAAA,215
CAAATAACAGTATCCC,215
CAGAACGGTCTGGCTA,215
CCTCAAATACTTGCAG,215
CGAAAAACTCTTAGTC,215
CGATATGCGGTACTAC,215
CGGGGAACGACGCGAG,215
CTCCTCGGAATCTTAT,215
GAAGCTTACATGCAAT,215
GACCACGGCATGACCG,215
GAGCACCAGTAAACTT,215
GATAGCATCCAGCAGA,215
GCAGCCTCCTCCAATA,215
GGCAGCGGTTCCGAGC,215
GGGCTACAATTATTCA,215
GTGTACGCAATTAGCT,215
GTTACAACACAATTTT,215
TAAATACTCTCTCTAC,215
TATATCAACCCCACCC,215
TATTATTAAGGCCTGC,215
TCAATACCCCTGTGTA,215
TCCGGGCAGCGCCCGA,215
TGAGCTGTATCTCCGA,215
TGGGCTTATACAAGAT,215
TTATTCCCATAACATA,215
TTCCGTTCTCTTATTT,215
TTGCAGTAATGTTGTA,215
AAAATTCACTACACTT,214
AAATATGCAATAAGTA,214
AACACGATATCCGCAA,214
AAGACGCAATAAGAGA,214
AATTAATCCTCCGACA,214
AATTTTAACTGCAGTA,214
ACATCCGACAATAATC,214
ACCGCGGGCGACGACA,214
ACTCAGACTTAACAAA,214
AGAAACAAAAAGTAAA,214
AGAGTATGATGCGTCA,214
AGCATGGGGAATAATA,214
AGGCTAGGACGTGGTC,214
AGGTTCATCACTTAGG,214
AGTGAATAGATACCTT,214
AGTTAAATTAAATGAT,214
AGTTTGCCAAACCTCA,214
ATTATATCAAGTCAGG,214
ATTTCGTCATCCTGGT,214
CAAAGCTTATCATCAG,214
CACGACACAGACTAAA,214
CATTATAAAGAACACA,214
CCCCCACTGTCAGAAA,214
CCGGCTCGCACCACCA,214
CCTAACAATAGAAGAT,214
CCTGTCCCTAAGAGCC,214
CGAATACCGCAAAGGG,214
CGCACGGCAAGTCCCG,214
CGCAGATGAGAATGCA,214
CGCCTCATACAAGAAT,214
CGGTTTCCAAACCATC,214
CGTGTCAACTCTCACA,214
CTTCACAACTACTGGG,214
GAAAAGAATCATAAAC,214
GAATCATTATAGATCA,214
GAATTTGAGGGAATCT,214
GACCGATCCTATTAAA,214
GATCAATCATACTGAA,214
GCACAAGATATGAGCC,214
GCAGGCGCTTGAAGTG,214
GCTAGGAACACCAATT,214
GGAAGGACGCTTACAA,214
GTTTCTAGAAGATATG,214
TAGCATTAATACCAGT,214
TATATCCAGTTAACGC,214
TCATGCCTCATTTATA,214
TCCAATAAGGCTATGC,214
TCTAGAGCTAGAAATT,214
TCTAGATAACAACGAG,214
TGCGGTACACCAAATG,214
TGTAATAGTCATTTAC,214
TGTCTGAAATACGTCA,214
TTCCAATATTAAGTAT,214
TTCCCAGTTGAGAATG,214
TTTTCGGTCCATAAAC,214
AAAATCAACAAAAAAA,213
AACAACGGAATAATAG,213
AATGTGTCCTTATAAT,213
ACATTTAGAGGAAAGC,213
ACCAACCAAATCTCTA,213
ACCAACGGCTTAGCGT,213
ACTTAGTGGTGTTCCT,213
AGCGATTCCATAGTTA,213
AGTAAATAAAAAAAAC,213
AGTTGAGGCCATGACC,213
ATAAGACATCAAAGCA,213
ATACATCAAAAAGGAC,213
ATTATAAAAACTATCT,213
CAATGTACGAAAACCT,213
CATAACGTTTTACAAC,213
CCATCTATACTTCGAA,213
CCATTTAGATTGACTG,213
CCCTCAGCAAGGTCCT,213
CCTGAAATATTAAGTA,213
CCTTGCATAATTTCCA,213
CTCTTAACAACTTAAT,213
CTTTCCGAGAGAAGCC,213
GACGTTTCATAAACGT,213
GTGAACTTCCAAAAAG,213
GTGTAACAGTCACAAC,213
TAGATTAGCATAACAC,213
TGATTATAGACACTGA,213
TGGTGTACTGACAGCA,213
TTAAAATTTGATCAAG,213
TTAGTTATATACTATA,213
TTATTATACTGAGAAA,213
TTCCCCTCGTATGACT,213
AAAAACCCTCATATGC,212
AAGCACTGAGGTGAAC,212
AATATAGAAAGCAACG,212
ACAATTGACTAATATT,212
ACAGCAATTGTTGGCA,212
ACTAACATATTTTATG,212
ATATAATATTGAACCG,212
CAAAACAATTACCGCA,212
CACGTGCCCGTCATCT,212
CAGAAGCAAACTACGA,212
CCCAAAAAACGGTAAA,212
CGTTCTATGATAATTT,212
CTAAAGATAGGTATGT,212
CTAAGCTTTGATCGCT,212
CTAGCGCGAGCCCTTA,212
CTCTCTGGAATAAAGA,212
CTGTCATAAATACTTT,212
GACTTACGTGATAAAA,212
GATTGGGGCTAATAAA,212
GCACATCGCAATGAAA,212
GCACCCTTTTAAACCG,212
GCTTCGAGAATCAAAA,212
GGAGAAGCAAATTAGA,212
GGCACTTTAATTCGAC,212
GTAACTAATAGTGCAT,212
GTGCAACCCAAAGCCT,212
TAAACGGACGCCGGGA,212
TAAATCTAGACCAGTC,212
TAACATCGGATCAAGT,212
TACGGTGAAAACAAAA,212
TCAGTAACCACCTCCA,212
TGAGATACGTCTGTCA,212
TTACTATTCCATAACA,212
TTTCATAGTACAGTGA,212
AAACTCGCGCGTAGTC,211
AACCCAACATTACGGC,211
AACGGACCCCAGTCCT,211
AATACTAGACCTTCCC,211
AATCTATAACCATGAT,211
ACCCAAATAAAAATAC,211
ACCGATTTTATTTTCC,211
ACGCGATAGTTGCAAC,211
ACTCGCCAAATATTGC,211
AGTACGGTTAGCTTTA,211
AGTGTCGGTGCAAACT,211
ATAATGGGGTACCTTT,211
ATCCCGATCCTGCAAT,211
ATCGTGCAAAAACCCC,211
ATGTGGAATCTTTAGA,211
ATTAAAATAAGAACGG,211
CATTATGAACCAAGGC,211
CCGGACAAACATGGCC,211
CCGTCTCATCATTCTT,211
CTTCTATGGACAATAT,211
CTTGAATGGATCTGGA,211
GCTAGGTACATTCTAA,211
GGATTACAAGAAATAC,211
GGCAGGGGGTTACACT,211
GTACATATAAACTGAA,211
TAACCTTATTAGGTGG,211
TACTAACGGTACTAAG,211
TATCTGATGTAAAGCT,211
TATTCAGGGATGCAAT,211
TGGGAATAGTCTAACT,211
TTAAGGATCCGGACCC,211
TTCTCAATCGTAGTGA,211
AAAAAACCACAAGCAT,210
AAAAAATTCTCACATC,210
AAACAGGTAGCAGTCA,210
AAACGTCAAATAGTCG,210
AACCAAAAAAAAAGAC,210
AACGTATTCTCTATCG,210
ACCTCAATATAAGGAT,210
ACGTTAAGAGACTATT,210
ACTCGACCTTCGGATC,210
AGACTTTCGAATATTA,210
AGATCATATCAATCGT,210
AGGGAAGATAGAGATA,210
AGTCGCGGCCTACGAA,210
AGTGGAGAAAATATTT,210
ATAATGACAAAAATCC,210
ATAATTAAATTTAAAG,210
ATCATTGGAGATGTAC,210
ATCTCATACAGTGTGA,210
ATTCCCTTGCACTTCC,210
CAAAACATGAGCCGTC,210
CCACCAATATCTATCC,210
CCAGACAGATAAAGTT,210
CCTGAGGGTTTGACCA,210
CTTTAGGAAATCAAAT,210
GACCGGAAAATGCCCT,210
GACTCTTTATCTCCAA,210
GACTGCATTACAAAAG,210
GAGAGTTCCATATCAG,210
GCGTAACAAATGCGGT,210
GGTCATTAATAAAAAA,210
GTTTGGCACCAAAAAG,210
TCATATCCTCGTTAAC,210
TCCAACACCGCAATGG,210
TCGAGACCGACTGGGT,210
TCGATCAAAGCGACAG,210
TGGGAGACGTCAACAG,210
TGTGCGGTCGCAATAG,210
TTAGGTACGTCATCGA,210
AAAAGAAATCGGGGAC,209
AAACAAATATATAAAT,209
AAAGCTATATAAACAG,209
AAGGGGTAATTTACAA,209
AAGTAAGTCCATTATG,209
ACAAGGGTCGAAGAGG,209
ACGACCACGTAACACT,209
AGATTTTATACCGTCT,209
ATATAAAGTACTATAG,209
ATGATGCCCCTCTATG,209
ATTAGGGGATACACAG,209
ATTGAAAGCATCACAG,209
ATTGAACCGATGAAAG,209
CAACCGATAAAACTTG,209
CAATATATATTATCAT,209
CAATTAACGCTTTCAG,209
CATATTTACAAATTGG,209
CCAGTTACCAAATTAT,209
CGAAGAGCTGTGATTA,209
CGATGCCAAACAGAAA,209
CTAAACAGTGGAGATT,209
CTCGTATTCCCAGAGC,209
GACCCAGGGTTGGATG,209
GAGTCTTCTGAAAGCA,209
GATAAGAGACAATGAT,209
GATGTTTTTATCAACG,209
GATTGCGACTAATAGA,209
GGTATTAAAAGATATG,209
GGTCGATAAGAAAGTA,209
GTAGGTGATGTTGATG,209
GTGCCAGCTCATAGGC,209
TAATCACGAAATTGAA,209
TACTAATAATGCACCC,209
TAGTAAGGAGTTAAGG,209
TATCGAAACAGGGAGT,209
TATGCTGCATTGATCG,209
TTACAGCAATTACGGT,209
TTCAGTCTGGGACTAC,209
TTCATGGCCTCGACCT,209
TTTCCTGTAGACTGGT,209
AAAAACCATAATCACG,208
AAACTACAAATATTTA,208
AAATGGGCTAAGATGA,208
AACAGACTTAACAACG,208
AATCTCAATAAGACAA,208
ACAATGGACAAGGGGC,208
ACCATATATGGAGTAT,208
ACGTCAGAGCTTGAAA,208
AGATAACTAACCAATT,208
AGATTATTAGTTTTAA,208
AGCGAAGTGACCAAAA,208
ATCCGGGACTATCTTC,208
ATTGGTTTGCACTTAA,208
CAACACAGGTACTATT,208
CACAACAAACCACTTA,208
CACAATCTCCAAAATT,208
CACAGAAAAGGCCTTA,208
CACAGCATAAATGCAC,208
CACTTCAACAAATCAG,208
CATAACTAGTTTAGCT,208
CATACAGTGGTAACCC,208
CCAAAGTGGCAAAGCA,208
CCATTGACCTGGCTCC,208
CCTAAACAATACAATG,208
CGCAACATGCGCTAAA,208
CGCACAACACTTCTGA,208
CGTGATAGCAACTGCT,208
CTACCCTTTTATGCGA,208
CTATAATTTTAGAGGG,208
GCACTAAAGATAGGGA,208
GCCCTCCCCCCTAGAA,208
GGATACTTTACTTCCC,208
GTCGATAGACCACGGT,208
GTTTTCAAAAGTCTCA,208
TAACATATCTTGAATA,208
TAATCGCCGATCAAAC,208
TACCTAAAGAATATCT,208
TACGGAGATCGTAAAA,208
TAGAATTTATTTTTAA,208
TATGAAACCTATCGTC,208
TTCACTATAGTTCATT,208
TTCAGACAAATGAACC,208
TTTACCTTTTTCGCGG,208
AAAAGAATAAGCAAAT,207
AACACCATAAATCGAA,207
AAGAAACTAACCAGAC,207
AATATTAATGTTGGCA,207
AATGGAATCCATTGAT,207
ACATGGAAACAACTGT,207
ACCCGTAACAAAGCCA,207
AGTAAGGAATACAACA,207
ATAAAAACTAATTTAA,207
ATATACCCCCTACCCA,207
ATCAAACATCTTACAT,207
ATCAACTAAGGTAATT,207
CAAGTCGAAACACAAT,207
CCAACTGCGGGAGTGG,207
CCAGAGGTTGGGTTTG,207
CCGTCGGACTATACAG,207
CCTATAAATAAAATAA,207
CCTTTTCAAGCTACAC,207
CGATCTTTTTAAAGTC,207
CGTGCTCGATCACGCA,207
GAACCGACTAATTATA,207
GATATACATGCGAGGT,207
TAATAATAATATACAA,207
TAGTCCCATATAGATA,207
TCAAACAAATCAAATC,207
TCAGGACATTAGTGTG,207
TCTAAAATGCGGCGTT,207
TCTGACACATTTAACC,207
TGTTAATTTAATAAGT,207
AAAAGTAATAAGGGAT,206
AAACAGGTGTACCACA,206
AAAGACCGATTTTATT,206
ACCATAAGCATTAGAC,206
ACTTATTCAAGCCCAT,206
AGAGTAGCAATAGCAC,206
AGTACATATTCCACAC,206
ATCACTACATTATTGT,206
CCCTATTTTTACAAAA,206
CCTTATCAGAAACTAG,206
CTACACTAACTTAATC,206
GACACTAGTTAAGTAT,206
GACTACATTTAAAAAA,206
GCCCCATTTGAACTAA,206
GCCGAATCACAAGTCA,206
GGACTGCGACAAGTAT,206
GTAAAAATAATGAAGA,206
GTACCGATGTCTACTA,206
TAAAGACCGGTTCAGA,206
TACTGCCACTACGCGG,206
TATGACCGACATCGTC,206
TATGGGGCATACAGGA,206
TCCAACCAATGAGTCC,206
TGAGCATATTGAAACG,206
TGATAGTTATGCTGAG,206
TGATCTTTAGCAACTA,206
TGGTTAGCCGAGAGCT,206
TTAAAATGGCACTATT,206
TTCTATACTGATGATA,206
TTGATCTCTGGAGTAG,206
TTGTCCCCAAACAATA,206
TTTCCGCTGAAATCAA,206
TTTTTTCTGCAGAAAA,206
AAACTACATAGTGCAA,205
AAATAATCGGAGATAT,205
AACAGGAGTCCTGTAC,205
AAGCAGCTCCCCAAGA,205
AATACGTATGGTCCCA,205
ACAAAATAGTGTACCC,205
ACTCAGATTATAACAA,205
AGACAGATACTAAAGC,205
AGACTGAGATCTGGGT,205
AGCAACAAATCGAAAA,205
CCCGCCCTACAATTCC,205
CCGATCAAGCCCTGTT,205
CGAGTGTACAAACGCA,205
CTATTGTGTTTCAGTG,205
CTCCACAACAACCTAA,205
CTGAACAAAGCGTGAA,205
GAGCATCCTCTCAAGT,205
GATCCTAGATTTACCT,205
GCAACAGATGGCCATA,205
GCAGATATAAGTTAGC,205
GCTCCTGTTCATTTTA,205
GGAAATCAAAAAGAAT,205
GGAAATCAACGGAAAA,205
GTCCGGCTAGCTTAAA,205
TAAAGTCAACTAGTAA,205
TACAACTCAGAAGAAT,205
TACGGTGTATTAGGAT,205
TATTAACGGAGATACC,205
TCGAGCTAACCGCCCA,205
TCGCTTTTATCCGTGA,205
TCTGAATTAAGAAGCC,205
TGTCCAACAAATCTAA,205
TTATGTCAGCAAACAT,205
TTCACCATTTAGATAG,205
TTTACCATCTCGTACC,205
TTTATTGAAGCGTTTC,205
AAACTATTTACGAAAA,204
AAATCTCGGCCATCCA,204
AACAATGCACCCAATA,204
AACTATAGCTTAAAAC,204
AAGGCACAGAAGAAAC,204
AAGTGACTAAGCACAA,204
AATATACAATATCTCG,204
ACAAGTAATTTAGTGA,204
ACCAAATTTCAAAGAT,204
ACCGGACGTTAGATTG,204
AGCCTCAAGAGCTGTC,204
ATCGCTGATAGCTGTC,204
ATGCCCCGCCCATACG,204
ATTAAACTGGGCAATT,204
ATTATAGTTATTGAAG,204
ATTTTTAAACAGAATC,204
CAAAAAGATCCCCGCT,204
CAGAGATTATCTCTGA,204
CAGAGCCTGTGTAAGT,204
CATCTTGCTGAAGCGA,204
CCAATCGGACGTCACC,204
CTCTAACTATAAGTTG,204
CTCTTTTACATAATGC,204
CTGAGCCTCAGATTAT,204
CTGGTAGATGGCTAGG,204
CTTCTCTATAACGATG,204
GAAACCTAATTCGTAC,204
GAAGTGTTAAAAACCA,204
GATACTACCCAGCATG,204
GCAGAAGATCTTAGCT,204
GCTACAAAGACCTCAT,204
GGTACGACAATTTCCC,204
GGTCTAATTAAACTAT,204
GTAAAACCTCCCTATA,204
GTGCCTAAAGACCATC,204
GTTATTGGCTTCTGCT,204
TAACAGAACATTGCAT,204
TATGCAACTAGGGGAT,204
TCAATAATATAATAAA,204
TGCTAGAACATGCTCC,204
TTATGACACATCATAA,204
TTCACCTACCCTATTA,204
TTCCGATTCAATATGC,204
AAAAATCGGGGTTGGC,203
AAATGCTCTTCCCGGT,203
AATTTGGGACCGCATA,203
ACACGTTAAAATACGA,203
ACCACTAACACGCGGG,203
AGACCGAGGGCATTTA,203
AGATGAGGGAACTCAT,203
AGCAATTTCCAGGAAA,203
ATGATAACAGTAAATC,203
ATTAAAATATCATGCA,203
ATTAACATTAATATCC,203
ATTGATATACATCAAA,203
CAAAATTTAGTTGACC,203
CAAGAATATTTAAACT,203
CCTTGATCCATATAAC,203
CGACTGAACTCGATAT,203
CGAGCTAAGTGAATAA,203
CGGGCTAAAATTACGT,203
CGGTTGACAAAAAATT,203
CTACCCGGAGCATATA,203
CTTGTAAATTGCGTCT,203
GAAAGCGACTAAAGGT,203
GAACTGGCGCGTTTGT,203
GACGATAAAAGTGAGG,203
GACGCTGGTAACCTCC,203
GCACAAAGTAACCCTC,203
GCCAATGCTAAAATCT,203
GGATGTCCAAGTTTTC,203
GTTCAATTAACAACTC,203
GTTCTACCTCACAGGG,203
GTTTTATATACCAATG,203
TAAAACTCCAAGAACC,203
TAAACACCGAAAAGGC,203
TAACCGAAAGGATACA,203
TACGATTAACGTCATT,203
TAGAAGTTATGATAAG,203
TATAGTACGAAATGCC,203
TATCATCTTCGGATGG,203
TATGCTTAATTCCTAA,203
TCTCTGATGAACAAGG,203
TGAGAAAGTGTAAGTT,203
TGATAGGAAAATAAAC,203
TGTTTCCAACAACTGC,203
TTAATGAAGAGCATGT,203
TTACAGTTGAGGAAAA,203
TTACCGCATATGCTAA,203
TTCAAAGAACCACTAG,203
TTCTTTTGGATTACAG,203
TTGGACGGCGTCATAT,203
TTTCGAATACTGTACT,203
AAAAAAGGCGGTGTAA,202
AAACCAACCGGGTCCT,202
AACCCAGCCTTGAAAG,202
ACACAATAAGAGACCT,202
AGTGTTTATATATGGT,202
ATAAACCCGTTATCAT,202
ATATAACGCTTAGGTC,202
ATCCTACTACCAAAGT,202
ATCTACAAATCCATCC,202
ATCTTCCTCCCCGCTC,202
ATTGGAACTAGAAATA,202
CAGGATGAACGTTGTT,202
CGAACTACCCGGCAAT,202
CGCAGAACGGTCACAC,202
CGCTTTAGTAATTATC,202
CTTCAGTACCCTTGAC,202
CTTCGCAGGTACTGTA,202
GACCACGACCTTAAAC,202
GAGACAGAAATCATCC,202
GTACAGGGTTAAATAG,202
TAAACGAATTTACAAC,202
TAATAAAAATAAACAT,202
TACAAGTCAAGACATT,202
TAGACATAGAGCTCCG,202
TCAACTTGGAGTTCAT,202
TCATACGACAAGTGTA,202
TCCATGTTGTCTCTTA,202
TCGATTGAAACGGCAT,202
TCTCCGCATCTGTCTT,202
TGCTCTAAGCAGAATC,202
TGGGAACAGTGCTCAC,202
TTTTAAAACTGACCTT,202
AAATCCAATGATCTCA,201
AATAAACAACTACATC,201
AATTTAACTAGATATC,201
ACCGAGTTAGCTTGTA,201
ACTAAAGTCATCTTGA,201
ACTAGACAAATTGAAA,201
ACTCACCAAAAAGATC,201
AGAGCAAATCTAGTTA,201
AGAGTTCCTTACTAGA,201
AGCCCTCAATGGTAAA,201
AGGCCAGATAATACGG,201
AGGGTTATATAATTTG,201
ATACATCTATATCATC,201
ATACTCACTTTCTTGT,201
ATCCATATAATTAGCC,201
ATTAAACTTGTGGTCA,201
ATTTAGAACTTGATGA,201
CATAGCCCAAAGCGGA,201
CCAGGATTTATATGCG,201
CCAGTCCAATATACAT,201
CCTGCGTGCGCAACCA,201
CGCCAGCGTAAGAACT,201
CTAAAGAAATTATACA,201
CTTCTAATAAATAAAC,201
GAAGGACGAAATGAAT,201
GACCGTCTTTATTCCG,201
GAGGATTAACTTTACC,201
GCCGTGGCATTCCTAA,201
GCCTAAAATTGACTAT,201
GGTGACTCTCATCGTT,201
GTAAGTTGGTGCCATA,201
GTCAAGACTGTGTACT,201
TAAATAGTAAAAACCT,201
TAGATGAAAACCCGCA,201
TAGCAGCCTGTGATCA,201
TATACCTGCTACCCTT,201
TCCCAACGAGAAAAGA,201
TGTACGCCTGTTAATT,201
TTCCGTTATCAATTCA,201
AAAGTGAAATAAAAAG,200
AACAGTAATCTTTAGG,200
AACTACATGTGTGAGA,200
AAGATCAACGGCCAAC,200
ACAAAATGTCATAAAT,200
ACACCCGAGTTACAGA,200
ACGTACATGCCAGCTG,200
AGCTAGGCACGCAACA,200
AGCTCAGCCAGGCTAC,200
AGGCCGTTTCGGGACA,200
AGGCCTGGAGACGATC,200
ATCGCAGATAAGAGAA,200
ATGAGCGATCGTTAAT,200
CAAAACCACAATATCA,200
CACTGAGGGCAATGTG,200
CCATAACATCAAACCA,200
CCCAACTAGGCTAGTT,200
CCGCATTGTGTTAGGA,200
CGACAAACTAAGACTT,200
CGTGGAAGTAAAAATC,200
CTAGGGCTAGGGCGCC,200
CTATATGATTTCACTA,200
CTATTCCAACTGTATG,200
CTGATTGAGGTTTTAT,200
CTTTTTAAGAAAATCT,200
GAAATAATATAGAGAT,200
GAACTACGAAATCGAC,200
GAATTAACACCCAAGC,200
GACTAGCAGGTCGTGA,200
GACTCGCTTTATCGCC,200
GAGTTCCCTTGACTAG,200
GATCCAGAATATCTAA,200
GATGGAAATTAATGAG,200
GGACCCTGTAGAACTC,200
GGTCGGGTATGTCGTC,200
GTATTTTCCACGGCCT,200
TAACCAGACACAAAGA,200
TACCCATCGTTACCGT,200
TAGAGTAATATAGCTA,200
TAGATCATAAGCACCA,200
TAGTGTATTTCTACAA,200
TCAACAACCCACTATG,200
TTAACAAGCTTCACTG,200
TTCAAATTGTATACCA,200
TTCCGATGAGTCACCA,200
TTGTCCACGACGTTGC,200
AAAAAGTTCCCAATAC,199
AAAAAGTTTACTTAAG,199
AACGTAGAATTACAAC,199
AATTACCCAGTCGACG,199
AATTCATCAGCTGAGG,199
ACGGATGAGCCCGAAA,199
AGTATTAGTGAGTAAG,199
ATAGTAATTAAAACTT,199
ATCTGGCTACACCGAG,199
ATGTGATTCCATGTGC,199
CAAGGAATTACTAAGA,199
CAGGAAAGTCTTAAAT,199
CCCAATGCAAGGAACT,199
CGTGAAAATTAAGAGT,199
CGTTATTGTCATCAAT,199
CTACAGCTACCGGTAT,199
CTGAGCGACCGACGTG,199
CTTACCAAAATACTAG,199
CTTAGCGACTTGAAGA,199
CTTCAGGTGTGGCAAC,199
GAACTTCAGGTAATAG,199
GAATTACAACGGTCGA,199
GACTAGGATAAACTAT,199
GACTTTGACCATTGCG,199
GAGAAGAAACATGAAA,199
GAGAAGAATTTGTCAA,199
GATATACTTACACTTG,199
GCAAGTAACGGAGCAC,199
GGTACTAATAATGCCG,199
GTAGCTAATAAATACG,199
GTGCATTAAAAAACCT,199
GTTCAGTTCTGTAATT,199
TAATTGCTTATGAGGC,199
TAGACCAAGTTCAGGT,199
TAGTGAAAAACAAAAA,199
TCCGGCTCCGGCAAAG,199
TCTATACGTCCTACCT,199
TGAGGAACGTACAAGT,199
TGCCAACGCTGAAAGA,199
TGCTTGAAAATTGCAA,199
TGGACAGGGTCTTTGA,199
TGGCTAAATTTAAGGG,199
TGTGATAGTCCATCCT,199
TTCCCCAGAAACATAG,199
TTCGGAATTCATATGA,199
TTGGCTAAGACGTGCA,199
TTTCTCTATGTTTAGT,199
AACAAACCGGGACATC,198
AACAAATTACCCCGCT,198
AACACTTCCTGTCTGC,198
AAGGCTAAGAGCGCTT,198
ACATTATACAGGCGCC,198
ACGTCGAAACTCTCTG,198
AGATATGAACACGATG,198
AGCGCGTTGTTATACA,198
AGGTTAGAGTTACTTT,198
AGTCCCTCGAAACCAT,198
ATACACCAGTACCATA,198
ATATTACCCTTTATCC,198
CACCTAAAGATTCAAC,198
CATAAGCCAACTAGTT,198
CATCATGATTAGAAAA,198
CATCCCCCCTTCCAAT,198
CATTTAGCATATGACG,198
CCCGATATTTATTAAT,198
CGGTGTGATACAGCGT,198
CTAGAGCCTCACTGGC,198
GACCAAAACTACTGGA,198
GACCTTTACTACGTGA,198
GCTGTCTAACGCTCTT,198
GTTAACACGCCCAGCA,198
TAAACGAATCAATAAT,198
TAAAGGAAATAATTGA,198
TAATCCATTAAACCCA,198
TTAGCGTTAGATTAGA,198
TTCAACAGGAAGATGG,198
AAAACACGCACTTTTA,197
AAATACATATTAGGTT,197
AACCAGGTACTATATG,197
AAGACAAAGTGGAATC,197
AAGTACAGACAAGAAT,197
AGACGCTGTGTACACC,197
AGAGGATGACGAATCG,197
AGATAGGCACCTCTAT,197
AGCAATAGTCGTTATC,197
AGCATCCACGGCTCAT,197
AGCTGTAATTCCAGCA,197
AGGGCTAGAATGTCCC,197
AGTAAATAAAACACCG,197
ATCTACTCAGCGTAAC,197
ATGTATAATGACCTAC,197
CGACAGGCTCTGTAAT,197
GAAGATAACCAGAAAG,197
GACACGGCCGATGTAA,197
GACGTCAATGGTACTG,197
GACTGCCAAATTGCCG,197
GCTGCAGCATAGTAAG,197
GTAATGAAGGTAAGCT,197
GTTGGTTGACCATTTA,197
TAACTACTGGCACTGC,197
TAACTTCGGTAACGGC,197
TATTGCAAATTCATCA,197
TCAACTCAAGTCTGAA,197
TCAGTGATAGCGATAA,197
TCCAGTTTTCCAATTA,197
TCCGAATGTACCCTAA,197
TGGAGAGACTTAACGT,197
TGGGCCGGCATATAAA,197
TTATTCTATATCCAAA,197
TTATTTCACAGAACTA,197
TTTCGCCCAGAGTACA,197
TTTCTACATCCAAACA,197
AAAGATGTAACATGTC,196
AATAGTGTTGCAAACC,196
AATCAATGTATTAAAA,196
AATCCAATACTACAAG,196
ACAAGAGAAAAAGTTA,196
ACACTAATTTAATCAC,196
ACGGTCACTACTGTTA,196
ATAAACTGGCTCCCTC,196
ATTTATAATTAGCCCG,196
CAAACGGGAACGAAGA,196
CCCGGTATATGTCGAT,196
CCGAGGTATCGTCGCA,196
CCTTCGCCCGCTACTC,196
CTTAAGCACAAAGAAA,196
GAAACTACGAGCAGCA,196
GAGAATATATCTGAAG,196
GCCGAGCCTAGCAGTC,196
TATCTAAAAATAAGAG,196
TCAAATGATGCGAATG,196
TGTTATAACGGTATTG,196
AAAAATATACTGCCGA,195
AAAACACGTAAAAGGC,195
AAACCATTCGCTTATT,195
AACGCGCGACACTTTG,195
AAGGCCTAATACCCCT,195
ACTGTCTGTCCATAAG,195
AGATTATCTCTCACAT,195
AGGTCTCGTACCAGAG,195
ATAATAACCCAATTGA,195
ATCTCGTTTGAAAACC,195
ATGGAAAATTGCACCA,195
ATTGAAAAATGCTTCT,195
CAATTGTGCCCCAACG,195
CCACCGCACATCTCCG,195
CCTTTTTTACCACTTA,195
CTCACAAATGAAATCC,195
CTTACAATAAACAGTC,195
CTTGATGTTTAACAGA,195
GCGCGACTTTTTTACA,195
GTAACGTCCCCGGGAA,195
GTCTAAACGAACAAAA,195
TAAACGTATGCATCGC,195
TAACTATACAAAAATA,195
TACAAAAGGCATAAAG,195
TATCGAAAAGGGGCAA,195
TCCACACTCCATAAGC,195
TCCGGACCAATATCCC,195
TGATAAATCATGTAGA,195
TGATATTGAGTTAACC,195
TGATGGCTATAAGAAT,195
TGATTTACGTAAAAAT,195
TTGCCTTGAAATTAAA,195
AACTGATATAATATAT,194
ACAGCGTCGACCTAAC,194
ACTAGCAGATACTTTG,194
AGACCCAAACAAGACG,194
AGATAGAAACTGTTAT,194
AGCCGTCGGTCCAAGC,194
AGGGGGGTAGAATACC,194
AGTACGTTTCATATGG,194
ATCCCGCCCTGCTTTT,194
ATGAAATGTACACGAG,194
ATGGAACCAAACATAA,194
ATGTTCAAGTAACTGC,194
ATTCTTTTAACTGAGA,194
CATAACAGTCGAGCAA,194
CCCACTAACTGGAGTA,194
CCCAGAAAGGTTTACT,194
CTCTCCAACATCTTGG,194
CTTTGAACTACTGTTA,194
GAGATAGCAGTTCAAA,194
GAGCAGAGATAAAGTC,194
GAGCATGGTTAGAATA,194
GAGTATTTCCGTGGAC,194
GATATGAGTGAATTAC,194
GATGTGCATTACAAAC,194
GCAGGAGTTGAAGAAT,194
GTAACATAAAAAAACC,194
TAATTAACTGAGAGAC,194
TACAGCATAGTACATT,194
TACGGACCCGTTTACA,194
TATATCTTAATAAACT,194
TCACGCGCCTACAACA,194
TCCAGACCGACGATTG,194
TGATTAATGTTAAAGG,194
TGCAGTATCGGCAAAC,194
TGCATTAACCAAGTTG,194
TGCGACAGAAATTTAA,194
TGGATATATACTTGCT,194
TGGCATTCCCGTCAAC,194
TTATGATAAAGGATTA,194
TTGCATTGACTATAAC,194
AAAGTTTGGCTAAGGA,193
AAATGACGCCGAAATG,193
AAATTGAATCTTCAGA,193
ACAGATACGAATTAAT,193
ACGCAACGTTTCAATA,193
ACGCAATAGAAGCCTG,193
AGACTCCCCTACCCCA,193
ATAATATCGATCACAT,193
ATAGCAATCGGAAGGA,193
ATCCTACGGCACTATA,193
ATTTAAACGATTTCGC,193
CAAACATTAGGTCATT,193
CACCCTCGTACGTAAC,193
CTGACCTGGCATATAC,193
CTGTTCTAAAGGTGTG,193
CTTGGTGAAACCAAAT,193
GAAATATCAAGAAAGA,193
GACATACTATTACACA,193
GACATAGGAAGACTAC,193
GATAGAAAGATCGCCG,193
GCGTCTGGTCCAGTAC,193
GGCTGGGAAATAGCGA,193
GGGTCTCAAATGTCCA,193
GTCCTTTCGACGTGAG,193
GTTGGAGTGATTACCA,193
TACATGAAACGTTGAA,193
TCCCCGCATTGGACCC,193
TCGCCAGCATCAACCA,193
TCGGCATGCTACAGCA,193
TGGAGCCGAGAAAAGG,193
TGTGATCTGACGTCAT,193
TTCATCATTATTTACA,193
AAAAACAAGCATCACT,192
AAAAGAGTAAATATGG,192
AAAATATTCAAATATA,192
AAAGTACTCGAAGTGT,192
AATATGTTGCGGGTAT,192
ACAAGATGCCTAAATA,192
ACGCCCAATACTCGTG,192
AGACTAGCATTCCTAA,192
ATAAAAATACTTTTAT,192
ATATTGTCCTTAAGAC,192
ATCGGCATAACATACC,192
ATCTGTCGAGCCTCAG,192
CAAATATCACTAACCT,192
CACCACTGAAGTTATG,192
CATCATACTCAGAACC,192
CCAAGACTGAACTAAG,192
CCACATGGCATTACAG,192
GAAAACCAGATGGTAA,192
GCCAGGAAAATGCTCT,192
GCTTGCAAAGTTTATA,192
GCTTTAGAATTTGAGC,192
GGCGCTAACTGGAAAG,192
GGTAAGAACGCTGATT,192
GTCAAAGTGTTACCAT,192
GTCCACCCTTAAAGTC,192
GTTAAGGTATGCGTAC,192
TAACATTAAAGTAGTT,192
TAGTCAGCTTCAAAGA,192
TAGTCATTATATTACC,192
TCACAGGTGTTCCGCT,192
TGAACGTGCTCAAGCA,192
TGCAGAATACAAACCG,192
TGCTAAGAAGTATGCT,192
TGGGAACATAATTTAA,192
TGTGACTAAATATCAG,192
TGTTCCTTTTCTTCCG,192
TTATTTATTTACACGA,192
AAAAAAAGAGACTGGT,191
AAATTCCCAGATAACT,191
AATAACTGATTCGGGC,191
AATCAAAGTCACGCTA,191
ACCAAAGTGAGATGAC,191
ACGAAACTCCTTTAGT,191
ACTATCCGACGGTTTG,191
ACTCTTCCCCATGATC,191
AGTGATAGGAAACCAT,191
AGTTGTAAGCCATTGC,191
ATGTTAAGGTTATAGC,191
CAAAAGGAACCACACC,191
CAATCGAGGGCAAAGA,191
CAGGCATAGACAAATA,191
CATAAAAGGAAAGGAC,191
CATAATTAGATAATCT,191
CATAGGACCTCAAACA,191
CATCCGCTAGTGCTCA,191
CCACAAGCCAATGTAT,191
CGCTTAAACAGGGGCT,191
CGTCACATTGCTCGTA,191
CTATGAATCCCAAATA,191
CTCTAAAAATAGGTCA,191
GAAAAAATATACTTAC,191
GAACGTGGTGAACAAG,191
GAGTATTAACGGAGCA,191
GCATCGTTCCTCTAAT,191
GCGGAGTCTAATTGTC,191
GCTACCGGAGGTTAAA,191
GCTCGTAAAACGGAAA,191
GGCTCTAACCTGTAGT,191
TAACACAAAAGGAGAC,191
TAATAATGAGGTAAAA,191
TAATTTATCGGCTACC,191
TACATCTAGGAAGCAA,191
TAGTATTTCTTTACTT,191
TCATTATACAATAATA,191
TCCCCGTGAAGTTGAA,191
TCGATCATGTTAAAAG,191
TCGATTTTAAACTTAC,191
TCGCGCAAATAGAAGT,191
TCTTGCTGCCCACCAA,191
TGAAGATAACTCCTTA,191
TGATAGCAATAAATAA,191
TTCCCAATAGCCAGAA,191
TTCTCATTTACCACCT,191
AAAAATTATCTTGCCA,190
AAACGACTATGCAAGT,190
AAGCAGAAATTATTAG,190
AATCGCGATCAAGCCA,190
AATGAAGGAGACTCTA,190
ACTGTCTAACCTGCAT,190
ATTAACGCATATAGCA,190
CAAACTATTGAGCCGA,190
CAAATGACCCAGCCGC,190
CACATATTCCGGATTG,190
CATCTAAGAAGAGTAA,190
CCACCAGGCAACCTCC,190
CCATAACCATACGCAC,190
CCGCAGGCAGGGGCGT,190
CCTCCACCTACGGACA,190
CGATTAACTACCGGAC,190
CTAATAGCCCTTTTAT,190
CTCGTTTCCATTATCG,190
CTCTTTCATTCCCAAA,190
CTTACAATACGATTGG,190
GAACCCTAAGCACCGC,190
GAACGAAGATCTAAAA,190
GAATGTTGAAAACTGA,190
GAGACCAGTGCGAAAG,190
GAGGAACGTGCAGTGA,190
GCCTAAGAATAAAAAG,190
GCCTAGTTAACGAGGC,190
GGACTATGAAATAAAT,190
GGCATTCATTCCCGCC,190
GTGTATTCACTTGGTG,190
GTTAACCGTACCCCTG,190
TAAACATGCAAGCGCA,190
TAAGATTCGGATGGGA,190
TAGAATTTCTCAGTAC,190
TATACGGGAATATCTA,190
TATATGGATACTAAGA,190
TCGGCATAGATACCAC,190
TCTATAGGACATGAAC,190
TGAACAAACGAGGAAC,190
TTCCTTTCATATGGGA,190
TTCTTATATTCAGCAG,190
AAATTATCGCTTAAGT,189
AACAATCATACTAATT,189
AACACTAGACTTATAC,189
AATCAACACGAGATAC,189
ACACATATTCTACGCC,189
ACCCTTCAACCACAAT,189
AGAAATTTTTATCTTA,189
AGCTAAAATATGCTCA,189
AGTCGGATTGATGAAC,189
ATACAAGGTTTTACAG,189
ATATAATCTGATACAC,189
ATATCGACTTCGAATT,189
ATGTACCGTAATAGCT,189
CACATCACTCTCACAA,189
CATTTACATAAGTCCC,189
CCTATGGCTCGCTAAT,189
CGCTTATTGTCGACTG,189
CTATGCGCACATCAGA,189
GAAAACTCTACTGTCT,189
GAACAACAACTATAAA,189
GAATAGAGTACACCAA,189
GCAGTCAGTAGAGGGA,189
GCCCTAGACCATCATC,189
TCATATGGACGTTTCC,189
TCGTGATATTACAACG,189
TCTTGTGCACACTTCT,189
TTCACCTATCTGATAA,189
AATTCAGAGCATATAA,188
ACACCCTCCGGAGCTT,188
ACGGACATAGATCTTA,188
ACGTATCTTGGTAAGG,188
ATAACAGTATTACAAG,188
ATATGAAAACGGGTCA,188
ATTGGTCCTTAAAATG,188
CAACGATCTATATGTC,188
CAGGCAGGCTTGATCT,188
CATATCTGGACGCGGA,188
CATATTTCGACAATAC,188
CCAAAGAGGCAGACAG,188
CGGGAAGTGGCCAATG,188
CGTAACCTAGAAGAAG,188
CTAAAGTTGCCCTAAA,188
CTAATGGACTTATATG,188
GAAGATGGAACATAAT,188
GAGACGGATACAAAAC,188
GCGGCATAAAAAGATA,188
GCTCCTTGTTAATTCC,188
GGAACCCCTGAACAGA,188
GGCCAGAATTCCAGTG,188
GTAGTTACCTATATCT,188
GTTATATAAGGTCTCA,188
GTTGTCCTACGACTAA,188
TAAAAATTCGCATATA,188
TAATCACCTCAACTTG,188
TACCTAAAGGTTCACC,188
TAGATCCGGTTGGGAA,188
TATGGCTGGTTTCCAG,188
TCGAGAACCCGGCTAA,188
TGAATGCTTAAGGTGA,188
TGATATTCAAGCTTCC,188
TGCGATCTTGATAGAG,188
TTTTTTTCAAAAACTA,188
AAAATAGATTAACTAT,187
AAACCCGAAACGATTG,187
AAACGACTATGAAGAT,187
AAATCTATGAAAATAA,187
AACTGTCTATCAAAAT,187
ACAAACGCAGGAGGCG,187
ACACTAAAAGCTCATG,187
ACAGGCAACAGGATGA,187
ACTATCCCCTTTAGTC,187
ACTCTCACCGAATCTG,187
ACTCTTCAAATGAATG,187
ACTGAAGATTACCGCA,187
AGACCTCATACTCAAT,187
AGGCCGGCTATGAAAG,187
ATAGATGCAAAGACAA,187
ATCCCTATTATGACCC,187
ATTGAACAAACGGAAG,187
CACTGCGGTTTTAGCA,187
CAGCCACCACCCTAAT,187
CAGGACTGCGTTGCTC,187
CCGACACCGCTGAAAT,187
CCGTCAGACAGGCATA,187
CGGGTTAGTCCTGAAA,187
CTAAAAACTAAGGAAT,187
CTAGCATAGATCATCT,187
CTTTACGGCGGACCGT,187
GAAATCTGCGCAACAA,187
GAATGGTACCTTCGGT,187
GCAATAGTTAGCATTA,187
TAAATACAGAGTAAAC,187
TAGACACTTCTCGAAA,187
TATAATCGAGGGTTGT,187
TCACTAATCAAAATTT,187
TCAGCAATATTTAAAT,187
TCGCTCACATGTTCAA,187
TTATAGCACCACTGCT,187
TTTGGACGCCAATACC,187
AACAAAGGACAGTACG,186
AACAAATCAATTCGTT,186
AACTGGTATCGCTAGG,186
AAGGAGCCCAAAAGTC,186
ACGCCACAAAGGTAAA,186
AGAGAAAGATTTGATC,186
AGCTTTTTAAGCCGCT,186
AGTGATATAAGGCAGA,186
ATAATATAAAGACATA,186
ATACCTGATGTCTCCT,186
ATTTTCACTTTGCTAA,186
CAAGACAGCGAAACGG,186
CAATGACATATGAAGA,186
CCCAGAGAAGCACTGG,186
CGGATAACAAATATAT,186
CGTGCCCCTAACCCCG,186
CTACATCGCACTTACA,186
CTCAACATCCTAAAAG,186
CTGCTTTCCAAGGGGA,186
CTTACAGAAGGGCATG,186
GAATACACTCACACGT,186
GAGTCAAATAAAGAAA,186
GATTCGTTCTTAGAAA,186
GCAAAAAGAGACACCA,186
GGAAATAACCTAGTTA,186
GTACACAATCTTAGCA,186
GTCAATTTAATACTCT,186
GTCTCAATAATAACGA,186
GTGACTAAGGGATGAA,186
TAACAAACACTACGTA,186
TACAACCTTCTATAAA,186
TCCTTATAGTACTGCC,186
TCGACCCGTGTACCTC,186
TGCCCACTGCGAAACC,186
TGTGTAATAACCAGAT,186
TTATACAGATGGGTGG,186
TTGAAATTAAAAGATC,186
AAATTACACGCCAAGA,185
AACACCGATCCCCGTC,185
AACTTAGGCTATCCAC,185
AAGCCTCACAATAAAA,185
AATGCAATTCATTCCA,185
ACAACAGAGTAAACAA,185
ACTTAAAAGTAAGCTT,185
AGAGACCTAATAAATC,185
AGCAAACAATGGAAAA,185
AGGCTAGCAGTACAGT,185
ATCCTACCCCTTGCGA,185
ATGAAAATTAACCACG,185
ATGCGTCTATCAACAA,185
CAACTTGGTGGAAGCA,185
CAGGAACCCAACCTAC,185
CCATACAAGCATAATA,185
CCCTCAAATGTCTACC,185
CGAATTACAGAAAATT,185
CTAAATCCATATCCTA,185
CTATACCACCGAAGAT,185
CTTAGTGAAGCACCGA,185
GAAAGTCATAACGCTT,185
GAATGACCATCAACGG,185
GAGTAGAGATACTTTG,185
GCGAAATAGCTCATGA,185
GCTCCCTTGATAAGGA,185
GCTTTAAACTACAAAA,185
GGAAATAAAATTATGG,185
GGATAAAACTGAATCG,185
GGGGAAATCTTAGCAG,185
GGTACGGACGGGATCT,185
GTACACAAACTAGTAA,185
GTAGTATGACATGTTA,185
GTGCCGTAAAATCCTT,185
GTTCGATTAACGGCAC,185
TAAAGACCGTTAACCG,185
TAACATCCTGTAGAAT,185
TAATACGTTAACATGT,185
TACAAAAATAACTTGA,185
TACATTTGGCATCACT,185
TAGACTAGTATTTTGC,185
TATATATGTTATGTGC,185
TCATCCTAAAGAATGA,185
TCTGGAGATTCGTTTG,185
TGGTTTGTCAGTCAAT,185
TTGTAACATAAGATCC,185
AAATGCATGTGTATAC,184
AACGGTGGCATAACAT,184
ACAAACCAAGAAACAT,184
ACAGTCGAACAATACA,184
ACCATTGATAACGTTC,184
ACGAATATAGCAGGCC,184
ACGAGATTTTAAGAGC,184
ACGATAATAATATCCA,184
ACTAAATATCGAGTCT,184
ACTAGGAACAGAACAT,184
ACTGGATTGACGAATG,184
ACTTAATAGACACTTA,184
ACTTACGCTCACTTTA,184
AGACATAACAAGTATT,184
AGTTTTAGAGATGTAA,184
ATAAGTAAACATGATA,184
ATCGCTAGTAAGTACT,184
ATGGAAGCCGCACCTT,184
CAAAAACAAACCAATT,184
CATTTACGAACAGAAA,184
CCCGAAGGACCAACTT,184
CCGTCATTAAATAAGC,184
CCTCACATTTCGATTG,184
CGAAGAGACTTTAACA,184
CGCTGAATATATTACG,184
CTACCAAAGCAGTAAT,184
CTATATAATAGAAGCA,184
CTATCGAGCAGCGCTA,184
CTGCAAATCTATCCCA,184
CTGCGTCACAGTCCAC,184
GACAATAAGTCATTCA,184
GATAGGATAATCGACA,184
GATGTTGAAACTACTA,184
GCCGTATCATGAGCAT,184
GCCTAGACCTTTAAAA,184
GCTACACCGCATATAT,184
GCTTACGCAGTTGGGT,184
GGTGCCTAATTAATCA,184
GTACAAATTCAAAGAA,184
GTGGAGTATCGTTTAC,184
TAAAATGAAGCATATA,184
TAAGACAGTTGTCGGA,184
TACAAATAAAGAACCA,184
TAGACAGATCATAAAA,184
TAGATACACGAAGATC,184
TAGGCGCGGGACTATA,184
TCAGCTATGCACCAAA,184
TCATACTAATACTCTT,184
TGCACCATAACCCGGG,184
TGCATAACATTAAGGT,184
TGGGACTTTGCCCTAA,184
TTGATTATCATAATGA,184
AACAACGTGCCACTCG,183
AAGCATAAGTCGCGAT,183
AATAACAACTAACGAC,183
AATCGTGGCAAACTAG,183
ACCATGTCATGAAACG,183
ACGTACAATTGGATTG,183
AGGATAACACAGAACA,183
AGGATGACAATTGTAC,183
ATACCCCTTGACCGAA,183
ATTAGTAACATAGTGC,183
ATTATAGCCTTAACTT,183
CACACTCAAGGCTGAA,183
CATATGCATCATACAA,183
CCACTAGTATAATAAT,183
CCCTTTGACAGAATCG,183
CGAAAGAATCAAACAG,183
CGACTGAACGCAGCAA,183
CGCAGTCGATATAAGT,183
CGTAATGTCTGAAACG,183
GAAAAGTCTCGTATAG,183
GACACGAATCTCAGAC,183
GCAAGATTACCACAGA,183
GCTGACCAAAAGACTA,183
GGTAGAAGAGAATGTA,183
GTCACCAGTCACGCAA,183
GTCATATGGCAAACTC,183
TAACTCAATAGTGACA,183
TACGTCTCTTGCTAAA,183
TAGGCACTCATTAAAT,183
TATAAGAAACATATAA,183
TCAACCATCAAGAGAC,183
TCAGCTAACCAGCATG,183
TCGTACTAATTAAACT,183
TTTGAGTGGTAATTCT,183
AAATAAAAACTAATCA,182
AAATGCATAATTCCGA,182
AAATTACACATTGATA,182
AAGACATGACGCTCCG,182
AATGAAAAACGACGGA,182
ACCCCTAGTACGCCCC,182
ACGATACAGGTGCGCG,182
ACGATTAAAATTCACA,182
ACTCTTCCAATTAGAC,182
ACTTTCGACAGAAGGA,182
AGATGTGTTTTGTGAA,182
AGTGGTCGAAGAACAA,182
ATATACTGCACGAATT,182
ATTCCACTAGAAGTGA,182
CATACATATACATGAA,182
CATGACGATGCCGGGC,182
CCCCCGGTCAGTACCA,182
CCTAGGAAGTACAAAT,182
CCTATCTTACTATATA,182
CGAAAACCCCGTCGTG,182
CGAAGAGGCACTATGC,182
CGCTCGACCCTGGCAC,182
CTGAGTTACGAACATT,182
CTTAGTAATTTGCCTT,182
GAAGAAAACTCATTCA,182
GACTCAACACGTTTCT,182
GATGTAACATCCAACT,182
GCTTAGGAACCTGGTA,182
GTATGAAACAATTCAA,182
GTTCGATTGCACTTCC,182
TAAACTGCTGATACCC,182
TAAAGCGGTGTAATTC,182
TACATGCCTCTGACAA,182
TAGGTATACCTCATAA,182
TATACTAAACACAGAA,182
TCCGAGGAAGTACAAT,182
TCGTACTAGACACACG,182
TTAACAAATGTAAGAG,182
TTAAGTAGCGTACAAA,182
TTATCAGGAATGTAGA,182
TTCTTAACGCTAGATC,182
TTGCGTACATAGTCAC,182
AACGGATAATTTCTTA,181
ACAAAACGTTATTATA,181
ACCCATCATGGATCAG,181
ACGAATCTCGTACGAG,181
ACGACTAGTAAAGAGA,181
AGATACGGGTATTTAA,181
AGATGCAGTAAACGAT,181
ATAACATCTTAAATTT,181
ATACCTATGCGCTCGT,181
ATGATAAGTGTATCTA,181
ATTCAATAAGGAGCCA,181
ATTCTAATGACGGGCA,181
CACTGATCAACATGTA,181
CAGTTATGAGATTAGT,181
GAAATTCAACCGGCCC,181
GAACTATAAAATTGAA,181
GCCAAGTAAACAGTTC,181
GCGAGAATAATGCCGT,181
GCTCATATAATCCGCG,181
GGGATAGCCTTGAGCT,181
GTAGTTTTAGTACTGC,181
GTCATATAACCAATTC,181
TAAACCCTGAAAAGGA,181
TAAAGCTTTAGAAGGA,181
TAAATCCATGCGTCTA,181
TACACCTAATACGCAG,181
TACATGAGCCAGCTAA,181
TAGATATGAAGTAGAC,181
TATAATACTGGGATAA,181
TCAGTTAACACCGAAT,181
TCCAAAAATACAAATG,181
TCGGTACCCATCCCGT,181
TGAACAAAACTTTCCT,181
TGAAGCTAATGTCCTG,181
TGGAAAACTATAATCA,181
TGGCATCTCTTCAATT,181
TGTCAGTTACAGAAGC,181
TTATGGCGATAACTGG,181
TTTCATCCAGGCCCCA,181
AAACACCCCACACTGA,180
AAACATTTATCCAATG,180
AATATCTTATATAATA,180
AATCAAGGACTGTATA,180
ACACATATGGCGACTT,180
ACCGCAGCACACTGCT,180
AGAAGTTTGTATCATC,180
AGCGACAAATTACAAG,180
AGGTATATGGAAAGCG,180
AGTCCAGTCCTCCACT,180
ATCTAAAGTCACACCC,180
ATGTGCAATAATATGT,180
ATTGTCGATACGTACG,180
CAGGTTTAATATAGGC,180
CATACCATAAATAAGT,180
CCCATACAGAACATAA,180
CCCGACGGGAGGAACA,180
CGAACAAATCTGAACT,180
CGAATAACTGAACAAA,180
CGTGACCTGGTTTAAT,180
CTATACGGTCGACACA,180
GACATACATTGGCCGA,180
GACCCTTAAATATCTG,180
GATTCCCAACAAGATT,180
GCAGAACTGTAACAAT,180
GCAGCAAAATCAACAT,180
GGATAGGCCAAAGGCT,180
GGATATAATATGAACA,180
GGTATTTGACGAGAAA,180
GTACAAGAAAAGTACA,180
GTTTTATCACACAAAT,180
TAATTCGTGAAAATTG,180
TATAGAACCATGAATT,180
TATCCAAATGGCACTC,180
TCACCGGCAAATACCT,180
TCACGATTTTGTTACA,180
TCTAAGATCAGCATAC,180
TCTTAACGATACAGTA,180
TGAAAAGTATACGAAC,180
TTGAACGATAACTGAC,180
AAAGACGTAAAGAACC,179
AAATATAACCCATCGT,179
AACCTAAAGAATAGTC,179
AAGAAACGAACCAAGC,179
AAGTTTATAAACTCTT,179
AATGCTTGCTACTGAA,179
AATTCGCACAGGACAT,179
ACCAGAGAGCCACAGT,179
ACCCAGGGAACTGAGG,179
ACGGTACCGGTTCACT,179
ACGTGTGTAATCCTAC,179
AGATGGAGAAAGTCCA,179
AGCACATACAGGCCTA,179
AGCATCGCACAGACTT,179
AGCGGGTGGGCAATAG,179
ATCAAGTTAGATACAA,179
ATCAATTATAACTACT,179
ATGAAAGATGCTCGAT,179
CAAATTCCTGACATGG,179
CACTGTGGACGAAATT,179
CAGTGACTCGTCTAAA,179
CATCCGGCAATCGAAT,179
CCCTGCAGCCCTGAAC,179
CCTATATAAACAATGA,179
CCTCTCTGCACATACA,179
CTTACAGCAAAACTTA,179
GACAAACTACGAATAA,179
GACTGCGTCCAATGGC,179
GAGCGACAAAATTAAA,179
GATGTAAGGATATATA,179
GCCAGAATATAGGAGT,179
GCCAGCACAGCATTCT,179
GCCTTTACCATTTCCC,179
GCTAACAGCGACCCTA,179
GGATACCTTAAAACAT,179
GTAAATCAACCTGTAA,179
GTATTAGAACGATGGA,179
GTCATATGCTTGCACA,179
GTCGGACCCGATCTAT,179
GTTAATAATTGAATTT,179
TACCTGTTCACTCAAC,179
TAGCCCTCCCTGCGGG,179
TAGGAAATCAGGTTTA,179
TCGGTCTGACAGACCC,179
TGACGTGCAATAGAAC,179
TGCTCGAAAAATTAAC,179
TGTAACAAATGAAACA,179
AAACATGACCACGTGA,178
AAAGTATTCCTAAGGG,178
AACCGGTCGGAACTTA,178
AATCGTATCAACTAAA,178
ACAACGATGAGTTGGA,178
ACATAAGCATTTAATT,178
ACGATCAGCCTAAGAA,178
ACGCCACACTCCACAT,178
ACGTAAGAACCCAAAC,178
ACTTTCACATTACCGC,178
AGAACGACGCAATAAT,178
AGAATACGAGGGAGAC,178
AGCACCTCGATACATG,178
AGGACCATTCCACGTA,178
ATAAATAAGCTACGTA,178
ATACTAGGAAGCAATG,178
ATAGATCGAAAAAAAT,178
ATATAAACTTATTCAA,178
ATATTCGACAGGGCAA,178
ATGGAACGGGCTTGTC,178
ATTTCATCAGGTAAAC,178
CAAATACGAACAATGA,178
CAACGGCAGCACAACC,178
CATAGGAATAGTCATC,178
CATCACTCAACACCCG,178
CATCCAGTCGCGACGA,178
CCCTGCTACAGCGCAA,178
CGAGATAAGATGGCAG,178
CGCAACTAATTCAAAA,178
CTACTAAGCTATCGTA,178
CTGTCCCCGTATCGAT,178
CTTCACAATATGTATA,178
GAAAGTTCAACGGCTC,178
GAATAATGACTTAAGA,178
GAGGATGACAAGGCAA,178
GATTGGAGTAAACACT,178
GCGATACTTCCAAGTG,178
GGTCAAATCAAGACAA,178
GTGGATGAGATGTACC,178
TAAAGCTATCGGCGAC,178
TAAATACAATGAAAAA,178
TACGTATAAAAGAACC,178
TATTACACACATCAAT,178
TATTCAAAGAACACGA,178
TCAACAACACATTACA,178
TCCACTAGGGCACCAA,178
TGACACAAGAAGTACT,178
TGCAGGACACTGCATA,178
TGCCAACATGCATTTG,178
TTCAAGACAAGTCCAA,178
AAAGTTCAAATGCCGA,177
AACTAAGATTTTTAAT,177
AACTTTATACGGACGT,177
AAGCATCAGTATAATG,177
AATGCAAAATATCCAA,177
ACATAAAGGATTAAAC,177
ACGGCTGCACTAATCA,177
ACTAAAATGCTAATCA,177
AGACAGGCAGTTGTAA,177
AGATAGCAATATAACA,177
AGCTAGATGAAAATAT,177
ATCAGCAATGTTAACA,177
ATCAGGACTAAGAATC,177
ATCATTAAATCTAAAC,177
CAGAATCCGTAATAAA,177
CAGCCAGGGGCCGCAA,177
CCCACCTTACAAATTG,177
CGAAAAAATGAACCTG,177
CGATTGATAGCCAATA,177
CGCAGTGTCACATCAG,177
CGTAAATAGGCATGAC,177
CGTACCTAATTTCTAA,177
CTCCAGATTTGCTCAT,177
CTGCTGCTGTTCTAAT,177
GATGGACAAATAGACT,177
GCAATATTAATTAAGC,177
GCTAAGTCAAACCACA,177
GCTATGATTTATACCT,177
GCTCGAGACACAATAA,177
GGCCGTGCAATAGCAC,177
GGTGAATTAGCACCAT,177
GTAACATTTGACACCA,177
GTGATCCCCAGAACCC,177
GTGCAATACTTAAATC,177
TAACGATTGTAAAGTT,177
TACGTTAAAATATAGG,177
TAGATCTTCTAGGCAT,177
TATTTTTCTTAAACCA,177
TCCGAAGTGAACTGAA,177
TCCGATTAACTCACAA,177
TCGCATTTACCACGTC,177
TGGTGCTCTCGGATTA,177
TTCTCGTGGCCATCGG,177
TTGGGATTACTATGAT,177
AAAAAAACATGAATCG,176
AACAATGTAAGAATTA,176
AACAGACAGAATGGAT,176
AACTACATGTAAGGCA,176
ACAAATGTCACTATGT,176
ACAAGTTTACTTGCAC,176
ACATCTCCGAATGATT,176
ACCAATAGATCGCTAC,176
ACCATAACATTGATCG,176
ACCCCGTTAATCCCCT,176
ACGGAACCGCGCAGTC,176
ACGTGCTAAAAACATT,176
ACTAATATGGATTTGA,176
ACTCTATAGAAATGCC,176
ACTGGTCGAATATCAG,176
AGAAATCAAAATATCT,176
AGAAGAACGATATATG,176
AGGGGACCATACCTGA,176
AGTCAAGAGCTCAGCA,176
AGTCTGATTGCATAAA,176
AGTTAAACCGCTCTCA,176
ATAATATAATCCGGAG,176
ATACCGAAGATATAAA,176
ATGAACTGAACATTAC,176
ATGTGAGCTAAAGCCA,176
CACAAATACAGTTACC,176
CAGCGATTCAATCAAG,176
CATAGAGAGAAGTATT,176
CCAGTGCGTCTAAACC,176
CCTATGAATTATGTAG,176
CCTTCCAATATCGTAA,176
CTATTAGTAATAAAAT,176
CTCCCAACGCATCCTG,176
CTGAGGTTGACATATT,176
GAACAAATCCATCCGT,176
GACCAATAGATATAGA,176
GACCGCGAAGGAAGCA,176
GAGAACTCAAAATATT,176
GAGCCATCTAGTACCA,176
GGGGATGCCATAGTTT,176
GGTAAATTTTCCGGTT,176
GTGACAGTTCCCGATT,176
TAAAACGCGAACTAAA,176
TATCAGGAGATTGCTC,176
TCGAAGCATAAGATCT,176
TCGCTTCAATTCTACG,176
TCTAAACTTCAAATCT,176
TCTAAGAACAAGACAC,176
TGCAAATAAGCTAGCA,176
TGCTCCTGCTTCACCG,176
TGTCTTAAAATATAAA,176
TTCCTATATTTTTGTA,176
AAAACACTCCACTCCA,175
AAATGAACCATTAATA,175
AAATGGGAAAAAGCAG,175
AACATCGAAGAAGGGG,175
AACATTCAAGACTGCG,175
AAGAAAACAATCCTTG,175
AAGGTCAGATCTATAA,175
ACAGGCCAAGTGAGCG,175
ACCGCAAGTCTATATG,175
AGCTATAAAGTTCATA,175
AGCTGTGTTCTATTCC,175
ATGACCGAAGGGAAGA,175
ATGGAAGTAAGTATGG,175
ATTCAAGACCTTGAAA,175
CCATAACTGCCACCTA,175
CCATAATTTAAAGTTA,175
CCATAGAACATAAATA,175
CCTCTTAGCTACAACC,175
CCTGAGTTCGAAACCG,175
CGATTGAATAGTACCA,175
CGCTTAACTAAGGACC,175
GAACTATAACGACTAA,175
GACACATTTATTCTCA,175
GATTCCCACCAACAAT,175
GTACGAATCTATACTT,175
GTAGCTTAACTAATAT,175
TAACCTTGACCAAAAA,175
TACGACCAGCCAAGAC,175
TACGTAAATACACAAA,175
TAGTCAACTAATCACC,175
TAGTTCAACCAAGCTG,175
TCATATTGTTTAGATG,175
TCCAAATAGAACCAGA,175
TCCAATAAGGTACAGC,175
TCGTCAAGATAGGAAC,175
TGAAACTGCTTACCCA,175
TGAAAGACGCAACTCC,175
TGCCATTGATGGGTTA,175
TGCGAAGTCCACGACC,175
TGCTCTAATAACATCA,175
TTAGGTTCAACGTTTA,175
TTATCGAACTTAGAAT,175
TTTCTCCACCCACTGA,175
AAACATAATTATGATC,174
AAATACCAAAAGCTGA,174
AACAGAGTCAGTTAAA,174
AAGGTCCTACTAGGTT,174
AATGCGTTAGATCACA,174
ACAAACGCAGAAAGTC,174
ACACATTGGAAATGTG,174
ACCATAGACGCACTAA,174
ACCTACTGACGTCTCG,174
ACCTCGTAGACAGCCT,174
ACTAACTATACAAGAA,174
AGAACCACTTGTATTC,174
AGATTAAGGCTAATAA,174
AGTCCCGAATCAGAAT,174
ATCGTAGAGGGTGTAA,174
ATGAGGATAATATAAG,174
CCAGATACCTTTCTAA,174
CCGCAAACGAGGGTGA,174
CTAGAGTGGAAACAGA,174
CTAGTTAACATGTTAC,174
CTATTAATCGCCACCT,174
CTGGTCACCAAAAAGT,174
CTTGACATTATACAAA,174
CTTTACACGACTACAC,174
GAACTAATACCCACAA,174
GACCAGATAATCACGT,174
GACTCAAATAGTCATA,174
GACTGAGCGACCTAAT,174
GCAGCATATTTTAAGA,174
GCTTGAACGTCTTAGT,174
GTAATCCCAGTCTTAT,174
GTACCACATTCAAGTG,174
GTCGAAAGAATAATCC,174
GTGATAATGTACACAG,174
GTTTAAGAGAATATAA,174
TAAACGTGAACCCATG,174
TAAATATTAGCGAGGA,174
TACAGACAAACGCCCT,174
TCTAATCCTGCGGAGC,174
TGACTCAATAAAGTTC,174
TGCACGTGGCACTTAA,174
TGGATACGAAGTAAAT,174
TGTAGCTGGAAACTAG,174
TTGCGAGCACAATAGA,174
AAAAGCCAAAATGGAT,173
AAAGGTAAGGCGCAAT,173
AACTACACAAACTCTC,173
AAGGTAGATGAGTAAA,173
AAGGTCTGCGGTATAC,173
ACAGGCCACAGAGCCA,173
ACCCAACACAGACAAA,173
ACCCTGAAACAACCAT,173
ACGAACTTCTCATAAC,173
ACGAAGAGTCATACCG,173
ACGAGTAGGAAGCTTG,173
ACTACTAAACAAACAG,173
ACTTGTAATAAGCTAA,173
AGAGGCACTAAATAAT,173
AGATTGAATTAATGAC,173
AGTATCAGCTCAGATT,173
ATAGCCTATATTACAA,173
ATGAAGATAAACCGGG,173
ATGACTATAACTTTCC,173
ATTGAAGGCTTGTATA,173
CACATGCTCCAGATTG,173
CAGACCTGTCAGACTA,173
CATTATACCGAATCAC,173
CCCCCGCTACAGGTAT,173
CGAGTACAACGGGTTG,173
CTAGCCCATGACCAAA,173
CTCGGTAGCCCTGAAT,173
CTGAATACAGCAACAG,173
CTTATGAACTAACCCT,173
GAAGACCCCCGCAGTG,173
GAAGTTGCTCCCAGGC,173
GAATCGCAAGCATTCT,173
GATTCAATTTAACCCA,173
GCCTCACTTTGAACCG,173
GGAGCACATAATGCTA,173
GGCGAAGATTTAAATA,173
GGGCTAGAAGTGAAAA,173
GGGTACTACACGTAAA,173
GTAAGGAGCAGGAACA,173
GTAAGGCTGCTTACAT,173
GTCAAAAATGCCACAA,173
GTCGACATTCCAAAAG,173
GTCGAGGCTTAAGATA,173
TAACAATACGCGTATC,173
TAACGCTTACTTGCAA,173
TAATATAAAAGTCACA,173
TAATTTGGCAAATCCA,173
TACAAAGCCCTAGCTA,173
TACGAACCTCCCCCTA,173
TATGAAAAATATGCAG,173
TCAGCACATTATCAAT,173
TCCCGGCAAACGCCAC,173
TCTCCATATGACGGTC,173
TCTTAACCGTGGGGAT,173
TGAAACGTAGATTTGA,173
TGAAGATTAACGGCCT,173
TTACAACGATTACGGC,173
TTAGAATTCCTAGATC,173
TTATAAACAACGGGCA,173
TTTAATTATACAAGCG,173
TTTGTTGCCCAGAAGG,173
TTTTAAAGACCGGGCC,173
AAAACATAAGAAAATG,172
AAAATAGTGTCCTAAA,172
AAAGAGACGTAATGTA,172
AAGCTCTTAAAACAAT,172
AATAAAGTAGCTTAAG,172
AATAACTCAGACTAGA,172
AATTGAACGAACGCGA,172
ACAACTATGGTATCAC,172
ACATATACTTACCACA,172
ACCAATTGATGGGAAT,172
ACCGATTTCTACTAAC,172
ACCTGAATAAGTAAAT,172
ACTGTCACCTTATAGC,172
AGAAACCTGTAGGAAA,172
AGCTGTTGGAGAAAAT,172
AGTACGCAGCGTGTAA,172
AGTGTCTAAGTCCCTC,172
ATACACGAGCGGGAAG,172
ATCCACATTGTTAAAT,172
ATCGAGACGGATCCAG,172
ATTCATAAAAAGGAAA,172
ATTCCATCTGTTTGAT,172
ATTGACCCAATTTAGG,172
CAACCGGTTCGCCATC,172
CATTACCGATCCAACT,172
CCAAGTTCCCTAACTT,172
CCAATATATCACGTGG,172
CCACTTCCCAAGAACA,172
CCCAAGAAGACTAAGA,172
CCTTGAAATATCGAAT,172
CCTTGATCCCGATCAG,172
CTAAATACGAAAAACC,172
CTAAATCCAAGTCTCT,172
CTATTGATAACCCCTC,172
CTCCCCGTGTATTCTA,172
CTGTCCTGACTTCCAA,172
CTTCGTCTCATACTAA,172
CTTCTTCATTCAGAAT,172
GAACTTACGGAATAAG,172
GAATATCGAATTGCTC,172
GACAAAGAACCAATCA,172
GACTCGAAACTTAAAC,172
GAGACCAATTTAAAGC,172
GATAATAGGAATAATA,172
GCCTGAAACACACCTA,172
GCTCTACAAGTCCAAG,172
GGGGGACACTACTTGG,172
GTAACGAACTGCCGGC,172
TAAAATAGAGCACCCA,172
TAAAGCGGAACTATCG,172
TAACACGCTCGTATAG,172
TAGCCCAACCGTGTAG,172
TCAGAATAAAAGAACC,172
TCGCATATATCTATGT,172
TGCGAGACATTTATAC,172
TTGTTACATTACACAT,172
AAAAACCAACTCGAGA,171
AAATGCACGTCCCACC,171
AAATTCCGACGCAACC,171
AACAGATTAATCCAAT,171
AAGAAACAAGCAATGA,171
AAGCAGAGACTTCATA,171
AATAGCAGGCCCAATC,171
AATTTACAAGTATCAA,171
ACATGCTCTAAGCCAA,171
ACGCCGCGCTATCTAC,171
ACTAATTTCAGCTGAA,171
ACTGGTTAGTCAGCAA,171
AGAAGAACAGGAAAAC,171
AGCAAATCTATTAGAT,171
AGGAATCCGGCTCCAA,171
ATATAACAACTACCGA,171
ATGACAATTAACCAAT,171
ATGCTTCTTGCTTAGG,171
ATTTACATAGACATCT,171
CACACAAGAAATGGAA,171
CAGATAATACTCTACT,171
CATTTAAAGAAACTGT,171
CCACCACGCGACCTCC,171
CCATCAAAAGACAAAC,171
CCATTTGAGAGAAACC,171
CCCTCTGACACTGAAG,171
CGATAATTGACCCAGT,171
CGATGTAAGAATAAAA,171
CGGTCCTCATCCGAGC,171
CGTACTTTGTTGCGTA,171
CGTCCCTCCTAGTCCA,171
GACTCCTGCGATCGCA,171
GATCGAGATAGGGGTT,171
GCAAACTGAATCTTTA,171
GCATGCAAGGTAATAA,171
GCTAAGCACGATACCC,171
GGTACAAACAAATCTA,171
GGTAGTTTAATGCTCA,171
GTACCGCACTAAAGTC,171
TACGCGAACGTAACAC,171
TATACCAACCAACACA,171
TATCGTTAGTAGGAAC,171
TATTCGGTCGATTATT,171
TCAAAAATCTGGTTCT,171
TCCAGCAGACAAAATT,171
TCCCGGCTCGTCTCGC,171
TGATTGTGAGCTTCCG,171
TGCACGGGCCCCATCA,171
TGTGGCTCCGCTCAGA,171
TTGAAAGAAGACATTG,171
TTGATTTGAACCAAAA,171
TTGGTACGTTGGGGTG,171
AAAATTATAAATAATA,170
AAACTAATACTACAGA,170
AAAGTATTATGGGAGA,170
AACTAACCTTATGAAG,170
AACTAATTCCAGCTAA,170
AAGTTTACACCACAGA,170
AATGTATTGAACCGGG,170
ACAAATCGTACTAGCG,170
ACATGCTGATCGTGTG,170
ACCATCTACGTTGAAA,170
ACCCTCCCCGATACCT,170
ACGCCACTACATAATC,170
ACTCGGCTCTGGACAC,170
AGATAAAGAAGAATAT,170
AGTGCCGGTTCGAAAG,170
ATAGCGCTTATGGCTC,170
ATATGTACAATTTCGG,170
ATATTCGTGATCCGTA,170
ATGAATACATCGAATA,170
ATGAATACTGCCTATT,170
ATGCAATGGATAGTAA,170
ATGCCACGAATGAATC,170
CAAATCTAACAATAAA,170
CACACGAACCATAGAG,170
CACATTCCATCGAACG,170
CACGAATACCAAATGA,170
CATAAAACAATAGATT,170
CATAGATAAAGAAGAA,170
CCACTTAATACTAAAC,170
CCAGGTCTCGTCACTC,170
CCTTATGCTAAAACCC,170
CCTTCCATTGTGCCGT,170
CGAAGAGAACGAAAAA,170
CGACCAGTCCGCGAGT,170
CGCACGTTGATCTGGA,170
CGCGGAATACTGTCAA,170
CGTAGTTCATTATTAT,170
CTACAAATGAACATGA,170
CTCATATTACCTAAAA,170
CTGCAACCCAATGCGT,170
CTTCCTATAACTATCA,170
GAAAAGGCTACTTTCT,170
GAACATGGATACTCAA,170
GACTATGAGTATGCTC,170
GAGTTTATCTCCAGTG,170
GATTGCTAACAGTATC,170
GCAACAAGCCCGAGTT,170
GCATGGGTTTTCGGTC,170
GCGTATCACACTCGTA,170
GCTGAAACGGTCGCTG,170
GGATTAAGGTCGCGCA,170
GTACAGGACAACATTG,170
TAAACAGTCAAATGCA,170
TAAGGAACATCAGTAG,170
TAGACCTCACAACATA,170
TAGAGCTGTTAAGAAC,170
TCAATCAAGGTACTTA,170
TCACCACTCTTAAACG,170
TCATTTCGAACCGTAG,170
TCGTCCAGGATCCACG,170
TCTCAGAGAAAACCAC,170
TCTCGAACTAGCACAA,170
TCTGCGTCGTATATAA,170
TCTTCTTTTATTACCG,170
TGAAACAAACGCCGTG,170
TGACACCAACAAATGT,170
TGATGGTTAAACCTGC,170
TGCACCAATGGGTAAT,170
TTGACTGCAAGTACGC,170
TTGGTCGCGACACACC,170
TTTTCGAATGATAAAA,170
AAAGATGATGAAACAA,169
AAAGTTAAAAAATACT,169
AAATCAAGTGATTCTT,169
AACACCAGTCGATGCC,169
AACGACATTCAGTATA,169
AAGAGAATGTCTAATC,169
AATAATATGTCTGAGG,169
ACATACTCTACAAAGA,169
ACTCGAGATAAAAACA,169
AGAAACAACAAGTTTC,169
AGAGCAAGCATGAATT,169
AGCTGGTGCCCACAAT,169
AGTACTCATAAGGGTA,169
AGTATATATTCTCCTG,169
AGTGAAGAATCACATT,169
ATAAACCCATAAGGCA,169
ATGAGAGATATTAACG,169
ATGAGAGCTGCGCAAC,169
ATTACTGTATAGAAAT,169
ATTGTATGATTAAAAG,169
CAAAATTCCACAAGAG,169
CAAACTTTGCCCCTGC,169
CAAGAAGTACTGAATA,169
CACAACCGATATAAGT,169
CACGGACAATGAAGAT,169
CATGAAACGCACCACA,169
CCAGCACTCATCAAGA,169
CCGATCAGAGTCCATA,169
CCTGCTGACCATCTAG,169
CGAGATCTGCCTAAAA,169
CGATAACATAGTGAGC,169
CGCTCTGAAATTCACC,169
CTCACCCATCTGAGAA,169
GAAAACATTTAACGAA,169
GACCATCAAAATATGA,169
GCAGTTATGATTACAA,169
GCTGCCTAACCCAGGC,169
GCTTCTTGATAAATAC,169
GTAACCCACGCACAAA,169
GTCATTAAATCAAGGC,169
GTCGAATCACTTTTTT,169
TAACTTTCAATGAAGA,169
TACGTATTATACGGAA,169
TATATGTTAGAACAGA,169
TCAAGTCTGTGGAACC,169
TCAGATGGACTCTAAA,169
TCCAACTATCCTCATG,169
TCGAACTTCGGAATCA,169
TGAAATATTTACATGG,169
TGACGCAAATTACGAT,169
TGATTACAAACCCACC,169
TGCGATATGACCTATA,169
TTACAGCATCATAGAA,169
TTCGAAAAATTAGCAC,169
TTGAAAAATGTACCAG,169
TTTCGCCAGACGCACG,169
TTTGGTTACCTACGGT,169
AAAACTCTGCCAGAAT,168
AAATACGCCGGCCCAA,168
AAATCAAGCGAACGAC,168
AAATGTAGGTGTATAA,168
AACAGGGCTAGAGATT,168
AACCATGAAACCTTCA,168
AACTTATAGTCAAAAA,168
AAGACAACATACACCC,168
AAGACGGGCGCAATAA,168
AATTAATTCAGCTGAG,168
AATTCGAAACGTAGAG,168
ACACGCTTCCGACTTT,168
ACAGTCTGCCCCGTCT,168
ACATATCTGATAGGCA,168
ACGATAACAGAATTAA,168
ACTCTTGCTTGCCGGG,168
ACTTACATACTCTTAA,168
AGACATTACATGATTA,168
AGATGATAAAGAATCT,168
AGCCCAAATAGACAGG,168
AGCGCAGGTTAGGCTA,168
ATACTGACGCGAGCCC,168
ATAGGTATACATTACA,168
ATATCACATAGTCCAG,168
ATGCTACTTAACATAA,168
ATTGTTCAGAAATGTC,168
CAAAAAGGCAGTCTAT,168
CAACAAATACCTCATT,168
CAACGTATATTCACGG,168
CAATAAATATTTTTAT,168
CAGGCTTTCATAGCCT,168
CCAAGTAAACTACAGA,168
CCAATTCAGCTCCAAC,168
CCAGGTCCGTCTTGAG,168
CCCCCTCCTGTAACTG,168
CCGTCTGAACGTTCCT,168
CGAAACGATAAGAGCT,168
CGAACGATAGAATTGG,168
CGCCTTGGTATCTTTA,168
CGGGCACCATGACTTT,168
CTCCGTCCGTGACAAT,168
CTCGCGATTTAGAAAG,168
CTCTATAGCCAACCCA,168
CTCTTACTAAGTATTG,168
CTGCTATATCAAAGCG,168
GAACATTCTAAAAGCG,168
GCATGCATCACTCATC,168
GCGAATTAAGTACGCC,168
GCTTATCGAACTATCT,168
GGACAGGCAACATCCA,168
GTAATTAAAGGTGGAC,168
GTAGTACCAAGTAACT,168
TAACGTACAACAAACA,168
TAAGACTGTAGCAATT,168
TACTAACACCGAATAA,168
TAGCCCCATCAATTTC,168
TCAAATACCACGATTG,168
TCACATGGCACCCTCA,168
TCAGACGGTTTAGAAT,168
TCGCATAAAATTAAAC,168
TCTGAGGAATCTATCT,168
TGAAATAACCAAAAAG,168
TGCTCATTATTTGAGA,168
TGGAAGCATCTGTTAC,168
TTAATAGAAATATAGA,168
TTCTGTAATACATTCG,168
TTGAAAAATTCTTAAG,168
AAAACCCCGTAGACTT,167
AAACACATTATGTGAG,167
AAAGCTACTTAAAGGC,167
AAATTTACTAAAATGA,167
AACCCCCGAATAAATG,167
AACTAGCGACTTGTTT,167
AAGAAAACTGATACTC,167
AATATAACAGTCCAAA,167
AATCATTACTATTATA,167
ACAGCAGAGTAGTATA,167
ACTCAAACCTTTAACT,167
ACTGATCCATGAACGA,167
AGAACGCGTCGCGAAA,167
AGACGGTGTGTCATTA,167
AGGACTGAAAGTCTTA,167
AGTATCATACCCTCAT,167
AGTGGCCATGTTAATA,167
ATAACCCCCAGGAGAA,167
ATAAGCATATAAGGAT,167
ATACCGGCGAACCAAG,167
ATAGAAAGGGCACGGC,167
ATATATTCGATTATAC,167
ATCATTTACTTGAGCT,167
ATCCCGAAAATATAAT,167
ATCCGATTTACGATTG,167
ATCTCAAAATGAGAAG,167
ATGGGCTAAATATATG,167
ATTATCCTAACTACAT,167
ATTCAAAAACTACTAA,167
ATTGCTATGTTTGAAA,167
ATTTAACATCTAGGCA,167
CAACCTCTTTACAACA,167
CACGTATTATCTTTAA,167
CACTGCTGAACCATAT,167
CAGACCAGTCTTTAAA,167
CAGTCCCGATACGGAA,167
CATGGCCTCGTATATA,167
CCAAAATTCAACTAAC,167
CCAACCGGTCTAAGCT,167
CCCACAATTACTACCT,167
CCCGTCATAATGCAAG,167
CCTCAGACTGCCGCCC,167
CCTCTTATGCTTCGCA,167
CGAACAACTAACGTAG,167
CGAACTAAAGACTATC,167
CGAGACGGCTGTAGTC,167
CTAAGCAGGGAGTCAC,167
CTAGATGAACGAGTAG,167
CTATAACGAGTAAGCG,167
CTCACCATCATTAATG,167
CTGCGAGCACGAACCC,167
CTTAACGGGCATGAAA,167
CTTGCAATTATTTGGG,167
CTTTGATGTTAAAATT,167
GAAACCCTGCCCGGAT,167
GAACGCCCAGGTCACT,167
GAATACAATATAATAA,167
GGCCAGCCATTCAGCG,167
GGCCGCTCCTTTAATC,167
GTACCGCAAGATCAGA,167
GTGCTGAGTTGCAAAC,167
GTTACTATTCACAAAG,167
TAACGGCATAAATTAC,167
TAAGGTGATCGCATAG,167
TATTACGACCCTCATG,167
TATTGTGCCTCTGAAT,167
TCAAGTTCCAGAACAT,167
TCCGACGAGATAATCA,167
TCGCTATTATTTAAAA,167
TGAAGGGTAATTCACA,167
TGACGCGCAAAAAACG,167
TGACTTTCCATACTTG,167
TGAGCCAGCCCACAGT,167
TGTTACATCCCCCAAC,167
TTAAAGAGATAAGCTA,167
TTATCGCTTGTCACTT,167
TTCATCCACTAGCCGA,167
TTCGTATGTAAATTAA,167
TTTTAACCCGATTCCT,167
TTTTGAGCCCATGTCA,167
AAAAATGATCCCTGTA,166
AAAAGACCTCCTACCA,166
AAATTGCTTACACGGT,166
AACGCAAAAAATAACA,166
AACGTCATCAACCGGC,166
AAGAGCACGCAACAAA,166
AAGCGTATTAGCCTTA,166
AAGTCATATCTAACAA,166
AATACTAGTATACGTA,166
AATCCATGCTACACTA,166
ACCAACTTAAGTGATA,166
ACCCTCTACCTATACA,166
ACCTAGTAATGGCAAT,166
ACGACTACAATTTAGT,166
AGCCTAGCAGTTCAGC,166
AGTGCCAAAAGCCGGG,166
AGTGTCATCCCATCAC,166
ATACTTAAGGCCAACT,166
ATCGGCGGCAGTTAGG,166
ATCTTAAAATTCCACA,166
ATTGCTACACAATGTA,166
CAACAAAAAAAACAAA,166
CAACAGTTTAATTTAG,166
CAACGTGAAAGCCATA,166
CAAGTGAACACATGTA,166
CAATTACAACTTGCTA,166
CAATTTGAAGACTATT,166
CACTACATAACCTATA,166
CCCCGATCTCTGATCG,166
CCCGTTTACGACAACA,166
CGACTCTGGGTCCTAA,166
CTAAAGCTCAGTGCTA,166
CTATCCTGCAGCCAAT,166
CTCATAAGCCTGCTTT,166
CTTCACTGTTGTGCGG,166
GAACCACTGGGGTCGG,166
GAATAAAGTGTTATCC,166
GAATAAGTACATATGA,166
GACAAACATAACCTAG,166
GACTAACGAAACAGAC,166
GAGACTATATGCAACT,166
GATCCCAAACAACTAA,166
GCAATAACCCTCCCTA,166
GCCCAACTGATACAGA,166
GCGTGTTCACGTTTCA,166
GGACAAATTATTGAAG,166
GGACAACAACTGGTGC,166
GGACACGGGGCTAACA,166
GGCTGGCATAGCACCA,166
GTATCGACACTAATGC,166
GTTTTGGAACTTATGG,166
TAATCATGCCCCAAAA,166
TACTCTGTTCAGTTTG,166
TCACATTCATTAACGC,166
TCTTTGTCACTGGACG,166
TGACTAACTGCAACTA,166
TTCCGCGGACCCAGCT,166
TTGCTTAGACGAGTGC,166
AAAAAGTTTCTCGCGA,165
AAGGCAAGCTTATTCC,165
AAGGTTAAATCTGATT,165
AAGTACAATTAGTCAG,165
ACATTGAGCAGTCAAC,165
AGCTTAAAGCTATGGT,165
AGGCAGTCTCATCCGA,165
AGTCAAATTCACGAGG,165
AGTTCTCTCGACTCTA,165
ATAATAATAAAACTCA,165
ATCGGCAAGTACATAC,165
ATGAGACAAAATCGCT,165
CAATAAAGCTCTCTAA,165
CAATAACTCGCCATCT,165
CATGTGAAAACTCATC,165
CCATAAAACGAAAAGT,165
CCCTCGAAACGCGAAG,165
CCTATGAAGGTCCGAA,165
CCTGATATTCTACACT,165
CCTTACGATGCACGTA,165
CGCTGCATACCAACTT,165
CGGCGGTGCAAAGTGA,165
CGTATGTCTATCTCAA,165
CGTTTAAATGAAATTC,165
CGTTTACGCAGATCGT,165
CTAAATCTGCTATCTG,165
CTCGGCAAGTCTACAC,165
CTCGGCACAAAATCTT,165
CTCTTTAAAGACAAGA,165
CTGACAGACAAAAGTG,165
CTTTAAAGAAACTTCG,165
GAAACACCATAGGAGA,165
GAAAGGAATTAAACAT,165
GATAAAAGATCGTGGG,165
GATAGTGGAGATGAAA,165
GCAGTAGAACAGATAG,165
GCCCTGAAAACTACCA,165
GCGGGAGTAACTTTAC,165
GCGGTTAAAGTTGCGG,165
GGATCTAGTAAACAAC,165
GGGACAGCATTTACGT,165
GGTGGGAGTAGGATCC,165
GTAAACAAGATTAAAT,165
GTAAAGTCTCATAGAC,165
GTATGAGGATATTCTA,165
GTGTGCGAGTACGTTA,165
GTTACGAGCTAAACGT,165
TAAAAGGTAGGTTAAC,165
TAAAGATCCTAACCCG,165
TAAATAATAATCAACC,165
TAACCATCATCCCGTT,165
TAAGCATGATTCCCAG,165
TAATAAGCCGTGGAAT,165
TACAATATGCAAAACT,165
TAGGGTTTGGGTATTA,165
TATAGCACCTACCGCG,165
TATATTCGATCAGCAC,165
TATCCGAATAAAATCG,165
TATGATAACTCTTGTT,165
TATTTCTGCACCCCGG,165
TCCTCAATAACTAATG,165
TGAAGGGTAACTTCTT,165
TGTATAAACCAGAAAC,165
TTAGGCCGAAAAACAA,165
TTAGTCCTAAACCCAA,165
TTCGCCACTCGTTCAT,165
TTTTCATGAAATACCC,165
AAAAACAAAATCTATT,164
AAATAAAAAGCATGCA,164
AAATAGCGTACGCCAG,164
AACGCAGGACGACATT,164
AACGTTAACCAGATAG,164
AAGTCTAAACACCGCT,164
AAGTGAACCGATAATA,164
AATTCCAATTGATAAT,164
AATTCGGAATACGATC,164
ACAAACCGTAACCGAG,164
ACATGCAGGCGAAAAA,164
ACGTAAACGGTTCTCC,164
ACGTTTCATCACCAAT,164
ACTAATGACCAGAATA,164
ATAAACCTTCCTAATA,164
ATAAGATTCGCCAGCA,164
ATCAGGACCCGAATTC,164
ATCTCTATACCTTCAT,164
ATCTTGATAGTACCTT,164
ATTGGGATCGTAAAAA,164
CAGCTACATCGAAAAT,164
CAGTGTATCGAAGGAC,164
CCAGCAGCCGTCTTTT,164
CCTAATCATAATCCAG,164
CGCATGACTTCCCCCA,164
CGGACAATTAATAAAG,164
CTATTCAAGTATTCAG,164
CTCCGCCATATATAGC,164
CTCGCAACGCTAGATA,164
CTTTAGACCGAACTAC,164
CTTTTCGGCGCCGTCT,164
GAAAAGACCGAACCTG,164
GAACACTTTCGCTTAA,164
GAATACGAGGATGCAA,164
GACCAGCATTGATCAC,164
GCACTGACCCTATAAT,164
GCCACGATGAACCTAC,164
GTACACATTTACCTGG,164
GTGTGTTCACAACACC,164
GTTCAAGACGGTTCTG,164
TAAACGTAGTCACAAT,164
TAATTGTAAATACACA,164
TACGACGGTTCATAAA,164
TAGACGAAGCATCGAC,164
TATGCACTTCGACGGA,164
TCACGTCAACTCTAAG,164
TCACTGCAATCTTTAA,164
TCCCCCGGACCCAAAC,164
TCGAACACCGTTAGAT,164
TTAACCTTCTTAAAAC,164
TTACTAAACTCGACAT,164
TTCCCAATATGAATGA,164
TTCGAAAGCATCCATC,164
TTGATTGCTAGGTAGA,164
AAAACGTAAGCTCAAT,163
AAAGGAAACCCACAAA,163
AACACTGTATTATTAG,163
AACTACGGTGCAAGTT,163
AACTTAAAACCTCCAA,163
AAGCCAAGTAGAGATT,163
AAGCCCTTTAGCGCTT,163
AAGCTATCCTTACATT,163
AATAAACCAACCGCGC,163
AATCCCGTCCTATACG,163
ACAAATTTAAACATCA,163
ACACACACACCAAAGC,163
ACACCAAGCAATATTA,163
ACCCATAACAAACATG,163
ACCCCTAAACGTCACC,163
ACCTTTGATCCAACTA,163
ACGAAAAGCTACGCAA,163
ACTGTAATTAGTAAGG,163
ACTGTAGAAAATAAAG,163
ACTGTTGATACTAGAA,163
AGATACAAAGTGAGCG,163
AGTAAATGTAAGTGCA,163
AGTAATCCCGTGCAAT,163
ATAACTAAAACTGAAA,163
ATAAGTCTAATACGGC,163
ATACAATTCTATATAT,163
ATGGGTACTACGAAGG,163
ATTAACTTACAGCGAG,163
ATTCTATCAGGACTTC,163
CACACGCTTTACGGTG,163
CACATCCTAGCTATTA,163
CACGTGAATCAATATA,163
CACGTGCCTATTTGTT,163
CATTGATGCTTCAATA,163
CCATTAGAACGCCGTT,163
CGCGAAACTGCGTGTC,163
CGCGGACGGTACGGTC,163
CGCTCGAGTTACGAAA,163
CGGCAGCTACACGAGA,163
CTTTACGGAAAAAACC,163
GAAACTTCGTTGTTGT,163
GACAAAAAAGAAAGAG,163
GAGAAACAGGATGACT,163
GAGCCATGAGTAATAC,163
GATAGACACTAAAACA,163
GCAAATACTCTGCGAT,163
GCATAATAGTCGTCAT,163
GCGATAACTTATACCT,163
GCTTATGACTTTGTCC,163
GGCAGGCTAAATTTGT,163
GTAATATAGCAATATC,163
GTATAACTAACGAGCC,163
GTCACATAAGCAATCA,163
GTGCTCAGTTTTGCAC,163
TAATAGGCAACATACG,163
TACAATAAGCATGAAA,163
TACACCCCAACCGGGG,163
TACAGCTTGTTGTATA,163
TACATGAAATAACTGA,163
TACCCACTAGACTAAG,163
TACTTCCGAATCGTAC,163
TAGAAAATAGACACAC,163
TAGAGTTACTCCGCTC,163
TATCTGCTAGAGCCTT,163
TATGAAGTATGGGACA,163
TATTACGATGAGTCAC,163
TCAAGCATAGAACTTT,163
TCAATCAAACAACTTC,163
TCCCCTTGCAAGTGCT,163
TGCACAACATTCACCA,163
TTAACACAAACACTCA,163
TTAATATACTGTTAAT,163
TTACGCAGAGATTTGA,163
TTAGGGAGAGTTAAAC,163
TTCAGATATTTTAAAG,163
TTCATGGGTGATAGGA,163
TTTAACCTACGGTCAG,163
TTTGGTGTAACCTGTA,163
AAACAGATATCGGGGC,162
AAAGACGCGGTTTAAG,162
AACCACAGAAATAAAG,162
AAGACCCTTCGACGCA,162
AAGCTTTAAAAAACAC,162
AATCGAACAAGAAAAG,162
ACAACCTAAAGCCTTC,162
ACAATTACACCGCCAC,162
ACATGATAAAGTAGAT,162
ACCAATGGTGCTCCCA,162
ACCATATACTCATAGA,162
ACCCACAATGATGAAA,162
ACTTCCAGATGCTGAG,162
ACTTCCCCGACCCAAT,162
AGAATACTCAAAAAAT,162
AGATTTGATTAAAAGA,162
AGCAAAACATTAGAAC,162
AGCCACTGAGCAAGTG,162
ATAAACTGCCTGAATG,162
ATCAGACCACTCCATT,162
ATCTGATAAGAGGATC,162
ATCTGTAACCTCTCAG,162
ATGAACACGATAATAT,162
ATTAAAAATGAGCAAA,162
CATGATGTAATCACAC,162
CATGCAATCATATCAT,162
CATTATAACAAGTCTG,162
CCGAAGAATTACTAAC,162
CGCTAGACCCACGAAA,162
CGCTTACGTACTACAA,162
CGTTAACTCTACTTAC,162
CTATGTCCATCTTCCA,162
CTATTACTTTATGACA,162
CTCACGCCGCCGGACG,162
CTGGGATAAGCTCCGA,162
CTTCGAATATATAAGC,162
GAATAACGGTAACTGC,162
GAATAAGAAAAGTATG,162
GACAATTAGATGCGAA,162
GACTATAACGCATAAA,162
GAGAGCCATAGCTAAA,162
GATAGTGGCTCAATAT,162
GCATACAAACCTTTCG,162
GCCCTCCACGTATAGC,162
GGGAGTAGCTAGTACC,162
GTAACATTTAACGCAC,162
GTAATCTGATGTTCAG,162
GTGATGCATACCAGGA,162
GTGGGAAATCATGTCT,162
TAAAACCTGACATAAC,162
TAAAGCTGATAGTATA,162
TAATCGATTCATAAAT,162
TATTGATCCCGGTGGC,162
TATTTGCTCTAACTTT,162
TCAACGCTGGTCCACG,162
TCCAGCCAACCACATC,162
TCCCGTTATGCCCCCC,162
TCCGATCTTAGTACTA,162
TCCTGCAGAACCACCA,162
TGATGGTCATCTAATG,162
TGATTATGAGCTACGA,162
TGTGCGTTAACAGTTT,162
TTAACCAAGACAAGAT,162
TTATTATGTGTTAATT,162
TTCGACCTGGAATCAT,162
TTGGCGTTACTATTTA,162
TTTAGAGATGGGGAAG,162
TTTGCCCCAGTATTCG,162
AAAACAAAACCCCTGT,161
AAAAGAATCAGTACAC,161
AAAATCCCGTTGGGAA,161
AAACATACTGTCCAAT,161
AAACGAATTCAGCCTT,161
AAACGCAAAACAACGG,161
AAAGACGAACTGCTGC,161
AAAGTTAATTAACCCC,161
AAATGCGAGACATATC,161
AACAACGAAACCAAAG,161
AAGAACTCTATCTAAT,161
AATCCCGCCTCAGCCC,161
AATGGGAGCTCGAAAA,161
AATTAAAAACTAAAGG,161
ACTAAAGGTAACTCAT,161
AGATCCTGTTTCCCAG,161
AGCACGGTCACAAAAT,161
AGCTTCAGTAGTCTGA,161
ATACCTATCCGTCGCA,161
ATCGCATGTGATTTCC,161
ATGATAAGTATTTGTT,161
ATTGGACCTCTGGTGT,161
CACTAAAGATCCATTT,161
CAGCCGACAGACCTAA,161
CATACTATACCCATAG,161
CATATTCATCCACCAA,161
CATGAAAGATCCATAA,161
CATTACGCTCAACTTG,161
CCAATTATGGACCCAC,161
CCACATAAACAAAATC,161
CCAGAAGCGCTGTGCT,161
CCTACTTATACACATG,161
CGTCATGCAGACTAAA,161
CTTAGCAGCCCCAGAA,161
GAACGGCTAAATATAC,161
GAACTACTTTAAACCA,161
GAATGTCACTAACTCC,161
GACCCAAAGCACCCCT,161
GAGTAGAATCCACTAA,161
GATCATAAGTAGATAT,161
GATTTTCTGCGTGTCC,161
GCAGAATGGCCTGATA,161
GCAGTCTAATTGAAGC,161
GCCATGTGAAACACAT,161
GCTGAGTACCATTCTG,161
GCTTTATTAGTTCATG,161
GGAAGATAGCCCCGTT,161
GGATTAGAGAACCACT,161
GGGTAGCACAGTCACG,161
GTCATATATCCTAACA,161
GTTAAAAATTGAGTGT,161
GTTAAAAGTACACCAT,161
TAAACCGTTACGTATC,161
TAATAATCTTATTGTT,161
TACGCTACTGGCACAA,161
TACTACGACGCAACTA,161
TAGATTCGATTTAGGT,161
TAGGTGTGCCCCTTCA,161
TCCAGTGTACAATGTC,161
TCCATAAAAGATGACC,161
TCTAAAGCTCTACCCA,161
TCTGAAACAAAACTGA,161
TCTTAGAACTTGTCAC,161
TGAAAGTGCCACACTA,161
TGCATGATAATGGCTA,161
TGCTTAAAAGTGAGTT,161
TGTAGAATATTCGAGT,161
TTCCCCTAACGGATAG,161
TTGACACCTTCAGCCG,161
TTGTGGCGGCATCAGA,161
TTTCAACTAGACCCGA,161
AAAAACTGGTTTCGGC,160
AAACCAGATAAGAACA,160
AAATACAAGACCCCCA,160
AAATGATACAGGCTTA,160
AAATGATAGCTGAAGG,160
AACATGATTCAATATT,160
AAGTTAGCTGAACCAA,160
AATAAACTCACCCACA,160
ACAATACGATTAGCCC,160
ACCAAACAAATTCAAC,160
ACCAGACAACTGATTT,160
ACCATATTAGCCGAAC,160
ACCTAGGCTGACCGGA,160
ACCTTCAGCATTCGTG,160
ACGACGGTTTCACGTC,160
ACGAGTCGATGTCGCA,160
ACGAGTTAGACAGTGC,160
ACTAGATAAGGCTGGC,160
AGAGAACTCTGGCTGT,160
ATCTGTAATACCGTAC,160
ATTATCACATGGAGCC,160
CAAAAGACTGTAATTT,160
CCAACCACATGAGTAC,160
CCAGCAAAAGACAAAG,160
CCAGTTCCCGCCACCC,160
CCGAACTCTGTTAAGT,160
CCGCAATCTCACTAGA,160
CCGGCCAAGACTCAGG,160
CCTAGAAATTAATACC,160
CCTTGCAGGTAATAAA,160
CGGGCCCTCCAGGACC,160
CGTGAATAGGCCACCT,160
CTAATACAAGCTTATG,160
GAAATCAAATGAACCT,160
GAATTATTCGGATTCT,160
GAGTCACAGTCCGAAG,160
GATAATACATCCCCCA,160
GATCACACTTGCAATA,160
GATCGATGATTGAATG,160
GCATGCTACATACAGA,160
GCATTCGGCTTTATCC,160
GCTCAAAAAAAGTCTT,160
GCTGTCTCATTGCTAA,160
GCTTCAAAGTGATTGC,160
GGCTAGAATCACGGAC,160
GTACAAAAGGGGCTTA,160
GTATGTGTGCGGAAAA,160
GTTTACAAAAACGCAG,160
TAAAATGAGTAATAGG,160
TAATCAAAAAAACGAC,160
TAATGGCACTTGTTCA,160
TACATAGCTACCTAAC,160
TAGACAATTTTCTCCT,160
TATTCCTACATGGAAC,160
TATTCGCATGAGCCGA,160
TCAAACTTAAAAGCGT,160
TCAATCTAGTTACTAT,160
TCGAGATCATTAAAGA,160
TCTGGGCTAATCTATC,160
TCTTTAATTTAAGACA,160
TCTTTGGCATGCGCAT,160
TGAAACCTTGGAACTA,160
TGATCATGTAAGAGTC,160
TGCTAATAACGAATGC,160
TGCTTCCACATTAATA,160
TTAGGCTAGAAGGCGA,160
TTCCAGACGAATCTAG,160
TTCCCAATTGGGACAA,160
TTCGTCACTAATCATT,160
TTGTTAAGCATACTGC,160
TTTCGATCTTATAACA,160
TTTCGGACTAGACGGT,160
AAAATATCAAGAAAAA,159
AAACTAACATAATGAT,159
AAACTATACTTCCCAA,159
AAAGATAAGAAAAGAA,159
AAAGCGCCAAAATCAA,159
AAATTCAATTCGCTAA,159
AATACCACAATCATAA,159
AATAGTAACAGTAATA,159
ACCGCAAACTACAAGA,159
ACGCTGCACCTTAGGC,159
AGATTTGAGTTGTAAA,159
AGCAACCGTAGAGACT,159
AGCACTACTCCATTCC,159
AGCTAAAGGAATTTGA,159
AGTAAATTGAGAACAC,159
ATAAGTCGGGGAAAAA,159
ATAATCTATGTAAAAC,159
ATACAATTGCTCTAAG,159
ATCCGAACGGTGAAAT,159
ATCTCCAGCTTCATTC,159
ATGAACTTAGTCCTAA,159
ATGTGAAATAAATACG,159
CAACACCCACAGAAGG,159
CAAGGGTTAATAGGTG,159
CAATAAATCCTCCCCC,159
CAGAGTGAGAATTTAG,159
CATAGGCCAGCAAAGT,159
CATCCTCTACGCCTAA,159
CATCGACGCGCAAGCC,159
CCAATGCCCTACTAAC,159
CCTTCGGGTGTCACCC,159
CGACATAATCAAAGTA,159
CGCCTTTAATGACAAC,159
CGGGGGCGAAATCCGA,159
CGTTATATATTTAGGC,159
CTACTTTTTTATAAAG,159
CTAGCATGTAAGAATA,159
CTATCCCTAAGGGTTA,159
CTCAGTAGTCACAAAG,159
CTCGCGAAAAAGTCGA,159
GAAAGGAGGAAGATGT,159
GAAGCTAGAGGACTGG,159
GAATAACTAAAACACC,159
GAATCCGGCTTAATAT,159
GAGACACCAACACATT,159
GATCGTAGATAGCCTT,159
GATGCTCAGGCCAAGT,159
GCAAGAATACTCCGAT,159
GCAATGTATAAGGAAA,159
GCTTCAAATTAGTAAA,159
GGCACCAAAATATTAC,159
GGCTTTTAAACATAGA,159
GTTTAACTATGGGAGC,159
TAACTACGTTATGAGT,159
TAAGACGCTAATAACA,159
TATTAGTTGGTTGACG,159
TCAACGGCTTAGCTGA,159
TCACAAGTACATCGCA,159
TCAGTTAGATATCAAT,159
TCATAAACGCCGCAAG,159
TCATCATAAGGTGATA,159
TCCTCCAAAACTATAA,159
TCCTTCACGTTTTTTC,159
TCTAGTTAATGATTAC,159
TTAGAATATATAACAA,159
TTTAAGCTCAATTATA,159
TTTGCACAAAATATAA,159
AAAAGAAAGACCTAAC,158
AAACAACTAATCCAAA,158
AAACGCGTACCCTTTT,158
AAAGAAGAACTTCCAC,158
AAGAAGCACATACGCA,158
AATCCGAAACTTTTCC,158
AATCTCACGACAAGCA,158
ACAAACATACTGACCC,158
ACCGGACGATTAACAA,158
ACCTTTTAAACCCGCT,158
ACGACAAACAATTTAA,158
ACGCAAACCTACCACC,158
ACGCCACGTAAGGCGA,158
AGGAAAATTACAGAGT,158
AGTAAAGTTATGTCTT,158
AGTCTTCACAAACAAC,158
AGTTAGACATGCAGAT,158
ATACGCATCGCATTTG,158
ATAGAAAGGCTAAGAT,158
ATATTGAAATTCGAAA,158
ATCTGAGACTTCCCTG,158
ATTATCCGAAGAATGA,158
CACCAGTCAACGAATA,158
CACTCACTCGAGGAAA,158
CACTGCTCACCACTAA,158
CAGTAGGTACCGAGCC,158
CATAAGCGAAACATTG,158
CATCTCGCTAGCTATG,158
CCAACGTCGTTATGGG,158
CCATCAAGTGGTGACA,158
CCCCACATGGTAAACT,158
CCTAACCGTTTGTGCA,158
CCTAACGAGTTCCCAC,158
CCTATCTAATTGACCG,158
CGAAGTATATGATCAA,158
CGACCTAGTGACTAAA,158
CGTGATAAAACCCTCT,158
CGTTTGACGATCGGTG,158
CTATACTAAAGAAAAA,158
CTATTATCTCAAGACC,158
CTGACTGATTATCCCC,158
CTGCGATCATTAATAG,158
CTGGATGGCTACGCTG,158
GAAATGCAAGCGCCAG,158
GAACTCGGAAGATTCA,158
GAAGGGGTTGACTGAA,158
GAAGTCTCAACATAAA,158
GAGGTCAAGGGCTATG,158
GATGTCAAAATTTTGG,158
GATGTTTATCTCTAAC,158
GATTGAGCACTTTGGG,158
GGAGCAGCCCATTGGT,158
GGATCCAAAAAATCAC,158
GGCAACTTTACATCAG,158
GGTATAGATTAAGAAG,158
GGTATGCGCAACTCTC,158
GGTCTCTTCTGAAATT,158
GTGTCTAAGTAGAAAA,158
GTTCAAGCCCTTCCGG,158
TACAGAAATTTCCACT,158
TACGGTCTGGAGTACT,158
TATCTAACGATATATG,158
TATGATGAGCAGAAAT,158
TCACACGAAACTAACA,158
TCAGGATTCAGGCAAA,158
TCCTTCAAAGAACCAA,158
TCTAATAAAACGCCAT,158
TGAAAAATTCTTTCAC,158
TGGTAATAAGACCGAT,158
TGTGCCCAGAGCAATA,158
TTATACGTCCCACCCT,158
TTCACATATGCATTGA,158
TTCTAACCTATCGAAT,158
TTGCTAAATAGGAAAA,158
TTTTTCCGGACTGACG,158
AAAAGTAAAATCAGGA,157
AAACACAGGAGCATTT,157
AAAGAGCCAAAACGAT,157
AAAGCGCGCTCTGATG,157
AAATTAACAAGAAACT,157
AACAAAATAGTCATTA,157
AACCAAAAATTGAAAC,157
AACGCTAATAGAGATT,157
AAGAGTTTCAGACGAC,157
AAGCGAGAAATACTTT,157
AAGTAAGGGCTTTCGA,157
AAGTAGTTCACTCAGA,157
AATGCCAGAAGATTCA,157
ACACAACGAAACCGCG,157
ACATAACAAGATGCTT,157
ACCAAAAAAACCGAAA,157
ACCAACCACAGTGACA,157
ACCATACAAGTCCACT,157
ACCTTCTATCCGCCTA,157
ACTGGCTTGCTCTCGA,157
AGACAGAGCCTTGCAA,157
AGACGCAGGATGTCTG,157
AGAGAACCCAGTGTAC,157
AGATCTCCAAGTACGG,157
AGCACACGCCTTCTAA,157
AGCATCCCTCGGAAAG,157
AGCGGTGCCGATTTAT,157
AGTATATGCCATATAC,157
ATACAGGTCAACAAGA,157
ATATACCCGATTTACA,157
ATATCTTAGTCAGCTT,157
ATCCCCTAATAATCTA,157
CAACTTAATTAAGGCG,157
CAATATGTCTTGGAGT,157
CAATTACCTTATACTA,157
CACCAATTCGCCAATT,157
CCACGGGCAATATAAT,157
CCAGAATTAAAATAAA,157
CCCCCATTGAGATAGA,157
CCCCGCATGTATAAGA,157
CCGTCACGTTATTAAA,157
CGACAACCCCTTCGAT,157
CGTAGTAACTTGAGTG,157
CTACACTGGTGCACAT,157
CTATCTCATTTTAACC,157
CTCCAGCATAGAACTA,157
GAAGCAATAGCTTGTT,157
GAATGAATCGATACCT,157
GACAACATTTAAAGAA,157
GAGAGAGTATTCATTG,157
GATTTAATCGTTCAAA,157
GCCTATCGTCGAAAAA,157
GCCTTGCAGAACGGAT,157
GCGGGGTATGGTAACA,157
GCGTACAAGTCATCTT,157
GCTCACTCAATCTCAA,157
GGAACTTGTACCTGAG,157
GGAGTGGCGGTGAACT,157
GGATTACCTCGTACGC,157
GGTATGATAACCCCAC,157
GTAAGTTATGCATCGG,157
GTAGATTGTTTGAACC,157
GTAGGTAAGTGGAAAA,157
GTGAAAAGACCAGATA,157
TAACACAGTGTCAATG,157
TACGCGTCCGACAAAG,157
TCCCATATCTCGCCAG,157
TCGCAGCAGTAATGAG,157
TCGCGCAATAATAAGA,157
TCTAGGTCGTCGCGAC,157
TGAACCGATGCTAGAG,157
TGACTCTCCATAGTTG,157
TGATAGTAACGTGTAC,157
TGTAATATAAATGTTT,157
TGTCTACCCAAGATAT,157
TTAAAAGCCGAGTGAT,157
TTAACGAAGATTAACA,157
TTCCAGCGCCATTGGG,157
TTCTAGGACGTAAAAT,157
TTGTAGCAATTAGATA,157
TTTTTCAGTATGTAAG,157
AAACACTGGCGCTCGT,156
AAAGACACGCATCAAT,156
AAATGTGAGCCTCCTC,156
AACAATCAAGACTGTC,156
AACATGCCGGAGTTGT,156
AACTTATGAAGAGAAT,156
AAGCATCAGATTACGG,156
AATGTATCTATTGGCC,156
ACGTGACCCAGTTTCT,156
ACGTTGTGCCTACGGT,156
AGACAGCATAATGGCA,156
AGAGCATGCTCCACGC,156
AGATCGGAGAAGAACC,156
AGCCCGAGAGAGAAGT,156
AGTATAAAATGCCGGT,156
AGTCCATAAAGGAAGA,156
AGTTCAACTATTAAGA,156
ATCAATTCCTGACTTG,156
ATCACATCATACGGAC,156
ATCCACATGGCAAGTA,156
ATCTCACCAGAGCGGC,156
ATGCAAAGTAAATAAC,156
ATGCTCACTTATAGGA,156
ATTAAACATGCCGATT,156
ATTATTAATTCTACAT,156
CAAAACGCGTCTAGCG,156
CAAAACTTCATTTACC,156
CAAAAGGGGCATCAAC,156
CAACGAAAAGCACCCA,156
CACGTTATGATGAAGA,156
CCCATCTCTTAATGGA,156
CCGAAGAAACAACGGA,156
CCTCCTCGCAAGCCCC,156
CGAATGTTAACACCTT,156
CGCGACCCACTTCCGC,156
CGCGCAAATGACTAAG,156
CTGCAGTTCATTTCAT,156
CTGCTACAGAGGGCGA,156
CTGTCACGAAATCGCC,156
GAAAAAACAGGGATAG,156
GACCAAGTAAATGCCG,156
GACCCAACACGAAGTT,156
GACGAAATCAATAGCT,156
GACGCGCAAAGTACTA,156
GAGCTCTTATCAGAAA,156
GATGAACTCCACACTA,156
GATTCATGAACACCTG,156
GCAACAGATACAACAA,156
GCCGTCATAAAGCTCC,156
GCTAACGTTAATCCTC,156
GGAAATATATTTCTGA,156
GGAACAGAACAAACAT,156
GGATGTTAAAAATTTG,156
GGGTATCTCAATCTTT,156
GTAACAAAGCGCAGAA,156
GTAGATAAATTTGGAA,156
GTATTGAATGGCACTT,156
GTCAAACATTGGCATA,156
GTTCGAAAGGATGACA,156
TAAAGGGAAGACATTT,156
TAAATTCACAGAATAA,156
TAATTATTTGCAATAA,156
TACTTAGAAACTGTAT,156
TACTTAGAAGTCCGTG,156
TAGATGATCGACGACA,156
TATGAAAAATCAAGTA,156
TCAACAGTCAGTTGAG,156
TCATCCGGGTCCTTGA,156
TCCATGCTATGAAGAT,156
TCGCCTCAGAGTAATA,156
TCGCTAACCTGAACGA,156
TCTAAACTCGTCCATA,156
TCTCCTCCTGCAGCCC,156
TGCAACGAGCCTTATA,156
TGCGTTCAGATAGTAG,156
TGGAAGAAATCCAATG,156
TGTGGGTAGAAATACG,156
TGTTACCCGTCAGACC,156
TTAAGAATCGTATCAA,156
AAAAATACTAGCAAAT,155
AAACGGTACATTAAAA,155
AAAGAATATTCCCATA,155
AACACCTTGTACCAAT,155
AACATACAAAGAGTAA,155
AACCAAAAGCGACTAA,155
AACGCGTTACCAAAAC,155
AACTCTAATAACAAAC,155
AAGACACATGCAATAG,155
AAGTATACCAACAGTA,155
AAGTGAACAGGCCAGG,155
AATATTAAGCGCCATA,155
AATCAGTATTCCGGAG,155
ACAAAGGTCTAGTGCC,155
ACAGTCTCACGGGATT,155
ACATCCGTGGGTTATC,155
ACCAGAAGAGGGATGC,155
ACCCGAACCCTGCCAT,155
ACGAATAATTTAATAC,155
ACGGGCGATCCTGGAA,155
ACTCGAGTGAATATCT,155
ACTGGCACGGTGAATA,155
AGAAAACAAGTTAAAG,155
AGAACCGAAGTGCTAA,155
AGTTGTAGATCACAAG,155
ATATTAAATCTTCATA,155
ATGATACTCAACAATA,155
ATTTAAGGCGGTTGGG,155
ATTTAATGGCAACCAC,155
ATTTTATTCCACACTG,155
CAAAGAGCGGGATATA,155
CAAAGGGGGAATTCCT,155
CACAGCAAACGCATGA,155
CACAGCGTGCGAACTT,155
CACGTACCACTTTATC,155
CAGGGTGAACACCCCA,155
CCAACTAGATAAAACG,155
CCAAGTCCAAGCCTGT,155
CCGAGTAAAAATTAAC,155
CCTAAAGACTCCTAGG,155
CCTCCAGCCATTCCGC,155
CGACAAGTAAGCAAAA,155
CGAGGTACTGACAAAA,155
CGGCAGGCACCATACA,155
CGGCTACCTGCGATAC,155
CGTGAAATCATAAAAA,155
CTAAATGTCAGGTACA,155
CTAATAGTAGACTGCT,155
CTCGGTGAAGGTAGCT,155
CTCTTGACACCGATCC,155
CTGGTTAAACAGAACC,155
CTGTCACAAAACAGAT,155
CTTATTGGCCCATTCT,155
CTTCTACCAATCCGTG,155
GATTAGTAAAATGGGA,155
GATTCAAAAGATTTGT,155
GCAAATACCACCCGTA,155
GCAGTCAGACACATCT,155
GCCGTAGATCACGGCA,155
GCGATTTCTTCTCAAT,155
GCTTAAATTTATCCCC,155
GGAAAACAAGATCTGT,155
GGAACCTGTTTATCAA,155
GGCCTGACAACTGAAC,155
GTTGAACTCAACATTT,155
GTTGCACTAGACCAGA,155
GTTGGTATTGAAAAAG,155
TAACAAGAAAACACAG,155
TAAGCGAGATTATTCA,155
TAAGCTCAGACAAAAA,155
TAATAAAATTTTATCA,155
TAGATATTAAAATTGA,155
TAGTACATCTGAACAA,155
TATACTCTAGGTATGC,155
TATATGATTCTCGTAT,155
TCACTAACCTCGACAA,155
TCCATTCAATTTTCCA,155
TCGATCGAAATAAAAG,155
TTTTCAGGTTGTTATC,155
TTTTCATCGTAAGAAG,155
AAACTTGTCAGTCACA,154
AAATAATCAGTCTACT,154
AACACAACTGTTTCGT,154
AACGACTCTGGCCTAC,154
AACGGAATGCAGACAT,154
AACGGTACTTTGAATA,154
AAGAATAATAAAACTA,154
AATAATCTTGTATGTA,154
AATATTCTGCGTTTTT,154
AATCTTTGACATAGGG,154
AATGTTTACTTAATCA,154
AATTAATGATATTACA,154
AATTTATCCAGCTATA,154
ACACCCAATATTCATA,154
ACACTAAACAGGCTAA,154
ACAGACGCATCGTAGC,154
ACCCCTAGTCTCACCA,154
ACCCGTAGAGGCACCG,154
AGACTTATACTATCAC,154
AGATGCGCACGTCTTG,154
AGCAGGCTATGCTCAA,154
AGGATTCTTGCAGGAT,154
AGGGCATCGCATTATA,154
AGGTTCTGATAGTCCT,154
AGTTTATCAACAAATA,154
ATAAAATTAAACTTCC,154
ATAACCAAACCCACCA,154
ATAACGATAAGATTTG,154
ATCGTATCCGGTACCA,154
ATCTAAGTCGTCAAAA,154
ATCTACAAATCAGGTT,154
ATCTCACTGGCCGTAC,154
ATGAAAGACTTACACC,154
ATGTTGCATGATAGCA,154
ATTACCTAAGAACTTA,154
ATTTTGAAAAACTCTC,154
CAACACCATCAGACGA,154
CAAGAAGGTTAGCGTA,154
CAGCTTTGCGAGTTAA,154
CATTGATAGCACAAAA,154
CATTTTAACATACCAC,154
CCAATAGGGTAAATAG,154
CCATAACCATAGAACT,154
CCCCAGACTCCTTCTG,154
CCCCTTCGTTTAAAAT,154
CCGTTCCAAAACATAT,154
CGATCGGACGCATACA,154
CGCACCAACGCGAATC,154
CGGCCGCAGCCTAGAC,154
CGTATATAGCGAACCA,154
CTAAACAAGACTATAC,154
CTAATCTCACCTCCCC,154
CTCAGACGTTACCAAG,154
CTCTCAACCGTTCCGT,154
CTGCCTAACCAGCATC,154
CTGCTCCCAACTTTCA,154
CTTTCCATATATGAAG,154
CTTTGCGCGCAAAGAC,154
GAAAACCGCAAGGAGT,154
GAAATGGGGGCAACCC,154
GATAGCCCGCATGCAA,154
GATATAGAGCGCACAG,154
GATGCGATTTAAGCCC,154
GCAAATCTAGAAGCTA,154
GCATACGATATCCAGA,154
GCATCACTAATGCCCG,154
GCCCCCCAAGCTGTCA,154
GCGCAAGGACTCATCA,154
GCTGCCTAGAGAAGAA,154
GGGAATCGAACTATCC,154
GGGCGACACAAGTTTT,154
GTAACAATATTATACT,154
GTATTGCCACCTAGGA,154
GTGTGAGATAATACTA,154
TAATTACCTACCCCGA,154
TATCAATTAGATACTA,154
TATCATATATAAATCG,154
TATTTCACCCCTGAAC,154
TCACTTCAGCTTAGGA,154
TCATTGCATTCGTCCT,154
TGAAAGTTATTATGTC,154
TGTCGGGCCTTAACAT,154
TTACTAGACCCTATCA,154
TTATGAATAACTCAAT,154
TTGCCCAACCTTCAGC,154
TTGGCTAATAGAACTG,154
AAACGTACAGCATTGT,153
AAATTCAAAATACCTT,153
AAGCAATTCTTAAAAG,153
AATCTGATGCATAACA,153
ACCCACAAAAACTATT,153
ACCGGTTAACTTCTAC,153
AGACCCATATTTGCTA,153
AGAGCCGGTTAGGAAT,153
AGCATTCACGTCAGTT,153
AGTAAATACCTATCGT,153
ATAATGAATGAGCCCA,153
ATACAAATTATGGACT,153
ATACATCCCTACATAC,153
ATCAGCTAGCAGGAAA,153
ATGAAACAAGCTGAAC,153
ATGACGCTATATGAGT,153
ATTTGTCGACACCCGT,153
CAACATTCCGCCCCAC,153
CAAGGCCGTATGACAA,153
CAATTGGAATCACCAT,153
CACGTTAAGGAATGTG,153
CAGTCGGCGTACGCCG,153
CAGTTTACGGTATATA,153
CATATAATTCTGGGCA,153
CATATCGGAAATACCA,153
CATATGGGATTGTCTC,153
CCAACATAAATCGGCA,153
CCATGTAAAAAAGCTG,153
CCGTCTATGAGAAAAC,153
CGAGGAGGCGCAAATA,153
CGCATAAATGAAAAGA,153
CTGATGGAAAATAGCG,153
CTTGAGAAACAGATTT,153
GAAAAAAATGTCAGCA,153
GAAAACCTTGCATTTT,153
GAAGAAAAAACACATA,153
GACGACAATTTGAGAA,153
GAGTCCAAACTAGTGC,153
GATAACAACGCCTACC,153
GATTAATTACTCTCAT,153
GCAACATGTGAAGTCC,153
GCACATAGAAACCGAA,153
GCACTGACATTAGGCC,153
GCCTCTGCAGAAAGTT,153
GCTGCGATGTATATTC,153
GGCGCCGAGACGAGAA,153
GTACCGGAAAAACTAC,153
GTCCCACAAAGGTTCT,153
GTGAGATGACATGACC,153
GTTTTTTAACAAGAGC,153
TACCCCTGAGGGCGAA,153
TACCGCGATAATCTTA,153
TACGATCACTAAGTAA,153
TAGCAATGTGGTTGAC,153
TATGGTAGGAGCGTAA,153
TCCCATTAAGACTTCG,153
TCCGCAAAATATTCCC,153
TCGGTAACCGGACCAA,153
TCTACCAAATACTAGC,153
TGAATCTTACGATACT,153
TGCGTGAGAATGAGAC,153
TTACCGTTAGAGATTA,153
TTCATCGGGTAGAATC,153
AAAAACCAAAAATTAT,152
AAAACTACCGAGGTGT,152
AAATATCAAAACTAAA,152
AAGATAAAGCTCTCCA,152
AAGCTTATCCGACCGA,152
AATCAGTGTTAGCTTA,152
AATCGTCTTGTTGTAA,152
AATGACTAGAGCTCAA,152
AATGCCGCAGAATCTT,152
ACACTAAACCTACCCA,152
ACATGACCCCTATAAC,152
ACATGGCAAGGCGTTC,152
ACGTGACGAACTAACT,152
ACTACGAACACCAGAT,152
ACTCCAAACAACGGAC,152
AGAAATCCAAAATGAC,152
AGATGCTGTGGAAACA,152
AGCTTAATCCGTCAAT,152
AGTATGCACGAGAGAG,152
ATACAGTTATTTGAAC,152
ATCTGGGCACACTTTT,152
ATGCCGTCGTTAACAT,152
ATTGTATAGGTATAAT,152
ATTGTTACTTGATATC,152
ATTTGCACAAAGCGTA,152
CACACACCACGAGTCC,152
CACCCGGCTTGACACC,152
CAGCAAAGAGCTCAGT,152
CATAAATAATTTAAAG,152
CATACGTCGCTCCAGC,152
CCACATTCAAATAACG,152
CCCATGCAGTCATTAA,152
CCCCACTGTACTAAAC,152
CCCCTCAAGCCGAAAG,152
CCCTACGAGCAAATAG,152
CCGCCGAAACATAGTC,152
CCTATACGAGGCTGTT,152
CCTTCTCAACGCGTAG,152
CGTCCGTAATAAAAGA,152
CGTGTTATCTTTCAAA,152
CTAATTTCATTCCGCG,152
CTATAGAAAGTAAGTG,152
CTCCGATGTCGCCAGC,152
CTGACATCGAGATATC,152
CTTAAACAACATCGCA,152
CTTGAAAACAGCCAAG,152
GACAATGTCGCTCCCA,152
GACCAAGGGGTGCAAA,152
GAGATCCCAGAGCTTG,152
GATCCAAAATGCCCGA,152
GATCTGCCGAAGGAAT,152
GCAAAGTCCACGATCG,152
GCGACCCTAGGACGTA,152
GCGCTCTAAATAACTC,152
GCTATTTTTTCCTCCA,152
GCTCGAATCGGGGACA,152
GGCATAGAGATAACCA,152
GGGATGTCAGTTGCCC,152
GTGGTTTGTATCAAGC,152
GTGTGCATTTCATTGA,152
TAACCGACCGCTAACG,152
TACACAGAAATTAAAC,152
TACGTTTTTGAATTCC,152
TACTAGTTGCTTTCTT,152
TACTCTATTTAAAAGC,152
TATAAATTTCCCAATT,152
TATCACATATGGAAGA,152
TATCCGAACTACTTAT,152
TCAAAATAGGAACAAC,152
TCAATGATTCTTACGT,152
TCATCACGTGAATAAA,152
TCCCAACAAACCACCC,152
TCTCATAAATAAATTG,152
TCTGCGCTCATAGAGA,152
TCTTGTAACAGGAAGT,152
TGAAACTATTACTCTA,152
TGAGTGCAAGTTAAAC,152
TGATCCATAACCTTGT,152
TGCGATGGAGGAGTTA,152
TGCTATACTCAAAAAC,152
TGTCAATTCAGACAGT,152
TGTCTACAGTGATTAA,152
TTTGACCTCCGATTCC,152
TTTTCTTCCCAGGCAG,152
AAAAAATATCTAAGAA,151
AAAACACGCAAAATAA,151
AAAACGTGTTCAAATA,151
AACGAGGGGCCTATGG,151
AATACCCTATTTTCAT,151
AATCAAATACTGAAGC,151
AATGAATAATTTAACG,151
AATTAAGAGCTAAGTA,151
ACAACTCAGTATTTTG,151
ACCCGAAGAAAGCAAC,151
ACGTACCGTCTGCTTC,151
ACTATATGTCATTACT,151
AGAACATGGGAACTAA,151
AGCAGCTAATTGCGAA,151
AGGTAGGCACAGTGTA,151
ATCTAAATACACCAAG,151
ATCTTAAACGGGACAG,151
ATGTGATGAGCCGTCG,151
ATTAAGTCTGGCAATA,151
ATTGGAAGATACCAGT,151
CAAAACATCCTTTGAT,151
CAACTGTGGATCCCCC,151
CAATAGCCAGTAAACA,151
CAATTCTAAACTTCCG,151
CAGACATTGATTTAAT,151
CCCCTACTGTACACCG,151
CCGGCTTGAATGGTTC,151
CGACGCGCGATACCCA,151
CGATCAAGAGAAGTAG,151
CGGAAGCAAGATCCCA,151
CTCTCAAGTACGTGAA,151
CTGATTATATTAAATC,151
CTTACTTGTGCTATCG,151
CTTGAGATTGTAAACA,151
CTTGTTACGACAAATC,151
CTTTCGTTTCAACGTA,151
GAATGTAAAATCACTG,151
GAATGTACCAAAGGAC,151
GCAATACCAAAATTGT,151
GCACACAAGTCGATGA,151
GCACAGAGAATCTATT,151
GCACCAAGTTTGACCG,151
GCAGCATAGCAACACT,151
GCCTGCAACCACTAAT,151
GGAAACCAGATGCGTG,151
GGCATGTGGACGATGA,151
GTAAATGGTAATCTGC,151
GTCGTGAAACATAACT,151
GTTCCCCGGAAAGCTT,151
GTTGCGGTGGCAAGGA,151
GTTTTGTCCTCGTGTA,151
TAAAACAAGTTGCTAG,151
TAAAACCGGCACCTAT,151
TAACGTGGTCTTCGAG,151
TAAGCGAAGACATGCT,151
TACAAAAATTACAAAT,151
TAGAACATAAAAATCA,151
TATATTATCCATGATT,151
TATCAGTTAAAGGCAT,151
TCAGATTAGGGAAGAG,151
TCCAGCAGACTTTTGG,151
TCCCACAGGGGTACCT,151
TCCTTGTAAACAAGAA,151
TCGATAAAAATTAGAC,151
TCGTACTAGCCTCTCA,151
TCTATAACCTGACTAC,151
TGATATTACCTAATTA,151
TTAACAGAATAGCGCC,151
TTCATAAAGTTGTTGC,151
TTCCCCAATTTGACAA,151
TTCTAGACATTTTTGT,151
TTGCGAAACACTCAAC,151
TTGTGACATGGATCGC,151
TTGTTGTTAAAACACG,151
AAAAAACATATCCAAG,150
AAAAAACCGTATTGGT,150
AACCAGAATGAACTCA,150
AACGCCCGGTACTCAC,150
AAGACTTACCTAAGAC,150
AAGAGAGGTAACATAG,150
ACAGCCAGGAAAGTCC,150
ACCCATTTCGGTGGGA,150
ACCGTTTTCATTTGAC,150
ACCTTACTGGTCAAAG,150
ACTTGAACTCGCAAAG,150
AGATAACCGTGTGGGT,150
AGATAATAACGGTTGA,150
AGGAAAACATTGACAT,150
AGTATATCATGTGCTA,150
ATAAAATAAATCCCTG,150
ATAAGAAGCATTTAAA,150
ATCGTATTCCCATCGA,150
ATGAATGCAAATACAA,150
ATGACAGAGAGTACAT,150
ATGTACCTACTTGATT,150
ATTTGTTGTTACTCTA,150
ATTTTGCGTAAGAGCA,150
CAACCAATCTATACCA,150
CAATAACTTGTTATCT,150
CACGTTTGGCCCGATA,150
CAGGGATTATTGCACA,150
CATATAGAAAACTCTA,150
CATCAGAAAAGTCAGG,150
CATCCAGCAATTATAA,150
CATGGCTGTAGAGCGA,150
CCAAGCCAACAAGTTT,150
CCAGTCAAAAAACTCG,150
CCATGAACAAGACAGG,150
CCCTGAGTAACTGGAC,150
CCTGAAAGTTGCAGAG,150
CGTGGGTGAATTCATA,150
CGTGTTGCTTAAATCT,150
CTAAAAACAAAAAAGC,150
CTAATACTCGAGTAAT,150
CTAGAACAGAAACTTA,150
CTTGCAACTCAAACCT,150
GAAATCGCGAGCATAA,150
GACCGACCATACCAAA,150
GACTTATCGTAAAAGT,150
GAGCCATTGTAAACGA,150
GAGCGATAGATAAGAC,150
GATCCCCGAAGTGGCA,150
GATCTAAAATGGAATA,150
GCAGAGGTATCTAAGT,150
GCCAATCGACCCTTAC,150
GCGAATTCAAGAGCTG,150
GCGAGATTCCAAGAAC,150
GCTTGCGCACTAGTGT,150
GGATATCTCAGTAACT,150
GGATCACGGGCCAGAA,150
GGCCAAAACAGATACT,150
GGGAGTTTATCAATCA,150
GGTAGAGAAGCTCAGC,150
GTAATAAACAATGTGT,150
GTACCTCGTACCAACA,150
GTCAGTGACTATTCCT,150
GTGAACCGACTTAACC,150
GTGCCATGAGTAATAA,150
TAAAGTCATGAAGCAT,150
TAACGGTTGTAGAAGA,150
TAATCGATTAGTCAAC,150
TACAATACAGGATACT,150
TACAGCCAATATTGAT,150
TACCCTCTTTCAGCTA,150
TACTAATGAGGCGGAA,150
TACTGGTTCTGAACAA,150
TATATGACCTTAGAAG,150
TATTTCCTATAGCTAA,150
TCTTCACACAGACTCT,150
TCTTCCCGAAAACTCA,150
TGGGCAAAATTGAAAC,150
TGTACACAATAGCATT,150
TTGCATGAATCGATCC,150
TTGCTGGAAATAAACC,150
TTTCTTCTTATCTCAA,150
TTTTCTACAATTCATA,150
TTTTGGGTACTTAACT,150
AAAACCCCCAGTTGAG,149
AAATAACCACAAAAGT,149
AAATCCAATTACGCTA,149
AACACAGCATAATTCT,149
AACAGATAAATATACT,149
AACATAACGAATAACC,149
AACGCTACATAACAAC,149
AACGGGAAATCACCTT,149
AACTGTGTGCTTAGAA,149
AAGCTCGAAAAATGAT,149
AAGGTTCTACCAAAAA,149
AATCCGTCTGAAAAAT,149
ACAACTATATCGCACA,149
ACACGGACATCTTCCA,149
ACCAAATATCGAGCGA,149
ACCGGAACATACTACG,149
AGACAAGGATTTGTAC,149
AGATCCTATAAAGAAC,149
AGCGTATTTACCAGCA,149
AGGATTATCCTTAACT,149
ATAAAAACCGTTTATC,149
ATAAATTCTTCACGTA,149
ATAAGCAGGACCTGTA,149
ATAAGTTTATAATTTG,149
ATAGAGTTCATCAAGC,149
ATAGCCAATCTGTGCA,149
ATAGCGTTCCCTTTAC,149
ATATATACATTTAAAA,149
ATCATTTCTCACAGAA,149
ATCCGTTTACACAAAT,149
ATGACTATCTGTTTAA,149
ATTAACCTCAAAAGCC,149
ATTCTTATGTTCAACT,149
CAAACGCTTAATATGG,149
CACGTGATTCACCGCC,149
CATAGTGACAAAATAT,149
CATCTGGCCGACCAGG,149
CCAGATTCCTCTGCTA,149
CCCCGAATACACAAAG,149
CCCGGATTAATACCCA,149
CCGACATAAACCAAGT,149
CCGCGCTTTAGAACCG,149
CCGTGGGTGTCACTAG,149
CCTACTGAAACAACAG,149
CCTCAACATGTATTGC,149
CCTGTGGAACTGCCAA,149
CGAACCCTGTACAACC,149
CGGTCGAGACAGCCGT,149
CGTACCGAATCATCGT,149
CTACGAAAGATATCAA,149
CTGGGACAACATTTTA,149
CTTTCAATATATCTCA,149
CTTTGATGACACACAG,149
GAAAATAGAGATTGTC,149
GAAATAATTTAAAAAG,149
GAATTTCCACGTTTTT,149
GACAGTTTTCCATCCC,149
GACCCCCTCACGCGCA,149
GCAAATTTTCCGAGGG,149
GCAAGCTACACTTAGA,149
GCATTACATACTCATG,149
GCCCTCAAAAATTAAT,149
GGAATATCTTTACGGC,149
GGAGTTTGTTTAGAAT,149
GTTAAATATCTCTACT,149
GTTGCTATATTGGTTA,149
TAAAATAGTACATAAA,149
TAAAGACATAATAACA,149
TAACCTTTCAAAGACG,149
TAATGACCTATCAGAC,149
TAATTGACTCATGTAA,149
TACAGCCCTAAGTAAA,149
TACGGATTCATCTTAA,149
TACGTAGTCCAGAATA,149
TAGAACCCCAACAATG,149
TAGCGCACAACGCCAC,149
TAGGAAAAACGTAACT,149
TATTCTTCGGAGCAGC,149
TCATCAGATAATACTG,149
TGAAATACTCATTATA,149
TGATTTGAACCGCATA,149
TGTGAGCGCTGTAACA,149
TTAGCTCTACTATGTT,149
TTATACTAGGCTTAAC,149
TTATTAACGGTTGACT,149
TTCAACCAAACAGCTC,149
TTCATAAATGTTAAGG,149
AAAATAAAAGGGAGTC,148
AAATTCCACCAAAATT,148
AACACCACCGGCGCAA,148
AACAGCGAAGTAAATT,148
AACATTAAGAAGATTA,148
AACTGAAGCATCGAAA,148
AAGGATAATACCCTTT,148
AAGTTGCAAATTCCCG,148
AATGAATAATAGTGTA,148
ACAATAAGTAAGAATG,148
ACCACAATGACGACCA,148
ACCATATGCTATTTAT,148
ACGAATAGGAAGCGGA,148
ACGACCGTGATCCGCA,148
ACTATAGTATAAGACC,148
AGATCCCGGGTGAAAG,148
AGGGTATCTCATATTG,148
AGGTCGACTAACTACT,148
AGTAAAGCTGTTCCCA,148
AGTAACTGATTCCAAA,148
AGTCTTCAGTAGAACC,148
AGTTGCAAGGAGGGGA,148
AGTTTTATGTACGAAT,148
ATACCCTCCCTTATAG,148
ATACGCAGTCGTGGTA,148
ATAGTATTAACGAATA,148
ATATTAATCATGATCT,148
ATTACCCATTCCGTCT,148
CAAACCTATAAGCATT,148
CAGAGGAGAACGCGGA,148
CCCAAAAAGAAAACTC,148
CCCAGATCGTAAGAAT,148
CCTGGCAAACTAAAAA,148
CGAAACTATTGCTAAT,148
CGCCGGAGACGTAGCC,148
CTACACCCTTATAACC,148
CTCCCAAATACAGCAT,148
CTTACTCGTAATATTA,148
GAAAACCGCGACGCGA,148
GAACCTCCAACATTAA,148
GAATCATGCTAATCCC,148
GACTGCTGGGGCATTC,148
GATAAAAACCGAACCC,148
GCAAAGAATATAGTCG,148
GCAGTGACCTCCGGTC,148
GCCGAGAGCGATACCA,148
GCGTCTTTGATCTCCA,148
GCTGAGCAAAAAAGTC,148
GGTATTGGCAGCAAAT,148
GTACTCAACGTAGCAG,148
GTATAAAGTTTATCAG,148
GTCCGTAAATGACACT,148
GTGATTAAAACCCTCC,148
GTGTAAACGGGGAGTA,148
GTTATTGAATAGAAAA,148
TAAAAACCAGATCACA,148
TAAAAATATTTCAGTT,148
TAAAATTCAAAAAGCC,148
TAACAGATGCAAACGT,148
TAACGTGGGTTAGGCA,148
TACAACGCATAGGTGC,148
TACATTTACACCTTTT,148
TAGCGATAATTACGTC,148
TAGGAGCCAACTAACG,148
TAGGATAAAGCTATAT,148
TATCCTTCAAAAAAAG,148
TATGATTTACTCACTG,148
TATGCTAATAAGGGGC,148
TCAACGAAATAGCTAA,148
TCAGAAACAAAGGCTT,148
TCAGTTCTTACCATAT,148
TCCAACGCTACTAATT,148
TCCATAATAAATCCAG,148
TTAAGATTATCAAATC,148
TTGCTGAACTCATCTT,148
AAAAAGGGTAGAGATA,147
AAACCTGCCTGGATTC,147
AAATAACACTGTTAAT,147
AAATTATCAGCCCATT,147
AACAAAACGAATAAGT,147
AAGATAAAGCGATATA,147
AAGGATATAAATCATG,147
AATATTCTACACAGCA,147
AATGAAAAGCAAATAG,147
AATGTTCATGCGAATT,147
ACAAGAACCGATGGTC,147
ACAGTTGTCTACAGCC,147
ACATTCGCTACAAGCT,147
ACGGACCATATGAACT,147
AGCAACACCAAATCGA,147
AGGGGATACCGTATAC,147
AGTATACAGAGAAACC,147
ATAAAAACGAGTGCTT,147
ATATTCTCTACATCTT,147
ATCAAACACTCTATCG,147
ATCCCAGAAGTTAGAA,147
ATGATTTGAATAATCA,147
ATGCCCTGTAAGCCTA,147
ATGCGTCAACATTCCT,147
ATGGGCTACGACACAC,147
CAAAAAACCAAGAACA,147
CAAAAGTCACCAAAAA,147
CAACCGACGGAGTTAC,147
CACCAGACTGTACGAT,147
CACTATCTGATTGGGC,147
CAGAACATTAAAGAGA,147
CAGCCTGATTAGAAGA,147
CAGTAGATGGACCTAA,147
CATCACCCCCCGGGGA,147
CCAAAATACATTGAGC,147
CCTTACATAACGTTCG,147
CGACCTCAGCCTCGGT,147
CGAGGATAGTTCGTAA,147
CTCCATAAAATTATTG,147
CTGAACTTACGATCAG,147
CTGCGGCAAACTCGAC,147
GAACACTGTGCATTCT,147
GAACATGATGCAGTTG,147
GAACCCCAAAAAGATC,147
GAACCTTTAATCGCTA,147
GACATGCAGATACCCG,147
GACCCGCATCATAAGA,147
GCAAATACTCTAATGC,147
GCTTAATGTAAGAGTT,147
GGAGCAAACGAAAGAT,147
GTAGAGGTACTCATGA,147
GTGAAATTCACACACG,147
TAACGTTTGCTGTACT,147
TAACTAGGTAAATACC,147
TAATTCTCAAACAATA,147
TACAATCGAAAAGTTA,147
TACATGAAAACAGCCC,147
TACTTAAGCAAGGTAC,147
TAGAACTGTTTAACAA,147
TAGACATTTAAAATTA,147
TAGATCCTATACAATA,147
TAGGATCTACATATGT,147
TATCAGCGAACCCTAT,147
TATTCCCTTACCGAAA,147
TCCTGCAACGGTCGCA,147
TCGACTAAATCGACAG,147
TCTCTGAAATACAAAA,147
TGAATGATGCTGAACC,147
TGATTATGTTCCTAAC,147
TGATTGACTTAACATA,147
TGTAAAAGAACTACAT,147
TTAAAGTTCTGAACTA,147
TTCAGAATCAAATTAT,147
TTCATTGGTCGCCGAG,147
TTCCTTCAATCCAAAT,147
TTGTTCGCTCCAAAAT,147
TTTAGGGGCAGAAGAA,147
AAAAAAAGAACATTAC,146
AAAAGAGGGTTTCTAA,146
AAAGAGTGGAGGGTAT,146
AAATGGAAGTTACTAC,146
AACACTACATACTGCC,146
AATAGAGCTCGATACT,146
AATCGACTTCAGTGTC,146
AATTTAATCTACAGGA,146
ACCAACAGTATACAAC,146
ACGAACCAAACGATCG,146
ACGAACTCCCTGGAAA,146
ACGTAATGTTGAGTAA,146
AGATAGATCAGACACC,146
AGATTTCTTATAGGCC,146
AGCCAGTACTCGTAAC,146
AGTCAAATCTCCTTAA,146
ATCCTTCCTGAGAGTA,146
ATGCGGTCGCACTTGT,146
ATTCAAGGATTGCAAA,146
CAAGTATACTACCGTG,146
CAATCACCATAATATA,146
CACGAAATTCCCACAG,146
CACTCCACTGTTTACG,146
CCCGTAAAGCCCTCGC,146
CCGGACAAAATGAGAA,146
CCGGCAGTAGACACGC,146
CCTACCCACAATTTCT,146
CCTTGAACCTTACCCG,146
CGCCAGCTTACCAGTA,146
CGCTGTAAGTTTTACT,146
CGCTTGCCTTGCTCTT,146
CGGATACTTAAACTAA,146
CTATCCGCCAGTGCCA,146
CTTCAATCAATTTTTA,146
CTTGTAGATGACTAGT,146
GAACGACTCTTAGATA,146
GAATCGTATCCTCATA,146
GAATTTCTCATTACAG,146
GACGGTCTCGATCAGG,146
GAGTCAACCTTTTTCA,146
GCAATAAAAATAATTC,146
GCGTATTGATAATCCC,146
GTCCGAAGCTCATGCT,146
GTTCAGAGAAATGCCA,146
GTTGAAAAGTTCTATC,146
GTTGCGCTCATTGTGT,146
TAAACTATCATACACC,146
TAACCAATTTGTGACA,146
TAATCAATTGAATTAC,146
TACAAGTGATGAGCGA,146
TAGACCTGAAGAAAGT,146
TATCCGGGTACATACA,146
TCACATAGGGAAGCTA,146
TCAGTCGGGGACCGTA,146
TCCCCGTCTACATAAC,146
TCTATTATTAAGACAT,146
TGACCTGATGGCTCTC,146
TGAGTAACAAACTCAC,146
TGGTACATGGGACAAT,146
TGGTTCACAAACTCGG,146
TGTACATGAGTTACCC,146
TGTCTTAACGGTAAGA,146
TTAAAAACAAAAACAG,146
TTAAAGAAGAAAACAA,146
TTAAATGACTACTAAG,146
TTCTCCCTCGTTTAAT,146
TTGGGATTCGACAGAG,146
AAAAAACGAATTGAAA,145
AACACCAAGGTGGTTG,145
AACCTACCGATAGTGC,145
AACGTGATATCGACGT,145
AACTGAGAATTATACT,145
AATCAAGTGTATGACC,145
AATTAATTAATCTGCG,145
ACAAATAATCATAGTT,145
ACAATACCCGAACAAC,145
ACATCATCTCAAAGTA,145
ACATTGCACAACTTAC,145
ACCAAACCCCCAACCT,145
ACCGGCCGGCAAACCT,145
ACTGATCTGCTCGACG,145
ACTTTCCTTAACCACA,145
AGATTAAGAAACAACA,145
AGTAAAAAAATTGATC,145
AGTATCCGGTAGAGCA,145
AGTTATCTTCTTACTA,145
ATAACGAACTCTCCCA,145
ATCCCACAACTTAAAC,145
ATGAGAGACTTCCATA,145
ATGGCATCAAGCCATG,145
ATGTACTGCCATCACT,145
ATTATGCATGTAAACC,145
CAACGACATCCGAGCC,145
CAAGACTCTACACTAC,145
CAATCTCATTTACAAA,145
CACGCTATCGTATTTA,145
CAGAATCTTCCTTGGT,145
CAGATAGTGAGGATAA,145
CAGTAATCTCACAATG,145
CATCTCAACTTTACGC,145
CGAGACCTAGATTTAT,145
CGCTAAGACAGGAATA,145
CTAATAGGGCGACATT,145
CTAATTCCAAAATACC,145
CTATGGATTCGGCGAA,145
CTTACGCTATGATTGG,145
CTTTCTCATATACTTA,145
GAAAATCGCTTGTGAT,145
GAAATGATTGATAATA,145
GAAGCGTCGCTTCTCC,145
GAATATCCAGACAGCG,145
GACAAAAGACAATCTA,145
GATAAAAGATTCTGTC,145
GATAAGATGATCTGTT,145
GATCATTGACCGCTAC,145
GATTCAGATTGTCAAA,145
GCGGGCAATTTTCCAC,145
GGCTGAAATTAATCTA,145
GGCTTCGGGGGACCAC,145
GGTTAATAATGTTAAC,145
GTAATGAGCCGCTAAG,145
GTCCTCGTCTTCTAAA,145
GTGCATCCAGGAAATT,145
GTGGAAGTAGAGATTC,145
GTGTTGCAGAACGGCC,145
GTTTATAAACTTAAAT,145
GTTTATGAAAAGCTCT,145
TAAATGTAAACGAGCA,145
TACTATACAAATCCTG,145
TACTTTGGAACGACAA,145
TATGACCTTAGATAAA,145
TATGATAGGTTAGTAA,145
TCCACTAACCTATCCC,145
TCCCGGTTAACCTATA,145
TCCTCGTTGAGCGTTC,145
TCGAATGCTTACAAAC,145
TCTGTAAATCCTGCGC,145
TGAAAAGAGCCCTGAT,145
TGAGCCGTGGGAACAG,145
TGGCGTCTCATTGAAT,145
TTAATAAAGAGGAGAC,145
TTAATTAACACATACA,145
TTAGCTTTTATAACCT,145
TTGAAATCTGAAGAGT,145
TTGATGACTGGTCTAC,145
TTGGGTAACAAATTCA,145
AAAAACAAATCCAAAG,144
AAACAAAGCGTATTAA,144
AAAGGCCCTAGTATTC,144
AACACTTTTCTGGAGT,144
AAGAACCTAGCCAGCA,144
AAGCACCATCTAACAA,144
AATAACTGCTGAAGTA,144
ACCTGAAAACTGGCAG,144
ACGCGTCGTATGCACG,144
ACGTGGTGAGTAGCTC,144
ACTGCACAAAGAAGTC,144
AGAACCTAAAAGATAA,144
AGAAGAGTGATCACCA,144
AGCCCGCGCACAGGAT,144
AGTACTATGATGTATA,144
AGTTTAACTTCTAGCA,144
ATAAACAGTTACGTGT,144
ATAAACGAGGATGTAG,144
ATACAGCATATAAACC,144
ATTATTGGTTCTTAAC,144
ATTGTAAAATATGAAA,144
CACTTCTAGCCCTTAC,144
CATAGAATTAATTACA,144
CATTCCCAATGGTTAC,144
CCACAGTTACGAAGAT,144
CCATAGCATTCAATAA,144
CCATTGTATGTACCAA,144
CCGTATCACGTTATCA,144
CCGTGATAGTCTAAAA,144
CCTATTTAGTCAAGTT,144
CGCAAGACCGCCTTAA,144
CGCGGCGATATAGAAC,144
CGTATGCACGTGCAAA,144
CGTTAATACAAGTCAA,144
CTGATAAATCGGGTTA,144
GAAGTTCACGCTGGGA,144
GAATCAACGAGTCGAA,144
GAATCACATTGTACCT,144
GAATGAGTGCCCTCAT,144
GACAGAGGCGGATATA,144
GACATATCTTCCGTAT,144
GATCCTAACAAACTAT,144
GCGCAAATAAGTTTGC,144
GGACTCCTCCTTGAAT,144
GGCATTCTTAAGCGTG,144
GGGAAACTATGCTGAT,144
GTAACACATTCCAAAG,144
GTTATAGGTCAAAACT,144
GTTATATACAGCCGTC,144
TAAAATCACCAAATTC,144
TAAATAATCCCGTCAT,144
TACGGTTAGATTTTAG,144
TAGATGACCGATAGCC,144
TATACACGGAAGTAAC,144
TATAGAATTGAAAGGC,144
TCCCAGAAAAGCTAAC,144
TCCTAACCACAATCGC,144
TCGCAAAAAGCCTATA,144
TCGTAGCACAATAGCT,144
TTACATAGTGAAAATA,144
TTGACCTGTCATTGCG,144
TTGCAAAGTGTCCTAC,144
TTTAGTCAGACGAAAC,144
AACACTAAACCTTAGG,143
AACATCTAGTCTTCTC,143
AACTGCAATTAAAGAC,143
AACTTACTTGATGAAA,143
AATAAAAAGACATATC,143
AATATGTTACATTCTG,143
AATCGTTTATACTGTG,143
AGAGATACCAGTAGTG,143
AGATTCACAACCATAC,143
AGCCTCTAATTCTAAG,143
AGGAACATAACATGAA,143
AGGAGGTGTCATAGAA,143
AGGCCAACAACTCTAT,143
AGGCCACCCAACACTA,143
ATAACAACTACGTCAC,143
ATAAGTCTAATCATCC,143
ATGAACATTTCTCCAA,143
ATTAATGGTCCAACTA,143
ATTTACCTATTTGAGA,143
CAAACCTTGTTACAAA,143
CAATAAACTCGCTAGG,143
CACTTAGGTCCCTACC,143
CAGCGTTGATATTTTT,143
CAGGCAACCATTTCAG,143
CAGTGTTAGTTTAGAT,143
CATAGTACCACACATA,143
CCAAACTAAGAATCTC,143
CCAGACAGATAAGACA,143
CCATCTTCAGGCAGCG,143
CCTATATTCTTCGTTA,143
CGCAGGGTCCCTGTCG,143
CTCACGAAAGGTAAGT,143
CTGATGATCACAGGGT,143
CTGTCGTTCATAACGA,143
CTTTACTAACATATTG,143
GAAACAACGTAAGAGC,143
GAACTTAGTGGAGGTA,143
GACGTGCTCCTTAAAA,143
GAGCGCCAAGTAAATG,143
GAGTTATTAAATTTAA,143
GATTGCCGCCCACGAG,143
GGAAAAGTTTTTAGCA,143
GGATGCTCTTACTTTA,143
GGTGATAGCAAAGCAA,143
GTACTTAGTCTGGTGT,143
GTACTTCAGTGAATTA,143
GTATCCCTAAACGACG,143
GTATGAACCTAACCGA,143
GTGCAGAGGCTCCTCT,143
GTTAAGAAGACTCCAA,143
TAACAATATACCAACA,143
TAACTACAATCAATAA,143
TAAGTTAGAGAAGTGC,143
TAGCGACGAATCCCCA,143
TATACTGTGAAAGTCA,143
TATTCCAATAATATAA,143
TATTTAAGCACCACCA,143
TCAAAGGGACTGTTAA,143
TCATAACAGACGCATT,143
TCGTACATCGTCAGTA,143
TGAGAACGCAACGTAC,143
TGCAAAATCGTTAAAC,143
TTAAAAGACACCTTCG,143
TTAAAGATACATGACA,143
TTACACAGTTTCAAAT,143
TTTTAATCCAAAAACA,143
AAAACAAAAAGCAGCT,142
AAAGAATTAGCATTTT,142
AAATTATTACAGGCAT,142
AACCACCGTACTGACA,142
AACCATTAATATCCAA,142
AACCCCCTTTTATCCT,142
AACGGTACGACTAGCC,142
AATGTAATCGCAAGGT,142
ACAAAGTAGACGCCTT,142
ACAATTGATTAGAAGC,142
ACATAAACCGGAACGT,142
ACGCACACGTAGGGTA,142
ACTAGAACGTTGCCGG,142
AGATTTAAAAGACAAA,142
AGCAAGAGTTAACGTG,142
AGCCTGAACGCGCCGA,142
AGCGATTCATAGGTGA,142
AGGAAGACGTGAATAT,142
AGGCTTAATAGCCGTG,142
AGTATCGGTATCCCAT,142
AGTTAAATGATAATAC,142
AGTTTATCACGCGCAC,142
ATAATAGATTAATCGG,142
ATAATGAGAACGAGGT,142
ATCTCTAAAAAAGATC,142
ATGTGACTGGAATTTA,142
ATTATACTGTAATCGT,142
ATTTACTGGCCATCCC,142
ATTTATGTATTTGGTT,142
CCAAAAAATTATGTAA,142
CCAAAAATAATCGGAC,142
CCAACAAGGTGAGGTA,142
CCCCGCAACTATCAAC,142
CCGCATGAGAATTAAA,142
CCTAAAACAAAATTCG,142
CGCTTTAAAATACAGA,142
CGTTCTTAAAGAGGAC,142
CTATCCGAGCCCTATA,142
CTATGCCGACGAGTAG,142
CTGACGCCCAAACGCT,142
CTTGACAAATTGATTT,142
GAATCATAACTTGGGG,142
GATCCATTAATACTTC,142
GCAAATAGGCTTAACC,142
GCAATCCTAAAAACTC,142
GCATCGAGGGATTGTG,142
GGCCGGAGGACGTATG,142
GGCTAGAAATGGCCTT,142
GGTGGAAATTCGAACA,142
GTATTTAGTAAACAAA,142
TAAATCCTTTCGGCGC,142
TAACTAAAAGCTTATA,142
TAACTCCGGACTGAAC,142
TAACTTCTTTACGTAT,142
TAAGACAGATTCTAGG,142
TAAGAGAAACAGTTAC,142
TACGGCATTTCTTTAA,142
TAGAATAGGATAAGGT,142
TAGGGACAAATATGAC,142
TATAGTTGCCCCAAGA,142
TATTGGACCTGCAGAT,142
TGAGGAGCCCCGGAAA,142
TGCAAATAACAAACAA,142
TGTGACGAATAGATTG,142
TTAAGTGAGGAATTCC,142
TTATACTAGTAGGGAT,142
TTCACTACACTTCAAT,142
TTCCTTACCCATGAAA,142
TTGACCGCCAAAACTA,142
TTTCATCATTTAGCTG,142
TTTCCCCCTGTGGCGA,142
TTTGTTAAATACGTCA,142
AAAATCATATAACATG,141
AAAATTAGCAAAAGAT,141
AAACCGATCCGTACTA,141
AAACCTGGCCCTTATA,141
AAACTGTCAGTTTAGA,141
AAATTGACTTAAATAG,141
AACAGACCACCCAGCA,141
AAGCAAAACTCATACA,141
AATAAATTCCCAGCAC,141
AATACCAGGAAATCTA,141
AATATCTAACCCAAGC,141
AATCACTCCCATCCAG,141
AATCCCTAATAAGATG,141
AATTGTATTTACACAT,141
AATTTGAGGACCTTTG,141
ACAAGGATATAGCCTG,141
ACAGTCATGGTTGAAA,141
ACATATTCATTTGATA,141
ACCTTGAGTAGACCCA,141
ACGATTTCCGAAGAGC,141
ACTAGTACAATTATAT,141
ACTCGTAAGAAAATCG,141
AGAACCTGTAGTGTTA,141
AGACACATCTTTATTT,141
AGATTAACAATTAAAT,141
AGCAAATTTGAACAAA,141
AGCTGTAGAATCATTC,141
AGGAGGGTAATTTCGA,141
AGTAACAGCGAGAGTG,141
AGTTTCATCCTAGGGG,141
ATAAGCTAATTAACAT,141
ATAGGACATATCCACC,141
ATCTCCTCGGCTCGGG,141
ATTCGAAGAGATCAAG,141
CAAGGCAGCGACTCGT,141
CATATATACGCGCGCC,141
CCATCAGTATCTACCG,141
CCCACAATATAATGAA,141
CCCACACTTGCAGGTT,141
CCCAGATTACACAAAT,141
CCGGCATGAAACGCTT,141
CCTCTAATGAATACAT,141
CGCTTGAAACCGAAAA,141
CGGTGCACAGGTTGCA,141
CGTAAGCCTCAACGCT,141
CGTGGTCAAAGTCAAC,141
CTACAGAGCCCACTTC,141
CTATATCCCTTACACA,141
CTCTAGTGAATACCCT,141
CTGAGAGCAGAATAGG,141
CTTACCCCATCGGAAA,141
GAAAATCCTAACTGTA,141
GACAACCTACCCGGGA,141
GACAACGTATCAGGGA,141
GAGGTAGCGAGTAACT,141
GATAACGGTGATTGAA,141
GATACTCCAAAGACGT,141
GATATCCCCCTAAAAG,141
GCCCATAACTTAACGA,141
GGCACGATGTGCGAGA,141
GTAATCTGAATGGACA,141
GTACTCGGACGACCCA,141
GTCCGTGTCAACAAGC,141
GTTCCTAAAAATTATG,141
GTTGGGACACCTCAAA,141
TAAACACAACACCATC,141
TAAATTGCATTTATCA,141
TAAGAACATAAAACAA,141
TAAGCATATGGGGACC,141
TAATTTAATTCCCTAA,141
TACACTTGTAAAATTT,141
TAGACGATTAAGCAAA,141
TAGTCCCAAAAATAAA,141
TATCAAGACTACAACA,141
TATCACCGCACAAACG,141
TATTAGAAAAACTATC,141
TCAGGGATCACTTCGG,141
TCATAAGACAAAACTA,141
TCATGACTGTTTGAAA,141
TCTTGATCTTGAGTCT,141
TGCTAAATACTCCAGC,141
TGTAAATACAATACCA,141
TTAGCCGAATCATTTT,141
TTCACTAAACTTAAAA,141
TTCATCCTTTAGAGTG,141
TTCGAAATTGCGAACC,141
TTCGTAGAGTAGCCCC,141
TTCGTCTAAAATCAAG,141
TTCTCTCCTAATTTTA,141
TTCTTATATCATATAG,141
TTTCCCCTAATCAGAA,141
TTTCTCGCACCGTCTA,141
AAAAAAAAATCGTCCA,140
AAACCCGAATAGACCC,140
AAAGGCATCTCAAGCG,140
AACGAACGAACCCATC,140
AACTAATTGCCTCGAT,140
AAGAACACGAATCTCC,140
ACAAACTATATAGTAC,140
ACACAATGGGAAGGTA,140
ACACTGGTAAACCGAG,140
ACAGTGTGTATTAGCA,140
ACATTCGGTAACCTTC,140
ACCTTTCGCACCGATG,140
ACGAAGATTCAATCAC,140
ACTGAACATACTTAGG,140
AGCCTGTAGTAGTAAT,140
AGGAAAAGTCACGATT,140
ATATGGAATCAAACAG,140
ATATTAATCAGAAATT,140
ATATTTAGAAAGCCAA,140
ATCATATTTGTTATCA,140
ATCGACTCATCTACGA,140
CAAACATAATCCCAAC,140
CAAGCCTCTAGCATGT,140
CAATCTTTAACACTAG,140
CACAGCCCACTGGTCC,140
CACCTCCGATATGCCA,140
CAGCGGGGATACCAAG,140
CATGCAGAAAACCAAG,140
CCGGAACGTTCAATCC,140
CCTATTAAAAGTATAT,140
CGAAAAGGAAAAAAAT,140
CGACAACAATATTGTA,140
CGCATGAGCTATAACT,140
CGGCGATGCAAGATGC,140
CGTAGCGAACATATGA,140
CTCGAACGATGACCTA,140
CTCTAACATAGTACCG,140
CTTCAACATCAAGAAT,140
GAACCCTCTAAAACCC,140
GACGTACGTGCGTGTT,140
GACTACCCGCAGGTTG,140
GCACTATTGTATAACA,140
GCATAATACAGGATAA,140
GCCTTTCACATTTGTG,140
GCTTTCATCATCTCTT,140
GGAAAATACAGATTAC,140
GGAAGGTGGACAAGGA,140
GGACGTTCGATACGCG,140
GGTCGACACGTTAACG,140
GTAATGAGCAGAGAAT,140
GTACTACGACCGCATT,140
GTCAATCGACGGAAGA,140
GTCACGCTTTCCTCTA,140
GTCATAAGTTAAATAT,140
GTGCGAGAGTCACAGT,140
TACAATTCAAACACAG,140
TACAGAATCTTAATCA,140
TACCACTCCTCACAGT,140
TACCCGAGGGTAATCA,140
TATTTGGACCTATTCC,140
TCATCCAAAAAGGATT,140
TCCTACTATTTTACAA,140
TCCTGAAACCATGTTC,140
TCGAGACTTGCTCCTA,140
TCGCACATAAAAGCAC,140
TGAAACCCTATTGAAA,140
TGAACCGTATTCGGAC,140
TGGAATTTCCCGCTCG,140
TGGATAACTCACAATG,140
TGGATTAATTAGTTTA,140
TGTTAACCAAACGCTT,140
TTAGGATGAGACTTAA,140
TTCCGAGTATTAAAAG,140
TTGGAAAATTTTGCGC,140
TTTTGCTAAGTTTAGA,140
AAAATAATGAATCATC,139
AAAATTATTAAGTATT,139
AAACCCTCTCATGAGT,139
AAAGATCTACATTTAA,139
AAAGGTGCCTCCGCAC,139
AAATATCCAATACCAA,139
AACCTAAAATTAACGC,139
AAGACTATCGATATTA,139
AAGGGAAGCAGACTCT,139
AAGTGTCAATAATATG,139
AATAGACTCACTCTGG,139
AATATTATAATGAGTT,139
AATGCGTTATCCTAAA,139
AATTATGACTCAGAAG,139
AATTGTCCAGACTAAA,139
ACACTACATGCCAAGG,139
ACCCTTTCATTCGCTA,139
ACGAGCTTGACTGACT,139
ACTAAAATTATAGCAC,139
AGAAGAATGTTTAATT,139
AGACTCACGCTCGGGA,139
AGGAGTTTAATGTATA,139
AGGATTCCAATGGGTT,139
AGTCCATCCACTATTG,139
AGTTAAATAACTCATG,139
ATAACCAGTCCACACC,139
ATATCTAAATTTTGTA,139
ATCCCCCATTACTGAA,139
ATGCTACTTACAGAAA,139
ATTATCGATAGATGTA,139
ATTCCATGCCCGATTA,139
ATTGAGGCCGAAAAAT,139
ATTTCCATGAAAAGGG,139
ATTTTTTGAACTCGCA,139
CAAAAGCTCGTGAACG,139
CAAGCACTTAACCAAA,139
CACACCACATTGCACA,139
CATTTAACTGCGGAAT,139
CCAAACGAACCAATCT,139
CCCCTAATGTGCCTAA,139
CCCTTATAAAATCTAT,139
CCGCACTCTGAACCAT,139
CCTGAAATGCCTGTCA,139
CGTTCTAACTCCTATA,139
CTAGTTATGCCTATTG,139
CTGCCGGAGGCACAGA,139
CTGGTAATGTAATATT,139
CTTATGACTACTACTG,139
GAACCAATCATCACTC,139
GACGACAATCAAAGGT,139
GAGCATCACGGTGGTC,139
GATCACACACCGTCTG,139
GATTATGTAAAATCTC,139
GCGATGACGTCAACCG,139
GCTGAAACCGGAAAAG,139
GGGTATGGGTTACACA,139
GTCCCTAGCGCAATAA,139
GTTCTAAGAACTCACC,139
GTTTAATTACAAAAAT,139
TAACCGTAAGGCAAAC,139
TAATGAAACGACAGTA,139
TAATTGCCCTAACTAG,139
TATTTATAGGATTGTT,139
TCAAAATTAGATTTGA,139
TCATCAAAAAAAACAG,139
TCTAAACAGACTGACC,139
TGACGCGTTGAACTCA,139
TGGTAAGGCGAATACA,139
TTGCGTTTTCAGTCCT,139
TTTGCTGAATCAAGAG,139
TTTTAACAGACCTTGT,139
AAAAAAATTTAAGTAA,138
AAATAGAAACTGTAAC,138
AAATTCGGACTGTTCA,138
AACAGCATCAGCAGAT,138
AACCTTGATGCGAACA,138
AAGAGGGCATATGCCA,138
AATCCCAAGAACTGAT,138
ACACCATAAGACCGTT,138
ACCAGACCTTAACCAT,138
ACCGTGCTAGTTCAAG,138
ACCTCCGAACCATTCG,138
ACGAAAAGGTATACTA,138
ACTCGCCTACACCTTG,138
AGCAGGTGTGGTGAGG,138
AGCATCAGCTAATCCG,138
AGCTCAGTAAAGTAAG,138
AGGTACGAAAAAAGTA,138
AGGTTCCACAAAAACA,138
AGTTTTAATGAACCAA,138
ATAATACGGAGATCTA,138
ATATAATATTCAACCC,138
ATATTTAAATTCCACT,138
ATGTTAAAAAGGCTAC,138
ATTAGCTATTTAATCT,138
ATTGAATACCGCCCTG,138
ATTTACTAATCGCTGG,138
ATTTGCTCTTCACGAG,138
CAAGGAGATTTCGAAC,138
CAAGTTTAAGAGAAAA,138
CAATACAGGTGAACCG,138
CAATAGGTATACGCAA,138
CACTAGAAATCGCTAT,138
CAGATAGCTTTCCTTG,138
CAGGACTCGGCAGAGA,138
CATATAAAATTAAACA,138
CATCAATATTGTGAAA,138
CATCTTCGGTCGTGGA,138
CATTAAAAAACTTGAA,138
CCCCATAGGAACCTAG,138
CCCGCTTAAAGCAAAT,138
CCGAACAAATAACAAA,138
CGATGGTTGCCTGAAG,138
CGCAGAGCGTCCTCAA,138
CGTAACATTATAAAAA,138
CTAACCTCAACAATTG,138
CTAAGTCAACCTTAGT,138
CTACTGTCCTGCGAGA,138
CTATTCTGCACGTAAT,138
CTCTACTGCCAAGCTA,138
CTGGGAACGCACGTGA,138
GAAAATCTAAAAATGC,138
GACTCTCCGTTTCGTA,138
GAGTGTTTAAATCACA,138
GATACACTAAGTACAA,138
GATTCAAATACCACGG,138
GCGCAATGATTCAAAG,138
GGATACTCATCTCCTT,138
GGCTAGATACAGTACG,138
GGGTTGCGGATTAGTT,138
GTAAATGAACTCATCA,138
GTTAGCACATTATCTC,138
TAAACAAAAAACTTGA,138
TAATGGTTTGAAAGCG,138
TACCGGTTTTTAGGCT,138
TAGTCACTAGTTTTAT,138
TATCTAGATAGCGTGT,138
TATGATATTTCTTGAG,138
TATTTGTAAGAGTTAT,138
TCAAACTCATAAATAA,138
TCAATTTTTTGCAATC,138
TCGTAAATATGACTGG,138
TCTAGCACACATAATT,138
TCTGGATTGGAAAGTC,138
TGAATGAACCTACTAT,138
TGCGATTCGCGTGATA,138
TTACAAAACCTACGCT,138
TTACACCCCAAAGGAC,138
TTCCCCCTCCTGAGCG,138
TTGCGCAATCCACATA,138
TTGCTTCTCTAGGCTA,138
TTTACTACAACCTATC,138
TTTGAATATCTAAGTT,138
AAAACACGCCAAACAC,137
AAAGTCCTATTTTACC,137
AAATATGTCAACATGC,137
AACAAAAATCCTAATC,137
AACGATCCGTACAAAT,137
AACGGTATTTCGATTC,137
AAGCACTCATCATGGT,137
ACACTGATATCAAAGA,137
ACACTTGCTTCGGTTA,137
ACAGGGGGCCGAAAGC,137
ACGCACCGCAGCAATT,137
ACTCATATTAAACTCG,137
ACTTACTCTCTTGTAT,137
AGAAACCCACGGGCAA,137
AGAATCTTAATTGGAA,137
AGAGGCACCGTTACCT,137
AGCGTTAAGTACTTTC,137
AGTCATTTGACACCAA,137
ATAATTCACCAGCGCC,137
ATAGACCATACGACAT,137
ATAGGCGAGAATTAAA,137
ATATTACAAACCTAGT,137
ATCTAATGTGTGAAAG,137
ATTCTCTCTAGATATT,137
ATTCTGAGAAAAAATT,137
CAAAGGTCCATAAATA,137
CAATCCTTGAGCCTCA,137
CAATTGTATCTAAAAA,137
CAGTGTACCAACCGTG,137
CATACGCAGGCGATTC,137
CATAGAGACTTAGGTA,137
CATAGATCTAGGAGAA,137
CATAGTAAAAACCAAA,137
CCAGAATTTATATGAA,137
CCCAAGACAAAACGAT,137
CCCCCCGTTATACAAC,137
CCTAGACCAATATTAC,137
CGACAAACCACGCACA,137
CGTTATTATTATGGCA,137
CTTCAGACCTTGCCTT,137
CTTTCAACACGCGCAC,137
CTTTTTAAGCTAAGTA,137
GAACAATACCCAGATA,137
GAAGTGACGTTCAAAA,137
GAGAGAATAGAAATGT,137
GAGTAGAGTATATGCA,137
GATCTAAAATGTAAAT,137
GATTAAAATACACTTA,137
GATTACCGCAATAAGA,137
GCATGACGAGAACAAA,137
GGTACGACTGGCGAAG,137
GTAAGCGTGGAAACAT,137
GTAATGTATGGCCATA,137
TAACGTTAAAACACTT,137
TACCCGGCCTGACCCA,137
TAGAAATAAGTCTAAA,137
TCAAAGCGCTTACTGC,137
TCAAGGTGATTCCTCC,137
TCAGCTTTTAAGCATT,137
TCATGATTACAGACTT,137
TCCACCGTCTAGACGC,137
TCCTGGGTTGCGCTAA,137
TCGATCACACAATACC,137
TCTTCTCGTAATACCG,137
TGAACGTGTTGGCCGC,137
TGATGATAAAAAAAAC,137
TGCAGACATTAGATAT,137
TGCCCCTGTTGCAACT,137
TTCTAGGGGGGGGATG,137
TTTGAACCTAAATGAT,137
AAAAAGAGGTGATTTG,136
AACAATTAGATTTAAG,136
AACATTAAAGACTACA,136
AATACCGAATGACGTA,136
AATCTTTGCTTATGCA,136
ACAACCGCTTAAGGAT,136
ACCCTTACGATCTCCA,136
ACGGTTAAAACTATAA,136
ACGTAATTCAGTCTCT,136
ACTGACAGAATCATAT,136
ACTTCGGAGTAAATTG,136
ATATCGTAGTCGACGA,136
ATATGGACCCTAGGAG,136
CAAATTATTAGGGTTC,136
CAACACCGTAAGAGCA,136
CACAAACATAGTATCA,136
CACACAGTCAACGATT,136
CACACTACAACCATAA,136
CAGAAGGTTAAACGCA,136
CAGTCGGCTTATCTAG,136
CCAAAAATTACAGAGT,136
CCCAACACTGAGGTGT,136
CCCAATACGGTGTTGA,136
CGTTAAACTCGGGAAC,136
CTACTTATAACCCATA,136
GAACAACAATAGCAGT,136
GAATTTTCTGCGGACG,136
GACACATTCATATTCG,136
GATAAGCATAGTAATG,136
GCGAGTTTCTCCGAAA,136
GCGCTCAGCCTCTCAT,136
GGACGCCTAGATTTAT,136
GGCACCACTCAAAAAA,136
GGCTACCGGGCTGTGT,136
GGGAATCAACAAAGAA,136
GTACTTGCCAATTAAC,136
TAAGTAACCTCGAGAT,136
TACAATTGCAGTATTA,136
TAGCGGAAAACACAAA,136
TAGTATTCAAGTAAAC,136
TCAAAGGACTACATAA,136
TCAGCATCGACCACAG,136
TCTAACTCCACTTGTT,136
TGACTAATGATTCGAT,136
TGCCTTAAACGTAGCT,136
TGGAAGAACTACTCTA,136
TGGGGCCCCAAGTTTA,136
TGTGACGCGTGCAAAG,136
TTAGTGACTGCCAGCA,136
TTATCTGGACGCTAAT,136
AAACGATCCAATACAG,135
AAACTTATATACCACA,135
AAAGATAGAGATTTCA,135
AAAGCATTGTTCCACC,135
AACGGTATCGCTTCGG,135
AAGTACGTAATATAAG,135
AATAATGTAGTTGGCC,135
AATCCGGCACCGTAAA,135
AATGCACACTCAAGGC,135
ACGATGAAATGTAGAT,135
ACTCACACTAATAACA,135
ACTCCTCATCACAAAT,135
AGAGTGACAAAACGTA,135
AGCACAGACCACAAGT,135
AGTTTGAAGGATGTAA,135
ATAAATATACAATCGT,135
ATAACCCCAAAAGGAG,135
ATAATAAAAACAGCGA,135
ATACATCCATTAGAAC,135
ATCAATAAATGGAGGA,135
ATTATCAGCAGCAGAG,135
CAAAATTCCACAAATT,135
CATGAGTAAATAGAAA,135
CCAAGGACAACTGCTT,135
CGCATACTTTCCTCTC,135
CGGACTTAAAACAATC,135
GACACGTGGAATACAG,135
GAGATACGGTATTACC,135
GAGCCCGAAAAACAAT,135
GAGTTGAAATAATATT,135
GATAAAATTGACCAAT,135
GATCAGCTCGGGCCGC,135
GATGCGATAAACACCC,135
GCACCGGAACCACCGA,135
GCATATAAAAGACGTT,135
GCTCTGATATTGGACA,135
GCTGTACATGACCCGA,135
GCTTAACCAGCCCAAC,135
GCTTTGTAATGGCCAG,135
GTAACCATGATATCCA,135
GTATCGCTCTACAGGC,135
GTCATTACTATCGATT,135
GTCTAAAACGCTGGGA,135
GTGAATGTCTAGAGTA,135
GTTCAATAACAACCTA,135
TAACCATGTCATCAGT,135
TAACCGCGCTATAAGA,135
TAACGACCGGGCAATC,135
TAACTATATGGTCTCT,135
TAAGAATTACAAATAG,135
TAATAGAAACGGAGTA,135
TACCCTTTCACTAATT,135
TAGCGCTTGGTCTCAG,135
TATCTCAAGTCTACTG,135
TATGAGGAGATTAGGA,135
TCACTTAACCACCTCC,135
TCTGAATTTAGACACA,135
TCTGTGCGACACGGCT,135
TGAGTTATTCGTGACT,135
TGATACATTCACCGCC,135
TGATTCACAGTGGACC,135
TGCTTGTCCATAAAGT,135
TTACACACTGGTCGCA,135
TTACGATTTCCATACT,135
TTAGACGCCTCTCAGC,135
AAAACTTACCAAAATC,134
AAAAGTATCAAAAAGA,134
AAACGATGGAGTTCAA,134
AACTTTTCGGGGCCTG,134
AAGCCCAATCTATATA,134
AATAAAAAAGGGTAGC,134
AATAACGGCGCCACGG,134
ACAAGAACGTCGGAAA,134
ACACTCGGGGTTCATA,134
ACATAGACGACTTTTT,134
ACGAATTAAAATCAAA,134
ACGCAAATATCAAAAC,134
ACGGCACGGGCTTGCA,134
AGTCTAAGATTTAACC,134
ATACCTCAATACCCGC,134
ATATACTAAGAAGATC,134
ATTAGTATCATAAATA,134
ATTGACAATGCGCCAG,134
ATTGTGCGATAACCAA,134
CAACCCTCATGTAGAC,134
CACTTTAAATCGACCC,134
CATTAAGACGAAGTAT,134
CATTTGCAGCGGAAAG,134
CCAAATATTTCAGAAA,134
CCGAACAAAATCCTAA,134
CCTAGCATATGCTTCA,134
CGAAATGTGTACTTCC,134
CGACAGTTGATACTAT,134
CGTGCCAGTAACGAAA,134
CTAAACTAAGTGACCA,134
CTGAAAATCTGACTTC,134
CTTATGAGTCAAATAA,134
GAACCCCAAATCTGAA,134
GAAGAGTAATTATACA,134
GATCGGAGAGTTGCTT,134
GCCATTACGGAGTATA,134
GCCTGCGGCAACCTTT,134
GGAACCTAAGACAAAA,134
GGACAGAGGATTTTTG,134
GTACACTTCCAAAAGA,134
GTAGCTCATTACGAAA,134
GTCTAAACGAGATTCT,134
GTCTACCAGGCTAAAA,134
TAAAAAACAAAATGCA,134
TAACAGAATATAAGCG,134
TAACGAATAGCTGCAT,134
TACGGCAGAGTGGTTT,134
TAGGCCTTTTACGCAG,134
TATGGAGCCCACTAAC,134
TCACATTGGAATTTAA,134
TCGCATACTTTATGAA,134
TCTATAAGGCCCTATA,134
TGAATTTCTATAGGGA,134
TGATGTTACCAAAAAC,134
TGCACGATTAACTAAT,134
TGCGAATAACATAAAG,134
TGGTAAGAACCTGAAC,134
TTAAGTCAAACCGGGC,134
TTAATGTAAAGTAATG,134
TTCAAGGGGTTAGGAG,134
TTGAGACAAACAAGAA,134
TTTAAATAATATACTC,134
TTTGAATAAAATGACT,134
AACCTATAAGGAAATG,133
AATATAAAGGCAGCTT,133
AATCAACAAAATACGT,133
AATCATCTAGCCGTGG,133
AATCGTTAAATATTAG,133
AATGACAGAGCGAAAG,133
AATGAGCTTCGCAATC,133
ACAAATAAAATATAGA,133
ACACAAGGGAGCAGCT,133
ACAGAAGAGCACTTAA,133
ACTGAGCCCATACCAG,133
AGTCATAGGCATTTCT,133
ATAAAGTAATAATACT,133
ATTGAGTCAGGGCAAC,133
ATTGTAGCCCTGCTAC,133
CATAAAGGACTTATAT,133
CATTAAAACACATGTG,133
CCACCTTAGATAAGAC,133
CGATACCTTAACTCTC,133
CTAAATTATCACTAAC,133
CTACAAATATACAGTG,133
CTATTCAAAAATAATT,133
CTGCTGATTAAATAAG,133
CTTAACTTCGAGAACA,133
CTTTACTTCAAAACAA,133
GACATATATCGTTCTA,133
GACGTTTAGGCCAAGT,133
GCAGATCGCAGACATT,133
GCGAGAATCCTGATAC,133
GCTAGAGCTTACATTC,133
GCTCATACATCCGTCC,133
GGCGTACTGGACAATA,133
GGTACTAAGCGTCCTC,133
GTTCAGACAGTGATTG,133
TAAAACAATATTAACA,133
TAAAACCATACAATAA,133
TAAATTAATATGTTTG,133
TAATCCCGGCGATCAC,133
TAGAGAAATAGTAGAC,133
TAGTACCACAGACACA,133
TAGTGGAAAAAAGTAG,133
TCAAGGTGGAAACCTC,133
TCTTGTCCGCCGGACC,133
TGAAGCATTTATAGTC,133
TGGTATTTACAAATAA,133
TTAAGTATCCGACGAC,133
TTACACTACTGGGCCA,133
TTCCCACGTCCCCCCG,133
TTGAATGGTGGGTTCA,133
TTTAGAATGATGGCAT,133
AAACAAGTCGCCTGCT,132
AAATCATTTGTACTGA,132
AACGCTATTAATCAGC,132
AATCTTCGGTAACAGA,132
ACTCTAATATTACAGC,132
ACTGTAAATATACATG,132
AGAACCTATACCTAGA,132
AGAGCAAGAAAGGTCA,132
AGAGTAGTTCACATAA,132
ATAGGACGATATGTCT,132
ATAGGGACTATAGATT,132
ATCACTGAAGTCACAC,132
ATCCACTTACTATGAA,132
ATCGATTCCGAGAATG,132
ATCTATATTGAGCTGC,132
ATGAACAATGATTTTC,132
ATTACAACAATACAAG,132
CAATATTAAAACATAT,132
CAGATGCGCCAGGATA,132
CAGCTTAACTACGTTT,132
CCATACAGTCACTAAA,132
CCCAGAGGCGCAATAA,132
CCGCCACCACTGGGTA,132
CGACCCAGCACTGATT,132
CGCATATGCCATCTTG,132
CGTCTGACATAACGGT,132
CTAACCTGAAAACTAG,132
CTCTTAAAATGATTAA,132
CTTGAAATGTGTCGAA,132
CTTGCTTGACAGATGT,132
GAACGTTAAGCAATCG,132
GACAAACCAGGAAATG,132
GACCTATAGCCCACAA,132
GCAACGCTATCCATGC,132
GCCATCCGATAATAAC,132
GGTACGGAATGCAGAT,132
GGTTAACTAAAGATGT,132
GTAACTCGGCCCCCGA,132
GTCTGCAAATGTACAA,132
TAAACTCACTTAGCGT,132
TAAATAAGTTATTAGG,132
TAAATACAGACTGCTC,132
TAACCATAAAATGAAA,132
TAAGGCCATTCGGCAA,132
TCAAAAGCGAAATTTT,132
TCATTATAACAGAGAA,132
TCCCTAATTCCTGCCG,132
TCCGACCAACTCCTCG,132
TCGCCAAGTGATCTTT,132
TCGTCCGCAGTGTAAT,132
TGAGTAATTATCTGGG,132
TGATATGGACCTCACA,132
TGCTACACAGAACGAC,132
TGTCCGGCAAATTATA,132
TGTTCCCAGTATGCCC,132
TTAAACTCCATAACTT,132
TTCTACTGCCCACTAG,132
AAAATATACGAATATA,131
AAACAATGTTTGTAAA,131
AAACACTTGAAGAAAT,131
AAATGATGGTTTATAA,131
AATCATACTAACAGTT,131
ACAATCCAGTTAGCGT,131
ACACCGCACGGATAAT,131
ACCGAGGACTGCCGCA,131
ACGGTAGATATAAAAA,131
AGAACTCTTTACTTAC,131
AGACCTCAACTCCTCA,131
AGTCTCAGGCGAGCAT,131
AGTTTGCTGAGTCCTG,131
ATAAGTAAAAAGAATG,131
ATACACAGATCGGCAG,131
ATACCCTCTAACCAAC,131
ATGCAAGATTAATAGG,131
ATTAACAAACCGACAA,131
CAAAAAAAGCCATAGA,131
CAACGAACCCAAAAAC,131
CAAGACCTACGATTAA,131
CAAGAGTAGATTAGAA,131
CAATCCAGAGGTGCTG,131
CACCTTTCTCAGCATA,131
CAGAGATTTAAAATAG,131
CATAACGGACCGAATT,131
CATAATGGTCGATCAA,131
CCAACCCAAAATGAAT,131
CCATATATACGATATG,131
CCCAATCAAAAAGCCT,131
CGAGCATAGGTATGCA,131
CGCCCGTGATCACTAT,131
CTACGTAGGTACTACT,131
CTACGTTCCACTATCA,131
CTTAAGAGACCAAAGC,131
CTTGTAACTAAACCAT,131
GATGGCTGAAACAGCC,131
GATTCGCATATCTCGC,131
GCAAGGGGTGAAAAAT,131
GCCATAATTGAACCAT,131
GCCTCAACCTCTAATA,131
GCGGATTTGGCTCGCA,131
GGAGGTAAAAATAAAT,131
GGCACTTAAATAAAGA,131
GTAAATTTCCCCAATA,131
GTATACCTAAGAGGCG,131
GTCTACTGTAGCTACC,131
GTGCAGTAAAATCTTG,131
GTGTCATAGATGATTA,131
GTTACCTAATATTATA,131
TACAAATCTAGATCTC,131
TAGTCATAGACTTCCT,131
TATAAATCTATCGTTT,131
TATGCTAGCAGAACGG,131
TCACGGCCGAGTCGAT,131
TCCACAATGTATAAAG,131
TCTAGACCCTAATTAA,131
TCTTTGCATATATTGA,131
TGATTATTGACCATAC,131
TGCTTGATGCATGCTC,131
TGGCCAGTACTGTAAA,131
TGGCCGGGGAACTATA,131
TGTTTAAAGTAGCTCC,131
TTAAAACCGCAGTTAG,131
TTATTTCGATAGGAAA,131
TTTAATACTCGGAAGC,131
TTTACCAGATAAGGAC,131
AAAACTGAGCAACCTT,130
AAATGTACCTAATAAG,130
AACACTATTGGAAAGA,130
AAGAAACATGAGATGC,130
AAGTTGGTTCACAACG,130
AATTCGATATAAATAA,130
AATTTAGATAGTGTAT,130
ACGGTTAAATATGCGC,130
ACTTAGGCAGCAGTTT,130
AGACATGCTGGATGAT,130
AGACGAATCAAGGGGA,130
AGACTTTTTCTAGGCA,130
AGATTACAGCACCCAA,130
AGCCTATAAACATTTA,130
AGGGGTAATGAAACAT,130
AGTACATTTACAACCA,130
AGTCTATGACATACTA,130
AGTTATTATATCCGGA,130
ATCAAAGTACTATATA,130
ATGCGATGTCATAGTT,130
ATTCCCTTTGAGAAAC,130
ATTCTAAAGTGAAGGA,130
ATTTTATGACATAGAC,130
CAAACGAATAAGGTTG,130
CAGATCCCTAATCTTT,130
CATTCCTACTAACACC,130
CATTCTGAACTCGGCC,130
CCAAGTTTAGCAGGAG,130
CCTTAGCAATCCTAAT,130
CGTGTACACAGACAAA,130
CTATGAGAGTACACTA,130
CTCAAAGGTTGTAAAC,130
CTCACTGGTTCAAAAA,130
CTCGGAACTCCCGTGC,130
CTTGATGCTACCTTCT,130
GAAATCCCGTTACGCT,130
GAAGGGTATTTAGCAA,130
GACAAGTAAGACACTT,130
GCATTTTCCGTAACAC,130
GCCGGAAACGTTCATA,130
GCGGAAGAGTACGGTA,130
GGACAGGTATGACTGA,130
GGACGAAAAAGCACCA,130
GGATTTTACGCCAGAT,130
GGGCTACAACCCGGTC,130
GTTCACCTATCGATCG,130
GTTCCCATTAGGAAAT,130
GTTGATCCACAGAAGG,130
TAATAAGATAATCGAA,130
TAATATAAAGCCTATG,130
TAATGTATTAGTTATG,130
TAATTGTAGTAAGTAT,130
TATATACTAAACGATA,130
TCAGGTCCCGTATTCC,130
TCCTTCTCGAATTACT,130
TCGTAACCTATGAATC,130
TCTATGTGCAGGAGGG,130
TCTGCGTAGCAAACGA,130
TGCACTCGTCGTACTG,130
TGTCGATGGGCACTCA,130
TGTGTGACGTGATTAC,130
TTTAATCATTACATAC,130
AAATACAACTCACGGT,129
AACACAAACGGTCGGC,129
AACCGATTACATTTCT,129
AAGGTTACGCAACGAA,129
AATAAATAAAATAACT,129
AATCCATTGTTCCATA,129
AATGAAGTACAAATCT,129
AATTAAAATTACAATA,129
AATTTAACTAAGAAAA,129
ACATATCAGACCCGCC,129
ACCCTATAGCATAGAA,129
ACTCTTGACACCCGAT,129
AGAATAACTCGAAAAA,129
AGGTAAAAGTAAAGAC,129
ATCAAAACACACAGTA,129
ATCCCGGTTAAATTTA,129
ATTGCTAAATCCGAAT,129
CAACATACCGACCTTT,129
CATAATGACATCAATA,129
CATATACTCTGGCGTC,129
CCAAATGAAAAACCTT,129
CCAGGATAAACGCAAA,129
CCGTTACCTTGAATAA,129
CCTATAAAGCACGAAA,129
CCTGAAAGCTTACACC,129
CGAAAAAAACCGTAAG,129
CGAACTATTTTCATAC,129
CGACCCAAGCCTATCG,129
CGCCCAAATTGGGGTC,129
CGCTGATTGCTGAAAT,129
CGTAAGAACTACAAAT,129
CTCTCCTAACAATAAT,129
CTTGAGGATGCGCGAC,129
GAATATAGTCATTACA,129
GACGTATTACACTAAA,129
GAGATACCCATGAGAT,129
GCAATAAAACCTGACT,129
GGCAATAGCACCGCCT,129
GTAAACACACTGGCAT,129
GTACACAACGAGTCCG,129
GTACCATCTATCATAT,129
GTAGAATGTAACTTCT,129
GTAGCAGCTAAGGCTC,129
GTATAGAAAAGGTACA,129
TAAAATCGAAGAGTAC,129
TAACATAGAGCTGGAA,129
TAAGGTATATAAAGTC,129
TACCGCTCAATCGCTA,129
TACTTGGACAGAACAA,129
TCACAGTTGCTCTGAA,129
TCGTACATTACTAAGT,129
TCTAAAGGACGGAGAG,129
TGAAAGAAAGTAAAAA,129
TGAACTAGAGTAAAAA,129
TGAATACTAACAGGAT,129
TGAGCGATTATTCTGG,129
TTAAAAAAGAGAGCTA,129
TTATAAAACATAGGAA,129
TTCCTTCAGAAATTAA,129
TTCGTTTTAATAAGAT,129
TTGCGTATCCTTAAGG,129
TTTCGCGAGTAAAAGG,129
TTTCTACCACGGGGGA,129
AAAACGGGGCTAAATA,128
AAGAAATTGGTAACTC,128
AATCAAGAAATTACAC,128
AATCGCCCTCGGTTTT,128
AATGAAAAATCCCTTA,128
AATGAAGCGGAAGATC,128
AATTATTCGTATAATT,128
ACCAGAAAGCTATTAG,128
ACGAAATATAGAAATG,128
ACGATTACCCAAATAA,128
ACTCATAAACATGGTA,128
ACTTAGAAAGTGAAAA,128
AGAAAAATAATTTCTA,128
AGCAAGCTCTCAACGC,128
AGCAGCGTGAGACGCT,128
ATAATAGTTGTCCTAA,128
ATCAATCAAAAAGAAG,128
ATCCAAAATTTAGCGA,128
ATGTCTTAACTCCCGG,128
CCACAGAATACACTAG,128
CCAGCCGGGCTAATGA,128
CCTTCATTACCCTTTT,128
CGCTTCTCATGGTGGT,128
CTACCTTATGTACAAA,128
CTCAAGCGACTTGAAC,128
CTGATCTAATAGCACC,128
CTTAGAATCTCTGTTA,128
CTTCACATCGGGCTTT,128
GAACTCGAACAAACCA,128
GCGTAACCGTGAAACA,128
GGAAAACACGGGGTTC,128
GGCCTTTAATATCCTT,128
GGTAATAAGCAATGTG,128
GGTGACACGATCTAAA,128
GTAGCTGGCTTGTATA,128
GTCCATTGCAAACGAT,128
TAAAGAGATCGGTCTC,128
TAATTAATGCTTAGAA,128
TACAAGGCTGGATCCT,128
TAGACGGGAATGCAGC,128
TATATTCTCGCAATTC,128
TGACATGCCTCCTGTT,128
TGACGAAATAATAATA,128
TGCACTACAGAAAGAC,128
TTAAACTCAAATTTAA,128
TTAGGGTAGAAAACAA,128
TTCCATCGCGCCCCGA,128
AAACGCGGTCTCAACG,127
AAAGAATGTCCCATTT,127
ACAAAGTCATTCGATG,127
ACACGGCGATCGGCAG,127
ACCCTTGATGCCCGAA,127
AGAAACTAAAAAAATG,127
AGATCCAAGATAAAAT,127
AGTACATTCCACCTTA,127
AGTTCTCACTATAATA,127
ATTATCATAAATAAAT,127
CACGTCTCGTTATCTC,127
CACTTTCTAAGATGAC,127
CAGGACATGAATGCAT,127
CATGATGATGATAAAA,127
CCCACAACTACCAGCA,127
CCCAGAAGGCAATCTA,127
CCGAGTAAAATAAACA,127
CCGCTCGAGGGGATGG,127
CGAACAAAAAAGTCAT,127
CGAACGTTCCTGTAGA,127
CGCCCACGATGAGTTT,127
CGTTGTCGTTACAAGA,127
CTTATGGTACAATCTA,127
GACTAATTTTGTAAAA,127
GAGAGAAAGCATGTTT,127
GCACGAACATAATCTA,127
GCATTTCCAGTAAGCT,127
GCCTATTTTACGCATA,127
GCGACATAAATATTGT,127
GGAGTCCTGAATTGTA,127
GTGAACCGTCCCATAA,127
TAAATAAACACTTGTC,127
TAACACATTTAGCAGA,127
TACCTAAATTTACCAA,127
TAGTAAAAGCCACCCT,127
TAGTACTAAATGATAC,127
TCACGACACACGCTAA,127
TCCCCAACGTAACAAC,127
TCGTTTTGAAATCTGG,127
TGAATTAAGTACGAAA,127
TGCGAGGTGATGCGAC,127
TGGGAGAAATTACACT,127
TGTGTATAGTGCCCTC,127
TTACAAAACGAACAAA,127
TTACGACAAAATGCGT,127
TTATGAGGAATAAGCT,127
TTCAAGTAAGATCCGA,127
TTCTGGATCAGTATTC,127
TTTTAATTTGTTATAA,127
AAAATGCCGTATGTAT,126
AAACAAAAATATAACG,126
AAACAAGTCTAAAGTG,126
AAACGTACATAGAATT,126
AAATTAGTAAGCGATT,126
AAATTTTTGTGAACTT,126
AACACAACTAGACTAT,126
AACAGCCAACTACTAT,126
AACCCGAACCCCCCGA,126
AACCGGCATACCAAGT,126
AATAAAGGAGTCATCT,126
AATAACCATTTTTTCC,126
ACAAAACAATAAGGAG,126
ACAGGAGAGTGGAATC,126
ACCTAAAGGTGATGAT,126
ACGAGGAGACTGCAGA,126
ACGCTGTAATCTAACT,126
AGAAAAACGAACCAAC,126
AGATAACCAAGTGAGA,126
AGCAATCGGTAGGTCT,126
AGTGACTCTGAAACTG,126
ATGTACATATGTGCAT,126
ATTTAAGAGATTTCTG,126
CATATCCCACAAAAAC,126
CATCGCTTACTCGTTC,126
CCACAAAAGAGATAAA,126
CGCCACACTTCATAAC,126
CGGGTTAAGATGTAGC,126
CTACCTTATTGACCCC,126
CTGCACTTTGGGATAA,126
GATTTATTTCTAAAAA,126
GCAGAAATTTACCAGC,126
GCCCGCATCAACCTGA,126
GCTCACACTTATAACG,126
GCTCATAATTGAATAG,126
GGAAACTGGATTGCAA,126
GGATTACAAGAAACCC,126
GGTCCTAGTTGTAATC,126
GTAAATTCATATGAAT,126
GTAACTGCAATCATCG,126
TAAGCGGCACCCTTCG,126
TAGCCCCGCCAAAATA,126
TCACAAGTATGGCAAG,126
TCCTGCAACAATGACG,126
TCTACAAAACTAACCT,126
TTAGGGGCCATCCTCA,126
TTTGGTGTAACATCAT,126
TTTTCTCATGTCTGAT,126
AAAGTATGTAAATACC,125
AAATATGGAGAAATTT,125
AACCTGAAATAGCTTT,125
AAGTGCACAAATAAAA,125
AATAATACTATACCTG,125
AATGGCAAAAGTGCTA,125
AATGGCAGCCCTCACC,125
AATGTAATATCAAAAG,125
AATGTGTCACTTCATA,125
AATTTACTCGATACAA,125
ACAAAGGAAAATAAAC,125
ACCTACTATTACAAAA,125
ACGGTCGAATTTAACA,125
ACTGAGATGCAGGTTA,125
ACTTACAACACACATT,125
AGAACAAATTAGAAGG,125
AGCTGTACAGAAGGGA,125
AGGGCTAAATAGAGAC,125
ATCAGTGAAAGTCTCA,125
ATGGCCATATATCCTG,125
ATTGGAGCGACATTAT,125
ATTTGGTTGCCACAGC,125
CACCTAGAAGTAAAAG,125
CACCTCCAAATAACAT,125
CACGTGGATTAGAGTC,125
CATAGCCCAGGTCTTA,125
CCACCGGTAATAGGAG,125
CCTTAAAATCGAACGT,125
CGAAACTCTAGTGAAT,125
CGCAGCCTGTTTAATA,125
CGGCCCACAACTAAAA,125
CTCTCTGAAAACACTA,125
CTGCCAGATCCACTGA,125
CTTTACCCCACTGCTT,125
GAAATGTAAAATTAGC,125
GACATCAAGAATCGGC,125
GACGATAATAAATCTC,125
GATCAAATTTGACGAA,125
GATTCGAATTTACTCA,125
GCATAAAGCCAGGTAC,125
GCGAACATGTGTACAT,125
GGATTACCACGAGCAC,125
GTATTTGTCTGTGTGA,125
GTCAAATCAAAAATAT,125
GTTATAAAGAAATCCC,125
GTTTTAACCATGTAAA,125
TAAATTAAATATTAAC,125
TACACTATTAAAGACA,125
TAGATTTTCAATGGTT,125
TATAGAGACAAATTTA,125
TCACCCCTTAGAGCTC,125
TCACGAAGATAATTGA,125
TCTAAAATTTACATCA,125
TGGACCTTATTATATC,125
TGTTCCAAGTTCAGAT,125
TTAAAACATGCTATTA,125
TTAACCAACGAATTAA,125
TTATTTGATTATCAGA,125
TTCCGCTTCCCAAAGG,125
TTTCTATCACAGAAAT,125
ACCGTCTGTAAATAAT,124
ACTCCTAGTATAAAAA,124
ACTGCCAGTCTCAAAC,124
AGAAAACAGAATGGGG,124
AGAAAGGAAGAAGCTC,124
AGAAGCTCGTTATGCT,124
AGCATCATACGAGCGC,124
ATCACTAAAATTATAT,124
ATCAGATTTAAAGTGA,124
ATCAGTCTGATGGTAC,124
ATGTCCACCCCACCTA,124
ATTACACAAAACCTAA,124
ATTGGAAATGAACCAA,124
CACAATTTACTAGACA,124
CATAACGTAGATCGAA,124
CATACCGAGCCACAAC,124
CCCTACTTGTAAGGGT,124
CCGATGGACTTATTAC,124
CGAGCCAATAGAAGTA,124
CTAACCTAATCGCTTA,124
CTCCCCTAATTCTACG,124
CTCTGTCCAAACAAGA,124
CTGTCCATAGTTAAGG,124
CTTGGAACACATTCAA,124
CTTTCCACAACAAATA,124
GAAAATATTAATATAA,124
GAAATGTACCACGCGA,124
GAACAACATATATCAG,124
GACAACATTTGAAAAA,124
GGGCGATCAATACAAG,124
GGGGAGTGGTTGGCGA,124
GTCTTGGACCTACGCT,124
GTTAATAGCGCTATGA,124
GTTGAAAATAGGCTGT,124
TAAAAAGCTAAAGAGA,124
TACAGCGAGTCACACG,124
TAGAAACAAATTCTGA,124
TAGTCATTTAATATAA,124
TCCAAAGTGACAAAAC,124
TCCCTAATACCAGGGC,124
TGATATATATTATCTT,124
TGTAAAGCCAGAGCGC,124
TTAAAAAAAGATTACC,124
TTAAACATGAGAATCA,124
TTCAGAGCACCGTGCG,124
TTCATCGGACACTCTA,124
TTCTATAAAGATTAAT,124
TTGGCGAAGCCTCGCT,124
TTTAATAACAATTATG,124
TTTGATAGTTAAAGTT,124
TTTGGGGCATACAAGA,124
AAAGTGCAACTACTTA,123
AAATAGACGAGTTAGC,123
AAATGACTGGCATAAA,123
AACTGAACCGAAAGCC,123
AAGATGGGAGGACGTC,123
ACCACCAATATCTCTT,123
ACCCCACCATATGATA,123
ACCTATTGCTGCTACT,123
ACGACTTGCTTCCAGG,123
AGAAAAACGACACAAA,123
AGATATCTTGAAGTCT,123
AGCATAAAAGTGGTAG,123
AGCATGAACCCTGATT,123
AGCCGTACTCTACAGC,123
AGCTGGCTTAATCGAT,123
ATACTACAGCAAAAAG,123
ATCGAAGATATTAGAG,123
CAACGCGATTAAGTTA,123
CAATAATCCTGACCTG,123
CAATTATGCGAGTAAA,123
CACTTGCAAGCCGAAA,123
CAGTATTGGAGAGAAT,123
CCATATAAAATCCACG,123
CCCGTCCCCTCTCGTT,123
CCGTACATGGCCGGCA,123
CCTCCATTCAAAAAAT,123
CTAAATTATTAACGCA,123
CTACGCTGAACCCCAA,123
CTGTTCGTTTCACTAG,123
GAAAGTGTGGGGTCTG,123
GACACGCGGAGGGCCA,123
GACCAAATAAAAAAAA,123
GGGGTAACTACCACTA,123
GTAGCACAACGCGGAC,123
GTTAAAAACTCTAAAA,123
GTTATTATAAAGGAAA,123
GTTCAAGTAATGATGT,123
TAAACCCACAGAGAAT,123
TAATATGATATTGCCA,123
TAATCATAGTATATAT,123
TACACATTTTATACTC,123
TACACTTTCAATCGAA,123
TCGGTCCCAGATACAT,123
TGGTGCACTACGTGCC,123
TTACCAGAAAAAATTA,123
AAAAAACGTTGAATAG,122
AAATAATCAATGTACT,122
AAATCCCGATTTATAC,122
AAATCTCAGCTTATTT,122
AACAAAAAAGTGAACA,122
AATAACCCTTTAAATC,122
AATATTCAAAGAATTA,122
AATTGAGTAAAACAAG,122
ACAGGATTGAAACAAC,122
ACATACAAACTTATAA,122
ACGTAAGCCCCTAAGT,122
AGAAAACCGAACCGTC,122
AGGTTTCGATACATTA,122
ATACTATTATCCAATA,122
ATAGTATGACAGATGA,122
ATTAAGATATAAGAGA,122
ATTACAATAAGCAGCA,122
CAACTGCAAGAACTAC,122
CAAGAGTTATAGGCGT,122
CAGAAATATGATTTTT,122
CAGGCTCCCATAATAA,122
CAGTCGGCATTTCTGA,122
CATCAATAAAGAAGAT,122
CCAACACCTATCAATG,122
CCTGCAAATCGCTAAA,122
CCTTGGCAAACAAAGT,122
CGGGTTCTTATAATAC,122
CTCGCGCTCCGGCAAT,122
CTGGCGGGGCCAACAA,122
GACGACGCGCTACATT,122
GATAGCACCTACGCTA,122
GATGGATAACGACTGA,122
GCACGCAATGAATAAG,122
GGCTCTACTGATAAAA,122
GGGCAAACGTAATACA,122
GTCACTCAATTAAATG,122
GTGCTTTGTATAAAAT,122
GTGGTACATTAAAAAG,122
GTGTTGTAAAAAACAA,122
TAAAAGAGACAACACA,122
TAAATTACTTCCTAAT,122
TAACTTACCAATGCGC,122
TATACTAAAACAACCA,122
TATTGATCAACGTTAA,122
TCTATAACACTCCAAA,122
TGCTGACACTATAAAT,122
TGTGGAGGTTAAAATG,122
TTAAATTTGTACGAAA,122
TTACTGCAGATTTAAA,122
TTCCACGGAAGAATTC,122
TTGAGTGAAGTAAAAG,122
TTGCCCTGCGTATAGC,122
TTGTTTAGGCATCTAG,122
TTTGTTGAAATTTGTC,122
AAAACGTCTAAATTCG,121
AACACAACCTCACCAA,121
AACCCAGACTCAACCG,121
AACTAGAATCTTATTT,121
ACACGGGAATCACTGA,121
ACATACCATGGTGCCG,121
ACATATATAAAAAACG,121
ACCTATTAACCAACAG,121
ACGAGTGCAGGCGGTC,121
ACTAAAACTCTCATAA,121
AGAAAACACCGACCCG,121
AGAACGAACGCACTGT,121
AGACTAGTCCTTCGTA,121
ATAGACAGTCCCACTT,121
ATATATATGGGAGAAG,121
ATCGTAAAGAAAAATA,121
ATTAAGTAAGATCGCA,121
CAAGGTAAATACTATA,121
CACAACTTTCTTGAAA,121
CACAGCACTACAAACA,121
CACCGATTAACGACGC,121
CACTGCTATAGACCAC,121
CAGATCCAATGATATA,121
CCATATAAACAGAGTG,121
CCGAACATACCAGCTA,121
CGCATTAGTACAAAAC,121
CGTATAGATAAAAAAG,121
CGTTTAAATTAAATAC,121
CTATCTTAAAATTAAC,121
GAACAAAAGTAGTAAC,121
GACAGCAACTAAAAAG,121
GACTCGAGCCGGAGCA,121
GCATAATACTCCGCAA,121
GCCCGCGAAATGAAGT,121
GCCGTTTGCCCTGTAA,121
GGCAATAGCCGAATAT,121
GGCCATAGCGCGTAAC,121
TAAGGAGCCTACTTAA,121
TAATACGATTATATCA,121
TACAGGTACACAATAT,121
TACCTTATTTCGAACC,121
TAGCATTTGTTGAGTT,121
TAGCCAATGTCGACTC,121
TATTCGCCTTCTGAGG,121
TCGATCAAATATTCTA,121
TCTCCCCAGATCTTAC,121
TGAGATCAACTTACAA,121
TGATAAGATTGCGCTA,121
TGCATACGAGCGGGCT,121
TGTACCAAAAATTCAA,121
TGTTTTAGCGACGAGT,121
TTCGTTTGCAATGCCT,121
AAAGATGATATAAGGA,120
AACCTTCAAGAAAAGT,120
AACTATGTTACTCGTA,120
AATAGAAGGGCATAGG,120
ACACTTGGGATATATA,120
ACCTAAGATCTATTAG,120
ACCTCAGAGTGGCCGC,120
ACGACTAGTTCTTGTG,120
ACGTACCCAATGATCG,120
ACTCTTAATGTATAAG,120
AGACACCTCCTGTAAT,120
AGACTAAATGCCACGT,120
AGATTAATACAAGGCG,120
AGCCTAAGCCAACCCC,120
AGCCTATACCTAATCT,120
AGTCATTCTCAATATG,120
ATATAGCTACCCGCAG,120
ATCTCAAAGTCAAACT,120
ATTTGTAGAGTGAAAA,120
CAAATTACGACCTTTA,120
CAACGGTGCCTGTCAC,120
CATCTAGGCTTACATA,120
GAAGAGCGATTTTATA,120
GCCAGACGGAACTTTA,120
GCTGCCTTACTAATTT,120
GGAAAATTTGATCAAC,120
GGAATATGTAATTGAT,120
TAAACACAGAGACCTC,120
TAAGTACCAACTAGAC,120
TACAACTTTATTGTTA,120
TACGGAAGGCTTTAAG,120
TATGCGCTCCCAAGCT,120
TCATCTATTATAAATT,120
TCGAATCCGGGTCCTC,120
TCTTTCAATGGGTTTC,120
TCTTTTAAACCCACAA,120
TTAACTCATTAACTAG,120
TTAATTTTTAACAAAT,120
TTAGAATATTGAGACC,120
TTTTATTAGTATCAAA,120
AAACTGATCGTCCCGA,119
AAAGGTTCATGAACGC,119
AAGAACTAATTTAGAC,119
AAGCCGAGACCGTAGT,119
AAGTTATTTAAACACT,119
AATATGGGAAGAGCCT,119
ACGTCTTATTAGTGTT,119
ACTTGAGAAACATTGC,119
AGTTACTTACTAAAGC,119
ATATATCGTGAATACA,119
ATCCCTAATTTAAACT,119
ATCCTAGCAAAAAATA,119
ATCTACGACGTCGCAA,119
ATTATTATTTTCCCGT,119
CAAAGAAGTGAATACG,119
CCAAACAGAATGCTAC,119
CCACGCAAACCAAAGC,119
GAGTCAAACATAGGAT,119
GATAGGCGCAAACTGA,119
GCATTTATAATATCCG,119
GCTAACATACAAGGAA,119
GGTCCCGCAGGTACTG,119
GTACACCAGGTTTATT,119
GTACGCGAAAATTCGA,119
GTACTTGCCCATGATG,119
TAAGCATTATGTAATG,119
TAATCACTGGGCGCCA,119
TATACAGAAAAGAGAT,119
TATATGTTGGAGCGTT,119
TATCAAAGCGGGATGG,119
TCAGCTGGAGCCTCTA,119
TCCTAACAATTAACTT,119
TCGTACGGAAAATATA,119
TGATAGATATTACGGC,119
TGGAATTCCAAAATCA,119
TTAGGAAACAATCCAA,119
TTAGGTGTGGAAAACG,119
TTTATCCATCCTAAGA,119
AAAAACCATACTTTAG,118
AACCGTCCTCTTTTAA,118
AAGTCATCTTTTTATA,118
ACGACCTAACAATCCG,118
ACGCCCATTTAACTCG,118
AGCATGCGTAGCTTTA,118
AGCCATGACGAATATC,118
ATAACAGAATTCATTT,118
ATAATCGATATACCTC,118
ATAGTGCGTCACAACA,118
ATATCTTGATGATGCC,118
ATTAGAAGGACAATAG,118
ATTGACTATCATTAAG,118
ATTTATGGCACGCAGA,118
CAAAATGTAGCTTACC,118
CAACTAATTTAACATG,118
CACTTACATAACATCA,118
CCCGGGTTAGCCTACA,118
CCGTTAGTCTTCTTAT,118
CGCGCATACCGATAAA,118
CGGTGAATCGCCGATG,118
GAAAAAGAGAGAAAAA,118
GAACATTTATACTAGC,118
GCAATGATCCAAGTAA,118
GCACTATGACGAAAGC,118
GCGCATACATTTTTTA,118
GTTTATAATAACGGTA,118
TAATAGACTTAACACA,118
TACTATACAGTGCACA,118
TCAAGCAATCATATTT,118
TCCCTGTAACCCACAG,118
TCGCACAACGTGAAAA,118
TCTCGTACCTGGGCTC,118
TGATAACCCCACCGTA,118
TGTTGCATTTGGAATG,118
AAAAAAGTCATCTTCT,117
AAAAGACGCCTTTAAC,117
AAAGTCTCACTTTAGA,117
AAATACCCAGATCTTT,117
AAATCTACAATCAAGC,117
AACAAGTGTATAGGAC,117
AACTTACTTGCAGCCT,117
AAGTATTTTCTAGGAT,117
ACAGAAGCGCAAACGC,117
ACAGATACCAGCAATT,117
ACATATAAAAATCCAG,117
ACCGGTAATTTTCGGA,117
ACCGTTAAGACTTCTG,117
ACGTAAACGTTACACT,117
AGCGTAGCTCGTTAAT,117
AGCTAGCATCAACTAA,117
AGTATCGGTAAAGTTC,117
ATATGATACCTTTGAC,117
ATCGGATAGCACGGCC,117
ATTAACAGTAAATGCA,117
ATTGTAGTGGCTAAAG,117
ATTTACCTAGCTCCTG,117
CACATAGGTATATAAA,117
CACGATTTTGAAAGTA,117
CAGGCGAAACAGTGGA,117
CATAATATAAACGCAT,117
CATATTTTTACTTAAG,117
CCAATAACCTCAAACC,117
CGCTAATATTCAGCAA,117
CTGTCAGTAAACTTCT,117
GAAACGTAAGCTGCAT,117
GAACCTTGTTAGGGCG,117
GAGTCAGCTAAGCCTA,117
GCGCAAAAAATTCTCT,117
GCTCGGCCTTACACAA,117
GGCATAGCACTGATAT,117
GTTAGCAATTTAAACA,117
GTTCACTAAACTAAAC,117
TAAACGGGTAATAACG,117
TAACAAAAATAGTTAA,117
TAGAACAGTTTTCATG,117
TCAGAGAAACAGGAGG,117
TCTAACCACGTATACC,117
TGACAATTCCTTCCGC,117
TGACTACGCCTATAAG,117
TGTAACACTTGATCGG,117
TTGTTTAGATTAATAC,117
TTTACCTAGTGTGCAC,117
TTTGGCCAACTAAACA,117
TTTGGGAACCACGGCC,117
TTTTTAAGAAACTACC,117
AAGAAGTCCTTATACC,116
AATATCCGACAGTACT,116
AATTAGTAATGCAGAT,116
ACCGAAGATCTCGCCA,116
AGATCGTATACACAGT,116
AGCGTAACTGCACCGC,116
ATATTAATAACTAACG,116
ATCTCAAAGATCAAAT,116
ATGGGACAACAACTGA,116
CAAAAACTGGCGGGAC,116
CAAAACCCACAAACGG,116
CAATGAAGAAACAAAA,116
CACCGACACGAAAAGA,116
CAGAGCCCACGCTAGT,116
CCACCTTAACGTATAA,116
CGAGAGTCGATCTGAG,116
CGGCTCATTATATATT,116
CTATGACCTCCCCATA,116
GAAATCATATTTACCC,116
GAACCTACATTACAGG,116
GAGGAAGAACTTTTAA,116
GCACATCCATCCATCG,116
GCGAATTTGGGATAAA,116
GCGAGTTAGTCAGTAG,116
GGATTGCGCACGACCC,116
GTCCGTCAAATGAATA,116
TAAAAATCAACGAAGA,116
TAAGACATAATGCTGA,116
TAGAATATGAGATCAA,116
TATAGTGTAAATATCT,116
TCTAAACGGAGATAGG,116
TCTACAAGTCTTTGTG,116
TCTTAACTAGATCAAC,116
TCTTGTAGATTCCAAA,116
TGATCGAAAATGAAAC,116
TGCAGTAATAAGGCTA,116
TGCATTAAAAAATGAT,116
TGTCGGGCGGAGATAC,116
TTACGTAATCTAGTGT,116
TTATTAGTACACTTCT,116
TTTAACTTAGATCTGG,116
TTTTCTACCATATTAA,116
AAACAGCTCTAGCATT,115
AAGGATTTTTCGAACG,115
AATCTACGCAAGCCAG,115
AATCTTTATAGCATTG,115
AATTATGTAGAACCCA,115
AATTCTATTGCGGATA,115
ACAACTTAAAAATAAT,115
ACAATACTTAAAAAAT,115
ACATAGCTGACAATAA,115
ACGGAAGTATCCCGAA,115
ACTGTAGCGTTCTTAA,115
AGAACAACGAATCACG,115
AGAATTAGTCCCTATT,115
ATAAAAAGAGAGTGTT,115
ATACCCTCGCAGCTTT,115
ATAGAAAGAAATGAAG,115
ATATTTAACTAAATAT,115
ATCGTACATCACCCTC,115
ATCTAACAGGAAGCCA,115
ATGAGAGTTGAAGAGT,115
ATTAACAATTTCGAGA,115
ATTGAAAAACTCGCGC,115
CAAAAGAACAATATGA,115
CATGTAATTCCCATAG,115
CGTTATCCATTATCTC,115
CTAAGCATCCCACTTC,115
CTCTACTTGTGGCCGA,115
GACAAAATAGGTGAGG,115
GACGGGATTTGATTGA,115
GCACCTAACTGAGTAC,115
GGCGGATTTACCGGTA,115
GTAAACGACGACCTAT,115
GTTCCTGCTACACGGT,115
TAATAACAACAAAAGT,115
TACTGATCGAGCCTCT,115
TGCGCTAGCTATCTTC,115
TGGAAAAGTTAAAAAG,115
TGGTCGCAGCAGAAGC,115
TTACTTGGGAAAAGCG,115
TTCAATAGTTTTTTAG,115
TTGTTTGCACGATTGG,115
TTTCAAAATATAAGCG,115
TTTCCGTCTGGATCAT,115
TTTGAATGAACTCATT,115
AAAAAAACTTGTTGAC,114
AAAACGTCACTAAGAA,114
AACTTACCAATCTGGC,114
AAGATGATCAATAAAC,114
AATTTAAACTTGAAGA,114
ACCCATAACCGATATA,114
ATAATAGAGTTATAAA,114
ATACAACAACTTTATA,114
CAGAAAATCCTAAACT,114
CATGCAGAAAACATGA,114
CATTTGGATGAAAATA,114
CCAAACCTAGAACCAA,114
CCTATGCGCCTTGCAG,114
CGCACCCTTATTCCTG,114
CGCGGACTTTTAACAC,114
CGTTGGTAGTTGACGG,114
CTAAATCGAACCAAAC,114
GACCACTTTAACAAAT,114
GATAATATCAGAACGC,114
GGTTGAGGCTGAAGCC,114
GTAACGAAGAACGTAA,114
GTAACGATTATATGCT,114
GTACCTATGCAACGCC,114
GTCTAATAGAAAATTG,114
TATAGCCCAAAACGTC,114
TCCATACTAGTGACTG,114
TCGCATTTGTCGAGGA,114
TCGGTACTGTAGACCC,114
TCTTATAATTTTATAG,114
TGAAAACCACCACGCG,114
TTAATACCAAACTAAC,114
TTCCTCATATCATTAG,114
TTGAAGCCACTTAGAA,114
AAAGGAACCAGACTCC,113
ACTGACCCTGAAAATA,113
ACTGCCTCAATACTTC,113
AGAACATAATTCGACC,113
AGCGAATAACCAAATC,113
AGGTTCGATACAGAAC,113
ATAAGAGTTTAACCTT,113
ATACATGAAAGTAATA,113
ATAGTATATATATCGT,113
ATTAACTTCGCTCGAG,113
CAAGGACATTTTCGTG,113
CAGCAGTTCTTCCCAA,113
CATCTTTGCCTCTTAT,113
CCATTTAATAAGACTT,113
CTGACACCTCGATACA,113
GAAGGACTGACACTGA,113
GAGAACTATCACTACC,113
GAGACGATAAAAATTA,113
GAGGAGCCGTAAGCTA,113
GAGTTCTTAATAAAAT,113
GCATTATAAAAGTATG,113
GCATTGGGATCGACGG,113
GGAATTACAACTCTGC,113
GTACCTTAGTTGGGCA,113
GTACTATCATAGAAAC,113
GTGAAGTAACTTTATT,113
GTGGCAGAATGTCGTA,113
GTGTAACTCAGGAGAC,113
GTTAACCTGCTACATT,113
GTTCGAGATGTTTGAA,113
TAAAAGTATATCATAA,113
TATATTAATACAGTGG,113
TCCCGGTTGCAGAATG,113
TCGAGACTTCACTCTT,113
TGCGATCCACTATATG,113
TGTCCCTAGTGTACTT,113
TTACACTCGCGCCGAA,113
TTTATTAAGAAAAACC,113
AAAATCCAAGATCTCG,112
AAAGATATAGCACCTC,112
AAATATTATTTAGAAG,112
AAATGAGTATCATCAG,112
AATTATACTATTTAAA,112
ACGACAGCTAGAAGAT,112
ACGAGTCCACGGCTAT,112
ACTTATATGATAATAA,112
AGAATCTTATCATAAA,112
AGAGAGGACTTTGTAT,112
AGATTCAGCTAACTCA,112
AGGTTTAAAGTAATCT,112
ATAAATGAATCCTACC,112
ATCACAGCCCGTCTGC,112
ATCCTAAAAAAAAATG,112
ATCGTAATGGATTTAA,112
ATGTTCCGTCTCATAT,112
ATTTGCTTTACCTGAG,112
ATTTTGAACAAAGCCA,112
CAATAAGCATTTCAAA,112
CATAATAGGAGCGAGT,112
CCGGGGACCTAACCCA,112
CCTAACCTAAGCAGTC,112
CTTAGCTCCAGGGTCC,112
GACAAAAAAAGAAGCA,112
GAGCGAACTACTCCAT,112
GGAAAACAACCAACCA,112
GGCTTAAACGAATGGC,112
GGTGCGAGGCGTGAAA,112
TAAATCGCAACTGAAT,112
TAGGCCCTGACCATTA,112
TATTTTCAGGATCCAC,112
TCAGAAGTTGAAATGA,112
TCCGCTGATAAATATG,112
TCGTCTTAATATATAG,112
TCTTATAACATTTGCA,112
TGACACCACATGGCCG,112
TGATCAGTAGGGTACG,112
TTACAAAGATATTATC,112
TTCAGCGTCACAGGTT,112
TTGACGGTCATCGACA,112
TTGGCCACAGAACTCT,112
TTGGTCTGCATTCACA,112
AACGCACTATGATTGT,111
AATGCTCTTCAAGACT,111
AATTGATTCATTGGAC,111
ACCTAAAGGAAGAAAT,111
ACGTATCCCGGCTGGA,111
ACTACACTAACCGTTA,111
AGCAGAAGTAGCATTT,111
AGTAATATAAATGTAT,111
ATTCACAATTGGCCCC,111
CAAATCTGCCAACTCA,111
CAATCGGGAGTCACGA,111
CAGCCGCCTACAATAG,111
CAGGTTGCGACTGGAA,111
CCAGGCCAACGGCAAA,111
CCGTCCCGTTATAAGT,111
CCTGCTCAAAAGTAAC,111
CGTCCCGGCCCAAACT,111
CTAAGGTGTATAAACA,111
CTTACATTACTTTAAC,111
CTTTGACTTCACAACA,111
GACGATTCATCACTTA,111
GAGCTTGTAACAATCT,111
GATCTATAGAATCTAG,111
GGCGAGCTTATATAAA,111
GTAAATAATCATAAAA,111
TAACTAACCAACGACT,111
TACGCAAGCCTGAGTA,111
TATCACTAATCAGTCT,111
TCATCGCAGGCTCATA,111
TCTATCCGACCTTTAC,111
TGACTGGACCAAAGAC,111
TGAGCGTAATGTATAA,111
TGCGTAAAAACTGCGA,111
TGTCCTATTAATACAT,111
TTCAGAAACACGAGTA,111
TTCCTAGATACAAAGC,111
TTGAATAACCTACTAC,111
TTTTCTCTAAACACAC,111
AAACCACTGTAACTTT,110
AAATTCATACATCTAT,110
AACCAGCCAGTAACTA,110
AACGCGAAGGTGAAGG,110
AAGATGGAACCTAGAA,110
AATAGATATGTAAAAA,110
AATTTGAGAGCCTTGG,110
ACAAGTAATAGTAAAA,110
ACGTCACGTGTAAGGG,110
AGGCTCCACGCGGATC,110
AGTCCACATATATCCG,110
AGTTATTAATATTGAA,110
ATCCCCAAAAGTTACA,110
ATTCATAATCAAAATA,110
CAAACGTTCCGAGTTA,110
CACGATCGTTGCTATG,110
CACTACTATCTAACGA,110
CAGACTCAAAAAATTC,110
CATGACTGTTCCAGCG,110
CCTTCACAACCGTAAC,110
CGATTACACAGAAAAT,110
CGCGACCGACCACACA,110
CTAGCAGGACTACGCG,110
CTTAGGAAAATGTTAT,110
GAAAAAACATTCAGCG,110
GAAAAAAGAACTTGCA,110
GAAGTTTGTCCACACA,110
GACCCCACTAGTATAC,110
GAGCGAGGGTAGTCCC,110
GATTTTTAGGATTATG,110
GCGCGATGCTATACCC,110
GCGCTACGGCGTATCG,110
GCTGCCAAGAGAAGAT,110
GGATACATAGCGGATA,110
GGTGGCACCGTGTGCG,110
GTGTTATCAGTAGGAC,110
TAATATTCACCACTTA,110
TAGCATAAGTTCGTCA,110
TATCAGCAGATCTGGC,110
TATCTCGCTATATACG,110
TCACAGCTATTAACTT,110
TCGCGAACAATCGACG,110
TCTAGAAGCAATTTAA,110
TGCTCTATTCCCACGT,110
TTAACCTAGATATGTA,110
TTCAAATCGAATCTAG,110
AAACCCATTGTTCTAA,109
AAATTATCCTAAATAG,109
AAGTCTCGTTAACCGA,109
AATCATTAACACCTAA,109
AATGCCGCGAGTAGAC,109
ACAAGAAGATATCTAA,109
ACAGTGATGTAGAGCC,109
ACCTCCGTCGGACAGC,109
ACGCCAACCCTATCCT,109
ACTGCGATTTACAACT,109
ACTTCTACAGAAGGCG,109
AGGTGACTAACGGCGG,109
AGTCTACACCTCAACG,109
ATGAGAAGCGAAGTGA,109
ATGTTTCAAGAAACAA,109
CACACATGTCGTGATA,109
CACCGATGTCAGATAG,109
CCAAAAAGGACATTGT,109
CCAAGCTCTATTAATT,109
CCTAGTACAACGCCTC,109
CGCACATATTGTCTTA,109
CGCCAAAAATTATTCT,109
GAGGATTAGGAACCGA,109
GCTCGAAGGCCAATCA,109
GGTATTTCGAAACAGC,109
TAAATCCTTTTTTTTC,109
TAATAAGACTTTGAAA,109
TCAAAGAGGGAAAAAG,109
TCGGGACTTGAATGTG,109
TGAAAAGGGCCGCATT,109
TGTGAGTAACACTACA,109
TTAATCGTAACCAACA,109
TTCACGTATAAACTTA,109
TTGTGGTGTTTCGAGA,109
TTGTTCGCAAGCGGCA,109
TTTAAAACCAAGAAAC,109
AAAATCCATGGGAATA,108
AACTGAAAACCCATTA,108
AATACTTAAAAACGAG,108
ACAAAAACTAGTGGTA,108
ACATATCATCCAGTAA,108
ACTACTCATTTTTTAC,108
ACTCGTCGCTGACGAT,108
ACTGACACATAAATAC,108
ACTTAGAATACTATCA,108
AGCATGCTGTAAAAAA,108
AGTCACCCGGCAATAA,108
ATACAATAAATTATTC,108
ATGCACAACGAAAAAG,108
ATTAATAAAAGAGTGA,108
ATTCCCTGGTACCCGA,108
ATTGAATTACATCACG,108
CAAACATGTAATGAAT,108
CACCTAGTACACTGAG,108
CATAACATCGGGAGAT,108
CCTGCAGAATATGGCT,108
CCTGGTCTTATAAAAC,108
CTAGAAAATCATTAAA,108
CTTCCCTGTTACCGTC,108
GAATCACAAAACGATC,108
GACAGTCACTAAAAAA,108
GACCATACAATGCAGG,108
GACGTTGCCTAATTGC,108
GAGGTAAATGCCCATC,108
GATAAATAATGCTAAT,108
GATTTACGACACTATT,108
GCTCACGCTGAGGCGG,108
GGACAACAACAATACG,108
GGCAACGTCCATTATA,108
GGCGTTAGGAACCGTA,108
GGGCGAAGATTAAACT,108
GTCGTCTAATGCAAAC,108
TACAGCTAGCAAACCA,108
TACTTAGTCAGCATCA,108
TAGGCCACAAGTTAAA,108
TATGAAAACATACACC,108
TATGAAAAGTGAAATG,108
TCAATGGATTATTAAC,108
TCCACAATGTTGAATC,108
TCGCAGAGTGAATTAA,108
TGAACAACTTCAAATA,108
TGAGCAACCATCAATT,108
TGCGTAAAAAAAAGAC,108
TGGACTTATCTCATGG,108
TTATAATGATGCCAAA,108
TTTTTGTGGACGGTCA,108
AAAAGCATTATAGAAG,107
AACGAAAAATAACGAG,107
AAGCCCCTTGAAGGCG,107
AAGTTTAGATCGGAAG,107
AATTTGTAAATAAATA,107
ACGGTTGGCCAAGAAC,107
AGAGAGGTAACAGTTC,107
AGCTTACAGAAGTGGG,107
AGTAAATACTAATCTA,107
ATAGAACGAAGTCTAC,107
ATCAATGCGACCATAC,107
ATGTGATACTCGAGTC,107
CACGTTCGAGGAGAGA,107
CAGTCCCGACTCCATA,107
CCAAGCAGTTCTCGCT,107
CCAAGTCATTTATCAG,107
CCGACCAGCAGACTAA,107
CGATAATATAGTAATA,107
CGCCCAAAGTTCGTAT,107
CTCGCCCTAGGAAGCC,107
CTGATACGTACATCCC,107
CTTACGCCTTGAAATG,107
CTTATCACCTAGTCAT,107
GAATTGAAACAGTTGC,107
GACCCTACGAGAAACA,107
GAGTCCACCCTCATCT,107
GAGTCTTTAGCGGTCG,107
GCTAAACGCATACACA,107
GGGTAAGCCACCATCT,107
GTTCCTTCACCAGTCT,107
TAACCGCCCAAATTAA,107
TAAGAACTTCATTATG,107
TACATATAGCACTCAA,107
TAGTATCCAAGTTATA,107
TATAGGGGCAAGAATC,107
TATGTAAAAAAACCGT,107
TCACACGAACCCGACG,107
TCATAACCGTTGCACG,107
TGATGACACGCCCAAA,107
TGTGACAGTCAAATCG,107
TTATTAAACCACTAGC,107
TTATTGAGAATAGTCG,107
TTCGAGAGATACAACA,107
TTTAAAAAAAGTTTCC,107
AAACTAAACTGACCTT,106
AACCCCAAATCGTGCA,106
AACTACTTGACTGACG,106
AAGCCGTTATAACGGA,106
AAGCTAGACTAAATTT,106
ACACGAATGGACGCGA,106
ACAGACAAATCCTTCG,106
ACCACATATCAAGAAA,106
ACTATCAGCATAAAAA,106
ACTTAGAGACAATTGG,106
ACTTAGGTCAAGACGA,106
AGCCCCAAAAAACCCT,106
AGGACAAACCAATCTT,106
AGGCGATGAATTCAAC,106
AGGTAAAAGTGCAAGG,106
ATCCCTGCCCAACGAT,106
ATGTACTCATGCTGAC,106
CAGACATTTACCACAA,106
CAGCCTGCACGAAAAA,106
CATACTTGAACAGAAA,106
CATGACATAACCGATA,106
CCCAAAAAAACATAAC,106
CGAACACCTTGTAGAC,106
CGAGGATAATAGAAGC,106
CGATTCGAGAAGCTAA,106
CTCTCCGTTGCTTGAT,106
CTGGAGGCTTATAAAA,106
CTGGATGTCATTGGAA,106
CTTGCAAGACTCAAGA,106
GAAAACCTCTTATTGC,106
GACCCCCGGACACTAT,106
GAGAGGACGTGCTAAT,106
GAGCATATGGATTAGA,106
GAGCCAGAGTCGGCTC,106
GATAAGCGCCACCGAA,106
GATGTATACTATAACC,106
GCAATTGACGGCCAGA,106
TACCCACCGCAAATTG,106
TACTGCGCAGCTTCAG,106
TGTAGAAGCGTCATAA,106
TTCAGAAAATCCGTGC,106
TTCTCAGTGAACATTC,106
TTTAATCAATCTCAGA,106
AAAACCTCAACCAAAA,105
AAACAGGGGCTTACAG,105
AATAATGAATATAGAC,105
AGAACGAGCCACGCGT,105
AGAGCCTCCTTTAAGA,105
AGATAGGGTGATGGAC,105
AGGGTTTGCCCAAATC,105
ATAGCAATCCTGAAGT,105
ATATCAACCGATTGTC,105
ATATGGACTATTTCAA,105
ATCACACAAAAAAATT,105
ATGTAACACACAAGAT,105
ATTAACAACTATGTAG,105
ATTTATAAATATAGAC,105
CAAACAGCGAAACAGC,105
CAAATGGTCAACTACC,105
CAACGGGGCGTACTGG,105
CAAGTTTACGTTTACG,105
CACAGAAATAACCGAA,105
CACTCTACCTAGAGTC,105
CAGCCGGAGATTGCAG,105
CATCAGTTAGTCCAGA,105
CCCAAATGACCCAGAG,105
CCGACTAACCTTAGAG,105
CCGTACCCTCGGATAA,105
CGATAAATAACATTTA,105
CGTGACATCTTTAGAT,105
CTAAACCGAAAATTCG,105
CTCCTAACAAACCCTC,105
GCAGTCACATACTAAT,105
GCGGGTTCGCGATTAC,105
GCTAATCTCATATGAA,105
GGACAAAGATTGAAAC,105
GTAGCGCCATGGCAAC,105
GTCCCACTTTGAGATT,105
GTCGCATTAATGTACC,105
GTTCCAGGGAACGACT,105
GTTTTTCGTGAAATAC,105
TAAAATGAACCGATAA,105
TAACGGTTATGCCTAT,105
TACTCTCTTCCCAAAT,105
TCGACATAAAAAATAT,105
TCTTTATAGTCCTTAC,105
TTAAGGACTAATTGAT,105
TTCTGAAAATAGTGTA,105
TTTTAGCCACACTCAG,105
AAAAATATGGCCACAG,104
AAACACCTCTTTGACG,104
AAATAACAACGATTTG,104
AACTAAACGGGAACCT,104
AAGCACCGGGTTTAAA,104
ACCAGCCATTAGGCGC,104
ACTCATCGATGTGATA,104
ACTTCGATTCCAAGAC,104
AGACCTACAGACTAAC,104
AGCGCAAACACCCCGT,104
AGCTGATGTAGTTAGT,104
AGGCTTCTTTATTCAA,104
AGTCTCTTACGTCATC,104
ATAATAAAAGTCGATC,104
ATACTTGAAATAGTAA,104
ATATCTGTGGATCCGA,104
ATGGCCAAAGAAGGGA,104
ATTCCAAATAACTTAA,104
CAAAACGTAAAGCCAT,104
CAACTGGTCATTGAAA,104
CACAACTAGCTTATTA,104
CGGCACAAGGTATAAA,104
CGTAACCTGTGTCGCA,104
CTGGCAACAAGCAATG,104
CTGGCCAGTTCGCATA,104
CTTAGGACATCCCGCA,104
GAAATTGACTATAAGC,104
GACTTGCAAACCCGCC,104
GCACGGAAATAGTCTG,104
GGATTTCGTGAGGAAC,104
GGCAAGTTATGTTATA,104
GGGCGAGAGAATCAAA,104
GTAATCACGACCACGA,104
TACATATAGCTCTCTA,104
TATTAGCGAACCGGCC,104
TGATTAGGTAACATAA,104
TGGCAGAATAATACGC,104
TTCCAATACGGCTATT,104
TTGGACTAAGGACTAA,104
AACGGTGTCTAACAAA,103
AAGCTATAAATACCCA,103
AATAAGCCTCTAATAG,103
AATCCTCACATCGACG,103
AATGTTATAGGAGGGT,103
ACAAGCCATAAAAGCA,103
ACACCCATTTAAACCC,103
ACATCGTACAACTTTT,103
ACCAGGCCAGAAACAA,103
ACCTCTAAAGGGCATG,103
ACCTGTAACAAAAAAA,103
ACGATTCGTAAATCTG,103
ACGGATCCAGTGCTAA,103
ACTTCCAAAGATCGAT,103
AGAACCTGTTGTACAT,103
AGCCCCGGCAGTGTTT,103
AGGGCTAAAATTAAAG,103
ATAACAAAAAAGCCTA,103
ATAACCAATCATAAGT,103
ATAGGTTTTTACGGAC,103
ATTGCCCACAACCTCT,103
CAAGTTGAGTTTTCGT,103
CAATCGTAGCAACATT,103
CACTAACAAATCTGAC,103
CACTAGATGCATGGTG,103
CATGCTAAACTCCATC,103
CCTCAAATACTTAATA,103
CCTGCTCTCCGATATC,103
CGAGACAATGCATTAC,103
GAACGAGAACTGACAC,103
GACCGATCGGCAGCAT,103
GAGAATATAACGGTAT,103
GATAATATAATAAACC,103
GCACACCTACCACAAA,103
GCGAAAAACATCATAA,103
GCTGTGTGTCCGAAGG,103
GGCCGAGGGTATAACG,103
GGTTAAGCTGGAATTA,103
GTACAGACTACTTGAG,103
GTAGGCCCGATGAATT,103
TAACCGGCTATCCTAT,103
TAATACTAGAATGAGA,103
TACACACTTGAAGCAT,103
TACCAAGGTACCGCTA,103
TCCTGTTAGAATCCAA,103
TCGTCAGCGATCCTTT,103
TGACAAGATGGATAAC,103
TGTCATATCACGAATA,103
TTACACTTCCTCGACA,103
TTCTAAAAATAACCAC,103
TTTATATAATTTAAAG,103
AAACAAACCCATCGCA,102
AAACGGCGAATTCGCC,102
AACGAGTTGGGTAATG,102
AAGAAGAATTTCCACA,102
ACCTATCTCCATATCC,102
ACTCCATCAAGTCTGA,102
AGTTATGCCAAGAACC,102
ATATTGACATTACATT,102
ATATTTATAGAATGTA,102
ATTAATGGCGTGGCCA,102
CAATCCACATATACTT,102
CACTAACTACAATATA,102
CAGGGCGGTCTTCTTT,102
CATAATACAAGTAACC,102
CCACACTGTATATATG,102
CCCAATCCTAAAAATA,102
CCGAACTTAGCGATAC,102
CCGCTGCACCCGGCAC,102
CCGTCTCACGCCGAAC,102
CTAAAATACACTTTCA,102
GATTAATCTATTCGAA,102
GCAGTACTCAGTGCCT,102
GCCGCACGCAATTAGA,102
GCGGGCAAATGGTTGA,102
GCTGAAAGGTAGCACT,102
GGAATAGCAGTGAAGC,102
GGATCTCTAAAATCCC,102
GGCAACTAGCTAATCT,102
GTAATAGTAAGTAATT,102
GTACTCCTATAAGACC,102
GTTAACACATCGCTAC,102
TACACGAATGACAGGC,102
TCCACCTGATAGTGAA,102
TCGCCATATTGAGCAA,102
TGCTAAACAGAGTTCA,102
TGGAAGTATTGATAAG,102
TGGATTGATGTGTTCC,102
TGGGTCACTTGATTCT,102
TTCCAACACATACTTG,102
AAACCCCTTTATTGCT,101
AAAGTAAGAATTCATC,101
AACATCAAAACTTCAC,101
AAGATAACGTAGAAAG,101
AAGCCCCGTTTTGTAA,101
AATACGTCAACGAATA,101
AATCGCATCATGACTA,101
AATTTAAATAACTACA,101
ACAAAGGATAATTATT,101
ACAGTGCACACGATGC,101
ACCAATCAGACGGAGC,101
ACCATAAGGTAATCAT,101
ACGACGTTGTTACTAT,101
ACTCGATGAGATATCG,101
ACTTTGAAGGTGAGCA,101
AGACTTAAAGGATACG,101
AGCATTGAAAGCGAAA,101
AGTCGTCTTTACGCAG,101
ATATGAGGTAGTGGCA,101
ATCCTCTAGGACCAGG,101
ATGACTCCCTCCTACA,101
ATTAACAATAGGCAAC,101
CAACCTACCCCAATCC,101
CAACTCCCTAGACGTT,101
CAAGTACCAACGTACG,101
CATGAGCGCGCTAGTC,101
CCTCATATGGGCGTTC,101
CCTGGACGGAATTTTC,101
CCTTTCTAGCTCAACG,101
CGACGAAACACCATCA,101
CGAGCCAGCTATCAAA,101
CGATTACCTACGTGAG,101
GAAACCTGAGGCCCCG,101
GAAAGGTTACACGCAC,101
GAACAAAGTTCCATTA,101
GAGTGTTCTCCGAAAA,101
GCACAAACAGCATATG,101
GCACGTGACAAGATTG,101
GCACTACCGCTTTCCG,101
GGAGAGCCCAATATAT,101
GGCAGATGCACGCAAT,101
GTTAAATAAGTTTACC,101
TAAAACAGTTGAACAA,101
TACAAGAGTCTCACGC,101
TAGAATAGTAACTGAA,101
TAGCTTCGTGACTGAA,101
TAGCTTCTATTTACCT,101
TCACGACATTGAAAAG,101
TCCGCAGATACCTACC,101
TCCTAATCTAGTTCCG,101
TCGCGTCGAAAACTAA,101
TGCGAACTAGGATGCT,101
TGCTATAATCAGAAAA,101
TGTTAACAACCATGAA,101
TTACGCGATATTTCAA,101
TTGTATCCCCAAAAAA,101
TTTCAAGCTGACTGCA,101
AAAAAACAGACCAATA,100
ACAAAGGACAAACTTG,100
ACAATTCAATTCCGAG,100
ACATGTCTATGAACTC,100
ACCTAATCTGCACGTA,100
ACTACTCTCGACTCTG,100
ACTCACCGGCTGCAAT,100
AGATCTTCCTAAGGAA,100
AGCGACATTGACCATA,100
AGTAGTCTTTTCACCG,100
AGTCAGACAAGAACCA,100
AGTCGAAAGACAACGC,100
AGTCGCACAATCATAA,100
AGTGTATAAGTGTTCC,100
ATAAAGATGATTAAGG,100
ATACCCATAACCTGAC,100
ATGCAACATAGATCCG,100
ATGGCGAGCATCCGAG,100
CAAAGTCATGCTTCAG,100
CAACCGTACGACACTG,100
CAACTAAAGGGATACG,100
CACATATCGAACATAT,100
CAGTGTCCTGCGGGTA,100
CATAGCGAAAACGACC,100
CCACTTAATACAAGTT,100
CCGCGCAAATTGCTCA,100
CGACTATAAGGATTCT,100
CGCTGAATCGCGATCC,100
CTACAGTCACGAGCAA,100
CTCCGGTTAAATCGAC,100
CTTTCAATACCAACTG,100
GAAACACAAAGTCAGT,100
GACCTGGGAGGCTAAT,100
GCTCCTTTACACATAG,100
GCTTCCTTGTCATACA,100
GGATTAAAAAATCATG,100
GGCAGATTATCCAGAC,100
GTCGACATTCTCGAAC,100
GTGCCAAACCTAGACC,100
GTGGCATTAATATTGA,100
GTGTATTGGTAGGCAC,100
TAAAAATAAGAATCCG,100
TAAGCTAATCTACATG,100
TAAGCTCTTCAGACAC,100
TACTACGCAAAAGAAC,100
TAGGACTGGAGTCCAA,100
TATAGCTTAAAACTAC,100
TCTGTCTGCATACCAC,100
TGAAAGCGGACTACAT,100
TTATGCAACTTCACTT,100
TTCATACTGGACCAAA,100
TTGCGACGATACTGCA,100
AAAAACTACCAAACAC,99
AAACTAGATACCTCCT,99
AAATCAACCTAACAAA,99
AAATCGGACACATTGA,99
AAATTCCCAATGGTAA,99
AACGCCAGACAATTTG,99
AAGACCGGAGAAGAGG,99
AAGTCAACGTGAATCC,99
AATCTAGATAATAGGA,99
AATTACACGACACATA,99
ACAACGATACCACTTG,99
ACACTAAGACATGCAC,99
ACACTCCCATGTATCA,99
ACATAATGGTTAAACC,99
ACATTAGAGCTCATAC,99
ACGGAAGCCCAGGTTC,99
ACTACGTAAAACTCGT,99
ATAAAGAGTCCATATT,99
ATAAGAATAGATTTAG,99
ATATGATGATAAAATT,99
ATCTGAACAAGGAAAG,99
ATGCGGTAGTCCCTAA,99
ATGTAACACACATCGA,99
ATTCATAAACCTAAGA,99
ATTTTTCACGACAAGA,99
CAAATTGCAAAAGCTA,99
CAACCAGTACCACTGT,99
CAAGATTTTGGACTCG,99
CAATTAAACAAAAAAT,99
CAGCAATAGACGTGCC,99
CCAAGACCCGTTATAC,99
CCATTACAACGGATAC,99
CCCCGAAAAATAACTA,99
CCTCAATTTAGAACAA,99
CCTCATCTCAGACTCC,99
CGAGTCTGCACCGATT,99
CGGCCCTAAAGGACTT,99
CTAAATGGGAGATCTT,99
CTAGCCACTACAACAG,99
CTATTGAGTTCCATCG,99
CTCGAACACTGGCACC,99
CTTTCGGGTCAAAGAA,99
GAAATCGAACGTGACA,99
GAATCACCGCACTATG,99
GAATGTCTGATCTAAA,99
GATCTAAAGACAAATG,99
GCATACACACACATCC,99
GCCTATCGACATTTGT,99
GCTCATGCCTAGCCGA,99
GCTCTATTTCTCACGA,99
GGCAGGGCATACGATA,99
GTACTCACCCATGTGA,99
TAAAAACAGCCTAAGT,99
TAAACTTCTGAGGTAT,99
TAATAACATATTTGGT,99
TCAATAGACTTTACTC,99
TCACTAAATCTTAATC,99
TCAGCAACTAATTGTA,99
TCTAATCCAAGTCTGA,99
TCTGATGCAGTAATTT,99
TGAGCGACAAATTAGT,99
TGGTACACATTCCCTG,99
TGTAATCATTGATCAA,99
TGTCCATTTACGCCCC,99
TTGCAAAAAAGAGACA,99
TTGGCTAAGCAAGCCT,99
TTTACGGAACCCAAGA,99
AAAACTGCCCTTAACC,98
AAACCGATCCTTCGTT,98
AAACGAAATGGAGATA,98
AAAGACTGTCGAACAT,98
AAATAATGCAGAGCGA,98
AACAAACTTGCGGACT,98
AACCTGGCGGCCTCAC,98
AACTATAGAACCATTC,98
AAGATCCCAAAGCCTA,98
AAGCATTGGGCATCTC,98
AATAAAAGACAATAAA,98
ACAGGGTGCTCCGAAA,98
AGTAAAATCACGAGTG,98
AGTAATCTCTCGTAAA,98
ATAAACTAATCTCAAA,98
ATCCCGATGAACAAAT,98
ATCTAGGAGCAGAGAA,98
ATGAAATGCAGCAAAC,98
ATGCACTGGCTAATTG,98
ATTACATACGATAGTG,98
ATTGGAAACTAGTAGG,98
ATTGGATCGTCTAAAA,98
CAGTCTGACCGCTGAT,98
CCATACGGTGCGCCCA,98
CGAAAACTGCACCAAG,98
CGTGATCGCGTTAAAA,98
GAAATCAACAAGGACA,98
GACAGCTCCGTATTTA,98
GCAACTGGCACTCCAA,98
GCACGAAACCATAATC,98
GCAGGTCCACGGGAAA,98
GCCTAATCGAACAACT,98
GCCTGAATCACTCCAT,98
GCGCCCACTAAAACTT,98
GGCTGTGTGAAAAGGA,98
GGTACAGGAATGACAG,98
TAAATTGTATTGAACG,98
TACTTAGTAATATCCC,98
TAGTACTTCGGACACG,98
TAGTTGGCGGCACTCA,98
TATCTGACGGTAAATA,98
TATTGAGGAATGCCGG,98
TCCTGCTAGAGACAAA,98
TCGAAAATGTAAAAAC,98
TCTACCACGGGGACGC,98
TCTAGTAACTGCCTAT,98
TCTCCGTTAAGAATAT,98
TGAAACAGTCCGGTGG,98
TGAACATTAGAGCTCT,98
TGACCGTTATCACCCT,98
TGAGTAAACACGCGAG,98
TTAGCATTAAATCAAA,98
TTATGCCTGCATTACC,98
TTCTATGAATGTATAA,98
TTTCGAAGTTCACCCT,98
AAAATAGCTAGCTGCT,97
AAACGAAATAGTTCAA,97
AAAGAATTTGTGCTAA,97
AAATAACGAAACTTGT,97
AACCCCGATGACCCCA,97
AACTACCCTTGCAGGG,97
AACTCACTACCAATAC,97
AACTGCAGCAGCATTC,97
AATACCTAGCGCGCAT,97
AATATGATTTATAATA,97
AATCTATTAAATTGCT,97
ACCATCAAACGTAGCT,97
ACCTACCTGCGTAGAC,97
ACTAATAACAAGTCCC,97
ACTAGATTGCAAACAA,97
ACTAGGATGATCCCAG,97
AGAATCACATCTGAGG,97
AGAGTTAATAATGAAT,97
AGATCCTTTTGTAACT,97
AGGATATCGCCTGGTG,97
ATAAACGAACGTCGAC,97
ATAACCCACAGCGATT,97
ATCCAAGTCCGGTAAC,97
ATCCCAGTGACGAAGC,97
CAAAAGACTGTCACTC,97
CAACCAATCATTACAC,97
CACAGACAATCTTCAC,97
CACAGATTACAAATAA,97
CACCTATGAATCAGAG,97
CACCTTGAGAACACTA,97
CACGGCAAACGAAGCT,97
CCCGACTGGAGAAAAA,97
CCGTCAAACCATCACT,97
CCGTCGTACCGAATTG,97
CCTATGAAAATTACAG,97
CGAACTTACATCCTCT,97
CGAAGTAAATCATCTG,97
CGCATATGCCCGGTTG,97
CGGCCTACGCCACTTA,97
CGTAAATGTCCCAAAA,97
CGTTGAACATAAGCTA,97
CTAAAAAGATTTTGTA,97
CTAAGCGGTATTACCA,97
CTCAACCTTAAGCAAT,97
CTCTACGGTAGTTAGC,97
CTGAGCATGAAAGGCG,97
GAAACCACAAAAAGTA,97
GAACGAACTGCAAGTC,97
GAAGAAATCTGACCAA,97
GAAGTTTACCTATCCC,97
GAATCGTTTCTTTAGC,97
GACTAAGGCCAAAGGC,97
GAGAGATATACCACCA,97
GATCCGATAATATAAA,97
GATGGTACCCTCGGAA,97
GCACGGATATTACTTA,97
GCCCCGTTACACACCC,97
GCGCCGTTGCTTGTAA,97
GCTAAACAAACCCTTG,97
GCTAATGTACATAAGA,97
GGAAGGCTAGGTGTTT,97
GGCAAAGTGCTAAATG,97
GTCTAGAAGTGCACAG,97
GTTGAGACTAACCTAA,97
GTTTTCCACGTACAAG,97
TAAGCGACAAGAAACC,97
TACAGGACAAAGTTGA,97
TAGACCAAAGTGCGGC,97
TCAAGCACGATATAAG,97
TCAATTATATAGACGT,97
TCACCTCTGAGGCGAG,97
TCAGAGAAGTTCAAAG,97
TCATAAAAATATTGGT,97
TCCATTTCAACCACAT,97
TCGTCAAAGAAGTTTA,97
TCTATGAAGATAATTA,97
TGCACATTCATCACAT,97
TTTTTCCCCTTTTAAA,97
AAAAGCATACCAGACG,96
AAACCATCCTGATGAA,96
AAATTAGAAGCTGTTT,96
AACCTGCACAGTCTAT,96
AACTACTACTGACCCT,96
AAGGTGTCAGACACCA,96
AAGTTTCATTGTAAAA,96
AATAAACAAACCCGAT,96
AATACCCGCATTCTGC,96
AATGTGAGGAGGAACT,96
AATTCAGAAGTTTACA,96
ACAAACGTGATGCAAA,96
ACACTATGCCTTGCCA,96
ACTCGATTGTATTCAA,96
ACTCTAATTAACGCTC,96
AGACACAGGAAATAAA,96
AGATAAAACGACTGAT,96
ATAAGTTACCAGAGGC,96
ATACACAAGACTGCGT,96
ATAGCGGCCCCTTATC,96
ATCATGACCAAGTGGG,96
ATCGTAAAGCGACTTG,96
ATGAATCTGTGGTCCA,96
ATGTAGTATCGTACCT,96
ATTCTAAGATGACGTG,96
ATTCTCCAAGTGATTC,96
CAACATATACCGTGAG,96
CACACGACGAAACAGA,96
CATAAATAATACACTC,96
CATGAAATTCCGCAAC,96
CATGGCAGCACTACAC,96
CCAATTTAAAAGATAT,96
CCGAAAATCTAGTGTT,96
CCGCTAACCCAAAGAA,96
CCGTGGCACAGGCCAC,96
CGAAAAAATAAAATTA,96
CGAGAGAATATTTTGC,96
CGCACAACGGGACGCA,96
CGGACTTAGCCTCCTA,96
CGGCCTCAATCCCTTT,96
CGGGTGACCAATTGTA,96
CGGTGCGCTGCAACAG,96
CTAGCAACCAAAACTC,96
CTCTAAAGACCAATAT,96
CTGGGACAGATACAAG,96
GAACCAGGGGACACCG,96
GAAGTGCGACACTGTG,96
GACGGAGAGCCATACT,96
GAGTATGGACCATTCG,96
GATCCGAAGAGCACTG,96
GATCTGGCCCCTGCCA,96
GCACCTCGACTATAAA,96
GCATGAACTGAGAAAC,96
GCGATATTCATCCGCG,96
GCTAACAAAATTCGCG,96
GCTAATACTATTGGCG,96
GCTGCCCAAATTTGTT,96
GGCCCTGTTTGGCCAC,96
GGCGGAAAACATGTGA,96
GTTCCAAATTACACCT,96
GTTTAATACTAATTAA,96
TAAAGCTTAGACATTT,96
TAACAAACCCCTTGAC,96
TAATCGAAAAAGGCGC,96
TACAGTATTTAACAAG,96
TACCCCTTATGCATCG,96
TACGTAAGCAGTTTCG,96
TAGCCTAGAAAAATCG,96
TCAAAGACAATTGATA,96
TCAGAACGTACGACTT,96
TCTCCTTGCTGCTAAG,96
TCTGGTAACACATAGA,96
TGAATAGATCCATTAT,96
TGCCATCACTAAGAAT,96
TTACACAGTTATTAAT,96
TTCGTTATTCAAGGGT,96
AAACGGGCCGCAGTCC,95
AAAGATGATCAATGTA,95
AAATGCCTCTAAAAGT,95
AACACAGAGTAAATAC,95
AAGAAAAAGTATACCT,95
AATACGAAATGGCATT,95
ACAAGTAACCGACGGG,95
ACCCATGTCGGTTAGA,95
ACCTCTCAGCTGAGTA,95
ACGGGATTAAAATCTC,95
AGAGTCCCAGTATATG,95
AGCAGTACCATCCCCT,95
AGTGCGCCTCCAACTC,95
AGTTCGACCCGCCATG,95
ATACAACAATCAATCT,95
ATCTCTCTTACAGCAC,95
ATGACTTTTAATTCTA,95
ATGCACAGGGGGTATC,95
ATGCGCTATACGGCTG,95
CACAAGAAAAACCACG,95
CACAAGGGCCGACCGA,95
CAGGAGACTGCGACGA,95
CATACAATAAATACAA,95
CGCCGAACATAGCTCT,95
CGTCTTAAAAAGTCTT,95
CGTGACAAGCTTCTAG,95
CGTTCTAGAAAACCGT,95
CTATGGGGACTAAACA,95
CTGATGAACATAATCT,95
CTGCGAAAATTCCAAG,95
CTTGCATTTTGTTACA,95
GAAGAAATCCGATTTA,95
GCAAAGAAATAAGTTT,95
GCACATATACTGTTCC,95
GCCCAATCCTGCCCTG,95
GCCGACATAAACTATT,95
GCGGCAAATTACTAGT,95
GCTGAACGCCTATCAC,95
GCTGATTCTACATTAA,95
GTACTAAGCAAATAAT,95
GTGCAGTAACTGCAAA,95
GTTATGTCTTAGAGTG,95
TAAAACGTAATGCCAA,95
TAAACGTATCAATTTG,95
TACAATAAGCCAAAAG,95
TACACTGGTCTCCACC,95
TACAGTGGCCTCTCGT,95
TACATAGATAGGAACG,95
TAGAAATGAACAGAAA,95
TAGGCCTATCTATGCG,95
TAGTCATAATTAAAGA,95
TATAAGTGTAATCGTG,95
TCAATCGTTAAAATCT,95
TCCACTTCTCACAGCT,95
TCTAGCGATCAATATC,95
TCTCTAGAGCACCGCT,95
TCTTCGAATAACTTTG,95
TGAGACATGAATCTAA,95
TGGCTACCGGATGACA,95
TGTCAATCTGTATCAT,95
TGTGCATTACATAGTG,95
TGTTCCAGACTCTACT,95
TTCAATGACTAATGAT,95
TTGAAACCACATAATT,95
TTGGAAAATATACTGT,95
TTTTATTGTTTATACC,95
AAAAACTAGAATGAGT,94
AAAACCGAGATCAATA,94
AAATAATTCAACGGGA,94
AACAACACCCGACATC,94
AACCTTACTGCTAGAT,94
AACTATATGCGTGAAA,94
AAGATAAATCTGCGAA,94
AAGCTGAAAGTGATAA,94
AATACTACATTGATCT,94
AATCAAAACAACATAT,94
AATCTGATGTCGCTAT,94
AATGAACAACCGACCG,94
AATTACAGCGAACGAA,94
ACCAATGCTAATTCAG,94
ACCGTAGCATGAAAAG,94
ACCTAGTACTGCCCAT,94
AGTTGATAACTCAACG,94
ATAATAAGTCCCACCA,94
ATAGAACGCATTTGAC,94
ATGTCCAAACCTTAAA,94
ATGTGACAAATACTGG,94
ATTGAGCAAACAAATC,94
CAAAACTTTGACTGTC,94
CAAACCAACGAAGGGC,94
CAACAACGAACATTGA,94
CAACCTCTTTAGCAAG,94
CAATACGCCCTTAGTC,94
CACATGATCTCAAAAT,94
CACCAGAATTCAGCCC,94
CAGATAAGAGCAGGCA,94
CAGTCTACCCATATCG,94
CATATAAAACAATGTA,94
CATCAAATCATTAATT,94
CCAACCCTAATGCTTG,94
CCCAATCTGCTAATCG,94
CCCATCCAAGTATGGA,94
CCCTGTTGTATATCGG,94
CCGAAGGGGACAGCCA,94
CCGGCAACGTTATTGC,94
CGAAATGACGGGTCAC,94
CGAATACTCCAAAGGG,94
CGACGCCATGCTTAGA,94
CGCAATCTATCGGTTA,94
CGTCAGCAAAACAAAG,94
CGTCTCCACAGACCAC,94
CTAAGGTAATATACGA,94
CTAGACGCAATGTCAG,94
GAAGAGTTTGGACAAA,94
GACGGACCCAAGGACA,94
GCAAAATGTGTATCCG,94
GCAACTTTTACAGCAT,94
GCAGACGAACATACTC,94
GCATCCTCTATCTAAA,94
GCCCATTAAACTTGAT,94
GCGACAAATTTCGCAC,94
GCGCGAAATACCATGC,94
GCTACCCGCTATACCA,94
GGAACAGATTTCAAAT,94
GTACACATAACACCTA,94
GTGCAACTAGAAACAA,94
TAAAGTCATTACCTGT,94
TAAATGTGACGATTGC,94
TAAGAGAAAGTGCCAA,94
TAAGGGCAGGTGGTGT,94
TAATCTCCAAACCAAT,94
TACCAGAAGTAAAAGA,94
TAGAAGAACATACACT,94
TAGCACTCACTACATA,94
TATATGCATTGATAAA,94
TATCGCGTTCCCCCAA,94
TATGAAACAAACGAGT,94
TATTCACAATATAGAT,94
TCACTATATGAACGGA,94
TCCATACAAACGAATC,94
TCGTCAATGCATCCTG,94
TCTGAAAAGAGGGATC,94
TGAAACCAGAAATGCA,94
TGAATAACCATCGATT,94
TGGCGAAGACAATGTC,94
TTAAACACCAATCACC,94
TTGTTGCGAGTACGCA,94
TTTCTCCACCGTACTA,94
AACCAACTTTGATTAA,93
AACTAGTTCGAGCTGC,93
AACTGCGGATCCCAAA,93
AACTTATAGCACGGTC,93
AATAACTTATGTTAAA,93
AATCGTATAAAACATC,93
AATGACTTGCCGGTCA,93
AATTAAGCCCCATCAC,93
AATTAATGAAAATTAA,93
ACAGCTCCAACAGTAA,93
ACATAACATGGTTCGT,93
ACATCTCCTCCTTAAT,93
ACATTTTGTCTGGGCG,93
ACCCGTCCCTCATCCC,93
ACTTCGGTAGCGACAC,93
AGACGATGAGGTTATA,93
AGGAGAGATGACGAAT,93
AGGCATCAAAGAAGCG,93
AGGCATTATCTGTTCC,93
AGGGGAACTATCGTAA,93
AGTGAATAGAACGATC,93
ATAGAGCCAATATCCA,93
ATATTTGCATTTAGGA,93
ATCAAATATTCCCATT,93
ATCCCAACCGGTACGC,93
ATCCTCTAAGCTATTA,93
ATGACTAAGGACATCC,93
ATGATCACCAGTACCG,93
ATTAACCACCTGCAAC,93
ATTCGATGCACACCCA,93
CAAAACAGATCAAATA,93
CAAAACTCATGAAAGC,93
CAACGAAAACGTGGGA,93
CAACGAATCCAACTTA,93
CAGACAAGTCGAACAA,93
CAGTAATCCTAAATAC,93
CATATTTACACACTTT,93
CCATTTTACAAAAACA,93
CCTAAAGCCTAAAAGC,93
CGCACACGAACCCGTT,93
CGCCATAGAACTTATC,93
CGCCTAACAATGGGCA,93
CGCCTAGTCTAGATGA,93
CGGACAAACCGAATCA,93
CGTAATATGCGATCAG,93
CTAAGACAACCGGTAC,93
CTCAATAATTAGATTA,93
CTCCAATAACATTCAG,93
CTGTTTTAAGCATCCA,93
CTTAACGGTAGCGACG,93
GAAACAATCCACAAAA,93
GAACTTAAAAAATTGG,93
GACTATTGGCACGAAC,93
GAGAGGAATCCATAGA,93
GAGCATGTGAAGATTT,93
GAGCGCTCGCATATAT,93
GAGGATTAACCTTTTA,93
GATAACCATACATATA,93
GATAACCCTATCTACC,93
GATTGGAATCGACTAT,93
GCAAGTTACCTGAGCA,93
GCGTGTTACAAAACTA,93
GGAGAATGGCCAGCTG,93
GGCTAATTGTTTACAA,93
GGGATCAACCTAGACC,93
GGTACAGCCCACAAGC,93
GTACCCAACAAAATAC,93
GTCAAGCATAGTGAAC,93
GTCTGTTAAAAGGGCA,93
TAAACTGAACGTAATG,93
TAACTTTGTAGAAGTG,93
TAAGATCTACTGACTT,93
TAAGCAGTTAGGGACC,93
TAATAAAGGAAAAAAG,93
TAGATCCAATATAAAA,93
TAGGTAAACAAATATA,93
TAGTTGATCTCTGTAG,93
TATCAATATGCCATCG,93
TATCCACCTCAGTATT,93
TATGAATTTTAATCTA,93
TATGTATTGGGGGTGG,93
TATGTTGAATGCTATG,93
TATTGGACCAGACGGT,93
TATTTAACGTGCACAC,93
TCAACACCGCCTACAG,93
TCAATGTCAGAAAAAA,93
TCCACGGGAACCACAA,93
TCCTCCTTGTACGAAT,93
TCTCCCTCGAATAAGA,93
TCTGCGGAAAGATCGA,93
TGAAAGCCCGACCACA,93
TGATGCGTCACGAGCA,93
TGCATGAGTGAGGACG,93
TTACAAAACCTCAAAA,93
AAAATGAGCCGGTACT,92
AAACCAATTAATCCAA,92
AAATCATGGTTTACTG,92
AACAATGCTTGATAAT,92
AACATTCGAGTACCAT,92
AACCACGCCCCAACCT,92
AACCTTATCAACTCCC,92
AACTAAGAATGTAATA,92
AACTCTGTCTTTCTCA,92
AAGATACTAATCTACC,92
AAGCTTACATTAGGAT,92
AAGTGCACGATGCTCA,92
AATACACAATTGTTGT,92
AATCCCATACCAGGAG,92
AATCGCAAACATGCAT,92
AATTAAAAAAAATTAT,92
AATTTGGTTACAAAAT,92
ACCCGCCAAGCAGAAT,92
ACGTTAAGTCCACTGC,92
ACTCCTGAGACATAAT,92
ACTTATGCATAATACA,92
AGTTTAAGTCGTCAAA,92
ATAAGTTAAACAAAAA,92
ATACCACAGGCCGGCA,92
ATATACCAAGTCTGCT,92
ATATCGAAATATGGTA,92
ATCAATTACCGAGCAC,92
ATTAGAGGGATTACAT,92
ATTCAAACACTGAAGT,92
ATTCCAAACAAGATGA,92
ATTCGGCGGATGCTCC,92
ATTGGGGTAAATGTCT,92
ATTTCTATACACAGCA,92
CAAAACCGCCCCGATG,92
CAAAGAGACGACAACA,92
CAAGAATAAACTCAAT,92
CAAGGGTAAACGCGAG,92
CACAGCCGCTACTAAC,92
CACCAACTAACCACAT,92
CACCTCCAAGTTAGAT,92
CACGTAATACCTGAAT,92
CAGATAAACGCTACTC,92
CATAGTACTATTGCCC,92
CATAGTGATAAACAGT,92
CCACGATCGGTATACC,92
CCCCGAAAAATATTCT,92
CGACTAAACCCTACCA,92
CGGTTTACGAGCGCTA,92
CGTAAATGGTTCTCAC,92
CGTTTAGAGTAACAAC,92
CTAAACTAAGTACAAA,92
CTATAAGAGAGAACTA,92
CTATCTCCATGTATGA,92
CTGAAGGTTATACCGA,92
CTGAATGTATTCATTT,92
GAACCAAAGCTGGGAC,92
GAACTTCGTTGCCAGA,92
GAAGTGAGCTCATCCA,92
GAATCACTTCTAACCT,92
GAATTTATGCAAGTAA,92
GACAAGACAACGATTC,92
GACCAAAGATCCTGTG,92
GAGGAGTACTCACGTT,92
GATCACAAACGAATAC,92
GATTCCGTTACGCCCT,92
GATTTAATAAATCATT,92
GCATAGAAACTAAAAC,92
GCTCCTCCCACATTGT,92
GGACCGAGGCCGAACT,92
GGTGGCCCGATCAGAG,92
GTCAGATCGTACCGAC,92
GTTATCCATTCTAAAA,92
GTTATCTAGGACCCCA,92
TAAACACTACTACGGC,92
TAACGCTACAGATTAA,92
TACGCTGAAACTTCCC,92
TACGTCGCTGACCTAC,92
TAGGGCTTCGCTTCTG,92
TAGTAGAGCAGATGTT,92
TATGACAACAGATCTG,92
TCATAGTAGTTACATA,92
TCCGGTCAAGTTACAA,92
TCCTAAATTCAGTACA,92
TCCTTATCACCTAAGT,92
TCTTGAAGACCCCCAC,92
TGACATAGTATATCGA,92
TGACTAAAGTTGCCAG,92
TGCAAAGAGAGAGAGC,92
TGCATTTAAACGAACC,92
TGCTTGATAAAATTAA,92
TGTATGCCTTTGTTCA,92
TTACAACAGTCCAAGG,92
TTGGAAATAATCTAGT,92
TTTATGCACATCAGAC,92
AAAACTAGCCCGTATC,91
AAAATTGAAAGAAAGC,91
AAACACCTTATTTATA,91
AAACATCTATATGTGT,91
AAAGTAGAATATACCT,91
AAATGTTCCGATCTCC,91
AAATTAACTGAGAGAA,91
AACAAATACACTATAC,91
AACACGGTAACCTCAA,91
AACAGTGAACAAGGCG,91
AACATTAACCAGCCCC,91
AACCCCATAGAAGCAG,91
AACCCTTCAACATCAG,91
AACGGATTCAACAAGT,91
AACTCCAACATTGCTA,91
ACACAGCATAAGCGTA,91
ACCCAGACTTGCGATA,91
ACCGCGAAGGCTGCCC,91
ACGACCGACATAAAAG,91
ACGGTGCAGGACGGCA,91
ACTTCATCGAATGTTT,91
ACTTGGGGATTAACAA,91
ACTTTATATCCGTATA,91
AGAACATCTCTGGGTA,91
AGACCTGACGGAAAAA,91
AGAGAGAATGGAGCAC,91
AGATTAGTGGGACAGT,91
AGCACAAAATATTCCA,91
AGCAGCCACAACGGTA,91
AGGATAGCCACTATAA,91
AGTATTAACATAACCC,91
AGTGGGCCGAAGACAA,91
ATACTTCTATTTAAAA,91
ATAGACAATGCGCCGC,91
ATAGCCTTATGTATGT,91
ATCCAAGGTGTCAATT,91
ATCCGGTCTACTTGCC,91
ATGCTCCCAGATCTCT,91
ATGTAATAGAACACCT,91
ATTATTTCTTCTCGAG,91
ATTGATGGATACGTAA,91
ATTGGCTCATGTTAAT,91
ATTGGTATATGCTACC,91
CACCCCACGAAGCATT,91
CACTCTTCGAGAACAA,91
CCATGCATCTGTCCTT,91
CCCGAACCAAAATAAA,91
CCCGCTAACCCAACTA,91
CCTGAGATGAGCGCAA,91
CGCAGCAAGAAAAAAT,91
CGCCAATCGGTTCAGG,91
CGCCCTCGCCACTAAC,91
CGCGAACTCCTTTAAA,91
CGGCTATTAAATTTTG,91
CGTGTCAATATACGTG,91
GAAACCATCCATAATA,91
GAAATAAATACTAAAT,91
GACATAAAAAATACAG,91
GATGCTGAAAATTATA,91
GCACACCGAGGCAAAA,91
GCCAACGATACATGCT,91
GCGCACTATGTAACTA,91
GCTGAAGTAACTAGGG,91
GCTTAAGGAGAATTTG,91
GCTTTGAAAGGGTGCC,91
GGACGGATGACATAAG,91
GGCTTACGAAAATGGT,91
GGGGACCCGCATGTAA,91
GTAATCTTTGAACAAC,91
GTATCGCAAAATATAA,91
GTCTACCAGTCGAATG,91
GTGGAATGAATTTCGT,91
GTTATAAGGGTGGCGT,91
TAAACTATAAACCCGA,91
TAAGCCTAGAGAAGGG,91
TACACAGATATGGTAG,91
TACAGCGATTTTATGT,91
TACAGCTGATATTCAA,91
TACCCAGATAAAACGC,91
TACCGAATCTTGAAGA,91
TACCTGACCTTCTCGG,91
TAGGACCGAGGGCTGA,91
TAGTAAGTTAGAAAAT,91
TAGTCGCTTTCAGAAT,91
TATTCAACCTATACCC,91
TCAAGGTGGAATCCTA,91
TCAAGTACATTTGAAC,91
TCAATGGCCTTGTACA,91
TCAGAAAAAGCAGTTA,91
TCCATTTGAATCCTAC,91
TGACCTTCCCTCTATA,91
TGAGAAGATCAAAGAC,91
TGCGATCAGAATATCC,91
TGGCAAGAACGATATG,91
TGTCAGACCGGTTGAT,91
TTACACAATCAATTAT,91
TTCCGCGAGCCTATCG,91
TTCGTATAGTAATGTT,91
TTCTCAAACTAACCAA,91
TTGACCATACACACAA,91
TTTAGACATGAAGGCG,91
TTTCAACAAGCTATGA,91
TTTTACTTGAAACTGT,91
AAAAAATGACTTCAAG,90
AAAAACATCCCCTAAC,90
AAAAACCCGAGCTTCC,90
AAAACGCGCAAAAAAG,90
AAAATTTAAAAAACAC,90
AAACTTGAATTGCCGA,90
AAATTACCTTACTGTT,90
AACAACCGTCTCTGTA,90
AACACACAAAGAGTAC,90
AACACGGTGCCTATGA,90
AACCATCACTATACAA,90
AACCGGTATTAAGACC,90
AACCTGTCCCCCTTAT,90
AACGACAATCAGAAGT,90
AACGCGTAACCGAAGT,90
AACTCGCTTTATATAC,90
AAGCAATTCCTGATCC,90
AAGCATTAATCGAAGA,90
AAGTAACGGAATAACG,90
AATATGCCGGTCAACG,90
AATCACATTAATGAAG,90
AATCCTCTTGCACTCT,90
AATTGCGAAAATATAA,90
AATTTTCGATAGCGGA,90
ACACCATATTCGAACT,90
ACCATCCTTTATCATG,90
ACCCATATGGCGTAGA,90
ACCTAGTCTCTTGAAA,90
ACGGCCACTTAAGAAC,90
AGACAGGACGTTGTAA,90
AGACCAGTTAAGACGT,90
AGACCTGACAGAACGA,90
AGACGCAAGATGAACA,90
AGCAGATGTGGAAATT,90
AGCCATAGGACTAGTA,90
AGGTCTGAAGTAATAG,90
AGTACTCGTGCAAGTC,90
AGTAGCAAAAGACACG,90
AGTTTTTGCAATAATT,90
ATAAAGCGACACCGAC,90
ATAAGTTCCAACTTGC,90
ATACGAGAAAAACCCC,90
ATACGAGCAGGGCCCA,90
ATAGGACGTTACATTA,90
ATGCAATTCCGCTCTA,90
ATGCGAGATAACGCGA,90
ATTAATTAAACTGGGA,90
ATTCGCAAACATCAAC,90
CAAACTCAAGTCATAC,90
CAAATTTGAAACACCA,90
CAACTGTCCCTCTTAT,90
CACAAGAAGATACCGC,90
CACCATGACTGATGGC,90
CACGTCAGCACCTACA,90
CAGAACCTGCACATTA,90
CAGAGGAAGCGGGAGA,90
CATATGACTCTCTAGA,90
CATGCCTTTGCAGGCT,90
CCAAGCCATAAAAGAA,90
CCATACGCCTCCGTAA,90
CCATTATGTCATAGAC,90
CCGAGGGTCTCTACCC,90
CCGTTCACGGCTACAA,90
CCGTTCGAAAAACAGT,90
CCTCAAATGAACAAAT,90
CGATGGATATAGAACC,90
CGGATGTGTGGAGATC,90
CGGTAACCATACGACT,90
CGTATGACAGAAATCA,90
CTAAGCGTTGACCATT,90
CTATGAAATACCCTAA,90
CTCCTCACTAATCAAG,90
CTGCCCAAGGCAAATG,90
CTGTTCCAATACATAA,90
CTTCGTGGAAGCTACA,90
CTTTGACATACCAGAT,90
GAAATCAGCGACAAAA,90
GACAAGGATGTTACGG,90
GACGCTTCAAAGCTAC,90
GAGGATGAATAGTCAA,90
GATTGCGAAACCTTCA,90
GCAAAGAATACACACC,90
GGATGAGGTCAATTCA,90
GGCATGAACGGAAGAG,90
GGGAATACAACTGACC,90
GTAAAAAACTGTGACT,90
GTACAGTAATTGATCA,90
GTCGATGGGTGTTAAG,90
GTTAATCACCAAAACA,90
GTTGATGTACTACGGG,90
GTTGTGAATTACAACA,90
GTTTGGTCAAAAATAC,90
TAAAAACGTATTCTAG,90
TAAAATAGAGGCAGAT,90
TAAATAAAATTAATAG,90
TAACGAAACTCCTAAG,90
TAACGCAAGATACCGC,90
TAAGAGGAAGCCATAT,90
TAAGTCTTGCCAATGA,90
TACATTGATGGTCTAA,90
TACTAGGGGGTTGCCT,90
TACTGCTAGTCCAATC,90
TAGATATCCGATGGAT,90
TATCTTAAACTCCCAC,90
TCAAGGCTTAAACATT,90
TCACGCAGCCAAGCCT,90
TCAGCCTACTAACTAA,90
TCAGCGTGACAACCAA,90
TCCGGAAAAATCCTTA,90
TCTATATGCCTACCGG,90
TGAATGAAATGGTCAG,90
TGATAATACATCATAA,90
TGATAGACTAACACAA,90
TGCAAAATCGCCGAGA,90
TGCACAAATGGTTTAC,90
TGCGAGATTGACTTTC,90
TGCTTCATTACTGAGG,90
TGGTAATTTCAGTATT,90
TGTATGCGCGACTAAA,90
TGTCAAATACAAGGAC,90
TTACAACGGATTACTA,90
TTAGTTCCCAAGACTA,90
TTATTCCTGCGACTGA,90
TTCAAGATTAAACCAA,90
TTCCACACAAAATATC,90
TTCCGTGCGCAAATAC,90
TTGCCGGAGCTTTCAT,90
TTTACACCGTGCTCAG,90
TTTCTCGATGAAAACC,90
AAAAAACAAACGACTG,89
AAAAAGTAATAAACCA,89
AAAACCTACAATTCAA,89
AAAAGCTCTACCGAAG,89
AAAAGGGGAAACGAAG,89
AAAGACCAATGATACA,89
AAAGACCTACTATCAG,89
AAAGTCCACAAAGAAG,89
AAATCACTACTCACCA,89
AACTGGTAGCGCATAT,89
AAGCTTCACACACCGA,89
AAGGTAATTTTTGCGA,89
AATACACCTAACTCTG,89
AATATCTCATATTAGA,89
AATCAATTCGTCGATT,89
AATCACCATACGACCA,89
AATCCACCCGCCATTA,89
ACAACAAAGCCACCTG,89
ACAACGATCTCCGCAG,89
ACAGAAACCTTAGCAA,89
ACATATTGTTTTTTAC,89
ACCAGTAGTAAGCTCA,89
ACCATAAATTACATAG,89
ACGCTACCAGTGAGAC,89
ACGTGCCAAACTGAAC,89
ACTAATTCACGATTCC,89
AGAACAGTGTATATGC,89
AGCATGACATAGACAT,89
AGCTTCTATAGGTCTT,89
AGTACCTGTCTAATTG,89
ATACTAGTTACCAAAC,89
ATCAATCACCGAGTCC,89
ATCGCCCACAAAAACG,89
ATCTCTCCAAACACAA,89
ATGCGATAAAAAATAC,89
ATGCGTACAAACACAT,89
ATTACGACTATAGAGA,89
ATTATCACGGGCTTAG,89
ATTTAGTAGCTTGAAA,89
CAACCAACTTAAGACC,89
CAGAGCCTGTTCGGAA,89
CATAACTATTTGTCCG,89
CATCTGGAGGCTTGCA,89
CATTCAAAAGTCTAAA,89
CCACCCCCTACTGCTT,89
CCATATTCCCAAATAC,89
CCCAAACCGACATCTA,89
CCGACGCATTTCAAGG,89
CCTGACGACAGGACCC,89
CGACTCTAAGATCAAT,89
CGAGTTAATACTCAAA,89
CGTAAACCTTTGCCAG,89
CTACAGTACCACTAAA,89
CTCACTAATGACGGCC,89
CTCATCAAAACTCGAC,89
CTCCCGCGTACCGACA,89
CTCGACAACCCGAAAA,89
CTGAGGAAACGGGATC,89
CTGCGTTTCGACGATG,89
CTTATAGACGGCGCAA,89
CTTATGCAAAATGCCA,89
CTTTCTCCCTTCTCAG,89
GAAAACTGAGGTGGAT,89
GAAAGGTGTCACTCAA,89
GAGCTGCGATTACTGG,89
GCAAATGCTTAACCCT,89
GCAAGCTCCCATATAT,89
GCACTCAGAGCCTAGT,89
GCCAAGAGCCTAGACA,89
GCTACCCTAGCACTCA,89
GCTGCATACGTCATGG,89
GCTTAGCACAGTCATT,89
GGATAATACAAACATA,89
GGCAGACGAACATTAG,89
GGCGAACCGGCTATTC,89
GTAAAACTTATACCAT,89
GTAAAGATTAGCGAAA,89
GTAATGATCGTACCTG,89
GTACGATTGAGCCATC,89
GTACTTGTAGCTGACT,89
GTAGACTACCAGTTAA,89
GTCATTCTGACCAATG,89
GTTAGAGCTGTTCAGA,89
TAAAAATTGTATTTCA,89
TAAAATAGTTCCGAAC,89
TAAGAGTCAATCGCAA,89
TAAGTACATGTCAACA,89
TAAGTTCTTAGGTTTG,89
TACGAAGTTTTTGGCT,89
TATCAAAGGGGACGCA,89
TCAAACCGCACCTAGA,89
TCACCAGATAGCAACA,89
TCCGTATATGTCCCCC,89
TCTTATGCGATTAAGT,89
TCTTTCCAGATCCACA,89
TGAAACCGTGCCCGGT,89
TGAGCGATTAAACTTA,89
TGATACGTGATCAGTG,89
TGGCTAACACCACCCG,89
TTAATTAACTACACAT,89
TTATGCCACCAACATT,89
TTGTGATCCAAAACTA,89
TTTCTTTGTTTTGTCG,89
TTTGGGTGTTGTGTTC,89
AAAAATTCGTCTATAA,88
AAAGTTGGAAGACTCG,88
AACAATTGCGATGTCG,88
AACCAACCTCTATTAC,88
AACCATCAACGATTAC,88
AACGCTGTTGGTATCA,88
AAGCAATTACACCGTT,88
AATAACGACATGTGGG,88
AATATAAATGTGTATC,88
ACAAAGTCAAATACTG,88
ACAACGACCAAACCGT,88
ACCACCGCTGATTGCT,88
ACCGAATCGACATCTA,88
ACCGTAAAAGGTTTAC,88
ACCTACCGGTTTCTAT,88
ACGAGCTCGATTCACA,88
AGAGAGTAAACTCAAA,88
AGGAGCCCGCAAAAGA,88
AGTCTGCAAAGCATTA,88
ATAATTCGGCGGTTGA,88
ATAGAATCTGACTGCG,88
ATAGGTTGCGGAACGT,88
ATATTTAGTGGGTCCA,88
ATCCCATAATCATATC,88
ATGCACAGAGGCATTT,88
ATGTTTGTGCCGAACT,88
ATTTACAATCTTTATA,88
CAAAACAAAGTTAGAT,88
CAAATGTAGCACGCGC,88
CAAGTATTAGTCCAAA,88
CAATATAGTGGGATAG,88
CAATCCTAAAAAGCAT,88
CACAAACAGCACCAAG,88
CACAGAAGACAATCTC,88
CACATGAATCACCACA,88
CACCGGCTCACTTGCC,88
CACTGAATGACCGACG,88
CACTTGTTCAAGACTA,88
CAGACCAATAATCGAT,88
CCAACATGTTAATTCC,88
CCCAGATTACGTTACT,88
CCTTAACTCCAAGAGA,88
CCTTGAAATCAGGTTC,88
CGAATTGCTATGCACC,88
CGACCTGTAACTATGA,88
CGAGTCACTAGACTGG,88
CGCACCTTTAAGTACT,88
CGCTAACATCAAAATT,88
CGTAATCCGAATCCCG,88
CGTAGCCAAACTACGT,88
CGTCCCCCAATTGGAG,88
CTAACCAAACAAAGGC,88
CTAACCGCTATTTGAA,88
CTAACTCTACTGATAG,88
CTATAAAGACAAATCC,88
CTCCATCAGCGCATCA,88
CTGACGGATCCAATTT,88
CTTGCCGTTTCAGCAC,88
CTTTGCCCGGTAGCCA,88
GAAGACATGCGGCGGA,88
GAATAATGCCAAAAGA,88
GACACGAATCCCACTT,88
GACCCAGATCACCTCA,88
GACCGCTCTGGATCTA,88
GACGATTATATACTCA,88
GAGCAAGTTCCAATAC,88
GAGTCAGAGAAAATGA,88
GATCGAGTGAGCCAAA,88
GATGTACCCTGTATAA,88
GATTGTCTCAGCATAT,88
GCAAAATTCAATAACA,88
GCAATCTAGAGCGATG,88
GCACTTAACTGGCTAC,88
GGACGGACCTCATGCT,88
GGTATAAATAATAGTG,88
GTAACTATAGATGCTT,88
GTACACCGCCTTGATC,88
GTAGATAATACGTACT,88
GTCCATCTTATGCAAT,88
GTGACAGATGACGCGG,88
GTGTAATGATGAATAA,88
GTTTCATACTAATGTG,88
TAAACCACTTGGTTTG,88
TAAGAATGGCTATCGG,88
TAATATAGCAAGTCTT,88
TAATTTTATTAGTACG,88
TACACTACCAGATCAC,88
TACGATCACGGATGCT,88
TACGTCGAGAAACATA,88
TAGCCTGTACATTGCG,88
TAGGACTTCAATATTT,88
TAGGCTAGAGGACTCA,88
TAGTTAGCCATTAAAC,88
TATTACTCGTCTCGCA,88
TCATCCACATCATGAT,88
TCCAAGAATCATGGGA,88
TCCACGACAGAATACA,88
TCCGTTCAACAGGCCA,88
TCGGAATATAAAAGAA,88
TCGTTATACTCCATCA,88
TCTAAAGCTTAACAAA,88
TGATCACTGATTCATT,88
TGCAACCTAGGGATTG,88
TGCAAGACGCACACAT,88
TGCTAGCAATAGAAAG,88
TGTAGTTATGTCCCAG,88
TTAGACTGCCATGCAG,88
TTCGAAACCAAGGACC,88
TTCTCTGGCGCAAGAA,88
TTGATCACTTAGAGGA,88
TTGTCCAAAACATGCG,88
TTTAGATGCCATCCTA,88
TTTCGTAACGCTGAAT,88
AAAACGTAAGACATTA,87
AAAGTTCCAAGCTTAT,87
AAATGCGTACGGTCCT,87
AACAAAATCATCAACC,87
AACAGATGCGACAAAC,87
AACATAAGACGTGATG,87
AACCTTACATATGTCG,87
AAGTCATATCATTGAT,87
AATCCATTACATAGTG,87
AATCGGAGAGACGAGA,87
AATCTTCACATCATAA,87
AATTAGGATTAGCCCG,87
ACAACTCACGTGGAAC,87
ACACATACAACTAGAG,87
ACACGTATGAACAGAT,87
ACACTAAGTTAAACTT,87
ACAGCACGAATACTTG,87
ACCACCCAGGGAGGCT,87
ACCAGAGCTCACGAAG,87
ACCCCGGTGATTAGAC,87
ACCCGACTTCAGGTAA,87
ACGTCCTATTGCCACA,87
ACTGAACATACAATAT,87
AGAATCGATAATACAC,87
AGACCTTACAATGGAG,87
AGACTGTGCAGGAATA,87
AGATAAACGTTTCCAT,87
AGCAATAGATTCCCTT,87
AGCCTGGCACTAATCT,87
AGCGAAAAATAATAGA,87
AGCGCAGATGCTTTAA,87
AGCGCATCAGACCACA,87
AGCGTCAATAGTTAAA,87
AGCTGGAATCTCACGT,87
AGGGTAACCCAAACTC,87
AGTAACGGAAAACATT,87
AGTAACTTCGAAATGG,87
AGTATATGTTGTCTAC,87
ATAAAAATACCCGCAC,87
ATAAACCGAGATGTAA,87
ATAACAACCATGCGGC,87
ATACGAACATGCATGA,87
ATAGACACAAACAGAA,87
ATATACTTCTAGACAT,87
ATCAGCTGGAACACGT,87
ATCTGTATGTCTACAA,87
ATGCCTGATAAGCTTG,87
ATGGCCGCAACCACTC,87
ATGTGCCGACTAAGAA,87
ATGTTAGCGCAAAAAA,87
ATTAATATTTCTAGTT,87
CAAAGACTACTTTCTA,87
CAAAGCGATGGCTTCA,87
CAACCAATAGTGAGGC,87
CAAGTGAGAAGTACTC,87
CAATTCGACATTAGAC,87
CACACAAATATACTTA,87
CACATCAAGAAACCCG,87
CACCCGAAAGAAACAT,87
CACCGGACGAAATCGC,87
CACTGCTCGCTCCCGA,87
CAGAACAATGTACATA,87
CATCTAAAGAGCTAAA,87
CATGAAGAACGAAAAG,87
CATGTTGCCGCACTGA,87
CATTAGAAGTCTAGAT,87
CATTGATAACCCAATT,87
CCACCACGTGCATATA,87
CCACGCCGAAGACCAG,87
CCAGCAAGCACATCGT,87
CCAGTAATAACCATGG,87
CCATCATCGAAACTCT,87
CCCCAATAAAGTGTCA,87
CCGCTAACGGCTAAGT,87
CCGTTATAAATAAAAC,87
CGAGACCAGTACCACC,87
CGCGTAATCTTCAATT,87
CGTCCGTCCCTGACTT,87
CGTCTATCTAAACCCA,87
CGTCTGTAAGGTATAA,87
CTAACCGTGAAAAATA,87
CTACCCATGAGCATTT,87
CTATTCCGAATTGGTA,87
CTGACCAGTTGGCCCA,87
CTGATAAAAATACCGA,87
CTGATACTCGTAGAAA,87
CTGCTGTATAGCTGAT,87
CTGGTAGTTCATAACA,87
CTGTCAACACTATGCT,87
CTTATGCGTGCTTTTT,87
GAAAAGCAGTTTTCAT,87
GAAAGATGTGTAATCT,87
GAACGATCTTCAAAAA,87
GAATAACACCTTCTGT,87
GAATTAGAGACTTCTA,87
GACAATGAAATATCCA,87
GACTCATATTAGAATC,87
GAGATAGCAAAAGGCC,87
GATAACTGACAAGTGT,87
GATACACAAGATTATA,87
GCAAGTTTGAAATTGA,87
GCAGAGAAGATCAGAA,87
GCAGCAATATCGTATA,87
GCGAAATAACAACAGG,87
GCTATGACAGTGATAC,87
GCTTTTCGCGCTCCAC,87
GGACAAAGTTACTAGA,87
GGAGACCTATATCCAA,87
GGATATTCACAGACCT,87
GGCAACCTGACTTCAT,87
GGCCCTACCAACCAAC,87
GGGGGTGAACCTAAAC,87
GGGTTATCTAGTCTTG,87
GTAATTGCAAAGACCC,87
GTAGCCCCGGATTTTA,87
TAAAACAGATCCGCTG,87
TAAAGATCACTAAAAT,87
TAAAGCATGTGCTGGC,87
TAACAAGAAAAGTTAG,87
TAACACCCCTCATGAA,87
TAAGAACATTAGCAAA,87
TAAGAACGGACCGACG,87
TAAGCCTTCCGAACAC,87
TAAGCTATCAGTAGCC,87
TAAGTACGTTACTTAT,87
TAATATCATAAGAAGC,87
TAATTATAATCAATTG,87
TAATTGCAAACATCCT,87
TACACATCAGTACCCC,87
TACAGATTTGACTTAA,87
TAGTCATATCCTAGGA,87
TCACAGACAGGATAAA,87
TCACATCTCATATAAA,87
TCCATCCGGTATCGCC,87
TCCCTTCGTCCTTTAA,87
TCCTAATGGCCTTTCC,87
TCCTACTCGCTAATAT,87
TCGCAAAGAACTCTGG,87
TCGTCATTAAAACTAA,87
TGAACCCTAGTTCAAA,87
TGACCAGCTTACTTAG,87
TGAGACATACCCGTTA,87
TGAGCGAAGCAAAGTA,87
TGATAATACCCTAATA,87
TGATTTAAATGTCATT,87
TGCGTTATTAAGCCTA,87
TGGTTAATCCAGACTA,87
TGTACATGAATTACAT,87
TTAACCTACACTGTAA,87
TTAGGTACCGAGACGA,87
TTATTTACACAGTCTG,87
TTCACGTAGGTAATGT,87
TTCAGCTGAATTTGAC,87
TTGGACAAGCAAAGAC,87
TTTACCGTATCTAATA,87
TTTATAAATAATAACC,87
TTTATGGTCCCCACAA,87
AAAAACACGCTGAATT,86
AAAATAGCGGAATGAA,86
AAAATTTTTAGTCCCA,86
AAACTGTTTTGAAATA,86
AAAGACGTTATCCGTA,86
AAAGCAAACCATAGGC,86
AAAGCAATCTTTACTG,86
AAATATGCTGCTCAGG,86
AACCATAACTAACGGA,86
AACCATGCTCGGATTG,86
AACCGCTGGAAGAAAT,86
AAGCAACACGTTACGC,86
AAGGACACGACGATAT,86
AAGGACGACATTTAGG,86
AAGGTTCGAGTTACCA,86
AAGTAGGACGTTACAA,86
AATAAGAGCTTACAAC,86
AATAATGCAAATACAA,86
AATCAAAAGTGGCAAA,86
AATCAAAATCTAGAAG,86
AATCATAACCGCCACG,86
AATGAAGTATACGCCA,86
ACAAATCCAGAAAGGC,86
ACACTAAACGAGTCCG,86
ACATGCAGAGCTAATC,86
ACATTGTAAGTAAGAC,86
ACATTTAGGAAGTGAC,86
ACCAAACCCAAATCAC,86
ACCATCTCCCGGCCTT,86
ACCTCACAACCTCGGA,86
ACCTTATCTCCCAAAA,86
ACGTGGTCAACGGTCA,86
ACGTTAGATACCCCCC,86
ACTACTCCATACGAAA,86
ACTCACGAATTTTATT,86
ACTTCATGTAAGGAGA,86
AGATTAGGAGCATTGT,86
AGCAGCAATCTAATAC,86
AGCTGTACCGTTGAAC,86
AGGAGCAATGTGGATT,86
AGTCCGTCAACGTGGA,86
AGTGAAGACCACTGCT,86
ATAAGGAAGATATTCC,86
ATAATAATCCACATAT,86
ATACCTCTAGCAATTA,86
ATAGGGTAACTTGAAC,86
ATATGACTGGTCAGGA,86
ATCAACTTATAAATGT,86
ATCCCACGTCTCTAGC,86
ATGATTCTGGGCCAAG,86
ATGCGATTTTCATCCT,86
ATTATTTCAACACCTT,86
ATTGCATCCGTAACGA,86
CAAACCATTAAGTGGA,86
CAAGAGTGTATAGCGG,86
CAAGGCCTACGCCGGA,86
CAAGTTGAGGTGTAAC,86
CACAATTTAGGACTAT,86
CACAGAAAAAATGTGA,86
CACCTAGGGCCGTCAT,86
CACGTAGACATGATAC,86
CACTTTGTCCACAACG,86
CAGAACCCAATTACTG,86
CAGCAATCCGCATTAT,86
CCACACATGTAGAAAA,86
CCACCAATATAGGCTA,86
CCGAACAGAACATGCT,86
CCGCAGTTCTAATCCT,86
CCTCATACCATGAAAC,86
CGAAAAACATCATAGG,86
CGAGACCCACACATAT,86
CGCAATACGCAATACT,86
CGCTTACGTACCGGGA,86
CGTTTTTTTCGGTAAG,86
CTAAAAACGGTCTCAT,86
CTAACTGGAAAAAGAT,86
CTAGCTAGTCGGAGAC,86
CTGGCCTCTGCGGTCA,86
CTGTAGGACCCTCATT,86
CTTAGTATATCCCAAA,86
GAAATCCAGTCAATGC,86
GAACCATCTGGAAAGT,86
GAAGCTAAGTACATAT,86
GAAGTAAACTGGAAGG,86
GAATATACTTGGATAA,86
GACTTAACTGGTTATA,86
GAGACAATTTATCATA,86
GATACCCAACATGTTA,86
GATTCAGGCCGAGATA,86
GCAATCTCATATATAG,86
GCACCATAAGGATAAT,86
GCACCTTTCACGATTA,86
GCACGAAAAATTCTAT,86
GCAGGATGATTATATA,86
GCTCAACTACCGTGCT,86
GCTCCATTTACTCGCA,86
GCTGATTCCAAAAAAG,86
GGAAACTGAGCTTGGA,86
GGACTAACATCAATTA,86
GGCTTGCCCAAATAAT,86
GGGAATATCCCCACAA,86
GGGCTAACGAAGCTCA,86
GTACACGTAATCTAGT,86
GTAGCAAAAGGGGGTT,86
GTATAACCTTTCAGTG,86
GTCCCATTCAAAATAC,86
GTCTATACACTTTAAT,86
GTGACAAGCCTTAACA,86
GTGATATTAGTTATAA,86
GTTGGATATCATACTG,86
GTTTTAATCTACTGAT,86
TAAAAGCGAATCAAAC,86
TAAACAGAACGTCACT,86
TAACATTGCTATCGAT,86
TAACGAGGACGTAACA,86
TAACTATAACCACAGC,86
TAACTCTCATAATGAT,86
TAAGACGTTGGCACGC,86
TACAAAAAAATAATCA,86
TACAGTTATCCAGGGA,86
TACATAGCGTTACATT,86
TACATTTACAGAGAAG,86
TACCCAATCCGAATCG,86
TAGGTAACATACATGC,86
TAGTTATCTAGACGCC,86
TATAAGTACAAAGTAC,86
TATACCCTATAAATAT,86
TATACGTGGCAGTAAC,86
TATATTGGAAATGACC,86
TCACCAAGATAGAATA,86
TCAGCAACCTGCAGAG,86
TCAGCTTCAGACTGCT,86
TCAGTTACGCTAGGGG,86
TCCGTCGGCTGTTAAA,86
TCCTACTCCTGATAGG,86
TCCTCAGTCCCAAAAG,86
TCGAGTGGGGATATAA,86
TCGAGTTTACACTGAC,86
TCGGACACCAAAGTAC,86
TCTGATCAAAAAAGCC,86
TGACCGAGAGGTGTTC,86
TGCCGTAAACTATGAC,86
TGTTTAATTGCTTTAG,86
TGTTTGACTACTTAGA,86
TTACGTCATACCAAAA,86
TTATCATTTAGTGATA,86
TTATGTGACTATGAAT,86
TTCATAATCCCCTTTG,86
TTCATTTATCACAGAC,86
TTCGGGAGTAACCGCA,86
TTGAGAACCTATTACC,86
TTGCTAAAATGACTAA,86
TTGGCATTATATCCAA,86
TTTATCAAGGAAAACA,86
AAAAAACGCGCCTCAA,85
AAAAAGCGCATGCCCA,85
AAAATACAACTAAGGC,85
AAACATGAGCACTTTA,85
AAAGTACGAGTGTCTT,85
AAATAAAGCCTAAAGC,85
AACAACCAAGATTATG,85
AACAATACGATCTGTA,85
AACAGACTTTTAGAAT,85
AACCACCTCAGAATAT,85
AACCGACCGGCGTACT,85
AACCTCCAAACAAAAA,85
AACTCAGACGATAACT,85
AACTGATTCTGGGCCC,85
AACTTACGAACTATTA,85
AACTTAGAAATACGGA,85
AAGCACTCAGAATGAG,85
AAGCATGCAGCACGTC,85
AAGCCATTTAAAACAG,85
AAGTTAACAACTAGAC,85
AATGGTTCCGACACTG,85
AATTAACTTTGCATGA,85
AATTCCAGCGCAAAAT,85
ACAAACTAGCTTCGCG,85
ACAACAACATGAATTG,85
ACAACCGCTGGTCTTA,85
ACAATATACGAGCAAA,85
ACACAAATACTGATAC,85
ACCAGAACACGTATTA,85
ACGATAACGAATGACG,85
AGAACTTGCGTTAAGG,85
AGACAGTAGCAATACA,85
AGACTGGAGAAGAAAA,85
AGAGCTTTGAAACCTC,85
AGATATGAAGACAAAG,85
AGATATGTTACATAAC,85
AGATTAGAGCGCAGAT,85
AGGACTCGTGCTAAGT,85
AGTAAGGTACAATGGG,85
AGTCATTCCAGCCTTA,85
AGTCCCAACTCCTAAT,85
AGTCTCTATACTGTGA,85
AGTGAACAAACTTGGA,85
ATACCTACCGACCTTA,85
ATCATTCTGCGCTGAG,85
ATCCTGGACACATAAG,85
ATCCTTGAAAGTCCGT,85
ATCTCTAATATGACAG,85
ATGAGAATGGACATGA,85
ATGATGATACAAATAA,85
ATGTATGAAATTCACC,85
ATTACACTGTCAAAAG,85
ATTACCGGAAAAATTT,85
CAACAGCAAACAAATT,85
CAAGTGCCTACCTCAA,85
CACAATGGTCTAGACC,85
CACAGTCAATGACTAA,85
CACATGCATACCGAAG,85
CACCAGGAAAATAAAA,85
CACTCCTGCACCACAT,85
CACTTGCTGACAATAT,85
CAGACTAGACGTTGTA,85
CATGAACGGCCTAAAC,85
CATTATAATGACAAAA,85
CATTTACTAACTGATA,85
CATTTCTCTGAGATCA,85
CCAAAGATATATCTGA,85
CCATCCGAATTTCCAA,85
CCCAGGATCACACCCA,85
CCCTAGACGTGCCACA,85
CCGCAACCATACGATG,85
CCGCTCTAATCCGCAG,85
CGACAATAATTGAAGA,85
CGACACAGTCATTCTA,85
CGACAGTTCAATACTG,85
CGCAAGTTCGGAAGTT,85
CGCCCCCCCGGGGGAT,85
CGCGAGTATTAATATG,85
CGGCGATATCGCTTAA,85
CGGGAAATGCCCATCT,85
CGTGAGATATTCAAGG,85
CTAAGCGATAAGCAGG,85
CTACTGTCCACGATGC,85
CTGCCCAGGTGTGATT,85
CTGGCACATACGCGCC,85
CTTAAATTAGTATTTG,85
CTTACAATGAAACAGC,85
GAAAATCAACTTCGAA,85
GAAAATGTATTACGCA,85
GAAATATCGACTTATA,85
GAAGACTTTATCAAAA,85
GAATACGCAAATGCGC,85
GACAACACGTCAATTA,85
GACCCCAAAATTAGTA,85
GACGATTTTTATGAAA,85
GACTGACATGCTGAAA,85
GACTTGTCAAAATTTG,85
GAGAGCAAAGTAATTT,85
GATCGCCCCAAAAAAC,85
GATGAGGAAAAGTGTC,85
GATTTAACTAACTGTA,85
GCCTCATGAAAGCACG,85
GCGCAGCTAGCGGTAG,85
GCTAGCTTACTAAAAT,85
GCTAGTCAACACTAGG,85
GGAACTTTGTCAAGTC,85
GGCGAACTGGGCGCTA,85
GGTACTAAAGCATGTG,85
GGTTAATCTACCTTTT,85
GTCAAAACGGAGCAGC,85
GTCTTAACTCAAACCA,85
GTTCCAGACGCTGAGA,85
TAAGATAAATCCGATT,85
TAGCTAAGAACCCTTA,85
TATCATATCCCGAGTT,85
TATCCAACTAGTTGAT,85
TATGCAACTTGGACCC,85
TATGCTAAGTCCCAAA,85
TATTAAAACAACACTT,85
TCAAAAACTACACCGA,85
TCAATAAACTGTCCGT,85
TCACATACATGTTAGG,85
TCCAACGTTGCATCGC,85
TCCACACATAATCAGA,85
TCGCACTACAAATACC,85
TCGTAAATAATCAAAG,85
TCTGGCAATTCCACCA,85
TGAATCCGAGTGCAGT,85
TGAGTGCATATTATTG,85
TGATATTCGGTCGTAC,85
TGCATGCACATGCACA,85
TGCGAAAGCGAACACT,85
TGCGACCTCGTACATT,85
TGGAATCTCGACATCG,85
TGTATATAAACTAAAC,85
TTACATGCCTGTTGAT,85
TTAGATCGAGTTCAAG,85
TTATCTGTCCAGAAAA,85
TTCACAGTCCAACCAT,85
TTCGACATGTCAAACA,85
TTCGGAAACATCTACT,85
TTTCGCACATGCTACA,85
AAAAACAAATCATTAG,84
AAAAGAAATAATTCTT,84
AAACAAATGAATGACG,84
AAACCAACACCATAAA,84
AAAGAGCCTTATAACG,84
AAAGGGTGCATTAGTT,84
AAATTATGGCTGTATG,84
AACACAAACAGTGTTC,84
AACGGTATAAAGACTA,84
AAGAGCTGTATGACCC,84
AAGTAATCTAAGCACA,84
AAGTTACATAACCACA,84
AATAACATATCAATGC,84
AATACCTGACGTTCAA,84
AATAGAAGCAATCCAT,84
AATCACAAAAATAGTC,84
ACACGGTACCCATTTT,84
ACACTCATGATTAAGT,84
ACACTTATTGTGTTAC,84
ACATCCGGCTACGTGA,84
ACCACCACTCTCCGAT,84
ACCCGATTACGCACTA,84
ACGCCTGAAAATCGTG,84
ACGGATTCCGTCTAGA,84
ACTCAGTAACAACGGG,84
AGAAAAAGTGCAAAGT,84
AGAAACGGCTTATACG,84
AGACCACAAACAAGAG,84
AGATGCGAACACTCGA,84
AGCCACCAACTCGACT,84
AGCCCACAAACCTTAC,84
AGCTTGATAACCCAAC,84
ATATCCACCGTACGCT,84
ATATTTCAACTCGATC,84
ATCCAGAGAGTACTGC,84
ATCTAGACTACCTCAC,84
ATGACACCAATCTATG,84
ATGATGGGATATGGGC,84
ATGCAGCGTACTGAAA,84
ATGTCAAAACTAATGA,84
ATTAATGTTCGACATA,84
ATTTCATCCTGTCATT,84
CAAAATCAGGAAGGCA,84
CAAGATTAGACGAAGC,84
CAATGCAAAGGGTGAA,84
CAATTACCATTGCCCA,84
CACATAGACGTCTTTA,84
CACCCTTAGGCACTAC,84
CACCGTTGCAGACAGT,84
CACTACTTAAATAGGC,84
CACTATAAGCGCAATA,84
CACTGTTAACAAGAAT,84
CAGTCTTAACCTTAAA,84
CAGTGAATACACTAGT,84
CATCATAATAACAATG,84
CATCATTAAGACCACG,84
CCAAAATTAAAACAAG,84
CCAAAATTCATAGCTG,84
CCAAAATTTGAACACG,84
CCAAACACGTGCTCAG,84
CCAACTCGCGGATATT,84
CCACCTACGATTTTAT,84
CCCATCTCCCTAGAAA,84
CCCTTGGATTGGGACT,84
CCTGGAGCTTTGGTTC,84
CCTTAATAACATCGTA,84
CGCAATTAACCAAGAT,84
CGGATAATTTAAAGCA,84
CTAACGCTTCACCGTG,84
CTAAGGAATTAGAAAG,84
CTACTTTAAAACTGGA,84
CTAGATACACCCAACT,84
CTAGCGAGCCTCGCCT,84
CTATGAAGAACGAGAA,84
CTCCAGATTTCGCAAA,84
CTCCGATCTACAATTC,84
CTCCTGAAGTAAAAAG,84
CTCGTTCCAATGAATA,84
CTGAAATGGTCATTAA,84
CTGAGGAACGCTCCGA,84
CTTCAATTTATGTAAC,84
GAAATCGCAGTCCGAG,84
GAACAACAGCGAATCT,84
GAAGGGTGCTTAAAAC,84
GACAAAGTACTGAAAC,84
GACACCGGTCCGGCAA,84
GACATTAAAGGTACGC,84
GACGCGAAATTGGACT,84
GACTATAAGTTCAAAC,84
GAGATACGTAAACCAC,84
GAGGAATCAGCTCTCT,84
GAGTACAATACGAATG,84
GATATACACCCATCGT,84
GATCTAAAAGACTCGA,84
GCATGTAACATCATAT,84
GCCAAAGTAAGCAAAA,84
GCCACGGACTAAGCAC,84
GCCAGCAAGGGATAAA,84
GCCCTCACTCATGAAT,84
GCTGATATAGGATTAA,84
GCTTTGTCTTTGATGC,84
GGACAACTTTTAACGG,84
GGCACCAAGATAAACT,84
GGCGAGACCAGTCCAA,84
GGTAAACTCGCAACGT,84
GGTAAGGTTTCAGGCT,84
GGTCAACCATATATTA,84
GTACGAGACTGACACT,84
GTACGTAAAGATTATC,84
GTATACGTTTCGGCAG,84
GTATCCGGACTCGCTC,84
GTATTCTCAGTTAACC,84
GTCAATTTAAACAAAT,84
GTCCAGGAAAATGTTG,84
GTCCTTAGCTCCTTTC,84
GTCGGAAACATCTGCA,84
GTCTAACAGTGAATTA,84
GTCTCAAACCAGATAA,84
GTGAGGAAACAAACGC,84
GTGATCTCCTCTGAAT,84
GTGCCGTGATAACATG,84
GTTGAATATCTCTATG,84
TAAAAATGCCCACTCC,84
TAAAGAGAATAAGATC,84
TAAATTGTGGAGTACA,84
TAACGAATTTGCCGCT,84
TAATCATAGGCTAGAG,84
TAATCCTTCAGATCGG,84
TAATGTCCTTGACCCA,84
TACACTAAGCCAGACA,84
TACAGCTCCGCTCACC,84
TAGAGAGCACAAGAAA,84
TAGCCAGCGGTTTCGA,84
TATTATATCCAAGACT,84
TATTATCTAGAGTACA,84
TATTGACCCGCGTCGG,84
TCAAAATTCTCAAAAA,84
TCAATAACACGCGCCC,84
TCACAAAAATCAAAGC,84
TCCGCACGCCACATAG,84
TCCTTAACACCCAACC,84
TCGATTCTTTACATTA,84
TCGGAGAGAACGATAG,84
TCGGGCAAAGGCCGTA,84
TCTAGCAAGAAGCAAT,84
TCTCACATAAGCAAGT,84
TCTTTTTCACCAGCAG,84
TGACCGGCAGGCCAAC,84
TGAGAATCATCTGTAT,84
TGCACCCCACATAATG,84
TGCATCAGACTTCTTC,84
TGCGTTAAGACGATAT,84
TGTACATATACGAACT,84
TTAAACATCGACGTCA,84
TTAAGGCAGGAAACGT,84
TTACGAATACTACATA,84
TTCAAGCACAATATGT,84
TTTCGCACCAGTGTAC,84
TTTGAACCAATGAAGG,84
TTTTCTATATAACCGA,84
TTTTTCGTCGTGATGT,84
AAACAGGCGCGGCCAT,83
AAACCCAGAAACTACA,83
AAACCCGTTATTAAGC,83
AAACTTTGTACTTACC,83
AAAGAACTAAGAAAAA,83
AAAGAAGGAATAGACC,83
AAAGCTACATTGGTGG,83
AAAGGAATGCCCCACC,83
AAATTTACAAGCTCGT,83
AACAAGAACAGTCAAA,83
AACACATACAACACCA,83
AACCCAGATTTGGTAA,83
AAGAAAAAATACTTGC,83
AAGAAATATTAGTACT,83
AAGACCGATCGCTCCA,83
AAGCCTACAATATGAA,83
AATAACTAATTCACGT,83
AATAAGCCTGAATAAC,83
AATACGTCAAACCCAT,83
AATAGCGGTATACAGA,83
AATATTAAGAATAGTC,83
AATCCTCCTCTTAATC,83
ACAGAAAACTAGTTTA,83
ACAGCATGTTTCGAGG,83
ACAGGTGCATACGTTA,83
ACATAACTTTCGTAGC,83
ACCCCTACCATAACAA,83
ACCTAAACCCCGCAAA,83
ACGCACGGGGAGAGAA,83
ACTAAAATCGCACTAA,83
ACTACGAATCTTAAGC,83
ACTGATGAGAACGCTT,83
ACTGCGGCCACGAGAA,83
ACTTGACTAAATGTCA,83
AGAGCGATTCACACCC,83
AGCAACGGTGGAATTG,83
AGCAGCGGATATTCCC,83
AGCCCCTAATTAGGTT,83
AGGAATACGAAACCAA,83
AGGGTTGATTGATAGA,83
AGTAACCCATGACGCA,83
AGTGAGTAACAGCCAA,83
AGTGCTGGTGCAGCCC,83
AGTTGAAACTGAATGT,83
ATACACATCTCTTGTA,83
ATACACTGATTAGAGC,83
ATACCTGAAGCCAGTC,83
ATATCAAAGATTCCCC,83
ATATGTACAGTCTTTG,83
ATATTTCAACTCCAGA,83
ATCAACAGATTTGCAA,83
ATCCTAAGTGGTCCCA,83
ATCGTGGACTAATATT,83
ATGAGTGACCTGCACT,83
ATGCTGAAATAACCGC,83
ATTAGCCAAGCTAGCC,83
ATTATGTGCCATCACG,83
ATTTAACGACCCCTAC,83
CAAAGAGAGATCTCAT,83
CAAATAGATAAACTAG,83
CAACGACACACCACTA,83
CAACTTATACAAGAGG,83
CAAGGGACCATGACTA,83
CACGCTCCCGCTATCA,83
CACTACAGTGCGAATT,83
CAGATGATAAATAATT,83
CAGCACGTACTGCACA,83
CAGGTGTAAGCCTATG,83
CATAATTAACAAACTG,83
CATATATGATTTGTAC,83
CCACGATTATAACACA,83
CCATGTGCCCATTTGA,83
CCCGGATAACTCTAAA,83
CCGAATAAGGTGCCAC,83
CCGGAACCATCATTCG,83
CCTCAAAGTTGGATGA,83
CCTCGATGAGATACTT,83
CCTGAGTGTTACCCCA,83
CCTTTACCAACAAATT,83
CGAACAAAGCCCGCAA,83
CGACAATAGGATTATA,83
CGGAAAAAAATGCAAA,83
CGGGAATAGGGCTAGC,83
CGGTCCCAGGGCCCCC,83
CTAATTGCGCTCACCA,83
CTAGCGGACAAAAATG,83
CTGAAAGTCAATGTAA,83
CTTATCCTAAACAAAA,83
CTTCACCAAAGTTACT,83
GAAAAGAGCTAAAATG,83
GAATATAACAAACTGA,83
GAATCGTCTTTGAGAG,83
GACAAAACCGAACACA,83
GACACGAGGACCCGAA,83
GACGTATGACGGGCTT,83
GACTAAATGCGCACTT,83
GACTCCGCAAGGTTCC,83
GAGGTTTATGGCATCC,83
GAGTGAAAACCTTGAA,83
GATAGCAATCGCTTTT,83
GATGGCATCCTCTCCG,83
GATTTCCTCCTAGTAA,83
GCACTCCAAACGTATA,83
GCAGCAACTTCAGCAT,83
GCCACCCGGAAACCCG,83
GCCATCCTTGGACCGG,83
GCCCAAAAAGTGGATA,83
GCCCGCAGTACACAGC,83
GCGAAGGAGATAAACT,83
GCGCCAGTGGCGATGG,83
GCGCTGAATCTACGGA,83
GCTATATGCCACAATT,83
GCTCACTCATGTGATC,83
GCTCACTCCATACTAC,83
GCTCTGACGTAGAAAT,83
GCTGGAAATGTACAAC,83
GGATAAATAATGCATA,83
GGCACATGCCGTGAAT,83
GGGAAGAAGGCATACT,83
GGGCAATCGTAATGAT,83
GGGTCATATACTTGTT,83
GGTATAACCAACCAAA,83
GTAATGCTTAGCCTTA,83
GTAATTATGCGTGAAA,83
GTCACGCCATGGCCAC,83
GTCGTATGAAAGTCTT,83
GTTGAAATTAAGGAGA,83
GTTGCAGTTGAACTTG,83
GTTGCGCAATGAGGAC,83
GTTTCTGCTCACTACC,83
TAAAACAAAGAAACAC,83
TAAAATGATGCAGAAA,83
TAACAGAGAAAACAGC,83
TAAGACAATCACCAGC,83
TAATTCAAGACCACTT,83
TAATTCGCATCTTATT,83
TACATTAAGACCCTGA,83
TACCTAAAAACACCTG,83
TACTAGTTATTATAGC,83
TAGAAACTCCTTAGAC,83
TAGAGTTCTTCCAACA,83
TAGATACATTGGAACT,83
TAGTAACACGGTTGCC,83
TATAGCATACATAGCA,83
TATAGGAAATATACAA,83
TATCAACTCGACCTGA,83
TATTGAGCACTTCCTG,83
TATTGGGAGTACAATG,83
TCAATCTAGTGTAAAC,83
TCATGAAGCAATTTGT,83
TCCTACCAGGGGATCT,83
TCGAAAAAGTAACTGT,83
TCTCACATAAAACATT,83
TCTCTCGAGCCCCTCT,83
TGACAGATAGCTTTCC,83
TGACATCTCAAACCGC,83
TGACCTCTCACCAAAT,83
TGACGGGCTTTCAATA,83
TGAGCCCTTTCCTAGT,83
TGCAGATGTCATGAAT,83
TGCCAGTGCATGACAA,83
TGTAACTAAAGACCGG,83
TGTATTGTGCAAAATC,83
TGTCCGTAACACCATG,83
TGTTACGCATAGCTAT,83
TGTTGCTTAAACCCAC,83
TGTTTTCCCTGCACCA,83
TTAATGATACATCCCA,83
TTAGAACACTTACTTT,83
TTCAACATTAATAGCA,83
TTCCGCGCGTGTCGAA,83
TTCTAATGCTAGACTT,83
TTGAAATGTGAACTAA,83
TTGACATCAGTTTTCG,83
TTGAGTACCGGATCCG,83
TTGAGTTAGATGCAAG,83
TTGCGAGACAGTTAGA,83
TTTAACGAACGATACA,83
TTTCGTAAAGATCGGT,83
TTTTAATATATCGAAA,83
TTTTATTTTTAAAACC,83
TTTTTGTGTAAACAAA,83
AAAAAGATACAAATCC,82
AAACAACTTTGAATAA,82
AAAGGCACACTGAATA,82
AAATAACGTAAGATCG,82
AAATAATACGAGGCGC,82
AAATAGCAGGGCTAAA,82
AAATAGTGACTGTGCA,82
AACCTCATTTAAGGTC,82
AACGATAACGGATCCC,82
AAGCACACTATATCCA,82
AAGGCTGAATAGGCAT,82
AATAATCTAAGCTTGT,82
AATACGGAAGTACAGA,82
AATATGCGAGATCACC,82
AATTGTATACAGATTC,82
ACAAAACCGCATTAAA,82
ACAAATAATATTATAG,82
ACAAGCGCACAGGGAA,82
ACACCTCGGAGAGTTG,82
ACACGGCTATGTCAAA,82
ACACGTTCAACACCAT,82
ACACTAGTTATATATA,82
ACCAGAAGGGAAACAA,82
ACCTCCACAACCTGCT,82
ACCTGAAATCAATCAT,82
ACGGTACATTTCTAAT,82
ACTAAATTAAACAATA,82
ACTACCAAGTTCACTT,82
ACTCCACATCACAAAT,82
ACTGTTCACTCATGAA,82
AGAAGAAGGTGACTCC,82
AGAATGTATAAGATCA,82
AGACATAAATCAGATG,82
AGATAGACGACTACAA,82
AGATCCCTAAAACAAC,82
AGCCAAGAGTCATGAC,82
AGCCACTCACACTTAA,82
AGGTAACTAGTATCAC,82
AGGTACTAAAATTGTA,82
ATAATTTGTGTTGACA,82
ATACGGGTATATCGCA,82
ATATCTTAGTTCCAAA,82
ATATGAAAACACTACT,82
ATCATAGAATACAAAT,82
ATCGAAACAAACCCCT,82
ATGCAGAGTTTTTTCA,82
ATGTGGAGGCAAACGA,82
ATTACAAACACAAGAA,82
ATTGAATTTACACTGT,82
ATTGATACAATAAGAC,82
ATTTTCAAGCTAATAA,82
CAACCTAAACATCCCA,82
CAATGTACCAATTCAC,82
CAATTCCGTGAAGGCA,82
CACATAATACCATTAT,82
CACCAGCAAAACGAAC,82
CACGTAAAAATCGTGA,82
CATAGCAAGAATAGAT,82
CATTGAAACTTTTAAC,82
CATTTAGGAGACAGAA,82
CATTTAGGCTGACCAA,82
CATTTAGGTTTTTAAG,82
CATTTCACGAGCAAAT,82
CCAACAAAATTACACT,82
CCAAGAAGTTACAAAA,82
CCATTGATACGAGAAA,82
CCCAATAAAGGGTCAC,82
CCCATCAATTAATCTA,82
CCCTCAGGATCCTTAA,82
CCTAAAGGTGGGGTAG,82
CCTCAGGATGACAACT,82
CCTGAAAACTTATGTA,82
CCTTAATGGCGCTATT,82
CGAGGTAATCTCCGTA,82
CGCCGGAGGTTACACA,82
CGGGTAAAACAAATAA,82
CGGTCATAGGCATTAC,82
CGTACAGCTAACGCAT,82
CGTCCAGAGAGATGGC,82
CTAACTTGCAGTACAC,82
CTACTGCGCAGTTGAA,82
CTCGTTTACTAACAAC,82
CTGTGAAATAGAAGAA,82
CTTGAGAAAGCAGACC,82
CTTGAGTCACACAGAC,82
CTTTTGATTTCATGTG,82
GAAACCAGATAATTAC,82
GAATGCCCTCCTGAAA,82
GACGACTGACACAACT,82
GACTCAACTTTAAAAT,82
GATCAGAACCCTGTGT,82
GATGCAACAATGTAAC,82
GATTGTTTCCTCAAAT,82
GCAGGAACAAAAAAAG,82
GCCCTGATTGGTAATT,82
GCCTGTAAGCTGAAGG,82
GCGCCGTTAATACTAG,82
GCGGTTTTGCGATGTT,82
GCTATTGATGGTGCTA,82
GGCCAAAGACTACGTG,82
GGGAAACAACTGACAC,82
GGGTCACGCAAATACA,82
GGTCAATGAACTAACG,82
GGTGATCGAAAGATTA,82
GTAGTTTGTTAGGGTA,82
GTCTCTCAATACGATA,82
GTGCCAAACAGAAGGA,82
GTTAAGTTAATCCCCT,82
GTTGTTCAGTCCTTAG,82
GTTTTTGCTGTGTCCA,82
TAAACCAAATCAATAG,82
TAACGCCTAATTGCTT,82
TAACGGGCGACTATTC,82
TAAGTAAAGGGGGAAC,82
TACAAAATAAAACAAT,82
TACACTCGGCGCGCTA,82
TACAGTTTACAAATCC,82
TACTATCTGAAACTAC,82
TAGAACCAACGAAAAT,82
TAGTATTAAAACTTGA,82
TAGTCGCAAGGCATAA,82
TAGTTGTTACAAAGAA,82
TATAGTTATTCCGACA,82
TATCTCAACAGTCAAT,82
TATGACCAGTCTATTA,82
TATTAAAACTATACCG,82
TATTGGTTGTAACACA,82
TATTTATCAAAATCTA,82
TATTTGAAGAATTCAG,82
TCAAGAGATAACCCAA,82
TCAAGTATGTAGACCA,82
TCAATAAAGGAAAAAG,82
TCACATATACGGGATA,82
TCCAGCCATCTCAATA,82
TCCCGAAAGAAAACCA,82
TGAAACCCGCGCGAAC,82
TGAACTTACCGAACTC,82
TGAATAACCATAAAAA,82
TGAATATGTGATACGG,82
TGCCCAAAAACCTATA,82
TGCGTTTTGTACCCCC,82
TTCCACAAACACGGCG,82
TTCCCAAAAAGCACCC,82
TTGCCAAAGCCAACAA,82
TTGGTATTACAAGCAG,82
TTTCCGTACGAGCTAA,82
TTTGAGGAACTCGAAC,82
TTTTAGAGCCTATTCA,82
AAAAACAAGCCGGAGT,81
AAAACAATACCATTTA,81
AAAAGGAAAACAACAC,81
AAAATAACATCTGCAC,81
AAAATCCCACATTATT,81
AAAATTTGGTGCTTGA,81
AAACAAGTAATTACGA,81
AAACCAAATGTTATGC,81
AAACCTGACCAGAGGA,81
AAAGACCATATAGCGC,81
AAAGAGTAAATGAAAC,81
AAAGCTAAATGAAATA,81
AAAGTAGTTACTCGCT,81
AAATAGACAAGCCTAA,81
AAATAGACGAAACACC,81
AAATCTAATGGATTAA,81
AACCATAAACCACCGT,81
AACCTACGACGTTCGA,81
AAGAATGTACGTAAAG,81
AAGAGTTCCTCTTCAC,81
AAGCCAGAACCAGCTG,81
AAGTAGCGACTGGCCT,81
AATCAAACCCATATAA,81
AATCAACCGAACTCTG,81
AATCTAGACTTGCGAT,81
AATGAACGCGTTACCA,81
AATGGCGCGATTCCAC,81
AATTATTGAAAACATA,81
AATTCTATATAAAAGA,81
ACAACTCATCGATGGT,81
ACAACTGAAATATATA,81
ACAAGACAAACCGAAC,81
ACAAGAGTAACAAGAG,81
ACACCAGTAATCGAGG,81
ACACTAATATATTTGC,81
ACCCATGCCTAAAAAA,81
ACGACTGCATTGATTG,81
ACGAGAAGACAAAATC,81
ACGGGGAGCTTGATGG,81
ACGTTCAAGTAACACG,81
ACTAGGGGTGTATTTA,81
ACTCTTCTAACTATGC,81
AGAACGACTACGCTTA,81
AGAATGTATCTACATC,81
AGACCTCATAGCGCAA,81
AGACTCACGCCACCAA,81
AGAGCCAGAATGCAGT,81
AGCAATTATTTGAAAT,81
AGCTAACGTAAGAATG,81
AGCTAATTACGGCTTA,81
AGCTACGAAACTGCCA,81
AGGATCTTATTAACAA,81
AGGTGATAGTAGGGAC,81
AGGTTATGAGCACCAG,81
AGGTTCCAAAGTGGAC,81
AGGTTTAACTAGTAGT,81
AGTATTGAACATTCAA,81
AGTGTCTGTCAAACCG,81
AGTTAAGATTTTACAA,81
ATAAGTAAGATATGTA,81
ATAAGTACGATTAAAC,81
ATACAGGATCCAGAGC,81
ATAGAAGTACCTTCCT,81
ATAGGCCGTTCACCCC,81
ATATGATGTCTAGTTC,81
ATCAAGGGTTCCAGTG,81
ATCACAGGAACAAATA,81
ATCATGATGATCTTGA,81
ATCCCAAATCCGAAAA,81
ATGATCATGAAGATAG,81
ATGATGAAAAATTCAA,81
ATTCAAATAATATGTT,81
CAAAAAATCCGGCGGA,81
CAAACAAGCAACGAAA,81
CAACATAGCAAACGCG,81
CAACTCAACAAGTTTT,81
CAAGATAACACAGCCG,81
CAAGTCATTTAAAATG,81
CAATTTCATACAGATC,81
CAATTTTTACCACAGA,81
CACAAAGGCCACCCTG,81
CACAAAGGTGCCATAC,81
CACATAGGATTACACA,81
CACGCTATAATAGGTG,81
CAGAATTGCAGGACTG,81
CATGGCAACAACTCCC,81
CCAAAGAACCACTCGA,81
CCTAAACTTCCACAAC,81
CCTAAGCCACGAGCAG,81
CCTATTGTCAAGAGAA,81
CGAAACTAAGAGAGCA,81
CGACAACGTGAAACCT,81
CGACCAAAAAATTGGC,81
CGAGAGCAGATACCTC,81
CGCAAAGCCTTATTTG,81
CGCCCAACTAATAGAA,81
CGGAATTTTTCGGGAT,81
CGGTCTCAGTCCCCCT,81
CGTGAGCCTGAAATAC,81
CTAACCTATTGTAGAA,81
CTACTTAATCAAAGTA,81
CTAGCTCTGTCATAGG,81
CTATTACAATGCAGAA,81
CTCACGCAAACAACCA,81
CTCAGAAAAATCAATT,81
CTCAGCAACTCTATAT,81
CTCAGGATAAACCCAG,81
CTCATCTACCAACGAT,81
CTCCAACTCTAACAAA,81
CTCTCAATGTGCCCTT,81
CTCTCACCATGTAATA,81
CTGATGAGGACTGAAA,81
CTGCGCTGTCCATACA,81
CTGCTATAACATAAAG,81
CTGGATTTGACATAAG,81
CTGGGCCGCACATAAA,81
CTGGGCGCTGTCATCG,81
CTGGTGACTTTTAAAT,81
CTTAGACAACAAACCG,81
CTTGAACATCTGCGTA,81
CTTTAGTATATCTAAG,81
GAAGCACATCTCCTTT,81
GAATACAGATACATCC,81
GAATCCCACCAATACA,81
GAATTGCACTAGTGAA,81
GACACATGGTAACACC,81
GACTAAATCGTAAATC,81
GAGATTACCTCAATAC,81
GAGCTACGGTTACAGT,81
GAGTCATTAGTTCATA,81
GAGTCATTGTTCGGCT,81
GATCATGACTAAGCGA,81
GATCTTATCACCGAAG,81
GCAAGCCTATGGTGTA,81
GCACCACTCAGATACT,81
GCATAGTCAAAGGTAT,81
GCCAACAATCATGTGC,81
GCGATCGTTAGACCTA,81
GCTATATAGAACAGTC,81
GCTGTGCTGACGTTAA,81
GGAAAAACATTAGCGA,81
GGAAAATTCAATAGAA,81
GGCAATAAACAGCGTA,81
GGCGGACGCAAAAGTC,81
GGGTACTATATGTTGA,81
GTAACGTGAACACACT,81
GTCTGTCAATTAACAT,81
GTTACTACATATATAC,81
GTTCCGATTCACTACA,81
GTTCGATCTCAATATC,81
GTTGCCTGCCAGCATT,81
GTTGGAAACAATGTAG,81
GTTTAAACACAGAATA,81
GTTTACCCGTGAAAGC,81
TAAAGAAAGCTTTCTG,81
TAAAGTGCCGACAGGT,81
TAAATGTGTGATAAAC,81
TAATAAATGCAGATCC,81
TAATCTGGCGCATGAC,81
TAATTGTAAAAGACAA,81
TACGGACTATTATGAT,81
TACGTACACGTCAACG,81
TAGCGGCCAAAGCAGG,81
TATACCCAACAAAATC,81
TATAGCAACCCCGTAA,81
TATAGGGTTAGGTTAT,81
TATGTGCTTGAACGTG,81
TCAAAATATCATCAAA,81
TCAAACTATAGCTACG,81
TCATTTGCTCCTCAGC,81
TCTATGCCGACACGAC,81
TCTCGTGGCAAACAGG,81
TGATAAAACCCATAAA,81
TGATGAATTTTGAGTT,81
TGCGACAGAGACTATA,81
TGCTTTCAAAGAAAAA,81
TGGTTAGAGCGTTGTC,81
TGGTTCTCTCACCAAA,81
TGTGACTAAGAAAGAA,81
TGTTTTGAAGAAACTG,81
TTAGAAACATTAAATT,81
TTATTCGAGAGGAGCT,81
TTCATTCACGCATACA,81
TTCGAGCGTATAACAG,81
TTTCCATCGGGACAAC,81
AAAACAAATCCTTGCT,80
AAAACATATCAGTGTC,80
AAAAGAATAATAACCT,80
AAACAATAGCCTATAC,80
AAACACTAACAGGCAA,80
AAACTAAGATAAACTT,80
AAACTGCCCCGAACTT,80
AAAGGTCGCAGAACCA,80
AAATACAACCAATCTG,80
AAATTATTGGAGAGGT,80
AAATTCACACCGAAGA,80
AACAAGTCAGATTAAT,80
AACGCAAAAGATTATC,80
AACGCTACTCCTCTAC,80
AACGGGATTTCCAATA,80
AACGTGTTCAAAAGCC,80
AACTTAAGCAGAGACA,80
AAGAGTCGCAAATGAA,80
AAGTCGTCACGACAAT,80
AATAAGATAACGACTG,80
AATGGGTCTATTTACG,80
AATTCTGGATCTAAGA,80
AATTCTTCAACAATAT,80
ACAAAAGAGTAGCAAC,80
ACAAGAGAGAATGCGA,80
ACAAGAGTGGTTATCG,80
ACACCCTTTATCACCA,80
ACAGAAAATACTACCA,80
ACAGAACTTGATGATA,80
ACAGCCAAACTTTGGC,80
ACCCGAATGACGGTCA,80
ACCCGTAACTTGACGA,80
ACCCTAGGGTTGACAG,80
ACGCTTAATGGAGTAA,80
ACGTTAAATATATTGC,80
ACTAAGTCATCAGTAC,80
ACTAGAAACCCATATA,80
ACTATCTCAGAAGTTT,80
ACTCTAGAAGAGTTAA,80
ACTCTTAGATTGTTCT,80
ACTCTTCAGCAGTTAT,80
AGACGCTGCATACCGA,80
AGATACAAGGTGATTA,80
AGCATCCACGGTGGAA,80
AGCGCACGCTAATTGC,80
AGCTCAACTAGATGTA,80
AGGTCAGCCCATGCAT,80
AGTAGCCTTTCGAAAC,80
AGTAGCTAGGTACGCT,80
AGTTACGGAGCAGCTC,80
ATCCTACCTGAAAGTT,80
ATCTATGTTACAGTAA,80
ATGAAGGGACCAAAAT,80
ATGTCAGCAATGTCCA,80
ATGTTGAATAAAAATT,80
ATTATAAGAATGACAA,80
CAAACATCGTTTGAGT,80
CAAAGTGCAAATTTAT,80
CAAGGTTCTAGTAAAA,80
CAAGTACTACCACAAA,80
CAATATCAACTTCTCC,80
CACAAGTTTACTTAAG,80
CACTAAAAGATGAATA,80
CACTTCCGCACCAGCG,80
CAGAAGATGTCATAAG,80
CAGACCCCTGCTTTCG,80
CAGAGTTTGATCATAA,80
CAGGGACTGATATTTC,80
CAGTTCGAACCCATGT,80
CCAACAAGCAAAACAT,80
CCCAGACAATAATGAA,80
CCCGACCACCGTCCCA,80
CCGCTAATAACCCTTA,80
CCTCAGAGATCTCGCT,80
CGATTCATCGGCTAAG,80
CGCTTACGTTACCCGT,80
CGGCTGAACCTCACCC,80
CGTAAGAATTATTAAC,80
CGTCAATATTAGCCCG,80
CGTCATCACGGGGCGA,80
CGTTACTAGATGACTG,80
CTCATGTCTTGAGTGT,80
CTCATTAAGGCCGATT,80
CTGCTAGTCCTAATGC,80
CTTATATTGCCGCAGA,80
GAAAGAGATAGCCGTT,80
GAAATTTTCTACTATT,80
GAATGATAATGGGTAC,80
GACAATAACACCTGGC,80
GACAGCAACAAATTGC,80
GACAGTTGAATCCGTG,80
GACCAGTTCAAAGTCA,80
GACCTTTAACAATACC,80
GAGACTCCGCCAAATA,80
GATCTCATATGGTTCA,80
GATGATATAAAAATGT,80
GATGTGTTTTATGTCA,80
GCCCATGAGATTTCTA,80
GCGAACGAATCATAGT,80
GCGACACACCGCGGAG,80
GCGATAAATCACATCT,80
GCGGACAATACTGCAA,80
GCTGAACCCAAAGAAA,80
GCTTGTAAGACAAGGG,80
GGAACAAAGGACCAAC,80
GGACGACCTCGACGAC,80
GGACGCTGAATTAAAA,80
GGAGCGAGAGAAACCA,80
GGGGGGACCCTAAGCC,80
GGTATTGATTAAATAA,80
GTAAAAGAGGCTCCTA,80
GTACTAGTATAGCCCG,80
GTATATATTCCACGCT,80
GTGAATCAATCAGAAA,80
GTTAATTGAGTCACAA,80
GTTCCTTGGTTATTAA,80
GTTGCGCAATAACACG,80
TAAAAGCAAAGTATAA,80
TAACACCATACTAGGG,80
TAAGTAGAGCTGCCGC,80
TAATGATGAAACGTTT,80
TACAAGCAAGTAGGCT,80
TACGATTACTTCGTTA,80
TACGTTAAAGCTAAGT,80
TAGAAAAAGTAGATTA,80
TAGACATATTCGCTTA,80
TAGGATTAAACGGCCG,80
TAGTAGAGCGTATCGG,80
TAGTTCTATACACAGA,80
TATACAATTACTTTGC,80
TATACCAGCTGCATAC,80
TATATAAGTACAATAC,80
TATGAAAAAATCGAAA,80
TATGAATGTGTCATAT,80
TCAACGAACCAATGAA,80
TCACCGCGAAAATTAG,80
TCAGAGCGCACGTTAA,80
TCATACAATGAATACC,80
TCCATATGGCGATGAT,80
TCCCTTAAGTTCCCAT,80
TCTACAAATCCTTTCC,80
TCTACCAAAAGTGAAT,80
TCTATCTGCCTCATAA,80
TCTCTCACTTGAACGG,80
TCTTATTTTGATAGAA,80
TGAGGCGACAATGCCC,80
TGCAACCAGGGAGGAG,80
TGTGAACAACTTATTA,80
TTAAAAAAATGGCGAA,80
TTAAAACTTCAGAGGA,80
TTAAGCAGAATCGAGC,80
TTATCCGACTTCCTTA,80
TTATGTATTTAAGCAA,80
TTCAAACAGAACCACA,80
TTCACAATCAAGATCC,80
TTCCAAGGTCCTACCA,80
TTCGGTACTCATGAAG,80
TTCTTGCGGTGCATCC,80
TTGAGAAGACACAATA,80
TTGATAATAACCCGTC,80
TTGCCTGTGTTGTGGG,80
TTGGACGATATAGCTG,80
TTTATATGTTTTCACC,80
AAAAACGGCATGCATT,79
AAAAAGTCCATTGGAC,79
AAAAATTCTAAAACTG,79
AAAAGAGACAACACAA,79
AAACAATGAAATTAAA,79
AAACTAACGCTGGACA,79
AAAGACGATCGGCTAA,79
AAAGGATATTCTCCGT,79
AAATACAAAATATTCT,79
AAATTAGGTAAGGCAA,79
AAATTTTGAATATCAA,79
AACCCTCACATGTCAT,79
AACGTTTAAGTAGGTA,79
AACTTCGCAACAAATG,79
AAGACGTACTAAACAG,79
AAGCAGGGTAAAGCTG,79
AAGCATTTGTTGACCG,79
AAGCTGCTCTAGAAGC,79
AATAACTTTAGAGTCA,79
AATCATCAATTACGAA,79
AATCGGTTGAACACTC,79
AATGACGAAAAGTACA,79
AATTCCCTAAAACTAG,79
ACAAAGGAATAGAATA,79
ACAAAGGCTGAGAGAA,79
ACAAATCTACTGCGGC,79
ACATAAGGGAAGACAA,79
ACATATATCCGGACAG,79
ACATCATCTTCGTTAC,79
ACATGGTGCACCAATC,79
ACCCCTCCACTATAAA,79
ACCCGATATTTTCAAC,79
ACCGATTGATATTAAG,79
ACCTAAGTCCGGACCG,79
ACCTGTTAAGGGCGAT,79
ACGAAAGCCGTAGCTC,79
ACGAAGTTGGCAACAA,79
ACGGAACACGCAGGAC,79
ACGGTGGTAAAAGATA,79
ACTAAGTATCTAAAGG,79
ACTACGCATAAGTATA,79
ACTATGAACAGTTTTA,79
ACTTCTCGATAATTTA,79
AGAAGCACAGCACCTT,79
AGATAAGGTTGACATA,79
AGATTATGGAACCCTA,79
AGCACATGAAAATTCA,79
AGCAGACATACCAAAG,79
AGCTGTAGCCGAAGTC,79
AGTAGTATCCGAATCT,79
AGTGCACCGTGATCGC,79
ATAACGTTCCCCTAGC,79
ATAAGACTAGGGGTCA,79
ATACAAAGTATACTGG,79
ATATACAAGGCAGATA,79
ATATATCGCTCATTGT,79
ATCGAGGCAGGTGAGC,79
ATCGTAGTTTAGATAA,79
ATCTAGACACTCTAAG,79
ATCTCCTCCTTACTAT,79
ATGAACAGAAACTAAG,79
ATGCCACATCCTTAAC,79
ATGTTAACCCATGGGT,79
ATTGCCAATCTACAAC,79
ATTTGCCAACCATAAA,79
CAAAACTATTTGGGGC,79
CAAATACACATTAACG,79
CAAGGTTGCCGTCAAC,79
CAAGTGAATGGTGGAT,79
CACAAAGCTTCTTTGA,79
CACGCAGGGCGGATGC,79
CACGCGTTGATACTAC,79
CACGCTCACTCCGTAG,79
CAGCCGGCTAAGCTAC,79
CAGTAAACCTTGCAAT,79
CAGTTACTTTGTAACA,79
CATCAGGCACTAATTG,79
CATGCACTTAAATACC,79
CATGTTTAGCGCTGTG,79
CATTATAAAACTTTGA,79
CATTCCGCAGGGCGGG,79
CCAAATCGGGACTCCA,79
CCACCTAATAGACGAT,79
CCACTCATAAGACTAC,79
CCATAACAAGACACCT,79
CCATTGGCAAAGCCGG,79
CCCACTGCCCGTCACC,79
CCCCGGCATATAAAAC,79
CCCCTGAACTATATAT,79
CCCTTCATACAAAGGT,79
CCGTGAAGTTAACCTC,79
CCTAAAATTATAGAGA,79
CCTACGAAACATGGTA,79
CCTAGAATACAAAAAA,79
CCTGCCGTCAGCATAA,79
CCTTAATAACATCCCA,79
CGAAACCATTTATCAG,79
CGACAATCCTGGCAAA,79
CGACGCGATCTGAGCT,79
CGAGCTGGCTCAATGA,79
CGATTGATAAACTAGA,79
CTAATTAAGAGAGTTC,79
CTAGGCCAATCATTCG,79
CTCCGTCTTGATATGA,79
CTCTCGGATAGCGCAA,79
CTGACGCCATCCACGT,79
CTGCTGATTGTGTAGG,79
GAAAATCCCACCAATA,79
GAACAGTAACTAATTC,79
GAAGCACCTAAATCCA,79
GAAGTAATAGACAATT,79
GAAGTTATTTGCATGA,79
GAATCGACCGAGTGGT,79
GACACAGAGCTGTCCA,79
GACATTCAACCTGGTG,79
GACTCGAGAGAGGGAT,79
GAGACGATGCAGATAA,79
GAGTGCTATTTAGCAA,79
GATTGTACACTCCCAT,79
GCAATGTTGCACATCA,79
GCAGGAAATAATTGCA,79
GCTATCCCTGATTTCT,79
GCTCAATATTAATGAG,79
GGAACAATCGCGTCTT,79
GGCATTATAACCATAG,79
GGCCTAATAGCCTACA,79
GGCTACGCATAATGGT,79
GGGGTTGACAGCCCAG,79
GGTCCCTAACTAAATA,79
GGTCCTGCGTGTTTTT,79
GGTTACTAATTCACTA,79
GTAAGCGAACCATACC,79
GTACCTACATCCTAAA,79
GTACGACGATCCCCTT,79
GTCAGTAACCTAAAGA,79
GTCTACCATGAATAGA,79
GTCTTGTTCGACAAGC,79
GTGACTGTTCTTGGTA,79
GTTAATATAAAGAACC,79
GTTCTCGAACAAGACG,79
GTTTCTCCCGTCAAGG,79
TAAAGCGCAATACTTG,79
TAACCTCTCCAAAATA,79
TAACGTATCTCAAAAT,79
TAAGACATACAAGATC,79
TAAGACCTGGTAGATA,79
TAAGTCAACCCAAATA,79
TACAACTTTACAAACT,79
TAGAACCATAACCCAG,79
TAGACGACTGTACGCA,79
TAGGCCTCGCTGTTGC,79
TATGTAAGGGATCCGA,79
TCAACAAATACATACA,79
TCAGCAATCAAGGCAA,79
TCCAACCAAACGAGCC,79
TCCATCAAATATCCAC,79
TCCCACGGAGTATGAA,79
TCGCTCTTAGGACGAA,79
TCGTTCAAACAGGTCA,79
TGATAAAGGTTATCAC,79
TGCAAATATTGGCGCC,79
TGGTAAACTATACCAG,79
TGTAATACGCAAGCAC,79
TGTGAGGGCCGAACGA,79
TTAAGCCATTATAAGT,79
TTATAGCTATATACCA,79
TTGAGCAATCGGTGTT,79
TTGCCGCAACATGTTA,79
TTGCGCTAAAACATCA,79
TTGCGTTCTCTAGTGG,79
TTGGAATACCTGCATA,79
TTTATAGATCTTCCTT,79
TTTCCGTGCCTCGAAC,79
TTTCCTAGCCACGCAA,79
AAAAAATTAAACGATG,78
AAAAATTCGAGTGATT,78
AAAAGACACCCTAAAC,78
AAACAAATCGTTTGAA,78
AAACCACAAACCTTTA,78
AAACCTAAAGCGCAGA,78
AAACCTAATATTAACT,78
AAAGTTAATTTTACGA,78
AAATACTCATGTAAGA,78
AAATCTCAACAGACTA,78
AACAACTCGTTACCCA,78
AACATAATACTTCCTA,78
AACATCTGAACAGTGA,78
AACCACAATAAGAACC,78
AACCGGACAGACCCCA,78
AACTAGAAAAAAGACA,78
AAGAAAGTCCCATCTG,78
AAGACCTTAGGTTACT,78
AAGACGTTAACCCAGC,78
AAGATACATCTCATTG,78
AAGCAGGATTCTCAAC,78
AAGGGGATCTATGGAT,78
AAGTAAGCAACAATCT,78
AAGTCATATAAAAAAG,78
AAGTTTCCTGGTAACA,78
AATACCATCCGTATAC,78
AATAGGAAAAAGAATC,78
AATAGGAGCAGGACTA,78
AATCAGCATCTATACT,78
AATCCCGGGATAGCCG,78
AATGCTCGAGGTGAAC,78
ACAAAACGGAGTGAGT,78
ACAAATCCGTTGTGCT,78
ACAAATTCTTGTATTA,78
ACAACAATGGGGTGGA,78
ACACCCAAAGTCGCAA,78
ACATAGAACATGAAGG,78
ACCAAACAGCTAGGTA,78
ACCGAAGTATAAGCTA,78
ACCTTTAGATGGCGTG,78
ACTGCATACTTGAGTA,78
ACTTCCAATGCGCATA,78
ACTTTAGCAGAAAAGC,78
AGAAGAGTCCCCTAAC,78
AGATCTACATAGTTAA,78
AGCAATCAATGGAGAA,78
AGCATCAAGGTTACAG,78
AGGAACCACTAATTCA,78
AGGCTCGGGACATAAC,78
AGTGTGATCGCAATAT,78
ATAAAAACAATGTTAA,78
ATACAGTAGTTGGCGA,78
ATACTCCATATATTTT,78
ATACTGTTAAACCCAT,78
ATAGAAACGCATTGAA,78
ATAGTCAATACCGCCT,78
ATGCATCCCCTCATAA,78
ATGGAAGAAAGTGCTA,78
ATGGCAGCTAATTGTC,78
ATTATAACTTCATCGT,78
ATTCCATGAGATGACG,78
ATTCTGTGAACTGCTG,78
CAAAAAAACTAGACTA,78
CAAGCTGGAAAATCCT,78
CACACATCTGATAAAT,78
CACCCCTAGTAAGAGG,78
CACCGACGGCAAAGTT,78
CACGATCTAGTACAAT,78
CACTACAGCCTTATTC,78
CACTCCAGTATACATC,78
CAGAAAAGCATTGAAA,78
CAGACAACAATTGCAA,78
CAGACTACCGTTAATG,78
CAGATTCAGACGCGCC,78
CAGCGCGGTACGAAGC,78
CATAGGTACTAATGAG,78
CATCATCAAACGATTA,78
CATGCATAGAGTAGAA,78
CATTACAATTTGATTA,78
CATTTATGCCAGTGGG,78
CCAATTAGAGTACATG,78
CCACACACGACCGTGA,78
CCACGCTATACACCCG,78
CCACGTGACAACCTTT,78
CCAGCCGTCTGAGACT,78
CCCAAACGACGCATTA,78
CCCAACATGTACACTG,78
CCCCAGCTAACACTAT,78
CCGTAAACCCTTGACG,78
CCTATGATTTAAATAT,78
CCTGGGTTTACCAAGC,78
CGAAATTATTAGTACG,78
CGAAGAATCCGATTAG,78
CGAATCCTAAGCCTGA,78
CGAGAATAGCCATACG,78
CGCCACACTTGAAAGT,78
CGCGAATTGGCATCCC,78
CGCGCCCGATAAGTCA,78
CGCGTCAAAGTTAGAA,78
CGGCGAAAGATCATGA,78
CGTATATAACCGTTAC,78
CGTATTTACTTTGAAA,78
CGTGAATGCCAGAAGT,78
CTAAGAACTATTATTG,78
CTAAGTATAATCTAAC,78
CTAATTGATCTCCTTA,78
CTACACGATCGCTCAC,78
CTACGAAGCCAATTAC,78
CTACGTCATTATGCGT,78
CTCCAATACCACTGAA,78
CTGCACCACTCCTAAG,78
GAAAAAAACTGTCTAC,78
GAAAAGTGTGCACCCA,78
GAACATTTCAGTCTGT,78
GAACGACAACCAGCAA,78
GAAGAAGAACAGCTAG,78
GACATAAATCGTAAGG,78
GACCCGTCGAGACAAG,78
GACCCTAAACTATGAG,78
GACGTGACTTCAAGTG,78
GACTTCCAGGCTAAAC,78
GAGCGTTTAAACATTC,78
GAGGAGAAGCAAATGG,78
GAGTAACTGTAAAAAG,78
GATAATATAAGAGAGT,78
GATACAACAGACAAAT,78
GCAATTTGTAGTTTTT,78
GCCAAACGTTGTCAAA,78
GCCCTCCCTTTCCATA,78
GCCTAAATAAAAGGGT,78
GCCTTTAGATTCGTTG,78
GCTAGTCCAAAAATTA,78
GCTTATGCTGCGGGAA,78
GCTTTCAAAATGAAGA,78
GGAGCGAGAAATTGCA,78
GGTCCTGCCCACAAAA,78
GTAAACTAAATATACA,78
GTACGGATGCTTATGA,78
GTAGAAAGCCTGATGA,78
GTAGTAAGAAACGTTA,78
GTATTTCCCCTAATGA,78
GTCTATTTCCAATTAG,78
GTGACGACATGAATTA,78
GTGGGAAACATTCTAT,78
GTTATAATACCAGCTA,78
TAACCCAAAGTAGCCA,78
TAAGAAATTTTGCTAA,78
TACCAAAGCGCCTCCA,78
TACGTACGCATCGCCG,78
TACTAAGGACATAAGA,78
TACTGTTTAGTAATAA,78
TAGAAATAAAGCAAAC,78
TAGAACAGTAGGCAAT,78
TAGAAGGACAATCATT,78
TAGATTAAAACACCCT,78
TAGTCTGTCTGGAGTT,78
TATAAAGAGCCTCATG,78
TATAATGAACTGGGAC,78
TATATGAAAAACTGCG,78
TATATTAGAATTAAAG,78
TATTAAGTATCGGAAG,78
TATTGCCAATATAAGG,78
TCAAAAGCCGATTCTG,78
TCACCAATCCGAAACC,78
TCACTCAAACAGGAGT,78
TCATAATTTTATTGCC,78
TCATACCGCATGGAAG,78
TCCAGAAGATAAGTTA,78
TCCAGATATGTAATTT,78
TCCATAGTACAGGAAA,78
TCCCCTATTGCAACTT,78
TCGACCATCTGAAATA,78
TCGCTCATGCCGATGT,78
TCGGGAATCAAACCTA,78
TCTAGAGTTACCCTGA,78
TCTCGAATTTGGTAAA,78
TCTGCTTTATCACTCC,78
TCTGTACTCGAAATCT,78
TCTTAAACTATGAGGA,78
TGACATCAGCCCACAC,78
TGAGCAGGGTTAAATC,78
TGATTCAGAGGATCTA,78
TGCTATCAATAAGCTA,78
TGCTCAAAAGTTACTT,78
TGGATTTGGCCAGACG,78
TGGCGTAAGTCCATGG,78
TGGGAGCTCTGACCTA,78
TGTGAAATAACAAGCT,78
TTAAAACAACAAATAA,78
TTAAACTTGCCTCACC,78
TTAATTTGCTACGATA,78
TTAGACAGCTATTTTC,78
TTAGGACATACCGTGA,78
TTATCGAAAAAAGGGT,78
TTATGGAACGTCAAAA,78
TTCACAACAATACCGG,78
TTCTGACCAGAGTCGA,78
TTGAAATATCATAACC,78
TTGAAATCTAATACAT,78
TTGGGATATACGTATT,78
AAAAAAATGATCAATA,77
AAAAACTGGTGGTAAA,77
AAAAAGCGAGTAATAG,77
AAAATTCTACTCAACC,77
AAAATTTGGGATAGAG,77
AAACGCTTACCGAGCT,77
AAACGGCGTCCTCACA,77
AAACTCAATTCAGTCC,77
AAACTTGCCTCCGTCA,77
AAATCTTATTAATAAA,77
AACAAACATTAAATCA,77
AACAAACCAGAAGACT,77
AACAGCATAGAAGAAT,77
AACATCAAAAGTAATT,77
AACATTTCTATTGTCA,77
AACGCAACAAACTATG,77
AACTGTGGCGAACAAA,77
AAGACGAAAGCAGTCC,77
AAGGACGATATAACTG,77
AAGTGATCGGATAAAA,77
AATAAAACACTAAAGT,77
AATAGAAGACTTCAAT,77
AATATTTACAGGTTAA,77
AATCAATAGTTTAATG,77
AATCCCTTGGAATACC,77
AATGAAGTATCCGGGA,77
AATTGAACTACCATAA,77
ACAATCGATTCTTAAT,77
ACACATCTAATTTGAT,77
ACACATGTTTAATGGC,77
ACACCTCATCTAACGT,77
ACATGATCAGCAAGGC,77
ACCATTAGATTGTCAA,77
ACCTATTGCCCTGAAA,77
ACGGCTAAGAATGAAG,77
ACTAAAGTACCCTACA,77
ACTAGAAAGTAGATTT,77
ACTCAATTTGAAAATA,77
ACTCAGAGATAACATT,77
ACTTAAGATTTCTACC,77
AGAAGGTAGAGCACCC,77
AGAGACTTTCTCACCC,77
AGAGCTACCTATAGAA,77
AGCGAATTTTAACAGC,77
AGCTCTTACTCCCCTC,77
AGGAGCATTAGCGCAC,77
AGGGACAAGGTTTCAA,77
AGGTAGGATGTCAAAA,77
AGTAACAATCCTCCCT,77
AGTACGGGCGAACGAA,77
AGTATAACACAGCCAA,77
ATAATCGCGCAAGCTC,77
ATAATGCTGAAACTAT,77
ATAGAGTTCAATAAAT,77
ATAGCATGAGAATAAT,77
ATATCCAATTGCCATG,77
ATATTCTAAGTCATTA,77
ATCAAGGGCAATAATG,77
ATCAATTAATGCACAA,77
ATGAGTTTAGGCTGAA,77
ATGATGCAGCGACCTG,77
ATGCATCCAAAAATAG,77
ATGCATTTTAACCTGG,77
ATGTCTTGCGCTAATA,77
ATTTCGAAAAGGCTAC,77
CAACAAATGTTTGTCC,77
CACCACAGCCCGGCTG,77
CACCACTCAGAAGTAA,77
CACTGGCTACACCAAA,77
CAGAAAATATAACACA,77
CAGAACGCACCTCATA,77
CAGAACTATCAATAAA,77
CAGAGAAGCATAATGG,77
CAGTACTGATATAACC,77
CCAATTTTGCTAAAAA,77
CCAGCATGCTTATACT,77
CCCACTGGTGCACCTA,77
CCCATGATGAAGGAAT,77
CCTAATATAGCTTACT,77
CCTACAGAGTAGGTCA,77
CGACTCGAGCACGTTG,77
CGCAGGTTGATCAAGG,77
CGCTGATCTCCATATA,77
CGTCACTTAGCGATTC,77
CGTGACTCTAAAAAAA,77
CGTTCGAAACATGGCT,77
CTAAAGATATACAATG,77
CTCTAAATGTACACAT,77
CTTCGCCGCACTGGAT,77
CTTGTATTCCTGGGAC,77
GAAGCGATTAGAACTA,77
GAATCGGTTCTGGACT,77
GACAAAAACGCACGGC,77
GACACTCGCAGCTAAC,77
GACTCCAACCTCATAA,77
GACTTTGATATAACTC,77
GCACTACTAAGGAGCA,77
GCAGTGTATCTATCAA,77
GCCCTAAATACCTCTA,77
GCCTGTAAAAACTTCC,77
GCGTTTCGTATCGCTA,77
GCTGCATACCCGGGTC,77
GGATATCACGAACGTG,77
GGTACAATAAACGGAA,77
GTAAATACGATTATTA,77
GTAAATGTGAAATTTT,77
GTAATAATTCACATTC,77
GTACAAGATACATACT,77
GTATCATTAAATCCGC,77
GTCCTTAGCTAGTGAA,77
GTCTTCCCAGCTGAAC,77
GTGTCACATATTGTGC,77
TAAAGCTTGTATAAGG,77
TAACAATATACAGACC,77
TAACCAAATAGTGGAA,77
TAATTGCGAGCTCAAT,77
TACAGACACAGTGGAA,77
TACATCGACCCAAGTA,77
TACCAACTCCTCAGAA,77
TACGAAAAATCTTACG,77
TACTACATCAGCAAAC,77
TACTGTGAGACATCCT,77
TAGAAACACTGGTAGA,77
TAGTAACAGGGAAGGA,77
TAGTACTACTACCGTC,77
TAGTATTAAATTCTCA,77
TATAAGATTCTAAAAA,77
TATACCCCTCTTTCCG,77
TATCTAACCGGCGAAA,77
TATTACTAATGGCTTC,77
TCACGGTGGATAGACT,77
TCGCTAACCGCGAAGG,77
TCGTAACTTCGTCTAG,77
TCGTCAACATAAATGA,77
TCGTCTGTTAAGTAAA,77
TCTAGATGCTTAATTG,77
TGAAATTTCCAATAGC,77
TGACACAGAGTACATA,77
TGATAACAAAAAGAGA,77
TGATTTCTATAAGCGA,77
TGCCAATGACACCACA,77
TGTAAACGGCAATAAA,77
TGTAAGTGATAAACCG,77
TGTTAGGGCAGGGTAG,77
TTAATCGCAGAGCTTC,77
TTAATTTCCTCAACAC,77
TTACCACAACGCCAGA,77
TTATACTAAGAGCTAA,77
TTCATAAAGCAGTTTC,77
TTCGCTAATTGTATGT,77
TTCTCTACACTTTGAG,77
TTGGGTACATAACTAC,77
TTGTGCAGCCATATCT,77
TTTACGTCAAGACGTG,77
TTTAGGAATCGATGCG,77
TTTCGCAATCTACTAA,77
TTTGCTAGTCCCCCTC,77
TTTTCTTTACGATGGT,77
TTTTTTTATAAGCCCA,77
AAAAAATACCGCAACT,76
AAACTAGGGCCGTCCT,76
AACAAATAGATCTAAG,76
AACCCGTGATTACTTG,76
AACTACTAATAAAGAT,76
AACTACTCTAAGTATT,76
AAGCCCGTTCAGATGT,76
AATACCAAGATAGTTG,76
AATCAACCCGGACACA,76
AATCCGATTCTTCATT,76
ACAAATAAATCTCCCC,76
ACACCATTCAGGTCAC,76
ACACTCCACTGCCAAA,76
ACATCCGCATCTGAAA,76
ACATGTACGATAAAAA,76
ACATTATGAGCCCCCC,76
ACCAATGTAGTCAAGA,76
ACCAATTTTTATCATC,76
ACCACTAAAGGACGTA,76
ACCACTGGGAAGACTA,76
ACCATCTACCACAACC,76
ACCTACCCGAACTCAC,76
ACCTCGAAAATAGGAA,76
ACGCACATTGCAAAAG,76
ACGGCCACTCCTACGA,76
ACTCACAAAAAGCTCC,76
ACTGGAAATATCCGAC,76
AGAAACCGCTAAATCA,76
AGAAACGAGATGGCGA,76
AGACATCAAAACGATC,76
AGAGTTCTAAGACTAA,76
AGATAATCCGGTATTG,76
AGATAATGACATAGAC,76
AGATACGCTAAAGATG,76
AGCGAAAAACAGCCAA,76
AGCGTGCATAAACCAT,76
AGCTTACACCCCCCTA,76
AGGAAACCTTCGGTGA,76
AGGAAATCCTATGGAG,76
AGTGATGATATCAAAC,76
AGTTGGACATCACTTT,76
ATAACGGATGGATTCC,76
ATACCACTACGAAAGT,76
ATATCAGCATGACGCT,76
ATATCGTACATTCATA,76
ATATGAGTCGCTACTA,76
ATCAACGCCACCATGA,76
ATCCAAGACCAGGTCA,76
ATCTACTCCAAATCAG,76
ATCTGTGTTAGAAGCA,76
ATGCGGCATTTCTAGT,76
ATGTAATATTAATACC,76
ATTATTCTAAATCCCA,76
CAAAATGGTTTTTCAA,76
CAAACGATGACTACGA,76
CAAAGAACTAAACAAT,76
CAAATACTAAAGATTA,76
CAAGCGACCAAGAAAA,76
CAATGATAAAGAACAC,76
CACCGAGAGTCATGAA,76
CACCTCTCGTTACAAA,76
CACTACGAAAAACACT,76
CACTTTACTTTGATGG,76
CAGAAAACACAATTGG,76
CAGAAAACACTCCCAT,76
CAGCCCCTACTGAAAT,76
CAGCGTACGAAAAAGT,76
CAGTAAAAATCACCAA,76
CATACGTTTAAACACA,76
CATACTTAAGAAACCA,76
CATCCAATAATGTAAT,76
CATTATACTGACAATA,76
CATTCGGTTAAAGTTG,76
CCACGTTTATATAGCT,76
CCATTGTAAAAAACCA,76
CCCCTTTTAAAACCAA,76
CCCGCCGTCATAGCAC,76
CCCTAAAGTCCTGATA,76
CCCTATTCACGTCATA,76
CCGAGATAGTTTTCAT,76
CGAACCAGATGCTAAG,76
CGATGTTCAATTTCCG,76
CGATTTTTAAAATTGT,76
CGCCACAGAGATCAAA,76
CGCCGGATGATTATTC,76
CGTATCTTACGGACGT,76
CGTGGTCCAAAGAAAC,76
CTAGAAAGACTCATAA,76
CTAGGATTAAACCAGC,76
CTATAGAATGAGAGAG,76
CTCGAGAGTGTGGTGG,76
CTCGCCTCATACTGAA,76
CTGTATGTACACGTGT,76
CTTAACAATCTAAAGG,76
GAAAATGACTTCAATA,76
GAAACTACCTTATAAA,76
GAAAGCGAATCAACTA,76
GAAATACGAGCTCTTC,76
GAAGACAAAGTATTCC,76
GAAGGCATTCTTAGAT,76
GAAGTAGCCATCAGAC,76
GAATTCAACCACAAGC,76
GACATAGAGCTCAAGG,76
GACCAAGTCTCGTGTT,76
GACTTCCTAAACACAG,76
GAGAAATCGGACCTAT,76
GAGATTCGTTGTCGAA,76
GAGTCATGAAATTTGA,76
GATAGCTCTCTGAAAT,76
GATATCGAACTATACT,76
GCAAAACCACCAGAAG,76
GCACACACCCCTGCTA,76
GCACCAATATGACGAA,76
GCAGACTGACTTCAAA,76
GCATGACAAGTTCCCA,76
GCCCACATCTTCCACG,76
GCCCGACAGCCAGAGG,76
GCCTTAAACTGCCAAC,76
GCGACAAGATCCAGGA,76
GCTAATGAACTGGGGT,76
GCTATATACGCAGTAG,76
GCTTCTTATACCTGTG,76
GGAAACGTAACAACAT,76
GGATTACAATCATCAC,76
GGATTCTGTGGTCCAT,76
GGCTAGTAAAAATGCG,76
GGGGATCTCCCAAGAA,76
GGGTTAAAAATGGGTC,76
GTACGTCAGCCAACAA,76
GTCAATACAGTAGCGA,76
GTCGGCTACGAACTTT,76
GTGCGGCATCTAAGAA,76
GTGTAAGGCTTGTCTA,76
GTTAGAAAAAGATTTC,76
GTTGTTTTCTCGCGTT,76
TAAACCAAGTAGATCA,76
TAAACTAGATATGTGA,76
TAACCTAACTTAAGTC,76
TAATAAACCTACCTAT,76
TACATAAGAGACCCGT,76
TACCAGGCCGGGGCAC,76
TACCTTCCTATCATCC,76
TACTCAAACTACAGCA,76
TACTCTAGTCTTACTT,76
TAGACATGAATTTCAA,76
TATTTTCGTCAGAGTT,76
TCAAAAAGAGAATGTG,76
TCAGGTTTTAAGTTAA,76
TCCGTCGACTTCCTCA,76
TCCTAATTTGTCTTTA,76
TCGATTCTCACATTAA,76
TCGCTAATGACCAACA,76
TCTAATCACTTAACAC,76
TCTAATGTCCTTAAGG,76
TGATATACCGTACACA,76
TGATCATAACGAAGTA,76
TGCAAACGTATTCAAC,76
TGCGTATCTTTTACAG,76
TGGAGGCAATAATACA,76
TGTCACAAATGCGATA,76
TGTTATAACATACAAA,76
TTAACACGTCAGTCCT,76
TTAAGCCTTAGAGTAT,76
TTAATCTGAATATATA,76
TTACTTAAAAACTTAA,76
TTAGTAACCCCATCTC,76
TTATGTATTAATTTAA,76
TTCATTTACAAGAACC,76
TTCCATCCCCGAAATC,76
TTCGTCTACCTAAAAG,76
TTGGTATCATATACTT,76
TTTTCAGCACCCAATA,76
AAAAACTAGGAGTGAG,75
AAAACCAAGGTCTAGA,75
AAAACCAGACAATTTT,75
AAAATGTAAAGTGTCA,75
AAAATGTTTTTTGCAG,75
AAACTTAATCTCCAGC,75
AAATACCAATTCCTAT,75
AAATACCACTAGGCCA,75
AAATTGATTGCTTAAA,75
AACAAAAAACAAACAA,75
AACATACCATCGGACC,75
AACGAATATGTCACCG,75
AACGCTTCACTAATCC,75
AACGGCGGATATCCCG,75
AACTGCTAAAATGAGG,75
AACTTACCAACATCGG,75
AACTTGGGCAGGGGAA,75
AAGAACAAATGTAGCA,75
AAGAAGTCCCATATAC,75
AAGCGACGACTGGCTG,75
AAGTATTATTCTAGTC,75
AATATATGCCGACTCC,75
AATCGTAGTAAGTTAA,75
AATGGGTCTAAGTCAG,75
AATTATAATAAGTAAA,75
AATTTTCACACCCTGC,75
ACAAAGAAGACCTAAC,75
ACAAATACACGCTCTT,75
ACACATAAACAGATTA,75
ACCATCCTTAAGTGCT,75
ACCGGAGGTGCATCTA,75
ACCTTTAGTATGCAGG,75
ACTTCAAACTACGAAA,75
ACTTTACAAAGGAACA,75
AGAATACAGAATAAAT,75
AGACAAGTATAAAAAA,75
AGCAACGAACAGTTCT,75
AGCTTACACGCACTCA,75
AGGAATATTTTCTTAA,75
AGGCGTCAAACAATAT,75
AGGGCCGATTATGATT,75
AGTAACTGATCAATAA,75
AGTACCGGCATAAGCA,75
AGTACTAACAATTAGC,75
ATAAAATTAAATATCG,75
ATAACACAACAAGTCT,75
ATACAAAGAAGTGATT,75
ATACAATCAAGAAAAA,75
ATACTTAGGAACCACA,75
ATACTTCATAACAAAA,75
ATATACCCTTACAGCC,75
ATCAGGCACGGCGAAA,75
ATCTATCTAAAAGCCG,75
ATCTCTCCACCGATCC,75
ATGGAACCATGGTCTC,75
ATGGTAAATCATACTT,75
ATTCAACGACCAAGTA,75
ATTCTTTAGTGGAGGA,75
ATTTCTTTGATGTGAC,75
CAAAAAGAAGTAACCA,75
CAAACATATACTGCCT,75
CAACCCTAAGTTGAAC,75
CAACTAAAGCAAAAGC,75
CAATATAGACTAATCA,75
CACAATTCCTATACTT,75
CACCGGTGATAGAACA,75
CACTAGTCTGTGTTTA,75
CACTCACGCATAAGAC,75
CAGGCAATTCCAAAAA,75
CAGGGTGTTAACCCAG,75
CCAAATTCCCGACGGC,75
CCAATGAGGAACGTAA,75
CCACATCATACGGATG,75
CCACCAGCGCGAGAGG,75
CCAGTTGCGGGTACTC,75
CCATTTTCAACTATGA,75
CCCAAGAGGTGAAGAA,75
CCCTACACTATCGGAG,75
CCGAGAATTATTGTCA,75
CCTAATAGATAATCTG,75
CCTCAGCAAATGCTTA,75
CGAACTGCTCATATAA,75
CGCGGAGGCGGTATTT,75
CGTAGTGTACACCGAA,75
CGTATAGAGCGGCAAT,75
CTAAAATTTACTGCCC,75
CTAAACAGAAGCCCAG,75
CTACAAAGTATAATGA,75
CTACCAAAAATACATC,75
CTAGAAACACAGAACC,75
CTCGCTAATTCCATAA,75
CTTTATGGACCTAAAT,75
CTTTTTGGATGAAAGC,75
GAAAAACTATAACGGA,75
GAAAATCTGGCATAGT,75
GAAAATTCGAAAAACT,75
GAAGCGGACTCTAGAA,75
GAATGGCTTCATGCAC,75
GACGTGGACATGTCGA,75
GAGAAAAAACCTATAG,75
GAGACAACTTGTACCC,75
GAGTACAACTATCACC,75
GATAATTTACAAACTT,75
GATCAACCAATAAAGG,75
GATCGCATAACCCCTT,75
GCATGAATAGCGAGTA,75
GCCAAGAAGTGTATTC,75
GCCCGGAAGCAAATTT,75
GCTAACAATGCGATAT,75
GGACGGACGCCAGTAC,75
GGAGTAAATCATAATT,75
GGATAAAATCAAACAA,75
GGGACAACTAAGTCAT,75
GGTATATAAGGATGCA,75
GGTTAACCAAATAAAT,75
GTAAAGTAACCGTACC,75
GTAGGGCTTCATCTTT,75
GTCCGGTCCCTTGAGC,75
GTGATAGAAAAGCAAT,75
GTGCAATGTTAAAAAC,75
GTTAACGACTTGAGCC,75
TAAAAAACTAGACTTT,75
TAAAAACAAAGACAAA,75
TAAATCAACACCCGAA,75
TAACCAAAATGAGGTC,75
TAAGGGATCTGCCAAA,75
TAATAGTGCAAAAATT,75
TAATTGGAGCTTGTTT,75
TACACAATGTCGTGCA,75
TACATGCTTAACAACT,75
TAGTAAATGGGAAGCC,75
TATAATTCAAATAAGG,75
TATGTTAAATCCCAAT,75
TATGTTTTAAAACACA,75
TATTGTTTAGAATCAC,75
TATTTGTAAACTCCAT,75
TCAATGCACCCGAGGT,75
TCACACAATCTGAAAT,75
TCAGACTGAAAATTTA,75
TCATTCTCATGGAACT,75
TCCACCTTTACCTTAT,75
TCCCGCCTAATAATCT,75
TCGACCGGTACTGTGT,75
TCGATAATAATTGAAA,75
TCGTAGACGGACTGCT,75
TCGTAGGACTTAGACC,75
TCTACCCAACAACAAC,75
TCTCGAGATACCACGC,75
TGAAAATTAGAGATTT,75
TGAGCCAACATGGATC,75
TGCAACCTTTTTATTC,75
TGCTAATTACTTATCA,75
TGGAGCGTTAGGAAGC,75
TGGATTTGTTATGGAA,75
TGGCGATATAATCGAA,75
TGTAAGATGAATTAAC,75
TGTTAATAGATGAAAT,75
TGTTTCTGCGTTCAAT,75
TTACGATAAGACGCTA,75
TTAGGGCACACTAGGA,75
TTATCTAGGCCAATAC,75
TTCACCGCTCGTAGTA,75
TTCTAATATGATTATC,75
TTGGCGTACAACCGTT,75
TTGTAGAACAATAACT,75
TTGTCGCTAATCGTTC,75
TTGTTACTACATGCCA,75
AAAAAGTGATATACCC,74
AAAACAAAAATATCCG,74
AAAACACTATTTCAAG,74
AAAACTAGGATTGTTA,74
AAAAGACCAAACAAAG,74
AAAAGCAAAAAGTTCC,74
AAACCATTACGATGCA,74
AAATACCCATGAATCG,74
AAATTAGCACGAAAAA,74
AACAAAGGACTCCCGT,74
AACAAATAGATCCTGA,74
AACAGAAGCGAAATTA,74
AACAGCAATAATAAAT,74
AACCTGTGGTAGTAAC,74
AACGCCAGATAAGCAC,74
AACTGATGTGGGCGCC,74
AAGAACCTGACCACTA,74
AAGACGGGTCCGAAGA,74
AAGATTGAAGCTTAAA,74
AAGCCGACACTGCCAC,74
AAGCGGTGCCTGATTC,74
AAGGCTGATTAGGGTA,74
AAGGGCCGACGGCACC,74
AAGTCAGCACTCAGCT,74
AATACCACTGTTTACT,74
AATCAAATACGTGCGC,74
AATCACTATCCCTTCG,74
AATGATACAACTGCAG,74
ACAACGTCCACATCAA,74
ACCGGATGACAGTCGT,74
ACTCAATGAATTAAAG,74
AGAAAAACACACCAAC,74
AGAAAATTATAGCTAT,74
AGACAAATAAAAATTC,74
AGACGATTACTCAATA,74
AGAGAAATTAGTTCAC,74
AGAGATCCTAGAAAAT,74
AGATCCCAATCGGGGT,74
AGCCGATATATACTCT,74
AGCCTTTACCGGCCCA,74
AGCGTTTCGTATCAAA,74
AGCTTGATCCATCTAA,74
AGGCAAGAGCAGAGGG,74
AGTCCCATCACTACCG,74
AGTGATTACAGTGCAC,74
AGTTACGAATAGTATA,74
AGTTCAACGCGTAGAT,74
ATAAAGGTAGAAATAA,74
ATAACCTAGTTCAAAT,74
ATAACGTATAATACTG,74
ATAATATACTCTCTAT,74
ATACATATATGAATAA,74
ATACATTCCCAAGCGG,74
ATATCCCTACAGAGCA,74
ATATGTAGTGCAAGCC,74
ATATTCGCTAGGGATT,74
ATCAATATAAAGTCTT,74
ATCCCACGGCTAAAGC,74
ATCCCTGAACCCTAGA,74
ATCCTCTGGATTATTA,74
ATCGAACATAGGTTTA,74
ATCGTACGGGATAACT,74
ATCTAAAGAAAACGCT,74
ATCTGCGAGATCAAGA,74
ATCTTAACAAAAAACT,74
ATGGAATAAAAGAGCG,74
ATGTAACTAGAGGGAT,74
ATGTGCAGTACCTGCT,74
ATGTTACCTATACCAT,74
ATTACATAACTCACGA,74
ATTACTTTATCAATAT,74
ATTGCAACAGGCCGCA,74
ATTTAGACCTATTGTA,74
CAACAGACGTTTAAAC,74
CAACCTCAACAAAATA,74
CAAGTTCGGTTTCCCA,74
CAGTAGCAGAATCAAG,74
CATAGGATCAACAGCA,74
CATTAAGAAACGACTA,74
CCAAATATACATAAAA,74
CCCCACTACTCCACGA,74
CCCCATATTCAATCCC,74
CCTAAGACAAAAACAC,74
CCTTTCCGGGTATAAC,74
CGAAATAAACCCGATA,74
CGAATACCTAAGGTCT,74
CGACCAACAAACGAAA,74
CGACGCAAATTAAGAT,74
CGATACGACAGGAGAT,74
CGCCAAGATAGGCATT,74
CGCTACGGCAGCTTCA,74
CGGATAGAACGGATAC,74
CGGGCTAAACAAAAAA,74
CGTACCGCTCTACTAC,74
CGTGGAAGAATGAACG,74
CTACAAGGCCGCTACT,74
CTATAAACATTAATAG,74
CTATTACCGAAAAGTG,74
CTATTACCTTTTTTCT,74
CTCAAGAATGAACACA,74
CTCAATCCATCAAACT,74
CTCCCTACACTACAGA,74
CTCGCAAAAACGTAAA,74
CTGTAATGAACACAAT,74
CTTGAAATCTAAAAAA,74
CTTGGCAGACTAGATT,74
GAAATCTACCATCCCA,74
GAACAAACTAATAAGC,74
GAACAATAGAAAAATA,74
GAACATAAGCCTCCAA,74
GAAGATGTGGATACAC,74
GAAGCCCTCAAGACTA,74
GAATACAGAACAATCG,74
GAATATCAGTGCGAAG,74
GACCAAAGCTGCCTCC,74
GACGTCACGACCACAG,74
GACTCGTGATGCAGAC,74
GACTTCCATGTCGCCG,74
GAGCTAAACATTCTCG,74
GATAGAGCATGGTGTC,74
GATCTCCCAGAGTATA,74
GCCGTCAGCCGGACAT,74
GCCTGAGCCGTCAGGA,74
GCCTTCGGAATCCATG,74
GCGTTAGATATCATCC,74
GGAAATTGCGGAGAAT,74
GGTATCAGTCGTGTCA,74
GGTCATTCTCTCGATA,74
GGTTGTAAACACACCA,74
GTAATCGGTGAGCACA,74
GTATAATGTAGTTGCA,74
GTATAGAAAAAAGCGC,74
GTCAACCACACTTCTT,74
GTCGGCACACAAAATT,74
GTTATCAGGAGCTAAT,74
GTTCTGACTGAATACC,74
TAAGCAGCTGGGTAAA,74
TAAGCCATTATAACTA,74
TAATTGCAAATTTACA,74
TACAAGCTTACCGTTC,74
TACATCGGATGCTCCA,74
TACGGTTTCAAAAATA,74
TACGTATCTCAAAATG,74
TAGAATAGGAAGTCTA,74
TAGATCTTTGTACGCG,74
TATAAGAATGCATTTT,74
TATAAGATAAAACCAG,74
TATCGACCTGTAAAAG,74
TATTCACTGCACAACC,74
TCAAAAAGGTCGTTAA,74
TCAGGAATGAACTCCT,74
TCCAAATGCAAATACT,74
TCGTAAGTTAATTACG,74
TCGTTGTACAAAGTTG,74
TCTAAATTCTAACAAA,74
TCTAACATTGCGTTAG,74
TCTACTATCTCATCTA,74
TCTACTTAATACGTAT,74
TCTCCTACATATAAAC,74
TGAAAAAGTGCATAAC,74
TGATTACATGGGAATC,74
TGCAAAAAGGCTACCC,74
TGCCGTAGATCAGGCA,74
TTAAATGACCGACTTA,74
TTACACTACAGACCAA,74
TTACTACTCGTCTAAG,74
TTAGATACCATAGGAA,74
TTCTTGTGATACCTAT,74
TTCTTGTGATAGCTTC,74
TTTAAGCCACGAGAGA,74
TTTGACTGAGAAGGTT,74
AAAAAAACCCAGAGTA,73
AAAAAATTAACGTTAA,73
AAACAACATGCTATTT,73
AAACTAGCAAGGCGAA,73
AAATGATATCGTTCAT,73
AACAAAACAGAGGGCC,73
AACACATCGTTTGTAC,73
AACGTAACAACCAATT,73
AAGAAATACTAACAAA,73
AAGACACTAGTGGATG,73
AAGACCATGTTAATCT,73
AAGGCACAGCAGAGTG,73
AATAAACCTAGAGTCC,73
AATAAACGGAATTAAG,73
AATAAACTTTTGGAAA,73
AATACAACTTAATAAG,73
AATAGGCAAACTAAAC,73
AATCAATAACTAAGAA,73
AATGTATGACTATAGG,73
AATTAACTCAACATAC,73
AATTACCTTATTATAT,73
ACAGTACTTGCAATAT,73
ACATTCCTATTAGTAT,73
ACCCCTACTGCGCGAC,73
ACGACACAATATCCTA,73
ACTCCAAAAAGATATA,73
ACTTGCAGCTAACATA,73
AGAACACGATGTAGAG,73
AGAATACCGAATATTG,73
AGAATGCCCGGTTGAG,73
AGCATACTACATTTAT,73
AGCGTCTTGCCCCCGA,73
AGCTCCCAAAAAGGAA,73
AGGATAGATTGGACGC,73
ATAAAAATGAGTGCAT,73
ATAAAATTATCCGACT,73
ATAATCCATAATTTAG,73
ATAGTAGAAAAATAGA,73
ATATCCCGATCGCAAT,73
ATCACATTTTGAATTA,73
ATCACTATGAGATTTG,73
ATCACTTATTGTGACG,73
ATCGAGTAACTAGAGT,73
ATGAGTTTCCGGGCAC,73
ATGTATGGAAGTCTTT,73
ATTAATTAACCTTTCC,73
ATTAGCCAAGTAATCT,73
ATTCCCTAAATCACAA,73
ATTCTGTCACGCCGCT,73
ATTTCGATTGTGCACA,73
CAAAACTTATATAAAA,73
CAAAATCATTTTCTTT,73
CAAATTACTCTATTAA,73
CAACGTATAATGTTCA,73
CAAGCAGACCCCGAAT,73
CAAGCTTGAGACTCGG,73
CAATACAAGACCCAGT,73
CACAAAAACAATCAGA,73
CACTTAAGCACCGTAA,73
CAGGTAGAGTATATAA,73
CATAACGTATCCGTTG,73
CATACTATATTTGAAT,73
CATATATACGCAGTGA,73
CCAGCCTATTTGAAAA,73
CCCAAAACAGCGTAGT,73
CCCACGACGCTATTAG,73
CCCAGACTAGTTACTC,73
CCCCCTCGCCACTGAC,73
CCGCAGACTTAAGAAC,73
CCGTTATTGCTTAGCT,73
CCTGACGGCAATCAAC,73
CGAATTAGGGCTTTAA,73
CGACGTCGAGACTGGC,73
CGCCACAAACTCAAAT,73
CGGACCTACATGACTG,73
CGGTCAATCCGAGAAA,73
CTAAAAGCATCGGAGG,73
CTAACCCTGTTCTGTT,73
CTAAGAAGCGAGTATA,73
CTACGTAAAAAAAGTA,73
CTCTAACATGACATAG,73
CTGAGATCATGAACTG,73
CTGTCAATATACAGTG,73
CTTCCTGATTAAAAAA,73
CTTCTCCTATTAAAGC,73
CTTGAGCGCTCAGTAA,73
CTTGGACCCATCGCAA,73
CTTTGGAATCCCAAAT,73
CTTTGTAAACACACAA,73
GAAACTCCAGTGTCGG,73
GAAAGTACATAAAGAG,73
GAACAAAGACATCGTA,73
GAACCTAAGTTGTACT,73
GAATACGTGCCTTTAA,73
GAATTGCCCAAGAACT,73
GACACACTTATATCCC,73
GACACGTCTCGAAAAA,73
GACACTCCAAAGACAG,73
GACCTTCTGACCCAAT,73
GACGATGAAATCGAGA,73
GAGATGGCTACTGTAA,73
GAGCGTCTGAAGTAAA,73
GATACTATTAGGAATG,73
GATCCCCCATTCTGGA,73
GATCCTGCAAAATACC,73
GCAACTGTAGAAGGCT,73
GCCCAGATATCCAATC,73
GCGCATGACGTGTGTA,73
GCGGTTCGAGCTCAGC,73
GGACCACTCATGGGTA,73
GGAGCCCAAATATTAA,73
GGATAAAAATTTTTTT,73
GGATACCATAGAGCCA,73
GGCTACCCTCGTAATT,73
GTAATACGGCTATCAC,73
GTACCGAAATTAATGG,73
GTATATTAACCAACGC,73
GTATTTATCTATAAAT,73
TAAGACGCTATTTGAA,73
TAATCGAAAAATTTTG,73
TAATTCACACCAGACG,73
TACAAAGCCCATATCC,73
TACACCCACATGCCTC,73
TACCATCATTGTGTTT,73
TACCTTTTGATCTACT,73
TACTCTAATATTATTT,73
TACTTAAGTTTACTCC,73
TAGTCTGGTGATACGG,73
TATGTGATCCTATTTG,73
TATTAGCGCAATGTAG,73
TCAGAATATAATATTA,73
TCAGAATATCCGAAAA,73
TCAGTACATGAGACGA,73
TCCTCCACCACGCAAC,73
TGAAGTAAAGTTATAC,73
TGACATTTTCAGCCAA,73
TGATTCTGACCAGTGA,73
TGCGGAATAAAATGTT,73
TGGAACATCGAGAAGC,73
TGTACACAATCTAGAG,73
TGTTTAAAGAAATTTA,73
TTACCAGATGTTACAA,73
TTCAAGTCTGACTAGT,73
TTGTAACAGATTTACA,73
AAAAAAAGCAAAAATG,72
AAAAACGGAACAACTG,72
AAAAGATAAAACTGAT,72
AAAAGGCCCCAAATTA,72
AAAATAATTAACGTAA,72
AAACAGATCCACCTAT,72
AAACTGAGTTAACATA,72
AACACCCGCTTGAATG,72
AACATATCATCACTTA,72
AACATCTTTAAAGGGT,72
AACATTGCAATTGGAG,72
AACGAAGCATAGAAAT,72
AACGATAGATACACGG,72
AACGCTCAAAGGTATC,72
AACGTTAAAAAAATAA,72
AACTACAAAGGGAAGT,72
AAGAACACGGCAATAA,72
AAGACACTCTCTCCTC,72
AAGACTAAATGCGAAC,72
AAGATGCAAGGTTCTA,72
AAGGTCAAAACATAGT,72
AAGTCTTTCCTAAAGC,72
AAGTGACCGTTCAGTT,72
AAGTTATAAAAAGAAT,72
AAGTTATGCATATGTC,72
AATCCGGGATTATGCG,72
AATCTCTATCTGTAGT,72
ACAAAATGTAAAGACA,72
ACAACCAGCAACCCAT,72
ACAACTCCAATAACCC,72
ACACTACTACCTCGGA,72
ACAGCATAAAAGGGCC,72
ACAGCTACACTAGCCC,72
ACCCGCACATCAACAT,72
ACCGACGCCGTAGAAT,72
ACCGCGCAACCGAACC,72
ACTGGAAATCAACGGC,72
ACTTATTAAGCAACAA,72
ACTTCTATTGAAACAT,72
AGAAAACGAGTAAATA,72
AGACCCAATGCTTGTT,72
AGAGCTGCGTTTTCTA,72
AGATAGCTAGAGCAAA,72
AGATCAATAAGTAGTG,72
AGCATATATGAGTATC,72
AGGAGATCCTCTTTCA,72
AGGCGCACATCTCTGC,72
AGGGCGCGGAGATAAG,72
AGTAGGATGAAACTAA,72
AGTATAAAGAAATAAC,72
AGTATAAGTAAGTCGA,72
AGTTACAAAAGTATTG,72
ATAACAATCCCCTGCG,72
ATAATGAAACGAAAAA,72
ATAATGGTCTCTTCTC,72
ATCATTGGTGGTATAT,72
ATGATACTAAGCCCGG,72
ATTAAATTGACACCCC,72
ATTATTGTATCAAATA,72
ATTTAGAATCGATACG,72
ATTTCACTTAATGGAC,72
ATTTCGGAGCGCAACC,72
ATTTTCCTTATTCCAG,72
CAAAAAATGAGATGAA,72
CAAAACCGAGTACGCG,72
CAAACACTGCACTTTC,72
CAAGTCAATTAATGCA,72
CAATGTCTAAAGATCA,72
CAATTAGCAAACACAT,72
CACAATCGCTACACTG,72
CACCAAGCCCTGGACA,72
CACCTATTGAAACCCA,72
CACTGACTGTAACTTG,72
CAGTTTCCTAAATTAA,72
CATAATTATACATTAA,72
CATAGGTTGGTTTCAT,72
CATCAAAACTAGCGCT,72
CATGAGTAAGTTAGTT,72
CATTAAATGATCAGGA,72
CATTGATAGCGACGGG,72
CCATGAATCTTCGGAA,72
CCCGTCGGTAAGAATA,72
CCCTAACAGCCAAGCC,72
CCCTTTACACAGAGAA,72
CCTCGATAAATCGTGC,72
CGAGATTGTTAGATAG,72
CGGGGACAAAACAATG,72
CGGTCTGCTCTTACTA,72
CTAGATAAATTGATTC,72
CTATTCCGGATTGCAA,72
CTATTTTTCCAATACT,72
CTGACGCAAGCTCTCT,72
CTTGCTTGTTAGTTAT,72
GAAAATAATCAAAAAA,72
GAAAGATGTCATAGCT,72
GAACCCGTTACTGACG,72
GAAGCTGGGGGTGTAG,72
GACAAAAACGCAATGA,72
GACAATATGAAACTCT,72
GACAGATTGTCCAAGA,72
GACCTTACCGCAGGAC,72
GAGAAACCTTATCGCA,72
GAGTTGTAGTTTCGAA,72
GATAAACATGTTGAGA,72
GATAAATGAATCTGAT,72
GATACGCATGCAGGTG,72
GCAAATTGATATTACC,72
GCAGGGAGCAAGGCCC,72
GCCACCGCAGGAGCAT,72
GCCACTGTGAAGTCAA,72
GCCTTTAAACGTAGTA,72
GCGATCACTACCACAA,72
GCGGCTCATTTGCGCC,72
GCTAGCCGGAACAACC,72
GCTTAGCGATGCGGTA,72
GGAGATTCGCAGGCAG,72
GGCTTTCGGATAGTAG,72
GGTAACGATAAAAGAT,72
GGTTCGATGACAGATG,72
GTCGAGAACCACATAT,72
GTCGCCACTAGCAATA,72
GTGCGAACTAGCATAG,72
GTGCGACTTATTGATA,72
GTGGCAAATGACAAAA,72
GTGTCAGGACTCGTAC,72
GTTAGGTAGTCCATAT,72
TAAAACATAAGCTATT,72
TAAATCAATTAATCGT,72
TAACCCATGTGCATCC,72
TAACCGCCACCGTTCA,72
TAACCGTCGTAGAACA,72
TAACGATCTTTAGAAA,72
TAAGTTGCAATCTGGA,72
TACCGCCTGTAAAGCA,72
TACGGCCAAAACCAAT,72
TACTAGGAAACGTATG,72
TACTCCTGGATCTACG,72
TAGAATATTATTAGCC,72
TAGATACTGTAAATAA,72
TAGTTAGCGGTACGAG,72
TCAATAGCGTCAAAGA,72
TCAATTAGCTAATCAG,72
TCAGAAAAAAATTCAT,72
TCATCACGAATAACCG,72
TCATGAAAGGGCGGAA,72
TCTAAATAACTTAAAA,72
TCTAAATTTATTACCG,72
TGAAACGAGAGTTAAA,72
TGACAAAAACATCAAA,72
TGACATTGACATTTCT,72
TGACCGTTTTCGACGT,72
TGATACAAAAATATGA,72
TGATGCAAGCTCACAA,72
TGCCTTTCAAAGGCGG,72
TGGTAGCCGACCACTG,72
TGTAAATATATCTTAA,72
TGTATAATGTTAACTC,72
TGTTAGTTTACTCTAG,72
TTACAATACTTAATCC,72
TTAGCTGGACTATATA,72
TTATAACTATACAATC,72
TTCAAAGACAACCTTC,72
TTCAAATAGCAATAAA,72
TTCACAAAGAATCAGC,72
TTCTAATTGATAACCC,72
TTCTTTATGACGAAAT,72
TTCTTTCATTTTTCAA,72
TTGCTCCAACGGCTGT,72
TTGCTTGCGTACAATC,72
TTGGACATAGTGCAGC,72
TTGGGAACGTGAGGTG,72
TTGTACTCAGAGCCAA,72
TTTACGAATCCTTTTG,72
TTTATATCCATCATGG,72
TTTGCATTGTAATGCG,72
AAAAACCAACTCCACC,71
AAAAGTTGGTGGATAA,71
AAAGACAAATTTAATA,71
AAAGTTTCAAATGAAA,71
AAAGTTTGAGGCAAAT,71
AAATGGCCGCCATTCC,71
AACTAGAAATTTTCCT,71
AACTTAACTCATCCGA,71
AAGAAACTTTGAGTCT,71
AAGGCAACATCACTGG,71
AAGTTCTGGTTGTGGC,71
AATACTTGACCAGTAA,71
AATCAAACTGAAATAG,71
AATCTAGTTCAGATCA,71
AATGGCTTATCCTTTT,71
AATTCCCCTGTAAAGT,71
ACAATATGACAAACGG,71
ACACTTTAGGATCCAA,71
ACATTTTCCACAAACA,71
ACCGATGAGTAAGCTC,71
ACCTTGCCTAAATACA,71
AGAAACGTGCTGTCCT,71
AGAAATATCACACTAC,71
AGAAATGCAACGATGT,71
AGAAGGTATCCTTGAA,71
AGATAGTATTAATACG,71
AGCAAATGTCGTATGA,71
AGCCGAGATCAATTCT,71
AGCCTCACAATAACAG,71
AGCGAGTCGTCCAATT,71
AGCTACAGGTCGGCAA,71
AGGACGCGTAAATATG,71
AGGCTAAGAGCTTTAA,71
AGGCTCCGAAATCTAA,71
AGGCTCGGAATAACGA,71
AGTAATTGTGATATCT,71
AGTATACGCTTAGACT,71
AGTATCTTCCTACGAG,71
AGTATGTCGTAGATCA,71
AGTGTATCAATATTTT,71
ATAAAACTAGTATACA,71
ATAATACGCAGTAACG,71
ATACGAAACGCGACCC,71
ATGCCACAACATAACG,71
ATGTCAAATCAATGTT,71
ATGTTAACTAAAAAAT,71
ATTAATCGATACATTA,71
ATTTCCGTACGATAGA,71
CAACATATAGATGCTT,71
CAACTACATAGAGATG,71
CAATACATCGTACGCC,71
CAATCCTTGCCCGATT,71
CACCGGTCACAAATTT,71
CACTGAAATTACAATA,71
CAGGCTTTTGAAATGG,71
CATACTCACTTAATCT,71
CATCGGCGTACTTTGG,71
CCCCACCTGGGAAATT,71
CCGACCTCACCCTCGC,71
CCGCCATAGAAAAGAC,71
CCTACCCACGCCACTA,71
CCTACGGCTAAACACT,71
CCTGGATTTCTAGTAT,71
CGAAATAGCATTCCCA,71
CGCACGAAATTAAGTA,71
CGCGTGACAAATCTGA,71
CGCTTACCAGCCGATT,71
CGGACACACGAGAACG,71
CGGCGATACTCTATAC,71
CGGTGCAAAGGCATGG,71
CGTTCCAAATGCGTGA,71
CGTTGTAACCTAAAGA,71
CTAAACAGGACCTTTA,71
CTAAAGAATTAGTACT,71
CTAACTAAAAATGTAT,71
CTAATCCCACGACATA,71
CTATATGCTTAGAAGT,71
CTGATAAGTCCTCCGA,71
CTGGTACAATGGTGTA,71
CTGTACTAAGGACAAA,71
CTGTCCAATGATAGAG,71
CTTAGCCTATAACTCC,71
GAAAGCGCATAAAACA,71
GAACACTAACAGTAAT,71
GAATCGGTATATACCC,71
GACTAAAAATGCACAC,71
GACTATTTGTATAGTT,71
GACTGACTAAATGGCC,71
GACTTCCAAGAAGTGA,71
GACTTCCTGTAAAAAT,71
GATATACACCATTAAA,71
GATCAATAGATTATCC,71
GATGCAGAGACATACC,71
GATGGCCGTAAATCAT,71
GCAATAATTTTGCGTG,71
GCTCACGACCATGCGC,71
GGAATTCATCGATGTA,71
GGACACGGGCTCAAGC,71
GGCCAATGGCAACGGC,71
GGCCACATGCTATAAA,71
GGGACTTAATTAATGT,71
GGGATTTGTGTAATAT,71
GGTAATTAGACCACAG,71
GGTATAGACCTAGGAT,71
GTCACAACACAAAAAC,71
GTCATCAATAAGAGGC,71
GTGTCTACTCAAGAAA,71
GTTTAGCAGCGCGTGC,71
TAAAATATAAAAACGT,71
TAAAGGAGCTATTAAC,71
TAAAGGATCACAATTT,71
TAACTACGGGCACTAT,71
TAAGCGAGACAGAGTG,71
TACGACCATTCAGCGT,71
TACGCATAAACTAGAC,71
TACGCCCATATAATTG,71
TAGAATACTATATGAA,71
TAGTCTGCTTTTCCAG,71
TATCACCTATTATTTT,71
TATCAGTAGATGGTAC,71
TCAAACAACCATCAGA,71
TCAATAATATTCGCAC,71
TCAGTCTTTCAAATGG,71
TCCGATGTCAGTACCA,71
TCCTAACTTCTCAAGA,71
TCTAAATCAGGTGACC,71
TCTTATTCGCATCCAT,71
TGAAACAATAAGTTAA,71
TGAAATAGTCTTCTAC,71
TGAGTAACAGGACAAT,71
TGTACAACGTTTAGTC,71
TTAAAACACAGTAAAT,71
TTAAGAGCTAGAATTG,71
TTACTTGGGCAAAACC,71
TTAGATCCCTACCAAA,71
TTCAAATTTCAGCCCA,71
TTCACAACAACACTAT,71
TTCACCTCCCGTATTG,71
TTCAGACGCGTGGTGT,71
TTCCGATTAGAAAACA,71
TTCGACTAGCTCAGAG,71
TTCTCAGTATTTCAAT,71
TTGACCAAAATTACTA,71
TTGATTATCTGTAACT,71
TTGCTCACCAGTAAGT,71
AAAAAATGCCCCTACT,70
AAAAATAGGGGTTTGC,70
AAAAATATTATATTTG,70
AAAACCGGGGCCTATG,70
AAAACTTAAATACAGA,70
AAACATCGATACAAAG,70
AAAGTTGCAATTGTCA,70
AAATCAATAATTGAAT,70
AACAAAATACAGAAAA,70
AACGAATATTTACAAA,70
AACTACTGCAAGGATT,70
AACTCTGGTCTTGGTT,70
AAGACAGAGTATGATT,70
AAGGGCAGTGGTACAA,70
AAGTGGATAAGTTATG,70
AAGTTTAATAATGTTA,70
AAGTTTGCAGAACATC,70
AATAATAAACCCTGAA,70
AATACCCGTTGTTAGC,70
AATACTACATAGTAAA,70
AATCGTCTCCCCTTCC,70
AATTACAATGCCCAAG,70
AATTGCCATAATGCCA,70
ACAAACATAAAACCAA,70
ACACGATAAAACGGGT,70
ACATCAAATAAAATAA,70
ACCTATAAAGCTCCTA,70
ACCTCGGATTGAAGTT,70
ACGGTGCTGGATTTGG,70
ACGTACGGACACGCTT,70
ACTCAAAAAGATAATT,70
ACTGAACGCACAAACA,70
ACTTTATTAGATCTCT,70
AGAATCCTAAACATAT,70
AGACATTATCTAGTAG,70
AGCCAAAGTAAAAAGC,70
AGCCACAAAAACTGTT,70
AGCCCTGCCATATATC,70
AGCGTCCCTGGTATAC,70
AGCTGTTAGCCGCACG,70
AGGAAAACATGTGATT,70
AGGAATGACACGAAAA,70
AGGCTACGGCCGTGTA,70
AGGCTCAACTCTATGA,70
AGTAAAACACTCTCGA,70
AGTAAAGACCAAATAG,70
AGTAGAACTAATATGA,70
AGTCTTCTGGGTTATT,70
ATAAAACCATAGCAAA,70
ATAGAACAACGACGGT,70
ATATGACGTACCTTCC,70
ATCAGTTCAAAAAGGG,70
ATCGAATCCTAAGGCT,70
ATCTTTCTAACGTACC,70
ATGAAAAAGGTACCGG,70
ATGAAGATCCACAACA,70
ATGATCATAATTAAAA,70
ATGGAATCAGATATAA,70
ATGTACCTGGACGCCT,70
ATTAAATACCCCCTTA,70
ATTATAATTGTATGAC,70
CAAAAAGGGGCTTGCA,70
CAAAAGATTTTCAAAA,70
CAAACCGCAATTATCT,70
CAAAGCGCCATCGCAT,70
CAAATTGCTCAACATC,70
CAATCACCTGTGCAAG,70
CACACAAACAATTCCA,70
CACTGTAAAGCCGAAG,70
CAGAATATCAAGCTGA,70
CAGCATAGACTATGAA,70
CAGCCAAGAGCGGTCC,70
CAGCGACATTGTCTCT,70
CAGCGGGATCCCCCAA,70
CATCCCATTATGTCAA,70
CATCTTAGAGATTACA,70
CCACTTGAATGAACTT,70
CCAGATCAGTCAAAAA,70
CCATACAAAGGCATTC,70
CCATATCTATGGTACA,70
CCATGTTCTATCCACT,70
CCATTCAACAGTTGTA,70
CCGCGTGCGGCTTAAT,70
CCGTTAACTTGAACAA,70
CCTAGACTCAGTTAAG,70
CCTATTTACTAAATTG,70
CCTTTAGCATAACGAA,70
CGAGTTACGAATAGGA,70
CGATTTCAAATCCCGT,70
CGGAAAACCATTTTTA,70
CGGGAACATTCAGTTA,70
CGGTTCGTATAGATCT,70
CGTAATAAATGGGTAT,70
CGTAATAATCAAGGGA,70
CGTAATACGGTATACA,70
CGTACGCAGGTCGGAT,70
CGTGAGCCCATACTAC,70
CGTGCTCATTCAGTTA,70
CTAACTCAGAAACTCG,70
CTACGACAGCAGTTGT,70
CTAGCCAAATTACATA,70
CTAGCCTGTAGAATAA,70
CTATAATGATCGGAGC,70
CTCATTGCCTTATAGC,70
CTCTAAAATTCATGTT,70
CTGCAATAATCTCAAA,70
CTGGAGTGCAGGTAAT,70
CTTAAACATCAAAAAG,70
GAACCTTAATCTCCGC,70
GAAGCAGTATAACTGA,70
GAAGCCACCCGTCTAT,70
GAATGGTTTAAAACTG,70
GAATGTAATCCGGTAG,70
GACCATCAATCTTTAA,70
GAGATTCCGTTCGGAA,70
GATAAAGATCCGTTCC,70
GATGACAAATTCAGCC,70
GATGCAAGGAGACTTA,70
GCAAACAGACTCCCGT,70
GCAAACCCAACATTCA,70
GCACCTTAAAACGCAT,70
GCATCAAATCACCCCC,70
GCCCATTTTTGCCCTC,70
GCGCTGTAGCCCTACA,70
GCGTAATGTTAAAAAA,70
GCGTACATAATTACTG,70
GCTGCGTCCAATACAT,70
GCTTAACACCAGTTTC,70
GGAACTATAATTGCAA,70
GGAATCATGGTTCCCA,70
GGATTGAACGAAAGCT,70
GGCCAGATGAACACAG,70
GGCTCAAATTAGTTCC,70
GGTAGGAACAACCCGC,70
GTACGTAGGCTGAAGT,70
GTATGTTGAAATCATT,70
GTCACGTTGTATGTAT,70
GTCCCAAAACTAACAG,70
TAAAGCCGTTGAAAAG,70
TAAGCCGAGTATATAT,70
TAATTATCGCTGAGGA,70
TACACAGAGTCCATCT,70
TACACCGTAATCTATA,70
TACGCGAAGCATGTCC,70
TACGCGTTCGGAAGCT,70
TACTACCCGGTCTATA,70
TAGAAAACATCATAGC,70
TAGAAGGTAGTGGTTA,70
TAGCGTGAAAGCATTA,70
TAGGAAATCAGCTTCA,70
TAGTGACAAACTAAAT,70
TAGTTTCGTTTCGAAC,70
TATAATTTCGCATTCG,70
TATAGACACAGACTAT,70
TATAGGACGCAATACT,70
TATGAATAGGGAGAGC,70
TATGCCTAAATATTTG,70
TCAACGTTAACCCCCC,70
TCCAACAAATACATCC,70
TCCGATACGATGATAC,70
TCGGTCAACGGCGAAC,70
TCTCAATCCCTGGTGC,70
TCTCGCTATTCATGGT,70
TCTGCGTCTAGTAAAG,70
TCTTTTGGAGCCAGAT,70
TGAGATAGAAGCCATG,70
TGAGTAATGCGAATCT,70
TGCCACCAAACTGATA,70
TGCGTTAAAAATTAAA,70
TGGCCCTTGAATGCAA,70
TGGGTCAAAGTTACGA,70
TGTAGAACAGTACGAG,70
TGTTTACTACATAGAC,70
TTAAACATTAAGCAAC,70
TTACTGAGCCCTTAAC,70
TTAGCCACGATGATAT,70
TTATAGGCGCAACTTA,70
TTCAACTCCCGAAAAG,70
TTCCAAAAGAAAATAA,70
TTTGGTGCATGGAACT,70
TTTTAGAACAGCTAAA,70
TTTTTCCATACCAAGC,70
AAAAAATAGTTAAATG,69
AAAACGTTCACTAATA,69
AAATTACTATGAGAGC,69
AACACAATTCCATGCC,69
AACATTGTGTATCACG,69
AACCCAATAGTTTCAA,69
AACCGCACATAAATAA,69
AACCTTTCACTTTATT,69
AACGAAAGTATCTACA,69
AAGCACGAGCTAGATG,69
AAGGAACATTTCATTG,69
AATACACTACCATCTT,69
AATCATATACTCAGTA,69
ACAACGTAACCATCTC,69
ACAGCTCGCATAAAAT,69
ACAGCTTCGTAATACT,69
ACCAGAAAAACGAATG,69
ACCGATCTACGTGATC,69
ACCGATGTCCAGTAAG,69
ACGAGAGGATACACCT,69
ACTACTTTATTCCTTC,69
ACTCCCACTCAACTAC,69
ACTCTATTCAAAAGTG,69
ACTCTTATTAGCAATG,69
ACTGCAAGAGTTTCAC,69
ACTGGGCAAAAACATA,69
AGAAGATGAAAAAATG,69
AGATACGAACAACCAA,69
AGATCCCTCGTCATAT,69
AGATGTTTCAAAATAA,69
AGCCCATATAGCCGTC,69
AGCGCTCTATCTAATT,69
AGCGGGTAACCCAGTA,69
AGGAACAAGAGCTGCC,69
AGGGTACTAGTTTCAG,69
AGTACTTTACAGAGGA,69
ATAACATCATTCAAGA,69
ATAAGACCCTCCCCAT,69
ATAAGAGAAAAATCAA,69
ATATAAAGAGTAACCT,69
ATATATGCATCTAATA,69
ATATTCCCGATTTAGC,69
ATCATATAAGCCCCAT,69
ATCGGCATGAGAATGA,69
ATGATTTTGGACCAGC,69
ATGGAAAGTTACACTA,69
ATGTAAAGACGGTTCA,69
ATGTGAAGTGACTACA,69
ATTAAGAAGTGCTACA,69
CAAAAGACTTCCTGAA,69
CAAACTGCACAGTGTT,69
CAAGGCACCCTAATAG,69
CAATACCAGCAGTTCA,69
CACAGCACCGACCTGA,69
CATACTATTTGGGAAG,69
CATGACTTAACTTAGG,69
CATTAATATTTACTAA,69
CATTGACACAAACATA,69
CCAACTTAAGGCGCGA,69
CCATGATATCTGATAG,69
CCCTCCTGGTTCCAAA,69
CCGAGGGGTAAACGGT,69
CCTAGATCATCATTCA,69
CCTTTGTGAACAGAAG,69
CGAGCTCGATACTATC,69
CGCCTAAACCTTTCAA,69
CGCGACATTTTATGCT,69
CGCTTAGCAATTATCC,69
CGCTTATAAGTAGGCA,69
CGGGAACTAACCATTT,69
CGGGCACACCGAGTAT,69
CGTATCCCGAAAAAAG,69
CTAACAAAACGCTGAT,69
CTAACACCAGAGAATG,69
CTACCTATATAAGCTT,69
CTATCGCGAAACCTAC,69
CTATTCCATGATGATA,69
CTCGACTGGTCAGGCG,69
CTCTATCCCTATGAAC,69
CTCTGCAGGCCTCTTT,69
CTGAACCCTAGTATAA,69
CTTAACAACAGCTATT,69
CTTATATTAATAACTC,69
CTTTATCTAAGGAAAT,69
GAAAACGCAGCGAACC,69
GAAAGAAGACAGAGCC,69
GAAGAGCCAACATGAA,69
GAATACTATGATGTCA,69
GAATCATCCATGAAGC,69
GACGGTATTACAGGCA,69
GACTACAACTAAGGCC,69
GATGCGTAAGGATCTT,69
GCACAGACTTGAGCAG,69
GCATATCAGACTCTGC,69
GCATCCAGGACAATTT,69
GCGCATGAACAGTACA,69
GGAGGCAAGCGTCACC,69
GGCACAATGGCTTTAA,69
GGGCGGCCGAAACCCA,69
GGTATAAGAATGGACT,69
GGTCATCTGGACATCT,69
GGTGAAACTTAAAGTA,69
GGTGATGTCTAAAAGA,69
GGTTATCTCAAAGAAC,69
GTAACGAAAAGTGCAG,69
GTAATTTTTTAGACAC,69
GTACTAAAGAATCTGA,69
GTAGGTACTTTGAGAT,69
GTATACTAAACGAAGT,69
GTATTTACAAGGTCCG,69
GTCTAAGCCCAGGAGA,69
GTCTTTATTCGGGTTT,69
GTTACCTTAAAATCCG,69
GTTCAAAAAACGAACC,69
TAAACATAAACTTCGG,69
TAACTCTAAAATATAA,69
TAATTCACTCGAAACT,69
TACAACAGCACCGTAA,69
TACAGCGAATCAATAA,69
TACATAATCTCGAAAG,69
TAGACTAATACTAAAA,69
TAGAGACCAAAAACGA,69
TAGCCGGGCACAGGGA,69
TATAACAACACCAGAG,69
TATAACCAAGGACAGG,69
TATACGATCTCATGGA,69
TATCTTTACAGAATGC,69
TATTCGTCTGTCGAGG,69
TCACGGAGCTAGAAGC,69
TCAGAACTAGAAAAGC,69
TCCAACCCATCGAATT,69
TCCACAAGTTCAATCA,69
TCCGGGGTCTGTATAC,69
TCGATCCTCTGAACTA,69
TCGCTACACCGCGAGC,69
TCGGCCAACTCGGAGG,69
TCTGCAGTACTGAAGT,69
TCTTGATTATAGACCT,69
TGACGGATGAATAGTT,69
TGATATAGTATTCGCT,69
TGCATTTAATGCGATT,69
TGCGGTCTAATAGATC,69
TGGCCCTCTATTCACT,69
TGGTAAAGATATAATC,69
TGGTTAAATAACCTTC,69
TTAAGAGAACGCCAGT,69
TTAATCCGTTATAGCC,69
TTAGCTAAAATATACA,69
TTCTCACCGCTAAAAT,69
TTGCACGCCAAGTCAC,69
TTTACATAAAAGCAGC,69
TTTACATCAGGACACC,69
AAAAAACCGGACATCG,68
AAAAGCTGTAGTGGAA,68
AAACTTACACACCCAC,68
AAAGAATATAGTTTGA,68
AAAGCACAGCGAAAAC,68
AAATCAAGCGCTATTC,68
AAATCAATACGGACAA,68
AAATTCTAACATTAAT,68
AACAAAGCAATAAACC,68
AACAACACACTCCTAA,68
AACAGCCAACCTTCGT,68
AACATACTAAACCCGG,68
AACTTAAATAGTGTCG,68
AAGAACCCCGAGACGA,68
AAGGAAGATCAAGTAT,68
ACAATATAAAAACACA,68
ACACTAAAGAACGGTA,68
ACATCGTGAACCTCAA,68
ACGAGCGGTACCATGT,68
ACGAGCTATGAGACTA,68
ACGCGACTCAGCGCCT,68
ACTAGATCGAAAAAAA,68
ACTCCTTATTACAGAC,68
ACTTGCGGGAATTGCT,68
AGACCGAACAACAGAC,68
AGAGCCAAAACAAGTG,68
AGATACAGTAATTGGG,68
AGATGATGGTGTAAAA,68
AGATTCTATTGGAGTT,68
AGCAACGAGTAGGCCA,68
AGCGTCAAATGAATAG,68
AGGTCAGCTAATCTTA,68
AGTATTAAGGACCAAA,68
AGTGTAATTGTCAACC,68
ATAAACCTCACACTGT,68
ATAATGCAAAATAGTC,68
ATACCATACTTAGTTA,68
ATATTGTTAACACTAA,68
ATCCCTAAGAGCGAGC,68
ATCCTGAATTCACACA,68
ATGACACTAATCGGAA,68
ATGATCTCGAATGCGT,68
ATGTTACACTGGAGAT,68
ATGTTTTAAGCCTAAA,68
ATTAATAATTATTTGT,68
ATTACCGGCCCGATTA,68
ATTAGAAAACCGAAAC,68
ATTCACCCTCTAAAAC,68
ATTCACTCTAAAATCA,68
ATTGAGCGAGGTTGAC,68
ATTGCGTTAAAAGCAG,68
ATTTAAAAAACGGGAC,68
CAAAGGAACCAAATTG,68
CAAAGGCGGAAGGGAA,68
CAACACTGATCCGTGG,68
CAAGCTCTAACAATAA,68
CAATAGTTCCGTCTAG,68
CACGTAACAACCCTTG,68
CAGAATGACAATGCTT,68
CAGCCAATCGGAGTAA,68
CAGGACCAAGCCTTTA,68
CAGTGTAAACATTCGA,68
CCAAGTCTCCGGGATC,68
CCGAAACAGAAAATAA,68
CCGACTTGCCGACTAC,68
CCGGCAAATAATTGGT,68
CCGTCTATAAGATTAT,68
CCTAAAATGAAGAGCA,68
CCTCAGGTATATAATA,68
CCTCCCTCATAATGTA,68
CCTTAAGGACTAATTT,68
CCTTACAAGATTCCTA,68
CCTTCGCGAGTGGTCA,68
CGAAAAAAGACTACCT,68
CGAAACGCACATATAT,68
CGAATACGTAACATAA,68
CGACACGTTAATGGCT,68
CGACAGTGGCACGGGA,68
CGACCTCCCTCTATGG,68
CGCGGATAAGAGAAGT,68
CGCGGATCAGTGCACA,68
CGGCGGATAGTCGTAG,68
CGTAGACGTTCACTAA,68
CGTATGCAAAAACAAT,68
CTAAAATTTATATCCA,68
CTACAAGAGCGTTTAA,68
CTACACTAACATCAAA,68
CTACCTCTAAACATTT,68
CTAGCATTCTATCGGG,68
CTATAGCATATCCAAC,68
CTATTGAGTTTGACAT,68
CTCCCGAAGATGCCTT,68
CTGAGACCCCACGAAT,68
CTGTCTGTGTATGCTG,68
GAACAGAAACTCTTCT,68
GAATAAACCATCTGAC,68
GAATGAAGTCCCTTGT,68
GACGATCTAACATCTT,68
GACGGGCCAGGTAACT,68
GAGACAGAGGTTCACG,68
GATATATTAGTTGAGG,68
GATCTGAGACAATACT,68
GATTACACAAGACCTA,68
GCAAAAGCTAACTGCG,68
GCCATGACAGTCTTGA,68
GCGTATTCCAAAAATA,68
GCGTCGATACACTATT,68
GCTAGTGAGAGCACGC,68
GCTATTTGAGAACATG,68
GCTCAAATCTCAAGAC,68
GCTCTGTAGATATAAG,68
GCTGTGCATTAAATAT,68
GGAATAAGTCGCTCAT,68
GGACAGGAGGTTACGA,68
GGCCAATCAAGTAAGC,68
GGCCAGAAGAGCGATG,68
GGGATAGAACGTAATC,68
GGTTAGATGGCGCCTG,68
GTAAAGGTTTAAGTGA,68
GTCATACGTCAACCCA,68
GTCCTCATACATGTAC,68
TAAAAAAGAAAGACAA,68
TAAAGCTAGGTATCCT,68
TAAATTAGTCTAGAAA,68
TAACGGGATCAAGCAT,68
TAACGGTCTGCTATAC,68
TAACTCCTTCTCGCGT,68
TACACACAATAGCTAG,68
TACATATCGTGCCGCT,68
TACGGAGTACTCAAGG,68
TAGTAGTGATGGGTAT,68
TATAAAAACTAGCTAG,68
TATCAAACGATAATAA,68
TATCTAGGTCCGAAGA,68
TATTAACAAGTGTGTA,68
TCATCGTATCCGTTAC,68
TCCGTAGATGTGTTAG,68
TCCGTTACAACTAGAA,68
TCTAAACCCCATAACC,68
TGAACTAGCCTTATGA,68
TGACCCAAGGCCAAAC,68
TGCACTGGCGACATAA,68
TGCAGTCTAATAAACT,68
TGCGAATACCGGAGTT,68
TGCGTCACTTACGATC,68
TGCTCTCAGCACATAG,68
TGGAACAGCCATAATC,68
TGTATCGGGTCGTCTT,68
TGTCGGCCGCCATCAA,68
TGTCTATACTCTTGAT,68
TTAAATGAGTCCCCAA,68
TTAAGAAATCACATAA,68
TTACCAAAAATCCGTA,68
TTAGCAATCGAAGGAA,68
TTAGTCAAACTTCAAG,68
TTATACAAAATAGACC,68
AAAAAATAAGTATTAT,67
AAAACGTAGTATAAAT,67
AAAAGAAAAGGTAAAA,67
AAAAGCGGGAGAATGG,67
AAAATACAGCTTAGAA,67
AAAATTACGGCTGACC,67
AAACGTAAGCTCTAAC,67
AAATGTAAACTGCAAT,67
AAATTGGAACAACCTA,67
AAATTTCCTCAGCAAG,67
AACAACGGCCGAAACT,67
AACATATAAACTGGGC,67
AACATATAGACTAACC,67
AAGATTCATTAAATTA,67
AAGCATTCACTACGTA,67
AAGCTCTGCGTTATTA,67
AAGGACCCAGGGAAAT,67
AATAACCAATCACGTA,67
AATCATTGATAAAGAA,67
AATGAAGTGCTCCCAA,67
AATTTGATTCTTATAA,67
ACAAACCAGAACCTAG,67
ACAACCCAAAGTAACT,67
ACACCATTTTAGAGAA,67
ACACTTATGTTGGTCA,67
ACATGTAAATTTAAAC,67
ACCAAAATTATCAACA,67
ACCAGAAATGAACATA,67
ACCATTGAAAAATAAA,67
ACGCGAAATACGCATC,67
ACTAGAGCAAAGAGTT,67
ACTAGAGGTAATCCTT,67
ACTCTAGCACGGTCGA,67
ACTGTAAATAATTATC,67
ACTTAAGGCTCAGGTA,67
ACTTCCTGGACTGACT,67
AGAAAATATCCAAAGT,67
AGAATTAAATTATCTA,67
AGACCCCCGGACCGAT,67
AGATCCCCAGTTACTA,67
AGCGCTAATAATAATT,67
AGGAGCGTACATCATC,67
AGGGAACTGCAGCAAA,67
AGTAAACGATTACCTG,67
AGTCCAAACGCGTAGA,67
AGTGTATCAGCGCATA,67
AGTTTACGAATATAGA,67
ATAACAACACAGTGAA,67
ATAGTCCAATGATATT,67
ATCAGGGAACCGAGGT,67
ATCCTTACCAACTATT,67
ATGATAATTACGATTC,67
ATTATAAATAAGGAAC,67
ATTGACAACATTGTAA,67
ATTGCAATTTACCCTT,67
ATTGGTCCATTAGGAA,67
ATTTTCATGAAGCCCG,67
CAAACATCGAATTCGC,67
CAAATAACAGACTGAA,67
CAAGTGTAAGAGAAAA,67
CAATAACAAGATGCTT,67
CAATCAACACCTAAAC,67
CAATCCATGAAGGAGT,67
CAATGAGAGGTAAATC,67
CACTATCGTGACAGGA,67
CAGGGAGACAACAAGA,67
CATAGCACTAATACAA,67
CATATACACTCGAACA,67
CATCTTTGACAAACTG,67
CCACTACAGTACATCT,67
CCATCGATTCATAAGA,67
CCATCTAACGGATCCT,67
CCCCTTTACCTATAAC,67
CCCTAGTATCGAGCGC,67
CCCTATACAAGGGAGA,67
CCGAAGAGCGTATAAA,67
CCGCTTAGACAGTAGC,67
CCTCGATAGTTTATAT,67
CGAAGGTAGGATTGAA,67
CGACGCCTCCTCCAAA,67
CGCGCCTAACACCGCC,67
CGGAATGATGAGTAAG,67
CGGAGTGACGCCGCAT,67
CGGTGCCCCCGTACAC,67
CGTCCACAACTCCTAC,67
CGTGGCCGCCAGAATG,67
CGTTACGATCTCCATG,67
CGTTCACCACAAGATA,67
CTAATTTCATGGAGAG,67
CTAGTCTACCGTACAA,67
CTATGAAATCGGAAAC,67
CTATGGATCAGGATAA,67
CTCCGTGGTAAAGCAT,67
CTTCAAGGTTTCAAAT,67
GAAAGCCCTCAAGTGG,67
GAAATACCTTTCTCAA,67
GAAATCTACTCATGGC,67
GAAGCCACCTCTCCCG,67
GAATAATTTGCCGGTT,67
GAATCAATATATAAAC,67
GAATTGTTGCCCATAC,67
GACCTGCATAATCAAT,67
GACGCGTTATTCACCA,67
GACTAAATGCATAAAG,67
GAGGAAACTAGTTGAA,67
GAGGAGCCATGTGGCA,67
GATAGTACGTCCACAT,67
GATCCCAAACTCCATA,67
GATGTTTAAAAAGGGA,67
GCAGGAATAAAGGTGC,67
GCATGTACAAAAAAAC,67
GCCCTCCGCTAAGGGA,67
GCGCACGGCAGCGCCT,67
GCTATACAATTCGCTC,67
GGGACGTTGTCCCCCA,67
GGGATTGAATAGCCCG,67
GGGTACGGGTCAAACG,67
GGGTGAAGAAAAGTTA,67
GGTATGCAGAACAAAA,67
GTACTAAAGACAACTG,67
GTGCATATAAATAAGA,67
GTTCATAAAATTGACG,67
TAATCTACAAGATTCC,67
TACGATACCTAAATTA,67
TAGGACAAATCTCGGA,67
TAGGGGGTCCCAATAC,67
TAGTTTATTCTTTACC,67
TATATCTCATCGTCTC,67
TATATTAAGTAACAGA,67
TCAAAATTGTATGGAA,67
TCAACAAGAACCTTAC,67
TCATTACTATTCTATG,67
TCTATTAAACAAGGCA,67
TGAGCGTAATCTCAAC,67
TGATCGAACTAAAAAT,67
TGCAGTTATATTAAGT,67
TTAAGGTACTACAAAC,67
TTACAAGGATAAACAA,67
TTATATCGAGAACAAA,67
TTCCATACGTCCCAAG,67
TTGACTTAGGCCGTCA,67
TTTAATAGAGACGGCG,67
TTTACCGTTGGAGTAA,67
TTTCATATGCAAAAAA,67
TTTTGCTGTAAATGAG,67
AAAAATCATAATTTGT,66
AAAATCAAGCCGGTTA,66
AAATATATCCGAGAAA,66
AACATTCAGCTGCGCT,66
AAGAGAACCAAATCGT,66
AAGTAAAATTACTGTA,66
AAGTGCGTTTCAACAG,66
AATAACAACTATACCG,66
AATACAGGAGCCCAGT,66
AATACATTGTGCGAAG,66
AATCAAATTAACATCT,66
AATCAACCTATATAAA,66
AATCTTCTATAGTTCA,66
AATGAACCTAATAAAC,66
AATGCGCGATATCCCC,66
AATGGCCACCAGAGCG,66
AATTCGAGACAATAAT,66
AATTTGTTTGGTATGC,66
ACACAATTAATTATAC,66
ACACGAAACAGAAGAC,66
ACACTAGTCTAGAACT,66
ACAGGAACAAAGGCCT,66
ACATCCTAAATAGATA,66
ACCAAGAAATATTCTT,66
ACCAGTTGTAGTCGAT,66
ACCCATCAAATGCCGC,66
ACCGCTGATCCTATTA,66
ACCTCCATATATTGTA,66
ACCTTAAACAAGGGTA,66
ACGATCAAAGTCCTTG,66
ACGCAATCAAGCCACA,66
ACGGGAGATTGTACAA,66
ACGTCCGATGTTACAC,66
ACGTTCCATCTAAAAT,66
ACTCACCGTGGTTTGC,66
AGACCTAGACTACCTC,66
AGCGTACGATAACCTT,66
AGGACGCAACATGACT,66
AGGCCAAGTCTCATTT,66
AGGGAATAATAGTTGC,66
AGTATATACTGCACAT,66
ATAAACAAAAGAAATC,66
ATACACAGTATAATAC,66
ATACCCCTCCAAAAAA,66
ATACCGCAATTTTAGC,66
ATACTCTATAAGCCCC,66
ATATGGTTGACTTGTA,66
ATCAAGGGGTACACTT,66
ATCCGAAAATTATTTC,66
ATCGATATCTAGAATC,66
ATGATCAAAACCCATT,66
ATGTGACTTTTTCCAT,66
ATGTTCATGTAAATAC,66
ATTAATACAACCTTAT,66
ATTAGAAAATTTTAGA,66
ATTGGTTTCGCCAGTA,66
ATTTACGATCCCTACA,66
ATTTATCGTGAGTCGC,66
ATTTATCTCTACAGAC,66
ATTTGAAACACACTAA,66
CAAGTGACATAAAAGC,66
CACAAAGACCGAAAGT,66
CACACCATATGTAATT,66
CACATCAAGGCCTTTA,66
CACGCAGATATAATTT,66
CACTGACTCCTCTCAT,66
CACTTACCGATACCTA,66
CAGACCAATGTATAAA,66
CAGATTCACTTACGTT,66
CAGCCCCTAAGTGACA,66
CAGTCATTGTTGCTCC,66
CAGTCTCAACTATAAG,66
CATAAAATCCCGTCAA,66
CATAGTAATATCAAAA,66
CATCACCCAAATGCCA,66
CATGGCATTCTGAACA,66
CCTAGGAAGGAGCCAT,66
CCTTGAACTGTTCAGA,66
CGAAAATAGTGAATAG,66
CGATATTACCAGGACC,66
CGATCTCTGAATACTC,66
CGCTTAAACTATTCCT,66
CGGATTACAAACTCAC,66
CGGTAGAGAACTCTCC,66
CGTACGATATCTATGC,66
CGTACTATTTAAGAGA,66
CGTCAGCATCTTACCC,66
CTAAGAGCATTCAATA,66
CTAATATTTGGAACGT,66
CTATGCTACAAGATAT,66
CTCAACGGGAACAAAT,66
CTGCCTTGCACAATCA,66
CTGGTTTTACGCGAGT,66
CTTAAATGACCGAAAA,66
CTTCCAAATAGCTAGC,66
GAAACTCCATGGCTAT,66
GAACCATTAAAAGCCC,66
GAACCTTGTAGAACGT,66
GACACCAAAAATAAGA,66
GACATAGCCAAGGGCA,66
GACTAACTAATACAAA,66
GAGTATGCAGCCGACT,66
GATACTAATGAGATTA,66
GATATGAATATCATAA,66
GATGCGTATATAGAGA,66
GCAGGTCCCCACGGCT,66
GCGTTGACTCATCAAT,66
GGAAAATGTCAGTTTC,66
GGACAAACATAAGCGA,66
GGAGTTAACGTTACGG,66
GGGGTGATTTCCAAGG,66
GGTGCCGGCTTGCGAA,66
GGTTTAACTTCAAGAT,66
GTCAGTTATCAAAGAG,66
GTCTACCCAGAAAAGA,66
GTGTTGCACTATTAAA,66
TAAACAGTTGAATTTG,66
TAACTTACAAAAAGAC,66
TAAGATCTGAACTATG,66
TAGATTCGAACTTGCG,66
TATAACAAATAATTAG,66
TATAGCGTAAAAGATA,66
TATATTCTGGTCGATC,66
TATGAAAAATACTATC,66
TATTAACTTAACAACA,66
TCACCCAAACAGGTCC,66
TCATAAGACTAATACA,66
TCCAAAGGCACCGTCA,66
TCGAGACCAATCGCAG,66
TCGGGCTCTAACTACT,66
TCGTACTTAATAATAT,66
TCTAACGAAATGACAC,66
TCTATTCTTACAACAA,66
TCTCGATCCTGAATCC,66
TGATACGTCAGACTGA,66
TGATAGGATGACCTCG,66
TGTAAAACAAGATCTT,66
TGTTCTAGAGTCTAAC,66
TTAAAAAGCACTCTTA,66
TTAAATAGTTCCCTAT,66
TTAGCCATTAAATCCC,66
TTATCCCGAGCACTCA,66
TTCAAAGTCAAATTCC,66
TTCAGGTTAAAAAAGG,66
TTCCAAACTGCTAATG,66
TTCCCTCAAGTCATCA,66
TTCCCTTAACTAGAAT,66
TTGAATGAGTCTAAAT,66
TTGTATATACGATAAG,66
TTTACAACGTTCATAC,66
TTTAGCATATTATGTC,66
TTTCTTAGCAACGAAT,66
TTTTCTGCACCCCCCC,66
AAAAAAACAGAATGTA,65
AAAAAGGAAAATCGTG,65
AAAACAAAAAGAAAAA,65
AAAATTCATACGCAAA,65
AAAGAGTTCAAACGAA,65
AAAGCGTAGACTACGT,65
AAATACAATATATTCT,65
AAATCTTGCACAACCT,65
AACCCTCATAAGTTGT,65
AACCTAATGTGGTCGC,65
AAGTGTCTAATTGCGA,65
AATGACTGAACTTAAC,65
AATGATATTAAACAAC,65
AATGCATTCATATTAT,65
AATTATAAACAACGGT,65
AATTGAACCATTAGGC,65
ACAAAAACTTTATTTC,65
ACAAAGCGCAACGACC,65
ACAAATATAGGTTGAA,65
ACAAATTCTAACGTAA,65
ACACACCAAAGTCTGT,65
ACATACCGTTCACAGC,65
ACATATCAAAAGTCAA,65
ACCAAGTTCCACAAAC,65
ACCCGTCATAGAAATA,65
ACCCGTTCAAGAAATA,65
ACCCTTCCGGCAAGTT,65
ACCTTGTAATATAGGC,65
ACGCACATAACCAATT,65
ACGCCTACCCGTAGCC,65
ACGTTTTAATGACTCA,65
ACTAGTCCCGATATGT,65
ACTCCTGTGTCACGAC,65
ACTTGAGATTCGGACA,65
AGAATAAGAATGGCCC,65
AGAATTGTGACTGCAC,65
AGAGCCGTCTTCCAGC,65
AGAGCGAGCAAGTCGG,65
AGATTATAATGACCTT,65
AGCCGGACATTCTATG,65
AGGCGTTCTGCGCAAC,65
AGGGCGGTGCGCCCAA,65
AGGTATTTGCACCACG,65
AGGTTTGAAGAAACCC,65
AGTAAAACGCACAGGC,65
AGTTATCAGGCGACGT,65
ATAGCCAATTATAGAT,65
ATATCGTCCGGGCATG,65
ATCAATTCTACCGACT,65
ATCACTTACAGACAAT,65
ATCTATCATGTTAAGG,65
ATTAAACCCAAAAACT,65
CAAAACGTGAAGGCGT,65
CACAAACTAAAGGTGT,65
CACGAGAAACGGGCTT,65
CAGAATCATACGAGGT,65
CAGTAACAAATTTAGG,65
CATAGAAAAGCCCAAG,65
CATCATCCCGGATAAG,65
CATGTAACACGACGAA,65
CATTAGATTGTATTTT,65
CCAAGCTAAAGGGGAC,65
CCAGGACAATAAAATG,65
CCCAATTCTCATATAC,65
CCTAAGTTACAAACAA,65
CCTGGAATCACGACAT,65
CCTGGACGGTCAAAAA,65
CCTTCGATCCCTCAAG,65
CGAAAGGCCAAATAAA,65
CGACCCCGCAAATTCT,65
CGATATGTTAAGGGCT,65
CGCAACCAACCTTATA,65
CGGTCGACAAATGAAG,65
CGGTTTGATCATATCA,65
CTCCAATAAAATGAAT,65
CTGCCAAACACCTTGA,65
CTTGAGGCGACGATCT,65
GAAAGAGTATAGGGAT,65
GAAGGAATAAACGCAA,65
GAATCCAAGGCCAGGT,65
GACACCGCCTATAAAT,65
GACACTGACATAGGTT,65
GACAGGTGGGAGGATA,65
GACCGCGGTGTAATAC,65
GACGAGGTCGCTCATA,65
GATAACCCAAGAAAAA,65
GCAATTAGCTCCCAAA,65
GCACGTCCGGACGAGC,65
GCATACGTGTTATGAA,65
GCCAAGGTCACCCAAC,65
GCCCGAAACACCAGGA,65
GCCTAGACATTGCTAG,65
GCCTAGGAATACAGAT,65
GCGCCCAGCTCTATGC,65
GCGGTCATAAATGCTT,65
GCTATCCAACAGACCC,65
GGACATAGCATTTATC,65
GGACGCCTAAATAAGC,65
GGATAATTAAAATAAC,65
GGGAGATTAAACTTTA,65
GGTGAATTCACTGGCC,65
GTAAGTTGCACTCTTA,65
GTAGAGAACGTTCGAA,65
GTCAAATTATATAATG,65
GTCAAGCTTAACAACT,65
GTCTCAAGGTATACGG,65
TAAAATTAACTGTCAC,65
TAAAGCGAAGTAACTG,65
TAAGAACGGTACCTCC,65
TAAGATCATTCTCACT,65
TAATAAGCTCGCTACA,65
TAATATCGAATAGCTG,65
TAATTAATTCTTGTTA,65
TAATTCACAAAACTAC,65
TACCGCGTGTAACATA,65
TACTATGACATGAGAT,65
TACTTATGATACATTG,65
TAGATTTATTAAAAAT,65
TAGGGTAACCGTCTCA,65
TATGCATACAGTAAAT,65
TATTTTATTTCAAAAA,65
TCAAACATACAAACAT,65
TCAACCGAATTGAGAT,65
TCAATATAAACTTTTA,65
TCACTACAAACCAGAT,65
TCATATTAATGACAAA,65
TCCCAGCTAAAATGAC,65
TCCTAGACGTTATTAG,65
TCGCTGGCATATAAGT,65
TCGTTCCTCCGAATAG,65
TCTAGAGCCCATTTTA,65
TCTCACTACTCTAAAT,65
TGAAAGTTGATTACTC,65
TGAAGAGACCTCTAAG,65
TGCGAATTGCCAAAAA,65
TGGGATAGGTTTATTA,65
TTAAAACGTTGTTATG,65
TTAAACCTCTCGTCAC,65
TTACACAAGTGAAAAA,65
TTCAAAATCTGCACCC,65
TTCAGTTCGCTCTGAA,65
TTCTAACACAAACGAC,65
TTGCAAATGCTTTGCC,65
TTTCTAATAACTGAAA,65
TTTTAGTCATACTCTC,65
AAAAGGCATTATAATG,64
AAAATAAAGTCGTAAT,64
AAACCCCAGTATGTTA,64
AAACGTAGAACCTAGG,64
AAAGAGATCTTACTGT,64
AAAGTTAAGAAAACTG,64
AACATCCAACAGTCGA,64
AACATTTAGTGAACCC,64
AACCGAGAGACCACTA,64
AACCTCTTCTATAGAC,64
AACTCGAAATGTTTTC,64
AAGAAGATCGGGGTCC,64
AAGAATCATACAAAGT,64
AAGAGAGGTCGCAGAA,64
AAGAGCTCGGCAAATA,64
AAGTACTCAATACTCT,64
AATACAGAGCAAATTT,64
AATATCTCTTTTTATA,64
AATCAAAAACATAATA,64
AATCTTATTAAATCCC,64
AATGTTTGTACGTATT,64
AATTATAGTTACCGCT,64
AATTGATGTGCCATCA,64
ACAAATGGATCATTAG,64
ACAGGTCTTAATTGAT,64
ACATTTGATTAAAATA,64
ACCGAGGCGTGCTACT,64
ACGTTGAAATACCAAT,64
ACTAAAATTAAAGAAC,64
ACTAACTACCTCAATC,64
ACTATAATTGAAAGTC,64
ACTGTACAACGAGCGA,64
AGAACGATGTGGAAGC,64
AGACCGGATATCGTCC,64
AGAGACGGATATGAGC,64
AGAGACTGAAGAACCA,64
AGAGCTAAACGCTGAT,64
AGATAGCAGCACAGTC,64
AGCAACACTGTGACAG,64
AGCAAGATACAACCTT,64
AGGCTGAAAATCCATT,64
AGTCCAATGACCCGCA,64
AGTCCATCAAACCTGA,64
AGTCTGCTATTTGACA,64
AGTTGCTTTTATACTA,64
ATAAAACTATAACAAA,64
ATAATAATATGTATAT,64
ATATGACTCAGATTAG,64
ATATGATTACGCACTA,64
ATCAACTAAAAAGAAT,64
ATCCCCATGTCTATTA,64
ATCTGACATACAAAAA,64
ATTACAGTTCACAAGA,64
ATTACTAGGGAATATA,64
CAAAGTAATTCGCAAC,64
CAACCTAATCTTGCAC,64
CAATGACTCACCAATG,64
CACCACGGTTCCGCCC,64
CACTAAACTGAATTTC,64
CACTCTCGAAAAACAA,64
CATCACGCCTACCAAG,64
CATCAGGTGAGCACAC,64
CATCGAGCAACAGAAG,64
CATTTCTCAACATGGA,64
CCACCGAACTTTGTTA,64
CCATACCGACCGAAAC,64
CGAAATTCTTGAGTCA,64
CGATCCATGCAACAAA,64
CGATTCAGGACTTAAT,64
CGCTTGGTACAATGCA,64
CGGACCGCACATAGCC,64
CGGATGCCCGTAAGGA,64
CGGTAACTCAGCATCT,64
CTAGGGTCCAATAATA,64
CTATAATGAGCCCATC,64
CTATATGAATAATAAT,64
CTCCGACATAAACGCC,64
CTGAAACCCAGAAATA,64
CTTACATGTGGCGTAT,64
CTTTAATACTTTCCTC,64
CTTTAGTACACCTTAA,64
GAAAATGTAGATTCAT,64
GAAGTAGCGACGACAT,64
GAATTATATTACTAGT,64
GACTATGATACTAATT,64
GAGATGTCTAATCATC,64
GAGCCAAGACACGCTC,64
GAGCCCCAAATTCGGT,64
GATAACACGAAGGGAC,64
GATCATACCAATACAC,64
GATTGAAGTTGTGTCA,64
GCAATGAATTTCTTTA,64
GCCCGCTATTGCAAAT,64
GCTATGCAACCAAAGT,64
GGACAATAAATACAAA,64
GGATTATCAGTGACCA,64
GGCCCCAAAAATCCTA,64
GGCCTCAGTGACGACT,64
GGCGTATTACACCCAT,64
GGGAGCTGACATAGTT,64
GGTCACAGGCGAGAAT,64
GGTCAGTTCACTGTAG,64
GGTCTATCAAAAGCCA,64
GTAGTTATCAAAAACT,64
GTCAGGTCTCACCACA,64
GTCGTAAATAAAATTA,64
GTCTGCGTTATCCGAA,64
TAACTAAAAACCACTT,64
TAATACATAAAAACGA,64
TAATGCCGACAATAAA,64
TACTGAAAATAAAAAT,64
TATCTACAAAGGGAGT,64
TCAAAAAAACATTGGG,64
TCATGACAGGGAGAAT,64
TCTCACCTGCGGATCG,64
TGCCACTGGTAATCTT,64
TGCTAACACTATCTAA,64
TGCTGAGCTCCAAATA,64
TGTACAGATTCAAGTT,64
TTAAGTAAACAGTACG,64
TTACATATATACCGTT,64
TTGAAGATATGACTTA,64
TTTAAATCTAAACCAC,64
TTTGAAAGTGTCAATA,64
TTTGATAATAAGAGAA,64
AAAAGACTTACAAATC,63
AAACTAGTCACGATGA,63
AAAGACCAACAAACTT,63
AACAGCCATAATACAA,63
AACATGATAAGAAGTG,63
AACCAGATACAGATTC,63
AACCCTCTGAAGGCTA,63
AATAATAGGATGAAGA,63
AATATGTCGGACGTGT,63
AATGCACTATTGTTTC,63
AATGGGAGTATAGTTA,63
AATGTCATGCCAAATT,63
AATTAGTGGCCCTAAT,63
AATTCTAAGACCCAAA,63
ACACACAACCAGTGTT,63
ACAGACTATCTTAAAA,63
ACCAGAGTTTTCGAAT,63
ACCCAAGGACTAACAA,63
AGGACCCGTCTTTTAT,63
AGGTATATCCTGATGC,63
ATAAAAAAGGAGCTAT,63
ATAAATGAAAAATACA,63
ATACAAGGTCATATTC,63
ATACCAAGAGGATCTT,63
ATATAGTGCACCGCCA,63
ATCACCGTTTTTCTCT,63
ATCCTCACCTAAAGCT,63
ATGAGCAGGATGATCA,63
ATGATTAGTAGACAAT,63
ATTAAGCTACTAATAC,63
ATTCGGCAGCGTGCAC,63
ATTCTGACACAACACA,63
ATTCTGTGGTAATGTA,63
CAAAACCAGAGTTGGG,63
CAAAGAGCTAATGTAA,63
CAACTATAATTACTAA,63
CAACTGGTTCCACAAG,63
CAAGAAAGTGATCACA,63
CAAGACCTCTTATAAA,63
CAAGTCCTAAAACGTA,63
CACATTACATCGAACG,63
CAGACTCACAGCTTAT,63
CATAAATGCATCCTTG,63
CCAAACGTTTGAATCC,63
CCAAGTAAGAATCTCT,63
CCAAGTACTATTAAAT,63
CCCTTTAACAAAATAA,63
CCGAATGACAACTAAG,63
CCGACCCCAAGGCTAA,63
CCGTTTAGCGAGCCTG,63
CCTAATAAAATAGCTG,63
CGAACCTCAATGGTAG,63
CGAAGTAAGCACGCAT,63
CGATGAGTGAAGCGCT,63
CGATTTACGCGCCAAA,63
CGCACTCTTAGCAATT,63
CGCCCCCATACAATCA,63
CGCCGAAATACCCCAT,63
CGGGCACCAGACAATC,63
CTAGATACATTCGCCC,63
CTATACTTCAGCAATC,63
CTTACCCCAAGCCGTA,63
CTTCAATGGTAAATTT,63
CTTCATGAACCGACTA,63
CTTCCTGTCACAAATA,63
CTTGAACTTAAGTAGA,63
GAATAGCGAATACAAA,63
GAATCCAAGACAAAAC,63
GAATTTCTACAGGATA,63
GACAATTAACCAGTTC,63
GACCAAAATTATTTTC,63
GACGACATCCTTCTTC,63
GACGAGACAAGACATT,63
GAGGATCTATTATAAA,63
GATATGGGACCAACAA,63
GATTAAACAGATTAGA,63
GCTTCTTCGATATCGT,63
GGCCTGTAAATGAGTT,63
GGGCCAAAACCTATGT,63
GGTACAATTACACTGC,63
GGTACCTAAAACCCCG,63
GTAACGCACTCTCTTA,63
GTAATCTTACAGTTCT,63
GTCTATCGCTATCACC,63
GTGACTAATAATAAAG,63
GTGGTACGATCAATTT,63
GTTACATGAACACTGT,63
GTTCACTGGCCACTGG,63
GTTCCTGCCCTAGCAC,63
GTTCGCTACACAGGAC,63
TACAAGCGGATGTCGC,63
TACCAAATCGCATTTA,63
TACCTCACCCTCAGCG,63
TACTAAAATCGTACGC,63
TAGGTCAGACCGCCTA,63
TAGTTCCGATCTACTT,63
TATACCAACGACTAGT,63
TATACCTTGAAGGCAT,63
TATATTACTCGAAAGG,63
TATCTATTAGATAATG,63
TCATCACCGCCAAAAT,63
TCCACTGATTATTTTA,63
TCGAGCAGTACCCCCT,63
TCGCTAAAATTAGACC,63
TGAACAACTCTCAAGA,63
TGAACTTCTCCTAAAT,63
TGACAAGCTAATCGAC,63
TGTGGAAATAGTACGC,63
TTAATATAAGAAAAAT,63
TTATCTTACGTACACA,63
TTATGTTTATGTTGTA,63
TTGCGTCGCCACACTT,63
TTTAAGATAGAGACCG,63
TTTACTCTGTCATATA,63
TTTTTAGTAATAACTT,63
AAAAACCTCTCATAAT,62
AAAATCATAACACTAG,62
AAAATCGGTGAGGCGC,62
AAACTAGATGCAAATA,62
AAAGCAAAGAATCTAT,62
AAAGCGAATAGAAAGC,62
AAAGTTCCCGTAGAAT,62
AAATCGCGATACACTT,62
AACCAAAGTTTTCCCA,62
AATAAGAAGAGTCTAT,62
AATAGCCACACGATAC,62
AATCATCTAATCGCTA,62
AATCTTTACCTCATCT,62
AATGAACTTTGTGAGG,62
AATGACACAAATTACC,62
AATGCCGTAGGCCAGA,62
AATGTGACTGCGAAGT,62
ACAACGCTCCTCGTAG,62
ACAGAATAGCAAAACT,62
ACAGCGGTAGTCAATA,62
ACAGCGTAGATGGAGA,62
ACCTAAGATCTAGTCT,62
ACGAATACGTTTAAAG,62
ACGAATATAATCATTC,62
ACTAAAACATGAGTAC,62
ACTACTTGAAAAGCTC,62
ACTCACTGAAGAACCT,62
AGACAAGCAAGTAAGC,62
AGCATCTCCTAAGAGT,62
AGCATGGCCTTTATAA,62
AGCCGAATACCACAAC,62
AGCGCGCCCTTCCGAC,62
AGCTATGAAAGTGTAA,62
ATAATTGATACGGAAA,62
ATATCAATAATGAATG,62
ATCATACATTAGATAC,62
ATCGGAAGATTAAATG,62
ATCTCACTGGGTAACC,62
ATTCAGCTACTTCTTA,62
ATTGAAAAGGGTATCG,62
ATTGATAAACAAGAGA,62
ATTTGAACGGCGCGCT,62
CAAAATTACTAATAGT,62
CAAACTAATGTGCACG,62
CAAATTTGGAGTATTA,62
CAAGAAAAAGAATTTT,62
CAATAATCATAATGCA,62
CACAACCTGTCAACAA,62
CACGGCCTTGATTTCA,62
CAGAGATTAACTAAAA,62
CATCTATAATTTTCAA,62
CATGGGTCCCAGATAA,62
CATTACAACTGCGGGC,62
CATTATGATAGAGTAA,62
CCCGCGTGTTCATCTA,62
CCTATCTCCTACAACA,62
CGCCACCGTCATGTCA,62
CGCGACTTATAAACTC,62
CGGAATTCAGCGTAGC,62
CGTGGTTAGTTCTCTT,62
CGTTTCTCGTCACAGT,62
CTAACAGGAGATACGG,62
CTAAGTCCACTATACT,62
CTCCAGCCTTAAGGAT,62
CTCCCACATAATAGTT,62
CTGACATAAAAACATT,62
CTGGCTAGTGCGAGAA,62
CTGTGAGAATCTAGGC,62
CTTAAGCGCCAGAAAC,62
GAAAAAAAAGGGATTA,62
GAAATGTAGTCAAGGA,62
GAACGGGGTTACAATT,62
GAACTCTAAACATTAG,62
GAATAGCGCGATCAAA,62
GACCCTCTTAAGGTTA,62
GACTCTCGTGTCGTGT,62
GAGCCTCAAAGAAAAA,62
GATGTGATACCACTTT,62
GATTCAACCAATTGGG,62
GCCAAGGTAAACTTAG,62
GCCCAAATTATGAACG,62
GCCTTCTAATAGAAAC,62
GGATCCAGCAGGGTTA,62
GGCATAAATAACATCC,62
GGTAGATATACCTTTC,62
GTACCGCGCTTTTATA,62
GTCTGAACGCGTAAAC,62
GTCTTTACCACAAAAA,62
TAAAAGATTTCTCAGA,62
TAAATAATTATGAAGT,62
TAAATGCGATTAACTC,62
TAAGATCAAAGCTAGC,62
TAAGCAGGTCCCGAGT,62
TAATAATAGCTCACAC,62
TACATAAGTTAATCAA,62
TACTAACTTCGAATAT,62
TAGAGTTTCTTCACTA,62
TAGTTATTTAAAAGGT,62
TATAAACAATATGTGA,62
TATATAAATCCAAAAC,62
TATTATGATATTGGAC,62
TATTTACCAACTATCA,62
TCACCAATAACTATAG,62
TCCAGTCTCTGATAAC,62
TCCATGAGCATACATC,62
TCCGAGTTGTTTATCT,62
TCCTGCCCATCAGAAA,62
TCGAACAGTGCGGTTA,62
TCGATAAAATAAAGAC,62
TCGCCTTGGCAATGTC,62
TCTGACTAAGGGCCAA,62
TGAAAATTAAAATATT,62
TGAAATAAGGGTAAAC,62
TGCTCACGGTAGCAAC,62
TTAAACCAGAAGCTTT,62
TTATTTTGACAAATAC,62
TTGCATAATAACATTA,62
TTTACACTGTTTCAAA,62
AAAATTCTATGGTATT,61
AAACATTGAGGATATA,61
AAACGACTGAGCTCGC,61
AAAGACCATAGAGGAG,61
AAATATTCGGCAAATA,61
AAATGCAAAGCCCCAA,61
AACAAGCATCCAATTA,61
AACCACACTCGTGTCT,61
AACCATAAGTGAATAG,61
AACGGCCCTTAACACA,61
AAGGATTTGCACTAAC,61
AAGGTCCACAAGCCCG,61
AATATAATGTCCAGAT,61
AATATCACCCAATACA,61
ACACATTGCAGTAGAT,61
ACAGATCAAGAGCCCG,61
ACATGAAAGTCGGCCT,61
ACGAAGCATATCAAAA,61
ACTAGAAACTAGTGCG,61
ACTATTATCGATTAAA,61
ACTGTATCATCACGCC,61
AGACCCATGAAAGATC,61
AGACTATGAGTGACGA,61
AGAGCATATCTAAGTG,61
AGCAAAGATAAACGGA,61
AGTATCTTTGTATAAG,61
AGTCCCAAATTTAGTT,61
AGTTTGATCGCCCTCT,61
ATAAGACAAGCTCATA,61
ATAATATACGTTTTCA,61
ATAATGCGCCATCGCT,61
ATATTGGTAGTCACTA,61
ATTTTATGTTAAGGTT,61
ATTTTTAATGAAAAGA,61
CAAAAAGGTACCACAA,61
CAAAATCGTAAGTGAC,61
CAAAGCTAGCGCGTCT,61
CAACGTGAATACGGTA,61
CACAACATTTTACAGG,61
CACTAAAAGTTCGTCA,61
CACTAGGCGTTATAAT,61
CATAAGTTAGAAGAAG,61
CATGATGTAGCACGCT,61
CATTAGGAGAGTCATG,61
CATTAGGATATACCTC,61
CCAGAAATTGATCGGT,61
CCCCGGACGGAACCTT,61
CCGTATTCTAAAGAAT,61
CCTAATGCAAGCTAAT,61
CCTGTCGACTGAGGCG,61
CGAAAGTATCTACAAT,61
CGAAATCAATGGGGCG,61
CGACTATACAAATAAG,61
CGCAGAGATCTGAAGC,61
CGGCCTTTAATTTTAT,61
CTACAGGTACAAATAA,61
CTAGTACATATACCAT,61
CTATCTCGATAGCCTT,61
CTATCTTAAACAGTAA,61
CTCGAAATTAGTGATT,61
CTGAAAAATATTGTAA,61
CTTCGGAGCAATCAAG,61
CTTGCCTAACGTTACG,61
GAAAAAGCTCCTGGTC,61
GAAGTAGAACTAACAA,61
GAATAGACATTTATAA,61
GACATTTATTCAGATT,61
GACGAAAATACTATGA,61
GATGGGTCCCCCTTTA,61
GATTTGTTACAAGTAC,61
GCAACGCGAGACTTAT,61
GCATCACGCCCATACC,61
GCTCTCCTTAACCTTC,61
GGAAAAATATTGGTCA,61
GGACCTGACCCAAAAA,61
GGGTACTTCTTAGAAA,61
GGTTAAGTTCCTTGGG,61
GGTTTGGCTTATATAA,61
GTAAAGTATCTACTTC,61
GTAATAAGAAACGTTA,61
GTCTTCTACTCAATTG,61
GTTCCATTTATAAATC,61
GTTGGCATCAAATTGA,61
TAAATTTTCATAGACC,61
TACTGTGGATAGTGTA,61
TAGACAACCAGTCGGA,61
TAGGCCGAAAGAAAGA,61
TAGTAAATTACAGAGG,61
TAGTACAATATACTCT,61
TATACAAATATGTGGT,61
TATACTAAGATTGTTC,61
TATATAGAACTTGAAC,61
TATATTAGTTGTGGAG,61
TCAACCCAGGACATTC,61
TCCAAATTCAAGCATA,61
TGAAGTTGACGCGAGC,61
TGAGCGCAAACTAATC,61
TGCAGGATAAAAAAAT,61
TGCTAAGATAATGTAA,61
TGGCACATGTGTCCCA,61
TGGGATGTGACAAACT,61
TGGGCTAAATATCAGC,61
TGTAACAGAAATCCTC,61
TGTATTGTGAACGAAG,61
TTACCTATAGCTGTAA,61
TTACCTGGTTGGTTAT,61
TTCATCTAGGACTACG,61
TTCCGGGACGTTGTAA,61
TTCTTTAGAACCGGAC,61
TTGGGAAAAGACCGCA,61
TTTCGATTCCGGGACA,61
AAAAAAAAGAAGTCAA,60
AAAAAGGAACAACCCT,60
AAAATGCACAGGGATA,60
AAACCGATATTACCGA,60
AAACGACTTCCGAATA,60
AAACTTACAGTCCTTT,60
AAATCAATATTAATTA,60
AACCAGTAGAGATCCG,60
AACGGTGCACTTGCAG,60
AACTACCTAAATCAAA,60
AACTTCTATAAAATTG,60
AAGGTTGGATAGTGCT,60
AATAAAACGCATAGAA,60
AATATATACAATGTCT,60
AATATGAAGGGCTTAC,60
AATCATCTATTCTACA,60
AATTAAATAAAAACCA,60
AATTAGGATAAGACCA,60
ACAGATAAGATACATA,60
ACAGCTGTTTCAGACA,60
ACCTGGCAGTGCTCCC,60
ACGGAACTTCTGTAGC,60
ACTAGTAAACGACTGC,60
AGAAGTCATAAAATAT,60
AGACACAACTTCTGAG,60
AGATAACACATTAATA,60
AGGATTTAAAAAAAAC,60
AGGCCATTTCTCGTAA,60
ATAACAGAATGGAATT,60
ATAACAGGAACATATA,60
ATAAGTTATTAGGAGT,60
ATACTAACATTCAATA,60
ATCAGAAGTCCAATTC,60
ATCTCGTTCAAAACGA,60
ATGGCGCTGTGCCTGC,60
ATTAAGGTAATAATTT,60
ATTAATGACAAAACCA,60
ATTAGACAAGTTAATT,60
CAAAAAATATAATGCC,60
CAAAGAGAGGTTCACC,60
CACACGGAAAAGACTT,60
CACTCAGACCATATAT,60
CAGCCGTACGGACAAA,60
CATTCTCTCGGTGCAT,60
CATTTTAAGACACCTA,60
CCACCAAATGAAAGTT,60
CCCCAAATAACAGGGA,60
CGACTATTAACCGTTC,60
CGACTTTCCGTCAATA,60
CGCCATGGTTACATAT,60
CGCGATCACAAGTCAA,60
CGTGCAAGACCTAGGA,60
CTACAGAGCCTTATAA,60
CTCTCTCTCTGATACA,60
CTGAAATGTATACACA,60
CTGGACATGAAATCCT,60
CTTAAACATAAAGGAG,60
GAAATGTAAGCCTGCA,60
GAACAAAATTTTGTCA,60
GACGGGCCCGAATCAG,60
GACTTAACAAATGCTA,60
GAGCGAGAAATTTACC,60
GATTAACAGTATGAAC,60
GATTTAACAGATCACC,60
GATTTGCCGGTTATTA,60
GCAATTGTATCCCCAT,60
GCAGAGAGATTATATC,60
GCCATAGAAGAACTGA,60
GCCCACAATACTCGGG,60
GCTAGCATCCGCGCCT,60
GGAAACTATCTAAACT,60
GTAACCTTAAACTACA,60
GTCCAAAAATTTTACG,60
GTTACAGGGATCTATA,60
TAAAAAAAAGATGGCG,60
TAAGTTCAAGGCGATA,60
TAAGTTGAATCTAAAC,60
TACACCCTATACTTTT,60
TAGATGACAAAAAATT,60
TAGCCTATGACTCAGA,60
TATAGAATAAGACTAA,60
TATTTGGACTATAATC,60
TCAGAAAATCTAAACT,60
TCAGACGAGCCATGAC,60
TCATGCTTCGTGACAC,60
TCCTATATGCTTTAGG,60
TCGAAAAAAAAAATAT,60
TCGATTCATGAAGTCA,60
TCTATTTGGTCTGTAT,60
TCTTATCATAACAATG,60
TGACATGCAACTTGCT,60
TGAGCCCCTTGAACGT,60
TGCCTGTCAGGACAGA,60
TGGGTTTAGAACCATT,60
TGTTGTAATGCTAATT,60
TGTTTGATAATATTTC,60
TTATCAAGACACAGCC,60
TTCACTTCAAACAGTC,60
TTGCACAACTTTAACA,60
TTTAATCACCCACACC,60
TTTTAAAAATTATTTC,60
AAAAACATGACCTTCA,59
AAAAACTCAATTGAGA,59
AAAAGAGCTCGATACT,59
AAACACGCAATGAGGA,59
AAACTCATACAAAAAA,59
AACCAAACAGCACACT,59
AAGACTAAACACTTTT,59
AAGATCCACGATTCTA,59
AAGTTGACAGCAAGAT,59
AATACTGATCACCTGC,59
AATCATACAACTGGTC,59
AATCCGTTAATATCCC,59
ACACAGATTCGGAACC,59
ACACGCTAGTATAAGT,59
ACACTGAGTACAATCT,59
ACACTTTACTCGGAAT,59
ACCAAATCTTCCCGAT,59
ACCAAGTATTGAGGCA,59
ACTACGAACAGAAGCC,59
ACTGGTATAATTAACT,59
ACTTGACGATGACACA,59
AGAAATCATAATATCC,59
AGAACAAGTGACTCTA,59
AGAATAATAGCTGTAA,59
AGAATCACCAAAGCTA,59
AGAATGCCTTCCTACA,59
AGCCACAGCCCTTTAT,59
AGGGTCACTTTGGAAC,59
AGTAGTTATTTGTATA,59
ATAACCTGCCCCCTGC,59
ATACAAAAATTGTTAT,59
ATCACTAAATCAAACG,59
ATCGGGTTTTGCTGAT,59
ATCTAACAATCATAAT,59
ATGCTAACGCGGTCAA,59
ATTTAGGTATTAGTCC,59
CAACTCGTCGCCTTCG,59
CAACTTATCAGGCGGA,59
CACTTGTCAACAAGCC,59
CATACCGCATAGATCT,59
CATAGGTTATAACCAA,59
CATTACATCCAAACTA,59
CCACAAGCATTAAAGT,59
CCATAACTTTTTACTT,59
CCGGCAGAGGATTGAC,59
CCTATAGAAAGGAGCG,59
CGACGTCTCACAACGA,59
CGATGTTGCCTGAAAA,59
CGCTTAACAGACAACA,59
CGTCTTAATTACCCAT,59
CGTTGGGCCAGGGCAA,59
CTAAAGGCCCTAGGCC,59
CTAGCCGGATCTAAAA,59
CTATACAGCATAATAT,59
CTATGTACTGGGTATA,59
CTTAAAATTATTACAT,59
GAAAGAAGAAAACCTC,59
GAAATCACCCATAAAT,59
GAACAGGCAGGTGATC,59
GAAGCAAGGACATTAC,59
GAGACCAAATCAAAAA,59
GATAGTTAGCATCTAA,59
GCACCTTCATGATAGA,59
GCATCATATGAGACAC,59
GCATTCGAGGCTGAAC,59
GCGGAAGTGACGGAAG,59
GGAGCAAGAATGAATT,59
GGCCAGCCGAGACACC,59
GGGTTAATAATAAGAT,59
GTAGACCCCTTTAGGA,59
GTAGCTAACAGCTACC,59
GTCGTACGGAGTACTA,59
GTTGCTACGTTTAGCC,59
TAAATAACATCCCACA,59
TAATGTGCAAATCTGT,59
TACATTAGGGTCAATT,59
TACCCGATAGGGTACC,59
TATGTCGCACACTCAC,59
TATTTCTAGACCTACT,59
TCCTTTAAGCCCACCA,59
TCGCCTATTGCTCCGA,59
TCGTGAATATGAGTTC,59
TCTCTTCGAAATAAGT,59
TCTGCAGCCTCGAGCG,59
TGAATGCAATACTTTC,59
TGCATAGCTCCAGCTT,59
TTACGACGAGATTAAC,59
TTAGGTTCAAGACTGC,59
TTATGAGGCTAAGTAC,59
TTCTCAAGCAAAAACC,59
TTGGGTAGCTTGGAGA,59
TTTGTGACAAAAACAC,59
AAACACACTCAAGCTT,58
AAAGACCAAACATTGC,58
AAAGCATCGACGAAAC,58
AAAGGGGAGCTAGACT,58
AAATAGATAGTCTATA,58
AACAGCCTCTACCCTC,58
AACTTGAGCGATATCG,58
AAGAAAACATAACCAT,58
AAGAAACTCCTAGAGC,58
AAGCCCTAGTAAAGAA,58
AAGGCATATACACGAC,58
AAGGCCAGAAAGGATG,58
AAGGGGATGCAAGTTA,58
AATAGTATGGTAAATA,58
AATGGGAAAGAAGCAC,58
AATTATCCGTTGACTT,58
ACATTCGGCGTATAAT,58
ACGTAGAATATACTTT,58
ACTAATTAAGGTTATC,58
ACTTAGCATCAGGGTC,58
AGAGAGAAACGAACCA,58
AGGACGATTTTAAACG,58
AGTCCCGGCACCTGTT,58
AGTGTCTCACAAAAGT,58
AGTTGGGGGTTGAATG,58
ATAGAAAGCCAAATAC,58
ATAGATAAATCAAAAC,58
ATCAAAGCCGTTTATC,58
ATCATTTTTGAGTTTA,58
ATCGGATATAATAAAA,58
ATCTTCTACAAAATTG,58
ATGTTTCTCACCTATA,58
ATTAAGACCATCGTTT,58
CAACAAGTAAAAACGA,58
CAACACAAAATATAAT,58
CACAAGCGGAAGATAT,58
CACAATCAGTAACAAA,58
CAGGTAAGTAGAGGTA,58
CATATTGTCCTTGCTT,58
CCAAAATTGTAAAATC,58
CCATGGTTTTAAAGCA,58
CCCTACAAAAGACGCT,58
CCGATTCCCCGTCCCA,58
CCTCAACAGGAATCCC,58
CCTTTCGAAAACAAAG,58
CGACCGACACCCAATG,58
CGATAAAACCCTACAC,58
CGCCAATAAGGCGGCC,58
CGCTTTGATTATAGGC,58
CGGAAGTATGGGAGCG,58
CTAAGAAACTCACGAA,58
CTAATATATATGATTC,58
CTGTAGACGCACCTAT,58
CTTTGTAACATGGTTC,58
CTTTTTAGCGGCCAGG,58
GAAAACCACTTTATAT,58
GAAACAATTCAATTTC,58
GAAAGAGCATAACGTC,58
GAAGGGCGCGATTCCC,58
GACCGATCATACATGG,58
GAGAGCGGGTGCTTTT,58
GAGCAGCTAAAAGTCT,58
GATATGCAAAAGCGTT,58
GATTGCTCCTTTCTGT,58
GCGTAAGCGGGCTTTC,58
GCTCGAGAAATGCACG,58
GCTCGGGCACGTTTTT,58
GGACAATGGTTTTCAA,58
GGCAAACGTTTTTACA,58
GGCGAGGCCGATAACC,58
GGCTACAGAAATAACC,58
GGTAGATTTTATTGTC,58
TAAAATTAAGTAAATC,58
TAACAATCTTAAGCTT,58
TAAGAAGAGCAGTATG,58
TAAGCCTTTACCAATG,58
TACTCAACTGTTCTAA,58
TAGCGTCAAGTCTAGA,58
TATACCTGACCTGAGA,58
TATCCTTTCGACTTCC,58
TCAGGTACATCTGCGC,58
TCATCCCATATTGTTG,58
TCCGATTGTATCAAAC,58
TGAAAATCGATAAAAA,58
TGAACAACATCGAGCT,58
TGAGATTGACCTCGAG,58
TGTCCATCTCTCTCTC,58
TTATACTATATGCCCA,58
TTATTAGAGCCATCCA,58
TTCGGAAACTCTGAAG,58
AAAAAGATCACAACAA,57
AAAAAGCACGACGTCC,57
AAACAAACTTAATCGA,57
AAACTAAAGGTTATGG,57
AACAACAGAACTCTTA,57
AACATGAATCCTATGA,57
AACGATAATTATGGTC,57
AACGTCTTCCAGCAGG,57
AAGACAAACTAATATC,57
AATATGGACGCCCGAG,57
AATCTTATATAAAACT,57
AATGATGAAAAGTATA,57
AATTAAGCTAATAAGA,57
ACACCAGAGAAAGGAC,57
ACAGCTCTGAATCTAT,57
ACAGGTGTTTTCGTGC,57
ACCCAAACGCACGAAC,57
ACCCTCGGGATAATTT,57
ACGGCTTCCCATCAAA,57
ACTTAATTAGTACACG,57
AGAAGGACTACGTACC,57
AGACGTTGAGAAGGGT,57
AGCGCAAACATTAAAT,57
AGGAATCATGCTAAAC,57
AGGCGATAGGTAAGGA,57
AGTCATAAGCGTTATG,57
AGTGAGTGTGCCCAAT,57
AGTTAGCACTCCTAAA,57
ATAAGCAACGCAAGCG,57
ATAGTTGCAATCATCA,57
ATCCTGAATGTTGAGT,57
ATCTAGCTGTATAACC,57
ATGGGTCGAAACTCAC,57
ATTCCTTATTAACGAC,57
ATTGACTATATAACAA,57
CACAAAGTTTCAAATT,57
CACCAAACAACAATAC,57
CATCAATCACAGGATG,57
CATCCTGCCAGAAGAC,57
CATCGGATACTCGATT,57
CCCAGGTAATCACCAA,57
CCCTAATAAATCAATA,57
CCGAAATGACATACAA,57
CCGGAGATCTACCTAG,57
CCTCAACGAAAAAAAT,57
CCTGACAGGCATAAGA,57
CGACAGGTGTCTTGAC,57
CGATCTCTATTTAAGC,57
CTCTCCTATATTTACG,57
CTGACTAAGAAGAAGT,57
GAAAACTTTTTCTCGA,57
GACTATACCTAAGGTA,57
GCACACCTAATCATTA,57
GCATAGGTAAAAGACC,57
GCATTTTTATCCACCT,57
GCCCAAGACACTACAA,57
GCCGGACCATGATTAT,57
GGATAATCGGAACCCG,57
GGATACATAATCCTAA,57
GTGATGCCCGATAGAA,57
GTTCTATGCCTTATAG,57
GTTTAACGAGATTAAT,57
TAACTCGTCTAGCTAA,57
TACAATGGAGACTCTT,57
TACCTGTTTGCACTTG,57
TAGTCACGAATACCAA,57
TATATAGAAACGAATT,57
TATCCACGAGTAGTTT,57
TATGAAATAATATGTT,57
TATGTATATTCCCTGT,57
TATTTACGGGGGAGTT,57
TCCAAGTTGAAGCCCA,57
TCCGTAATCCCCGAAC,57
TCTATAACTAGAATTC,57
TCTTGCGATAACCTCT,57
TGAAATGCTCGTAGCG,57
TGACCAAACGGAGTTT,57
TGCGGGGCAGCCTAGA,57
TGGTCAAACAGAGTAT,57
TGTTACGAGAAACTTA,57
TTAAAAAGAGCTCCCT,57
TTAACTTAGGCGTTAT,57
TTAATAAAGCCGAGCT,57
TTAATTCCTTCCAGGT,57
TTAGGGGCCCGCGGAA,57
TTATCCATAAATGAAA,57
TTATTAGTTGCCTAGC,57
TTCAATACAATACCAT,57
TTCTACCGGTTGCAAA,57
AAACCCCTGAACTAAG,56
AAACTGCCGGTTGAAG,56
AAATAAGGACTTATAC,56
AAATACGTCTTGACCT,56
AAATATTAACTGATTA,56
AAATATTTTCATAAAC,56
AACACATCGATATATC,56
AAGAAAGATAATAATC,56
AATAACACTTAAAAAC,56
AATAATCCTGAAAGAA,56
AATAGAACACCCATAA,56
AATAGGTGATGACGAA,56
ACACGTTAAAAATTTA,56
ACACTAAAAAAAGAGA,56
ACCAACATGTACTGTT,56
ACCTACCTTAAAATAC,56
ACGACAGGATGCAATC,56
ACGGAGCTCGCGCAAA,56
ACTAATTTCCTCTTAA,56
ACTTTTTCATTTGCCT,56
AGAATTCATGCTCATC,56
AGACCTCGAACGTTTC,56
AGACTTATCCCTAGAC,56
AGATAGAAATTCGAAT,56
AGCAGATAAACATGGG,56
AGCCACGAATGCAATT,56
AGCTAAAAGGCAGCGC,56
AGTTTTAGATACTTCT,56
ATAAGATAATTCCATG,56
ATAATAGAAAAAGGTA,56
ATACTTTCTGAGATCA,56
ATAGTGGACATGCCAG,56
ATATCTCCAACCAGCA,56
ATCAAGATGGCGCATT,56
ATTAATAGGCACTTAT,56
ATTCACACTCCGTTAA,56
CAACCCTTAAACGAAT,56
CAACTAATTCATGAAC,56
CAAGGAGGTCCAAAAG,56
CATACGAGACTTAGAA,56
CATTGAGGACTATAAT,56
CCATAACGGATGCACC,56
CCTCCCAAGGGACGAC,56
CGAACCAGAGCACATA,56
CTATACTAATACAAGT,56
CTATTAAGCAATATGT,56
CTGAACCGTCATAATC,56
CTGCCTCCGGTTTAGA,56
CTTAAACGCCCACCTC,56
GAAAGTTTTTAACTTA,56
GAAATGAGAGTTGGTC,56
GAACACCACTCCGGAT,56
GAACGGACTAGTAAGG,56
GAATAAAGTTCACCTA,56
GACAGATAGATTATAG,56
GAGACACGTTATATTT,56
GCAATAGCGCTTTAAT,56
GCCAAGTCTCTCTGAT,56
GCCATAAGCCAAAAGG,56
GGACTACATCAGGGGA,56
GGTGATATTTACGAGG,56
GTAACTGATATGACCT,56
GTATACACTTGCAACT,56
GTATGTTCTCAGTTTC,56
GTCGCCAACCAGGACG,56
GTGGACTGCGACGCAG,56
GTTAGACATACCCACA,56
GTTGCGACAACAGTTA,56
TAAACCCAACATTGCA,56
TAAATAAATATCGTAA,56
TAATATAGAGCGCAAC,56
TAGGAAAAAAATAACA,56
TATTAATACTTGGGCT,56
TCAAATGCGAGCGCAG,56
TCCAATCGACCCAAAT,56
TCCCAGTTAGACCTTT,56
TCCGCCTTTTGTCAAA,56
TCGAAGGGATATCGGT,56
TCGAGTTTGCACATGA,56
TCGTACAACCTCTGTT,56
TCTAGTCTCCCAAAAT,56
TGACGGCAGGGGTATC,56
TGCGTTACAATGTTTG,56
TGGGATAAAAACGCGG,56
TGGTTCCCAAAAAACA,56
TTACAGGAGACAACCC,56
TTACGGGGTCGCTTTA,56
TTACGTTTAATCGGTC,56
TTCTGGTTTCCCAGGA,56
TTCTGTTACCATTACC,56
TTTAAAATCTTATAAA,56
TTTAAATAATTAAAAA,56
TTTATAAGATATAAGC,56
TTTGGTATATTTTATG,56
AAAAACTAACGTAATA,55
AAACGACACATGAGTA,55
AAACTACACATGTACA,55
AAAGACGACAGTTTAG,55
AAATCCTGACGTAGTG,55
AACAGGCAATACAGTT,55
AACCATCTGCAGTATA,55
AAGTGAGAACGTAAAT,55
AATAACGTATTACTGG,55
AATATCAGCCTGATCA,55
AATCGTCGTATACTAA,55
AGAAAACCCGTCTCGA,55
AGAAGAGTAAAGTAGA,55
AGACGATGCTAATGCA,55
AGTCGGGATGCATTTT,55
ATAAACCAAAGAGGTT,55
ATACGCTCATATACAT,55
ATACGGCCCTGGTCCA,55
ATACTTTACACCGCGA,55
ATATAAGCACAATTTA,55
ATATATCCAGTCTTTA,55
ATTCCAACTATCCCTA,55
ATTTTAGCCTTTAGTA,55
CACCAAAATTGAGACT,55
CAGCAAGTAGCAAAAA,55
CAGTTTCCTAAAGACA,55
CATACAACCAGTCTAA,55
CCAGGCGGGTAACTAC,55
CCCGCCTCTCAGCACA,55
CCGATTAGAAACTATC,55
CCTGGAAATCATAAAT,55
CGAATAAAAGTAACAT,55
CGAGGTAAGAATTAAG,55
CGAGTGTCACCACCTC,55
CGCTTATGAAATGGCT,55
CGGCAGATATTTACCG,55
CGTTATACCGCCTTCC,55
CGTTTAAAGTAGAAAC,55
CTAACTATGAGAATTC,55
CTAATTGCCTCGTGAA,55
CTAGCACTTACAACCA,55
CTTGGATCGCCAGATC,55
CTTTGACGTCGACTAA,55
GAACCTTCGATAAAGT,55
GAACTGAATGAAGCTC,55
GAACTGTCAGGAGAAG,55
GACAAAGTAATCTTTT,55
GATTCTATCACGGACT,55
GATTGAAAAGTACGAA,55
GCAGAGAATATTATCT,55
GCTATGCTAGTGAAGG,55
GGAGACCCATCACAGA,55
GGATATTGTGGAGGCG,55
GTAAACCGCTCCATCG,55
GTAATATAATACCTAC,55
GTAGCTGCAGGTAATG,55
GTTGCTAGTTTATATC,55
TAACAGCGGCTGATGA,55
TAGCGAGACTTAGAGT,55
TATCACTTTTAAAGTG,55
TCAATCCATATCCACG,55
TCCACGTACAAGACGC,55
TCCTTAATAATAAGTT,55
TGAATGATTAATAAAT,55
TGCAGCCTAGGTACAC,55
TGCGTTCAGTCAGATA,55
TGCTTTCATAGGCCCC,55
TGTAATATATGCTGGA,55
TGTCCTCGCTACATCA,55
TTAAAAGGTAAAGATC,55
TTGGCTTTATACTAAT,55
TTTGTGTAGATGTGCT,55
AAAACAATAGTCTCGT,54
AAACTTCCACTGTAAA,54
AAAGCTAACGTGACCA,54
AAATAACCAAAATGAC,54
AACCCCCCTAAATAGC,54
AACGTTTCCTGTAAAG,54
AAGCCAATTATTATAC,54
AATTAAGCTCACGGCT,54
AATTGGATTCTGTAAA,54
ACAAACCTGTTAGGCA,54
ACAAATAACCTCATGA,54
ACAACTTAAATGATAT,54
ACACAAACACGAAATT,54
ACACAGTTTAAAAGTC,54
ACCGTTGTTTTCTGCG,54
ACGTATCAACTAGCCA,54
AGAAAAATATTAAACA,54
AGAAACCCCATTATTG,54
AGACTATATAACCATA,54
AGCCAACCGACCACCG,54
AGGATAGCTGCGTGAA,54
AGTGACGCAAGATAAC,54
AGTTAAACAAAGCTTC,54
AGTTAGGCCGTATAAT,54
ATAAAAAATAGATGTT,54
ATCATGGAAACAGCCT,54
ATGAATGCCCATATAT,54
ATTACATAACAGAAAT,54
ATTACCCTGAGTAGTC,54
ATTGTATTCAACCCGT,54
CAATCTCATAGGGCCC,54
CACATACTTATCATAC,54
CACCCCCATGCCGGGT,54
CAGTATACTATCTAAA,54
CCAGTTTAAGCGGACC,54
CCATATGCGTTAACCA,54
CCTAGTAAATGATTCT,54
CGGGTCTGGTCGGTTA,54
CGTTCCGCAGTGGAAT,54
CTATGCACACATTCAG,54
CTCCCCCTAAAAAAGG,54
GAACGATTAGAATTCA,54
GACTACAGACCCCAGT,54
GATCCTTTTGGATTAT,54
GATGGGTTAAAAATGC,54
GCACATCGAAATAAGA,54
GCATGGCACGGACTCG,54
GTAATTGCCTATGAAT,54
GTACATAGTAAGATTC,54
GTAGAAACTATAAGTA,54
GTAGTATAACAGGAAG,54
GTAGTATGAAAGGTCG,54
GTCACCTTATCGTCCG,54
GTCGAAAATTAGCAGA,54
TAGAGAGTGTCCCTTA,54
TAGATATCTACAAAGA,54
TATAAATGATTTTTCA,54
TCCGCCGATTGCACTT,54
TCTAGAAACACCCCCG,54
TTAGAAAGGCGTTTAC,54
TTAGATATCCAACAAA,54
TTATCGGAAACAATAC,54
TTATTATTTGAGATAA,54
TTCATGCCACGATAGA,54
TTCCAACCCACAGAAC,54
TTCTGTTGTATTAAGC,54
TTGTTATAAATACACC,54
TTTAGAGGAATTCATC,54
TTTATGAACATAATAT,54
TTTGTCCACTAAAGTG,54
AAAATCCAAAAAAGCC,53
AAAATCGAAGCGGCAA,53
AAACCGAACCGCGTGA,53
AACCCGGTAAAGGCCC,53
AACTCGTAATAATAGA,53
AAGAATTAAAATATGC,53
AATCTCAGAGCGACCG,53
ACATATGAGACAAAAT,53
ACCACAACACAAACCA,53
ACTACACCAATATTAT,53
AGCAACACTTGTTAAC,53
AGCGTCGAGATTATAC,53
AGCTAAATTTGAGCAT,53
ATATATTAATTAGAGG,53
ATATGTATGAAACTCT,53
ATGGTTAGGCTCCGTT,53
ATTACTTTACTAGGTA,53
ATTTTTGCGATTCTAG,53
CAACTATTAATTATGA,53
CAAGATAAGCATATGG,53
CAAGTGTCTGATTCAA,53
CAATTCATAATTTAGA,53
CACTAGGATCGATATA,53
CATATAAATATATCGA,53
CCCACGAAGATGAAAA,53
CCGGAAATTAGGACCC,53
CCTTAATCAAATTTCG,53
CGAAAGGAATTTCATA,53
CGCAAGGATAATATAT,53
CGGAAAGGCCAAGTAG,53
CGTCCCCCCAGCGCAT,53
CTAATTTACCGATAGG,53
CTATATTGACTCATAC,53
CTTAGAGCCTACCCAT,53
GAGATCATCTAGAATC,53
GAGTATTAACATCATA,53
GATGGATTTTCGGGAG,53
GCAAAAGTTCCCATAT,53
GCGTCGATCATCCTAT,53
GCGTTTCGGCCGAAGT,53
GGATCAAAATTCCGGA,53
GGCTGTCTAGCCGTAC,53
GGGAATAAGCCTCTAT,53
GGTCAATATTACAAAA,53
GTCAAATATGGGGCAC,53
GTCTACCTATAACTAC,53
TAACAGATGGTCAACC,53
TACTCTTGATCCGGTG,53
TAGCAATATCTAATCT,53
TAGCGGGAGTAACAAT,53
TATAATGGGTCGGACG,53
TCAATTGTGGCCTTAA,53
TCACAAAACGCGAACG,53
TCCTATCCTAATAACT,53
TCCTTCAATCCTAATC,53
TGCCGTAAGGGTAAAT,53
TGCTTTATATATACCT,53
TGTAGTGTAAAACGGC,53
TTAAGCCGCATATAAA,53
TTACCACGGTTGATAT,53
TTCATTACTACAGGCC,53
TTGCCTCCAACTAGAC,53
TTGCTCGGGCTATTAA,53
TTTATACCAAGAACAA,53
TTTATACTAATCAGTG,53
TTTATTCTACGCGAAT,53
AAAAGAAAAACCGGCC,52
AAAAGCCACAAATAAG,52
AAAGAGGTATTTGGCC,52
AAAGCGTTACCAAAAT,52
AAATGAGAAGAGCTAA,52
AACATATCAGGAGATC,52
AACGCGTTTATTCGAT,52
ACACAAGTCCACTCCT,52
ACACATAAATTCAATA,52
ACACATCACGCGACGC,52
ACATTAGCTAGGAGAA,52
ACCACTAAAATCCCTT,52
ACTATTCTGGTCAAAT,52
ACTTTTATATAAGATG,52
AGATAAATCAGCATCC,52
AGCTTAACGATCATCG,52
AGTAGACGATTTTAAT,52
AGTATAAAAGCATTTA,52
AGTCAACATTTACAGA,52
AGTCAGTGAAGTAAAA,52
ATAAAAAAATAAATGA,52
ATACTGGGGAATTAAA,52
ATAGAGGGAGAAGGTT,52
ATATCTACGAAAAACA,52
ATCTAGAACCTAACAA,52
ATGACCTGACATATCA,52
ATTAATATAAACAAAT,52
CAAAACAATGGTAGCA,52
CAACATGCAAATTAAC,52
CACAAAACCCAAAACA,52
CACAGAGCCACCGTTG,52
CACATTAATTAAAGTG,52
CATCCGCCAACCACAC,52
CATTCGGACTGCAGTT,52
CCACCAAACGAATTGA,52
CCACCTTGTATATAAA,52
CCAGCGACATTCATGA,52
CCTGGGAAAACAAACT,52
CGAAACAGAACTTATA,52
CGAAGATATTTGCTAA,52
CGACATATAATAGGGG,52
CTAGAAATGCAATAGC,52
CTCAGAACCTGCCCGC,52
CTCTGACAGACATATG,52
CTTACGTCATAAAGTG,52
GAACGTTACATGATGA,52
GAAGCACGTACATTTT,52
GACTGATCGCAATCTA,52
GAGAAAGGTGTCTGAG,52
GATTTAAGTCAGAGAA,52
GGCGTTTGTCAACTGT,52
GGGGGGCCCTGTCTCA,52
GTAATTATATATTGTC,52
GTACGTTAGTACACCA,52
TAAAACCGGGAACCAT,52
TAAATCGGCGCTCCGA,52
TAACTCCGCTACTCGG,52
TAAGCGTAACCCAAGT,52
TAATTACTATATTTAT,52
TACAAGGCAGCAAATG,52
TACAATTCCGCGGTTT,52
TACTCTTTGACATAAC,52
TAGATCAACAATTAAT,52
TAGCCGCCATCTTTAA,52
TATCCAATCCCTACAG,52
TCACCCATCAATCCAG,52
TCCTACCTCTCGAAGT,52
TCCTTATATACAGAAG,52
TCTCACATGAGAGCAA,52
TGCATCGACTAAAATA,52
TGTTGTGTCTAATGAA,52
TTAAAGACAACGTACA,52
TTAATAGCCCTGGCAC,52
TTAGTGAAATTCGGAA,52
TTCAAAACACCTGAGC,52
TTTTGAGTCCCGAGTA,52
AAAACTATTACCTGTC,51
AACAGTAACAGAACGT,51
AACTTAATTTTAAACA,51
AAGCAAAAAAACAACA,51
AAGCTAGTGGGATTTC,51
AAGTACGTCTTTAATG,51
AATAGTATAAACCATT,51
AATCAGTACAAATTTC,51
AATGTATTAAAATAAT,51
ACAAGTGCAGGCAATG,51
ACCAGACCTTGAGATA,51
ACCTCCCATCAAGCTT,51
ACGTCTCCCTGATGTA,51
ACTCCCTCTGCAGAGC,51
ACTCTCCTGACAAGTC,51
AGATAAATTGCCCTAG,51
AGCATCCGCAGATATG,51
AGCATTCTAGCCTGAA,51
AGTCTACTCTCAGTTT,51
ATAAAGAAATTAAGTT,51
ATAACGCTATGATCAA,51
ATACCATGTTAATAGG,51
ATATCAACCAATGTTA,51
ATATCTCGTAACACAA,51
ATTCATCCAACATACA,51
ATTGAGTTGAGACGAA,51
CAAAAAAATACAGGAT,51
CAAAGTTGATATCAAA,51
CAATGAAGGATCCGAC,51
CACCGTAAGAACCCCA,51
CAGAAGCAGCACAAGA,51
CATTTACCGCTGATGC,51
CCAATGGTAACTCGCG,51
CGAATACATTAACGCA,51
CGATACGAGCGTTGAA,51
CGGGTCAAGAATAGAA,51
CGTGACGATAAAGGCA,51
CGTGACTTCAAATTCC,51
CTACTTATGCTAACAT,51
CTCGCTTTATGAAGAC,51
CTTAGAACCGAAGCTA,51
GAAAGCTATACTAAAT,51
GAACCATTAATTTTGG,51
GATCTAAATCGAGACC,51
GCAAACATCCTACGAC,51
GCGCGAATCGAACTGC,51
GGCACTCCAGGTCGTA,51
GTAGCTAGCTAACTAG,51
GTCGTAAATATTATGA,51
GTCTCAGATCCCATGC,51
GTCTGCTAAAAGTCCC,51
GTCTTGCCTCACGGGG,51
TAAAGTGTTGATACAT,51
TAACCCTCTACGTTCG,51
TACGCCGAGAAATCGA,51
TCACAAACGAATGAAG,51
TCATTTTTAGACATTA,51
TGAACTCTCCAGAGAC,51
TGTGGATCGTTGGCGG,51
TTAGTGACGGAGGATG,51
TTTGCTTCTCCAAAAC,51
AACAAAGAACTGGTTT,50
AACAAGTTATTAATCC,50
AACATCAATATGAATT,50
AACGATGCAAGTTCTG,50
AATCTAACCAGATTTG,50
ACAGACCAGTTTTTAA,50
ACCCGAAGTACGCACG,50
ACTGAAAGCGATGTAG,50
AGAAAATGATAAAACC,50
AGCAGGCCAATATGAA,50
AGTGAACAATCTATTT,50
AGTTAAGCACTGAAAG,50
ATATATCACTAAAATG,50
CAAGAAAATCCCCTTA,50
CACAACACTAAGAGGT,50
CACCTCTTTCCGGTAG,50
CACTAATAGATCTGAT,50
CATAATCCTCAAATGA,50
CATCGCTACACTGACT,50
CCTTTAAACAAACAAC,50
CGTTGCCGATTATATT,50
CTAAGGCAATGGTACT,50
GACAAAATATGTCCGG,50
GACACAGAGATTTTGG,50
GACAGTACAACGACAC,50
GATATCTTTAACTACA,50
GATCTATTGTCAATCG,50
GATGATTTACAATCAA,50
GCACAGGACTAGTGGT,50
GGGTATTGTAATAATT,50
GGTTAGATCGGACATT,50
GTACGACAACCTGGAT,50
GTCTACTTGCTGAGCA,50
GTCTATGCGGTTCTAT,50
TAACATTGTCGTTTAG,50
TAATAACTAATCAAAT,50
TAATAATAATTGCAAA,50
TACTAAGTAAAAAAAA,50
TCAAAATAACCGAGGC,50
TCAGGTCACAAAAGAG,50
TCTCCACCCAAATCGC,50
TCTTAATTTGAACTTT,50
TGATAAGTAGGTACAA,50
TGCAACTTCCAGTAAT,50
TGTTCGCTGCGGAAGA,50
TTAAATACTTATAACG,50
TTATCTACATTACACG,50
TTATTTTATTAATTTA,50
TTCACCGCATCCCAGC,50
TTGTAGCGTGAAATCG,50
TTTTCCCGGAGGAGGT,50
AAAAACTCCATTAGCG,49
AAAATTATGTCCAAAT,49
AAAGCGAGGAAATTTA,49
AAATTGACACCGAAGC,49
AAATTTCAGATATTGT,49
AACACTCTGAAAAGAA,49
AACAGGATCTAAAATT,49
AACCTAGCTGAACCAA,49
AATACAGAGCAACAGT,49
AGACAGATTCTATACG,49
AGATTACTCGACTCAA,49
AGGATGGTAGCTTTCG,49
AGGCTTGGAACATGAT,49
ATAACCTACAACGCAT,49
ATATTAGTGGTCTGTA,49
CAAAGATCTCACTTTG,49
CCCAAAATGCTCTAAT,49
CCTAAACGTAAAGATT,49
CGCTAGAAGAAAGAGC,49
CGGGATATCTAAAACC,49
CGGTACGTGTCATGGA,49
CTACAAGGTCTTAGCA,49
GAAGGAATGGACTCGA,49
GAATTAAGGTGCTATT,49
GACAAAGGAGTTTAAG,49
GAGTATCTTAAGGCCA,49
GCCGCACATGGGATCT,49
GCTTAACACTCAACAG,49
GGCTCAGCATCATTGT,49
GGTAGGTACTCAAACA,49
GGTGAAAGGAAAAAAC,49
GTCGCAACCTAAAATT,49
TAGGGGGGTTTATTTA,49
TCAACATTATCAAGAA,49
TCAATTTACGAATGTG,49
TCAGCTAAAAGGATGA,49
TCATAACTGTGTGAAC,49
TCCAAACTGAGTTACC,49
TCGATGACATAGTTAG,49
TGCAAAATTCACTACG,49
TGCATATAGCACGAAA,49
TGTAGATAGGATTCTC,49
TGTGACCTTTATCCCG,49
TTGTCACTTTAACCAG,49
TTTGCTAAAATCCCAC,49
AAAAAAAAAACGTGTG,48
AAAACAAACCGGCAAA,48
AAAACACCAAAACAAA,48
AAGACCTAACAAACCA,48
AAGGCGAATCGTACAC,48
AATAACGGGATCCGTA,48
AATTGATTTCAGATCA,48
ACAGAGTAACCGACCG,48
ACCCTTGTATAGTGTA,48
AGATTCAACAACGCAG,48
AGGCCTCAAAAACACG,48
AGTAACTCAATCTAGG,48
ATAATAAAGGGATTAG,48
ATACAAAAACATGGCC,48
ATGCGGTGACAAAAGG,48
ATTAGGGAGGCTACTC,48
CAATTACAAGATCAAA,48
CATAATTCAATTAGGA,48
CCCATACCAAGGAGGT,48
CCTACTTGAACTAATT,48
CCTTACGCGAAACGTT,48
CGAAATAAATAGCCAA,48
CTCATTTTAGAATTGA,48
CTCCGGGCCTTCTTAT,48
CTGCATCTATCCTCCG,48
CTTCCACCACGGAGTT,48
GAACTACCGATACTAA,48
GACAGCCTCCGTGCCC,48
GAGCACTTGGGGACAA,48
GATGAACATAAATGCA,48
GCAAAAGTATAGAAGA,48
GCAAAGATGGTAAGAA,48
GCAACCCCTTGACAAA,48
GCTTGTGCAATGGTTA,48
GGGCGGTCCAATCGCC,48
GGTTGCGAATGTACTG,48
GTAAGAAGACAGAATT,48
GTCTCTTTCTACCAAA,48
TAACATTCCCTGACGG,48
TAATGCGGAGCCTTCG,48
TAATTACAGACAGTAA,48
TATATCTACCATTATT,48
TATTTGGATATACCTT,48
TCATCCTACCGACCAC,48
TCTAGTACATATATCG,48
TGTGATCAGAGCGTTC,48
TTAGAATGTATGAGCT,48
TTATTCGTTCACGCTT,48
TTTATAAAACTCTCAG,48
TTTCGAGTTTTGAAAA,48
AAAACCTAAATAATTA,47
AAAATGCTAATTAAAA,47
AAATGTATGCCTCAAA,47
AACTCTACCAAATTAG,47
AAGAAATCCTTAAAGC,47
AATAACACAGAATCTA,47
ACACATACATGATATT,47
ACATAAGGAATCTGTG,47
ACATACCTTGAATAAT,47
ACATTCTAAGGCCTAT,47
AGGCGCAGAAAACAAA,47
AGGTCACGTGGAAGAA,47
AGTCCGACCAGCGTCT,47
ATAAGTAAGCGCAAAG,47
ATAGAACCCGTACCTG,47
ATCAAAAAATTGATCG,47
ATTCAACTCTTTACTA,47
CAAACTCATAACATCC,47
CAAAGCATTAGCACGA,47
CAAGTATAACTTCCTA,47
CAATGTTCTGATAGTT,47
CACATATTAAGCCACA,47
CACGAAGCCGCCATAG,47
CACGCTGTCTCGACCA,47
CATATATTATATCTTT,47
CCAGCTTAGATAGACG,47
CCCTACAGTGAACGCC,47
CCGGCATGTCATCCGG,47
CGGTTTGATTTAGGTC,47
CGTCCGATAATTTCCA,47
CTTACAAATCAAGAAT,47
GAAAGGATGTTGCGCA,47
GAACATTGTAAGGAAA,47
GATTTCGAAAGAAAAT,47
GCACCACATCGCGTCT,47
GCATAATATAAAGATA,47
GCGACTTTATAGGGAC,47
GCTATTACAAAATAAA,47
GGCTTGGCAGGGCTAA,47
GTACCTTAGAATAAAC,47
GTAGTACAAAAACTGA,47
GTATCCAAATTAAACT,47
TAAAATGAATCAAAAG,47
TAACAATTTTAAACTC,47
TAATAACCACTGAGAA,47
TAATTCCAAAAAAAGC,47
TAGAATCGCCGGTGAG,47
TCAAGGAGCCGTTAAA,47
TCCATCTAGAGAGGCG,47
TCGTATCATCAGACAG,47
TCTATAATGATAAGCT,47
TGATCACCATAATCAA,47
TGATGATAACCAGAAG,47
TGGTATTCTACTTAAA,47
TGTAACATTTACTGAC,47
TTACGGAATGCATTGC,47
TTCAGAAAAAATTTGA,47
TTCGCGCAGCGCAAAG,47
TTTCGCACTTGGTCGC,47
AAATCTCACTATTTCA,46
AACTAACAATCCTCGA,46
AATAGACCCAAAAAAT,46
AATCAAAACAAATTTC,46
AATCGTAGAAGCCTAT,46
ACAATGAATAGTGCTA,46
AGGGCGCTTCACTAGT,46
AGTCGCCGTCTTAACA,46
ATAAACGTATTTAGAG,46
ATAAGAACATTGGCAT,46
ATCATATAAACCTCTC,46
ATCTAGCAGCTCGGTG,46
ATGTCACAAACTGACC,46
CAACTTCCTTTAATTT,46
CAAGTCATCACCAGGT,46
CAATATTACATCGATC,46
CACGTTTTATAGACAG,46
CACTTGCGAAACATGA,46
CAGTAGACGCAACCAG,46
CCCCATGGCAACGTTA,46
CCGCAACTCACCTAAG,46
CTACTATTAGTAATTC,46
GAAAATTTAATATTAT,46
GAAAGCCGAACAGGGC,46
GAAGCCTTGTCACTTT,46
GAAGTCAATAACAATC,46
GACAATTATTAAAACG,46
GATTATGGAGCCTATA,46
GCCAGCAAGCTTTTAC,46
GCCATAACTAAAAGAG,46
GCGAAACTAAAAAAAA,46
GCGATACACCTCGGGC,46
GCGCGCAAAACTGATA,46
GGAACATTCCAAAAGA,46
GGATCAAACTTTACGT,46
GGTCGCGACCTTCATA,46
GTAAAGTATGCGCACG,46
GTCCGAAGATTTGCAA,46
GTCTTAATAACCGAAA,46
GTGACTTTCGCCAACA,46
TAAGCCAGGTTCTGGG,46
TACATCGGATGGTCGA,46
TCTCACTGGGTTGCAC,46
TCTGCCAACATTACGC,46
TGAATAATCCACTCAG,46
TGCAATCCTAGCGGGC,46
TGCCCTATCTAACAAA,46
TGTTCCTCGTACAGGT,46
TTATTGGAAGAGCAAT,46
AAAACAAATATACCAA,45
AAACATTTACCATACT,45
AAATGGCTAACAGCTA,45
AACCTAGTCAATAACA,45
AATTTCACTTGAATTC,45
ACATCAACTACTTCGA,45
ACCCCGAATGCTGAAA,45
ACGTAGAACACTGTTT,45
AGAGGATAATGCGATC,45
AGCCAACATATCGCTA,45
AGGTGTCCCTACGTGG,45
ATAAGACAATCGAATC,45
ATCTAAACAATGCATG,45
ATTTCCGTAGAAAGTA,45
CAAATATTAGATGTAG,45
CAAGCCATTCCGAAAC,45
CAATCCCATAATGATC,45
CACTGGTTCAACATCT,45
CCACTAGAATAACCAT,45
CCCAATACACATCAGA,45
CGCGACCGATAAGAAG,45
CTAATGTCAAATTAAA,45
CTAATTCCCAGGGACC,45
CTTACATTAATGTCCA,45
GAATAAATTTTGTAAA,45
GACACCTATCCAAAAG,45
GCAAAAGGAACGAGAA,45
GGACCAGCAGTCTCAT,45
GGCCACAGTGCCCATT,45
GTAAATCTACCATTCC,45
GTACTATCACACCGTT,45
GTCCAGGAGCTATAAA,45
TAACCAGCCAGACCGC,45
TAAGAAACACTTTAAG,45
TAGGCCAAATACCCCG,45
TATCTCGATTTATGTC,45
TCAAATATTATACAAG,45
TGAAAGTCCGTATGTG,45
TGGGATCCACCATAAT,45
TGTTACGAGGAAATTT,45
TGTTTCATATGCCACA,45
TTAATTTTGCGACAAA,45
TTACAGAATTGGCAAT,45
TTATAAATCCCATATA,45
TTATTAAACTAAAAAT,45
AAAACATGAGTCATAA,44
AAAATCTCGGATGAAT,44
AAATATTGGAAACAAA,44
AAATTGTCGCAGTCGA,44
AACTGCCGTATTTCCC,44
AAGGCTCCCATGACCT,44
AAGTTAACTGGCAGAT,44
AATTATAAATTAAAAT,44
ACACCTCCCTAAACAA,44
ACATGGTAACATATTA,44
ACGTGACTCACTCAAA,44
AGAACAATACATATCG,44
AGGAGACTGATTAATG,44
ATAAGCTAACAACTGA,44
ATAAGTAGGCATTTAA,44
ATAATCAGAAAGCCAA,44
ATCCATATTCGAGTCC,44
ATCCTATAAAAACTAA,44
ATTCGAGTTCGACTGG,44
CAAATTTAGCATAGTG,44
CAAATTTGCGGGACGA,44
CAACTTTGTTATGTGC,44
CAATTTACTGCCAACC,44
CATACATCCTCGTAGT,44
CATTCAAAGCAATGCA,44
CCCACGCTTATGCCAA,44
CGAGCGAATAACCACC,44
CGAGTAGACTTTTTGC,44
CTATCTATAAGCAAGG,44
CTCATGGCGACTCTAT,44
GAAAAATTGCAAGACC,44
GAAATGAAAAAGACCA,44
GAATATTGTATAGAAT,44
GAATCAACGACTGCAG,44
GACCCTATAGTATTGA,44
GAGAGGGAATTTACAC,44
GATAATATCAACAGCC,44
GATAGACTAATAACAT,44
GCCCATGACGTGAAGT,44
GCTCCACCATTTTCTA,44
GCTCGCTCACAGAATT,44
GGAGACCCGCTAAAGA,44
TAAAACTCTCCATAGC,44
TAATCCCTAGCCATTA,44
TACAGGACATCCGATT,44
TAGTGGACCTTGTGAA,44
TGCTACAGCCGGAACC,44
TTAGCTCTTCAAATCG,44
TTATTCCACACGTCCA,44
TTGACCCGTCACACCC,44
TTGATCACGATTAAAA,44
TTTAAAGTATCGCGAG,44
TTTCCTATTTAACTTT,44
AAAAATAGCCCCGACA,43
AAAACAGCCCGTTTAT,43
AAATTCAGATACACCA,43
AAATTGTAAAAGGGGA,43
AAGTACCTACCGTTCC,43
ACAAACAAGAGGGCAA,43
ACAATTAAACTCTTCA,43
ACACAATTTTCGTACT,43
ACCATACGACAAATAG,43
ATAAACGTATTTCTAC,43
ATACTACCGAACTAAC,43
ATCCTGAGATCTGGAA,43
ATCGAACTAGATAGTA,43
ATGACAAACCGAAACG,43
ATGATACAAAAGATTG,43
ATGGCAGCTACCGCAT,43
ATGTTCCTTTCCACTA,43
ATTAAATTAGCTGAAA,43
ATTCGTAAAAGATGTT,43
CACTGATAGATTCTTC,43
CCAAACGTTAACTTTT,43
CCGATATGTGGGGCCA,43
CCGGGTGGCCCTTTTT,43
CCTCTTTGTATATTTG,43
CCTGAGAAACGGAACG,43
CTGATTATAGACCATT,43
CTTACGTAGAAAACAG,43
CTTCAAGAATGGTGCC,43
GAAACGATAGAAGTAA,43
GACGAATTCCCGAGGA,43
GAGTAATCCAAAATAG,43
GCCAAAGCCCATGCCT,43
GTGAAACGACAAAAGT,43
TAAGATTATAACTTAT,43
TAATAGGTTATCGACT,43
TACGATTTATGAGCAG,43
TACTGGGCTAGTACCT,43
TAGCTACATAAATAAA,43
TCATACTCACAAACAT,43
TCGATCGAACGATTAA,43
TCTAAAGAACCGAGAC,43
TTATCTAATTCCTCAC,43
TTGAACACCCCCGGGA,43
AAAAAGTAACAACCCA,42
AAAAGTATTATTTAAC,42
AAATTGAACATAAATA,42
AACAAGATCGGACTGG,42
AACTACCGTTTATAGT,42
AATTCACATAAAACCG,42
AATTTCGTAACTATAA,42
AGAAACAATAGTAATA,42
AGAATACAAGCGATCC,42
ATCAATTAAAAGTTTA,42
ATGCTGTACTAACTTA,42
ATTGGGGGTGTATACA,42
CAAGACAACACATAGG,42
CATATATCGTGACCAG,42
CCATTGGTCGGATTGA,42
CCTCGGAGGATGTCCA,42
CCTTCCCACATAAACT,42
CGCATCATGCATATGG,42
CGTTTGGCGTCAGAAA,42
CTCATATGCTATAGAA,42
CTCTCAAATGCCTCTG,42
CTGCGGGTCACTAAAC,42
CTTCGTCGCCCTACAC,42
GATCACCCACAACTTA,42
GATTGAATGGCACTCA,42
GGGGCGTCGTTTAAGT,42
GTAACACGCATACGAT,42
GTACATAAATTCCATA,42
GTCAAATAAAGAAATA,42
GTTCCCTGGGACAAGC,42
TGTTAGTAGCATCTGA,42
TTAACATAAGACCCGC,42
TTAAGTCCATCATTTA,42
TTACCACGCTAGTAAG,42
TTATTTCAAGGGGTGT,42
AAAACCTTATAGAAAT,41
AAACTGTGCCTGACGA,41
AACCACTTGGCGTGAG,41
AAGGGCCCCTCCCCTG,41
AATTAGAAAACAAAAA,41
ACAGGAGCTAAACAGA,41
AGCAGTAAACGGAAGA,41
AGGTCAAGAAGATTAA,41
AGTACGGCCGATGGAT,41
ATAAATATGAGCAGGT,41
ATATGTAGTTTAGGTT,41
ATCATAACCATTTGAG,41
ATCCCTGAGCCTACAC,41
ATCGCAGATCTCAATC,41
ATGTTTCTCAGGACAT,41
CAATTATACCTTGTAA,41
CACTCAAAGATACCAC,41
CAGGCCAAGATCACCC,41
CATACATAAAAATGAT,41
CATCAATGACACTAAC,41
CCGAATATGACAAGAC,41
CTGCACAGTTTCCTCG,41
CTGGACATGAAAGCCA,41
GAACATTCGAACGCGC,41
GAACCGTTGAAAAAAA,41
GAACTAGAGCGTCTAC,41
GACAAAAGAATCAGGT,41
GACTGCAAATAATGAT,41
GAGAGCAACATATAAA,41
GAGCACAAAACATGCC,41
GAGGTCGGACAATTTA,41
GCATGTGGTAGGAGTA,41
GCGGCGTACAAAACAT,41
GTATAATAGCTATCCT,41
TAATATTAAGCATCAG,41
TAATCGCAAAAGAAAT,41
TATATCTCCTCCAGTT,41
TATTCTAGGGACTAGT,41
TCAGAAACGTCACATG,41
TCTACTTAGACATTCT,41
TGTACTCGACCATTCA,41
TTAGCTCTGAATTCAC,41
AAAAAAGAGCATAAGT,40
AAATGGGAAATGACAC,40
AACCTCATTCTTAAGG,40
AACGACCAAGCAAATC,40
AAGAACTAATCTCTCT,40
AGAGGCTCATAGTTAA,40
ATAAAAGAGCCCATAC,40
ATAAATCAAAGTGCTC,40
ATAAGATTCGCAAACA,40
ATATGCCACTTTAACG,40
ATCTAGCTTGCCTGAA,40
ATTACCATCAAAAAAA,40
CAGATAGAATTCTTCT,40
CATATCCCTAACTCAT,40
CCAACTACAAATCCCC,40
CCCCAATAATAGAGAA,40
CGTTACCTAGCATTAA,40
CTAATACCGTTGAAGG,40
GAAAGGGCAAATTTTA,40
GAACAATGTAGAATCT,40
GAATATCGTGCTGCTT,40
GACGTAGTGTCCAAGT,40
GATAGGTATCGAAATC,40
GATTTCTAAAGCGATC,40
GTACATTTCATGCAGG,40
GTCAGATAGACAATCC,40
TAACTGCAAAGACGTG,40
TACCGGAAGAGACAGA,40
TAGTAATCCATAATCC,40
TATCATGCTGCATAGA,40
TCAGACGCGTCCACAA,40
TCTATAACTTACCTAA,40
TCTGCCGTGCAGAACC,40
TGACTTAACTATATCT,40
TTTCCAATCTATCGGT,40
ACATTTGATATTAAAA,39
ACGATGACCGCGATCC,39
ATCACTTAGCAGCCAG,39
ATCTATTCAATGACAG,39
ATGCGGTATGAGAGTA,39
ATGCGTACAAACATCT,39
CAAAACAATGACAATA,39
CACTGGTTGAAAAATT,39
CATACTTGGCGGATCA,39
CATGAGATTGGAAGCT,39
CGATATTTAATAAAAC,39
CGCACCCCTTGGACAA,39
CGGGAAACTTCGAATA,39
CTACGAATTCTAGGTA,39
CTAGATAGATAGCTAT,39
GAGCTTAGCCTGAAGA,39
GGCGACTAACCTGCAA,39
GGGAAAAGTCAATTGT,39
GGGGTCCGCAGCCTAT,39
GGTAAATACACCAACT,39
GGTTAGTCTAAACGTA,39
TAAAAAAAACCTGCAC,39
TATAAAGGTACATCAC,39
TGCAATAGCTTCCAAA,39
AAAGTTTAGGGAACCA,38
AACAGGGCTTCCTACA,38
AATAGACCGAATGCAG,38
AATAGTTGGCGGATAA,38
ACAAAACCTGAAAGTA,38
ACATCGATTATATCTC,38
ACCTAACACGAAATCC,38
AGAATATAAAACCCAA,38
ATAAAAGAACTTGAGA,38
ATCCAGAGGTCCAGTC,38
ATGGAGCCATATAACT,38
CAAGTGCAAGTAGGAC,38
CCACAAGTAGTATAAT,38
CTACGCAGAGCACCGG,38
CTTACCCGGATACATA,38
GATCTTCCGTCAGACT,38
GGTAAAATCAGCAGTT,38
GGTTTTATTTCAGGGC,38
GTAGACGCAATGGACT,38
TAGATTAGCTTTCAAG,38
TAGGGTCGGTATAGCA,38
TATCTTAGTACAAATT,38
TCTCCGATATAAACCA,38
TGAAGGCCAAAAAACT,38
TGTTAAAAGCAGCAAT,38
AAATGAATAATTACCG,37
AACACTACGCTATGAT,37
AACACTCTAATATTGT,37
AACCCACGCCCAAACT,37
AAGAATTCATTTGCAT,37
ACGGTAACACATGGAC,37
ACTTGCGGGACCAGGC,37
ACTTGGGATCAATGCG,37
AGTAAAATTAAGTTTA,37
CAACACTTCGAATATA,37
CCCCGATACGCGGGCC,37
CTAAGGGCTAAAACTC,37
GAGCACAACGACCCAA,37
GAGGGGATCTTTAACA,37
GATGCCACGAGATATA,37
GCCTACTGCCGTTTTA,37
GCTAAACCGTATAATA,37
GCTCGAGGTGGGCAGA,37
TAAGAACTCCATGGAA,37
TAAGGGCATGGCCTGC,37
TATGTTGACTGTCTAA,37
TCCAAATTAAAAGTCG,37
TCGGAGGCTAGGTACT,37
TGAACCGTCCCCAAGT,37
TTTAACATCTTTAGAC,37
AAAATCCATTGCCATC,36
AAAATTTCGATACGAT,36
AACAACCTTCAATGCA,36
AAGAATTCACATTCAT,36
AATACCAACACATATT,36
AATTGCAAGTATTTAA,36
ACTCAGCATGCCGCCT,36
ACTTCAGAACTCTTAA,36
AGCATCATCTGATACT,36
ATAATATCCCGGGAAC,36
CAAGCCTCACAGGTGT,36
CAAGGACTGTTCTCAC,36
CCCCAGTGTACTACCA,36
CTAAAAAAACCTACCC,36
CTCCACTTTTTATTTG,36
CTTATGTATACAGTAC,36
GATGAATATTTAAAAA,36
GCATATGCGTGGAAGC,36
GCTCTAAGGTATCAAA,36
GGAACAAAAATTGGGC,36
GGGGCTCGCAAACCTA,36
GGTAAACAACGTTTGG,36
GTACTCACTTTTTAGG,36
GTGGGGAAACGCACAA,36
GTTAAAAGCCGAGATT,36
TAAAAATGTACAATAC,36
TAATAAGAGAGTAGAA,36
TAATTAGTAACTCTTT,36
TACCTATGGTATGATT,36
TGCCAAAAACAGTAAA,36
TTAAGACACCGACAAT,36
TTTCAACCTGTCCCAA,36
AAAAACTTGACACGAC,35
AAACAAAGTCTATTCA,35
AAACACCCACAACAAT,35
AAATGCTGGAACAGTC,35
ACCTACCCCATTAAAC,35
ACTATGTGATTAGTCA,35
AGAAGTCAGACAAGTG,35
ATAAGAGAAGAATAGT,35
ATATTCGAGCCTCGTA,35
ATGGAGTAAGCACAAG,35
ATTATTTGCCACTATC,35
CACAAAAAGTACCATC,35
CATTATAGCGAGCAGC,35
CCTAGTGCTACCCCTA,35
CGAGTCCATCTTACGA,35
CTGCCGATGCCATTCC,35
CTTAAAAAATAGCAAT,35
GACTGTCAGTTACTGT,35
GAGACCTAACGATTTA,35
GCAAGTCTTCAAAACC,35
GGCCGCATTTAATACA,35
GTAAGTAGCTTAATAC,35
GTCTTAATACATATAA,35
TAAATGAAGGAATACG,35
TAATTCAATTAAGAAA,35
TACTTGAGATTAACGG,35
TGATGTTTAAAACAGG,35
TGGGAAATGCATCTAC,35
TTAATAATTGATTATA,35
TTATACCCGTTCGTGG,35
TTCAAGCCGTACAAAA,35
AATAATTCGCACCAGT,34
ACTGAAAAAGCGCGCA,34
AGACGCTGACATATCC,34
ATGCAGAGATCAAGCA,34
ATGGAAAACTACTTTA,34
CAACCTGCGAACCAGA,34
CACTAACTCCAACGTA,34
CGACAAACCTTAAATC,34
CTATTATCAATTTACT,34
CTCTGCAACGTAGACG,34
CTGAAAATTTTCAAGA,34
GACCAAGTAATCGACC,34
GACCCACGAGTAGTAA,34
GATGCCCCATGGGTAA,34
GCATACTTCCCCCACT,34
GGAATTAAATCGTATC,34
GGACCAGAATAAAATA,34
GTAATCTATAACTCTT,34
GTGCGAAGCCGTGCCG,34
TATATATAACAAAATG,34
TATTAGATATTCGGTA,34
TTATAAGTATACAGTT,34
TTTGGTTACGTTTCAC,34
AAAAATCCACAACGCT,33
AAACGACGACTCAATT,33
AAACGCGTGGCTTCTA,33
AACGCACATCTGAGCC,33
AACTTCGTTTTATTAT,33
ACTCGGAAGCATAGGC,33
AGCACTAGAGTAGAAA,33
ATACCCTGTGCTAAAT,33
ATATCAAACTGGTCAA,33
ATATCGTACACAGTTA,33
ATCCCACTACTCCCGG,33
ATCTTAATATTAGAAT,33
ATGTATCGACACATGA,33
CAAGAGACGAGCAGGA,33
CAAGAGTGCGAGGGCC,33
CAATAGGACTGAAAAG,33
CATAATTACTTCCTCC,33
CCAGGTTGAGAATTTA,33
CCGAGGCAATAGTTAC,33
CCGCTGAACCATCCAA,33
CCGTTTCATCCCGCGC,33
CTAACCCTGTATGATA,33
CTTACGGGATTAAAGC,33
CTTATACATTCAAGAC,33
GAAAACGAAGATATAC,33
GCACTGCACAACGACA,33
GGGAGCGAGCTCTCTT,33
TAACCCTAAACCTAAT,33
TAATGCAGAGGGTTGG,33
TACAGTCTCCCCGCGC,33
TATATACTGAACAAAT,33
TCAGCTCGCACGATTT,33
TGCTAGAACTCATCTG,33
TTACTCTTTCAGACTA,33
AAAGTCCCCAAGTTTC,32
AACAACGTACTAGCAA,32
AACCAAGAAGTATACT,32
AAGACACGGTCGTTCG,32
AAGTTGGATCAACATA,32
ACAAACTAAAAAACCT,32
ACACTCAACATTACCA,32
AGTCCCAGTATGCACG,32
ATCAATAAGTTTGGCG,32
ATGGATTCGCAAATTG,32
CAAGATATTGATAGAA,32
CAAGCAATGTAAAAAG,32
CAGGATAAGGCAAAAA,32
CAGGGCGCCGGACCAG,32
CGCTCATCCCGCCATA,32
CGTTCATACCAATCTA,32
CTATAAATGTGTTAGT,32
GATGGTGGTAACCTCT,32
GGCACGGCCCAGCACC,32
GGCTTAGAACCTACTG,32
TCAGGATGTAGTAAGA,32
TGTCTTAACAGAATTC,32
TTATATGTCTTATCTT,32
TTCATCACAAATAGTA,32
TTGGCTGCCCAGTAAA,32
AAGAGAATCCTCATTA,31
AAGGAAGTTCTTGGGG,31
AATCAAGTTATAGGCG,31
AATTTTTTTTTTCTTT,31
ACTCATAAATTTACAA,31
AGATACTTCGTACAGG,31
AGGATAAAACGATTGC,31
AGTCACCTCCAAACCT,31
ATGAATAAAGGGTAAC,31
ATTCCCAAGTTCTCGA,31
CAAATCTGAAAAAAAC,31
CAATCTATGCCCATAC,31
CCACTCCATGGTGTAC,31
CGAAAGCCAATCTGTC,31
CGAAGTGCTACAACTT,31
CGATTATCCATTTGGT,31
CGTAATGGACATTGGG,31
GAATAAACACTAATAA,31
GACCCGGCCCCACGTA,31
GAGGATTCGAACCAAT,31
GTTCCTTACGAGGCGT,31
TAACGACTTAGCTGTA,31
TAATATCGGCCCGTTG,31
TATACCCTTTATGGAC,31
TGTGATTATACCCAGA,31
TTCGAGGCTCCCAGGT,31
TTCGTTACTCTGAACA,31
TTTGCCTATGTCTACA,31
AAAGATCGGGATTCAC,30
AATACACAGAGCACTT,30
ACATGATATTTACATA,30
AGAAGCGTACGAAGGA,30
AGGAGTCACAAACGGT,30
ATATTTTCTTGCCACC,30
ATTACCGCCCCTCATA,30
CACGGAGCCCTAATCT,30
CCCGTAAGTGACTATG,30
CCTAATCTGAATTAGA,30
CGTACAAAGACCAAAT,30
CTAAGTGTGAATTATG,30
CTGCGAAAGGGCTAAC,30
GAGACACATAGTGGAG,30
GATGAGCCAGAGCTAT,30
GTTAATGCGATTCGAC,30
GTTGCAAGATACGCTT,30
TCACTTCACTTAAAAA,30
AATACACCCACAGACT,29
AGTAAGACTGACAGTA,29
AGTAGAGTCGCCGCAT,29
ATAACTACCAGGCAAA,29
ATTATATTTAACACAC,29
CATAAGCAACCCCCAC,29
CCAGGTAGATATTTCT,29
CCCGAACTTCTATTGA,29
CTAAACAAGATACTAG,29
GCATGCCAATTATTCA,29
GCCCTTTTGTTATAAT,29
GGCAATCAACGAGCAG,29
GGGTTCCATATGCAAA,29
AAGAGAGTATCAAACC,28
ATAACATAAGAGCACC,28
ATACCATAAAGAACAC,28
ATATTAAATAGGGACA,28
ATCTCCGAAATCAAAA,28
ATCTTAAACCACTTGT,28
ATTGCCTACCATAAAA,28
CAAACAAGAAAAAACA,28
CAATAAGCGTATCCAA,28
CCTTAGTCATTGCATA,28
CTGCTTCTAAATTGAA,28
GATAATCGAAAGTTGA,28
GATGCCACCAGAGCGG,28
GGTCATCTAACTGTAA,28
GGTTGAAAACTTCTTG,28
GTACTACTGCATACTA,28
TCAAGCGGCAACTGCC,28
TCAGTGCTTGAGATAA,28
TTAAAACATTCAGCTT,28
ACATAGGGATTGTACA,27
ACCTAGACCCTTTCCC,27
AGACCGGGCGGAAACA,27
AGGGGTAAGCACGCCA,27
AGTTGATCGAATTAGA,27
ATACCAAAGAGCCTGT,27
ATATAAACGATCCTTC,27
ATCAAATGAACCAAAG,27
CAAGGATATACTAATG,27
CATTTTGAAATTCTGT,27
CTTCTTAAAATAAAAC,27
GCGGGAGAGTGAGTAA,27
GTAGATAACTTATCAT,27
TGTAAAACACTAATGG,27
TTCTGGCGTAAAGAAA,27
TTTCCTGTGCTATTTC,27
AAAAAAATTACCCACA,26
AAAATTAATAAAAAAG,26
AAAGAAATCACTATCA,26
AAAGAACAAAGATCGC,26
AATTTACCACCTAGTC,26
ACGCGTGGGAGTCCCA,26
AGATCACTAATAAGGA,26
CCCTCCAGTGTAACAA,26
CCGATACCTAGGAGAA,26
CCGCACTGTTATCAGA,26
CGATGAATGAGTGAAT,26
CGGCTGCGCCTATGTA,26
CTGAACGCTAACACTT,26
GCACCGCTTTGGCGAC,26
GCAGAAAGCATGTTTA,26
TAAGAACACGTAAGCG,26
TACAAATAACCGAAGT,26
TCAGACAAGCTCCCAT,26
AAGAGCATACACTAGA,25
AAGCGTAAATAAGTCA,25
AGTAACACTGAACAGG,25
AGTCAGAAGACCTCTG,25
CCCCTGTATGACATGC,25
GATGCCGATTGGTTAA,25
GCATCCAAACCTATTC,25
GCTTATTTAAAACACG,25
GGTGTAGTTTCCTGGA,25
GTCATGTGCCTATTGA,25
AAAACACCACTGTCAT,24
AACACTGACTTACAAA,24
AAGGCACTTTTGGCAA,24
ACGGTGACAAGTTGAA,24
CACCCGTCGTCAAGTT,24
CAGATGCCAATAGGTG,24
CCATCTCACATTAAAT,24
CCTCCTTAGTAATACT,24
GCTTACATAGGTATAT,24
TAAGAGTTACTAAGAC,24
TAATAACAAAGACCCC,24
TCGGTCGCATCCCGAA,24
TGAATAGACACCTGGG,24
TGAGCATGTCTCATGT,24
TTCTAAAAAACTATTT,24
ACATCCACTCCACCAT,23
CCCTTTGAGCGCAGTC,23
CGCATAATAGCCAAGA,23
CGCGTAATATGATATG,23
GAAAACCACCGTTCAG,23
GAACATATTCATGTGC,23
GAACGTATAGTTGAAA,23
TGATGTCATTTTGGCA,23
TGGATAATACCGGGAG,23
AAAAAGCACTATAAAC,22
ACATGGATCAACAGAG,22
AGAACTTAACATTCTC,22
AGTTGGTACATTTAGA,22
CATTAACAGTGTTGAA,22
GGTCATAAAAAGTAGT,22
GTTAAACATTTATGGC,22
TAAACGACAAAACGAA,22
TATACCTAAGAGGTAC,22
TCCAAGATTTTTGTTC,22
TTAGATTCTATACATA,22
TTTAAGTGAACAACCA,22
AAACCCTGTTCCCACG,21
AGATAAATAAGCAACA,21
ATAGTTAATAAAACAT,21
CCTTTCTACGATAATA,21
CGAGGGAAAAAGTTAA,21
GATCGCATACCTCTAC,21
TAAAAAGACAGACCAA,21
TAACCAGGAACTGAGT,21
TAGATTCAAACAGAGA,21
TATGCGAATCGATGAG,21
TCATACCTCCCTTTAA,21
TTTATAACAGTACAAG,21
AAGAAACGCATTCTTT,20
AGAATTAAGCAAAAGT,20
ATACGGACCTGAACCC,20
ATGCATACGACAACGT,20
ATGTGAGAGACGTCAA,20
CTAATTACAAGGCATT,20
GAATCCTAAAAGAAAC,20
TGGCGACGCGCGACCT,20
AACCAGAAAATACTTA,19
AGGGCACAATGTCGTG,19
ATAATACGGAAAGTAA,19
ATAGCAGCCAAACTCA,19
ATTGCCATAGTTCTGT,19
CAAGCTAGTCAAACAC,19
CACAGGAACATGGAGA,19
CGCTAATGTCAATAAT,19
CGCTTACCTTAGGCTT,19
CTTACATTACAATTCT,19
GAACGGTGGCACTAAC,19
GATAATACAGAATATA,19
GCGGTGAGAGATCTGT,19
GGTCTACGAAAGAACT,19
GTGATATCATTACTAT,19
TTACACAATTAAATGA,19
TTACTATCACTATCAG,19
TTATCTAAACTAAACT,19
AAAAATAGTTCGATCA,18
ACATAATAAGAAAATT,18
AGGAAGGCGAATTTGT,18
AGGAGTTGCGAACTCA,18
ATAAACGAGAGTCCGT,18
ATAGAGCCACCCATAT,18
ATGACCTAAAGGTCAT,18
CAAGCCCACACACCAC,18
CATCGAAAAAAATGAT,18
GTTAATCAAAGATATG,18
TAATTACTATTTAGAG,18
TATCAAGTACTAAAAT,18
TCGTAACAGCCACAAG,18
TGGCCTAAAACATAGG,18
TTCTAGAAACAGTGAA,18
AAAAGCGGATTCCTAA,17
AACAAACAAATCAATG,17
AAGACTGATGTTTGAT,17
AATTCTAATAAAACTT,17
ACGTAGTAGCAACGAG,17
CAAGTGGTAGCACATT,17
TAAAACAATAGACTAA,17
TAGATCCACACATCAG,17
AAGTTAGGAAAAATAA,16
ACATGCTCGCACGGTG,16
CGAAAAATACAGCACG,16
CGAAGCCTAAATATTA,16
CTAATAATGAAACGAT,16
GTAGCTTGTCAATCTT,16
GTTGTTGAATTGCTTC,16
TACGTATGTTTCCGTG,16
TAGGGACCCAGATGCC,16
TTTGGTAATGGAAGTC,16
AAAATCAGACTCTTCT,15
AAATTCCGCTGCAACG,15
ACCGCACTTTACTAGT,15
AGGATCACGGACAAAG,15
CATGATACCCAATACT,15
CCATAGTTGAATAAAA,15
GAAATACTTCAGATAC,15
TATAGGAGATGGGGAC,15
AAAGCTTTGGAAGAAA,14
ACCAATATAAACTCAC,14
CATACGCTGCACCCAC,14
GCGTTGAACACACACT,14
TAAAACAGTATGACAA,14
TACAAAATCTAACAAG,14
TCATCGTCTAAAATCG,14
TTACAGAATAAATTAG,14
AAAAAACAGCAAAGGG,13
AAACGAAAACCGACCA,13
AAATACGTTATAACAA,13
AATACGAGGTTACCTT,13
AGCGAAATACAGGAGT,13
CACTTCCGATAGGCCA,13
GAAAAGAAAAACTGCC,13
GTCAAAATAATTTGCT,13
TCCTCACCAAAACACG,13
TTTTGCGAATTCACAC,13
AAGTATTCCAAGCGTA,12
AGAATAGCTAACTAAC,12
CGGCCCCTTTTTTATT,12
CTATAACTTTTGCGAT,12
GTGGAAGCACGACAAT,12
GTTTAGTTGGATCTAA,12
TAATATAGCGTTTTCC,12
CAGGAGCCGTCGACAA,11
CAGTGCGAACGTACTA,11
CTGTCGATAAAGTTGA,11
GACACAACAGAAAACC,11
GTCAACAACAACTCAT,11
GTTTTGCAGGAAAAAG,11
TATTACACCAAACGCG,11
TATTAGAAATATTGTA,11
TGATCAATCCCTTATA,11
AATTTACGTCTTTTTA,10
ACCTATTTGCGTAACA,10
AGATAAATATAGGGCT,10
ATAAACTTCGGATTAA,10
CACCTTTCTGCGTTCA,10
CCAAGAACATGGAAAA,10
CTCCGTTTAACAGGAG,10
GAGCAAAGACTACTAT,10
GGAAGAACTAATATAA,10
GTGTGGTCACGTGCAG,10
TAAATGGGATTCGATG,10
TATAACCCACGAAGAG,10
TTACTTAGATTCCTTT,10
AAAACGGTAAAAATAC,9
AAGAACTGCATAAGGA,9
ACAAACACAAATTATC,9
ACGCCTATGCGATACG,9
AGGAGTGCCCGACCTT,9
AGGGGACTTAACTGCA,9
ATAAAAAAGTATAGCT,9
CCGACGAACCACCTTT,9
GAGCACCGAAGCCACC,9
GAGGCCGTCACACAAA,9
GTGACCACCCACCGTA,9
TAGTTCGTTTAATTAA,9
TTATATTGATGCGAGA,9
AACTAATATTTGATTA,8
AAGGGTACTAACTAAA,8
ACAAACATAAACAAAT,8
ACAGTAAGAACATACC,8
ACATTGACGATCGTTT,8
AGAGACCTCTCATTGA,8
ATAAACATTAGAGCCC,8
ATACTGATGCGTTCTT,8
ATCGTTGTCTATAACC,8
CCGCTCTGAGTGGACG,8
CGAGAGACTCTGGTCT,8
CGATGAGTTTGTTGCA,8
TAAATATGAAAAAAAG,8
TACACATTTGGTATCC,8
AACAAAAGGCGATGAA,7
AATAACATACTTTAGA,7
ACAGTAAAAGTACAGC,7
AGCTATTGTAGAATGC,7
ATCGCAGATAATCAGT,7
ATGCGGAACGAGCACA,7
ATTAGAAGAGGTAAAT,7
CATTCTAAGTAGATGG,7
CGCCCTGGGGGCAAAA,7
CGTCCAAAGGAGTTAA,7
CTCGAACCAAACTATG,7
TTGATAAAAATCCGTT,7
AAATTGTGAATGAGTC,6
AATTCGTAGTAATAAG,6
AGCTAATAAGTATTAA,6
ATATTCGTTTCGTCAG,6
ATTACGTGATCTAGCA,6
CACGTTCTTCCACTAC,6
CACTTGCATTTTATCT,6
CCAAACGAACAGATAA,6
CGATCGTGCAACACCG,6
CGCATCTTAGCTTAGA,6
CTTTAAAAGTCTACCC,6
GCTTTGGATACGCCAG,6
GTGACTTTATATAAAG,6
TAGCAAATTGGTGGTA,6
TCAACTAATATCGCAG,6
TCAAGCAATAAAAAAC,6
TGCACGAGAAACACGT,6
TTACGGATACACATTA,6
AAAAAAAATTGTGTAG,5
AAAATGAAAAATGCGA,5
AAATGTATACATGTTC,5
AACGCAAGTTAGACGA,5
AACGGGACCCATTAAA,5
AATCCGCCCTTTAAGT,5
AATGCCGCCTAACTAG,5
ATCATACTACATCACC,5
ATCATCTGACAAAATC,5
CACATAAAAAAAATCC,5
CCCGGCCCTGTCTCTT,5
TAATATATCGAAATTA,5
TATACTTGGATTACGA,5
TCCATATACCATTCCA,5
TCTACGTACCTAACAG,5
TGTATAATAGAAAGAG,5
AAATTTCGACAATAGC,4
AATCTATCTAGAGACT,4
ACAACTAATCTACCCT,4
ACATTAAGTCAGCATG,4
ACGCTTTACGCAAGGA,4
AGATACCCTATGAACC,4
AGATGCCTAACCGCCT,4
ATATCGTAGAGTAGAT,4
ATGAAAATGACAAGAC,4
ATGACTCTTAAATCTA,4
CACAGTTACATAACTC,4
CATAGCGGAACATTAC,4
CGAATCAACTGTCTCA,4
CGGGTTTTAATCTCAT,4
CTCAATCAAACTAAGC,4
CTGTTGTTCGATACAT,4
CTTTTTACCTAGCGGA,4
GAAGGTGCAGAACTAA,4
GCTGTAAAAGCATGAA,4
GGAACAAGCTGACAAG,4
GGCCACTTAGCATACG,4
GGTGCTCAATTAGGGG,4
GTAAATATGCAACGAC,4
GTGTGCGATGACACTG,4
TAAAGTAATGAAGAAC,4
TAATCAGGGGGCTTAG,4
TCACTCAATTATGTTC,4
TTACTTTTAATAGGCT,4
TTCCAGGTTACAACCA,4
AAAAGGGCGGACGAAC,3
AAATTATGAAGAACGC,3
AAATTTGATATACAAC,3
AACTACTACTGGGGCA,3
ACGTTCCTGACTCTGT,3
ACTAATTCTGACCAGG,3
ACTTAACTACGGCGAC,3
AGAAATAAAGCCAACT,3
AGAGGTTAAATATAAT,3
AGGACCCGGCATACAC,3
ATAACAATCCAAACAA,3
ATCATGTGAGATACTA,3
ATCGAAGAACTACAAT,3
CAGATAGAAAACAAAT,3
CAGGGACTAAACGCAC,3
CAGTCCTAACAGTAGC,3
CATCTAAAGATGTGAC,3
CCACGGTCGGTTGCGG,3
CCATTTGATATTGCTC,3
CCGTGCCTAATCTAAA,3
CCTTTGAAAGCACTAA,3
CGGGTAAAAATAGTAC,3
CGGTAGAGCATAACAA,3
CGTACTCATCTTTAAC,3
GACGTAGTGAACAGAC,3
GATTTAATATTGACTA,3
GGATTCAGTAAAAAGA,3
GTTTTTAATCTCGCAA,3
TACTATCTGAATAGTC,3
TATCGAAACTAGGTAC,3
TCAACAAAAACCATCA,3
TCACTATTTGCAGTAA,3
TCGCTAGCTGCTTGGA,3
TGTTCTTCCAACCTCA,3
TTAAATACACGGAGAC,3
TTAGGCACAGAATATT,3
TTCTAAACTGGAAAAT,3
TTTGAATAGTTCAAAG,3
AAAAACGAAAACTTTA,2
AAAACCAATATTACAC,2
AAAACCTCATTACAAC,2
AAAATAACTAGATGAT,2
AACCAACTAGTACGTT,2
AACTAATCTAATATGC,2
AACTCTGGACAACCGG,2
AACTTCATAATCGACT,2
AAGAAAAAGGCCAGAT,2
AAGACAGGCAGGATGT,2
AAGCAACAATTATGCT,2
AATATCTTCTTAACCA,2
ACAAACTGAGCCGAAC,2
ACGTATGATAACAATG,2
ACTACAGAAGTACCCT,2
AGACCGTTCATTCATG,2
ATACCGATATTACCAC,2
ATCATGTGTGTTCTCA,2
ATCGTAACATGTCCCA,2
ATTACACACGCGTAAG,2
ATTGAAGTGTAGCTTT,2
CAACTTCTTCTCATGG,2
CACCCGGAAAAGGTGC,2
CATACCAGCACATCGA,2
CGAATTTAAAGATATA,2
CGAGATAAATCCGAAG,2
CGTCAATTAAAGCTAC,2
CTAGCAAGACAAACCT,2
CTCAATTTTCGATCCA,2
CTTACTAGAGCAGACT,2
GAAGAAGAACGGAGAA,2
GATAACGCGTGGGCTC,2
GATCAGTAGCACACCA,2
GCATACTAAGTCCCAA,2
GGATCTTGAACATGAT,2
GGCACTGTCAAGCCAC,2
GGGTCCTAGCGACTTG,2
GTCAAGGAACTCTAAA,2
GTTTATACGGAGCTAT,2
TAAAAATTAAAATAGC,2
TAGTACGATAGCAAAA,2
TATGAAATAAAATCAC,2
TATGCTATAAAAACGA,2
TATGCTTGATAGTCAA,2
TCCGTCAGCTTGTAGC,2
TCTAGGCAAAGGCGCC,2
TGAACTCGGACAAAAG,2
TGATGATAACCTACCC,2
TTCCAATAATGTCGTG,2
TTGTCTACGAAGCGCA,2
AAAAAAGAGAAAAAAA,1
AAAAGAGCGCCTATAA,1
AAAAGTCATGGCTACT,1
AAAATTAAGAAACACA,1
AAACATTTACTGACCG,1
AAATAGAGAATTGAAA,1
AACGAGGTTACCCTTA,1
AACTCACAAGGAAAAA,1
AACTGAATCAAAGATC,1
AAGTAGTCGAATTTGC,1
AAGTTATTGAAAAAGA,1
AATAAATAGATAAGAC,1
ACAGCCCAAGGATACG,1
ACATTCGTATCGCAAA,1
ACCGCGTAACTGCTCG,1
ACTAACGCAGACGGCC,1
ACTAGCCATAAGCGCA,1
ACTCATCAACCGTATA,1
ACTGCAACAAAACCAT,1
ACTTACTAAATATCTC,1
AGAAGAAAATAAACTA,1
AGAATTGTCCATGTCA,1
AGACCTTCAAGAGCAG,1
AGCCCTAACACTTAAT,1
AGCGCTGTATGGCTAC,1
AGCTTAACTCATCCGA,1
AGGGATAGTAATCCGG,1
AGGTTCACACAAAATA,1
ATACCGGTATTAGACA,1
ATACGAGTTATTGAAC,1
ATAGAGAGAGCTACTC,1
ATAGCGGAAAGTACTA,1
ATATCAAACGTCTACA,1
ATATGGTAAGACCTTA,1
ATATTGGAGCAGCATA,1
ATCATAGCTTCGTAGC,1
ATCCAGGCAATCTGGA,1
ATCCATGCTGTTCGTC,1
ATGACAGACAACTGAG,1
ATGACCCGTAAGCCAA,1
ATGAGTTCCGAAACCT,1
ATGATCTATGCCGAAC,1
ATGCAATGTTCTAAAT,1
ATGTAATATATAAACG,1
ATGTACAAATATCAAA,1
ATTGAAAACGTGTCAT,1
ATTGACGTCAAGACCA,1
CAAAAGACGGGCCATA,1
CAACCATATCATGTCT,1
CAACGGGGATTCAACA,1
CAATTGAACACGTTGT,1
CACCCCCACGTCTCGA,1
CATCGTCGAATACATA,1
CATGTCCGAACGCTAA,1
CATTCCACAACTCATT,1
CCAATAGACCTATTCA,1
CGCTGCAACTTGATAT,1
CGGAGCTGATTCAATA,1
CGTCACTAGTACCTGA,1
CTAGAGAGTAAGTTAG,1
CTAGCTCCGGCTGCAG,1
CTATACCATGGCAACA,1
CTATTCCACTTAGTTA,1
CTCAGATACAGTGTTG,1
CTCATGATCATACAAA,1
CTCCAAGTCGAACATT,1
CTGTTGCTGTCGCCTC,1
CTTCAAAACGCCATGA,1
CTTGCTCTCAGACTAG,1
GAAAAGATGCCTAATT,1
GAAAGGGACTTACAGA,1
GACCGGCAAGAGATTT,1
GAGAATAATTAGTCGC,1
GAGGTTCTAAAAACGG,1
GATAATAACTAGTTAT,1
GATACGCAGGAACGTA,1
GATATATTAAAGAATA,1
GATCTAACACTTTCTC,1
GATCTGAAGAGATAAA,1
GATTGACTTGACGTAT,1
GCAAGAAACATATCAT,1
GCAATATGTCACCGGT,1
GCACAACACGGATGGG,1
GCAGGCAACTTGTTGG,1
GCCCGAGAGCTAGTTA,1
GCCGCCCAGGTTAAAA,1
GCCGGGGTATCCTGGA,1
GCGAGGTGATATGATT,1
GCGCGAACATTTCCAT,1
GGAAAAAAAAATAACC,1
GGCAGTTGATAAATCT,1
GGCATACCAGATGTGA,1
GGTAAAAGCGTCCTAA,1
GTAGATGTCAATCTGA,1
GTAGTAGTAACGGCTA,1
GTAGTCACGACCCCTT,1
GTCACAAAATCGAGAT,1
GTCGTATACACACCAT,1
GTCTCTACTATACGAA,1
TAACCTAAAGCAGTTT,1
TAAGACAAAGACTTGA,1
TAAGCAACAGGGACAG,1
TAAGCAATAGTTTTCC,1
TAATCATTCCCCAAGC,1
TAGACTCCAGTTCAGA,1
TAGAGTCGAGTGTAAC,1
TAGCGAATGAATCACT,1
TAGGATGAAGCACCAT,1
TATAAAATGGGTACCT,1
TATAATAATAAACAAA,1
TATGAGTTTTTCTGAA,1
TATTATAAATAGACCG,1
TCACAGGAGCAGATAA,1
TCCAAAAGCACAGAAA,1
TCCATATTAACAACCA,1
TCGTTGTAAGATCTTG,1
TCTAAAAGGACAGGCC,1
TCTAGTCCTATGAACA,1
TCTCGAAATCAAGTTA,1
TGAGTGTGCTACCTGA,1
TGATCTCCAACAATCT,1
TGATCTGATGTAACTA,1
TGCCATATGGCATACT,1
TGCGAAGAAATAACTA,1
TGGAGAAAAATCAAAA,1
TGGATAACTTCAAAAT,1
TGGCCAGCTTATAAGG,1
TGTCAAGATAATTATT,1
TTAAAAAAGCAAATCA,1
TTAAACGGCTCCGTTA,1
TTACTGTTACGCATAA,1
TTAGCTAAATCTTATC,1
TTGCACAGTAGCATCC,1
TTTAAAACCCGTAACA,1
TTTACATATCTAGCTT,1
AAAAAAAAAAACATTT,0
AAAAAAAAAACCGAGC,0
AAAAAAAAACATTAGA,0
AAAAAAAACAACTGAA,0
AAAAAAAAGACAACCA,0
AAAAAAACCAAATACA,0
AAAAAAACTGCTCTAA,0
AAAAAAAGATAGACAC,0
AAAAAAATACTTAATA,0
AAAAAAATAGCCACCT,0
AAAAAAATGAATGAAT,0
AAAAAAATTTTGACCA,0
AAAAAAATTTTTACAA,0
AAAAAAATTTTTTGAA,0
AAAAAACACAACCGAC,0
AAAAAACCACATTGGG,0
AAAAAACCGAAACGCA,0
AAAAAACCGCGTTCCT,0
AAAAAACGGAATTTGC,0
AAAAAAGACAAACGGG,0
AAAAAAGCCCCGTGGG,0
AAAAAAGGTAATTCAA,0
AAAAAATAAACGTTTT,0
AAAAAATAAATGTAGG,0
AAAAAATAACCATAAC,0
AAAAAATAATTCGAAT,0
AAAAAATAGTACTGAA,0
AAAAAATCAGACCGAG,0
AAAAAATTTCAATATG,0
AAAAAATTTGGTTAAA,0
AAAAACAAAAATGGAA,0
AAAAACAAACTTAACA,0
AAAAACAGAACAAATC,0
AAAAACATAAAGGACT,0
AAAAACATATCATAGT,0
AAAAACATCGGAAAAC,0
AAAAACATTATCACAC,0
AAAAACCCCTAGTGAC,0
AAAAACCTCGATTGGC,0
AAAAACCTGCAACCCG,0
AAAAACGCAGATCAAA,0
AAAAACGCGACCGATG,0
AAAAACGCTCATACGA,0
AAAAACGTAAAACCTG,0
AAAAACGTAACGCGTC,0
AAAAACGTATCAAAGG,0
AAAAACGTTTAGATTA,0
AAAAACTAATATACCA,0
AAAAACTACAAAATGA,0
AAAAACTCTGCTACGC,0
AAAAACTGATGAAAAG,0
AAAAAGAATACTCCCA,0
AAAAAGACTGTTGTTC,0
AAAAAGAGACACAATA,0
AAAAAGAGGAACATAG,0
AAAAAGATAGACCCGA,0
AAAAAGATGAAGTAAT,0
AAAAAGCACCCGGCCT,0
AAAAAGCCAGCAAATA,0
AAAAAGCTAGTTCGCT,0
AAAAAGCTGGGACCGA,0
AAAAAGGCACAGTCTA,0
AAAAAGGCTGAGTAAC,0
AAAAAGGGGAAAGAAT,0
AAAAAGTTAGCTACCC,0
AAAAATAAACGAGCAA,0
AAAAATAAGAGCCAGA,0
AAAAATAGAGATACGA,0
AAAAATATATGCTATA,0
AAAAATCAATACCAAT,0
AAAAATCAGTCAATCG,0
AAAAATCTAACCTAAA,0
AAAAATGAAAAGTCTA,0
AAAAATGAAACATAGG,0
AAAAATGAATCAAAAG,0
AAAAATGATTGTACGT,0
AAAAATGTAGAATCGG,0
AAAAATGTATAACTCT,0
AAAAATTATAACGGTG,0
AAAAATTCAATTGTCG,0
AAAAATTGCACAGTGC,0
AAAAATTGCTCCTCAA,0
AAAAATTTAATCAAGC,0
AAAAATTTATTTTAAA,0
AAAAATTTTACCCACA,0
AAAACAAAAGTATAAT,0
AAAACAAAATGTACGT,0
AAAACAAAGCATGAAA,0
AAAACAACAACAAGAA,0
AAAACAACATACCCCA,0
AAAACAACATTGTCCA,0
AAAACAACGAATCCTA,0
AAAACAAGAATAGCAC,0
AAAACAAGGTTACAGT,0
AAAACAATAAATACTG,0
AAAACAATCTACAGTA,0
AAAACAATTTTAAAGA,0
AAAACACCGTTAACGA,0
AAAACACCTTGTTTAG,0
AAAACACTCCAATCAC,0
AAAACACTGTCGTATA,0
AAAACAGAAATACCAG,0
AAAACAGACATAATAA,0
AAAACAGATTAAAAAA,0
AAAACAGCCCAAGAGT,0
AAAACATCAAGTACTA,0
AAAACATGCACTTAAC,0
AAAACATTAAACCAAA,0
AAAACATTATTATAAT,0
AAAACATTTCCAAACC,0
AAAACATTTTGCAAAC,0
AAAACCAAGGGGTATT,0
AAAACCAAGTGTACAA,0
AAAACCAATACTGGGG,0
AAAACCACACCGATTC,0
AAAACCATACAGGAAG,0
AAAACCATACGGTGTT,0
AAAACCCAAAAAGAAC,0
AAAACCGTCAAACCAT,0
AAAACCTAAACTACAA,0
AAAACCTAGATGCCTC,0
AAAACCTCCTGAGTGT,0
AAAACCTGAGAGAGGA,0
AAAACGACAATACAAT,0
AAAACGAGCTATGTTC,0
AAAACGAGTATCTTCC,0
AAAACGATAGATCCTA,0
AAAACGATTCACCCAG,0
AAAACGCGGGCCAGAC,0
AAAACGCTAAAATCTC,0
AAAACGTATCACAATG,0
AAAACGTGTTAATGAT,0
AAAACGTTACGATTTT,0
AAAACTAAAACCATTG,0
AAAACTAGAGTCTAGA,0
AAAACTAGCATTATCA,0
AAAACTAGCCGCCTAA,0
AAAACTATAGTTTAAT,0
AAAACTATTCTTAAGT,0
AAAAGAAAATGCCATA,0
AAAAGAACCCACCAAG,0
AAAAGAACTGAGATGA,0
AAAAGAAGAACACACG,0
AAAAGAAGCCACATCG,0
AAAAGACGCTTGAGTA,0
AAAAGACTACCTAATA,0
AAAAGAGGCTTGAGCC,0
AAAAGAGTTTGACTAC,0
AAAAGATAAATACACA,0
AAAAGATAATAATCAA,0
AAAAGATCGTAAAGCA,0
AAAAGATTCGGGCATT,0
AAAAGCAAATAGCCTT,0
AAAAGCACGGAGCCCA,0
AAAAGCATAGCAATTA,0
AAAAGCCAAACTCAAT,0
AAAAGCCCGATATCCA,0
AAAAGCCCTTATACCC,0
AAAAGCCGGACTTCGC,0
AAAAGCTGTTATATAT,0
AAAAGGAATTCCGTAT,0
AAAAGGCCTATGATGG,0
AAAAGGCGTTAAAACA,0
AAAAGGTAATACATAA,0
AAAAGGTTGCGCCAGT,0
AAAAGTAAAGTTCAAA,0
AAAAGTAATCGATAAC,0
AAAAGTAGCGTCAATC,0
AAAAGTATACATAAGG,0
AAAAGTATACGAACCC,0
AAAAGTCCAATCACAT,0
AAAAGTCCCAGGGTAG,0
AAAAGTTGAAGATCGA,0
AAAATAAAACTATTCA,0
AAAATAAAAGCACAAT,0
AAAATAACAGCAGTCC,0
AAAATAACATTTAAAG,0
AAAATAACTTAACGAC,0
AAAATAAGAAACAGCT,0
AAAATAAGATCAGAGA,0
AAAATAATAACTCTCG,0
AAAATAATGATCTTGG,0
AAAATACAATAGGACA,0
AAAATACCCTCTTAAA,0
AAAATACCGAGTTACT,0
AAAATACCTGCAGTAA,0
AAAATACTGTATAGGC,0
AAAATACTTAAAGTCA,0
AAAATACTTGTCTAGG,0
AAAATAGTAACGGAGA,0
AAAATAGTAACTGGTA,0
AAAATAGTACTTGACT,0
AAAATATACCACGTAA,0
AAAATATACTCCATAG,0
AAAATATATCAGATCC,0
AAAATATCGAAATAAA,0
AAAATATGATGCCCAA,0
AAAATATGCCCACAGA,0
AAAATATGCTGTTGCC,0
AAAATATTTATTTAAC,0
AAAATCAAGGTCAAAT,0
AAAATCAATCAACTCT,0
AAAATCATTTACTCAT,0
AAAATCCCACAAGACT,0
AAAATCCCGATATATA,0
AAAATCCTCAGTGGTC,0
AAAATCGAAACTACTC,0
AAAATCGAATATTAGC,0
AAAATCGAGTCAAGAA,0
AAAATCGATAAGATCG,0
AAAATCGTACGTGACT,0
AAAATCTATCTTATTA,0
AAAATCTGTGAAAGCC,0
AAAATCTTGCAAAGAG,0
AAAATGAACATCAAAA,0
AAAATGACTCCATTCA,0
AAAATGATACAGGGAA,0
AAAATGCACGATGCGC,0
AAAATGCCAAACCTAG,0
AAAATGCTATATATTC,0
AAAATGGAAAATACTT,0
AAAATGGAAACTACAT,0
AAAATGGAGAATGCTA,0
AAAATGGCCAGGCGAG,0
AAAATGGGAGTGCAAA,0
AAAATGTAATCCATAA,0
AAAATGTCAATCCGAT,0
AAAATGTCGTTTAAGC,0
AAAATGTGGTCAGCAA,0
AAAATGTTGTTTTGGT,0
AAAATTAAAAGCAATA,0
AAAATTAAAATATTAA,0
AAAATTACCACAGCAT,0
AAAATTAGGCAATACA,0
AAAATTAGTAACACGA,0
AAAATTGAATTGAAGA,0
AAAATTGTGAAACGTC,0
AAAATTTAAACTTCAT,0
AAAATTTAGGAACGTT,0
AAAATTTCCTTACTTG,0
AAAATTTCTTCATAGA,0
AAAATTTTCTTTTCCT,0
AAACAAAACGGGTAAT,0
AAACAAAATCTGTGGT,0
AAACAAACATCACTCG,0
AAACAAACTGAAAGTA,0
AAACAAAGCATAAAGA,0
AAACAAATAGTGAATC,0
AAACAAATCCTAGAAA,0
AAACAACCCAATAGTT,0
AAACAACCTTACAAAA,0
AAACAACCTTCGACAC,0
AAACAAGAAGTTCAAA,0
AAACAAGATACTAATT,0
AAACAAGTATATCAGG,0
AAACAAGTCTATTTGG,0
AAACAATACATATATT,0
AAACAATCAACACCAT,0
AAACAATGAATACACA,0
AAACAATTTTAGTAGG,0
AAACACACAATACAAA,0
AAACACACTCGTCCCA,0
AAACACACTGGTAAAA,0
AAACACCAAACGATGT,0
AAACACCATTCCTCCG,0
AAACACCGACTGAGGG,0
AAACACCGGACACACC,0
AAACACCGTAAGCGCC,0
AAACACGACCACTATA,0
AAACACGGTATTTGCC,0
AAACACGTGCTGACGC,0
AAACACTAATATTACG,0
AAACACTGCTATGACA,0
AAACACTTACACATGC,0
AAACAGAACTGCCGTA,0
AAACAGACGAGCTTTG,0
AAACAGATAATAGCCC,0
AAACAGCTACTGGGCC,0
AAACAGGAGACCTGCC,0
AAACAGTAACCACCTA,0
AAACAGTAGTCCCTAC,0
AAACAGTGTATAGACA,0
AAACATAAACCTTTTC,0
AAACATAATCTTTGAG,0
AAACATAATGGAACAG,0
AAACATACAAGTAAGC,0
AAACATACCCAGAGCG,0
AAACATAGAAACAGTA,0
AAACATATTCTCGCTC,0
AAACATCACATTAGTG,0
AAACATCCAAATAGCA,0
AAACATGAGCCCCTGA,0
AAACATGTCAAACGCT,0
AAACATGTGTAATAAG,0
AAACATTAGATACGTG,0
AAACATTAGCCTGAGC,0
AAACATTCACCGAACT,0
AAACATTTATTTATAC,0
AAACATTTGACATGAT,0
AAACCAAAACTCTGTG,0
AAACCAAATTATCCAT,0
AAACCAAGCAAACAGC,0
AAACCAAGTGGACAAT,0
AAACCAATCTCTAAAC,0
AAACCAATGCATACTA,0
AAACCACACAACGCCT,0
AAACCACCAATACTGC,0
AAACCACCAGATGTCT,0
AAACCACGGCATACCG,0
AAACCATATCTATAAC,0
AAACCCAAATTCCGAT,0
AAACCCATGAATACAG,0
AAACCCCAATGACTAC,0
AAACCCCCCTTATGCC,0
AAACCCGATTAATCGC,0
AAACCCTCTGATAAGT,0
AAACCGAAAGTCATGG,0
AAACCGACTGAATAAG,0
AAACCGATCATAACGT,0
AAACCGATCTATCCCT,0
AAACCGCTAAATCCAT,0
AAACCGGGCAATAACA,0
AAACCGGGGAGTAGCG,0
AAACCGGTATGACCCT,0
AAACCGTACAACACTG,0
AAACCGTACCCCCACA,0
AAACCGTCACTCTAGG,0
AAACCTAAAACTGGAC,0
AAACCTAAACCGTTAT,0
AAACCTAAAGAGTGTT,0
AAACCTAGTCAGGAAA,0
AAACCTCAATTAAGCA,0
AAACCTCCCTTAATCC,0
AAACCTCGGCGCTTGA,0
AAACCTTGTGAAAGCA,0
AAACGAACTATCAGAT,0
AAACGACAACTATATA,0
AAACGAGCACTTTTAA,0
AAACGAGGGTCCATAA,0
AAACGATAAACTGCCA,0
AAACGCAGAACAAAGC,0
AAACGCAGGTTACGAG,0
AAACGCAGTGGACCTC,0
AAACGCATAGATGTAA,0
AAACGCCATCTTTGAC,0
AAACGCCATGGATACG,0
AAACGCGAAGATTGTA,0
AAACGCGCACTGCAGT,0
AAACGCTAAGCTTTAT,0
AAACGCTTGTCATTCT,0
AAACGGAAAGAGCCTT,0
AAACGGAAGCCCAGCC,0
AAACGGAATGTAATCC,0
AAACGGATAACCTGTT,0
AAACGGATAGATTACG,0
AAACGGGGCCGTAATT,0
AAACGTAAAGCGTGGG,0
AAACGTAACACCATGC,0
AAACGTACAAAGTAAC,0
AAACGTATAGGTGATG,0
AAACGTATTATTAGAC,0
AAACGTCAGTATTTCA,0
AAACGTCATAATTACA,0
AAACGTCCCATACACA,0
AAACGTGGATTGAATG,0
AAACGTGTTCGTAAGG,0
AAACTAAAAAAGTATA,0
AAACTAAAATGATACA,0
AAACTAAACGCTCGAT,0
AAACTAACAACTTTTC,0
AAACTAAGCATATTTT,0
AAACTAGGACTAATTT,0
AAACTCATCATATCGA,0
AAACTCATCCAATATC,0
AAACTCATTGAGTTTA,0
AAACTCGAAATGTTTC,0
AAACTCTCTATCAACG,0
AAACTCTTGAAGAAGA,0
AAACTGAACGTTGTAC,0
AAACTGAATGTCCTTT,0
AAACTGAGACAATCCA,0
AAACTGCTAAACTGGA,0
AAACTGCTAGTCCTAA,0
AAACTGTTTTATCGAC,0
AAACTTAACAAAACTG,0
AAACTTAAGCATTACG,0
AAACTTATATAACCCT,0
AAACTTATGCAAATCT,0
AAACTTGAATAAAAAA,0
AAACTTGATTGGAATA,0
AAACTTGTTAATCAAC,0
AAACTTTCCACTATTA,0
AAACTTTGCGAGATAC,0
AAACTTTTAAATAACA,0
AAAGAAAAAGACTCCT,0
AAAGAAACAGCGGAGA,0
AAAGAAACTACCAGAC,0
AAAGAAACTGAGCAAC,0
AAAGAAACTTTATTCC,0
AAAGAAAGACATTGGA,0
AAAGAAATAGAAAAGG,0
AAAGAAATCCCAACAA,0
AAAGAAATTATTTTGA,0
AAAGAACACCGACCAC,0
AAAGAACTTCCTCATG,0
AAAGAACTTTCTATAG,0
AAAGAAGAACGCTTAG,0
AAAGAAGATGATCAAA,0
AAAGAAGTGCAAAGAA,0
AAAGAATGGCAATACC,0
AAAGAATGTCTGTTGG,0
AAAGAATTCCAGTATC,0
AAAGACAAACACAGTA,0
AAAGACAAGCCCTATA,0
AAAGACACGAAAATCA,0
AAAGACCAAAATAAAA,0
AAAGACCAATAGATTT,0
AAAGACCCGTAGCAGC,0
AAAGACCTTGATTTTA,0
AAAGACGAAACGACTG,0
AAAGACGTCGATCGGG,0
AAAGACGTCTTCTAAA,0
AAAGACTAACTAAAAG,0
AAAGACTAAGGAAATA,0
AAAGAGAAGGATAGAC,0
AAAGAGACCACAACTT,0
AAAGAGGACACAAAAA,0
AAAGAGGTTCATATTA,0
AAAGAGTACGTACACG,0
AAAGAGTCGTACACAA,0
AAAGAGTGATAGAATA,0
AAAGATAAACAAATAG,0
AAAGATAACAACACAG,0
AAAGATAATATATGAA,0
AAAGATCCAAATCACC,0
AAAGATCGTTTACACT,0
AAAGATGCGGCAGATG,0
AAAGATGTAAACAAGT,0
AAAGATTAGCATCGAT,0
AAAGATTATAACATAA,0
AAAGATTGTAGGCTAA,0
AAAGATTTTTAAGAAA,0
AAAGCAAAGTAATCTG,0
AAAGCAAATGAATACC,0
AAAGCAACCTTTAGTC,0
AAAGCAACTAATCAGA,0
AAAGCAAGTACAATTT,0
AAAGCACAAAGATATA,0
AAAGCACATCGACCCA,0
AAAGCACCTGAAACAA,0
AAAGCACGCTGAGCGT,0
AAAGCACTTCAACAGG,0
AAAGCATGACAAACAT,0
AAAGCATTATCGGGAG,0
AAAGCATTCATACTAC,0
AAAGCCAAAGGGAATG,0
AAAGCCAATGCAAAGG,0
AAAGCCCGATAGGGTG,0
AAAGCCGATAACAAGA,0
AAAGCCGATTTTGCTA,0
AAAGCCGTCTGCTCAA,0
AAAGCCGTGTCCAGAC,0
AAAGCCTCACGCAGCT,0
AAAGCCTTCCGCAACT,0
AAAGCGATAACATTAT,0
AAAGCGCTAAACTAAA,0
AAAGCGTACCTAAGCA,0
AAAGCGTTTCGATTAA,0
AAAGCTAGAATCTGAT,0
AAAGCTATAAAAACCA,0
AAAGCTATACAACCAG,0
AAAGCTCAGATAATAC,0
AAAGCTTAAAGGGCAT,0
AAAGGAATGCATACTT,0
AAAGGACAAGCCAGAA,0
AAAGGACGAGAAATCG,0
AAAGGACTAACGTAAA,0
AAAGGAGGTAAAAGAG,0
AAAGGATACACGTAAA,0
AAAGGATTCAGATTCG,0
AAAGGCAAAGTTACTC,0
AAAGGCCAGTGCACCC,0
AAAGGCGCAACCTATT,0
AAAGGGATGCTGGACA,0
AAAGGGCACGCAATCT,0
AAAGGGGTCCATCCGC,0
AAAGGGTATATCTCTC,0
AAAGGGTTTCGAGCTA,0
AAAGGTAAGCGTGGCC,0
AAAGGTATACAGGTCA,0
AAAGGTATTATGTCCT,0
AAAGGTATTTCGACAG,0
AAAGTAAACATGACGA,0
AAAGTAAAGAGACATC,0
AAAGTAAAGAGTAAAA,0
AAAGTAAAGATATAAA,0
AAAGTAAATCTGTATA,0
AAAGTAAGAGACACAA,0
AAAGTAAGCGATATAA,0
AAAGTAAGGGCTAGAT,0
AAAGTAATCTTTATCC,0
AAAGTACCGCAGCAGG,0
AAAGTACGATCATCAA,0
AAAGTACGATCTAGAA,0
AAAGTACTAAGATCTA,0
AAAGTACTAATCTTGT,0
AAAGTAGAAAAGTTGC,0
AAAGTAGAGTTACAAC,0
AAAGTAGATCGGACTC,0
AAAGTATCGCGATTAT,0
AAAGTATTAAACAGGA,0
AAAGTATTGTTAACAA,0
AAAGTCCATATGATAT,0
AAAGTCCCAAATTAAC,0
AAAGTCGAAGAATATC,0
AAAGTCTACAAAAACT,0
AAAGTGACAACCCATT,0
AAAGTGACCTCTCGTA,0
AAAGTGACGCCGGCGC,0
AAAGTGCATAATCCGA,0
AAAGTGTCTTGGTTAT,0
AAAGTGTTCAGACAAG,0
AAAGTTAGAATACTCA,0
AAAGTTATAACAGTCT,0
AAAGTTATAAGAGGAA,0
AAAGTTGACGACTTAT,0
AAAGTTGGACACATGA,0
AAAGTTGTGTGTCTGA,0
AAAGTTTACCACGGAG,0
AAATAAAAGACTTCCA,0
AAATAAAATCTCACTC,0
AAATAAAGAAATGTTT,0
AAATAAAGACGAAGTC,0
AAATAAAGCAGACTAA,0
AAATAAAGCCCAAGAA,0
AAATAAAGCGATTTCT,0
AAATAAAGTATACATA,0
AAATAAATCAACTATC,0
AAATAACAAAAGGTCG,0
AAATAACAATTTTCTA,0
AAATAACGTAGCAAAA,0
AAATAACTCTTACGGC,0
AAATAACTGTCCCCTA,0
AAATAACTTCACATCA,0
AAATAAGACTGTATTG,0
AAATAAGATAAGAACG,0
AAATAAGGACCCACTA,0
AAATAAGTAGAGGGCA,0
AAATAAGTGGCAATGC,0
AAATAAGTTCCAATCA,0
AAATAAGTTCTGATAT,0
AAATAATACTTTCATT,0
AAATAATATAAATTCC,0
AAATAATCACACTCAC,0
AAATAATCCCTAACGG,0
AAATAATGAAACGTCA,0
AAATAATTACTCACCA,0
AAATAATTCAATTAGC,0
AAATAATTCGCAGAAC,0
AAATAATTGTGTTACT,0
AAATAATTTAACCATT,0
AAATACAAACGACACC,0
AAATACACCATTGACT,0
AAATACACCGCTCAAG,0
AAATACAGATAACATG,0
AAATACATAAGCCACA,0
AAATACATTGCCTTGA,0
AAATACATTTCGGACG,0
AAATACCACGGCGTAG,0
AAATACCATAAATTAT,0
AAATACGAAAAAGTCA,0
AAATACGCCATAATTT,0
AAATACGCCGGCGCTG,0
AAATACGGATGATAAT,0
AAATACTAAGGGCGCA,0
AAATACTATAGACCTA,0
AAATACTCGCGCTGGT,0
AAATACTTGCCTACAA,0
AAATACTTGTAAACTA,0
AAATACTTTAAAAACT,0
AAATAGACTCCTAATA,0
AAATAGAGTCCAAGAA,0
AAATAGCAATATAGCA,0
AAATAGCGGAAACAAA,0
AAATAGCTAAATTGCT,0
AAATAGCTAGCATAAG,0
AAATAGCTTTTTGTCT,0
AAATAGGGCAACAAAC,0
AAATAGGTTCACTTAA,0
AAATAGTAATTACCCG,0
AAATAGTACCTTATGA,0
AAATAGTCGTATTATA,0
AAATAGTGAAGGTAGT,0
AAATATAAAAAAATTC,0
AAATATAAAGTATTCA,0
AAATATAACAAAATAA,0
AAATATAAGTACGTCA,0
AAATATACTAAATAGA,0
AAATATACTATGACTA,0
AAATATAGAACACCAC,0
AAATATAGAATATCCC,0
AAATATAGACAGAACA,0
AAATATATACTATGCG,0
AAATATATGCGCCTGA,0
AAATATCAAACACATT,0
AAATATCAGTGGACTG,0
AAATATCTAAAGTGAC,0
AAATATGAAACCACAA,0
AAATATGAACCTATTA,0
AAATATGCCAGAATGA,0
AAATATGCCATTAAAG,0
AAATATTAATACGCAA,0
AAATATTTCAATCATA,0
AAATCAAATACCCACC,0
AAATCAAATTCGAATC,0
AAATCAACACAGAAGG,0
AAATCAAGACTACATA,0
AAATCAAGGAGCACCT,0
AAATCAAGTATAAGAG,0
AAATCAATATAATAGG,0
AAATCAATCGACCAGA,0
AAATCACATAAGAATC,0
AAATCACCTTTTAGAA,0
AAATCACGATCGCATC,0
AAATCACTCCAAGAAT,0
AAATCACTTCCAATCC,0
AAATCAGAATCCATGA,0
AAATCATAAAACAGAC,0
AAATCATAAAGCCGAG,0
AAATCATTCAACAATT,0
AAATCCAACAAGGGCC,0
AAATCCAACAGAATGC,0
AAATCCAAGATCCTTA,0
AAATCCAGAAATCATT,0
AAATCCAGTGCAGTTC,0
AAATCCCAAAAAGATA,0
AAATCCGGAATTCGCA,0
AAATCCTCAAACACTC,0
AAATCGAAACAACTTT,0
AAATCGAACATTCTCT,0
AAATCGAATATTATAG,0
AAATCGACCAAGCTAG,0
AAATCGACTTAGAGTG,0
AAATCGCACCCGTTAT,0
AAATCGCAGAATTCCA,0
AAATCGCGAGACCATC,0
AAATCGTGGCAATTCG,0
AAATCGTTAATCTCCC,0
AAATCTAACGCGTAGA,0
AAATCTAATAACAAAT,0
AAATCTACGACGGCAT,0
AAATCTATAATAAGAG,0
AAATGAAAAGTCTAGC,0
AAATGAAATAGTTAGA,0
AAATGACCCCGTAACA,0
AAATGACGTAAAGTTC,0
AAATGAGAAAAGCTAG,0
AAATGAGCGAAAATCA,0
AAATGAGCTTAATTGC,0
AAATGATCTCCACGAA,0
AAATGCAATACACACA,0
AAATGCCAAAATTTTA,0
AAATGCCACCGACTCA,0
AAATGCCCTGTCTGTT,0
AAATGCCTTAAGTCAT,0
AAATGCGAACACTTCT,0
AAATGCGAACGTTCTA,0
AAATGCTACAGGAAGA,0
AAATGCTATAATCTGC,0
AAATGGATCAATATCA,0
AAATGGATGTCCTACC,0
AAATGGCAATAGTATG,0
AAATGGCAGTCAATCA,0
AAATGGGGCGACGTTG,0
AAATGGTCCAAAACAT,0
AAATGTAAAAAAAGTG,0
AAATGTACAAACTGGT,0
AAATGTATGTAGAGAG,0
AAATGTCCCAGGAGAC,0
AAATGTCTTGAAAAGA,0
AAATGTTCAGACCAAA,0
AAATTAAAATAACCGT,0
AAATTAAACACATACA,0
AAATTAAAGTACGTAC,0
AAATTAACCTTAGGGC,0
AAATTAACGTATACGT,0
AAATTAAGAAAACTAT,0
AAATTAAGTGACACAG,0
AAATTAATCGCTAGCT,0
AAATTACATGTTAGCA,0
AAATTACTGAACAACA,0
AAATTACTTGTAATTT,0
AAATTAGTCAGTACAT,0
AAATTATAGTTTTATA,0
AAATTATCCGTTACTA,0
AAATTATGTTATGCGG,0
AAATTCAACCACGAAT,0
AAATTCATAAACAAAT,0
AAATTCATTTGGAGGA,0
AAATTCCACGGTCGCT,0
AAATTCCCAATGAGAC,0
AAATTCCGATAACAAT,0
AAATTCCTTTTATGTG,0
AAATTCCTTTTTAAAA,0
AAATTCTCCTGCGGCA,0
AAATTGAAGTAGACTG,0
AAATTGAATAACAATG,0
AAATTGAGCCCCTTAT,0
AAATTGCCGGACAACA,0
AAATTGCGTACAAGGT,0
AAATTGCTTGTTTAGT,0
AAATTGGACCAAATAA,0
AAATTGGCAAACTATC,0
AAATTGTACGAACTTG,0
AAATTGTATACTAACA,0
AAATTGTGATATGATA,0
AAATTTAATCCTTTCT,0
AAATTTACTCACAACT,0
AAATTTATAATGACAC,0
AAATTTCAATGTGCTT,0
AAATTTCGAACCTGGA,0
AAATTTCGCTAACTCT,0
AAATTTGTTGAGTCCT,0
AAATTTTACAATTAAA,0
AAATTTTCGAAAGCAT,0
AAATTTTTACCGCTTA,0
AACAAAAAATGTGAAA,0
AACAAAAAATTTCGTA,0
AACAAAAATTAGGGTG,0
AACAAAATATAAACTT,0
AACAAAATGTTAATAA,0
AACAAACAAGTCCATA,0
AACAAACGAGTCGAAA,0
AACAAACGATTCGCTT,0
AACAAACGGCTACATA,0
AACAAACGGGTTTGAA,0
AACAAACGGTTCACCT,0
AACAAAGAGAACCAAG,0
AACAAATAAACAGATT,0
AACAAATGCGACATGA,0
AACAAATTAATCACAG,0
AACAAATTCGTCTAAG,0
AACAAATTTAAAAACC,0
AACAAATTTACCCCAA,0
AACAACAACGTCCAAT,0
AACAACAATAATCCAG,0
AACAACACACATAATC,0
AACAACATACACAGGT,0
AACAACCCCGCAGATC,0
AACAACCGATAAGTAG,0
AACAACGACGTTCAAG,0
AACAAGAAACACACGA,0
AACAAGACATGATCAG,0
AACAAGATTCCCGCTC,0
AACAAGCCACCTAAAA,0
AACAAGCTTAAATACA,0
AACAAGGAAATAAATA,0
AACAAGGTCAAATTAC,0
AACAAGTAAGAAGCAT,0
AACAATAAGCATAAAA,0
AACAATATGATCTCAT,0
AACAATCAAAACAAAG,0
AACAATCACAAACGAA,0
AACAATCAGGAGAATG,0
AACAATCATCGAAGAA,0
AACAATCGCGAGAGTG,0
AACAATCTAATGGATA,0
AACAATGCCGAATTGC,0
AACAATGGATGGGGCA,0
AACAATGGTAATAACA,0
AACAATGTTAGCGAAA,0
AACAATTATAGAGAAA,0
AACAATTCATACATCT,0
AACACACAGTACAACT,0
AACACACATGAGGCTC,0
AACACACGGCTTATCT,0
AACACAGGGGCACATA,0
AACACATATCCCATCA,0
AACACATCACCGAGGT,0
AACACATGTCCAAAAG,0
AACACCACCGAACTGC,0
AACACCAGATTGTACA,0
AACACCCGCAGAGCAC,0
AACACCGAAAGACACA,0
AACACCGAGAGTAGAG,0
AACACCTTATTAACTA,0
AACACGCCTGTTGTAT,0
AACACGGACCCAAATG,0
AACACTAATGAGAGAG,0
AACACTATAGAGATGT,0
AACACTCGTACCCTGC,0
AACACTCTATAAATCG,0
AACACTGATCGAGAAT,0
AACAGAAAAATCATTG,0
AACAGAAAATACTCCC,0
AACAGACCTGGAAGAC,0
AACAGACTACAGATCT,0
AACAGAGACTAAGTGC,0
AACAGATACAAACACG,0
AACAGCACAAAGATAT,0
AACAGCATTTTAGCCA,0
AACAGCCTAATTGGTC,0
AACAGCTAGAATCGCA,0
AACAGCTGAGCCAATA,0
AACAGCTGTCAAATGG,0
AACAGGAACAATTCGA,0
AACAGGCAACAGTGTT,0
AACAGTAATCTACAAC,0
AACAGTACGGTTACTA,0
AACAGTATCGGTTGAT,0
AACAGTCCGAGCATTG,0
AACAGTGCCTTAGACT,0
AACAGTTAACAGGCCT,0
AACAGTTCAAAAGATG,0
AACATAAAAAAAGACA,0
AACATAACACAGACCT,0
AACATAAGAAGGAGAA,0
AACATAAGTACACATC,0
AACATAATAACGCCCT,0
AACATAATCTAAATAG,0
AACATAATGTTAATCA,0
AACATACATGCACAGG,0
AACATACCACTAACAC,0
AACATACGGAGGTCAT,0
AACATACTTGCAACAT,0
AACATAGATATTACTA,0
AACATAGCCATAACAA,0
AACATATAATACCGCA,0
AACATATGATCCGGAT,0
AACATATTCCAAATAA,0
AACATCAACACGAGGC,0
AACATCATTAAACTAA,0
AACATCCAGACGCGTT,0
AACATCCATTACAGAG,0
AACATGATGCCTTTTA,0
AACATGTATAGGTCAC,0
AACATTACCAATAACA,0
AACATTCGCAAAACTA,0
AACATTTCATAAAAAG,0
AACCAAAGTGATTACT,0
AACCAAATAATACTAA,0
AACCAACATCCAGCAT,0
AACCAACCGATTAACC,0
AACCAAGAGGTCTCAC,0
AACCAAGCGCGGCAAT,0
AACCAAGGTCACCAGC,0
AACCAATTGACACAAA,0
AACCAATTGATATACG,0
AACCAATTGTGTAGTT,0
AACCACAACCCCTAAT,0
AACCACAACGGACATA,0
AACCACACTGTAAAGC,0
AACCACACTGTAAGCG,0
AACCACAGATCCTAAC,0
AACCACATCCGGCTCT,0
AACCACCCTTCACAAC,0
AACCACCGTATTATTT,0
AACCACTACCGTGTAT,0
AACCACTAGCTATTAC,0
AACCACTCCTAATCTG,0
AACCACTCCTCATAGA,0
AACCAGCTATACATTA,0
AACCAGCTGACCAAAA,0
AACCAGTCCGGATTGG,0
AACCAGTGCTCTCGCT,0
AACCATAACCATCATG,0
AACCATAACGAAAAAC,0
AACCATCTTCGAGGCA,0
AACCATGACTAACATC,0
AACCATTCAAGGGCCT,0
AACCCAACCTAAACTA,0
AACCCAATGTTGCACC,0
AACCCACTCGGTTCAA,0
AACCCATGAGCCAAAT,0
AACCCATTATACGAAC,0
AACCCCAAAACAAAGT,0
AACCCCAACAGGCTTG,0
AACCCCATCTCGCAAT,0
AACCCCCCATACCATG,0
AACCCCGAACAACTTA,0
AACCCCGGGGACGTAC,0
AACCCCTCGATAATAA,0
AACCCGAAAGTACCGA,0
AACCCGACAACAAGAG,0
AACCCGCGTTAACAGA,0
AACCCGCTCGAGCACT,0
AACCCGGTACTACCAT,0
AACCCTATAACCCCTC,0
AACCCTCCGCACTATT,0
AACCCTTGTTAGCCCC,0
AACCGAAATAGAGAAT,0
AACCGAGTTACGCACT,0
AACCGATAAAATACCA,0
AACCGATACAAAAGCC,0
AACCGATTGTTAATAC,0
AACCGCAAGAGAAGTT,0
AACCGCCATTCGTAGG,0
AACCGCTGCAATACTC,0
AACCGCTGTAAAGCAC,0
AACCGCTTCACATCCA,0
AACCGCTTCCTACTTA,0
AACCGCTTCCTCAACA,0
AACCGGCCACAGAACA,0
AACCGTAACATCCTTC,0
AACCTAAATACGAGGA,0
AACCTAACGGAATAAT,0
AACCTAATTGTTAACG,0
AACCTACAAGAGCCAG,0
AACCTACGTAGCGCTA,0
AACCTACTACCACCAA,0
AACCTATAACGATTGG,0
AACCTATTATATACAA,0
AACCTCATCAACTGAG,0
AACCTCCGCTATGTAT,0
AACCTCTTAGAGGCTA,0
AACCTGAATTCAAAGT,0
AACCTGGTAACCACAC,0
AACCTGGTCAGAAGCG,0
AACCTGTAAATAAGGC,0
AACCTTAATAGACAAA,0
AACCTTGAACGATTGA,0
AACCTTGCCGAGTTTC,0
AACCTTTCTACTTCCA,0
AACCTTTTCGCAGTTG,0
AACGAAAGAGAATCCA,0
AACGAAATGATAGGAG,0
AACGAACAAATCATGC,0
AACGAACACAAGATAA,0
AACGAACCCCCTAAAG,0
AACGAACCCGCAAAAG,0
AACGAACTATACACAC,0
AACGAACTATCGGTAG,0
AACGAAGGAAAAAGGA,0
AACGAATATTATTCCT,0
AACGAATCACAGCGCA,0
AACGACAGCAAAAAAG,0
AACGACAGTAATACGA,0
AACGACGAGGTAGTCA,0
AACGACTAGAAGACCG,0
AACGACTCTTCTTGAA,0
AACGACTTATCCTTGC,0
AACGAGATCGCAAAGT,0
AACGAGGAAAAAATGG,0
AACGATAAACAACAAA,0
AACGATACATATATTA,0
AACGATATAGATCAAT,0
AACGATTCCTGGAGGG,0
AACGCAACGAACACGT,0
AACGCAATATGACTTG,0
AACGCACAGTCGTAGT,0
AACGCAGAATGGATAT,0
AACGCAGACTTCACAG,0
AACGCATTAAGTGTGG,0
AACGCCCAATATCCCC,0
AACGCCCATCCAATTT,0
AACGCCCATTATACAG,0
AACGCCGATAGGGATT,0
AACGCCTTAACGCTGT,0
AACGCGAACCCATCAC,0
AACGCGACAAATTATC,0
AACGCGCTATACAACT,0
AACGCGGATCTGCGCA,0
AACGCTAATATTGTCT,0
AACGCTAGAGGAACAG,0
AACGCTTATCAATAGC,0
AACGGAAACGCAGTGG,0
AACGGAAATACCTAGA,0
AACGGAACATTCGTTA,0
AACGGAAGAAAGAATT,0
AACGGACACAAGTATC,0
AACGGACACCAACTTA,0
AACGGAGAAGCGTGTA,0
AACGGATCAAGAAGAT,0
AACGGATGACCCTCAA,0
AACGGATTAAGTACTC,0
AACGGCATGTAATCAA,0
AACGGCGTTTGTTATT,0
AACGGGATTTAGTCTG,0
AACGGGCATTACGTAA,0
AACGGGGAGAAAAAAA,0
AACGGGGGAGTATAAA,0
AACGGTTAACATGGAC,0
AACGGTTAATAAAGAG,0
AACGTAAGCAACAACC,0
AACGTAGGCGACCTGA,0
AACGTAGTATCATCGA,0
AACGTCAATAAAAAAA,0
AACGTCACCTAACCTG,0
AACGTCCGTACAAGAA,0
AACGTGAGAACCATAA,0
AACGTTAAAAGATGAG,0
AACGTTAAAGTGTTCT,0
AACGTTAGCGAAAAAA,0
AACGTTGAATAGCTTT,0
AACTAAAACATCCTAG,0
AACTAAAATACCTCCG,0
AACTAAATTATATATA,0
AACTAACATAACAGAT,0
AACTAACGATTAAGAT,0
AACTAAGGTATATCGG,0
AACTAATCACGGTATC,0
AACTAATGGAATCACA,0
AACTAATTGCAGTAAA,0
AACTACAAAGCGATGC,0
AACTACAAATATATAC,0
AACTACAACAGGAAAA,0
AACTACAACGTAGAAT,0
AACTACATTCAAAACC,0
AACTACCAGATTAACT,0
AACTACCGAATAAAAG,0
AACTACTCACATACCC,0
AACTACTTTTCTCACT,0
AACTAGCAGAACCAGA,0
AACTATATATGTACTT,0
AACTATATCAACATTG,0
AACTATCATAGTAGCA,0
AACTATCTTCCCCATA,0
AACTATGACTCGTGCA,0
AACTATTCCCTGAATT,0
AACTATTCGTACCCAC,0
AACTCAAGCAAGCCTG,0
AACTCACAGGGTACGC,0
AACTCACCCAGGTAAC,0
AACTCACTCGAGATTA,0
AACTCATAATAGTAAG,0
AACTCATACCATAATA,0
AACTCATACTACAGCC,0
AACTCATCGAATGAAA,0
AACTCCATGTAATGAA,0
AACTCCATGTGCGGCC,0
AACTCCCCACTTTCCT,0
AACTCCGATTGTTGGG,0
AACTCCGTAACTGAAC,0
AACTCGAGTTTGTGCC,0
AACTCGATAATTTAGG,0
AACTCGATGAAAGTGT,0
AACTCGGCATAATTGA,0
AACTCGTACGTGTGAC,0
AACTCTGCAGAAACAT,0
AACTCTGCCAGGACGA,0
AACTGAAAGGGGTGTC,0
AACTGAACCCAATAAA,0
AACTGAAGGCTCAAGT,0
AACTGACAAAACGTGG,0
AACTGACACGACTGAC,0
AACTGATCATAAATCA,0
AACTGATCGGGGTACA,0
AACTGCATTATTCCCT,0
AACTGCCAGTTTTCAC,0
AACTGCCATACACAAA,0
AACTGCGGACTTTTAC,0
AACTGCTACGGACGGT,0
AACTGGGACCAAAACC,0
AACTGGTAGAATTCGT,0
AACTGTAAAAGCCTGC,0
AACTGTACTACCTTAA,0
AACTGTGCGCTTTGTT,0
AACTGTTATATATATC,0
AACTGTTGATTGAATC,0
AACTTAATTCCCACAA,0
AACTTACACTTGACAA,0
AACTTACGTTCATGAA,0
AACTTAGAATTCGGTA,0
AACTTAGTGCGAAATA,0
AACTTAGTGGATGTGA,0
AACTTCAAATAACTCC,0
AACTTCCCAGGCGATC,0
AACTTCTAAAGGAGTA,0
AACTTCTAACCCCAAA,0
AACTTGCTTTTCTGAA,0
AACTTGTAAACCGCGT,0
AACTTGTCCAAACTGT,0
AACTTGTGAAGATACA,0
AACTTTAATACCGGTT,0
AACTTTAATCTTCGAA,0
AACTTTACGCAATTAC,0
AACTTTATGCATACAG,0
AACTTTCCGAACCGGA,0
AACTTTGCTACACTTG,0
AACTTTGTTATTTATT,0
AACTTTTCAAACTAAG,0
AACTTTTTCATGGATT,0
AAGAAAAAGTGTCATA,0
AAGAAAACAGGACTAA,0
AAGAAAATGGCGCCCA,0
AAGAAACATAAACGAA,0
AAGAAACATACAACAA,0
AAGAAACCGTAGTCAC,0
AAGAAACGAAGCTCAA,0
AAGAAACGCATTCAAG,0
AAGAAACTCCTTATAG,0
AAGAAACTTGGTACCT,0
AAGAAATCACAGTAAT,0
AAGAACAAAAAAAACA,0
AAGAACACTTAAACTT,0
AAGAACATACTAAACT,0
AAGAACATGATAAAAG,0
AAGAACGACTAGCAAA,0
AAGAACGGGGACTTTC,0
AAGAACTCTAGGAAAC,0
AAGAAGAATAGACCAT,0
AAGAAGATAACAGGGG,0
AAGAAGCGCACACGAG,0
AAGAAGTAATAGCTTA,0
AAGAAGTCAAACAAGG,0
AAGAATAAATCACGGT,0
AAGAATAGAGCCCACA,0
AAGAATAGATGGCTTG,0
AAGAATATATCAGAGA,0
AAGAATATCAAGGATG,0
AAGAATATGGTCCCTA,0
AAGAATATTCTAAAAG,0
AAGAATCAACTCCAAA,0
AAGAATCTATAAAGCC,0
AAGAATGATAGGCCCA,0
AAGAATGGAATATATC,0
AAGACAATAAAGGAGC,0
AAGACAATAAGCTGCA,0
AAGACAATTATTCCAG,0
AAGACACAAAAAAATT,0
AAGACACCGGCAGGCA,0
AAGACACTCACTACGA,0
AAGACAGAACTGAAAA,0
AAGACAGCATAGAACA,0
AAGACATTAAATCTGA,0
AAGACCAAACAGCACA,0
AAGACCCTAAGTCCTT,0
AAGACCCTTTAACTTC,0
AAGACCGGAACCAATA,0
AAGACCGTGAACGATT,0
AAGACCTACTATAGAA,0
AAGACCTATGAATTGA,0
AAGACCTATTAGCCTG,0
AAGACCTCAGCGCCAC,0
AAGACGAACCGTTAAC,0
AAGACGATCTCGTGAG,0
AAGACGGAACCGCAAC,0
AAGACGTCACATTACG,0
AAGACTAAAATAAAGC,0
AAGACTATGTCAGAGC,0
AAGACTCATCGTGAAC,0
AAGACTCTCCCATAAA,0
AAGAGAAAATCAATCA,0
AAGAGACAAGAAGGAA,0
AAGAGACATGTGCTAT,0
AAGAGCGCGTGAAAAT,0
AAGAGCTATACTTAAG,0
AAGAGGAAAATGGACA,0
AAGAGGAGATCTGCAA,0
AAGAGGGTATATATTC,0
AAGAGTAATCTCTATC,0
AAGAGTCGGATATATG,0
AAGAGTTTCGGAGACC,0
AAGATAAACACGCAGA,0
AAGATAAACACGTTTC,0
AAGATAAATGCTAACC,0
AAGATAACGGATTAAA,0
AAGATAACTTACTAAA,0
AAGATAAGATAACGTA,0
AAGATAAGTTAATTGA,0
AAGATAAGTTCTATCT,0
AAGATACAACTAAAAG,0
AAGATACCGACCAAAG,0
AAGATACTTCAAACGA,0
AAGATACTTTTACTTT,0
AAGATAGGTCAACCTA,0
AAGATATATTACCTTC,0
AAGATATCCTCCTAAA,0
AAGATATGGTATTAGG,0
AAGATCAGGTGCCAGA,0
AAGATCCCAACCAAGG,0
AAGATCGGCACCACAA,0
AAGATCTTCAGTATGA,0
AAGATGAAATCGTATT,0
AAGATGACCTACAGAC,0
AAGATGAGCGGTATAA,0
AAGATGAGCGTCACTA,0
AAGATGCGAGATATAA,0
AAGATGTGAAGTGTAT,0
AAGATGTGATGGAATC,0
AAGATTAAGCGCTGTA,0
AAGATTATGCGAGGTA,0
AAGATTTGATAGACCC,0
AAGCAAAACAATTACG,0
AAGCAAATATGACCAG,0
AAGCAAGACGGGATAG,0
AAGCAAGCAATTTCCT,0
AAGCAAGGCCAAAAGA,0
AAGCAATAAGCGAAGC,0
AAGCAATTGATTGAAC,0
AAGCACACGAAAACTG,0
AAGCACCCCCATTACC,0
AAGCACGCGTATGTAA,0
AAGCACGGAGGCAAGC,0
AAGCACGTACAAACCG,0
AAGCACTGGAATTATC,0
AAGCACTTTGCAACGG,0
AAGCAGCACAAGACGG,0
AAGCAGCTCACCTAGT,0
AAGCAGCTGTTCTTTG,0
AAGCAGGACCAGGTTG,0
AAGCAGGTATCACTTT,0
AAGCATAAACGGTTGG,0
AAGCATACACCATTCG,0
AAGCATCAAGTTCTGT,0
AAGCCAATTCATAATG,0
AAGCCAGATATAAGTC,0
AAGCCATAGCACCCTC,0
AAGCCATGCCACGATA,0
AAGCCATGCGGTAAGA,0
AAGCCCAACCAGATCA,0
AAGCCCCACCAATAAA,0
AAGCCCCTTGAAGAAG,0
AAGCCCTCATTTTATA,0
AAGCCGATAAGTCCTT,0
AAGCCTGTAATAAGAA,0
AAGCCTTAAACAAGAA,0
AAGCCTTTTTACCGCG,0
AAGCGAACATTCAGGC,0
AAGCGAAGAGACGGAT,0
AAGCGAATCTAAATTA,0
AAGCGACTAAACAAAC,0
AAGCGAGATAACATTG,0
AAGCGAGCTGAAACTT,0
AAGCGAGTACATACCC,0
AAGCGATAATCCACAA,0
AAGCGATTGGGAAATA,0
AAGCGCCACGACGCTG,0
AAGCGCTCTCTCTGAG,0
AAGCGGAGGACCTCGG,0
AAGCGGAGTATTAAGG,0
AAGCGGCAGGTGAGAG,0
AAGCTAAATAACAGAT,0
AAGCTACAATAGACTA,0
AAGCTAGACGAAACCA,0
AAGCTAGCTCGTATTA,0
AAGCTATCTTAATGGC,0
AAGCTCATAAATAATA,0
AAGCTCTATGACCCAC,0
AAGCTCTTTAGCCAAA,0
AAGCTGACCGCCTATA,0
AAGCTGGAGAAATGAG,0
AAGCTTACCCGTAAGC,0
AAGCTTAGTAAACCAC,0
AAGCTTCACTTCCGAA,0
AAGCTTGAACAAGAGA,0
AAGCTTGTAATCATTT,0
AAGGAAAAGAAACACG,0
AAGGAATAAACTCCCG,0
AAGGAATATTCGACAC,0
AAGGAATCAATTATTC,0
AAGGACAGTATTCATT,0
AAGGACCGACCACCGG,0
AAGGACGGTGCCTGAA,0
AAGGACGTGACAGCAA,0
AAGGACTAATCTTGTT,0
AAGGACTTGAAGAACA,0
AAGGAGAGGACTTATT,0
AAGGATAAACTCGCAT,0
AAGGATAGATCAGAAT,0
AAGGCAAAAAGAATAA,0
AAGGCAAAAGTTACAT,0
AAGGCAAAGCCTCCTC,0
AAGGCACTTGCCCATA,0
AAGGCATAGAAGACTT,0
AAGGCCATAAAATCCT,0
AAGGCCATTAGACATG,0
AAGGCGGTATGGTGCC,0
AAGGCGTAGTAGAATA,0
AAGGCTCAAAATTCGC,0
AAGGCTCCAGACTAAG,0
AAGGCTTGAACTTTAA,0
AAGGGACCAGCCTATA,0
AAGGGATGTAACAACT,0
AAGGGCTACCGTCCAA,0
AAGGGTGAATATTATG,0
AAGGGTGCGAATGAGT,0
AAGGTAACTTATAGAC,0
AAGGTAAGCCAACTAT,0
AAGGTAATTTATTCAG,0
AAGGTATAATCACAGC,0
AAGGTATCAAACAGTG,0
AAGGTCAAAATGTCGG,0
AAGGTCCAAATTGAAG,0
AAGGTCGAGCAAGAGT,0
AAGGTCGCCCCCCAAG,0
AAGGTCGTCGTTAGAC,0
AAGGTCTAAATGATTA,0
AAGGTCTAATCTATAT,0
AAGGTTGCACCAGTGA,0
AAGGTTTTCTCAGTTA,0
AAGTAAAATTCCATCT,0
AAGTAAACGCGCTCAC,0
AAGTAAATTTGCTGAC,0
AAGTAACATACCTAAG,0
AAGTAAGAATACAAAC,0
AAGTAAGGAATTGCAT,0
AAGTAAGGCGGTACTT,0
AAGTAAGGTACAACCG,0
AAGTAATTCGGTTACC,0
AAGTAATTTAACGATA,0
AAGTACAAATCTGATA,0
AAGTACAAGTGCTTCA,0
AAGTACACCAATATCA,0
AAGTACACTCTACGTT,0
AAGTACCTGCACATTC,0
AAGTACGTATTCCGAG,0
AAGTACTCATTGCTTA,0
AAGTAGATGGTGACCG,0
AAGTAGCAGCCCATTA,0
AAGTAGGCAAGCGATC,0
AAGTAGTAGCTCCCTG,0
AAGTAGTTCAGACATG,0
AAGTATCAAAACACGA,0
AAGTATCATGTAAATC,0
AAGTATCCCCACTGAA,0
AAGTATCCGACCGGTC,0
AAGTATGACTCTCAGC,0
AAGTATGCTATATCTA,0
AAGTATGTCAACGCCA,0
AAGTATGTCGCCCCCA,0
AAGTATGTCTTTAGAA,0
AAGTCAAGAAAATGTC,0
AAGTCACATCAAACAC,0
AAGTCAGGTTTCGGTG,0
AAGTCATTGAGACGTA,0
AAGTCCAAAATTTTCT,0
AAGTCCCCATCAGACT,0
AAGTCCCGTTTCTTCC,0
AAGTCCGCGAATGCCT,0
AAGTCGAGAACGCACA,0
AAGTCGATACAAACGG,0
AAGTCGATAGTTAGCA,0
AAGTCGATGAAAGTAT,0
AAGTCGTATGCGATCA,0
AAGTCGTCCCACAAAC,0
AAGTCTAATTCGACAG,0
AAGTCTGTCCAGTGGT,0
AAGTGAACCGACACCA,0
AAGTGACATGGATGCT,0
AAGTGACCTGATACGC,0
AAGTGAGTGGCTCGCC,0
AAGTGATAGTTAAACT,0
AAGTGCCTATCGCCAA,0
AAGTGCTGAACCATAT,0
AAGTGGAAGGACCGTT,0
AAGTGGGACACACAAA,0
AAGTGGTTTCAAATTA,0
AAGTGTAGCAGCCCTC,0
AAGTGTCAAATATGGA,0
AAGTGTCAGATGGTGA,0
AAGTGTCCCATCGTGC,0
AAGTGTTAAAATGATG,0
AAGTTACCCTGAGATC,0
AAGTTAGCCATGCCTT,0
AAGTTAGTGTGTAAAA,0
AAGTTATAAACGGTAC,0
AAGTTATTAGAGATGT,0
AAGTTCAATAAAAGCG,0
AAGTTCTACCAAAAAA,0
AAGTTGAGAGTGGTAG,0
AAGTTGGACGTTTATT,0
AAGTTTAAAAATATAA,0
AAGTTTACATCTTGGC,0
AAGTTTCCAAGTTGGA,0
AAGTTTCGATTTAATG,0
AATAAAAATGATGTAC,0
AATAAAACAAACGTAC,0
AATAAAACCATGCACT,0
AATAAAAGACACAGGA,0
AATAAAAGACCTGTTG,0
AATAAAAGCAGGCGAA,0
AATAAAATAGATTTAC,0
AATAAACAGTCAGGAA,0
AATAAACAGTCTCATC,0
AATAAACCAAAGTGGT,0
AATAAACCATTTGTAA,0
AATAAACCCCCGCGAG,0
AATAAACCGACCGAAC,0
AATAAAGAAAAGAAGT,0
AATAAAGATAATTCAT,0
AATAAAGATTTAGAAA,0
AATAAAGTATTCCAAG,0
AATAAATGGACTGATT,0
AATAAATGGCAAAGAA,0
AATAAATGTCTTTTAG,0
AATAAATTCTTTAGTT,0
AATAACAATAGACCGA,0
AATAACACAGATTCAC,0
AATAACAGATAATATT,0
AATAACATATGCACCA,0
AATAACATTACAACAT,0
AATAACCCTACACTGT,0
AATAACGCAGTTTATT,0
AATAACGCATACACAG,0
AATAACGCGACAGCAA,0
AATAACGCTCACAATT,0
AATAACTAAAGAGAGA,0
AATAACTAACCGGTGG,0
AATAACTACAAGTGAT,0
AATAACTCACAAAATT,0
AATAACTTCAAATTCT,0
AATAAGAAGAAACAAA,0
AATAAGAATGTTTCGG,0
AATAAGAGACTCTGTT,0
AATAAGCATCATTGAA,0
AATAAGCGCAGGTGTT,0
AATAAGCTCAGTAACG,0
AATAAGGAAAGTAGAG,0
AATAAGGAACTTAAAT,0
AATAAGGATATTCCGC,0
AATAAGTACAATTAGT,0
AATAAGTATCTACCAA,0
AATAAGTGAACATTAA,0
AATAAGTGTAAGTGAA,0
AATAAGTTACACTATT,0
AATAATACACGTTATT,0
AATAATACCGTAAGGA,0
AATAATAGAACCTTCA,0
AATAATAGTGGTATTA,0
AATAATATCTATTGTG,0
AATAATCCCGAATCAT,0
AATAATCTACGAGACC,0
AATAATCTATGTGTAC,0
AATAATGAACCAATAC,0
AATAATGTCTTTAGAA,0
AATAATGTTGACTGAG,0
AATAATTAAGAAAAGG,0
AATAATTAAGCAAAGC,0
AATAATTCGCTGTAGA,0
AATACAACAAACTGAG,0
AATACAAGAAATAGAC,0
AATACAATGGCATCAT,0
AATACAATTTTTAAAT,0
AATACACAATCATATT,0
AATACACACATCACCA,0
AATACACAGAAACGAT,0
AATACACCCTAATACG,0
AATACAGATACAATCG,0
AATACAGGGGACGGGC,0
AATACATCGACAAGGC,0
AATACATGGCATTTGA,0
AATACATTAAGAAGGT,0
AATACCAAGCAAAACT,0
AATACCAAGTAAAGTA,0
AATACCCCTCAACCCA,0
AATACCCTCTTCACTT,0
AATACGAATAACCACA,0
AATACGCAGATAGGTA,0
AATACGCCCAGCCCTA,0
AATACGGAAAAGTATG,0
AATACGGAACCTGCAT,0
AATACGGAGTTATGCC,0
AATACTAACTGCTAGC,0
AATACTAAGTTTTCAG,0
AATACTACAAATGTGG,0
AATACTCTAAAACCGA,0
AATACTTAATACCTGC,0
AATAGAAGGTCGCTTC,0
AATAGAAGTTGAGATT,0
AATAGAATCTAGGACT,0
AATAGACACACAGACC,0
AATAGACATTAGGAGG,0
AATAGACGCCACGGCA,0
AATAGAGAAAAAGGCC,0
AATAGAGCAACTATAT,0
AATAGAGGTGTCAATA,0
AATAGATCTGCTCACA,0
AATAGCAGGAATTCTT,0
AATAGCAGGACCGCGA,0
AATAGCCCAAGAATAT,0
AATAGCCTGCCAACAC,0
AATAGGAACTAAAGAC,0
AATAGGACCAATATTG,0
AATAGGACGCAATGAG,0
AATAGGTGAACCTAAT,0
AATAGGTTCTACGCCA,0
AATAGTATAGACTTAC,0
AATAGTCAGACCTGAG,0
AATAGTCATGTGTCAT,0
AATAGTGAACTAGGTA,0
AATAGTGACACCCCAA,0
AATAGTGTTGAATGGG,0
AATATAAATTATTCAT,0
AATATAACCCATAAAA,0
AATATAACCTTCACAT,0
AATATAAGAATTTTCC,0
AATATAAGCACCAATA,0
AATATAATAGAAACTC,0
AATATAATATTCAAAT,0
AATATAATCTTCGGAC,0
AATATACTGTGTGAGC,0
AATATATAATTAAAAG,0
AATATATATAAAGCCT,0
AATATATCACTACAAC,0
AATATATCTTTCAATC,0
AATATATGCAACCACA,0
AATATATGTAATGGCA,0
AATATCAAATCGCAAG,0
AATATCAAGAGCATGA,0
AATATCACCGTTCCAT,0
AATATCACGTTAGTCA,0
AATATCAGACGCAACG,0
AATATCATAAAACTTG,0
AATATCCATTTTTGCA,0
AATATCCGACTCAAGA,0
AATATCGTGCGAGTTT,0
AATATGACAGGTAGGA,0
AATATGCCAATAAACT,0
AATATGCCCTGTCGGC,0
AATATGTTAAATCAAG,0
AATATTACAAAGTGAG,0
AATATTACAGCCCAAA,0
AATATTTAACCTGATA,0
AATATTTGACCGGGCC,0
AATCAAAAACCCATAA,0
AATCAAAACTTGAAAT,0
AATCAAAAGAACCGGA,0
AATCAAAATACGCTGC,0
AATCAAAATTTAGACT,0
AATCAAAGAACAGAAG,0
AATCAAAGTCGATCCA,0
AATCAACTCCAGTATC,0
AATCAAGACCAAAATG,0
AATCAATTCGGATACG,0
AATCACAAATCTTAGT,0
AATCACAAGGCCGCCA,0
AATCACAAGTGAAAAA,0
AATCACAGCCGAACAG,0
AATCACCGCAAGCAAT,0
AATCACGTAACAGCTC,0
AATCAGATTCCTATCA,0
AATCAGATTTCTAACC,0
AATCAGCATGCGTATT,0
AATCAGCTAAACATAG,0
AATCAGGCACAATGTT,0
AATCAGTATTGATTAT,0
AATCAGTTAAAGTAAG,0
AATCAGTTAAAGTACA,0
AATCATAATAATAACA,0
AATCATAGATATAGAA,0
AATCATCCTCAGTCAC,0
AATCATCGAAATACTA,0
AATCATCTTATATATC,0
AATCATGAAGGCTCAT,0
AATCATGCGGTGCCGT,0
AATCATGGAGCGCTGC,0
AATCATTATCCCCGTT,0
AATCATTCTCAATGCC,0
AATCATTTACAAATAG,0
AATCATTTTTAGCGTA,0
AATCCACCGACAAAAC,0
AATCCACGATGGACAC,0
AATCCACTTACGTTCA,0
AATCCAGACTCATAAC,0
AATCCATATGATAGGA,0
AATCCCAGACACAAAC,0
AATCCCTAATCGAGAA,0
AATCCGACGCACGTCA,0
AATCCGCCTTACCAGT,0
AATCCGGAGAATTATG,0
AATCCGTATGTTCCTG,0
AATCCTGAGAGACACA,0
AATCCTTAACCATGGG,0
AATCCTTCGTGGAACG,0
AATCGAAAGGTGCACA,0
AATCGAACAACCCAAG,0
AATCGAACAGGCAATT,0
AATCGAACGCATCCTC,0
AATCGAATTCACGTAA,0
AATCGACAACCACACC,0
AATCGACCGTATATCG,0
AATCGACTATACTACC,0
AATCGCGCCTCATTCC,0
AATCGCGCTCGTCGCA,0
AATCGGATGACACACA,0
AATCGGCAATAAAGTA,0
AATCGTACAGAGTCCT,0
AATCGTCACAACAACG,0
AATCGTCCAATCTGAA,0
AATCGTGAAAGATCAC,0
AATCGTGGCTGTTAAT,0
AATCGTGTATGCATAA,0
AATCTAAAGACGCCCA,0
AATCTAAATCAACAAA,0
AATCTAATCTAAAAAA,0
AATCTAGATGAGCTAT,0
AATCTAGATTGATTCA,0
AATCTATTTGACCTTG,0
AATCTCATATGTATGA,0
AATCTCCGTTGCATGG,0
AATCTCCTTTATGCCA,0
AATCTGCGACGTAGGT,0
AATCTGCGCGTTTCTT,0
AATCTGGTCGTGCAAC,0
AATCTTACATCCAAAC,0
AATCTTAGACTTAACA,0
AATCTTGACTCCCACC,0
AATCTTGGACCGCCCT,0
AATGAAAAAAATATAC,0
AATGAAAAAGAGCAGA,0
AATGAACACGGCGATA,0
AATGAATAGACAAGGA,0
AATGAATAGCAATAAC,0
AATGAATCTAGGACGG,0
AATGACACATTTCAAT,0
AATGACAGAACAGCTA,0
AATGACTCCAATAAAT,0
AATGACTCCGAAATGC,0
AATGACTTATTTGATA,0
AATGAGAGTTCAACAA,0
AATGAGCTTCTCCTAT,0
AATGAGTGAACCTTTA,0
AATGATAAACGAAAAA,0
AATGATCTTGCGCGAA,0
AATGATGAGCCTTAGC,0
AATGATGGTATTTGAA,0
AATGATGTTACTCGGC,0
AATGATTAGCAATTAA,0
AATGCAAATGAATCGA,0
AATGCAATATCAAAAA,0
AATGCATACCAGGCTA,0
AATGCATATCACCCAC,0
AATGCATTCCGATCAT,0
AATGCCAAGAGCCGTT,0
AATGCCACTAGGAACA,0
AATGCCAGGACCCATG,0
AATGCCTAACGTACAA,0
AATGCGAAAAGAATCA,0
AATGCGGCAGAGAAGA,0
AATGCGTTAGTTGAAC,0
AATGCTACCAAATAGA,0
AATGCTCTGCGGACAA,0
AATGCTTAGAAATAAT,0
AATGGAAAAAAACTGT,0
AATGGAATAAGGACGA,0
AATGGAATAATATGCA,0
AATGGAATGTTAGTTT,0
AATGGACTTAGCCAGG,0
AATGGAGGCTTAAGAG,0
AATGGATACCCAACAG,0
AATGGATTCAGGAGTC,0
AATGGATTGCAAGCTA,0
AATGGCAAACATGAAT,0
AATGGCCCGACACTGA,0
AATGGCTGACGAGAAG,0
AATGGCTTCCGACCTT,0
AATGGGAAGGCCCAGT,0
AATGGGAGCCGGGAAG,0
AATGGGATTACTGAAA,0
AATGGGCGATTCAACG,0
AATGGGCTAAAAGAAA,0
AATGGGGACCCTTGTC,0
AATGGTAAGAACTACA,0
AATGGTGAAGTACAAC,0
AATGGTGAGATCATGT,0
AATGGTGCGCACAGGA,0
AATGGTGTACTAAAAC,0
AATGGTTGCTGGGTAG,0
AATGGTTTCCTATAGA,0
AATGTAAACGTGTGAC,0
AATGTAAGTTGCCGAC,0
AATGTACAAAGCTGAT,0
AATGTACATTGAACAA,0
AATGTATTGCGAGTTT,0
AATGTCATACGAAATA,0
AATGTCGAGACTTAAA,0
AATGTCGATGACACAA,0
AATGTCGCCGGTCCCG,0
AATGTCTACTGCTAGA,0
AATGTCTCATACGAAC,0
AATGTCTGTGTTGTTA,0
AATGTGTCCGAAAACC,0
AATGTTAACATGATAT,0
AATGTTCATAAAGAAG,0
AATGTTGAACAACAAT,0
AATTAAAAAATCTAAC,0
AATTAAAAGATGTCTG,0
AATTAAAATACCATAT,0
AATTAAACAAATTAAA,0
AATTAAACAATCCTAG,0
AATTAAACCATTGTGC,0
AATTAAAGGTCAAAGG,0
AATTAAATGCTACTCA,0
AATTAACATTTAAAGT,0
AATTAACCCCACGAAA,0
AATTAACCGATGAAAT,0
AATTAACGTCGTGCAT,0
AATTAAGACGGTAGGT,0
AATTAAGTGACCGGCC,0
AATTAAGTTCTGCTAT,0
AATTAATAATTTAGAT,0
AATTAATAGATCCCTC,0
AATTAATATGAGCCCC,0
AATTACAAAATATAAT,0
AATTACAGCGTCAACA,0
AATTACCACCGAGAAC,0
AATTACGCATTACCTA,0
AATTACTAACGTCACC,0
AATTACTTTTCACGCC,0
AATTAGAACAGTAAAG,0
AATTAGAACATTCAAA,0
AATTAGAAGGAATAAT,0
AATTAGACTGCTTCGA,0
AATTAGATATAATGAG,0
AATTAGCAATATTGTG,0
AATTAGCGGTTACATA,0
AATTAGGCGTAACCGC,0
AATTAGGCTTAGTCAC,0
AATTAGGTAATTAACA,0
AATTAGTCCATCCTGT,0
AATTATAAGTACCAGG,0
AATTATAGCTATCGAG,0
AATTATATTAGCTAAA,0
AATTATCACAAAGATT,0
AATTATCAGAAAAAAT,0
AATTATCAGAGAACCA,0
AATTATCGTAAACTCA,0
AATTATGGCAAAATTA,0
AATTATTAAGGATAAG,0
AATTATTCGCCACATC,0
AATTATTGTAGCCCTA,0
AATTATTTCCTCGAAA,0
AATTCAAAGCCCAATT,0
AATTCAACATGTAATT,0
AATTCAATACCTTCAA,0
AATTCAGAAAGACAAA,0
AATTCAGATGCAAACA,0
AATTCAGCTTTAATTT,0
AATTCAGGCGAAAAAA,0
AATTCATAAAGAAGCA,0
AATTCATACAAGATTA,0
AATTCATTAGTAAGTG,0
AATTCATTTCCGACCA,0
AATTCCCGCAAATTAA,0
AATTCCTAACTACAGT,0
AATTCCTAACTTCATA,0
AATTCCTATTTACAGA,0
AATTCCTCTAATTACT,0
AATTCGACAGAGAGTT,0
AATTCGAGCCAAACTC,0
AATTCGAGCCCCACAT,0
AATTCGCCGCTGGCAG,0
AATTCGGGTACCTTAA,0
AATTCGTAACGTTAGA,0
AATTCTACACGTTGCA,0
AATTCTATTAATTAAA,0
AATTCTCAAGATAAAA,0
AATTCTCATACACAAC,0
AATTCTTAAACTTCAT,0
AATTGAAAAGGAGCGT,0
AATTGAATAGGATGTA,0
AATTGAATGCTTGAAG,0
AATTGAATGTGAGAGC,0
AATTGACAAAGAAGCA,0
AATTGACTAGAGAATT,0
AATTGAGGATATATGG,0
AATTGATCAGGCGAAC,0
AATTGATTCCTCAACT,0
AATTGCAACACGGTCC,0
AATTGCAACTTTAACA,0
AATTGCACACGGTTGC,0
AATTGCAGTATCTAGG,0
AATTGCGAGAAAATTT,0
AATTGCGGAAGTAAAA,0
AATTGCTATGTGTCGC,0
AATTGCTATTTGAACA,0
AATTGCTGCTTTGAAT,0
AATTGGAAACTTAAAC,0
AATTGGATAATGAAAC,0
AATTGGCCACAGTAGG,0
AATTGGCGAAAACTAT,0
AATTGGTAACTGCTCG,0
AATTGGTCTAAAGATT,0
AATTGTAAAGCAAGCC,0
AATTGTAATTGACAAT,0
AATTGTCTTTCGACCC,0
AATTGTTCAAAATGAA,0
AATTGTTTCCAAAAAA,0
AATTTAAAATAACAAA,0
AATTTAACCAAAATGG,0
AATTTAACTGCAGCAG,0
AATTTAATTATTAAAA,0
AATTTACGTGCAAAAA,0
AATTTATACGCCCAAG,0
AATTTATATCTTGCTA,0
AATTTATGATGACAAG,0
AATTTATTATTAGCGA,0
AATTTCAACCATTGAC,0
AATTTCCGAAATAATC,0
AATTTGAAAACCGAAG,0
AATTTGAATATGATCC,0
AATTTGCGGTATACTG,0
AATTTGTAAAAGCAAT,0
AATTTTAAAATATAGT,0
AATTTTACACTCAAGA,0
AATTTTAGAAATGGGA,0
AATTTTCCCCATCTTT,0
AATTTTTAAAATTAAT,0
AATTTTTATAGATATG,0
ACAAAAAAAAAAATAT,0
ACAAAAAAAATTCCCG,0
ACAAAAAAACATAATA,0
ACAAAAAACGAAACAG,0
ACAAAAAGACAAGTAA,0
ACAAAAATAGATTCAT,0
ACAAAACCCACATGCT,0
ACAAAACGGAGTCAAA,0
ACAAAAGAAATAATCA,0
ACAAAAGATCAATAAC,0
ACAAAAGATGAACCTG,0
ACAAAAGCTCACGCTT,0
ACAAAATACAGTTTAA,0
ACAAAATCATATGACC,0
ACAAAATCGCAAGAGA,0
ACAAACAAAACCTCGA,0
ACAAACAAAGATCAAG,0
ACAAACAATCGAAGTT,0
ACAAACAGGAGAACCT,0
ACAAACATCAGCTAGG,0
ACAAACATTACAACCG,0
ACAAACCCCAAGTTAC,0
ACAAACCGCGCAGTAT,0
ACAAACGAATCGACGT,0
ACAAACTAACCCTATG,0
ACAAACTACCGATGCA,0
ACAAACTCTCGTACAC,0
ACAAACTTTTTTTGAC,0
ACAAAGAAAGCGCAAC,0
ACAAAGACCAGCAAGA,0
ACAAAGACCTACCAAC,0
ACAAAGATAGCACTTT,0
ACAAAGATCCGCTGTC,0
ACAAAGGGCTCGTACT,0
ACAAAGGGGTTATAAA,0
ACAAAGTAGTTTGTCC,0
ACAAATAATAACGTTC,0
ACAAATACCATTGGCT,0
ACAAATAGTACCTCTA,0
ACAAATATGACAAAAC,0
ACAAATATGCGACCAT,0
ACAAATCGATTGGAAT,0
ACAAATCTACTCCGAA,0
ACAAATGGCTTGAAAT,0
ACAAATTAATTTTATG,0
ACAAATTCCTAAACGG,0
ACAAATTGCCCCAATG,0
ACAAATTGTAGAGACC,0
ACAAATTTAACGCCAA,0
ACAACAAAGGCTAATA,0
ACAACAAGGGAATATA,0
ACAACAATCATTTTTT,0
ACAACAATCCTAATGA,0
ACAACACGATTAGTAT,0
ACAACAGTAATTCCTA,0
ACAACAGTATACAGAA,0
ACAACAGTCGCTACGT,0
ACAACATAATAAAATC,0
ACAACATATTAAACCA,0
ACAACATTGCCACTAG,0
ACAACCAGAATTACAC,0
ACAACCATAATGACCT,0
ACAACCATGACTTGGA,0
ACAACCTTGATTTAAA,0
ACAACGATACTTCCGT,0
ACAACGGAGTCAGACA,0
ACAACTAAAGACACAT,0
ACAACTACCTAGAATC,0
ACAACTAGAGTTTGAG,0
ACAACTAGGTAGGCAC,0
ACAACTAGTCGTACCC,0
ACAACTCCGCAGGCAA,0
ACAACTCGATTAAAAT,0
ACAACTTAATCTAAGT,0
ACAAGAACAACAAACT,0
ACAAGAAGTGTCACTA,0
ACAAGACACTGTGAAG,0
ACAAGAGCTATCGCAA,0
ACAAGATCGCTGATAG,0
ACAAGATTAGAAATAA,0
ACAAGCACATGATAAC,0
ACAAGCAGTTCTGTAG,0
ACAAGCCTCCCGTGAA,0
ACAAGCGACATGCTCT,0
ACAAGCTGAGCAGCGC,0
ACAAGGAAAAAGGAAC,0
ACAAGGAATGGCATGG,0
ACAAGGACCCATAGGT,0
ACAAGGGTCAACGCCA,0
ACAAGGTCGGAAAAAA,0
ACAAGTAATAACAGGT,0
ACAAGTTACCCTCCTA,0
ACAAGTTGGGATGTTG,0
ACAATAAAGATTTAAT,0
ACAATAAATTGTTTGT,0
ACAATACACTATCAGA,0
ACAATACATGTAGAAA,0
ACAATACCCACCACGT,0
ACAATAGGGTTTCAAA,0
ACAATAGTGGGATAAC,0
ACAATATATGCTAGAT,0
ACAATATCAAGTTACC,0
ACAATATCAATGTAGT,0
ACAATATCCGCTAACA,0
ACAATATCTAAAAGTA,0
ACAATATCTGAGCAAG,0
ACAATATTAACGTACA,0
ACAATCAAAACAATCG,0
ACAATCAAGTCACATA,0
ACAATCAATGATAAAA,0
ACAATCACCTGTACTG,0
ACAATCAGAAAGACTA,0
ACAATCATACCAATTT,0
ACAATCATGTCCGAGC,0
ACAATCCACAAGGAAG,0
ACAATCCCGAACGCAC,0
ACAATCCTAGATCCAC,0
ACAATCTTACAGGAAC,0
ACAATCTTGGCTTATG,0
ACAATGAAAAAAATTA,0
ACAATGAACCTCGAGT,0
ACAATGACTACACAAC,0
ACAATGACTATAAGAA,0
ACAATGAGCCTGCACT,0
ACAATGAGTTTTCTTG,0
ACAATGCAAACTTCAT,0
ACAATGCGATCCCACA,0
ACAATGCTACGTTTGC,0
ACAATGCTTGACCTCA,0
ACAATGGCTGAAACAT,0
ACAATGTAGAAGAAAG,0
ACAATGTATCTGCTAC,0
ACAATGTGTTACTAGC,0
ACAATTAGTTCTACGG,0
ACAATTCAAATAATCC,0
ACAATTCAGAGAATTA,0
ACAATTCGAGGCACTG,0
ACAATTCTGACACGTA,0
ACAATTGACCAACTTA,0
ACAATTTAAGGTTACA,0
ACAATTTAATCTAATA,0
ACACAAAACACTATTT,0
ACACAAAATAGCATAT,0
ACACAAACACGAGTCC,0
ACACAAAGATTAACCC,0
ACACAAATCTTCTGAT,0
ACACAAGGATATGGAA,0
ACACAAGTTGATCATT,0
ACACAATAAAAAACCG,0
ACACAATAGGGGAAAG,0
ACACACAGAGAATCCC,0
ACACACATAAACAGGG,0
ACACAGAGAGAACGTA,0
ACACAGGTACCATAAT,0
ACACAGTGACCCGCCC,0
ACACATACACCTAGAA,0
ACACATATTACCCTTA,0
ACACATCTAAATTTCA,0
ACACATCTGAAACACG,0
ACACATTTGATCTGAC,0
ACACCAATCAAAAATC,0
ACACCAATTCTCCGGA,0
ACACCACGAGGCCAAG,0
ACACCAGAGACCAACG,0
ACACCAGTTGGTAACC,0
ACACCCAAATTTGTAA,0
ACACCCAACTAATGGC,0
ACACCCAATGTAAATG,0
ACACCCACAGACAATA,0
ACACCCATGGCTGCCT,0
ACACCCCAACGGAAAA,0
ACACCCTAAATTGACA,0
ACACCCTAAATTGGCA,0
ACACCGGAGAATTCCA,0
ACACCTACCGCAAGAT,0
ACACCTACTATAGATC,0
ACACCTAGATATCCGA,0
ACACCTCCTTCTCAAG,0
ACACGAAAAGCCATAA,0
ACACGAAATAGCTCCA,0
ACACGAACCTATGATA,0
ACACGAATCCACGAAA,0
ACACGACACTGGACAA,0
ACACGCTCGTTCTAAT,0
ACACGGACGTTCCACC,0
ACACGTACGTGTAGTA,0
ACACGTTAGCTCGTCT,0
ACACTAAAAAAAATGA,0
ACACTAACACACCAAC,0
ACACTAAGAGTCTAAT,0
ACACTAATTTCAGGAC,0
ACACTACACGGAGAGA,0
ACACTACCAATTGGTC,0
ACACTACCGCAATCCC,0
ACACTACTGATACCTG,0
ACACTAGAGTATATGG,0
ACACTATCGTATCAAT,0
ACACTATGAAGTCATC,0
ACACTATGGGTACAAC,0
ACACTCCTATCTAGGC,0
ACACTCGAACAATCTA,0
ACACTCGTTTTCGTCA,0
ACACTGATTGACACAT,0
ACACTGCACGCCCACG,0
ACACTGCTATACGGAA,0
ACACTGGAGACCTAAA,0
ACACTGGAGCATTTAT,0
ACACTGTATTGCCAGA,0
ACACTGTGAACGCTCA,0
ACACTGTTACACCCAT,0
ACACTTAAATTGATAT,0
ACACTTACTTGTAAAA,0
ACACTTAGCTACTGCA,0
ACACTTATTTCTAAAT,0
ACACTTGTTGCCCACG,0
ACAGAAAAACAAACGA,0
ACAGAAAATAGGGGGA,0
ACAGAAAATTCTGAAT,0
ACAGAAAGAGATCGTG,0
ACAGAAATAAGACGGA,0
ACAGAACAATACTGTT,0
ACAGAAGGAAGAGAAA,0
ACAGAAGGATTGCAGA,0
ACAGAATAGACCTGGT,0
ACAGAATCTACTCTCA,0
ACAGAATCTTGACCAA,0
ACAGAATGAGACATCA,0
ACAGAATGTTTCTAAC,0
ACAGAATTTAACCAGA,0
ACAGAATTTGGATACA,0
ACAGACAGAGCCCGAT,0
ACAGACCACATTTACC,0
ACAGACCAGGTGGCTT,0
ACAGACCCAGGCTGTC,0
ACAGACCCCTTCACAA,0
ACAGACTGAATGCATC,0
ACAGACTTAAATGTGG,0
ACAGAGAAAAATGTCA,0
ACAGAGAGACAAACAT,0
ACAGAGATCGACGAAA,0
ACAGATAGGAATTAGT,0
ACAGATATCGAACCGC,0
ACAGATCAATCCACCT,0
ACAGATGTAGAGTTGC,0
ACAGATTTGGTTCGAA,0
ACAGCAATGTAAACCC,0
ACAGCAGCACTTTTTA,0
ACAGCATAAAGGACAC,0
ACAGCATAAATAAGTC,0
ACAGCATTAGACAAGT,0
ACAGCCAACGATTGGA,0
ACAGCCAATCAACTTA,0
ACAGCCCAAAGTCAAT,0
ACAGCGAATCAAAACC,0
ACAGCTAAGTGGCGAA,0
ACAGCTCAAAGCCAAG,0
ACAGCTTACTGCACCA,0
ACAGCTTCCGTTCATC,0
ACAGGAAAAACGTGGA,0
ACAGGAATTCCAATTT,0
ACAGGAGTACCTAAAC,0
ACAGGAGTTATATAAA,0
ACAGGATGTGGCAAAT,0
ACAGGCATTGTGGCCT,0
ACAGGCGTTAGAATGA,0
ACAGGGAATCACAACT,0
ACAGGGAGGAATTAAG,0
ACAGGGTCCGCAGAGC,0
ACAGGTAGTCATGATA,0
ACAGGTATGAACAAAA,0
ACAGTAAAGCGCATGA,0
ACAGTACAGTGTAGTT,0
ACAGTATGCATCGCCG,0
ACAGTATTTGAGAGAG,0
ACAGTCTTAAAGCCCC,0
ACAGTGCAGGTTTTTC,0
ACAGTGCGGATGTTCT,0
ACAGTGCGTCAGTTTC,0
ACAGTTTAAGTATTAC,0
ACATAAAAAGCCACAT,0
ACATAAAAGAATGGGC,0
ACATAAAAGCTGTTCC,0
ACATAAAAGTATAATT,0
ACATAAACCGATTATC,0
ACATAAACTGGCGGAA,0
ACATAAATTGGAAATT,0
ACATAACAACAACAAG,0
ACATAACATCTCTGTA,0
ACATAACCAAATTGGC,0
ACATAACCGGAACAAA,0
ACATAAGGCCCAATAT,0
ACATACATGTTTTTAT,0
ACATACCAAAGCAACG,0
ACATACCCATATAAAA,0
ACATACGATTCTTTAC,0
ACATACGCAGCCGACC,0
ACATAGACCAACTAGG,0
ACATAGCCGCACGTGT,0
ACATAGCGGCGAGTCT,0
ACATAGCTGCATGGTC,0
ACATAGGGACGCCCGA,0
ACATAGGTCCGGGGCA,0
ACATAGTAGAATAGGA,0
ACATAGTGAAACCGGT,0
ACATATAAACTTCACA,0
ACATATACGGAATTTG,0
ACATATAGCTAAAGTG,0
ACATATCGAAATGGCA,0
ACATATGATAAACTTT,0
ACATATGCAGAGCAGA,0
ACATATGGTTTACTGG,0
ACATATTCAAAACGTC,0
ACATCAAAACAAGGTA,0
ACATCACCATTTACTC,0
ACATCACGTCAGCGAA,0
ACATCACTAATTGATC,0
ACATCAGGGGGATATC,0
ACATCATGTGATGTAT,0
ACATCCCCCACACGAG,0
ACATCCCCTCACCTTA,0
ACATCCTTTCATAGCC,0
ACATCGACATACTCAT,0
ACATCGCCATACGCAA,0
ACATCGTATGAGAATA,0
ACATCGTGCCTGTATG,0
ACATCTCAACCTTGTC,0
ACATCTGATGTTATGT,0
ACATGAAAAGTATCGC,0
ACATGAAAGTTATACT,0
ACATGAAATCCGTTAA,0
ACATGAAGGATCGAGA,0
ACATGACAATCATCGC,0
ACATGACTACCAAATG,0
ACATGATATCACTGTA,0
ACATGCCTTCTTTAGG,0
ACATGCGCTGCCCTTT,0
ACATGCTAAACGCCGA,0
ACATGCTAATGTAGCA,0
ACATGGAAATCTTTCC,0
ACATGGAGAAGACCAA,0
ACATGGCCGCTAAAAA,0
ACATGGGGAATCTATT,0
ACATGGTCACAGATAC,0
ACATGGTCATTAATCT,0
ACATGTAAAAGAAAAT,0
ACATGTGCAAAGATAC,0
ACATGTGGTATACCGG,0
ACATGTGTAAATGCAG,0
ACATGTTTGTGAAAGA,0
ACATTAAGTTCTCCCC,0
ACATTAATAAAAGCGG,0
ACATTACAAATGACCC,0
ACATTAGTCCTTTTCC,0
ACATTATAAGGTAAAT,0
ACATTATGATCGATGC,0
ACATTCACTGATATCA,0
ACATTCATTTCAGCGC,0
ACATTCCTACCGAACC,0
ACATTCTAATAAGCTA,0
ACATTGATATGCAGCG,0
ACATTGCCTATTAGAA,0
ACATTGCGACTAAAGA,0
ACATTTACCGAAAGCT,0
ACATTTCAAAAAATGA,0
ACATTTGAAGGCACTG,0
ACATTTTACAAGAAAA,0
ACCAAAAACTAGAACT,0
ACCAAAACAGTTCAGG,0
ACCAAAACGAAATTGC,0
ACCAAAAGGACAATAC,0
ACCAAACCGGGGTGTG,0
ACCAAACTGTTCTAAG,0
ACCAAACTTGAATCAC,0
ACCAAAGAGAGCAAAA,0
ACCAAAGCGACATAGC,0
ACCAAATAGTATCGAG,0
ACCAAATGAAAATTGT,0
ACCAAATTGGCCCCCC,0
ACCAACACGACTACGC,0
ACCAACCCGAAGGCCA,0
ACCAACTGACCGCAGA,0
ACCAACTTATGTAGCA,0
ACCAAGACTTCTTTAA,0
ACCAAGGGCAGCACAG,0
ACCAAGGTGGAGTAAC,0
ACCAAGTAGTGAATCG,0
ACCAAGTTCATCACGA,0
ACCAATACCGAGAATA,0
ACCAATATTGGCTACT,0
ACCAATCAATCCCCCC,0
ACCAATGACTACTACA,0
ACCAATTGTATCTCTA,0
ACCACAACCATCACTT,0
ACCACAACGTTACGTA,0
ACCACACAGTGTACTA,0
ACCACACATGCCACGA,0
ACCACAGATCTAGGAT,0
ACCACATATCCGAACG,0
ACCACATTCACCGAGG,0
ACCACCCAACAATCTT,0
ACCACCCGGAAAACCT,0
ACCACCGACATAAATT,0
ACCACCGCAGAAAGTT,0
ACCACGCCCAAAAAAA,0
ACCACGGGGATAAGAT,0
ACCACGTACAAATCCG,0
ACCACGTGTTGAACAT,0
ACCACTACGAAAGCAG,0
ACCACTCCACATGTTG,0
ACCACTGCGCTACAAA,0
ACCACTTGAGCATTAT,0
ACCACTTGTTTTAATT,0
ACCAGACACCTACAAG,0
ACCAGACTCATTATAA,0
ACCAGATACCTCTAAA,0
ACCAGCCAGTCCTTAA,0
ACCAGCGAATACCATA,0
ACCAGCTTCAGACCTG,0
ACCAGGCAGCGTCTTC,0
ACCAGGCCCACGTGTC,0
ACCAGGGGACTGAAAC,0
ACCAGGTTAAAAATAC,0
ACCAGTACGTAATTCG,0
ACCAGTTATCATTGGG,0
ACCATAAAAACCAAAT,0
ACCATAAAAATTTGCG,0
ACCATACACAGTTATA,0
ACCATACTGAAAATGT,0
ACCATAGAGAGCATAC,0
ACCATAGCAAAATAGG,0
ACCATATATAAACGTC,0
ACCATATCGCGTTACA,0
ACCATCCCTCATAGAT,0
ACCATCGGCTTAGTTT,0
ACCATCTAGACCTAGC,0
ACCATGGCCTTCGGTA,0
ACCATGTGAAGTTTTC,0
ACCATTAACCTGCAGC,0
ACCATTATCGACGCAG,0
ACCATTATGTCCAATG,0
ACCATTCAGATGCTGC,0
ACCATTGAAACACGAT,0
ACCATTGGGCGAACAA,0
ACCATTTAAATTAGCG,0
ACCATTTCTTGGATAC,0
ACCCAAAAGCATACGA,0
ACCCAACCAAATATAC,0
ACCCAACCAACTTAAT,0
ACCCAATGAATTAAGA,0
ACCCAATGCAGTCAGC,0
ACCCAATTTCAAACCA,0
ACCCACGTAAATAGAC,0
ACCCACTACTACACTT,0
ACCCAGAAACAATCTA,0
ACCCAGAAACGCAACT,0
ACCCAGCAAGTAATGT,0
ACCCAGCGACCCTAAC,0
ACCCAGCGGGCTAAGG,0
ACCCAGTGTAAGAGAC,0
ACCCAGTTTGGATGTG,0
ACCCATAAAACACACG,0
ACCCATAATATTAATG,0
ACCCATGGACAGTCCC,0
ACCCATGTACATAATA,0
ACCCATTTGCACTAAG,0
ACCCCAAAGTCATTAA,0
ACCCCAACTCAAACGC,0
ACCCCAATTACCCATT,0
ACCCCACATTCGAACA,0
ACCCCAGAACACTAGA,0
ACCCCAGAAGTGTTAC,0
ACCCCAGAGACAACGA,0
ACCCCATGAATAGTAA,0
ACCCCCAAGTGCCTGA,0
ACCCCCCTCGTTCGAC,0
ACCCCCGCAGCTCCAA,0
ACCCCGAAATACTCTA,0
ACCCCGGTAGCATAGA,0
ACCCCGTATGATGCGG,0
ACCCCTTCTAAATTAG,0
ACCCGAAAATATGAAC,0
ACCCGAATACCGGAAA,0
ACCCGAATTTCCACTA,0
ACCCGAGACCAATGTC,0
ACCCGAGCCCGGGACA,0
ACCCGCCTATTAGCAT,0
ACCCGTAACGTTTGGC,0
ACCCGTATACTATAAT,0
ACCCGTGCTAATTCGC,0
ACCCTACAGCATAAAG,0
ACCCTAGAACTGCCTT,0
ACCCTAGGACAAGTTA,0
ACCCTGGTGATGTCCA,0
ACCCTTCGCCAATACA,0
ACCGAAAAAGCCTCCA,0
ACCGAAACTGCCGAGT,0
ACCGAACAACCCCTTC,0
ACCGAACACTTTGAGC,0
ACCGAACATCGACCCT,0
ACCGAATACAAAACGG,0
ACCGAATCGACGCGTG,0
ACCGAATGTCATCCCA,0
ACCGACCGCACAACCT,0
ACCGAGAGGAAAGATG,0
ACCGAGATCGAAATAC,0
ACCGAGCAAAAATCAC,0
ACCGAGTCGAATTATT,0
ACCGATCAATACGGGG,0
ACCGATGTAACACAAC,0
ACCGCATAAAGATTAA,0
ACCGCCGCAAAACTTT,0
ACCGCGAAAAAAGCAT,0
ACCGCGAGGACGGTGG,0
ACCGCTAAGAATACAT,0
ACCGCTACAGGTTAAT,0
ACCGCTCGACACGAGA,0
ACCGGAAAAAAGGGGG,0
ACCGGAACGGTTGGCG,0
ACCGGAATTATTGAAT,0
ACCGGCGTAAAGACGA,0
ACCGGTCGATGCTCGT,0
ACCGGTTGTGATGGAC,0
ACCGTAAAGGTTGTTA,0
ACCGTAGTCTATAAAA,0
ACCGTATACAAGTACT,0
ACCGTATATGAGAATT,0
ACCGTCGCAGACTATT,0
ACCGTGATTGCTGCAT,0
ACCGTGCCTAAACTGA,0
ACCGTTAAATAACATT,0
ACCGTTACACAGTGAC,0
ACCGTTACTAGGCGTG,0
ACCGTTTAGGTCCAAG,0
ACCTAAATATAACCTC,0
ACCTAACAGCGGAATC,0
ACCTAACCATGGTTAC,0
ACCTAATGATGCGTAA,0
ACCTACAAAAAAACTA,0
ACCTACAAATCCCTCA,0
ACCTACAGCCAATCGC,0
ACCTACATTCAAACCA,0
ACCTACCAATACTTCG,0
ACCTACGAAAGATATT,0
ACCTAGAATGCTAACA,0
ACCTATAAAAATCCCA,0
ACCTATAACTCACACC,0
ACCTATACAAAAGGGT,0
ACCTATCAGATTTATC,0
ACCTATGACAAACCCT,0
ACCTATTCTGATACCT,0
ACCTCAAAAAAAATAA,0
ACCTCACATTACACGA,0
ACCTCAGCACACCCTC,0
ACCTCAGCCTGCGTGG,0
ACCTCATTTCTATGTT,0
ACCTCGAAAGATATAA,0
ACCTCTAACCCCGACC,0
ACCTCTCTCATAAAAA,0
ACCTCTCTGTCGCAAA,0
ACCTGAACAGTAGACG,0
ACCTGAACCATTATCC,0
ACCTGACTGCATGCCC,0
ACCTGAGTATTGTTAA,0
ACCTGCTCTGATGAAA,0
ACCTGTATCGTCCCGG,0
ACCTGTTCCTCACAGA,0
ACCTGTTTACGGATCT,0
ACCTTAAACCGTTCCC,0
ACCTTAAGAGCCTATT,0
ACCTTACAACTCATTT,0
ACCTTACCTTTCATTG,0
ACCTTATAATGCAAAT,0
ACCTTATAGAGCACGA,0
ACCTTATGTAACCGTT,0
ACCTTATTTACATTGA,0
ACCTTCGTGCTACATC,0
ACCTTCTAAAGCTAAC,0
ACCTTGAGCTCCTCAG,0
ACCTTGATCCTCTTCT,0
ACCTTGCGCAGCGCAC,0
ACCTTTAACCGATAGC,0
ACCTTTCTCATTGAAC,0
ACCTTTGAGACAGCTA,0
ACCTTTTATGCAAAAT,0
ACGAAAATATATGTAC,0
ACGAAACCAGGTTTGT,0
ACGAAACCCTAAGAAC,0
ACGAAACTATACACAA,0
ACGAAACTCAAAGCTA,0
ACGAAACTGATTTGGG,0
ACGAAAGTATAAGACA,0
ACGAAATATTACAGAT,0
ACGAACAGATGATGAA,0
ACGAACTAATGAAATA,0
ACGAAGAAATAAATAG,0
ACGAAGGTAGTTTCAG,0
ACGAAGGTTTGTTACA,0
ACGAAGTTTTAGAACA,0
ACGAATGAATATAAGT,0
ACGAATTGTATAATAA,0
ACGAATTTGAAATGCG,0
ACGACAAAACCACGTA,0
ACGACACGCAGTCGCC,0
ACGACAGATAACAACT,0
ACGACCAGAATACATC,0
ACGACCCACCATTCCA,0
ACGACCCCCTGTGTAG,0
ACGACCGAATAAGCCG,0
ACGACCGTCGCACAAT,0
ACGACCTAACCAGAAT,0
ACGACGAACACAAATT,0
ACGACGCAATTACTTG,0
ACGACTCTAAAATAAC,0
ACGACTGGCGAGTGAG,0
ACGACTTAGTATGTGG,0
ACGAGAAGGAAGAAGG,0
ACGAGAATTGTAGCCA,0
ACGAGACAGGATGGAA,0
ACGAGAGATGCATACC,0
ACGAGAGTGCTATTCG,0
ACGAGATCCTTACAAG,0
ACGAGATTCTAACGCC,0
ACGAGCAAGTTTATCA,0
ACGAGCCAAAGATACA,0
ACGAGCGCCTTGGAAA,0
ACGAGGAACGAATAGT,0
ACGAGGAGGATTGAAC,0
ACGAGGGGCAGTACGA,0
ACGAGTACTATATGGC,0
ACGAGTATAATGCATA,0
ACGATAAACACACCAA,0
ACGATAACACCACGCA,0
ACGATACAACTAAGGC,0
ACGATACACTTAACAT,0
ACGATAGCCTTCCAAA,0
ACGATCAAACACACTA,0
ACGATCACAACATAAG,0
ACGATCCAAGTAAGAA,0
ACGATCGTATATAGGA,0
ACGATCTAACTTTCAA,0
ACGATGACTGCGAATA,0
ACGATGCACACTGTGA,0
ACGATGGTCGTAACTA,0
ACGATTCCAGTGACAC,0
ACGATTGGTTTACGCA,0
ACGATTGTAGCCATTT,0
ACGCAAAAAAAGCAGG,0
ACGCAAAAAACCATGA,0
ACGCAAAGTATGACTG,0
ACGCAAATCTTCTCGT,0
ACGCAACTCCACTTTG,0
ACGCAAGTATGATAGG,0
ACGCAAGTGAACAGGT,0
ACGCAATAGATCTAGA,0
ACGCACAAACCACTGT,0
ACGCACTTATATTGAA,0
ACGCAGAAAGGAACAT,0
ACGCAGAGTAGAGCCG,0
ACGCAGTAGTTCTATT,0
ACGCCAACGTACTCTT,0
ACGCCACTATTCACTT,0
ACGCCATATAGGACAA,0
ACGCCATATATAGCGT,0
ACGCCCAATTGACAAT,0
ACGCCGAACACTAAAG,0
ACGCCGAAGGTAGAAA,0
ACGCCTAAACAAGAAA,0
ACGCCTAAGAAAACAT,0
ACGCCTAGAGTACGTA,0
ACGCCTGCGCAAAAAA,0
ACGCCTTCACTGCACT,0
ACGCGAACTACCAATA,0
ACGCGCACACGATGAC,0
ACGCGCAGAATCTAAA,0
ACGCGCATATATATGA,0
ACGCGCGTTGACACTA,0
ACGCGTACCCATAGTT,0
ACGCGTCATGGACCCT,0
ACGCGTTCGTGCCAAA,0
ACGCTACCCCACCCGG,0
ACGCTACTTCAAAAAA,0
ACGCTCAAATAGAGGA,0
ACGCTGAAACACTTTA,0
ACGCTTGCTGATTGAG,0
ACGGAAAACGATTGAC,0
ACGGAAATAAAGAGAT,0
ACGGAATGGTTGTAAA,0
ACGGAATTGAAGATGG,0
ACGGACGTTCCCAAGT,0
ACGGACTGAGCCAACC,0
ACGGAGAAGTCACATC,0
ACGGAGCCCACTCCAA,0
ACGGATAGTTAGATAA,0
ACGGATCATAAAAAAC,0
ACGGATGAGACGATTT,0
ACGGATTCATGATGAC,0
ACGGATTCGGATACTA,0
ACGGCACAAAAACAAG,0
ACGGCACAGTCAATGT,0
ACGGCAGGGTAATATT,0
ACGGCATAAATTCCCT,0
ACGGCCCAAGATTGCT,0
ACGGCTATACATGTCC,0
ACGGCTCACGTCTGAC,0
ACGGGAAGCGTTAAAA,0
ACGGGACCAAGCAATC,0
ACGGGATCGCCGCTCC,0
ACGGGTACTAACCCTC,0
ACGGGTGACTAGAGCA,0
ACGGTAACCGGTATCC,0
ACGGTAACTTATCTCG,0
ACGGTACTCACTGATA,0
ACGGTCAAACGGGGCA,0
ACGGTCTAGCCCATAC,0
ACGGTGACAGGAAATC,0
ACGGTGACGACGTATA,0
ACGGTTGCAAATGAAC,0
ACGGTTGGAAGTACCC,0
ACGGTTTGAAAACAGT,0
ACGGTTTGAGATGTCA,0
ACGTAAACTATTACTG,0
ACGTAAAGACATAATA,0
ACGTAAGGTTTTTTTC,0
ACGTACAAAATTCTCT,0
ACGTACCATGGACATG,0
ACGTACCGCGCAAGGC,0
ACGTACCTCTCCTGGT,0
ACGTACCTGCTCCAGA,0
ACGTACGGGAATTTCG,0
ACGTAGAATGTTAAAA,0
ACGTAGCGGTGCCCAA,0
ACGTATATACAGTACA,0
ACGTATTTCGTAAAGA,0
ACGTCAAATAATCCTG,0
ACGTCACGTGAATCTT,0
ACGTCACTAAGATAAT,0
ACGTCACTATCTGTAG,0
ACGTCAGTCAGGGAAG,0
ACGTCGCATATCAAAT,0
ACGTCTAAGACCTAGT,0
ACGTCTTTATAATGTC,0
ACGTGAAGAAAGACGA,0
ACGTGATGAAATCTAC,0
ACGTGATTATTAGGAG,0
ACGTGATTTTACTATC,0
ACGTGGGTTTACAGAT,0
ACGTGTAAAAAGGTGG,0
ACGTGTCAACTTCAAG,0
ACGTGTGCGCCCGTAA,0
ACGTTAAATTAAGTTC,0
ACGTTAAATTCAACTA,0
ACGTTACCATCGCATA,0
ACGTTAGAACAAATAG,0
ACGTTAGAAGCGTAGT,0
ACGTTAGAGGCCACAT,0
ACGTTAGAGTAGGTCG,0
ACGTTAGCTTATTAAA,0
ACGTTATCGTCGTAGA,0
ACGTTCTCAGGCAAGC,0
ACGTTCTTATATACCC,0
ACGTTGACACATCCCA,0
ACGTTGGAGCGTTAGA,0
ACGTTTAGTGCCACTG,0
ACGTTTATAACAAAAC,0
ACGTTTTAGTCCGATT,0
ACTAAAAACGCAACAA,0
ACTAAAACACCCCTCT,0
ACTAAAACACGAGAGA,0
ACTAAAAGAAGCAACC,0
ACTAAAAGTTGACAAA,0
ACTAAAATCACCTCCT,0
ACTAAACATAAGTATG,0
ACTAAACTTCTAGATC,0
ACTAAATAAAACGTAC,0
ACTAAATGGGCAACAT,0
ACTAAATTAACGTGCA,0
ACTAACCTATTGAATT,0
ACTAACGAATACTAGA,0
ACTAACGAGAACGCTA,0
ACTAACGTCTATACCG,0
ACTAAGAAATGCACAG,0
ACTAAGCAACGGAATG,0
ACTAAGTGACAAATTT,0
ACTAAGTGTTTGATAC,0
ACTAAGTTCGAACATA,0
ACTAATACGTCTCTAT,0
ACTAATAGAGCTACCG,0
ACTAATAGATTCTGGC,0
ACTAATATCAAGTTCT,0
ACTAATCCAAAACCTG,0
ACTAATCCAGGATTTA,0
ACTAATCTACAGTCCC,0
ACTAATCTGGATTGTA,0
ACTAATGACACATCAT,0
ACTAATGCGACAATAT,0
ACTAATGGCGAAACAG,0
ACTAATTAACATGTGC,0
ACTAATTACTAAGTAT,0
ACTAATTGGAGTACAG,0
ACTACAAACCCAATTT,0
ACTACAACTCTGAGAG,0
ACTACAGTTAACCACC,0
ACTACATAATAGGCAT,0
ACTACATCGAAACAAC,0
ACTACATTGGTACGGC,0
ACTACCACTAAAGAAA,0
ACTACCTAATACAATA,0
ACTACCTTACTTAACA,0
ACTACCTTGCCAAAAA,0
ACTACGAGAAACGCTA,0
ACTACGCAATTAACGC,0
ACTACTCGTGTAGCAT,0
ACTACTTACTGACTGC,0
ACTACTTAGATAAACC,0
ACTACTTCTCAGCTTG,0
ACTAGAAAGGACCTTA,0
ACTAGAAAGGTCAAAT,0
ACTAGACATGATAAAA,0
ACTAGAGATCATAACT,0
ACTAGATATTTACGCA,0
ACTAGATTTACCACAA,0
ACTAGCCAACACGCAC,0
ACTAGCCAGTACATAG,0
ACTAGCCGTAGCAAAA,0
ACTAGGCATATCAAAC,0
ACTAGTAAGCTATACT,0
ACTAGTAGATGTGAGG,0
ACTAGTCATATACTAG,0
ACTAGTCATCTCTGCC,0
ACTAGTGGCTTTATAA,0
ACTAGTGTGGATGACA,0
ACTATAACAACCCATC,0
ACTATAACAATTAATG,0
ACTATACGTAGTTACA,0
ACTATAGATTTAATAA,0
ACTATAGGCGAAAAGG,0
ACTATATATTAGCTTG,0
ACTATCCAGTTCCGGA,0
ACTATCGAAGTGCTAA,0
ACTATGAAACGAATCT,0
ACTATGGTTATAGGAC,0
ACTATTAAACTTTGGT,0
ACTATTACAGACCGCC,0
ACTATTACTACATCCT,0
ACTATTCATCTTTCTA,0
ACTATTTCGTAATTGC,0
ACTCAAAAGAATTTTA,0
ACTCAAAAGTTGGAGA,0
ACTCAACACCGTTTTC,0
ACTCAAGTGTCTAAAG,0
ACTCAATTACTCACCC,0
ACTCACACTTGCACGT,0
ACTCACATGAGGTGGC,0
ACTCACCAATCTTGAA,0
ACTCACCCCGCATGGG,0
ACTCACGTCGGGATTT,0
ACTCACGTTTTCAGGT,0
ACTCACTGGATGGGTT,0
ACTCACTGGCAATTCG,0
ACTCCAAACATGAAAG,0
ACTCCAAACCCTGTTC,0
ACTCCAAACGTAGCGA,0
ACTCCAAATTCCAAAG,0
ACTCCAACGACCTCCT,0
ACTCCAATTAGACTTT,0
ACTCCATAAATTAATA,0
ACTCCATACAGTTGAC,0
ACTCCCAATATCATAG,0
ACTCCCTAATGCACAA,0
ACTCCCTGTCGGACTA,0
ACTCCGAATCACAAGT,0
ACTCCGAATTAAATAC,0
ACTCCGATAAGAAATT,0
ACTCCGCACCCAACAT,0
ACTCCGTATGCAACTA,0
ACTCCGTTTAGCCACG,0
ACTCCTAAATCGTATA,0
ACTCGAAACTGAGGGT,0
ACTCGAAATTTATTAC,0
ACTCGACCACACCTTA,0
ACTCGATGGCCAGTCA,0
ACTCGCAGAGTTCACA,0
ACTCGGCGAGGGATGT,0
ACTCGGGAACGAACCA,0
ACTCGGTGCTAGACAG,0
ACTCGGTTCAAGAGCT,0
ACTCGTATAAGGATTA,0
ACTCGTCAATTTATCA,0
ACTCTAAGATAAAGTA,0
ACTCTACTGACTTACT,0
ACTCTCACCGTCGGCT,0
ACTCTCAGCCGATTTC,0
ACTCTCCAAGCTACAG,0
ACTCTCGTGGCCCATT,0
ACTCTGAATTCCAACT,0
ACTCTGGCTTGGACAC,0
ACTCTTATTCTCGAAG,0
ACTCTTGAGAAATTTA,0
ACTCTTGGGCGGGATC,0
ACTGAAACCATGGACA,0
ACTGAACAAATAAAAA,0
ACTGAACATAAAAATG,0
ACTGAAGTTCACACAC,0
ACTGACAAGACTAGGA,0
ACTGAGGGCAGTCTAA,0
ACTGAGTACATGGTTG,0
ACTGAGTAGATCGTAC,0
ACTGAGTGAAGTGTAG,0
ACTGATAGATAAGCCC,0
ACTGATATCAGATCGA,0
ACTGATTAATTAAAAA,0
ACTGCAAAACCCATGA,0
ACTGCATCGCATATTA,0
ACTGCATTTAAAATCG,0
ACTGCCAAGTAAAAGC,0
ACTGCCCCTTCCGGCA,0
ACTGCCGAAAACTTAA,0
ACTGCTCTTCCAGCCT,0
ACTGCTGACGGAAACC,0
ACTGGAACGAACACTA,0
ACTGGACCATGATAAG,0
ACTGGACTCATCACTA,0
ACTGGAGACAAAGGGC,0
ACTGGATTCAAAGTGC,0
ACTGGATTCAACCAAT,0
ACTGGGACTAAAACGT,0
ACTGGGGAGAACGAGA,0
ACTGGTAAACCAGCAG,0
ACTGGTAAATAGGTGT,0
ACTGTACCGCCCTGGC,0
ACTGTACGTGACATGC,0
ACTGTACTCCAAAAAG,0
ACTGTCAAACCTACGA,0
ACTGTCCACTAGACTT,0
ACTGTCCATACTTACA,0
ACTGTGACATTTCATA,0
ACTGTGCGGGCCTAAA,0
ACTGTGTAACTTATAT,0
ACTGTGTATCCTACAG,0
ACTGTTCAACTTAGAG,0
ACTGTTGTCATACCTC,0
ACTGTTTAAATATACC,0
ACTTAAACCAATAATA,0
ACTTAAATACCTACAA,0
ACTTAACAAAGCTAAG,0
ACTTAACATCCTGCGA,0
ACTTAATAAGCCACTT,0
ACTTACAACCGTCACT,0
ACTTACAGTATACTCC,0
ACTTACATCTGATTCC,0
ACTTACCTGACGACAG,0
ACTTACGATCCACTTC,0
ACTTACTCACCGAATA,0
ACTTACTGCATTAAGA,0
ACTTAGAACTAACTGT,0
ACTTAGACAAGATAAA,0
ACTTAGACCTAAGCTG,0
ACTTAGATGCACGATT,0
ACTTAGCAGAAATAGA,0
ACTTAGTCACTGACAC,0
ACTTATAGCTATGGGG,0
ACTTATATCAGTAGAG,0
ACTTATATGAATGTGG,0
ACTTATCGACACTGCG,0
ACTTATCTTTGCACCA,0
ACTTATTAAAACCTAA,0
ACTTATTATACAGTGT,0
ACTTATTGACGAAGGT,0
ACTTCAGAAAGCGGTG,0
ACTTCAGCGCTACAAC,0
ACTTCATATACATACA,0
ACTTCCTAAATTCAGG,0
ACTTCCTCATCAATCA,0
ACTTCGATACCATAAC,0
ACTTCGGAATATCCAC,0
ACTTCTGCCCGGAACG,0
ACTTCTTAACAAGAAC,0
ACTTGAAATGCCAAAA,0
ACTTGAAGAGAATCTG,0
ACTTGATCAAGTAGCC,0
ACTTGCAGCATACATA,0
ACTTGCCTAGATTAAA,0
ACTTGCCTCTGACAAA,0
ACTTGCTATCAGTACA,0
ACTTGGAAAAGTTCGA,0
ACTTGGGTACTATTGC,0
ACTTGTCAGAGGTCTT,0
ACTTGTCCTACCGGAG,0
ACTTGTTCTTAAAGGT,0
ACTTTAAAACTTGAAA,0
ACTTTAACAAATCCTA,0
ACTTTACAAGCAGCTC,0
ACTTTACAATTAGCGT,0
ACTTTACACAATCGAA,0
ACTTTAGAGAGATTTG,0
ACTTTCATAAATATGT,0
ACTTTCGCTAAAATCA,0
ACTTTCTAATTTACGA,0
ACTTTGAAATACGCAA,0
ACTTTGAAGCAATATG,0
ACTTTGACTCATAAGT,0
ACTTTGAGGATAGGGA,0
ACTTTTAGAATCCAAG,0
ACTTTTCAATTGGCCA,0
ACTTTTCACATAACCT,0
ACTTTTGAAAACCCAA,0
ACTTTTGTAAGTCCGC,0
ACTTTTGTGCAAACTC,0
ACTTTTTACAAAATTG,0
ACTTTTTACACACGAC,0
ACTTTTTTACCGGTAC,0
AGAAAAAAAACAGCTT,0
AGAAAAAAAACATTAG,0
AGAAAAAAAGGTCTGT,0
AGAAAAAACAAAACGA,0
AGAAAAAATAGATCAA,0
AGAAAAAATTGGAAAT,0
AGAAAAACACTAACAA,0
AGAAAAAGATACAATC,0
AGAAAACCATACGCTA,0
AGAAAAGACAATACTA,0
AGAAAAGACACTTTGG,0
AGAAAATAACGTCGAT,0
AGAAAATACCAACGAT,0
AGAAAATCTCTGGCTA,0
AGAAAATTGTCATCCG,0
AGAAAATTTAGACAAC,0
AGAAACACAAATAAGT,0
AGAAACACATGAAATC,0
AGAAACACGGCTTCCA,0
AGAAACATTTCTCCGA,0
AGAAACCAAAATTTAT,0
AGAAACCACCCAAAGA,0
AGAAACCACGTCATAT,0
AGAAACCGCGCTTACT,0
AGAAACCGGTAACATT,0
AGAAACGTAGTTTATC,0
AGAAACTTTAAACTCA,0
AGAAAGACGAATCGAC,0
AGAAAGATCTCTACTT,0
AGAAAGCCGTCTCCGG,0
AGAAAGGCAAAAAGCT,0
AGAAAGTAACCATGAC,0
AGAAAGTGTGAAAAAC,0
AGAAATAGTGTCTGAG,0
AGAAATATAAGGACTG,0
AGAAATCAGCATTCCA,0
AGAAATCATCGTATTA,0
AGAAATCCTACGAGAT,0
AGAAATCGAAAACAGA,0
AGAAATCTCGATGTGG,0
AGAAATGCCGTCGCTA,0
AGAAATTATAGACTGA,0
AGAACAAAGGCCAACT,0
AGAACAACCCGATGAC,0
AGAACAAGATATTCGG,0
AGAACAGAACCGACTC,0
AGAACATAACCTGATT,0
AGAACATCTGGAACAG,0
AGAACATTAAACCAAA,0
AGAACATTAGTGTAAA,0
AGAACCAAAAATAGAC,0
AGAACCAGCATGTTGT,0
AGAACCCAGGTTAATA,0
AGAACCCCAAGCGTTA,0
AGAACCTAGCATATAA,0
AGAACCTATGTATTCT,0
AGAACGACCCAAGTAT,0
AGAACGGATAAACACT,0
AGAACGTATTTTGGTA,0
AGAACTACCCCACTAA,0
AGAACTATACGAGTCG,0
AGAACTATTTACATAA,0
AGAACTCCAAAAAATG,0
AGAACTCTAAAGTTGT,0
AGAACTCTCTTTTCGT,0
AGAACTGTACTGTCCT,0
AGAACTTTCCTTACAG,0
AGAAGAATAGTTTTGA,0
AGAAGACCACTATTCA,0
AGAAGACCGTCCATAA,0
AGAAGACGTCTTCATG,0
AGAAGAGAATATACTT,0
AGAAGATTTAGGTCTC,0
AGAAGCAACCCGGATC,0
AGAAGCATGAAGGTGT,0
AGAAGCCAACGAAAGA,0
AGAAGCGAACGTCCAT,0
AGAAGCGACATGCGAT,0
AGAAGCTAGAAAAATA,0
AGAAGGATGTTAAGAG,0
AGAAGGCACAGCTAAA,0
AGAAGGCACTATGACG,0
AGAAGGCCTACGTTAG,0
AGAAGGCGTTATAACA,0
AGAAGTATGCGCCTCT,0
AGAAGTCAATAATAGA,0
AGAAGTGACCCATACA,0
AGAAGTGACTTACAAT,0
AGAAGTTAATTGAACT,0
AGAATAAAAATGAATG,0
AGAATAACAACGCTAT,0
AGAATAACAGGACGCA,0
AGAATAACGGGTGCAA,0
AGAATAACTACAAACA,0
AGAATAACTTCGAACT,0
AGAATAATACAAATGG,0
AGAATAATTAACTATA,0
AGAATAGCCACATATG,0
AGAATAGGTAAATAAG,0
AGAATAGTGAACAGCA,0
AGAATAGTGGCTGAAT,0
AGAATATATGCACTCT,0
AGAATCATAATAATAT,0
AGAATCGGCGAATTGA,0
AGAATCGGCTACAAAA,0
AGAATCGTTAAACGAC,0
AGAATCTGAACAATTT,0
AGAATGACCCTTATCT,0
AGAATGATCGTCGACT,0
AGAATGGACTATTTCC,0
AGAATGGCCAGTGCTA,0
AGAATGTCGCGGACAC,0
AGAATTAAATGACAAT,0
AGAATTAATAGAGAAA,0
AGAATTAGCACCTATA,0
AGAATTCTTCAACAGG,0
AGAATTGACTATGACA,0
AGAATTGATGGTTGTG,0
AGAATTGGTAAGTCTG,0
AGACAAAAAAGTAGGA,0
AGACAAAATCGATACT,0
AGACAACCTGCGACGA,0
AGACAAGCCTCATTCC,0
AGACACCACGAGACAT,0
AGACACCCTTATATGG,0
AGACACGCTAAATCAC,0
AGACACTTCTAGGCAG,0
AGACAGAACCAACTTA,0
AGACAGAATACAGTAT,0
AGACAGACCACATCTG,0
AGACAGCAAGTGGCCC,0
AGACAGCACACAGCTT,0
AGACAGCGTGAACACG,0
AGACAGCTAAAGACAC,0
AGACAGTACAGAAATA,0
AGACATACAATTATAA,0
AGACATACCAAGGATA,0
AGACATATAGAAAAAA,0
AGACATATCTATAAAT,0
AGACATCCACACCATC,0
AGACATCCTGCTCAAT,0
AGACATCTCACCCCTA,0
AGACATGAAGAATGTG,0
AGACATGCTGAGAAAA,0
AGACATGGTTTGAAAA,0
AGACATTAGAAAACCT,0
AGACCACCAATCTCAA,0
AGACCACGAGAGAAAT,0
AGACCATTTATCGCAC,0
AGACCCATTGTTTTAT,0
AGACCCTTAACCACTG,0
AGACCGAGGTCGTTTA,0
AGACCGGAAGAGAACG,0
AGACCTACTAATAGTT,0
AGACCTCCGGTTGACC,0
AGACGAAAATATAAGC,0
AGACGAATGGAACTAT,0
AGACGACACGGAGTCA,0
AGACGACTGAACCTAC,0
AGACGACTTTATAATG,0
AGACGAGACATAGATG,0
AGACGATAGAATAAAG,0
AGACGCCCATACAAAA,0
AGACGCTCTTAGTGGA,0
AGACGCTTTCGGGGCA,0
AGACGGCCCTCCTAAA,0
AGACGTAAAAATCGCG,0
AGACGTGAGCTTAGCT,0
AGACGTTAATCGTGGA,0
AGACGTTAGACATCTA,0
AGACGTTTCAGGAAAT,0
AGACTAACACACGCCC,0
AGACTAACACAGGATG,0
AGACTAACTTAGAACA,0
AGACTACAAATTAAGA,0
AGACTACGCCTAGAAA,0
AGACTAGTGGATCGGA,0
AGACTATAAGATAAAA,0
AGACTATCCGCGTACC,0
AGACTATGCAGAACGT,0
AGACTCAATCACCTAG,0
AGACTCATTCTTTTAT,0
AGACTCCATGAGCGAA,0
AGACTCGCAGGAGATT,0
AGACTCGGTATCTTCA,0
AGACTCTAGAGTACCT,0
AGACTGAACCAAGCCT,0
AGACTGTGTGATGGAC,0
AGACTTAAAGGACAGC,0
AGACTTAATATCTCGA,0
AGACTTCATTCAAGAC,0
AGACTTGAGATTTAAT,0
AGACTTTTAATCGGGT,0
AGAGAAAAGAAGAAAC,0
AGAGAAAAGAGTAAGT,0
AGAGAACATAAAGTAT,0
AGAGAACGCCCAAGCT,0
AGAGAATAGGACAGCA,0
AGAGAATGAAGCGAAA,0
AGAGACATTGAGTACG,0
AGAGACGACCGTCTTC,0
AGAGAGATTCCTATTA,0
AGAGATAAATGACCAT,0
AGAGATTTTTCGGCGT,0
AGAGCAAAGATTGACG,0
AGAGCATTCATCTGGA,0
AGAGCCAAGCTATTTT,0
AGAGCGAAGTAATGGC,0
AGAGCGCCTAACTATA,0
AGAGCGGATTATATCG,0
AGAGCGGTGACATCAT,0
AGAGCTACTAACGGTG,0
AGAGCTCACTGAATAT,0
AGAGCTCGGTAATGCA,0
AGAGCTCTGGCCTATA,0
AGAGGAAGAGTTACTT,0
AGAGGAATTATTCAAT,0
AGAGGACTATATCTAA,0
AGAGGATAGAACCTAA,0
AGAGGATCACGCTGCA,0
AGAGGCATTTAGTTTC,0
AGAGGCTGATACATAC,0
AGAGGCTTAGACGTAA,0
AGAGGCTTTACAATGC,0
AGAGGGTTCACATGAG,0
AGAGGTCAATTGTTCC,0
AGAGGTCGTTTTCTTA,0
AGAGGTTGGTCATAAA,0
AGAGTACCCGCCGTGG,0
AGAGTAGACCATAAAT,0
AGAGTAGAGACAGAAT,0
AGAGTATTGTAACTAC,0
AGAGTCCCCATAATTT,0
AGAGTCCGGTCATTCG,0
AGAGTCTACGTTAAAG,0
AGAGTTCCGGAAAAAG,0
AGAGTTTACCGTAAGC,0
AGAGTTTGTCCAGGTC,0
AGATAACGCCGGAGAA,0
AGATAAGTAGCGCTAA,0
AGATAATACCAGTAGG,0
AGATAATTCCAAATCC,0
AGATACACATACGTAC,0
AGATACCAAATAAGGG,0
AGATACGCGGTGGTAT,0
AGATACGCTAAAAATG,0
AGATACTAAGTTGCAT,0
AGATACTCAGTATCTT,0
AGATAGACACAAGAAG,0
AGATAGCAAAGGAAGT,0
AGATAGGTGACCCAAG,0
AGATAGTAACTAGATA,0
AGATATACCACACGAG,0
AGATATATTATTGGAT,0
AGATATGAAACAGTCG,0
AGATATGCTATTTTAG,0
AGATATTCTGACAATA,0
AGATATTGGGACAGCA,0
AGATCAAAAGCTTCTT,0
AGATCAACAACAAATC,0
AGATCAACCATATAAC,0
AGATCAACTAAATTAA,0
AGATCAGGTAATTAAA,0
AGATCAGTAGATTCAA,0
AGATCCAAAACAACTA,0
AGATCCAATACGTGTT,0
AGATCCATAACCAGCA,0
AGATCCCCGAATGACT,0
AGATCCCCGCGCAAAA,0
AGATCGACCGATCCAT,0
AGATCGCTAACCACTG,0
AGATCGGCATACCCAA,0
AGATCGTATTGTTCAA,0
AGATCTCCTTACTTAT,0
AGATCTCTCAAAACAG,0
AGATCTGACCTATTAA,0
AGATCTTATGTCCCAG,0
AGATGAAATAACATAC,0
AGATGAACAAATAAAC,0
AGATGAACAAGATTGA,0
AGATGAACAGTTTTGA,0
AGATGATACGCTTTAC,0
AGATGATAGCGAAGCA,0
AGATGCAGAAGGCCGA,0
AGATGCGAAACGCTTA,0
AGATGTAGCTCGTTCT,0
AGATGTAGTACAAATA,0
AGATGTGTTTACGAAC,0
AGATGTTGCGTAACCA,0
AGATGTTGTCACACAA,0
AGATTAAATGCGTTAC,0
AGATTAACCGAGATGC,0
AGATTAAGACTTAACA,0
AGATTAATTTTGTAGA,0
AGATTACAATATCCTC,0
AGATTACCTAGAGATA,0
AGATTAGCTGAGTTTT,0
AGATTAGTAGACGTAC,0
AGATTATAAATTAACA,0
AGATTATACTGCTACG,0
AGATTATCACAGCCCC,0
AGATTATCCAACAAAA,0
AGATTATTATTCCACA,0
AGATTATTGAGCAATG,0
AGATTATTTTAAGATT,0
AGATTCGAGTATTTGT,0
AGATTCGGAAAAATTC,0
AGATTCTAGTAATCAT,0
AGATTGAAATGCTTAA,0
AGATTGCAATGTATAA,0
AGATTGGTTTAAGACT,0
AGATTTAACCCTTCGG,0
AGATTTAGGTAAAATG,0
AGATTTATATATTATA,0
AGATTTCAGCACCTGC,0
AGATTTGGGTACATTT,0
AGCAAAAAAACCGGAA,0
AGCAAAAAATAATTAA,0
AGCAAAACAGGCGAAG,0
AGCAAAAGTTACGGCA,0
AGCAAAATACTAAATC,0
AGCAAAGAAACAAGTG,0
AGCAAATCTGGAAAGG,0
AGCAAATGACCTTAGG,0
AGCAAATGCGATGACG,0
AGCAACAACATATGCT,0
AGCAACCAAACCTAAG,0
AGCAACCTTACAAGTT,0
AGCAAGCTAGCGGAGA,0
AGCAAGTAGAAACCTA,0
AGCAATAACTAGGGAA,0
AGCAATAGGTCATCGG,0
AGCAATGAAATACGTC,0
AGCAATGGAGGATCAC,0
AGCACAACACCCATAC,0
AGCACACAACATCCTA,0
AGCACACCGGGACCGC,0
AGCACACGTGGTCATA,0
AGCACAGAACAAACAA,0
AGCACAGAGCTCCTAG,0
AGCACAGCTCTTTTCA,0
AGCACAGGAATGTCCA,0
AGCACAGGGGCCACTT,0
AGCACAGTGGCGAGAA,0
AGCACATGTCTAAAAG,0
AGCACATTACTCCACC,0
AGCACCAATGCGTGTG,0
AGCACCGATTCTAAAG,0
AGCACGCTAGCACACA,0
AGCACTTTTGAAAATT,0
AGCAGAAAACCTTAAG,0
AGCAGAAATGCGCAAT,0
AGCAGAATTTAGTCCT,0
AGCAGACCCTGAAAAG,0
AGCAGCATGGCGCCCT,0
AGCAGCCAATCAACAA,0
AGCAGCTAGGTTGCAG,0
AGCAGGGAGTAACACG,0
AGCAGGGTAAGATGCA,0
AGCAGGTATACACACA,0
AGCAGTAGCCATACGG,0
AGCATAATGATAGCAG,0
AGCATACACAAACGAA,0
AGCATACCTGACGATG,0
AGCATACGCTACTAGA,0
AGCATAGATAAGCCTG,0
AGCATATTAAATACCC,0
AGCATATTCAAATGCC,0
AGCATCAACAAGCAGC,0
AGCATCAGGTATTTCC,0
AGCATCATAACTACTA,0
AGCATCCAGAATGACT,0
AGCATCCGAAAAAAAC,0
AGCATCGTTATCATAG,0
AGCATGAATGACTTGG,0
AGCATGCGTCGATTTA,0
AGCATGTCACCGTCTC,0
AGCATGTCCCTTGTTA,0
AGCATTCACTAAATCA,0
AGCATTTTAGCGGCGA,0
AGCATTTTCGCACTGC,0
AGCATTTTTAGAAACT,0
AGCCAAAATAAAAGGT,0
AGCCAAACGAATCTCA,0
AGCCAAATTTCAAATT,0
AGCCAACAAAGAACGG,0
AGCCAACCATAACTTC,0
AGCCAATATCAAGGCA,0
AGCCAATCCAGAATAT,0
AGCCAATCGATCCAAA,0
AGCCAGACAACTGAGG,0
AGCCAGCCAAAAAGTA,0
AGCCAGGAACCAAAAT,0
AGCCAGGATCTAGCTT,0
AGCCATATCAAAGAAT,0
AGCCATATGCCACTGA,0
AGCCATGCAATTTAAT,0
AGCCATGTTTAAGATA,0
AGCCCAATAGACCCTA,0
AGCCCAATATGTTACC,0
AGCCCAATCGGCACTT,0
AGCCCAGAAGCGCACC,0
AGCCCATTAGTATTAA,0
AGCCCCAATAAAAGCA,0
AGCCCCATTTTTGACA,0
AGCCCGATTAACAATG,0
AGCCCGGAATACGTCA,0
AGCCCGTATCAATGTA,0
AGCCCGTCAACAGCAA,0
AGCCCTACCCATTGTA,0
AGCCCTAGCCTGGGAT,0
AGCCCTCAATAGTACG,0
AGCCCTTCAATACATA,0
AGCCCTTCTAAGCACA,0
AGCCGAACGCTAAGAA,0
AGCCGACCAAACACCT,0
AGCCGAGAGGCGACCA,0
AGCCGCATCCAATTTT,0
AGCCGCATCCATATTC,0
AGCCGCCAACCATTGC,0
AGCCGCCAGAAGAAAA,0
AGCCGCCTGATCCAAT,0
AGCCGGGATTAATACA,0
AGCCGTCTCTTCGTTA,0
AGCCGTGCTACTTCGT,0
AGCCGTTGCCCCCTCG,0
AGCCTAAACATGAATT,0
AGCCTAACTCAATTAA,0
AGCCTACCCAAAAGGG,0
AGCCTACCCACAGTCG,0
AGCCTACTACTCGATA,0
AGCCTAGAATATAAGA,0
AGCCTAGTAAAAAAGA,0
AGCCTAGTATAACCGT,0
AGCCTCATACGGATGC,0
AGCCTCCTACGACTCA,0
AGCCTCCTGCCATGGT,0
AGCCTCGCTCGCATTA,0
AGCCTCGGACAATATT,0
AGCCTGGAGCTATCGT,0
AGCCTTAAAAAGTGAA,0
AGCGAAAAGTATCGTG,0
AGCGAAATATTAAATC,0
AGCGAAGCACCAGTAG,0
AGCGAATACATATAGC,0
AGCGAATATCCTACGA,0
AGCGACCGAATCGACA,0
AGCGACGCAAAGGATT,0
AGCGAGAGAACCCCCG,0
AGCGAGCACCGCTGAG,0
AGCGATCAACCTAACG,0
AGCGATCTAACGGTAA,0
AGCGATCTAAGTAATT,0
AGCGCATGGATAGTTA,0
AGCGCCCGGTACTAAT,0
AGCGCGCCATCGGAAA,0
AGCGCTAGAATCCTAA,0
AGCGGACGTGCACTTT,0
AGCGGCATAACAGACT,0
AGCGGGGTTAATATGA,0
AGCGGTGAAATAAAAA,0
AGCGTAAAAATACAAG,0
AGCGTAAAACAACACA,0
AGCGTAACTTTCTGGA,0
AGCGTGAGCATTAGCC,0
AGCGTTAGCAATGGGT,0
AGCTAAAAAAGCACAA,0
AGCTAAACTCAGTAAC,0
AGCTAAATCTAACAGC,0
AGCTAAGTGATAAACA,0
AGCTAATAGGCTTGCC,0
AGCTACTGTCGATAAA,0
AGCTACTTATATAGTG,0
AGCTAGAAAGGTCATG,0
AGCTAGACAATAAACT,0
AGCTAGAGCTATTACT,0
AGCTAGCTCAATAAAT,0
AGCTAGGATTGACGTA,0
AGCTAGTTACCAGAGG,0
AGCTAGTTATCAATAG,0
AGCTATAACCTCAGCA,0
AGCTATCATGGTTTCA,0
AGCTATCCAAGAGATC,0
AGCTATCCGGCTCTCG,0
AGCTCAAGAGCACAAC,0
AGCTCAAGTATTATAC,0
AGCTCACTAGCCAGTT,0
AGCTCCAAAAGTTTTT,0
AGCTCCATGAAAATTG,0
AGCTCCTTGCCGAAAC,0
AGCTCGAACTTATAAG,0
AGCTCTATAACCACAT,0
AGCTCTTACCGAGCGC,0
AGCTGAACAAACCGTC,0
AGCTGAACATGTAAAC,0
AGCTGACTAAAATGAT,0
AGCTGCTAAGATTACC,0
AGCTGGAAGAAATTCA,0
AGCTGGCTTATACATC,0
AGCTGGTCAATGTAAA,0
AGCTGTCAGCACTATT,0
AGCTTACCATATCTAC,0
AGCTTAGATCATTACT,0
AGCTTCCCAATCATGC,0
AGCTTCGCGAATCATC,0
AGCTTCTATAAAAACT,0
AGCTTGAATCCGTGAT,0
AGCTTGCTTGTTAAAT,0
AGCTTTAATGATGCAC,0
AGGAAAATGGGTAAAC,0
AGGAAACGCCTCCCAA,0
AGGAAAGACAAGCTGT,0
AGGAAAGCCCAAGCAC,0
AGGAAATGAAGCTAAA,0
AGGAAATTTTGCGCGA,0
AGGAACAAAAGTTTAG,0
AGGAACACTCTGACTC,0
AGGAACCAATTAGGCC,0
AGGAACTAAAAAATTT,0
AGGAACTAATAAGACA,0
AGGAAGGAGAGCCAGA,0
AGGAAGGTATATGATC,0
AGGAATAACAGACCCT,0
AGGAATACATTCCACA,0
AGGAATCACGGTACCA,0
AGGAATCCAATATAGA,0
AGGAATTCTCAACTAA,0
AGGAATTTCAGTGAGA,0
AGGACACTACAACGAT,0
AGGACAGCAAGGCCAA,0
AGGACAGTTATAAAGT,0
AGGACATAGAAAATTT,0
AGGACATGAAAATCAA,0
AGGACATTAACCCAGA,0
AGGACATTTACCCGAT,0
AGGACATTTGGAAAAA,0
AGGACCAATCGTCGGT,0
AGGACGAATCACAAGA,0
AGGACGCGATACATCA,0
AGGACGCTAGAGCAGT,0
AGGACGTTCTAGCCTG,0
AGGACGTTTAGTTTGT,0
AGGACTATAATTCGGT,0
AGGAGAAATAAGCATT,0
AGGAGACAAGCTAGAT,0
AGGAGACATTCACCGT,0
AGGAGACGTGTTCGAA,0
AGGAGCAGAAACTACA,0
AGGAGCAGTACATTTA,0
AGGAGCCAGCGTACTT,0
AGGAGCGTTAGAATAA,0
AGGAGCTAAAGAAAAC,0
AGGAGGAGTTGAGGAC,0
AGGAGGATCCATACCG,0
AGGAGGCTAATGTTAA,0
AGGAGTAAGAGGCCTT,0
AGGAGTAGAATTAGTT,0
AGGAGTAGACAAAAAA,0
AGGAGTCTAACTGCCT,0
AGGAGTTTATGCGCAA,0
AGGATAATATTAACGC,0
AGGATAGAATCTAAAA,0
AGGATAGGAGGCTACC,0
AGGATAGTAATAACCG,0
AGGATATACGATGGGT,0
AGGATATGTTACCACT,0
AGGATCCCAAGAGCCT,0
AGGATCTCAAGATCCG,0
AGGATCTGCAAATAAC,0
AGGATGAGCGGGTCAA,0
AGGATGCTGGAAATTA,0
AGGCAAAAAATACAGA,0
AGGCAAAGGATATTGA,0
AGGCAACGAAGTACAA,0
AGGCAATATAACTTCT,0
AGGCAATGACACAGAG,0
AGGCACACGACGGTCA,0
AGGCACCACTTCCATG,0
AGGCACTGAGAAGCTG,0
AGGCAGATATCCTAAT,0
AGGCAGCAAAACACCC,0
AGGCATAAACAAATCA,0
AGGCATCTAACTACCC,0
AGGCATGACTATGCTG,0
AGGCCAAACCCCCCAT,0
AGGCCACACGGTATGA,0
AGGCCAGATAGCTAAA,0
AGGCCCATATAGCTAG,0
AGGCCTATACTGCCCG,0
AGGCCTCAATAGTCTA,0
AGGCCTCCAATTTCCT,0
AGGCCTCTCATGAAGA,0
AGGCGAAATACCTTTT,0
AGGCGACCAAAGGATT,0
AGGCGATCCCCGGCAA,0
AGGCGCACAAGTGCTG,0
AGGCGCAGCATACCGC,0
AGGCGCTCTAACAATA,0
AGGCGGCTCAATTCTC,0
AGGCGGTAACAAACAA,0
AGGCTAGAGATTGTTG,0
AGGCTATCAATCCTCG,0
AGGCTATGTCGCCTAA,0
AGGCTCAGTACCTTAA,0
AGGCTCTACCTGTGTC,0
AGGCTGCACGATACTA,0
AGGCTGCTTTTCTTAC,0
AGGCTGGATATTGAAA,0
AGGCTGTAGTCACAGA,0
AGGCTGTTAATAGAAA,0
AGGGAACTATGATGAT,0
AGGGACACGTTAACAC,0
AGGGACATCGAGCAGC,0
AGGGACCTATAATCCA,0
AGGGACCTGATACCAA,0
AGGGATAAAAACTAAA,0
AGGGCAATAGGCCCTG,0
AGGGCAATGTAGCGAA,0
AGGGCACATGCTCGAT,0
AGGGCACCTTAACAAC,0
AGGGCCATAAGAACAA,0
AGGGCCGCTAAACTTC,0
AGGGCGTACCTGACTC,0
AGGGCTACTATAACTG,0
AGGGGACCTAGTAATA,0
AGGGGAGTCGGCTATG,0
AGGGGCTTACAAGACC,0
AGGGGGCACCCGGTCC,0
AGGGTATATGTATTCT,0
AGGGTCGTTGAAGACC,0
AGGGTGCCGTTATAGT,0
AGGGTGTTGCCCCGTA,0
AGGGTTATGTAGAGAT,0
AGGGTTCAAAGTAATT,0
AGGTAAAAAATCTCGA,0
AGGTAAAATCAAAGAG,0
AGGTAACAAAATTGAC,0
AGGTACAAAAATGAAT,0
AGGTACTATTTACTGT,0
AGGTAGGTTAACGTGT,0
AGGTAGTATATGCGTC,0
AGGTATAACTTAGAGA,0
AGGTATCTATAAGTGT,0
AGGTATCTCCATTCAT,0
AGGTCAAACGCAATAG,0
AGGTCAAGTGAAGAAA,0
AGGTCAATATTTAATG,0
AGGTCACATTTCAATT,0
AGGTCCAGACTTACCT,0
AGGTCCGTAAAAAGAA,0
AGGTCCTACCCTTTGA,0
AGGTCTCACACGTCCC,0
AGGTCTCGTTTAAATA,0
AGGTCTTCCGTTTACC,0
AGGTGACCCATTGAAT,0
AGGTGATCATGTACCA,0
AGGTGCGGTGACCAAA,0
AGGTGCTTTAATCGGC,0
AGGTGGAATAGACACT,0
AGGTGGAATTAAATAC,0
AGGTGTACCCATATTC,0
AGGTGTAGTGCAGAGT,0
AGGTTACGCGAAGCGA,0
AGGTTATGTTAATGTC,0
AGGTTCGGCTAAAAGA,0
AGGTTGAAAATACTAG,0
AGGTTGACAGTGAAAT,0
AGGTTGTTTGATTATC,0
AGGTTTAAAACGTGAA,0
AGGTTTACATAAACGC,0
AGTAAAAAAGTATCAA,0
AGTAAAAGAAAGTTGT,0
AGTAAACAATTGCTCA,0
AGTAAAGGGTACTATT,0
AGTAAAGGTAGGGTAC,0
AGTAAAGTAATAAAGT,0
AGTAAATGAAACAAAT,0
AGTAACACTTGTCATC,0
AGTAACAGTTATTATG,0
AGTAACGATATATGGA,0
AGTAAGAATGCCGAAT,0
AGTAAGATGTCGCATA,0
AGTAAGCCCAGGCATC,0
AGTAAGCTACAACTTA,0
AGTAAGGCAATGATAA,0
AGTAATAACCAGAAGT,0
AGTAATAATGTATTTA,0
AGTAATTGCCGACAAT,0
AGTACACTGCGTCGAC,0
AGTACAGACCAAAAGC,0
AGTACAGAGGAAAGTC,0
AGTACAGGACGCAACT,0
AGTACATATACCTAGA,0
AGTACATCCGAGTATG,0
AGTACCAAGATCTTCC,0
AGTACCAATCCAAGAT,0
AGTACCAGTATGTAAG,0
AGTACCTTGGGCCGAT,0
AGTACGAGATCGTGTA,0
AGTACTAGTTAAACGG,0
AGTACTGAATAGGATC,0
AGTAGAAACCCTGTAC,0
AGTAGAAAGAACCGGC,0
AGTAGACTTAGGTTGA,0
AGTAGAGCCGCGATTT,0
AGTAGGGCAAACTCTC,0
AGTAGGTTAAAAGTAT,0
AGTAGTCATGAAATAA,0
AGTATAACCATATTTA,0
AGTATAATTAACCACT,0
AGTATACTAATCCAAT,0
AGTATATATAAAATCT,0
AGTATCAAATTCGACT,0
AGTATCTATAACATAA,0
AGTATCTTAATTGGTT,0
AGTATGAATTACCGCA,0
AGTATGCAAATGAACC,0
AGTATGCATGGAGGAA,0
AGTATTCAAACATAAG,0
AGTATTCTAGGGTACG,0
AGTCAAAACTACCAAA,0
AGTCAAACTCACGTGC,0
AGTCAAATGTAGATTC,0
AGTCAACGCACATATA,0
AGTCAATAAGGCCCCG,0
AGTCAATGAGGGATCA,0
AGTCAATGCATATTGA,0
AGTCACCTAAGCCGAG,0
AGTCAGCCAAAGGGCA,0
AGTCAGTCGATAAAAT,0
AGTCATATGCGCTCCT,0
AGTCATCACGGGAAGC,0
AGTCATCATAAAAACG,0
AGTCATTAAAAGTGTA,0
AGTCATTCTCGTTAGA,0
AGTCCACGGTTGGTTA,0
AGTCCAGCATATACAT,0
AGTCCAGGTTTATAGT,0
AGTCCAGTGTGTAGAT,0
AGTCCATCCCACACTA,0
AGTCCCAACAATATTA,0
AGTCCCACATAGTATC,0
AGTCCCACTCAAACAA,0
AGTCCCCACCCAAACG,0
AGTCCCTCTTGTGTGG,0
AGTCCCTTCCCACCGT,0
AGTCCGACAATTGACA,0
AGTCCGTCAGTTAATC,0
AGTCCTAACATACAGG,0
AGTCCTACCGAGGCAA,0
AGTCCTCATAACTTCT,0
AGTCGAATCAGACTAT,0
AGTCGACTCAGACGTG,0
AGTCGATCCGATCCCC,0
AGTCGCAGACAATCGT,0
AGTCGGAATTTCCTGG,0
AGTCGGCTAAACAAAA,0
AGTCGTCCCGGTGCAA,0
AGTCTAAAAGCTACCA,0
AGTCTACAATTTAGAG,0
AGTCTATTTACAACGA,0
AGTCTATTTGTCCGTA,0
AGTCTCTATCAAGACC,0
AGTCTCTGCAATATTG,0
AGTCTCTTTCAAAGAA,0
AGTCTGACGGTAGAAG,0
AGTCTGACTCTCGACA,0
AGTCTGGAAATCTGAT,0
AGTCTTCAATCACTAG,0
AGTCTTCATCGCACGC,0
AGTCTTTAGTTAAACA,0
AGTCTTTCTAGAAAGG,0
AGTGAAACTTTTGAGT,0
AGTGAAGACGAGTATG,0
AGTGACCCCCAATTGA,0
AGTGACGTTACTATAC,0
AGTGACTATCAAAACT,0
AGTGAGTCCAAAGTAA,0
AGTGATAGCGATAATC,0
AGTGCAAATAATGTCC,0
AGTGCACAACAAACAC,0
AGTGCACCTAAGAGCC,0
AGTGCCAATGCTGTTT,0
AGTGCCTGCTCATAAA,0
AGTGCTGGTGCGCTGT,0
AGTGGACCCCAAATAA,0
AGTGGACTCTAATTGG,0
AGTGGAGAACGACCTA,0
AGTGGATCTCGGCAGA,0
AGTGGATTAATTCGGA,0
AGTGGCAACAGACCGT,0
AGTGGCTTGCGTAGGT,0
AGTGGGGATATGTCAA,0
AGTGGGGCTTGATTGT,0
AGTGGTAATCCTATTT,0
AGTGGTCATTGTTCCA,0
AGTGGTTAGGAGCCTT,0
AGTGGTTTGCACTATT,0
AGTGTACAGCAACTCG,0
AGTGTCGCTTGTATTT,0
AGTGTTCAAGTTTCGC,0
AGTTAAAATCGCTTAA,0
AGTTAAAATTTAACGC,0
AGTTAAATTACTCGTA,0
AGTTAACTTGACCAAA,0
AGTTAAGACGTACTAC,0
AGTTAAGACTGAGAAA,0
AGTTAAGTAAGAAGAA,0
AGTTAATGGCATATGG,0
AGTTAATTAGACTAAT,0
AGTTAATTCATGGCCC,0
AGTTAATTGGAACGAA,0
AGTTACAAAAATAACC,0
AGTTACATAACACAAA,0
AGTTACCTAACGTAAG,0
AGTTACCTTACCGAGA,0
AGTTACGCTATCGCAT,0
AGTTACGTCGACCGAA,0
AGTTACGTGCGAACAC,0
AGTTAGAATACCTTTT,0
AGTTAGAATTGGAGCT,0
AGTTAGCCGATATAAA,0
AGTTAGTAACTTAGGA,0
AGTTAGTCCCACATTT,0
AGTTATACATAGCATC,0
AGTTATACGCAAACAA,0
AGTTATATCATTAGAA,0
AGTTATCACCGGGCAC,0
AGTTATCCAGTAATAT,0
AGTTATCGACACCAAC,0
AGTTATCTAGCACGAG,0
AGTTATCTTAACTCTA,0
AGTTATGGGGAAATCT,0
AGTTATGTAGAAAGAC,0
AGTTCAAGCAAGCAAT,0
AGTTCACGGGTCAGGA,0
AGTTCACTACGTGATA,0
AGTTCATAACCCACCC,0
AGTTCATAATCGAAGG,0
AGTTCATAGAAGTTTA,0
AGTTCATGTCATGTTG,0
AGTTCCCAAGAACTAT,0
AGTTCCCCACGTTAAT,0
AGTTCCGTAGACGCGG,0
AGTTCTGGACACAATT,0
AGTTGAAGCAACATAA,0
AGTTGAAGTTGCAATG,0
AGTTGATAAATATAGC,0
AGTTGCAGAGACTCAC,0
AGTTGCATATCGGCTC,0
AGTTGTATTGCCATCT,0
AGTTGTCTAAACAATG,0
AGTTGTGACATAAAAT,0
AGTTGTGGCAGATTAA,0
AGTTGTTACATGAACT,0
AGTTTCCGAATGGAAA,0
AGTTTCCGTAAGACTA,0
AGTTTTATCGTTCCAA,0
AGTTTTCATACAATGC,0
AGTTTTTGAGAGCATA,0
ATAAAAAATACACTTA,0
ATAAAAACGTTAAGCA,0
ATAAAAAGTTCGACCA,0
ATAAAAATACTAGGAC,0
ATAAAAATAGAAAGGG,0
ATAAAAATATAAGTGC,0
ATAAAACCATAGCGGT,0
ATAAAACGCGCAGCGA,0
ATAAAACGGACAACAA,0
ATAAAACGGTAATCAG,0
ATAAAACTTAACTGAA,0
ATAAAAGAAAAGATAC,0
ATAAAAGAATAGAATT,0
ATAAAAGCACGCTTCT,0
ATAAAAGGATAGCAAC,0
ATAAAAGTAAAGGTCA,0
ATAAAATAAAACTAAA,0
ATAAAATCCCGGACGT,0
ATAAAATCGCTAGCGC,0
ATAAAATGAAGAATAA,0
ATAAAATTTGCACGCA,0
ATAAACACCCACAGAT,0
ATAAACAGGGTCCTTA,0
ATAAACATAAACAAAA,0
ATAAACATAGGAGAAC,0
ATAAACCAACAACATT,0
ATAAACCAAGCTAAGC,0
ATAAACCACAACTTCA,0
ATAAACCACTATTACC,0
ATAAACCTGACAATCT,0
ATAAACGGATGTATGA,0
ATAAACTACTCACAAA,0
ATAAAGACCTTTAGTA,0
ATAAAGGTATATGAAA,0
ATAAAGGTCACCAAGT,0
ATAAAGGTTACGTGGA,0
ATAAAGTACCGAAAAA,0
ATAAAGTACCGGTGTC,0
ATAAAGTAGGCCAATA,0
ATAAAGTATACGGTCC,0
ATAAAGTCACAGCGGT,0
ATAAAGTCGTATCGTA,0
ATAAAGTTCAATACCC,0
ATAAATAAAAAGAACA,0
ATAAATAAGAGACTAT,0
ATAAATACAAGCACAC,0
ATAAATACGTAGTACC,0
ATAAATACTCAGAAAA,0
ATAAATAGCAGAATAC,0
ATAAATAGCTATTCTC,0
ATAAATCAATAAGAAA,0
ATAAATCACGAAAGTA,0
ATAAATCATATTGAGA,0
ATAAATCGGGTGTGGG,0
ATAAATGGGAATATAA,0
ATAAATTAAAGGTTAC,0
ATAAATTAAATATCTA,0
ATAAATTATTTTAAAC,0
ATAAATTGCAGCAACG,0
ATAAATTTAACCCCCA,0
ATAAATTTCAATTACT,0
ATAACAAAAGCATATA,0
ATAACAAGCGTCTCAG,0
ATAACAATACGGCATC,0
ATAACACCAAAATGCA,0
ATAACAGAAGTGTATA,0
ATAACAGTTATAACGA,0
ATAACATCTCAGACCA,0
ATAACATTATCCATCA,0
ATAACATTGCTATACA,0
ATAACCCCGAAGATGA,0
ATAACCGTAAAAGAAC,0
ATAACCTATAATACCG,0
ATAACCTTAAGACGTA,0
ATAACGAAATCCCAGC,0
ATAACGAATTTGATCA,0
ATAACGACAGGCCCGA,0
ATAACGACATTGATGA,0
ATAACGAGAACAACTG,0
ATAACGATATAAAAAA,0
ATAACGGGCTGGTCCC,0
ATAACTAAAAACATTA,0
ATAACTAATGATTAGG,0
ATAACTATAGATAGTC,0
ATAACTATGGCAGACG,0
ATAACTCCATACGCAA,0
ATAACTCGCTTGAAGT,0
ATAACTTAATACTTCG,0
ATAACTTACTGGACAC,0
ATAACTTCAGAAAGAT,0
ATAACTTCCTTCGAAT,0
ATAACTTGCCATAAAT,0
ATAACTTTAAGAAGAG,0
ATAAGAAAGGATCAGC,0
ATAAGAACAGTGGGTA,0
ATAAGAATGACATCCA,0
ATAAGACACAAAAGAA,0
ATAAGACGTACAATAC,0
ATAAGACGTTTTGTAG,0
ATAAGAGAAAAGGAGT,0
ATAAGATACTAAAATA,0
ATAAGCAACAATTAAG,0
ATAAGCACTATCGAAA,0
ATAAGCATCCTCCTGG,0
ATAAGCGAAGAACCTT,0
ATAAGCTATGAATTAA,0
ATAAGGAATTTCGATA,0
ATAAGGAGAAGGATAT,0
ATAAGGCAAGCAAACA,0
ATAAGGCCGACGCGAT,0
ATAAGGCCGTTTATAT,0
ATAAGGCGATACTGCT,0
ATAAGGCTACCACAAA,0
ATAAGGTGGGGCGGTC,0
ATAAGTAACTTGATCA,0
ATAAGTAATAAGGGCT,0
ATAAGTACAGAGCAAT,0
ATAAGTCAACAGTAGA,0
ATAAGTTACCTGTGAT,0
ATAAGTTTAAGATTAG,0
ATAATAACAAAATACT,0
ATAATAACACAAAAAT,0
ATAATAAGGCCCTAGT,0
ATAATACAAAGATTCG,0
ATAATACAAATAACGA,0
ATAATACAGCTCCTAC,0
ATAATACAGGGAAGCG,0
ATAATACGAATAGAAC,0
ATAATACTAACGAATA,0
ATAATAGAGCATAAGC,0
ATAATAGGCACCAAAA,0
ATAATCAAATTGAAAT,0
ATAATCAAGACTGCTG,0
ATAATCACTAAGTCAG,0
ATAATCCAACATAATC,0
ATAATCCTCGTCGTAC,0
ATAATCGTAAAAAAAC,0
ATAATCTTAACGATCT,0
ATAATCTTGTCCCTAA,0
ATAATGAACATCGTAA,0
ATAATGAAGATTCAAT,0
ATAATGCAAAAAATTA,0
ATAATGCAGAATGTTA,0
ATAATGCAGTTATCTC,0
ATAATGGGATTGGAAA,0
ATAATGGTGCAAAAAA,0
ATAATGTAAGGTGATA,0
ATAATGTACTAAGGAT,0
ATAATTAAGGACTAGC,0
ATAATTACCATATTAA,0
ATAATTAGGGAAGTTA,0
ATAATTATCGAAACAT,0
ATAATTCAAAGTCAGT,0
ATAATTCGATAGTTAC,0
ATAATTGCCAGTGACA,0
ATAATTGTAAACTGGA,0
ATAATTTACTGTATAA,0
ATAATTTTCAATAACT,0
ATACAAAAAATGTCCA,0
ATACAAAATTAATTAA,0
ATACAAACTATCGTTG,0
ATACAAAGAAACTAGC,0
ATACAAATAAAAAGAA,0
ATACAAATTGTAAAAG,0
ATACAACAAAAGTTTA,0
ATACAACAGACCGGGC,0
ATACAACCTAGATACA,0
ATACAACGAATAACAA,0
ATACAAGAAGGACGTT,0
ATACAAGAGATTGTTT,0
ATACAAGCTATAAGGT,0
ATACAAGTGAGCTGGT,0
ATACAATGGGTAGCGG,0
ATACACAATCTAAACA,0
ATACACAGACAAATTT,0
ATACACAGATATATTA,0
ATACACCGACCGGTCA,0
ATACACCTACTAAAAT,0
ATACACCTTAATACTA,0
ATACACGATATCGTCT,0
ATACACGTTCCGATCT,0
ATACACTGGCAAACAC,0
ATACACTTCTAGCAAT,0
ATACAGAGAGAAGTAG,0
ATACAGCATACTAGAA,0
ATACAGGGTTTGGAAT,0
ATACAGTAGCGAATGA,0
ATACAGTATAAGGTTT,0
ATACAGTTAAGTCGAG,0
ATACATACCTAAAGAT,0
ATACATATACATACAA,0
ATACATATCACCAATA,0
ATACATCTTATTGTCG,0
ATACATTCCTTTAGGA,0
ATACCAAAAACAGCTC,0
ATACCAAAATGACGGA,0
ATACCAAACCTCCCCA,0
ATACCAAATGCCTCAC,0
ATACCAAATGGTATAG,0
ATACCAATAATTAAGT,0
ATACCAATTACCACCA,0
ATACCACACACGGTGT,0
ATACCACATCGAAAAT,0
ATACCACTCTGTTTTT,0
ATACCAGTACCCCTAG,0
ATACCATGAAAACGTG,0
ATACCATTGATCTCCC,0
ATACCCTCACGACTGC,0
ATACCGATTATTTGAC,0
ATACCGCTTCATAACC,0
ATACCGGGTCAACTCA,0
ATACCGTATAATGCAA,0
ATACCGTTCCAAACAT,0
ATACCTCTCTACGCCA,0
ATACCTGCTTATCAAC,0
ATACCTGTCACCACTC,0
ATACCTTGACAATCAA,0
ATACCTTGCCAAGCAA,0
ATACCTTTTATACTCC,0
ATACGAAAATAAGCAC,0
ATACGAAGGGTAACGA,0
ATACGACAGACCAATT,0
ATACGAGTATATAGAT,0
ATACGAGTCACCACAA,0
ATACGATGCATAAAGG,0
ATACGCATGTACATTT,0
ATACGCGAATTATGGC,0
ATACGCGCATAGTATT,0
ATACGGACCGGGAAAA,0
ATACGGATGTCAATTG,0
ATACGGATTAGCGTAT,0
ATACGGCAAATGCGGA,0
ATACGGCGCCGTATGA,0
ATACGGGAGGGGAACC,0
ATACGGGATATAAACC,0
ATACGTAATGCAGGCA,0
ATACTAACACTTGTCG,0
ATACTAACTCCCCTAC,0
ATACTAATACGAGAGA,0
ATACTACAAATCCCTC,0
ATACTACTTGATCATA,0
ATACTCAAATTCAAGA,0
ATACTCCTGTCTAAAG,0
ATACTCGAGCTGTCGC,0
ATACTCGTACAATAAC,0
ATACTCTACATTAAAT,0
ATACTGAGTCCACGGT,0
ATACTGATATACGAAC,0
ATACTGGGTTTCACAT,0
ATACTGTAAGAGGTTG,0
ATACTTAATACCACCT,0
ATACTTACGGCCTTAG,0
ATACTTAGAATATATT,0
ATACTTAGGAATAAGG,0
ATACTTATAAAATCTC,0
ATACTTATTAGCCAAT,0
ATACTTGCTGCGTCTG,0
ATACTTGTATGAAATT,0
ATAGAAAAACCCAGCA,0
ATAGAAAAGTAGACGA,0
ATAGAAACAGGATTCG,0
ATAGAAATAAAATACG,0
ATAGAAATGTACAGAA,0
ATAGAAATTCCTTAAT,0
ATAGAACAAAACCCCT,0
ATAGAACTGAGATGGC,0
ATAGAAGACCATTAAG,0
ATAGAAGATATCCTAG,0
ATAGAAGATTCCCACA,0
ATAGAAGCACCTTACT,0
ATAGACAACGAAGAAT,0
ATAGACACAAACGATA,0
ATAGACACGTATACAT,0
ATAGACAGCATAGTAG,0
ATAGACAGTGAGACTA,0
ATAGACCTCAGTAATT,0
ATAGACTACATGATTG,0
ATAGACTAGCGTGAAA,0
ATAGAGGATTTAGCTG,0
ATAGAGTGAGCTAAAT,0
ATAGAGTTGACCTTTA,0
ATAGATACTGAATATT,0
ATAGATAGCTAGTTAC,0
ATAGATATAATTTCAT,0
ATAGATCGCAATATTT,0
ATAGATCGCCCTATGT,0
ATAGATGTTTTAATTT,0
ATAGCAAGTGAAGCCC,0
ATAGCAAGTTCCCCCT,0
ATAGCACAGTGTCTCG,0
ATAGCACCCTATCGCC,0
ATAGCAGCACAGTTTG,0
ATAGCATCATTGTACA,0
ATAGCATCGCAACGTC,0
ATAGCCCGTTCGCTGA,0
ATAGCCGCATAGCAGT,0
ATAGCCTTTACGAAAA,0
ATAGCGAACGGGGATT,0
ATAGCGAATTGTCAAA,0
ATAGCGCTTTAATAAA,0
ATAGCTAAAAATAAAC,0
ATAGCTAAAATAAGAC,0
ATAGCTAAAATTCCGC,0
ATAGGAACACAACCTA,0
ATAGGAAGACGAAGAA,0
ATAGGAGCATCGGAGT,0
ATAGGAGTGTCAGACC,0
ATAGGATAACAATATT,0
ATAGGCATGAAAAGGG,0
ATAGGCGTTGAACATC,0
ATAGGCTCGGTTACGG,0
ATAGGGCCTGAAGTAT,0
ATAGGGCTACTACACA,0
ATAGGTACGTACTATA,0
ATAGGTCGTTTAGCAA,0
ATAGTAAACATGCAAG,0
ATAGTAACACTCAAAG,0
ATAGTAACTTAATGAG,0
ATAGTAATGACAACAT,0
ATAGTACATACAGTAA,0
ATAGTACATAGCGAAC,0
ATAGTACATGAAAATA,0
ATAGTACTGAGCTAGG,0
ATAGTATCCGACGTTA,0
ATAGTCCCTCATAAGA,0
ATAGTTCGCCGGCCAT,0
ATAGTTGAACCATACA,0
ATAGTTGCCATAGACT,0
ATAGTTGTGTTGTCGC,0
ATAGTTTACAAGCTCA,0
ATAGTTTTTACCACGG,0
ATATAAAAACTTTATT,0
ATATAACATGACCTGA,0
ATATAACCCATACGCG,0
ATATAACGAAACAAAA,0
ATATAATAAGTAACTT,0
ATATAATAGGCAAAAC,0
ATATAATCAAAACCAG,0
ATATACATAACTAAAA,0
ATATACCGCTGCCCCC,0
ATATACGAAGTGTAAA,0
ATATACGATTGTATTT,0
ATATACTGAGCAATGT,0
ATATACTGGGAAGATA,0
ATATACTTATTTAGCA,0
ATATAGATTATTCTCT,0
ATATAGCCCGCAATAC,0
ATATAGGACAGAATAT,0
ATATAGTGCTGGGACC,0
ATATATACAATGATCT,0
ATATATAGACAAGCCG,0
ATATATAGATGAAAAT,0
ATATATTAGCAATCTT,0
ATATCAAACCAATAAC,0
ATATCAAATATAGACT,0
ATATCACAGATTAACT,0
ATATCACCTTCGGCTT,0
ATATCAGACTCTATCC,0
ATATCATAAAAACCAG,0
ATATCCATCAGCCTTA,0
ATATCCATCTTTCACG,0
ATATCCCTTAAAAGAA,0
ATATCCGAACAATGTG,0
ATATCCTAAGATTAAA,0
ATATCCTCAAACAAGT,0
ATATCCTTGCCTATCC,0
ATATCGATCAAACGAC,0
ATATCGCCAAAATAAG,0
ATATCGTAACATACCT,0
ATATCGTAGAAAGAGT,0
ATATCGTGATGCATCA,0
ATATCGTTACATCTAA,0
ATATCTAAGATAAATT,0
ATATGAAAACTCGGTG,0
ATATGAAATTTTTGAA,0
ATATGAGCCGATACGT,0
ATATGCAAGGCCCCTA,0
ATATGCAATACAACGG,0
ATATGCACGTTGGTGC,0
ATATGCATACTAAGGT,0
ATATGCGGTGACAATC,0
ATATGCTAATCGTGTG,0
ATATGGACCACGTAAC,0
ATATGGGTTTAACGTA,0
ATATGTCTCTCGGTCG,0
ATATGTGCATGCTTAG,0
ATATTAAAAAAAAACT,0
ATATTAAATATGTACG,0
ATATTAACGTTACCCG,0
ATATTAACTCAAAATC,0
ATATTAAGATAGTAGA,0
ATATTAATACACGGAA,0
ATATTAATTGGTCTCT,0
ATATTACAAGCAATTG,0
ATATTAGCCAGCGCAC,0
ATATTAGCTCTGAATT,0
ATATTAGGCGGTTCTC,0
ATATTAGGGGCTGTTA,0
ATATTATTTAATTAAT,0
ATATTCAATTGCTTAT,0
ATATTCACATACTAAC,0
ATATTCACGTGAGAAA,0
ATATTCATATGTAATA,0
ATATTCCAGGTGACTT,0
ATATTCTGATAACCTT,0
ATATTCTTAGCCTGAA,0
ATATTGAACGAAAACA,0
ATATTGGCTTTTCGAA,0
ATATTGTCGAACCAGA,0
ATATTGTTACACAATT,0
ATATTTTCGTAACTAG,0
ATATTTTGATGCCTAT,0
ATCAAAAAACCATACA,0
ATCAAAAAGAGTGCAT,0
ATCAAAACGCCAAACG,0
ATCAAAACTCCGAACT,0
ATCAAAGAGAATATTC,0
ATCAAATGCTATTATT,0
ATCAACCACGTCCTAC,0
ATCAACCCAAAAACGA,0
ATCAACGAGTTCCACA,0
ATCAACGCTTTTCTAA,0
ATCAACTAATGTCTAA,0
ATCAACTGTTGGTACC,0
ATCAAGAACAAAAAAT,0
ATCAAGACACTGACTT,0
ATCAAGCAATCACTAT,0
ATCAAGCTAAGATTCA,0
ATCAAGGGCCGAACGA,0
ATCAAGTCTAGAATAA,0
ATCAATAACTCAATAA,0
ATCAATCAGCTACTAG,0
ATCAATCGCGTTTCGA,0
ATCAATCTGAAGAAAT,0
ATCAATGCAGGATAAG,0
ATCAATGGAGCTAGAT,0
ATCAATTAATATGTGA,0
ATCAATTGGGAGCCCC,0
ATCACAAAGCGAACAT,0
ATCACAATTCATATTT,0
ATCACACGACCATCCT,0
ATCACATAAAACTCAC,0
ATCACATACACTATCC,0
ATCACATAGTAGTGGG,0
ATCACATCAGGAAGAA,0
ATCACCTTTAATCAGG,0
ATCACGAAGTAGACAA,0
ATCACGAATTTAAAAG,0
ATCACGAGAATGAATC,0
ATCACGCAGAAAGAAA,0
ATCACGCTGTGATACA,0
ATCACGGACCCTATAC,0
ATCACGGGGAATAACA,0
ATCACTAAACCAGATA,0
ATCACTCTAATATAAT,0
ATCACTCTAGTCAGAT,0
ATCACTGTCACATCAA,0
ATCACTGTCTACCGTT,0
ATCACTTAGGTTCCAT,0
ATCACTTCAATCTCAT,0
ATCAGAAGAAGATCGG,0
ATCAGAGGATTCGCCG,0
ATCAGATAAGTATGAT,0
ATCAGATTCCGAAATT,0
ATCAGCATCATCCTTT,0
ATCAGCGTCCAATAAT,0
ATCAGCTACCCTTCGC,0
ATCAGGGGTTGGACTG,0
ATCAGGTATTTCAACT,0
ATCAGTAAATAGACAG,0
ATCAGTAGTGTCCGTA,0
ATCAGTCATATGTCCA,0
ATCAGTTAAAAGAATC,0
ATCAGTTAAAGGAATC,0
ATCAGTTATACTAAAC,0
ATCATAAACTATACTT,0
ATCATAAACTCAAGAT,0
ATCATAACCAATCTCT,0
ATCATAATTAAAAGCG,0
ATCATAGAAGACCAAT,0
ATCATAGCCAGGACAA,0
ATCATATCATGTATAG,0
ATCATATCTAACGAAC,0
ATCATATGATGTAGTT,0
ATCATATGGCGGACCA,0
ATCATATTATCGCATG,0
ATCATCAATGAGAATC,0
ATCATCCAATATTGCA,0
ATCATCCTAGGCGCAG,0
ATCATCTGATTCTACT,0
ATCATCTTCAAGTAGC,0
ATCATGCGGTGATGAG,0
ATCATGCTGCTCAAAA,0
ATCATGGCAGATGTAA,0
ATCATGGGCAAGAAAC,0
ATCATGTTCAAGTAGT,0
ATCATTAATGTGACCA,0
ATCATTACTAACAGCA,0
ATCATTATTTATAAAG,0
ATCATTCCTTCTATTC,0
ATCATTGAGAATTTGG,0
ATCATTGCTTATTAGC,0
ATCATTGGCTCTACAA,0
ATCATTTAAAACACCA,0
ATCCAAACAAGCGAGA,0
ATCCAAACACCGAATC,0
ATCCAATAGTAAAGCG,0
ATCCAATCGAATAAGC,0
ATCCAATGCTGAATGA,0
ATCCAATTTTTTAGCT,0
ATCCACGAGACTACAC,0
ATCCACGGAAATTAAG,0
ATCCAGGGAAAGATTA,0
ATCCAGTACTTGATCA,0
ATCCAGTTGGAGTCCT,0
ATCCAGTTTTGCCGTG,0
ATCCATTTTAGTCACG,0
ATCCCACTTAAGTCAT,0
ATCCCATGAATAATCA,0
ATCCCCAAAGACTAAA,0
ATCCCCTGAATCGTAC,0
ATCCCGGTGCCAGGAA,0
ATCCCGTATCTCCCGC,0
ATCCCTAATGAAAAAC,0
ATCCCTAGCATTTAAC,0
ATCCCTTGTTTACAGC,0
ATCCGAAACAAATGGA,0
ATCCGAAGGACTACAG,0
ATCCGACAACCCATGG,0
ATCCGACAATATCGAA,0
ATCCGATCCGAAAATT,0
ATCCGGCAACAAAAGT,0
ATCCGGCAATCTTCCG,0
ATCCTAAAGTTTTACC,0
ATCCTAAATCATGCAA,0
ATCCTCTCAAAACCGC,0
ATCCTCTCTGTCTCAA,0
ATCCTGAACTTTGTGT,0
ATCCTGAGACTCGTAT,0
ATCCTGCCATATAGCC,0
ATCCTTTTGAAACCGC,0
ATCGAAAACAATTCGT,0
ATCGAAAACATATAGC,0
ATCGAAAACCATGACG,0
ATCGAAACTGATTGGA,0
ATCGAACCATATATGT,0
ATCGAATGAATTTACT,0
ATCGACAGACTACTCT,0
ATCGACCTACCATCTC,0
ATCGACCTTCGTTCTC,0
ATCGACTATTTACTGC,0
ATCGACTTAAACTACA,0
ATCGAGCACCTAGGTA,0
ATCGAGGCCACGACAT,0
ATCGAGGTGTCACGCC,0
ATCGAGTTAATAACGC,0
ATCGATAAGGACTATG,0
ATCGATAAGGTTACAC,0
ATCGATACTTAGAGGT,0
ATCGATATTCCCATGT,0
ATCGATCATAAGACTG,0
ATCGATCTAGATAGCA,0
ATCGATTATCAAAGCG,0
ATCGATTCTAAACGTA,0
ATCGCAATCTTACCCG,0
ATCGCACTACATCATG,0
ATCGCAGCCTAAACTA,0
ATCGCTAAATTAACCA,0
ATCGCTATTCAACCAG,0
ATCGGGTATAAAACAC,0
ATCGGTAAGAATTGTG,0
ATCGGTAATAAATTTG,0
ATCGGTGCCGTTTTGC,0
ATCGGTGCGACACTCT,0
ATCGGTTTAAAATCGA,0
ATCGTCAAACAACGTA,0
ATCGTCCAATATATAA,0
ATCGTCGCCTAAGAAT,0
ATCGTCTGCAATATCC,0
ATCGTGAACTCCCCCG,0
ATCGTGAGCAAGGAGT,0
ATCGTGATAGATAGGT,0
ATCGTGCGAATATGCG,0
ATCGTGCGTTACTTCT,0
ATCGTTAATCAAACAG,0
ATCGTTGAGCTCACCA,0
ATCTAAAAAAGAATGA,0
ATCTAAAATTTTTAAC,0
ATCTAACATATTTTCC,0
ATCTAAGAAAGGAATC,0
ATCTAAGACAATCTAA,0
ATCTAAGATAGAGTTA,0
ATCTAATAAAAATCAT,0
ATCTAATGCGTTAAAA,0
ATCTACAAGGTTAAAA,0
ATCTACATAAGAGCAC,0
ATCTACCATCATAACT,0
ATCTACGGCCCTATAA,0
ATCTACTGATTGACCA,0
ATCTAGCGCAGTTGCG,0
ATCTAGGAAGTACAGA,0
ATCTAGTTGAAGTAAA,0
ATCTATAAAAGTACGA,0
ATCTATAATAATAAAA,0
ATCTATAGCACATACT,0
ATCTATATAACCGCTG,0
ATCTATCCTAGTCAAC,0
ATCTATGCTACTTTTG,0
ATCTATGGAGCTTGAG,0
ATCTATGTACGCAAGT,0
ATCTCAAACGCAACAA,0
ATCTCACCATCAAAAC,0
ATCTCACCGATCATTA,0
ATCTCATCATCGTAAG,0
ATCTCCAGCCCTACCG,0
ATCTCCTGCACATATT,0
ATCTCGAAGCTTTAGC,0
ATCTCGCCCTTTAGCA,0
ATCTCTAACGCTAGCA,0
ATCTCTCCATCGCCCC,0
ATCTGAAAAGTGAAAA,0
ATCTGAACTCTCTATA,0
ATCTGACCGGGATAAT,0
ATCTGATTTAATATAA,0
ATCTGCAAAGATTCCT,0
ATCTGCGTGAAAGCCC,0
ATCTGCTAAATAACAA,0
ATCTGGAGAAATAAAA,0
ATCTGTACTACAAATA,0
ATCTGTAGCAAAACTG,0
ATCTGTCCCAAAACTT,0
ATCTGTCCCATACGTG,0
ATCTGTGTTATATTGA,0
ATCTTAATCGATTTTA,0
ATCTTAGAGAAGCCCA,0
ATCTTATAGACAAGAC,0
ATCTTCAAGTTTTCGA,0
ATCTTCGCATAGGCTT,0
ATCTTTAAAGGCATCC,0
ATCTTTAACTAAAAAA,0
ATCTTTCAAGAAATCA,0
ATCTTTCCAGGAATGG,0
ATGAAACCAACTTAAC,0
ATGAAACGAATTGAAA,0
ATGAAATCCGAATGAC,0
ATGAAATTCAATCCAT,0
ATGAAATTCGCGGTCA,0
ATGAACAAGTACTTGA,0
ATGAACACCAAACAGA,0
ATGAACGCTGGGCCGG,0
ATGAACTAATTAGACT,0
ATGAAGATGTTTTCGC,0
ATGAAGCAAACAACCG,0
ATGAAGGAAGCGAGTT,0
ATGAAGGATATAGAGT,0
ATGAAGTCTGCCGGAG,0
ATGAATAATTGACCAA,0
ATGAATCCTGATAAGC,0
ATGAATCTTCGTTAAA,0
ATGAATGAATGAATGG,0
ATGAATTTTTCTAAGC,0
ATGACAAACAGAAGGT,0
ATGACAAACGGAAGTA,0
ATGACAAATCACGTGG,0
ATGACAACGACAAACT,0
ATGACACAGAGTAATT,0
ATGACACCAGGTTGCT,0
ATGACACGAGAAGAAC,0
ATGACACGATGACGCT,0
ATGACAGTTCCAAAGA,0
ATGACATAAAAAAGGG,0
ATGACATAACGAAGGG,0
ATGACCGAAAGGGGGG,0
ATGACCTAACGACGAC,0
ATGACCTGGACGTGTG,0
ATGACCTGTATATGAC,0
ATGACGGGCTTGAGAA,0
ATGACGTCGTGACTTC,0
ATGACTACCACAACCA,0
ATGACTATAGAAACAT,0
ATGACTGGGGTAAGGC,0
ATGACTTATAAAAGAG,0
ATGACTTCATCTCTTA,0
ATGAGCAAACCGGCAT,0
ATGAGCACACTATGTC,0
ATGAGCATGGATTGAC,0
ATGAGCCCGAAGTCGT,0
ATGAGCCTAAAGCAGA,0
ATGAGCGTAATGCGGA,0
ATGAGCTCATCTAATT,0
ATGAGGAAAAAATATT,0
ATGAGGCGAGTACCCG,0
ATGAGTGCAAAATGAG,0
ATGAGTTAATCTAATT,0
ATGATAACCATTCACA,0
ATGATAAGATCGTATC,0
ATGATACACTCATAAC,0
ATGATACAGATGGAGT,0
ATGATATCAAAACTCT,0
ATGATATTACTCGGAC,0
ATGATATTTAGGATAA,0
ATGATCCAATATATGG,0
ATGATCCCTTGGTCAA,0
ATGATTAAGAATAAAG,0
ATGATTAATAACTTTA,0
ATGATTGAACTGGCTG,0
ATGCAACGAGGACCAT,0
ATGCAACTGAGCTGCG,0
ATGCAATAACTTACAT,0
ATGCAATACTTTAATT,0
ATGCAATGGCAGAGTA,0
ATGCAATGTAAAATCA,0
ATGCAATTGGTTAATC,0
ATGCAATTTTAACAAT,0
ATGCACAAACACAGCT,0
ATGCACACGACGAGTA,0
ATGCACATAACGAACC,0
ATGCACCGCAGAGACC,0
ATGCACGAGCCACACC,0
ATGCAGAAACATGAGA,0
ATGCAGAAACTAATAC,0
ATGCAGAACTGTGCCG,0
ATGCATACCGAGTCGA,0
ATGCATTAGAACCAAT,0
ATGCATTGATACTAAA,0
ATGCATTTCGTCTAGG,0
ATGCCACAACACAAGT,0
ATGCCATAGAAACGAT,0
ATGCCCCACCAATCCT,0
ATGCCCCGTTGACACG,0
ATGCCGGAACAAATGT,0
ATGCCTACTATATCTC,0
ATGCCTGGAAATTCTA,0
ATGCGATATTCGTGTG,0
ATGCGCTAGATTACTT,0
ATGCGGTACGGAATAA,0
ATGCGGTATTAGCAGG,0
ATGCGTAAGGCGACAA,0
ATGCTAAAGATACCAA,0
ATGCTAAGTAGGCATA,0
ATGCTACGAGACAATT,0
ATGCTAGAGTTGACTC,0
ATGCTAGCCCCGATAA,0
ATGCTATCATAGAAGG,0
ATGCTCTTGTTGTCAA,0
ATGCTGACACGCGATT,0
ATGCTGCTAATCGACC,0
ATGCTGCTGGATGGCG,0
ATGCTTACCTCGGGGT,0
ATGCTTTAAACCGATC,0
ATGGAAACAACGCGAA,0
ATGGAAAGTAGAGAGG,0
ATGGAAATGGAAACTA,0
ATGGAACATAATAGAT,0
ATGGAATGTAAACTAG,0
ATGGAATTCGCGTTAG,0
ATGGACACTTAAAAGG,0
ATGGACATTGGAACTG,0
ATGGACCCGGCAGGAT,0
ATGGACCGCTAGCCGA,0
ATGGACGGCGATCTGG,0
ATGGAGATAAATAAAG,0
ATGGAGATTAGACGCG,0
ATGGATACCAGGGTAC,0
ATGGATAGACGCTCTT,0
ATGGATATATCTCCTC,0
ATGGATATCCCCCACT,0
ATGGATATGGGGAGAG,0
ATGGATCCCGACAGTC,0
ATGGATGTACGCCACC,0
ATGGCAGACAAACCAC,0
ATGGCATAAAAGGATG,0
ATGGCCGTAAGAAATA,0
ATGGCCTATAACAACT,0
ATGGCCTTTGCTGATA,0
ATGGCGGGGTTCAAAA,0
ATGGCGTAGTTAACTG,0
ATGGCTACAAATCACC,0
ATGGCTAGTTACCCAA,0
ATGGGAAAACCCCATC,0
ATGGGAAAATTCTTCC,0
ATGGGAAACATATGTA,0
ATGGGAATAAAGTCTT,0
ATGGGCATAAGTTATG,0
ATGGGCCAAGAAAAAT,0
ATGGGTACCGACTGAA,0
ATGGGTAGCCAGGGAC,0
ATGGGTGAGCGCTCTT,0
ATGGGTGGCGACGCTG,0
ATGGTAAGATTATACC,0
ATGGTCAACATGCAGA,0
ATGGTGGATTATGAAA,0
ATGGTTACATGAATGT,0
ATGGTTCCACGACGTT,0
ATGGTTCGTATTTGCT,0
ATGGTTGAGACCATCT,0
ATGGTTTTTCCAGATA,0
ATGTAAAAACTACGCA,0
ATGTAACACACGCCCA,0
ATGTAACAGTTAAATA,0
ATGTAACTTATAATGA,0
ATGTAAGCGCAATCTG,0
ATGTAAGGAAGCTCTC,0
ATGTAATTGACAAAGT,0
ATGTAATTTGGTGAAA,0
ATGTACACTGCTTCAA,0
ATGTACAGTAATTCAG,0
ATGTAGACGCTCAGTA,0
ATGTAGAGAACTAATA,0
ATGTAGCCAAAACATT,0
ATGTAGCTTGGATATA,0
ATGTAGTTAGTGGTTA,0
ATGTATAAAAAACCAA,0
ATGTATAATCTATCGA,0
ATGTATCGAAACATGC,0
ATGTATCGACAAGCGC,0
ATGTCAAACGCCTGAA,0
ATGTCAAGATTGTAGA,0
ATGTCACAATACATCT,0
ATGTCACTCTTATGAA,0
ATGTCAGAACACTGCG,0
ATGTCAGGATTTTTCT,0
ATGTCCCCCGATTCTG,0
ATGTCCGGGCCCATGT,0
ATGTCCTTATCAATGT,0
ATGTCGCACGCTTCAC,0
ATGTCTAGGAAGACTG,0
ATGTCTCCTTGGTCAT,0
ATGTCTCTTCAAACCT,0
ATGTCTGCTAGAATAC,0
ATGTGAACCAAAACCA,0
ATGTGAAGGTGGCTAT,0
ATGTGAGGAAGGCCAA,0
ATGTGAGGAATTGTCT,0
ATGTGATAACAGGAGA,0
ATGTGCCCTGAAGCTC,0
ATGTGGAACATTAAAG,0
ATGTGGCCTACGCTTG,0
ATGTTATCGGAGCATC,0
ATGTTATTCAAAACGA,0
ATGTTCCATAAAACCA,0
ATGTTCGCTTGACTTA,0
ATGTTCTAACCGCGTT,0
ATGTTCTTCTGTAACT,0
ATGTTGATCTACAATT,0
ATGTTTAATTCAATAT,0
ATGTTTCTTCCGAAAA,0
ATGTTTTCATAGTTAA,0
ATGTTTTTGTAGATAT,0
ATTAAAAAACTAAATA,0
ATTAAAAACAATAAAT,0
ATTAAAAACAGACATC,0
ATTAAAAAGAGCCATA,0
ATTAAAAATTACAACG,0
ATTAAAACAACCGTAA,0
ATTAAAACCGCGGCTC,0
ATTAAAAGGAAAGTAA,0
ATTAAAAGTCCCATAC,0
ATTAAAATAGTTGCAC,0
ATTAAAATTTCGGTAA,0
ATTAAACAATGAATAA,0
ATTAAACATTAATCCC,0
ATTAAACCTAAAACAC,0
ATTAAAGCTGACAGAT,0
ATTAAAGGAGCCATGA,0
ATTAAAGGGAAAACAT,0
ATTAAAGTACCCGCCC,0
ATTAAATAATCATATT,0
ATTAAATAATTCGACT,0
ATTAAATACTATCATC,0
ATTAAATCAATACAGA,0
ATTAAATGAAATAGAG,0
ATTAAATTTTCGTCCA,0
ATTAACACAAAAAGAC,0
ATTAACACCAACTTTA,0
ATTAACATGAGCGGTG,0
ATTAACATTGAATGAC,0
ATTAACCAATGTATGC,0
ATTAACGTTTGATCAT,0
ATTAACTGCAAATGAA,0
ATTAAGACAGCAGAGT,0
ATTAAGACTAATGAGA,0
ATTAAGAGAGCATATA,0
ATTAAGAGGTTCAACA,0
ATTAAGCACGGCTAGC,0
ATTAAGGTTCACCCGT,0
ATTAAGTAACATAACC,0
ATTAAGTAGTAAACCA,0
ATTAAGTATGCGTTCG,0
ATTAAGTGTGGATAAT,0
ATTAATACACTGCATA,0
ATTAATAGCAGACCGT,0
ATTAATAGGATGTATT,0
ATTAATATGTGCCATA,0
ATTAATGCCTTCTGAA,0
ATTAATTGTAAAAATC,0
ATTACAACGGCAACAA,0
ATTACACACTCAATTG,0
ATTACACAGGCATTGT,0
ATTACACATTAGGCAC,0
ATTACAGAAACCAAGC,0
ATTACAGACGATTGAT,0
ATTACAGATCCAAGGA,0
ATTACCATACGCTGAA,0
ATTACCCCACGATATG,0
ATTACCGAAACGGAAA,0
ATTACCTGCGTGAGCT,0
ATTACGAATACATCAG,0
ATTACGACAATAAGCT,0
ATTACTCCAGCTAGCC,0
ATTACTCTTGTTTTGG,0
ATTACTTGGAGCAACT,0
ATTAGAAAACAGAGCG,0
ATTAGAAAAGATCTTT,0
ATTAGAATTAGCTAAT,0
ATTAGAATTTACACTA,0
ATTAGAATTTTCCCAC,0
ATTAGACAATGATAAA,0
ATTAGACGTACGGACC,0
ATTAGAGGCATATACA,0
ATTAGAGGGCAATCAA,0
ATTAGATACATTTGGT,0
ATTAGATACCAATAAA,0
ATTAGATCGGTCACTA,0
ATTAGCCCGAAACAAT,0
ATTAGGCATATTCGGG,0
ATTAGTATTACCTGCC,0
ATTAGTCAACATTTCA,0
ATTAGTCTACACTCTA,0
ATTAGTGGAGCATCCT,0
ATTATAAAAGGGCTAC,0
ATTATAAAATATAATA,0
ATTATAAAGCATATCG,0
ATTATAAAGTGATTTG,0
ATTATAACCCCAATAT,0
ATTATAACGATAATAT,0
ATTATACATCCCACGC,0
ATTATAGAAGAGGAGA,0
ATTATAGTGCCAAACG,0
ATTATATAGAGCAAAA,0
ATTATATCGCTGAAAT,0
ATTATATTATAATAAG,0
ATTATCCCACAACTTA,0
ATTATCGACTCCAATA,0
ATTATCTATCATTCAA,0
ATTATCTTCAACCCTT,0
ATTATGAAAAAAAACA,0
ATTATGATGCAATGAC,0
ATTATGCACTAAAGTG,0
ATTATGCTAGAAAAGG,0
ATTATGGTTAAGATCG,0
ATTATGTCTGACTCAC,0
ATTATTAAAGAGCGTA,0
ATTATTATTTACGCAA,0
ATTCAAAAGGGTTTCG,0
ATTCAAACGCTTGTAC,0
ATTCAAATACAGCGCC,0
ATTCAACAGTAATGAA,0
ATTCAACGTAGAGGGC,0
ATTCAAGTTTAAATAA,0
ATTCAATCGAACTACC,0
ATTCAATGGTTCACCA,0
ATTCAATTTACTCTAA,0
ATTCACAACTTCCAGA,0
ATTCACAAGACTATAC,0
ATTCACTAGGGAGCTG,0
ATTCAGACACCGGAAA,0
ATTCAGAGAGGGACAA,0
ATTCAGCATCCTTTCA,0
ATTCAGCTTGTTTGAC,0
ATTCAGTCTGCCACGA,0
ATTCATAGATCAGTAC,0
ATTCATGAACTATTAT,0
ATTCATTCCACGCAGG,0
ATTCATTTATTAAAAC,0
ATTCCAAAAGTCGGAT,0
ATTCCACCGAGCTACA,0
ATTCCATAGACAGTAT,0
ATTCCATGCATTCATA,0
ATTCCCAAATCAAAGT,0
ATTCCCACCTTATTGC,0
ATTCCCCAAGAAACCA,0
ATTCCCTACCATGCAG,0
ATTCCCTTCCGTCCAA,0
ATTCCGAATATGAACA,0
ATTCCGAGTCTTATAA,0
ATTCCGCTCCTGACGG,0
ATTCCGTGTTTTACTG,0
ATTCCTAGAAGGCCAA,0
ATTCCTCGTGCTAAAC,0
ATTCCTGAACACAACG,0
ATTCCTGATAACAACA,0
ATTCCTGTCATCTATA,0
ATTCCTGTGAGAGGCT,0
ATTCGAAACTCCCGGG,0
ATTCGACGTCAATGGG,0
ATTCGATGAGTGAATC,0
ATTCGCACCGCGCACT,0
ATTCGCCTAGAAACAA,0
ATTCGGCTCCAGCTTT,0
ATTCGTAATATACGCC,0
ATTCGTAGTAACACTA,0
ATTCGTTTGTTGGCAC,0
ATTCTAAGCTTAATGA,0
ATTCTAAGCTTTGTGC,0
ATTCTCACGTAACTAT,0
ATTCTCCTTAAACAAT,0
ATTCTCGATACGAAGT,0
ATTCTCTCGATGCGGC,0
ATTCTGAACGAAACAC,0
ATTCTGAAGATATGCA,0
ATTCTGGTTTTCAATG,0
ATTCTGTAAAAAAGAT,0
ATTCTGTTACTTACTC,0
ATTCTTAGCTCTCAGA,0
ATTCTTTAACTACCCG,0
ATTGAAACGTCTAACC,0
ATTGAAATAAAGGCAA,0
ATTGAAATAGCTTCAC,0
ATTGAACAATAATCAA,0
ATTGAACTTGTTAAAA,0
ATTGAAGGGCGAGACC,0
ATTGAATAAAAACCGC,0
ATTGAATACATAAAAC,0
ATTGAATATTTCATAA,0
ATTGACACGACTCTAA,0
ATTGACACGGCTGGAC,0
ATTGACATAAGATATA,0
ATTGACGACGTTAGCG,0
ATTGACGTAATAGGTG,0
ATTGACTAAACTATTT,0
ATTGACTAAGCCTAAG,0
ATTGACTACTGAATGT,0
ATTGACTCCAAATCTC,0
ATTGAGAAATAAGGTT,0
ATTGAGAGACAATAAC,0
ATTGAGCAATATAGCA,0
ATTGAGCGATGAAAGG,0
ATTGAGGAATATTGAA,0
ATTGAGGTACAACTTT,0
ATTGATAAAGACTGAG,0
ATTGATAGTCCCTTAG,0
ATTGATCACTTCAAGA,0
ATTGATGCAACGTTTC,0
ATTGATTCTTGTTGTA,0
ATTGCACTAGACCCAT,0
ATTGCATTACTCTACC,0
ATTGCCAGTAGGCATG,0
ATTGCCCATTCACTTA,0
ATTGCCCATTGCAACT,0
ATTGCCCCATGCGGGG,0
ATTGCCGCGCCGAACC,0
ATTGCCTAAGACGCAG,0
ATTGCCTGCACTAAGG,0
ATTGCGAATTCCAGTA,0
ATTGCGACGCTACAAG,0
ATTGCGAGACCCAATC,0
ATTGCGAGAGAAAACG,0
ATTGCGATTTATAATT,0
ATTGCGGGAGCAAATT,0
ATTGCGTCTACCAGAA,0
ATTGCTAAAAGTAGAC,0
ATTGCTACAAGACAAG,0
ATTGCTACATAGTAGT,0
ATTGCTGCATGTGCGG,0
ATTGCTTTAGGCCTAA,0
ATTGGAAGGTCGAGAC,0
ATTGGAATGTGCATGA,0
ATTGGACCATAATAAA,0
ATTGGATCAGGATAAT,0
ATTGGCGATAACTCCC,0
ATTGGCGATAAGAGAA,0
ATTGGCGTCTAACACC,0
ATTGGGCCACCTCTAA,0
ATTGGGGGTGGACGAG,0
ATTGGTCTTACCTGTT,0
ATTGTAACAGAGAAAA,0
ATTGTAAGTGCTAGAA,0
ATTGTACAAAATCTTT,0
ATTGTACCCGTTAAAT,0
ATTGTATTAAACAAAT,0
ATTGTCAAAGACGAAA,0
ATTGTCTTCAAGGGCT,0
ATTGTGAGAGCAAAAA,0
ATTGTGAGGCTACTAA,0
ATTGTGCACATACATA,0
ATTGTGGGAGAATTCT,0
ATTGTGTTAATTATGA,0
ATTGTTTCTAATTACG,0
ATTGTTTGGGGACGTG,0
ATTGTTTTGAACGTAG,0
ATTTAAAACGCCATAT,0
ATTTAAATTTAAGCAT,0
ATTTAACAATATCAAA,0
ATTTAACACAAAACCC,0
ATTTAACTCAAGAAAA,0
ATTTAAGGATTGTGGT,0
ATTTAATCAACGCAAG,0
ATTTACAAAGGTAAAA,0
ATTTACAATGACTACA,0
ATTTACGAGTAAGTTA,0
ATTTACGTACTATTCA,0
ATTTACTACCCGAACC,0
ATTTAGAAAATAAAAA,0
ATTTAGAGTGTCAACA,0
ATTTAGCATAAATCGA,0
ATTTAGTGGCAATGGT,0
ATTTAGTTAGAATTTC,0
ATTTATACGTGACCCC,0
ATTTATATTAAAAAAT,0
ATTTATCAAGGAAACT,0
ATTTATGCGCTCGGTA,0
ATTTATTAAACCGAGC,0
ATTTATTATAAGAGAG,0
ATTTATTCATTCTCAA,0
ATTTCAAACACCAAAA,0
ATTTCAAATAAATCTT,0
ATTTCAAGTAGTTTAA,0
ATTTCACCACACAAAG,0
ATTTCACTACAGTTCC,0
ATTTCATGATCACCCT,0
ATTTCCAAATTACCTG,0
ATTTCGATAAACATAT,0
ATTTCGTACATCACAG,0
ATTTCGTATTGTAACA,0
ATTTCTGTCTCACCAC,0
ATTTCTGTTTAAATCG,0
ATTTGACAAGTCCCTT,0
ATTTGACAGTAGTCAG,0
ATTTGACCAGGGAGAC,0
ATTTGAGAAACATAGT,0
ATTTGAGAACCGGAAA,0
ATTTGATCATGAAAAA,0
ATTTGCACAGAAAAGA,0
ATTTGGTATCATATAG,0
ATTTGTATACCTGAGA,0
ATTTGTTGAATACAGA,0
ATTTTAACATATGGTG,0
ATTTTAAGCCTGAGAA,0
ATTTTAGGACCTGTAA,0
ATTTTAGTTTGCAACT,0
ATTTTATCCGGCAGGG,0
ATTTTATCGATTTGGA,0
ATTTTATTACATACTC,0
ATTTTCAATTGACATC,0
ATTTTCGCAAGTCTCC,0
ATTTTGAATACAATAA,0
ATTTTGACTAGGCAAA,0
ATTTTGATTTAGATCG,0
ATTTTGCGCTTCCAAC,0
ATTTTGGTAAAGAGCC,0
ATTTTGTAGACTCTAA,0
ATTTTGTGATACTGAG,0
ATTTTTACTGTCTCTT,0
ATTTTTGAGAATATAA,0
ATTTTTTTAATCTGAG,0
ATTTTTTTGACCACCG,0
CAAAAAACAGATCAAG,0
CAAAAAACCATACTTG,0
CAAAAAATAAATCTGA,0
CAAAAAATAGGAGTGG,0
CAAAAACAAAGAAAAC,0
CAAAAACAATGTACAC,0
CAAAAACGCAATATAC,0
CAAAAAGATAGTTTTT,0
CAAAAAGCGAGAAATG,0
CAAAAAGGGTTTACTT,0
CAAAAATAAGCACCCG,0
CAAAAATAATGAGATT,0
CAAAAATACTAAAGAC,0
CAAAAATCTCACGTGG,0
CAAAAATGCGAACCTA,0
CAAAAATTTAACCTCT,0
CAAAACACAAAAAGCT,0
CAAAACATCGGCCAGT,0
CAAAACCAAAATTAGA,0
CAAAACCATCCACAAT,0
CAAAACCCATCGGATA,0
CAAAACCGGGCCTTAA,0
CAAAACGACTCCCGAG,0
CAAAACTCATTAATCA,0
CAAAACTTCACCACAA,0
CAAAACTTGTGCGGCA,0
CAAAAGAAATAGCAGA,0
CAAAAGAATAGCCACC,0
CAAAAGACACTTACAT,0
CAAAAGACGGGGTGTA,0
CAAAAGACTGCTAAAT,0
CAAAAGAGATTCACCT,0
CAAAAGATGATCAATC,0
CAAAAGATGTGAACTC,0
CAAAAGCCCGACTGAT,0
CAAAAGGAATCATAAG,0
CAAAAGGGCAGGAAAT,0
CAAAAGTACATATTTC,0
CAAAATAAAAGCCTGA,0
CAAAATAAAAGTGTAA,0
CAAAATACAAGAGTCT,0
CAAAATAGACTAAACA,0
CAAAATATCTGCAAGA,0
CAAAATATGTTCATCT,0
CAAAATCACAGAAAAC,0
CAAAATCCTTTAGAAT,0
CAAAATTGTACCCGAT,0
CAAAATTTGATAATGA,0
CAAACAAACAGCCTAG,0
CAAACAAACTTGTATG,0
CAAACAATAACCCACA,0
CAAACACAGCACAACA,0
CAAACACCTCCGTAAA,0
CAAACACTAAAAACAC,0
CAAACAGTTGGCCTGG,0
CAAACATAGGCTCTCC,0
CAAACATGAAAGAATA,0
CAAACATGCCGTATTA,0
CAAACATTAGGCAGCG,0
CAAACCACATACCCCA,0
CAAACCACCACAGAAC,0
CAAACCACCTTTTTTC,0
CAAACCAGAACAAGGC,0
CAAACCCGAGTTGGAA,0
CAAACCCTTCCTAGGG,0
CAAACCGCAGTGAATT,0
CAAACCTATTCAAGCT,0
CAAACGCCCTGAGTTC,0
CAAACGCCTCTCTATG,0
CAAACGGCAACAACGG,0
CAAACGGGCCCAACTC,0
CAAACTAAAAACCTCT,0
CAAACTAAGAAAACAT,0
CAAACTAGAGTTTCCA,0
CAAACTAGTAAGGAGT,0
CAAACTATAGCCCCCT,0
CAAACTCCGTCAATCT,0
CAAACTGAATTATGAA,0
CAAACTGATCCTCAAC,0
CAAACTTCCATAAAAC,0
CAAACTTTACCCTCAT,0
CAAAGACTAAAAATAA,0
CAAAGAGTGTATAGGC,0
CAAAGATAACAGAGGC,0
CAAAGATATCAAACTG,0
CAAAGATGTCAAATAA,0
CAAAGATTATGAGCAA,0
CAAAGCATCGGTTTGA,0
CAAAGCCTAAATACAC,0
CAAAGCGTCACGCGTT,0
CAAAGGCCAAACTCTA,0
CAAAGGCCAGTATGAT,0
CAAAGGGCCTTTGTTG,0
CAAAGGTCATCAGCTA,0
CAAAGGTTAAAAATAT,0
CAAAGTCCGTATAAGG,0
CAAAGTGAAAGACCGG,0
CAAAGTGTATAGCTAG,0
CAAAGTTCGGCACAAA,0
CAAATAAACTCCTACA,0
CAAATAATCATTCGCT,0
CAAATACACATTATAC,0
CAAATACCAGACATAC,0
CAAATACTCTCGCAGA,0
CAAATACTGCCCCCTC,0
CAAATAGACTTAACCG,0
CAAATAGACTTTTAAA,0
CAAATAGCTATGCAAG,0
CAAATAGGAACAGATA,0
CAAATATAACACCTCC,0
CAAATATCTACGCAAA,0
CAAATATGAAATATAA,0
CAAATATTTGCCTTTT,0
CAAATATTTGTTAAAT,0
CAAATCAACGGCGATT,0
CAAATCAACTTCCACC,0
CAAATCGTAAAAGAAT,0
CAAATGAATAAAATAA,0
CAAATGAATAAATGTG,0
CAAATGACATCAGTGT,0
CAAATGACCTACTTCC,0
CAAATGAGCGTTTCGC,0
CAAATGATGTTTCGAC,0
CAAATGCCCGTCGATA,0
CAAATGCTACTAATTT,0
CAAATGGAGCAATATC,0
CAAATGTCTTCTTAAA,0
CAAATTAAGAGGGTAA,0
CAAATTACCACAGAAA,0
CAAATTCATAACTCTG,0
CAAATTCCAACAGGTA,0
CAAATTGCCTGGGTGG,0
CAAATTGTCAGCCACA,0
CAAATTGTCTCAAGCA,0
CAACAAACCATTAATA,0
CAACAAACCCTGACGA,0
CAACAAATTTGTATAC,0
CAACAACCCACTGACC,0
CAACAAGAGACAAAAC,0
CAACAAGCCTAACGGG,0
CAACAATCAAGAGTTC,0
CAACAATGAGCCTAAT,0
CAACACAAACCTAAGT,0
CAACACCATCATAAAT,0
CAACACCCACAAGTGA,0
CAACACCCTCTCCAAG,0
CAACACCTTACCGGTG,0
CAACAGCCACTAAAGA,0
CAACAGTAAACGAACC,0
CAACATCACTGGCCTT,0
CAACATCCACACAAAT,0
CAACATTGATGGGCGG,0
CAACCAAAACCTACTA,0
CAACCACCCAGGTATC,0
CAACCAGAAGACAGCT,0
CAACCAGTATCTACAA,0
CAACCCATCAATACTA,0
CAACCCCAACAAAATC,0
CAACCCGAATCTGACT,0
CAACCCTAGGTTTTTT,0
CAACCCTTCTTTAAAG,0
CAACCGACGTTCACGA,0
CAACCGCTCTCTTTCA,0
CAACCGGAAACGCACG,0
CAACCGGCAGTTAAAT,0
CAACCTAACAACGATA,0
CAACCTTACCCTCTTA,0
CAACGAAAAACACCAC,0
CAACGAAAACTAACCC,0
CAACGAAAGTTAAAAG,0
CAACGATAAAATCGCT,0
CAACGATCGGCATCGT,0
CAACGATTAAGAAAAG,0
CAACGCCGCTAAAAAA,0
CAACGGAAGGTAATCG,0
CAACGGACTCTGTTTA,0
CAACGGCACTAACACT,0
CAACGGGAGAACGCGC,0
CAACGTACAGTCAGTG,0
CAACGTATCTTAACAT,0
CAACGTTCCGCGTGTA,0
CAACGTTTCGATTCTA,0
CAACTAAAACAATCGT,0
CAACTAAACACTGCGC,0
CAACTAAGCGTTCATC,0
CAACTAAGGACATAAA,0
CAACTACCTTACCGCC,0
CAACTACGAACGCTTA,0
CAACTAGAGAGGCATC,0
CAACTAGTGGTCTTAA,0
CAACTATCACTAAAAT,0
CAACTATGAAAACACG,0
CAACTATGGCAGATAT,0
CAACTCAAACAATGAA,0
CAACTCCGACAACATC,0
CAACTCCTCCTGATGG,0
CAACTGATCTACAAAA,0
CAACTGGAGCAATAGG,0
CAACTTACACAACACC,0
CAACTTACACCTTATG,0
CAACTTCGACGGCAAA,0
CAACTTGTCGTTACCA,0
CAACTTTACTCCTAAT,0
CAAGAAAATCAAACTG,0
CAAGAAAATGAATCTT,0
CAAGAAAGTCGATAAA,0
CAAGAAATTAATAGAC,0
CAAGAACAGGTAGAAC,0
CAAGAAGTAAGCCACA,0
CAAGAAGTCGGCAAAA,0
CAAGAATAGAGCAATC,0
CAAGAATAGGAAACAT,0
CAAGACCCTACGTTGA,0
CAAGACTGAAAAATTG,0
CAAGACTTTATGAACC,0
CAAGAGAATGACCGTC,0
CAAGAGACACCACAGA,0
CAAGAGAGAGTCATAA,0
CAAGAGATCCCCAACA,0
CAAGAGCCGAACTTAA,0
CAAGAGGAGGGCAGTA,0
CAAGAGGCACGACATA,0
CAAGAGGCCTACATGG,0
CAAGAGTATTCCAAAT,0
CAAGAGTTAAACTACT,0
CAAGATACTTCAAAAC,0
CAAGATATTATCAGCC,0
CAAGATCTACACGTTA,0
CAAGATTCACCAAACA,0
CAAGATTTTCGTTAGA,0
CAAGCACCACAAGCAC,0
CAAGCCAACCGGGTCG,0
CAAGCCACAACTCATA,0
CAAGCCAGTGACAGTC,0
CAAGCCATGCTCACAG,0
CAAGCCCAGGGTAACG,0
CAAGCCGTGAGCCGAA,0
CAAGCCTCTCTATACG,0
CAAGCGCAGACACTTT,0
CAAGCGTAATAGTGTC,0
CAAGCGTACTAACAAG,0
CAAGCGTTTACAAGTG,0
CAAGCTCTAGGAATAG,0
CAAGCTCTGTCCTTAC,0
CAAGCTGGGATGGATG,0
CAAGCTTCTAACAGCT,0
CAAGGACCACACAATC,0
CAAGGAGACCCCACCA,0
CAAGGATATCAATTAG,0
CAAGGATGCACACTTG,0
CAAGGCAAGTAACATT,0
CAAGGCATTCAAATTC,0
CAAGGCGCTAATAATT,0
CAAGGCGTCATGTTCT,0
CAAGGCTTCGTACATA,0
CAAGGGCCTTGCCTTA,0
CAAGGTACAGTAATCC,0
CAAGGTCAACAAATAG,0
CAAGGTCTACAGCCTA,0
CAAGTAAAGTTGTAGG,0
CAAGTACCCAATAATA,0
CAAGTACCGCAAACTA,0
CAAGTACCTATTATAA,0
CAAGTAGATAGATTAC,0
CAAGTAGTGACGAACC,0
CAAGTCAAGTGACTCA,0
CAAGTCACTGCTGACA,0
CAAGTCATAACCCTTC,0
CAAGTCGGAGAAGAAT,0
CAAGTCGTTGTTTCTG,0
CAAGTCTATGAGCTCG,0
CAAGTGAGGGTTTATT,0
CAAGTGAGTTCTCGAT,0
CAAGTGCTAACGTGTC,0
CAAGTGGAATTGTACC,0
CAAGTGTAAATGAAAC,0
CAAGTGTCACCTGACA,0
CAAGTTAATAGCACGA,0
CAAGTTGAGTGAGATA,0
CAAGTTGCAAAGGATC,0
CAAGTTGCTCTAAGCA,0
CAAGTTTACCCATTAA,0
CAAGTTTTAGGCACTG,0
CAAGTTTTAGTTGTAC,0
CAATAAACACAAAACG,0
CAATAACAAGAACCAA,0
CAATAACAGACAGCCA,0
CAATAACATTTGTCCA,0
CAATAAGCCGAAGTCA,0
CAATAAGGCTCTTACA,0
CAATAAGGGACGGTTA,0
CAATAAGTCAACAGAG,0
CAATAATAATGATGTA,0
CAATAATCGTTACCTA,0
CAATAATTATGAATAA,0
CAATAATTGAAACTTG,0
CAATACAAAAGTCACA,0
CAATACAAACTTATAC,0
CAATACAAATGGAGAC,0
CAATACAGTTGACTGT,0
CAATACATTATATGTA,0
CAATACTAAAGTGAAA,0
CAATACTAGACGAGAT,0
CAATAGACGAGGATAT,0
CAATAGAGATTTTAAT,0
CAATAGCGATAAATCT,0
CAATAGCGTCAAAGAG,0
CAATAGGCATCTTCCA,0
CAATAGTGAAGCATTA,0
CAATATACCTCCTAAT,0
CAATATAGAATTCGAT,0
CAATATATTAAGACAC,0
CAATATGAGACTGACG,0
CAATATGCAAAATGGT,0
CAATATGCCGAACTAC,0
CAATCAACCCGTTTCG,0
CAATCAATAAGAAAAC,0
CAATCACCAATCTAAA,0
CAATCACGGTAGAGGT,0
CAATCAGTCTCCGCAA,0
CAATCCAAAGGCTTGC,0
CAATCCACATTGACAA,0
CAATCCAGACAAAAGA,0
CAATCCATCTAAGAAT,0
CAATCCGACTTGGGCT,0
CAATCCTACCAAATTA,0
CAATCGTGAAATTATA,0
CAATCTAATAATCAAC,0
CAATCTACTATGAACA,0
CAATCTCATATTGGGT,0
CAATGAAATGCAAGCG,0
CAATGAAATGTCCCCT,0
CAATGACAACGAGAGA,0
CAATGACAATATGTAC,0
CAATGACACAAATACT,0
CAATGAGCGGAACTGA,0
CAATGCAAGTAACATT,0
CAATGCACTCAGCTGC,0
CAATGCCAAGGACCAC,0
CAATGCCAATGCGGGT,0
CAATGGCTAGATCGAG,0
CAATGTAGACACGTTA,0
CAATGTATGCGGTCAA,0
CAATGTGAGAGAACTA,0
CAATGTGTGGTAATCG,0
CAATGTTTTCACATGC,0
CAATTAACACGCCCTG,0
CAATTAATCTATTTTC,0
CAATTAATTACGAACT,0
CAATTACGCCTACAAA,0
CAATTAGCATAAGCAA,0
CAATTAGTTCTTGATA,0
CAATTATAACAGAATC,0
CAATTATTACAATAAC,0
CAATTCTATGCGCTTT,0
CAATTGGATCAATGCT,0
CAATTGGGATAAGTTC,0
CAATTTACATCATACA,0
CAATTTCCGCACTGCG,0
CAATTTGAATAAAACA,0
CAATTTTCTGACATCA,0
CACAAAAACAGTAAAA,0
CACAAAAAGCTAGAAA,0
CACAAAACTAGAGGTG,0
CACAAAAGTCCCGTTA,0
CACAAACATGGAAGAA,0
CACAAAGAACGCCAGG,0
CACAAAGGTGAAGTCC,0
CACAAAGTGCGTTGAT,0
CACAAATCACTAGACA,0
CACAAATCCACTCCGA,0
CACAACAATTTTGGAG,0
CACAACACACTTGCTA,0
CACAACATCCACCAAT,0
CACAACCACTTCAATT,0
CACAACCTACATCAGA,0
CACAACGCCAGCTGAC,0
CACAACGTACCTGAAC,0
CACAAGCAGTATGGGT,0
CACAAGGAAACAGAAA,0
CACAAGGCGCATATCA,0
CACAAGTATATGCGGT,0
CACAAGTCGCAAACCA,0
CACAATAGTCTCCCGT,0
CACAATCGTGAGTTTG,0
CACAATCTCAGTAAGA,0
CACAATCTCTTCTTTG,0
CACAATCTGATGCGTT,0
CACAATTACCAAAAAA,0
CACACACTCAATGTTG,0
CACACACTTCGGAACA,0
CACACAGCCCATAATC,0
CACACAGCTCATATCT,0
CACACAGTTATCAAAC,0
CACACATAGTACTCCC,0
CACACCAACACTCATA,0
CACACCAATCCTATAT,0
CACACCATCCGGAACA,0
CACACCCAATCAATAC,0
CACACCGGAATAGTTC,0
CACACCTACAAACTAA,0
CACACGAACAGAAATT,0
CACACGCATACACCAA,0
CACACTAAAATCTTGA,0
CACACTCAAGGATTCA,0
CACACTGGATAAACCT,0
CACACTGGCACTCGAC,0
CACAGACATAGCAACT,0
CACAGACCCTTGCTCT,0
CACAGAGCAAAGTTAC,0
CACAGAGCCATCAACC,0
CACAGATATTACCTAG,0
CACAGATCGATCTACA,0
CACAGATCTGCAAAGA,0
CACAGATTTTTCTGTG,0
CACAGCAGGTATAACC,0
CACAGCGAACCCAACA,0
CACAGCGGCAGTTTAA,0
CACAGGAATGGCATAT,0
CACAGGCTTATACACG,0
CACAGGGGCGGCAGTC,0
CACAGTGTACCTAGTC,0
CACAGTTAAATAACAT,0
CACAGTTCTGTATAAT,0
CACATAAATACAGGTT,0
CACATAAGTCGGTGCA,0
CACATATCTCAGATAG,0
CACATATTAAAATGGC,0
CACATCGAATTTTCAA,0
CACATCGTAAGTTCAC,0
CACATGACGATGGATC,0
CACATGCAGAGTTCAC,0
CACATGCATAACTGTT,0
CACATGCTTACTTCAC,0
CACATGGTAGAACGCG,0
CACATTAACGGTTTGT,0
CACATTCTTCAACGAA,0
CACATTGCCCAGGCCA,0
CACATTTACTGCCTGG,0
CACATTTATAAGACGC,0
CACATTTGGCAAGGAA,0
CACCAAACGTAGTTAC,0
CACCAAACTACACCAC,0
CACCAAATAAGCAAGC,0
CACCAACATATGCTAG,0
CACCAACTGAACTAGT,0
CACCAATATGCGAACT,0
CACCAATTTTAATCAA,0
CACCACAAGGAAACCT,0
CACCAGCACTTGTAAC,0
CACCAGCGATTTACCA,0
CACCATACCCAAAACA,0
CACCATGAACGTGTGT,0
CACCATTAAGAAGGCT,0
CACCATTCCTATCTAA,0
CACCCAACAAGATGTA,0
CACCCAACAGCTGAGC,0
CACCCACACAGACCAT,0
CACCCACCAACTCTGG,0
CACCCAGAAAATTTTC,0
CACCCAGTAGACACAA,0
CACCCATAGTTTGGTT,0
CACCCCACCGAAAAGC,0
CACCCCCAAACGAATT,0
CACCCCCCATTGATGC,0
CACCCCTTGAATGAGT,0
CACCCGCCCACCCTAA,0
CACCCGTATTGCTCCA,0
CACCCTAGTTACGGGT,0
CACCCTCACCGGGACT,0
CACCCTGCTTCCCAAC,0
CACCCTTAGGCACCGC,0
CACCCTTCATATCATT,0
CACCGAATTTGAATTA,0
CACCGATAAAAAGTTT,0
CACCGATGTAGATGAG,0
CACCGATTGGGATATC,0
CACCGCAATAATAATA,0
CACCGGAATCCCTCCC,0
CACCGGACACACAACG,0
CACCGGATTCATTTGA,0
CACCGGATTTTCTATA,0
CACCGTACCCTTATCA,0
CACCGTGGGAAAACAC,0
CACCGTTGAGATGTAA,0
CACCTCCCATTAACTA,0
CACCTGTAAGCATAAG,0
CACCTGTTTAGCGTAG,0
CACCTTAGAATTCCAG,0
CACCTTTATGGATGCA,0
CACGAACTGAATACCT,0
CACGACAAACATGCTT,0
CACGACAACCATGGGT,0
CACGACAAGGGAGACT,0
CACGACTTAATACCCG,0
CACGAGCTAAACTCGA,0
CACGATAATATCATGC,0
CACGATATCGTCCATA,0
CACGATATTCTTGACG,0
CACGATCACGTGGAGG,0
CACGATTCAATAAGAC,0
CACGCAAAGGATTTCA,0
CACGCAACGGTTCAAG,0
CACGCAATAAGCTGAC,0
CACGCATCAGGTATAC,0
CACGCCGAAAAGCCAT,0
CACGCGGTAAACAAGA,0
CACGCTTTATACTATT,0
CACGGAACACTTATCG,0
CACGGACAAATATAGG,0
CACGGACTTCTGCTAA,0
CACGGATACCAAAAGC,0
CACGGCTCCCGGTATT,0
CACGGGCACTACTAAA,0
CACGGGCCAAGACTAT,0
CACGGTATGCTCACTA,0
CACGGTCGGAAGTCAA,0
CACGGTGTCGTTTGTT,0
CACGGTGTTGAATAAT,0
CACGGTTGCGCGTGAG,0
CACGTAGACCATCAAA,0
CACGTCCACTAAGCCA,0
CACGTTCTGTTACCAC,0
CACGTTGAATTGCAGC,0
CACGTTTAAGAAAACG,0
CACTAAAGGTATAATG,0
CACTAAAGTCCGATAA,0
CACTAAGCTCAAAACA,0
CACTAAGCTGCACAAG,0
CACTAATACACGGCCA,0
CACTAATACTGTCCGC,0
CACTAATAGCCAACAT,0
CACTACAAGCTTTAGC,0
CACTACATCTTCTCAA,0
CACTACCAGCCTTTTA,0
CACTAGCCGACTTACT,0
CACTAGCGTAATTTAA,0
CACTATACAATGTGAA,0
CACTATATCCCTCTAC,0
CACTATCATTATAACA,0
CACTATGGCCAAACGA,0
CACTATTACATAAGCG,0
CACTCAAGAATATCCC,0
CACTCACAAGTATCGT,0
CACTCATATCGGTAGG,0
CACTCATTGAATTCTA,0
CACTCCAATAAATAAC,0
CACTCCGTAGAATTGA,0
CACTCCTTATAGGGTA,0
CACTCTGATAAAAACG,0
CACTCTTCATGACGGA,0
CACTGAAAACACTGAC,0
CACTGAAAAGACATAT,0
CACTGAAAGGAACCAT,0
CACTGAATCATTCATT,0
CACTGACACAACCGTG,0
CACTGACCTTATAAAT,0
CACTGACTTCCTTGAC,0
CACTGAGACTGTTCCA,0
CACTGAGATACGTTTA,0
CACTGAGGATATATAC,0
CACTGCGGAAAAATTT,0
CACTGTAATATTAATA,0
CACTGTACCTCTAAAA,0
CACTGTCGCATCACTA,0
CACTTAAACATTGTTA,0
CACTTAATAATATCAA,0
CACTTACTAGATTTAC,0
CACTTATCATTTCGAA,0
CACTTCGCGTCCCCAT,0
CACTTCGGTGTGAGTC,0
CACTTCTAACCAACAC,0
CACTTCTGCTGTGATC,0
CACTTGAACGCGCTTC,0
CACTTGAGCGTGCCAT,0
CACTTGCTTCCCAATG,0
CACTTGTCGTGTTCGC,0
CACTTTAAATATCTTT,0
CACTTTCAATCCTGAA,0
CACTTTGGACGCAGGA,0
CAGAAAACGGTGCTCA,0
CAGAAAATTACAAAAA,0
CAGAAACGCCTGTCCT,0
CAGAAACTCCGTTAAC,0
CAGAAAGACCACATAC,0
CAGAACACTGAAGAGA,0
CAGAACATAAATGAAA,0
CAGAACATCTACGTTA,0
CAGAACTTCGCAACGA,0
CAGAAGAACAATCCCC,0
CAGAATAACAAAACAC,0
CAGAATAGTGATAGAC,0
CAGAATCAGAGCCCTT,0
CAGAATGTACTTCCGG,0
CAGAATGTTACAGAGA,0
CAGACAAAACGTCATA,0
CAGACAAACAATCCGA,0
CAGACAAGGTCTATAA,0
CAGACAATTATATAAT,0
CAGACACCATCCCTCA,0
CAGACATGAAGCCCGA,0
CAGACGGAAATCGACA,0
CAGACGGGAAAAAGAA,0
CAGACGTAATAACGTG,0
CAGACGTAGGACACAG,0
CAGACGTCTATCTCGC,0
CAGACTCTACCGCCAG,0
CAGACTTATCACTCTA,0
CAGAGAATAGATCCGT,0
CAGAGAGGCGTTCAGA,0
CAGAGCCTTTACTACG,0
CAGAGGACTGACACCT,0
CAGAGTAAAGTTATTA,0
CAGAGTATAGCCAGCC,0
CAGAGTGTTTGAGCAC,0
CAGATAATCCAGCAAA,0
CAGATAGATTGTTCAA,0
CAGATAGCCAGTAAGA,0
CAGATAGGATGAGAAA,0
CAGATAGTTTCCGATT,0
CAGATATGGCTCCGGA,0
CAGATCAAATGTTAAA,0
CAGATCCACAACAAAT,0
CAGATGATAAATAAGA,0
CAGATGCTGCGCAAAA,0
CAGATGGCTAGCTGCA,0
CAGATGTTACATCCAA,0
CAGATTAACTATTTTT,0
CAGATTACGCCGAGAT,0
CAGATTTAATATTGAT,0
CAGATTTGATCTGAGC,0
CAGCAAAAGTTACTTA,0
CAGCACAATTGTGCCG,0
CAGCACAGACACTGCT,0
CAGCACATTACATAAA,0
CAGCACGGATTGTTAC,0
CAGCACGTAAAGCAGG,0
CAGCACTTATAACAAA,0
CAGCAGCAAAACCACT,0
CAGCAGTAAACTCAAT,0
CAGCATGATATACAGA,0
CAGCCACGTATATCAA,0
CAGCCAGTTGATAGAA,0
CAGCCATTTTGTTCAC,0
CAGCCCTAATAGGGCC,0
CAGCCGTGATCGTGAC,0
CAGCCGTGTTGATACA,0
CAGCCTATTGCCTGCT,0
CAGCCTGGTACGCTTG,0
CAGCGATTCATGAAGA,0
CAGCGCCCACTGTTCC,0
CAGCTAACCCCCTAGT,0
CAGCTATGCAGACTGG,0
CAGCTCAACCAACCAA,0
CAGCTCTTCACTACTC,0
CAGCTGAGATGTTCAT,0
CAGCTGCAAATTAGCC,0
CAGCTGGAATACAACA,0
CAGCTGGACTGACAAC,0
CAGCTTTAACGAAACG,0
CAGCTTTCTGACGTAT,0
CAGCTTTGCAGCTTCG,0
CAGGAAAAAGAAAACG,0
CAGGAAACCCAAAAAA,0
CAGGAAGGTTCAAGGT,0
CAGGACCAGAGTTGAT,0
CAGGACCTCCGGAGAA,0
CAGGAGCCTACCCGGT,0
CAGGAGTCATTTAAAA,0
CAGGATAGGGATTACC,0
CAGGATTCCTACAAGA,0
CAGGCAATATGTGGCA,0
CAGGCAGAAGGTACCG,0
CAGGCCAACTAACAGT,0
CAGGCCCTTGACCCAT,0
CAGGCCTAAGCTAAAT,0
CAGGCCTCCGACACCC,0
CAGGCGGCCGTGTAAA,0
CAGGCTAAAATATTCC,0
CAGGCTCACGTAAAAA,0
CAGGCTTTGTTGAACG,0
CAGGGAAGGCGAAGTT,0
CAGGGCAAATTATATA,0
CAGGGCACCCTCCACT,0
CAGGGCCCATGACAAC,0
CAGGGCGCAGCAACCA,0
CAGGGGTCTGCACGAA,0
CAGGTACTAAATCCTT,0
CAGGTACTATAACGGC,0
CAGGTATTGACAATTT,0
CAGGTCATGTACGAAC,0
CAGGTCGAATATAAGC,0
CAGGTCTTAATAGGCC,0
CAGGTGCACTCGAAGA,0
CAGGTTGAATAATCAA,0
CAGGTTTGTGAATAGT,0
CAGTAAACCAGTAATA,0
CAGTAAACGGAACATT,0
CAGTAAAGCAGGAACA,0
CAGTAAAGGGACTTAT,0
CAGTAAGGTGACAGAA,0
CAGTACAACCAAATGA,0
CAGTACATAGAAGCTA,0
CAGTAGAACCACCGTC,0
CAGTATCTTATCTCTA,0
CAGTATTAGGATTACT,0
CAGTATTTCAAGCCCT,0
CAGTCACATCAACCAA,0
CAGTCACCATTCAGGG,0
CAGTCATAATCGAAAG,0
CAGTCATAGGGAGGCA,0
CAGTCGCCTTAACATT,0
CAGTCTATCTTATATT,0
CAGTCTCATCGTAAAT,0
CAGTCTCTCATGCACT,0
CAGTGATCAGAAACAA,0
CAGTGGAGATCCCATG,0
CAGTGGATTACCAGAA,0
CAGTGTATCAAGGTTG,0
CAGTGTGAGCTCAATC,0
CAGTGTGGTAGATACT,0
CAGTTAACAACAGAGG,0
CAGTTACCCTATAGCT,0
CAGTTATGAACGAACA,0
CAGTTCAAACCATTCT,0
CAGTTCGACAAGGTAC,0
CAGTTCGATGATCAAC,0
CAGTTCTCAAAAAATA,0
CAGTTCTTCTATCGCA,0
CAGTTTCCATTTACAG,0
CATAAAAAAGCCAAGT,0
CATAAAAACAATCACT,0
CATAAAAATAAGCAGA,0
CATAAAAATGAAACAA,0
CATAAAAATGTCTCTA,0
CATAAAACAATGCATG,0
CATAAAATTGTAGGAG,0
CATAAACTAACAACAT,0
CATAAAGAATGAAACT,0
CATAAAGCGATTTGAA,0
CATAAATATGAGCAGT,0
CATAAATCTTTAAGCC,0
CATAACACGGTCAACC,0
CATAACAGACATAATG,0
CATAACTTCAAATCAC,0
CATAACTTTGTTGGAA,0
CATAAGAAAGATTAAG,0
CATAAGACAGACAAAA,0
CATAAGACTTCGGAGC,0
CATAAGGAAAGCACCC,0
CATAAGGAACTGAGTT,0
CATAAGTGCACGAGAT,0
CATAAGTGCGCTTCTC,0
CATAAGTTTAAAGTGG,0
CATAATAAACCCGAAC,0
CATAATAACAAACACC,0
CATAATATCTGGTGGA,0
CATAATGAAGTGGGCC,0
CATAATGGAGACTAGC,0
CATAATTCACAAAGAA,0
CATAATTCCGTATGAC,0
CATAATTGAACTAAAT,0
CATAATTTCACTCTGC,0
CATAATTTCACTTCCC,0
CATACAACTCCTTTTC,0
CATACACAGAAGGAAG,0
CATACACTGCGCCAAT,0
CATACATATACTTTTG,0
CATACATATCAAAAAT,0
CATACATTCATAGCCC,0
CATACCAAGAGTAATA,0
CATACCCAGCTAAGCT,0
CATACCGTGTCGTGAA,0
CATACCTAAACTCTTG,0
CATACCTTAAGCGACG,0
CATACCTTCTATGTTT,0
CATACGAATCTTACAT,0
CATACGACCCAACAGT,0
CATACGGGTAACACAC,0
CATACGTTATAAAGTA,0
CATACTAGAAGTTTGG,0
CATACTAGTCAACGAC,0
CATACTGCCAAATTGG,0
CATAGAAACTCTGTAG,0
CATAGAACCCATCCAG,0
CATAGCAAGCAATAAT,0
CATAGCACCGACTTGA,0
CATAGCATAAGCTAAG,0
CATAGCTGTAACAACT,0
CATAGGCGTCCCCAAT,0
CATAGGTCCCAAGGCC,0
CATAGTACAAGCCATG,0
CATAGTCACAGCAAAC,0
CATAGTTAATGGTCAA,0
CATAGTTACGACTTAA,0
CATAGTTAGGGAATAA,0
CATATAAACCAGACTC,0
CATATAAAGTCAGAAC,0
CATATACACTCCACTA,0
CATATACATCACAAGA,0
CATATAGGCTACGTCA,0
CATATATAAGAGAAAC,0
CATATATACACCACAT,0
CATATATGTTAGAACT,0
CATATCAAATCGGTCA,0
CATATCAGATGACTAT,0
CATATCAGGTGGTGCT,0
CATATCCATTGATAAC,0
CATATGCGACAATGCA,0
CATATGGAGGAAATTA,0
CATATGGCGACGCTCC,0
CATATTCAACTGTAAA,0
CATATTGTAAAACGCT,0
CATATTTAACTAACGC,0
CATCAAAAAGAAAAAT,0
CATCACCTTACGAAAA,0
CATCACGACTTCCTGA,0
CATCATACACCTCGTG,0
CATCCAAAATTACTGT,0
CATCCAATTCGATATT,0
CATCCAGACCGAAGTG,0
CATCCATAAGAAACAT,0
CATCCATTGAAGCATC,0
CATCCCATGAATGGAA,0
CATCCCGGGTCATATA,0
CATCCCTCGTGAGTCA,0
CATCCGTTCAGATGTC,0
CATCCTAGTGGCCCAT,0
CATCGGGTCAATATAG,0
CATCGTACTAAACTAC,0
CATCGTCGGAACCAAT,0
CATCGTGAAAATGCAA,0
CATCGTGAACTACATC,0
CATCGTTATAGAACTA,0
CATCTAACGAGCAGAG,0
CATCTAAGCTGGTTTC,0
CATCTATAAAAAGCAG,0
CATCTATCGTGATGAT,0
CATCTGATACTTTTGG,0
CATCTGCTCAATTTAT,0
CATCTGTACGAGCACC,0
CATCTTAAGGCTTTAC,0
CATCTTGAACAAAGAC,0
CATCTTGCTTCGTTAA,0
CATCTTGTAAAGAGTT,0
CATGAAAACACAAAAA,0
CATGAAACACCTATAA,0
CATGAAGTCTCGAAAG,0
CATGAATATGTCATAT,0
CATGACAAAATGGTAA,0
CATGACAATGTGAGAA,0
CATGAGATCTAAACTC,0
CATGAGCAGAAACATA,0
CATGATAACCCTATAA,0
CATGATAGGGTTTAAC,0
CATGATATCGAAAAGA,0
CATGCAAAACCTTTCA,0
CATGCAAAACGATATA,0
CATGCAACTAGGCACC,0
CATGCAATCCTATAAC,0
CATGCACAAATGAGTA,0
CATGCAGAATCTAGAT,0
CATGCCCCATCTCAAT,0
CATGCCCCGAGGCCAG,0
CATGCCTGCAGGTGTC,0
CATGCGTACCGAAGAA,0
CATGCGTACCTAGCTT,0
CATGCGTCAGAAAATA,0
CATGCGTGCAACCAAT,0
CATGCTAGCACCCTAA,0
CATGGAAAATTAATAA,0
CATGGACATTGAGCTC,0
CATGGAGCCAACTACA,0
CATGGCGATAGTACTA,0
CATGGGAAATCTACCC,0
CATGGGACTGCACGAT,0
CATGGGCACAAATTAG,0
CATGGTCCCATTAGGA,0
CATGGTGCCCTGATCG,0
CATGTAAGAATGAGAG,0
CATGTAATTTCATTCT,0
CATGTATCATCCAACC,0
CATGTCACAAAATCAA,0
CATGTCCGGCTGAATT,0
CATGTCGCATTATAAA,0
CATGTCTAACAACTTC,0
CATGTGGATCCTGACA,0
CATGTTCCCTAATACT,0
CATGTTGAATCCTAAG,0
CATGTTTCCCGTTCCC,0
CATTAAAAAATATTAG,0
CATTAAAAATGCCCAA,0
CATTAAAACCGTAGAC,0
CATTAAAATTGGAATA,0
CATTAATGAACAATCT,0
CATTACAAATGAATAT,0
CATTACAAGACTTGTA,0
CATTACATAAATATTC,0
CATTACATTTAACAAT,0
CATTACTAATGGGAGA,0
CATTACTTCACAATGT,0
CATTAGAGCGATATAA,0
CATTAGAGTAAAAACA,0
CATTAGGGTAATGGAA,0
CATTAGTACAACCTAC,0
CATTAGTCTACCCGAT,0
CATTATAGACCAGGCT,0
CATTATATACCCAGCT,0
CATTATCCCTCGACGC,0
CATTATCTCACTCCAG,0
CATTATGTTAATAGAA,0
CATTATTCAACGGTCA,0
CATTATTTACTAAAAG,0
CATTCAAAGAATTCAT,0
CATTCAAGATACCTGA,0
CATTCACAAAGGTACA,0
CATTCACTTCAAACAT,0
CATTCATCGAACATTC,0
CATTCGTAACTATCTG,0
CATTCTACTTAAGTAT,0
CATTCTTAAACTACGT,0
CATTCTTAATCAACCC,0
CATTCTTACCAAAATT,0
CATTCTTTGTCGAACG,0
CATTGACCCAAAAAAA,0
CATTGATCTCGTGCAG,0
CATTGATTCGGTTAAC,0
CATTGCGGACATTCGT,0
CATTGGGATATCTTTT,0
CATTGGTTTTCAGAAG,0
CATTGTATAGTTAGGA,0
CATTGTGAATTGACCA,0
CATTTACAAAAGCCTA,0
CATTTACTCAATTAAG,0
CATTTATGTTTTCAAG,0
CATTTCATCACCCATA,0
CATTTCGATCGCGAGA,0
CATTTGAACATAAAAA,0
CATTTGAGGTCACTGA,0
CATTTGGACCAATGGC,0
CATTTTCAGCACGTCA,0
CATTTTTGATCGAATC,0
CATTTTTTGATGGTTT,0
CCAAAAAGCCCCAATG,0
CCAAAAAGCTCGAACA,0
CCAAAAATGATAACAC,0
CCAAAACTATTATCTT,0
CCAAAATAATAAATAT,0
CCAAAATAATCAAACC,0
CCAAAATCAGAAACAT,0
CCAAAATGAAACTTAA,0
CCAAAATGCAAAGTAT,0
CCAAAATGTTCACCTC,0
CCAAACACACAGTCCA,0
CCAAACACTATTGAAC,0
CCAAACACTGAATCTG,0
CCAAACCAACGTGTAA,0
CCAAACCGTGTGAACA,0
CCAAACGGTTAACGAG,0
CCAAACTAAGGCATTT,0
CCAAACTACTACTAAC,0
CCAAACTTACGAGTAT,0
CCAAAGAATATAAAAA,0
CCAAAGACGTGGACCT,0
CCAAAGACTCACAATT,0
CCAAAGATGACGAAAG,0
CCAAAGGAAAAGTCCC,0
CCAAAGGACCGACCAC,0
CCAAAGTAGAAGCCCC,0
CCAAAGTTCGACATAC,0
CCAAATAAAATCCCAG,0
CCAAATAACTATTAGC,0
CCAAATATACAGAGTA,0
CCAAATCAAAGAGGTA,0
CCAAATCCTCATCCCA,0
CCAAATCTTCACAAAT,0
CCAAATTACAAACTGC,0
CCAAATTACACTAAAG,0
CCAAATTCAACCACAG,0
CCAAATTCAGCCCTAG,0
CCAAATTCCCATCTTA,0
CCAACAAATTTTATGG,0
CCAACAACACGTAGAT,0
CCAACAAGGACCCGTG,0
CCAACATAAGGGAAGA,0
CCAACATCGTCTCGAC,0
CCAACCAAATTTCTGA,0
CCAACCACTAAAGATA,0
CCAACCATCAACACCC,0
CCAACCATTAAAACAA,0
CCAACCGAACCAGACG,0
CCAACGAGGATTTCCA,0
CCAACGGAGTCAAGAG,0
CCAACGTCACACTAAC,0
CCAACGTCTGGAAAAT,0
CCAACGTGCTTAAGTA,0
CCAACTAAAATGTACT,0
CCAACTAACCCCCGAG,0
CCAACTACCTCAATCG,0
CCAACTAGGTGGATCT,0
CCAACTGCTTCAAATT,0
CCAACTTCTCAGGGTT,0
CCAAGAAAAAGGTATA,0
CCAAGAAACCAACATA,0
CCAAGAATCACCGAGT,0
CCAAGATTTAAGTGCT,0
CCAAGCCTAAAACCTA,0
CCAAGCCTACTCATCT,0
CCAAGCTTGCCCGAAG,0
CCAAGGAAACATATTG,0
CCAAGGCTTTGATCGC,0
CCAAGTAATGACTAAA,0
CCAAGTATCGCAGAAG,0
CCAAGTCCGTCGTACA,0
CCAATAAAGCTACCAC,0
CCAATAATCTTGCTCT,0
CCAATACAGACCTATC,0
CCAATATTAGGTAAAC,0
CCAATATTTTTCAACT,0
CCAATCAGCACTCTAC,0
CCAATCCCTCATAAAA,0
CCAATCTAAACAAACA,0
CCAATGAAAAGATGAA,0
CCAATGTTATCATTCA,0
CCAATTACGGCACTTA,0
CCAATTAGCTATGATT,0
CCAATTCGAGGAAAAC,0
CCAATTCGTAGTAAAA,0
CCAATTTCCAGATTTA,0
CCAATTTTACCAAAAA,0
CCACAAACCACTGGAC,0
CCACAAACCCTATAGA,0
CCACAATTGGGTACCT,0
CCACACCACAAACCAA,0
CCACACTCTCTAACAC,0
CCACAGGTAGATCATA,0
CCACATACGAATCTAG,0
CCACATAGGCTTTATA,0
CCACATAGTCACTCTA,0
CCACATATCCCAAACG,0
CCACATCACATAAGGG,0
CCACATGTAACTCAGC,0
CCACCAACACAATAAC,0
CCACCAATTTGACGTG,0
CCACCCAAGAGGACCA,0
CCACCCATTGCCATTG,0
CCACCCCTCCGTGGCT,0
CCACCCGCTACTTTCA,0
CCACCGCCTCAATTAA,0
CCACCGTTATAATATA,0
CCACCGTTCCAATTAT,0
CCACCTCGCCACACAG,0
CCACCTCTGGAAGTAG,0
CCACGAAAATGTAAAA,0
CCACGAATAAGATAAT,0
CCACGAATGTAAGGGA,0
CCACGAGAACAACCTC,0
CCACGAGCATCTACTA,0
CCACGAGGATCAAGGG,0
CCACGAGTATCCAGTG,0
CCACGCATCCGAGACA,0
CCACGCCCAAAAAAAA,0
CCACGCTCTACTAGTC,0
CCACGGCCTGATAACA,0
CCACGGTTGGTTAGCG,0
CCACGTATAACTACAT,0
CCACGTATATACGATT,0
CCACTAACTTGACGAC,0
CCACTACTGAACCAGG,0
CCACTATCCAATAGCG,0
CCACTATCTGCGCCTT,0
CCACTATTCCTTCCGC,0
CCACTCTAAGACTTCA,0
CCACTGATGGCTATAA,0
CCACTGCTATTATAAG,0
CCACTGTTACCAGTAC,0
CCACTTATATTGGTCA,0
CCAGAAAAATCAGGCC,0
CCAGAAGGAATACGCA,0
CCAGACAGCTATTTTA,0
CCAGACCCTAAGTTCT,0
CCAGACCTAAGATCAG,0
CCAGAGAAATGCGACC,0
CCAGAGTGTCAGCTAA,0
CCAGATACATCTCTAA,0
CCAGATATACAAATTA,0
CCAGATGATACAATTA,0
CCAGATGATATTTGAC,0
CCAGATTAAATAGGCA,0
CCAGCAAATGGAAATC,0
CCAGCAACATCTAGAT,0
CCAGCAAGACTCTTAA,0
CCAGCAGCTCAATGTG,0
CCAGCATTAAAACCCT,0
CCAGCCCATGTGACCA,0
CCAGCCGCAACGACGC,0
CCAGCGATCGGAAACG,0
CCAGCGCCACCGCTTT,0
CCAGCGCCTAGTCTGG,0
CCAGCGTCAAGAAATG,0
CCAGCTCAAACCTGCA,0
CCAGCTTCTATGTTAT,0
CCAGGAGTGTAAACTG,0
CCAGGATCATAACCGA,0
CCAGGATCCTCACTGA,0
CCAGGGACCCATAATG,0
CCAGGGGCAACGAAAA,0
CCAGGTATAGATTCAA,0
CCAGTAATATATCCTT,0
CCAGTAATGAACCATC,0
CCAGTACGTACACCAG,0
CCAGTCACCGAAATGG,0
CCAGTCGCAAGTGCCG,0
CCAGTTAAGGCCAACA,0
CCAGTTACAGTGATAT,0
CCATAAAAATATGAGA,0
CCATAAAGCTGTTAGC,0
CCATAACTTAATAATG,0
CCATAAGCATGCTAAA,0
CCATAATAAAACGTGA,0
CCATAATGAAAACGAA,0
CCATACGGACTCACTT,0
CCATACTATATAAAAT,0
CCATAGAATAAAGGCC,0
CCATAGCAGAAGTCCT,0
CCATATAATAGTCAGG,0
CCATATGTAGTATCTC,0
CCATCAAAACAGGTAC,0
CCATCAATCATTAGTC,0
CCATCACCGGCCTGAT,0
CCATCAGTCAGGCGAG,0
CCATCCAAACATTTTG,0
CCATCCGAATCATATA,0
CCATCGTACACATAGC,0
CCATCGTCTATTAATC,0
CCATCTAAAAGAAGCC,0
CCATCTATAAAAGTGA,0
CCATCTCGACAGGATT,0
CCATCTTCGACTTTAG,0
CCATCTTTAATCAAAT,0
CCATGAACTACTACTA,0
CCATGAATAAGGATGA,0
CCATGAATTTTAACGT,0
CCATGACGACCAAATT,0
CCATGACTGTATAGTT,0
CCATGAGACCCGGGCT,0
CCATGAGCCCATAGAA,0
CCATGATATTTTCAGT,0
CCATGATTACTAGTAA,0
CCATGCAATAAGGATC,0
CCATGCTCTCGAAATT,0
CCATGTAGCAGAGATA,0
CCATGTATGAACAGAA,0
CCATGTCTTCGCGCAT,0
CCATTAATGAATAAGA,0
CCATTATCGAAAGTAC,0
CCATTCCATTCAATTA,0
CCATTCTAATGAAATG,0
CCATTGAATATAGGAC,0
CCATTTAAAGGTACAA,0
CCATTTAATAAAACCG,0
CCATTTAATGCAAAAT,0
CCATTTACTCAGTCGT,0
CCATTTAGGGTAGTAA,0
CCATTTCCTAGCCAGT,0
CCATTTGGTGCAATTA,0
CCATTTTTTTAGGAAG,0
CCCAAAAAAATGATCC,0
CCCAAAACCCGATTAA,0
CCCAAAACTTCAAATG,0
CCCAAAATATAGTAGA,0
CCCAAACATGTGGTGC,0
CCCAAAGTTTCCCCTG,0
CCCAAATGTTTCGTTT,0
CCCAAATTCGGTGAGG,0
CCCAACACACTTAAAT,0
CCCAACATTTATACGA,0
CCCAACCAAATCCAAT,0
CCCAACCACTCATAAA,0
CCCAACCGACTGCAAA,0
CCCAACGTTGACAACC,0
CCCAACTCACTACATG,0
CCCAAGAACAACCAAT,0
CCCAAGACAAAAGTTC,0
CCCAAGCCTAGTCAAC,0
CCCAAGGAAGACTCAC,0
CCCAAGTAGTAGTCGT,0
CCCAAGTTAATATGGC,0
CCCAATATTAAATCCA,0
CCCAATGTTTTATAAT,0
CCCACAAGTGTCATAA,0
CCCACACAAAAATATG,0
CCCACACACATCACTA,0
CCCACAGAATCATTGA,0
CCCACATACCGAGGTC,0
CCCACATAGACACCCA,0
CCCACCAAAAAGCAGA,0
CCCACCAAACTATGGG,0
CCCACCACAGCCGACA,0
CCCACCCACAAACGGA,0
CCCACCCTTACTAGAG,0
CCCACCCTTTAAAGGT,0
CCCACCGCGACGGCAT,0
CCCACGACCTAGTAGA,0
CCCACTTAACCTTAAG,0
CCCACTTCAGACTAAT,0
CCCAGAAGTTACATCC,0
CCCAGCACTGTGGGAG,0
CCCAGCCTTCAGCCAA,0
CCCAGCGAGGACATGA,0
CCCAGCGATATAATCA,0
CCCAGTATTCTCTACA,0
CCCATAAGGAGTAATA,0
CCCATATGGATCATAA,0
CCCATCACCTTTTAAT,0
CCCATCTCAAATTCAT,0
CCCATGATCAGCGAGA,0
CCCATGATGAACAATA,0
CCCATGCACAGCCGTT,0
CCCATGCATTTAAACC,0
CCCATGGGCCACTGAA,0
CCCATTATTAATTGAT,0
CCCATTCAAGTAGTAT,0
CCCATTCAGGGAGATT,0
CCCCAAAACCAGTGAG,0
CCCCAAACAGGTGCAA,0
CCCCAAGAGCACACCA,0
CCCCAATCTTAACTTA,0
CCCCAATGTTTAAAGA,0
CCCCAATTCATTAGAG,0
CCCCACCTATCAGACG,0
CCCCAGCTGGACTAAG,0
CCCCAGTAGATTAAAG,0
CCCCATGAAACAAAAC,0
CCCCATTACAAGGGAA,0
CCCCCCGAAATGAAGC,0
CCCCCGAAAATTATAA,0
CCCCCGCCCGATGCCG,0
CCCCCGCTGAACCATA,0
CCCCGAATTAAGCTTC,0
CCCCGATAAAATGCAA,0
CCCCGGGACAAATAGG,0
CCCCGGGTTAATTACC,0
CCCCGGTATAAAGATG,0
CCCCGTGGGACTAAAC,0
CCCCGTTCCCCAATTT,0
CCCCTAAGTGTATGAA,0
CCCCTAATAAAAAATA,0
CCCCTAATAAAGTGGC,0
CCCCTAATCCCTCAAT,0
CCCCTACGTTGCGTGC,0
CCCCTACTAGAACATG,0
CCCCTACTATTTGAAC,0
CCCCTACTGCACGAGT,0
CCCCTATTAGTAAGAT,0
CCCCTATTATTCAACG,0
CCCCTCTGGAAGATTG,0
CCCCTCTTGATTATCA,0
CCCCTTACTCAAGTCT,0
CCCCTTCCTTTTACCT,0
CCCGAAAGTATGGCCA,0
CCCGAAATTGTTATTC,0
CCCGAACCAGAAGCGA,0
CCCGAACTCCGTGTTT,0
CCCGAATAGAATGTTT,0
CCCGAATTATTCAATC,0
CCCGACTGAAGCTCAG,0
CCCGAGGCATTATTCA,0
CCCGAGGTCCTTATAA,0
CCCGCACTCCATTGCC,0
CCCGCAGAGCCGTCCC,0
CCCGCGAATCAAGTGA,0
CCCGCGGAAATTGAAG,0
CCCGCGTTTTTGAAAG,0
CCCGGCGCAGACCCTG,0
CCCGTAACCATGTTGA,0
CCCGTAACTGATGGAC,0
CCCGTAATGTTCTTCT,0
CCCGTATAGGACATGT,0
CCCGTATCAATATACC,0
CCCGTATTGCACCTAT,0
CCCGTTCCGATCCAAC,0
CCCTAAACGCTTATCA,0
CCCTAAAGGGATAAAC,0
CCCTAAATGCGAATAA,0
CCCTAACACCCGCGTA,0
CCCTAACTGCGGTCTA,0
CCCTAAGAACAGCAGT,0
CCCTACTACACGCTAC,0
CCCTAGCTGTCATAAC,0
CCCTAGTCCAAGACTA,0
CCCTAGTGTCATACCT,0
CCCTATAAGGACGGGC,0
CCCTATACTAGATAGC,0
CCCTATAGTGCTACGA,0
CCCTATCTCTAGTTAC,0
CCCTCAATAAGCCAAT,0
CCCTCACAGTACAAAG,0
CCCTCATAGAATATGT,0
CCCTCCTAAACAAAAC,0
CCCTCGAACTGATTTT,0
CCCTCTAGACATGAGA,0
CCCTCTTATTAATCCA,0
CCCTGAAAATTTTCAG,0
CCCTGACGGGGGATCC,0
CCCTGATGAAAACCGG,0
CCCTGCGAAATGTAAT,0
CCCTGCGTGAGGCTGG,0
CCCTGCTATAACCGGC,0
CCCTGGTAAGAACGCC,0
CCCTGGTAAGGAAGTA,0
CCCTGGTAGTAGCGGT,0
CCCTGTAGCCATACAT,0
CCCTGTCGTTCATCAT,0
CCCTGTGTTAATTATT,0
CCCTGTTTTAACGCTT,0
CCCTTAACCCTATGAC,0
CCCTTACTCAACCTAT,0
CCCTTAGCTCCCGGTA,0
CCCTTCAAAACGAAGC,0
CCCTTCTAAATCTTAA,0
CCCTTCTGTATATTAA,0
CCCTTCTTTAACAAGA,0
CCCTTGAGACTCAATA,0
CCCTTTACGCGAGTGT,0
CCCTTTCTACTAAGAA,0
CCGAAAAAACATACCC,0
CCGAAAAAAGGTTATT,0
CCGAAAACGGCGATCG,0
CCGAAAACGTAACCTG,0
CCGAAACTACAACCTA,0
CCGAAAGATTAGACGT,0
CCGAAAGGTTCACAAG,0
CCGAAATACGGAATTG,0
CCGAACGACTAACAAC,0
CCGAACGACTTCCTTC,0
CCGAACGGACTATCAT,0
CCGAAGCATATGTATG,0
CCGAAGCTAGGTGCGC,0
CCGAAGGGAGAAAGTG,0
CCGAATAATTACCTAG,0
CCGAATTCGCCCCTGA,0
CCGACAAAGGCTAAAC,0
CCGACCACTTCCTCGG,0
CCGACCCGACAAGTGA,0
CCGACCGAAGGACATT,0
CCGACCTGATCTGAGC,0
CCGACCTTCCACGTAT,0
CCGACTAAAGCGGCAA,0
CCGACTATTCTACTCT,0
CCGACTTTTAGAGATG,0
CCGAGAGCATCGACCA,0
CCGAGGATCACCCAAC,0
CCGAGGCACATACATA,0
CCGAGTAAAGGTGCTC,0
CCGAGTGAAAGACACT,0
CCGAGTGAGCTATCAA,0
CCGAGTGCTTATACCA,0
CCGATAAAACCTGAAA,0
CCGATAAGGCTTGACA,0
CCGATCACAACAAACA,0
CCGATCGCGCTTTAAG,0
CCGATCTATAACAACA,0
CCGATGAAATTAGCTT,0
CCGATGCAAGTGCCCA,0
CCGATGTCCTATGTTG,0
CCGATGTTGGTGCACT,0
CCGATTAGTGCTACGC,0
CCGATTGGGCTCTAGA,0
CCGATTTAAAGCTGGC,0
CCGATTTAAGGCACAG,0
CCGCAAATCTAATTAA,0
CCGCAAATTATATACC,0
CCGCAAGAGATACAAT,0
CCGCAAGTCATAAACC,0
CCGCACCTCAGGCAAA,0
CCGCACGAAACCAATG,0
CCGCACTACCTTGGTT,0
CCGCAGACTTGGAGAG,0
CCGCAGCAAGAAGCTG,0
CCGCATTCAGGGTTCG,0
CCGCCCTCCTAGTGGC,0
CCGCCGCACCAGTGAT,0
CCGCCTACAAGCAGCA,0
CCGCCTCACTTACACA,0
CCGCCTGATTGAAATC,0
CCGCCTTAACGCCCAA,0
CCGCGAATAAACCAAC,0
CCGCGACAAGATGATT,0
CCGCGACTAAAAATCT,0
CCGCGCGATTAGCACT,0
CCGCGTACAGCGCTTC,0
CCGCTAAACAGGGGTA,0
CCGCTATAACAGATGG,0
CCGCTGAGTTCTTACC,0
CCGCTTGACTAGCCTA,0
CCGCTTTCAATACAGT,0
CCGGAATACCGGATGA,0
CCGGAATACGCAACGT,0
CCGGAATCAAACCACA,0
CCGGAGAACATGCTCT,0
CCGGAGTTGTGTATGA,0
CCGGATCACATAAAAA,0
CCGGGACGGACTATAG,0
CCGGGGACATAAAAGG,0
CCGGGTAAAAAATACC,0
CCGGGTTATTATTAAG,0
CCGGTATATGCTAGGA,0
CCGGTCAGCTAGCCTA,0
CCGGTGATTAGACTAG,0
CCGGTTCCACATACAG,0
CCGGTTGATATTGCCG,0
CCGTAAAAACTTCATA,0
CCGTAAATAAATTTTC,0
CCGTAACAATCTACCT,0
CCGTAACCGATGTGGG,0
CCGTAACGGTACCTTG,0
CCGTAAGACAAAGAAC,0
CCGTAAGAGGTCAATT,0
CCGTAAGCCACCAAAG,0
CCGTACGAGTCGACAA,0
CCGTAGCATAAATGAG,0
CCGTAGCCGTCGCCCG,0
CCGTAGGAACCGGCGA,0
CCGTAGTTATAACCAT,0
CCGTATCACGCGGGAG,0
CCGTCAAAATCAAAAT,0
CCGTCACTCGGCCTAA,0
CCGTCAGACAGAGGTT,0
CCGTCCAATCATCAGG,0
CCGTCCGAAAATGAAC,0
CCGTCTTAGACAGATA,0
CCGTGAATTAAGAATA,0
CCGTGAGATAGAAGCA,0
CCGTGCACATGTAACG,0
CCGTGCTGCATACTTT,0
CCGTGGTATCAAAGCA,0
CCGTGGTCCGTGCTAT,0
CCGTGTTATTGGGAAC,0
CCGTGTTCACATTAAA,0
CCGTTCCATATTCCAA,0
CCGTTGAAGCATCCGT,0
CCGTTGTCATGCACTA,0
CCTAAAAACCATATCC,0
CCTAAAACCCTAGCTC,0
CCTAAAACGAATTACT,0
CCTAAACTGATACTTC,0
CCTAAACTGGTAACAA,0
CCTAAAGAACCGTATA,0
CCTAAAGAGAGCTGGG,0
CCTAAATAGTATGTTT,0
CCTAACAAATCTCCAA,0
CCTAACATAAGTATTA,0
CCTAACATGACAGTCA,0
CCTAACCCTCTGCGTA,0
CCTAACGGCAGACCAG,0
CCTAACTTTATTTTCG,0
CCTAAGCGAATTGCCT,0
CCTAAGGACTATGACA,0
CCTAAGTAATATCCCA,0
CCTAATGAAATATAAA,0
CCTAATGCGAGATAGA,0
CCTAATTTAGGATCCC,0
CCTACAAAGGTTACTC,0
CCTACACGTAAGATAG,0
CCTACACTGCGAACAT,0
CCTACCAAAGTAGAAA,0
CCTACCAATAATCCCA,0
CCTACCACGATAAGAT,0
CCTACGCTTAAATGTA,0
CCTACGGCGGATTTAC,0
CCTACTGAGGGTCGGT,0
CCTACTGGGAACTTGA,0
CCTACTTGCAAAGCGA,0
CCTAGAAATATACACA,0
CCTAGAAGGCGTTAAA,0
CCTAGACGAAACTGCT,0
CCTAGAGCATCGACCG,0
CCTAGCACTACAAAGC,0
CCTAGCATACACATAG,0
CCTAGCGACATCAGTA,0
CCTAGGCAGGACCGAT,0
CCTAGGCAGGTCTCTA,0
CCTAGTATCGCATGCC,0
CCTATACTGAAATGTA,0
CCTATATATAACATTC,0
CCTATCGAAAATGCTT,0
CCTATCGCTCTTTAGT,0
CCTATCTGGCATCTCA,0
CCTATGATATCAAGTG,0
CCTATTAACCCAATCG,0
CCTATTATGCAAGTAA,0
CCTATTGATACAAGAT,0
CCTATTTTTCCGACAA,0
CCTCAAACCAATGTAC,0
CCTCAATGTACATAAT,0
CCTCAATTCCTAATAG,0
CCTCACAGCAACTATT,0
CCTCAGGAATAAGGAT,0
CCTCATACACAAGATA,0
CCTCATACCAAAACAA,0
CCTCATCAAATTTTAA,0
CCTCATTAGCAATTAT,0
CCTCATTGTGAAGGTG,0
CCTCCAAAAAAAGACA,0
CCTCCAAGAGACCACA,0
CCTCCGAAGCTGACAT,0
CCTCCGAATGCGGACT,0
CCTCCGATAACTATAA,0
CCTCCGGTCGGTACTA,0
CCTCGATAAAACGGTT,0
CCTCGCGGATTCCTGG,0
CCTCGGCCACAGTCCT,0
CCTCGGTCGTAAGGAT,0
CCTCGGTTAATATATT,0
CCTCTAAATGAGGTGC,0
CCTCTAACATAAACTA,0
CCTCTCTTTATTACAA,0
CCTGAAACAGGTGGCC,0
CCTGACAGACGTACTA,0
CCTGACAGTTCAATTC,0
CCTGACCCATTAGAGC,0
CCTGACGAAAATGGAA,0
CCTGACTATTCATAAA,0
CCTGAGAAGTTCACGC,0
CCTGATAAATTTCAAA,0
CCTGCAAAAGAATATA,0
CCTGCATACCAACAAA,0
CCTGCATGCGATTGAT,0
CCTGCATGTAAGAAGG,0
CCTGCCAATATTAATT,0
CCTGCGCATATATCAC,0
CCTGCTGAAGTCTATA,0
CCTGGAATTAAGAATC,0
CCTGGACAAATCGCGA,0
CCTGGAGAACGGAGCA,0
CCTGGAGCGCACTAAT,0
CCTGGATCCTGTCAAT,0
CCTGGCTTACTATGCT,0
CCTGGGGGAATAAAAA,0
CCTGTACTACTGACAA,0
CCTGTCACACGGCTGA,0
CCTGTTCCCTCGATAA,0
CCTGTTTGACGAGACA,0
CCTTAAAAGAACAAAA,0
CCTTAACAATGTGTGC,0
CCTTAAGTAGGTAGGG,0
CCTTAATCAAAGGGAT,0
CCTTAATCTTCATTGT,0
CCTTACAATCAGTTAC,0
CCTTACACAGAACCTT,0
CCTTACTCCTCTATTA,0
CCTTAGCCTGACAAAC,0
CCTTATATAGACTCTA,0
CCTTATCGTTATGGCT,0
CCTTATTATACGTAAA,0
CCTTATTCAAGAACCC,0
CCTTCAACATATTACG,0
CCTTCAATACACGAAA,0
CCTTCAATATGTTGCC,0
CCTTCAGAACATAGCT,0
CCTTCAGACAACTGCT,0
CCTTCATAAAAAGCCG,0
CCTTCATCAACTAGAT,0
CCTTCCGTAATGTAAC,0
CCTTCCGTTGATTAGC,0
CCTTCCTTTGCAATGA,0
CCTTCGGAGTATGTAT,0
CCTTCGTAAAAGCAAA,0
CCTTCGTCTAACTCAT,0
CCTTGAAGACTCACAT,0
CCTTGACAGCGGAGAA,0
CCTTGCCTAAATAAAA,0
CCTTGTTGATATCTGG,0
CCTTGTTTATACATGT,0
CCTTTAAACATTAACT,0
CCTTTAAAGGATTTCC,0
CCTTTAACCTTTGAAC,0
CCTTTAATTTACCAAA,0
CCTTTATTGCTAGCCC,0
CCTTTCTGGCTAACAC,0
CCTTTGACATACGTCC,0
CCTTTGATTTGTTTAG,0
CCTTTTAAGATAAACT,0
CCTTTTCCTCACACAG,0
CCTTTTTGTTGACAAA,0
CGAAAAAAAAAAATAT,0
CGAAAAACTCGCCTGG,0
CGAAAAAGATCCAAAG,0
CGAAAAAGGACTACGA,0
CGAAAACCAAAATTAT,0
CGAAAACCTCCTAAAA,0
CGAAAAGAAGGGTAAT,0
CGAAAAGACCTGACTA,0
CGAAAAGAGACTGTGT,0
CGAAAAGATCGACATA,0
CGAAAAGCCGCAAAGG,0
CGAAAAGGTTTAGGCC,0
CGAAAATAAAGACCAT,0
CGAAACAACTTATATA,0
CGAAACAAGAATCAAT,0
CGAAACAGCGCACCGT,0
CGAAACCAAAGACCAA,0
CGAAACCATAAATGTT,0
CGAAACGGTCGAATCC,0
CGAAACTAAAAAAAAA,0
CGAAACTACCAGTGCA,0
CGAAAGATGAGCGATC,0
CGAAAGTGTCCTAAAA,0
CGAAATAACTAACGCG,0
CGAAATACTACTAAGA,0
CGAAATAGAGTGTTAA,0
CGAAATATACATTGAC,0
CGAAATCCAAAATCCA,0
CGAAATTAGAAGCTAC,0
CGAACAACAGCAATTA,0
CGAACAACGTTGTACA,0
CGAACACAAATCCACA,0
CGAACACATACTACAG,0
CGAACACATTTCTCTA,0
CGAACAGGCGGAAGCG,0
CGAACATAGTGCCAAC,0
CGAACATATGGACCAG,0
CGAACCAAACCTCAAG,0
CGAACCAATTCGTTTC,0
CGAACCATAGACTCAT,0
CGAACCGACCTGTCAT,0
CGAACCGAGATTAAGT,0
CGAACGAATTAGACGT,0
CGAACGGAACATCCCG,0
CGAACGGGCTTCATTT,0
CGAACGTGTGAATTAT,0
CGAACGTTCACTTCGC,0
CGAACTAAGGTTTCCT,0
CGAACTCAACAAGTAC,0
CGAACTGACCCTGTCG,0
CGAACTTAACCGTTCT,0
CGAACTTCCCTAAAAG,0
CGAAGAACTAAAGCTA,0
CGAAGAAGAATGTTGT,0
CGAAGAATGTCATATA,0
CGAAGACTGCCTATCG,0
CGAAGAGTTCGACGCC,0
CGAAGATATAGAACCA,0
CGAAGATATCTTTAAT,0
CGAAGCAACCAAAATC,0
CGAAGCAGCATTAATT,0
CGAAGCCCGTGCCCCG,0
CGAAGCGTTACAGCAC,0
CGAAGCTTATAAATAG,0
CGAAGGAGATGAGGAC,0
CGAAGGCCATCCATAA,0
CGAAGTATTAATCCAA,0
CGAAGTCTTGATCGAT,0
CGAAGTGAAATCCGCA,0
CGAATAAAACGTATCA,0
CGAATACAAGGTAATA,0
CGAATACGCGCCTAAT,0
CGAATATAATACCTTT,0
CGAATATTGATGAGAA,0
CGAATCTAAACAATCC,0
CGAATTAAGGACTAAC,0
CGAATTAATATCGATA,0
CGAATTCAGCGCTGTT,0
CGAATTCGATATCATG,0
CGAATTCTAAATAGGG,0
CGAATTGTGTATCTAC,0
CGAATTTGTGTTAGGA,0
CGACAAAATTGTATCT,0
CGACAAATGTAATGAT,0
CGACAACCCGCTCTCC,0
CGACAAGCCGCTCCCT,0
CGACAAGGACTCCCAC,0
CGACAAGGCTAGAACT,0
CGACAATCCAAAAAAA,0
CGACAATCTTTACCCA,0
CGACACGACTCACACT,0
CGACACGCTATAACTA,0
CGACACTCCGATTGGG,0
CGACACTTTGTGTTGC,0
CGACAGAATCCAAGCA,0
CGACAGCCCTAGATGA,0
CGACAGCTTAGGAAAC,0
CGACAGTGTGCACAAA,0
CGACAGTTCACAAGAA,0
CGACATAATAAAAGGA,0
CGACATAATAGCCAGA,0
CGACATACCCTCTTCC,0
CGACATACGATAAAAA,0
CGACATCCTGCATAAC,0
CGACATCCTTTCGTAT,0
CGACATGATGTCTCTA,0
CGACATTACCCCACAG,0
CGACATTACTGCGTCA,0
CGACCACCGTACCCCA,0
CGACCGCGTGAAACAA,0
CGACCTAACGTCTAAA,0
CGACCTCCTCTCAAGA,0
CGACGATTGTCAAGTA,0
CGACGGCTGGCCTTTG,0
CGACGGGACACCAAAA,0
CGACGTGAAATCACCT,0
CGACGTTAATATATGA,0
CGACTAAACGCCATCG,0
CGACTAACAGACGAGT,0
CGACTCAACTCAACAA,0
CGACTCGCAATCGGAT,0
CGACTCTACGGTTTTA,0
CGACTCTGGTCTGCGA,0
CGACTGTCGAAGTGAG,0
CGACTTGAAGATCGGT,0
CGACTTTACCAAGTTG,0
CGAGAAAACCACCGGT,0
CGAGAAAATCTAAACT,0
CGAGAAAGAATTACAG,0
CGAGAAAGTGTTTCTG,0
CGAGAACGTGAATACT,0
CGAGAAGCAACATAGA,0
CGAGAATATACCGATC,0
CGAGAATCTAAAACAC,0
CGAGAATGAATGATTA,0
CGAGAATTTTATCCAA,0
CGAGACAACACCCTAG,0
CGAGACCATCCGATCT,0
CGAGATCCTGAGGGCC,0
CGAGCAACTTCTGATA,0
CGAGCACGGAGATGAG,0
CGAGCATACACCATAT,0
CGAGCCAAGACCTCTA,0
CGAGCCATCAAATACA,0
CGAGCCCATCATAAAG,0
CGAGCTAAACACCAAT,0
CGAGCTCTAATCAGGG,0
CGAGCTGACTTAAGCT,0
CGAGCTTTGCACCAAA,0
CGAGGAAATATTGCAG,0
CGAGGAGAAATTTTTA,0
CGAGGATGAAAGCATG,0
CGAGGGAAATACAACA,0
CGAGGTTCCGAACACA,0
CGAGTATAATCTAAAA,0
CGAGTATGCGTTTTTA,0
CGAGTATTCTGACTCG,0
CGAGTCAACACTATAT,0
CGAGTCGAGAGCAAGC,0
CGAGTCTTACTGCTTC,0
CGAGTGAGTGTGGGAA,0
CGAGTTAAACCTTCAC,0
CGAGTTATTTGATATA,0
CGAGTTCTATCTGCTT,0
CGAGTTTTAACTATAT,0
CGATAAAAAAACCAGC,0
CGATAAAAATATAGGT,0
CGATAAAGAACATCAG,0
CGATAAAGGTAATGCA,0
CGATAAAGTGTGGTGT,0
CGATAAATGCGACAAT,0
CGATAATCTGTCCTTC,0
CGATACAACATAACGC,0
CGATACATGGATAGGA,0
CGATACCGAATTCTAT,0
CGATACCGGTGGAAGT,0
CGATAGAGCATGCCCA,0
CGATAGATAATAATAC,0
CGATAGTACACCAACG,0
CGATCATAAACACATA,0
CGATCCAGTTTATCGT,0
CGATCCATATCCCATT,0
CGATCCATCCCAGGTA,0
CGATCCCATAATAAAG,0
CGATGAACCATGGCAT,0
CGATGATAAACCGAAC,0
CGATGATCTTTCAATA,0
CGATGCACTGTGGCCA,0
CGATGCAGTGACTAGA,0
CGATGCTGAAGGAAGG,0
CGATGGACCGAGAACT,0
CGATGGGTACTTATAT,0
CGATGTTCACCGCCAA,0
CGATTAAAAGTAAGAA,0
CGATTAAATTGATAAC,0
CGATTACGAGTAACAC,0
CGATTACTAAAATAAG,0
CGATTATCGCACCGAG,0
CGATTATGCTCTAAAT,0
CGATTCCTTCTGACTT,0
CGATTCTATTAAAACA,0
CGATTGCAATGACAAG,0
CGATTTATAAATAGTA,0
CGATTTATAGTGTCAT,0
CGATTTGAAACATGCA,0
CGATTTGTCGAAGTAC,0
CGCAAAAAATGCGACA,0
CGCAAAACCCCTAGCC,0
CGCAAAACCTATAATT,0
CGCAAAATTGACCCTG,0
CGCAAACTTTTAACGA,0
CGCAAAGAAGTTACAA,0
CGCAAATAATTGGCAC,0
CGCAAATTAGGAGAGA,0
CGCAACAAGGAGAACA,0
CGCAACATGGCCCGAC,0
CGCAAGCACAAGTAAG,0
CGCAAGTAACGTAACA,0
CGCAAGTAATAATGAA,0
CGCAATAAATCCTTGA,0
CGCAATAACAACAATA,0
CGCAATACATATGAAA,0
CGCAATCAAACGCATA,0
CGCAATCATGAAGAAA,0
CGCAATTAGAAACCAA,0
CGCAATTCACTCCCTC,0
CGCAATTCGATTGTCG,0
CGCACAAAACTGTTAT,0
CGCACATGAGCGAGTA,0
CGCACCACCATACCAA,0
CGCACCATGAACTCGT,0
CGCACCCTGAGGAAAG,0
CGCACCCTTGGGACAT,0
CGCACGACCAAAGTGA,0
CGCACGCGATAGAGCC,0
CGCACGGACTCGCCAT,0
CGCACTAAAGAAATTC,0
CGCAGATACCTCCACT,0
CGCAGGTACAAATGCA,0
CGCAGTAACATACAGT,0
CGCATAAAATGAAATA,0
CGCATACTGAATCGCA,0
CGCATCTTCCATATCA,0
CGCATGGAAAAGATGA,0
CGCATTACATAACAAG,0
CGCATTCCCCGTTGAC,0
CGCCAACAACGTATTT,0
CGCCAACCGTGAATTA,0
CGCCAAGGTTCAAACA,0
CGCCAATGAAACAAAG,0
CGCCAATTGCACTACA,0
CGCCACAGACAACCCT,0
CGCCACGAAGTAAAAT,0
CGCCAGGGACAAACTT,0
CGCCAGTATAGCCCCA,0
CGCCATAAAACGTTGG,0
CGCCATAATACCTTGC,0
CGCCATTGATATACCT,0
CGCCCAAAATATAAAA,0
CGCCCATTGTTTATAC,0
CGCCCTATGAGACGTC,0
CGCCCTGATAACAAGT,0
CGCCCTGCCACTGATA,0
CGCCGAAACAACATGC,0
CGCCGACCTAGGGTTT,0
CGCCGGTAACTAATCT,0
CGCCGTCAGATAAGGA,0
CGCCGTCAGATAGGGA,0
CGCCTAACATCACACC,0
CGCCTACACTTTAACA,0
CGCCTATTTGTAACCG,0
CGCCTCAAAATAACAC,0
CGCCTCCCATAAAGTC,0
CGCCTGAACCCTCGTA,0
CGCCTGCGAGTTCTAA,0
CGCCTGTTAGATACCG,0
CGCCTTATAATGTGAG,0
CGCCTTGCAGAAACAT,0
CGCGAAATATTTTAAA,0
CGCGAATCAACCACGA,0
CGCGAATGTCTCAATA,0
CGCGACAACAATCCTA,0
CGCGACCCCATTAGGG,0
CGCGAGGCCTGGCTCA,0
CGCGAGGCTACAAAAA,0
CGCGATCCATACCATT,0
CGCGATTAATCTACAG,0
CGCGATTATACGCAAT,0
CGCGATTGTAGACTTG,0
CGCGCATTTACTCTGG,0
CGCGCCTACTCACCCA,0
CGCGCTCCAAAACTAA,0
CGCGCTTACTTAGTAT,0
CGCGGAAGGCACCTTT,0
CGCGGCAGAATTCAGC,0
CGCGGGACGGCCACGA,0
CGCGGGTCAACCAGGG,0
CGCGGTAAAACGTGTG,0
CGCGGTTCAAATGTTA,0
CGCGTACCAATGCGAA,0
CGCGTATCCACAGTGA,0
CGCGTCATACACGACA,0
CGCGTCATATGTATCA,0
CGCGTGATATCCGGGA,0
CGCTACCTAGATTTGT,0
CGCTACTCCTAATACT,0
CGCTACTCGAAAAGAG,0
CGCTATCATGTACCGT,0
CGCTATCCGCGATAAG,0
CGCTATCTAATTAGAA,0
CGCTCAACTCTCGATT,0
CGCTCAGCACAGATAG,0
CGCTCCCATACTTGAG,0
CGCTCTAACCTGACCA,0
CGCTCTTTTGGTACGA,0
CGCTGAATATTAATAC,0
CGCTGATAGTGTATGA,0
CGCTGCAGGAATTAAG,0
CGCTGGCCTCTGGATG,0
CGCTTACGTCGCGTCA,0
CGCTTACTAGATGCAC,0
CGCTTACTTGAATTTC,0
CGCTTCAATAGTTCAA,0
CGCTTCGAACCCACAG,0
CGCTTGAATAAGCCGT,0
CGCTTTAATCGTGTCA,0
CGCTTTTCCTTCCAGG,0
CGCTTTTTACGTCGTA,0
CGGAAAAACATGTCAT,0
CGGAAAAATTAAACTA,0
CGGAAACTTGCTCAGA,0
CGGAAAGAACAACCGG,0
CGGAAATAAACACAGC,0
CGGAAATTTGCTCACA,0
CGGAACCACTCATAAG,0
CGGAACTAAAGCTACT,0
CGGAAGTTACGGCTCC,0
CGGAATCACGGCTGAC,0
CGGAATTCGGCTCAGA,0
CGGACAAAGAGTCGGG,0
CGGACAAAGCAACCAA,0
CGGACACTCACAAGGC,0
CGGACATGCACTTTTG,0
CGGACCAGCATTTGAC,0
CGGACGCACTTTTATG,0
CGGACGCAGTGTCGTT,0
CGGACTAATTACTGAC,0
CGGAGAGGTGAGTCGA,0
CGGAGCAAATAACTCA,0
CGGAGCTTAGCGCTCA,0
CGGAGGAAACATTCCT,0
CGGAGGAATTACTTAT,0
CGGAGGATAGATGTTC,0
CGGAGGCGGACGAGAG,0
CGGATAAGAATATCTC,0
CGGATACAATGTCCAC,0
CGGATAGGTATAAAAA,0
CGGATCCATGTATAGT,0
CGGATCGATTGAGGAC,0
CGGATCGCCAATTCTA,0
CGGATCGCTGAAACCA,0
CGGATGGCATACAATA,0
CGGATTCAAGTACACC,0
CGGATTTAGTCAGCTG,0
CGGCACAAATTAAAAG,0
CGGCACACTTGTCTAT,0
CGGCACTCGGCCAGCG,0
CGGCAGAACGCCTTAA,0
CGGCAGTATTCAGCAT,0
CGGCATAGCCGGTATC,0
CGGCATATTAAATAAT,0
CGGCATTAACAAATTA,0
CGGCCTATTGACCTAG,0
CGGCCTGAGATATATC,0
CGGCGAAAACAAAAGC,0
CGGCGAGCCCTACAGA,0
CGGCGAGTCATAGGTA,0
CGGCGAGTTTAGTACA,0
CGGCGCGGTTAGTGTC,0
CGGCGGACCGGGATGA,0
CGGCGTTATCGGTAAC,0
CGGCTGACAAAGGGGT,0
CGGCTGCGTTCGGACA,0
CGGCTGTATCATGTGG,0
CGGCTGTGATTAGAAC,0
CGGCTTATCAGCTAGC,0
CGGCTTCTATTCAGTT,0
CGGCTTGGCTTTGCGT,0
CGGGAAATCATTCACA,0
CGGGAATTAACATAGT,0
CGGGAATTTCACGATG,0
CGGGACACACACAGAC,0
CGGGATGACCCGGCTC,0
CGGGCACTGTCACAAC,0
CGGGCGACCAATCAAT,0
CGGGCTAAAAATATTG,0
CGGGCTTTTTTGGGAA,0
CGGGGACGCCACGCGT,0
CGGGGATTTGGGGTAC,0
CGGGGCCAATCTGAAA,0
CGGGGGGCAGGAAATA,0
CGGGGTCTAAACGAAT,0
CGGGTACTACTTCCCA,0
CGGGTCAACCTCGTGA,0
CGGGTTACTACCCAAA,0
CGGGTTGGTCTTCCCA,0
CGGTAACAGACAATGC,0
CGGTAACCTGTTGGGA,0
CGGTAACTATTCCATG,0
CGGTACTCTACTTAAC,0
CGGTATAGTAGTGCCA,0
CGGTATCCATATATGC,0
CGGTATTTATCCAAAT,0
CGGTGATAATAGTAAA,0
CGGTGATTGAGTTACT,0
CGGTGCTGATATGATA,0
CGGTGGCGGGGAAAGC,0
CGGTTAAAGTAGTACT,0
CGGTTAAGCTGTGCAA,0
CGGTTATTGTACAACC,0
CGGTTCTCACGTAACC,0
CGGTTGTGACCTCATA,0
CGGTTTTCCCGCATGG,0
CGTAAAAAGTGCCGCC,0
CGTAAAAGGTGGAAGT,0
CGTAAACCTGATTATA,0
CGTAAAGAACTTAATC,0
CGTAACAGAGCCCACA,0
CGTAACAGGCAACCAC,0
CGTAACAGTCTTAGAC,0
CGTAACATTTTACTGA,0
CGTAACCCCCGATCAC,0
CGTAACCTCAAAAACG,0
CGTAACGAGTACCCTA,0
CGTAACGATCTCCCGT,0
CGTAATGCAGAATTTC,0
CGTACAACTTCAAAAA,0
CGTACACCAATCAGTT,0
CGTACAGAACTTATGA,0
CGTACATAAGCGAAAC,0
CGTACCATCTATTTTT,0
CGTACGAGATTGTAGG,0
CGTACGTTAAATATCT,0
CGTACTCAAAATATTG,0
CGTACTCAAATATGTA,0
CGTAGAACGTACGATC,0
CGTAGAAGGTGATTAC,0
CGTAGACATACTCTTT,0
CGTAGACCCTACTCTG,0
CGTAGCACTGTAATAT,0
CGTAGTAAAAGTGAAT,0
CGTAGTACCGCACCTA,0
CGTAGTTTTAAACTTT,0
CGTATAAAAAACTGAA,0
CGTATAACTACCTATT,0
CGTATCAGAGCTTTAC,0
CGTATCCGTAGCAAAG,0
CGTATCTGACCGAACA,0
CGTATGAGTCTGTTGA,0
CGTATGATAACGCGTT,0
CGTATGCGTCAAAATA,0
CGTATGCTGTGAATTT,0
CGTATTAACGGCAGGG,0
CGTATTCAATCCTGAG,0
CGTCAAAGCGGTAAAA,0
CGTCAAATGAAATACA,0
CGTCAACGAGACGGTT,0
CGTCAAGCCCAAACAG,0
CGTCAATAGTCGTCCT,0
CGTCAATCATATGGAT,0
CGTCAATTTAAAAAAC,0
CGTCAATTTTAGGCAA,0
CGTCACAATATGCAAT,0
CGTCACCGAGATAACA,0
CGTCACCGGACAGTAA,0
CGTCAGAATAAGACGA,0
CGTCAGGAGCCGAGAT,0
CGTCATCGCGAATCAC,0
CGTCCAACCTATAAAG,0
CGTCCAAGATTATTTT,0
CGTCCACAAATCCTAT,0
CGTCCAGTGGTTGCAT,0
CGTCCCTGCCATTTTG,0
CGTCCTATGCCTCAAA,0
CGTCCTTCGCATCCAT,0
CGTCTACCATGCACGA,0
CGTCTCATCCGCACAC,0
CGTCTCCTTTTTCCTA,0
CGTCTGACTGCTACAC,0
CGTCTGTCATCATGCT,0
CGTGAAAGTTAGAAGC,0
CGTGAATAACAGAAAG,0
CGTGAATAATGTCATG,0
CGTGACCGATAAATCA,0
CGTGACCTGTCTAAAC,0
CGTGCATTTGCCACAT,0
CGTGCTAATTTTTAAA,0
CGTGCTCCCCGAAACG,0
CGTGGAACGATAATAC,0
CGTGGATGCGAATATG,0
CGTGGTACAAAAGACT,0
CGTGTATCTTTATTGA,0
CGTGTCATAACACACC,0
CGTGTCCAGAACAACA,0
CGTTAAAACATGACTA,0
CGTTAAAGTCCTAAAA,0
CGTTAACAATATGATT,0
CGTTAACTAACAATAT,0
CGTTACAATCCTAAAT,0
CGTTACAATTAAACGC,0
CGTTACATGGGGTACG,0
CGTTACCACCCATGAA,0
CGTTACTAATGCACAT,0
CGTTATACAATCTTGG,0
CGTTATACCTAGCCCA,0
CGTTATCTAACTGTTT,0
CGTTATGAGTAAACCC,0
CGTTATTCTTCCACTA,0
CGTTCAAAGATAACAC,0
CGTTCACGTGAGCAAG,0
CGTTCATGAACCCAAG,0
CGTTCATGCGAGATGT,0
CGTTCCAAGATCTTTT,0
CGTTCGCTTAAACACT,0
CGTTCTAAAAAGTATA,0
CGTTCTACCCCAAATT,0
CGTTCTACTCATGCAA,0
CGTTGAAAAAGAGGTA,0
CGTTGAGCATGGCCCC,0
CGTTGATAGAACTCAA,0
CGTTGATTGATGAGAA,0
CGTTGCACACGCGAGG,0
CGTTGCCTTCGCTGGC,0
CGTTGGTACTACATAC,0
CGTTGTTAAATAAGTG,0
CGTTTAATGCACATTA,0
CGTTTCCTTGATTGTA,0
CGTTTCTCTGTCTGTA,0
CGTTTCTTGCTAAGGA,0
CGTTTGCTAGACAGAA,0
CGTTTGCTTTGTCAAA,0
CGTTTTAGAATACATG,0
CTAAAAAATATAAATT,0
CTAAAAACTAAGTACT,0
CTAAAAAGACCTGCCT,0
CTAAAAGCCGGGATAT,0
CTAAAATAACTAAATA,0
CTAAAATGGCCCCTCT,0
CTAAACAGACTGACAA,0
CTAAACAGATCATAAA,0
CTAAACCCAACCTAGC,0
CTAAACCGACCGATTC,0
CTAAACGGTTAACTAC,0
CTAAACGTCTCTGGTA,0
CTAAACTAAAAAAATT,0
CTAAAGATTGAATGGA,0
CTAAAGCGGATTTCTA,0
CTAAAGCGTACACATA,0
CTAAAGGTTGCATACA,0
CTAAAGTTAAACTAGT,0
CTAAATAAAACGAATA,0
CTAAATAAGCAGTATT,0
CTAAATCCTGAACAAT,0
CTAAATGCCGAATGAA,0
CTAAATGGTCCGTCTC,0
CTAAATGGTGCTGCTC,0
CTAAATGTAATATGGA,0
CTAAATGTGCCAACAA,0
CTAAATTATCCTTGCT,0
CTAAATTCCTATACGG,0
CTAACAAAATATTAAA,0
CTAACAATACCCCAAA,0
CTAACAATATAAAAAT,0
CTAACAGCTAGGCGAA,0
CTAACATTACCACAAG,0
CTAACCACAGAAGGGT,0
CTAACCATAGTGTAAA,0
CTAACCATCTAAAACC,0
CTAACCCCAAAACCTT,0
CTAACCCTTGGTATAA,0
CTAACCGATAAAGCCA,0
CTAACCGTAATGAGAT,0
CTAACGGATAGGCTAC,0
CTAACGTATGTATTGC,0
CTAAGAACGTTACTTA,0
CTAAGAATACTCGCAC,0
CTAAGACCGCAATCTC,0
CTAAGACTGAAATGAC,0
CTAAGATGAACAAAGA,0
CTAAGATGGAGGTAAC,0
CTAAGCATATATGTTA,0
CTAAGCCGCAAAACAA,0
CTAAGCTGCGATTAGC,0
CTAAGGAAAACAATCA,0
CTAAGGACGGCCGAAA,0
CTAAGGTATGAATTTT,0
CTAAGGTGTTGATGTA,0
CTAAGTAACGGGTCCA,0
CTAAGTATGGCCCATA,0
CTAAGTCCACGAAATG,0
CTAAGTCGCCGATAGT,0
CTAATAAACAGTGTCG,0
CTAATAAACCACAAAA,0
CTAATAAAGCCTACTA,0
CTAATAATTTTGATTT,0
CTAATATATTAGCGGA,0
CTAATATGTCTATCAG,0
CTAATATTCCATACAT,0
CTAATATTTAGAGAGA,0
CTAATCAAAAAAAACC,0
CTAATCAACTCCACAT,0
CTAATCAATACAAAAG,0
CTAATCACACAATGCA,0
CTAATCCACTACAGTT,0
CTAATCTGAGCGGGCC,0
CTAATGCGCACTGGCA,0
CTAATGGCCCACAGAT,0
CTAATGTACACCGGTG,0
CTAATGTCATCAATAA,0
CTAATGTGAAGTGATA,0
CTAATGTTTACTTATC,0
CTAATTAATAAACTGC,0
CTAATTAGGACATTAG,0
CTAATTGAAATGACAG,0
CTACAAACGTAAGTAC,0
CTACAAATCATTGTCC,0
CTACAAATTGCGTTCT,0
CTACAAGAGCCCCTAA,0
CTACAAGATAAAATAC,0
CTACAAGATTGTACAT,0
CTACAAGGATAGACTA,0
CTACAAGTAAAGACAT,0
CTACAATCATTCTTCG,0
CTACACCAGATTTGAT,0
CTACACCTCCAAACAA,0
CTACACCTCGAAAGGT,0
CTACACTATTTGAGGC,0
CTACACTGCCTTCGTG,0
CTACAGAACTAAGATT,0
CTACAGAAGATAAAAT,0
CTACAGAATTACCTCT,0
CTACAGACAGACCCAA,0
CTACAGATTCCGACGA,0
CTACAGATTTAAATGA,0
CTACAGTTACGCACAG,0
CTACATAGCAAAAACA,0
CTACCAATCATCAAGA,0
CTACCATGAGATTGTG,0
CTACCATGATAAGCCG,0
CTACCCAAGCAATTTT,0
CTACCCCGAACTTTTA,0
CTACCCTAAAACCACC,0
CTACCCTAACGGAATA,0
CTACCCTGAACTAAAT,0
CTACCGGACTTAAGAT,0
CTACCGTTAAATTTAG,0
CTACCTCGATATTTCA,0
CTACCTGAAGATTATC,0
CTACGAAACCAAGCCT,0
CTACGACTATACCGTG,0
CTACGCAGTAGAGATT,0
CTACGCATAGAAGAAT,0
CTACGCCTTTAACGAA,0
CTACGTTCCCCCTATG,0
CTACGTTTAAATATTT,0
CTACTACAAGTGATCC,0
CTACTACAGCAGAAAT,0
CTACTATCCATGCTGA,0
CTACTCCAAATACTAT,0
CTACTCGCAAAGATGC,0
CTACTGTCGCACTGTA,0
CTACTGTGAAAAATAA,0
CTACTTAGGGTTCGAG,0
CTACTTCCCAATGAAG,0
CTACTTCCGAAAGCAA,0
CTACTTTGAAATAACA,0
CTAGAAAAACTCAAAC,0
CTAGAAAATAAGGTTT,0
CTAGAAACGCATAAAT,0
CTAGAAAGCAACGCAA,0
CTAGAAATAAACGTGA,0
CTAGAACTAACCTCGT,0
CTAGAATAGTACGCGG,0
CTAGACCTACAACACT,0
CTAGACGAATACTCCA,0
CTAGAGCCTCTATCCT,0
CTAGAGGAAATAAGGG,0
CTAGATAAAGAACTCA,0
CTAGATATCGCAATAA,0
CTAGATTACAACGGGT,0
CTAGATTGATAGAAGA,0
CTAGATTGCGAAATGT,0
CTAGATTTCTCAGAGT,0
CTAGCAAGCGACCACG,0
CTAGCAAGGGATCTCA,0
CTAGCAGACAGAAGAC,0
CTAGCATTAACACAAG,0
CTAGCCAACAAGCCAT,0
CTAGCCCCCTAATGGA,0
CTAGCCTTCAAGATTC,0
CTAGCGAACAACACAG,0
CTAGCTATCGCGAAAA,0
CTAGCTGGTAACACAA,0
CTAGCTTGCATATAGA,0
CTAGGACTCTTAACCC,0
CTAGGATGGAGTAAAG,0
CTAGGCCAGAGGTGAA,0
CTAGGCCCATCCTAAC,0
CTAGGGGCTAATGGAT,0
CTAGGTCTAAACGCAC,0
CTAGGTCTGCTTACAG,0
CTAGTACCTAAAGGTT,0
CTAGTATAACAGTAAT,0
CTAGTATTGTTATCTC,0
CTAGTCACGCCTACTT,0
CTAGTGAGATGTCCTG,0
CTAGTGCGTTTAAGTA,0
CTAGTGGACGCCTAAA,0
CTAGTTAAAAGGGCCT,0
CTAGTTAACGGGTCAC,0
CTAGTTAGATGGCATA,0
CTAGTTGGATCAGGAC,0
CTAGTTTTGGCCGAAA,0
CTATAAACGTAGACTC,0
CTATAACACATACTAA,0
CTATAACCAAGATTGA,0
CTATAACGAAACAGCC,0
CTATAACGATCGGATG,0
CTATAAGACCCTAGAA,0
CTATAAGGGTGCGCGC,0
CTATAAGTGCGAGGTT,0
CTATAATTGATCTTAG,0
CTATAGAACGCATGCT,0
CTATAGCCGCGCTCAT,0
CTATAGTTTAAACCAT,0
CTATATCCGAATATTG,0
CTATATGGACGTGACC,0
CTATATTAATATGTAT,0
CTATATTAATTTATAG,0
CTATATTAGTACTAAT,0
CTATATTTGATAATCA,0
CTATCAAAAGCGTTTC,0
CTATCAATGGGCGGGT,0
CTATCACAGCACGCAA,0
CTATCACCTACTATAT,0
CTATCAGACCACATGG,0
CTATCCAAAATCACTT,0
CTATCCCACCTACTCC,0
CTATCCTCTATGTATC,0
CTATCGATAATTCTCT,0
CTATCGCCTAAAAGTA,0
CTATCGGAACGGTTAC,0
CTATCGGGAATACCCG,0
CTATCTATCACTCCAA,0
CTATCTGGCCCTCAAA,0
CTATCTTAAATAACTT,0
CTATCTTTTCCGAGTC,0
CTATGAAATCAAAATG,0
CTATGAAGCTATGTCA,0
CTATGAATATAACTAG,0
CTATGACCAAGGCCGC,0
CTATGAGCCCTAATTA,0
CTATGAGCCGCCGTCT,0
CTATGAGCGTAAGATT,0
CTATGATAAATGACAA,0
CTATGATTATGAAAGG,0
CTATGCGATCCGACAA,0
CTATGCTCAACCAAAC,0
CTATGTAATTCCCGAG,0
CTATGTCTTTCCAAAA,0
CTATGTGACATCGACG,0
CTATTAACCTCTCATA,0
CTATTAATATAAAGAC,0
CTATTACAAAAAATAA,0
CTATTACGGTAGCAGA,0
CTATTACGTAACAGAC,0
CTATTACTGGATGGTC,0
CTATTATCGTGTCCAT,0
CTATTCAACCAGTTAA,0
CTATTCCAGAAGTACG,0
CTATTCTATCACGTCA,0
CTATTCTATTAGACAT,0
CTATTGATCTACCTAC,0
CTATTGTAATTGAGCC,0
CTATTTAAGCACATAA,0
CTATTTACTAAACCGA,0
CTATTTCACAGTTAGA,0
CTATTTGTACTCTACC,0
CTCAAAAACTTGGAGA,0
CTCAAAAATACTATGT,0
CTCAAACAGTGACACA,0
CTCAAACCTATATAGA,0
CTCAAAGAGTCAAAAA,0
CTCAAATTGTTAAAAG,0
CTCAACAAACGTAAAG,0
CTCAACCCGAGGGCCA,0
CTCAACTAGTCCACTC,0
CTCAAGAGCTTGCACT,0
CTCAAGGGGCAATACA,0
CTCAAGTTCTTCCGAT,0
CTCAATATGCATAATT,0
CTCAATGTATCTTAAT,0
CTCAATGTTATAACCG,0
CTCAATTAGACTCTAT,0
CTCAATTCGCTCACAA,0
CTCAATTTAAAAACAA,0
CTCACACCACATAACA,0
CTCACACCACTAAATA,0
CTCACACGTTTAAAAA,0
CTCACAGCAGTTCACA,0
CTCACATCAGATATCT,0
CTCACCCGCCGCTTTG,0
CTCACCGTATATACAA,0
CTCACCTGCAATCACA,0
CTCACGAGTACTCCAG,0
CTCACGCAACGGAATC,0
CTCACGCCCTCAGGAA,0
CTCACGGTAATGTAGA,0
CTCACGTTTAATGAGC,0
CTCACTAGTTATGTAT,0
CTCACTATCTAATGAC,0
CTCACTATGGACGCAC,0
CTCACTCGGTCATACA,0
CTCACTTAAGAGCAGG,0
CTCAGAAAGCTCAACT,0
CTCAGAAATGGGACGC,0
CTCAGAACCATGAACA,0
CTCAGAAGCAGAGTAA,0
CTCAGACGGTAGCACA,0
CTCAGACGTCTGAGTA,0
CTCAGCAGGTCAAAGG,0
CTCAGCATAGGCGAAC,0
CTCAGCGGGAAAAATC,0
CTCAGCTATCTCTAAG,0
CTCAGTTATCGATAAC,0
CTCATAAACTCCTTTC,0
CTCATAAAGTCACCCC,0
CTCATACGCCGGACAT,0
CTCATATCGGGATCCG,0
CTCATATTGCCAAGTT,0
CTCATCACTGAGATGC,0
CTCATCATTTAATAAC,0
CTCATCATTTATATCT,0
CTCATCTAAAACCCAT,0
CTCATGATCGAATTCG,0
CTCATGTTAAATTCTA,0
CTCATTGCGTCTAGCA,0
CTCATTTCCCGTGGCT,0
CTCATTTTGAACACGC,0
CTCCAACTATATGCAA,0
CTCCAAGGCCAGTATT,0
CTCCAATAGAACTAGA,0
CTCCACAGCATAAAGA,0
CTCCACATACCACGCC,0
CTCCACCTGGATCGAG,0
CTCCACGACATCTTAG,0
CTCCACTCAACCCAAA,0
CTCCAGTCCCTCCGAT,0
CTCCATAACAACACTA,0
CTCCATAGTAATAAAA,0
CTCCATATTCTATAAA,0
CTCCATGCATAAGGGG,0
CTCCATGGCACATACA,0
CTCCCACTCAAGCCTG,0
CTCCCAGTCATAGATG,0
CTCCCATTAATTAACT,0
CTCCCGAAAAAAAATC,0
CTCCGAAGATCCCAGA,0
CTCCGAGGATAAGCGA,0
CTCCGGATGACCTATC,0
CTCCGGTATATGATCC,0
CTCCGTCGAAAGAACA,0
CTCCGTTCGACGAACC,0
CTCCTAACTGATCAGC,0
CTCCTAGAATAGCCCA,0
CTCCTAGGCCATACGC,0
CTCCTCGATTCGTATC,0
CTCCTCTGCTTTCCTA,0
CTCCTTAGATGCAATT,0
CTCCTTCAGAATTTTA,0
CTCGAAACCTAATACA,0
CTCGAAAGAGAATCTA,0
CTCGAACGTTAGATAT,0
CTCGAAGGTACGCTTA,0
CTCGACAAAAAAAACT,0
CTCGACACCCATCAAA,0
CTCGACATGAGACTAA,0
CTCGACTGTTCGTTTC,0
CTCGAGACTACTTCTT,0
CTCGAGCGCAGATCCC,0
CTCGAGGCAGATCCCC,0
CTCGAGTTATGTGCTA,0
CTCGATCGTAGAGATG,0
CTCGCACTATACAGAG,0
CTCGCAGCACCGTCTG,0
CTCGCAGCGCCCAGGC,0
CTCGCCATAACAGCGA,0
CTCGCGTACTGAACTG,0
CTCGCTCACACTCCGA,0
CTCGGAAACGCTTATT,0
CTCGGATAGCCACGTA,0
CTCGGCCCGCGAACTA,0
CTCGGCTCATAAGCAA,0
CTCGGGCGCTGAAATG,0
CTCGGTTAACAATCTA,0
CTCGTAGTTCAAAATT,0
CTCGTATAAATACACG,0
CTCGTCACTAATGGCT,0
CTCGTCCCCTGGCTAC,0
CTCGTTACCACTGTAA,0
CTCGTTCTATCAACCA,0
CTCGTTTACAAATGAA,0
CTCTAACAAACAGGAT,0
CTCTAACGAAGATACA,0
CTCTAAGAGCTATAAG,0
CTCTAAGAGGCAGGTC,0
CTCTACCTTATGTATA,0
CTCTACGAGCAACAAC,0
CTCTACGGAGTCCTGC,0
CTCTAGTCCGTACCCG,0
CTCTAGTGGCACATAT,0
CTCTATAACCTACACT,0
CTCTATGAAAATGAAG,0
CTCTATTAGTATTTAA,0
CTCTATTCAGAAGACA,0
CTCTCAACTCGTATTA,0
CTCTCATTAGTGCACT,0
CTCTCTCGCTAAATGT,0
CTCTCTGTACACCAGA,0
CTCTGAAATCTAATTG,0
CTCTGAACACCAACTG,0
CTCTGACTTACGTGAA,0
CTCTGATCCAATATGT,0
CTCTGTACCTCTTTCA,0
CTCTGTCCATAATATT,0
CTCTTAATAGGGGTCC,0
CTCTTACAAGAAAACG,0
CTCTTATTATCAAGCA,0
CTCTTCGAAAAAACAT,0
CTCTTGATCAGGATCT,0
CTCTTGGCGAGCACCA,0
CTCTTTAATGACAGCC,0
CTCTTTACATCAATTA,0
CTCTTTTTTATCGCCT,0
CTGAAACGAGCTACCC,0
CTGAAAGAAAAAGCTC,0
CTGAAAGGACAATAAT,0
CTGAAAGTATAAATCA,0
CTGAAATCTAAACTGA,0
CTGAAATGATCTCAGG,0
CTGAACATAATGAACC,0
CTGAACCCCTATGATA,0
CTGAACCTACAACTTT,0
CTGAACGGGATGAGTT,0
CTGAAGAAAAACACCT,0
CTGAAGCAGTGTCGAG,0
CTGAAGTTAATTCAAA,0
CTGAATCGAATGATTT,0
CTGACAAAAGTATCAG,0
CTGACAAATGTAATCA,0
CTGACAATAGAAAACA,0
CTGACACGCTACCCTG,0
CTGACGCCTGACTACA,0
CTGACTCACACATATT,0
CTGAGAAAAGCCACTG,0
CTGAGAAATTATCAAG,0
CTGAGACGAAAAAACA,0
CTGAGTGATCCGATAA,0
CTGATAACACGTAATA,0
CTGATAAGTACTTTGT,0
CTGATAATTCGGGCAT,0
CTGATACAAATTCACT,0
CTGATAGATTGACATC,0
CTGATATATTGTGCAG,0
CTGATCGTGCGAATCG,0
CTGATGTGAACTTTTC,0
CTGATTGACTTCGCAT,0
CTGATTGGCTGGATTG,0
CTGATTTGTTCGGTCC,0
CTGCAAAGAAGGGTAC,0
CTGCAACCAATGGCGT,0
CTGCATAGCGACAAGC,0
CTGCATAGCGAGGATG,0
CTGCATCAAAGTTAGG,0
CTGCATTCTGCGATCG,0
CTGCCAAGACTAATCA,0
CTGCCAGAATCTGCGA,0
CTGCCATATAAAAATA,0
CTGCCATTACTTTATG,0
CTGCCCCCGCGAAGGT,0
CTGCCGAATCATCCAG,0
CTGCCGACAAATCAAA,0
CTGCCGATGTACGACT,0
CTGCCTAAATCGTTTG,0
CTGCCTACTGATTAAT,0
CTGCGACGAAGTATAG,0
CTGCGAGCTGCGTTAA,0
CTGCGAGTGTGATAAA,0
CTGCGGTTCGTATATG,0
CTGCTATTTTAATTGA,0
CTGCTCAAAGGGACCA,0
CTGCTTACAGAATTCG,0
CTGCTTTAAATACCCA,0
CTGCTTTCAAATAATG,0
CTGGAAATGTATAAAG,0
CTGGAACGCTGCATAT,0
CTGGAACTTATCATTA,0
CTGGAAGAGGTCTTTC,0
CTGGACGTGGAGTAAA,0
CTGGATAAACTTCAAA,0
CTGGCAACGTTAAGGA,0
CTGGCACATTGTGCAG,0
CTGGCATTCATGATTT,0
CTGGCTGACGCGAATA,0
CTGGGAATCCGCAATG,0
CTGGGAATTGCCTGTA,0
CTGGGATCGTCTAATG,0
CTGGGCCGAGCTACTT,0
CTGGGGCCGCGCGTCA,0
CTGGGGTACTCCTACC,0
CTGGGGTTCTATACCG,0
CTGGTAAATCACATAT,0
CTGGTAAGGTGGAAGT,0
CTGGTCAAACAACGCG,0
CTGGTCAGTAAAGATA,0
CTGGTGGTATACCAAA,0
CTGGTGTCGGTAACCA,0
CTGTAACACCATCACT,0
CTGTAACGTTTACACG,0
CTGTAAGATATAAACG,0
CTGTAAGTCTACTCGC,0
CTGTAATACTTAACGC,0
CTGTAATAGTAGACAG,0
CTGTACACAATTCTGG,0
CTGTACAGGAGATAGA,0
CTGTACCTATTATTAC,0
CTGTACGCACTAACGT,0
CTGTAGAAAAAAGAAA,0
CTGTAGAAAAAGATCA,0
CTGTAGAATGTTAATC,0
CTGTAGACGTCATTGC,0
CTGTAGACTTGAAAAC,0
CTGTAGATCCACAGCA,0
CTGTATCAAATACATA,0
CTGTATCAACTAAAAT,0
CTGTATTCAGGAGTGA,0
CTGTCAATCACCTTAA,0
CTGTCACACATGGCTT,0
CTGTCACGATTAATCT,0
CTGTCACTTACAATAC,0
CTGTCAGTGCTGTCTA,0
CTGTCATCCCTACAGC,0
CTGTCCACTACGACTG,0
CTGTCCCCGCATACAA,0
CTGTCTAAATAATTTT,0
CTGTCTAGCTAATCAA,0
CTGTCTCTGTGTATGA,0
CTGTGAATCAATACTC,0
CTGTGATTTCACAAAA,0
CTGTGCGCAACAATAC,0
CTGTGTAAAAACCCTA,0
CTGTGTAATCAACCAA,0
CTGTTGAAACGAGGAA,0
CTGTTGGCAAATCAAG,0
CTGTTGGGTACCCAAG,0
CTGTTGTGACGGAACA,0
CTTAAAACATCACAGT,0
CTTAAACAGTAGCACA,0
CTTAAACGTGGAAGAG,0
CTTAAACTAACTAGGA,0
CTTAAATCAATAACAG,0
CTTAAATGACGAATCT,0
CTTAAATGAGATTGGG,0
CTTAAATTCTTGCAGT,0
CTTAACAAGTTCCTCT,0
CTTAACAGAATTTGCG,0
CTTAACATTGTAATAG,0
CTTAACCAACACCAAG,0
CTTAACCCCTATTATA,0
CTTAACCGCACATCGA,0
CTTAACGTACCTCCGA,0
CTTAACTCAGGGAACT,0
CTTAAGAACTGGAACG,0
CTTAAGACCGCCATCT,0
CTTAAGCTGGAAAGCC,0
CTTAAGGCTAAACTCA,0
CTTAAGTACACATGCT,0
CTTAATAATTTACAAA,0
CTTAATGTTGACGTTA,0
CTTACAACTATAGTAA,0
CTTACAAGATAATAAA,0
CTTACAAGGGTTTACA,0
CTTACACAAGCCAACA,0
CTTACACCATGGGCTA,0
CTTACAGTCCTAACCA,0
CTTACATAGAACTCTC,0
CTTACCCTCTGGTGCA,0
CTTACCTAAAATAAGC,0
CTTACCTAACTCGGAA,0
CTTACCTCAATCAGAC,0
CTTACGAACATAACGA,0
CTTACGACTTACTACC,0
CTTACGCATAAGTAAA,0
CTTACGTGCATATCAC,0
CTTACTAACAGTACTT,0
CTTACTACCTAGAGGA,0
CTTACTCAATAACTAC,0
CTTACTCACTAGCAAA,0
CTTACTGTGGTAGTCT,0
CTTAGAATTTCCCGCC,0
CTTAGACTAGCCAACA,0
CTTAGAGGAATAAACC,0
CTTAGGCACACGCCTA,0
CTTAGGCGACATGGCG,0
CTTAGGTATTAAAAAT,0
CTTAGTATGACCTGTT,0
CTTATAAGCGATGGTC,0
CTTATACATGCCACCG,0
CTTATATCAAATACAT,0
CTTATCAGCAAACGAA,0
CTTATCGGGGGAATGA,0
CTTATGAAAAACAATA,0
CTTATGAGCATAGTGC,0
CTTATGCGATGATACA,0
CTTATGGGAGCCGTAA,0
CTTATTCCAAGTACAT,0
CTTATTGCAAAAAGCC,0
CTTATTTTGATAGACT,0
CTTCAAAGAATCTACT,0
CTTCAAATATTGAATC,0
CTTCAACTAAATTAAA,0
CTTCACAAAGTGGACA,0
CTTCACATCTATGCCT,0
CTTCACTAATTGGACG,0
CTTCACTCTTTTAATA,0
CTTCAGAAAAAGGTAG,0
CTTCAGGCTCCTAATG,0
CTTCATAAACTTCTTA,0
CTTCATAGATTTAACA,0
CTTCATCTACAATCAA,0
CTTCATGGGTTAATGT,0
CTTCATTCGCAGCGTG,0
CTTCCAACTATATACG,0
CTTCCATTCTAAATAG,0
CTTCCCAAGAGTAAAA,0
CTTCCCGAAACACTTG,0
CTTCCTAGGCTGGCAG,0
CTTCCTATTCACAGCC,0
CTTCCTTCTGCCAAGG,0
CTTCCTTTCTTATTAG,0
CTTCGACGATTTAGGA,0
CTTCTAAAAAACGCGA,0
CTTCTAAAGAACCTGA,0
CTTCTAAAGTAAACAC,0
CTTCTACTTCACGAAA,0
CTTCTATTCCCCAACT,0
CTTCTCGCCGGCGCGG,0
CTTCTGATCCTGGTAT,0
CTTCTTCAGTATTATT,0
CTTCTTCCCTGAAGAC,0
CTTGAAACCCTATTTT,0
CTTGAAATCCAACTCA,0
CTTGAACACGAGCATT,0
CTTGAAGAATAGAAAG,0
CTTGAAGATCATGCTG,0
CTTGAAGTAGTACCGT,0
CTTGACCGGAATTAAA,0
CTTGACCTCTACAACG,0
CTTGAGCTTTAACCGC,0
CTTGAGGCGTAAGAGA,0
CTTGATGCTCAGTTGA,0
CTTGATGTTTTGTGAA,0
CTTGCACCATAAAAGG,0
CTTGCCAATCTTACAA,0
CTTGCCAATGGTAAAC,0
CTTGCCCTCTCAAACT,0
CTTGCCGGACAATCTA,0
CTTGCGCTTTTCATGA,0
CTTGCGGAGTTGCTTA,0
CTTGCTAACTCCAGTA,0
CTTGGAATGATATCTA,0
CTTGGCATAAGCTCCA,0
CTTGGGTATCGACATA,0
CTTGGTAGATCGGACC,0
CTTGGTGAAAGCACTG,0
CTTGGTGCAAAAGACC,0
CTTGTAAAACTGATAG,0
CTTGTAAACTTCCAGA,0
CTTGTAATTGAACATG,0
CTTGTAGGTTAACCGT,0
CTTGTATAACTCGGAC,0
CTTGTATTCATAACGT,0
CTTGTCAAGAAGAATG,0
CTTGTTTCGAAGGAAC,0
CTTTAAAAAAATTATC,0
CTTTAAGTACTTAAGA,0
CTTTAATCTATTTTTT,0
CTTTAATTCATGACCA,0
CTTTACAATACGGACC,0
CTTTACCAACCCCGGA,0
CTTTACGAATTATTCC,0
CTTTAGGAAGACCTTG,0
CTTTAGGTCTATTTGA,0
CTTTAGTACGTATTGT,0
CTTTAGTGACACTGTA,0
CTTTAGTTTTGCATTG,0
CTTTATCCGCGATGCG,0
CTTTATCTCATTTTAG,0
CTTTATGATCGTACCA,0
CTTTATGGACTTAGTT,0
CTTTCAAACATAGAAC,0
CTTTCCGTTCTATAAT,0
CTTTCCTAGCCGCCTG,0
CTTTCGTTAACTGCTG,0
CTTTCTCCAATCACAA,0
CTTTCTGAATCGTCTA,0
CTTTGAAAAACTGACA,0
CTTTGAATTGCTAGCA,0
CTTTGAGCCAGTAGAA,0
CTTTGATTTAAAAAGT,0
CTTTGCCATAATTCTG,0
CTTTGCTTCTCCCAAT,0
CTTTGTTTTAAAACCA,0
CTTTTAAAATAGTATT,0
CTTTTAACTGCCTTTC,0
CTTTTACCATATACAA,0
CTTTTACGTCTATACC,0
CTTTTATAAACGAAAT,0
CTTTTCAAGTGTTAAA,0
CTTTTCTTGTACTCCA,0
CTTTTGAAACCTACGG,0
CTTTTGCCTTGACGCA,0
CTTTTGTGCACTACCT,0
CTTTTGTTAGCCACAT,0
CTTTTTAAGCCTTAGA,0
CTTTTTCATATCGCGA,0
CTTTTTCTACCGGATT,0
GAAAAAATCCCACACA,0
GAAAAAATGTTCAGGA,0
GAAAAAATTGCGAAAG,0
GAAAAAATTTATAAAG,0
GAAAAACAAAGTCAAC,0
GAAAAACCATAGTCAT,0
GAAAAACTAATTAACT,0
GAAAAAGCTGACATCA,0
GAAAAAGTAATTATGG,0
GAAAAATCTAGAATTA,0
GAAAAATGTACTATCG,0
GAAAAATTTCGAGGCA,0
GAAAACAAACTAGCAT,0
GAAAACAAGGATTGAA,0
GAAAACAATTAAATCC,0
GAAAACACACGTCATG,0
GAAAACACGTTTCAGT,0
GAAAACCACAGGAACC,0
GAAAACGAGCACGAAA,0
GAAAACGGAATTATAG,0
GAAAACTATAATAATC,0
GAAAACTGGATTGCAA,0
GAAAACTTTTACTGCA,0
GAAAAGAACTTCCTAG,0
GAAAAGACCAAGGGGA,0
GAAAAGACCTGATCGT,0
GAAAAGCTCAATGCTG,0
GAAAAGTTCTCGGTCT,0
GAAAATAATAAGTGAA,0
GAAAATAGACGGCAGG,0
GAAAATATTTTATTTA,0
GAAAATCAAATAGGCA,0
GAAAATCACATTGGCC,0
GAAAATCTGAAATGTC,0
GAAAATGGAGCGGATA,0
GAAAATTAGTCCGGCA,0
GAAAATTCACGATCGT,0
GAAAATTGATCCCACA,0
GAAACAAATTATGCAA,0
GAAACAACCTATATAA,0
GAAACAAGAAAACAAA,0
GAAACAATGTGTTGAC,0
GAAACACAGCTTATTT,0
GAAACACAGTAACATT,0
GAAACAGTGTCGACGG,0
GAAACATATAGACGGA,0
GAAACATATAGCCATG,0
GAAACATCGAAGGATA,0
GAAACCAACGAATTGT,0
GAAACCAGCACACATA,0
GAAACCATGGAAAAGT,0
GAAACCCGAATACCAA,0
GAAACCGACAGCACTG,0
GAAACCTAACCTAAAT,0
GAAACCTCAAGGCACA,0
GAAACGCCTTGATCCG,0
GAAACGGGAGTACATT,0
GAAACGTCATGCAGAA,0
GAAACGTGTCATCTAC,0
GAAACGTTTCTAAACA,0
GAAACTACACAGACTC,0
GAAACTAGCGCATTAA,0
GAAACTAGTTCAACAT,0
GAAACTATCATCATTA,0
GAAACTCGATAGCACC,0
GAAACTCTAATCCCTT,0
GAAACTGAAAACTTCT,0
GAAACTGTTCTATTAT,0
GAAACTTATTCGTTGA,0
GAAACTTGAAAGAAGA,0
GAAAGAAAACTCAAGT,0
GAAAGAATTCATACCA,0
GAAAGAGCATGGCCAA,0
GAAAGATCAACAAAAC,0
GAAAGCCATAAGGTGA,0
GAAAGCCATTTTCAAT,0
GAAAGGAAAGTGTTAA,0
GAAAGGACATTCGCCG,0
GAAAGGCATACACTAC,0
GAAAGGGAAACGCAAT,0
GAAAGTAAAAAATGGA,0
GAAAGTATAGACTGCA,0
GAAAGTGAGTGGTGGA,0
GAAAGTGGTTTAAATG,0
GAAATAAATGCGCAAT,0
GAAATAAATTGACTAA,0
GAAATAAGAGTGCCGA,0
GAAATAAGCCAGGAAG,0
GAAATAAGTATATAAA,0
GAAATACCTCGGGTAA,0
GAAATAGGACATAAAT,0
GAAATAGTTAATCGGT,0
GAAATATCCCTGACAT,0
GAAATATTGACACATA,0
GAAATCAAACATGTGT,0
GAAATCACGAAATTAA,0
GAAATCACTGCGCGAA,0
GAAATCAGAAAAAGCC,0
GAAATCCCAACATAGA,0
GAAATCCCTTAGAACG,0
GAAATCCTCACTAGCA,0
GAAATCTTAGTTACGA,0
GAAATCTTCCGTTGAG,0
GAAATGAGCCTAGGAC,0
GAAATGAGTAATGAAA,0
GAAATGATACGGTAGT,0
GAAATGCCAGACAAAA,0
GAAATGGTAGTCTAGC,0
GAAATGTTACACCAGC,0
GAAATGTTACCTGCAT,0
GAAATTAACTAAAGTA,0
GAAATTATGTTGAGAA,0
GAAATTCAATATCATC,0
GAAATTCAGCAAGTTG,0
GAAATTGACCCGAGTA,0
GAAATTTTTATAAAAC,0
GAAATTTTTTGGCAAG,0
GAACAAAAACCGAAGC,0
GAACAAAATCAACCCA,0
GAACAAACTTGATCGT,0
GAACAAATCAAAACCC,0
GAACAACACGTTAATA,0
GAACAACCATCACCCT,0
GAACAAGCAATATTAA,0
GAACAATCACGAATTA,0
GAACAATCTGAACGTT,0
GAACAATTAAAAAATG,0
GAACACAAACTTCCGA,0
GAACACAAAGCAGATG,0
GAACACAAGAGATCCA,0
GAACACAGTAACGCTC,0
GAACACATATTTAGCA,0
GAACACCCAGGGGCCC,0
GAACAGCAAATGGTCC,0
GAACAGGACCAAACGA,0
GAACAGGCAGTTTAAT,0
GAACAGTACAAACCGT,0
GAACAGTGACGAGACG,0
GAACAGTTAATCCGAG,0
GAACATAATACAAAGG,0
GAACATGAGGCGTATC,0
GAACATGATACACCGA,0
GAACCAACTTTATTGT,0
GAACCAAGTCGCCTAA,0
GAACCAGGGTCCGCTT,0
GAACCATCCCCTCACT,0
GAACCATTATCCTAGC,0
GAACCCAAACAAAGGA,0
GAACCCCATCGGGACA,0
GAACCCCTGATCGGAG,0
GAACCCTTGAGTTACG,0
GAACCGAAAGTCATTG,0
GAACCGATGACAAGGG,0
GAACCGGGGCAGAGAT,0
GAACCTGGCCAAACTG,0
GAACCTTCCCCGCCCA,0
GAACGAAAGCCTTAAG,0
GAACGAATCCGACACA,0
GAACGACAACTACCGA,0
GAACGACCGGTAAAAA,0
GAACGATATCGAATAA,0
GAACGATATCTACAGA,0
GAACGATGTACTTGAA,0
GAACGATTAACATGCA,0
GAACGATTACTAAGTA,0
GAACGCAGCTACACAA,0
GAACGGGAAGTATTAC,0
GAACGGGACTAAAACA,0
GAACGGTAATTTATTT,0
GAACGTTACAGAGTCC,0
GAACGTTGACTGCTGT,0
GAACTAAACTAGGTGG,0
GAACTACTAGAAATTA,0
GAACTATCACTTCTCA,0
GAACTATGCCTAAATG,0
GAACTATTCCGAACCA,0
GAACTCATGATTGGTT,0
GAACTCTTGAGTATCA,0
GAACTGAGCACAAGCG,0
GAACTGCATCATGTCG,0
GAACTGCGTAACAGCA,0
GAACTGGAATCCAATA,0
GAACTTGAATAGAACG,0
GAACTTGTATGGTAAA,0
GAACTTTAAAGGAGGA,0
GAACTTTAATTTGCCT,0
GAAGAAATCAAATAAC,0
GAAGAAATTTCAATAT,0
GAAGAACAATGACTTC,0
GAAGAACCCCAGATAT,0
GAAGAAGAGACCTTAA,0
GAAGACACACCGATTG,0
GAAGACCACGCCCTAA,0
GAAGAGCAAGAAGAAT,0
GAAGAGGCCAATAACC,0
GAAGATAAGACATCCT,0
GAAGATAGCGCAGGTA,0
GAAGATTAACACATAT,0
GAAGCAAAACCCTGGT,0
GAAGCAACTAATATCC,0
GAAGCAGATACGCGGC,0
GAAGCAGGCAACTTGT,0
GAAGCATACGACAAAC,0
GAAGCCAAAAAAAACA,0
GAAGCCCTTTTGACAT,0
GAAGCCGACGTCCGTT,0
GAAGCCTAGTATCAAA,0
GAAGCCTTTTTATTGG,0
GAAGCGCAATACGATA,0
GAAGCGCTAAAAGTAG,0
GAAGGACGCACTTAAT,0
GAAGGAGCCCATCCGG,0
GAAGGCATCTGAAAGA,0
GAAGGCTTGTCTGGAC,0
GAAGGGCAAATGAAGC,0
GAAGGTGGCAGCCCAA,0
GAAGGTTGAAACGCAT,0
GAAGTAAGTACATAGC,0
GAAGTAGCACGGAAAA,0
GAAGTATATGAAAAAC,0
GAAGTATCTCATGTTT,0
GAAGTATGGGATATTT,0
GAAGTCAGAAATAATT,0
GAAGTCCATGACCAGT,0
GAAGTCCGTGATTGAT,0
GAAGTGTTGCGATACA,0
GAAGTTAATGATGGAT,0
GAAGTTACACGTAAAA,0
GAAGTTCACAACACAA,0
GAAGTTCGGACACATA,0
GAAGTTTCACTACTCT,0
GAAGTTTCTGACCTAT,0
GAAGTTTTAATAAATC,0
GAATAAAGGTGGTATT,0
GAATAACACCAAGAAG,0
GAATAACAGATTATCC,0
GAATAACATTAATCAC,0
GAATAACGGGGACCTT,0
GAATAACTGTAAAAAA,0
GAATAAGAAGACTAAT,0
GAATAAGACCGCCCTA,0
GAATAATCAAAGACCG,0
GAATACAAAAGAGAGT,0
GAATACAGTCTACTAG,0
GAATACATGCCGCGTT,0
GAATACCCTACGCTGA,0
GAATACTAAATAAGAT,0
GAATAGAACATAAACG,0
GAATAGACAAGCTGCC,0
GAATAGAGCTGGCATT,0
GAATAGAGTCCAACAA,0
GAATAGCTATAAGACA,0
GAATAGGAACCTCGAG,0
GAATAGTGCGCAAACA,0
GAATATAAAAAGATGA,0
GAATATATACAAGTCA,0
GAATATATCTCGCCAA,0
GAATATCCATTTGGTC,0
GAATATCGATATACCT,0
GAATATCTCAGATAGA,0
GAATATGCAAACTCTT,0
GAATATTTCGTCCTAT,0
GAATCAAATATTTATA,0
GAATCAAATTCCATGT,0
GAATCACAAAACTAGC,0
GAATCACCACCTCGAG,0
GAATCACCCTATAAAT,0
GAATCACGAAATACAT,0
GAATCATAAGAAATAT,0
GAATCATGACGCGGAC,0
GAATCATTGAATCACT,0
GAATCCAAACGTAAGA,0
GAATCCTAATAGATCC,0
GAATCCTATAAGCGTA,0
GAATCCTATCAACTCA,0
GAATCGAGATATAGGA,0
GAATCGGCACAGGATT,0
GAATCGGCAGGTATAC,0
GAATCGGCCTTTTACA,0
GAATCTAAAAAAAGTG,0
GAATCTAAAACCTTTA,0
GAATCTAATAAGCTAG,0
GAATCTATAATTGAAT,0
GAATCTGACAAGCTCC,0
GAATCTTCATACAAGT,0
GAATCTTTCAAAGACC,0
GAATGACATCAGCAAA,0
GAATGATCTTACGTAA,0
GAATGATCTTATAGCT,0
GAATGCCAGTACTTTT,0
GAATGCCGGAATAAAT,0
GAATGCGGTATGAAAA,0
GAATGGATGGGGCTCC,0
GAATGGCTAGATTTAA,0
GAATGTATGTGTTAGC,0
GAATGTCATAAATCAT,0
GAATGTCGATGCCGCC,0
GAATGTCGCTATAATC,0
GAATGTCTATAACATT,0
GAATGTGAGTTAAATG,0
GAATTAATTAGCAAGA,0
GAATTACTACGTGACC,0
GAATTACTCATAAGTG,0
GAATTATACTATATAC,0
GAATTATATGCTCAAT,0
GAATTATATTAGAGTT,0
GAATTATCAACAAAAC,0
GAATTATTGCTGCCCC,0
GAATTATTGGGAATTA,0
GAATTCAAGAAAAAGT,0
GAATTCACCTCTCCCA,0
GAATTCATTAGATCTG,0
GAATTCCCCCCTCAAA,0
GAATTCGATATAGACC,0
GAATTGACACTAGACA,0
GAATTGGAATCTTCAA,0
GAATTGTGTATGATAT,0
GAATTTAAATTATAAA,0
GAATTTAACATAGCGC,0
GAATTTACGTGATAAC,0
GAATTTTAGCAAATAA,0
GACAAAAATAGTAGCA,0
GACAAACGAATAACGC,0
GACAAATTAATCTGCG,0
GACAAATTCAGCCATT,0
GACAAATTCCAATACA,0
GACAACAGACACGCCA,0
GACAACATTGCGCCAC,0
GACAACCATATATCAA,0
GACAACGCAGTCAACA,0
GACAACTACATACCAC,0
GACAACTTAAATTATT,0
GACAAGAAATACTTAG,0
GACAAGACTCTAATCA,0
GACAAGCGACATTAGA,0
GACAATAACAACAAAA,0
GACAATATGACGACCA,0
GACAATGGTGCATTAT,0
GACAATTAAAAAACAG,0
GACACAACTGGAAACG,0
GACACAATCATCCAAC,0
GACACACTTCTCCAAC,0
GACACACTTTCCCGCA,0
GACACAGTGTAGAAGA,0
GACACATAGCAATGTT,0
GACACCAATACACCCA,0
GACACCCATCGAGGTC,0
GACACCCCCGAATACC,0
GACACGTAACCATATT,0
GACACGTCTAAAACAT,0
GACACTCAAGATCAGA,0
GACAGACCTCCCCTAA,0
GACAGAGTCAACTAAA,0
GACAGATTTACTCCTA,0
GACAGCGGATTAACAA,0
GACAGGATAACTCAAT,0
GACAGGGTAGCACGGT,0
GACAGTAAAAGAACAG,0
GACAGTAAAATGGCCA,0
GACAGTAAATATAAGA,0
GACAGTATGTCCCAGA,0
GACAGTTACCCCGAGC,0
GACAGTTTAAACAACC,0
GACAGTTTGATACGAG,0
GACATAAGTAGTACGC,0
GACATAATACATATAC,0
GACATAGTTTCCAGTG,0
GACATATAATCCGACA,0
GACATATCCCGCAGGC,0
GACATATTGTGCTAGG,0
GACATCACGTAGGGTA,0
GACATCACTAACGCAT,0
GACATCCACCGTCGCC,0
GACATCCCATCTTACC,0
GACATCCGGTTTCGCT,0
GACATCTACGTATAAT,0
GACATCTCCCAAGTGG,0
GACATGAATAATCCAA,0
GACATGAATTAATAGC,0
GACATGACAAACCCCG,0
GACATGACGACGGGCT,0
GACATTAAAAACATTG,0
GACATTATATTACATG,0
GACATTATCGAATTCA,0
GACATTTGCGGCATAG,0
GACCAAAATTAAACCA,0
GACCAAACGAATGGAC,0
GACCAAATTCCGGAGG,0
GACCAACCAGACATGG,0
GACCAACCATATAAAT,0
GACCAACCCTGATGAT,0
GACCAAGCTTATCGAA,0
GACCAATTGAGCTAGA,0
GACCACCATCCAACGT,0
GACCATAATAATATGT,0
GACCATATGCACGGGA,0
GACCATTTGCCAAGGA,0
GACCCAAAATAACTAA,0
GACCCAAACACTAACT,0
GACCCAACCAGGGCCC,0
GACCCACGCATATTGA,0
GACCCAGATAGACACA,0
GACCCATCGTAGATTT,0
GACCCCGACATACCGA,0
GACCCCGTTGACAGCG,0
GACCCTAATGTCCGGT,0
GACCCTCCAAGTAGGT,0
GACCCTCTATTTGATA,0
GACCCTTACCTTTCAC,0
GACCCTTGTATTTTGA,0
GACCGACGTTATATTT,0
GACCGACTAGAATAAC,0
GACCGAGCACCAACAC,0
GACCGAGTAAGGCAAA,0
GACCGATAAACACTAT,0
GACCGATCTTCAAACT,0
GACCGCAGACTCTTTG,0
GACCGCGAACTTTAGT,0
GACCGGGGATGGGTTC,0
GACCGGGTTGTTAACA,0
GACCGTACAATACCAA,0
GACCGTCAACATCTAA,0
GACCGTTTAAGTATTC,0
GACCTAACATAAACAC,0
GACCTAACTTAGCACT,0
GACCTACGGAGATTGT,0
GACCTCACTATGAACA,0
GACCTCCAGCTCGAAT,0
GACCTGAACCTAACTA,0
GACCTGGAGCCGTCTA,0
GACCTGGATCTAGGCA,0
GACCTTATGAATATAC,0
GACCTTGGATGGTATA,0
GACCTTGTTGGCGCGT,0
GACCTTTCCACCAGTG,0
GACGAAAATACGAGCG,0
GACGAAACGCCATAAA,0
GACGAACACAAATACG,0
GACGAATGTATAGAAA,0
GACGAATTCTACGAAC,0
GACGACCAAAGTCGAT,0
GACGACCATAAAGCAA,0
GACGACTACCAACTGC,0
GACGAGCCATTACAAG,0
GACGAGGTTAACGGAA,0
GACGAGTTGAGTCCAG,0
GACGATACATCCAACC,0
GACGATATCAACGAAC,0
GACGATCTCAAAAAAC,0
GACGATTTCAACTATT,0
GACGCAAACCTAAAAA,0
GACGCACGGACGGACC,0
GACGCACGTCAACCTG,0
GACGCAGTAAATGCAG,0
GACGCATCGAATCATT,0
GACGCCACTTTGAGCA,0
GACGCCCTAAAAGATT,0
GACGCGATGTCATGTA,0
GACGCGCCTTTGGACA,0
GACGCGCTCTTCAGAA,0
GACGCGGACATCATTT,0
GACGCTTAACTTACGT,0
GACGGACAGATGACAA,0
GACGGACGCAAAACTA,0
GACGGCAAACGCTTTC,0
GACGGCGACGATACAA,0
GACGGGCTTCTTAACA,0
GACGGTAATTATAAGA,0
GACGTAAATTAATTCC,0
GACGTAAGAGCTCTAA,0
GACGTAAGCCCGCTTG,0
GACGTAATAACGGGAT,0
GACGTAATCATTACGG,0
GACGTATAAAAAAGTA,0
GACGTATAGGAATCAT,0
GACGTATCCAAAGGTC,0
GACGTCTAATCCCACA,0
GACGTGATAATCGAAT,0
GACGTGATTTGTGGGA,0
GACGTGCTCGATGAAA,0
GACGTGCTTCCAAAAT,0
GACGTGTCCGTCAATA,0
GACGTTAGCATAACGT,0
GACGTTTATATCCTGA,0
GACTAAACGTCCCAAG,0
GACTAAAGGCCATCCG,0
GACTAACGAGTAGCAA,0
GACTAAGCTGAAATAG,0
GACTAAGGAACTGGTG,0
GACTAATATGTGTTTA,0
GACTAATGATAACTTC,0
GACTACCCTTATAGCA,0
GACTACTATCCATTGG,0
GACTAGCGAGTGACGG,0
GACTATAAGAAAAAAT,0
GACTATAATACGAAAG,0
GACTATCACTAAATAA,0
GACTATGTTTGAACCT,0
GACTCAAAACGATTAG,0
GACTCAAAAGTTAAAT,0
GACTCCATAGAAATGC,0
GACTCCTTTCGGAGGT,0
GACTCGTATTACTTTA,0
GACTCTAAAGTCCAAC,0
GACTCTGACCAGTAGG,0
GACTGAAATTCCTCTC,0
GACTGAATCCATGTAT,0
GACTGCAACGGAGTTG,0
GACTGCGAACGATCTA,0
GACTGGCCTCATACAC,0
GACTGGGTTTTTTACA,0
GACTGGTAATCGATAC,0
GACTTAGACGTACAGT,0
GACTTAGACTAACTTA,0
GACTTATTATAGAGCT,0
GACTTCCCTTAACTCT,0
GACTTCTGCGATACAT,0
GACTTTACTGTAATGT,0
GACTTTCGTACAACAC,0
GAGAAAAACTGTCGAC,0
GAGAAAAAGAACACCG,0
GAGAAAATGAGTACCA,0
GAGAAACAATAACCAA,0
GAGAAATCACACGAAT,0
GAGAAATTAAAAAATA,0
GAGAAATTAAGCGTCA,0
GAGAACAACACTACGT,0
GAGAACCAATAGTGCA,0
GAGAACCTGACATATC,0
GAGAACGAATGTTACA,0
GAGAACGATTGAAACA,0
GAGAACTTAGATCGCT,0
GAGAACTTTGTGATCA,0
GAGAAGACCGCCCAAC,0
GAGAAGATTCTGGGTG,0
GAGAATCCTACTTCAA,0
GAGAATCTACACAGCT,0
GAGACACAAATCTAGA,0
GAGACAGAAATCACGA,0
GAGACATAATACGCCC,0
GAGACATCCCAATAAA,0
GAGACATGTCCTGTTT,0
GAGACATTCAAAAATG,0
GAGACCTTAACATTAA,0
GAGACGCCTCTAAACG,0
GAGACTGAGCTTGGTT,0
GAGAGAAATTGACAAA,0
GAGAGAACAATACATG,0
GAGAGAATCTAAGCAA,0
GAGAGACCTAATCATC,0
GAGAGAGCCCATTAAC,0
GAGAGAGGTTATCCGC,0
GAGAGATAGAGCATGC,0
GAGAGATTAACACAAG,0
GAGAGCAAGCATAAAA,0
GAGAGCACGTTTAGGT,0
GAGAGCATGGTGTAAC,0
GAGAGCATTACCATCA,0
GAGAGGAGAAATACCC,0
GAGAGGTCGAACCACG,0
GAGAGTAAAATTCTAA,0
GAGAGTACCAACCAAC,0
GAGAGTAGATATCAAC,0
GAGATAAAAACATAGG,0
GAGATAAACGGTGCAA,0
GAGATAATAGTCGCCA,0
GAGATACATTAAAGAC,0
GAGATAGTAATAACGA,0
GAGATAGTAGATTTCG,0
GAGATATTAACGTAGA,0
GAGATCAAAATATAAA,0
GAGATTAGACGACAAT,0
GAGCAAACGTAACTCT,0
GAGCAAATCTTTGGGA,0
GAGCAACAAAACAACA,0
GAGCAACCGCGCTAGG,0
GAGCAATCAAGCCTTC,0
GAGCAGTAATAATTCT,0
GAGCAGTATTTATCTA,0
GAGCAGTGACCTCGAG,0
GAGCATAGTGAACAAT,0
GAGCATTACACAAACC,0
GAGCCAATATTAAAAA,0
GAGCCACCTAGTCAGG,0
GAGCCACGCGGCGACA,0
GAGCCCATTTATCTGA,0
GAGCCCCAATAAGACC,0
GAGCCCCGAAGGACCT,0
GAGCCTCAGGATCCAA,0
GAGCGAAGACTAATAC,0
GAGCGAAGCTGATTCT,0
GAGCGACATGTTGAAT,0
GAGCGACCAAGATATA,0
GAGCGATGTAACTGTC,0
GAGCGGAAATAAGAAA,0
GAGCGGAGAAAAATAA,0
GAGCGGAGAGAAGATC,0
GAGCGGATCAACTAGT,0
GAGCTAATCTCTTTAA,0
GAGCTAATGACGGTAC,0
GAGCTCATGTCAGACA,0
GAGCTCCTCGAAAGGA,0
GAGCTCGCCAGGCCCA,0
GAGCTTAAAACCTTGC,0
GAGCTTTAAAGAAGAA,0
GAGGACAAATCATTTC,0
GAGGACAACTTATCAT,0
GAGGACAATAACACAC,0
GAGGACACGACCTCCA,0
GAGGACAGAGCGTAAA,0
GAGGACAGCTTTCATA,0
GAGGACATAGCAACCT,0
GAGGACCGGATTATCA,0
GAGGACTAGCGTCGTC,0
GAGGACTCGAATTAAG,0
GAGGATAAGTGAGAGT,0
GAGGATCAGATCCTAT,0
GAGGATCCGCGACACA,0
GAGGATGCATACAAGT,0
GAGGATTCAAATACTG,0
GAGGATTCATCAGCGT,0
GAGGATTTAGAGAACA,0
GAGGCACCCATTTCGT,0
GAGGCATAATCACCAT,0
GAGGCATCCACTCCAA,0
GAGGCCAATTTGACAC,0
GAGGCCGCCAACGACC,0
GAGGCCGTCTAGAAGA,0
GAGGCGCTTTAACAAG,0
GAGGCGGAAAACAATC,0
GAGGCGGAGGTCAAAA,0
GAGGCGGTTTAGAAAC,0
GAGGCGTCCCACATTG,0
GAGGCTAAACACTATT,0
GAGGCTCATTACCGAT,0
GAGGCTCATTTACTAA,0
GAGGCTGCACATAATC,0
GAGGGAATTAGTCCCA,0
GAGGGATTCGCAACGC,0
GAGGGCCTAACGAATA,0
GAGGGGAATCAATAAC,0
GAGGGTTATCACAAAA,0
GAGGTAACTAACAGAA,0
GAGGTACAAGATCAAG,0
GAGGTCCTCATGTAAA,0
GAGGTGAAACATTAGT,0
GAGTAAAATGTAATAT,0
GAGTAAACATGTTTGA,0
GAGTAAATTTTACGTA,0
GAGTAAGTACGAACAT,0
GAGTAATGACTAACTG,0
GAGTACACATCCTTTC,0
GAGTAGACCTCATCCT,0
GAGTATGAGATGTAGA,0
GAGTCAACATGTTGAC,0
GAGTCAACGAATATCC,0
GAGTCACGCAAATGAA,0
GAGTCACTCACCCCAA,0
GAGTCAGTCTGAGGTA,0
GAGTCCTACAAGATTC,0
GAGTGAATAATCAGTG,0
GAGTGACAATTAAATC,0
GAGTGACCCAACCAGA,0
GAGTGCATTGCAAATA,0
GAGTGCCAGTTAATTG,0
GAGTGCGGTGGGACCA,0
GAGTGTACCCTTAACA,0
GAGTGTATGAGATCGC,0
GAGTGTATTCTACTTG,0
GAGTGTTCACGGTTAC,0
GAGTGTTCGTACCTTC,0
GAGTTAGTTCAACACG,0
GAGTTATACGTTAAAA,0
GAGTTCAATTACATTA,0
GAGTTCCGATACCATG,0
GAGTTCGGGTCACACT,0
GAGTTCTAATCCTCGA,0
GAGTTGAATATGCTGC,0
GAGTTGATTAATAAAA,0
GAGTTGCCCTAGGTGA,0
GAGTTGTTGGCCGTAC,0
GAGTTTCGCCTTTCGC,0
GAGTTTGGCTAAAATA,0
GATAAAAAAGATAGTC,0
GATAAAAACAATGAAA,0
GATAAAACCACACCGC,0
GATAAACGTTTCATAG,0
GATAAACTATGTCAAA,0
GATAAACTCTTCCAGG,0
GATAAACTTCATCGTG,0
GATAAAGCGATTTTAC,0
GATAAAGCTTCTTTGA,0
GATAAAGTGTCTTCGG,0
GATAAATTCCATCCTA,0
GATAACAAAATCATAT,0
GATAACACTACGCATA,0
GATAACATATTAATAG,0
GATAACCATACTGATC,0
GATAACGTGAAAATTG,0
GATAACTATATACAGA,0
GATAACTGCACCTTAA,0
GATAAGGATACATTCT,0
GATAAGTTCGGTCATA,0
GATAATAGCGTATGGG,0
GATAATCCACAATGAG,0
GATAATCCGCACCATA,0
GATAATGAAAACACAA,0
GATAATGAACGTAGCG,0
GATAATGCACGCAAAG,0
GATACAAAAACTAAGT,0
GATACAGAGATCTTGG,0
GATACAGCGGATTCGT,0
GATACAGGGCTATACT,0
GATACATACGTACAGG,0
GATACCACAAACCCAA,0
GATACCGACGCATAAA,0
GATACGCTTGAACAAA,0
GATACGTGGTAACCAA,0
GATACTAAACATTACT,0
GATACTAGTTATTTTC,0
GATACTCCATTACAGT,0
GATACTGCAGTGGTCC,0
GATACTTGTTTACATT,0
GATAGAAAAAGGAAAA,0
GATAGAAAGGCTCGAA,0
GATAGAGCTGGTAAAA,0
GATAGATATTCAAGTA,0
GATAGCAGTAGATAAC,0
GATAGCCTAGCATAAG,0
GATAGGACTATCTTAT,0
GATAGTCACCCTAGCA,0
GATAGTTAAGAAGACG,0
GATAGTTAGAATTGTT,0
GATATAACACTAAGTG,0
GATATAGAGTACGCTG,0
GATATATAAAGAAAAC,0
GATATATCCATATTTC,0
GATATCAAAGACACTC,0
GATATCGGGCCGGCGC,0
GATATCTGGTAACAAA,0
GATATCTTAGAAGTCA,0
GATATGACGACTTTCA,0
GATATTACGTTATAAA,0
GATATTAGACTATGAT,0
GATATTCCTACCAAAA,0
GATATTGAAGAAGACA,0
GATCAAACTCTAAAAA,0
GATCAAATCTAAATTA,0
GATCAAGTAGAAGCGC,0
GATCAATCCCGAGTCA,0
GATCACCTAAGACGCC,0
GATCACTACTGTTGTT,0
GATCACTATAATTCAT,0
GATCACTGTCAATTGA,0
GATCACTTTGAGCGCT,0
GATCATAAACTCTTAT,0
GATCATACCCTCCTTC,0
GATCATACTCTACGTA,0
GATCATCAAACTAAGT,0
GATCCAACAAGCTACA,0
GATCCACATATCCGGC,0
GATCCACATGAAACCC,0
GATCCACATTGAACTG,0
GATCCCCGTTCCGCTA,0
GATCCGAACTCGTGTT,0
GATCCGAATCTTGGTA,0
GATCCGGATACAGTAA,0
GATCCGTTGATCACAG,0
GATCCTGAGGAACTAG,0
GATCCTTAAAGTCCCG,0
GATCCTTAACGCTAGA,0
GATCGAACGATGATTC,0
GATCGACCGAAATATT,0
GATCGCAAAGTGCTTC,0
GATCGCCCAGACGGGC,0
GATCGGAATCTAAAAA,0
GATCGGAGTTACTGAT,0
GATCGGCTTTAAATAT,0
GATCGTCCAATGAGAC,0
GATCTAAATCCGCGGC,0
GATCTAAGACCGGCAA,0
GATCTAATTTTAAGCC,0
GATCTACACAGGACTT,0
GATCTACACTTAGAAC,0
GATCTACTCTTTGATG,0
GATCTATTATACCTGC,0
GATCTCAAAGTAAACT,0
GATCTCCCTGGTGATT,0
GATCTCCCTTGGTAAA,0
GATCTCGATAATTTGG,0
GATCTCGCAAAATCTA,0
GATCTCTGCGATCAAG,0
GATCTCTTAAGGTACG,0
GATCTGATGTGCTGTT,0
GATCTGATTTGGCACA,0
GATCTGGACAGTTCGC,0
GATCTGTTCTAACACG,0
GATCTTACTAGTCAAA,0
GATCTTCAATGTATCC,0
GATCTTCCAAGTTACA,0
GATGAAAAAGGCAATA,0
GATGAAAAGAACAGTG,0
GATGAAACCCGAAACC,0
GATGAAACGAATTAAA,0
GATGAAAGACGAGCGG,0
GATGAATGATGAGGAG,0
GATGACAATTCAGAAG,0
GATGACACCGACTCAA,0
GATGACATACCGGACA,0
GATGACCTATTTTAGA,0
GATGACGATGTAAAAT,0
GATGACGTAAATGTAC,0
GATGACTAAATTTTCT,0
GATGAGAGACCTGGTA,0
GATGAGAGCGGGGCAA,0
GATGAGGATAAATATG,0
GATGAGTAAGACGGAC,0
GATGAGTACCCGATAA,0
GATGAGTCTGAGGAAA,0
GATGATAAAAAAAAAC,0
GATGATAAGAACTACG,0
GATGATCGAACTGACA,0
GATGATCGAGAATAAC,0
GATGATGTAACGGGAG,0
GATGCACGCGTCGAAT,0
GATGCATAAAATTGAG,0
GATGCCCATAGAGTGA,0
GATGCGAAGACAAAAC,0
GATGCGAGCGTTTGAA,0
GATGCGCTCCACCATT,0
GATGCTAAATTAAGAC,0
GATGCTTGTTCCCAAC,0
GATGGAAAGTAGCAAT,0
GATGGAAGAAAACGTC,0
GATGGAAGAAGTATAT,0
GATGGATCATAGCGTA,0
GATGGGCCGAATGTAA,0
GATGGGGTATAACCCG,0
GATGGTCTGATATGTA,0
GATGGTGCGCGAGAAC,0
GATGGTTAATATATCT,0
GATGTAAGTAACGGAG,0
GATGTAATGAGTTTTT,0
GATGTACAATTACATG,0
GATGTATCGCGCCATA,0
GATGTATGTAAATTGC,0
GATGTCAAATTCCGCT,0
GATGTCATATTTAAGG,0
GATGTCCAGCAAGGCC,0
GATGTCCTCGACAAGT,0
GATGTCTACAAGGAGT,0
GATGTGAGAGGAACGT,0
GATGTGCATAATCAGT,0
GATGTGCCTGGTTCAT,0
GATGTTACAAACAGAG,0
GATGTTCGTTAGACGT,0
GATTAAACCATAACGT,0
GATTAAAGTCGCGATG,0
GATTAATAAGGGCGTG,0
GATTAATAATCCGAAC,0
GATTAATGTAACAAAA,0
GATTAATTAGATGTCC,0
GATTACAGAATACCGT,0
GATTACCCAAGGTGAA,0
GATTACGAAGATGTCC,0
GATTACTCTCCAATTT,0
GATTAGATGCGTTACC,0
GATTAGCATTGAAGGG,0
GATTAGGGATTCCGCG,0
GATTATCTATGGACTC,0
GATTATGCCAAATTAA,0
GATTATGCGAAATAAT,0
GATTATTCTTAACTAT,0
GATTCAAAGCCCAAAA,0
GATTCAAAGCTTAGAT,0
GATTCAATAAGCTGGT,0
GATTCACACCTTAATT,0
GATTCCAAGCAACAGA,0
GATTCCGTGGAAAGGA,0
GATTCGAACAGAGAAA,0
GATTCTAATGTCGATC,0
GATTCTACGTATTGGA,0
GATTCTGAAGCCAACA,0
GATTGAAACCAAGCAA,0
GATTGACAAGTCAACG,0
GATTGACTTGAATGGA,0
GATTGAGATATCCCTA,0
GATTGCAGACTGAGTT,0
GATTGCATACAATAAT,0
GATTGCCTAACCACTT,0
GATTGGAATGATATCA,0
GATTGGACTATAAAGC,0
GATTGGCTCTACCCTA,0
GATTGGGTTTTCACTA,0
GATTGTCAAAACTTAT,0
GATTGTTGGATTATTG,0
GATTTAAATAAGAATC,0
GATTTAAATAGCACAT,0
GATTTAAGCCTCCGTA,0
GATTTAGCCCATGGCT,0
GATTTATATGTACTGG,0
GATTTATTATCTCCGT,0
GATTTCTCCGTGTCTA,0
GATTTGAAAACTACGA,0
GATTTGAAGATCGACG,0
GATTTGACATTATAAT,0
GATTTGGAAAATCGGT,0
GATTTTAAAATGTGTA,0
GATTTTAAGAAATTAA,0
GATTTTTAATCTATAA,0
GATTTTTTAACGTACG,0
GCAAAAAAACTTCTTT,0
GCAAAAAAAGTGTCAT,0
GCAAAAAAGATATGCT,0
GCAAAAAGGAAGAGCC,0
GCAAAAATAAATTGCA,0
GCAAAACCCACTGACC,0
GCAAAAGTCAGGGAAG,0
GCAAAATAGACCGCGT,0
GCAAAATTATATCATC,0
GCAAACACGTGTAATA,0
GCAAACATCGAAATCG,0
GCAAACTATAAGTTGA,0
GCAAAGACTAATAAAA,0
GCAAAGCGTTCGGTAA,0
GCAAAGGATACCTTTT,0
GCAAAGGTCTGCTAAG,0
GCAAAGTCCGGTAATC,0
GCAAATACTTAATTCA,0
GCAAATCCAAAAAGGT,0
GCAACAAACATTTATT,0
GCAACAAGAATATTTG,0
GCAACAATTAACACCA,0
GCAACAATTAGACCTG,0
GCAACAGAAGTACAGA,0
GCAACAGAGTTAAAAG,0
GCAACATATGGTTTTT,0
GCAACATCCAAGGTAC,0
GCAACATTAAAGCCCG,0
GCAACATTCTAAGCGG,0
GCAACGATATATATGA,0
GCAACGCCTAATGGGA,0
GCAACGTAGCTATGGA,0
GCAACGTCCATACAAA,0
GCAACTAAATAAAACA,0
GCAACTCTCTAGGATA,0
GCAACTGTAGTTCAGG,0
GCAACTTTGAATACGA,0
GCAAGACATAAAAACT,0
GCAAGACGTCACAACT,0
GCAAGAGAAACTTGGT,0
GCAAGCAGGCGCAAAC,0
GCAAGCCAAAAAGCTA,0
GCAAGCTAGTTATGAG,0
GCAAGGGAAGGGTTTA,0
GCAAGTAACCCGTACT,0
GCAAGTCTTCATGGAT,0
GCAAGTTCAGAAAAGA,0
GCAATAAATTGAAAGT,0
GCAATAACTTAACCTA,0
GCAATAAGACACGGAT,0
GCAATACACATACTTG,0
GCAATACGACTTAACC,0
GCAATACGTGTAAAAC,0
GCAATATGCCCACTCA,0
GCAATATGGTTCCACC,0
GCAATCCCGAATTCCT,0
GCAATCGCCATGTAGT,0
GCAATGGCTTTTCTCT,0
GCAATGTAATGTGTAT,0
GCAATTAATTTCTTAG,0
GCACAAAACAAAACCA,0
GCACAAATACCCGACA,0
GCACAACGTTAAAATA,0
GCACAACTCAGACCAA,0
GCACAATTACAAATTA,0
GCACACAAAACTTTTT,0
GCACACACATATCATC,0
GCACACGCAAATAGAT,0
GCACACTATTTTTTTT,0
GCACAGAAATAGAGAG,0
GCACAGACATTCCTTG,0
GCACAGATATTTCAAA,0
GCACATACAAATCCTT,0
GCACATCACCCTTAAG,0
GCACATCCGAGAGGCC,0
GCACATCTACGTGAGA,0
GCACCAAAACTAACCA,0
GCACCAAGCTACTATG,0
GCACCAAGGATCGTTT,0
GCACCACGAACTGGCT,0
GCACCCACACACAACC,0
GCACCCACACACCTCA,0
GCACCCACGGTAAATA,0
GCACCCCCAATCGTTA,0
GCACCCCCTAGAAATG,0
GCACCCCGGCATACCT,0
GCACCGTAGAGTGGAC,0
GCACCGTCACGGAAAA,0
GCACGAAGAGTAGACC,0
GCACGAATAACTAAAA,0
GCACGACAAATAAATC,0
GCACGAGTAAAGGTCC,0
GCACGCGGACAGATGC,0
GCACGGAATAATTCAA,0
GCACGGATAATATGAT,0
GCACGTATGTATTACT,0
GCACGTATTACCACCC,0
GCACGTTCCAATGATT,0
GCACTAAAACAGACGT,0
GCACTAACCAGGCCAC,0
GCACTACAGAAAAAAA,0
GCACTAGACCAGATGA,0
GCACTATCAGTATGAG,0
GCACTCTTACTTTAAA,0
GCACTTATGTCAGGCA,0
GCACTTGCCTACACTC,0
GCACTTTATAATACTA,0
GCACTTTTGGACGCCT,0
GCAGAAACTCAATAAG,0
GCAGAACAACGAGTCA,0
GCAGAATCACTAAAAT,0
GCAGACAATGCTAATG,0
GCAGACACAAACGTGG,0
GCAGACAGTCCAATAC,0
GCAGACTACACGAGTA,0
GCAGACTTGATCTAAA,0
GCAGAGATAACAAGTA,0
GCAGAGTCATAGAACG,0
GCAGATCACTCTACCA,0
GCAGCATCACAAGGGT,0
GCAGCCACTTCCTTCA,0
GCAGCGCGCGCACTGC,0
GCAGGCCCAGACTAAT,0
GCAGGCCCCACCAAAT,0
GCAGGCCTCCTCATTG,0
GCAGGCGAGGGCCTTA,0
GCAGGCGTTTTCCACT,0
GCAGTACAAGAGGCCC,0
GCAGTACCATAATTGA,0
GCAGTACGTTAATATT,0
GCAGTAGAAGAAGTGC,0
GCAGTTGAGAGTGACT,0
GCAGTTGCAAGAATGA,0
GCATAAAGAATCAACT,0
GCATAAAGACTTGGAA,0
GCATAACTCGCGATAA,0
GCATAAGAAAAACATG,0
GCATAAGAAGCCAAGT,0
GCATAAGGAAAAACCC,0
GCATAATGATAGTACG,0
GCATAATGCTCATAAC,0
GCATAATTGCAGGTTG,0
GCATACCGACTATTGC,0
GCATACGCATCAAAAG,0
GCATACGTTCATGGGA,0
GCATACTGCCCCAGGG,0
GCATAGAAGTGCTTTT,0
GCATAGCACTAAATAT,0
GCATAGTCCAACGAAC,0
GCATATCAACTAGATA,0
GCATATCCCATAAACT,0
GCATATTATTTCCAGG,0
GCATATTGGAAAGTTC,0
GCATCAACGGAGCACT,0
GCATCACCGTATAAAC,0
GCATCACGCAATTTAA,0
GCATCCACTATGAGAA,0
GCATCCTAACTATGTA,0
GCATCGAAAATACAAA,0
GCATCGATAAATTATA,0
GCATCGCTGTACACAG,0
GCATCGGATGTTAATA,0
GCATCTAACGTGAAGT,0
GCATCTTCGCATGTCT,0
GCATGAACCATTCGTA,0
GCATGAGGCTAACCTG,0
GCATGATACATTTCAG,0
GCATGATTTCTTATCA,0
GCATGCTAAAAAAAGA,0
GCATGCTTGAATATGT,0
GCATGGAATTCGGATC,0
GCATGGTCAGATACTA,0
GCATGGTCCACACCTA,0
GCATGTCGCATAATTG,0
GCATGTGTTATACATG,0
GCATGTTAAACAAGCA,0
GCATTAATAAATAGAC,0
GCATTAGAAGAGGCAG,0
GCATTAGGTCCGGACA,0
GCATTATAAGATGAAA,0
GCATTATTGCTAGGCA,0
GCATTCCACGTGCCAA,0
GCATTCTTGCTATCGA,0
GCATTGACCTTCTTCG,0
GCATTTCATAGCTGCA,0
GCATTTCGATTGTGAA,0
GCATTTCGCGTATAAA,0
GCATTTGAAGCATAAA,0
GCATTTGTTGGCCAAT,0
GCATTTTTCGACGTTG,0
GCCAAAATCTAAAGAG,0
GCCAAACATTCGAATT,0
GCCAAAGCGCTCGAAA,0
GCCAAAGTAAGTACAT,0
GCCAAATATAGACTGG,0
GCCAACATATTACCAT,0
GCCAAGAGTGGACAAC,0
GCCAAGGAATAATCGA,0
GCCAAGGTACAATGAA,0
GCCAAGTTTCGCACTT,0
GCCAATAATGTGAAGG,0
GCCAATCCTGACCCAA,0
GCCAATCGAATAGTTT,0
GCCAATGGTATCTAGA,0
GCCAATTACATTTGGC,0
GCCACAATAGCAGAAC,0
GCCACAGTTATTAAGT,0
GCCACCACCACCAAAC,0
GCCACCCGACTGTCAT,0
GCCACCTAACTGCGGC,0
GCCACGAAGTATTATG,0
GCCAGAGCATGAATAC,0
GCCAGATACCGTCAAG,0
GCCAGCCGTGATAATC,0
GCCAGTAAATATCAAA,0
GCCATAACGCGCCACG,0
GCCATAGTGTTGGTTA,0
GCCATATAAAATATGC,0
GCCATATCAGATCGTC,0
GCCATATGTGACACCC,0
GCCATATGTTTAATTA,0
GCCATCAGACGGTAGT,0
GCCATCGGCACTGTTT,0
GCCATGACTATTGTAT,0
GCCATGAGTCCAAAAG,0
GCCATGCACCAGGTTT,0
GCCATGTCCCAAAAGC,0
GCCATTCCTAAAGCAG,0
GCCATTGCTTACTATA,0
GCCATTTGTGTAATCG,0
GCCCAAATCAAATGCT,0
GCCCAAGGCATGATGT,0
GCCCACATAAAATCGG,0
GCCCACCAGATCATAA,0
GCCCAGAAATACAGGC,0
GCCCAGAACAAGCCGA,0
GCCCAGCCGGATACCC,0
GCCCATAAAAGAGTAT,0
GCCCATAAGGATCTGG,0
GCCCATACGCAAGTGG,0
GCCCATCGCAAACTTA,0
GCCCATTCAGTATATG,0
GCCCATTGACACCCAC,0
GCCCCATAAGGGGATG,0
GCCCCATGACTATGGC,0
GCCCCCATGTACGTTA,0
GCCCCCATGTATACGC,0
GCCCCGAGAAGAAATA,0
GCCCCGCTTACACCGT,0
GCCCCTAAAACCCGAC,0
GCCCGAACAAAAAGAA,0
GCCCGAAGCGGTCGCA,0
GCCCGAGAATTTCCTT,0
GCCCGATCCCATTCCT,0
GCCCGATTAAAAATTA,0
GCCCGCCCGACCAATC,0
GCCCGGAGGTACCGCT,0
GCCCGGGCAACAGATC,0
GCCCGTACAAGGTCAT,0
GCCCGTCAAGGACAAT,0
GCCCGTGTTACTAAAG,0
GCCCTAAAAACACCTA,0
GCCCTAAACTTCAAAG,0
GCCCTAAGACACAGTC,0
GCCCTAAGATAAAGTA,0
GCCCTAGCAGAGCGTG,0
GCCCTATTTTATAAGG,0
GCCCTGAGAGAGCCAG,0
GCCCTGTCCGGTTCTT,0
GCCCTGTGCACAATAT,0
GCCCTGTTCCTCAACT,0
GCCCTTACTACTTGAA,0
GCCCTTAGCCAACGAG,0
GCCCTTCAAATCCTAT,0
GCCCTTCATGTACCTG,0
GCCGAAATAGTTAAAC,0
GCCGAACATCTTGTAG,0
GCCGAAGCTAATTAGA,0
GCCGACGGCAACATAT,0
GCCGAGCCGACCCTAT,0
GCCGAGCCTAATTCGA,0
GCCGATAAACTAAATG,0
GCCGATAGTATTATCC,0
GCCGATCTAAAGTATG,0
GCCGCAAACATCAAGA,0
GCCGCATTGAGACACA,0
GCCGCCAAGTATCAAG,0
GCCGCCCAACGAATCG,0
GCCGCGATCTTGAATG,0
GCCGCGTGATTATAAC,0
GCCGCTACGAGAAGCA,0
GCCGCTGAATATTCAA,0
GCCGCTTGAACAACAC,0
GCCGGATAGCACAAAA,0
GCCGGATATTACGAGA,0
GCCGTACCTCCACTGT,0
GCCGTCAAATAAATTG,0
GCCGTCAGTAAGAAAA,0
GCCGTCCAGGCCCGGG,0
GCCGTTATAATTGGGG,0
GCCGTTGGGCTAGAAA,0
GCCGTTGTACTTCCAA,0
GCCGTTTAATTAAGTG,0
GCCGTTTTAGTGTCCT,0
GCCTAAAAGATAAGAT,0
GCCTAAAGGTTAAAAT,0
GCCTAATGCAGCGGTA,0
GCCTAGCGAGAAAATT,0
GCCTAGGAAAAACACC,0
GCCTATCCTAATTGTA,0
GCCTCCTTCTGTCCAA,0
GCCTCGAGTATGTAAA,0
GCCTCTAATAATGATG,0
GCCTCTCCGCTCCACC,0
GCCTCTGTTAATAAAA,0
GCCTGAACACAAAATT,0
GCCTGAATTATTTAAC,0
GCCTGACAAGCAGGTA,0
GCCTGACATACAAGAA,0
GCCTGACTTTTAGGCT,0
GCCTGGACGTTAATCT,0
GCCTTAAAAGTACAAA,0
GCCTTAAACATTTACC,0
GCCTTAAAGCGTTTCA,0
GCCTTAGGACTCTGAA,0
GCCTTCCATGAACAAC,0
GCGAAAAAAATATAAA,0
GCGAAAAAGTCCACGT,0
GCGAAAACAGACTATC,0
GCGAAAAGAAACGAAC,0
GCGAAAAGGCAGAGCG,0
GCGAACATCAGGTCTA,0
GCGAACTATTAACTTT,0
GCGAAGAGATTTGAGC,0
GCGAATTAAACCTATA,0
GCGAATTCTAAGATAG,0
GCGACAAATTAATACA,0
GCGACACGCCGTATAC,0
GCGACCTAAACGAATA,0
GCGACGACTACAGACC,0
GCGACGCATTGATGCC,0
GCGACGGAAATAAGTT,0
GCGACGGACACGAGCA,0
GCGACGTAATATCAAA,0
GCGACTAGCATCACGT,0
GCGACTAGGACACACT,0
GCGAGAAGATTTTATA,0
GCGAGAATCGACAAAA,0
GCGAGAGATGCAAACA,0
GCGAGATAAAACATAT,0
GCGAGCCACTCTAATA,0
GCGAGGCAAAAACGTG,0
GCGAGGTTCTAACAAA,0
GCGAGTAAAAATAGAC,0
GCGATAACGTCTTATT,0
GCGATAATCCGTTCCG,0
GCGATCACAAAAAGTA,0
GCGATCACGCGACTAC,0
GCGATCCGCATCACAG,0
GCGATCGGAGCGTTGG,0
GCGATTACCCTCACGT,0
GCGCAAGATATAAAAG,0
GCGCAATTAGACAATA,0
GCGCACATAACAGCTA,0
GCGCAGTACAGCCCGG,0
GCGCATAAATATACGC,0
GCGCATACAGTACATA,0
GCGCCAGAATTCTAGT,0
GCGCCAGAGGTCGAGC,0
GCGCCATCCAAACACT,0
GCGCCCAAAAAATGTT,0
GCGCCCACAGGACTAG,0
GCGCCCATATAGTCTA,0
GCGCGATCCCAGTTAC,0
GCGCGCTAATGATTAA,0
GCGCGTATGACAATGT,0
GCGCTAACACCTACCC,0
GCGCTAGACAGTTGGA,0
GCGCTCAAAAGGCGCT,0
GCGCTTCAAATATAAT,0
GCGCTTCAGTAGGACA,0
GCGCTTGAATATTATG,0
GCGGAAAATAAACGTG,0
GCGGAGCCGGTTTACT,0
GCGGAGTAATAGTACA,0
GCGGATCCGTGAAGTT,0
GCGGCCGCCGACTCAT,0
GCGGCCGTTGTGATAA,0
GCGGCTCAAAGCGTGC,0
GCGGGAGAATAGCGCA,0
GCGGGATTCATCGTAT,0
GCGGGATTCTTAATAT,0
GCGGGCCTATGCAATC,0
GCGGGCGAATCCGACT,0
GCGGTCTCTAAACGAT,0
GCGGTGAGTATAAACA,0
GCGGTGCCCATGTCAC,0
GCGGTGCCCGCCCCAA,0
GCGGTTCGTTGACAGA,0
GCGTAATTGAGATAAA,0
GCGTACAAATACCGGG,0
GCGTACGCCAACAATG,0
GCGTACTCATCCCTAA,0
GCGTAGAAGTTGTGTT,0
GCGTATTGCCTCTCAC,0
GCGTATTGTTACAATA,0
GCGTCAAAATGTATCT,0
GCGTCAACTGACATGA,0
GCGTCACTGCGCAAAC,0
GCGTCAGGTGCCTCTT,0
GCGTCCATCAAACACA,0
GCGTCGGCTACACCCT,0
GCGTGAAAAATAGAAG,0
GCGTGATGCGCAATAA,0
GCGTGCGGTATTAGCA,0
GCGTGTGATCTACCGC,0
GCGTTATTAGAACACC,0
GCGTTCAAGATTATAT,0
GCGTTGAGAAACCTTT,0
GCGTTGCACGTTCTAC,0
GCGTTGGATCTAACTG,0
GCGTTTTTTCGTCTGT,0
GCTAAAAAGTATACTT,0
GCTAAAAATATCCGCG,0
GCTAAAATCGACCCAG,0
GCTAAACCACCTGGCA,0
GCTAAAGCTTATCCCA,0
GCTAAATAAACTCCCT,0
GCTAAATACTTTGTTG,0
GCTAAATATCATCACG,0
GCTAAATCTTTCATCG,0
GCTAAATGGCCTCTGA,0
GCTAAATTTTGCATCT,0
GCTAACAGCCGCAAAT,0
GCTAACATAAAAGATA,0
GCTAACCTGTACTTAA,0
GCTAACTTCTCATAAA,0
GCTAAGAAAGAAATCT,0
GCTAAGGCGACTAATG,0
GCTAAGTCATAGCATG,0
GCTAATAAAGTTAATA,0
GCTAATAAGGTGTAGA,0
GCTAATTAGTATACGA,0
GCTACAGTAATACAAT,0
GCTACCAATGTCCACG,0
GCTACCCTCGGATGAG,0
GCTACCGCTAAATGGA,0
GCTACCTCGATGATAC,0
GCTACTTTCAACCGTA,0
GCTACTTTTCCACTCA,0
GCTAGAAAAAAAATTA,0
GCTAGACAATCAGAAA,0
GCTAGATGATTCTGAA,0
GCTAGATGCAAATTTA,0
GCTAGCGACAAATCCA,0
GCTAGCTCCATAACTA,0
GCTAGGCACCGAAATG,0
GCTAGTGAAAAAACGG,0
GCTAGTTAAGTAAAGC,0
GCTATATAAACGAAAA,0
GCTATCCATATACAAT,0
GCTATCCTGCATGCTA,0
GCTATCGGAATTCAGT,0
GCTATCTATTCGGGTA,0
GCTATGAAAACCACGT,0
GCTATGAACAAGAAAT,0
GCTATGATTTGATACC,0
GCTATGCAATTGCCAA,0
GCTATGTAAGCAAAAC,0
GCTATTAATCTTCTGC,0
GCTATTACGTAATCAC,0
GCTATTATTATGCCAT,0
GCTATTGATACCATGA,0
GCTATTTGTCGCATCA,0
GCTATTTGTCTAATGA,0
GCTATTTTGGAAGTAT,0
GCTCAAACACCAAAAA,0
GCTCAATGGATGATAT,0
GCTCACATATAATAAA,0
GCTCACATTTGATCCT,0
GCTCACCGTTCTAAAA,0
GCTCAGGATTAACCGG,0
GCTCATATTGGCGGTG,0
GCTCCAAGGCCTCTGC,0
GCTCCCACAAAGAGCA,0
GCTCCCAGAACACCAA,0
GCTCCGCAACGGCACA,0
GCTCCGTATAGATAGT,0
GCTCCTAAAGCAGACG,0
GCTCCTAAATTGCTAA,0
GCTCCTGCAAAATGCA,0
GCTCCTTAAACTCTTT,0
GCTCGATCATGTAAAC,0
GCTCGTGAATACGTCA,0
GCTCTATCAGCGATGA,0
GCTCTATTCTCCCATT,0
GCTCTCCTGGAGGTGA,0
GCTCTGCATACAACTT,0
GCTCTGTTTACATCGG,0
GCTGAAACCCAAATAA,0
GCTGAACTATGAAATT,0
GCTGAATCTACAGGTA,0
GCTGACATACAGAGTA,0
GCTGACCTTGGTCTAG,0
GCTGACTTCACTAGGG,0
GCTGAGCTATTACAAA,0
GCTGATAATCTCGAAC,0
GCTGATCGTAGCGGTA,0
GCTGCAAATATCAGAG,0
GCTGCAAGCATGTTTC,0
GCTGCTCCATACCGAA,0
GCTGGAAATAGACTAA,0
GCTGGATCATAAGAAT,0
GCTGGATTAATAAACG,0
GCTGTATAATACCAAA,0
GCTGTCTCATCCATCA,0
GCTGTGAGCCATACGT,0
GCTGTGCTCTCAATTT,0
GCTGTGGCATTGTAAG,0
GCTGTTTTATATGACG,0
GCTTAAAAAATCCAGA,0
GCTTAAAATACGAGTT,0
GCTTAAGACAAGTCTA,0
GCTTAATCGCATAATA,0
GCTTACAGATAATTAC,0
GCTTACCCAGTACAAT,0
GCTTACGTACAAATTA,0
GCTTACGTTTGAAAAG,0
GCTTACTACGGTGTGA,0
GCTTACTGGAATACCA,0
GCTTAGTCCGTGTGAC,0
GCTTAGTGTGACGCTC,0
GCTTAGTTCCTCTATT,0
GCTTAGTTGAAGGATG,0
GCTTATTCAATCTTAC,0
GCTTCAAGGCTGCATC,0
GCTTCAAGGTCACTGA,0
GCTTCAAGTAAAAAAG,0
GCTTCCTAACTATGGT,0
GCTTCGATCCACACCC,0
GCTTCTCAAATCTAAT,0
GCTTCTGATCGAACGA,0
GCTTGAAAATACTACG,0
GCTTGAAAGCGGTTAA,0
GCTTGACTGTAGAATA,0
GCTTGCAGCACAAAAC,0
GCTTGTCCTTGGAACA,0
GCTTGTGATATTGCCC,0
GCTTGTTTCCACCTAA,0
GCTTTAATAAAAAACC,0
GCTTTATAACACACGT,0
GCTTTATCGGAATTAT,0
GCTTTCCTTCATTAAA,0
GCTTTCTGTTAACAGA,0
GCTTTGATTTAATGAC,0
GCTTTGCTTAGTACCG,0
GCTTTGGATCCGGCAA,0
GCTTTTAACATGCGCT,0
GGAAAAAAAGACCTGA,0
GGAAAAAATAAACGTT,0
GGAAAACCCGCGCATA,0
GGAAAAGATAGAATTC,0
GGAAAATTGTATGATA,0
GGAAACACGCAAAAAC,0
GGAAACATATGGAATT,0
GGAAACGGAATTGCAG,0
GGAAACTACAACAACG,0
GGAAACTATACCGTGC,0
GGAAACTCAAAGGGAG,0
GGAAAGATCTTTAACA,0
GGAAAGCAGTACAAAA,0
GGAAAGCTTAGTAGTC,0
GGAAAGGCTAAACTAA,0
GGAAAGGTGATCAATG,0
GGAAAGTAATAATTTA,0
GGAAAGTGAGGAGATA,0
GGAAATGCAAATTTAA,0
GGAAATGTACACAAAG,0
GGAAATGTTACGTCTA,0
GGAAATTGAAGTTAGG,0
GGAAATTTACCCAGAT,0
GGAACACCATTTTGCT,0
GGAACACTAGCTCAAC,0
GGAACAGATCCCCAAA,0
GGAACATATGTGTAAA,0
GGAACATTCTGCGAAC,0
GGAACCCAATATTTGA,0
GGAACCCGGACCTGTT,0
GGAACCCTGCACAAAC,0
GGAACGTAGAGCAAAC,0
GGAACTAACACCCAGT,0
GGAACTGATACAACTT,0
GGAACTTCGACACACA,0
GGAAGAAAAAGCACTG,0
GGAAGACCGAATGTTA,0
GGAAGCACAATAAACA,0
GGAAGCGAAATAGGGG,0
GGAAGGATGTACACCT,0
GGAAGGGGTATATAAC,0
GGAATAACCTAAAAAG,0
GGAATAATGATCGATC,0
GGAATACCTTAAACTC,0
GGAATACGAAAAAACG,0
GGAATAGCGAAATCCC,0
GGAATATTATAAATAC,0
GGAATATTTAGATGTA,0
GGAATCAATCTCTACC,0
GGAATCCATACATCGA,0
GGAATCCGAAGTAACC,0
GGAATCTATTCATTTC,0
GGAATTACAATAACCA,0
GGAATTAGACGGACTG,0
GGAATTATAAAGCACA,0
GGAATTTTTTTTGCCT,0
GGACAAAAGATAAGGA,0
GGACAACAGATAAAAC,0
GGACAACCCTTGACTA,0
GGACAACTGGCGGTAA,0
GGACAAGCAGTTAAGT,0
GGACAAGGGGAGCACA,0
GGACACAAAATCACTA,0
GGACACAGATAGTAGG,0
GGACACTGAATTGAAA,0
GGACAGACACAAGTCG,0
GGACAGCAAATAACTA,0
GGACAGGCGAGTGAAC,0
GGACAGTACAGTTGCA,0
GGACAGTCAGTTTAAA,0
GGACATAACCAAGGCA,0
GGACATCAAGCTGTAA,0
GGACATGCCGACGCAA,0
GGACATTGAGTACAGA,0
GGACCAATATTGACGC,0
GGACCACTCCCGAAAA,0
GGACCCTAAACCCATA,0
GGACCCTTGCCAGTGT,0
GGACCGCAATGTGTAT,0
GGACCTATTAAATAAT,0
GGACCTTGAATCCGTG,0
GGACGAATCTGAGCCG,0
GGACGAATTAATAGAC,0
GGACGACAAGACTTAC,0
GGACGCAATTATGCGA,0
GGACGCGCGAGACGTA,0
GGACGTAAAAAATGTC,0
GGACGTAACTACAAAA,0
GGACGTGTAACACCGT,0
GGACTAAGGGCAGAAG,0
GGACTATTATAGCTAC,0
GGACTCACCGAAGCCG,0
GGACTCATCCAGAACA,0
GGACTCCAACCCGTCG,0
GGACTCCCCAAACTAA,0
GGACTGGCAGGTCTCA,0
GGACTGTCTTAGAACA,0
GGACTTAAGAAATGTA,0
GGACTTAGAGGGTCCG,0
GGAGAAAGGAAACATG,0
GGAGAACCCAAGGCGT,0
GGAGACAGTAGAATTA,0
GGAGACGACATAATCT,0
GGAGACTAATAACTAA,0
GGAGAGGTTCTAAGCA,0
GGAGATAGCAACTCTT,0
GGAGATATACCTGCTT,0
GGAGATTCAATCCGAA,0
GGAGATTCTTAGTGAC,0
GGAGCAACGTATTTTA,0
GGAGCCAGGCGAGTTT,0
GGAGCCATAGAAGTCT,0
GGAGCCCAAATCAATG,0
GGAGCGAATAATGAGT,0
GGAGCGGAGAGGCCAC,0
GGAGCTCATATCCAGA,0
GGAGGAAAAATGACAA,0
GGAGGAAAGAATCCAG,0
GGAGGTTATACAAATC,0
GGAGTACACTATTATA,0
GGAGTATCCGGTGACC,0
GGAGTATTTTCCGAGG,0
GGAGTTCACAATGGCG,0
GGAGTTTTTTCAATAC,0
GGATAAACGCTCGGAT,0
GGATAAAGGAGTCACT,0
GGATACAATAACCAGC,0
GGATACCCCACGGTCG,0
GGATAGACTTAGATAA,0
GGATAGGAAGTACAAA,0
GGATATCGCATAATAA,0
GGATATTCTAAATGCT,0
GGATATTGAGGTTCAA,0
GGATCACCTACTGTAT,0
GGATCCTGCAGATGCC,0
GGATCGGTAAAGTATT,0
GGATCGTATCTACGAT,0
GGATCGTTCGACGCAA,0
GGATCTGCGAAATGAC,0
GGATGAACCATTTGCT,0
GGATGAAGAGCCATGT,0
GGATGAGTGCTTTATT,0
GGATGATTACACACGC,0
GGATGGAAAAAACCTT,0
GGATGGCACATAGCCA,0
GGATTAGCAAGTGCTC,0
GGATTAGTACTGAAGA,0
GGATTATACGATGAGA,0
GGATTATCCGGACTGT,0
GGATTCAGACTGACGA,0
GGATTCGTCATTCTCC,0
GGATTCTCTCGACCAG,0
GGATTTCAGACAGGTC,0
GGATTTCCTGGACCAA,0
GGCAAAAAGACATGAT,0
GGCAAAAGCCTTACGA,0
GGCAAAATGGATTGAC,0
GGCAAACTCCGAGATC,0
GGCAAAGGAAAAAGAC,0
GGCAAATTATAATACC,0
GGCAAATTCATGCCAT,0
GGCAACCGGTCCAGAA,0
GGCAACGTACAGCACA,0
GGCAACGTTGCACAAG,0
GGCAAGAATGAGCAGG,0
GGCAAGCACGAACAAA,0
GGCAATCGACCCCGCT,0
GGCACAAATTATCATA,0
GGCACACGTCCGGTCC,0
GGCACGAAGAACCCAA,0
GGCAGACGTCGCATAT,0
GGCAGCCCGCCACAAA,0
GGCAGCCGCATTAGCG,0
GGCAGGATACGAGATA,0
GGCAGTTTTTAGCGTA,0
GGCATAACTTAAGGAG,0
GGCATAATCTTCAAAT,0
GGCATAGAAACTAAAC,0
GGCATATCGGATTTTG,0
GGCATCCTACAAACCA,0
GGCATCGCTACATAGA,0
GGCATGAGTCTGATCC,0
GGCATGGAAGATACAT,0
GGCATTTAGGTAAATG,0
GGCCAAAGTTAAGCTA,0
GGCCAAATCAAAGGCT,0
GGCCAAATGCGACGGA,0
GGCCAACCAAATCCTA,0
GGCCAACTTTGGTAAC,0
GGCCACACTTGTCCCA,0
GGCCACGCAGACAATG,0
GGCCACTTAACAATCG,0
GGCCAGATATTTAGAA,0
GGCCATACCCTAACAA,0
GGCCCAATACAGTCCA,0
GGCCCAATCCTCATGC,0
GGCCCCAATGTTACCG,0
GGCCCCACTCATACCT,0
GGCCCCGATATTTTCT,0
GGCCCGGAGAATAACA,0
GGCCCTACAACTAATA,0
GGCCCTATTCCTACCT,0
GGCCCTCGACGTACAA,0
GGCCGAAATCCCTGCC,0
GGCCGAAATGTGTATC,0
GGCCGAACACGACGAA,0
GGCCGAGAAGCGAACT,0
GGCCGCGAAACTGTCC,0
GGCCGCTCGACAATAT,0
GGCCGTATTAACATAA,0
GGCCGTGGAGACCTAA,0
GGCCTCCCCCCATATA,0
GGCCTTCCACTCAGTT,0
GGCGAACCACAAACGA,0
GGCGAACTTATCTAAT,0
GGCGAATAGACGACGA,0
GGCGAATTCTGAAATC,0
GGCGACACCATCAAGC,0
GGCGAGTAATCTACAA,0
GGCGATAAAAAACTCA,0
GGCGCACCAATATCGG,0
GGCGCGGGCATTCACT,0
GGCGCTCAATACCATC,0
GGCGCTTGACGCTTAA,0
GGCGGAAAGTATCTTT,0
GGCGGAAGTACCTCAA,0
GGCGGCAATGCGGACA,0
GGCGTAACCCTAATAC,0
GGCGTAATGTGTAAGG,0
GGCGTACAAATCATTC,0
GGCGTATAGAAGAGCA,0
GGCGTCTAGATGGATT,0
GGCTAAATCTTAAAGA,0
GGCTAAATTTGCTAAA,0
GGCTAAGCATCCAAAC,0
GGCTACCAAAGTTAGA,0
GGCTACGCCACGCCAC,0
GGCTAGACAATCTTCC,0
GGCTAGAGTGCCTCGA,0
GGCTAGCCTATGATAT,0
GGCTATCGTCCCCTGT,0
GGCTCACTAAGAGATT,0
GGCTCAGAACGTGGAA,0
GGCTCCTTCAAGGGAA,0
GGCTCTTAGAAAGCAA,0
GGCTGAATACGCAAAA,0
GGCTGACGATCCCTTA,0
GGCTGACTCGTACTGT,0
GGCTGATGTAACGATT,0
GGCTGCCGGGCGGCCA,0
GGCTGTAGAGCGGAGG,0
GGCTTAACGTTCAATC,0
GGCTTACATTGGCTCG,0
GGCTTATAAGTTTAAA,0
GGCTTCATCTTACGTT,0
GGCTTCCCAAATGTTC,0
GGCTTGGGTTAAACGC,0
GGGAAAACGATTAGAA,0
GGGAAAGGTTTCGGTT,0
GGGAAATGCATCCTAC,0
GGGAACAGTGAGCCTC,0
GGGAACCGTTACAGTG,0
GGGAACTGAACAGAAT,0
GGGAAGTAGAACGAAG,0
GGGAATTAAAGGGGTC,0
GGGAATTCTATACCAG,0
GGGACAGCAAACATAC,0
GGGACAGTAAACGCTC,0
GGGACCAAAAAATATA,0
GGGACCGAACCTACCA,0
GGGACCTCTATCAAAT,0
GGGACGATTAAACGGA,0
GGGACGCAGCTAAGAA,0
GGGACTATACGTACAT,0
GGGACTTATAAAGGGT,0
GGGAGCATCCCCATGC,0
GGGAGGAATGTTACAA,0
GGGAGGCACTCAATGA,0
GGGAGTGATCAATAAC,0
GGGAGTGTTGAGGGCT,0
GGGATAATCAAAGTCA,0
GGGATACCGGGACCAA,0
GGGATATGCGGACGAG,0
GGGATCACCCTGAACA,0
GGGATTGAAAACTCAA,0
GGGATTGAAACAAATA,0
GGGATTGGTACCGACC,0
GGGATTTACAAATCTG,0
GGGCAACAATACACAA,0
GGGCAACGAGAAAATC,0
GGGCAATATGCAAGCT,0
GGGCATGCCCAGCCAT,0
GGGCCATAACGTAATT,0
GGGCCGAAAACTAGAG,0
GGGCCGGAGTACGAAG,0
GGGCCTGCCATCCTAA,0
GGGCCTTATATTCGAA,0
GGGCCTTGCGAAGAAC,0
GGGCGAAAAAGCAAAA,0
GGGCGAATATGTGCCA,0
GGGCGACCACAATAAA,0
GGGCGATAACATATTT,0
GGGCGCACGTAGGTTA,0
GGGCGCATATCCTCCA,0
GGGCGCGATTTGGATA,0
GGGCGTAAGACATCCA,0
GGGCGTAGACATTCAT,0
GGGCTCAAACACATTC,0
GGGCTCACTTATTCGG,0
GGGCTGACAGTAACCA,0
GGGCTTACACCCAGCA,0
GGGGAAACGTGTGGTA,0
GGGGACGCCAAGTCTA,0
GGGGAGCGCGGACAAG,0
GGGGATGAAATGCGTA,0
GGGGCACGGAAGAGAA,0
GGGGCATTCAATTCAA,0
GGGGCTGAACATCGTG,0
GGGGGATAAGTAAGCC,0
GGGGGGCTCAAACAAT,0
GGGGTACGCTCTGGGT,0
GGGGTAGATATAGACC,0
GGGGTCCCGATTGATC,0
GGGGTGGTCTAACCCA,0
GGGTAGTACGATACCA,0
GGGTATAACATAAGTT,0
GGGTATACAGTCTTAA,0
GGGTATCTAAACTGTA,0
GGGTGCAAGAGATACG,0
GGGTGTACTAAGAGTT,0
GGGTTAAGCTATGACG,0
GGGTTGACCTAAGCGA,0
GGGTTTCGTTGTGCCA,0
GGTAAAACTGACGAAA,0
GGTAAAATATCAAGTC,0
GGTAAACCTCGAGCAG,0
GGTAAAGGACGCTATA,0
GGTAAATTTATTAACA,0
GGTAACCACCATAGAC,0
GGTAACCGTAATTCGG,0
GGTAACCTGCGCTATG,0
GGTAATAATTTTAACG,0
GGTAATAGTACTTCGG,0
GGTAATCGGAAAAAAA,0
GGTAATGTTACAAAAC,0
GGTAATTAGTATTTGA,0
GGTACAAAGCGGCCAG,0
GGTACCAAAAGGGAAG,0
GGTACCTCTGGTGGTA,0
GGTACCTTCTCCTCAG,0
GGTAGAACTTTGCCAT,0
GGTAGACAAATTAAAT,0
GGTAGACTACACATTC,0
GGTAGAGACTATTGAA,0
GGTAGCAACTGGAACA,0
GGTAGCCCCCCACAAG,0
GGTAGGTAGATTAAAA,0
GGTATAAATTAATAAT,0
GGTATAACTCGAAATA,0
GGTATACCCTCAAGCC,0
GGTATCAATAAACTGA,0
GGTATCGAGTAGGCCT,0
GGTATGTCGTGATACC,0
GGTATGTTTAACTGAC,0
GGTATTACGTTGAACC,0
GGTCAAAGATCCAACA,0
GGTCAAATGCTCCAAA,0
GGTCAACAATAAGCAC,0
GGTCAACCAGTTTTGG,0
GGTCACAAGTATAGAT,0
GGTCACAGGCAATACA,0
GGTCACATTGAAGAAA,0
GGTCACGCTGACAGTA,0
GGTCACTACAAAAGAA,0
GGTCACTATCCCTTCA,0
GGTCACTCTTACATTT,0
GGTCAGAAGGAATCGA,0
GGTCAGCCCTACCAAA,0
GGTCAGCTAGCCCGAT,0
GGTCAGGAAACATCCT,0
GGTCAGTAAGCTATCT,0
GGTCATAAGTTCACTT,0
GGTCATATATCCTCAT,0
GGTCATGCCGTACAAC,0
GGTCATTCTAAGGTTA,0
GGTCCAACTAAAAAAA,0
GGTCCGTTTTGGAATT,0
GGTCCTAATCAAAATC,0
GGTCCTATAATAAGAC,0
GGTCCTGATGATAGTG,0
GGTCGAAAACATCCAG,0
GGTCGATATTATAAAG,0
GGTCGATTTGGCCTCT,0
GGTCGTCAGAATTACC,0
GGTCTACAAGCCTCCA,0
GGTCTATACACGCCTT,0
GGTGAAACTAGACTAG,0
GGTGAAAGGCCTCCAT,0
GGTGAAGATCCGAAAT,0
GGTGAATAGCCGTTGA,0
GGTGACACTTGAAAAC,0
GGTGAGAAGTTCATAA,0
GGTGATAAACGCCAAG,0
GGTGATACGGAGAATA,0
GGTGATCGTTGCTAAA,0
GGTGCACTTTCGTACT,0
GGTGCATACGACGCAC,0
GGTGCGTTCCCTTCAA,0
GGTGCTGTTCTTTTCC,0
GGTGGATGTAACTGAA,0
GGTGGGGACACGCAGA,0
GGTGGTAATTCATGCA,0
GGTGTAACTATTGTAC,0
GGTGTACCCGTTGCAA,0
GGTGTCAGTCCACAAC,0
GGTGTCGGATGTAAAT,0
GGTGTCTCCTCACATA,0
GGTTAAAAACACACGT,0
GGTTAAAGAGTAGATC,0
GGTTAACCGCCGCTGG,0
GGTTAACTCTACTATT,0
GGTTAAGATACGTGTG,0
GGTTACGTTAATCCAG,0
GGTTAGATATTTAGAG,0
GGTTAGCCAAGACAAG,0
GGTTAGCTGCCAACCT,0
GGTTATACATGGACAA,0
GGTTATTAATTTAAAG,0
GGTTATTGTGAATAAT,0
GGTTCAATAGTAAAGA,0
GGTTCACAGTTTTACA,0
GGTTCCTGAATTTCGT,0
GGTTCTTTTGAAAACC,0
GGTTGCAAGTAAGCTG,0
GGTTGCTTACAGTAAT,0
GGTTGGATTAAAGATA,0
GGTTGGGGAGTTAATA,0
GGTTTCAAAGTGACCA,0
GGTTTCGAGCCTGTTA,0
GGTTTCTCAAATATCA,0
GGTTTTAATTAAATCT,0
GGTTTTATAAACGGGA,0
GTAAAAAACCGACGGT,0
GTAAAAAAGACAAACG,0
GTAAAAAAGCCAAAAT,0
GTAAAAACCGACCGTA,0
GTAAAAAGACAACATA,0
GTAAAACAGAGGGATT,0
GTAAACAGTCCAGTCG,0
GTAAACCATATTAATG,0
GTAAACGATACTAATT,0
GTAAACGCTCTCCTAA,0
GTAAAGAACCTAATGG,0
GTAAAGACCAAGATCC,0
GTAAAGTTAGGTGAGA,0
GTAAATAAACTGCAAG,0
GTAAATAAGCCCTTTG,0
GTAAATATAGCAACCT,0
GTAAATATCGTGCAAC,0
GTAAATCAAGCTGGAT,0
GTAAATCCACACATTT,0
GTAAATTCCGTAGATC,0
GTAACAACAGAGACGA,0
GTAACAACCACTCCTA,0
GTAACAACCTGACAAA,0
GTAACAATCAGACCAA,0
GTAACAATTAATACCA,0
GTAACAGACCCGAAAC,0
GTAACATAAACTAAAG,0
GTAACATAGCAACTGC,0
GTAACATATATTTAAG,0
GTAACATCCGTTTTCC,0
GTAACCACACCAACTA,0
GTAACCACCACACACA,0
GTAACCATGAGCACTA,0
GTAACCCCACTAAGTA,0
GTAACCGTTACCTTCA,0
GTAACGACGCATTTGC,0
GTAACGACTTTAGCGT,0
GTAACGCCATAAAGTT,0
GTAACGCCTAGCTTCT,0
GTAACGCGCGCCTCTG,0
GTAACTATTCATACCG,0
GTAACTTATAGCAAAC,0
GTAACTTTAGAAACCT,0
GTAAGAAGATGTTAAA,0
GTAAGAAGCGTTATCC,0
GTAAGAAGTACACTAA,0
GTAAGACAAGGGCCTA,0
GTAAGACATACTATAT,0
GTAAGATCCTTAAATC,0
GTAAGATTCTTAATGA,0
GTAAGCGCAATACATG,0
GTAAGCTGAGTATACC,0
GTAAGGAATTAAGTTG,0
GTAAGGAGCATGAATC,0
GTAAGGATACTATCCC,0
GTAAGGGATTTCGAAG,0
GTAAGGGCACGTAACA,0
GTAAGGGCTACACAAT,0
GTAAGTACTCTGGCTG,0
GTAATAACATAATACT,0
GTAATAATTTTGACGA,0
GTAATAGAGACGAGAT,0
GTAATAGCTCTGAAAG,0
GTAATATTAACGACAG,0
GTAATATTAACTTTAA,0
GTAATCCAAACAAGAC,0
GTAATCTCAAGCAAAG,0
GTAATCTGTTCTCTGA,0
GTAATGCCGGAGTACT,0
GTAATGGAACGGGACG,0
GTAATGGTAAATAATG,0
GTAATGTCAATTGACG,0
GTAATTAAGTGCAACA,0
GTAATTATGGACTAAG,0
GTAATTCCCTCAGATG,0
GTAATTGCAATATGGA,0
GTACAAAGATAACACC,0
GTACAAAGATAGAAGA,0
GTACAACACTGCCTCC,0
GTACAAGAATGGAACG,0
GTACAAGCTCTGTACC,0
GTACAATAGTCCAAAA,0
GTACACCAACAGAGCT,0
GTACACTACATCGCTA,0
GTACAGTATTTCTCGG,0
GTACATAATTTGGGGC,0
GTACATCACATTGCGA,0
GTACATGCATTACTTG,0
GTACATGCGAATCACA,0
GTACATTTACACTAGG,0
GTACCACCTTATGAAA,0
GTACCCACGCACACCA,0
GTACCCCCACTAAGTT,0
GTACCCGTTATCCGGA,0
GTACCGACGATGACAT,0
GTACCGGATCTCCTTA,0
GTACCTACGAGATTGA,0
GTACCTCTTTTCATGA,0
GTACCTGAAACATCCA,0
GTACGAAGGACAGTAT,0
GTACGATTAACAAAAC,0
GTACGCATGATCTTAA,0
GTACGCCATAGACATG,0
GTACGTAAGCTGCTAA,0
GTACGTAGTAATATAA,0
GTACTAAAAGCTAAGT,0
GTACTAACACATAAAG,0
GTACTACAACGCGTTT,0
GTACTAGACGAACACA,0
GTACTAGTAAAAAAAT,0
GTACTATAGAACCTGT,0
GTACTCATTGAACTAA,0
GTACTCGCGTTTGTTA,0
GTACTCTGCACTATAA,0
GTACTGGATGAGCAAC,0
GTACTGGCTAGTAAAG,0
GTACTTATGCTGGCAG,0
GTACTTCTTAAATCCG,0
GTACTTTGTGAATTAA,0
GTAGAAATCATTAGCT,0
GTAGAACTTCCATTAA,0
GTAGAATCGTAAACCT,0
GTAGACAGATTAGACG,0
GTAGACCAACACAATA,0
GTAGACCGACAAATTC,0
GTAGAGGACTGGCCTA,0
GTAGATATAATTAGCC,0
GTAGATATGCCACTGC,0
GTAGATGCGTGCCTAA,0
GTAGCAAATATTAGAT,0
GTAGCAACGACTCACT,0
GTAGCAATCCTTATTA,0
GTAGCACAGAATAAGA,0
GTAGCACGATGAAATG,0
GTAGCAGAAATTAAAG,0
GTAGCAGTACGGGTAA,0
GTAGCCATCTACACAT,0
GTAGCGGTTAAGTTCT,0
GTAGCGTGTAATAGAA,0
GTAGCTCTAGAAATAA,0
GTAGCTTATTCTGAGA,0
GTAGGTAACCTTTGCA,0
GTAGGTGCGAGAGCAA,0
GTAGTAAGAACAAGAT,0
GTAGTACATCGAAAAA,0
GTAGTCCCGATCATCC,0
GTAGTCTTGGCGTGTT,0
GTAGTGGGAATCCATT,0
GTAGTGGGACGCACAT,0
GTAGTTACTTCGGATT,0
GTAGTTGAGATGCTGA,0
GTAGTTTATTAAAAGT,0
GTATAAAATAATAATG,0
GTATAAAATTTTATTA,0
GTATAAACCCCTGCCT,0
GTATAAAGAAAATAAT,0
GTATAAATTAAATAGG,0
GTATAACCGTATTAAT,0
GTATAACCTATCAACT,0
GTATAACGGGTACAAA,0
GTATAAGCTTATACCG,0
GTATAATCATACGTTG,0
GTATACACATCCGAGA,0
GTATACCATCCCGCAG,0
GTATACCGCTTTGAGA,0
GTATACGAAGGGCTTA,0
GTATACTCCTGAGCCC,0
GTATAGAAAGTCCATA,0
GTATAGATAAAAGGGT,0
GTATAGTTTCAATGAT,0
GTATATAAACTATGAT,0
GTATATGCTGATACAC,0
GTATATTATGTCAAGA,0
GTATATTTGATAAGGA,0
GTATCAATCGCGTTAT,0
GTATCAGGAAGGAAGG,0
GTATCAGTTATGATTT,0
GTATCCGCCAAATCCT,0
GTATCGATCAACTATG,0
GTATCGGACACAATAT,0
GTATCTCAATAAGACT,0
GTATCTCCTTTTATCG,0
GTATGAATTAACTACC,0
GTATGCAGCTATAGAA,0
GTATGCTTCGGCCACA,0
GTATGGTGAAGAATCA,0
GTATGTGAAATCTAAT,0
GTATGTGACTAACTAA,0
GTATTAAATTTACATT,0
GTATTACACAGATATA,0
GTATTACTAAAGATAA,0
GTATTACTTCATACAG,0
GTATTAGGAAAATCCA,0
GTATTAGTCAAACTGA,0
GTATTATTCGACCAGA,0
GTATTCGATGAGAGTA,0
GTATTCGTCAAACTAA,0
GTATTCTATATGATTA,0
GTATTCTGAATTTACC,0
GTATTCTGGCCCAACC,0
GTATTCTTGAATCTAC,0
GTATTGATACTCCGTA,0
GTATTGCAAGCGCTGT,0
GTATTGCAAGTATAAA,0
GTATTGCACAGTCTAT,0
GTATTGGATTAATTGC,0
GTATTGTTTAACGTAA,0
GTATTTGAAAAAGAAC,0
GTCAAAAAAGTTAGCA,0
GTCAAAAAGTCAACAT,0
GTCAAAGTCCCAAAAC,0
GTCAACCAAACATAGA,0
GTCAACCCTTTAGGTT,0
GTCAACGACCTATTAA,0
GTCAACGGAAGTCAGA,0
GTCAACTGACAATAAG,0
GTCAAGATGCCGTCCT,0
GTCAAGCAAAGTTTGT,0
GTCAATATTTAAACCT,0
GTCAATCCCAAGGTTC,0
GTCAATGCGAGATGTT,0
GTCAATTGAAAAACCA,0
GTCAATTGCGTAAAAG,0
GTCACAGCATTGTCGA,0
GTCACGAACTATATTA,0
GTCACGAATTATATCC,0
GTCACGATAAACCATC,0
GTCACGGCACCAAATG,0
GTCACTAATAAAACAT,0
GTCACTCAATGACCAA,0
GTCACTCACAGTCAAA,0
GTCACTCCCGTTCTCG,0
GTCACTCTCTCACCTG,0
GTCACTTCCCTTCCAC,0
GTCACTTGAGCGCCAA,0
GTCAGACAGCTAGAAA,0
GTCAGAGTCATGTCAC,0
GTCAGATATTCCGAAT,0
GTCAGATTACTTGCAA,0
GTCAGTGAAATGCCCC,0
GTCATAACACCCACAT,0
GTCATACCTTTCTACA,0
GTCATACGCCGTTATC,0
GTCATAGATATCTAAG,0
GTCATCATCAAGATGA,0
GTCATCCTTACAGCAC,0
GTCATTAGTGTGTATT,0
GTCCAAACGATAAAAA,0
GTCCAAATGAGGGATA,0
GTCCAAGGATTCCGTT,0
GTCCAATAGGGTTATT,0
GTCCAATTGCACATCC,0
GTCCACACTAAATAGC,0
GTCCACCACCGCATAT,0
GTCCACGAAGAAAAAA,0
GTCCACGCAATCTGAC,0
GTCCACTGAGGAAACA,0
GTCCACTGGTTGAAAA,0
GTCCAGAAGCGTTCCA,0
GTCCAGTCTGATCAGA,0
GTCCATAACCATACCC,0
GTCCATGCCTTGTTAC,0
GTCCATTGAAGTAATT,0
GTCCCACACTAATGTA,0
GTCCCACTGAGTTATC,0
GTCCCCAAAAACCACA,0
GTCCCGGACCATAACT,0
GTCCCTAATCGAAAAA,0
GTCCCTAATGTGCTGT,0
GTCCGATAAGGACATG,0
GTCCGCCAGTAAAAAG,0
GTCCGTTCACTTGTAG,0
GTCCTAAAGGAAATCT,0
GTCCTAATTCACTATT,0
GTCCTACAAAAAAAAT,0
GTCCTACTGTAACAAA,0
GTCCTAGACACAATAA,0
GTCCTGTCCATTTATT,0
GTCCTTATCAGATAGT,0
GTCCTTGCACACTACC,0
GTCGAAATACCATACC,0
GTCGACATACATCGGT,0
GTCGAGGCGGGCTTGC,0
GTCGATCTCTACGTCT,0
GTCGCAAAAGAGATAT,0
GTCGCACCCATATAAG,0
GTCGCATAGTGACAAG,0
GTCGCGCATTCGGACA,0
GTCGCGGAAGCCTTGT,0
GTCGGCCCTCGCATAT,0
GTCGGCGAGAGTTCTC,0
GTCGGGTATATGTTAC,0
GTCGGGTCCTTACTTT,0
GTCGTAAAGCCCAGGT,0
GTCGTAATATTCCCAT,0
GTCGTACCCTAAAAAA,0
GTCGTAGACTAATGCA,0
GTCGTATTAGAAATAT,0
GTCGTCCAGTTTCTTA,0
GTCGTCCTGCCAAAGA,0
GTCGTTAATAAATTAA,0
GTCTAAAAAAAGACCA,0
GTCTAAAGGGACTGAT,0
GTCTAAGTTTGACCAA,0
GTCTAATAGTTAGAAG,0
GTCTACCCAGCAAATT,0
GTCTACCGCAAGATCC,0
GTCTAGAAAACCGGAA,0
GTCTAGACTGTCAGAA,0
GTCTAGCCTAAAGTCA,0
GTCTAGCGTATAATAT,0
GTCTAGTGATCAGCGG,0
GTCTATACTCGTTAAC,0
GTCTATCTAGACACAA,0
GTCTATTTTTCCAGGC,0
GTCTCAACACTTCAAA,0
GTCTCAACGCACTATT,0
GTCTCACATATATATC,0
GTCTCCACTCATCTTC,0
GTCTCGCACGCGTACA,0
GTCTCGGTAAAGCTTA,0
GTCTCGGTACGAATTT,0
GTCTCTAATCACAAAT,0
GTCTCTCGAATACGAG,0
GTCTCTTTACACGATC,0
GTCTGCACAGAATAAT,0
GTCTGCATAGAACGCT,0
GTCTGCGTACAACATA,0
GTCTGCTACCCTTGTA,0
GTCTGCTGTATTGCTA,0
GTCTGGCTACATTTTC,0
GTCTGTACATCATCCC,0
GTCTGTATGACACGAG,0
GTCTGTATTCTTACAA,0
GTCTGTTAAAGTTGAA,0
GTCTGTTCCCGCCATA,0
GTCTTAAAGCAGACTC,0
GTCTTAATATAAGGGA,0
GTCTTACGGACCATTG,0
GTCTTAGAGTTTACGA,0
GTCTTATCAACTTAAC,0
GTCTTCGCACACACTA,0
GTCTTTAACTGAACTC,0
GTCTTTTCACGAGGCA,0
GTCTTTTCCTGGAATG,0
GTCTTTTGCTATGAAC,0
GTGAAAAAACTAAGAA,0
GTGAAAAAGTAAATAA,0
GTGAAATATGTAAGCG,0
GTGAACGAATCTAAAA,0
GTGAACGATCTCCAAC,0
GTGAACTACTTATCCC,0
GTGAACTATAGAATAT,0
GTGAACTCTACATCAA,0
GTGAAGTATATAAATA,0
GTGAAGTCGCAAATTA,0
GTGAATAACACATATC,0
GTGAATCCTAACTAAA,0
GTGAATTATCGAAAAA,0
GTGACAAAAACCAACT,0
GTGACACAAAGCATAA,0
GTGACAGATATAGAAC,0
GTGACAGATGAAGAAT,0
GTGACAGCGTTGACAT,0
GTGACCAACTCGTGAT,0
GTGACCCAGTTGCAAA,0
GTGACCGCCAAAAATG,0
GTGACCGGCTTGACGC,0
GTGACCGTCGGATTTA,0
GTGACTTAAACCACTA,0
GTGACTTTTAGTCCTC,0
GTGAGAACCGACGAAT,0
GTGAGACTTATTTAGT,0
GTGAGTCAAGAAAATA,0
GTGAGTTGAGGTGACA,0
GTGATAAAAATTGGAT,0
GTGATAATGTTGAACT,0
GTGATACATTCGTCAC,0
GTGATAGACAGAACAT,0
GTGATATGTGACCAGG,0
GTGATCAAAAGAGGTC,0
GTGATCACCCCGAGAC,0
GTGATCCAGAGATCAG,0
GTGATGAGCAAAAATC,0
GTGATGATAGTTATGA,0
GTGATGCATTCAATTA,0
GTGATTATACTGCTCA,0
GTGATTATTATCCACA,0
GTGATTCATATTATAT,0
GTGATTCCTATGTCAT,0
GTGATTGAGGTGCTGG,0
GTGATTGTAGAACCCA,0
GTGATTTAATCCTTAA,0
GTGCAAAAAAATATGC,0
GTGCAAAAAGTTCGAT,0
GTGCAAATAACTCGAG,0
GTGCAAATCTGACTGG,0
GTGCAACATTCGGCCG,0
GTGCACCGAGTTGCGA,0
GTGCAGGATCTAAGGC,0
GTGCAGGTCGCGCGCA,0
GTGCAGTAAACTGGGA,0
GTGCATACATCCAGTT,0
GTGCCACAATAAACCT,0
GTGCCACCAAGCATCC,0
GTGCCCAGGAACGCAG,0
GTGCCCGGTGTGTAAC,0
GTGCGGACTACAGGAG,0
GTGCGGATGACATAAA,0
GTGCGTGCGGTTGCTC,0
GTGCTAACACGAGAAA,0
GTGCTAAGCAATCCGT,0
GTGCTACAGACTAGTA,0
GTGCTATGGGAGGAAA,0
GTGCTGAAAATACATA,0
GTGCTGGTGGAGGTCC,0
GTGGAACCTTTGTACC,0
GTGGACAACAATGAGA,0
GTGGACAGATCCAAAG,0
GTGGACATGGCGTAAA,0
GTGGACCTACAAGTAC,0
GTGGACGCTGCTAAGA,0
GTGGAGAACTACCGTA,0
GTGGAGATACAAGCCA,0
GTGGAGCTTAAGAGCA,0
GTGGCCTTCATCACCA,0
GTGGCGAGTTATAACC,0
GTGGCGGATGCGGTAC,0
GTGGGTCTGAAAATTG,0
GTGGTATACGTCACCT,0
GTGGTCAAATGCAGTG,0
GTGGTCTAATCAAGAA,0
GTGGTTCGACGGTCGC,0
GTGTAAAACCACTAAG,0
GTGTAAGTATTTCAAA,0
GTGTACATCATTAGAA,0
GTGTATACCATCACTT,0
GTGTATAGAATCGGTA,0
GTGTATCAGATGAAAA,0
GTGTCAACTAGTTTTT,0
GTGTCCAGCAGGGCAT,0
GTGTCCTTGAATTCCT,0
GTGTCGAAGACTGAAT,0
GTGTCGCGCGGAATTT,0
GTGTCTGGAGAGATAT,0
GTGTCTTGTAATAACT,0
GTGTGAAAAGCACAAG,0
GTGTGACCCAACGGAA,0
GTGTGCTACTAGACTC,0
GTGTGCTGAGTTCTTA,0
GTGTGTAAATACTTAC,0
GTGTGTAATCTCACGG,0
GTGTGTGGGTTAGAAC,0
GTGTGTTGTTCCCATA,0
GTGTTAACCGTAATAC,0
GTGTTAACGCATTGTA,0
GTGTTCTAGCTCGCAG,0
GTGTTCTGTTAGCACA,0
GTGTTGAGAACGGCTC,0
GTGTTTAATCATTCAT,0
GTGTTTAGCCAGGTCT,0
GTGTTTCGTGACTAAC,0
GTGTTTGCGACCCTAC,0
GTTAAAAAAAACTGAG,0
GTTAAACCATGAGCAA,0
GTTAAACCCAGCCGTA,0
GTTAAACGAACTCCGA,0
GTTAAAGGGAGCTGAA,0
GTTAAATATTCAGAGT,0
GTTAAATCATTTGGTC,0
GTTAACCATGCGAGTG,0
GTTAACCCCGACCTCA,0
GTTAACCGATCGGGCT,0
GTTAAGAAGGACCGAA,0
GTTAAGTATTAAACGA,0
GTTAATAGTGTCGAAG,0
GTTAATCAACGGTAGA,0
GTTAATGACGCAGTTA,0
GTTAATTAAACAACAA,0
GTTAATTCACAAGAAC,0
GTTAATTGATACTGAA,0
GTTACAAACAATTCGA,0
GTTACAACTATCCGTA,0
GTTACACGTAATCATT,0
GTTACATAAATGTAGT,0
GTTACATTTTCAACTC,0
GTTACCAACAGAACCA,0
GTTACCAATCAGTACG,0
GTTACCATTCAAACCC,0
GTTACGACAGTGACTA,0
GTTACTTATAATCAAG,0
GTTAGAAAGCAGTAAA,0
GTTAGACCAGTAAATA,0
GTTAGATTTAAATGAA,0
GTTAGCCCCCTACAGG,0
GTTAGCGAAAAGTTCC,0
GTTAGCTACCAACGTT,0
GTTAGTAAAGTTAGAC,0
GTTAGTACAACACCTT,0
GTTAGTCAAATGAGAG,0
GTTAGTTACTATCTCA,0
GTTATAATTCTACCAA,0
GTTATAGGAGAATCAG,0
GTTATAGTCACAAAGC,0
GTTATATCGAATGACC,0
GTTATCACTCCAGTAA,0
GTTATCCCGTATACAC,0
GTTATGAGGAGAAATT,0
GTTATGCATTGTCCGT,0
GTTATGGGAACGACAC,0
GTTATTAACCTGTCGT,0
GTTATTACTAAAGAAT,0
GTTATTGCGTATTCAG,0
GTTATTTCGTTAAAAC,0
GTTATTTTGAAAGGTT,0
GTTCAAAAGCAACGAA,0
GTTCAAACACTTAATC,0
GTTCAACTACGTACGT,0
GTTCACTAAACACCAG,0
GTTCAGATCCTACACA,0
GTTCATATATTTGCAA,0
GTTCATCTAAGACCCT,0
GTTCATGACAAGGTCA,0
GTTCATTGCTCTAAGT,0
GTTCCAAAAGTTATAT,0
GTTCCAATACAGGACA,0
GTTCCAGCTAGAAGAA,0
GTTCCCCATACATACC,0
GTTCCCTGAAGATTTA,0
GTTCCTACGTCCGAAC,0
GTTCGATAGTACCAAA,0
GTTCTAAGCGAGTATT,0
GTTCTACGATAAGCTC,0
GTTCTATAGACAAATA,0
GTTCTCTAATTGTGCT,0
GTTCTGCAGAGCCTGG,0
GTTCTTAGCGACAGGG,0
GTTCTTCAACTAAAAT,0
GTTCTTGAGCTCAGAC,0
GTTGAAAACCACAACA,0
GTTGAAACAGGCCCAC,0
GTTGAAGGTACACAAA,0
GTTGAAGTACCCCTAC,0
GTTGAATAGATGGCAT,0
GTTGACAAATGCAGGA,0
GTTGACCTAAAACGAG,0
GTTGACGAATGCACGT,0
GTTGACGTACCCTGCT,0
GTTGACTCGAGGCGTT,0
GTTGAGGACAATTAAT,0
GTTGAGGGATATAAAT,0
GTTGAGGGTTCACTAT,0
GTTGAGTAGGTGATAA,0
GTTGCATAGCCCAAGT,0
GTTGCCCAGGGAGCTA,0
GTTGCCTCCTTAACCA,0
GTTGCCTCGATGCCAC,0
GTTGCGAACTGCATTA,0
GTTGCTATGGCTTTGA,0
GTTGGACAAATAAATC,0
GTTGGACTACGACCCC,0
GTTGGATTTACGTGTA,0
GTTGGGGTATACTCGA,0
GTTGGTAATCAGATAC,0
GTTGGTTAGAGAGTTT,0
GTTGTACGTACGTGTT,0
GTTGTCAATTTACACT,0
GTTGTGATCCAAAAAA,0
GTTGTGCTCCCACAAA,0
GTTGTTACCTTTACCA,0
GTTGTTGAGGGGTGCA,0
GTTGTTTGAATGACCA,0
GTTTAAAAGTGTAATG,0
GTTTAAAATTATCCCT,0
GTTTAAATTGTATTCC,0
GTTTAACATTGCCCGA,0
GTTTAACTGAACTAGG,0
GTTTAATCGGATGTCA,0
GTTTACAAAGTGAACT,0
GTTTACCATCTGTTGC,0
GTTTACCGCAAGGGAC,0
GTTTACTCCGTCAGAA,0
GTTTAGGTATGGCTAG,0
GTTTAGTATAGCAATC,0
GTTTAGTTCAGTTTAA,0
GTTTATACGCTAATAA,0
GTTTATCCAAAATAGA,0
GTTTATCGTGCAAGGA,0
GTTTATTTCCGAAGTC,0
GTTTCAAATAGCTCGA,0
GTTTCCACGTGAATAC,0
GTTTCCATGGGATACG,0
GTTTCCGTCACTTTTG,0
GTTTCGACCGTCTTAT,0
GTTTCTACGCTGAGCA,0
GTTTCTGAGGAGCAAT,0
GTTTCTGCGTAGGGCG,0
GTTTCTTGCATTACGA,0
GTTTCTTTCACGTTTC,0
GTTTGCAAACACAATT,0
GTTTGCCACACAAACA,0
GTTTGGAACGTTAAAT,0
GTTTGGATGTACTGAT,0
GTTTGGGAAATAGCCA,0
GTTTGGGGTTGCGTAA,0
GTTTGGTTAACCGAGG,0
GTTTGTTCCTACACAA,0
GTTTGTTGTTAAGGAG,0
GTTTTATATTATGAGC,0
GTTTTCTGGCCCATAG,0
GTTTTGAACACGAAAA,0
GTTTTGGCAATGCTAA,0
GTTTTGTCATTTCTAC,0
GTTTTTATAATACATA,0
GTTTTTCATATGTGAC,0
TAAAAAAACCTCCAAA,0
TAAAAAAACGTGAACA,0
TAAAAAAGAATCTAAC,0
TAAAAAATCAAAGGCC,0
TAAAAAATGACCCCCA,0
TAAAAAATGCATTAGT,0
TAAAAAATTTGTGAAA,0
TAAAAACAAATCTCCG,0
TAAAAACCCCCAGCTC,0
TAAAAACTACAAATAC,0
TAAAAACTACCGCCAG,0
TAAAAACTACGAATAT,0
TAAAAACTCCATGTAT,0
TAAAAAGACTAGCACA,0
TAAAAAGACTTTCATG,0
TAAAAAGCTCAATACG,0
TAAAAATAACCCTTAG,0
TAAAAATACCTACCAG,0
TAAAAATAGTGTGAAA,0
TAAAAATCTACGCTAT,0
TAAAAATGACATAGAT,0
TAAAAATGATAATAAG,0
TAAAAATGTGGGTAAG,0
TAAAAATTAGCTATAC,0
TAAAACACCAAAAATC,0
TAAAACAGTCGGACGA,0
TAAAACATACATACAG,0
TAAAACATTCTAAAGA,0
TAAAACCAACAAGTGT,0
TAAAACCAATTTTCAC,0
TAAAACCACCATTTGA,0
TAAAACCACGCTGAGT,0
TAAAACCTAGCGATAG,0
TAAAACGGAACAGGAT,0
TAAAACGTTAGATGAA,0
TAAAACTAAGCCGCAA,0
TAAAACTATGGATCTC,0
TAAAACTCTTATACTA,0
TAAAACTTGACGAAAC,0
TAAAAGACGACTAGGG,0
TAAAAGAGACAGACAA,0
TAAAAGATGGACTATC,0
TAAAAGCAAGGCAATT,0
TAAAAGCCCCTACCCG,0
TAAAAGTAATTAACTG,0
TAAAATAAAATAGCAG,0
TAAAATACCATGAACC,0
TAAAATACGCCAATTA,0
TAAAATAGGGATTTTC,0
TAAAATAGTAAAACCC,0
TAAAATATTGATATAC,0
TAAAATCAAAAGATGC,0
TAAAATCAAAATTTAA,0
TAAAATCACGCTTTCA,0
TAAAATCGTTCATAGG,0
TAAAATCTCCTCTCCA,0
TAAAATGCTTCATATA,0
TAAAATGTGTCAACAT,0
TAAAATTACCCTACTT,0
TAAAATTGCAACAAGT,0
TAAACAAATAAAAAAT,0
TAAACAACACAACCTT,0
TAAACAGTATATCCTT,0
TAAACATGATGAAAAC,0
TAAACATTATTTTCCT,0
TAAACATTCTACCCTC,0
TAAACCACGGCGGAGG,0
TAAACCCCGAGATGTC,0
TAAACCCGCTGACAAT,0
TAAACCTCATAGAAAG,0
TAAACCTTATACAAGA,0
TAAACCTTCGCACAGA,0
TAAACGCGTTCAACCA,0
TAAACGGGATTCGTCA,0
TAAACGGGGAGCAGAA,0
TAAACGTAAGAGCCAC,0
TAAACGTAGACACAAA,0
TAAACTAAACTTTACC,0
TAAACTACAAAAGTCT,0
TAAACTACGAAAAAAC,0
TAAACTCAAGAAACCA,0
TAAACTCACGAATTTA,0
TAAACTCGCTCCTATG,0
TAAACTGACTAGCATT,0
TAAACTGGTTAAAGAC,0
TAAAGAAATCAGTCAA,0
TAAAGAACGTATTGCT,0
TAAAGAATGCCAAGCC,0
TAAAGAGAGAACAAAC,0
TAAAGAGAGTTTTCCA,0
TAAAGATCAAGGACTA,0
TAAAGCAATGTACTGA,0
TAAAGCAGCACTTTAC,0
TAAAGCCCGTCGTAAA,0
TAAAGGAAACGCAGAG,0
TAAAGGAATTTATGAA,0
TAAAGGATATCCAATA,0
TAAAGGGAAATGTAAT,0
TAAAGGGCTGGGAACG,0
TAAAGGTGCATGTACT,0
TAAAGGTTCTATCCGG,0
TAAAGGTTTCCGGATT,0
TAAAGGTTTGACCGTG,0
TAAAGTAAAAAGTGAA,0
TAAAGTAAAATATGGT,0
TAAAGTAACACATGAT,0
TAAAGTAGTAGATATA,0
TAAAGTCACATTTATT,0
TAAAGTCCTTTTGAAA,0
TAAAGTGGTTACATCA,0
TAAAGTTCGAGTGCGT,0
TAAATAAAAGCACTCA,0
TAAATAACCCAAGTAT,0
TAAATAAGTCACAACA,0
TAAATAATCAAAAACT,0
TAAATAATTTCCTAAG,0
TAAATACATCAATATT,0
TAAATACGCAGGCCAA,0
TAAATACTAAACACTC,0
TAAATAGAAGTCCCAA,0
TAAATAGAATATATTG,0
TAAATAGATTTAAGTA,0
TAAATATATAAAAACT,0
TAAATATCGAACCGTT,0
TAAATATCGATATTAG,0
TAAATATCGCACCACC,0
TAAATATCGGCAACGA,0
TAAATATCTAACACAT,0
TAAATATTCAAAAATT,0
TAAATCCAACGACTGG,0
TAAATCCGCACCTGCA,0
TAAATCGAAAGAAAAG,0
TAAATCGATTCTAGAT,0
TAAATCTACAAATGAC,0
TAAATCTGAATCCAAG,0
TAAATGAAAACAGACC,0
TAAATGAAACAAAACA,0
TAAATGAAAGCGATGG,0
TAAATGAAGTAATGAA,0
TAAATGGAAGCGAGGT,0
TAAATGTAAAGAATAT,0
TAAATGTCAAGCAAAC,0
TAAATTAAAAATCGTA,0
TAAATTAAGCTGGTAC,0
TAAATTAATTACGATA,0
TAAATTATATAAATGT,0
TAAATTGTTCAAATTA,0
TAAATTTTTATCGAAC,0
TAACAAAAACCGCGAT,0
TAACAAAAGATTACTT,0
TAACAAAATATGGATA,0
TAACAAAATCCCTACC,0
TAACAAAATGAAACAA,0
TAACAAAGTGAGACAC,0
TAACAACAATGCAAAT,0
TAACAACACACTCCTA,0
TAACAACATACACAGT,0
TAACAACGATTTCTAT,0
TAACAACTTATTAGAA,0
TAACAACTTCAAAAAT,0
TAACAAGAAGAACGAA,0
TAACAAGATCGAACAA,0
TAACAATCATACTTGT,0
TAACAATCGGCCCCTT,0
TAACAATGGTTATGTC,0
TAACAATTTATTCACA,0
TAACACAGGCCTGCCC,0
TAACACATGCCGTGAA,0
TAACACATTACACTGG,0
TAACACATTGGGCATT,0
TAACACGTCTTAAATT,0
TAACACGTGTATTAAA,0
TAACACTGTCATACAC,0
TAACAGACTCCGCTCG,0
TAACAGAGTTGCACAA,0
TAACAGCTCTGAAAAC,0
TAACATAAAGTAAAAA,0
TAACATAGGGGGTCTC,0
TAACATATACGACCCA,0
TAACATATTATCACAG,0
TAACATCACCTACACC,0
TAACATCCACTGTGCA,0
TAACATCTTGTATTTA,0
TAACATGAAAATATCG,0
TAACATTAGAAATTAA,0
TAACATTCATCCGCCG,0
TAACCAAAAAATAGGT,0
TAACCAACTCAAAGAA,0
TAACCAAGGACGTAAC,0
TAACCACAAAACCGTT,0
TAACCACAACTTAATG,0
TAACCACACAGAAAAA,0
TAACCACCACAAGCTG,0
TAACCACCCCAGTTCT,0
TAACCACCTCGCAGTC,0
TAACCACTAACCGAAA,0
TAACCAGCCGGGTTAC,0
TAACCAGGAAAGTGTG,0
TAACCATATTAAACTG,0
TAACCATTGACCACAA,0
TAACCATTGGTACACT,0
TAACCCAAGCAAAGCA,0
TAACCCAAGGGTACAG,0
TAACCCACCTCAAATA,0
TAACCCGGTCTATTTC,0
TAACCCTGGTTTTGAA,0
TAACCGACATGACTGT,0
TAACCGCGTTTATGGC,0
TAACCGGCCTGGTATC,0
TAACCGGGGAACTAAC,0
TAACCGGTCAGGAACA,0
TAACCGTAGCACAGCC,0
TAACCTAAAAAGATTA,0
TAACCTCATAGGAGAG,0
TAACCTCTCAATTAAG,0
TAACCTGGTCATAGTA,0
TAACCTTAGTTCACTA,0
TAACCTTTTATTGTGA,0
TAACGAAAATTAAACT,0
TAACGAAGAAATGCGT,0
TAACGAATAATGGTAC,0
TAACGAATCTGAATAA,0
TAACGAGAAATATGTC,0
TAACGAGAAGCCACAT,0
TAACGAGTAAAAAGAA,0
TAACGCAGGGGATTTA,0
TAACGCATAATTAATG,0
TAACGCATACACGACG,0
TAACGCCTCAACCGTT,0
TAACGCGTAATACTAA,0
TAACGCTCATTTGCTC,0
TAACGGAACGTTGAAC,0
TAACGGTCTTTTAGCA,0
TAACGTAGTACCAATC,0
TAACGTCCGATGAGGA,0
TAACGTGCTGCCCAGC,0
TAACTAAAATCATCGA,0
TAACTAAAATGAGGGA,0
TAACTAAAATGTCATT,0
TAACTAACTTGAAGGC,0
TAACTAAGAACACAGG,0
TAACTAAGTCCGATAC,0
TAACTAATTTCTAATT,0
TAACTACAAGAGGAAA,0
TAACTACCCAATTAAC,0
TAACTACTCCTGTGCG,0
TAACTAGAGCGTATGA,0
TAACTAGATTCAGGGC,0
TAACTATAATAAAACC,0
TAACTATACCTTGGCA,0
TAACTATGTGATTTAG,0
TAACTATTAATAAAAA,0
TAACTATTGCAGTGAT,0
TAACTCCAGTAATGCT,0
TAACTCGTAATGATAC,0
TAACTCTCAAAACAAT,0
TAACTGAATTTGGAAG,0
TAACTGCCTCGTGATG,0
TAACTGCGACCGGTCG,0
TAACTGCGGACGCTAT,0
TAACTTACCCGTAGGA,0
TAACTTCCCTGGAGAG,0
TAACTTCGAAACCCCA,0
TAAGAAAACGTACAAT,0
TAAGAAAAGAGCAACG,0
TAAGAAATTGACAGTA,0
TAAGAACTAACGGTGT,0
TAAGAATAGTTAGCAC,0
TAAGAATCAGAAAGCG,0
TAAGAATTAAACCCAA,0
TAAGACAAGAATTCAG,0
TAAGACAAGCGAATCT,0
TAAGACATAACACTCG,0
TAAGACCACGATGGAT,0
TAAGACCTGAAGAACA,0
TAAGACCTTCTACGCT,0
TAAGACTGATACAAGA,0
TAAGAGAATGTCGCTG,0
TAAGAGACTTAAACGT,0
TAAGAGAGATCACCTA,0
TAAGAGGACTATAGAC,0
TAAGAGGTTCTGCATA,0
TAAGAGTAAATCGTCA,0
TAAGAGTTAGGAGCCG,0
TAAGAGTTCTCTACTA,0
TAAGATAAATTCTAAT,0
TAAGATATATCAACAC,0
TAAGATCAATGGAAAT,0
TAAGATGCTATTTCCT,0
TAAGATTGCTAATGTT,0
TAAGCAATAGTAAAGA,0
TAAGCACTCAACAAAT,0
TAAGCAGCAACCGGCG,0
TAAGCAGCGAACGAAA,0
TAAGCATACCTGTCCA,0
TAAGCATATTCCAAGA,0
TAAGCCAGACGATACA,0
TAAGCCTACAGTTAAA,0
TAAGCCTCGATATAGG,0
TAAGCCTCTTGATGGA,0
TAAGCGCAAAATTAGA,0
TAAGCGCTCCCCCCGA,0
TAAGCTAGTAGTTCAA,0
TAAGCTAGTTTCGTTA,0
TAAGCTCCTCTCGGCC,0
TAAGCTGACCGACGCC,0
TAAGGAAATATACATT,0
TAAGGAATGTAAGAAT,0
TAAGGACGCGTGCCAC,0
TAAGGACTGCCCTCAA,0
TAAGGATACAAGTGGT,0
TAAGGATAGAGTAAAA,0
TAAGGATATAAGAGGG,0
TAAGGCGTTCTATGAT,0
TAAGGGTTCCACCGTA,0
TAAGGTTGCCACACAT,0
TAAGTAACACTTAGTC,0
TAAGTAGCGAACACGT,0
TAAGTAGCTCTGGTCA,0
TAAGTATAATCCATCA,0
TAAGTATTATGTACTC,0
TAAGTCCAGTCAGAAC,0
TAAGTCCCCAAGACTG,0
TAAGTCCGGGAGACCA,0
TAAGTCGTAATAGGCT,0
TAAGTGCCAACCCACC,0
TAAGTGCCACAATGTA,0
TAAGTGCCCTGTAAAC,0
TAAGTGTCAGATCGGA,0
TAAGTTCAGTATACAC,0
TAAGTTCATGTTACCC,0
TAAGTTCTTGCTACAG,0
TAAGTTTCTTGTTATT,0
TAATAAAAAGAAAAAC,0
TAATAAAAAGGTCTCG,0
TAATAAAAAGTATCGT,0
TAATAAAACAACCGCA,0
TAATAAAATACAAAAT,0
TAATAAAATACGACAG,0
TAATAAACACTTTGGT,0
TAATAAACAGATGTTA,0
TAATAAAGTTTAAGGC,0
TAATAACCCATCACAG,0
TAATAACGCCCACTAA,0
TAATAACTCCATAACA,0
TAATAAGCGCCAAATT,0
TAATAAGTCATAGACG,0
TAATAAGTGCGGTGTT,0
TAATAATACTACGCGA,0
TAATAATACTTACCCT,0
TAATAATGGGGAAATA,0
TAATAATTCGACGACA,0
TAATAATTGAAAACGT,0
TAATACAAAATTTGAA,0
TAATACACGTAGCACT,0
TAATACATCAGATCAA,0
TAATACCACAGAGCCA,0
TAATACGAAATAGCCT,0
TAATACTAAATTCAAT,0
TAATAGCAAGTACCTG,0
TAATAGGACAACATAG,0
TAATAGGACCTGCGAC,0
TAATAGTGTAATATAG,0
TAATATAAACACATAA,0
TAATATAGCGTGCCAG,0
TAATATCACCCAAACT,0
TAATATCTAGAGGTCA,0
TAATATGAATTAAGAG,0
TAATATGACCAGCGAC,0
TAATATGACGGCTTAC,0
TAATATTGGCAAACAG,0
TAATATTGGTTAAGAA,0
TAATATTTGGCATTAG,0
TAATCAAAACACATAA,0
TAATCAAACATCACCT,0
TAATCAACCATTCTGA,0
TAATCACTCATCAATG,0
TAATCCAATATTAGAA,0
TAATCCACAAATAAAG,0
TAATCCATCCATAGCT,0
TAATCCCCGCCAAGAC,0
TAATCCGATCCTCGAA,0
TAATCCGGTATGAGGT,0
TAATCCGTCGAAAAGC,0
TAATCCTCGATTACTA,0
TAATCGAGAACAGAAA,0
TAATCGATAACGTAAT,0
TAATCGCAACTTAGCG,0
TAATCGCCCGAAATAT,0
TAATCGCCCGGATTTG,0
TAATCGTTATGCAGTG,0
TAATCTAAAGTATATG,0
TAATCTATACCACCAC,0
TAATCTATTCAACAAT,0
TAATCTGCCAGGCCCG,0
TAATCTGCTGAATTCG,0
TAATCTGTACAATAAG,0
TAATCTTTTAAAACCA,0
TAATGAACTAAGTTGC,0
TAATGAATCGTTAGTT,0
TAATGACAAAGTCAAT,0
TAATGACTACTCAAGA,0
TAATGACTCATAGACA,0
TAATGAGAAAATGTAA,0
TAATGCATAAATTGGA,0
TAATGCCTGGAGCTCA,0
TAATGCGATTAAAGAA,0
TAATGCGCAGTAATGG,0
TAATGCTATGACAAAC,0
TAATGCTCGCAAGAAT,0
TAATGGACGAGCAACT,0
TAATGGAGATCCACAA,0
TAATGGTAGGTTATTG,0
TAATGGTTAAATGGAG,0
TAATGTAAATACAGAC,0
TAATGTAATGGAATTC,0
TAATGTCCCTTACGCG,0
TAATGTCGAAGGACGT,0
TAATGTGACTGAACTG,0
TAATGTTTAAAGCATA,0
TAATGTTTTATCCCAA,0
TAATTAAAGTTCCTGA,0
TAATTAATATCCACGA,0
TAATTACATGAGATAG,0
TAATTAGAACGTGAAC,0
TAATTAGCCACTCACC,0
TAATTATAATCTAATG,0
TAATTATCCAGAGTGA,0
TAATTCATCTCTAACA,0
TAATTCATGACGTGAG,0
TAATTCCTAAAGATTG,0
TAATTCGAAAACAGTC,0
TAATTCTCTGTTTATT,0
TAATTGAACCTGAACA,0
TAATTGACACAGGCAC,0
TAATTGACAGAGTGTA,0
TAATTGATTTCTAATT,0
TAATTGCAAACCTCAC,0
TAATTGTCCACACTAC,0
TAATTGTTATTACGGC,0
TAATTTAATTTATTCG,0
TAATTTACACAAAGGA,0
TAATTTCATGGACCAG,0
TACAAAAACAAAGACC,0
TACAAAAAGAAAAGTT,0
TACAAAACAAGTTCCA,0
TACAAAATAGATCACC,0
TACAAACGATAAACAA,0
TACAAACTGTTCCATC,0
TACAAAGTACTAAATA,0
TACAAAGTATAGAAAC,0
TACAAAGTGTTGAAGC,0
TACAAATACCAGGGCG,0
TACAAATGGAATATAT,0
TACAACAACTTATCAA,0
TACAACACAGTTTCTC,0
TACAACAGAGACCACT,0
TACAACAGGTAACAGC,0
TACAACGAAGACCTAT,0
TACAACGAATTCGGAG,0
TACAACGCTATAGCTC,0
TACAACGTCTATCATC,0
TACAACTAACTGCCTT,0
TACAACTTAAATCGAG,0
TACAACTTTCATCAGA,0
TACAAGAGAAGCGTAA,0
TACAAGTCTATAAGAA,0
TACAATACCTAATGTC,0
TACAATAGCTCGTAGA,0
TACAATATACCCTCAT,0
TACAATGCGACGACTT,0
TACAATGGAACGCAAC,0
TACAATGTTTGTACAT,0
TACAATTCCGATTGGT,0
TACAATTTACCAGCTA,0
TACACAAATACAAATA,0
TACACATAAAGAGTTT,0
TACACCAAACACCCAG,0
TACACCAATTAAAAGA,0
TACACCAGAAATAACC,0
TACACCCGCGATTAGC,0
TACACGACTAAGGTCC,0
TACACGATTCGGAAAG,0
TACACGTAGTACACCG,0
TACACGTCCATTATAC,0
TACACTAGAGAGGAAC,0
TACACTTCGTCCAGAT,0
TACAGAAAATCTCGCA,0
TACAGAATCGGTTTGA,0
TACAGACACGATGAAA,0
TACAGACATGGTTTTC,0
TACAGACTTTCGTTGG,0
TACAGAGGGGTAAATA,0
TACAGCCAACAGCAAA,0
TACAGGAGTGATTAGT,0
TACAGGCAGCGCAACA,0
TACAGGGAGCGTAACT,0
TACAGTAAACATGCCC,0
TACAGTACTTGCAGCA,0
TACAGTCCAAAAAGCA,0
TACAGTCCCGACATGA,0
TACAGTGACTAGGTCC,0
TACAGTGTGCTTAGTC,0
TACAGTTTAAATGACT,0
TACAGTTTGTATTCGA,0
TACATAAAAGTATATT,0
TACATAAGAAGGATTA,0
TACATAGAGTTGAAAC,0
TACATATCCAACACCA,0
TACATATGGAACAACA,0
TACATATGTACACATC,0
TACATATTTGAATACC,0
TACATATTTGGTTAGA,0
TACATCAGTAATGCAA,0
TACATCGTGTTTTAAA,0
TACATCTCTTCAGAAA,0
TACATGAACGGATGGA,0
TACATGTGATGCGATA,0
TACATGTGTAATTCAT,0
TACATGTTTCCGTAGT,0
TACATTAAAAACTACT,0
TACATTAAAAGGAAAA,0
TACATTAAGAGCCACA,0
TACATTCACAACTAAT,0
TACATTCGGGACCCTT,0
TACATTGCAAAATCAA,0
TACCAAAAATCAAACT,0
TACCAAAACACCTTCA,0
TACCAAAACTGTGAAG,0
TACCAAAAGCCCTACT,0
TACCAAACACTACAGT,0
TACCAAAGATCATAGA,0
TACCAAAGTATTAAGT,0
TACCAACACCGCGTTA,0
TACCAACAGTGCTGTC,0
TACCAACATGTATACT,0
TACCAAGAAATTGGGA,0
TACCACCACCAAAACT,0
TACCACGTCCGACTAT,0
TACCAGACAATAACAC,0
TACCAGACTAGTTCAA,0
TACCAGAGCCCCATGT,0
TACCAGATATAAGGAA,0
TACCAGCTACTAAGAA,0
TACCAGGCGAATTATT,0
TACCATACAAACTTAA,0
TACCATTTCAAAAATT,0
TACCCACACACTACTC,0
TACCCACACCAATAAC,0
TACCCACAGTATGTTA,0
TACCCACGTAAACACA,0
TACCCACTATTCAATC,0
TACCCATAACAAGCTC,0
TACCCATACCAATAAC,0
TACCCCAGAGTCCCAT,0
TACCCCCCCTAAATTA,0
TACCCCCGCTTCAATA,0
TACCCCGTCGACCCCA,0
TACCCCTGATTTTTAC,0
TACCCGTTCTATGAGG,0
TACCCTGAATACTGAC,0
TACCCTTAGAGTACAA,0
TACCCTTTGTAAAAAA,0
TACCGAAACCTATACG,0
TACCGAATTGCCAACA,0
TACCGACATCATTGAA,0
TACCGACCCCATAGCA,0
TACCGAGCAATCTAAA,0
TACCGCCGATAAAAAA,0
TACCGCGAAGGAGGGC,0
TACCGCGACCACATAG,0
TACCGGGTTTAGATCC,0
TACCGTAGGAGCAGTG,0
TACCGTGCCTCTACGC,0
TACCGTGGAACTTCAT,0
TACCGTTTACGTATTA,0
TACCTAACATAATATA,0
TACCTAACCATAGGTA,0
TACCTAATTTATCAAA,0
TACCTACTCACAATCA,0
TACCTACTGTGACTAC,0
TACCTATTACAACTCT,0
TACCTCACAGAATTAC,0
TACCTCCAAGAATCAA,0
TACCTGTTGCAGCAAA,0
TACCTTCAACAGTATA,0
TACCTTCCTGTAATAG,0
TACGAAAAAGTCAAGT,0
TACGAAAAATAATTCG,0
TACGAAACCTTCCAGT,0
TACGAAATTACAACCA,0
TACGAACAAGTTAGAA,0
TACGAAGACACAACTG,0
TACGAAGCCTGAAAAT,0
TACGAATAAAGTAACT,0
TACGAATGCTTGTAGT,0
TACGAATTGACGCTCG,0
TACGACAATAGGAAAA,0
TACGACCCAATCAACG,0
TACGACCCCAGGAAAG,0
TACGACTTGAGTACAT,0
TACGAGCCAATAGTGA,0
TACGAGCGCAAAACGA,0
TACGAGGACATAGGCT,0
TACGAGTAAGAATTCA,0
TACGAGTAAGCAGTTA,0
TACGATAAAACAAGGA,0
TACGATAGTACCAAGG,0
TACGATCCGCTCGAGC,0
TACGATCGTACAATCC,0
TACGATCTAAGGCATA,0
TACGATTCACAAGCAA,0
TACGCAAATCATACCC,0
TACGCACATTCACCTC,0
TACGCACCCAAATCAC,0
TACGCAGACAGGAGTA,0
TACGCATAACACTCCA,0
TACGCCGTTAATATAA,0
TACGCCTTGACCAGAA,0
TACGCGACATTCTAAT,0
TACGCGCCAAAAAGGT,0
TACGCTTACATTAATA,0
TACGGACAGGACAAAG,0
TACGGAGTTTCGACCG,0
TACGGATAATTTATAC,0
TACGGCAGGCAATTTT,0
TACGGCAGTCCTGACT,0
TACGGCATCATTATCT,0
TACGGGATGATTATAC,0
TACGGTTGAAACGAAC,0
TACGTACTCCAAAAGG,0
TACGTCACTATACTTC,0
TACGTCCGGGGAATTT,0
TACGTCTAACGATTTA,0
TACGTGATTACTTCAG,0
TACGTGGGGTTACATT,0
TACGTTAAAGAGACTG,0
TACGTTCGTACGAGTG,0
TACTAACGTTGGGCAA,0
TACTAACTAGACGTAA,0
TACTAAGTAACGGTTC,0
TACTAAGTCTGCGCCC,0
TACTAAGTTGATGTAT,0
TACTAATTAAGGAATA,0
TACTACTAAAATCGAG,0
TACTAGGAGAGGAATG,0
TACTAGGTCTTTAGGA,0
TACTATAAGTGGCGTA,0
TACTATACTTCAAGGT,0
TACTATATGATTGTTT,0
TACTATCATATATGAA,0
TACTATTCTAAGCACA,0
TACTATTGCCCTATAT,0
TACTATTGTGAAAAAG,0
TACTCAAATTACGCAA,0
TACTCATAAAATACCA,0
TACTCCCAAGAAAACC,0
TACTCCCCGACGGCCG,0
TACTCCCGATGCACCA,0
TACTCCCTCAATCTAA,0
TACTCCCTTGAAACCT,0
TACTCCGCAAGTGAAA,0
TACTCGAACACCTAAC,0
TACTCGCATTAGGGCC,0
TACTCGCCTCCAGACA,0
TACTCGGAACCTACTC,0
TACTGAAAAGAACTAA,0
TACTGAATGAACCATT,0
TACTGAGTAGACTCAT,0
TACTGCAACTATTCAT,0
TACTGCCAGAACCGAG,0
TACTGCTGACTCACAA,0
TACTGCTTACTCATCG,0
TACTGGACGGTTCGCC,0
TACTGGCTATATTTAA,0
TACTGTGCATGTAACG,0
TACTGTGCTAGCGTAC,0
TACTTAAACATAACTA,0
TACTTAACAATACGTT,0
TACTTAAGTGTACGTC,0
TACTTAAGTGTATGAA,0
TACTTACGGACCTACA,0
TACTTAGCACCAAGTC,0
TACTTCTTTCAAGGCA,0
TACTTGAGCATTACCA,0
TACTTGATAATCACGG,0
TACTTGCGTTTTCACG,0
TACTTGGACTATAAGA,0
TACTTGGGACCACTAA,0
TACTTTACTGAGGGAA,0
TACTTTAGTCTAGAGT,0
TACTTTCACCCGGGAG,0
TACTTTTATATTAGGG,0
TACTTTTTTCACCCCA,0
TAGAAAAATATTATGT,0
TAGAAAACCGTTTGCG,0
TAGAAAACTTGGAATT,0
TAGAAAAGAATCGTTC,0
TAGAAAAGTAAGAACG,0
TAGAAAATGATCAAAA,0
TAGAAAATGGACACTT,0
TAGAAACAGGATGAGC,0
TAGAAAGCACTAACGG,0
TAGAAAGTATATGCCG,0
TAGAAATAAGATAGGA,0
TAGAAATCAAAGGGCA,0
TAGAAATGTACGGAGT,0
TAGAAATTAGTAGTAT,0
TAGAACAACATTAACA,0
TAGAACACAAAAACAA,0
TAGAACATTTTAACGA,0
TAGAACGCCTTCATCG,0
TAGAACGCTATACAAT,0
TAGAACTAAAATGGAA,0
TAGAACTATGGACCAA,0
TAGAACTGCAATGTGT,0
TAGAAGAAAACCCTCA,0
TAGAAGGTTCCACACT,0
TAGAATAAACGTATAG,0
TAGAATAGAGGTAACC,0
TAGAATATTTGTAGTC,0
TAGAATCCTAATGCAG,0
TAGAATGAGGCATACT,0
TAGAATGTTCTGACCG,0
TAGACAAACCCGGGAC,0
TAGACAACGGACTGTA,0
TAGACAAGAACCGGTC,0
TAGACACAAGATACCC,0
TAGACACGATGTGCTA,0
TAGACAGCACTAAGAG,0
TAGACCACCTGCGCGT,0
TAGACCATTCTCAGTT,0
TAGACCCCAAAAAACC,0
TAGACCCCAATACGCA,0
TAGACCTAACACCAAT,0
TAGACCTAGTCATCAA,0
TAGACGCCCGCAGCAT,0
TAGACGGCTCGTATAA,0
TAGACTCCATTTGATT,0
TAGACTTGCAAACCAA,0
TAGAGAACACATGACT,0
TAGAGAAGGCGAAAAT,0
TAGAGATATAGAATAA,0
TAGAGCAGGCAAACCC,0
TAGAGGATAAGATTAT,0
TAGAGGCCCCTTAGAA,0
TAGAGGTACCTGTAAA,0
TAGAGTAGTTCAAGTC,0
TAGAGTCTAGAGCTTA,0
TAGAGTTAAATGAAAA,0
TAGAGTTTAACCTAAT,0
TAGAGTTTTTACCTAT,0
TAGATAAGACTAAAGA,0
TAGATACCATGAATAA,0
TAGATAGACAGATACA,0
TAGATCAAAAAGGCGA,0
TAGATCAATAGCCATG,0
TAGATCATCTCGTCGC,0
TAGATCGGGCTACCGA,0
TAGATCTCGAACTCAT,0
TAGATTACTAGTTTAA,0
TAGATTGGCCCCCAAT,0
TAGCAACAAACCATAT,0
TAGCAACTACGACTTC,0
TAGCAAGTTCCAAGAA,0
TAGCACCACGATTATT,0
TAGCACGGAAATGGTA,0
TAGCAGAAATCTGAGT,0
TAGCAGAAGCAGTGAC,0
TAGCAGCTTATCTTCT,0
TAGCATAAACTTATTC,0
TAGCATCCCCCATTCA,0
TAGCCAACCCAGTACA,0
TAGCCAACCTAAAAGT,0
TAGCCAGATGAATAAA,0
TAGCCAGTTTAGAGTG,0
TAGCCATTTAATAATG,0
TAGCCATTTCCGCAGC,0
TAGCCCAAAGAACATC,0
TAGCCCAAGAAGATCA,0
TAGCCCTTCGGTTACC,0
TAGCCGAAAAAGCTAA,0
TAGCCGGCCTACACAA,0
TAGCCGTCGTAGACAT,0
TAGCCGTTAAAAATAA,0
TAGCCTCCACCCTGAA,0
TAGCGACAACCCGTAT,0
TAGCGAGAGTCCTACT,0
TAGCGATTACGAAGTA,0
TAGCGCAATACATGGA,0
TAGCGCCAAATAAGTA,0
TAGCGGACTTATAAAC,0
TAGCGGATCAAACGGT,0
TAGCGGATGTTAACTT,0
TAGCGTTTATTAACAC,0
TAGCTACTGGTCAATG,0
TAGCTAGAATTAATAG,0
TAGCTATGCGGAAAAC,0
TAGCTCACAAGAAAAG,0
TAGCTCACCCTAACTA,0
TAGCTCGCCGGTGAGA,0
TAGCTCTATACATCTC,0
TAGCTGAAACAGTGAT,0
TAGCTGTGAGTGCATC,0
TAGCTTACATTCGCTC,0
TAGCTTACGGAGACAC,0
TAGCTTGTACGATCGA,0
TAGGAAAATAGTTGAT,0
TAGGAACCCTATTGCA,0
TAGGAAGAGCTCCGAC,0
TAGGACGACCCCAAAC,0
TAGGACGATTTCAGAT,0
TAGGAGAACTAACACA,0
TAGGAGACGGGAGAGA,0
TAGGAGATCCTTACTC,0
TAGGAGATTTACCGTT,0
TAGGAGGGAATTATTA,0
TAGGAGTTTGTGAGTC,0
TAGGATAACTCTAACT,0
TAGGATACTCCTAGTA,0
TAGGATGTGGGACTTA,0
TAGGCAAACTGAAACT,0
TAGGCACAATTCAAAG,0
TAGGCCTATCTAATAG,0
TAGGCTAGATTATACT,0
TAGGCTCCAATCTATC,0
TAGGCTGATACGAAAA,0
TAGGGCTTTAGCAAAC,0
TAGGGGTTCCCTGCTA,0
TAGGGTCTCCTGTCAA,0
TAGGGTTTGCCCGAAC,0
TAGGTACTCACGTTGT,0
TAGGTCAGTAACATAG,0
TAGGTCTAAGAATGTT,0
TAGGTCTATTCAGATA,0
TAGGTCTTTAAATTCG,0
TAGGTTATAGATAAAG,0
TAGTAAAACTAATGAG,0
TAGTAAAATTGCGAGG,0
TAGTAACACACGAAAA,0
TAGTAACATAGAAAAA,0
TAGTAAGGGACAACCC,0
TAGTAATAGGAGTTTG,0
TAGTAATCTACACAGG,0
TAGTAATGAAATTATA,0
TAGTAATTCAGTGGCA,0
TAGTAATTGGGTACCA,0
TAGTACAAGCTGAATC,0
TAGTACACACATATTC,0
TAGTACAGGTCGTAAA,0
TAGTACCTATCCTAAA,0
TAGTACGAACATGCAA,0
TAGTACTAATCTGCTG,0
TAGTACTAGTAGAAAA,0
TAGTAGACAAGAGAAT,0
TAGTAGATCTAGTCTT,0
TAGTAGGCACGTGAAA,0
TAGTAGGTAGCGATAG,0
TAGTATAACCGTGAAA,0
TAGTATATAATTTTAA,0
TAGTATATTCAAGTAA,0
TAGTATTACGTAAGTC,0
TAGTCACCACCCTTAC,0
TAGTCCGAAAATATCC,0
TAGTCCGAATGATGTA,0
TAGTCCTCGAACAAAT,0
TAGTCGAAGTCACAGG,0
TAGTCGCCTGAGACGT,0
TAGTCTCCAATTCCAA,0
TAGTCTGAGCCAAGAA,0
TAGTGAAGTTCCTAAT,0
TAGTGACCCCGTGGTC,0
TAGTGAGCTTCCAAAG,0
TAGTGAGTAATTCGCG,0
TAGTGATAGCGCGACG,0
TAGTGATTCATAGATT,0
TAGTGATTCTGACATC,0
TAGTGCAAACAAATCG,0
TAGTGCAGACAAGTTA,0
TAGTGCAGATCAAACT,0
TAGTGGCTAAACGAGA,0
TAGTGGGATATATGGT,0
TAGTGTCACCGAATCG,0
TAGTGTGAACTGGGTG,0
TAGTTATACAAGAATT,0
TAGTTATCTCCGAGCT,0
TAGTTCGCCTATTGCG,0
TAGTTCGGATGAAGGT,0
TAGTTCTTGGCCAGTT,0
TAGTTGAAGCCTTGAA,0
TAGTTGACGCCCGAAC,0
TAGTTGAGTCTAGTCC,0
TAGTTGCTGCGCTTTT,0
TAGTTGGCTACTAAGG,0
TAGTTTATAGGTACCC,0
TAGTTTCGTTCAAAAC,0
TATAAAAAGATCAAGC,0
TATAAAACTTTCGGTT,0
TATAAAAGACCACCGT,0
TATAAAATAAATGAAC,0
TATAAACCACCTTTGT,0
TATAAACCTTAAGCAG,0
TATAAACGTAGATTTT,0
TATAAAGCCAATTATC,0
TATAAAGGGATCCAAT,0
TATAAAGTTGTCCACG,0
TATAACAAATGTACAT,0
TATAACATAAACAATA,0
TATAACCCATACAAAG,0
TATAACCCGCTAGTAT,0
TATAACCCTAGATTGC,0
TATAACGACCCCCAAA,0
TATAACGGTGTACACT,0
TATAACTAGGCATCCA,0
TATAACTCAATCATTG,0
TATAACTTGATAAGGA,0
TATAAGAAACTAATAC,0
TATAAGCTTCTAAAAT,0
TATAAGGAAATAAAAT,0
TATAAGGACTTAAAAC,0
TATAAGGAGTTAAACG,0
TATAAGTTATCAAAAA,0
TATAAGTTCAATGGTA,0
TATAATAATAATCGTA,0
TATAATAGTATTGATT,0
TATAATCTAAATAAAA,0
TATAATGGCCACAAAT,0
TATAATGTGAAACAAC,0
TATACAAACTTTCAAC,0
TATACACTGGGAAAGT,0
TATACAGGCGGAAATA,0
TATACAGTCCAACCAA,0
TATACCCGAATTCGAA,0
TATACCGATTACCCGA,0
TATACCGGTTTATTAA,0
TATACCTCGAAATCGG,0
TATACCTTTTCAAGTA,0
TATACGAATGGACCGT,0
TATACGATAATGAAGT,0
TATACGCAGTCGGAAA,0
TATACGCATATAGAAG,0
TATACGGGACGTCGCC,0
TATACGTATGGGAATA,0
TATACTAAACATGATA,0
TATACTATACAACCTC,0
TATACTCTAGGCAAAA,0
TATACTGACAAGTTAC,0
TATACTGAGTACAAGA,0
TATAGAAATATACTTT,0
TATAGACCACAAAAAA,0
TATAGACCAGTCACAT,0
TATAGACCTCCAACAC,0
TATAGAGAGTTCCTGC,0
TATAGAGATCCATTTA,0
TATAGATTACCACCTA,0
TATAGATTCAATACAA,0
TATAGGAACATACCAA,0
TATAGGCGCAAGGTAA,0
TATAGGCGTAGCAACA,0
TATAGGGGAGTGAGTT,0
TATAGTAAAATATATT,0
TATAGTACACCTCTGG,0
TATAGTACCGGGAATG,0
TATAGTCAGACTACAA,0
TATAGTTAGGCGACGA,0
TATAGTTTGTCAGTCC,0
TATATAAACAATAACA,0
TATATAATCAGATATC,0
TATATAATGGACTGTC,0
TATATACCTTAACGTA,0
TATATAGAACTGTGAT,0
TATATATCACCCCACA,0
TATATATTCCCCCCGC,0
TATATCAAGTGCCATC,0
TATATCACATCACCCG,0
TATATCCTACTGTTCT,0
TATATCGCAGCCTAAT,0
TATATCTAACACAAAG,0
TATATCTAGTTTCAAC,0
TATATCTTTGTGCGGA,0
TATATGAAAAAGAAGT,0
TATATGCGCAGGACGC,0
TATATGGCAACTCCTC,0
TATATGGTCTGCTAAA,0
TATATGTGTGTTACGA,0
TATATTAACATAGTAA,0
TATATTAAGATTTAAA,0
TATATTACTTGAGTTA,0
TATATTCTGGCTCAAG,0
TATATTGCATTATTTT,0
TATATTTACCAAGAAT,0
TATATTTTCTGGACTT,0
TATCAAACAAGTCCAG,0
TATCAAATAGATACAA,0
TATCAACACAATCTCT,0
TATCAACTAACTATCC,0
TATCAACTACCCAGTA,0
TATCAAGGTAGATAAA,0
TATCAATAAACAAGTA,0
TATCAATCAGATACCC,0
TATCAATTAGAGATAT,0
TATCACAGACTCTCAA,0
TATCACCTGTCACAAA,0
TATCAGAACTATACCA,0
TATCAGCAAAATCCCA,0
TATCAGGAATGACGGA,0
TATCAGGCATATTCCC,0
TATCAGGCTTGGCCTA,0
TATCAGTAACCCTTCG,0
TATCAGTCGTGTGTGC,0
TATCATACAACACACG,0
TATCATAGTCGTAACA,0
TATCATCACAGCGAAA,0
TATCATCCGACAAACT,0
TATCATCCTAGACTTA,0
TATCATCTTAAAACCT,0
TATCATGCGTAGATGG,0
TATCATTCGATCACAA,0
TATCCAAATTAGACAT,0
TATCCACATAGATGAA,0
TATCCAGCTATTACGA,0
TATCCAGTTTAACAAT,0
TATCCCATCCACCAGT,0
TATCCCATCCCAATTG,0
TATCCCCCCACCAGTT,0
TATCCCCTGAGACCAC,0
TATCCCGCCTGTTCTT,0
TATCCGATCATCATAA,0
TATCCGTCCCAGTTAA,0
TATCCTACATATTGTC,0
TATCCTCATGGCACGC,0
TATCCTCGAGGATATA,0
TATCCTGCTTATAGAC,0
TATCGAACAACCATGG,0
TATCGATTACCATTGA,0
TATCGCCACACATCTA,0
TATCGTATGCCAGTAA,0
TATCTAAAGGGCAAAA,0
TATCTAACCACCAAAC,0
TATCTAACGGTAGAGG,0
TATCTACTATGCTAAA,0
TATCTATAAAAACAGA,0
TATCTATTTCACAGAT,0
TATCTCAGTAATACCC,0
TATCTCATATTTAAAT,0
TATCTCCCTTCACGAA,0
TATCTCGGTCCTTTGA,0
TATCTGTGGTCGGACT,0
TATCTTATCGTAGAGC,0
TATCTTGCTTTCGAGA,0
TATGAAAATAGCGAGG,0
TATGAAAGAATAATAT,0
TATGAAAGAATCAAAA,0
TATGAAAGGTACTATG,0
TATGAACAGAGTTTGT,0
TATGAACCACGCGTTT,0
TATGAACCCTCGACGT,0
TATGAACGGAAGACTT,0
TATGAAGGAGTTAAGT,0
TATGAAGTATATTGTA,0
TATGAATAACTTTTGA,0
TATGACAGAACTATTG,0
TATGACCGGAATGGAA,0
TATGAGAAAAACGACT,0
TATGAGAGGAGTAATG,0
TATGAGATGAAATCCA,0
TATGAGCCCTATCATT,0
TATGAGCTATCGCGTT,0
TATGAGCTGACCTCGT,0
TATGAGGCACCCAACG,0
TATGATCCAGATGAAC,0
TATGATTGATAAGAGC,0
TATGCACCGTCCTACG,0
TATGCCTCATCATACT,0
TATGCCTGGAACTAGG,0
TATGCGATAAAAACTC,0
TATGCGGAATATTTGC,0
TATGCGGATGGCCCTG,0
TATGCGGCAAGTTCGC,0
TATGCTAGTGGACATA,0
TATGCTCCGTGGAATA,0
TATGCTGATTCGAGTG,0
TATGCTGCAGCATGTG,0
TATGCTTCGATATCTA,0
TATGGAAATTGAATAG,0
TATGGAATATGACAAA,0
TATGGACTGTCAGCCA,0
TATGGAGCTGTATCCC,0
TATGGATACTACAGAA,0
TATGGATGAAGAGTAC,0
TATGGATTGTTACGTA,0
TATGGCTTGGCTCCCT,0
TATGGGATGCTATAAT,0
TATGGGCTGGAGATGT,0
TATGGTAAATGACTGA,0
TATGTAAACCTTGAAC,0
TATGTAGATAGAGGCA,0
TATGTAGCAATAGACG,0
TATGTCACCATGAGAG,0
TATGTCATACATAATT,0
TATGTCTAGGAAACTA,0
TATGTGCACTATCAGA,0
TATGTTAAACACCCGC,0
TATGTTACGTGCCACA,0
TATGTTGAATACAGTC,0
TATTAAAAAAAGCATC,0
TATTAAAATAATCATG,0
TATTAAACAAATCAGG,0
TATTAAACTGAAACAC,0
TATTAAATCAAGACAA,0
TATTAACAGAAATACA,0
TATTAAGGCTACGTTT,0
TATTAATCTTCATCCT,0
TATTAATTAACGGTCA,0
TATTAATTCTGAGAAC,0
TATTACAACTTATTCT,0
TATTACATAACAAACC,0
TATTACATAAGTGTAC,0
TATTACCACACTTCAA,0
TATTACCATCAACACT,0
TATTACCCTCATGCAG,0
TATTAGAACAGAACTA,0
TATTAGAACTTTATCG,0
TATTAGAAGGGCACTG,0
TATTAGCGGACATGCA,0
TATTAGTACATGTGCT,0
TATTAGTATCGATTCA,0
TATTAGTCTAAATTGC,0
TATTATAAGACATACC,0
TATTATACCAAGGTGA,0
TATTATAGCGTAATAG,0
TATTATATACTTAAGT,0
TATTATGCTGACCCTT,0
TATTATGGACGCGCGC,0
TATTATTAAATATAAT,0
TATTCAAAATAGCTTG,0
TATTCAAGTTGAACGA,0
TATTCACGATCCAAGC,0
TATTCACGTCGTATAA,0
TATTCAGACACCATAA,0
TATTCCCAGGTAATCC,0
TATTCCCCAGCCCCGC,0
TATTCCGGATGATATG,0
TATTCGAAGAGTACTG,0
TATTCGAATAAGTACA,0
TATTCGACTCTTAACC,0
TATTCGCAACAGCAAG,0
TATTCGCAGCTCAAAA,0
TATTCGCCACCTAGTC,0
TATTCGGAAAGCGAGA,0
TATTCGGACTAACACC,0
TATTCTAAGGAAATTC,0
TATTCTATAATATCTA,0
TATTGAAGATTCTAAC,0
TATTGAATTATTAAAG,0
TATTGACTAAAAGCAT,0
TATTGATTTTTAAGCC,0
TATTGCACGGTTTGAA,0
TATTGGAATACAAATA,0
TATTGGGTACCGTATC,0
TATTGTCAAAACATGT,0
TATTGTGACCTTTATG,0
TATTTAAAAAGTCAAC,0
TATTTAACCGCAAGAG,0
TATTTACCATTTATCC,0
TATTTAGAGGCTACTC,0
TATTTAGCAAACTACC,0
TATTTCACAAAAATTA,0
TATTTCATAAACTGTA,0
TATTTCCACACCTGAA,0
TATTTCCGTCAGAATC,0
TATTTCGATACCAAAA,0
TATTTCGGTAACGGCC,0
TATTTCTCAAGAGTTA,0
TATTTCTCGCACGAAT,0
TATTTGCCGAGCAAGC,0
TATTTGTTTCGGCCGA,0
TATTTTTAAACGCCTT,0
TATTTTTAACACGCGT,0
TATTTTTGATTAAGCT,0
TCAAAAAAGAAAAAAA,0
TCAAAAAATATAAAGA,0
TCAAAAACTTCGTTGA,0
TCAAAAAGCACTTTAA,0
TCAAAAAGCGAGGACA,0
TCAAAAAGGATCAATA,0
TCAAAACACTTAAGGA,0
TCAAAACCCGTTTCTG,0
TCAAAACGTCCTGTCG,0
TCAAAACTATCCGCAA,0
TCAAAAGATAACGCTA,0
TCAAAATATAACTTGG,0
TCAAAATCAGTCTTAG,0
TCAAAATTTCCAAAGT,0
TCAAACACGAACAAAT,0
TCAAACATGTGTAGTT,0
TCAAACATTAGGCTAC,0
TCAAACCGCTGACACT,0
TCAAACCTGCCCCTTT,0
TCAAACGCTATGACCG,0
TCAAACGTATAATACA,0
TCAAACGTTCTAATAT,0
TCAAACTTCCGAGCTT,0
TCAAACTTTGATTAAT,0
TCAAAGAATACGCATT,0
TCAAAGACAGCCTTGA,0
TCAAAGACGTGGACGC,0
TCAAAGCCCACGCTCT,0
TCAAAGGCCACCAGAG,0
TCAAAGGCCCTTAGCT,0
TCAAATAAAATAGAAC,0
TCAAATAACATGTTAC,0
TCAAATAACGCCTGAA,0
TCAAATACTTTGAACA,0
TCAAATAGAAAAAAAT,0
TCAAATAGAACCCCTC,0
TCAAATATCATCTTGG,0
TCAAATATGCCTCGCT,0
TCAAATGACGAATCTC,0
TCAAATGCAAACAACA,0
TCAAATGCAATAATCG,0
TCAAATGTTAATATAG,0
TCAAATTTTCGAACGG,0
TCAACAAAAATTGACA,0
TCAACAAACTCAACAT,0
TCAACAACAATAGGGC,0
TCAACACTGATGTAAG,0
TCAACAGACATCAGCC,0
TCAACAGCTTGATAAC,0
TCAACATCTTGCGAGT,0
TCAACATGATTTTGCT,0
TCAACATTCCGCGCTG,0
TCAACCAAAGTTGACC,0
TCAACCAACAATTAAG,0
TCAACCATACACTTCA,0
TCAACCATTTTGCGCA,0
TCAACCTTTACCGCAG,0
TCAACGAGATATGAGA,0
TCAACGGGAAGACACA,0
TCAACGTTACGTGGCC,0
TCAACTAGATTAATCT,0
TCAACTAGGAAAAAAG,0
TCAAGAAAGGTTGGGA,0
TCAAGATTACACAGTT,0
TCAAGCCCTAGTCGCT,0
TCAAGGCGATGAGACT,0
TCAAGGGAGAGGTACT,0
TCAAGGGCAGGAAGCA,0
TCAAGGTTACACTCAT,0
TCAAGTACTATACCTA,0
TCAAGTGGACAAAACA,0
TCAAGTTGCCCCCAAA,0
TCAAGTTTAGCTAGTG,0
TCAAGTTTGCACGTTC,0
TCAATAAAAGCAATAC,0
TCAATAATGCTCGATC,0
TCAATACCGATATCAG,0
TCAATACCTCTAGCTC,0
TCAATACCTTTTCTTT,0
TCAATACTACGTCATT,0
TCAATACTTAAGCCAC,0
TCAATATATGCTCGAT,0
TCAATATCGGCCCTCT,0
TCAATATTTACCCAGA,0
TCAATCAAAAATAATC,0
TCAATCAATCTGCTTT,0
TCAATCCGAGCTGAGT,0
TCAATCTACAGCGTTA,0
TCAATCTACGAAGAGG,0
TCAATCTCCAAACAAA,0
TCAATCTGTAGTCATA,0
TCAATCTTTATCACTA,0
TCAATGCTAAGCGACA,0
TCAATTAAACCTGAAC,0
TCAATTCAATAGACTG,0
TCAATTCTCCGCTCGA,0
TCAATTGAACGACTAT,0
TCAATTTAAAATCCTG,0
TCAATTTTCAAACATG,0
TCAATTTTTACCCGAA,0
TCACAAAAAAGGAGAC,0
TCACAAATATACCGAT,0
TCACAAGTAGACAATG,0
TCACAATAGATAAGTC,0
TCACAATAGCTACCAA,0
TCACACATGGAGGGAA,0
TCACACCCGATGGGTG,0
TCACACCTCAGGGAAA,0
TCACACTCACATCGGC,0
TCACAGAACTCAAGGC,0
TCACAGCAAAAGCTCT,0
TCACAGGCGAGGGCGA,0
TCACAGGGAGTGGTAG,0
TCACAGTCTTTCCATT,0
TCACATAAATGGTTTT,0
TCACATCCATCACAAT,0
TCACCAAAATCAGTAA,0
TCACCAACTGTGCGTC,0
TCACCAAGACCAGTTG,0
TCACCAATCAGCCCAT,0
TCACCACACGGCCAAT,0
TCACCATAGAACGCCA,0
TCACCATATGTCACTC,0
TCACCATTCAAGAATC,0
TCACCCAATTCCGAAT,0
TCACCCAGGAAAAACG,0
TCACCCTGCACCCATA,0
TCACCGCAAAATTTAC,0
TCACCTTACAAAAGCT,0
TCACGAATATTGAGCC,0
TCACGAGATTTCTTGC,0
TCACGCAATCAATTGG,0
TCACGCAGATGATATA,0
TCACGCGACTACCAGA,0
TCACGGAATCTAGCAA,0
TCACGGGCGCATCCCC,0
TCACGTGTGTGGGAAA,0
TCACTAAATTTACTGG,0
TCACTAAGCGAATACA,0
TCACTATAATAATAGT,0
TCACTATCTTTAGCGG,0
TCACTCATTTCGGCTA,0
TCACTCTCGACTGGCT,0
TCACTGAAAATCATGG,0
TCACTGAAATCCGCAT,0
TCACTGATATCACCAA,0
TCACTGCAATAACTAT,0
TCACTGCTTACATAAC,0
TCACTGTACATAATAT,0
TCACTTAAAACATCAG,0
TCACTTAATGAAGAAT,0
TCACTTAGGGTTCAGA,0
TCACTTATAGGTTGCT,0
TCACTTCCTATTATCT,0
TCAGAAAGTAAAGAAC,0
TCAGAACAAATCAACT,0
TCAGAACCCCGATTCA,0
TCAGAACCCTGAGAAG,0
TCAGAAGCTCACCGGC,0
TCAGAATACAGGCCGG,0
TCAGAATATCCCAACC,0
TCAGACACTAAGTAAG,0
TCAGACGACAAAAGTA,0
TCAGACTCAAATCCGT,0
TCAGACTGAGGCTGAA,0
TCAGACTTTGGTTCTA,0
TCAGAGGAATACTCGT,0
TCAGATTAACAGACGG,0
TCAGCAAACCGACAAA,0
TCAGCAAATTATTTGA,0
TCAGCCAGGTCGACCC,0
TCAGCCATTAACGCCG,0
TCAGCGCAGCGAGAAA,0
TCAGCTAATTACAGCT,0
TCAGCTACTACAGGTT,0
TCAGCTGTCCATTCAA,0
TCAGGAAAGCGCACCT,0
TCAGGCCGCCTACCAT,0
TCAGGCGCAAAAGAAC,0
TCAGGGATGACCCAAA,0
TCAGGTCCTACTATCC,0
TCAGTAAGAAAGATCA,0
TCAGTACTTAAAGGAT,0
TCAGTATCCAATATGT,0
TCAGTCTCATCATGTG,0
TCATAAATACAATACA,0
TCATAACAAGTCGTCA,0
TCATAAGTCACGCAGG,0
TCATAAGTCTTAAGAC,0
TCATAATATCTCCTTC,0
TCATAATCAAAACTCC,0
TCATAATGATGTCAAA,0
TCATAATGTACCTGGG,0
TCATACAACACTCGCT,0
TCATACATAATTTCCG,0
TCATACATTTCACGGC,0
TCATACCGACATTCCC,0
TCATACCGACCCACTG,0
TCATAGACAAATTTTC,0
TCATAGATAACTGGTT,0
TCATAGCAAAGCAAAG,0
TCATAGGTTGACGGTA,0
TCATATAAACTTATTA,0
TCATATAAATAGCCTT,0
TCATATAAATCTACTA,0
TCATATCCTGGATTCC,0
TCATATCTCAAATTGC,0
TCATCAAACATAAAGT,0
TCATCACCAAAACCAA,0
TCATCAGGAAGACAAA,0
TCATCCAAAACGTAGA,0
TCATCCATTAACTCCG,0
TCATCCCTAAGAAACA,0
TCATCCGTCGAAACGG,0
TCATCCTAAACTCTTG,0
TCATCGAATAATAACA,0
TCATCGATAGCTATTA,0
TCATCTGAAATACATC,0
TCATCTGGAGAGAACA,0
TCATCTTATGGGCACA,0
TCATGAAGCAGAGCAA,0
TCATGAAGCAGATTTC,0
TCATGAATATGGTTTA,0
TCATGACTATACACTA,0
TCATGAGCTCGAAGTC,0
TCATGCCATGTCCAAT,0
TCATGGTACGTGTTCC,0
TCATGTAACATACACT,0
TCATGTAATTAACCGT,0
TCATGTCAACTTACAT,0
TCATGTCGTATCGGAT,0
TCATGTGACCAACCGC,0
TCATGTGGAATCCTAA,0
TCATGTTCTTTATTAG,0
TCATTAAAACACAAGC,0
TCATTAAAGTTACCAG,0
TCATTAACCTGTGCTT,0
TCATTAATTAAGGGAA,0
TCATTACATTCTAGAA,0
TCATTACTGGATTAAA,0
TCATTAGTCCAGGACA,0
TCATTATCCGACTTCG,0
TCATTCCCGTGCTTGT,0
TCATTCCTAAGCACCC,0
TCATTGTCTGGGGAGC,0
TCATTTAGTTGTAATA,0
TCATTTATTAAGGATG,0
TCATTTCACAGAACCT,0
TCCAAAAACTACTCTA,0
TCCAAAACTTGATGAT,0
TCCAAACAAATGCAGT,0
TCCAAACGGGATATAG,0
TCCAAACTGCGACAAT,0
TCCAAAGGTTTTAAAG,0
TCCAAATAAAGGCACT,0
TCCAAATCAAAGAGCC,0
TCCAACAATTGCCCCG,0
TCCAACTCCTGCGAGC,0
TCCAACTGGAATAACT,0
TCCAAGTGGTGTTATT,0
TCCAATAAAGTAGAAG,0
TCCAATAGCGTGCTAG,0
TCCAATCTTGCACATA,0
TCCAATGTGATTTCCT,0
TCCACAGTTACTTACA,0
TCCACCGTCCCAAATA,0
TCCACGAAGCGTAGTA,0
TCCACGACATTCAGGA,0
TCCACGCCCCAAAGAG,0
TCCACGCGTGACTTAG,0
TCCACGGATTGGAGAT,0
TCCACGTCTTAGTTAG,0
TCCACTAACAAGAAGT,0
TCCACTCTGCCACCGT,0
TCCAGAGCAAGTTATA,0
TCCAGAGTTTATTCAC,0
TCCAGATTCGCCGGTA,0
TCCAGTTTGCACAAAA,0
TCCATAACAGTATCCG,0
TCCATACTATCTAAAA,0
TCCATCAACGTGGTGA,0
TCCATCCTCACAAATT,0
TCCATGAAACTAGTCA,0
TCCATGTAACGATAAG,0
TCCCAAAAACTGAGTA,0
TCCCAAAAATAATCCT,0
TCCCAAACCCATATCC,0
TCCCAAATGATGGCGT,0
TCCCAACGACCTCACT,0
TCCCAAGCCATACACG,0
TCCCAATAAAGACGAT,0
TCCCAATACAGTTCCA,0
TCCCACAGGACAGAGA,0
TCCCACATGTATCAAA,0
TCCCACATGTTCTACT,0
TCCCAGAATTACCAAA,0
TCCCAGATTATGTGAT,0
TCCCAGTAGAGCGTTT,0
TCCCAGTGGTACAAAC,0
TCCCCAAAGTTGCGTC,0
TCCCCACCACTCCAAC,0
TCCCCAGCTGCCTGCG,0
TCCCCATAGACCAACC,0
TCCCCATCCCTAATGC,0
TCCCCATGAGGTGACC,0
TCCCCCCTTACCAGAA,0
TCCCCCTGAACTCTTA,0
TCCCCTGTGTTCACCT,0
TCCCGAACTACGAATA,0
TCCCGAATTATAAATG,0
TCCCGACGGACCAAAC,0
TCCCGACTTAAGTCTT,0
TCCCGCCGCACGCCAC,0
TCCCGGAAAGGATATA,0
TCCCGGAATAACGAAG,0
TCCCGGCGCCAAAATC,0
TCCCTACTTAACGCGT,0
TCCCTAGTATATTCCT,0
TCCCTATACAAAGAAT,0
TCCCTATACGAAGAAT,0
TCCCTCCACCAAGGAC,0
TCCCTGAAACGGAATT,0
TCCCTGACGTCAGCAT,0
TCCCTGAGCCGTATAA,0
TCCCTGGAACCCGATA,0
TCCCTTACTCAAGCGG,0
TCCCTTATGCCTGCTC,0
TCCCTTCGAGCTATAC,0
TCCCTTGAACCACAGC,0
TCCCTTTTAACTAAAT,0
TCCGAAAAAATTACCA,0
TCCGAGCGGGCAATTA,0
TCCGATGAGGCGCAGC,0
TCCGATGTGTCTAAAA,0
TCCGCACATCTGACTT,0
TCCGCCGGCAGAAATC,0
TCCGCGATATATAAAA,0
TCCGCGCACACGCGAC,0
TCCGCTCATGTAAAAA,0
TCCGCTTAAAACCCAG,0
TCCGCTTGTACCCTTC,0
TCCGGAACTTCCTAAT,0
TCCGGAGACACGGAAA,0
TCCGGGGACACAACTC,0
TCCGGGTATGCTGCAC,0
TCCGGTGGACCCTCGA,0
TCCGGTTTGATGTCAC,0
TCCGTAAATAACTCAA,0
TCCGTAATCTGTGACA,0
TCCGTCGATATCAACA,0
TCCGTGACTCAAACAT,0
TCCGTGAGATTTATGA,0
TCCGTGAGTCAACGGA,0
TCCGTGCTTTCCTTGT,0
TCCGTGTATTACTAAC,0
TCCGTTCACTTTACAA,0
TCCGTTTTAAAACAGT,0
TCCTAAAAAATAATCA,0
TCCTAAACTTATATTC,0
TCCTAATAACAATATA,0
TCCTACAAATACAGAA,0
TCCTACCTCCTGCGCA,0
TCCTACGATGGAAACC,0
TCCTACGCTGTAAAGC,0
TCCTACGTTTGAAGAA,0
TCCTACTGAAACTGTG,0
TCCTAGCACTAGATGC,0
TCCTAGGACCCTTGCG,0
TCCTAGGATGAAAATA,0
TCCTATATTGACTATA,0
TCCTCAATCTTTAGTA,0
TCCTCACCGGTAGTAC,0
TCCTCATTGTACTTCG,0
TCCTCGATAAGTCTGC,0
TCCTCGCCAAGTATGT,0
TCCTCGGTCCTGAAAA,0
TCCTCGGTCTAACGTA,0
TCCTCTAATGCCACTA,0
TCCTCTTTCGCAACCA,0
TCCTGAAAAAACATCA,0
TCCTGAAATAGCCACC,0
TCCTGAACAGAGAAGA,0
TCCTGACAACCACCCC,0
TCCTGACTAATTACGG,0
TCCTGCATGATACCAC,0
TCCTGTAGAAAACGGG,0
TCCTTAAACAGGTGAA,0
TCCTTAGTCTAATTAG,0
TCCTTATCTACAATTT,0
TCCTTCCTGGGTCTGT,0
TCCTTGTAACAATCCG,0
TCGAAAAAAAATCTGA,0
TCGAAAAAGGGGTAGC,0
TCGAAAAGAAAAATCC,0
TCGAAACAATGTGATA,0
TCGAAACATCAAAGTG,0
TCGAAACCTAATCAGT,0
TCGAAACTGAAGTGAT,0
TCGAAACTTGTATCGT,0
TCGAAATACATCTTAA,0
TCGAAATGATCAGGCA,0
TCGAAATGGTCAAATA,0
TCGAAATTGTCAAACT,0
TCGAACAATTCTAAGG,0
TCGAACCTAGATAACA,0
TCGAAGCCATTTCGAG,0
TCGAAGCTCAACTGCA,0
TCGAAGTAGCGTTCTA,0
TCGAAGTCCTAGCATA,0
TCGAATACGTTCCATC,0
TCGAATATACGCGGTA,0
TCGAATCGCAATGAGT,0
TCGAATTATCTATAAC,0
TCGAATTATTTTGGAT,0
TCGAATTTATAGAACC,0
TCGACAAACAGTCTCC,0
TCGACACGTGTTAGGA,0
TCGACAGACCATCACG,0
TCGACCACATCTTCAC,0
TCGACCCAAGTCATCC,0
TCGACCCTGATGTATA,0
TCGACCGTACCTACTA,0
TCGACCTAACGCTACG,0
TCGACGGGAGGACTTA,0
TCGACTGCAAGCATAC,0
TCGAGATTGCGAGACA,0
TCGAGTAGATTCATGA,0
TCGAGTTAAACCATGT,0
TCGAGTTAGCTAATTG,0
TCGAGTTGATACAATA,0
TCGAGTTTATCTCAAA,0
TCGATAAATACTCTGA,0
TCGATAAGAGGAGCTT,0
TCGATACATGATGATC,0
TCGATACGACCGTGAT,0
TCGATACGTGCTCAGC,0
TCGATAGACGATACGA,0
TCGATAGGAACAACGA,0
TCGATATGACTTAAAG,0
TCGATCCAAAAAAAAC,0
TCGATCGGTCGTACCA,0
TCGATGACGTTAGGGT,0
TCGATTAAAACGAGCA,0
TCGCAAAATGCCGGTG,0
TCGCACTACCCTACGA,0
TCGCAGACTGAACTAT,0
TCGCAGCCTGACCTAC,0
TCGCAGCCTTCGATTT,0
TCGCAGGTCCGAGAAA,0
TCGCATGATAATAAAA,0
TCGCATTGTCCGAAAG,0
TCGCCAACAGTCCGCT,0
TCGCCCCACAGAAACG,0
TCGCCCGAGACGCGAT,0
TCGCCCTAACGGCCCC,0
TCGCCCTGGGTCTTGC,0
TCGCGCAACCATTTAA,0
TCGCGCGCGCGCACAA,0
TCGCGGTAACGCGACC,0
TCGCGGTTGTCCGTTT,0
TCGCGTATTTCGCCGC,0
TCGCTACGAGCCACCA,0
TCGCTATAAAAATAAC,0
TCGCTATACTAATTAA,0
TCGCTATGCAAAGTAA,0
TCGCTCTGGATGCTTA,0
TCGCTGCACAGGTTCC,0
TCGCTGCCAGAAGGCG,0
TCGCTTAAGTCGAACC,0
TCGGAACTAAAAAACC,0
TCGGAAGAAAGTGAAC,0
TCGGAAGGTTTGACCA,0
TCGGAATGAAGGAGAG,0
TCGGACATAGCGCCTG,0
TCGGACCTAGACCCGA,0
TCGGAGAGATAGGCAA,0
TCGGAGATACAAATTT,0
TCGGAGTCAAAAACTA,0
TCGGAGTGCTAATATT,0
TCGGAGTGTAAGTAAA,0
TCGGCACACCAGCCAC,0
TCGGCACAGCGGGGAA,0
TCGGCCTAGGCACTAT,0
TCGGCGCAAGCACTGA,0
TCGGCTTAGGTGCATT,0
TCGGGAAATAAGTATC,0
TCGGGTTTTAGGTACC,0
TCGGTAAATAGTACAT,0
TCGGTAATTCGCGAGA,0
TCGGTACAACCGCACC,0
TCGGTACTGTCCCCCC,0
TCGGTATAGTATTATG,0
TCGGTGACTTAAGCCT,0
TCGGTGAGTTATATTG,0
TCGGTGTTTGACTCAG,0
TCGGTTGTTTTAGTCT,0
TCGGTTTAACCATGTA,0
TCGTAAAATGGGACAA,0
TCGTAAATATGTAGAC,0
TCGTAACCATAGGTAG,0
TCGTAACTTTCTACAA,0
TCGTAAGCTAAGGTAA,0
TCGTAATGTGTTGACA,0
TCGTATCTACTCTATA,0
TCGTATTACTACCGGC,0
TCGTCACAAACAAATT,0
TCGTCACGCATCCGCT,0
TCGTCCAAAATGATTC,0
TCGTCCATTCCTAAAG,0
TCGTCCTGAGAATAGA,0
TCGTGACTGAAGCGCC,0
TCGTGATAAACATATT,0
TCGTGGGTATAGGAGG,0
TCGTGTGCAAAAACTA,0
TCGTTAAAAATAGTCA,0
TCGTTAACTTGGCGGC,0
TCGTTACCACCATTTA,0
TCGTTATATAAACGTT,0
TCGTTCCACTCATTCC,0
TCGTTCTGTACGTCCT,0
TCGTTGTATGCCGCAT,0
TCTAAAAAAAGACACT,0
TCTAAAAGGGGACGAT,0
TCTAAAATATTACACA,0
TCTAAACGGCGTAAAT,0
TCTAAATGAGGTCACT,0
TCTAACAAGAAACAGG,0
TCTAACGATAGCGCTG,0
TCTAACGGTGCAATCA,0
TCTAACTCATCGTCAT,0
TCTAAGAACCATTAAG,0
TCTAAGAGCATACTAT,0
TCTAAGCAGACCCTAA,0
TCTAAGCGTAAAGCTC,0
TCTAAGCTCACACATC,0
TCTAAGGTGTATTTTA,0
TCTAATAACCACTCAA,0
TCTACACAATCTGACA,0
TCTACAGACCTATTAA,0
TCTACAGATGATAACA,0
TCTACATCCATAAATA,0
TCTACATTCCCACTTT,0
TCTACCAATCGTTGAT,0
TCTACCCGATAACGGC,0
TCTACGACACAGCAAA,0
TCTACTCAACTCATAC,0
TCTACTCTTACAAGGA,0
TCTACTGGACTCGTCA,0
TCTACTTACCTTATAC,0
TCTACTTTCAGATCAC,0
TCTAGAATAACCTGAG,0
TCTAGAGGAGTTTACG,0
TCTAGAGTAAACAAGT,0
TCTAGATAGATACACG,0
TCTAGATGGATAACAG,0
TCTAGATTGACCACAG,0
TCTAGCAACTAAAGAA,0
TCTAGGAACACTTACA,0
TCTAGTAAAAGGGTTT,0
TCTAGTCGGGGTCTGA,0
TCTAGTGCCTACGCAA,0
TCTATAAATACGCTGA,0
TCTATAAGTTCGCCAC,0
TCTATAATGTATTCGA,0
TCTATCTAACCCTCGA,0
TCTATCTATCCAACAT,0
TCTATGACGATTTAAA,0
TCTATGAGAGCGATAT,0
TCTATGCAAACATTTG,0
TCTATTGATGACTAAG,0
TCTATTTAACGCCAAG,0
TCTATTTCGTTGCGCG,0
TCTATTTTGTAACACA,0
TCTCACATCTGTCTCG,0
TCTCACCATATAAAAC,0
TCTCACGACCAACCAG,0
TCTCACGGGAACCTAT,0
TCTCAGTGGCTACTAA,0
TCTCATGTAGTCCCTA,0
TCTCCAACACATATCT,0
TCTCCACAAGCCTTCC,0
TCTCCAGTTCTTAGAG,0
TCTCCATAAAGATTTG,0
TCTCCCACTAGTGAAT,0
TCTCCCCAAGAAATAC,0
TCTCCCCTGAAACGCA,0
TCTCCCTTAGGCGTAC,0
TCTCCGAAGAGCTTTA,0
TCTCCGTCTAATAAGG,0
TCTCCTTTAAAGGTGA,0
TCTCGAAAGCTTGCGA,0
TCTCGCAACCAAACAG,0
TCTCGCTCACAATAAG,0
TCTCGGCACTCAGCAA,0
TCTCGTAGGAATAGAA,0
TCTCTAAAAATCAACA,0
TCTCTACAGTAACTTA,0
TCTCTACTTTGGCAAT,0
TCTCTATAAAACAGAA,0
TCTCTGCGAACACCTA,0
TCTCTTAGACAGGGAG,0
TCTCTTCAGCATGCTC,0
TCTGAACAAATGATCG,0
TCTGAACTATTATGCC,0
TCTGAAGAAAGGATTG,0
TCTGAAGAACACAAAG,0
TCTGAATAAACTGAAA,0
TCTGACCTTCTACTAG,0
TCTGAGGAAATAGAAA,0
TCTGATACAAAAGCAA,0
TCTGCAACTGGTACGA,0
TCTGCACGGCGCCGTA,0
TCTGCATTCTATAATC,0
TCTGCATTGATTGAAA,0
TCTGCCTCTATGTTGA,0
TCTGCGAACAACGTCA,0
TCTGCTAGAGATCCAA,0
TCTGCTCAATAAAATA,0
TCTGCTCCCATTAGAA,0
TCTGCTTTTTTGCTGA,0
TCTGGCAAAATTAAGG,0
TCTGGCATTCGACCCG,0
TCTGGTGACATCATTT,0
TCTGTAACCATGAAAA,0
TCTGTAACCTCCTGAA,0
TCTGTCGACGAACTAA,0
TCTGTTACCTATACTA,0
TCTGTTGACACAGACC,0
TCTTAAAACGTCGTAT,0
TCTTAAAATAGACAGC,0
TCTTAACAGCTAGATT,0
TCTTAACGACGAATAT,0
TCTTACAGTTCAACTA,0
TCTTACCGTCAGCGAA,0
TCTTATATCGACCATG,0
TCTTATATGAATGGCC,0
TCTTATATTTTAAAAA,0
TCTTATCCATTGCCAA,0
TCTTCAGATAGACAGT,0
TCTTCAGATCTAAAAT,0
TCTTCATTATATACCT,0
TCTTCCCAACCCGAAA,0
TCTTCCCGTACGGTAA,0
TCTTCCGAATCATAGG,0
TCTTCGACACATCCGC,0
TCTTCGGCGATCATGA,0
TCTTCTCTGTAGGACG,0
TCTTCTGCCGATTAGC,0
TCTTCTTAGATTACCG,0
TCTTCTTAGTCACGGT,0
TCTTCTTGTAACAATG,0
TCTTGATAGACGATCT,0
TCTTGCCTTGTAAAAA,0
TCTTGGTTTTCGATGC,0
TCTTGTATTGAGCGAT,0
TCTTTAAGCGCAATAG,0
TCTTTACAGGAAATTA,0
TCTTTATTGAGGACCG,0
TCTTTGAAGACACGGA,0
TCTTTGCAATATGTCA,0
TCTTTTTAGGGACATT,0
TGAAAAAAGAGTGAAG,0
TGAAAAAATACGTATT,0
TGAAAAACTAAGACAC,0
TGAAAAAGCTAATAGA,0
TGAAAAATAGATAAAT,0
TGAAAAATCCAGGGCT,0
TGAAAACGCCGACCAA,0
TGAAAAGAAAAGATTG,0
TGAAAAGCATACAACC,0
TGAAAATATATATATG,0
TGAAAATATGTAATTA,0
TGAAAATGAGGGAGGA,0
TGAAACACTATCTAAT,0
TGAAACAGAGTTTAAA,0
TGAAACCATTAAATCA,0
TGAAACCCGATGGCTA,0
TGAAACCGTGTGAAGT,0
TGAAACGTCTAGCAAA,0
TGAAAGCCGCAAAAAC,0
TGAAATACAGCGTAAC,0
TGAAATACTAACGTGC,0
TGAAATAGGTCTCCTA,0
TGAAATCCATAACTGA,0
TGAAATGTCCCAAGTA,0
TGAACAACTGAGGTCA,0
TGAACAACTTCAATTC,0
TGAACAATATCAACGT,0
TGAACACCTTGACGAA,0
TGAACAGAGCAATCAA,0
TGAACCAAAGTGAGGT,0
TGAACCACGCACCCGT,0
TGAACCCAAACGCGGT,0
TGAACCCACACCAACA,0
TGAACCGTACTCGAGT,0
TGAACTCAGCGAACCC,0
TGAACTGCAACTCAGG,0
TGAACTTAATCCGAAA,0
TGAAGAAACAGCGAAA,0
TGAAGAACGTCAACTC,0
TGAAGAGGATCGATTA,0
TGAAGCAATTTACTAG,0
TGAAGCCAGGTAAGTG,0
TGAAGCGCCGCTTGTA,0
TGAAGCTGCAGTAGAT,0
TGAAGTAAATCCTTTT,0
TGAAGTACAGTGCTGT,0
TGAAGTGCCCTTACAG,0
TGAAGTTACCTTGGCC,0
TGAAGTTCAACCTTAC,0
TGAAGTTGTGAAGCGG,0
TGAAGTTTACAGTATT,0
TGAATAAATTCTTACG,0
TGAATAACAACGGAAT,0
TGAATAACTCCTTTCT,0
TGAATAATCAGCGACA,0
TGAATATACCAAAACA,0
TGAATATATAAGGACG,0
TGAATATTAGGCAATT,0
TGAATCCCTAAAAATA,0
TGAATCGTAAGAACGA,0
TGAATCTAAAACCTAA,0
TGAATCTATAAATCTC,0
TGAATGACTAAGTGAG,0
TGAATGGAGGAATTAA,0
TGAATGTCCTGACCCA,0
TGAATTAGAATTATAA,0
TGAATTAGCCTCCCGC,0
TGAATTCAACCCTATA,0
TGAATTCACATTCTAC,0
TGAATTTCATTGAATT,0
TGAATTTTTATGCAGT,0
TGACAAATAATTTACC,0
TGACAAATACTAATCC,0
TGACAACTCTCAATGT,0
TGACAATAGCACGCAA,0
TGACAATTTAAAGCCG,0
TGACACAGCTAACGTG,0
TGACACAGGATCCCTC,0
TGACAGAGGGAACACT,0
TGACAGATGATTTAGA,0
TGACAGGATACGGAAG,0
TGACAGGGCTATGGTT,0
TGACAGTGACTGAATA,0
TGACATACGGTCGGCG,0
TGACATATATTTGCCT,0
TGACATCGAATATATA,0
TGACCAAAAAAAAATT,0
TGACCAACATCTAAAG,0
TGACCAGTTTCTCCTA,0
TGACCATTGCTAGATC,0
TGACCCAGAAAGGGCC,0
TGACCCCCCTAACTAC,0
TGACCGACCAATGGCG,0
TGACCGTATGAAGAGA,0
TGACCTTACCGAGGTC,0
TGACCTTAGTATTCCT,0
TGACCTTCAAAAATAG,0
TGACGAGAAGCTACGC,0
TGACGATAAAAACCAT,0
TGACGATATCGGATAG,0
TGACGCCAATCAAAAA,0
TGACGCGTCACAAGCC,0
TGACGGTAACAGATTC,0
TGACGGTCTCACGTCT,0
TGACGTCTAGAAAATA,0
TGACGTGAGCCCTAGC,0
TGACGTGCACCTCGAG,0
TGACTAGTGTTTTCCC,0
TGACTATACAAATTTG,0
TGACTCAGCGACCCGT,0
TGACTCCCTAAGCACG,0
TGACTCGGCTAAAGTA,0
TGACTCTTGGCGTACG,0
TGACTGAATGCACACG,0
TGACTGATAGGTCTAA,0
TGACTGTGGATACAGG,0
TGACTTCCTAATGTGT,0
TGACTTTTGAACGCTC,0
TGAGAAAACTCCGTGA,0
TGAGAAAATGTTAATC,0
TGAGAAACTAACCACC,0
TGAGAACACCATAACT,0
TGAGAATTGTCCACGG,0
TGAGACAGATCGACAC,0
TGAGACCTTGAACCGG,0
TGAGACTAGTCAGCAA,0
TGAGACTTTCTTCACC,0
TGAGATCATCGGAGTA,0
TGAGATCTAAAAATTA,0
TGAGATGCTAGAAAAT,0
TGAGATGGGCTCTAAA,0
TGAGATTACGGACCAC,0
TGAGATTTATAATTAG,0
TGAGCAATTTTGAAAA,0
TGAGCACAAAATATAA,0
TGAGCACTAAGTAGAT,0
TGAGCACTGTAGTTAC,0
TGAGCGATTCTGACGT,0
TGAGCTGCACATTGAG,0
TGAGGAAAAATATGCG,0
TGAGGAATCCAAACAT,0
TGAGGATAAGAGCAAC,0
TGAGGATCCGTCAAAT,0
TGAGGGAATGCAACGT,0
TGAGGGTTAACACCAC,0
TGAGGTAAAAAACTCC,0
TGAGGTAATAGGTCAG,0
TGAGGTGCACCATCCA,0
TGAGGTGCTCAGCAGA,0
TGAGGTGTTGTTGAGG,0
TGAGGTTAATTAGTAA,0
TGAGTAACATCATCTC,0
TGAGTAGCTAGCACCG,0
TGAGTATAACGAGCTC,0
TGAGTATTTCGCACGG,0
TGAGTATTTTATCATA,0
TGAGTCAAAAACCGCA,0
TGAGTCAACCGTTGAA,0
TGAGTCACTATTTATG,0
TGAGTCCTAAGATCAG,0
TGAGTGAAATTTGTTC,0
TGAGTGATGATCAAAC,0
TGAGTGCTAACATAAA,0
TGAGTTCTTGAACAAG,0
TGATAAAAAGGGGCTA,0
TGATAAACAAATTGCA,0
TGATAATCACAATAAC,0
TGATAATCGCTTGAAA,0
TGATACCTCAAAGTAA,0
TGATAGAAGGAAAGAT,0
TGATAGCGTGCATTGG,0
TGATAGGATAAAAACG,0
TGATAGGTAGAAACAA,0
TGATATACACGTAAAT,0
TGATATATCCGTTTCA,0
TGATATCCTAGAAAGG,0
TGATATCTATTGGTTT,0
TGATCACAGCGAACTA,0
TGATCACGAAATCTAT,0
TGATCATCTTTCCCGT,0
TGATCCGGAGGAAAAA,0
TGATCCGGGGCTAAAC,0
TGATCCTAGTTGGAAC,0
TGATCGATAAAACCAT,0
TGATCGCCAACAAGTC,0
TGATCGTGATGTGCAG,0
TGATCGTGTCTTTAAT,0
TGATCTATAGACTGAA,0
TGATCTCAGGGGGTAC,0
TGATGAACAGTGTTAA,0
TGATGAATAACGTCAT,0
TGATGAGAGTGCATGC,0
TGATGATCGGATACCA,0
TGATGATCTTTACCAA,0
TGATGCACCACGAAAA,0
TGATGCATACAATACT,0
TGATGCCTCGTTTTAC,0
TGATGCTAAAACAGCT,0
TGATGCTTTAAGTTAA,0
TGATGGAAACTTACAG,0
TGATGGATCACCTTTA,0
TGATGGGAACATGCAA,0
TGATGGTCACTGACTC,0
TGATGTCACGACATTT,0
TGATGTCCAACTATGG,0
TGATGTCCCCACATGG,0
TGATGTGGTAAAGCCC,0
TGATGTGTATTAGCGA,0
TGATTAAAAACCTTGG,0
TGATTAAAATATTACA,0
TGATTAAACTTTGAAA,0
TGATTACAATTGAGCT,0
TGATTACTATTCATCA,0
TGATTAGTGCAAACAA,0
TGATTATAAATATGTA,0
TGATTATACAGAAATT,0
TGATTATCATGTCTTC,0
TGATTATCGATAACAT,0
TGATTCAGTACACCAT,0
TGATTCATATGAACAA,0
TGATTGAATAGACGGC,0
TGATTGATCAATCCAA,0
TGATTGCATTTTAAAC,0
TGATTTAATATTATCG,0
TGATTTGTTTTACATA,0
TGATTTTACGTCAAAG,0
TGCAAAAGAAATCTAA,0
TGCAAAATTTCTACTA,0
TGCAAACTTCATTAAT,0
TGCAAAGAAGACGCGC,0
TGCAAATAGACAATCT,0
TGCAACAACTAAATGA,0
TGCAACTACTCCATTT,0
TGCAACTGGCACAAAA,0
TGCAAGACACCCCTGA,0
TGCAAGACCAAAGTCG,0
TGCAAGGCCATACGAC,0
TGCAATAATCGCGACT,0
TGCAATAGGACAAACG,0
TGCAATCTTAAACACC,0
TGCAATGCACACATAA,0
TGCAATGCCAACGGGC,0
TGCACAACCAAGAAGG,0
TGCACAGTTACGGATG,0
TGCACATAACCAGCTG,0
TGCACCAAATAGTAAG,0
TGCACCCCATTTCTAC,0
TGCACCCGATGTTTAA,0
TGCACCTTGCACACAA,0
TGCACGGTTCGTAACA,0
TGCACTACTCACACAC,0
TGCACTCCTCCGAAAA,0
TGCACTCGTTAATAAG,0
TGCACTTAAAGCAAAC,0
TGCACTTGCACTAGAA,0
TGCAGAAGGACGCACG,0
TGCAGACAGTCTTATA,0
TGCAGACCAATCCTAC,0
TGCAGAGCCGCGCGAT,0
TGCAGAGTAAAAAAAC,0
TGCAGATGGCTGGATC,0
TGCAGTCAAGCGAATT,0
TGCAGTGTGCTAAATT,0
TGCAGTTTGCGATCTT,0
TGCATAAAATTAAATA,0
TGCATAAGGAGTCACT,0
TGCATAGAATTCAACG,0
TGCATAGATAGAAGAA,0
TGCATATCTAAATTAT,0
TGCATATTACACGCAA,0
TGCATCCACGGTAGCT,0
TGCATCCTCCTGATAC,0
TGCATCCTTGTGTCTA,0
TGCATCGTGGTCTATC,0
TGCATCTGAAGTAAAT,0
TGCATCTGATATTGAA,0
TGCATTACTCATTAGA,0
TGCATTATGCGTTTTG,0
TGCATTCGGAATATAG,0
TGCCAAAGCTAACCCG,0
TGCCAAAGGTCAACTA,0
TGCCACATCTGTGCAT,0
TGCCATACACCCATGC,0
TGCCATAGATTGAAGT,0
TGCCATTAATCTCTCA,0
TGCCATTTCGATATAA,0
TGCCCAACAGTGCGTA,0
TGCCCACTCAACGAAC,0
TGCCCAGAGGCAGACA,0
TGCCCATAACACTTAT,0
TGCCCATCGTTAAACA,0
TGCCCATGTAGATATT,0
TGCCCATTGGAGTGAA,0
TGCCCTTATAGGATAA,0
TGCCGAAAACCGGGTA,0
TGCCGATCCTAAGGCA,0
TGCCGCAACAAAATCC,0
TGCCGCAATTAGCAAA,0
TGCCGTAATAAATCAT,0
TGCCGTGGATCTGTCC,0
TGCCTAAAAATAAGAA,0
TGCCTACTGGAACCTT,0
TGCCTAGACGTCAAGC,0
TGCCTCAAATAAGAAA,0
TGCCTGGGAAAAATTC,0
TGCCTGTTTACGGGTC,0
TGCGAAACACTGAGCC,0
TGCGAAACCTTTGTCC,0
TGCGAACATAAATATA,0
TGCGAAGAGTTCTAGG,0
TGCGAGACAAAAGCCT,0
TGCGAGATTGAGTACA,0
TGCGAGGCATATCAGA,0
TGCGCAATGTAGAGCA,0
TGCGCCCCCCGGAACT,0
TGCGCCGACACAGTAA,0
TGCGCCGAGGCAGCCG,0
TGCGCGCCTGAGTCGC,0
TGCGCGCTAATAATCA,0
TGCGCGCTAGAATTTT,0
TGCGCGTATTATCGGA,0
TGCGCTACCGTTTTAA,0
TGCGCTAGTACTCGCC,0
TGCGCTATCCCTGAAT,0
TGCGGAGAAATACCGT,0
TGCGGATAAAAAATGG,0
TGCGGCTATTCCCGAA,0
TGCGGGTTCGCGAAGA,0
TGCGGTCCGGCTCATC,0
TGCGTAGATAATGGTT,0
TGCGTAGCAATAATAA,0
TGCGTCATAAGTGAAG,0
TGCGTTAGGGTTTCTA,0
TGCTAAAACATAATTA,0
TGCTAAACCGCGATAA,0
TGCTAACCAGAGTAGT,0
TGCTAACCAGCCTACC,0
TGCTAACCATTAAAGA,0
TGCTAATCATCCCTTA,0
TGCTAATGTAATAGAT,0
TGCTAGAATCGTCTAG,0
TGCTAGCTAACCCGAT,0
TGCTAGTTGGAGACAA,0
TGCTATACCTATGAAA,0
TGCTATTATGAAAATC,0
TGCTCAACGAGGCTAC,0
TGCTCAATCACATAGC,0
TGCTCACGCCTGACAG,0
TGCTCAGAGAGTCCCG,0
TGCTCCAAGGAACTCA,0
TGCTCCCTGAACGGTT,0
TGCTCGCCTTTGGAGC,0
TGCTCGGAATTCGAGG,0
TGCTCGTTAGACAAAT,0
TGCTCTCCCGCAATGC,0
TGCTGAACGAACAAAG,0
TGCTGGAGAGTTAGTA,0
TGCTGGATCTACTGAA,0
TGCTGGATTAAAGGCA,0
TGCTGGGACTTTTTTT,0
TGCTGTCAACGGCCCA,0
TGCTTAAAGTAGACTT,0
TGCTTACCAGAATACT,0
TGCTTCCATCGTGGAA,0
TGCTTCTTCGCCTGTT,0
TGCTTGAGGGAATGAA,0
TGCTTGAGTGAAACTA,0
TGCTTTTTAACAAGCG,0
TGGAAAAAAGTCGCAA,0
TGGAAATAGAGCCCAA,0
TGGAAATAGCACATAT,0
TGGAACACAGAAATTA,0
TGGAACCATAACGGTA,0
TGGAACCATCACCACA,0
TGGAACCATGGGGCGA,0
TGGAAGAGCTCTGAAA,0
TGGAAGCCTCTACACT,0
TGGAAGGGATGTCTTG,0
TGGAAGTAAACAACTC,0
TGGAAGTCCTACCAAA,0
TGGAATACGGATGTTA,0
TGGAATGTTACAGTTG,0
TGGACATAATAGTGGT,0
TGGACCAGATTTCAAA,0
TGGACCCGCGAAATAT,0
TGGACCTGACTGTATA,0
TGGACGAGATGCCTGA,0
TGGACTAACGTGTAAC,0
TGGACTATTTTGATAA,0
TGGACTGATATTTATA,0
TGGACTGGATCCCCTA,0
TGGACTTAAAACTTAT,0
TGGACTTAACACATAC,0
TGGACTTGTATAAGAT,0
TGGAGGCCTTATCGAC,0
TGGAGTAACCGTACAG,0
TGGAGTACGTGAAGAA,0
TGGAGTCTTCAGCCAT,0
TGGATAAACGAGACGG,0
TGGATACTTGTTCTAC,0
TGGATCGATTTTAGAC,0
TGGATCGCTATAAAGT,0
TGGATGGGGGTAATCT,0
TGGCAAATCATTTATA,0
TGGCAACTAAGTTTTG,0
TGGCAATAAAATATAA,0
TGGCAATTAATAAACG,0
TGGCACTCTGTTAGAT,0
TGGCCAACGACTAAGT,0
TGGCCATAGTGCTGAC,0
TGGCCTCGCTACATTT,0
TGGCCTGTAAACAAAC,0
TGGCGAAGAGTTAACT,0
TGGCGACAAACCAAAC,0
TGGCGCGTTAGAATAT,0
TGGCGGGTTGAAATAG,0
TGGCTCGCTCTCGTGA,0
TGGCTGCTTTATTCAC,0
TGGCTGTTTACTCAAC,0
TGGCTTAGTTTTCTAA,0
TGGCTTATCATTTCCA,0
TGGGAAAATTCAACTC,0
TGGGAAATGAATAGGC,0
TGGGAATAAATTGCTA,0
TGGGAATGACAGAGCA,0
TGGGACACAGTAAAGT,0
TGGGATATGTGCATAT,0
TGGGATCTCAACAATA,0
TGGGATCTTCCACGCC,0
TGGGATTGAAACAGAT,0
TGGGCCAAGACGCCTC,0
TGGGCCCCTAATACTA,0
TGGGCCGTTTAACCTA,0
TGGGCCTAATTCCAAA,0
TGGGCGCCTTACCAAC,0
TGGGCTGATTAATTCA,0
TGGGGCTTGAAATGGA,0
TGGGGGCATCACGGTG,0
TGGGGTAAAACCTACA,0
TGGGGTTTAACATTAA,0
TGGGTATGCTGCAGTA,0
TGGGTCAACAAGACAT,0
TGGGTCGGGTGAGTCC,0
TGGGTCTAAGTAATAA,0
TGGGTGCCGATGCAAA,0
TGGTAAACCTGTTAAA,0
TGGTAACCGGTATATT,0
TGGTAAGATTTTTAAA,0
TGGTAAGTGCATGACG,0
TGGTAATCACCACCTA,0
TGGTAATTCCCGCCCA,0
TGGTACAACAATTACG,0
TGGTACAGATCATCAG,0
TGGTACGTGACGAGAT,0
TGGTATCGACCCAGCC,0
TGGTATTATCATCGAT,0
TGGTCAAAGCAACACA,0
TGGTCACCGCCGATTC,0
TGGTCAGGGCAAACGG,0
TGGTCATTCATAAAAG,0
TGGTCCACCTGTTTCC,0
TGGTCGAACGCGATAA,0
TGGTCTGCCAAACCTA,0
TGGTCTTGTTCAAATA,0
TGGTGAAAAAGCGACT,0
TGGTGACCTCTGATAA,0
TGGTGACTAACCGGGT,0
TGGTGCCAGTACTACA,0
TGGTGCCGTGGAATAA,0
TGGTGTATCCTAGTTC,0
TGGTGTTAAGATTGAC,0
TGGTGTTTACGAAAAG,0
TGGTTAAAAGGCATAA,0
TGGTTAAATCTTAGAT,0
TGGTTAGATAAAGAAA,0
TGGTTCGATTGAGCCA,0
TGGTTCGTAGCGTAGG,0
TGGTTCTCCAACCCTG,0
TGGTTCTGATTCTAAC,0
TGGTTGCTATAAACGC,0
TGGTTGTCACTGTAGA,0
TGGTTTATCTCAAAAA,0
TGGTTTTCCAGGTCAA,0
TGTAAAATTTACCGAA,0
TGTAAACACGCTGGAC,0
TGTAAACCCGTTCAGT,0
TGTAAACGAATTGACA,0
TGTAAACGTATTCAGG,0
TGTAAAGCGAGGATAA,0
TGTAAATTATATCAAA,0
TGTAACAAGGAATGAG,0
TGTAACAATTACCAAG,0
TGTAACACGACAAGAA,0
TGTAACAGCCACCTTC,0
TGTAACATCAGAGAAG,0
TGTAACCAATGTGACC,0
TGTAACCTACACTACC,0
TGTAACTGAGGGCCAG,0
TGTAAGCGCCAGTCTA,0
TGTAAGGCAAGAACTG,0
TGTAAGTCATCACAAT,0
TGTAATAATTCGTGAC,0
TGTAATATGAGCTCTA,0
TGTAATCTTCGTGAAC,0
TGTAATTACATAGATC,0
TGTAATTCAACTTCTG,0
TGTACAAGTTATGGCA,0
TGTACAGAGATTTACT,0
TGTACATCAAATAAAA,0
TGTACCACCAAAGTCT,0
TGTACCGATACGCTAG,0
TGTACCTTTCCCATAC,0
TGTACGAAGCTCTTGT,0
TGTACGAATATAACTC,0
TGTACGCGTGAAAAAG,0
TGTACGTGCTCATACT,0
TGTACTAAGACGTTGT,0
TGTACTACCCCATTGA,0
TGTACTCTTCGACCTA,0
TGTAGAAATCTCAAAT,0
TGTAGAATAAACATTA,0
TGTAGAATAAGTATGA,0
TGTAGAATTCAAATAG,0
TGTAGACATGTAGAAG,0
TGTAGCAAGGCTTGCG,0
TGTAGCACTAATTCAT,0
TGTAGCCCATTGACGT,0
TGTAGCTTCGAAAACA,0
TGTAGTGCAAACTAAG,0
TGTATAAATTCGAACA,0
TGTATAACGTAGGCAA,0
TGTATACCTGAAAGGC,0
TGTATACGATATATAC,0
TGTATAGCATCTTAAT,0
TGTATATTAATGCCGT,0
TGTATATTTAGTCACA,0
TGTATCACAATGTTGA,0
TGTATCAGAACAGGAT,0
TGTATCATACGATCCT,0
TGTATCGAACACACTT,0
TGTATTAATAAACACA,0
TGTCAAAACTTGTAAC,0
TGTCAACAGGATCCAA,0
TGTCAAGAAATCCCTC,0
TGTCAATACGCCCGGT,0
TGTCACCGAGAGTCTA,0
TGTCAGAAAAAAACCC,0
TGTCAGAACCGTAAAA,0
TGTCAGAGCGCCTTAT,0
TGTCAGGGATTTTTAA,0
TGTCAGTATCGAACGT,0
TGTCATAGAGAGTACC,0
TGTCATATACCTTATG,0
TGTCATTAAAAAACAT,0
TGTCATTACAAGTATA,0
TGTCCACCAAGCTTAT,0
TGTCCCGAAACTAACC,0
TGTCCCGCAAACAACA,0
TGTCCGAAATTCTGAC,0
TGTCCGCGACTAATCA,0
TGTCGAATAAATCACT,0
TGTCGATTAATATACC,0
TGTCGGCTAGACTATC,0
TGTCGGTATAGATGAA,0
TGTCTACATTTGACAA,0
TGTCTAGTGACGGAGA,0
TGTCTTAAATCTCAAA,0
TGTCTTACTGATACAA,0
TGTCTTGATCTTACGG,0
TGTCTTGTCTAGATTA,0
TGTCTTTCTTACACAT,0
TGTGAACAAGGACGGT,0
TGTGAACACCTCATAG,0
TGTGAATTCAGGATAA,0
TGTGACCAGAAAGTTC,0
TGTGACTAGAGTAACA,0
TGTGAGAACAGGATCA,0
TGTGAGACAAACTATG,0
TGTGAGCAGCAAGACT,0
TGTGAGTGGTGGGACC,0
TGTGATACCGTCCCTA,0
TGTGATCAAGAATGTT,0
TGTGCAACTGTTGGAG,0
TGTGCAATAATCATCG,0
TGTGCACATTTGCGCT,0
TGTGCAGAGGTATATG,0
TGTGCATCCATACACA,0
TGTGCCCCTATAACTC,0
TGTGCGTAAGCCGAAA,0
TGTGGAACAGATCTAT,0
TGTGGATCCACACATG,0
TGTGGTATTATCTCGC,0
TGTGTAAAAAAAATGG,0
TGTGTAAACGACCAGA,0
TGTGTAAATTGACCGC,0
TGTGTATATCGAAATG,0
TGTGTCCTAATATAAA,0
TGTGTTCCAGATTCTA,0
TGTTAAAACACGGATT,0
TGTTAAAATCTCGAGA,0
TGTTAAACATAATAAG,0
TGTTACCTACTGGTTC,0
TGTTACCTCATTAAAC,0
TGTTACTACGCCAAAA,0
TGTTACTGAACTCAGT,0
TGTTAGCGCCGCGATA,0
TGTTATAAATCGGTAA,0
TGTTATCAACTTTGCT,0
TGTTATCGAAACAAGT,0
TGTTCAACGGGAAGTT,0
TGTTCCTGGGCAATGC,0
TGTTCGAACTACAGTC,0
TGTTCGTCACTAGTAA,0
TGTTCTAACCTGAGCG,0
TGTTGAAGGATGAGCC,0
TGTTGACATGTAACCA,0
TGTTGACTATAGATGG,0
TGTTGAGCCCGTAAAG,0
TGTTGATAAGAATATT,0
TGTTGATCTAATGGTC,0
TGTTGATTTCCAAGAA,0
TGTTGCGATAAATAAC,0
TGTTGCTCCTTGTAAA,0
TGTTGGAGTTCGCGGC,0
TGTTGGCAACCTTCAA,0
TGTTGTCGCATTCCCA,0
TGTTGTGAGTTGATGC,0
TGTTTAACCCGAATAA,0
TGTTTACCTCAGTAAT,0
TGTTTATAAAAATGCT,0
TGTTTATGGTGTTTTC,0
TGTTTGCCCTTGTCAA,0
TGTTTTATAAATAACA,0
TGTTTTGCATAAAAAC,0
TTAAAAAAGGAATAAT,0
TTAAAAAATGCCTGTT,0
TTAAAAAGTTCGCCCT,0
TTAAAACAAAATAAAT,0
TTAAAACAAACCCAAT,0
TTAAAACAATACTCGC,0
TTAAAACGTAAGGCCA,0
TTAAAACTAAGTTTAA,0
TTAAAAGACAACACAT,0
TTAAAAGCGACCTCTC,0
TTAAAAGGATACAGTG,0
TTAAAAGTTCGGTAAA,0
TTAAAAGTTTAGAGTA,0
TTAAAATGAAACCATA,0
TTAAACAAAGTCCGCT,0
TTAAACAATCACTTTT,0
TTAAACACAGTGTCAA,0
TTAAACACATCCGGCA,0
TTAAACATAAGATAAA,0
TTAAACATAGCCTCAA,0
TTAAACATTATTGTGG,0
TTAAACATTCTAATTT,0
TTAAACCAGGCCAAGA,0
TTAAACCATCCCTCGC,0
TTAAACGAAAACTATT,0
TTAAACTGATCTTTTG,0
TTAAACTGCAGATAGT,0
TTAAACTGTTCTCAAG,0
TTAAAGACTTACTCTA,0
TTAAAGAGGTTAGGCA,0
TTAAAGATGGTTAGCT,0
TTAAATAACCGAAGAT,0
TTAAATACTAACTGAC,0
TTAAATACTTATAGCC,0
TTAAATAGTACGACCC,0
TTAAATATATAAAATA,0
TTAAATCCCAACACGA,0
TTAAATCCCCGTACCA,0
TTAAATCCTACTTTTT,0
TTAAATCGTCTAATAC,0
TTAAATGACACCAAAT,0
TTAAATGAGTAAGACT,0
TTAACAAAACCCGTAT,0
TTAACAAAACGAATTC,0
TTAACAACGAAAAAAC,0
TTAACAATAACTACGA,0
TTAACATATAGAAGAA,0
TTAACATCTAATGTGA,0
TTAACATTGCAGCTAT,0
TTAACATTTCTGCGTT,0
TTAACCAATGCACCCT,0
TTAACCATGTGAGGTA,0
TTAACCCCTGTATGAT,0
TTAACCGAAGTACTAA,0
TTAACCGATTTCGTCC,0
TTAACCTACGCACTTA,0
TTAACGGACTGTAAAA,0
TTAACGGGATCTATAC,0
TTAACGTACATCGTAG,0
TTAACGTTTAAGTTAT,0
TTAACTACATTGGTAC,0
TTAACTACCAGTGGAT,0
TTAACTAGTATGTGTG,0
TTAACTCACTACCTAA,0
TTAACTCCCTGACAAT,0
TTAACTCGTGGGTTGA,0
TTAACTTTAACACCTC,0
TTAACTTTCCCAGCCA,0
TTAAGAAAAACTAACT,0
TTAAGAAATGTACTAT,0
TTAAGACTAGCATATG,0
TTAAGATCTAGCGGAA,0
TTAAGATTATATCACA,0
TTAAGCACAGGTAGCT,0
TTAAGCGCTCGACGAT,0
TTAAGGAAATTGCTTG,0
TTAAGGATTCAACACA,0
TTAAGGCAACCCTATC,0
TTAAGGGAAATTTCCA,0
TTAAGGTGTGTGAATC,0
TTAAGTAACAAGAGAA,0
TTAAGTCAGATTCGAC,0
TTAAGTCCCGCGTATG,0
TTAAGTCGAAATGTTA,0
TTAAGTTAATGATTAA,0
TTAATAAAGCTTTTGT,0
TTAATAAGGGTGCAGA,0
TTAATAAGTGCGAAAA,0
TTAATACCAATCTCAT,0
TTAATACCATGACGCT,0
TTAATAGCACAATAAC,0
TTAATATCAACAGATA,0
TTAATATCAAGATAAG,0
TTAATATGAAGAATTG,0
TTAATATTCATAAAAA,0
TTAATATTGCAGTGAA,0
TTAATATTTCGAGAAA,0
TTAATCACAGCCAGAA,0
TTAATCACATTCTAAC,0
TTAATCATCATGAATG,0
TTAATCCCTCCGAGCA,0
TTAATGACCAAGGTCT,0
TTAATGATCCCCCATA,0
TTAATGCTAGGAAGTT,0
TTAATGTAAAAAAATA,0
TTAATTACACGAGTAA,0
TTAATTCACAATGGAC,0
TTAATTCATACGAGTC,0
TTAATTGACGAAGTGT,0
TTAATTGTCACAAAGT,0
TTAATTTGAGCCTTAT,0
TTAATTTTCATTTAGT,0
TTAATTTTGATAAGTA,0
TTAATTTTTCGAGTTA,0
TTACAACTAATTTTCC,0
TTACAAGGACCAGCAA,0
TTACAATACAATTCAT,0
TTACAATAGATCTCAA,0
TTACAATCTGTGTACT,0
TTACAATGAGTAGACG,0
TTACAATTTACAAACA,0
TTACACACACACACCC,0
TTACACACAGAGCTGC,0
TTACACCATAATCCAG,0
TTACACCCATACACCA,0
TTACACCTTACTGGGC,0
TTACACTAGTTGAAAG,0
TTACACTCGTAACAAA,0
TTACAGAAATTCGTTT,0
TTACAGACTACAAATC,0
TTACAGATTTAGGACC,0
TTACAGCACGAATGAA,0
TTACAGCCAGAAGCCT,0
TTACAGTATAAACTAA,0
TTACAGTGCTAACGAA,0
TTACAGTTTCACCCGA,0
TTACATAAACGGCGAG,0
TTACATATACTACCTG,0
TTACATCCAAAGTAGG,0
TTACATCTTGAACGTT,0
TTACATGCTCAGTTAA,0
TTACATTAAAAAGAGA,0
TTACATTAAAATCTCT,0
TTACATTAATTATCCG,0
TTACATTACAAAGTAA,0
TTACATTGAAACTCAA,0
TTACCAAAAACACTAT,0
TTACCAACGCTCTAAA,0
TTACCAAGAGTTGCCA,0
TTACCACTCCCCCACG,0
TTACCAGAAAACCCAT,0
TTACCAGAGTAATAAC,0
TTACCATCCGATTGAC,0
TTACCATGAGCTTGAT,0
TTACCCAACATATTTA,0
TTACCCCAATACTGTC,0
TTACCCCACTTTTATA,0
TTACCCCCAAACAAAA,0
TTACCCTACGTAGTTC,0
TTACCCTGATATTCAG,0
TTACCGATTCATATAC,0
TTACCGCGGTAAAGTT,0
TTACCGGTAGCATAGG,0
TTACCTAGAGATACAA,0
TTACCTCTACTAGCCC,0
TTACCTGATCGTAACA,0
TTACCTTCAACACAAA,0
TTACCTTTACTCAGCA,0
TTACGAAATCACGTAT,0
TTACGACAAAAGTCGA,0
TTACGACACGGCCGGT,0
TTACGACGACCCAAGT,0
TTACGACGGGCCGAAA,0
TTACGCTTACCAATCA,0
TTACGCTTCACCAGTC,0
TTACGGAAGCCAGTAC,0
TTACGGCTCCCCGATT,0
TTACGGTAAGATCAGA,0
TTACGGTGGACTTTTT,0
TTACGTCAGTAAACTC,0
TTACGTCCCTAACTAT,0
TTACGTCGTATCTTGA,0
TTACGTCTCTGAAGTA,0
TTACGTGATCAGAAAT,0
TTACGTTCCTGATGGG,0
TTACTATAATATTTCG,0
TTACTATTCTACAGCC,0
TTACTATTTTTGTTTA,0
TTACTCACAATACTAA,0
TTACTCAGATTTTATT,0
TTACTGACACATCATA,0
TTACTGACGCTAGTAA,0
TTACTGCGGAATAAAC,0
TTACTTAATAAAAGAT,0
TTACTTCGTAATACCC,0
TTAGAAATATTCCTGA,0
TTAGAACCTTCCCTGA,0
TTAGAAGCCCCGAAAA,0
TTAGAATGGGATCGTT,0
TTAGACAGCACACAAA,0
TTAGACATAGAAAAAC,0
TTAGACTAGCTCGGCC,0
TTAGAGCAAACTGTCT,0
TTAGAGCACACACAAT,0
TTAGAGGGTAAAATAG,0
TTAGATACAAAAAAGG,0
TTAGATATTATCAAAC,0
TTAGATCCGACTAACC,0
TTAGATGAAGGCTAAA,0
TTAGATGATGTAAACT,0
TTAGATTATAGCAAGA,0
TTAGATTCTTTTTAAA,0
TTAGCAATGATACGCA,0
TTAGCACAACGATAAA,0
TTAGCACCGTTGGAAA,0
TTAGCACCTCTATGAA,0
TTAGCAGCTAGACATG,0
TTAGCATTTTAGCGAA,0
TTAGCCGCCAATACCG,0
TTAGCCTAACTTGATT,0
TTAGCGACGGGCATAA,0
TTAGCGATATTGATAA,0
TTAGCTAGACCTAATT,0
TTAGCTCAACTATTGA,0
TTAGCTTAACGCACTG,0
TTAGGAAATAAGATAA,0
TTAGGATCGTACATAT,0
TTAGGCGAATTGCTCA,0
TTAGGGAAGACTTAAA,0
TTAGGTACTCGGTCTT,0
TTAGGTCCTTCCATCC,0
TTAGGTCGTATGGGTA,0
TTAGGTTAATAAGTCA,0
TTAGTAAGCCTTGGTT,0
TTAGTAAGGCTAGTAC,0
TTAGTAATCAAAAGTC,0
TTAGTAGACTTACATA,0
TTAGTAGCACATCGAT,0
TTAGTATAACACATGT,0
TTAGTATAATAATCCG,0
TTAGTATAATCTTAGA,0
TTAGTATCCTGATCTA,0
TTAGTCCCATTTAGAA,0
TTAGTGGCAACAATAC,0
TTAGTGTACGTTCTCT,0
TTAGTTCTTGTTATGT,0
TTAGTTGATCTGGCAT,0
TTAGTTTCTAAACCCT,0
TTATAAAACGAAATAA,0
TTATAAAACGCACACT,0
TTATAAAACGTAAATC,0
TTATAAAATTGAGATT,0
TTATAAACAGAAATAT,0
TTATAACCCAAACCTC,0
TTATAACCGACAAAAT,0
TTATAAGAGGCATGAG,0
TTATAATAACAACTCA,0
TTATAATATGAGAACC,0
TTATAATGTGACAGCT,0
TTATACAGCTTCATAA,0
TTATACATCTGTGCTA,0
TTATACCACAGGACTT,0
TTATACGCTACACGAA,0
TTATACTATCAGTAGC,0
TTATACTCCATCACGA,0
TTATAGAAGCGTCTCC,0
TTATAGACATGTGCCT,0
TTATAGACTCTACCAT,0
TTATAGAGACTAAGAG,0
TTATAGCCCGTAAGGA,0
TTATAGCTTAAATCTG,0
TTATAGGAACGCAAGT,0
TTATAGGAATAATAAA,0
TTATAGGGAACCCTAG,0
TTATAGTCCCCCCAAC,0
TTATAGTTACTGAGAA,0
TTATATATAATCCGGT,0
TTATATATGTTTTATA,0
TTATATATTTAGGGAA,0
TTATATCGAGCCAGAG,0
TTATATGTATTTTAGT,0
TTATATTACCATCGGG,0
TTATCAACATGGTTTT,0
TTATCACCTAACTCGT,0
TTATCAGAAAGTAAAC,0
TTATCCACTTAGATCC,0
TTATCCCGGTCGAGAA,0
TTATCCGTACCGTCAG,0
TTATCCTCCAAAATGT,0
TTATCGAACAATGACC,0
TTATCGCAAAATACGA,0
TTATCGCGATAAGAGG,0
TTATCTACTAAAAAAC,0
TTATCTGATTGATTCA,0
TTATCTGTGAGACCAG,0
TTATGAAGTGTGTGAA,0
TTATGAATCTCACATA,0
TTATGACAAAACCCGT,0
TTATGAGTGCTCGAAA,0
TTATGATGACAGTGTA,0
TTATGCAAAGTACAAT,0
TTATGCAAATGTGTAC,0
TTATGCAAGCTCCATG,0
TTATGCGGAAGATAAA,0
TTATGGAAAGGCATTA,0
TTATGGGGGAACAAAA,0
TTATGGGTGAAACCCC,0
TTATGGGTTAGTCCAA,0
TTATGGTAACACGAAG,0
TTATGGTCAGTATAAA,0
TTATGTAATATATTTA,0
TTATGTACCAACATAA,0
TTATGTACGACTATTC,0
TTATGTATGAACAACT,0
TTATGTGCGAGTCGAT,0
TTATGTGTCCTACCCC,0
TTATTAAAAATAGTTG,0
TTATTAACGCCTTTTG,0
TTATTACTTGAAAATA,0
TTATTATTATGACTTG,0
TTATTCAAAATTAACC,0
TTATTCAAGCATGTAA,0
TTATTCGGACCACACA,0
TTATTGCCTAAAACAT,0
TTATTGCTACAGGTTA,0
TTATTGGGACCAACTA,0
TTATTGTGTTTCACAG,0
TTATTTATATGCACGA,0
TTATTTGAATAAATTA,0
TTATTTGCAAACGTCA,0
TTATTTTGATGCAGTG,0
TTCAAAAACTCAAGAA,0
TTCAAACAGAGCATGG,0
TTCAAACCTGAAAAAT,0
TTCAAACTTCGAAGAC,0
TTCAAAGTCTGGCCGG,0
TTCAAATGGACTAACC,0
TTCAACAACTTGTATA,0
TTCAACGTGTCTTGCT,0
TTCAAGAAAGTGTGGA,0
TTCAAGAGCAGAATAA,0
TTCAAGGAAAGCTAGT,0
TTCAAGGCCACTCGGA,0
TTCAAGTTAACTTCCA,0
TTCAATACATTATGGG,0
TTCAATGATTATTCTC,0
TTCAATGGAAATCGTC,0
TTCAATGGCACCCTGA,0
TTCAATTATAACTGGT,0
TTCAATTGCCTGAAAG,0
TTCAATTTATATTTCG,0
TTCACAGCGAAAGATA,0
TTCACGACTTTCAATA,0
TTCACGCAGGGATAAA,0
TTCACGCTGACGTTCC,0
TTCACTACTACGACCA,0
TTCACTATAGTAAAAC,0
TTCAGAACATAACACA,0
TTCAGAAGACTAAGTC,0
TTCAGATAACCCTACG,0
TTCAGCTGGTATCGCC,0
TTCAGCTTACTAGCTA,0
TTCAGGCATGCAAAAA,0
TTCAGTACACACATGA,0
TTCAGTCCAAAAATAA,0
TTCAGTTCCTAACATG,0
TTCATAATGATACAAA,0
TTCATACCACTATGAT,0
TTCATACTGACCCCTA,0
TTCATATGGTACTACC,0
TTCATCAACTTGGATA,0
TTCATCAGAACTTTGA,0
TTCATCTTCCATTGTA,0
TTCATCTTGAGTGCCC,0
TTCATGAAAACAATTC,0
TTCATGCAGAATCTTC,0
TTCATTAAAACCCAAA,0
TTCATTAACATAGAGA,0
TTCATTTAAACTCCTA,0
TTCATTTCATTCTCGT,0
TTCATTTTGTTCCATG,0
TTCCAAAAATATCTCA,0
TTCCAAAGGCGTTTGC,0
TTCCAAGAAAGGAACC,0
TTCCACGCGTATAAAG,0
TTCCACGTGAACAGAC,0
TTCCAGAGATCACTAT,0
TTCCAGCCGTCGCGGG,0
TTCCATCATTAGTGAA,0
TTCCATCTTCGCTAAA,0
TTCCATGCAATTGAAT,0
TTCCCAAAGAACTAGA,0
TTCCCATGGAGTACAG,0
TTCCCGGTCATGAGAT,0
TTCCCGTTTATGATTT,0
TTCCCTGTATGCCCAC,0
TTCCGAGCAAAGATTA,0
TTCCGCGAATTATAAC,0
TTCCGGAATTGAGACC,0
TTCCGGACATATTAAA,0
TTCCGGATCAGTCGGA,0
TTCCGGCGACATGAAA,0
TTCCGGTAACACGCTA,0
TTCCGTCTAGTAGTTT,0
TTCCTAACTCGTTTTA,0
TTCCTAATCGGAGCGT,0
TTCCTACCATCAAGAT,0
TTCCTATCAAACTCGA,0
TTCCTATGCTCGACCT,0
TTCCTATTTGGGAGTG,0
TTCCTCTCCTATATAT,0
TTCCTTACCGCACATC,0
TTCCTTTGGACCTCTA,0
TTCGAAACACATATTC,0
TTCGAAACTATATTCG,0
TTCGACATGTAAGGCC,0
TTCGAGACCACGATCA,0
TTCGAGGGTGCGTTGA,0
TTCGCAGAATCAGAGG,0
TTCGCCCACGCCGTAC,0
TTCGCCTCTCAGTTGC,0
TTCGCGAAATAGCATA,0
TTCGCGAACACTAGAA,0
TTCGCTAAACGAACAA,0
TTCGCTATTATCATGC,0
TTCGCTGGACTTTGCC,0
TTCGCTTAATTCAATC,0
TTCGCTTCTCTACTCT,0
TTCGGACTACAGGCCC,0
TTCGGCAATACATTAG,0
TTCGGCAGGGTTCGAC,0
TTCGGCGAGTTGTCTC,0
TTCGGGCCCGAGCTCC,0
TTCGTAAGACAGAATT,0
TTCGTCCAATCCTTCG,0
TTCGTGAACCGGGTAA,0
TTCGTGCCAGACCCTA,0
TTCGTGGCGTTCATAA,0
TTCGTTTAAATCGAAA,0
TTCTAAATAAATCTTT,0
TTCTAAATTTTAAGAA,0
TTCTAACAAACTGAAA,0
TTCTAACTAAACGTCA,0
TTCTAACTGTGTCTTA,0
TTCTAAGCTATAAAAC,0
TTCTAATCATCAAAAA,0
TTCTAATGTTGTGCCA,0
TTCTAATTAGGCGGTT,0
TTCTACAAAAGTTTTA,0
TTCTACTGATGAGACT,0
TTCTAGTGTAAACAGA,0
TTCTATAATCCAAGCA,0
TTCTATCCAGTGAAAG,0
TTCTCATGACCCAGAC,0
TTCTCATTCTTCCTTT,0
TTCTCCAACCTATTCG,0
TTCTCCCCCTCACTCG,0
TTCTCCCTGAAAAAAC,0
TTCTCGATGCCTTAAA,0
TTCTCGTAGCGAGGAA,0
TTCTCTAAAATAGTTC,0
TTCTCTATTCGGATAT,0
TTCTCTTCACATCTAA,0
TTCTCTTTAACCCAGA,0
TTCTGAAATTTAGCTT,0
TTCTGGACTGCATAAA,0
TTCTGGGAACCCTCGC,0
TTCTGTTTTATTACAA,0
TTCTTAAAAAGTGACA,0
TTCTTAACCCAGAAGA,0
TTCTTACAGACCAACA,0
TTCTTACCCGTGAGAT,0
TTCTTACTGGAGAGTG,0
TTCTTATCCAGGAGTG,0
TTCTTATGCCGATTCC,0
TTCTTATTTACTTCCC,0
TTCTTCAGAGTCTTGA,0
TTCTTCAGCGAAACTA,0
TTCTTTCACAAAGCAT,0
TTCTTTGGCCGATAAG,0
TTGAAAAAACTTAAAA,0
TTGAAAAACCATCATC,0
TTGAAAAATTATAGGA,0
TTGAAAACGAATCTGT,0
TTGAAAACTGGAAAAT,0
TTGAAAGCGTTAGAAA,0
TTGAAAGGACACTAAC,0
TTGAAAGGCCAATAAA,0
TTGAACAAGTTAATAG,0
TTGAACATGCACCAAT,0
TTGAACCCAATACCCT,0
TTGAACCCGAATTTGG,0
TTGAACTAGGATAAAG,0
TTGAAGAAACCCCATT,0
TTGAAGACAGTTCAGG,0
TTGAAGATAAATACAC,0
TTGAAGATGTGCCAAG,0
TTGAAGGGAAAATAAA,0
TTGAAGTAATACAAAC,0
TTGAAGTACAAGGCAA,0
TTGAAGTGCTACTCCC,0
TTGAAGTTCCCTCCAA,0
TTGAATACGGACAGCA,0
TTGAATGGACGCATAA,0
TTGAATGGATGTTAAT,0
TTGACAAGATACGTAA,0
TTGACAAGTCAGTAAT,0
TTGACGCACAAAACAC,0
TTGACTAAGTTCCAGA,0
TTGACTTAGATTGAGG,0
TTGAGAACGTGAGCAA,0
TTGAGACAGGAGAGCT,0
TTGAGCCATACCACCA,0
TTGAGCCTACGGCTAT,0
TTGAGCGGAAACCAAG,0
TTGAGCTGCTGAAAAT,0
TTGAGGAAAATGATCA,0
TTGAGTATCAGAAAAA,0
TTGAGTGACAAATTGA,0
TTGATAAACTTCAAGG,0
TTGATAAATGAATCCT,0
TTGATAAGAAAAATAT,0
TTGATACCTAAGCAAA,0
TTGATAGAAATACGTC,0
TTGATATTCTCCAAGA,0
TTGATCCGGTCATTAG,0
TTGATCGACATACCTA,0
TTGATCTGGTAAAACA,0
TTGATGAGTTCAGCAT,0
TTGATGCAATATGCGA,0
TTGATGGTAGAAAGCC,0
TTGATTCGGACCGACT,0
TTGCAAAAACTGTAAA,0
TTGCAAACGGCGACGA,0
TTGCAAGGCGTAATTC,0
TTGCACAACTTTGAGC,0
TTGCACATACTCTGGT,0
TTGCACCTTCTCCAGA,0
TTGCACGAAATCATAC,0
TTGCACGAACAGACAA,0
TTGCACGAGACTAACA,0
TTGCAGATGGTTAAAG,0
TTGCAGCACAACCCAA,0
TTGCAGCGCACAACGA,0
TTGCAGGTAGCAGCCC,0
TTGCATCGCAGTACTG,0
TTGCATGGAGTGTCTA,0
TTGCCAACCCGAACAA,0
TTGCCACAGGAGTTAC,0
TTGCCACTTTAATTCA,0
TTGCCAGGCTGGCCCA,0
TTGCCAGTTGTATTGT,0
TTGCCATAATGCTCTC,0
TTGCCGTACTATGATA,0
TTGCCGTGGCCCCCAA,0
TTGCGACACGAGGAGT,0
TTGCGACTAGTTTGAC,0
TTGCGAGTTCCAATTT,0
TTGCGCAAGGTCGGAT,0
TTGCGCACGACCAGCA,0
TTGCGCATATACGAGA,0
TTGCGGATTGCATTCC,0
TTGCGGGCCTCTGGTT,0
TTGCGTGATCAAGTCT,0
TTGCTCAATCTAAACT,0
TTGCTCAGGGTTGTGC,0
TTGCTGACAAGAAAGT,0
TTGGAAACCAAAAAAA,0
TTGGAAATGTGTGGCC,0
TTGGAAGAGATGTAAC,0
TTGGAATACAAAAATT,0
TTGGAATATGCATATA,0
TTGGAATCAACTTTCA,0
TTGGAATCTTAGAAAC,0
TTGGAATTTCCGGCTC,0
TTGGACCACTAAGTAT,0
TTGGACGATGTCAAAC,0
TTGGACGGTAAATTTT,0
TTGGACTTACACCACA,0
TTGGATGCACTCTTTG,0
TTGGATTACCAATTTT,0
TTGGCAATGTTGAACA,0
TTGGCAGTACATAAAC,0
TTGGCGCTTTTAACCG,0
TTGGCTTAATCATAAG,0
TTGGCTTAGAACACAC,0
TTGGGCCAAGGACCGA,0
TTGGGCTCGAATTGTG,0
TTGGGTAAAGTTTGAA,0
TTGGTACAACGAGGGT,0
TTGGTCATCAACATGT,0
TTGGTGCCTCGAACGG,0
TTGGTGTACGTCCGCC,0
TTGGTTATGGACTAGA,0
TTGGTTTGAAGATATG,0
TTGTAAGCTCACTGAG,0
TTGTACCGTAGAAACC,0
TTGTAGACAGATATAG,0
TTGTAGATTGTCCGTG,0
TTGTAGGAAGCTAAAC,0
TTGTAGGATTCCGACC,0
TTGTATAACCACTGAA,0
TTGTATAAGGCTCAGC,0
TTGTATGAAAAAATAA,0
TTGTATTAGAAAAGAC,0
TTGTATTCAGGAATAA,0
TTGTCACAAGTGTATC,0
TTGTCACACGTTAACA,0
TTGTCAGTATAAAACA,0
TTGTCCAAATTAAATT,0
TTGTCCAGAGTGATCC,0
TTGTCCCATACAGAAT,0
TTGTCCGTGTGAGATG,0
TTGTCTAACACCAGTG,0
TTGTCTCTAGGTGAAG,0
TTGTCTGAAGTCAATG,0
TTGTCTGGCTGACTTT,0
TTGTGAACCGCGTTCT,0
TTGTGAATCAATAATA,0
TTGTGACCTCATGTGC,0
TTGTGATATTGCACAC,0
TTGTGATTATCCAAGC,0
TTGTGCAAACATCCTA,0
TTGTGCACTCAGGAAC,0
TTGTGGAATAGCTGAG,0
TTGTGGATTGCCAGAG,0
TTGTGGCAAACAGAAC,0
TTGTGGCTAGAGATCT,0
TTGTTCACGTGGAGTG,0
TTGTTCTAAATATAAA,0
TTGTTGAATCCCGATA,0
TTGTTGCCTAAATTAC,0
TTGTTGCTTTTAGAAT,0
TTGTTTATCCACGTAC,0
TTTAAAAAACTTGCGT,0
TTTAAAAAATACGAGA,0
TTTAAAACCAAACCTC,0
TTTAAAACCGTTAGTT,0
TTTAAACCTTGATGAT,0
TTTAAAGAACGCGTAG,0
TTTAAAGCAGGAATGA,0
TTTAAAGCTGTCTTCC,0
TTTAAAGGTAGCTTTA,0
TTTAACACCACTAAAG,0
TTTAACGACGGGTCTA,0
TTTAACGAGAAAACTT,0
TTTAACGTATGAGCAT,0
TTTAACGTGGTGATAT,0
TTTAACTAACCAACAA,0
TTTAAGCGATGATTTT,0
TTTAAGGACCGATTAT,0
TTTAAGGATTACCTTG,0
TTTAAGGGGGAATCCT,0
TTTAAGTCATACACCC,0
TTTAATAAGACAAGCC,0
TTTAATAGAACACTTT,0
TTTAATAGTAGTCTTC,0
TTTAATATTACCCCCG,0
TTTAATCCCGAATACC,0
TTTAATCCTAACCAAA,0
TTTAATTACCTTCACA,0
TTTAATTGGTGCCATA,0
TTTAATTTTGAATTAG,0
TTTACAATATATCTCC,0
TTTACACCAAAAAGGA,0
TTTACACCCAATTACT,0
TTTACAGTCCCGATCA,0
TTTACATAGCGAACTT,0
TTTACATTAGCTTCAC,0
TTTACATTCCTAATAT,0
TTTACCATACGTAACT,0
TTTACCGCAAATGTTA,0
TTTACCGGAGGAGTAG,0
TTTACCTATAAAGAAA,0
TTTACGACTGCAGTAA,0
TTTACGCGAAATCGGA,0
TTTACGTTTGACAGAA,0
TTTACTAACATAAGAG,0
TTTACTAAGCATAAAT,0
TTTACTTCGACTCCTA,0
TTTACTTTTACCAGCC,0
TTTAGAAAGGCTACAA,0
TTTAGAAATAACATGT,0
TTTAGAACAAGTGACA,0
TTTAGAAGTGATCGAT,0
TTTAGAGCCGTACCCT,0
TTTAGATGAGCTGCAG,0
TTTAGCCCAAAGTACA,0
TTTAGCTATCTAGATG,0
TTTAGCTGGCACCGCT,0
TTTAGGAAGAGCGAAG,0
TTTAGGATTATCTTGA,0
TTTAGGGGCAAACCGA,0
TTTAGTGCAGGTATAT,0
TTTAGTTTAAACCCCT,0
TTTATAACAATAAGGA,0
TTTATAAGGATGGGGT,0
TTTATACAGTAAGCCC,0
TTTATACCATACAATG,0
TTTATCGCTAACAACA,0
TTTATGAAGAAATACT,0
TTTATGCAAACTAATC,0
TTTATTAACGCATAGG,0
TTTATTACACAGATTA,0
TTTATTCCTTCTCGAA,0
TTTCAAAAAACACTTT,0
TTTCAAAACGCGCCGT,0
TTTCAAAAGTGCCCAT,0
TTTCAAAATAATGACA,0
TTTCAAAATTACAGAT,0
TTTCAACAGGTAAAAG,0
TTTCAACCATCTCCTT,0
TTTCAACCATGCAATA,0
TTTCAACTAAAGATAG,0
TTTCAAGAAATAATCC,0
TTTCAAGGTCATGTCA,0
TTTCACAGGCAGGAGA,0
TTTCACGCGGGACCTG,0
TTTCACTGTATTACAA,0
TTTCACTTATTACGTT,0
TTTCAGGACATGGGTA,0
TTTCAGTCCTCCCCAA,0
TTTCAGTTACGTCCTT,0
TTTCATAACAGCTGAA,0
TTTCATCGATACACAA,0
TTTCATCTGATTTAAG,0
TTTCATTAAGCTATTT,0
TTTCCAAATTAGACTC,0
TTTCCATAACACCCCG,0
TTTCCCGTCGCACCGA,0
TTTCCCGTCTGAAAAT,0
TTTCCGGCTGATAAAG,0
TTTCCTCCCTTCTTAA,0
TTTCCTTTATGATAAA,0
TTTCGACATTACTTGG,0
TTTCGAGACATGTACT,0
TTTCGATCACTCACCA,0
TTTCGATCCGTACAAT,0
TTTCGGAAATAGGAGC,0
TTTCGGAGCCGTAACA,0
TTTCGGAGCTCTTCGG,0
TTTCGGATACATAAAA,0
TTTCGTCAAGCGTTGT,0
TTTCTAAAACTTTCCC,0
TTTCTAGTACATGATA,0
TTTCTATCTTATAAAC,0
TTTCTCAAAAGCCGTA,0
TTTCTCCAGTAGAATG,0
TTTCTCCGCTGGCGAA,0
TTTCTGATTCCTATCT,0
TTTCTGCTGGCCATTG,0
TTTCTGGCATAACATA,0
TTTCTTACGTCTTATT,0
TTTCTTGGGCTTAAAA,0
TTTGAAAACTTACGCA,0
TTTGAAAATATAAAAT,0
TTTGAAATCTACCAAT,0
TTTGAACGCGTTACAC,0
TTTGAAGTCTCTCTCC,0
TTTGAATATAACAGAA,0
TTTGAATTGAAGTGGT,0
TTTGACACACTGGTAA,0
TTTGACCCTATTTTTC,0
TTTGACTACAGGCATA,0
TTTGAGTATGGTCTAG,0
TTTGCAATAAAAAAAC,0
TTTGCACCAACCATCA,0
TTTGCACGATGCAAAG,0
TTTGCAGATACGGGTT,0
TTTGCCAGAGAATACT,0
TTTGCCCAGAAGACCT,0
TTTGCCGCTAAAGTTC,0
TTTGCCTAAGCTGGCA,0
TTTGCCTATCATATAG,0
TTTGCGTATGACAACA,0
TTTGCTTTAACTAGAT,0
TTTGCTTTTGATACAA,0
TTTGGAAAAATTACCT,0
TTTGGAGTAACTATTC,0
TTTGGATATCACGCTA,0
TTTGGCGGGCCTCAGT,0
TTTGGCTTGCTATAGA,0
TTTGGGCAGCACATAA,0
TTTGGTACAAAGTTAA,0
TTTGTAATAAAGTGTT,0
TTTGTAATACATGAAA,0
TTTGTACATCTTACAG,0
TTTGTACATCTTATTA,0
TTTGTAGACTAGAATA,0
TTTGTATCAAGCGTTA,0
TTTGTGCCGTGACCTT,0
TTTGTTTAAAAATTGA,0
TTTTAAAAATAAGAGA,0
TTTTAAAAGAAGAACA,0
TTTTAAAAGATGACAT,0
TTTTAAAGTCAGTGCA,0
TTTTAACAAGATATTC,0
TTTTAAGAATAAGATT,0
TTTTAAGAGTTATCTG,0
TTTTAATTGCCTAATT,0
TTTTACACTCCTTACT,0
TTTTACAGGTGGCACG,0
TTTTACCAAACAGAAA,0
TTTTACGATTCGAGGT,0
TTTTACGTCCCTAAAA,0
TTTTACTCTATTCTCA,0
TTTTAGAAAATGAACT,0
TTTTAGACCTGAATCG,0
TTTTAGGCAATCTAAT,0
TTTTAGGGCTAATAGA,0
TTTTATCAAGGACTGT,0
TTTTATTATAGAGTAA,0
TTTTCAATAAACCCGT,0
TTTTCACCGCCATTGC,0
TTTTCACTCAAACCCC,0
TTTTCCTATCCTTCTG,0
TTTTCGACGAGAAATG,0
TTTTCTAGGCATACGA,0
TTTTCTCGTTACCTGG,0
TTTTGAAAAAAAGTTA,0
TTTTGAAACTTATGGG,0
TTTTGAACGAAATGTG,0
TTTTGAATGACTGATA,0
TTTTGCAAGAAATATA,0
TTTTGCAAGGAACTTT,0
TTTTGCACTTCTAGGG,0
TTTTGGCAAAACGTAT,0
TTTTGGGAAGCGCACA,0
TTTTGTACAAAGATAT,0
TTTTGTCATTGCCTGC,0
TTTTGTCTTTATGGGA,0
TTTTTAAAGCATAAGA,0
TTTTTAAATACAAACA,0
TTTTTAAGTTATACGT,0
TTTTTACACCTACACA,0
TTTTTATATAAACAGA,0
TTTTTATGTACAGACC,0
TTTTTCAACGATGGAT,0
TTTTTCACAGCATTGC,0
TTTTTCGCAGAAAACT,0
TTTTTCGCGGCAACAT,0
TTTTTGAGAAACGCGC,0
TTTTTGAGACACCCGA,0
TTTTTGTAGAGGATTA,0
TTTTTTACGAGATTGA,0
TTTTTTCACTACATGC,0
TTTTTTGAGCTGTATT,0
