barcode,count
AAACTAAATATAAACT,44125
GAAACAATACCGCTCT,43553
AACATGGCACGATATC,42604
CGGATCAACTGTATGT,41784
CTAACTATGAACCAAA,41665
TCATAAGCCACGTTCA,41135
AAGTAAGAACCCATTA,41089
GATAAATTACTAGCAC,40353
TCTTTTAACTTTATTT,40331
CTGACCCGGGATTCCC,40217
TAATACGGAAACGGGA,40026
TCACGCCAGCGGAAAG,39804
CCAGAGCACCGTCAGA,38366
TGCTACTGTTGTAAGG,37931
CCGTTGATGAACAGTT,37288
CATATGGTTAAACCCT,37112
AAGACATATTATTCAC,36913
AATTCAAATAGTTAAG,36496
GAGACTCCGACCTGTG,31790
GTGCAGTAGTAAAGTA,31772
CTGTGCTAGAAACACC,31585
AGGTCGCAATCAGAGG,31543
CACTATCCCTACAAAC,31492
CATCCAAGTTATTTTA,31482
ACAATCACTATGTCGC,31202
AACACAGTATGGTTTG,30988
GTTAACTCTATCATAT,30882
CCAATTCTGCTAAATA,30631
CAAAACACGCCTGGCT,30544
AAAAAAAGACAGAACA,30434
TCCCACTAGAATCGTG,30351
AACAAAGCAGCATACA,30049
CCATCTAGTGGCTAGG,29548
CTAGCGAATTGATGCA,29539
AGATACGTACCAAGCA,28275
ATATCAAACCTCTAAC,28106
TAGAATCGGTTGGGTT,27953
AAGAATGGCTATTCAA,27873
TTATAACAAAATAACA,27457
GAGATTTAAGGAACCG,27455
TACTAAGGATAAGATA,27435
AGTAGACTCCCTCCAT,27261
AGCACCTATGCGACAT,27093
GATATATGATAGAAAG,26695
ACCCAAAACCGAGACC,26688
TACGTCGCAATGGTCC,26668
ATACTAATACCCAAAT,26456
GCGATTCACGCGTTGG,26451
ACCTTATTCATCTAAA,26425
CAGACCGTAAACATTG,25766
TGCTTCCCAATGCCGT,25758
CAGCTGAAAATAGACC,25654
ATACAGCTGACACTAA,25560
CGATACGAGCAACCCC,25490
CGAGCCATTGCTACTT,25468
CCACGGCGTATATCAG,25121
GATAGAGGGTAGACTA,25104
CTGTGCGAACTCTACA,25094
TCGACAAGATCTTCAA,24868
GACAATATGGAACCCC,24759
AGCATTGCAACGTGTA,24464
ACGGGATGCGCACCCA,24347
CAATATCAGTGCACAC,24292
ACTCTGCTTCGCGCAG,24174
ATGAGTCCCGACAGTA,24156
CTCCTCAGAACACTCA,24137
TGTAAATCTGAAGACC,24034
ACGAAACAAGTATGAT,23985
GTATCCACATTTAATA,23947
TACCCATGGATACGAT,23917
GTTGAAGAAGGATCAA,23882
GTAACAGTACTGATGG,23823
GGGTTCGCCACACGCA,23656
TTCTTGTTACGTTGAA,23653
AGGACATAACTCGAAA,23463
AGATTGGTTGATATAG,23449
AACTGAAGGCACAAAG,23165
GAAGTCCCAAGACAAT,23051
TTACAGCGGCTGATCT,23043
TATGAACTAGGAATCG,22944
CAATTCAAGGCAAATC,22891
ATTAAGATACTTAAGA,22827
AAAGATACACATGCCC,22817
ACCATCGGAAAGGACC,22803
TAAATACTCATACCCT,22802
GGAGAATACTCGCCGG,22657
AGAAAAAGCTCCCCGT,22652
TCCATATCCTGGCATT,22560
CACGAACAAAATGCAG,22531
AATTAATATATAACAG,22513
AATGCATACCCGTCGG,22410
CTTGACTATCTATATA,22378
ATATAGACACGTGACC,22284
AAATTTCAAAATTCCA,22269
ATTAAAACTAAATCTC,22243
CTAATAAGGCAACAAT,22168
ATCACACATAAATGGC,22068
TTCTAGTTCGGATCTT,22050
TAATACACATTAAGAG,21872
CCTTGTTGAAGTAGGA,21850
TTTTGGCAATGGTACT,21762
TGTGTTAAACCTTCTC,21642
ATCTACACCTATTAAG,21616
TTCATAAAACATGATC,21525
CTTAAGTCCGATAACT,21515
TCGTTCTCGCCAGGAA,21466
CGCTCAAGCGTACATA,21445
ATCTGATTCAAAACGC,21418
GCAACACCGAATACCA,21311
GAGTACGAGTACCTGG,21174
TGCGATCAAAACTAAC,21167
GACACAAATACGGCGC,21164
TATATCGTTCCAAGTG,21146
ATGTACTTGTTATATA,21075
CAAATGCTACTTTAAA,21041
GAAGAAATACTGATAC,20928
AAATTTGTTCACTATC,20927
GACCGACCACCTACGA,20908
CCACCGATTGAAACAC,20876
CCAAACACATATTCCA,20823
GTTCAACGAATACTGG,20723
GGAGATTTTGGCCCTC,20668
CCATTCTCCCGAGCCT,20628
ACAGTGGAAGTTTAGA,20617
ATAAATAGCGCCCCTG,20566
GCATTGCAACATATAT,20502
TGGTCACGACTGACGA,20470
CGGAATGTGCTCGCCT,20444
TGAACCCCAGTACAGT,20431
TCGAATCAATTGCTTT,20418
CTGTGTCCCATGGAGC,20356
CTGTATAACTCTAGTG,20314
CTATCTAACAGATAAG,20267
ACTCACACTTAGATAA,20185
TGGAGCTTCCAACACA,20178
TCCACTATGATGTAAG,20163
AGGATCTGTTCGCGCT,20069
AAAGTAGACACTACCT,20001
TAACGCCAAACTTAAC,19988
CAATTTACAAACACAA,19972
CAAAACAAATAATGAG,19899
TAACAACGCGCGCAGC,19842
CTCACGGACTTAAGCA,19797
TAGCAGAGAAACCCTA,19789
AAGAGTACGAGACAAG,19769
AGGTGGCGCGGACGAA,19769
ACGAACGTGTACCAAT,19761
TTCCGGCGACCCATCC,19723
TAATGCGTTAAGAGTA,19690
CAACGGGTCCCGTACG,19677
GTATACACGAGAAAAC,19675
CATATCCACCACTATG,19669
AATAAAGGCAGCACTG,19642
TGTTTTACGTGAAGCA,19626
CACCGCGCCCCTTGGA,19612
CAAAAATCTCAAACAC,19532
CTACTATAGCCACCAG,19525
AAAAACACAGGCAATT,19506
TGGAAAACCTAAAAAA,19437
CCCTTTGGTGCCAGTA,19423
AAATCAGTCCAAAAAG,19349
GTACCATAAAATCTGC,19330
CGGTGAAATCACGATC,19068
CAGCAGCTCCCCTGGC,18932
TTTAAACCATAATGGA,18918
AGCGGCGACCAAAATA,18905
CCAAAACCCGGCGTGA,18885
GATGGCGATTGGCTCC,18820
TGCAGAATAAAAAGAA,18731
GAAACCTTATACGCTA,18715
AGTTCCACACGCGAAT,18665
TTAACTACCCCCTAAC,18631
AGGTCAAAACCGTATC,18620
TCGTCCGTGAAGCTAC,18566
AAGTAGACTTCCAGAC,18466
ACTGATGTTAAGGATT,18371
ATCGAGAATTGGCCCG,18360
AACCCTTCGTAGCCAT,18296
GTCCCGAATTAGTCGT,18278
GAACAAACTAAGAATC,18239
GACACCACGCAATACA,18231
AAGCAGTACAACTTAT,18227
CCCATACACGGCAAGT,18223
ACTCTTAAATGACCGG,18198
CTAGAAAGCCCTCGGT,18181
ATGCCAGCCACTGAAC,18060
GAATGGCATAGCTACA,18057
ACAACAAGGGAAGCGA,18018
TGCGTCCTTGAAGATA,18015
AAACACTGGTAGAAAC,17999
GACAACAAATTTATCA,17991
AACGGCATGGAACTAA,17968
CTCCATTGCACAACAC,17951
ATGGGCGTAACATCCT,17912
GTACATTCATGGACGC,17854
CACCACTACTAACCCT,17815
CAATTCAGTGGCACCA,17772
TACAAACGAGATTAGA,17755
AGCCTATATAAGACAG,17742
ATCAAATATATAATGC,17721
GAATTCTGTGCTTCTT,17684
ATTTGGTATTTAGCAA,17660
TAGGGTTAACGATGGG,17645
AATTTGCGAAAAAAGT,17640
TGCCGTGAAACCGGAG,17639
GCACATTTTTAACTTG,17634
TCTAATATACTATTAG,17490
TCTAGATTAACATTAC,17488
AGGGCGCATTATCTAC,17483
GCTGGTGAACTCAGTC,17475
ATTTTACTCTAATGGT,17474
GTCAAACATAATTACC,17436
CGACTACCCTTTGAAA,17425
GTATCCGATGGATTTT,17327
GGTCCCCACCGATCGT,17319
ACGTCACTAAGTTGAA,17292
ACAAACTATCATCCCA,17289
ATCCATCATCCCACCT,17285
TACATTAAGGGTTGGT,17237
TGAGAATACCGATCGC,17220
ACCTTCACCCAATACA,17216
GGAGACCAATTTTGTT,17178
AATTGTACCACAAAAC,17177
TACGCATACACATATT,17145
AACGAAATAACATCTC,17143
GAGCTCACCCCAAGCA,17107
TATATAGTATTAACAG,17092
TCGCCAGAGTCTCCAT,17073
GGTTTTTATGTAAACT,17056
CCAATGCTGCAAGTAT,17041
TCGGCTACCAACGCAT,17027
AATGTGATACGATAAG,17000
AACTGCTTGTCCAAAA,16999
TCCCGAGACTCTGTCA,16986
TACTCACTTTAAAAAA,16971
TAACTCTAAATCTTCA,16916
AAGTCAAGGTACTCGG,16898
ATCTAACAGAGCGCAA,16833
CTCGTGATACGAGTAT,16797
ATAAATTAGAATCCAC,16786
ATACCCTGCATTCTGT,16743
GTAGAGAGGATTAAAG,16725
TTGAGTTCAAGCCTGA,16713
TTGGTATCTAAGACGC,16713
TAGGACGCCTATACAA,16694
AATGAGAGAGCCGTAC,16666
AACAATTCATAGGGAG,16618
CGGAAAGCGCGATAAA,16599
CATATGACAGACTCTT,16592
AAACGCGTGAAAAGCT,16565
ACGAACAATGACAATT,16448
TATCAGCCCATAAGGA,16441
TCAGTGATATAATGGC,16401
TCCGCATAAGCTAACA,16401
GTGAAATTCCACCCTA,16380
AAAAGAGGAACTCTGG,16371
GGACATCCGCATTGTC,16333
AGTAGCACAGAACAAG,16331
CCCGTCGTAAAAAGAG,16259
CGTGGCGTTTACACTA,16250
ATATGCGGTGCGAGCA,16237
TGACTTTCCATCATCC,16187
CGCAGAAAACACTCAA,16140
ACCACGTATATAGGCT,16121
TGATGATTCACACCAA,16104
GAAAGAAGACTACGAG,16097
CACATTTTCAAATCCC,16086
GAATTAAGCAGAGCAT,16070
GGAAATTTGACCAGTA,16054
ACTCTTTGTGTGCGTG,16052
GAACTGTAGATTAAAC,16052
AATAAAGGAAGGTTGG,16037
TCAATAAGCTTGAGTG,16031
TATGGAGACTGAAAAA,15979
CTCAGGACGAAAGGAC,15968
TACCTAATAATTACAC,15962
TATAGCTCTATATAGC,15947
ATACCAGTAGCACTAT,15943
TCAAATCTACAAACCC,15844
GCTAAGGATCCAGTGA,15824
GTCGACGGATAACTGC,15824
TGCTTATCTCATAGAC,15824
ACCCCGTAAAAAGAAT,15820
CAAACACAGCATTCAG,15812
AACGTGAAACCAGATC,15807
GATAGTTGGCTTACCC,15802
ATCACAGTTTGTTGAA,15801
CTTGAGAATCAGGTTT,15795
GAAGGTAAATAGATAT,15787
AGGCAGTGTTTTGTGG,15693
CCTACATGATATAATG,15668
AAAACTGCTCTGAGTT,15658
CCAGTCAATTTTACTA,15653
TTATGATCCCAATCGA,15624
GCACTGCGAACAGCTC,15620
CACGGCTCTTTTGGCG,15604
ATATGTCACCTAAGCT,15561
TCACGTCTACCTGAAG,15534
GGAATGGACCTACAGA,15518
CCCAAAAAAACTTTGG,15500
GTATCAGTATTAGTCT,15476
GATTTAAATACAACCA,15463
TAAGAATGTAAGGTCT,15440
TACGCGTAACACTGTA,15434
TACAGTCACCACACTG,15432
CGTTCTCTGGAAAACC,15424
CTGTTCTAATCCTCCT,15420
ATTTGCCGATTGTGAG,15376
CCTGTTCATAAGTAGA,15365
TTAAAAAGGAAATTAT,15364
GTTTGTACCGCGTAAC,15359
CAAGAGCAGACGCTAC,15347
TGGTGGACCAAATCCG,15328
CCACGATTTCGAAGGG,15311
GATTCGACCATCTTTT,15292
GTTGAGCCGAATCGGT,15205
TGAGTGATGCACTCTA,15190
AACGCTCAAGGAAACC,15178
GCACTCCCACATTGGA,15160
AATATACCCGGTACAA,15109
CTTTAATCCACTTAAC,15090
GGTATTACCACCACTA,15090
ATTAAATCATATAACA,15089
AAATGTTACTTAGGAT,15079
TGCGAGCCCCAAACTT,15069
AACTATTAATGATTTG,15045
TGAGCATCGAAACATA,15040
CGTATTAAAGGTAGCA,15039
TTTAAAAGATGTAATA,15026
AGCGGCATTGACTTGT,15025
ACCAAAATTTACGTGC,15023
ACATAGAACGAAATCT,15018
TGAGTTGATGCCATTA,15018
ATACCTGATGAGTATC,15000
GATAGACGATCGCCCT,14992
CTTGTTAAACAAATAC,14983
TTAAAACCACTAACGC,14959
GTAAAGGTTTACGTCC,14943
AGCCCAATGGAAAAAA,14928
CAAGCCCGATATCGCA,14926
TCCTTAACTAACGCGT,14899
TGTGATGTAAATATCA,14859
TAATGACCGATTACAA,14842
ATACACAACTTTTCCC,14840
ACGACCACAGGATAAA,14825
GTTATGGTCACAAAAA,14802
ATTTGTCAAGGACATC,14790
GAGAACTTCGCCACCG,14777
ACATAAGAAAACTAAT,14776
ATATGGACACCAATGA,14773
GAAGCAAGTCTCTACT,14753
TATAACATATGACAGT,14749
CAAATGACACAGATGA,14747
TAAACTAACTCGTTAT,14737
AACTTGTTGACCAGCT,14715
CAATCGCCCCAACTCG,14709
TGGAAAAAACACACAA,14708
CTTTAGTCAATGGTGG,14707
AATGCCTTAATATCTT,14696
TAGCTTAACAACGCTT,14688
GTACACCCTATAGGCA,14687
AAGACATGCATAAGGG,14683
TACTATTCTACACAGG,14654
AAGAAATGGAACCCAC,14646
TAAAAGTAAAAAAATT,14603
GGCCATACTAACAAGT,14598
GCAGGACATTGGTACA,14596
CAAGTTACAGATATTG,14588
CAAACTACTATGCTCA,14563
TCACACACACTTAATT,14563
TACATTAAGAGGAAGA,14542
GAAGAAACTTTAAGAA,14528
TCATGACACCGCTCAA,14510
AAACCAAATCATCAGA,14508
TCTCATTAGCAAATAC,14503
GAAGGCCGAACACTCC,14497
CAAAAAAGTAACCGGA,14489
ACAGATTCCAATCTAA,14487
AGCATCGAATCCGTAA,14480
AATAGCAACTACAAAC,14476
ATCCATCCTGAGGAGA,14415
CATTGGTAATAAGTGA,14388
GAAGTGGAATTCCTAG,14380
TGATGATTGAGGATAG,14380
ATAACCGCATTACCCA,14364
CCTGACCTCGCCGTGT,14359
GCGGACCCCATACATC,14353
ACCTAAGCCTTATGGG,14331
GCAGCAGCCTAGATTG,14324
CCCCTTCGTTCACATC,14316
GTGCTTTGAGAAAAAC,14313
TACCAAAAAGTGAGCC,14313
TATGAATAAGCGCAAA,14296
GAAAGTTAACCAATAA,14282
ATTTAATAGTTACTAG,14272
CCATACCCGATATGTC,14271
AACTGAATCAAACAAA,14268
TAAAATTTCAGGCCAG,14256
CGCATAACATACAGAG,14255
AGAAACGTTGAAGACA,14251
AAGATCATACATTAGG,14241
GGCATCAAGATTCATT,14240
TAGATATTTAAAAAAC,14239
TCCGAGGTCACCCCAT,14232
AATATTTATAAACAAC,14205
GGATTTATATGGTCAC,14200
GCAACACAATCACGAA,14193
CCACACTATGGCGTTC,14189
CTCCCCATGCTCTCTT,14140
GACAAAACACTATTTC,14137
GAAGCCGATCGCCAGG,14102
GCCTGCCCCGGAACAA,14097
AATTAATGGTCCAAAC,14090
CCCTCGACGAACAACA,14086
ACTCACTAACCTGTTC,14044
TCGACGAACATAATGC,14041
ATAATACTCGAATACG,14029
AGGCTGACTCGAATTG,14026
GTACACGCTACACCAA,14016
ACCTATAAGATTTAGT,13994
CACGGCTGCTGCGGCT,13992
GGAGTCTGCCAAGACA,13961
TTGGGACAGTTGCAGC,13955
TACGCGCAATATCAAA,13890
ATAGGAATCTGGTAAA,13883
TTTGCGAAAAGGTATA,13882
AAGTCTACTAAATATA,13879
AATCTAACTAAACGGA,13876
GCCACATGCTATGCGA,13868
CACAAAAACGCGGTCG,13866
ACTCTTATATGTAGGA,13862
GACGAGGACAGAGGCA,13852
ACCAGATGTTCCCTGC,13845
TGTTCCACACGTATGA,13844
AGCACATTAAACCAAT,13809
TCGACACTCTAACATT,13806
AAGGGAGAAGGTCTCA,13795
CAATATATTCATGTAT,13784
CTAATCTGGCCATCCT,13784
TAGGCTGACCCACTTC,13783
AATCTGTTACAAAGAC,13781
AACCAACTCGAATAAA,13768
ATGGTCGTGAGAGACA,13764
CCTACCTATTGCGTGG,13761
CCGTAACAGTCACTTA,13753
AGTCATAAAAAACACA,13734
TTTGACGAGATACAGA,13724
TAAGATGTTTACTGCG,13719
CAAACAGGCCACGAAG,13716
CTTACTGATGCCCCAT,13713
GTGCAAATGAATCGTA,13701
AACACCTTACAACCAT,13690
TTGAGTCATACCTCGT,13690
AAAACATGATCCGAAG,13688
AACCGTGGGTTCCTAA,13681
AAAGACTGGGTATACA,13679
GACTCCTTACCAACGA,13676
GTCTCATCGGATGGGT,13661
TGAAAGGCCCGCAGTT,13646
TGGTCATGGGAGCACC,13626
AAGCTTGGTGTGGAAG,13621
CAACGAGATACATCCA,13620
TGCGGCTAAGAATCAT,13618
AACCGGTATTCAAGAC,13609
TGCCTATTGATTTCGT,13609
TTTTTAAAGCTCGGAT,13604
AAAAAAACTTGGGCAT,13600
AACCGATTTAGGTCAT,13589
GTCGCACGAAATAAGA,13586
AACTAAGTTATCACCT,13575
AATTCTTAATTCAAAA,13546
AAACGATTTCATAATA,13540
CTCCGGAGCCGAATAA,13537
CACCTAATCGCTGTCC,13532
GACCCAAAATCCATTC,13513
ACGACCGATAAAACGA,13491
GAATATCCAATGAAGA,13465
GATCACTGCGAAAGTG,13460
TGATGTCTACAAACAA,13450
CTAATAGTTTACAAGT,13449
AAGCGCGACCGCACCC,13435
ATGGATATTTAAGACT,13430
ACCGTTTATGTGGTTT,13419
GCGAAGGCAAACTTAA,13416
AGCAGGCCTACGGATG,13410
TGGATTACCAGTACAG,13403
AATTCGAAAAGATACA,13402
GGTTAATATATCATCC,13385
GATACGACCATAATCA,13383
AAAACAAAAAAAAACA,13372
GACGCAATTGGGCAAG,13359
AAGTCATACATATCAC,13350
AATCCGATGCAACTCT,13349
ATATAAATTAACTACA,13346
GACGTCATGACCACGT,13334
TCATAATAAGCAACAA,13334
CGCAAATCAATTATTT,13320
CACTTTGGTACTAAAT,13307
CGACATGTACGCTATG,13298
CTGGCTGTAGACCCGT,13288
CATAAACACCCCGAAT,13255
TAATACTTTGGATAGT,13254
CTCTCCCCAAAAGAAA,13251
ACAACTACGTTCGTTT,13249
ATGTAAATTGGAGTAT,13241
GACTAACACGCACTCT,13238
AGATGACCGATCTAAC,13187
ACAGGACCTAAAAGAA,13186
ACGAGTGGAATCCCAA,13185
CGAAGCCAACGCCTAG,13161
ATAGCCAAACATGTTT,13156
ATAGAATAACTAACCG,13141
GGTTTCTATGGGTACA,13138
CACCACAAGGTAATGT,13114
CCAAATGTTTTAACGA,13114
CTGAACATGTATGAGC,13101
ATTGATTATGATTAAA,13091
GTATACCAACTGGCAC,13087
ATCAACTTTCAGTTAG,13085
ACGTCCCTGGTCGAAT,13082
GAGCGAATTTTCGAAT,13075
GAGGTTCCAGTTTCAG,13072
ACCATATGATCGTTAT,13070
CAAACCACATCAGTCC,13049
CGCCGAGACGTAGTTT,13049
AGAGCGGAGAGTGCTA,13044
TTGGTCCTATTACCGC,13043
TAACCACAACAAGGTT,13041
AGTTGTACTGCCAAAT,13034
TGTCTAGCGTAATAAC,13032
AATATCAGAGAAACTA,13028
GTTATTAACAAATGAA,13028
GATAAGATTCCCAACC,12992
CATCAAGGAAAATTTT,12980
GAAACTTCAAAAATAA,12979
AGTTCGTGACGTACAT,12972
TCCTACCGGGATTGCT,12971
TAGGGAAGATAACCGT,12969
GAACGAAAGTATAATA,12967
TCAAGAGAATTCCCTT,12965
AAATGAAGGCCAGCTC,12962
TCATATTATGTTATCT,12957
TCATAGACCCCTGATT,12945
AAATTTGTAGTAAACA,12941
GCGGTCACCCACATAA,12940
ATCCTCTATATCCTTG,12938
GATGCTTGAAATCTCT,12933
AGGGCTCAGAAAAAAA,12918
GCACTGGTTTTAGCAA,12910
GGAGATTTATTCCTAG,12905
ATGTGTAAGTTGAAGC,12902
TATAATTTTGCTGGAA,12899
CGGCACAAATAATACT,12881
AAACTGCTTTGGTGTC,12873
GGGTGAACAAATGTAA,12869
ATCGCTACGTCGAATA,12824
TAGATGTCCAATCCCA,12823
GTGCCCCTCTCTCACC,12812
AACCGTGAAACGGCCA,12805
AACAATTATAGCGAAT,12782
CGTTTTATACAACAGG,12777
CATCCGAAGCCTAATC,12770
ACAAAAAATCTGATGG,12760
CCGAACGTGAAATCTC,12757
AATACCAGAACTAAAG,12751
ATACAATTACCTGTAG,12743
TAAGGGAGAGGTAAGC,12742
ATGCAAGAATTATTCA,12723
CAAAGCTTTAATGGTT,12723
CATATAATGACTAGCT,12721
GATCTCCGAAAATTCT,12719
GAGGATTAAATTATCA,12717
AGAGTTTGACATTACT,12704
TACCTTTTAAATCATT,12690
GCTTACCAAGGTGAAA,12688
ACGTGTGATACAAAGC,12669
AAGTGCAGCTGAAACC,12666
CCACCCTGACGCCGGT,12650
CAACAGGCTAGAACAC,12644
GAAATACAACATAATA,12639
TAATCCCATAGCCGTC,12635
AAGAGCGGATTTCGTA,12626
CTCGTGGACCCTGAAA,12623
CTCCTTTTATGATTGC,12620
TGATTGACTCGTGGAG,12612
AACCCGACAACTTACT,12597
CGTTATCCGCTCCAGT,12589
TTGTACTTAAATTCTG,12589
GCAGTATCATTTTTAG,12587
ACACGACTAAAAATAA,12586
TACCAACCAAAATTAC,12571
TGCTCAAGGTCCTAAC,12571
CATAAACATGATTATT,12546
TGAACTCATACCAAAT,12545
AAAGATTCCACCCAGC,12523
TAGTTCAACATAGCAC,12519
AAAATAAGAAATAGAT,12518
AAATTAAACTACTGAG,12509
AATAACCTGACTGTAG,12507
ACGATCAATGCACACA,12503
CATCCTACGTTTAAAA,12492
GAAGTATCTGATTGGG,12491
TGCCCCCGCTAACGTT,12481
AGTTTCAATATAACAA,12474
CCATAACTCTTAAAAT,12472
AAGCAGCCTGACTAGT,12467
TGTGAGATTCCCTCCC,12458
TAGACTTTTAACCGTG,12451
TCGTCTGTGCGAGTAC,12445
CGGTTAGATCCCCCAG,12439
AAGCTTGAAATCTCCG,12438
TAGTTATACACACAAG,12438
GGGTGCTCGATCAGGT,12425
GCAACGGGAAATACAG,12424
GAACTAATGTAATCGA,12420
TGCTACATCTCTACAA,12420
TGAAAGTTAACCGTAT,12410
GTATGCGAAAATTAGT,12406
CAGACTGAGAAGTTGA,12405
TCCTATTAGCGCGAGG,12403
TAATACTAGGGCCATC,12389
CAACACATAATAACGT,12383
CTAACAGCCCCAAGCA,12378
ATACGGAACCTAAGAA,12375
GACTTTCGAATTGCCC,12361
TGCAGGCCACTTCAAA,12353
TGCCAGAGCATAACTA,12335
ATCAAAACTTGGGTAG,12324
CTAGACATTTTAAAAA,12311
CCCTAAAGTAACCGGA,12305
CCAGTCCTACAATCAG,12283
AATGGCTTAGTTCTCC,12275
GGCTTGCTTGGGCTTC,12271
GACCTTCATCCACGGC,12249
TCGAGACCGGCCCGAT,12246
GCCACGGTAACACCCA,12241
CTCACGCTTACCACCC,12240
GAGGACATACGATTAC,12230
TGCCCCATTAGTGTAC,12227
GTACCTCAGTTGTGTG,12226
CAACGCTTGACATATA,12225
GCCAATTAACACTGAA,12212
GGTGCATAAAGCTAAT,12211
CAGCCACGCATCCTGA,12210
CCTAGCAATATGTGCC,12205
CCCCAGATTTGCCATT,12189
TATGATTAACTAGACG,12181
TCTCCCAAGAGAACAA,12178
ATGATCTAGATACGAG,12173
ATGTGACCCGATGCCA,12173
TCCTAAAAACATGGAA,12172
TCGTAAAGGATAAACA,12169
CCGACTATCCTCCTAA,12168
GAATCTTAAAATCGTG,12156
ATACTTTTCTCGGATA,12154
TCTGATAATTACACCG,12143
TATAGAACAATCATAT,12134
ACACGGACACCTCAAC,12130
GATACAGTTGGGAACA,12129
CCCACTCCCCTCACGA,12121
ACGATCCAGGTTGTAC,12118
GAAAATCCCAAAACCG,12117
GTAGTTTAACACACTC,12116
ATCAGCGACCACACGG,12110
AGCAGGCGCTCTAACA,12102
AATACTGTGCTACATT,12101
ATTCGTACTTATAGGC,12084
AATGGTAACTATCAGC,12075
CAGCCAAATTCAAACT,12070
GAGATGTTCACAACAA,12068
ACACCTAAAATAAATT,12065
CATAGCACTGAGTAGT,12054
AAAGGCGTCACAACTA,12051
TAAATCTTAATATCCT,12049
TACAGGTATTACCTCG,12046
CACACAAACTTGTAAA,12044
AAAATACCAGTTCAAA,12032
ACCTAAATACATTAGG,12028
TTGAACAAAACGAAGC,12028
ACGCCGTAAGGACGTA,12025
CACACTCCCATTTGTT,12021
TTGTGCACACGTCAGC,12019
AACCTCTCCGAGCCAT,12001
ACTAGGACAAACCCAC,11998
CTTACAACAAACGGAC,11997
TAGATTCTAAAATGTG,11987
ATTCCAGAAGAAAGTA,11984
CACAACATGTCGTGGA,11983
AAATGTTCAAAAGGAC,11981
GAATGTAGACTTGATA,11974
GATTACACACAGCAGG,11973
CGAAGTTTGTTAAGGC,11968
GGATAGGAGCCATCAA,11967
AAACAGGACCATTTCT,11964
GCTTTCCGTCAACGTC,11964
CTATACAATCTTTGCA,11963
TTAATATCTGTCAAAG,11963
GCAAGATAAAGATCAA,11958
GATTTGAAGTAGATCG,11951
GAATATATTTTGTCAC,11949
TTCACTATATTCAAAT,11944
TGACATGCGGGCACAT,11922
GCAAGAAAAAGAATCT,11919
TTGCCCCAATAGTTAC,11912
TCTCAGGGCTAATATA,11910
CAGACAAGATCATACA,11909
CTCATGAGTAATGACG,11909
GATTAATTACCACTTA,11903
GACCAAATAATAGTCA,11901
GCAAATTGCAACAGAA,11900
CATAGACCTCAATGGT,11893
TCCACCTGCAACCTGC,11882
CGCACAAATCCTAGGA,11865
AAACAGGTATCCTGCT,11864
ACGATCAACCGCAAGC,11861
GACAACTTGATAAAAT,11861
CACCGACGAGCGGACT,11856
TGAAGAGATTCCGAAA,11852
ATACCTTGCAACAACC,11850
GATAGTTAGTGTGATC,11848
GATAATGATCCAATCC,11843
CAACAGTCTCTCATCA,11838
AGAGTGAGGCAAAGAC,11837
GATACAATCCAGTCCA,11837
GGCAATATAACAGCCC,11836
TCAGTGAATGTTTGAC,11831
ACATAACTTACGATGG,11830
ACACGGGCGTAAGATA,11829
GCATAGGTCCTACGAA,11827
ACCTCAGCTCTAAGAC,11825
TAGTTATCCATCGAAA,11824
GACCCAGTATCTAGTG,11823
ACACAGGTGGTGTTTC,11812
CCAATACTCTTAGGAT,11812
ATGTTGTAAAACACGG,11808
GGTAAAAAGTTAGTTA,11806
CCCCCGCAAAAAAACG,11804
TTGCGGAAAGCAGTAA,11804
CTTTCTTAACATTAAC,11800
ATAAGAGCTGTACAAG,11799
ACGAAAAGCATGAATG,11796
CTTGTTACTGTCTGCC,11793
TTTCGCAAACAACTTC,11792
ATTATGAGCTAACCAT,11790
AAATTTGTACGGCACA,11787
AGCACCTGACAGAATC,11786
TAAGAACAACAAAAAA,11778
GGGACTGCAAGCAGAG,11776
GTAAAGACCGCTAGTA,11774
ACTACCGCAAAAGAGG,11773
AAATTGATGATTAATC,11764
CTCCGGTGTGCACTGT,11761
TACTATCCTGCTCTCA,11761
AAACATAACAAACTAG,11754
CGGTTTGCACGAATTC,11747
CTTACATAGGGCATGA,11745
TCCCATAGTCGGTGGA,11739
ATCATCACAATCTCGC,11735
TTTACAAAATGTACAA,11728
GGCAATCTCTCCATCA,11726
AGAGGATGTATAAATA,11710
GCACAAAAACGTGTGA,11702
ATTCAATGGTTTTCAT,11700
TATCTCTTGAAATTAA,11697
CGTGCGTCAACAAACA,11684
GCCAAACCTTTCACAC,11674
TTACTGTCAGAATGTA,11669
CTGCCTTTAGACCTAA,11668
TAGTCAACAATATCAG,11665
CAAACTGCATTCGCAG,11664
CTTACAATAGAAACCA,11658
ACCTTCATACACTGTA,11655
CATAAATTCTTGTAGG,11648
CTTAATGCGGACAGCT,11648
GCGCTACGCGAGTGAA,11646
GGAAGGGGATTGTGCT,11626
GCAGCACTAGGTACGT,11620
ACGCGACTAAAGAGTT,11611
GTACTAACGACATTGG,11608
CATACGAGCCTAAAAC,11607
TGGAAAAAAAGCATAG,11606
GTTAAAGCGGTTCGTA,11604
GAAAATTGCACCTATA,11599
TAATTAACGGCAGACA,11595
CAGACGAAATTAACTG,11584
ATAATTAACACCTAAA,11581
GAAATAAAATTAATAA,11578
CAGCAACTAGACATCT,11563
TAAACAGTAACAACAA,11563
AATCAGCATGAGCACA,11560
ACCTTATGATTTCGCA,11558
CGTAAAGCATTTAAAC,11555
ACTGAATGCCCGAAAT,11549
CTATCCAAACATACAC,11548
AAACTGGACAATTCTA,11547
CATATGTAGCCTAATT,11543
GTACACACAAATTTTA,11543
ATTTCTCCTGTGATTA,11542
GTGACATAGCATGGTG,11524
GTCAAACAATCAACCC,11523
ACCGTCCCCATGCGTA,11517
CAAATAGAGATATCTC,11512
ATACACATTGTGCAGG,11510
ACTGAAAAAAATGAAT,11508
ATCACTCATTGACAGA,11503
GACTTACCACAACATA,11502
CAAGAAACAGTCTGTA,11495
CAAAACAAAGGACACC,11491
TAAACTCAAAAAATAC,11480
CAACGAAATAAAAACA,11471
AACATCACAAACTACG,11470
TAATCTGTATACCCAG,11467
AATTCATCCAGAAGAA,11465
GGAAAATCCACGAATC,11462
TCCCGACTTTGCTCAA,11462
TCCCATAAAGGGCAAT,11461
TTCACTTGATAAACCT,11461
GTAATCCTACCCGAAA,11454
CAACATACGGTGACAA,11446
CAATAACTCACAGCTC,11446
GCGCTGTACGATTTCA,11446
AAGTGGCCACCTCAGC,11441
TTACATCTTCACGACA,11437
GCTCTCGCTTAAAGAT,11434
AGAAAAAATGATCACC,11430
CAGCGCATATAACCAA,11430
CTACGGTCATTGAAAA,11425
CCCTACGAATGAAATA,11416
TTACCTAAAGCTGATA,11407
GGCGTAATTCCGATAC,11399
AACTCTGGGATAATAT,11392
GACACAGTATATGCAC,11382
AACGCATCAATTCAGA,11376
CAGTCGGCAATAAAAG,11375
TGTACAGTAGTCCCGT,11373
GAGGTGATCAAGTGAA,11352
AACGTGGGCTAGTTGA,11349
AAATCTGCAACCCGAC,11344
CGATCAACAAATATAG,11334
GGACGGATACATTCAC,11334
AGTACACTATGAGAAT,11333
AACAGCCTTGGACCTA,11328
AGTGTAGTAAGTCCGT,11327
CCAAACGCTAGAATCA,11327
ACACTCGGTAGATGCT,11320
TCAGAAACGAATCCTT,11320
TGCTGCAACGTGGATA,11309
GGTATATCTTATAATC,11306
CTGGTAACTACAACAA,11304
GATCCTAGAAAATTAT,11296
ATCAGTCTGCTAGTGA,11281
CCCTTCCCGTTCCTCT,11272
CCCCTTAAAAATAACA,11269
AAATTCGTCTGCGATA,11268
CAGGTCCAAATCTCGC,11267
GGAAGAATAATTAATA,11256
TCTGTCTCGTTCTCGC,11256
AGAACCGAATTTTGAG,11253
TCAGAAAAGTGACAAA,11253
GCAGCCCTCCATCGAA,11251
CCCACATTTGGACCTC,11248
AAAGCAATATCGCCTG,11246
TAAGAACTCGCCGATG,11236
ATGCCGCATGTCTACA,11227
GGAACCCATACGAAGC,11211
AACATAATACTGGACA,11207
ACTCCATAGACGGGAA,11207
TCAAGAAGTCCGAGAA,11207
GCACATAGTTCCCTGA,11195
ATCACGTTACGCACAA,11193
CAACCTGAGCAAAGAG,11186
GCCCTAAATACATCTC,11185
AAACCTCCAAAACAGC,11183
AAAGAGAGGAAAAAAC,11182
TGGTGGACATCTCAGT,11180
TTACATGACACTTTGT,11173
GCACAGAGCCCGTTAC,11163
GTAAACAACGACTATC,11156
CAAGATAACAACTAAT,11151
TTAGCGGGGAAACACC,11146
ATATTCTCATTCAACT,11137
ATTCTGTACTGACAAA,11136
CAGTACAAAAACACGC,11136
AATCAATTTCCAACCG,11131
ACAAAATTGAAAATCG,11131
AAATACAACTAAAAGA,11127
GATCTTGTCGACAAAT,11126
TCAGATAAGGGGGTCA,11125
GCAGATTACACCAAAG,11124
AAAAACCACATCAATA,11117
GTTTATTATATAATGC,11112
ACAATATATGTATATC,11111
TAAAATTCGCCAAAGA,11110
ACACGTGACTCATAAA,11107
GCGAATCCGACATATG,11103
CAATATTCAATCAGTA,11094
AAAGTTTATTAACAAT,11092
AGAACCTTGTATAGGT,11090
CATTAGCAACTTAGCA,11089
AATATAATAGCAAACT,11087
ACTTAAATGGACTGAT,11086
GTGTGTTGGCATAGCA,11086
AGAAAATAAGTGGCCT,11075
CGTACTGAACTAAAAA,11071
GGTTCCTAAATCAGAC,11063
CGGTTCTTAAAATGCC,11062
TACAAGAACGGATGAC,11061
ATAACTTAGAAATTTA,11051
TGAGGGAAGGACAAAG,11043
AAAGCAGCTTATAAGA,11038
ACGAATTCGAGTTAAG,11038
TGGCTTACTAATATAC,11033
GTCCTAATTTACTCGT,11027
GAGACACAAATATCCA,11020
TCCACAAGGTTGGACT,11012
GTCCTAAGGAAAACAA,11008
TTCGATATCCACGTCA,11007
GGTCTTGTCCAGCCCC,11003
AAAGGTACTGCAAAAG,10998
GTCCTGCATAGCACCG,10995
TATGAGTAAAGCATGA,10994
ATGGTATGACCAGCAT,10992
AATGACTGAACTAGAC,10987
AAGGATCAAAAAATAA,10981
ATAAGAGTAATCAAGC,10980
CTACTTGAATCGCATC,10975
GTGCGTAAGGCATAAG,10963
GATTGCACAACTTAAT,10954
AAAGTGCCGTACCAAG,10951
GAAGCCTTATAGACGC,10951
CATCAGGCATCAGAAA,10948
AATTTGATTTTCAGCT,10944
CACTTAGAAGTAAGTA,10939
ACTTGGATGACTGAAC,10938
CTTCTAAAACAAAGTC,10937
TCGAGTACCAGCTAAT,10937
CATACTGACTAACCAC,10936
AAAAACAGAGCACTGA,10931
GCTATACAGTTTATGG,10928
TCGTCCACATCGCCAG,10924
AATCATATCCAACCAG,10918
GACCGTAGAGATCTCT,10916
TGTGTGCAACGTATGT,10915
ATAGCGAAAAGGATGT,10914
GCGAGTGCTCCATATA,10909
ATACACGGGCATATAA,10902
GCAGCTCAAATACATA,10901
GCCACTGACTAACGAG,10901
CGAGATGTTAACTTAG,10899
ACAATAATCAAGATAG,10893
CACATTTGATCACCTC,10893
TCACCGATAAATCAGA,10893
ATAGCTGAAATTCTTT,10888
GGGCTTTTGCAAAGTA,10881
TTCACACAGCATAGTA,10877
AGCCATGAGCAAAAAC,10869
CGATGGGTAGGCAACC,10867
CTAACAGCTACCCAAA,10866
ATCTAGATGGCATTCC,10860
CTGGGATATGAGGGCA,10852
ACTTATGCTTAAACTC,10851
TAAAATCTATCTCCGT,10851
GCCCAATCATCGGATG,10834
TCCATATCCAAACATA,10834
AAGATAATGCCTACAA,10831
CTTTTGTCTTGTTGTC,10827
CGGGAGCCTAACATAA,10819
CTTGAGAATAATGCGC,10819
GCAGTGTTCCAAAAAT,10816
ATCGAAACAACACAAT,10803
AACCTATTTTACATCA,10799
GTCAACTGCAGAGAAA,10788
AATGTCCAGGACTGAC,10785
AAAACTTGAAGACAAG,10781
CAATTAAGATAAACAG,10781
TCACTGACGGCTTTTA,10776
ATAACTACGATTACCA,10767
CATCAATCCATGAGTA,10766
ATATTACCAGGCTTCA,10763
TATCGAAGGAGATCAC,10757
AAAGAAGTACGGAGAC,10751
ACTACGAACCTTGTAA,10750
TAGAAGACAAAATCGA,10747
TTAACGATTTGACGGC,10747
ATAGACGTCGCTATTC,10744
AGACAAGACCAAGTCC,10740
AGACGTGAAAGCCGCC,10739
AGATAATTCCCGATCC,10737
CGTGTCACTAGATAAT,10737
CCTTATCAAGCCTAGG,10735
CCTCTTAACGCCATTA,10734
TTGCTCATGTAGGCAA,10729
AAATATTACGATGCAG,10725
TACGACGAGATGAGTA,10720
GAGTATACATGGTTAC,10719
AATTACCTTATCCAAC,10718
GTCCACGGCTTCAGGC,10712
CAACCAGGCCCAGATG,10710
AACCGAGGCGCACATA,10704
ACCTAATTGGAGCAAG,10698
AGCCGTACGATTTCAC,10698
TCAATTTACCAAAAAT,10696
CCATCACCTACCCGAG,10695
CAGGGACGATACCCAC,10686
AATAACTAGTTGACAG,10681
GATTGATATAGCCCAA,10679
CTAATTCTAACCTAAA,10677
GTACAGACCAGCTGTC,10668
CTGTGAAAAGGCAGAT,10667
TCCTGATCTATCGGTG,10666
ACCACAATGAGTCAAG,10662
ACTAAATTGCTCACGA,10658
AAACCTCTGACCAACC,10650
GACACCAAACCTGTTG,10649
GTTAATCTATAAATTC,10640
TTCCAACCTAAAGCCA,10639
TCATATAGCCGTAGTC,10636
TGAATACGATGTAACA,10632
AACTAGCTGCCCAATG,10628
AACCACGTAAACTCAC,10623
CACTGGAGCGAGAAAT,10616
AAACGCCGCTCTAGGT,10612
TATACAGGTCTGACCC,10610
CCTCAACCCAATAATG,10602
GGGTTCTGAAACAAAA,10599
TTGGATACACAGGCAA,10598
TGTTAAAATCGTTCCT,10589
GGCAACTATCAACACC,10586
ACTAATGCAGTCCATT,10585
GATGAGTGTGCCCTAA,10585
GATGTTGGTGAACAAT,10584
GTCGTAAAAATGACCA,10581
TTTAGCGCGGCTATCT,10581
GGGACAAAATCTCGTT,10571
AATCAAACCAGGCAAC,10563
GTAATGTGCTAATCAT,10561
CTCTGGAAACGTCATA,10558
GTTAAGCTTAAAGAAC,10558
ATAAGCGGTCCCAGAA,10556
AAAGAATATAGAGCTT,10551
CAAGACAAGAAAACTG,10546
ACGGAGATATTTCCAC,10520
GAACATGTGAACTGTT,10515
TTAACTTACTAATCGG,10507
TGCCGGGGAACGAAAA,10506
AAATAATACTGGAGCC,10504
GGCCATTCTCACAAAC,10504
CATGATAACCTAACCT,10501
TCTTAGGACTACCAAA,10499
CCTTATGTCAGTACTC,10493
TCACAAAGATTCGTAA,10491
GTTTTGATGCGACCTG,10490
AATGATTAGAAACTTG,10483
TGAAAGGCTATCTAAC,10477
AGCATGAACCCGCTAA,10473
GTAGACCGCTACTAAC,10466
TTAAACAAGCTACACA,10466
TCTGGAACCATGAAAT,10465
GGATTATGCACATAAA,10463
ACATTTATATGATCCG,10462
GACCAACCTGCTTTTG,10462
AAAACGGTACAACGAG,10455
ACGTCAACCAGCCTAA,10454
TTTACCCTTCCTACTG,10445
CCCGTTGCCCTCGCTT,10444
GAACCCCTTGTATGGG,10443
CCTTATTCATTAGGGA,10442
AGGGACTACAGAATAA,10440
ACAACATTTCCCCCAT,10437
TCAGTAACTAGATCTG,10432
CCATAGACTCTGATTG,10431
TACAAATTGCCTAACC,10428
ACCAATGCTGGATCAA,10427
GCTTGCTTAAATTAAG,10420
AAAAACCATAGTGGAA,10418
AAGATACATCCAGACC,10416
CAGACTAAATCACAAC,10416
GGGCTTTTTCTTTCTG,10402
GTAATGAACGCAGTTG,10401
ATGACAATTTCTATTA,10400
AATCTATAACATGAAA,10398
AGTAATATCAAAAACA,10396
CTCGCTAACTAACTTC,10396
ATTTTAACAAATAGTC,10392
CATGAGGCGAAACAAG,10388
TAAATACCCTGGAATT,10387
AAAGCACCGGTCACGT,10386
CTAGAGCACGAGCTCG,10384
CTCCCAACAACCACAT,10384
ACAGCATACAAAAGCT,10383
GCACGACGTATGATGA,10381
GAATTACACTGAAGAA,10377
CCTACTGTAAAAAAAG,10360
CCTCAGGAAAAAAAAC,10352
CAAAAACGATTAAGGG,10349
AAGCCAAAAATCAATC,10346
CGTATCTAGGATTACC,10341
CGCGGCAAGTACATCT,10335
GGGTTCTCAAGGTCTG,10331
AAGTATACAGACATAA,10328
AGAGTACCAATATCAA,10327
AATAAGGACGAAATGC,10326
GGACTGATGCAAATAA,10322
CGTGTTTGTGCCCAGT,10319
GAAAAGCCAAGAAATC,10319
AATGTGGTCTTTAGTT,10317
TATCGCTGGAACATGT,10316
CCGGCGGTTTGTTAGA,10313
GAGCGAAATCGATCTA,10313
CGAACAAACTCATGTA,10302
CTAATCTCAGAATATA,10301
GGTGCTAGTCGCAGTC,10301
AAATGACCCGATCAAG,10298
ATCTAACTACACATTA,10296
CAAAGTATAAGTCTAT,10296
AAAGCTGTTAAAACCC,10290
ACGTACTGGACCTCTA,10284
GACAGAGCAAATGGAA,10283
GCGTTCACAAAGGATC,10283
CATGATACCACCCCCC,10280
ACACAACGGCGGTCCA,10278
CACAATTACATGTTAA,10277
TTATAGACGCACCTAG,10276
CACATAAAAGCAAGTT,10275
TAACGCGTAAAAACTC,10271
GATAGCTCACTAAACA,10267
GTTAGACCAACTAATC,10267
GCAGTGATGGTGATTA,10264
TTCATACACGAATTCG,10261
TAGCAATGTTCTGTAT,10260
AACCGAAAGAGTTTAA,10256
TAAAGAGCTCTCGCAT,10253
GTGCTGGATCTGACAG,10251
GTTGTACATACCGACC,10245
AGAACAGCTTGACCCA,10241
GACTTGGCCGCACCAC,10240
AGCCTAACATATAGTG,10238
AGCAGCAAAGATATTG,10232
TGCGGCCATTCCACAA,10230
CACAACGATTACCCCC,10228
GGACACACTCACTCAA,10219
TCTTTAGTTATCCCAA,10213
TAGGTATATTCCAGAA,10206
TGTGAATTGTTAAAAC,10205
CATCAACTAAAATAAT,10203
CTCTAAGTGGTACTGA,10199
AGAACTTAAACGGTAC,10196
TATAGTTACAAAAGCA,10196
AATGCCATCCGGTGTA,10194
AGCATGGTATAAAGGT,10194
AGATTTTACGAGAAAA,10191
TTCCAAAATGGCAGAT,10190
ATGAATACTTGCGACA,10189
CATCGAAAATATAATG,10188
ATGACTAATTGGCAAT,10183
GAATCACACCGATGCC,10183
AGTAAACATCAGCATG,10180
AGGTCCTACCTTGATA,10179
AGCTAGGATCAGTTTA,10178
CATAATGCAATAAATA,10177
CCGACAGAACCCAACA,10176
TGTCGGAGTTTAACAT,10172
TTTAACTCGGTATACA,10172
ATAATTCTGCATACGC,10165
AAATTCTCGGAGCACG,10164
CACTCAGAGTTTTATA,10158
CCATCGCCTAAATGAC,10151
TGGCATTTTCAATGAT,10151
CTCAGCCTGGCGGGGA,10142
TAGGCACAGTATGCCA,10139
TATTACCGGATACAGT,10138
CATTATCATAATAGAA,10137
ATGCACAAACCCCAAA,10134
ACGCCAACGGAGCGAA,10132
CCTCAGGATTCCCAGT,10126
AAGTCTCGCTTAGCAG,10114
GATATCTACACAAATT,10108
GGGATCAGGAAGCATA,10108
CTCGGAGATTGAATGG,10106
CCAGACTGAGTCCGGT,10104
TATCGACGATCGGATT,10103
CCTTGATACCACTGCT,10100
AGGAACCTCATATAAA,10098
GTATGGGCAGTCGGGA,10097
AATTGAAAAATTAAAC,10090
GCCCAAATCCGACAGT,10086
TGAGCGATGGGAGAAA,10085
CATCCAAAAATACACG,10084
CAATCGACTCTCACTC,10083
GCAGCCCGAAGGAATC,10082
TAATAAGAGAATTCTT,10081
AAAAACACAAACCACA,10080
ACATGAACTGAGCATA,10079
ATAGCACCACAGATAA,10078
TACTAAGTCTGGCTTA,10077
TTCTTTATGATATAGG,10076
AAACACATATTCGTTT,10074
AAGACACTCCATCAAA,10072
CTGGAACCGATCACCT,10056
CATACTACGTGCGGCA,10055
TGGCACGGAAACACAG,10053
CGAGTTTAGCGCAGGA,10052
ATGATATAGATAATTA,10050
GACAAACTGCGCACCC,10049
GCTAGAATCATGCGGT,10045
CCCTAGGAATGAAACT,10044
CATAATAAAATGGAAT,10043
AGTCGAAATGATGAGT,10038
TGGCAACCAAAGTAAA,10034
ACCTGTTACACCCTTA,10030
AATCGTATACCTTACT,10029
CAAGAACACAAAGTAT,10029
GATTGCCGATTCGGGA,10029
AATATTTAACCCCTAA,10025
ACTCTCCTCATTAAAC,10022
CGAAATGATTGCATGC,10017
AACAGTGCATCGTCCA,10015
AAATACAGATCAGGAA,10013
TCTTTGAGCACTACCC,10013
GCTACAAGCAAATTCA,10011
TCAAGGGTAACAAGCA,10011
AAACCTACCGATCTTA,10006
GCTAGCATGTAGGAAG,9978
AAAAACCCTGAACAAC,9977
TCATGACTCAAAAACA,9975
TATAACCAACTGACAT,9972
AGTATACCCCGCCTTA,9971
AACGGCGCTATGACAA,9969
TAACCCAAAGATTAAC,9966
ACTAGTTGAAAGATGA,9958
GTTAATTAAGTTCACA,9953
GAATAATACAATAACT,9951
TAATTTCTGGATGTAT,9951
AATTAGGTATCATGTA,9946
GAATGGATAGAGGTGT,9941
AGCAATAAATGGTAGC,9939
GCGGTAGTGCCAACGA,9939
GATCCTCCCGATACGA,9938
AACTCAAGTATTTATC,9937
TCTTGCAAATAAATAA,9937
TACACCTCATACTTAT,9933
TTACTCCACTAAAGAT,9932
TAATGCACGACTAACA,9930
ACAGGGACTGATCAGA,9925
CGAGTCTACCGCTGCA,9922
TGAGATAAGAACCAAA,9914
CTGAATCCGAACGACC,9913
GGTAGATAGAAGAGCG,9913
ATGGTTCTGGACTAAC,9911
CGCAGAAGTACAAATG,9903
ATAATAATTCAAATAC,9901
TAACGAAGAGGCGTAG,9898
CTAAACACAGAAAACC,9895
CATGCTATTTATCTAC,9891
TTAATTCAGAGTAGTA,9889
ACCCCTCGGAAGTCGC,9883
AAAGTCATATTGTACT,9872
TAACTAAGACCCATAG,9872
CTTCTACAACAATGCT,9870
ATAAAATTCTGCTAGT,9867
CCCTAGAATTCTCGCT,9867
GGGGCAATTAGTCTAG,9865
CTGCCAACACTCAAGT,9860
ATAATACGTAAATACA,9858
ATAGAACCTGGCCCAA,9856
GAAACAGTGCCTAACT,9855
ACCATTCAGTCCTAAA,9853
CCAGCCACCGGACGAA,9852
ACTGATATAAATAATG,9847
GGTAGAGAACGCTCGG,9847
CACCCTCTCTGGAGAT,9844
CAATGGATTAAAAGGC,9843
TTGATCTGTAGCGGAC,9834
CAACTTCTCAACACAT,9833
TCGATTGTCACACAAA,9833
TACCATTAAAAATCAC,9832
TATGTTGACACGGGCA,9829
TGAGCAATCAGACACT,9828
TCATTTGAATGGGGAA,9825
TTCACATAACCGGTTC,9820
AGATACGAGTTGCTGA,9811
GAATATTAACTGAATT,9811
TCTGTGAGTCAAAACA,9809
CTAAAGTTACGTCGGG,9805
AACCAATGTAACCCGG,9802
CAGTACAATAATTAAA,9799
CCAATGGTATAATACA,9790
TCTACCACTTCTTAGG,9789
AACTTACTTGTAGCAA,9788
AGACTTATTATGTTCC,9787
TATTGAAGGGCAGTGT,9786
AAAACCCCATTGACAC,9785
GAAATGGTGGATGCTT,9785
CGACTGTATATCTAGT,9783
GACAGTTAAACAGAAG,9778
TTAAACTTTCTAACCA,9778
AGATACTAATTATTTA,9775
AGCAAAAATTTGGCCC,9773
ATGCTGTACAATTAGG,9768
AACTCGGATAACCATT,9764
AAATCGATGGTAAATA,9762
GCAAAAGACATAGAAA,9762
ATAGTTGCTGAAAAAA,9759
AGATTTTAAAGGGCCC,9755
TGGCAGTCCCTCGATA,9755
AGTGAATGACGTTGGA,9753
CAGCCAGACGATTTGT,9753
AATGCATCTGACTTCA,9750
CATTGTCGCATCCAAG,9748
GGACTCGTATAACATT,9743
GACTACGTGCATAGGA,9742
GACTTCAAAACAAATA,9736
AAAAAAGCACCAGCGG,9732
CTATCCCTTATAGAGT,9724
TCCAATAATCGCACAA,9721
AGTACAACAATACATG,9719
TCCCTAAAGAGCTCAA,9719
AACCGGAACAGTCGAC,9715
ATAACACGGCCAGTTG,9715
ACAGTGTTTAAGAAAA,9705
GTTTGAACCTGGGGTC,9703
AGCGCATTTGCGCAAC,9702
GTTAAATCTTCAATTA,9695
AGTGAGACGGTGAAAG,9694
AGTTATAAATTGGAAA,9694
ACTTTAATACTAGCAA,9691
AAGTAAGCTGGGTAAC,9684
CAACACCCGTAATACG,9684
ATTACATTTCAAAATC,9680
CCTTATCGGCAATGCC,9675
GCCTTAGCACTCGGAC,9673
ATAATAATAAAACTAC,9669
TTCAAAACGTAAAACC,9669
TAACTCATGCCTTGTG,9661
CAACCGTAACAAATAC,9660
TCTGTCAATCAAGAGA,9655
TAAAAGGAATTGAAGC,9651
ATGCTGTACCAAATCA,9649
GTAGAAAATAACAATC,9647
AATATACACAAGACAT,9646
ATTCCCAATTCTTACT,9646
AACACAAAAATGGCCC,9639
GCTTAAACGATACCAA,9638
TGGAAAACTACAACAA,9634
ATATGAAAACACCAGG,9631
ACCGAAGGGTATTGTC,9629
TTGTGTCCCATAGATA,9629
CCCTGCGGTCAGAACA,9620
AACTTAGACCCCTGCA,9608
TTATCCTTCAGGCGTC,9604
GACTTCGATGAACCTC,9600
AAACCATAATATTCTT,9599
AATAATCGAGACCTTC,9599
GGATGGAATCTGATCG,9596
TTTAGGTAAGTTGATA,9596
AACAAGATCTCCTCTA,9595
AAACTTTTTATCCTAA,9593
TAGTAACCCAAATTTT,9592
TTACTATTAATCCCCA,9591
GAGGATACTAATCCTT,9590
GTTTAGCTGGCATCAT,9589
AAAAAACATAAATTGT,9587
ATACCCCGAGTCCAAG,9587
GTGCAAATTACTAAAC,9584
ATGAGGCGACATCTGC,9579
ATTCTACCGTACAAAT,9575
TAATGCGCAAAGTTAC,9566
TTACCATTTCACGCAA,9564
AGACTAGACCGCACTG,9559
TACAGGAGTATGGGCA,9559
CAAACACCAAAATCTC,9552
CAGTTCATATTCTGAT,9551
ATATTGTGGCATCCAG,9542
AAAGTACGCATCAACA,9530
CCCGTCACTTTTCACG,9529
GAAGCCTCTAAGAATA,9526
TTTACAGAAAAATAAC,9523
AATAGTTCGGAGAAAA,9517
AAGCCATCTATTACCT,9514
GCAACCTCCAAATTTC,9512
AACAGTATACACAAAA,9510
GTCAATGCCAAAAACT,9509
TTCTTAGGATTAATAT,9507
CACCCCAGATAGAACC,9505
AACAAAGAAAACCACT,9500
TGCTGTAGTTTCTCAA,9499
AGAAAACTTCGAAGCT,9498
GACAAGTGAGGAGATG,9496
CAACAAGTATACACGA,9494
CAAGGAGAAGACAAAT,9492
AAATCGTGTACAAGAC,9491
TGCATCAAAATCACCT,9489
CTTGATGAGAGCTCGC,9478
TACCGTACCAGCTAAT,9467
TGATCCACGGAGGTAT,9467
GACATTTCATCGATAA,9466
AGCAGCGTAAAGTTAT,9462
TATGAAAATCCCCCAG,9462
ATGTTCCTATCTCTCA,9460
TTAGACATTAAAAAGC,9456
AAGGTATATAAGAGCA,9452
AACGCCTTTGAAAATG,9450
CGGAGCAATCGGGTAA,9442
TCAGAGACGTATATCA,9441
CACGGGTTACATCGAT,9436
CGGGAGCGTAGCCTTC,9436
TTGCCTTGCGCGCATC,9430
TGCTGAAACCTGCGTT,9427
CACTATACTCCCATGA,9424
GGCCAACAGCACAGAA,9421
GGGCAAGATGAATCGA,9421
TGAAATGGCAGCAGTA,9414
CTTTCTGCTTTGGTCA,9413
AATTGTAAGGCTCCAG,9412
TCGCCTGATTTAAGGA,9412
CGCTACCATCGTAAAG,9409
GATCCCGACAACGGAG,9409
CTTTGTCCCAGCTTGA,9405
GACTCAATAACTATTG,9403
GATACGGTGTGTCGTC,9400
TAGATAGCGAGCATGG,9397
GGACACTCTTGTCATT,9396
GTGGCAGAATAGTCCT,9395
GAGGGCTCTAACCAAT,9394
AACATTGTCCGAGGTT,9386
GACTAGTCAAACAAGA,9385
ACGTTAAAAATGGACA,9383
TAAAGAGGACTAGCCG,9383
ACACGTACAAGATTTT,9380
GGTCACGCTAACGCGC,9376
TGAAAAAGACTCAAAA,9375
TGCGATAACTTAGCCC,9368
GAACAACCCCGTGTAA,9363
AATCGCTATGCTGTAA,9362
TAAATCAAGTTTGGCG,9362
AACTTGGGTGCACAAC,9360
CACATAGTTTCAACAA,9360
AACAGAACTGGCCTCA,9358
AGTGTGTCAATTGGAG,9350
AAAGCCCAGGCTCCCA,9348
AGGAAGTCTAATACCA,9348
ATAAGCTGTCATCAAA,9342
ATCGGTGCTCTAAAAA,9340
AGGCGAGAAAATTAGA,9337
CGCAAAACATCTGGGA,9334
TGTCCGGACCTTAATA,9323
GCTTTATATTAATCCT,9316
CACCCGAGACTGAAAA,9313
ATGTGATATATAGCCA,9303
AAAAGCGCTAGAAGAG,9300
TGCAAATAAAATCCTA,9300
TCAATATACCATTTGA,9299
CCTAATAGATCACCCT,9297
CCACACGTTTCCAGTC,9292
TGCGCTGAAGCGTCAT,9292
TTTGCCGAACAGTAGA,9291
ACATATGTGAAATACA,9290
ATCCCGTAGACCCACT,9288
AACAACAAAACTATTG,9286
AGCATTGGAACAATAG,9284
TTCGCTACTTGTAAAA,9284
TGGTAAAAAAACCTTA,9283
TAAACTTGTCGAGACA,9280
CTACACACTTGCAGAA,9278
ATAATACTTAAAATAC,9277
AGCTGCTAGCTATGTC,9274
CTATCGCTCGGACACA,9273
TGTAGTCGATCTATTT,9272
AACCCACTGTTTAGAC,9271
ACAATACGAGCTGTTG,9270
TATCGTAATCTCAAAT,9267
GACGTAAACCCAGGCC,9266
ACCCATCCTTGTCACA,9262
TTATCCCAAAAAGTTT,9259
CCCGTAAAAATATACT,9257
AGACGTTTATATAACA,9255
TATGCATCCGTGTGAT,9255
AACCTCATAATCATCG,9253
AATGATCACAAACAGT,9252
AAATGTTGGGTATTCT,9250
CCACAAGACGATACAT,9238
TATAATGGTCAATAAG,9236
TAATCTTGTATCAACA,9234
GTGCCTCTTCCAACGC,9231
GGGACGACGCACTGGT,9228
AGTTTTTTAACAAACA,9225
ATGGAGACAGTCATTG,9222
AAACGCGTCTCAAAAT,9221
TCCCCTGAACCCTACA,9221
TACCCATGTACCTAAA,9220
TTCATTAAGCACATAC,9214
ATAGATTACCTGATAA,9212
GGGAGGGGATCAGCCA,9212
TTAAGACCCCCTAACA,9211
AATAATTCAGTTAGCC,9210
ACTGGTCAAGGCACCA,9210
TACAGCCTAGCCACCT,9208
CATGTAACACAATACC,9199
AAGATCGGTTATAGAG,9198
ACGTTACTCTTACCTA,9197
TATTGAATTTTTCGCC,9197
CTTTACAGCCTTCATG,9196
CATCAAACGGGCACGT,9193
TAGGCCAAGACAACGA,9193
GCTATTACAATGAAAG,9192
AACAAGTATCTCCCGC,9190
GCCCCTGAGCTCGCAC,9188
GGACTGCCTCGATTTT,9186
GACGTGTTCTCGTAAG,9181
AGCGTCTAGACTCGGA,9179
TTGTGATCAAAGCATA,9179
AGATCGGGGAATCGCG,9178
AGAAGTTATCAGCTGA,9172
AATGCGGGGATCAGAT,9171
GTAAACAGAATCGCCT,9171
AGAAATTAGTAAGGCA,9161
TTCGTTAGGTCAAATT,9161
CGCCTTTAGAGGGTAT,9159
ACCACGTGTAAACGCA,9154
ATTAGTGACATCGTTC,9153
TTCAGTAACGCAATGA,9150
CACCTCTACCAAGCAT,9147
CGAACCGTTGACCCAA,9145
AATCTTAACATCGAAA,9139
AAATATTAGAATCTTA,9129
CTCTCAAGACTCCATC,9127
GTAGTAATGAGTGTTA,9124
TATGTTCCACCTTCGA,9124
ATGGATCAAGCATCTA,9118
ACTCCGATATTACATG,9112
AGTCCGTACACAACAC,9109
CCAGCAGATTGGGCCA,9107
TCGAGAACAAGACAAC,9103
AAGTAGGTGTCTAATG,9102
ACGAATCAAGCCTCAT,9099
TCAGAAATAATGTCGA,9099
CCCCTATACAGAAACA,9098
GCAGCATTGAAAAAAA,9086
GTGTCAGGAAAACGCA,9084
AGCACCCAGAGAATAC,9075
TAGTAGTTCCAAGCAC,9075
TTGTCCCCTAGCCCGT,9069
ACTTCCTACACAAATA,9068
GCCCACCGAGACCACC,9063
TCTAGCTACGCCCTAT,9061
CCCAACGCCACTAGAC,9059
TATAAGTAGAGAAGGC,9052
AGTGAGCAAAAAACTG,9050
AACATTGGCACGAAAA,9045
TTAACCAGTCAAACAC,9043
GGCTCGACGCCAAAGT,9041
TAAGAACTTTGCTTCT,9041
TTGGTGATAACTTACC,9039
TCTTTCTCCCTTTAGC,9036
ATATTGCTAGCGCAAA,9034
AGGCCAATGACCGCTA,9033
CCAACCAAACGGAATG,9027
GAATGAACAGCGAACT,9027
AAACGCACCATCGACA,9026
GAACACTACACAGTGC,9022
TGTCATCACAAAAATC,9021
CCGGTAAAATTAATAA,9019
TACTGCACTAAGCGAA,9013
TCAAAGGTTACACGCT,9013
CCCTGGGTTTCTGGAT,9012
GAGCATTGGCGATAAA,9007
GTAAGACTATGCAAAC,9006
CAGAATACTAGATTCT,8998
AATAGCGGAACTGAGT,8995
AGCATACCTATCTCAT,8995
GATGGTATTTAACTCG,8993
AAAATATAGCTACTCT,8990
ATACCTTGTGCCGGTA,8989
AACCTGAGTACATGCG,8987
GGATCGGATAAGAATG,8983
AAGGAAGTTGGTATCA,8980
TAGACTGCATATAACT,8980
GTCCGGCAATAATGGG,8979
ATGTACCAAATAATTT,8978
TATACAGAGGACAACG,8976
TCGCGCTCTATTCCCA,8975
AATTAGCATTAAACGC,8969
AATGCAATAACCCTGA,8963
TCTCGATATACAAAAG,8963
AGTAGAACCGTCACAG,8961
ATCTCCGCACTTCAAC,8956
ATCCAGTGCCAGCACA,8950
TCAGAGTCACCGTATC,8950
AGCAGATACCATTGTG,8949
AAGCTACCAGGAAAAA,8946
GCGTTAACCCTGTCAT,8941
GACCTATCACGATATT,8940
AATGACCCATCGATAT,8935
CTGAATTGCACATCCC,8932
TGACTGCTGCAAGAAT,8932
GAGAAAAACTAAACGA,8929
ATATCGAAGCGTCAAA,8926
TTTGATTGGAAATAGA,8926
AATTGCTATTCCCATC,8925
CTGCAGGAAATAGCAA,8925
GCAGATCTTTATTTAC,8924
CACTATAGAAGAGGAA,8920
GTGTTCCGCAATCAAA,8917
GATAGAACTAAACCTA,8908
CCACGTACTCTAATAG,8907
TACACACACAGTACTT,8907
AACCATGACCCCACTT,8903
GAATAGTAACCAAAAT,8903
ATTATGTCCAACATTT,8898
ACGCCTTGGTAATAAC,8897
TACCTTTATAGGATGC,8892
AAACAATCATCGCAGG,8891
CAGAATCCAACATAAG,8890
ATTTCTAGATTACAAT,8888
GTACCCAAGGCAAGTG,8888
AGTGGAATACTGAAAT,8885
AAATCTGACATCAAAG,8884
ACCCCTGTAAGCGGGT,8883
ACAATGAGTCTTAACT,8882
ACATAATCAAATACTA,8879
TGTGACAAATAGTATG,8877
CCATCGACCACATAAG,8875
GGGAATACTCACAGCC,8874
GTTTATCCAGTAAACC,8873
GAATTGTGGAATGAAT,8870
AAACACAAAGAACAGT,8869
TTTATTCAAGATCTTT,8868
CTAAGGCGAGTCCAAT,8867
GTGTTATAAAAAACAA,8867
ACAATGAGCTTTTATC,8866
TGAAATGCATGTCCAG,8866
AAAGGTCTCCACCAAC,8862
CATCCTAGTAAACAAC,8859
TTACCACTTTATGGGG,8859
TTGATCATCTAATACA,8858
ACTAACAATTAAACAT,8856
TAAGATAGTAAAGCCA,8853
TAGCGTTAGTGACTCT,8853
GTAAAACTCCAACCAT,8849
CACTCAATTGGATAGG,8848
AAGCGTCTAAAACGAA,8844
CGCATACGCTGCGAAC,8844
CATCATTGAGCGCATT,8842
TGATTTAGCCACTCAA,8839
AATACTCAGTACCGTA,8837
TCAGGGAATCTTACAC,8836
CTATACCCAGAGACCG,8828
CTCGACGCCATCCGAA,8828
GAAATAATACAACAGG,8827
AAACCAATACGTGTGA,8822
GAGTAGTATCGAAAGC,8822
AAAGTAAAAGATGGCA,8820
TTAGACTAAATGGAAG,8813
GTGCAAACAGGGTAAT,8807
TAGCCAACTGGGGCAG,8806
CATATGTCGTTCCATC,8805
GGGACGCAGTAGCCCG,8805
GCACGAAAACGGAAAG,8804
CAAACACACCGAGTTT,8803
GTAAACGGACATAAAA,8801
GTGAATTTCTCAGAAT,8801
GGACAACAAATCAAAG,8796
GGTACATGAGCAAGAA,8794
CCGTCATAAAAATAAA,8785
GTCATCAAAACAGTCC,8784
TAGGAGCTCACATTAT,8784
CATAATTATAACCACA,8781
CAAACATTTATACACT,8780
GCACGTGAGGAGTTTG,8779
CAAAATCACCAGATGT,8776
GACTACCTCGAACTCT,8775
GAGGTACCAAAGATGA,8775
CGATTGCCACCATCCC,8771
CATAAAAATATATCCA,8769
TGGAAAATCAGTTAAC,8767
GCGCTTAAAAAAGACG,8765
TCGTTCCAAACAGAAT,8765
AAGTCAAATTTACCGG,8762
CCTTGATGTACCAAAC,8759
AACGGAGAAATCAATA,8757
ACACGTGTATCATACT,8754
ATATAAGAACCCTAAA,8748
ATACCTTGCATACTTC,8743
CAAAGCCACGCCGGTC,8742
CCGGATGATGTGGTTC,8741
GGGCCTACTCGCACTA,8734
CATAACAGATTTCATG,8727
ATCGCGTAAACAAGGA,8726
CTGGTTTGTTCTGCCC,8726
GCCCATACCCACAGCC,8726
GACTCTCCAGCCGAGA,8725
CCAAGATAAGAAAAGA,8722
ATAGTATAGAGAGAAA,8716
TTTCTGCAAACGACTA,8715
TAATGTAGAGATGTCT,8712
TACCTCCTTTCTAAGA,8712
AAAAGAGGCCGTTGGA,8710
ATTGGTCACATTGTAA,8708
CTTCTTGTACCATAAC,8708
TGTCATAATGAAACTG,8708
ACGGAAATACTCAGTT,8705
ACTAGGCCTGTCCTCA,8690
CACCAGTGTTACACTT,8688
TTTGAGTCGGTTCAAG,8688
TGGCTAACCATTGAAC,8686
CTCCATTTGACGCCCG,8685
ACTCAATTTATGTAAT,8680
GACAGTCTGAACCAGC,8678
CACGCCTTGCGTGTAC,8676
AACCTTGAATAATACT,8673
ACATCCCCTTTTTCAG,8670
AAGACAGTAGACAAAG,8669
CTGAACAGAGATTACA,8669
ATTTATCAACTGACAC,8667
CCATTCTCACATGCAT,8667
GGAAATATCGGAAACT,8667
ACATGCATCATTATAG,8666
TGGACAATTTTAATAG,8666
CGACAAAAAGCCTATT,8664
AAAGACCTACCATACT,8663
GAAGCAAAAACCCGCC,8663
ACCTTTAGATATTTAA,8660
GTAAATACAATCCCCA,8660
AGGAACTGTCAGTCCA,8657
AAGATGTAGGATATAT,8654
ACAAGGCAGATCTTTT,8654
AGAACGCGGCCCAAAC,8650
AGTACAGTGGATACGA,8649
TACCATAATGAAGTTG,8649
TTACTAAAAATTAAGT,8641
AATAACGGTGGCGCTT,8636
ACAGACATGTGCTTAA,8634
AAGCGAATACCAAACC,8632
TCAGTGGCATGATCAA,8631
ACCGCTTAGCGATATC,8627
AATAAAACTGGCCGAT,8626
CGCAGCGCCCACTTTC,8623
CCTATAAGACTTACAC,8621
CGAACGATGATAAAGT,8619
ATACGAAAACTATAAG,8616
AAGCTCAAAAATACAG,8615
CCTGTGCGTGATTGAT,8613
TAATGACTGTTTAAAG,8611
CCCTGACATGAGAAAA,8609
AATTTTGAAATACATA,8608
TACGGTCCCCGTCACG,8607
CTAAGCACGTAACCCT,8606
CAAGTCAACGTTCATT,8605
GAATCTGCAAGCCCAA,8604
ATGCCGCCTCACCAAC,8603
TTAAAGTATTTTCTAA,8598
CTCAAGGTCAATAATC,8597
CCCCAGAATAGACACT,8595
CAGACTAAAACGGTAG,8594
TCCCTAAGGCTGAAAG,8589
CTATCTAAAAAAATCA,8588
AAGTGCTTGATGGAAC,8587
GCATTATAACAGTACT,8587
TAACAGCGGTGTCTAG,8587
TTTCGGATACCCGAGA,8581
GTCTAACACACACATA,8576
TGATCCAAAGACACCT,8575
ATTCTGACAGGGATTA,8573
AATTCGATACACCGAA,8571
CAAACCATCAACATAT,8569
AGGAATTTTTACAACA,8564
GAGAATCTAAAAGAGT,8562
CGCAATACGTCAATGT,8561
TGGCGAATAATTATAA,8557
CATTGCACATCAATCG,8556
GCCGCCCACAGTAACA,8553
ATGAGAACCTATTCGC,8551
AAATAGAGTAAAAGAA,8549
TAAACTAATGACTGCA,8549
GGGCTCCGTTTCCCGC,8548
CACGAGAGTAAACAAT,8547
AGTTCTAAAAAATAAG,8544
AGAATATAGCCTTAGA,8542
CGAGTAATTAATACAA,8541
CGTCCGTCAATTAACT,8538
ATTAAACTTAGCTTTC,8537
TTCTGCTGTATGCAGT,8534
GTCGTAATCAACAAAC,8532
ACTAGATGCACTAATT,8531
TCTGAAAATATGCTTA,8527
GACCACTGCAAGCTAT,8523
GGAGGACCCTCAAGTT,8521
AACTGTAAATTGACTC,8520
CAAATACATGCAGGCG,8518
GTCAATCTAATTGACA,8518
AGTAGCACAAACTTAA,8516
AAATTGAACAAGTCTT,8509
TACCGGTTCAAGGACT,8507
AGCCATCATTTGACTA,8505
AGTTAACCACACCTTG,8505
CAAGACGCCATAACAC,8502
AAGGTGCCCAAACTAC,8500
CTTGAAGCACAGTGTT,8500
GCGACCAAAGATGACT,8500
TACTGAAGAGTGACCT,8496
GATAGGTAATGATTTA,8495
GAAAAAACTCTCACAA,8493
TGTATTCATGGCTTCA,8491
CGCTGACGGATCATTC,8486
ACGAGAAAAACCTCAA,8483
TCAAACAAAATTAATG,8483
TTAGAAACATTACATC,8483
GCTGGGCTGATGTTTA,8481
AGTACGCGGATTTAAA,8478
TACTTTATAGCAAATA,8478
ACCTGAATATCTGACC,8476
CAATAACATCAAATAC,8476
AGTGTGAATGTTGCTG,8474
ATTCCATGAGATGCAT,8474
ATAAGTACTGAATAAA,8473
CAACATTAACGACGAT,8470
GTGTGCCCATCTAGTT,8465
ACCAAATGATATGAAT,8464
ACTTCCAAAGAACATC,8463
AAGTCACAGCCTAGCG,8461
ATATCATTATGTTTCA,8457
TTTTTTCGTTACCCCG,8457
AAGCGGTTGCAAAAAT,8454
ATTGATATGTGCTTGT,8453
ATAAGATCAAGTAAAA,8452
TGATGACTTCACGAAT,8452
TGATTATTGACAGTGA,8450
TAATCATGCCCTAACA,8446
AAAAGGCACATCTAGC,8443
AATCGATACCATGTAA,8443
AAATGGTTATTGTGAC,8440
TAAGCCAGCACTACGG,8440
ACCGTGACGCTCACCT,8438
AGCGATAAAAGAATTA,8437
AATAAGTTCACCCTGT,8433
CGTACACACTGTAAAA,8433
TAAAGCCAGTCTACTT,8433
ACAAAATTAAAATAAT,8430
GAAATATAAGGTGACA,8430
ACAAGACCGCAGACAT,8429
CACGACAATGGGTAAC,8426
AAAGAAGTATCTACGT,8425
TTAATGTTACGGTAAA,8425
ATCTTTTGATGAACAA,8424
AAGGTTGACTAACAAT,8423
GACAATAGATAGAAAG,8421
GCTATATAAAACCAGC,8413
AATCTGCGATGTTCCA,8410
TCCTGTCAAGATCAGA,8409
AGACGAGATCGGACCC,8407
CCAAGAATCTTTAACA,8407
GATTGCTACGGGTGGC,8407
TCTTACCAATCGAGAG,8405
GACGCTTGCAAATCGA,8404
AAAGTGAACCGAGTAC,8400
ATTTAAGCTATACAGA,8394
ATAGATACCCAACACG,8393
TCCTCCTATTTTTAAA,8393
TAGAGGCAATGGAATT,8392
ACCCTGCACATCGCTG,8391
AGGTAGAAAATGACAG,8390
GCTGACCTAGGTAAAC,8389
ACTATAAGTGGATACT,8384
TACGCACCTGAAAGTA,8381
GAAACCAACCGAACTA,8374
TGTATAGCTATCCATG,8374
GAAATTCACAATAGAA,8372
CCAACATCACTAGCAC,8370
CGTTTTTCTATATGAA,8366
AAAATAAGCAAGTAAT,8361
CTGGTTTGGCAGAAAC,8360
GCCCAGCATGTACTCG,8360
ATCCACCAGGCACATT,8357
GAAACACCATTCTAAA,8357
GATTACTCGACCAATA,8356
ACAAGACATGAACTCA,8354
AGCGGCAGAGTCTATT,8353
CATAAAGCCCCTACAG,8352
CCAGAAAAGCGAATTT,8351
ATTCTAAAACACAATC,8350
TAATCCGGTTCATCCA,8350
GGTGATTGTTCTATGA,8349
CTCCGTGAAGATCTCT,8340
CACGCTGCCAAGGCAG,8339
GTGATATAGTACTGAT,8338
CCCCGCGTCCAGCAAT,8337
GCAAATCTCTCAAACA,8334
CAGTAACGTAGGGTAC,8333
ACGAACTATTATACTG,8330
CCATTAGAACATAGCA,8330
AATCCAATATTAGAGG,8327
AACGAAGCATCAGTAT,8326
ACTTAACAGTTGTTGC,8326
GACATCGACAAAAGAA,8325
ATAATTATGTAGACAC,8322
CAACTTCGAAACGAAC,8322
TCTCGTAAGTACGGGT,8322
TGCAAATACTTAACGG,8316
ATAAGATCCTGCCCTA,8315
TACAACAGAAAACTAT,8313
GGACTTCACCGATGCA,8312
GCTCACCATATCCGAT,8311
AAGAACAACAGATACG,8310
CAAAATGGATCGGGCA,8308
TCGCAATTGTGACTCT,8306
GAGAACAACCAATTTC,8305
GGCCTAGACTAAATTA,8304
TCTAGTATACTAACTT,8303
AGGATTACTCCTATCT,8301
GTAAAAGTAGTTCAGC,8300
ACAATCGCACACGCAT,8297
TCAATCTTATCCGACA,8286
TACGAAACTTGAAAAG,8285
GAGAAAAACTCGACAA,8282
AACACTGTCAAAGTAC,8281
ACAGAACACGCTAACG,8279
ACTTGAAAGCTAAAAC,8278
ATATCAACTCTCAGTG,8277
CAGCTCAGCACCGCAC,8277
CCGTCTCTAGTAGTCA,8276
AAAGCGCCTATACCCT,8275
GCAATCCTGTTTAAAA,8275
GAACCGTCATTGTGTA,8274
AAATTCCAGACCTGAC,8268
TAGAGACTAATACTGA,8266
CCTTGAAAATTTGACA,8256
TATCCTGTCAGTAAGA,8255
CAACACAAGACACGAA,8253
CTTTAGGATACTATTC,8253
CAGAGCCATTTGGGGA,8251
ATATGATCGACAGAGT,8249
GAAAAGTACAAATCAA,8246
CCTGACTAGAACATAA,8245
TAGCGGAACAAGCCTT,8245
AAACCGCTATTCGCAA,8240
GAATAACCGTACAGGG,8239
AATGCTATTTAAGCCT,8231
GTAAAGGCACGATACT,8228
AGGCTAGATGTGAAAA,8224
AATATGAAGCCATCCT,8222
GCACTCTAACTGGCCA,8221
TGAACATCCAAAGACA,8217
ATATAATAGGTTACAA,8215
ATATTTGAAAACAATA,8214
CTCTTTACAGCAGACT,8213
GCATGAGCGGACCAAA,8211
GCTCGAAAAGCTCTAG,8211
TAAAATTAGAACATTC,8211
AAACGTACCAACGTCT,8209
GTAGTATTGTAATTAT,8207
ATTGACGAACCAAAAT,8203
GTACGTTCACTTATAA,8200
ATGCGAACCCAACCAA,8199
CGCCAAAGAGTTCCTG,8199
AAACTATATTGATTGC,8198
AACCATCTAAAAAACT,8198
TTGGCACGAAAAGATG,8197
TCCTAGTTGAAGTGAG,8192
CTAATCCATCCCAACA,8186
GACTAAGGCCACAATT,8184
AAAAAACCAATGAGAC,8182
TTTGCTTCGGTCTCTA,8182
GAAGATAAATTACAAA,8181
TCCCCTTTGGATACAC,8180
ATTAATATACCAGAAA,8179
TGGAGTGAACATGAAA,8179
GGTTTTATTATTAACA,8176
ATATTTCATTACCCTA,8175
CATAACGTAGTCTTAT,8175
GGTTACTTATGTTACC,8173
CCTGGAACACTTAGCG,8170
GGATAGCATCAAAATA,8169
AATTATAAGAGGGATT,8168
AATGCACCAACCGGGT,8163
AGACAACTACTACTCT,8158
AAAGTGGTGGCCGACG,8157
TCATCAATGATAACAT,8156
ATTTATCTAGCCCGCA,8155
TTCTTCCTCCCCTAAG,8150
GCAATACCGTAACGAA,8148
GCATACGGCAACGGCA,8142
TTGGCAATAAGTATAG,8138
CTGACGGCAAGTACAA,8137
ATTCTTAGAATGGCTA,8136
TATTCGTAGAATTGTC,8134
TGACATGCATCAGTAA,8134
CACCAGGAGAGCACTA,8133
GACATTCACTAGCAAA,8132
TTTAAGACTACAGAAT,8131
ATAACAGTAGTTTACA,8129
CATAATCATCGGTGGA,8129
CTGTCCGTACACTCAA,8129
CGTTAGTCACATTCAC,8127
GAGCCGAATTTGCGCA,8127
AAATACTTCGGGTCAC,8120
AAGCCGTCAACAGCAG,8118
GATTTAACAAGCTGCC,8118
ATACGTGGCTCTCTTT,8115
ACAAAAACTAGTGAAG,8114
ATCACGCCAACTAGAC,8113
GACATGTCTACGTGTT,8113
CACCCGTCGGACCCAG,8109
AGAAGCGCAGTACATC,8108
AACATTGATTGACCCG,8107
GCGCACGTCTGTCATT,8107
AAGCACTTTCCGGTTA,8103
ATGTATTGCATGGGAA,8098
GCTGTCATGCCGACAG,8098
GCCACTGATAATTCCC,8097
GGAGAACAAGCCATCA,8095
ACTCGAAGATATAACT,8092
CCATGGACTGAGATTC,8092
CATCGAGCTTGCGAAG,8091
TCTAACAGAAACATAT,8089
TGTGTAAAAGCTACAA,8086
GAATAGAGTACAGTCA,8081
TTAACCTGCGAATTAG,8078
GCAGACCAGGAATATC,8074
ACGGCCTAACTATAGA,8072
AGGACGAACAAGAAGT,8066
TCATACGCACTACTAC,8061
ATATCTCTGAGACGAG,8059
TTTATGCAAAAGAGCG,8059
GTAAAAGTCGGCAAGG,8058
GAATCCTGACAGTATA,8056
GTATATATATGCAAAC,8055
TTAGTACAACAAAGAG,8054
CTAAAGCAAATTTCAC,8053
GCAGGTTTGAAAGGCC,8053
CAGATCACCGCCGCTA,8052
AATGTTAGAATCAATG,8049
ACGGAGTCAATGCAGG,8047
AAGCCTAATCCCAATC,8046
CTACCATGGAGCTAAA,8046
TAACTACTAATCCAAC,8046
GGAAGCGTATCCCTAC,8045
GAATCTTTACCAATAT,8042
AGGTTAGGATAAGATG,8040
AGTCATCCTGTATGCC,8039
AAGTTAAACGTTTTGA,8037
GTGTCGAAAGTCGCAA,8037
CAGAAGACCACTGTAT,8034
ACTTAGAGCGAGTTCA,8031
CTGCGTAAATATATAA,8031
AATCTCACAGCTATAC,8029
TCAACCTAGATACCAC,8028
AACACGCATGATTATG,8027
TAGCATTTACATCGCT,8026
AATATAACCCCTTTCA,8022
GTAGTAGAATCACAAC,8021
TCCGGTTATATTTCTT,8021
ACCTCATCAAAAAAAG,8019
TCACCCTCGCATCTAT,8019
TGCGACCGAATATTGA,8018
TACAATAAGTCAGCTC,8017
ATGGTTGCAGAGCTAA,8015
AAAATAATGCTATAGC,8014
ACAATCAAAATGTATT,8014
ATCCGTAATACAGTAG,8014
CCTAGACTGCCGCCAA,8014
CGCGATTACTGAGTTA,8014
GAGCCCGAGGTGATCA,8012
GGAAGTTGAGGCGAAA,8012
ATTAACAATTATGGAT,8010
TCACCTCACCTCTGAC,8010
GCTCAACCCTAGCTAT,8009
TTCGTTGGACTATGAA,8008
TGTAAACTTAATATCT,8007
ACATCAGTACTAATCA,8005
ACAAGGGAGCATCAGA,8004
TCCAAGATTTCTAATC,7999
TCTCAAACCCATCGCC,7997
TTCACAAGTAAAATTA,7992
AAATGCGTGACACAAT,7991
GTAGGATCACTATCCT,7986
AAACGATCGGGTTGAA,7983
AGAAGACCCCTCACAA,7979
GTATAACGTCACAGAA,7979
CCGAGGATAAATTATA,7978
GACTATAGAGAAATAA,7976
ACGTTACGAGTGTATA,7974
CTATACCTCCGGTGTC,7974
AGAAACAAATATACCA,7973
CTCGACTTGGATTCGG,7968
ATTAGGCATTAATTGC,7966
CAATTGAAAATACCAT,7966
CACGAATATAAAATGA,7966
ATTAATAAACTTCTTT,7962
CTATTACTCAACGGTA,7960
GTATATCTAAAATAGG,7960
TGGATGCCTCGCACTT,7960
ATAGCCCAACGAATAT,7959
CAGCTCTCATTAAAAA,7959
CATCTAGTTTTCGGAA,7959
AACATCTGCAATAATG,7958
TACTGTTGCATAATGC,7958
CAACTTATTCAAGAAC,7957
TAATCCGCATGTAATA,7957
AACCCTATAGTTTCTT,7950
CGGTTCACTAAATTCA,7950
CCCGTGTGTCTCTGGT,7945
ATAAGGCTGAACTGTA,7944
TGGGACGTCTTAAAAA,7942
TCTAAGCGGTCATAGA,7937
TTCGATTCGCACTAAT,7937
TAGAGTGTATCTGAAA,7936
TGAATAAAAAACACCA,7936
GTGGAGTTTCATGCTC,7935
TAAAGCTTATAAAGCC,7935
TAACACTTCCTGAGGC,7934
AACGACCAACCTGTCC,7932
ACCCTATTGTGGCCGG,7932
TCCCGAACAATATCGA,7930
ATAAAGAAAGCTGACA,7927
ACGTATAGTTGCACTC,7921
CATCATGTTGTGTCAG,7918
CAATTGAATAGTCCAA,7917
ATACTGTTATAGCTAA,7916
TAAAGGAATACCTGTC,7912
AAAACATAAACCACTT,7911
CGATATGGTACCACTT,7911
CGTAACAGTCGAGTTG,7909
AACTCATTAAAGTTGA,7908
CATCATAACCTTTGCC,7905
AAACTAGAAGATATAG,7901
GTGAACGATCTTGGAA,7900
GCCAGTGTGAGTACTG,7899
AGCATCTAAGAGTCAC,7896
TGTAAAACTGGTTTCG,7895
ATATCGAATCAGTCAG,7894
TTCGAAGTCGCAGTTT,7894
CTTAATGCTACCTAGA,7893
TCTGAATACTCCTAAT,7892
TACCGCCAACCAAGGA,7891
ATCAAGTATGTCAAAA,7890
GCATGCCAAATAAGAG,7889
TACCTAATACGGATAC,7889
TGAGTACTCGCAAAGC,7889
ATCGAATAGAGCTAGC,7887
CAGACTCAAGAGGGAT,7882
CGTATAATTAACATGT,7880
AATGGCCATCAGATTT,7878
ATCTATCGCATCAATA,7877
CACTGTAGAGAGAGCC,7875
ATTATGAAACAGCTGT,7874
AAGCATGTAATTCATA,7872
AAGAAAGAAATCACAC,7871
ATGAGTAGAGCGAAGT,7871
CCATCCGCATTCTAGA,7869
CAGCAGGTATATACTT,7868
AATCCTTTACTCTCCC,7864
CATTTTTTGCTGCATG,7864
TGACGGCAAAATTAAA,7864
AAGCTAACCAGTACAT,7861
ATTCCGATAAGACCCC,7860
CTTTTACCTCTAACAT,7859
ACTTAAGCGGCTCGGA,7858
GTCCGCATAAAAGAAA,7858
TTCACCATACACAGAA,7858
AACACAAATAGTATTT,7857
CTAGTTCCAAGATTAT,7855
CAAGAAGTTAACGAAA,7854
ATCCCATAACCCTTTT,7851
TTGACGGGTTATTCCC,7850
CGACCATTCATTGGAA,7848
TACACAACGAATCAAC,7847
ATCAACCCGGATTTGA,7845
GTTGGAGAGACCCGAT,7845
TTACAGCGTCTCACCA,7839
AGACTGGATGTGCTAA,7838
CGATAAATACGCGGGG,7837
TATTACAAAAGGAAAA,7836
ATAGTACTCAAAATTT,7834
TGAAGACATATAGAAT,7833
AATGTTCAAAAAAATT,7828
GAGAGCTATACAGACT,7827
GCATCCTTAGCCCCAA,7826
GGCGTCATGACTTAAA,7826
TTTGGACACACCTCAA,7826
AAATGAAGGTACCAAT,7822
ACACTAATTTCCAATT,7822
GACATATCCTTCAGCA,7822
CTGCTTCTATCTAAAT,7819
TGGAAGCGTATAACAC,7817
TACTCCTTTTTACGTG,7814
CCAAAGCCCTCAGTTT,7810
ATTAACCCAGAAAAAA,7809
CTTAAAATGCCGAAAA,7809
ATGCATAAAAAGAAAA,7808
CGACGCAACAAAAAGA,7807
AATCTAATTATACCTG,7806
ACTAATAAGATAAAGG,7803
AAAAAAGATATAAATT,7797
AAACAATGTATAACTG,7792
CGGCCCCTCCAGTAAC,7792
TCTACACAACTGATGT,7791
GACCACAGTCGACAAA,7789
TCCCAATACCGTTACA,7788
TTCAGGTAACTCGAGA,7788
TTGACATTTACAATTC,7787
ACAGAGGAAAGAAACC,7786
GATCTTACAGGACAGA,7782
GTTAGAGTTAAGAGAA,7777
TTCGAGAGATATATTT,7776
GGATATTTTGGGGCTA,7775
AACACTATGCATTAAC,7774
ACATAATTCCACAACG,7774
TCAAAACAGCGTTAAA,7774
AACCGGTGTAACAACA,7773
ACATCTATGAATAGTC,7772
ACCCGCCAATCTGTGG,7772
TCGTTTGAGGTCGCGA,7772
ATGCTGCTGCGAGCAT,7771
GGACAGGAACACCCCC,7767
TACAAACAACTTTATC,7765
GAACACCAAGTCCTGA,7763
GAACCATAAGCCCTTG,7762
GCCACGACATACACAA,7761
GAGACGGTCTGCGCCA,7760
AGAAACACACACACAT,7757
TGTTACAGACAGTGAA,7757
CTTTATTAATAAATTC,7755
TTCGGAATCTCTGGGT,7755
GGATGAACATAAATAT,7753
GTCACGTAATACCTTA,7747
TGTATCAGCTGGTCAT,7742
ATATATGGGACCATGT,7739
ACTATATATTCCCCGT,7738
ACGCCGACAATGAAGA,7737
GACGACAGCTGCATCT,7737
TCAATGCACTAAATCG,7734
CACTCGGAATATAATG,7733
GGCGCCCGCTACAGCA,7729
CGTAGTTGGGAAACTC,7726
TATAGAGCCAATGAAG,7721
AAAACAAGCCGATCAG,7716
TCAGAGACATAAGTAC,7711
CAATATGCAAATACCT,7708
GAAACGATCGAAATGT,7706
GAATAAAGATATACGT,7705
GCGATGCCACGGAAAT,7701
AGCACGATAGTTACAG,7700
TCAGCTGAAAATGATT,7700
AAGCGGGCACCTCTAA,7698
CTACCGGTTACTAGCA,7698
TAAAAAATAATAAAAC,7698
GTGAAACACCCTTGCC,7693
TACCCAACTCTAAAAA,7691
ACACATCAGACAGTAA,7689
AAAAATTTGACATATA,7688
CCCCGTCCACAACAAA,7686
AATCATTCTAAGACAC,7685
CCAACTGGCGTGTGAA,7684
AACTCGCTCTTGCAGA,7683
GGCAACTGCAGATCCA,7680
ATAACAGGTGTACGTC,7679
ACGCCATATAACTATG,7678
ATTTCCTGTATGTACA,7677
GATACAGAAAACGCTA,7676
GAGCAGAGCACAAAAT,7674
TTCAAGCATAAGCCTG,7673
ACCACGATAGAGTAAC,7670
ACTCAATACACAGAAT,7670
AGATAATTAGATATTA,7667
ATACACCAAGTACATG,7667
TAAGAGGGACACGTAT,7665
ACGCCCAAAAACCGTT,7662
TTGCACCATAAGATCG,7660
AACGCTCAACAGTAGA,7659
GAACTATAAGAAAGGC,7659
TTAATGGAACTGAACC,7659
TTATTGAGGTCTTTAA,7659
AATACGATGCGAGACT,7657
ACGGCGACGAAATACT,7656
ATGCCGTTGTAAGCGT,7654
AAAGCATACTTGACAA,7653
ACATTCTGAAAAATCA,7653
ATCGAAGCAAGAAAGT,7653
GTATACGAAGGACTAA,7652
GTCACACCAGTTCCGA,7651
AATTTGAGGTGTATAG,7650
CACCAAGAACACAAAT,7645
GAAGTTTCAGTAGCCA,7640
TTGCCGAAATGATTAC,7639
ACAAACATTGAAAACG,7638
AGGCAAACATGTTTAA,7637
ATAGAGGCGCCTTAGA,7637
CGATCCCACGGAGAAC,7637
TCAGACTCGGATCGTG,7636
GTAATACACCACTATG,7635
TTTTACTTCTCAAGAC,7635
AGTCCGAACCCGGTTC,7628
CTAAAAGTTTAGGTAC,7627
CGAGGTTGATAAGGTA,7624
TTCACAGGATATCAAA,7624
CGTTAGTCTAATCTCT,7623
CCTCGCTGAAACACCT,7622
CTCATATCCCACAGCT,7622
ACCGCGCAACTGCTCC,7621
GCCACATCAGAGTTTA,7621
AATACCATCAAGTCCC,7620
CTGACGATTCAAACGT,7619
CGTACCATTACTTTTA,7614
GAGAGGAGCTGTGTAA,7614
GAATTAGATGTGACAG,7612
AACCGATTGACGGAAA,7606
CCCAACTCGCAGTTAT,7606
CCCGACGGAAAATACT,7604
CTTCGAAACTAATTCA,7603
TCATTTGCTCTTGCAG,7602
GACTGAGCTTTCGCCT,7601
TTGAAAAGAGGTATCT,7600
GACGGGAATTCCGTTA,7599
ATCACTGCTAAATTAC,7598
ATTCATCCAGTTTGCA,7598
TAATAACAGATTTCAT,7592
CCTTGTAACGTACCCG,7589
ACAAAACCATAATCAA,7585
TAATCTAAAGTTTAAA,7584
TAGCAAAAGAAGGGAA,7584
TTAACACCGCTGCGAA,7584
CTTTAGAATCGTACTT,7583
CTTGTATTAGTATCTT,7582
GATAATGAAGTCTAGC,7581
TGCATTACGAAGCAGA,7580
AAGCAGAATACTATTA,7579
CCGGCAGCTGAAGTAC,7579
GGGATCCACCGAACGT,7579
ATGGGGATTCAAATGG,7574
TAGTGCTTGCTGGAGA,7573
CAAAACATATTTAGGG,7572
CCACCCCCATTAAATT,7572
TAATTTACAGAATGTG,7572
GTAACCTAAATCCAAA,7570
TAGAACGTCAGTCAAG,7570
CAGACCGTGATGAGAG,7569
TGCCAGTTTAGTCCAT,7569
GATCCCGGAGATACTA,7565
ACCGCGGACTCAAATC,7564
CCACAATAGCAAAGAA,7563
GCGGACTATCAGGTGT,7563
GAGAACGTTAGACTTA,7562
GACCAACTATTTCCGC,7560
GGAAAACTGATAAACA,7558
TAACCCTTGGTGACAA,7558
ACCATGAAGTATAAGT,7557
ATAAGGTCGCGCACCT,7557
CAAAATAGCACTACGC,7557
TACTTCCTGATACCTA,7557
GAAGGCCCACAAACCC,7556
CACACATGCTAAACAC,7555
CAGTTTCCCAGGACAT,7555
TAAGCAATGGGGCCCG,7553
ATGCAAAAGCCCATAT,7552
TATCCCAAAGACTTAC,7552
TTAGGACCCGTGTCTA,7552
AAGAGCACTGGAACCC,7549
GTGAGTACGAGGGCCA,7547
AATTTTCGACTCATTC,7543
CCCTTTCCGTAAAGCA,7542
AACAGTTTAATCAGTC,7540
AGACCACAGAAGAGAC,7539
CCATCTAGCATACGAT,7537
CACCAGGACCAGCATA,7536
ATCAAAACTACCAGCA,7534
TAACTTGTCAGTCCGC,7532
CGAATTCAGCTGGTAG,7530
TATATTTTCTAACATT,7530
ATCCGGATCGTTAAAC,7529
CGAATACAATAAGTTG,7529
ACGCAGGCAAACAATC,7526
CTTTCTTAGAACCACT,7525
ATTCCAGACTAAAGTG,7523
CTTTCCATCCATATAT,7518
ACTGCGAAAAATTAAT,7517
CTACGTAGGACATGAA,7516
AAAAAGCACACTAAAT,7515
AATGCCCTACCTCACA,7515
ATAGCTAACTGCCCGC,7515
GAGGCAACTTAAATTT,7513
CCTCGTATATTAACAA,7509
TCACTAGAAGTTCGAA,7509
AAATTGAATAACGCAG,7507
ACTTTTACAAATGTAC,7505
AGCTCACCAGCTATGA,7505
CATCCCGCTACATACA,7502
TCATGATTAACAATCA,7499
TTTGAGCGGTTAGAAT,7499
ATGGTATCAAAATAGA,7498
CTACACTTCTAGAAAC,7496
ACCTCCCACGTCAATT,7495
GCTATATGGATCGATA,7493
AATACCAACAAGTCAC,7491
TTGCAACTCGACTATT,7490
AACTTGCGGTACCTAA,7485
GACACACGCTAAAATT,7485
TACGTACATTACCACG,7485
AGAATAGTAATTCAGG,7484
CCCGAACGATAAACAT,7484
CTGAGAATCGCCTGAA,7484
TGCGTATAAGACCTGG,7483
TGTGGCCTAGAAGTGA,7482
ACAGCAAGTCATTATT,7481
ATACTTAACAGGCAGT,7480
GGGTAATACAAGTTTT,7480
TCAAGATTCCATAAAT,7480
GGCATAGATTAAAGAT,7479
AATCAAAAGATTACTT,7478
AGAGTCCGTAGCACGA,7477
AACGCGCTGCACTCGT,7474
ACAACAGTGTGACTCT,7474
ACGATAACAGACGAAC,7474
ATTTATGTAAAACATT,7473
ATGATATCAAGACAAG,7470
GAAATTTCGGTTCATC,7469
ATATTATCGGCAGGTA,7468
GAATCTCCAAGAATAG,7468
TAAAAATAAGAAAGTG,7468
TCATCTCCATGAAAGA,7468
CCGGACAGTCTCAGTT,7467
AGTTAACCGCACACAG,7466
TGATAAATAGAATTTG,7466
AGCTGGGTTTCTGAGC,7465
ATCCGAGCACGAAAAA,7464
GTTAAAAAAGGTAAAA,7464
TCTTTCGAGATGAATT,7462
ACAATAGAAACCATAC,7457
CAAGTCTGAGTCGTCA,7456
ATCGAAACACCAGCAA,7455
AGTTGTAAGCAGAATC,7454
TGTTTATGTCAAGACA,7452
ATACAGTCAACCAGAA,7450
CGACTGAGAATCACTA,7447
TTCCTTCCCATTTCTA,7447
AGAATAGGCGTTAATT,7446
TCTAACAAATACACTC,7441
ACTTGAGGATCGAATG,7438
CCTAACTCTGCCAACG,7438
CTATTAAACATGGCCA,7428
GTTACGTTTATCTCAA,7427
TCGAATACCAATGAAG,7427
TAACCTATAAAAAGAC,7426
TATTATGCTGGCCCAA,7423
ATCAAATCCAGAAACT,7420
ATAAAAATAAATTATG,7418
CCTTCCAGAACCAACG,7418
ACTTGTGCAGTCCGAT,7416
AAGCACACATATAACT,7415
GAAAAATGATATACCA,7413
TACCCAAATTCTACCT,7413
TCGAATGTCTGGACTA,7413
TGATCGCAAGAAACAG,7413
ATAGGACTTGGGAAGC,7411
AATCGCACGATATATG,7410
GGATCCCATCTTCAAG,7410
AGGCGAACTGCTTATC,7409
GGCAGTGTCTCCCTGG,7409
CTTGTCGGATTACAAA,7407
TTATACAACGTAAGCA,7404
CAAATTCCGGCCATCA,7403
GTCAAAGCGTAGCCAG,7402
TACTCATAGGTTGAGT,7400
ACGTGCTATAACACCC,7399
TGTATCTTAAGACACC,7399
TTTCCAACGAAGGACA,7399
GCAATGAATCCGAAAC,7398
TGGCGACAACGTGCCA,7398
CCATCATGGCTTCTAA,7396
CACTCCAGTTGCCCTA,7394
GCTAATAATGATTGAA,7393
AAATAGGGAATAGATT,7392
ACCCACTCTCGTACCA,7390
ATATAGCACTCATCTT,7386
TTCTTGCCAATATTAT,7386
GTATTTATACCGACAC,7383
CCTAAGACCCACAAAA,7382
CGCGCAATTACCTGAT,7382
TTCCCCATAAACACAT,7381
ATCATCCGACAGAAAA,7380
TTACTACGTGAATCAT,7377
ACAGAACGTCGCTACA,7376
AAGCGAATGCAATCCC,7373
CCTACAGCGAGCGGGA,7373
AACCAAGTAAACACAG,7372
CGGAAATGCTCAGAAT,7372
CCCTTGGGGCGTTAGC,7371
CTAAGAAACTTCTTGT,7370
AGGACCACGCAACATT,7368
TAAGGTATAATGAAGA,7365
CGCCGACTGCGAAGGA,7362
GAATAAATCAGCATCT,7359
TATAACAGCTTTAACG,7358
AAACCGAAACACACAT,7356
AATGGTATTAAACATC,7354
TCGCAACAATGTAAAC,7353
CAATCGGGGATAACCG,7349
TCGCGATGATTGGTAG,7349
AACCTTCGCTAAGAAA,7348
ATCAGACAATATTGTA,7348
ATAAAAAACCTTCCAA,7346
GACAAGATGAGTGAGA,7346
AGTTACCAATGAGATA,7345
GGGCAATGCGTATGTT,7345
GCTCGTGGAAGCGTAC,7344
TCCACTGTAGCACCAG,7344
AGTAACGTTTATCAAA,7341
CGCATGTTGATATAAC,7341
TAATAGCGACATAATA,7341
ACACACCAGCGCACAA,7340
ACGCAGTGACCGAAAA,7337
CATCTATTTATTCTCA,7337
CATTATATCACTTCAA,7337
AGAGTCTAATTCCTAG,7336
CTCCGAGTGTAATCTA,7336
TAGTATAAGGGATAAG,7335
AGACTGCATCGAGCTA,7332
ATTCACTAACACTCAC,7328
GAAATGTAACGCTCAT,7326
AGCTCCTGATTGAACA,7324
TATGAACATCACAGTG,7324
TCGACTTGAGTCGAAT,7323
TGGGCCAACCGTCTCT,7321
TGCGTCATACACCGTG,7318
ACTCACAACAAAAAGA,7317
CCTGCTCCTCAAGCAC,7317
TGAGCAAGGGACTCAA,7317
GGTTCCAGACTCAATG,7316
GTGGCTAAACAAACCA,7316
TTAGATTAAGGAAATT,7315
AACACATTGCAAAGAT,7314
TATGAGAAGCTGCTCT,7314
GTGTTAGCCGGAGACT,7312
AACCCACTATGTTGCT,7310
CTGTCTACTCCCTATC,7310
CCGCTACATTGCCGAC,7309
ATGCCCCTTGTTAGAA,7308
CTGTGAAAGCGTCTTC,7307
CGTTCGAGGAAACCCG,7305
AATATACCCAATTTCA,7304
ACGTCTGAAGAAACCG,7304
TACCCTTGGACGCACT,7302
CAGAATTCTAGCATTA,7300
CGATCACCACACTATG,7300
TGGGTCAGGAAGCAGT,7300
CAATCATCAATACACC,7299
ATTTTGTGATGACCTA,7297
CCTGTCCGTTATAGAT,7297
GAGTCTAAAGCCTGTA,7296
CGATCATGAACTAATG,7294
GTTAGTTTATTCCTTC,7289
ATTATAAAAGGTATTG,7284
TCAAACAAATTTTCGT,7284
TTCCCACCACCAATCT,7280
GACGATATATGTTCGG,7278
GTAATCAAATCAAACG,7278
TAAGGGCTGATGGCGA,7277
TTAATTACACAGCGCG,7277
GAAATTTCAATATCAA,7276
TCCAGAAACGAATTCA,7275
GGTTAAATGAACTTCT,7274
GTGTACCAGACATACC,7274
TGTGCTCAAGGACCAA,7273
AAGAACCTAGCCGTTG,7272
GGAACTGCACCCCTAT,7272
ATTGGAAGTTCGAAGG,7270
AATGAATAGCCAAGAC,7268
GGTTTGAACCCATACA,7267
AAACCTCCCGTCACGG,7266
CACCCAACGCTCAGGT,7266
AACACACATCAAAGCC,7265
AGTACGAGTTATCGTG,7263
ATATAGGGCGTTTGGT,7262
CTTACGAGAGATATTA,7262
AAAAAGTAAAATTTCA,7256
AACCGTTAGACCGCAG,7256
CCACGATACCCACCCT,7253
TGAATTACTCAATTTC,7251
CTAAGAGTGCCTAAAT,7250
GTCCATCAATGATCCA,7250
AAAGTTTCGATATTGC,7249
ATTAAATTGGCGCAAT,7246
CCACCTTGCCTAGTAT,7245
AATCCACGTATAATGA,7244
CGAAACAAACTATCTC,7244
CCTATTCATGCCAGAG,7241
GTCGTTAAAATAATCG,7241
AAGCCAATATGGGTAT,7240
ACTAAGTGCAATGAAT,7240
CCTGTGACTCGCCTTG,7240
ATCTCTGTTATGCGCT,7238
AGACGGACGTCCAAGT,7237
GCTAATTTAACCCAAT,7236
CTTTAAAGACAATTAG,7233
AAGATCGGACCATACG,7232
AGACAAAACGAAAAGT,7231
ACCAAATTCTGATAAT,7229
ATGAGTAATACTTCAA,7229
AGTAATAATAGACATG,7228
GAAACGGTCCAAATCC,7225
AGTTACTAATCCAATT,7222
CTGTAAGTGCTAGATC,7222
CTCACACACCTAACGA,7221
ACTGAATGATTCTGGT,7219
TACAAATACTATTGAT,7219
AAGAAATGTACATAGG,7217
AGTTATAACCGAGGAT,7217
GCCACACTAAAGTCCA,7216
ATCGAACAAAGTAACC,7215
AACATCCAAGAACGGT,7214
CCCATGGGCAAGAAAT,7214
GAAGGCTGCTTGTCTT,7214
AAAAAAACCCTGTGTA,7213
AAGTGAATATACATAA,7213
AGAACAAGCCGCCAAT,7212
GTATGTATTAACTAAA,7209
TTAAAAAGGCAAACGC,7208
CGGAAACGGACTAGAT,7207
GATATCAGCCCACTGA,7207
TTTGAAATGTTCCCAC,7207
TTAAGATGATAAGTCT,7206
AGTTTCAACGACCCAA,7205
CGACTGAGGGAGAAAC,7204
TCAGGGAGGCATGAAA,7204
AACCAATTCACCAGTT,7203
CGCTTGACTTCCGCTA,7203
ATAAAGCTGTTGGAAA,7202
GAATGCTATAGAGGCT,7202
AAGGATACATACTCAA,7201
AATACTGTATGACGAA,7201
TGGCCACGTTATGTAA,7201
CCATAGAAACTCAAAT,7200
CGGCACGTAGAAACCA,7198
AAACAACAATGTAACT,7196
GAACACGCGTCAACAA,7195
ACTTTAAACCACGAAG,7193
TATGACCCATCGTTTC,7188
ACTAAATCCTATCTGG,7187
CAAAAGGATTTTCAAT,7186
ACACAGGGCAAACACA,7184
GTACACCGCCCGAATT,7184
ACTCATTATTCTCGAG,7180
CTTGAAAAATGGAAAC,7178
GAAAACAGCAACAAGC,7178
TAAACGCTTTATTAGC,7178
AGCTCGGATGAGAGTA,7175
ACCACATCACACTGGA,7174
CTTTCGTGATCAGCGG,7173
ACTCAAAGTACGATCG,7170
CATGACTGACTCACTA,7168
AAAAGTAAAAAAAAGC,7167
CCTCGCACAAGGAAGT,7166
CTTTTCCATGAAACTT,7166
TAGCATCTTCAAAAGG,7164
TGGACCGCTCAAAAAG,7164
AGAGTCAAAACATAAA,7160
AGCATAGTCCAACACA,7159
GAATTCCAACTTTACA,7159
TATAAATCGTATTGTC,7159
GCTAACACACACTGCA,7158
CAGTATGGCAAAAGTA,7156
ACAACAGCCGTTATTC,7155
TGGCAAAGCAAGAGAA,7155
GCATCCCCTATCTAGC,7154
AAGCTCTTTTTTGCAA,7153
ATCTCTGGGTCGAGAG,7152
ATTAACTAACTCAGAA,7152
TGATAGCAAGTGATTA,7152
TTGTCATTGCAGGATA,7151
CATCCACTATTGAATC,7149
TACGTGTCATCTGAGT,7148
AATGAGATACATTTTT,7146
GATACAACTATTGAAG,7146
ATACATCTAGGTGAGC,7145
CACGCAGGAAAATAGT,7145
TAAGTCCGCGATAATG,7145
CATTTGCATTCCTCTA,7144
ATCGACAATATCACGA,7143
GCCGCCGGCACCCGGC,7143
ATACTGGATACTTATA,7142
TAATCGAAGTGGCCAA,7142
CCATTTACCTATTAAT,7141
ATCTCGACGCATACCA,7139
GAGATGTATGGGTCTT,7139
ACCCACTCAAACGAAA,7137
ATTAAATGCAAACAAG,7137
CCGAGATAAATAAAAG,7136
CGTACAGGACCCGGTG,7136
GATGAAAGAAATTTTT,7135
GCTTTAAGCCCCACCT,7135
GATACTCATGCAGGTT,7134
ATCCAATACTATCAGT,7133
GGTTTCCAGGGGGGCA,7132
GTTAAACGATATTGTC,7128
TGGCAGTTATAATATG,7127
TAACTAACATGCACAT,7126
AAATCGGTTTCCAGTA,7124
TAGGCAAGAATGGACT,7124
CATACATTCTCAACAA,7123
TAATAATTGAAAAGGA,7123
TATTACGCGAACAAGA,7119
ATATCAATTGTCCAAA,7117
TGACTCTTTGTGCGCA,7116
AAATAAACATCTTGTC,7114
GATACATGTCTTCCCA,7114
TGCTTACACGTCTAGA,7108
CAAACAAAATCGATAG,7107
ATAAGATATTGAATAC,7106
TAGGTGCAAGAAAAAA,7106
ACTTACCATTTTATGA,7105
CACACCCGCTAATGAG,7105
AAAAACCACTTGGACA,7104
ATATATGAAAGTTTCA,7104
GAAAACATTTCGACAT,7104
CCAAAGAGTCGGTAAA,7101
CACTGAATATATGTGG,7100
GAGTGAAATGACGGAA,7100
ACACGCCATCCCTTAT,7097
AGACACAGGCGACCGG,7096
TGAAATGAATAGACGA,7096
TAAATTGAAATGGAAT,7095
GATCCGGTCCACTAAC,7094
ACAAAAGAAAACAACG,7091
GCCTGACCTCTCGAGG,7091
TAACCACACGCGAACG,7087
CTAATCTTGAAACAAA,7084
TAAACCCAGAAAACAC,7084
AGTCGTGAAGACTACA,7082
CTACCATCCTTAAAGG,7080
ATTCTATAATGTCCTG,7078
CGGTCCAAATCGGCAA,7076
CACGGATACGGCAAGA,7072
ATAGCAACTGCCATAT,7069
CCCACATCTGCCTGGC,7069
CAGCCGCTATAAGCCC,7067
AACGCTTGGACAACGC,7062
AACCTGCATAATGGCC,7061
CATGTCGATCCTGCGG,7059
CTATCATCTCCATTGG,7058
AATGGCCTATACCTAC,7057
CTGTAAGGAGTAAAAT,7057
CGTGTTAATTAACTGG,7055
TCAGAGCACACTGGTA,7054
TTAAAATCAGATAACA,7053
GGAAAGCTATTTTCCA,7052
TATACGAGGCCCTAGA,7049
GGACTGTATACCAATG,7048
GTCGCCCGAGGCATGG,7048
GAGCCTTGCTTCGAAA,7047
CTTTCTCACTAAACTA,7046
GTTCCCCAGGAAACGG,7046
ACTCCTATGTGGACCA,7044
ATGGGGTTATGCTGAA,7042
ATAGTCGCTAACGAAA,7040
AACCAATTGTCTACCT,7039
ACTAACCGCAGCTCAG,7038
GGACCTAAATGATTTA,7038
AACCGTGATGAATGCA,7037
TGGAACGTAATAGACT,7036
AGCCGCAAGCACAGTG,7035
TCTACTGGGCATCTAA,7034
AAAAACGGGTTGGAAG,7032
TTACAGCAGGGAGCAG,7032
CACAAATACGTTGCCA,7030
ACAGGTAGCTTACACT,7027
AGAACTAGCTTTATAG,7027
CAAGTGGCCCCAGATA,7027
CATGGGTCTGATGATA,7026
AACCCATCCAATCACT,7025
CTTTAAAGCCAAAAGC,7024
AGTGAGTTAATATATG,7023
CGAAAGAAACTTTAAG,7023
TTTTGAACCAATCCCC,7023
ATACCCGTGGTTTAGA,7022
GGTCATCAGTATATTC,7022
TCTCAAGATCATAATG,7021
AACCTTTCTAACCTAA,7018
ATGTTACGCGCAGTCA,7018
ATTCGTGACCCATGAA,7018
GTCTAGAAAGAACTTT,7017
ATAAATCCATGGATCC,7016
AACACCCTATCAATGT,7015
AATTAGCAACTTCGTA,7014
AAGTACTAGAAAAAGA,7013
AAGTAGGCGTACACAT,7013
TAATACGATTAAAGGA,7012
GGAACACCATGTAAAC,7011
TCATCGAATTATGTAA,7011
AAACCCGAAGCGAACA,7010
GGAAACTGCAAAGTAT,7009
CGTGCTGTCAATTTCT,7008
CATCAGCCCTTTGCTC,7007
GAATTGTGCATATGGC,7007
TAGAAGCGACCTAGTA,7007
TTCATGAAGTCCAGAA,7005
AACGACGATACAAGAC,7004
CAAAAAAGTCTATGGT,7004
AGAAGTAAACCTAAAT,7002
ATTGCTGGCAGTGAAT,7002
AGAATAAAAATAAGAG,7001
AGATATGAATAACGAT,7001
CCGATCAAGATACTAT,7001
ATACTCAAAGTCCCAT,6998
AAAATTGAATGAGGGG,6997
CAAATCTTTCCAGACC,6997
AGCATTAACCGGAGCA,6996
TGAAATAATTGACGAT,6996
TTAGAATTAAGTTCAG,6996
AGGACTGTAACTAGAA,6995
CGCGGTGATAAGAACA,6995
TTTAAACGCGTATTCT,6993
TCTTTAGACCCTAACA,6987
TACGAGTCACACGGTG,6985
ACACGACATATTGTTC,6983
AGACGATGTTCTACAA,6983
GGTAATTTTTCCTATG,6983
GTTATTGCAAATACTG,6983
GCCCACTGAATCCCGA,6982
CTCTTGAAAACCATGA,6980
TTGACATGGGATAAAC,6978
TCCAAAAGAATTCCGA,6975
TCGCCAGACTGCGAAC,6975
AAATACAACTTTCTAA,6974
GATGGAACATTGTTAT,6974
GCTCTGGTTCATGAAT,6974
CCCCCATTCGTCACCA,6973
TGAAAGACTTGAACCA,6973
CCGAATCCAATAGTAT,6972
CTCTGCGGCGTCAATC,6972
CACCATCTTTTCATAC,6971
GCTTCGCCGGACCATC,6971
GCTTGCACTACGGTCC,6970
CAACATAACTTTATGA,6969
TAAACCCAATGAAGGG,6966
TACATATAAAACAGCA,6963
TGTACGAAATATAGGT,6963
CTGAAACGGTTCCGCA,6962
GCATGAGAAAGGGGCA,6959
CTGACCGTATCACGCG,6956
TTAGACATCAGGCACA,6954
ATCTAAGATAAGAACA,6953
CAAACATCTTTCGAGT,6951
TAACCTACACACTGTG,6950
TAAAGAGGTAAATCCC,6949
CACATAAACCACAAAC,6946
TAGATTGTGAACTTAG,6946
CGTCAACTCAAGTGGC,6945
AAATTTGTGCCCATCA,6944
GCAGATAAAATAAAGA,6942
TTCCCAATTAGCTGCT,6942
AATTGCATTGTACAAA,6941
ATCCATCCCTGGATTC,6937
GGGAGCCAACGACACA,6937
GCAATATATAGAGCTT,6936
AAGTGTGGGCAGCGCT,6935
ATCAACGCGCACAGAG,6935
TGATTTATATGTAGAA,6935
TCATCAATAGTCTGGC,6934
TAACCTATTTCCAATT,6933
ACTACGCGAAGCTACG,6930
GGCCAAAACCCTCCCT,6930
TAGGGTAAAAACGAAA,6930
ACTAATCCGATGGGTA,6927
TAGTCTCCTAGGTGAC,6927
AACTACGAACCGCCGT,6925
AATGCCCTAATTACGG,6924
TTAACCCTTTAGCAAA,6924
TAGGAGCAAATCTGTG,6915
GCCAGAATAAGAATGT,6914
ACACTTAGATCTAAAG,6913
GGAACAACTTTTTCCC,6913
GTAACCATAAAAAAGA,6912
AGCAGAATGGCGTTCA,6911
CCTAATGCACCCGTTG,6910
TATAAATGAAGCAGAT,6910
TCGACAACACCCACGG,6910
CGATTAATACACCGAA,6908
CGCCGCCGAATGACGA,6908
GAATAACCCGCAGAAA,6907
GGACCCCTACGATTAA,6903
ACATACCATATCCTTT,6899
CCCCATAGATCATTAT,6897
GAATGCTGCATCACCA,6897
CAAATTAGTCACAAAA,6894
AAAGAAGGGCAACCGG,6892
TTAGTAAACATTGCCA,6891
TAAGCATCATGAACAA,6889
ACGGCTACCATCTAAG,6887
GCCCCCACCGTTGCAT,6886
GCCAAATTCCCGATCT,6882
CTTCCATAACGTTCGC,6878
TTACCACGAACATCAT,6878
CTCAACATCGCACGTG,6875
GTATGATCCAGGATGA,6875
ACCCACGTGATATCAA,6874
ACTGCCACGAAGGAAG,6874
TTGCAAATTGATATAG,6873
CTGCGTCTTACTAGTA,6871
AACCAAAACAATATCT,6870
ACCATAAGAACAAAAT,6870
ATAACCCCGAGAAGAG,6869
GTGGATTTATAATCGA,6868
GAAGATCACACCCCAA,6867
TGTATAACTTCCTACA,6867
AGATCCGCAGGAATTG,6866
TCACTTAAACCGTCCC,6866
GCAGCACTCAAAGAAA,6862
AGAGCATAGGCCTTGA,6861
AAGATGATGCTTAACA,6860
ACAAGGCGTTTTGACT,6860
TAATTTTCTCATATCT,6860
ATCTGATACCGTACGC,6859
TGCCTCTGCCGATTGC,6857
GCCCATCGTCACAAGC,6856
GGTGTTGATGTAAAAA,6856
GGGTTGCGCTGAACAA,6854
AAATAAATGTGGTACT,6851
CTGGCCTGTAGTACTT,6851
TGGCAATCCTTAGAGT,6848
TTTGTAACCATATACA,6847
ATATCAGAGTCACACT,6845
GGGTAGGCCGTGCAAA,6845
TGTGACAGACAGCGAG,6844
CATCCTCGACGTGACG,6843
GCGTAGCCCAGATTCA,6843
CGAGAATTCTGAGGCA,6842
ATGATTCCAGCATGTC,6841
GAAAGCTGGCCTAAAG,6841
GACTTAATGCCTATCT,6841
TGCTAAATGTAACCCA,6841
ATACTACTCAACCACA,6839
CACCAAGGAAAAAATA,6839
TAATGGCTGGGCTTTG,6839
TGATGCAAAGGCAAAT,6839
TGATTTGAAAAGTAAT,6839
CTATGTTAAGGCCATC,6838
CGAAAGCGACTCGCTA,6836
CGCAAACTATTCATTA,6836
CGAATACCCTCTTCGT,6835
GAGATTTGTCTAACGA,6835
ATGCGTTATTACCTGA,6834
TTACACCCTATACTGG,6834
ATTCGTTTACATTTGT,6833
TATATATTTATCAACC,6833
AATGAGAAGGTCGCAC,6832
TAAAAATATACGTACC,6832
AATGAGGGGACGAGAA,6828
GATTGACTCTCTAACT,6827
ATATCAAGAAATAACA,6826
TGCTCTTGAATCTTCA,6826
TCCGATACCCAAAATG,6825
CTTATGGGGGCTAGGA,6824
TCGCTTGCGTTGCTGT,6824
AAAACCGCTACATATT,6822
GACATATTAAGTACTC,6822
ATTCGTAGTTATTTTG,6821
AACAATGCTAAAAGCG,6819
TATCACGCCACTTCAG,6819
CCTCGAAAGGGTATCA,6817
AAACCTAGTCTAAAGA,6816
CGCTGGCTAATCCAAA,6816
TTTAGAAGAAAGCCTT,6814
ATAGGTAGAAAATAAC,6812
AAGCGTGATTGGGCTC,6811
AAACACTTGTAGTCTA,6810
AAAAATCAAGATATTT,6809
CAACGGGGCGTTGAGG,6809
TTTCACAGGAACACAA,6809
AATTATCTCTTTCAAA,6805
GTACAGGAAATTCAAA,6805
ATGAATGAACTGAGGC,6803
AAGCTCTAGAGCAGTA,6801
TTTTAAACGTTGTGTC,6801
GAAGAGAAATTTTTAG,6799
ACGCCGTGTTTGCGTG,6796
CAACAAAAAATCAGAC,6795
CCCAACCATGGCACAA,6795
CAATAACAAAGAGTAT,6794
TAGGCAGACCGAACGT,6794
GAAAAACTCATCTAGA,6792
AAACCAGGAAGAAACG,6790
AAATATCCCATTGTAA,6790
AGAGTGGGCAATCGCA,6790
ACTGAGCTACAAGCGA,6789
GGGACTTAGACTTATA,6789
TTAAACAGTAAACGGC,6789
ACCAACGTACATGTCC,6787
TGAGCCTAAGATATGA,6786
CCAGCCACTTTTCTCA,6781
AACGTTTTAACTTATC,6778
CCTGCGTACGTCAACG,6777
GATAGTCAAGGCGTAT,6776
GCATCTAGTTGTATAA,6776
GGCCCCATCCACTACC,6776
ACAAGAGATAACCGTA,6773
AAACCACAGTAGATAA,6772
CGATGTATGTTATGCA,6772
TTTCAGCCTAGCTGCC,6772
GACTATGATCCAGTTC,6771
TATATATCACCGAAGC,6771
TATTAGCCACCGTTAG,6771
GAAATAATTTATCTGA,6770
GAACAAAGGTAATTTA,6770
GGTATTGCAAACTATT,6770
ATTTTCATTGCAATTC,6767
CATCCATACAAACAAA,6766
GGAACACAAAATCCCA,6764
TCAACGCGAGAAGATG,6763
ACGTTAAAAACATCTA,6760
GAGTGATCATAAACAA,6760
AATAATGCCAAACCTT,6759
GTAGCACGATCGCTGG,6758
TTATCCCGAGATGACC,6757
ATGATTATCGCCAAGA,6756
GTAGTCTGCAATTAGG,6754
TCAAGGCAAAACGAAC,6753
ATACACCCACTATGAA,6751
TAGAATTAGTAATAAG,6751
GGACCTTTAATTCTAA,6750
GCTCCCCCTAGTCAAG,6749
GAAATGACAGTAAATA,6748
GCCGTTAAGAAGTAAG,6746
AAAGATCCTTCGAGTT,6744
AACTGCTAATTCCATT,6744
GGAGGACTGCAACTAT,6744
GTTTCGGGTTAAACTT,6742
CGATAGATTCCAAAAT,6741
AGCGCATTATGAGATT,6740
CTGATAGGGTAAAATC,6739
AAAAACGTACGACCAG,6737
TAAGCAAAAGAAAAAA,6737
TGCCGGGCAATAATAA,6737
CAGAACAAATAGAAAG,6736
TAAGACAGTTCGCTCA,6736
CAATATCACTGCTCAG,6734
CATAATGAATCAATCA,6733
GCTAAGTACAATATGA,6733
TTAAAAATTCGAAACT,6733
AATCATGTGGAACAGA,6732
CTTTGAAAGACAAATC,6732
CGCGTTACTAGTACAC,6731
TTGGATAAAAATATCT,6729
AAAAGCACCGAAGTAC,6728
CATAGAACCTCAGGAC,6728
ACAGGACATATCAGTG,6727
CGCAAGAGTGCAAAGA,6727
GAAATTACGAATGCCA,6726
CACATACAAACCTCAG,6725
CACTTTTCTACCACAA,6721
TTACACTCTGTTCCAC,6721
AAACATCTACTGACGA,6720
GCTTAAATACCCAAAT,6718
ACCCAAATTATCAACT,6716
TGACTCGGGGCAACGG,6716
AACGACGTGAGAACAA,6715
CCAATTGTTGCTAGGA,6712
TCCGAATTGTATCCCC,6712
ATAAGGTCTAATAAAA,6710
TCGTAGCGATTGTACT,6710
GTCTTTATAAGTTGAG,6709
TAACACATAAGATAAA,6708
AAGCATCAGAGGCAAA,6707
TTACCCTATTCGCCAA,6707
ACCAAACAGTGTCTCT,6706
AGAGAAACGTTTTGAA,6706
ACATTAGAAAAACCTA,6704
CCACGAAATGAGAAAT,6704
AACAGTACGGACCTAC,6703
CACCTATCTGACGCCA,6702
CGATACTGACTATGGC,6702
CGTGTTCTTCTACCAT,6697
TAATAAACTACACGAT,6696
TAGCGCGCGAAACCAG,6695
TGAATAGACGCGTAGA,6695
CTGTTAAATAGATACA,6694
TTCCACGGGACGCTAT,6694
AGCAAAAATGAGTTTA,6693
CTCCACATCTTAACAT,6693
TATCTGCCAATACCCG,6693
ACCGCTCTATGAGTAA,6692
TCGTACAGAAGATCGA,6692
GAATACATACTGATTG,6691
ATATATGATTTTCGTA,6690
GTACGTAGGAGCATCA,6690
AAGACGCAACCATCCT,6689
ATCGGAACACGGTGAC,6689
GCTTTAATTAGCCAAG,6689
ATATAACATTATGGAG,6688
CAGCATCTACGAACAC,6687
GGGAAGTATAAAACGG,6687
AAACCCTATCATGACT,6686
AGGAGAGTAGATCCAA,6686
GATAAACTTAAGAACC,6685
CAGTTTATCTTAATTC,6684
CGGGCGAAAAGTTTTC,6680
AGGAATTGGATGTCGA,6679
CCCAGAAAATGAAAGA,6679
CTGATAGGTCCTCTTA,6679
TAAAATGCCCAGAACA,6678
ACGTACCGCACCTTGA,6676
CGACCCATATGTGCCG,6676
CGATGCACTGAAATTG,6675
CTAGATAAGGATCTGA,6674
TCATCTAAAACATAAA,6674
AAAGTCCAAACAGTAT,6672
GGCCAAGCTAACATAA,6672
TGTGACGACAAACTAC,6668
ATATCGACCACTAGAA,6667
GTATGATCACACCTGT,6667
CAATGTGGATGTGGAT,6666
CCCATGCTTATAATAA,6666
TCCGTCCAGCGGAATC,6665
CAGTCGAAATTGAATG,6664
AACTGTAGTGACCCTT,6663
CATTGCAGGCGTCAAA,6663
CGAAACCAAGTCTGAA,6663
AGATCATGACGTCGGT,6661
TCTAAACGACTGTATC,6661
GGAAACAAGTGACAAC,6656
AGACAGTTAGGCAAGA,6655
CTAACATAACAGCATG,6655
CATAAAAATCAGTCCC,6654
ACATTGCATATCTCGA,6653
TGCAATAGAAAATAAT,6652
ACACTCCAAAGATTAC,6648
AAGGGGAGCGCAACGC,6646
CACCAAAGCTCACCTA,6645
GGTACTAAGGCGGACT,6644
TATGAGATTAATTAAA,6644
ATTGATCTGAGTTCAG,6641
CACAAAAATCAAGGGT,6641
GCCTGACTTGCCGTCC,6640
AAATACCCTTCGTAGG,6638
GCCCTACGTGGTGCTA,6636
CGAGGTTTCAATACCG,6634
TGATATGACTTTGCCA,6634
CTACTCACGATGACAA,6633
TAAAGCTTAAAAACAA,6633
CCCGGACTACTAACAA,6632
CCGTACAATTCTAGGG,6632
CTCATCTATCCCACGT,6632
CTGATACCAAATACAG,6632
AATTGATAAACTAATA,6631
CATGAGTCCCACACAA,6631
ATTATGCGGTATGGAA,6630
AGATGAAAAAAGTTAC,6629
TCATAATATCTTCCGA,6629
AAAGCTAATGACAACT,6625
ACCTATTGAATCTTTA,6625
TCTATAGGAACTAGCA,6625
GAGATGTTTTCTTCAC,6622
AAATCATTTAAGTAGC,6621
CAATACACCCCTACAA,6621
TAACTGACGAGGAAGT,6621
AATATAAGCGACGGGT,6620
TTAAAGGTAATTCCAG,6619
CTCTTACAACAATTGC,6617
GATAATAAGAAGTCAC,6617
AATCGAAGACAATCAT,6615
AAGGACATGAAAGATG,6614
TAACAGAAGCCTTGAC,6613
ATACTCCTGGTGTTGA,6612
AGGAACAAATGATCTT,6610
GAGCGCTCGGCTCAAG,6610
CTTGGGCACAGCTAGA,6609
CACGAAGGTATCAATA,6608
GTCCTAATGCAACGCT,6607
TCTCACCAGGTCCTCG,6607
AAAATGCGAGACAAGA,6606
CAAAAGCTTGAGACGA,6606
TAGCGGCGAGCAAACT,6603
AACAGAATAATATGTT,6602
TGGGGTGGCAACCTGG,6602
CTATAACAACTTATGC,6601
CCCCCGACAAACTCCA,6600
GGGAGCATAACTAACC,6600
TCTTTTGATAGTGTAT,6600
CGGGACCAAAACAAGG,6599
GACTTGGTCACACTGT,6599
TCATAGAATAATGAAC,6599
TCTACAGCAGTTTACC,6598
ATACACCCATAGGAGA,6596
GTATCGAGCATTTCTA,6595
AGTCATCCCCATAATT,6594
ATCAGGACTCAATAGA,6591
GATAAGTTAACAAGAA,6591
TACCCGAATACTTTCG,6591
CTACACACCAATTCAC,6590
CACATTCGCTGTACCG,6589
GTCTAATTCAAGCAGA,6587
GAATACCTAAAGAAAT,6584
CTGACTTAAGTGAACA,6583
GAGGTGAAATAAAAAG,6582
TTATACAATATATCTC,6582
CCTAAAGGTTTGGAGC,6581
GCTCCGTATGACATGA,6580
TGAACCATAAATAATA,6580
TTCGTTTCACCCACCT,6578
AAGAGAACAAAGTCGG,6577
AGACTGCCCGAGATAT,6576
CCCAAATAACCGCCGC,6576
ACCTATGAATACGCCC,6575
TCGAATCTATGACTAT,6575
CTCAACCTCAGTATGG,6572
GTGCACGCTACCGAAA,6571
AGTGAAGTATATGGAT,6568
ACACAAATATATTTTA,6567
TAAGTAGCATTGGAAT,6567
TACATCACTTTCCGCA,6567
TTCATAAAGCTTGAGC,6567
GACTTACTTAATTAAC,6561
GAAATAATTGCTATAT,6559
ACTATGCTAGAAAATT,6558
TTTGAACAAAAAATTG,6558
TGAAAAAAGCCTAGAC,6557
AATCCCGTGGTGATTA,6556
AGCCCAATAGGTAATA,6554
CAAAATCTGTAATGCT,6554
CTATCAGTTTAGTCAA,6554
GATAGGTCTCATATCC,6553
ATGACATTCTACGGCA,6552
CCCATATTATATTAAC,6551
AACCACGATCCAAACA,6545
ATGATAACAAGAAGCA,6545
CTATCACCTTAATTAC,6545
GCTACAGCATCCGGAA,6545
GCTCACTAGACATGCA,6545
AACCGGAAGGAAAAAA,6544
CGAGTCCAACTATCCA,6544
TTAAAAGTTCAATATA,6542
ATGATCGATTAAACAT,6540
GACCAATGGAGAGGTA,6540
CAGATGGTTGTAAAGA,6538
ACGCCCTCGCGCATAG,6537
CTCTACCACGATCGTT,6537
GCGAAGCAACGGAACT,6537
GGATAGGTGTGATAGC,6536
ATATCCATGGTTCCAA,6535
CACTCCATAACCTATA,6535
TCCATACTAAACCTCA,6534
ACGATGTGAAGGCCTA,6533
TTAGAAATCATGCATT,6533
TCACTTCTCTGATCAG,6531
ACTCAAGATATTACGA,6530
GCTCATCTTACGTTAC,6529
AAAGCAAACTTCTCGC,6528
AATACACAAAACAGGC,6528
GAGGGAGTACGCAACC,6527
TACGTGTTCCGTACTC,6527
TCGTGCCTCCCGGAAG,6527
AAAATAAAACTCGCTA,6525
ACATTGAGCCTACCGA,6525
TGCGCACCTCCCCCAC,6524
AGCGATTGACACTGGA,6523
TTGAGTCGCTTTACCC,6523
AAAGTGAGATGAAAGT,6522
GTAACACTAACCCCGT,6521
TTCTTGTCCATTTAGG,6521
CTAGATAACCTCTAAA,6520
AATGACGCCATTGCAA,6519
AGCACTACCCATTGGA,6519
CATTATGAATGCCTTA,6519
GAACTCTGAGAGAATA,6519
AAAACAAGGGTCGATA,6518
AGGATCCTAAAAGACA,6518
GAAAAAAAGAGTAACC,6518
GATGGCGACTTAGAAG,6518
AGACATAAAAATTTTA,6515
CTCGATAACGCTTACA,6514
TGGACAAGGATGAACT,6513
GGACTGGCATATTAAA,6510
TAGCGACGTAGCATCG,6510
TCAAAAACATAAACGC,6508
TCTGGACATAAAAATG,6508
ATAAATCAATATATTG,6507
CGTTGAGATTAAACTC,6507
CTCAATGCACAACTTT,6507
GAATCCATGATCTAAG,6506
GGTAAAATCCTTTCGT,6505
ACCACCCAAAGTTCTT,6504
AGAAAGAGTGACATAG,6504
ATCGTTCACGTCAATA,6504
CCTCATAACGTCACTG,6503
GTAGAGGGACTCTTAA,6502
CAACTGCGTCTAAGCG,6501
ACAACTTAAGAACTGT,6498
GACAGACGAATACCCA,6498
TGAATGGTCCTTTGGG,6498
TCAACAACGCGTAACT,6495
TGCCGGCCAGCCGGAT,6495
CAACTGGAACCTACTC,6493
CCCCGATGCATAATTT,6490
TGCTGAGGCTAATGGC,6490
TTAACCCCACCACATA,6489
ACGTGAAAATACGAAT,6486
TAAAACAGGAACCCAC,6486
ACCTATAAAGAAGGAA,6485
TAACCACTACAACATA,6485
TACCAAGTACACAGTT,6485
TAAACTTCAAATGAGG,6483
CTTTATATTGCCGTAT,6482
GACTTCATCTTCTAGC,6482
CATCAGAGGAGCAATA,6481
GTCTTACTACTTACGC,6480
ACCGTTGCAGCCCCCA,6479
GAATAACGGACCCCTC,6478
GGCACCTAATGTACAT,6478
CGACCAGTCATAGAAA,6477
ACCTCGTAAAAATGAC,6473
CTAGATACTTGCCATG,6473
CCTAAACTACAAATAG,6472
AAGCGATAAGATTCCC,6469
TTTCTTCAAAAGCACT,6469
AATACAAGACATGTTG,6467
CTTAATCCTTAAGATG,6467
TAATCACGCGCGACTC,6467
TGATTATTTTAACATA,6466
ATACAAGAGAGTTAAC,6465
GAAAGAACCCAGCCTT,6462
GATCTGAAGTAGCTAC,6462
CGTCGTCCCAAGTGGC,6461
AAACTTCCTATACACC,6460
CTCGCCTGAATCAACA,6458
CATAGAATCTTCAGGT,6456
TATAGCCCTTTCCGAA,6455
AACAGCTTACACTACA,6454
GTCCGCACTCTTGATT,6453
TAATAGATAAGTATTT,6453
AGCAAAGTATAATTAA,6452
TACACACAGTCCTTCT,6451
AGTAGCTATAATATTA,6449
GTGTTAATATCAAACT,6448
AAACGTAAGAGTACTC,6447
AATGTCCACCAATACC,6447
CCTAGACACCACTGAT,6447
TTTAATTAATGTAGAA,6445
AATTAGACTTTCGACT,6443
TGAGAACTAGATTCTG,6440
TAAGATCTAATAATTG,6439
TAGTTACAGCTCGAAA,6439
AGTACCCCGTGCGTGG,6438
GCCACTAGAGACAAGA,6438
ATGGCATAAAACTACA,6437
ATTGTACGGCAAGTCA,6437
TGGTCCCCGCTAGCAT,6436
AATCGCGTCCGGATTT,6435
CATTGGCGTTTTACCT,6434
AAAAGACAGCGGGTGA,6433
CCCTCTACCAGTCTAT,6433
CTCTCATCAAACTGAG,6433
AAAAACTTCGAAAAGT,6432
ACACGAAACGACACTG,6431
TACCGTGGATATCAAC,6431
ACAAGAGTCTAAGAAT,6428
TAGGTACACAAACACC,6428
CAAACCTACCCTTTAC,6427
CCTCTTATAAGGAGGG,6427
AATAGGAATAAGCACA,6426
TACAAACGTATGTAAT,6426
TCGATCATTTACATCA,6426
AATCGAACCGTGTGCA,6423
ATTTTAAACAAGCAAT,6422
TAAAGTAATGAATCGA,6422
TATTGTCCCTCAAAAT,6422
ACCCTCCTGCAAATCT,6421
CGATCACATTCCTGTT,6421
CGTTTAGCGTAATTCA,6420
TTACAACAGAAGCCCG,6418
GTAACGATTCTGCTTG,6417
CGTTCTAACGCCCAAG,6416
AACAATTGGTTGTCGA,6415
GCAAAGAAGCAGAAAG,6415
AAGTAAATATCTCATT,6414
TTTTGTTACAACTGCA,6414
AGTTGTCCAGATCCAA,6413
GTTAAAATCCGTTACA,6411
TCTTGCGTGACTTATT,6410
ATCCGACTGTTCGCGG,6409
TCACCCTTAAACCTGT,6408
AAAATGGACCTATCAG,6407
CGTCCTAAAACCGGTA,6407
CTGGTTCATGGGTGTA,6407
CTAGCATGATATACAC,6404
GGATTATCCAGTAGCC,6403
TAGATTAACATTAGAT,6402
TCTCGATATGTATCTA,6398
TAAACAGGAGATCTGT,6397
TACCACGCCACTTCTT,6397
AGATCTAGCGGCAACG,6395
ATTCTAATATAGCGTT,6395
GTGGGATACCATTAAT,6395
ATTACAGGCGGAGCGG,6394
CATGTTACGATTGGTA,6394
ATTAAAATGAGAGAGC,6393
CTCCCCTATAACCCTC,6393
TACTGGTTGCCACGAA,6393
CGCCATACAAACGAAC,6392
AAATGCTACAATCAAC,6391
GCAAGTATGGGATCTG,6389
ACCGCTCTAGCCACAG,6387
CGTACCTAGAGCGACC,6387
TTAACAATGCATACCC,6387
AAGAATACCGGCGTCC,6386
ATATTACATCACCTTT,6386
TAAAAACCACACAACG,6386
TGAATCACAGGACACC,6383
CTACTTTAACAGCCAA,6382
GACTACTAATCCACCA,6382
TCCAACCATAACCTGC,6382
CCAATAATTAACGTCC,6380
ATCTTCTAATGAAAAT,6379
TAATTGACTGTACCAG,6379
CTAAATAGACAGGACA,6378
TACATAACCATCGGGC,6378
TGGCACTTAAAAAAGT,6376
CATAACGCTAATGTCT,6375
AGGCGAAGCGAACCGG,6373
CATGCGTAAAGTAAAT,6373
CCAATACACTAAAGTT,6373
TTGCCTTATAAACACG,6373
CAGAACGCCATTACAG,6372
AAAACCGAGCAGAAGT,6371
AAGAGACCTAGACACG,6371
AAACCCATCTTCACTT,6370
AACAACACCAATTAAA,6370
TAAGGCCCCCCCAAAG,6370
ACCAACTTCGTTACCG,6368
ATATGACTTATACTAT,6368
GAAATTCCACTAATAC,6368
AAAGGTAGACCGAAGT,6365
ACTCTTTTAAGATCCC,6365
CCAATTGCGAGCCCAG,6365
ACTTAATCCCACTGAT,6363
GGCATCACACAAATTG,6363
TGACAAGGAATGTAAG,6363
TGCGCACTCCCGTGTT,6363
GCGCTCTTGCACAATG,6361
CTATGCTCTGTCAAAT,6360
CCAGGGACCACACTTA,6359
CTAAGCTCAACACGCT,6359
TCACACACTAGATTCA,6359
GATAAGACACTACCAA,6357
GAACAGGATCGCGACC,6356
TAGGTCCAATGATTCC,6356
AAAAATAACTTACACA,6353
CCGATCCAACAAGTAT,6352
AGCACTGAAGATTACG,6350
CATAAAAGAACCCAAT,6350
TTGTCGAAACCATCAT,6350
CATATTCCCAAATGAC,6348
CTACCTAACCAAAAAT,6348
GAATATAATACTCGAC,6347
CAATAGCTTGAAAATA,6345
AATAATTTGGAGGCAG,6344
GCTATCATTTCACTAA,6344
ACATTTTCATTACATA,6343
TTTCCGTTTATCACGT,6342
AAGACAGAGCGTGGGA,6341
GGACATAGATAACACT,6341
TATAAAGACTTGGCAG,6340
TTTGAGCAAGATAAAT,6340
ATGTTTAGCATAAAAA,6339
CCCAATACTAGTGTTC,6339
GTAGACTTTGATTGTC,6339
GATTATGAATTGCCAA,6337
TGGACAAAATGAAACT,6337
GTGGATCACTTTAAAG,6336
TAAGAACGACATCGCG,6336
TGCAACAAGAATAATT,6336
GTAAAAGACTCTAAAA,6335
AGTCAACCAAACACTA,6334
TGCTGTATAAACACCA,6334
ATGGAGTAATGAACGA,6333
CCAATTGTCCCCAAGA,6333
TACGGCAACTTAGGCT,6329
CCCACGAAATGTTATC,6325
GCACAGATAATGATCT,6324
TGCAATGCGTAAGGAA,6324
TATCGATACTAACACC,6320
GACGTGAAAGCACAAC,6319
TTACTACTTCGTAAAA,6319
AGCTGTATATGCCAAT,6318
CCCCTCACTCGACCTT,6318
GAGATGATCTTGATAC,6318
AGATTACACACAGAAC,6317
ATGGGAAAACATACGA,6317
ATTAGTACAGAAATAT,6315
AGCCCTCACACACCTA,6314
ATAACCAGAGATAGTT,6312
GAAACAAGTAACAAAT,6311
AAATATAAATAAGACC,6310
GGTACCCATATATCAC,6310
AAAAAGGCTTGTATGT,6309
TAATTATACATGCCAG,6307
GCCGAAATCTCGAAAG,6306
GTGCCGAAAACATCGG,6306
TTAGAATATACGATTA,6306
AGGAAGTCGTTCTCTT,6305
CTGACCATTGAAAACC,6304
CACCGGACCTTCCCGG,6302
AACCTCACTAGAAGTA,6300
CACAGGGAACCAGACT,6300
ATGTCAACTAATCCAA,6298
CTAATCTTGGACAAGT,6298
CAGACAGATATAGAAC,6296
TGAGGTGCCTACGACA,6295
TTTCGACATGTACTCT,6293
ACTTATGTTCTAAGAA,6292
ATGGTGAGAAAAAGAA,6292
TTACAAACTAGACCCA,6292
CCTCGAATGCAAAATT,6291
CTCGTCACTACTAGAA,6291
GGGGAATACGGGAAGC,6291
TATCAGAATTGACAAA,6291
TCCAAAATTTCCATGA,6291
GTAGTATATTATTGCT,6289
AAGTCCCGCCATTAAT,6286
CGCAGCAGTCCTCTTC,6286
GTTAATTCGCTGCAGA,6286
TAAACAACACACCCAT,6286
CACTGATTCTTTCCAC,6285
TCAGACCAGAATATTA,6285
ACATCTTCAAAAATCC,6284
ATTCCATACCTGAGTT,6284
AGCCTAAAGTACGAAA,6281
CAGTCTCATAAACTGA,6280
CCAATGCTCTTGTCGA,6280
CGATCGCATTCGAAAA,6280
CTTTTGAAGATTTGTA,6279
AAAGGGCGTCTCATTT,6271
CAATCGACGGCTAAAT,6270
AAGGTAGCAGCCCTAG,6268
CTGAAAACACGCACGT,6268
ACTGCGCCTGACTCTA,6267
CATTACAAATATAATA,6267
AATGAATCTATCACTT,6266
CCAACGAATGAAACAA,6266
GCTAGATAATACTAAT,6265
AGTGAACCAGAGCCTA,6263
AGATGAAACGCTGGGA,6262
AAAAAAATAAGCAATT,6259
ACCAGTCAAACTGAGA,6259
AACTTAACATACTCCT,6255
AAGACAAGCAAGTAAT,6255
CAACTTTTCCTACAAA,6255
GCATTAGCAACCGTTC,6255
CTTAGAAACCGCTTAC,6253
TTATAATGCTGATATT,6253
TGACAGAGACAAAAAA,6250
TCAGGCCTGCACGAGA,6249
ACGAATGGTCCTTGTT,6248
ATGTAACAATACAAAT,6248
CCTTTCCAAGACTAAA,6248
CGAGCGGGTGCGTTGA,6248
TCGATCGCGGTATGTT,6248
ACCTCGCGTCTTAAAG,6247
ACTAATACAATTTGTA,6239
CATGGTTAAAAATAAT,6239
CGATCTGAACGTCAAC,6239
GCTACTTTGGTATGTG,6239
TACTGGACGCTGATAG,6239
TTAAGAGATTTCACCT,6239
ATCATATACCCCGTTT,6238
GGCAGTGTCCTGCTTT,6238
TCTAAATGTCAGAGGT,6238
TTTAGAACACGAGAAC,6238
CCCCTTGTATATGATG,6237
GCACGGCCAATAGGAA,6237
GGCTAAAAACATATCT,6237
TTCGGACCGCCACACA,6237
CGATGAACGTATAGGC,6236
TAGAAGTACGGGGCAC,6236
ACTAAACAGCCACGAC,6235
ATGAAGAGCATATACT,6235
CGTATTTAAGATATAA,6235
TCGACTTGCTTTATCC,6233
GAGATATAAGCTTAAT,6232
TTACTATAACTTGGAA,6230
TTAAAGCATTAATTAA,6229
GAGACCATTGGCTGTT,6228
ATAACTTAACTTCAAA,6227
CAGCCAGTGATGCTCC,6227
AATGAGGACGATACGA,6226
AGCTGAAATGCATAAG,6226
GTTCAACCCTATGACT,6226
AGTGCGCCCACATACC,6225
GCAACTAGACACTTAA,6225
AGAGATAATCCACCCG,6220
GAATCATAGCGAATAA,6220
GACGGATAATATGTGG,6220
GCCATAACAGACTATT,6220
ATACCGTCATAAGAGA,6218
GTAATCATCGCAAAAT,6217
TAGCTATGATTACACC,6217
ATCAGTAAACAATAAC,6216
CAAATTACTACGTATT,6216
CACATGTAAAAAGACC,6215
CACAACGAGTCAACCT,6214
GATGGTACCATGAACG,6212
ACAAATCACTGCCCTC,6211
GAAGCTGAGACCACAT,6209
ATTGAGACCAACGTGA,6208
AACAACAATTTATATA,6204
GTGGTAAGCTCGTTCA,6204
ACGCTCCACAAAGTTG,6202
TGCTTCCCAGCCTATG,6202
AGAATTAATAGATGTC,6201
ATACCGGAACAGCCGA,6201
CACCAGCTTCTGAGAA,6201
CGGGTCTTACAGCAAG,6201
CTATGTGACTGGACAA,6199
TTTTAGGAAACTTTTG,6199
ATGTCAATTTGAACCG,6198
CACTGAAGCATTCAAT,6198
CCAATAACATGATCCA,6195
TCTTCAAGTCAAGGAA,6195
AACGTGCTGTTTAACA,6192
ACGATACAATCTAGAT,6192
CAGCCTGGTTAAGACA,6192
GCATATTAAGAAAGTA,6192
TAATGACCTACGACAG,6192
AAAACCTCTTAACCAA,6191
AATCCTTTGACGGATT,6191
AGTGTGTTCTTGAGCC,6191
ATGTTAAGAAGAAAAA,6190
CCCTCGTAGCAAACAA,6190
GTTTACGGAAACAAGT,6189
TTTATTCAACTGTAGG,6189
AAAAATACGATTCTAC,6188
ACAGCATTTACACTGT,6188
AGGACATGAGTCCGGT,6188
CAATTAAAGGAGAGAC,6186
TCCCTCCGAGTCGCAT,6184
ATGTCGTTTTGAACAG,6183
AACAACTCACGTGCCA,6182
TGCTCGACTGTTATAA,6181
TGAGGGTGTCACAACG,6180
ATAGGTCTGCGTAGTC,6179
TTTTCACCTTATTTCG,6179
AGCTATCTTGACAAAC,6175
CGATTATAAAGAAAGA,6175
TAATGAAAGACCCAAA,6175
AACATGTAGTGCATCA,6174
AGTACCCCGGGGCACA,6174
AATAATCTCCAATGGA,6172
TGATTAATAGCGCTCC,6170
CATCGCCCTAAACGAA,6169
GGCTGCGCTGTGCTAG,6168
TCATCATCATTTATGC,6168
AGCATACTGTCCACAG,6167
CACGCATGACCAGCAC,6167
TCAACATTGCCGTTAT,6166
CACTTAGTATAAACTA,6164
TTTGGTAAGCACAAGA,6164
TCAACTTTTTACTACA,6162
AAGGATAATTTTTATT,6160
CAAACTGTAATCGGGA,6158
AAGGGTATCCAAGACT,6155
AGCATACCGGTACATT,6155
ACAAATTGGAAATTAG,6154
GTATAAATCTTTTAAA,6154
CATCTGCTTTAATGTT,6152
CTGGCCACGGATACTG,6151
GACTCTACTCCCTGTT,6151
TTTCCCCAATGCAATG,6151
TATAGATCACATGAAC,6150
TCACCCGGTAGACAAC,6149
ACAAGGAAAAATTCAC,6148
AGACTTGAAGATAGAG,6148
CCGCTTACACGGACCG,6148
CTGATCATGGGGTTTG,6148
GAAGAAATAAAATTAC,6148
CTATCGTTCACCGTTG,6147
TAGCTAGAAGCAAACT,6145
CAGAAAACCGAATAGG,6144
ACGAAATACCGCCCAC,6143
TCCGCCAAATTAGCTA,6142
AGCGGGATAATACGAA,6141
CATTGAATACTATCGT,6141
GCATACCACCGCTATA,6141
TAATTTATTCATGTAA,6141
TACAGCAGTAACTATA,6141
CTTTAACAGGACTCGT,6138
TCGGTATCAGTCGACG,6135
ATCAATGGTAAAGACT,6134
ATTTTGCCTCCTGAAA,6134
GATTAAGCTAAATAAC,6133
AAATCAATGTTCTCCC,6132
GAACACTGACAATAAT,6132
TTACTGCCTATTAGAA,6132
ACGAGAGCACAAGTAC,6131
GAGATTAAGAGAACAT,6131
AGCGCAACGTAAAGTT,6129
ATTTACCAGCGAAGAC,6129
CGACACCATCTAGAAT,6128
TCTCAAAGTTGTGTTC,6128
AGACTAGGGAGGTTAA,6127
GCCAGCTTGCTAATCG,6125
AATCCTCAGGTAGCCC,6124
GACCCTGCTAGTCAGT,6122
TATGTATTCCGTCAAC,6121
TTGCTGAAAGAAAACT,6121
GCGACAGTACTTACCA,6118
ATTTTCAAGATCCAGT,6117
CACTCTACAAACGTCT,6117
CAGTCTCCTAGACACA,6117
ACGATAAGTCGATTCA,6116
GATCAAGCAAAAAAAA,6116
CATATCCACTCGAGAT,6115
TCTAGGTTCAAAAAAT,6114
CAAATTACAAAGGCAC,6112
AAAGGTATTTTCTGTA,6111
GACGACCATGGCTATC,6111
CCAAAAACCCACCGCT,6107
GCCCCACGGTGCCAAA,6107
AATTGCATGAGATGGA,6106
ATAACAAACAATCCCC,6106
TACTCACAGTCCCCAT,6106
CAGGCTGCGGGTACTT,6104
TAGCATCGACCGACAT,6103
AAAATCTAGTGAATAC,6102
GATTAAGCTTGTTCGG,6102
AAAAGCCATCTTTATA,6101
AATTTGTGAACACCAT,6101
AATAAGGTTGACAACA,6098
CGGAACCGGTAGCAGA,6098
CTTCCAAGAGGAGCCC,6097
TTTTGCTGACAAACCA,6097
TATTTGATTGTACAAC,6096
TCGAGGCAACACAACG,6096
AGTCACCGAGTCCAAC,6094
TCAGCTTCAAAAACGA,6094
TTACACTTTACCCTTA,6094
TAATCATAACAGCCAG,6093
AAAGCTAAAAAAAGCT,6092
ATGACATAATGAGAGA,6092
ACCTAAATGTTAACCC,6091
CATTAAAAGGAGCGTC,6090
AAAAGAAGGAAGCCCA,6089
TTCTAGTCCCAACAGC,6089
GTGACCCGATGCACAC,6088
CGCTAAACCACCCAAA,6087
AAGATGTATATCGCGT,6086
CGTACTTGACACGCAT,6086
CCAAATTATAACTCTA,6085
CTCAATGACTCCCAGA,6084
GAGGTTATAACGCGAT,6084
TGTCAAGTATACTACC,6084
AATTCAATCAACCGAA,6083
AGATAAACGGGGAATA,6083
CCGATAGCTCAATACA,6082
ACATTACCCTGTAGTT,6081
GTATAAAAATAGTTAG,6081
TACAGGAAACCGCACT,6081
TGAATATCAAAACGGT,6081
GAGTAAGAAATATTAT,6080
TTTGAGGAATTCAAAA,6079
CTACAATAAAAAAATG,6078
TTCTTGAGCCGAAGGA,6078
CCATGTAAATCCTGTC,6077
CGTTCTCAACCACCCG,6077
TACTACCCGGACGTCA,6077
ACCGTCGATCACTCCG,6076
AGCGCATTGTCCCTTG,6076
GATTACTCACTAAAAA,6076
TGAGGATAAGTTCTAA,6076
GATCATGTCAGGTTGA,6075
AGTAAAATCCTGCAAG,6074
ATAGCAACGCGAAGAG,6074
CACACCCCCGTTCAAC,6074
GATCGGACAACATCAC,6074
CACAACTAGGTATACA,6073
ACCTATAACTACATGA,6072
CACAAGGAAAAATACG,6072
CGTGCTTAATACAACA,6071
ACTTCCTTAACTAGTG,6070
GACAAATTCTTAACCA,6070
CAAAGATAAATACTAA,6069
CAAGATTCGGGACGAA,6067
CATTAAGAATTACGCA,6067
CGATCAAGCAAGAATA,6065
TGCAGCTATGAAGCCG,6065
GATCGCACAGACATAC,6062
GAATCCCTTAGAGATA,6061
CTCCCCTACAAATGCG,6060
TAAAACCAATCAAATA,6060
TACTTCTAGATACGCA,6060
TTGAAAAAGCATCCAT,6060
ACGGCCAAGAGGCCCC,6058
ATGATAAAACGTGAAA,6058
TATGGTCTAATTTTTG,6058
TTCTTAACCACTCCAA,6057
AATTAAAAAAAGTTGT,6056
TTATCCTTATAAATTC,6056
ATGCGAAACAACAACC,6055
GGAGATAGTGAAACTA,6055
CGAGAGTAAGTTCATA,6054
ACATAGGTGAACATTA,6053
AATTTGCGTTAGAAGG,6052
AATTAACCAATAATCT,6050
AGACATATGACATTTG,6048
AAATATACAACATTAG,6047
GATCCCTGAAATGACT,6046
TTGCCTCCTAGAACGG,6046
CAGAAACGAACCGAAC,6044
TAATGAATTACCATTC,6044
AGCACAGAAGAAAAAC,6040
AGTACACCACAACAGT,6040
CCGTATTGCTTCAAGT,6040
GCATTAGGCAAAAGTG,6040
GGTGGCTGATCCCAAC,6039
GACTGGGGACTAAACG,6037
TGATTTAAACCGCTCA,6037
AACTGTTACCCTCGGA,6036
GGTCACAGTAACGCCG,6036
TAGGTAAGGATCCCAA,6036
CTGTCACCTTGTAGCC,6035
GTTGTGCGCACAATAG,6035
TCACCAGCCTTACCCA,6035
GACGGTGACTGCAATT,6034
GCACTCGCTGCAATAG,6034
CCTCTGTAACCACTGA,6033
CATTAATGACGCTTCG,6032
TATTTGATCAATTACG,6031
TGGTTAGCTGTTGCGA,6031
ATCTAGAACACCGATT,6030
AATCCCGATCCGTATT,6029
CATAAGCTGTGTAGTC,6028
GATCTGTTTAAGCCTG,6027
TACTACAGCGATTACT,6027
TAGTCCTAATGACACT,6025
TTACAAGGGCGTATCA,6025
ATTCCAAAATTCGACC,6022
CCAAAACAAATAAATA,6022
ACATACGTGGAGAAAC,6021
GGACTTAACGAAAATA,6021
ACGGATGCTTATTTCT,6019
CGATACGCCGAAAGAA,6019
GCAGGAATCTGAGAGA,6019
ATTCTATAGCCAACTA,6018
CAAGCAATCTCACAAC,6018
CCTATCGCGCTAATAA,6018
CCCCTTCAAAACCAAC,6017
GCATAAATATTGCCGG,6017
GTGCTACCGCACAAAA,6017
CTCCAAAGAATAAGAA,6014
AGCTGAGACCCTTTGG,6012
GGTCACTTAGGAATTA,6012
ACCATCTACCAAGAAT,6008
GTAAATCGTATATTCC,6008
AAACATACTTGAGTAG,6007
ATGACTCACCACAAGC,6007
CAGACAGTACTCAATG,6005
AATGCGATAAGAGGAC,6004
ATTACCCGTACGAAAG,6004
ACCGCCACTCAGCCAG,6003
TCGTATACTGATATAC,6003
TTTGCATCTGCATTAA,6003
TCCACACTAAAAAGAA,6002
TGTATAAAGACTGACG,6001
TCTCTCTGGGTCGGCT,5999
ACGATACCTAGTCCAT,5998
ATTGATATCCTGAGTA,5998
CTAACTTAATTTTAGA,5997
TGACCCTTATAACACC,5997
TTATCCAGAACTTGTA,5996
TTGCCGAGGACCTTGA,5996
CTCCCGATAATCAACA,5995
AAGTTTAGTCAAATAT,5994
CCTTCACAAACCCTGC,5994
TCGACCCCCGTATCTA,5994
CACCATAAGATACATT,5993
GCAAAATACAGACTTT,5993
CAATGATATTATTATT,5992
CTTTCAATAAAGGCCG,5992
CAATCGGTACAGTGAT,5991
CGTGCTAAATATCGAA,5989
GTTCACATTGGCACCC,5989
TACAGACTCACATAAT,5988
TGATAGCCCTCCCAAC,5988
ATATACAATAACAGGT,5986
CTCGTTGGATATCTGT,5985
GATACTTTGAGTCCAA,5984
GACCTCTCCAAATAAT,5983
GCTCATGAAAAGTCGC,5983
GGAACTCTAACACTTT,5982
GAAATGATTTAGGCGC,5981
AATCCCCTACAAACAC,5980
ACGTCAACATGCTCAT,5980
AATCCTGAACGTGAGA,5979
GGGACTTCACTCCGCT,5978
GTGAATTATATTAACC,5978
CACCGGGGAGCAGCAA,5977
AAGAGAACCACTTCAC,5976
CAGTGTATTCAGACCA,5971
GCAAGTATCAAACCAG,5971
ATTTGACTTTTTGATA,5970
GACAAGATTCAATCAC,5969
CAACCAAGCTGTATCC,5968
ATCATCCATGTTTACC,5965
CACAGATCTGTCCGCC,5965
GAACTCATTTTTTCAC,5964
GACATTCCAGGGATAA,5964
CACTATTCGAACTGGC,5963
CCTACAAAGCAGTGTG,5963
CGACAAATTATGTATC,5963
TAAAAACTCTAAACGG,5962
AAATGTGAAATCTAGG,5961
GAATGACCGACGTCGC,5961
CCATTATACAAGTAAT,5960
CGCACAAAAGTTTACC,5960
AATAGTTAGACTCATG,5959
CAAAGTTTCTCAAGAG,5958
TAGAGCTAATGGACCA,5958
GTATTAATAGGCCTAT,5957
AGATTTTTAGGCACTT,5955
GACGCTACAAATTCGC,5955
GTAAACTATATATCCA,5955
CCCTCGACATTTTCTT,5953
TTGAAAGCATCCAAAA,5953
CCACACACATGTAGAA,5952
AGTACTGCTAACTTAT,5951
CAAGCGATAATCGACA,5951
CCGCAAAGATTAAGTT,5951
CGACTGTGGACCGAAA,5951
TGGGAATCCTAAAGAT,5951
ATAATACCTGGCAGAA,5950
ATTCCAGCTAACGAAA,5950
ATTTGAGTTTAGGATC,5949
TTCGACATTGATATGG,5949
AAAAAGATAAGTCCCT,5948
ATCCAACCTCAGAGAA,5948
GAGAGAAGATGCGTAT,5948
TGAGATCAAGGGCGGA,5945
CATCAAGTGCTAAAAC,5944
CTTAATGATCAAGCGC,5944
CAGCTACAACCTACTC,5941
GAACGGATGATATTTG,5941
CACGGCCAGTCCTAGC,5940
TCTTAAATGGTTACAA,5939
TGACCTAGAAAAGAAA,5939
ACGCTGGAATCGCAAT,5938
ATAAACTATGGGTGAT,5938
AGGACAAAACCTCAAT,5937
CGAATATTGCGTAAAG,5937
TGCTCCGTCGAATCTT,5937
AGACGATAGTTGCTTA,5935
CACTCATACTTTTTAG,5934
GATTATTGTCTAGATG,5934
TTGCGTACGTGGAATT,5934
GGAAGGAGGCAGCCTT,5932
AAGAGAGCTCAATGCT,5931
CAGGATTAGAAAAGAG,5931
AAATTTACAAATCAGA,5930
AGCTAGCCGCGTTATT,5930
ATATAGTTTTGAAGTA,5930
CCCATTATCCAGTCCC,5930
AGCCCCTTGCACCCCA,5929
TTATGAACCCCACGAC,5929
ATAAGAAGGATGTCAG,5928
CTCTGAGAAAATACAG,5928
AAGCAAAACTATCTCT,5927
AAGAAGAAAGTGGATG,5926
ACGTCCAAATAAGGAA,5924
CTTTGGATAAAGGGAA,5924
AGAGAAGCTGGGCCAA,5922
GCTCATGTTATGTAAA,5918
ATTCTATTTCTGGCAC,5917
AACCGGCGCATAGGGA,5916
CGGAAAATACATAGGA,5916
TATCGAGGAGACAAAA,5916
ACCAACAGAAAAACCT,5915
ACCACTGTTTCCGAAG,5915
ACTGGGAACATAACAA,5915
TAACGTATAGGAAAGT,5915
AGAACCTCACACTACT,5914
GAAAACTGCAAAATGA,5913
AAGAATACCGACAAAG,5912
CACGCCCTTCTTTACA,5912
AAGATAGAAGTAAAAC,5910
ACGTACCGGTAATAAA,5910
CATAAATAAATAACTA,5909
TATACATGTGTATCAA,5908
CTCACGAGTACACTTG,5906
CTCCAAGCCATAATCG,5906
AAACTCAAGAAACTGC,5904
AAGACCCAGCATAAGG,5902
AGATTACCATATGTTA,5902
ATCAACCGATAGCACT,5902
AGTACTGCAGCCTGTA,5901
CGGTGCATATATACTG,5901
TACGGACAGAATCTCG,5901
GACAGTCGGAGGGACT,5900
CTCGCTTAACATATCT,5899
TAACTCCCCACCGAAT,5899
GATCCCTCAAATTTGA,5898
GCACGTATATCAGACC,5898
TAAAACCCACATCAGA,5898
AACCAGGGAACTAAGC,5897
ATCACAGGGCTTCACT,5896
ATTACATCAAGCCTAA,5896
TAACTAATAGAACACA,5896
TACTAGTGGCCTCTAG,5896
TGCAACTTTCCAAGAT,5895
ACGTATAATAACATCG,5894
AGCAGTATAGCTTTCA,5894
ACATTGCCTCTTTAGG,5893
CTCGTCCGTTTAAAGT,5893
GGGAAAACCGTGGTTG,5892
ATGATTCAACTCTCAC,5891
CGAATTCAGCAAACTA,5891
TCCGCTAGTACAAACA,5891
CAAAAATACGTTTCGA,5890
TCCTATTACCGAACAC,5889
GTTTGCTTTGGCCCGA,5888
TCGACACAAGCTACGC,5888
AGTTCGAGCGGTTATC,5887
ATATATTTGGCAGCTC,5886
AAGAACCCATAAACCT,5885
TAGGGTAAATATATGC,5885
TATTCCAATGCCCGCT,5885
TTGGCTAGATACGGAG,5884
AATCATTCATGGAGTT,5883
TCCGAACGTAAACCAC,5883
TACGCTTAGCTTATAC,5882
CGACCTCAGACACATC,5881
TATACAGAAGCAATGA,5881
ACACCCTAATCGAGAC,5880
AGACTAGACAAACATT,5880
GGCTAGTATTCTAAGT,5880
GTGCTTAATGAACTAG,5880
TACGACGTCCTCGACC,5879
AAAAAGAACCCTACGT,5877
GGGCGCAACGCCGGCA,5877
TGGCATCATGGCTCGA,5877
GCAAGCCAGAGAAATA,5875
TAGAGTGTCTAATAAA,5875
GGGTCTATGTTGTCGC,5873
ACAACCAAGAGTCTTG,5872
CATCCTCATCAAACAC,5872
CCAATGAGGGTGGCCC,5870
GAACGCAGGATGACAC,5869
CGCAACTGTAAATACC,5868
GATGGAGCGATCAACG,5868
GGACCCTCAAGAATAA,5868
ATCCACGAGTAAAAAT,5867
ACCTTACCAGCCTCCC,5866
GAAGTTCTAAATCAAA,5866
TTTGAACACAATATAT,5866
AGTTGCATTTCTGACA,5865
ATTAAACATCCCCAGC,5865
TCTAAACTAGAACAAA,5864
TCTGGTCATACTCACA,5864
ATGATACGTTAGCAGC,5861
CGTTGTGAATCCAATT,5860
TGTTCGATTAGACGTC,5860
CCTTTCGGATTTCGCT,5857
GATCGTCTAAAATGTA,5857
GCGTAGTGGATTTGAC,5856
TTGAATGGAAAAACAA,5854
AAACCAAGCAGTAAAA,5853
AGCATCCGCAACAAAC,5853
TACATTAAAGGAAACA,5852
CTTTAGACTCGGATCG,5851
GTTCGCAATTCAAGAG,5851
CATCTCAAGGGCTGAA,5848
GATACCATATATATAT,5846
TATCGCGAGACACCTC,5846
ATGAAAAGCGATATAG,5845
TCCGAAAAAATTTATG,5843
CTCTTTAATACCGCTT,5841
CAATCGAACCGAAACC,5840
GCTTTAGATCACCAAT,5839
ATTCTGGACAAGAATA,5838
TTAGGAGCTACGAATC,5837
AGGCGCAGGGAACAGG,5836
GACTACACAGAGCGTA,5836
AAGCAAATTAACGTAC,5834
CGACCCGGACGGTGTA,5833
TAATGAGCCGTAAACA,5833
AGTACATATGGACATC,5830
ACAGGACTACGCAATA,5829
ATTCTTACAAACATAA,5829
GACATGCCGCATATGA,5829
TAGACAACTTAATAGG,5829
AGCTAGCAGCGAGATG,5828
TTAATTAGACACTATT,5828
CCTGGAAGTCTTCTCG,5827
TGACAAAACGTACTGC,5827
CATCCGACAACGTATG,5826
ACAAAAACACTGGAAA,5825
GAAAAATCGGTCCCGA,5825
TTAGAACCCGTAGCTT,5825
TCTCCACTATTACTTG,5824
AAGCCCTAGACATTCT,5823
TGACTTACAGGCCAAA,5822
CCCTATAAAGTCTACT,5820
CAGGCAAAGCAAACAA,5819
AAATCCTCGATTTTGG,5818
CATAAATCTAACAAAA,5817
AATACACGCAGCAAAA,5815
CGACCCAAAAGTTGAA,5814
AAGTAATATTGGGAAA,5813
AGCTGCACTCCGACAG,5813
TGAACATGGTGACATT,5813
AGACTCTCTGAGGACA,5812
ATAGAAGCTAACTTTA,5811
CCAATAAAGGGACTTA,5811
GTAAAACATTACCAAG,5810
CACTGACTACTATAGT,5809
GACCGCTATTAGACAC,5809
TATTAACAACAACCCG,5809
CTGAGGATCTTCGAGA,5808
GATACTTTTAGATCAG,5807
TTACTGCGTATAACAC,5807
GCTGTGTCTGAACCAA,5805
GTATGCGCATCAAACG,5804
TTGCAACCGAACAAAT,5804
GCCGTGACAGAGATAT,5803
TAACACTGTAAAAATG,5803
AACTCCGACGAAATTC,5802
AAGAATATTTCCAGCT,5802
AGCAAGACCAGAAAGA,5802
AGGAAAAACTAGAGAT,5802
CGGTGAACTAACTTTT,5802
TCATAGCAACAAAGTT,5801
CCTCACTTAGTAGTTT,5799
AAAGCTCCCGAGTCCC,5798
CACCAGGCCACATACT,5798
CTCCCAATGATATCCG,5797
GCAAAGTCGCCAAGGG,5797
TACATACTCAAATCCA,5797
CGGGGATGACCCATAG,5796
TGCTAAGCACTTTGGT,5796
CATAAGCAATGAATAA,5794
TATTACAGAGTAAGTT,5792
ATAGTTCCGAAGACTT,5791
TCCTTTCTGATGCGTA,5791
TTTACATAACAGCGCA,5791
CCTTCCAACGAAAGAT,5790
CTAGATTTTCACCCAA,5788
AGACTGATTTTATCGC,5787
TGCGGTTGACAAACCA,5787
TTATACGCACACTTCA,5787
ATAGCTATCGTACACA,5783
CAGTCACTAATATTCT,5782
AAACCAATCGGGGTGA,5780
ACGAATAAACGTAAAG,5780
GTATTCGATATCTCGC,5780
TACCGTACCACGGTAT,5780
TAGATGCTCTTGACAC,5778
AGGGAATGTATGCTTA,5777
GGCAGTCAACTTGTCT,5777
AAACCATATTTGAGGC,5776
TATTCGACTAATGCAA,5776
CACAAAAACTAATATT,5775
TAGAGACATCCGTGGG,5775
TGGGGACGGAAAAAAA,5775
AACAGCTAAATAAGAT,5774
AACTCATAGAGAAACC,5774
ACAATTCACTTCTGTA,5774
TACTACCGCCCGGGAA,5773
CAGAGTTAGCTGAGAC,5772
CCAGTATTCAACAAAC,5771
TGATAATACCCAATCC,5771
TCACGCTGGGTCCTTA,5770
TTGCTTCGGATCAGGT,5768
CCTTCTATGCGCCTAG,5767
TTTGACCCGTTTACAA,5767
GGGGCAGAATAGAACT,5766
TAACACATGACGCGTG,5764
CCCACAACCCAAGGTG,5763
TTAGGGGATAACAATG,5763
AAACCCGCATACCTGA,5762
AACGTAAGTCTCAATG,5761
AGTCTGAACTCCAAAC,5761
ATTTGACCACTGCAAT,5760
CGGACAACTAATAGGC,5760
CCGACAACTCGGTAAT,5759
GTAGCTGGACCGACTT,5758
AAACCAGTGAATATGA,5757
CTAAAATGCATACTCA,5757
AGAGTAAAGACGCTAA,5756
GATCAATCCGTAATGC,5756
TTCAAAGATTGACAAA,5756
AGTGCGAAGGCCAACA,5755
GACGTAAGTGCCAGTG,5755
TGCCATGGAGAATATA,5755
TTTCGCAATTTTTCTA,5755
TAATTTGATCACGGTT,5754
CAATATAGATCCGACA,5753
TATTTTGAACCATCCC,5753
ATTGAAGGTAGCGACA,5752
TTGACGAAATATGGAG,5752
AATAAACCCATTCTAC,5750
CCGGAGGGCGACAGGT,5750
TTCAGAACGCGTGTTG,5749
CTGACAAGCCCACAAT,5748
TGCATTTTCAAGCATT,5747
GTCAGTGATACTATAA,5745
TAATGTACTCTTAAAT,5745
CTACGTAAGACAGAAA,5743
GCAATCAAGAACTCCT,5743
AAAAAAGCTTAAGATT,5741
GACTCAAACGAATAGC,5741
GTTAACCCAACACAAG,5741
CGATTTCTTAGTATTG,5739
GGTCATACTAACGATG,5738
TGCTAAAATCAGAAAT,5738
TACAATATCAGCCAGC,5737
AAAGATTCTCACATAC,5736
GACAAGATAGAGAATA,5735
TTTATTCCTAAAGTTA,5734
AAATACACACTGTAGT,5732
CATGGCAAAAAACATA,5732
ACCAACGAGCTTAAAA,5731
GAATTACATTCTCAAG,5731
TCACCGGACGTGTCAA,5731
TTTCTAATCAAAGATA,5731
ATTAACATTAACCGGT,5730
CCAAAGGTCGGTTGAC,5730
GACACAGCAAGTCCGG,5730
AGCTTAACAACGAAAG,5727
GATACTGACATAAGAT,5727
TACATATCTCCACGCC,5727
AAAAGGAGTCCTTTGA,5726
CGATTAATATCGATAA,5726
CATATGCCAAGAAAGA,5725
GAGCGGACCAATCTAG,5724
GAGGCCCCTATACAAG,5724
ACCAAGACTTTAAATC,5723
AACCAACAGGAAGAGT,5722
AATAAATCGGTCAGGA,5722
GATTTACTAAGGTTTA,5722
ATAGAGTCAAATAAGA,5721
TACCTACGTTTATTTC,5720
TTGAGCTAACGATAGA,5720
AGGAATTAAAGGCACG,5719
GTAGAACAACAAAAAG,5719
AATTCAGAGGAAGTCG,5717
CATTCAGCGTGAGACG,5717
GAAGCTGCCCCGCTCC,5717
AAAAAGCGTTGAGCGC,5716
CAGATTGACATTATCC,5715
TGACTACTATGATAGG,5715
CCACGTCGGGGCAGTC,5713
CTCTCCCGAAAGAAAG,5713
CAGGGCCCACTGTTTG,5711
TAACAGACCAGTTTTG,5711
AACATTAGCCCCCAGT,5709
CAATTACAAATCCGCA,5709
TAACGAAAAAAGATCT,5709
TGTAAGACCAGATGAA,5709
ATAAAGCTCAGCATTA,5706
GGTGATTCAACACCGA,5702
TTCGGACACTACGTTC,5702
TTAAAAGTGTACCCGT,5701
CACCAATAGACCTGGG,5699
AAGCATGTAATAGAAA,5698
AGGGCGAGGACATCGG,5698
CATTAAAACTCGTAGC,5698
ATTACGCAAGCGGACA,5697
ATAATGTCAGCACACC,5696
CTGCTCAGAAGTATAT,5694
AAAGAACATGCTTAAA,5693
ACGAATTGTAATTGGC,5693
ACGCGGCCCTTCAACC,5693
CAAAATATTTAGTATT,5693
AGAACCAGAGAGGCTA,5692
ATACTGAGACATCTGG,5692
TCTCATAGTAAGACTA,5692
CTGCAGAATATGATTT,5691
GTAACTCAAAATTGAA,5691
CTCATGAGCACTAAAA,5690
GAGACGTTCGACTAAC,5690
AGCTACTGTGCCGATC,5689
ATAAAGCATTAAAAGT,5689
ATAGGCAATAACTGTA,5689
AAGAAAATTTATAAGG,5688
AATATTCACTAGACGA,5688
CTAGATGCAGCGCAGA,5687
AATGATTGTACCACGT,5686
GAACCATATCTAAGAA,5686
GATTAGAGCGCGATCT,5686
GTTGATGATTGCCCGT,5686
ATAGACCGTTTAAGCC,5685
AAAGCTAGGATGGAAA,5684
AGCATAAACATAGAAA,5684
ACAGTGATTTACTTTG,5683
AAAATGCAACGTCAAG,5682
CGAAATGTCTCGAGTC,5682
CGGGGCTGATCGATAT,5680
GTTTCATCTCCATGGT,5680
AGAGGATCTACTTAAG,5679
GAATACCACGCGCACC,5679
TTCGCGTAAACCCTCT,5679
CTTGGTGAGAGGTAAA,5678
GAAGGAGTGGGACTCT,5678
AAGGCATCCATATAAC,5676
CAGCCTTGATTTTCAG,5676
CTAAAGTTCCGACTCA,5676
AAAAAGATTGTTAATA,5674
AAGGCGCCTATCTGTA,5674
CGGACGCAAGTTGTTA,5674
AATGCAAGCTGACGCT,5672
ACGAAAGCCATAGACA,5672
AAAAAATGATGAGCAA,5671
TAACAGTGCTGAACTA,5670
ACGCTCATCCTGGCCC,5669
TAAAATCGTTCTCCTA,5669
AAAGTCTGAAGCCAAT,5668
AATAGTTACCCGCATG,5668
CATAACATCCTACAAG,5668
TCATATTAAATTCATA,5668
AATCCGTAAGACTGTT,5667
ACACATATCATGTAAA,5666
CGAATGGGTATATAAG,5666
GGAATAGACTTAGTCT,5665
AACACTCAGCTCTAAG,5664
ATTCAGCTCTTCCTGT,5664
CTAATAAACTGACGAG,5664
GACTATCGCTATACAA,5664
AATGCCGAAACTATAG,5663
AGCGATATTTTGTATG,5663
CAGACGTACTTTAATT,5663
CCATGGGCCTATTGTC,5662
TTAATTTATTAGAGAA,5662
GGATACAAAAAAGTTA,5661
AAAAGATAAGATCAGT,5659
TCCATGCCTTAATATA,5659
AAAAAACGCCCGGATA,5658
GTTTAACGCCTAAGCA,5658
TATGTCAAAATACATA,5658
AATCCACACAAACGTT,5655
ACTAACATTTTCCTTG,5655
ATTGATAACCTAATAA,5655
CTTCACAATAAGATAT,5654
TGGCATACAAGATACG,5654
CCAAACAATGGCAACC,5653
ACGCTAAGTTGAATGA,5649
CATAGCAATGTGCGCC,5647
GGAAATATTTGGTTCC,5647
TATAATAGGTAAAACC,5647
TCTCAATCCCATCAAA,5647
TCCCGAGATCCCTGAT,5646
GAAATCAACATGAATA,5644
AATCACTTTAAAATGC,5643
AACATGAATCAAGCAT,5642
AAGATGATCTAGTCGT,5642
GACGAGACGAGAATAA,5642
GATATTTAAAATACCG,5642
TACGATCTATCACCTA,5641
CGTTCCTATACAACAA,5638
TGCTTTAACTACAAAC,5638
CTGGATGTGCGTCAAA,5637
TACAAATAAGGCCACA,5637
AGTATACCATACACGA,5635
GGCAAATTGTCCAACT,5635
TTTCGATCAATTTAGT,5635
ATTGACTCCCTAACCT,5634
GACAATTAATAAGCAA,5634
GGCAATCTAAAAATGA,5633
TAGAAAAACCAAGCCG,5633
CTTATTATGTGGCGTT,5632
AAAAGAAACACAAAAT,5631
AAGCAATTAGAATGAA,5631
TCTCACACTAACTGCA,5631
ATGAGCACCGAGCTCT,5629
CCCTCACTAATAATGA,5629
GTATTACGTCGCGGGC,5629
CGAGCCGAACTGAAAA,5628
TTCCAATGACTTCACG,5628
CCCGTATGGAAGGATA,5626
AGCGGCCTCACCAAAC,5625
GATGGGCTTCTCAGCG,5624
TCCAAATACAAGTTAC,5624
AAAAACGTATCCTGAT,5623
ACTCACAAATTGCATT,5621
TTCCCAATCTACAACG,5621
ACGCAGTTAACAAAAA,5620
CCCTCCATCAGGCGGA,5620
ACAACTCTGAAGTGAC,5618
GTAAAGAGTCTCGAAT,5617
AAGAAGCGTCCTTGGA,5616
AATCTCGGTTCGAACC,5616
AAAAGGTGAAATACCA,5615
AATTCACCCGCAGAAT,5614
GTCGACAATATCCGAA,5614
TAGTGACCCGAAAAGG,5614
TCATCCTTATAGATCC,5614
AATTTAGTCAATCCGA,5613
AGTCTTACAGAACCAT,5613
ATAAACACCGATACAA,5613
TATCTGGGACTAAAAA,5612
CAGTATGTATTACATA,5610
TAGACCTACTGTTTTC,5610
AACGTTAACTACATAC,5608
AGACTTATTGCGTCTC,5608
GGGCGGATAATTCTAA,5607
TTATAAGTTACTGATG,5606
CTCAGTATCATCGCGG,5604
GAGGGTACTGACCAAA,5604
CAGTTTACTGCGCAAA,5603
GATGCCTTTAGCAGTT,5603
GATTCAACTTGGACAT,5603
TGGCCAGGAAGCATAA,5602
CCGAGGTTAAACCTTG,5601
GTACATTCAGGGAGGC,5601
TGATGGTGTAAATATT,5601
TCTAGTCGCCTAGACC,5600
GAAAGTGAAAGTGCAA,5599
TGTCGCGGTTTAAAAC,5599
AGGTCCTCGAACATAG,5598
CACTACTTGAATTAAC,5598
AAGTATCCCCTTGAAT,5596
TGATAAAAAATCACGT,5596
GCTCCTAACCACCCTA,5595
AAGATCAAGCTGTTCA,5593
ATAACGATATGGCAAA,5592
ATACAAAACCTCGTGG,5592
ATGCAATCTCTTCAGA,5592
GTGGGGTATCATAGAT,5592
TGCTATTGTAACCCGC,5591
GAACATGAGAACTATA,5589
AACGCGGCCACAAGCC,5587
GTTACTTGGAAGTACA,5586
AGCACCCGACGTGCAG,5585
GCTTACACACCGTATT,5584
GGTATTCGCAATACCA,5584
CCTATGGTGTAAGACA,5583
TTAAACGTATGCCATA,5583
TTGCATAAAGCGGCCC,5583
AGTGTGGAACCTTGCA,5582
CAGAGAACACATAGTA,5581
TGCATCTAAAAACCTA,5581
CGAACTATAAAATAAG,5580
CGGAAGTTCCGTCTTA,5580
GCAACTTGATGCCGGT,5579
GGAGTTCAAAGCGTGA,5579
ACAATTATGATACAAC,5577
AGGGACTTATACTGCC,5576
GCTGCTGATAGCAAAC,5576
AAAGCCCCATACGAGA,5575
GGCACCTACAGAAATG,5575
ACACTTTAATGGAGTT,5574
AAGTTTGAGTCTTATT,5573
ATACCTTCGCCGAAAT,5573
CCGAGCACTCCAAAAA,5572
GGAAAAATTAAAAGGA,5571
CAGGCTGGACTTAACG,5570
TAATGTAACCATTACC,5570
CTCACAATGGAACATA,5569
ATTACGACTAACTCTT,5568
GATACGAGGACCATAC,5568
TAAGCTCAAATCTCTC,5568
TCAGCTAAAATCTACA,5568
AAGACTGATACTAACC,5566
TGCCTGAAACGTCGCA,5566
TTATTATCACGAGCGC,5566
CAGTTAAAAAACAACC,5565
CGTCACCCAATGTTCT,5565
AATACAGCTATAGGGA,5563
CTTCAACCTCAAAACT,5563
GGAATTTACATGTATC,5563
CCAGAAGATGAGATAC,5562
ATATCCATAGCAAAAG,5561
TCATTATGAAACCCCG,5561
GTATGACGAGACCTTA,5560
ACATATAAATAGTATC,5559
GCGAGAGAGACTGTGA,5559
TAACAATTACCTTATA,5558
TGCCTCTCGGACTCAG,5558
ATTTAGGTCTCAAGCT,5557
TGCAACCCAAATGCGA,5557
CTACTCTGACCAACAA,5556
GTGCAGCCAGTCATCA,5556
TATGCTAAGTCTATTC,5556
GAAAACATACTTGCGT,5555
TTTCATAGCATCAACG,5555
AGAAACTACCACACTA,5554
GATCAATCCTACCATA,5554
GCTCAACGTTGGAAGC,5553
AAGGAAAACCCACTTA,5551
GTCCTGACGGATTGAA,5550
TTATACTATTAATCGA,5550
GACGCTAAGTACCCTC,5547
AAATCCCGTTGTGAAA,5546
TAAATTCATTAGTAGA,5546
ACTCTAAACATTCGTA,5545
AGATTCGGCAATTTTC,5544
GACCACCTTATATGAC,5542
CCAGTCCAATCAAGAA,5541
TGTGCAATGAACTGAA,5541
ATCCCAGGATATTGGT,5539
CAGCACTGATTTGCTG,5539
GATTTTGATGCACGAA,5538
CAAAATATTGATTATA,5537
GACGTGGATAACTTCA,5537
TAAAGATACTACTCGA,5537
GAAAGACTCTCTTACT,5536
GCAACGAGAGAGACTT,5536
CGATCGGGACACCTGA,5535
ATGAATACTGAGTTAT,5534
TCAGGAAAAAAGCAAC,5534
TGCCTCTTGCGTGTGG,5534
AAATTATGTTTAATGT,5533
CTAGGCGTCTAGAATA,5533
TGCATCACGTTCCTTT,5532
AGAAACTCAGTTACGT,5531
CGAGTGATGATCGCAT,5531
GTCTCAGCACCTAACC,5531
ATGCCAACAGTTACTC,5530
TCAAGGATATCCGTGT,5530
AGGCAATGAAACTCTA,5529
AAATAGTGCTGTTAAT,5528
AACAATCTTCTTAATA,5527
ATACAACCGCTGACAA,5527
CGAATTAAGGAGACCC,5527
AAATCGGCTGCGCAAA,5526
ACTTTATGCGCTAGAC,5526
CAAATAGAATAGGTTT,5526
GTATAAAAACTATCGG,5526
CCCGAACTTGCATCCA,5525
TCTTGAATAAGACACA,5525
TTACTGCATAGAGGAA,5525
AAATTAAATGACTTAT,5524
ATCATGTAAACCCAAA,5523
CACGGTAACAACGGAA,5523
TCTACCAATTACTAAA,5522
TGGTTAATTAATTGCA,5522
AGTTCGTCAATAATCC,5521
CTGGAATGGTTTGGAT,5521
ACAGATATCCAGCTAC,5520
ACGGCTCCCAAATGAC,5520
AGCATCCGTGACTTAG,5520
ATCGACTAGAACGTAA,5520
CTATGCCGGACTCGCC,5519
CTTGGGTCTACGTCAC,5518
AAGCAAAAACATCCAT,5517
AGGAAAAGCATATTTC,5517
GACTACCTCATTTACA,5517
AATGCAACGAAAACTC,5516
ACATTATTCCTCCACT,5516
GGTAAAAGGACTAACG,5515
GTTTCTACTGCTTGTT,5515
CAATATACTTCATCCT,5514
TAGGTGATGCGAGCAT,5514
TTGCGAACATATATTA,5514
AGACACCCGCTTAACC,5513
CAGGTGTTAAGTTAAC,5513
GCATAACATGCGCCAC,5513
TGACAAAAGCAAACCG,5512
ACAAGAACGCCTTAAG,5511
ACACATCCAGAAGCGC,5511
TCAGGAGTACATGCAA,5511
AATGCCTGACAATGCA,5507
TTGCAACTCATTAAGG,5507
CAATACCTTATCATTT,5506
CCCGCGTGTGCCCGGG,5506
CTCACACCCTAAGGTA,5506
CTCCTGATATCCCCAA,5506
CGGACTCATCAACCCT,5505
AGCATCATGAGTATTC,5504
CCTCATTCTCCATAGG,5504
AGAAAGGACCTGACTA,5503
ACATTCAATATTAATT,5502
CAATTAAAGTAATCCG,5502
CAGGTATAAAGTGTAC,5502
GGCTTCAGAGTTTCAA,5501
GATGGTATCCCCAGCA,5500
AAACCATATGCAAATA,5499
CGGATGAATAACCAAC,5499
AAAGCAAATTACCGAA,5496
ACTCAACTCACTTATA,5496
GACAATAGGCCTACGG,5496
CGGCATCCATCTCCAG,5495
ACTCAAGAAACCCATC,5494
GCAGGCAAAACATTCC,5494
AGTTAAATCAGCTGTC,5493
TCATTATTTTTGTGCA,5493
AATTATAAAAATTTAA,5492
CCGAGCTTGTGAAACA,5489
CGTAGTCTAAGAAGAA,5488
ACCCATATGGTGCAAC,5487
CGCTATCCGGGGCAAA,5487
TACATCTAATTAACAC,5486
CCTCGTAAAGGAAACT,5485
TAAACCTAAATGCTGC,5485
AGGCTTGGAGAACAGA,5484
TCCCCGGATATATTCC,5484
ACAAACTGATACCTAC,5483
CAGATACTAAGAGGTT,5483
TTATACCCTTTAATAT,5483
GACGGAAAAACCCAGT,5482
TACACGATCCGCAGGC,5482
ATTATAAAGTAGTCCC,5480
TATATCGCATAGTGGC,5480
TAGGGTGTAATAACTT,5478
TCGCCCAATGTAACCA,5478
AAGACCATTTATCCAA,5477
AAATATAATCTAACCA,5476
CAGTAACAAATGAAGA,5476
TAAGTAAGCCTTAAAA,5475
GGAACATTGTTGCTAG,5473
TCACGACAAAAAGCAC,5473
CACTGAAGATATGGCG,5471
GAGTGAAAAAAGCTAG,5471
CATTCTTAAATCCTAA,5470
CCAAAATGCCCCCTAC,5470
TACACCAATGAACTGG,5470
AAATGAAGGTTAACAA,5469
AAGACATGCTAGCATA,5469
GGGGACTACCTCAATT,5469
TTCGGAACACATCAGA,5469
TACAATAGTAGCGAGA,5468
CTAATTCCTAAAAAAT,5463
GCAAAAAAAGCGGTCA,5463
TGCGAATTTACTGATA,5463
TAAGAACCCTTAGCCG,5462
AAAGGTGATCTTCGAA,5461
ACTCCTAACTGTTTCG,5461
TCCACTTAGGTCGGGA,5461
CACCAACATTATTTTC,5460
ACATAAGAAACGGAGT,5459
TTTGAGTATAATATGT,5458
CTGGAGGTCACACACA,5457
GAGGTTTACTTTAAGA,5457
AAGCGCCAGTATAAGC,5455
CAGAACTCACTCCATA,5455
TCCAAAACGAATTACA,5454
TTCTACCGAACAGAAA,5452
TCCTGGTATAGGGGGA,5451
CTAGCGAGCGTGTGAT,5450
AATAAGAGATCTTCTA,5447
AATGGACCACTACGGA,5447
TAAACATTATGCACTA,5447
ACCTCAAAATAATAAT,5446
CTGCTGGCCCGATTTA,5446
TCAAAAATTAATCATG,5446
AACTCCAAGTCAAAGA,5445
TGCCCGGAAAACAGTG,5445
GGGCACGAAGAAATAA,5444
TTTGATGAAAGCCAAT,5442
CTCGATCAGAGTGAAT,5440
GAGGTGACATTCGTCA,5440
TCAAATGTCACGCTGT,5439
ATAGCCGACACACATA,5437
AATACTAACTCACTTG,5436
ATAGACGTACTAACAG,5435
TGAAACGACCAATAAC,5435
TTTGCGGTTAAACTGA,5435
CCCTGTTATAACCGGG,5434
TAACAAGACCAACAAC,5433
GGTAGCCGCGATGCCA,5432
TTATCCACAGACATAA,5432
ACCTCATTATGAAGCA,5431
GCGATTATAAATTCCA,5430
TAGTATCAACCTGACT,5430
ATAACAACGGGGTGAT,5429
ATTAAAAGCACCATTA,5428
TAGAGTGACCCTTGTA,5428
TTTCGCGTATCTTTAA,5426
TCCCTGATAACACCAA,5424
TCCGCCGTACTCAATC,5424
GTTTACCAGGACGGAA,5422
ACGATGAGCCATACAA,5421
AGTGATTAACTCCGCC,5421
ATCAAGTCAATATAAC,5421
ATGTAACCAACAGATC,5421
AATACAGCGAAGAGCC,5420
AATGTTGTGCCAAGAT,5420
ATGAGGGTACAATAGG,5420
GACAAGATCATTAAAA,5420
TTATTTGACATGCAGG,5420
AGGTAGCAGTTATACT,5419
CCAGTCAAAACGTAGC,5419
AGCGATATACGACGAA,5418
CAAACCCCCAGCTAAT,5418
AAATATACATTCAAAT,5417
ACAATAAAGCAACAGT,5417
CAATAAACTCAATTAT,5417
CAACCGCAAGCGACCA,5416
GTAGCAGAAGATCAAA,5416
TCAAATCTCCAATTAC,5416
GATTCTATTCGAATAA,5415
TTAGTTTGGTATACCC,5415
ACACTTTGCTTTAACA,5414
AGGTACACAGATTGGC,5414
TCACAAGTATTGAATC,5414
TTTCTCAACGCCCGGA,5413
AAAAGTGACACCCAAA,5412
AATACACTAGCGATTG,5412
AATGAATAACGTACTT,5412
CAAAAATCCTATATAA,5412
TAATGTGCTTACCGGT,5412
CAGCGCAGAAGACCGA,5409
GAATCCCATGAAAAGA,5409
TGCAACCAGAAGCGAG,5409
TGTGGTTACGGTGTTA,5409
GAACCCTAAAATGCGC,5407
TTAGATTCAAACCTAG,5407
AGGCGTCAACATGCCT,5406
GCAAAAAAGCGATACA,5406
TTACTTGTCTCTTACA,5406
CTGTTAATTTAATAAA,5405
AAGTTGACTTGGTCTT,5404
TGGTATCGAATCTATA,5404
TTATTGTGTATCACCA,5404
AAAGACTAGGGGCTGA,5403
GGTCTTAAATGTGTAC,5402
ACTAACAACCAAATTT,5401
TCACCGGCTGTCATAT,5400
ATTGTTATTCAAGAAA,5398
CAAAAGATAAAGCCCA,5397
AAAGCCGACATCGTAC,5396
CCGGCTGATAAAACGG,5396
TCGCTGCAAGACATAC,5396
ACCTCCTAATATTATT,5394
ACAAGTTGAAACAACA,5392
CACGCACTCTGATGTG,5392
AATACATAAGCCCGAA,5391
CAAACCAATTCAAAGG,5391
CCACTGATAAAGGTGC,5391
GGTCAACCTGGAAACC,5391
TAATCAAGATAGCACA,5390
ACGAAAACTTCAAGTT,5389
GAAGAAGCCGAGAGTA,5389
GGAGACAATAAAATAA,5389
AATCACGAAGGGAGGA,5388
CACCTAACATAAAGCC,5388
TAGAACATTGCTCAAT,5388
AAAGACCCGACCAACG,5387
ATAAAAAATCCAATGA,5387
TAAGAGCAAATTAAAC,5386
TCTCATACATGGACTT,5385
TCCTCGACACTGTGGC,5384
GGTCCAGAAATCGACT,5383
CCGGATAGTGGTATTA,5382
GATTATGTAACCGGAT,5382
TATAGTCGCACTAAAA,5382
TGAACGACTTGAGGCT,5382
GCTAACGTTAAATGCG,5381
AAAGAGTACCAAAAAA,5380
AGTTAAAAATTTAAAT,5380
TGTACCCCAGAATCAC,5380
CTACCCCTTGATATCC,5378
TACACGCGCAATATTT,5378
CGGGATAGACCCTGAA,5377
AAACCGATATTTAACA,5376
AACTGAAGAGCATATT,5376
CAGTCCATTACGGGTT,5376
CAGTGGGGCTTTGTTC,5376
TAACTAAACAATATCT,5376
CACTATTTATAATATA,5375
ATTCGGCATCAATTGA,5374
TTGTAACGTCTCAAAA,5374
AGGTGAGAATCTTTAG,5373
GACATACTTGATACTG,5373
GATTGTTCATCTAAGA,5373
GCAAGTACCTCGATCG,5373
TTCCCCTAGAACACAG,5373
CAGTTTGTACTAACAT,5372
CTTGCACCGAAAAAAA,5372
GATCATACTTAGGGCA,5372
AAACGAAAAGAATGTG,5370
TACCTACAAACTCATA,5368
TATGCTTCATCCGTTC,5368
AACCAATTCAACGAAA,5367
GAACAACGAAACCTCG,5367
GATTACTAACAGTCTT,5366
TACGGGCTAAAACAAT,5366
TAGAAAGATGAAATAT,5366
ACTCACCAGCCTTTGC,5365
ATTTAATAGTAATAAA,5364
GAAATGTAACTCTGGA,5364
GAATGGTGTTAACCAC,5363
TCCCCACTATGTAAGG,5363
TCCCCAAAAGAGATAC,5361
AAGATGTTACAGACTA,5360
CATCTGCTCCTAATCT,5360
CCTCGAGCCAATCTAC,5360
AACTAGAACCATCCAT,5358
TCGCCTTGATTAATTA,5358
TGCCCCAAACATGTTA,5358
TTGGCAGCTAGTACCT,5358
TTTAACACTGGAGCGA,5358
GGCTCTGATTGTCCTA,5357
AGATCAAATGCTTTAT,5356
ATGAGAATACAAATAA,5356
CCGGCTTATTCAAATT,5356
CAGGCAGAATGACGGA,5355
CTTTCCTAATATTTAA,5355
ATGAGCCAGTCTAAAG,5354
ATATTCTTCAAGGATT,5353
CCAACGCATAAGCCAT,5353
CGACGCTATGCTATAA,5353
GGTCATGGTAGGTACT,5353
ATCAAGGTTATTTGAG,5352
CACATTTCTGAAAAAA,5352
CGAATCCTAAGTTAGC,5352
GGATTCAAACAATATA,5352
GGCAGAAGAACCAATA,5352
TTACTAGAAACATACA,5352
ATACCAAGATTGAGAT,5351
CCTGTCGGATGTATGA,5351
TCCTGCTGAAGAGACC,5351
AAAAACATCCAGTCGT,5350
AAAAGCACAAAAATAG,5350
CTTCACACAAAGGAGT,5350
TACATTATATCATAAG,5350
ATAGCAATCAATAAAG,5348
CACTTGACCGATCGCC,5348
CTCTAAACGTATACCA,5348
GAGAAGTAGGGCTAAA,5348
TATAAAAGAAAAAATA,5348
ATACGCAATTCGTTAT,5347
CAATATAGCAATAGAA,5347
CTACGTTTCCATGGGA,5347
TTGAACAGCGAAATAA,5347
GAACCAAAAGGAGTAC,5346
TGGGGAATAAGAAAGC,5346
CAAATTCCTCTTAGCT,5344
TTACTAGCAAGAGACA,5344
TTGTATATCCTGAAAA,5343
AGATCCCGACAGCAAC,5342
ATTAGAAGCAGAGGTT,5342
CAGGCAAAACGAAGGC,5342
CGACAAGTGATATTAA,5342
TTTAATGGAAAAATTA,5341
AATGCGTAAAAGAAAC,5339
TCTTAAGGATATATTA,5338
AACACTTACGTAACCT,5337
AAAAAGAACCACCAAG,5336
ACATACAACTCTCGTA,5335
AGCCTTCATGACCGAG,5335
TTCGCTTTAAACAACC,5335
AAACAGAGCTTACAAG,5334
CATAGAAACACTAAGG,5334
TATAGACAGCCGTTTC,5334
TCTATATAGACAATCA,5334
CACTGCAAAAATGAAC,5333
TTAAGACAATTGAACT,5333
GCTGACACTATTGCGC,5332
TGCGAAAACTATAATA,5332
TGCTGGAGAAAAGCTA,5331
CGCGATTGCGAACCTT,5330
CCGTACGACCACATTA,5329
CTGGCCGGGTGAACAA,5329
TACTTAAAACAACTAA,5329
AATACCAATACAATTA,5328
ATGAATTGTACATACT,5328
TCATAGTAACTTGTTT,5328
AACTAGAATCTATTGA,5326
AATCGAAAATGAAAAC,5326
CTAACTACGCAGGTTT,5326
AACGCGAGTTACGGCC,5324
GACCGAAAGCATTTGA,5324
GGATAGCCAACAAACC,5324
GCTTACCCAGGCCAAC,5322
AATAAGTAAATACGAA,5321
ACCTCATGAAACGGCG,5321
CCTAACCTGTATGGGA,5321
GATAAAAAAGTGTTCT,5320
AAATTAAAAGACGTAC,5316
TCACACAAAACACCGT,5315
AACAATTTGATTACAC,5314
GATTTCAGCAACCTGC,5314
ATCGTAAAAAAGAAAG,5313
GCTTTAATACAGGGAA,5313
AATGATTTGGGACCTT,5312
ACCCACATATACAGTA,5312
CCATCTTGCACCAAAG,5312
GTTTAAGGAGCAATAA,5312
CACTAACAGTAAATAG,5310
TCGATTATCATCAGGA,5310
CTGTGAACAAGCCCAA,5309
AAACCGTGAGCTAGAC,5308
TCATTACGTTTTAACA,5308
ACCATGCAGTTAATGA,5306
TGAGTATCCACAGGTT,5306
AAGAGCATAATGTCAT,5304
ACTTAATTTGACTATC,5304
CATATCAGAAATTTTT,5304
GAAATTAGAATTTTAC,5303
ATTAAAACGTTCACAC,5302
ATTGTTAAGTGAGATG,5302
TGACTTAACAATATAC,5302
ACTAGGAACCTTAATA,5301
ATTAAAAAAAAACTAT,5301
GATAAGCCTCGGCACA,5301
AACTTAACAATCCAGA,5299
GCAACTCCGATCTACC,5299
AAACTCTTTAATTACG,5298
ACTTGGAATGAACCTG,5298
ATAGCCATGATAGTCT,5298
CGCCAACCACTGATTA,5296
GAGACTGCGGTAAACA,5296
TGTATGGAGCCGATTA,5296
CTACATGGCACCACAA,5295
ACATTCTTATAGTGCG,5294
ATGACGCAAATCTATA,5294
CAGCATTTAGAATTAA,5294
ACAAAGGTCATTTGCA,5293
AGTCCAAGTAAGACCT,5291
AAAGTCCGACATAAAC,5290
AAATATAAAGCTTCTA,5289
AAAATTAAGCTAAAGA,5288
ATTGTCTCAAACGGTA,5288
CTCAGAATCCAAAAGC,5288
AACATAGCAGTCTTCA,5286
CTTGACCAGTATCGGA,5286
TGCAGGAATCCAGCTA,5286
GTTCATACGTATAAAG,5285
CGTATGCAAATAATAG,5284
AAGTTTCCTTTCTCTA,5283
ATAAAAAGTTTAGCCT,5282
AAGGACATCCTGTAAA,5280
AATAAGAAAGAGAACG,5279
GAATCGCATAAAAACA,5279
GACCCATGAAGAAAGG,5279
TGAGACTACCAGTAAT,5278
AACACATAATCAAAGT,5277
TCTCCAGTATAGCCGG,5276
AAAAGAACTCAACAAA,5275
TGTATAGCAATTAGAC,5274
CGCTTCGCAACCAAAC,5273
GTTCCGTATATCATTT,5272
TGCGTCTCGCGTAACA,5272
CACGCCATTGAATAAT,5271
GTATATCAAGCAAGAA,5271
TAGTGTAAAATGGAGT,5271
TGAATTATATAGCAGT,5270
ACACTAACCGAGATTC,5269
CACTTATAAACTCATA,5269
GCATACAAAGAGCAGA,5269
CCCTGCACATGCTTAA,5268
AACGATGGGACCTATG,5267
ACGGTACCGAGTGGCA,5267
ATTGCTCCCGGAAAAC,5267
AGACCAATATTCACAA,5266
TCCCCGTACAGATTCA,5266
CACTTCAAGTCATTAA,5265
TTACAAACTTCCACAA,5265
GAAAATACAATTGGCG,5264
GATCAGTTACTAGAAT,5264
ATGAGCCAATACAAGA,5263
GAATAATAACTGTCCT,5263
TTGGAAAGATGGGCCC,5263
ATCCGTCCAGAAGTCG,5261
GAACTAAGGTAAAAAA,5261
GAATCACAATTTCTAC,5261
TTCGATAGTACACCTA,5261
TTCTAAAACGCTGATA,5261
ATAAGGTACAGTCTCC,5260
TCTACCGTAATCAAAT,5260
ATAACAAAGTATATCA,5259
ATGAAAACTGAAATCA,5259
GTGTAACCAGGCATAA,5259
ATTTTCCATTCGAAGT,5258
TACTAATGTTTATCCG,5258
TTCGAAAATCTAAACC,5258
AAGATCTGACCTGACC,5256
CCAGTGTCTAACTATT,5256
GCGCCAAACATCCAAT,5256
CCTAACAGACCTAAAG,5255
GGCATAGACATTAGAC,5255
CGGAGCCTAAGCCAAT,5252
GACTTCACCAAGGTAG,5252
TAACCAAAGGTACCGA,5252
AAATCCATCTATACCA,5251
ATCAAATTAAACCCCA,5251
GTACTTAATATCGTGT,5251
TGCGCTGAAAAAATCT,5251
ACACGTACATACGTTT,5250
AGAGATATGGCGAATT,5250
GGTCATACAAGTGCAG,5250
ATGATTCAACTTTACT,5249
CAAATGTAAAAGATGA,5249
CACCATCATGCTAGGC,5249
TATGCAGCTACCACAA,5249
ACCTTCTAACCTAAAT,5247
TTATGTTGAAGCAACA,5246
AAAACATTACGCTTGA,5245
TAGTTCGGACGCAAAA,5244
ACATAGAGTGTCGCAC,5243
GTTTCCTTTACTTGAG,5243
GCATTCCGTTAAAAAA,5242
GTCAATTTGGTGTTAT,5242
CGCAAGTCCGAACATG,5241
GTGAAGACACGCGTGT,5241
GTTTAAGAGTAATAAA,5241
TCTCCTTATATACAGC,5241
AAGTCGCTGCAACGAT,5239
GCTTAGAACTAGACAG,5237
TAGGTCATAAGCAGCC,5237
AAATTTAATACTACCT,5236
AATGATTCCTAACGAC,5236
GTGGGACTAACGGAAA,5236
TATCTATGAGAAAACC,5236
AACAATATTTTCAGCA,5235
CCAAACATCGGAAAAA,5234
AGGATACAACCTATGA,5232
ACCAATAAAATGTTCG,5231
ATCGAAGAAATGGTAC,5231
GGGACCATACACATGC,5231
TCCTTCCGGACATCCC,5231
AACAATAACATTCACC,5230
AATACAACTAATTACA,5230
ACCTGATGCCTTTTAA,5229
CACGATCTATAATATA,5229
TGCAGACATTGTAGAA,5229
AAAGGAACCGCTTCCA,5227
AATTTTAAAAACAACC,5227
ATCGCAGTCACTGAGA,5227
CTGGATAGTGTTCACA,5227
TTACTACATCCCACTG,5227
ACACGTACATACGGGT,5226
ACCAACACCTTGAGTT,5226
CGACCAATTACATTGG,5226
GGAGACAGCACGAACG,5225
AGCACATGAGTCCCAA,5224
CCTCAATTTTTGAATT,5224
TGTCAGTATACCTAAT,5224
CCTGATATAAACTCAG,5223
ATCTCCCGAATGTCCA,5222
CACGCTAACTATCATG,5222
CCGAAAACCATCGCGA,5222
AACCGCCTTAGACCGC,5221
CGTACTTTTGCCATTC,5221
GATTACCAATGCCTGT,5221
AACACAATAAGATGTG,5220
CAATACAGGACTTATG,5220
TATTAATGACCACTGA,5220
CAAATATACCACGCTT,5219
AACGTGCATAGCACCA,5218
AGACAAGACGCCTCTT,5218
CAGACTATACCAATCA,5218
CTAAACATTACCACAA,5218
GAATGGCCAAGCATTG,5218
TGGATCCAATAAAAAA,5218
ATATTTCCATTTGAGG,5217
CGACTAACACCACATT,5216
AACAAACAGGACCAAC,5214
CCATTACCTTAGATCG,5214
GGTGCAATCCACCATG,5213
AAGTCTTTGACGTTAA,5212
CTCTCCATACACTCCA,5212
GGTACACTGTAAGCGT,5211
ATAACCTATGCCCGTG,5209
CAAGCAGCGCAGATTA,5209
CTTAAGCACGTAAAGG,5209
ACCACAGATTGAGGCC,5208
CGACGCAACAAATACT,5208
ACGCACAGATTGAGGA,5206
TACCATTACTCCACAC,5206
AATTCCCAAGTATTCT,5204
CATCGATTGCAATACT,5204
ACATTACAGACGTAAA,5201
CACGTTACGTCCCAAA,5201
AACTACAGAGTATATA,5199
GCCGATAGATTGGCAG,5199
GGTCAGCAAAAACTAT,5198
GACATGTCATCTCAGC,5197
ATCTACAAAGTTGCTT,5196
TCCTGACCATATTGCA,5196
AAATGAATCCAACGTC,5195
ATGAACGAGGTAAACG,5195
CAGTTTACAACAACCG,5195
CGGAGATTATCTCAAG,5195
GAACAGTACCCCATTA,5195
AGGGGTCAATTAAACG,5194
GGGTTAAGCCGTGTTA,5194
CAGGGGTACTACACGC,5193
GAAAATGCATGTGACA,5193
GGCGCTAGTCTTCATT,5192
GGTCCGCAGAACAAAA,5192
CCTGACCGTCCATCAG,5191
TAAAGGATGGATAAAA,5190
CATTAAATTCACAATT,5189
TGCATATCCTTCGGAG,5189
AGGACCCTTACTTTGG,5188
CCTCTTCAACAAACCA,5188
TGACACAAAGAAAGTA,5188
ATAAATCTCACTCACT,5186
CAGCCAATAGCGTACA,5186
GACGGTTCCCTCAAGC,5186
GAGGCTTAAGGTTGTT,5186
TGTTCCGGTCCGCCGT,5186
AAACAAACAAGCCGTA,5185
ACTAAAAAAACCAACT,5185
GTTTCTAATCCATTGT,5185
TTATGTATGTTGCAAC,5185
ACAAAGTAAAAAACGC,5184
CTACATTTCAGCGTTC,5184
TAGTTGATTAAAGTTG,5183
TATCAGGATTCGGAGA,5183
AGACTGCATTGAACGA,5182
ATAACCAAGCAATACT,5182
CAGCCGCAGAGTAGTA,5182
AAACCGCCTACGTCCA,5181
AAGATCCCCAGAAACA,5181
CTCAGGGTATATGTAG,5181
GCCTGGAATATTCTAG,5181
TAGGGCGTTTCCATAA,5181
AAACGGCCGGAAAGCT,5180
ACGGAATATGGGTCCA,5180
GGTTAGTTACCATTCA,5180
AGACGCACCACGGTGT,5179
CACCTCGATAACATAC,5179
AACGGCTCAAATTGTC,5178
ATAACACACCCCCGAA,5178
CGTTGCTAATAAAGTA,5178
GAAGATCGCTATTGAG,5178
TCTACCAACCGATTAA,5178
CAACAGTAAATTACTT,5177
AGCATTTTATATCGAC,5176
CGGGAGTAGTCTCCTT,5176
GTCGTCACCGCATGCC,5175
TGAGACTAAGCCACAT,5175
TTAATATGAACATGGA,5175
ATCGTTAACACGCAAC,5174
CTAAGATCGCATATTA,5174
TTACCAGCTTTCAAGA,5174
GTAGGTTACTTAGACT,5173
TAGACCTAGACTATCG,5173
TTGAACTCAGACCCAA,5173
ATAACGAGATATAAGC,5172
CAGATACCAATTGGTA,5172
AAATAAGAAGTAAATC,5171
GTAATGTAAGTGGGCA,5171
AAGATTCCGCGTGAAA,5170
AAGCAAGTGGTAAAGT,5170
CACAAACTTCCATGTA,5170
AAGAGCTGAGCTCAAC,5169
GACCGTTAAGCAAGTC,5169
AAAGGCACTAATCTTA,5168
CTACGACGAAATAACT,5168
GTAACAGCCCTTGGAA,5167
GGTAATCCACGTGTTA,5166
AACGATTTGCCCTCAG,5165
CGTGAATTACAGACCA,5164
CTCATGGGGAAGGCCT,5162
CTCTTTGTCTAGGATC,5162
TCGAAGTAATCGAACA,5162
AATCTCAAAAAAAAAG,5161
AACCCATTCGTCTACA,5160
CCTACCCCGCCTGTCT,5160
TATAAGATAACACAAA,5159
TTTAGCCATGGCAAAC,5159
AGAGACTAACTACCAT,5158
CATTATCTCCTAACTT,5158
CTGAGAGAACTGAGGG,5158
GAAGATACAAGACGGT,5158
GCCTAGCTAAAGCTCT,5158
TTGTGATTCTGCAATA,5157
CCCATACAACGTATGA,5156
ATCATAACTAAGTGAA,5154
CGCAACTGAGAAAATA,5154
GACGCCTCGTAGGTAG,5154
TATCTCAGGATGCGTA,5153
AACGAGACTTATTCAC,5152
GAACCATTTATAAAGT,5152
GTGCGCGCCAAGAGGA,5152
AACATTACTTACGTGT,5151
AACATTAGCAACTTCC,5151
ATAACATTATACATGG,5151
CTGGCAAAAGGATGAG,5150
ACAGTGGCTAATAAGA,5149
CTTCGGAAGTCTCTGT,5149
GAGAAGAATACAAGTG,5149
AAAAAGCGCGTACCAT,5148
AAAACTATTGAGCTGT,5148
AGCTAACTTATGCCAC,5148
CTTTCCAGGAAAAAGA,5148
TAGATGCGCCTCAAAT,5148
AAGGTCTACGGAGGCC,5147
GATAAAGCCGATGCCA,5147
ATCGCTAATTTAAATC,5146
CCAATACTAGCTGAGT,5146
TTTAATTCCCCTAAAA,5146
GAACATAAACTAAACC,5145
AAGAGTTATACTAACT,5144
AAAACAGAAGATAGCC,5143
ACGGTAGCGCAGCAGA,5141
CAATCTTATCGTAAAA,5141
AAACCTTCTACCAATA,5140
TGCGTTCAAAACTAAA,5140
GACCAAAAGGTGACGA,5139
AAGTCGCAAAGAAATT,5138
CAGTTCATTTACCCTA,5136
CGTCTTAGAAAAGGAG,5136
GAATAAACGTTCCATA,5136
ACGGATAGACCTACAT,5135
ACATAGGCGTAAAATC,5134
CCCCAGCTTATCATTT,5134
TAAGTTAGTTTTTCCC,5134
ACACATATGGTGAACT,5130
CCTTAGCCACTTTATA,5130
GAATTCTCCACAGCTT,5130
GCTACTCGACATACTA,5130
AGAGGATGTGCTCCCT,5129
ATACTGATAAGCATAT,5129
TAAACCGAAATATGCG,5129
AAAATTACAACCGAAG,5128
AGTAAAAAGCAAAAAT,5128
TGGTGTCCCGGAATCC,5128
AACTAACTAACAGACG,5127
GCCACAATGGAGTATC,5127
AAGAATTACCTGCGAT,5126
GATTGGTTTCATACAT,5126
CCCATTACAATGAAAC,5124
GTCTAAATAGAAAAAT,5124
TGAAATAGAGCTTGTC,5124
AATTCCCAAATCCAAT,5123
AGACAATAACATCCAG,5123
ATATTTTCTGTCCTCC,5123
TATGCAAACTGTTGGC,5123
AAAAAATAACCATTAT,5122
GCAAACCACCTTGATT,5122
ATAATACAAGTATCCT,5121
CTAACCCAAACCCCTA,5121
AAGCCGCATTCATCAT,5120
ACATAAATGATACCAG,5120
CAATCGAGTATAGATT,5120
TTTTTCATAGAATCCC,5120
GCATACGCCGACACCA,5119
GGGTCTCTAGAAAACT,5119
TGCCAGATCGACACTC,5119
ACGTTATGAGAAACCA,5118
ATGAAGAGGCACTCTA,5118
GCAACTGCGAACAGAC,5118
GCATTACTCAGTTTTT,5118
TGTGTAAAGCACCCAT,5118
CACATGCTTTGTAACG,5117
GCTAAAAATAATGTAC,5117
ACGACCTGAACGATGC,5116
GTTACAGCTTTCGAAA,5116
AAAAAGTAGTTTACTG,5115
CTTGCACCTGAGACGA,5115
TAAATTAAAAATAACG,5115
CGACCACGCTTATAAA,5114
GGAACTAGGAGACAGT,5114
GTAACAAATGGAGAAA,5113
CGATCCAAATTCTAAA,5111
CTTATACCTGGTGGTA,5111
TGATGATCTAAAAGTA,5111
TTGACCAGTGCGCAAC,5109
AACCGCAGTAAGTGAA,5108
GAAAACAAAAAGACCC,5108
AAACCAAACGAATAAC,5107
CAGTTATGAAAGCTTT,5107
GAAACTGATGCGTACT,5107
GATGAATAGTCACAAA,5106
GGATACAACTCGCAAC,5106
ATCGTTACATATATGA,5105
ATTGACCTTTTCTCCA,5105
TAATATACAACATAAG,5105
AAAACATCAATACACG,5104
TAATTGCCATAAACTA,5104
TTAATTCCCACTTACA,5104
TTCAGTCGACGGGTCC,5104
ACAAGTATTTCGAGCG,5103
GAATACCACACCATAA,5103
TTGTACCCATTAAGTG,5103
AAGCAAAACTCGAGAA,5102
AATACGACAAATATGA,5102
AGCGCTGTTCTTAGTC,5102
CGATGAGCAGCGTAAC,5102
GGACATGGGGCAGAAC,5102
TATACTTTAGACACTC,5102
TCCAATTAATACAAAC,5102
ACCGGATACTCGGATG,5101
ACGTCCAAACGTTACA,5101
GGCGGGCATAAGTACG,5101
TTCACGATCTCATATG,5101
TTGCTAAGACAAGAAC,5101
TTTGCTCCCGCTCATC,5101
AAAATCCCTATAAGGA,5100
CGCTCGATGTACGTAC,5100
AGATAGCCACCTTGAC,5099
ATGACTCGAACCATAA,5099
CGAACTGATGATCCAA,5099
GACCAAATCTGCCTTA,5099
CCCACATAAATGAGGG,5098
GATGCTCCGGCAACTA,5097
TGTATTCCAAAAAGAT,5097
GTCTTTATATTTCAAA,5096
ATCTAAAGCAAAGACA,5095
GCTCTTATCCAAAGAA,5095
TATTAAACCGAATCAG,5094
TCCCAGTGTGCTGCAA,5094
TGACACAACTAAGGCT,5094
AGTGTAGTTACGTATG,5093
CCTCAAAACCTGCCCC,5093
GTGCTAAATTAAAGGA,5093
TCCTGTGACCGAATTC,5092
CAGAAACGACAATAAA,5091
GTGGTTCCTATTCGGA,5091
TAACCCAAAAAGGAAT,5090
ACTATGTAGCAAGGAA,5088
CTCTGGTGGAGCGGAA,5088
AATCATAATCGTGAGT,5087
ATGAAGCTAGACAAAT,5086
CAAAGTAAGGGCAAAT,5086
TTCCGGGCGATACCAT,5086
TACACAAACTTGTATG,5085
TACAGAGAATAATATT,5085
AAAACTTTTAATTTTA,5084
AACGCACTCTAGGTAA,5083
AGCGACGAGAGGATTA,5083
GTCTATTTCCAAATAT,5083
AAAAGTTTTAACTCAT,5082
TAAGACACACCTGTAG,5082
AGAATGTTTTATAATC,5081
ATGATTAATTGCAAAT,5081
CTGCACGAATAGGAAA,5081
GACTTTGACTTAAAAT,5081
GCAACGACCAATCGAT,5081
AAGCCATCTTATCATC,5080
ATACACGGTCTATTGT,5080
CCACCCTAACCAGAAC,5080
TGCACGCTACCCAAAA,5080
ATACAGATCAAATAGA,5079
AACAATAGCGCCTGAT,5078
ACCCGATTATAATGGA,5078
TCAAGGTGACTCACAT,5078
GGACGATTCAAACGTT,5077
CAAACATTCCGAAAGA,5076
CAAACCTTAAAAAGAC,5075
TCGTGGAACTTACCAA,5075
AATGAAACTCTTGAAT,5074
AGGATAGACGCGCGAC,5074
CTTCAATGCGATCTCC,5074
AGGTTCCATACACCCC,5073
GAAGATGAACGATACG,5073
GCGGCCAAGATATTGC,5073
TCACAGCGTAAGACGC,5072
ACGTCGTTGCATACTG,5071
CACGCCGAAACCGATT,5071
CGAACCAACGAGAACG,5070
TACGTTTGTTAGCACC,5070
AACACAAGGGGCACCT,5068
CCTCAATTTAACTTCC,5068
AAGGATAGCCTGATTG,5066
AGTCGGCTGTCCCTTT,5066
CAGAAATTCGTAAGAA,5066
GGGATCTTGGGATATT,5066
GTAGCAAAAAAACATT,5066
TAACAGCTGAGCTACA,5066
AACATTGAAACAGGAA,5065
ATACGTTAATGTTAAC,5065
ATCGCTAATTAGTTGA,5065
CGACTAATCAACGCTG,5065
ACAATAGAGGCACAAA,5064
ACTTTAAAATCGGAAT,5064
TTACGCACAGGCGAAA,5064
AACACCCTCGAAACAC,5063
ATTCCCCATTTGGCCG,5063
CAAACAATCACAATCC,5063
TCAGAAGGAAAAAGGG,5063
TCCGAGATACGCTTAG,5063
AAAGCAATAAAACTGA,5062
AATGAATTGCCTCCAT,5062
TTAATGATCAAAGACC,5061
ATGCTATATACCAATT,5060
GCTTCAACAGGAAAGA,5060
GTAAAGCCGCTGATAC,5060
GTTGCAAGGAATTGTT,5059
TCAATCAATAATCTTA,5058
GCCCACGTACTATTAG,5057
AAACCTTGAGAATACC,5056
AACCCTGATATCGTGG,5056
CAGATACAAAAAACAA,5055
CTCACGATGGACTATT,5055
GAAAATCTGAACCAAC,5055
AATTTGGTAAGATCTT,5053
CCACTCAGATGAATCT,5053
GTCGTAGTTCGACTCC,5053
CACATAAACTAGCGTT,5052
GTTTCAAGACCAACCC,5052
AACCATGATAAATATT,5051
CGCAAACGGCATTGTA,5050
TCATAGCATACATAGT,5050
CATAGACCGGCACCAT,5049
GATTTAACCACAGATT,5049
ACCTACGCTACCAGCT,5048
ATCAACAAACACTACG,5048
GTCAAGCCCAACATTC,5048
TGAACATCGTATTTAG,5048
AGCATACCAGCCATAA,5047
ATAAGGCTTCCTCCAT,5047
GGAGTACGCCCCGGGT,5047
GGGTAATGCTTGAAAT,5047
GTAACCGACATTTGCT,5047
TTAAGGGTGTCTTAGT,5047
TTTAATTAGTTTACTC,5047
AAACTCCAAGCATACG,5044
CTTTAGCACTCAAGCA,5044
TATGCAGGCAACTGTT,5044
CCAAAGTATTTCAATT,5043
ATATTTTCGCGTATAG,5042
TTCGGCGTAACCGCAT,5042
TTGCCCATCCTATACG,5042
CTAAGGCGTCCACTAC,5041
GATCTCCCTTAATCTA,5041
TACGTTACAACAGTTA,5040
TTCGAACTAGGAGGAC,5040
TAGCGAAACAATGTGC,5039
ATAACCGCCAGGCCTG,5038
TCAAAGGTTATCATAC,5037
AACTCCCGCTCGACTG,5036
CTTCCCTACGTGATTA,5036
TTTAATAACAACTACC,5036
TCCAATAATTACTCCT,5034
ACGGCATCTACTAATA,5032
AGGCGCCATGGAGAAG,5032
CACAAAACTATAGATA,5032
TCATCTTGCAGTGTAC,5030
CAAGCTATATCGCCAC,5029
CATCCAAGCGCTTAAA,5028
TGTTAATATATACAAA,5028
TCCAAATAGTACTGGG,5027
TGGCATCAGCACCCCA,5027
AAAAACATCCTAATCG,5026
AATCAGAACAACGTCA,5026
TCCTCGAAACCTCTCT,5026
AAAATTGCAATACAGT,5025
TAGTATAGGTGAGAAT,5024
GATGTGGTGAACCGTT,5023
GAATATGATAAAATGT,5022
GGTCCGACAAGACCTC,5022
TAAAAGCGATCAATGA,5022
TACACTAAAACAATAC,5022
GGTCCCAAAACGTTTA,5021
GTCTCCACCGCACAAT,5021
TGACCTGTAACCGACC,5021
CAACTAATTATAAACA,5020
AATCGTTTGGATGGCA,5019
ATGAGTTACAGAAGAC,5019
CTATAAACAAGATTTA,5019
TAGTTTGCTATACCAC,5019
AAATGTGGATGCCATT,5018
AGTAACAAAAATTGAG,5018
TCAGAACTGACCCGAA,5018
AACAGTTGAAGAGTAA,5016
TGTTCTACATTAACAT,5016
CCGACACTCAAAAGCA,5015
TCATGCCACGTCTAAA,5015
TGAGTTCCGACATTGT,5015
AAATACGATGTAGTCA,5014
TAAGGTTAGACGCATT,5014
TATGGTAGTCAATCTA,5014
TGAATAATGACCTCTT,5014
AGCCGTTCAAAACCAA,5013
TATCTATTGTCTCACG,5013
AGACCCCACAAAGCAA,5012
CATTAACGCGTATCAT,5012
CTCTGAAGACCCAAGA,5011
CAGTCGCATATAATAT,5009
GACTATTCATTGGTTG,5008
TAGAAATAGGCAGACT,5008
TCGATTACTCAGCCAC,5008
TTGAAACATTATTCTG,5008
TACAATTAATCACATA,5007
CGTGAAATACTAGTCA,5006
AATAAAGTGAGGTTAC,5005
TACTCATCACAGGTGA,5005
TACTGCAGGATTGTAA,5005
TGCATATCTTTAGTCA,5005
ATCTAAGGCACCCTGA,5004
TAGGCCCCCAACTTAG,5004
ACAAAATTTGACAATG,5003
TGTAATAACGAAATCA,5003
TTCGGCCTATTCGCAT,5003
CATAAAGGCCAGCTTT,5002
TCAAAAGTGCAAACCG,5002
TACAGATTAATTACGC,5001
CGATTTATCTGAAATT,5000
CGTCTCTTACAAAGAG,4998
GCGAGTATGGTCATTC,4998
CTCTTCAGACCATCAA,4997
TAAATAGACTTAGACA,4997
TCTGCGCTGTGATGGC,4997
ATAAATCTCCTTGAAT,4996
CACAAAAACCGGTAAA,4996
TAGATTTAAACTACTG,4994
CACCTGCAAACTGTGA,4993
GCATGCCGTAAAGGAA,4993
TATCCGTACTAATATG,4992
GGTACCAAGGCATGTT,4991
TCACATCTCAAAAAAC,4991
TGGCATTGTTAGTAGT,4991
AATCCGGGAGTTGAAC,4990
ACAAATTTAAGAGATG,4989
CAGAGATATTTCCAAT,4989
CCTCAAAAATTAGGCA,4989
CCGGTTTAGCTAACTA,4988
CCTCCGTGCGTAACCT,4988
GACAAACAACCCAAAC,4988
TCCGCAACTTCTTACA,4988
TGCAGAATGATATGAG,4988
TAGATAAATCAGCACG,4987
AGTAATGCAGGGTCGA,4985
CGCCCCGACGGCCCTA,4985
TCAAAATCATTATGTC,4985
TGAACCTTGTAGCATC,4985
TTACCAACGTCAACCA,4985
ATCGTCCCGTCATTCG,4984
TATGTGCGACCTAAAT,4984
CACCCCGTAAAGATGA,4983
CAATCCACCAATCATA,4982
GCAGAAGTTTAAAGCG,4982
GCGAGAATGTGCACGA,4982
GGGGCTTGAAATTCCT,4982
TCGGTCATAATAAGAT,4982
TTTCAATCTGTAGCCT,4982
AGTAAAGACTCGATGT,4980
ATCCTGCTCAGTCCAA,4980
GATCTTCTTCATGGGG,4980
AACATATCTTACATAT,4978
AAATTAACGGGGTAGA,4977
ATTGTTGAACCCCTGA,4976
AAATCAATCATCTTGA,4975
GAATTCAACCTAGGGT,4974
ATCCACCCGCGCAATT,4973
ACATAAATTACTTACA,4972
ACTCGAGACCCTCATA,4972
ATGAGAATACGTTCAA,4972
CCACATACTGCCAGTG,4972
AGAGTATAGCAACTGC,4971
CGATTATACCTGTTAC,4971
AACGATACTACCTGAA,4969
AATTTATCAACCTTGA,4968
ATTCTGTCCACACCTC,4968
TGGAGACGTCTGAACA,4968
ACAGCGTACGACCTGA,4967
ACAGTTCACGGCGGCG,4966
CGACATATCCCCCTAC,4966
AATTAGCTGGGGGGAG,4965
ACACAAATACAAACGA,4965
TAATTAATTTGAATAA,4965
ATTCTCCCACCGTAAT,4964
TAGCGGGTTAACTATC,4963
AAATGCATTGATTGAG,4962
CAGAGCCACATAGATT,4962
TAATTAGGGTAGCTAA,4962
AGATCTTCCAGCGTCA,4961
CTAGTGTCTAGAAAAG,4961
AAAGGGGACCCTTCCT,4960
CGACTTGTGCCTACAC,4960
GGATTACAGCTTAACA,4959
GGGCTGTAAGATTCAC,4959
TATTTGAGTCACGAGG,4959
TCTATCTCTCAATAAG,4959
TTGACCCAGGAGCACA,4959
CTCTGCACTCAAATTA,4958
ACGATACCATCGTTCA,4957
AGCTGAGACGCCTTCC,4957
ATTTATGCTATTCCAA,4957
CGAACAATCTTACAAG,4957
AGAAGGATATTATAAA,4956
ATTTGTAAACTTTTAC,4956
TGAATTACATTTTAAA,4955
TTGCAGGAACCTGAAT,4955
CATTAAAAAAATACCT,4954
TGATTTAACCAGTCCC,4954
AGACAACACTACGGCG,4953
TCGGAATAAGGTTAGC,4953
AGTAGCGTATAAAAGA,4951
GATAAATTATCAGTTT,4951
GATAATCTCCATCTCG,4951
CACGTGAAGCACAAAG,4950
CATCCTACAGCAGTGT,4950
ACCCGATGTTTCAAAT,4949
GCCGCAGTAACAGGAC,4949
TCTAGCAATACCCGAT,4949
ATGCTTACGGAAGTAA,4948
CTTAGTATGCCTAACA,4948
CGATCGTATAAGTGCT,4947
TGCAGCATATCGATCA,4947
CTCCTTCTATCTCGAA,4946
TAGAACTTTACGTGTA,4946
CCTAAAATGATCATTA,4945
GATTAAGATAACCAAA,4945
GATCGACTCAGTTTAA,4944
GGACGCATAAAAGTAC,4944
GGTTGAATTTGACCCA,4944
AGGGTATCCCAGTGAT,4943
CTCCAAATTATAGGAA,4943
GATCAAATCATGCCCC,4943
TATTATCAAACCGTCA,4943
AATATGTACACAACGT,4942
AGAATGTAAGGAACCT,4942
AGATGCCACAAGGCAT,4942
TACGAGATATCCAACT,4942
TTGCGTAGACTCTAGT,4942
CCGTAATACTGCTTGT,4941
ATAAAAACAGAAAAAA,4940
AGAGAGTGAAAAAATG,4939
TTATAGCAGCCGTGCT,4939
ATTCACAGACATCCAT,4938
CATGCTCTGTAATCGA,4938
TTCGACACGAGATATA,4938
CAGAAACAAAAGCTTC,4937
TTAAAAAAATTGGTAT,4937
AAATCCTTATAATTCA,4936
AACTAGGAACACCTAA,4936
GCAATTGTTCCGGAGA,4936
GTTGGATTTGTTTCAT,4936
TGACCCCGTACCCCCA,4936
CTTTCCCGAGCGACAA,4935
TTTCGCTGTTTAGCTG,4934
ATTTCTATTTAACCAA,4933
CAGAAATAATGAGCGA,4933
CTTGGCGTATGCATGC,4933
TATTACCCACATCTTA,4933
CAACAGACAAAGGTAC,4932
CATAAAAGAAACAAAA,4932
TCTAAACTTTTATAGC,4932
AGATGAAAATTGCCAA,4931
CAACGAAGTAAATATA,4931
TATATCCGATTCGGAA,4930
TGAGTGATTAGACACG,4930
GAAGCAACCGCGGCTA,4929
GCTGTACATGGATATC,4929
ACCCGATTATCATTAT,4928
CCGCTCTATTAAGATT,4927
GGTTTGTTCCATACTT,4927
TTACTCATCATCAGTG,4927
ATCACGAATAAGAACG,4926
TAACCGGAAGAAAATA,4926
TGGCGATTTAACTAAG,4926
ACTCTAAATATCTAGA,4925
CGACAACTACTCATTT,4925
CTTAATAAGTGTGAAA,4925
AGATTTTGTGTTCCAT,4924
GATAGTTCACACCCCC,4924
TTGGCCTTAGGGTTCC,4924
ACGTAGCCAAACTTAA,4923
CATAGAGTGAAAGCTA,4923
GCACCTTCGAATAATA,4923
TATGGAATCTAGCGGT,4923
ATTTGTCCAACTATCG,4922
AACTTATACTACTGCC,4921
AAGCTAGATGTAGGGT,4921
AGCTATAAATTTCTTA,4921
CGTCATCTATTCTAAA,4921
TATAGCAATAAATTTT,4921
ACGCACTATTATTACT,4920
ATCGCTGATGCAGAAG,4920
CAGAGTCCTCCGAAAC,4920
CTGTCAGCGATTACAA,4920
GAGAACGCCCTGCGGA,4920
GACGTAAAGACAAAAA,4919
TATCGAAAGACATCTC,4919
GAGTGACCTCAACGGC,4918
CACCCAACTCACAATT,4917
CTCACTCCTTGCTATA,4916
GGTCAATCACACCAGA,4916
TAATATAACAGTGAGG,4916
ATCTAGGTAACAATGT,4915
CACAGCACTAATATTC,4915
CATTGGAAAGACTCAA,4915
TGCCTCAAGTTGCTCA,4915
TAGTGCGCCACAACAA,4914
AACTTACATCTGAAGA,4913
ATATCAAGATAGAATG,4913
GATTTAAATGATGCAT,4912
TAATAACCTGCCCCTA,4912
CGACTATTCAACCTCC,4911
GCCTCAGTTACTTAAC,4911
GGAAAATGCAGAAATA,4911
ACCCCAAAGACTAACG,4910
ACGAAGAAATGCCCCA,4910
CGATGTATTATGACAC,4910
ACCGCGAATAATGATT,4909
AGAACAGCAAAGAAAT,4909
TGACCGCTCGATTGAT,4909
AATCATAAATATTATA,4908
CCGCTGAACCTCGCGT,4908
GAAGATTAAGCTGATA,4908
TAGTGCCTTTTCCGGA,4908
GTAATAGCTCACAAAA,4907
CATGATAGATAGGAAA,4906
CCAGCTGAATATTTTA,4906
TGCAACAATGATCCTA,4906
AATATACTTTCTGTCA,4905
TGCATCACGCAGACTA,4904
TTAACCAGATGAACAA,4904
ACTCAAGCCCCCGCAA,4903
TCATACTCTATAACCT,4901
ATGTGGCCCAAAGGTC,4900
CACAACAGGAGACCTG,4900
ACTCAGAAAATACATA,4899
ACTTATATAAGCGCGA,4899
CCAAATAGAAGCATAA,4899
CCCTGACAGGCGTGTT,4899
GATTTGCTCAAGCCTA,4899
ATATACCATTCCCGTG,4898
GAATTACGCATTTAAT,4898
ACCGCTAAATTGGTAA,4897
CCGCACCCCCGAGTGT,4897
GCGTCGGGATCATCGA,4897
TCCACGAATGGATGCG,4897
ACCGATTCACGTATTC,4896
ACGGAGTTATGTCATC,4896
CGTTCCGAAGGAAGGC,4896
AGAACAGTCAAACTAG,4895
ATAGCGGCAATATGTG,4895
CACAAATTTACGGCAT,4895
TGTATTTACTCACTAA,4895
TTAAGAATTAGTACCT,4895
ATAGTGGTACCCGCCC,4894
AACCGATCTTAGGGTG,4893
TACGGCACACGTAATA,4893
TTCACTTCAAACCGAG,4893
ACAATAAAATCTACGT,4891
TCCATACCTATACAAG,4891
AACCCCCAATATGCTT,4890
TACTCGACAATTGGAA,4890
TCTCTAATGATGATTA,4890
AGAAAAGTAGACGAGC,4889
ATTGAACTTGATTGGA,4889
TCCGAATCAAACAGCT,4888
TCTGATCCACAAGTGG,4888
ACCCTGTCCGTAACTC,4887
TGTAGACCTATAATCG,4887
AACAGCCGCTAGACCC,4886
TAAATTCAAACACACG,4885
TTCGACAAAGACTGAT,4885
TAAAGGTCTGGTGTAC,4884
TACTAACTAAACGCCC,4884
GCCTGGAATGACTCCC,4882
TCGTAACAAGATTGAG,4882
CATTAGTTCACTAACT,4880
TCGTCTCTAGAGAGGA,4880
ACCAGTTGAACCTAAG,4879
CAATAACACCGTCCGA,4879
TAAATAATACCACAGC,4879
TTTACCGGCGCGCAGC,4879
AAGATACACGCCGCTT,4878
TTACAATAACAAACAT,4878
CGTGATTACAAGCACA,4877
CTATCACATCGACAAT,4877
GAAACGAATTACGCTG,4877
ATATACACTAACAGAT,4875
ATGGACAAAATTTAAA,4875
CACAGAGTAACTACAT,4875
TCATAAGCGAATGTCT,4875
TGTATCAGTTGTGAGG,4875
CTAGACAAGCATTACA,4874
GTTGCTCGATTGTATT,4874
ACTATAACGCATAACA,4873
AGAATGGTCTCCGAGT,4873
TGAAAAGACACCCCTC,4873
TTCTTCCGTATCCTTA,4873
TATGTTACATGGGGGT,4872
AAGAGGATAACATATG,4871
CAAGCAACGAGAAGAC,4871
AGCCCCAACACAATTT,4870
CGGGAACTATTAGTCA,4870
AATTGATTACCGTAAA,4869
TGACTTCTATTCTGCT,4869
CACTTACGCATGGTGC,4868
CCCGAAAATATAATAT,4868
CGACCTTAGTGGTTTC,4868
AAATCCACAAGTCTAT,4867
AAGTTTTGAATCGCGA,4867
CCTCTCGAAGAATAAT,4867
CCTTCGCGTACTATCT,4866
CGACCCCAATAAGAAC,4866
GTCAGAAGACGACAAA,4866
AAACTGAACGTATGGT,4865
GCGAACATATGATACA,4865
TTGTTCAGTAGAGACT,4865
TAATAGTGTACGCCTG,4863
ATTTATCTCGCAAAAG,4862
GAGTCCAACTTATTCG,4862
GGCAATAACTAAAGAG,4862
AGCAAATACCATACGT,4861
ATAGTCCTTAAGAATT,4861
GTCAGTAGATAAAAGC,4861
AAATTCCACTGAGCTG,4860
GCCATCCACCACAGAA,4860
AAACTGTCACTACAAG,4859
AACAAAATCCATGTCT,4859
CAAGACAGGACAAGGA,4859
AAAGAATACCCAGAAG,4858
CACCCCAGATTGAGTC,4858
TGTCCCAAGTATTTAA,4858
AAATTCGAGCTTGAAT,4857
ATAAATCAGAGATATT,4857
ATCGACAATAACTATG,4857
CCGTGCCCAACTATTT,4857
CTATTTTAACAAGTCC,4857
GATGAAAAACAGGTAC,4857
CGACGGCGAATTAGTA,4856
CAAAAGAGTAACTCTG,4854
AATGAAGCCACCTTAG,4853
TATCCACAAGAAATAA,4853
CGAGTGGGAGTCAACT,4852
AAATTACTTAAATTAG,4851
TAAACGCGATTGAAAT,4851
GAGCTCAAATGTCAAG,4850
GTCTTAGAACACGATT,4850
ACACCCCCGGACTATA,4849
AGCTAATGGTTCCTGT,4849
CCTAAACAAATCACGT,4848
GTTACCCGAATAACAC,4848
TAACTGCAGGGGGTGT,4847
ATCAGAGTTCATGCGA,4845
CAAGACAGAGAAGACG,4845
GAGGCGAAAATAACAT,4845
GGGAAATTCCGTTCCC,4845
ACTGAACTTATTACCT,4844
AGACACACCCAATAAA,4844
AGCCAGGATTCGCCCA,4844
TTAAATACATAAATCG,4844
CAAAGAAACCAATTCC,4843
CGTGAATAGAAGATCG,4843
CTATCAACAGCTTAGA,4843
GAAAAGCAACTGGTGC,4843
TATTGATCGGGGAGCA,4843
ATATGACCGTTAAAAT,4842
CATCTACAGTCAGTAA,4842
CTAAGGTATATACCTA,4842
GACTATACTTGCCAGA,4842
TCTAAAATTTATCCTA,4842
TTCTAGCTGTCCTAGG,4842
ACGCATAGGCTTTTCG,4841
GAAAGTTGCATATCAA,4841
TCAACTTTTCAATAGT,4841
TCCCGTACGGAATATC,4841
GCAAGGACACCAAGAA,4840
TGAAGCAATCCTGATA,4840
AGAATCATACAAACGG,4839
GGACGATTCGGTATCA,4839
TCTCAATTAGATACTA,4839
TGGTCTTGAACCTAGA,4839
AAATCATATCAACGCC,4838
ACAAGTGGACAGTCAG,4838
CCAAGAGTTCAAAAAC,4838
CGTGGTCTTGATGGAC,4838
GGTCGATAATCTCAAT,4838
CCGTCCACTCAGATCT,4837
GTAACATGATAAGGGG,4837
ATAGCAACGACCGTTC,4836
CCCGTTCAGTAGTCGG,4836
GCGCAAAATACTGAAT,4836
TCCACAATAATATCAA,4835
AAAACCCCATCCTGAA,4832
AAAACGATAAGAGTCT,4832
GTATTATCGGAACATC,4832
ACTGTTCCAGCAAGAA,4831
TTAAAAGGTCTAAAAA,4831
ACTCCTCTTAATTTAA,4830
TCATTGTCCATTTACA,4830
ATGTCAAATACTATAA,4829
CAAATCAAACTTTCGG,4829
CAATAGGATCGGTAAG,4829
CTAAAGTTTGCCAATT,4828
TGAAACTCGTATAATT,4828
AGACATAACTATTAAT,4826
GCGCAAATACGAAATT,4826
GAGACAACAAAGAAAT,4825
ACCAATAGATAACTAC,4824
ATATCCAATGGAGATC,4824
ATGCGGTATTAGAGGA,4824
GATAGTCCCGGCATAA,4824
AACCGGCTACTACAAA,4823
ACACGACTTTTCCGGA,4823
ACAGAGCTTAAAGTTG,4823
GTTTGTTGTGCGACAA,4823
TATTAAGCTAATTTCC,4823
CAATTACAACTTTAAA,4822
CAGGACAATACAGCCG,4822
GGCTTACGGTGAAAAT,4822
TAACGGATGTAGAACT,4822
TCTGAGCGTGATTATC,4822
AGTTGCTCAGTAGTTA,4821
CGCACTGTAATTAAGA,4821
GTATGGATGGTGTGCA,4821
AACACACTGAGATGAT,4820
AATGTCTCGGAGAGAA,4820
GGGTCTTACCAAGCAT,4818
AAAAGTTAAATTAACA,4817
ATCAAATACCCTGACC,4817
CCCCGAAGCCAATCAA,4816
CCGGAGGGAAAAACTA,4816
GAATAAGCCAAAACAC,4816
TCGATCACAGTCCTAG,4816
GGAGGTGACAACTGAC,4815
ACCTGGACATGAACAA,4814
AGTAGATGGCAGAAAA,4814
TCGACACCAAACCAAA,4814
CCGAAATTGCTAGGTA,4813
GACCCATAAGACAAGA,4813
TATCGCCCCAATTAAG,4813
AAAGCATTTTGCGACA,4812
ATACGTCAGCGTATTG,4812
CAATGGGGCCCACTAC,4812
TTCCCGATCATTCTGG,4812
AGCAACATTAGGAGAG,4811
GGGCAGGAAGCAAACA,4811
TATCCTTGTATTGTTT,4811
TCACGGGCTCTCTTAC,4811
ATGTACGTAAAAATAA,4810
TGCCCCCTCAAAATTT,4810
AGATACGTGTCAGCAC,4809
CTGAACCTAATATGTA,4809
TCTCATGTTCAGAAAA,4809
AAAAGGAGCACTAGCA,4808
ACACATGAAACAATTG,4808
ATAACCAATGATTAGT,4808
AGCTTAGGAATGGGGA,4807
ATTTCTAATGTGACAA,4807
TTCCATGTAGTCGCTA,4807
ATCGCTGGTACGAAAG,4806
CAAAAACGCGCCGAAT,4806
CAAATCCAATCGAATG,4806
TAACAGTTATTCTTGC,4806
AAAAACGCGCTGCCGG,4805
TAATCACACACAGCTT,4805
AGGGACGGGTAGGAGA,4804
TTAATGAAGTGGAGGG,4804
AACAAATTACTGATAA,4803
CACTAAGAAATAGAAA,4803
GAGGTTTTGTTATATA,4803
AATAAATTGTCTGGAA,4802
AATACCATTCTGCCAT,4802
CATAAGAGCAGAATGG,4802
TAAGTATCCGTTAGCG,4802
ATCGGTGAGGATATAG,4801
TGACTATAAAATTAGA,4801
AATAGGATATGAATTC,4800
ATCTCTTGGATGGTAC,4800
CTCAACTCGAAAAAGA,4800
CGAGGTGATGATTTTG,4799
GCCTTACTTAAAGAAA,4799
TCACCCGAGAAAAAGG,4799
AGCATTATTCTAAGAA,4798
CCATGCTATAAAAATA,4798
TGCAGTTTACAGCAAT,4798
GACAAACCCAGATTCG,4797
CTGAGATGTACTATAG,4795
GCCTACCTAAGAAAAG,4795
GCGTATGATTACTCCA,4795
TAAGCTGGAAGATCGT,4795
GAGGAACTTAATGTTG,4794
CAGCTATAGCGATAGG,4792
TGTTCTAGGTCACTAA,4792
AAAACTGGTATTGTAA,4791
ATGCAGAAAACTATCC,4791
CCACTCGGACTGGGTT,4791
TACTGGATAGTAAGAA,4791
TGTCACAAATAACTAC,4791
CGGTAAACATTAAACA,4789
GAGATGAGGCATTTAC,4789
GATGTAGTACAAAGAG,4789
TATTCGGTTTACAACT,4789
CAAAGCGTGTAGTAAT,4788
CGGACGTGGAGCTTAA,4788
TTACAATTAAAAAACA,4788
ACCTTAACCCGCATGT,4787
CAACAGATTGTAGGAA,4786
GCTAATTCATCCATAG,4786
ACCTGGTAGCGGTTAG,4785
AGTAGTAGCGTGAGAC,4785
CGCACAGACAAAAAGA,4785
GAAGGTGTATGGATAT,4785
AGCTCTTTCTAGCCAT,4784
CTAGATGACGGAACCT,4784
TACCGGAAACTAGTAA,4784
AGAAATTCGACGTTCT,4783
TTCAAAAAATTTTGCT,4783
CAAACTGATGGCTACA,4782
GAGACGTGAGATAATA,4780
GGCGATTTTTATAACA,4780
GGTGACCGAAGAAGCG,4780
AATACGCTGGGGTTCG,4779
ATTATGACCCTAAAGT,4779
CACGACTAATAGTCCG,4779
TGACTACTTGCCTTAC,4779
ACAAAGGCATCCTAAC,4778
ACCATATGGAAAATAA,4778
ATTATAAACAAAAGAA,4777
CTGTCCGATATAAAAA,4777
TGCACACTGCATCGGA,4777
CAGTTAATAGCCTAAA,4775
AATCCAGAAAAAATGG,4774
ATCGCCATGAAAGTCC,4774
CTGAAGGCGCTACCCA,4774
TAAGTCGGCTAAGAGT,4774
GATTACGAATGATAGC,4773
AAAACTACACACCGCA,4771
GTCTAGTCCAGTCATA,4771
TGAATAGAAGAGAAAA,4771
CCCATGTTGTTTTTGA,4770
AAATTGGGGTTCCATT,4769
CATTATGTATAATATA,4769
ATTTTCATCCGCGCAA,4768
AGAAAAGTTTGAGTCA,4767
CGGAAAATAATCCTTC,4767
AATGGGAATAGATACT,4765
ATCTACCTAAAAGAAA,4765
CCCAGGTCAATGTATC,4765
GCAAGAACTAAGAAAC,4765
GCGCAGGCTATCGCTA,4765
TATTTCATCTGAATAC,4765
ACCTGAGTGACTACAC,4763
GTCCAACAAAAACCAT,4763
AGTCATGGCGGACTCA,4762
CTAACTACTTAGCCAA,4762
GAATGAAATGGGGCTC,4762
GATCCCCGCTTAATAT,4762
TCACGCCACACGTATC,4762
CACAAAAGGCGGGACA,4761
GAAACAGACGATAATT,4761
GTACGCTGATGTTTAA,4761
ATACCAAGCTCAGACA,4760
CTATATTACGTTGCAT,4760
GGGCTAAAACGCACAG,4760
TACACAGTAAGTACGC,4760
CCTGTAAAAGACAACG,4759
TATTTTCATCTAAGAG,4759
TCAGCAAAGTGACCAT,4759
GGACGAATACCGAGAA,4758
TGAATCCGAATGAGCG,4758
TGCCATCCCGCTTAAA,4758
CGACGCATAATCACGA,4757
AATCGACACATTAAAA,4756
TTCAGAACTTTAGCAT,4756
AAAGAGTCACTAGCGA,4755
GGACACATTCAATTGT,4754
TGAAGACCAAGACATA,4754
GTCCTCCTTGTTGTAC,4753
TCGTTAATCGAACGCG,4753
ACGCCAACGGCGCATA,4752
CCCTATAAAATCAATA,4752
TTTCTGACAGTAGTAC,4751
CTGGGGCAAATCCATG,4750
CAAAACCAAAACAGAC,4749
TGAGGGATGAATAATA,4749
TTAGCGAGTAATTGGT,4749
TGCATACTTCAAATGA,4748
AGCATAAACTGTCTGA,4747
CAGTGTTTAGCTGAAA,4746
TAACCGGCTGATCTCA,4746
CAACCGCAAGCGCCTA,4745
CCATAGAAGAACTTAG,4745
TTAGATTAAATTCCCC,4745
AATTCACACCCGCTTA,4744
ACCACCAACAGTGCAG,4744
TCCTATAAACAAGAAC,4744
TGAACTGTTTTCATAT,4744
TGTCCACAAACGAAAT,4744
AGATCGTCATCTTTAA,4743
ATGTCAATAATCGCGA,4743
CAAGCTAATAGACGTA,4743
GCTCGTTCGTCCAAAA,4743
GTTTCGTTGATAATAT,4742
GTAGCGTTGGAGCCGA,4741
TAATAAGAAGATTTAA,4741
TTGTAATATCGAGCCG,4741
AAGAGACCAAAAAAAG,4740
CCAAAAAGTCTAGAGC,4740
GTTATGCACTTCCTGA,4740
TTAAAAAAAAGAAACC,4740
AGCCACGACTTAGACC,4739
GCGTCACCTAGAAATA,4737
CTACACTATCACGTCA,4736
CTTCAGATCAACACAA,4736
TTAGAGACTAAGTAGC,4736
GACTAGGGGGATGATA,4735
AGTAGGCCCACAGACC,4734
AGTTTATACTTTGATA,4734
GAAGACTAGAAAACAT,4733
TCAATCTAAATTGGCT,4733
TTACCACGCGCCCATC,4733
TTAGGACTATGGGGGG,4733
ATTACCTAACATATTT,4732
ATAATCCACCTGTCAA,4731
CAAATCCCTGTTACAC,4729
CATCAACGAATATCCT,4729
CAAAGGAACAAAACCC,4727
CCCAAGAGACCCAGAC,4727
GTAGCGATTGTCTAAA,4727
TAGAACCCAAATTTTA,4727
TAGCAGTAATGACAAG,4727
TTACCGATTGCTCCCA,4727
TTCTTCAGCATAGCGA,4727
AGGAACATATGTCGCC,4726
CACTCCCCAGACACGA,4726
GCCACTCCTACAATCA,4726
TAGTTAAATTACATCA,4726
TTCAATGATTGCAAAA,4726
ACATAGACTTGAAAAA,4725
CTCATGGCTTTTTTAT,4724
CTTACAACAAACTTGT,4724
ACTGAATCTTCGCTGG,4723
AGAAAAGAGAGCTCGT,4723
AGAACTTGGCCATTAC,4723
CAGCAATCAAAGAGAA,4722
GGTTATTCAGACCAGA,4722
ATTCAACTCAGTATAA,4721
GATAAACCATTACTAC,4721
GCGAACCCTAGGAGAG,4721
TACACAAATATTACGG,4721
CATGAAGAGATAGAAA,4720
CGGGTAAAAGATGTCC,4720
GCCGAATCAGCGATCA,4720
TAATAAAACATAAGCA,4720
GCTCCTTCCGTATTCT,4719
AACCACCACGTGGCAT,4718
GACGAAATCCATCAAA,4718
TCTATACGCACCTTGG,4718
TGAGCTGCTACGACGA,4718
ACGCCGAACTTAAAGG,4717
TAACTGTAAGCCCACC,4717
GAGGAAGAGCTACGTA,4715
GGATACTGGTCAATAT,4715
GGAAGCCAAATGACAA,4714
CTGATGTATTCCTGTG,4713
TCTTCGAGACTGTCGA,4713
CTAAAATGTAGAGACA,4712
GATGCCCCTATCAAAG,4712
AAAATTAAGCACATAC,4711
ATAAAACCTCGCCTAA,4711
CTTGGTCTTTTCTATC,4711
AAAACCGAAAAACAAC,4710
AGAAAAAGAACTACAG,4710
TTCAAAATAAAAGGGT,4710
AATACAAAAATACTGC,4709
ACAAATTTTTTGTCAC,4709
GTGAATTGTTTTAGAA,4708
TAAAAAGCTGACCATA,4708
TCCAGATATCAAAAGA,4708
AAAGACTTATAATTTC,4707
TGACGTGGCTAGGCCA,4707
TTAGAACCCATCAAGT,4707
AGCACGGGTATCGAGA,4706
TGGAGCGAGTTTACGA,4706
CATATACGCAGAGAAT,4705
GCGACTCACTGCCACA,4705
CCGTGCTGGTCTTCCG,4704
TATATGCAATCTCGAC,4704
GAAACTTGATACACGC,4703
GCAACGTAGCAAAAGA,4703
GTACCAAAGTTTCATT,4703
AACGCATGCGAAGAAG,4702
AATGTGAATCGTCAAT,4702
GACTTTTCAAGAAAAA,4702
GATGATTCAGACTTGC,4702
TAGCTAGGAACCGTCG,4702
AGGTGTCATGCGCAAT,4701
TGTGTTTCGGAAACCC,4700
TCACAATTTGTTATCA,4699
TTACGAGCAGACAAAT,4699
CTGCTAGACCTCAAAT,4698
TTGGTTCATATCAATT,4698
TCCGAGTTTGCAGCTG,4697
GAACCCCAAAGAAAGA,4696
GAATCAATACAGTCAT,4696
GTAAAAAAGCTACAAG,4696
TAACGCATAAACCGTC,4696
ACTCGTGCACCCTTAT,4695
AATCTAAATTGGGCCA,4694
CCTACATTTCCCTAAC,4694
CGGCAGTAGTATAAAA,4694
AACAAAGTATCCGGTT,4693
ATGACCGGGTAATATA,4693
GAAGCACACGTTAAAC,4693
GTTATTTTTCGCAAAT,4693
AAAACATAGTAAGTAT,4692
CTCATGGCTGAAACAA,4691
AAAAACAGAATAAAGG,4690
TACCACAATGTGACTT,4690
TGCTACTGAAAGCCAA,4690
ACGAACGGTGGAAGTT,4689
ATGTCCACAAATCGAA,4689
GGAGAATCCGATGCTG,4689
GGCTAAGGGTACAGTA,4689
ATCTCCAATAAGTAAA,4686
AACTCCATATAACCAT,4685
TAGGGCTGCACCAACA,4685
AGTGATAAAAACCAGG,4683
TAAAACGGAAAAGGTA,4683
TAACTGTCATATGCTA,4683
TAAGCCGAACTTGTAT,4683
AAAATACAGAAACATA,4682
AAAGCAATCATAAGAT,4682
ATGAAAACACCTTGCC,4682
CCATCTCAAAGTACTT,4682
CGGTGCTGCGAATTTA,4682
GGAAAACGGTATATCC,4682
TTCACCTAGTATAAAA,4682
GTATTACACAACTATG,4681
ACACGTTACTACCGGG,4680
CCCTGTTAGGTTCCAA,4680
AATAAAACCCAGGGAA,4679
ATACCAAGGTCACTGT,4678
CACGACCTTCACCTAG,4678
CGTAGCTGTACCTGCA,4678
TTACTCACCACACCTA,4678
TGCGGGATGTAGCAAT,4677
CTCAGAGACAATAATA,4676
GCCTGTTCGCCCAGCG,4676
TATCGTACAATCGCCT,4676
CAGAACACCATAACAG,4675
AGCGTGAAATTTCCCT,4674
GAGAAAATATCCGCAG,4674
GATAACCACATTACAC,4674
AAATAACCTATGTAAC,4673
GTAGATTGCGAACATT,4673
GTCGCTGTTCTGCAAC,4673
CACACATGCGATACTA,4672
CGCGTAACAGGCGACC,4672
CGGGAGAGTGTTCCCT,4672
GCCATTGATTCTACGC,4672
GCCTGAAGATATTACT,4672
AGAAAAAAGTTCTACG,4671
CGCGTGGTTCTTAACA,4671
GCCAATAAACGATTTG,4671
AAATTGCCCCATTCTA,4670
GCTAAAAAAATCACTC,4670
CAGGCCGATATCGCCA,4669
GTAAATGTCCACTGAT,4669
TAAATGAAGAGACTAC,4669
TAGATCATAGGCCCAA,4669
AGACATTCTGATTTAC,4668
CAAACTGTAAACCGGT,4668
GTTACAATTAACTAGC,4668
TTTGGCTATAGTGATC,4668
CCCTCTTCCCGTAATT,4667
CCCTTATCGATTACCA,4667
AAAAAGCAAAAAATGA,4666
CTACAACCTCTAATTG,4666
GGACCCGTATCTCACA,4665
AACCAGACTACACACG,4664
CTGCATCAATAACTCA,4664
GGTATACCTTACCAAT,4663
TGCACTTAAACGCAGG,4663
GATGGATTATCTCGCG,4662
GATTGACACGTAGGAA,4662
GGAGTAACAAATACTA,4662
GTCACGCTTAACTAAA,4662
TATACCTAGCGGACTT,4662
AAAGATCTATGGTAGA,4661
ATGAATCCTAAGAGCT,4661
TAAACATATGTACGAT,4661
TCTTGCCAACCCTCCT,4661
ACAACTAATGTAACAA,4660
CCCACCCAAGTTCGTC,4660
GAGGCCAACCCAGTAA,4660
AGTCCCCAAGAACGTT,4659
CCCTTGATCCAATACT,4659
CTACAACTGTTGATAC,4659
CTGACGCTTTCCGTAC,4659
GAGGGCCAATGCGTAG,4659
CCTGATGGATGCACAG,4658
AATACAGAGCATGGAA,4657
CTCGATGCCCCCATAA,4657
GAATGGCTAAGCGTAA,4657
GTAACGTTCGGGACTT,4657
AATGACTCATTCAAGC,4655
TAAGAAGTTTATGATT,4655
TGACGATATGCAGACT,4655
AATTCAGCAACACACA,4654
CGAAGGAAAATAAATT,4654
TCAGCGCAACACTGGG,4654
ATCCAGTATGTAAAAA,4653
CAACAAGAACTACAAT,4653
CCGTAAACCATAGTAA,4653
ACCGTTAGATAAATAC,4652
GCACCAAGAGGTCAGA,4652
GCCCGCACCAGCTACG,4652
TAATAAGTAAATGTCA,4652
TGACCTGGGGTAAACT,4651
AACACAGGTCCACTGC,4650
ACGAAGCCGGCCAATA,4650
AGGGTTTGATGAATTG,4649
CACCTAAGACACTATG,4649
CTTGGCCGTTTAGTTG,4649
AACTACCCTAACTGAT,4648
CCAAGAGTCTCCTAGA,4648
CTAAAAATCTAGATCC,4648
GCCCTATCAGGACCGA,4648
TATAAAGACCTTAACA,4647
AGACAGGCCCAGGATA,4646
AGTACAACTTAATGAT,4646
ACTAGATGATCGAAAG,4645
CGGATGAAACAACGTA,4645
CTAATATTAAAGGCGT,4645
CTTCGTCTAAAACCAT,4645
ACAGAACAGACGGATT,4644
GTCGTATCCACACTTA,4644
TTGCCACGTCAATAGT,4644
AACTACATCACTCTTA,4643
GAACAGTCTCTTGAAC,4643
GGCTATGTGCTCTATA,4643
CCATCAAAATCAGCTG,4642
CCCGATATGCACCTTA,4642
CTCTGTACCTACCCAC,4642
AATACCCACAGATGCG,4641
CTTCTTCCTTTACAAA,4641
TGACCACGAACTACTA,4641
TGTTACCCATTCGATC,4641
ACCTGTGTATTTACAC,4640
TCTTGTTAAAAGAAAA,4640
GCTATATGCTATTACT,4638
AACAGAGTGATCCCGC,4637
GACCTTTACGTTATAT,4637
GAGAGCAGTGTACTGT,4637
TGAGTGATCGAGACCC,4637
TTACAGAGCCTTCAAA,4637
TTACATGGGTACTAGT,4637
ACACACAATTAGAAAC,4636
ATCTCGTTTGCCGAGC,4636
TATAAGCAACATGAAC,4636
TCCCCTAAGCTTAGAA,4636
TGAGCACAAATCATCC,4636
CTAATAAGCTCAAACC,4633
CTAGGAAACCTATTAC,4633
TCAATTTTAATGACAG,4633
GCCATACAGCACCCAG,4632
CATAGATGTTCTACTT,4631
CCCCTTGATACGCTCT,4630
GAGTAGCACCATTAGA,4629
GCATTATAAAAATCAT,4629
TTTTACTGTCGCAATA,4629
AACAAATGAGTCAGAA,4627
ATCTCGTGAATAGTCT,4627
CCAACTGAAAAATAAC,4627
CCCAGAAACTACTGAA,4627
CGTACTCGTCTATCTT,4627
AGTGTCGAAATTAAAC,4626
CACTTGCGGAACCTTA,4626
CAGATCGTATCAAATG,4626
CCTGCTGTCGAATAAG,4626
GAGTCATATCTGCCAA,4626
AACTTATGTAATTAAA,4625
CTAGTAAGTGACACAA,4625
AACTGCGAGTCGCATA,4624
AATATAACAGCAATTA,4624
GCGGAAGCTGCAGCAT,4624
TGGCCATCCGTTTAGC,4624
AAACAAGTGCGAAAAG,4623
AATTCGTAAAGTCCTT,4623
TTACGAATCCGTAGAA,4622
TATACACATTAAAAAG,4621
AACTTTAGAAGTTATT,4620
AAGGTATTGCATTATA,4620
GATATATACCAAAAAC,4620
TAGCCAAGAACCCTAA,4620
GTAGACAAACAGCACC,4619
TATTCTCTTATAGCGG,4619
AGCTCCTTTGAGTAGC,4618
GAACGAAATACGTTAG,4618
GATTTTAGGATCGTAC,4618
TCGACACAACGGCTAA,4618
TTCGTTATCAGTGAAA,4618
ACATTGTAAAGTTTAC,4617
AGCACGGTAGTGCCAT,4617
AGTTTAATGAGGGCCC,4617
CTAAAGTGCAATTCAG,4617
GTCATAGACCCCACCC,4617
CACGCCTCTAAATACA,4616
CTGTCCATTGTTGGGT,4616
GATCTGGCAACCCTTG,4616
TTCGAACTAAAGTAAG,4616
CCGAGCGACTATATAA,4615
CGACCATTGGAAAAGT,4615
TTTAAATATTGACCCT,4615
AAGATTGAAATTTAAA,4614
CTGAAAACAAAAATCA,4614
TTCGACATAACATCCA,4614
ATAAACCAAGATCTAG,4613
ATTCAAAAGAAGCCCG,4613
CAAGCGCGGATGGCAC,4613
TCAGACCTTATGCAAC,4613
TCTCAAAAAAGATGCA,4613
AAAAGATAGAAAAGAA,4612
AATGTCCCTATAAAGC,4612
AATTTCCAGCAGGCAG,4612
AGAACACCAGGTAAAC,4612
CCCAAAATACGTTTAC,4611
AAGTAAAAAGACACAA,4609
ATAACACCACTAAACT,4609
TTTCGATACGATGAGA,4609
AAACCACCACGGTCGT,4608
ACTGTCAACGACCGTC,4608
AGAGACAGTAGTTACA,4608
ATGCGCGAGGTGTACG,4608
GCAGTTACCGCGTCGA,4608
TGCATGGAATACCATG,4608
ACCTAAATAAATTTTA,4607
ATAGCTCCCCTGCAGA,4606
CCAACACCGCTTAAAA,4606
GGGAGATCCCGAGACA,4605
CACAGACGGGCCCGAA,4604
TAAACCGAGTCTAAAC,4603
TAGTGAAACAGGGGTA,4603
ACCCCCAGCATACCGG,4602
CCACAGACATACATTC,4602
GCCCCCCAAACGTGCA,4601
AAGACCTTATTATAAT,4600
TACCCTAGTATATCAA,4600
ACCATCAACGATAGAC,4599
TTGATGAAAAGGATTG,4599
CATAGACAACACAGGC,4598
CCTTATAGTCAATTCA,4598
GCACATAAATCTACTC,4598
TGAACCACTGTAAACC,4598
TAGCCAGGACAAGACA,4597
AAACCTAACAAGTCTT,4596
CGTTCAACATGCTCTC,4596
CTTCAGGCAGAATCAA,4596
TAGTGCACTGGTGTAG,4596
AAATGGGTATAATTTA,4595
ATTAAATTATCACTGC,4595
GATACCGGGGAGGGCA,4595
TTTTGTGTTCGTAGAG,4595
TTTAAACGTTTACAAG,4594
AACCAATTTACTAATG,4592
AGAGACTTAAAAGATA,4591
ATTGGCGGATAAAAGG,4591
GAAGCTGTCTCTATTG,4591
GACATGCACAGAAAAT,4591
GCACTAACAGTAGATA,4590
TAAGCTTCCTCGCAGG,4590
AATATACACCAAGATG,4589
CCCATAGTACCCTTCA,4589
ATCCAAACACAACTGG,4588
GTAGGAGAACGGGGCC,4588
GTGGAGAAAAGCGCAG,4588
TGAATACGCAATTGAT,4588
TAGCAGATCCACTGAA,4587
TATCAACATTGATCAA,4586
TACATAAGAACTAATT,4585
GGTATCGTACCACAAA,4584
TACACATCTCAAGATG,4584
ACGTTTAATTAACATG,4583
CAAATTTAACATAAGA,4583
TCCAGTATTCAACCGT,4582
ACAAAACATCACAGCC,4581
CCTTACTAACCGTACT,4581
GCGTCCACCCGAACTT,4581
TCTTGTGCAGATCATA,4581
CACTGTATATACAACG,4580
CTTGCCATCACAATGT,4580
TAGTTAATAACCCGTA,4580
AGATGCGTGTGGTTTA,4579
GGATAACGACAAGGAA,4579
AATAAGATAACCTTAG,4578
GCAATTAGAAACTGAG,4578
ACAGTATACCCGATTT,4577
ATTCACCCATTCGGAG,4577
CCTCCAGAGTATTGCA,4576
GACGAGAAAGTTACTT,4576
GGCACAAAAGGCACGC,4576
TAGCTACAACTAGAGG,4576
ACGATAGTTAATGTAC,4575
CATCAACGGATTAACA,4575
GTTAAACGTAAACTCC,4574
AAGGACCCTGAGAAAT,4573
GCTAAAAAAACTGAAA,4573
TCCAAAAGGGACTTCG,4573
ATATAGTGGCGTCATA,4572
AACTCGCCATTATAAT,4571
CCCAAGGTGTGATAAA,4571
CTAAGATGCTTTCAAC,4571
GTTGATACATCCAATA,4571
AAGGCTGATAAAACAG,4570
AATGAACGGGACTACA,4570
GCTCTGTGCTTGAAGT,4570
GGTAAAAAAAAGAAGT,4570
AATACATGTAAGAACA,4569
CACGCCCTAAATATAG,4569
AGAAGACTTCCCTGAT,4568
CTCAATTCAGTTCTAA,4568
AACCCAGGTCGTAATA,4567
TAAAGTACCAGGATGC,4567
AAACAAGCCCAGATAC,4566
ACTGACCAAAGCACCA,4566
GGCTCCATCAAAAAAC,4566
TAAACGTCAACCATCA,4566
TTCGAACTTTCAAAGC,4566
CACTTTAAAACCTAGG,4565
GATCATCTTTAAACTT,4565
GTATGGGTTTTTTCAA,4565
CGTGAATCAAGTCCGC,4564
GAGTAGCTGCTAGAAC,4564
GGAAAAAGACCTGTAT,4564
CATCCAAAAAAACTAC,4563
GCCCCCCCACGGTGAC,4562
GTATCGCCAGCTTACG,4562
TGCCGTACGCAGTATT,4562
TTTGCCAAAAAAAAGA,4562
CGTATCATTTAATGAC,4561
TACAAGATTGTATAAG,4561
TAGACATATGCAGTGT,4561
TCCTCCGCCCATACTA,4561
GATAGACACGACGCGG,4560
CCTTTGTTCAAGCTGG,4559
GAGTTACATGGGGTGC,4559
TGCATAAATATGATGG,4559
GTGTCACACGAAAGGA,4558
AAGGTTGCAATTTTAA,4557
ACTTACTTAAACTATT,4557
TACATGATTCCCATCT,4557
AAGTCAAATGGGTGAC,4556
ACGTTCAAGTGCTTGA,4555
GTCTCTTAATATGTTT,4555
AGGGATGACTCGAACA,4554
TTAAATCGATTATACT,4554
CTAGAGGGATATGAAT,4553
TACGTATGATAAAAAA,4553
TTCTTCTACGGGCCTA,4553
ACATCGGAATCCTCGG,4552
AGCTGTTTATTGAACT,4552
GGAGTAGAGACCTGTT,4551
GGTTGTTGCCCCCACA,4551
TACTAGTCAATTACTC,4551
CACAAATCTGATTCGG,4550
CATGCCTTGCGGACCG,4550
TGCTCTGCCGAGCACA,4550
ATTCAATACAGTCGAG,4549
CGACACATACGTGGTG,4549
GCTACCAATGACACTA,4549
GTATAATTACTAAGCC,4549
TTAAATACAAATGTAA,4549
TTGATGGGCCCATTCA,4549
CCTTGGGGCGGCTTCG,4548
ACAATAAAAAGTTGCA,4547
AGTACCAGTAAAATGA,4547
GGTACGATAACATAAA,4547
AATGGACTATCCTCTA,4546
ATATGGACCAAAGCTT,4546
ATCCAAAAACAGAAAA,4546
TTACAACCTAATATCG,4546
TTCTAAAATACTCGTC,4546
CTGGTAACACCGACAC,4545
GAGAGACGTCAAGCTT,4545
GATGATTCTAAAAATA,4545
GTGGAGTCAAAGCGCG,4545
ATGAAGAGGAAGTATT,4544
CCAATTGGGAGGTAGA,4544
ACTAGAACGATAGAAC,4543
TACCTTAACTCGTCAC,4543
TACGCCTATTCCGATC,4543
GGAAAAGACGTACGAG,4542
TACTGCTGAAAAGAAT,4542
TCACCCACCGATTGCC,4542
ACAACAAACTCAACAA,4541
AAAATTATGCCCAAGT,4540
AGGGACACACCCAGGA,4540
GAGCTTTATCTAGAAT,4540
TTTTAGCATGTTACAG,4540
AGCTTAACACCAAACA,4539
ATCATACAATGCAACC,4539
CCGGGTTGAAGTCACT,4538
TAAGCAACTACAATAG,4538
TCGATTGGTAAAAGAA,4538
ATTGATCCTCCTGCCG,4537
CCGCCCAATTCGTCTT,4537
GAAAGCAACTCCAATT,4537
GTGGTTTCTGAGAGTC,4537
TTAACCCTCGTAAAAT,4537
GACACGCCTGATTATG,4536
ATTACATTTGATAACA,4535
AGAAGATGTCATGCAG,4534
CCTCCAGCAAGCAAGC,4534
GTTTTAACTAGAAAAA,4534
TAGAAACAAATTACAT,4534
AGCATGTCCGCCCATT,4533
GTATCTAAGACGGCCC,4533
GACATTCCGAGCTGCC,4532
AACACTAGCCGGTCTA,4531
AACATACTTTTGCATG,4531
GGAAGAGTACTAGTAA,4531
TCAAACGAATGACATG,4531
CTGAAACGAAATACAA,4530
CTTACGGGTTGTCGCG,4530
TGAACCTAAGAGCTAG,4530
AAAATAGTAAGCCATT,4529
CTCAGTCAGAACCCGT,4529
TACTCTTAATATCAAT,4529
CTAGAGGACGCGACAC,4528
AGTCCCTAATACATCG,4527
CAAGACAGAACCAACA,4527
CCTTGAACACTCTTCG,4527
AAGTAAAGGCCTATAT,4526
ACAACGGGTTTACTTA,4526
AGGATGATTTATGCAG,4526
GGGGTGCCATACACTT,4525
TGGTAACTAAATGCAA,4525
AGATAATTTAAAAGAC,4524
AGATGCTAAGGACCGG,4524
GATATAAACTGAATCC,4524
AGATACTACCGTAATC,4523
AAGTTCTCGTACTGAG,4522
ATATGCTAAGTCTCTG,4522
TGAGTGTAAATATAAC,4522
ACCGTCTAGACACTGT,4521
GACGCGATGTTAGCTC,4521
TCCATTTGGAAACCTT,4521
AACATCCATCCTCCCC,4520
CAAGCTAAAGACAGAG,4520
ACACCCGACAAGAAAC,4519
ACAGTCTAATCCGCAT,4519
TTAAAACGTGATTAAA,4519
AGTTCTGCTCACTACT,4518
ATAAACTTGGTGGGAC,4518
TAACTGCTTCGATCCA,4517
ATACAGAAGGGTTCAC,4516
CCAAATACAGGTGCCA,4516
CGTAAGTATAGCACTG,4516
GATCCACCCATCCCAA,4516
TTTCAATTACAACTTA,4516
AATTCATATAGCACAC,4515
ATTAGAAGGGCTGAGT,4515
GCACACGGGCACTAGT,4514
GGCAGTACCAGACTCT,4513
AATCCGACTATGCCCA,4512
ACCGTTAAGCCTACCC,4512
TAGACTCAACATTGTC,4512
ACATCATAACGTCAAC,4511
AGCTATTTAGAACAGT,4511
CATTGTTCACAGAAGC,4511
TGCATCAGTGAATTAA,4510
GGAGGGCTAACGCTTT,4509
CGAAAATACTTACAGA,4508
GCCAAAACAAATGTTA,4508
ACTTACTATGATACTA,4507
GGAAAACCACGAGTTG,4507
GCATCGAGAATTGTAA,4505
TGAAGCCATCATTATT,4505
TGCAACAAAAGTTGTT,4505
AATATAATGGAAAGCA,4504
TAACTGTAATACAGAC,4504
CTGAACTGTGGGTCTA,4503
TAATCATTTTGCATAT,4503
GAACATAAGTCTTTTG,4502
ACATGTTCTACCTGGA,4501
ACAAATCCGGTTGTGG,4500
CGGCCAATTAAGTGAT,4500
TAAAAGCTCTAAGCAC,4500
AAGGAACACAACGTTC,4499
ATCCTTGAGATAACCG,4499
ATTAGTATCTCCCTTC,4499
CATCTGTACAGGGTCA,4499
CACATGTTTTCTCCAG,4498
AGTAAGTAAATTGAGC,4496
GTTAAATTAAATGCAC,4496
TCAAACCTTGCCGTAG,4496
CGCCAGAATGGACCCA,4495
CGGCCGCAATAAACGA,4495
AAATACTGATACAAAA,4494
AGACGAACTTGGAATT,4494
ATCAACCAGAGATCCG,4493
ATTATTGAAAAAAAAT,4493
CATAACCCCAGCTACA,4493
GATTGGAGAATACCTA,4493
GTGAATGCACTAAAGA,4493
TTCCTACTTACACAAT,4493
ACTGAACTTGGAAAAA,4492
ATACAAGCAAAACGCA,4492
CTTCTATATACCACTA,4492
GAAATTATTGACAGTC,4492
AAAAATAAAAACATAA,4490
AACAGGAAACTTGCAT,4490
TGTGCGGCGATGCTGC,4490
GGCTCCATTTGTACAA,4489
TTTCTTGAAACTAAAA,4489
ACTAGAAAGAAGTCGG,4488
CACCGAATTCCCATGG,4488
CCACATAACTAAAGCC,4487
GGATGTTATGGAATCC,4487
ATGGTCGTACCAACAG,4486
CAATGAATTGTCACTT,4486
GCACATTGTCAGATTC,4486
TTCTAAAAAAATCATG,4485
AAAGCAAGACTCGCGG,4484
AATTCTCTCTGTCTAT,4484
ATGTTAGAAGCTCTCA,4484
GTGCTATATATCAAGG,4484
TAATGGCAGTAAGAAG,4484
AGAAACGCTGGTTACA,4482
TACATACGGGATATAT,4482
TGAAGTTTCAAAAACA,4482
ATAAAAAACTCATATT,4481
ATGAACAAGAAGGTCA,4481
GTATTAAAAAATTGCG,4481
TCGAACAGTAAACATG,4481
AATCGACATAATTGAG,4480
GCCCGAGCATTTGGTA,4480
TCATAAGATTCTCTAA,4480
AATGTTCCACGACTTT,4479
CGACATCGCAGAGCTA,4479
AAGTTCGGGCATATGT,4478
ACTGAGTGAAACTTAA,4478
ATTGCATATGGATCAC,4478
ATTACATTATGGGTAT,4477
TGGCCAATGTCAGGTT,4477
ACGATCTTACGGTGGA,4476
AGCTCTCCAAGTCTGC,4476
GCAAAACTGTCAGTAA,4476
GTATCAACTCCGCGTG,4476
GTATCGACTAGTGGGC,4476
TTAAAGATTCAGACTT,4476
ACAGCCAAGGCTAACA,4474
GACACATACAATGGGG,4474
GACGTGGATACGCTAA,4474
AACATTCAATTCGCCG,4473
GGTAACCCAAAAGTAC,4473
TCCTATGAACCCTTCT,4473
TTATACGGCAATGAAA,4473
CAAGTCCTCGTACTAC,4472
CAATACAAGACGTTCC,4472
ATCCAAAGCAACTCAT,4471
GGCAAAACCTATTGCT,4471
GTCATGTAACAAAAGT,4471
ATGTCATCAACCTTTA,4470
TTGGACACAGCGAGAG,4470
TTTTGAAAATAGAATG,4470
ATAGACTAGCTACTCC,4469
CACTCACCCAGAATAA,4469
CTCCGCACTTAAAGTC,4469
TCGTATTTGATTAGCG,4469
CTTACGAAAACCATCC,4468
TACGAAAAACTACCCG,4468
CCCGATATGTGGTTTG,4467
ACAAGATCATCGAAAG,4466
CAAACCGAGATAACAC,4466
TAATAACGGTCTTTAC,4466
CAACAAATATATGTTG,4465
AGCCATCTCACCAACT,4464
AGTCTCCACTGATGAC,4464
AATGGAGACGTATAAT,4463
GGTATGGGACACACAC,4463
GGTCCTAGAAAAGATA,4463
ACTTCTCCTTTACCTC,4462
CAATAATAACCACCAT,4462
AGATTGACCATGAAAG,4461
ACCACTATGGGTGATA,4460
CGGTAAAGTTGATTAA,4460
AAACGCTTAACCATAC,4459
AGGGTAAAACAATAAC,4459
ATCGCGAAATGAAGAA,4459
GGATAACTGGTAACAT,4459
AATGACGTAATTTTTC,4458
AGGCTAAACCTAGACC,4458
CAGAAAATGACTACAC,4458
GGCAGCTACCTTGACA,4458
GATAAGGGTATCACAT,4457
TAAAGAACCTTGCATG,4457
TACAATTGAAAAGGGC,4457
TCATAAGATGTTCAGC,4457
AAAGCCGGTTCTCCGA,4456
AAGCAGTAAGGCACAT,4456
AATGGTGAGCTATCAG,4456
CTAATCCGAATTCGAA,4456
CTTATCAACATAGTAT,4455
TATTGTACGCGTACAT,4455
TTCCAGACCAACGGCG,4455
GTGAACAATGAAGTAT,4454
TTTACAGCTATGGCTG,4454
AATTGATCACAAAGCC,4453
CAAAATACTAAAAGAC,4452
GAAGTCGATTGCACAA,4452
GAAGTGGACGAAATGT,4452
TTCCCTATGAAAGAAC,4452
CTACTAGTATCTTCTA,4451
GTTGCACGAAGTCCGT,4451
AACCAAATTTCAAAAA,4450
CCAGGGTAGCCACTGC,4450
CTACTCTACTCATATC,4450
GGCGAACGAGGGCATA,4450
AGATATAGATACATCA,4449
ATATCAACCAGATAAG,4449
TAAACTACAGAGACCG,4449
AAAACTCAAAAGATCC,4448
GTGCAGAAGTGCAAGC,4447
TTGATACCTGAACGCA,4447
ACGAGCATCAAAGTCT,4446
AGAAGCTCCGACTTTA,4446
TAGTAAACGATTAACA,4446
TTTCCCTGGTGCCCTC,4446
ATCTTTAGCTATTTAG,4445
ACCATTGCTCCAGCCT,4443
AAAATGTGCAAATAAG,4442
AACCTATCCAGTTCTC,4442
CCAAGAATCTCTTAAT,4442
AATTAATGTATAAAAA,4441
GAACGAGTACAACTCC,4441
GGGTGACACTCTCTGA,4441
TAGCTCGGCTAACTCT,4441
CATGACGATTCCACGG,4440
CGATCCTCACCAAACA,4440
GCTAGCCCAGACACAA,4440
GGCCTAATAATTATGC,4439
TTGCCTGAGCATTAGC,4439
AAGCAGCAGGAAACTC,4438
CACACAGAATACTTTA,4438
GATCACGCGTATTGGG,4438
TTAACCACGAGACTCT,4438
AACATCCACAAAAGTA,4436
AAAATTCTACATTACA,4435
AAAACTTTCGTCACAA,4434
ATGAGTAATCCATTCA,4434
GAATATTTTGCGGTAT,4434
TGGGGCATCCTAGCAC,4434
AGAGTTCCAAAGACCA,4433
AGCACGGGCAAACTCA,4433
ATAGTCTGAAACAAAC,4433
CAGTATATGAATGAAA,4433
CTACAGTCGGTACAAA,4432
GACACTTGAAACAGGT,4432
GCTATGTGCTATACAC,4432
TCAACTCTTAGAAAAC,4432
TGCCGAAAACGAATTT,4432
CTTAACAATAGTACCA,4431
ATACAAAAGTATCACA,4429
GGAAGGCGATCAGAGC,4429
ACAAGGTTCTCTCTTC,4428
ACTCTATATAATGATA,4428
CAACACCCACAACATA,4428
GAATACTACAAGAGGA,4428
GAGAGTTAAATAGTTT,4428
ACCGAGTATTTCGGCT,4427
GTAATGCTTAGAACAA,4427
TTAAGCCCCCTTAAGA,4427
CAGACCAGTTTCCACA,4426
AACGTAGACTAGTACC,4424
GTATATCGGAGCCACT,4424
TATAGACCAAACGGTC,4424
AAACTAAGCTAATCCC,4423
CGTCAGACATATGATG,4423
GTCAACTCACCATACT,4423
TACGAAAATAAACATA,4423
TGCACCACACAATCGT,4423
ATCATTGATAGCGGAA,4422
CCAGCGTCTCATTTTG,4422
AGCAAAAGGTACTCAG,4421
CAAGGCGCATTCTTAC,4421
GACCAGGAAGGCTATT,4421
TAAATAAATATATAAA,4421
TCAACCAACTAATCCA,4421
TAATAATCTGAATACC,4419
TCATCAGAAATCAGAA,4419
TTTTAGAACCAACAAA,4419
GTACCGATCACAAACC,4418
TGAAATACACTCATAA,4418
TGCGATAGAGTGACCT,4418
AACACCTTTTGAGCGA,4417
AGCTACACTACGCAGA,4417
GACCCAAGAAACGCCA,4417
AAATTAGACTGAAATT,4416
CCAGTTCTATTTACAA,4416
CTCAACTTTAGACGCG,4416
GAATATGAAGGGCAGT,4416
GTGATCCAATCAACTC,4416
TAGGACAAAACAAGAT,4416
TGCAATTTGGTCTAAT,4416
AACAGATAAGCATCAC,4415
GTCGACTTCACCGAAA,4415
AAAAAGTATGTTACTA,4414
AAGGGCATACTGTGAT,4414
TTTATCTAACATGAGG,4414
AACCCATCACCTCTAC,4413
AAGATACAAGTGCCAA,4413
CGACGTTAAAAGCTAT,4413
CTAGTACAATGATTCG,4413
AAAAACTATCATGCCA,4412
AGCGTTGAAATACTAC,4412
CAAAACAGTGCATAAT,4412
CCAGCCCCAGTCCTAA,4412
GAGTTGCACATGAGAT,4412
AAACCGTCTACCGGAA,4411
AATCTTTTTTTATGCG,4411
AGTACAGTTTTAATTT,4411
CCGAGCAAATCTGCAT,4411
TGGATGCGTTAGAAAT,4411
TTTCGGCCAAGACTTT,4411
GCTCTACTTACTTTAG,4410
CAATGTTGATATCTAG,4408
CACAACAGCATGAGCC,4408
AATGCAGATCTATAAT,4407
AAGAAAAATGCAAACA,4406
ACACATTATAAAATCA,4406
AAACACACAATGCTTC,4405
ACTACAAGGTCATACT,4405
TAATAGGAAACCTGGC,4404
TCGCTGTCACATCCAG,4404
TTCTAATGGTCTATAA,4404
AATGTTGGTCACAAAA,4403
ACACAACGAAATAAGG,4403
ACACGACGCTATATTA,4403
GCTGGGAGTTACTCTA,4403
TCATTGAACCTGTCTC,4403
AACGGTGAACCAAGTC,4402
CTATACAGCTATTTTA,4402
AGAACTCTGATAGATA,4401
TAATCGTAGAATAGAC,4401
TATTGAGAGATACCGA,4401
CGTTATGAAACGACAA,4400
CTTTCAAGGCTCTGTA,4399
AAGTACGAAGGACCAG,4398
AGTCGATCAAATAAGG,4398
CTTGACCGTACCTAGG,4398
TAAGCCGTATATAGTG,4398
GATGAGTAATGCTGAG,4397
TACACCAATATGAAAA,4397
CTAACTTAACGGAAAA,4396
CTGTCACAGTTACCAT,4396
GGAATTGGACGATGTG,4396
CCGTAAGCTGCCACTG,4395
GATGTGCTTAATTACT,4395
TAGGCGATCCATTCAT,4394
GATTGAGTCCAAGCAT,4393
GTGAGTTTCATCTCAT,4393
CGGGCACCTCTATAAT,4392
ATAAGGATAAGAATAA,4391
TAATGAATAAACCTTG,4391
TAGTGAAGAAAAGCCA,4390
TTGAGCGAGAGACCAC,4390
ATTGTCCTTAAATATC,4389
AAAAACCAGTCTGGGA,4388
TCTAAGAAAACGTAGC,4388
AACATAGGGCACATTG,4386
CTATAGTAACACGACT,4386
TGCACCGAAACCGAAA,4386
AATGATTAAACATAAC,4385
CTAACGGACCGAATAA,4385
TCCATCTTTCACACTA,4385
AGAGACTAGCTAAACC,4384
TAGACAACTTTAAATG,4384
TGGCAATACTCAACCA,4383
TTAAGACACCTCAAAC,4383
ATACGAGGGTACTAAT,4382
CCGAGCCCGCTATGAT,4382
CGCTAAAAACTAATAT,4382
CTTTTTACACGCCCTT,4382
GGCGTAATAATAAATT,4382
GGTATAATTGGACTAA,4382
TAAAATAACTTTGGCC,4382
TCGAGAACAGTCATCT,4382
AAATTGATGAAAAAGC,4381
AGCCCGTATAACCACT,4381
AATCAGGACTGAGATG,4380
CCTGCGTAAAAAAATA,4380
TTTATACACCTTAGCA,4380
AATATAATACTGAACA,4379
TCGTTCTAATGAGAAG,4379
TTCCAGTCAAAATTGA,4379
CAAAAGTAAGGACTCT,4378
GCGATATGAAGAGTAC,4378
TCCAACAGTATCAACT,4378
AGCCAATGGCCAATAG,4377
CAGCGGATAAAGGCTT,4377
CTCGTCAAAAATACTG,4377
TGTGAGGAGTTCCATT,4377
ACCGAGATGAGATAAA,4376
AGATCCTACCTACATC,4376
ATGCAACATAGTTCGC,4376
GAACGTACATCTGCAA,4376
GAGACTGGTAACCCTG,4376
GGAAGTGACCAGGGGT,4375
AAAAAGTAAACATAGC,4374
AAACACTGAAACAGCA,4374
AAAGTGACACCACTAA,4374
AATCGATTGCAAATCT,4374
ATCAGATAACAGTACA,4374
AGGAGATCGAACTAAA,4373
CACGGGCCCAAAGCCA,4373
CATTAAATAAGCCAAA,4373
CCGAAAAAAAGTTTAA,4373
CTACAAGCCTTTTCTT,4373
TCAGACGGTAACACAG,4373
TAACCGGACACCACTA,4372
AACCTAAACAGTGCAA,4371
AGAAACTAAGGGTTCC,4370
CAGTAATGTCACAACA,4370
TAAGGTATTTGTCCTT,4370
AGGGACGAGAACATAC,4369
CCGATTAAGTAACTGT,4369
CTCCACCCACATAAGC,4369
TATAACAATCAACTCT,4369
TGAATGATAGGACGTC,4369
AAAAGAAAATCCCATG,4368
CTTATCCTCTATAATA,4368
TTATTTGGTCACACCA,4368
ACCGATCGTGTATTCC,4367
ACTGGAACCCTCTTAC,4367
ATTCCCAAAGAGAATA,4367
TAGTAATATTATGAAA,4367
CAGTGATTTATGATAT,4366
CCACATTAGATAGAGT,4366
GATTTACATGACACTG,4366
TATCTTAGTTGCACCA,4365
TGATACCCGTGCATAC,4365
CCATAGCATTATCCAA,4364
CCGTCTGTTACTTGTC,4364
GACATAACACTTGATG,4364
GAGCGCTTTATTAAAT,4364
GGCTTCGGCTATATCG,4364
TAGCCAATGAACGTCC,4364
TCTAAAAGGGCTCTTA,4363
AGGGTTATCTACTAAC,4362
CGGCGGTCAGATATCA,4362
AGCAACGAAACCATGT,4361
ACACTACTGTTCATAT,4360
ACTTCTGATGAACCTC,4360
AAATAGAATGACTATA,4358
AACAACGCAAATGTTA,4358
AAGGTACCTCACACTT,4358
GGCACATAAAGGGCCC,4358
AAGTGTCGACGGGTAG,4357
GCTGGTGCTAGTAGAA,4357
CCGGCAGCAGAGTATA,4356
GAATGACGCTCCACCA,4356
TCAATGGGACAAAGCA,4356
TGCTCTGTGCATAGGG,4356
ACCTGCTCGCCATGTG,4355
ACAGAATAAACTGCCT,4354
TAATCGGCCCATAGGA,4354
TGAATTAACTTCAATG,4354
TGCCTAAGCGTTAAAT,4354
CAACACCTCTGACACT,4353
TAGTGAATCTTGTGCT,4353
CTCTACGTACCTTTGC,4352
TATCAGAAAAAGATAC,4352
CCAGGTCACGCGAAAA,4351
GAGACTTACAACGATA,4351
TTTCTCGTCAAGTCGC,4351
CACCCCATTTAAGAAC,4350
TCCCATGCGATGGACG,4350
CTATGTCGTACAACAA,4349
TCAAATTAATGTTATA,4349
AAAATGGCAAGGTATC,4348
GCAATAAGGAATAGAA,4348
ACACTTACGAATCAGG,4347
CTGACATGCTAAATAT,4347
CTGGAAATAGACTAAG,4347
GTCAGTTCACAGAATT,4347
TTATGATTATGATACT,4347
AATATAAGAGTATAAA,4346
AGCACCCGGCCGACCC,4346
CAGGTATCATTAAAAT,4346
TAAAGTCAACGACCAA,4345
CCTGCAGAAACTAGAA,4344
GATGAGTGGGTCCGCT,4344
CCGATCAAACAACACG,4343
CTCCACTGATTATCAT,4343
GCAAGTCCTTAATTTC,4343
GTCGTTGATCTGACTT,4343
TAAATCCTGTCCAACA,4343
TAGATCCAATATCGTG,4343
CCTCCGATAGATACCG,4342
CTGCCTGTCCAAAAGC,4342
ATACAACAATCAACAA,4341
CCAATTTAAATAGAAA,4341
TAAGTAGGCATACTCG,4341
GCTTAGCATTACCCAG,4340
ACGGTCTAGAAATCTC,4338
CATCCCACGACTGACT,4338
AAAACCTCTTATTGCG,4336
ACAATAGTGAAGCACT,4336
CAACACGAAGGGCCAC,4336
TTGTCGTTTTAAACAC,4336
ATTTCGACTTACCACG,4335
ACTCGTCCCTAATACC,4334
AGTACCAAACTAAATA,4334
GCCATTTAAAAATCCC,4334
GCCGTTAGTTAATTTG,4334
TCAATTAAGCGCAGAC,4334
ACGGTTCATATCAACC,4333
ATACTCCCTCACCCAG,4333
CAATATGATAAAAGTG,4332
GCCATCCATGTATTTT,4332
GCCCATGGTCAACTCA,4332
CAGAGAAGGGCTGCAC,4331
TACTGACTACTGTCTT,4331
TCATAACCGCAAATAG,4331
TGAAAGTAAAAACGAG,4331
TGTATTTGCGTTCAGG,4331
TTGCAAAATATCTAAA,4331
AAAGGGATACAGACTA,4328
ACTGGAAGGGTAACGG,4328
CAAAGGCTGCACCTAA,4328
GGGATCGAGAGCATAC,4328
TGCAGTACACAAGAAC,4328
ACAGCTCCGGTTATCA,4327
AGACTGAAGTGTCTAA,4327
AGGAATGTAAAATTAC,4327
CTTTGGAAGAACGACT,4327
ATAGCACTTAGTAGCA,4326
AGTCCCTGAATAAGAC,4325
CAGAAGGGCATGAATA,4325
CTAATCGAAGTTATAT,4325
CTTAGAATTAAGCATT,4325
GATCAGTCGAACCTGC,4325
CCAACACCAGAGGAGT,4324
CTGGCCTGAATCGGTA,4324
AAAAATCTTTCTTCTC,4323
AATAACTATGAATCTG,4323
CACTAGAAACAAAAAG,4322
TGCCCAGTGACTATAA,4322
TTCCAGGGTTCAATAG,4322
AGAAATAACCACCTTA,4321
CGGCTCCGCACCAGAA,4321
CACAAAACAGTAACAA,4320
CTAAGCGTACATATAG,4320
TCTCACCCAACCCATA,4320
AATGCTGCGCGGACAG,4319
CCACCCCGCGCATTTA,4319
GACTGACTACATCAAG,4318
ACTCTTCCAGAAGTCA,4317
GGGGCGTATCCAAGTT,4317
TAATAATAAAGGATAA,4317
TATACGATAAGACATG,4317
AGACAAGCGGCCTATA,4316
TTCTGAACCCTAAGAA,4316
AAATGTAAGCACAACT,4315
TTACAATCCTATCCAG,4315
CCCGGAAAATGATAAA,4314
CTGCACCATATAATCC,4313
GACGGATGGTAAAATA,4313
GAGTTGGGCTGACACA,4312
GTGAAATATATCATAA,4312
TAAAAAAAAGCCGATT,4312
TCTATAAGAAAATACA,4312
TTGAAAAACTTAACGT,4312
CAAAAGATAAGTGGAA,4311
GCTAAAACCGAAGAAA,4311
TCAATATTGTCTAGAT,4311
ATATTACTTCTATAGA,4310
CACAGTTCTTCCCCAA,4310
CAGATCATTACTCTCC,4310
GATAAGATTAAACATT,4310
TAAATCGAGTCCAAAA,4310
TAATCTAAGCAGGTTA,4310
AACAGGAGATCACCTC,4309
GAACATTTCAGTTCAT,4309
TCAAAACCGATCCGGA,4309
AATGCGCCCCACCTGC,4308
CGGTAAGCACACAGGT,4308
GAACAAGCTCTGCCAC,4308
GAATTTAAAAATGACC,4308
GTACCGGATAGGCAAC,4308
TCAAAAACTATTACCT,4308
ACCGTTAAATATCATT,4307
AGAATTCACCTCATCG,4307
TTCCAAAAAAGAAAAG,4307
AAGACCTTAACAACAA,4306
AATTAGCCATCAGCAG,4306
AATATTGAGTTGATGG,4305
AGCAACAGAGGGATTT,4305
AGCTCAGGTCCAACAA,4305
CATGAAAACGAGGTAT,4305
CTAATATCAATAAGAA,4305
AGCGTTCTTAGCAATA,4304
CCTAATAGAGTCTTTT,4304
GCCGATAGCAGTTTCC,4304
ACGTAACAAAATCACA,4303
CAGTGACAGTCTATTA,4303
TAATTGAGTTGGAAAG,4303
TACCCGGGAACAAGAA,4303
TCTAAAACGCGGAAAG,4303
TGTGTAAGCTTTGAAA,4303
ACTAGTGAAACTTTCT,4302
CGCAATCAAGCAAAAA,4302
GTCTAGCAAAAAACCC,4302
TCAGTCGAATCTGAAA,4302
TCTAAAACAAGTCGGA,4302
ACTGTAGCCAAGGACA,4301
TCATTCGGTTGCACGG,4301
AATAGGTATTCGACGA,4300
ACCCATACAGCCATTA,4300
CCGACGACTTCAGCAT,4300
AATTAATCTACTGTTG,4298
AGCCTCACCACTCCTC,4298
ATACTTCAATCAAATG,4298
ATTAGAAGGAGTTACA,4298
CAGGTCCTGAGGTACA,4298
GGAAAGACTCGTACAC,4298
TACGTAGCTTATTCTA,4298
TCGATACCAAAATATT,4297
AACCCACATTGTGAAA,4296
AGGTACTTTAGACAAG,4296
ACCCCTACACCACAAT,4295
CTGTAAACTGCTGTAA,4295
TTCCACTCGGGAGAAA,4295
AACACATTATGCAGTC,4294
TGTGACTGCGTGAATT,4294
ACCCCTTACTTAAGTA,4293
CCAGCCACGTGGACAA,4293
GACCCGGCTACGTCGG,4293
GGTATAAGATTTAACC,4293
AATCCTATATCTATAA,4292
CAAGATGTCATAAACA,4292
TAACAGCTAACGCCCC,4292
ATACGACCCATGATTA,4291
ATTCAACTAATCAACA,4291
GAAGCAAGTTGGTCGA,4290
GGTGGACTATCTATTT,4289
AATCTTGACGCAGCCT,4288
AGGACATTAAAATCTA,4288
CCATCGTTATATTCAA,4288
GACTATAATATCACGT,4288
GATGTCCACGAATACA,4288
TAAGTCGCCGCTAAAT,4288
AATTTTACATCTAGAA,4287
GATATTCCCTAACATA,4287
TCATCTATAAAACAGT,4287
TGTTCTATTCAAATAA,4287
GAACGGACCAATCATT,4286
TATAAAGTCAGCCAAA,4286
TGAAGCAAGACTGGTA,4286
AATCCAATCGTCGACT,4285
CAAGTGACTAGAAAAC,4285
CACCCGAATTCAGAAA,4285
TATCCAATTGCATAGA,4285
GAAGCCTAAATATCAG,4284
TATAATTTCACTTGGA,4284
TATCGGACAAAGATTG,4284
CACACCGCCTGATGAA,4283
CCATAAAATTTAAAAA,4283
CTTCAAGGGCTATGAA,4283
GGAGCAACAATATTGA,4283
AAGACAGTTTATACCA,4282
CATATCTCGGTATCTA,4282
TATCGAGCAACGATAT,4282
GCGAAGACGCCACGTC,4281
TCCGTAAATTAGCTGT,4281
CTTCTTATTGCTCCTT,4280
TGCGATAGGAGGAGTG,4280
ACCAACCGCGATAAAC,4279
ACCTAACACACTACCC,4279
ACCTTATTTCTCTGAC,4279
ATTTATAGAAAACATT,4279
TAACTCTAGGATACCA,4278
TAGGTTCCTAATATCG,4278
TCGATTAGGACATTGA,4278
CGCATAATCCATCGGT,4277
CGTCACTGCAGTGGGC,4277
GTGAGAAATCACCTGC,4277
GTTGGGACACCCAAAG,4277
TTATACAACATTAACA,4277
GAGGTCGAGCGTCGGT,4276
AGGACGAATCTTAAAA,4275
CATAAACGAAGGGTAA,4275
CATTGAATCAGAGCAA,4275
GCCTTCAGTCCCTGAT,4275
TAAGCCTGAATACCCC,4275
CAACTTGTTTCGCACA,4274
TTAGGTATATACTCAA,4274
TTATTTCAACAGTAAC,4274
TAGTGACCCACATACC,4273
TCGCAGAGCGAGAGAA,4273
TCGTACGATCACATCA,4272
TTATATACTCACTGTG,4272
ACAATAAATAAGCACT,4271
CCGCCGATGCGTAAGA,4271
TAAAATTCAGAGGCAC,4271
TCACCACCTTCTATAT,4271
CCTGACACTAGCTCTT,4270
GTAATAAAAGATTCCA,4270
TACCATCGGCTGACCG,4270
ATCACAGAATGCGAGT,4269
CATTACCTAATCAATA,4269
GGAACTTATTGTAACA,4269
TATTCAGAACTCTGTA,4269
TGGATTCAGCGTTTTG,4268
TGGGAGGTAATAAAAG,4268
TTGGAAAAAACAGAGA,4268
ACATTGACCGAGAAAC,4267
AGGACAATGCGTGCTT,4267
TGGACACAGGAATGAG,4267
GCAATTTTTATATCTC,4265
GGCTTCATAGTCAGTA,4265
TAATATCATGGATATG,4265
AAACAGAGGTTAAAAG,4264
CGAACCAGAGAAATAC,4264
GATTCGTTAGCAGACA,4264
TAAATTGAAATCTTTC,4264
AAAATATATATTAAGA,4263
GATCCGACGAAGCCCC,4262
CTAGGCCAAGGGATCC,4261
GAGCCATAAAACTCAT,4261
GAGTTGTAAGGCTAAG,4261
GCCAAATCCCAATTGG,4260
TAATCACACACGTAAC,4260
TCGCTCTAGTGGTAAA,4260
GACTACAGATAGACAG,4259
TGTAAAATCCCGGTAA,4259
AAACAATAATTGAAGC,4258
CTGAATGCATGGATTC,4258
CATTCACCAGTCTCAA,4257
CTTAAAAATGTTGCTA,4257
TGCAGTCAAGGAGACA,4257
CTGATCATCGTCTTTA,4256
TACGAAATCTGGTTAC,4256
TTTTTGCCCATAAGCC,4256
AAGCAATTATGATCAA,4255
ACTAATGATACCGTAT,4255
CATCCATAAAATGTCC,4255
GGCGGTAAACCGCATA,4255
ATTCTGATAAAAAGAG,4254
CCTGTGAACCCAGTAA,4254
TGAGCACGAAACAATA,4254
TGTACCTCCCACAGCT,4254
CCAATTCAGGGATGTG,4253
GATCATCAAATTATCT,4253
GACATGGTGACAATTG,4252
TACCATATAAATTAAG,4252
CCTTCATTAACTATTC,4251
CTTGTCGGATACTCAC,4251
GGAACAATCACATGAA,4251
TCGTAGCAAAGCAATT,4251
TTACCACCAGCATTAT,4251
CCAAAACATAAACTCG,4250
ATCGATTAAGAGAGAA,4249
TCAATACCTAATACTT,4249
TTCCTTTCTTGGTGAG,4249
ATATTATTTATAGGCC,4248
ATGTTGACATGCGATT,4248
CACTCTCAATTCAATG,4248
GTTTAATAAAATTCCA,4248
TCTTAAACCTCAAGAG,4248
TTCAATAATCGAGAGT,4248
CATAATTCATCAGGGC,4247
CAGCCGAGTATCGACA,4246
GCGATGAAAAAGACAA,4246
TCATATAACACCTCGA,4246
TCCTGCGGATCGGACA,4246
AATGATACGGATTGCC,4245
ACCACTCAACCAAGTC,4245
GTAACGGCTAGAAGTA,4245
ATACGACTCCCCATAA,4244
AAACAATCACCCACTC,4243
ATAGAATGCACACTCA,4243
CATGCGAGTCTTTTAA,4243
CTCACACTAGCTCGCG,4243
TCGATGATAAAATGAA,4243
AAGGGATGTAGACATG,4242
AGAACCAAAAAGCAAA,4242
TGCAACTTCTATGTTC,4242
TTAATCACTATCCCCA,4242
GCGATTAAGGGAGGAA,4241
AAGGTGTACAAAACTG,4240
CCCATTAATCTCAAAC,4240
GCTTCGAATATATATT,4240
TAAGCCTGCTGTTAGG,4240
TCACGAAGATCTGAAC,4240
TGTGACAATCAATCAT,4240
TTACTAAATCTAGATG,4240
AAGCAATCCCGAAAGC,4239
ATATACGGAGAATAGG,4238
CACAGTAAAATTAAAA,4238
GAATAAAACAATAAAG,4238
AAGAATCCGATACAGA,4237
ACTTGCATAGGCAGAG,4237
CATCGAGAAGCGGTTC,4237
AAGAATTAAAAAAAAC,4236
AATTAGAGACCACATT,4235
AGACACTCTAATCCTT,4235
CCACTTCGAAGGGGAA,4235
GAATAAGAGGGTACTA,4235
GGCCTAACATGCTTAC,4235
TATACCGAAGCACTGC,4235
TGCGATCAAAATAAAC,4235
CAAAAAGATTGAAGGG,4234
CAGGTAAAGCGACTGT,4234
CGATTGACATAGAACA,4234
GAGTCACGTTGCATCT,4234
AAAAGAAAAAAGACAG,4233
AGATCTGAGTTAAAGT,4232
ATACCAACAAATGAAA,4232
AATGCACGATATACAA,4230
AATTCCCCCTGCACCT,4230
CTAAACCCGAAGGTAA,4230
TATCCCCATGCGTCTG,4230
GGCGACAATATTATTG,4229
TGAGCACCTAACACCT,4229
ACGTGCTACTAACTGA,4228
CCCATCCTAAAATCAC,4228
CGTTGGAATGTAGTAG,4228
GCGGGCGAAGCATTCA,4228
TAAACGACCTACGTCA,4228
ATACCGACCAAAATAG,4227
CCACATCTACTAAAAA,4227
CCGCTACCATACCGAC,4227
GCCCATCTCCACTGTC,4227
TAGGATAGAGCACACT,4227
AACCCAAATATCTCAC,4226
GTTTATATTAGACATT,4226
AATAGCATAACATTTG,4225
AGATAAACGGGTAATA,4225
TAGTGAAATATATATT,4225
TGGATTAACTCAGGGA,4225
AAGAGCTAACGGGTCA,4224
ACATGCTCAAAAAAGA,4224
TACCTTCGTTACCCTT,4224
TCCAAATACGCTAAAG,4224
AGAGTCCCCTTATTCA,4223
CGTCCGACATACATCA,4223
AAATTCTATCGGTGTT,4222
AACTGAATTAAGAGCA,4222
ACCAGTTCCTTGAGCT,4222
GACAACATCACAAAAA,4222
TAGAATTCCAAACTAC,4222
TGTAAACACACAAACA,4221
CCCGCCGCTCTTCCTT,4220
AAGTCGAGGCTTACCC,4219
ATGAGATAACTTTACA,4219
AATGTCACATACTGCT,4218
AATTGAGCAGTCGATA,4218
AAACCACTACGATAGA,4217
TTAAAAGTGGCATTGC,4217
TTAACATTTGCTTTTG,4217
GCATTACATGACATCA,4216
AAACATACTCCGGGAG,4215
CACATTGTAAAATTTT,4215
GATCGTCTGTCCTGAT,4215
GCAAAAACTGATTATT,4215
TTAGACAAACATTGTT,4215
GCCTACAAAGGGTTCG,4213
GGTCCCTAGCACTTAA,4213
TGATCCACGTTCGCTA,4213
AATTTGGTACCGCACA,4212
CACAGCATAGGACATA,4212
TCAGCGAGCGAATCAT,4212
ATCCAGCAGCAACCCC,4211
GTGTTTTTATGTTCCA,4211
TAGTCTGCATTTTTTA,4211
TTCTCTAACATGCGCG,4211
ATATGCACCATCAAGC,4210
TTTTTATTGTAGACCA,4210
ACCAGTAATTGCCCAG,4209
TTACAAATTGGGAATA,4209
CTACAAACGCGTCTTA,4208
GCGATTATAGTATTCT,4208
AGGTTCTAAGGTTGAA,4207
CTATCCTCGGAGCTAA,4207
TCCGCAGCCGAACGCT,4207
TGAAAGTAACCATACA,4207
CCCATAAGCACGCTAT,4206
GATTGAGGAGTAGGCC,4206
TTGCCCACGAGAGAGT,4206
CCGTTTTAAAATATCA,4205
TACAACTGTTTACTAA,4205
ACAAGAATAGGAGCAC,4203
ACCGAAAACAACCCTC,4203
AGTAAAAGCAAATTAT,4202
TCATGACGAGCTTAAA,4202
ATAGGACAAAATTCCT,4201
CATGTGCTTAAAAGAC,4201
GCAGGTTCAGAATTAG,4201
GCCCGATCGAATTAAT,4201
GGACACTCGCACAACG,4201
AAACCATGAAATATTC,4200
AAGTACTAATGCTCTT,4200
TATATAATTAGAGAAG,4200
ATAATAGTACACAATA,4199
GCAGCAAAAATTATAT,4199
TCTCGGACTTTGATTA,4199
GAAGATAAATGATTAA,4198
TACTCGGAACCTACAC,4198
ACTCGACTAATCGAGC,4197
GACACATAAAACAAGA,4197
GCAATGTATACACTTA,4197
TCTTAGTATCATATTT,4197
AGCGACCCAATGGCTC,4196
GGTATTGCGAAGCCTA,4196
TTCAGCAAAAATATGA,4196
ACATAGAAAATTTTCG,4195
AGCCAAATGCTGTAGG,4195
CTATTGAATTAAACGA,4195
TAATTAATAAGCCTAT,4195
TAGTGTCCTAAACGCC,4195
TGTATTACCTTTTGGA,4195
ACATCTACCTAAATAC,4194
ATATAATCAATCGCAT,4194
CCGGAGAGTATGACAA,4194
ACCGAACCTTCCTCTT,4193
AGCATATAAAAGAAAT,4193
AACACAATATAAAGCC,4192
AAGTCTTCTGCCGCAT,4192
ACCAAATACCAGAGGC,4192
ATACGAAGACCTTCAC,4192
CGACGCGAGCACCCGG,4192
TCAGAGCACCATGCTA,4191
CTTAGATTAAGATCAT,4190
GAAACATAAAGATATT,4190
GAAGTATTTAGGGGAA,4190
AAGATCTACGCCTTCG,4189
CTAAGAGCTAATGTCA,4189
CTTAACTAAATTGTCT,4189
TCAAAGTTTCGTTAGC,4189
CTATAACATAATGGAG,4188
CTATTAAAAAAATTAA,4188
CCAGACTACTTGACCG,4187
GTACACGGCAATGCCA,4187
TAAGGTGATTTACCAC,4187
AACAGAAAATGGGCGT,4186
AACGACCTGTATGAGC,4186
ATTTGCTAGAGCTGAG,4186
TTATAACTCATTTTCA,4185
AAAATGTAAATAAGTC,4184
CCTTACCTCCAAAAGT,4184
AAAACCCTTGTAATAT,4183
GCCACATGCTCCATCG,4183
TGTAAACGTAACACGA,4183
CATTACCTTTGCCGAA,4182
TATGTACACCATCATG,4182
AACGATGAAACACGAA,4181
ACGCCACACTTGCCTA,4181
ATAAAATCTATTAGAC,4181
GACTTTTAGGATAAAA,4180
AAAACATAGATCCTAC,4179
ATAAAATGTGAAGCAG,4179
TTAAGTATATTCCTTA,4179
CGCGGATGCCACCTGA,4178
CTTGGAGAAACGAAGA,4178
ACAAGGATGGACGATA,4177
AATTGAAGACAAACCA,4176
ACGTTCATTACGGACC,4176
ATCTTGATTAACGACC,4176
CCGCACCTGAACGCCA,4176
TTCAATACCGGTTTGA,4176
ATTGTGGCAGACTCGC,4175
CATGCCTATAGGAAAC,4175
TTCTGTGAACCCCCAG,4175
AAAGGATCATTAAGAA,4174
ATACCATCAAGCTTTA,4174
GAATTCACGGGAGATT,4174
TACTATCTAACCGCCT,4174
GCAGATCAGTGTACAA,4173
GTTTATTAGCTTTCTA,4173
GCGTCTCAAAGATAGT,4172
TCTGGAAAAAAGAGAT,4172
AGGGGCAGCGCTTGTG,4171
AGGTATGACGAGATCC,4171
ATGCTTAGCTAACCCC,4171
CCTCGAACCACGTAGC,4171
GTAAGTACAAAGAGCA,4171
TTTACGGATCATCGGC,4171
CGCTATTAGAAAATCT,4170
TCTGACAATAAAGCGT,4170
AGCTAAAAAGAAAGAC,4169
CTCCCACCAGTGTGAA,4169
TAGAGGCGATACTTAC,4169
ATAGATGCTATGCCTA,4168
TTTCCAGAAGTTACAT,4168
AAATCATATATTTGCA,4167
AAGAAGCCCAAAACCA,4167
GATTCGTTTAGGCCTG,4167
GCACGACGTTCGGACT,4167
TAAAACACGGAAGAAA,4167
AAATCAGCCAAGTACA,4166
GACTTCCACGACAGAA,4166
TTAGACCCAATAATTC,4166
AATAGAACTTTTAGTT,4165
AATTAACAGTACAAAC,4165
ACCTTAAGGATAAACT,4165
AGCCAGCCATTTAAAA,4165
ATAAGAGTAGGAATAC,4165
CAATTTTAAAAAAATC,4165
CTAAACGCTTTCATGA,4165
CTGCCGCAATCCACGA,4165
AAAATAAACAGCTAAT,4164
ATGAGAAGCGCATCGG,4164
GCACTAAAATGGCAGT,4164
CAATTACACTGGTAAA,4163
CATTGACCCAAGTTTA,4163
GTAATAGATATATATC,4163
AACCGGACAGCCCGAC,4162
ATAGATATTGAACCAC,4162
TGCTAACGGACCTTAT,4162
TTGAAATTCTCTACCA,4162
TGATAATAGCAAATTA,4160
AACGGGCTTCTCTTGA,4159
CCGGATAACAAAGCCC,4159
TCAGCAAAAAAACCTA,4159
AAGTTCTCGCGGGACC,4158
TACCCAGCCAGGAGAA,4158
AGATCGGCAACGACAG,4157
AACCCCATTGACTAGT,4156
CTTCCCCGGATTCCAT,4156
GAGGCCAAGGTCCATA,4156
GGAAACTCATTAGGCA,4156
TAATTCGTTTGTGTTA,4156
TTACGAATCTAATATG,4155
AACTTAAAAATTTTTT,4154
CCTAGCTGAGTAAGAT,4154
GTATAAAAAGAACGAA,4154
AGATAAAACACAATCT,4153
CCGCCTAATCCAAGCA,4153
CGTCCCCGATAATTCT,4153
CTACACATGTACAGCA,4153
GAAACTAAATACTGCT,4153
ATCAAAGAGCTGACCA,4152
CACCACTATAACAACA,4152
GAACCAGTGTTATTCG,4152
CACGACACTCCACACA,4151
GTAATAATTTCAAAAA,4151
GAAATTACAGAGAGAC,4150
GAGTGAGCAATAATCA,4150
TCGGCTATTACCCACA,4150
AAATATCACGGTTATA,4149
AACTAAAGGCCATAAC,4149
CCTCATAAATGAGTGA,4149
CGTATCAACTCGCCTG,4149
GACTCTCTCATATTTG,4149
AACTTTTTACGATCCG,4148
ATTTACCTATCACGCT,4148
CACAATTCGCATTATG,4148
CTCAACTCATAGTGGT,4148
GCGCAAGCTCAGTAAC,4148
TAGTCAACTTCATGAC,4148
CAACAATCATAAGAAA,4147
CGGCAATCTGAAATAA,4147
AAAATTGAGATAATCA,4146
CATAACCTTAAACCAG,4146
GACCTAGACAGGGTGA,4146
GCTCGACCACAACACG,4146
GCTGTTATGGACTTAC,4145
TTTCAATTCGTAAGGA,4145
CCGCAACTGGATTCGT,4144
GGAATCGTTCACTTTT,4144
TTAATCGATTTGAAGT,4144
ACCAAATGTGAGGTCA,4143
ACCCCAAGTGATGCGG,4143
TGGCCGAACTCTGATC,4143
TTTCCAAGACAAAAAA,4143
AAATCAAACTAAATGA,4142
AATTCCGTTTAACGGA,4142
GGCCGTATCGCCTACA,4142
TAGATCCATAGACACA,4142
TAGGCCTATTTCAAGC,4142
AGATGACTTAACAGGC,4141
ATCACAACTAGAATGC,4141
ACAGACCCCACCTCCA,4140
GCAACCAGTTTCACCG,4140
TGTCGAAAACTGAATT,4140
ATTTGAGCTTCTAAAT,4139
CCATTCTCTTTACAAT,4139
GGTGAAGAAGAGTATT,4139
AGCCGTATAAAACCCT,4138
CATCAACAACTTCGGT,4138
GGAATTTTCAGAGCAC,4138
ATAGAAAGTTAGAACA,4137
CATATCTAAATGAATG,4137
GATTCAAGAAATATTC,4137
TAATCTTATGAGCATA,4137
TCCTCTTTTAAGGTCA,4137
GTGGACATAGGTCTAG,4136
CTGTGCAGTTTCTATC,4135
CGAAGTCACGAATAAT,4134
GATTAAGAAGTAATTA,4134
TATGATCATAATCCTC,4134
AGAAATACCGAGACGT,4133
GAGAACAAAATAGCCA,4133
AAACAAATTGGCACAG,4132
AAATCCAATAAGTCAG,4132
CATTGGACACCCGCGA,4132
GACATCTGATAATACT,4132
AAAGCTCCGAAACCTC,4131
AGAGTCCTTCCAAAAA,4131
CAAACGACACCAACAA,4131
GTAGTTCGACCTCGCG,4131
TGCGTCACAGAATTAA,4131
ACAACCTGCAATACTT,4130
CCGGCACATCCCAAGA,4130
GAATAATCAAAGAGCC,4130
TCAAAGCATGCACAAT,4130
AAGCCTCGAGTTTCCG,4129
ACAACCATACGACTAT,4128
ACCATTCTACCGCAGA,4128
ATTTCAAAATAGGAGC,4128
CATGTCATCAAATGAA,4128
AAGCACTTAACACGAG,4127
ACACAGTAACTTCCTG,4127
CGCCATCCGACCTTTC,4127
GATACCAATGCGGGTG,4127
TACGACGTATCACAGA,4127
CAAGTTTGGACACAGC,4126
TCTGAAAAAACTACCC,4126
AAGAAAAAACTAATAC,4125
CGCCGCCATAGCCGCA,4125
GGTCATAATCGCTTCA,4125
AGAAGTTAAAGTAAGA,4124
CTGTTTTAAACAAAAT,4124
GAACAGTGTAAGAGAA,4124
GCAATCCTATCCTCAA,4124
GCTAAGAAAAACTTCC,4124
ACATACCTCGAATCCA,4123
CTAGCTGCGAAATGTC,4123
GGTGAATGGCACGTAA,4121
GGTTACATTGATACCC,4121
ATGCAAAGTTAACCAT,4120
CAGCGAACCTATTAAA,4119
AATCGTTAAGTAGGTT,4118
AATGGCGCTTCTATGG,4118
ACCCGTTGCTCAAGGT,4118
CTCGAACGGCAAATCT,4118
TAGAAACAGCATACAA,4118
TCTGACTTAACTGTTG,4118
TGATTCCCCGTTGTCT,4118
AGACGAAAGCAGTTGG,4117
CCTCGACCCCTAACTG,4117
CGGAGTACAAAAATGC,4117
CTCTGACCGCACCTTA,4117
GATCTTATACAAACTT,4117
TTTGGGGGTCAGACCG,4117
ATATGCCACGTGGTGG,4116
CCGCCACTGATATCAG,4116
GGAAAATGTCGCATAC,4116
TATGAAAATTGTACAT,4116
AAAGAAGCGTTTCAGC,4115
GGTGATATTAAGAAGA,4115
TCATGGTACCATTCAT,4115
TTTCAACTCGTAGGTG,4115
ACTCTGATTGAACAGG,4114
TAACAATCGAGAGCCC,4114
TACACTCAACCCTCTT,4114
CACATTCAAATACAAT,4113
CTAACTAAACCAATTC,4113
GCGTGACACTCGGAGA,4113
GTTATAACGGAGTATT,4113
TAGACAAAAGAAAGCC,4113
TCAAAAAAGATGTTGG,4113
CAAAGTGACCCTACAG,4112
GTTACGCAAGCAATCA,4112
TACTCATATGTTGTTC,4112
TCACCTCATGATGTGC,4111
AGCTACTTATCGACCT,4109
AATATGAGTCAATGAC,4108
AATGCTATCCGAGGTG,4108
GAACGCTTCAAAAAAA,4108
TGTGAAGACGGAGTAT,4106
TTAACAATATCGGATC,4106
CGAGTATTTCTCACCC,4105
CTAAATGTCCTAACTC,4105
TTAAATGAACCTGAAC,4105
CCCTCCTACAAGAATA,4104
CGACTCCAACTCTGCC,4104
GTCTAGCAACGAGGAC,4104
TCCAGCCTACGGGATC,4104
CAATCAGAGAATATCT,4103
CACTATATTATTGAAA,4103
GCGCTTCGGACTGGTA,4103
TTCAGATCGCGATACA,4103
ACGCCGCATGACCATC,4102
GATCTCCGGTACAACG,4102
GGCCGGATCTTTACCA,4102
ACCCACACACACCATT,4101
ATATAAGACTAGAATT,4101
GTGGAAAAAAATAGCA,4101
TACACCACGTCGGCAA,4101
TCAAACTTAGCTACTT,4101
GAGTTACTACTGTTGC,4100
TATGTCCAGAAAGTGC,4100
TCAATGTAAGACATAA,4100
CTATTGTGTAAAACTC,4099
TTACGTGTTCGCTTGA,4099
AAACAGCACCAGTCAG,4098
ATTATTACACATATCT,4098
GTTAATATAAAATACG,4098
AGTCCCCATCGGACCC,4097
ATCCCCTCATCAAAAA,4096
CGCGATATCCATAGTA,4096
GTTCAGCCACACTAAC,4096
CCATGCATGAAGTGCG,4095
GCTTGTACAAAAACAA,4095
TCGGATCTGAACCGTA,4095
TGATGCATGAAATGTG,4095
CTATGACAGTATCCAC,4094
GTTCAAGATGTTTGCT,4094
TACTCCCTAAAACCAA,4094
AAAAGCAAGTTCGCAT,4093
AGACGTCAGGCTAAGT,4093
ATTGAAAATAACACAT,4093
CCACGCGAGAATCCTA,4093
ATTGCCTGTCTATGCT,4092
TACGTCTCCACGCCTA,4092
TCGATTAAGTAATAGA,4092
TGCATTATGACGTAGC,4092
AAATCTATAGGTAACA,4091
ACGATTGACAAAGCGA,4091
AGCTTTATCAGCTGAT,4091
ATCAGTGCCAGATTCC,4091
TAGAACCACGCATGAA,4091
TCTACCCAACGCATCA,4091
TTATAAATTTAAGATG,4091
AGCAAAAACAATACAA,4090
CTTGATGTCTGACAGT,4090
TAACAGTGGCAACACA,4090
ACTTGTTGAATATAAC,4089
CCTCATGATAAATGAC,4089
TAAGAATTGCTCCTTA,4089
ACAAAATGAGGCCAAT,4088
ACTGGCTATTAGCAAA,4088
CAAGTTTTTGAACTGA,4088
CACAGAATAGAAGAAA,4088
GCCGCGCTCGTTCTAC,4088
CCAGTTGGACTCACTT,4087
TTTCAGGACAGCGACT,4087
TTTGAAAAATAAGCCC,4087
CGTATTATACACCTCT,4086
GTTACCTCGTCGAATA,4086
GTTCACAAACACTCAA,4086
AAGTAGGATTAACCCA,4085
ACGCCTATAGGCCCCC,4085
CGAAGTGCATTGAATG,4085
CGACTGTACTAGTAGC,4085
AAAACGAATATCCAAG,4084
AGCCGACGGATTAACA,4084
ATATGAAAATCTTTCT,4084
ATCTGTAAGGTCAAAC,4084
CGTGCTGCACGGAGGT,4084
ACTTAAGAACGAATAC,4083
AGAATGATTTTCATGA,4083
TATTGCCCGAAAGAAC,4083
AAGCCCTCCAATTATG,4080
TTCTTATTAATCCTTC,4080
ACACGTGTACGTACAC,4079
TCGACAGTTAAGGTCT,4079
ATACCAGTAAGTTATA,4078
CGTTTTTTAGTGAAGA,4078
CTCACCCTCAGAAAGA,4078
TAATATGACGATTTCA,4078
TCACACCTAAGATTAA,4078
TTGATGATGGCATAAT,4078
AAACTAAGCTTTGTGG,4077
CGCGGAATCATATCCA,4077
TAACATTACAGCGTAT,4077
CAACAAGTCGGACACT,4076
AAAACAAGAGTCAACC,4075
CCCAAATAAAAGTTGC,4075
GACAATCAAACCGGAA,4075
TGTGAATGAGATCTAC,4075
AACATGACGGTCCACA,4074
ATAAGACAGTGGAAAT,4074
TAATTTAGTGAGACGA,4074
TTAAAGAAGTTGACTA,4074
GTTAGACCGTCTTTAC,4073
ATCACTGTAAAAAAAT,4072
GCCACCTACGGTTAAG,4072
TACAGGGTTAATCGAA,4072
TAGTAAAATATCAAAG,4072
AGAAGAATTAGGAGAA,4071
AGCGTTCCATGGGATG,4071
ATTGGCTCTCGAAATA,4071
CCAAAACTTCAAACAC,4071
TACGACAAAATTACAA,4071
ATCATGCAAGAGAGTA,4070
CAGCTTCAGAAGAATT,4070
CCTCACCACATCCTAT,4070
GATGAAATAAGTCTAA,4070
TGGCGTACCACGAGTT,4070
ACTTTAACTCAAAAGA,4069
CTTAAAACGATAAGAG,4069
GCGGGCTACTTATAAA,4069
AATACGACAAAAACGG,4068
ATATTAGTGTTACGTG,4068
CAATGGAACCTGTAAA,4068
ACGTGGCACCAAGCGC,4067
GGTCCATAAGAGAAGT,4067
CCTTATCTCTTCCAAA,4066
GTGTTTGTAAAAGCGA,4066
TATTACTAACATTGGT,4066
AATAGGCCATAAAACC,4065
CCGAGTCGGTTAAAAG,4065
AAGAAGAGCGCACCGA,4064
AATTCTGCACCGAGGA,4064
AGACAGATCCAAATTA,4064
AGATGACACGGGCGTA,4064
ATTCGCAGCTTAATTT,4064
GCTCAGACACGCCGGC,4064
TGTTTGGGTTTCGCTT,4064
AGCTGACACGTAAGAA,4063
CTTCTACGCCGATAAA,4063
TTGGCGTACAATTGCA,4063
AAGTGTTAAGCCCAGG,4062
AATTATTCGCAATATG,4062
CAAAAAATGCCTGATC,4062
GAATCAAAATTTGATA,4061
GTACTGTCTGAAACTT,4061
GTACTTAAAAATTGAA,4061
ACTTTAAATAAACTAA,4060
AGCACATTATAAGGGA,4060
ATAAATAGAATTTCTA,4060
ATAAATGAACGTTATC,4060
GATATTGTGGGAGATC,4060
TACCATACAGAAGTAC,4060
TCCCTTGTCCAGAAAA,4060
GCCGAATCTAAGTGTA,4059
GTTCGCGCAACGAACG,4059
TTTAACAAAGGGATCC,4059
ATAACTCTTGAATTCT,4058
ATAGTTTAAAAATCTT,4058
GTATGGCACTGTGAGT,4058
AAATATGTCAATGCAT,4057
AATACAACATCTGGCA,4057
AGATAACGTCAGTATG,4057
GTAGGAAGTCGGATAT,4057
TTTTCGTTTTACACTA,4057
AAAAACGAAGAGTGTA,4056
ACGCCATATGGAAGAA,4056
TTAAAATACGCAAGTA,4056
ATTATTCCACTTAATT,4055
CCAATCTAACATTTAC,4055
CGCCAACACTCTAATC,4055
CTATTGAAATCCTGGG,4055
GAACCTAGATGGAACA,4055
TACAAATTAATAAGCA,4055
GTAAACGCCGAACGAT,4054
TCTGGGATCGAAAAAA,4054
ACTCGCAGAACAATCT,4053
GACTGCATACGCCCCT,4053
GACTTACAACTGAGAA,4053
TAAGGGAATGCTAAAC,4053
TGACTAGAGCACAGTT,4052
TGTCCGTAAAGCCTAA,4052
AGAATACAATGATTGG,4051
AGTGCGATCTTACTCC,4051
ATGAGAATTGGTTTAA,4051
CACAAATAGAGTGAGC,4051
CATTTGATATAGTTGG,4051
GGATTTATAAGTACCA,4051
GTCGTCAGAAACACGT,4051
GTCTTAATCTCTTCAT,4051
AAACGACATTGTCTAA,4050
ACCTGCTGTTATGAGA,4050
CTCACGTTAAGATCTA,4050
TCACCATTCGGAAGTA,4050
AACATAAACCTGCACC,4049
ACCAAAGCACAGGGAC,4049
CAGATTGGCGTAAAGC,4048
AAAATGGGTCATATCG,4047
AACCGACAAAAACTAT,4047
ACCTAAAATTTTAGAA,4047
CAGCATACTATCGCTT,4047
GGATAGTATTCAAAGG,4047
GTGGATAAACACAACC,4047
TCTCAAACGAATTGAT,4047
TTAGAAAGAATCTTCA,4047
ATTTGCTCTCTGGTAA,4046
TTGTGAGAGATTATCA,4046
ACATCACCTAAAATCC,4045
GGCTAAACCCCGGAAC,4045
TATTCTCACGTCAGTT,4045
CTACGCACTAACCTTA,4044
CTAGATAAATGATGTC,4044
AACGCTATAACAAGCG,4043
AATACCTGGATCTAGA,4043
ACGTATCTAAAAGAAG,4043
CAGCGCATTAAGGACG,4043
CGTGGCTGCTTGTTAA,4043
GGGCTCGACCTAGAGA,4043
TAACACCTGTAGAAAA,4043
AAGCGAAGTTTTCTAG,4042
ACAGCTTGTCTAAGCG,4042
ATACATCGGGCCAGTA,4042
CAAAGTCCACATAAAG,4042
TGTCGGTGCTAGTTGT,4042
AACGCTAATTCTTCCC,4041
ACGGCTACGTTCATTG,4041
ATTTAACGGAAGCCGC,4041
CCCCAAGGGGGGACAA,4041
CGAAAAACGTCAAAAC,4041
GAAATGAAAATGGACA,4041
GAAATTTATGTTTACG,4041
GTACGAAGGGCATTTT,4041
TTTCGTCACCACCTAT,4041
AACGTAAATTGGTGTG,4040
AACTTTTCGGACGCAA,4040
ACCTCGTCTGTGATCA,4040
GGTTAAAACCTATAAA,4040
ATACCTAGTGCTTTGC,4039
GTGATCAAAATAAAGT,4039
TAAACCCTGTTGAATT,4039
TAACGCCTACCATTGA,4039
TAAGAAATTCAATATG,4039
TGAGGAATGATATTGC,4039
AACTAAACGAGTCAAC,4037
CACTGTTCAACTCACG,4037
TCGGCAAAACCCAATG,4037
ACAAAAGATCGCTGCG,4036
ACATGAAAATAGGGAT,4036
GAGGAATAATAGTGAT,4036
GGCCATAAAAATGGAT,4035
AAAGGAGTTAAGATGC,4034
ATTAAAGAATTAAAAC,4034
CATTACGTAATGTCTC,4034
CTGACCATCCATTTTT,4034
ATGCAAAATTTGTTAA,4033
CCGAGACCATGATACC,4033
TGAAAGTGCGTAAGAC,4033
AAGCCAGAATAACTAT,4032
ACACGTCACGACATCC,4032
ATCACAGATAAGATCG,4032
AACATAGAAAATGTTT,4031
CCCGAAAAAATCTCGC,4031
GATAACGAATAAATAC,4031
GATATCACCGATCGAA,4031
ATGACTGATTAAAGGC,4030
CGACACCTGTCGAGTA,4030
GTGATATCGATTAGGA,4030
AAGGCAGGACCAATGA,4029
AGTAACACCTATACTC,4029
ATCCGGACTAGTACCG,4029
TTAATATATAATTTCA,4029
TTCCTACCCGAAATAT,4029
AAGACTTCTCATACAA,4028
ACGCAAATCAAGTAAA,4028
ACGTAGACTGAATAAA,4028
AACAGTCTGATAATGT,4027
ACGCGAACTAAGGCAA,4027
CATAATTAAAAAACAA,4027
CCAAATGAGACTAGAG,4027
CTGATATGTGATCAGG,4027
TCATCTAGGACAACTC,4027
AAATAAAAGTTCAAAT,4026
AATGACCCAACCACTG,4026
CAAGTAAGCTGATCCA,4026
GCATATTAGGATTGCG,4026
TAATACCGTCTAATCC,4025
TGCATAGGTATGACAT,4025
TGCCGGACATAACTAT,4025
TTAAGGACATGTGACG,4025
AAATTTCTGTCAACTA,4024
ATCGACTTTAACATGG,4024
GGGAAAAGTATCATAA,4024
TATATCGTGAATGAAA,4024
AGCAGTACTTAATCGT,4023
GAAATTAGACAAAGTA,4023
TCATGTAAACCGGGTA,4023
TGATAATATACAGATC,4023
CTTAAATAGCTAGTCA,4022
TTACCCAGTCAAAAAA,4022
ACCTGTACAGTGAAAA,4021
ACTTCAAGAACATCTG,4021
TCCAAGCTCATGCAAT,4021
AATCGAGGTACTCACA,4019
ATTAACCTATCACTAA,4019
CGTCAGAATCCAAATT,4019
CTTGATTCGGAAACCT,4019
GTGATTAAAAATGAAC,4019
CCTCTACATAAAGTCC,4018
GATTCTCATAGCATAA,4018
AACACCTGTTCCCTAG,4017
ACTTGAAAAGAAGAAA,4017
CCCGGATAGGAAATTG,4017
TATAACCACTCACAAC,4017
AAAATTCAAGCTAAAT,4016
CATCGACATTGAAACA,4016
GCCAGATGACCTACAG,4016
CTCCAGGCACGCTTAA,4015
GCCATTAGAACACCAC,4015
AAGTGACATCGGGAAA,4014
AATTAGGTAACTACTA,4014
ATCCGAGATAAGATCA,4014
GAACGATTATAACTGT,4014
AAGTAAATGATAAATC,4013
ACGTCCTACCGATGTC,4013
CCACGACTGAAAATAT,4013
TATAAACGAAGTGCTA,4013
AGGCATCTACCCCATA,4012
ATAACTAAATACGGCG,4011
GAGGATTTTCGTACGG,4011
TCCTAATTACGCGTGG,4011
TGTGTGTTAAACTATA,4011
AACGTTGATATACGCA,4010
CCATCTCTAGTTTATA,4010
CCTATGGGAGATATTC,4010
TCTAAAGATTCCTCGG,4010
AAACAAGTATACAACA,4009
ATCCAAGATTTAAAGT,4009
CACCGAAACATGTTAC,4009
GAAAAAAGGGAGAATG,4009
TAACCCCACCCTAGGG,4009
CCACCATCGCGTACTC,4008
AATCTTTATTTTAGTA,4007
CCAGGCATTTGGGAAA,4007
TCCACAGCATTTCCCT,4007
TGCTAAGGAGAGAGCA,4007
AGATATCGTATGTACT,4006
TACCATCACGAGTAGA,4006
TTACAATTCCTCACAG,4006
AACGCCATTAGAATTA,4005
ACATAACGTAGATCAA,4005
CGCAATAACAGATAAA,4005
GTTCTTGATAAACCAG,4005
TGAGAACCTCTACATA,4005
TTCGATGTTCAATGCA,4005
AACCCTCTTATATTCG,4004
ACTTCATGCGTTTAAA,4004
CCTCGATATATGCATA,4004
TGACGGATTTAATCGA,4004
AATCCCCATTGCATCA,4003
ACGGGATTGGGTGGTG,4003
GTCTTACTTTCCACAG,4003
CTCATCGGTTCAACCA,4002
TATATTAATCATATAT,4002
ATTGATGCCTAGCTAC,4001
CAGAACATCTTCCTTG,4000
CATCGATCACTTAACC,3999
TAAGATGACCATTTCC,3999
ACCGACGTATGTTGTA,3998
CCTGGTCCGAACACGA,3998
GTCGTCGTAATGAGGC,3998
TTTATAAAAAATCTAC,3998
ACCCCGTCAGGATCTC,3997
GTGTATATTGATCGAA,3997
CTCAGATAGGACGTAG,3996
AACGCAAAGGCTACTT,3995
AGGTCTCGTAGAGTCT,3995
TATTTAACGAACACCT,3995
AAAATAACTAATGTGG,3994
GCATTGTTTACTAAAT,3994
GCGAGATACAATCAGA,3994
GTGCCCAAATTGAAAC,3994
TTCTGATACAGAAAAA,3994
AACAACTTAACACATT,3993
CTTTAATCTCGCTCAA,3993
GACAAACGGATCGCAA,3993
GCTCTACGCCACTGTT,3993
TTACCAAAAACTGTGG,3993
ACAATACATAATTAAA,3992
ACGCGGTATACCATAA,3992
CAGTCCCATTGTAGAT,3992
AATCCATATCTCAGAA,3991
ATACCAATTACATAAT,3991
GCCCAAATGTAATTAA,3991
AATGCCCCACCCAATC,3990
CGCAAAAAAAACTATA,3990
CGCTCATGTTAGAGAG,3990
AAAAATAACAATTGTC,3989
GCGTTCGCTCGAGAGC,3989
AAAGTCTTATGATGTA,3988
AAATCTATCCCTACCA,3988
AACTCAATTATTCACA,3988
CTAAACAGTAAGCGCA,3988
GCGAACATGTTATGCC,3988
TCTATAGAAGAGATGC,3988
TTTTCGGCGATGATTC,3988
ACCAAAAGGAAGATTG,3987
AGTTTTTCCCACCTAG,3987
CAATGTATCTCCCCCA,3987
CATATGGACTTATGTA,3987
CGCGATATTGCAAAAG,3987
GAAGAAGCATACTAAA,3987
TGACCAAACCACACAG,3987
AGACATTTGAGCTTAG,3986
GCCTAATTGATTAAAT,3986
GCTGAGCTCGATTGCG,3986
GGTTATAAGGTCTAGA,3986
TCTCAAGTGCCAGCAA,3986
AGAGACTGTAAGGTTA,3985
CAGTGATCAAATCCAC,3985
CGTAGAAAAAATTTCA,3985
GAGACAATACGATGCA,3985
TATAATACCTAAGACC,3985
GAATAACCAAAGAACC,3983
TCTTAACTCATTATAG,3983
CGTCTCCCTTAACTCT,3982
AAATGTATTTCATAAC,3981
ACGTTTGCAGAAAAAA,3981
AGACTATAGTACCCAG,3981
GAACTTAAACCCTCGA,3981
AACCGTTCCACGCAAC,3980
AAGGCCATCACTGTTG,3979
ACACCCACCAAAATAA,3979
TTAAGTAACTCGTCAG,3979
AAACATTAATAGGATA,3977
GTGGTCCTGAGATTTT,3977
TCAAGCAAAATAGGTT,3977
ACGTATAAAAATGCAC,3976
ATTCACGAACCGTCGG,3976
GAAAAAATGAAACTCT,3976
GCCTCTTGCGTATGAC,3976
CACGTCGTACTAATGT,3975
GTATGATGCATTCACT,3975
TCAATCAACATCTGTT,3975
CATTAGCAGAAGCACA,3974
GTCGAGTCGTAGTAAA,3974
TCGTATACAATGAGCG,3974
TGATAACGATCTAAAA,3974
TTGCAAGTCCGAAACA,3974
AACGGATCACTAAACA,3973
CCTATAGTAACTCCTA,3973
GAAAGCCTATCGCACA,3973
TAACCCTCCGATTCTG,3973
TACAGAACACCAATGA,3973
TCAAAACGCATTCTAC,3973
AACGCCGGCTACCCAA,3972
CCAATGGACATGAATT,3972
GTGTTAACTGGCTTTT,3972
TCCCAGTCAGCACGAC,3972
TGTCTCTACCATCTGC,3972
GAGGACACACTCAGGG,3971
TGTTAAGGAGACAAAA,3971
AAAAGAGAACATTGAA,3970
AGAGAAAAACACTGTA,3970
CCACCAAAGTATAAAC,3970
GATTCGATAGACAAAT,3970
TCAAGATTCAAATCCA,3969
TTAACCCAATGAATTA,3969
GTAACCTTAATACCTA,3968
CGAAATACAATCACTC,3967
GCTACTACCATACGCA,3967
TGCCGATATCAAATTA,3967
AATTTTGATTCCATCA,3966
TAAATTCTGGTATCGA,3966
TATATTAGAAAGGCCA,3966
TCACTCAAATGTAAGG,3966
AAAGGACTGAGAACAC,3965
AACCGCCAGTCAGATT,3965
CCTCCTGACTTGTTAC,3965
GAGCACCTTCACCAAA,3965
CCTACGCATCTCATTA,3964
GCTCTACAAATAAATT,3964
AAGCTCAACTACATAC,3963
AATCACACCACAAAAA,3963
ATGCAACGTTAAAATT,3963
CAACTCATGCACAACC,3963
CATAATATGCATAACA,3963
GATAAAAAGAAGAAAC,3963
TTAGGTAAACTCATTT,3963
TGCAAATCAGGCGTGG,3962
AACTACACGACATATC,3961
ATAATTAATATAGAGG,3961
ATACATCATATTTAAA,3961
GCGCCTTACCAGAAAG,3961
TAAGTACAGTACGGCG,3961
TTCTAACTTTTATTGA,3961
AAGAATAAAATCATTA,3960
CCAGTATTCCGAAGAT,3960
GCATTGACCACGCAGA,3960
GGCTTTCGATTAGCTC,3960
TCCTAACGACTACGGA,3960
TTCTTCCGCGAGAACG,3959
AGAGAGCGTAACTGCT,3957
CAACAAGACGGGCTTA,3957
CTCCGCAAAGGCATTT,3957
GACGTGGAACTGAGGA,3957
AAAGTCTTGACTCAAG,3956
ATGCCAATAACACCAT,3955
TCAGGAAGTATCTGAA,3955
TTGAGATTTTGACTTA,3955
ACCTTTATTATAAATA,3954
TTTATCCAAGTGATAA,3954
AATAAAAAATTGCCGA,3953
GATACTTGAACACGAG,3953
TTACTTTATCAAATTA,3953
ATTAACCCGCGAGAGA,3952
CCTAACTAACCTGTCT,3952
GTGGTCTTAAACGTAG,3952
TGGCCAACTACGCAAT,3952
ACATGTTGCTAGATCT,3951
TGTGTTTCATATCGAT,3951
AAATTATAATCCTGGC,3950
AACCCTGCCACCATCA,3950
ACCGCACAAAACACGT,3950
TTGAATGGTTTATATA,3950
AAGGTTTCAATCAGGG,3949
AATGAGATATTACCGT,3949
AATGTAAAATGTTGAA,3949
ATCTGGAACCACCAAT,3949
CACTGCATTTTTGGGT,3949
ATGAAGTCGTTGCAGA,3948
TGTGATCAGCTATGGA,3948
TTATGATTGGTCTAGA,3948
AGAAGCTTGAATAAAA,3947
ATATAATGCCTTCGTT,3947
CAGGCAATTCCCGTCA,3947
CCAGAGAAAAAAACCC,3947
CGATACCGCAAATTAT,3947
CTGAGGTCCTAGAACG,3947
GAGGAAATAAACGTAC,3947
ATCGATCGAATTTCCA,3946
CTCAAACGCGAATTTG,3946
TAGCTAACGGCCACCA,3945
ATCCCTGTGGTTCAAT,3944
CACATGATCATGAGCG,3944
CACCCCCCCTAAAACT,3944
CCGAACTTATCAATGC,3944
GGCTTGCTCGTCGTCG,3944
AAACTAACTTAAAAAA,3943
AAGTTGCTCAGATGAC,3943
AATTCACGCGAAGGAA,3943
AGTCTAAAAACCAGTC,3943
ATAGCGAAGCATTAAA,3943
AAGGGTCTCTGCTAGC,3942
ACGCAGTCTATGGAAA,3942
CTACCAATCTATTCAT,3942
TAAGATGTAATTTGCG,3942
TATTCAAGGTTGATCT,3942
AAGAAGAAAATGACCA,3940
AGACTACAATATAAAG,3940
AACGATTGCAGGTAAT,3939
ATACCTAAATTTGATG,3939
CCTAAAAAGACATAAA,3939
ACGAAACCACTTAGTC,3938
ACTTTAAAGAAAGCCC,3938
ATAAAGGCAGGACGCC,3938
CATCAAATCATGAAAA,3938
CTGAACCTACATTCCG,3938
TAATACCTCGAAAAGA,3938
ATATCCTCAGTGGCTT,3937
ATCCCCTCCTTCAAAA,3937
CCTCCCCTTATCTAAC,3937
CTAAATATGTGGACTC,3937
TTAAAATAACAAGATC,3937
AATACCTAAACATGTC,3936
CCAAATATAATATTAA,3936
GACCAACTCATCACAA,3936
TAAGGACTAAGAAAAC,3936
TTTCCTAAGAGGATAA,3936
AGAAAATTTCGTGCCC,3935
ATGATAGAATAAATTA,3935
CAATCTAAACAGTAGG,3935
AAAGTCGATGATTTTA,3934
ACAAATATTGCCCAAG,3934
ACTCTCGACAATAACA,3933
TATACGTGTCAACACA,3933
TTCCAATGATAAAATG,3933
AGCAAATTTACCCGGA,3932
AGCGCCCAAACCCCGA,3932
GCTACTAGCTATATAT,3932
GGCAACCGGGCAAACA,3932
TACAGTTCGCAAGTGC,3932
TCAGTCTCAGCGCTTG,3932
TTATAGAAGTTTTGAC,3932
ATTACAAGAGCGCCTT,3931
CACCTCCTCCTCAGGA,3931
CCACGCATTACAAGAG,3931
CCTCAGAGGTCTTCGA,3931
GGACAATGGACATCTA,3931
AAACATTGAAACAAGG,3930
ATCGCCCACTGTACAA,3930
GCTCAAAACCAAACGT,3930
GGTGAAGATACCTCTG,3930
TCGAAACGTTCTACTT,3929
TGTATGGCCCACAAGT,3929
ATCAGGTTATAAAGTT,3928
GACACGGTAAGCTGCA,3928
TCATATGGCGAAAAAG,3928
AGTCGTGAAACAGGAG,3927
CCATATTAGTTTATTT,3927
TAATCAGATAATTCAA,3927
TCAGGAGCGCTACCGG,3927
TAAGAATTCATTTAAC,3926
TTAGGGGGAGCGAAGA,3926
AACCTCGAAAACCCAA,3925
ACAGAATATGACCCCG,3925
CTAAGCAGTAAATACA,3925
GATAACCAAGGCCGAT,3925
GCCACGGAAACTAATA,3925
GGAATCCATCATAAGG,3925
TTGCCCTCTGCTGAAG,3925
AATCTTAAGGTAACAA,3924
ATAATTAGTCCTCCGT,3924
CAGATTATAGGACCTC,3924
GGAGTACCGGGAGATT,3924
AGAATTCACCAGATTG,3923
GACCAGTCTATCAATC,3923
AACATACACTGAAGAC,3922
CGAAACTAAATAGGAT,3922
TAACCTTTCAGGCAAT,3922
ACAATAACACGTGACT,3921
CATACGAAAGTGAACA,3921
GTAGGATAGCACCCCC,3921
TTTTGCACCACCGGCT,3921
ATATCACAACAGCAGT,3920
CCACCCTATCATATAA,3920
TATTGAACATCAGGCA,3920
TGACACGTACGAAACT,3920
AAAGGTTTCACTAATA,3919
AAGGTGTCTATTCCCA,3919
ACAATCAAAATCAGAT,3919
TTTTCATCTGAACTAC,3919
CTTAGGGCATCATGTA,3918
GAATGTCACTTTGAGT,3918
GTAGACCCTCAACTTT,3918
TTACACGTTTAACCCT,3918
AAGAGAAATGTTAATA,3917
CCGTGTGATTAAAATT,3917
GTTTAAACGGTACCGG,3917
CTGTCAAAAGCGCAAG,3916
TAATAATTTATTATAA,3916
ACAGGACTAAGCCTAC,3915
ACCAACTTCGAACTCA,3915
TAAGCTCCAATGAACT,3915
TCCATCATACGCCACG,3915
TTCGAAAGAAAGGAGC,3915
AGATGAAAAACGGATA,3914
CACACGTAAATCTTTA,3914
CCAAAGTGAAGTCGAC,3914
CGGTACACCCTATGTC,3914
GAAAGTAATAAATACA,3914
TAGACAGATAAATTAA,3914
AACATCTCTTAAACTA,3913
ACTAGCAAGTTGTAAA,3913
ATCAGTGACACAAAAA,3913
GTTTGAATAAGTCTCG,3913
TAAAAGAGGTGGCTTC,3913
TTCACTATATTCCCAG,3913
AACATGTACAATAACG,3912
ACAAAACTGAATTAGA,3912
AGACAAGTCTAAAAAT,3912
CGATCCTTGACGTGGA,3912
GACAACACTAAGTTAT,3912
TAACGAGCAGAAGATG,3912
AACAGATCACATTACT,3911
AACGGGTGTACTATTA,3911
AGGTTAGAGGCAGTAG,3911
CAGTCAGGCACAAATA,3911
CCACTGGAGAAAAAAG,3911
CTCAATTAACCCAGTG,3911
TATCGCCTTAAACATA,3911
ACGGGTTAAACGGAGA,3910
ACTGTCCCCGGAGACA,3910
AGTCACGCGTAACGAA,3910
GAAAGAATAGGATTTA,3910
GTGAAAGTGGACGAGC,3910
GTGTCTCTCAATTACG,3910
TTACTTTTCAAAATAG,3910
TTCACTTTAAGTGACT,3910
ACGGTAGAAATCTACT,3909
GCAGCAAATAACTGGA,3909
TACCAAATGGAAGCTC,3909
TACCTTATTAAGACCT,3909
ATAGAGTAATCAGAAT,3908
CCATAGAAATACACAG,3908
CTCCAAACACTTCGTG,3908
AACACCGGTATCCCCG,3907
AATTACTAACATAGTC,3907
CCCCTGTTGAATTCGC,3907
GAACCAAAACGTGCTG,3907
TCACATTCACGGTCTC,3907
GAATGAGATATCCAGG,3906
TTCGAACCGAAGCTTA,3906
AAATGATCATACCTAA,3905
AATGTTCATCAAATCA,3904
AGCCGAGGTCAGCACG,3904
ATCCCTCCCCTATTCA,3904
GAGTTCACGTTTCCGC,3904
TTCCATGCAAACCATT,3904
AAATTTAGACTCACTG,3903
AATTAAGCTCAGACCA,3903
ATCTACTTCACCAGAT,3903
CAAGTCCGAATCTAAC,3903
GCATTTCCAGCCCTTC,3902
GTAAATAGGATACAAC,3902
AAACAATCGCCAGCTA,3901
AGAACACAAGATCGAA,3901
CTGATACTACCATGAA,3901
GTCTGCAATCGGTCAT,3901
TAATGTAAAACATGAT,3901
TCGCAACATCCGGTGT,3901
AACAAACTCTAAAGGA,3900
AAGGCCTTCTCGCGTC,3900
CACCGGCAAATCATCC,3900
TCAACAGAGTTAATAA,3900
AGTCCTCCATGCCACC,3899
CAAACGGACATGAGTT,3899
TCTCTGATTCTTTTAT,3899
GTTAGAGAGCTTAACT,3897
AAAAAACCTGAGGACC,3896
ACAAAATCCCAATACG,3896
TAATACTTGGAAGCTA,3896
TTAATTACGGTTATGA,3896
TTTCTCCCTAATCAAC,3896
ATTCTCAAAATTCAAA,3895
ATTGTTACCAAACCAA,3895
TTCTTAAGAAACACAG,3895
AGAGATGCTAATATAC,3893
TTTTCAATAATATCCG,3893
AGAGTTAACCAACAAT,3892
TATGCCCAGCGCCAAA,3892
TTAGGAATTTTTTGAC,3892
CAAAACAGTAACCTTG,3891
CAGCCCCGACTTGTTT,3891
CTCGATCTACAAAAGA,3891
TTACACGCGGACATAG,3891
ACGAAAAACGGTCAAT,3890
AGAGAGTACATAAAGA,3890
GACCAAAAACCATCAG,3890
TACTAAGAATATTTCA,3890
TCAGTGCGCATTCCCA,3890
TGTCCTATGGTCAACC,3890
ACCCTGCTTGATAACA,3889
GAACCGTACTAGAATA,3889
GGGTACTTCGGAAATG,3889
TATTGCAGCACTATGG,3889
CGACGGAAGATTAAAC,3888
CGAGATACGCCGAGGC,3888
CTCAACGGTTGCCTCT,3888
GGACTGTATAAAAGCG,3888
CTTCCGTATACCAACA,3887
TTAAACTTTGATGACT,3887
AGGTGTTAACTAATCT,3886
CTGGAAATATATCAAC,3886
TCAAGCAACCTACTCT,3886
TCTGCAAAACTCATAC,3886
ACGTAATATACATACA,3885
ATACGTTTGAACCAAG,3885
ATAGCCAACCCTTTGC,3885
GTACGAAAGATTTAAT,3885
ACCCGGAGAGTAGCTT,3884
ATAATCCAATACTGGA,3884
CATCAATCCCAGGCAT,3884
CCAAACAGTGCTAGGC,3884
CGAGCAATATACCCAG,3884
TCCAAAACAGATCATC,3884
ACATTTCCCATCGGCC,3883
ACCCAACATGTCTGAC,3883
ACTCAGCAGAAAATTA,3883
ACTGAAATACATCCTG,3883
AGAGAATAAGGCAAGA,3883
ATGATCCGAATAAGAA,3883
CAGAAACCAAAAAGAA,3883
CATAGTATCCTAAAAG,3883
CCAAGTACGTCGAGCG,3883
ACTTGTCTACCCTGAT,3881
TAGTCATCCAGAAAAA,3881
ATAATACGAAACTAAT,3880
CCCGTTACACCTATGA,3880
TCACTGGAGAATTTCG,3880
GGCCATCAGTCCTGGT,3879
AACGCTGCTTTTAATG,3878
ACTGATTGGACACGCA,3878
ATATGGTTCATACACT,3878
ATCCTGGTGGTATCCT,3878
GTGCACTTGTATACTG,3878
CGAAGCTGGCTCGTTT,3877
AAATTCCCGCGTAGGC,3876
TCTTATGAGCTATAAT,3876
AAAGACTTAATTAGGT,3875
ATAAGGACTCAAACGT,3875
TACTAACTATTGTAAG,3875
TATTACGATTCTGGCT,3875
TCAACAGAGTAAGAAC,3875
AATAAAATCATGCGAA,3874
CTTACGCGCGAACCCC,3874
GGCGTCACGCGCACCG,3873
AAGGTTGAAATTAGAC,3872
CAACTACACAAAAGAA,3872
GAACCTATCGGTACAC,3872
TAAAAAGAATCTTCTC,3872
AAATTGTTCAAAACAC,3871
CCTATCCCTCGACGCC,3870
TACTTGAGAATCACCG,3870
GCACTGATCTTTATCC,3869
TCTACATACGCCACCA,3869
ACGAGTTTCAAAGTCG,3868
CGAAACTCCCTCGGGT,3868
GTAAGTAACAAAATTC,3868
TATTTTATGGGGAAAT,3868
GAAGTTAAACCCAATA,3867
TGCAGTCTTCTGTAAC,3867
AATCACCCTAAATTGA,3866
AATGAGGAGACGATAA,3866
GCTCTCTTGAAAAAAA,3866
TATTAGACTCTCAGAC,3866
TCAAGATGAAAAAACG,3866
GTCAACGCATTAAAAG,3865
AGTGCGACAAAACTAA,3864
CGCTTGACTTTTTACC,3864
TCCATCCCGGAAGATC,3864
AACATTGATTTAAATT,3863
ACACATCAATCTTCGA,3863
AGATCAGCAATAGATA,3863
AGGCAAGGGCGAAACC,3863
ATCAACACAGATGAAA,3863
GATCGACCAGGCAACT,3863
AACCGCCAGAATAAGT,3862
AGGGTGTGCAAGACCT,3862
GTCTTCGGCTTTAGTC,3861
TAAATAATTTAATGTT,3861
AAGATGCCTTGCACAA,3860
GATATGGTTCTATTTT,3860
TTTCTAAAATTTGCTT,3860
CAATGAGTCATTTTAA,3859
GAAAAGATTTTAAGTC,3859
GGAAATGCATGATGTC,3859
ATGACAAATATTATGC,3858
CCCACGTGTCTAATTC,3858
TAACTCTTTAATAGAA,3858
ACAAATGGCGGTAGCT,3857
TACTATATTAACCTAC,3857
ACTCAGCCATATTCAG,3856
GGAAAACAAGATGCTG,3856
GTTTCACAATTTTACC,3856
AGGTTCTAACCCTATT,3855
ATGCAGTGGAACTCTG,3855
CCCAAATCAGTTAATG,3855
CTAGATAGTAGGGGGA,3855
TGTACTAATATACTCT,3855
AAGAAATGAGATAAAC,3854
GATTGGTTTATCGAAT,3854
AAACCTTCACGTAAAA,3853
ACATGAACCTGACCAT,3853
CACGGAAATATACCTA,3853
GACACTCGTCACGGAT,3853
TCCCTAAAACTACCTT,3853
TCTTTCTGAGGTTAGC,3853
AACCGTCCAACGTTCT,3852
AATCCATGTATATCTA,3852
ATGAGGACACATAATA,3852
CATACCTACTATAGCA,3852
GATTCTCTCATACCAA,3852
ACCGTGCAGCTGTGCT,3851
AGTCCCCTCTATGAGA,3851
GTCGGGGCGGATAGCT,3851
TAGAATGAAACGATCA,3851
CCGGCTTCCTACGCTT,3850
GAATCTATGACGAAAT,3850
TACGAGAAACGGAGTG,3850
TATTAAGATAGGTTAA,3850
ACGAAACAAGCAAAGA,3849
AATAAAAATATAGTTA,3848
CAGAGTCTACATCCAG,3848
CATGTCCAAGGAATCT,3848
CTGTTTGCCTTGTTAA,3848
GACCTTACATACGAAC,3848
GAGACGGGCAAATATT,3848
TCAAAACCTATTTAAC,3848
ACCCTAACAGTACCAT,3846
AGATATTATTTATACA,3846
ATCGTACAAAGGGTAA,3846
TCAACTACTTATTCTA,3846
ATGTAGCTGAACTAGC,3845
CAAACACTTCTCCAAC,3845
GATCAACTAACGTAGT,3845
AAATATAAGACTTGCA,3844
AGACAAGGAAGGGTAT,3844
CGATTCCACAATGATC,3844
TCGATCCTTGGTTGAG,3844
CAATCAGGGGAGTCTT,3843
ATTGGACATATCTTCA,3842
GTGCGAACAGGGATTA,3842
TGAGTTTAATTAGGTT,3842
CACTCCATCTGTTTCG,3841
GTACAGCCCACGGTCT,3841
TCTAATTCTGACAAAT,3841
AATGACGCCAACACAT,3840
ACTAATGGTAATTTGG,3840
AGCGACCCAATATGAA,3840
AGTTTCGCACCCCAGT,3840
TAAAGGAAAGTATAAA,3840
TAAGCACGACCCGCTT,3840
CTGCATGCCGATTGGT,3839
AAAGCAAGAGTAACAG,3838
ACACAGAGGCGTTAAG,3838
CATATTTACGTAAACT,3838
TACGAATAATTATTGA,3838
TCACGGAAACCGTAAC,3838
ATGGCCCTTATAAACC,3837
CGGACATATTAGACAG,3837
CTGCCGATTTAAGAGC,3837
TCTATATCATATCGTC,3837
TGATGAGAACCCTATG,3837
AAGAGGCAACTATAAA,3836
AGTTGCAAACGAACGA,3836
AACAATGTTCTTAAAT,3835
AATAATACACAATATA,3835
GACAACATAATAAAAT,3835
GGATCTGCAAGCAATT,3835
GAACCACTGGATTAAA,3834
GACGGTAAACCTCCCA,3834
GCACTAACGAAAACAC,3834
TCGACATCAAAAGTAA,3834
TTGCGCTACTCCTAAT,3834
ACTGTTGTTTCAGACT,3833
ATAAATCCATTTAACC,3833
CGGTCTGAATTACCAG,3833
GCAGCTCGGCGATGAC,3833
AGCAACAGAAGGACAG,3832
TAAGATACCAGCACCA,3832
TGACGAATCCTAGCAG,3832
ACAAAGAAACCCATGA,3831
ATCACTTATACGGATG,3831
ATCATCCTATGATTGA,3831
GGCTCTCTAGCGGCTT,3831
TCAATCAGGTAGAGCT,3831
TGCAAACCATTGACCA,3831
GATTCAATAACAAATT,3830
GCACGGGCACTACACA,3830
TAAAAGATAAAATGAA,3830
CGGTGCTAACTTTGTA,3829
CTGAAATTGTAGGAGC,3829
CTGTCCAATAAGAAGA,3829
TACTGCAATTTCCAAT,3829
TGTATTTACGACCATG,3829
AAACAATATTTCTCCC,3828
AATTTAGATACAGAAA,3828
CGATTACCATTTAATA,3828
CTCCAAGTGATCAAAT,3828
GAAGACTCGGCATACA,3828
GCCGATGGGTTTTGCC,3828
TACATCGATTGAAGTG,3828
TGGTGAACCAACATCA,3828
AGTGAAAGCCGGTGCC,3827
TATGTAATGTCATCAG,3827
TTATAGTCTAACGGAA,3827
AATACATCAGAACACG,3826
CCAACAAAAGTTGACC,3826
TACAATTAGCATATTG,3826
TAGAAAATAGATAACA,3826
TGTAAATCATCCTCCG,3826
AGAGAAAACAACAATG,3825
AAACCTCCATGTACAC,3824
AATACACCTCCATGCT,3824
CCTTAATTCACACGAC,3824
CTTGATGACATCATTT,3824
GAACATGCACTATAAA,3824
GGAAGCACTTAGAACT,3824
ACCAACGTGAATGGTA,3823
TAATATTCGGCGGGAC,3823
TGACATGAGTCCAAAT,3823
AAGACTATAACATATT,3822
ATAATGGTGGAAATAT,3822
ATACAACCAGAATACC,3822
TAACTATATATGTACC,3822
TTTCTTACAGCGTCAA,3822
ATAGAAAGATTCTCAT,3821
CGATTGAATGCAAAAC,3821
CTAAACCAAGCGGGTA,3820
TAAATCGTGGAAGCAG,3820
TGCACGCAGGCAGATC,3820
AAACACAATTCACACT,3819
ATGCTGAATCTGCCCA,3819
TGGTAGCCATTCCGCA,3819
ACTTAAAAATAGATGA,3816
TACCCCACTCAGAGGA,3816
GAAATTGTCCATTGTA,3815
GCGGAAATAGGTTAGA,3815
CCGTGTGTACCTGACT,3814
CGCGTATATCTTCACG,3814
AACTTGCTTCAACTTT,3813
CAAGTATCTTTGTGTG,3813
CATCCAGGAGATGAGC,3813
GACCACAAAGTTTTTA,3813
GTTTAAGATTAAGGTC,3813
TACCCAAAGACAGGAA,3813
TTAATATTGGGGCGAA,3813
AAATTACCAACAATAA,3812
AGTTCTACTTACTACT,3812
TGTCTATACAACGGAT,3812
ATATTCTAAGTCTAAC,3811
GCGAACGTAAAAACGC,3811
TAGTCGCCCAAATTCC,3811
TTAACCAAGTTTACAA,3811
ACTAGACCACTGGATT,3810
CTAACGCTATAAGCTC,3810
TCTCGTCACATTGTGG,3810
CAAATTTATAAACAAA,3809
GATTCCACATGAAAAA,3809
TCTTAGAATGCTCCGC,3809
TTCCAGCTTTTCTTCC,3809
GACACTCGCGGTCATT,3808
TTATAGCCAAACAGAA,3808
AACGCCAGGTGGTAAA,3807
CCAACTAATCACTGCG,3807
CCTTTACATGTACAAA,3807
AAGAAATGCTTTCCAA,3806
GGACCGAGAGAACGCT,3806
TGAGATCTTCAACAAT,3806
TGCAGATTAAAGTAGT,3806
ATATGCCAAGCCATAA,3805
GAACACCTTTTACGCA,3805
GCTATTGATTCGAAGG,3805
TACAACTTACATCTCA,3805
ACAAGTAGTTAATCAA,3804
CTATTCCTTAGACAGG,3804
GGCCTGTCATACCATT,3804
ACGGGACAGTTCAAGC,3803
ATTTGAGTGGATAATC,3803
GACGGCCAACCACACT,3803
GGAATCAATCAAATGT,3803
TGTGGAATTCAGAAAG,3803
TTAAACACCCGACTAG,3803
AAAGAATACATATTAT,3802
ATAGATGCACGCGCCA,3802
GCGCTTTCCTAATGAC,3802
TTTGGATGATCGCCCT,3802
ATCCGAAAGGATGCAG,3801
CACCATACCATAGATT,3801
GAATCGACACCCGTGT,3801
GTACATTCTTTATCAG,3801
AGTAAACACTATCATA,3800
CATTAAAAACCTGTCA,3800
TGGTTAGATATATCCT,3800
TTCAAATGATTAAATA,3800
AAGAGTATGCATTATT,3799
AGAGATCATACCTACG,3799
ATCGAATATTAAAAGC,3799
TACCCTTTGTTAAGTC,3799
AAGGATTAATCTCCTC,3798
ACGGAGCAACTAGCTA,3798
CGAGCAATCTCGCTGT,3798
CTTAAGTAAAAAGGCA,3798
TATTAGAAAGCTAGTG,3798
TCGGAGGATCTTAGAC,3798
ACAGAAGATGAAATTT,3797
ACAGTCCGACAAGTTC,3797
AGCCAGCGTACATCTC,3797
GCATACGCTTCCATTG,3797
TACTGGGTCCTACTCT,3797
TTGGTGAAGTCCTTCT,3797
AAATTGAGGACGAGAA,3796
AACAGATTGAATTGTA,3796
AACCCAGTTGTATCCG,3796
CATGGAAGAGAACTGC,3796
AAAGTAACCAAACGTG,3795
AAGAAGGTAGAACCAG,3795
AGTAATTGCATTTGAC,3794
ATGTTGAGTGTTAAAA,3794
AAACTCGAAGAGACGT,3793
ATCAGAATAAATGGTC,3793
CTATGACTAGGGCGAT,3793
GTAGAACCGCAAAGCA,3793
TATCAAGAAAGTAGTT,3793
TCGATAAATAAAAGAA,3793
TTAACGTGCGTTGGTA,3793
CTTGTATATCCAGGAA,3792
TAATCAAAACAAAAAA,3792
AAGTATCTACAATAGA,3791
CGTCTATCATCCACTC,3791
AAACATACCAGCATTT,3790
CCTAACCCAACTTTTT,3790
TACAAACCATTAACTC,3790
AAATTGCTTAAGGCCT,3789
TCGAGTGAATCACAGC,3789
TGTAGAGCCCCGGATG,3789
AAATTCACCATAATTG,3788
ACAAATACCAGAGGTA,3788
CCAGGTGTCAAATGAA,3788
CGAGAACGGTTCACAA,3788
GCTATCCCCAGAAGGG,3788
TAAGAACATCGCTCCG,3788
GTAATTTGGCGTAAAA,3787
AATAAGCAATTTCAAG,3786
CAACCTACACCATTGA,3786
ATAGAGCGGATTAATC,3785
ATCTCCGATCGTCCCA,3785
CAAGATCTGTCTGATA,3785
GAGTCACCATTTTAAA,3785
GCAACCGACCGCATCC,3785
TCTGACAAGAGGTGTG,3785
AAAAGAGTGGTCGTTA,3784
AGGGGTAAATATACAC,3784
AGTTTATCCCGCCAAT,3784
CTCGAATTGCTCATTC,3784
GAAAATACGATGCAAA,3784
TAAGTTCTATTTCATT,3783
TGTCAATTACATCGAC,3783
GGCCATTTCAATGTCT,3782
GTGAATCAGCGTAAGT,3782
AAACCTAGATAGGGGG,3781
AATCGAATGGAACAGC,3781
GAAGGATTACCACATG,3781
TATCAACACATGCAGT,3781
AACGCCGGTCAAACAT,3780
CTGAAAATTGTTGATA,3780
GACTCCATAATGATAG,3780
TACCAAACATCCGTCT,3780
ACCACGAAACCGTGAC,3779
AGCCGGATAATTACAC,3779
CCATGGAAACTATGAT,3779
CTATACAGTGTTGGCT,3779
GGAATATGAAGCTGTA,3779
TCCGCAAAACAAATAG,3779
CACCTAAGGGGAATGA,3778
TAAGGGTAAAAAAAGA,3778
TCCTCGAATAACGTAA,3778
TTCCTAAGACATGGAG,3778
ACGAGGGTATTAGAGA,3777
ATCATAAACAAGTCAA,3777
GAAAGGAAAAGAAACA,3777
GCAATTGATAAATCAA,3777
TCCGGTATTGTAATCT,3777
TTCGATCCCCAGAACC,3777
TTTTGGAGGCTGCTAA,3777
TACTGTCAAGATACAC,3776
ACTCATCGGATTAAAT,3775
CGAAAAGATGAAATAG,3775
GTCTATGACCTAGAAC,3775
GGCTGGAAGCAACTCA,3774
TACTGCAGTATACAAT,3774
TCAAATACTCATTAAT,3774
AAGACCGAAGCGAAAA,3773
TTTCGATCGAGAAATT,3773
AATTAACAAAATTAAC,3772
AGCAGGCAACGACTAT,3772
ATGCGAGAAAAGCTCG,3772
GCTCGGTGGTAGAGAC,3772
ATCAATAACATTAACG,3771
TACTATCCAGGAAACG,3771
AAATCACCCAGTCTAT,3770
CAGAACAGTAAAACGA,3770
CTAAACTGAACACGTA,3770
CTAGAGAATAATTATA,3770
GCAGAGACTAGCAGCA,3770
TGTCAGTTAGACATCA,3770
ACGGATACGTTCGTAA,3769
AGGAACCAAAAAGTCA,3769
ATCGAGCTATACGATA,3769
GAAAGGAACCTCAAGA,3769
GACTAGCTACCGAGAT,3769
TCGGTCTCATGAAAAC,3769
TTCAAGTTGGACACAT,3769
TTCGAGTTGAAAGCAA,3769
CAACCGATATAAATCT,3768
CCAAGTAACCTTGCAT,3768
AAGATACACTTTGCAA,3767
CGTCAGAAATTGATCT,3767
TCACTACATAGTAGTT,3767
TCGCGCTATGAACTCA,3767
ACCACGAAGTCTTAAC,3766
CCAGTCGCACGGAAAT,3766
GAAATGGAGAGATTGG,3766
AACGCTCAATGACACA,3765
ATTACCTGTAACGGTT,3765
CCACTCCACATCATCT,3765
CTAATAACAAAAATCA,3765
CTCACACTCCACGCTA,3765
GTTTCATTTGCCGTGG,3765
TAATGGTACTAAAAAC,3765
TAACGACAATTGCCTT,3764
TTATCAGACTGCATAA,3764
ATTAACTAAAGTACGT,3763
CAGTCTACATGGCCAC,3763
GATCGGTAAATTGAAG,3763
TTAACAAAGGATACGG,3763
ATACTACAGTCCGCCA,3762
TCAAAAAACTTAGCTA,3762
AGTCTCAGTAAATCTT,3761
ATGTGCAAAGGTGTCC,3761
GACTTGGAATCGTAGT,3761
GAGCCGAGCGAACTCA,3761
TTGTGTGGTCACTTTA,3761
AAATGAATTACACAAT,3760
CTGTATGCAAATCCTA,3760
GCATTAACGTAACAAA,3760
GGAAGGGTAATGATTG,3760
TAGCGAGCCAATTTGC,3760
AAGGTTTGTCCTGATC,3759
ACCGCTATTCTTAATT,3759
ATCCAGCTACCCAAGT,3759
GCTCCAGGGGCAATAA,3759
TGAAAACGTTCAAGCG,3758
TGGGCAATAGAGGCTT,3758
CGGCTAAAGTTAGATG,3757
AGAAAATCACCTTCCA,3756
ATAAACATTAGGAAAT,3756
GATACATACGGAGAAC,3756
TCCTTTAGTGTCATAC,3756
AGTCCGACAGACCCCG,3755
ATCGTACCCAGGGTAA,3755
TGTAACAATTACTGAA,3755
AAGCAGAAATGTTTCT,3754
CGCATCCATACACCCA,3754
GGGCCATTTCACTATA,3754
TACAAGAGAAGTCATA,3754
TCCTATCAAAAGACTC,3754
TTAAATGACGTGCCAA,3754
TTGTCACAATATTGGT,3754
AAAGTAGCTCTCCATC,3753
GGAGAAAAGATTATTA,3753
GGCTGGGGAAGCGCCT,3753
GGGGTTGCTTAGCTAA,3753
TAATGTTCACTGGAAG,3753
AACGAGCTTGAGAACC,3752
ACACGAAATTCAAAGT,3752
ATTTCGAACTCAAGAC,3752
AAAGGTGAATTCCAAA,3751
CGACAATCCTAGGTGT,3751
CGAGAATATATTATAT,3751
CTATCAAAAAGTGAAA,3750
AAATTCGACTACCCGA,3749
AATATCGTTTTAACAG,3749
ATATCCCCATACTCGA,3749
CGCAGAGAATAATACC,3749
GCTCAATAGTTAACGG,3749
AAAACGGCTGACACTA,3748
ATAATAAGGGAAACTA,3748
TACGGAAGCTGTTTAT,3748
TACTGCGGTAATGCAA,3748
TGGAAATTAAGCGGCC,3748
TGCGTCCCCCAACACA,3747
ACTGTCCCACAGTAAA,3746
AGTCTTTATGACCGTC,3746
CGTCTTGCCTATAGAA,3746
AAAAACTAAATGAAAA,3745
ACAATTTCGACACTAG,3745
ACACAGTTTAGAATTA,3744
TGATGTAGGTAATCGA,3744
AAATCCTGCACACCAA,3743
ATAGTCGCAAGTCTAT,3743
CGATCTATGTTGACAC,3743
CGTACACATCAGTTCC,3743
GAAGAGCTGTTAACTT,3743
TTTATTACAAACTAAC,3743
AAACTTGGAGAGATCA,3742
GTACAGGAACAGCAGC,3742
AAGCCTGCAATATAAT,3741
CATAAATGAAAACTAG,3741
TAGTCGTTACCGAGAG,3741
TCACTTGGACGTGAAA,3741
TTGAAACGTGGTGCGA,3741
AACATGAGAGTACAAA,3740
CAAAGCCTTAAAAAGC,3740
CGCCATCGAATGAAAA,3740
GAGATCGTTTACTAAT,3740
TAAACCATGAACTGAT,3740
ACACCGACTCGTTTTT,3739
ACTGATACTTCGTTCC,3739
AGACACGACTGTGTTA,3739
AGGTTTTGTATCCCAT,3739
ATAAGAACCAAAGCGA,3739
CTTTAGCGGATGAAGT,3739
GCGACACCAAATTTTA,3739
CGCTCGAGGAATGCCC,3738
AAGACGGTGGTAATTC,3737
ACTAAAATAACGCACC,3737
GGAAACCCATACGTAT,3737
AGCTAATTTTGGAAGA,3736
AGTAATCTCCACAGTG,3735
TTTGCCTCAGTCCCAG,3735
ACCTTCTAATCCAATA,3734
ATTAGAATTTTCGGGA,3734
CGTTATAACGTTCATG,3734
AAGACCTATATTTTAC,3733
CAGATTTATTATACTT,3733
CGGTTCGAGTACTGGT,3733
CGTGCTATATAAACTC,3733
TTAGTTTGCCAAAAAA,3733
AACACATCGGACTACC,3732
AATTTTACGAATGCAT,3732
TATACATAAATGGACG,3732
TGATTTCTCCACAGAC,3732
CAAATTGAGGCTCTTT,3730
GATTGTTCAACGCTCC,3730
TCTCTTGTGCCAACAG,3730
ACATGAGCTTAAAAGC,3729
GAATGACTGCATCTGA,3729
GATACAATTAAAATAT,3729
TGGCACAATAATAACA,3729
TTGAAAGAAGTTATTG,3729
CCAAAAATTAGTTTGG,3728
AATCAAACACAACTGA,3727
ATATACCTCCCCGACC,3727
CTAATCACTTTGAGAA,3727
CTACTTTTGCTCAAAG,3727
CTCATTAAAATCTGGA,3727
TACAACTCAGTCAGAT,3727
AATCAATAAACGGTAT,3726
CGACACACATCCGAGA,3726
GAGCGCCTAAGGAGCA,3726
GTAGACCTACCTGCTC,3726
TAAAACGCCTAGACAA,3726
TAATAGATAATTTAGC,3726
TAATTATCTGTTCATT,3726
TGCAGTTAAAATCTTT,3726
TTACGGGCGGGAACAC,3726
AACGACGATGAAAGGC,3725
AGGTCCAGTAGAGCAT,3725
CATTTTAAATACAGTC,3725
CTGCCACAGATCCACG,3725
GAGTATACGTAAACTA,3725
GATATGATAAACTACC,3725
GTCCCCCCCAACTCAA,3725
TTCGCGCGTCCCACTT,3725
AAATTAACACCTAGAT,3724
CAGTTCTCTGGCGAAA,3724
GAACCTTTTTTATCAT,3724
GTGGATAAATGATGGT,3724
GAATCGCAAAATCAAA,3723
GGGCCAAAATAACCTA,3723
TATAGACAAGACTAAG,3723
AAATTACTTGTCTTCC,3722
AGAGATTTCCAAATGA,3722
CGCGAATATCCCAAAA,3722
GGCGCGAATGACTGTA,3722
TATTTGTAAAACAAAC,3722
TTGCACTTACCCGCTA,3722
TTTGAGAATTTCCACA,3722
AAAAAGACTACTCTGG,3721
AAGTTCTGTATTTGTC,3721
ATCCAAATGTTATTAC,3721
ATTACAGATTTTCTAG,3721
CCGTGACCAAGACGTA,3721
CTAATCTGATTGTCAA,3721
CTTTACGCTGGACAAG,3721
GTGCCTAAAACTAGTA,3721
TCATATGCGATTTATC,3720
AACGCGTACTTGGCAC,3719
CACAACATACATATTA,3719
CAGAAAGACATCCAAC,3719
GACTCTATCTTATTGC,3719
GAGTACATGGTTCGAC,3719
TAGCGGTAATTCGACA,3719
TGACACGTCATAGATA,3719
ATGTGCACATCGAACA,3718
GAAACCATCCGCAAAG,3718
TTTCGATATAAAACTT,3718
AATTGTACAACAAAGC,3717
CAAGGACGTTTAGTAA,3717
GAAAGTATACCAGATA,3717
CAAAACGTGTCGACGA,3716
CTCAAAAACATTAGAT,3715
GAATTCGCAATTAAAA,3715
AATTATCCGCCGACTG,3714
CAAAGGTAGACAGACG,3714
CCCAGATAACATAAAA,3714
CTAAATGACCTAATGA,3714
AATATGGTGTAGGACA,3713
AATCCAAATAAGAGAT,3713
ATAAGTTCTTGCTCAC,3713
ATCTATACAAATTGTG,3713
CCAAACAGCAAATAAC,3713
GCAAAAAGAGACTTAA,3713
GGCACACCGTTTACAC,3713
GGTTCAAATCAGCAAT,3713
TTAGTAACGATGATAC,3713
AAAATACCCAGGCTGA,3712
ATACGCGAAAAAACCA,3712
CCGATTAAACCTTACC,3712
CGAATTACCTGAACGA,3712
GACAGTAGGTAGGAAG,3712
GTGCCTCAAGGGAAAC,3712
ACGAAGGGGTGACCCG,3711
TCTATAGCAAACCGGG,3711
CTGTAGAGCGAGAGAC,3710
GAAAAAATTACTACAG,3710
TAACATATAAGGAACA,3710
AAATTGGCGAAGCCCT,3709
AAGATACCAGTACGCA,3709
AGGTCTGCTGGACCTA,3709
GAAAGAGAAGCACACA,3709
GATGGATATGTCCAAT,3709
TTGTAAATTAGCTGGA,3709
ATTCTCTTCCCAATAA,3708
GAAATGCCCATACGCG,3708
AGCCCAACTGCCACAT,3707
ACTGATTATTAGGAGT,3706
GAGGACATACCCCAGA,3706
TCTTCATATCAGGACA,3706
AAATGTTAACACTCAT,3705
AATAAATGCTTAAATT,3705
AATGGGCCAACAATAA,3705
AGAAGCTACATGACTG,3705
AAATATCATTCAACGA,3704
AATACAGTTGTCTTAT,3704
AGGCTTCCTGAATGCG,3704
CTAGAGGCACTAACAA,3704
TAGAATCCTCGGCCAT,3704
TAGTGACATGACGTAA,3704
TCGATTACCCCTATAG,3704
CCAGCGACATATAACT,3703
AACCCGAAGCAAGTAA,3702
CGCATGCTGGAAGATG,3702
GTACCGACTTCCATCT,3702
TCACTCGACTATTCCC,3702
AATAAGCCTACTGTGA,3701
ACTCCTCATAACCGGG,3701
CGAGGGCTAGGGAATA,3701
ACGAGGACACCTTCCA,3700
TACAAAATATTGACGA,3700
AAACCCGTCAAAACTC,3699
CGAAGAGCCTAGTTGA,3699
AAACCACTCATCAAAT,3698
AAACTCAGCGAGCCAT,3698
CATACAGTTACAGACA,3698
GTCGTCCCAGTAAAAA,3698
TCATGCAAACCAAAGA,3698
TCCCGAAATAAACGAG,3698
ATACTCATGGCTCATC,3697
CATAAAAGACCAAATT,3697
GATCCCTAACTAATAC,3697
TAAAGGAAAATAGGAT,3697
AATTACTAGAAAATGT,3696
ACAATGTATGGAGTTA,3696
AGCTACGTACAGATGC,3696
ATAAGAAGAATGGAAG,3696
CCGAGTAATATAATGT,3696
CGCTTCAAGAAAGAAT,3696
GAGTGAAATTTCGTGA,3696
GTTGAAACCATCTGAC,3696
TTAAAGGGACATATAA,3696
ACGCGGCTCTTTGACT,3695
ATATACCGATGGGACT,3695
AGACCACCCCGAAGAG,3694
CCTCTACAATTTCGTT,3694
TCCAATAAGCAACACT,3694
CGTGCCGTCCATATAC,3693
CTTTTGCGTCGACGAA,3693
TCACAAGCCATCACCA,3693
AATCACTCAAAAAATT,3692
ACTATCGTGCGACACA,3692
CAAAGAAAGCTCCGGC,3692
GCCGACCCTATCCCAG,3692
GCTATATTATACAATC,3692
TGAAAAACAGGAGTGT,3692
TTTGTTCGAAACGCGT,3692
ACACACGATTTCCGTG,3691
AGGTATCCAAAATCCA,3691
CAGAAACAGCACAGAC,3691
CCAGCGTGCTTTCAGT,3691
CGCCCTTACAACCGCT,3691
GGATAATTTTACACAG,3691
TAACACAGTTCAAGCC,3691
GCAAAGACTGCAACTA,3690
AGGTCGCTAACTGTAG,3689
GATTTTGCACTTGGAT,3689
TGTATAAAACCAATAG,3689
AACAGGTCGGACGAAC,3688
CCCTCCACATTCAAGA,3688
GAGAGAGAATCCCGTA,3688
GAACATTTACAAGTCA,3687
TCTTATAAGGTTTCAC,3687
GAAAAGTCAAAAGGGT,3686
TCATAGATTTCCATCT,3686
AAAGCGAGGAATTAAA,3685
ACCTGATCGAAATTTT,3685
GCTATGGAATAGGAGT,3685
GGAAATAAGAAAAGCC,3685
TACGCCTCCAAGAATT,3685
ATCACGGTACCAACTC,3684
CATCCCCGAAATACAG,3684
GGAACAATTAGATCTA,3684
AAGATTTTTGACCCTT,3683
AGAACCAAAACTGATC,3683
AGACCCTAGAATAAAC,3683
AGACTTCTAATAATGT,3683
CCAAGTTATTTTAACA,3683
CCAATCGTACAACTGT,3683
GATTAAACAGAGATCT,3683
TCTCTGTGATCTTTCG,3683
TCTTTGTTATTAAACC,3683
AACGGGAATACTCAAG,3682
CTGGGGAAAAACTTCA,3682
GACACGTGTGTTTACA,3682
TCACAGGCACGACTAA,3682
TGTTTACAGTCAATAG,3682
AAGAGCACTAATTTCT,3681
AATGTGGTTAGCTTTC,3681
ACCCTTATGACCGAGG,3681
ACCTGATAGGGCATAA,3681
ACGAGTGTATAAGTTA,3681
CCAAACCTAAAAATAA,3681
CCACAGAAGAATATAT,3681
CCCCGCGTAAAAGTAA,3681
TGCTCACTCTTCCCGG,3681
TGTTTCGAACGAATCC,3681
TATTCTCAAGAGGTTA,3680
TGTAGTAGACCAACAA,3680
TTAACGAAGTTAATAA,3680
ACCGCAAGGGTTGAAA,3679
GTAAAAGACCTATCAA,3679
TCGGTAATACAATAGC,3679
TCTAAAGGAAACACGA,3679
CAAAGAACCACCAAGC,3678
CTGATTATAGAGAAAA,3678
ACATGCTCTCATAAAC,3677
CTCAACAGACAAACTC,3677
GCGTGAAAAGGTCCCC,3677
GTACAAAAAATCATGA,3677
TGCAATTGTACAGGGG,3677
ACGCACACTTAAAATG,3676
CGAAGAAAACAAAGAT,3676
GGCTGAAACACATACA,3676
TGGCTAAACATTTATA,3676
AAAGTAGAGCAGAACA,3675
AAGCTCATAAGTATAA,3675
ACAGTAACCCATTCAT,3675
ATCTAACAGATAGCTA,3675
CATTTAGCTTTCCCAT,3675
CGATCAAAGCAGTTAC,3675
CTTTAAAACTACCATT,3675
GAAATTAAAGGTTAAT,3675
ATCAATTAAGTATGAA,3674
CCAAGGGTTCCCAGGT,3674
GCTCATAGGAACTCGA,3674
TAATGCTGTACTCGCC,3674
TTGGCGCATTCACAAT,3674
AAAACTCATCTTAATC,3673
AGTCCTGGAAAAGTAA,3673
ATGTATAGAGCAAGTG,3673
GACGACAATAAAATTT,3673
TACAATAAATATCCAC,3673
TCGATTTATTTACAAA,3673
AAAAGGCTCTTGATAC,3672
ACAAGTATCCCAAAGG,3672
GAAACGGATTTGGCGA,3672
TCACGTTAATTGCCAA,3672
TTCTTCGTCAAGTGCA,3672
ACCCTTTAAGTAGGCC,3671
ACTGATCTCAAGATCC,3671
AGACACAGAACTAACC,3671
GAATGTTCCGAAAGCA,3671
GTAGTTTACACCCTAC,3671
TCATTCTCCTAATATA,3671
TTAGTTACAAGATAGT,3671
CGTAAAAACAGATATA,3670
GATTAGAGAAGAGATA,3670
TGGTTATAGCCTTGAT,3670
AAGACCCATTATTTCA,3669
ACCCTCGTCGTGTCCA,3668
CTTATCGCTAATATAA,3668
GTGCTCTCGGCGCACT,3668
ATATTGCAATATACTT,3667
ATCGCAATTTTAACGA,3667
CAAAAGTTCATTAAAC,3667
CACGCGGTCAGCCAGC,3667
CATATTGGGGCAAGAC,3667
GAGGCTTATTAAGGGG,3667
TATACTACCCAAGCCA,3667
TCGATTTCGCATGTCG,3667
TCTGACCTCACGTAGT,3667
TTGATGTTTAACTGCA,3667
AATGAATGATGAACAA,3666
ATAGGGGGACAAATTG,3666
ATGACATATGTGAGAA,3666
TACGATAGACCTCTGG,3666
AATTAACGATGCCCAG,3665
ACTAGCACTTTTAAGC,3665
TAAGCAATTAATGCCA,3665
AAAACACGCATGCGGG,3663
AACCATATGAAAGCTT,3663
AACGAAGAGAAGATAA,3663
CACCTTTAAACGTCGT,3663
CATAAACCCAAAACCT,3663
TAAAGCGCAACAAATG,3663
TTAAACAGCTCATCAG,3663
CATTCACTCCTATCCA,3662
CCAAAAACACATGCAG,3662
TAAAGGGACGATCAAA,3662
AAAGGCTTCTGAATTA,3661
CTAGATTTAAGTTGGG,3661
AAGCTACGATGGTTAT,3660
AATAAACCCTCATGAT,3660
CAACCTGACCGTTCCG,3660
CATCTGACAATTGTAC,3660
GTTATAGATAGGCTTT,3660
TGCTCAATTAACATAA,3660
AGCGTAAATGAGGCAC,3659
CAGTTACACGAAACAC,3659
GACAGAGCAGAAAGAT,3659
CACATTGATAAGAACA,3658
CTGTTCCAATAAGTTT,3658
GAAAGCTATAAAACCC,3658
GGACGCAATCACTATT,3658
GTGGATCTACAACACA,3658
TCATGTCCGATTAAAT,3658
TTCGAAAAATAAATAT,3658
CAAAACACATGTGACC,3657
CAGTTTAGGAAGGGAA,3657
CTGCACATCCTCTATC,3657
GAAACCCAATTACCTT,3657
TATTAATTGAACATAG,3657
GTGCCCAAATCTAACA,3656
TAATAATTTTTATTTC,3656
AAACAACGACTTTCAA,3655
CAAGATTACACTATAA,3655
TCTAACGCATTACAGA,3655
ACCACGTCAGCACCGT,3654
CCTCTCGATCATACGG,3653
TAACAAAAGCCCAATG,3653
GATAAACAAGTGTGAC,3652
GGAAAAATTATTGGCG,3652
TAAAGTCCGCCTAAGC,3652
TGCCCTTTATAGAAAT,3652
ATGTAATCAAGAAACA,3651
GAAGGGAGGGAGGAAT,3651
GACGCAAACATTACAC,3651
GTCATCTCAAAAGTCA,3651
TAACAACCATCCACGC,3651
AATTGACTGAAAAAAG,3650
GTATGCGCAAATGATA,3650
AAAATACTTTGAACGA,3649
CTAATCCCCGATATAA,3649
ACACAGCGACTAGAGG,3648
GACGAGCAAAAAGGCA,3648
GGACGAAACACCAACC,3648
GGCTGTTGCCCAACTC,3647
ACATTGAATAACTCCC,3646
ACTGGCTGACCTAGAT,3646
CCGCGCATATTTTGTT,3646
TTATTGAGAGTAACGT,3646
TTTCATCTCAGCAATA,3646
AAGACCTCGACACTAT,3645
AATGATCAGTCAACGG,3645
ATATGCGACTCGTAGG,3645
ATCAACATGTTTCAGG,3645
CGCGTTACTTATCTCC,3645
TAAAGGAAGAAAATCT,3645
ACATGAAAGTGAAATT,3644
ACGGATAAAAAGCTAA,3644
CAGAGGAAAATCACCA,3644
TATATGCACGCGACTA,3644
CATACCAAGAGCATGC,3643
TAAATGGTTGTCGCGA,3643
TCACCACCACCTTAAA,3642
AATCAGCATAATAATC,3641
AGTTAATGAAAGTCAA,3641
CGAGTCAATCGCTAAT,3640
CGTCAGCAAGAGAAGA,3640
ATGAAACATTAATTAC,3639
GAAACATGTGTCTCTG,3639
TGTTTATTGCTAATTC,3639
TTTCTGATATGTCACC,3639
AGTGTAACGAGCATTA,3638
GTAACTTTGCCAAGTG,3638
GTGGATGCATAGTCTT,3638
TTACGCCTAAGTCAAT,3638
AAATTCCAACACTACT,3637
ATTAAATATCTATGCA,3637
TCAAGAGAGCAAGATC,3637
AGATGAGACAATCTTG,3636
ATAAAGACGAAGCCCA,3636
ATTGCTTATAGTTAAG,3636
TATCAATACATAACGC,3636
TCCCAACAAGCCGCCG,3636
AGTCTTGCATGGCATT,3635
TAAGAGAAATGCCAAA,3635
TATAATTAAATGGCTG,3635
TCATTCTAGAAGATAC,3635
TTATGACACAATAAAG,3635
ACCAAAAAATAATTTA,3634
CCCTTCAGCCCCCCTT,3634
GAACAATATTATGTAG,3634
TTGCGTCTGTTCTAAT,3634
CATACCCAGATTCAGC,3633
TAGCCGATGCACGTAA,3633
AACCAGCAGATGTAAT,3632
ATTGGGTGATTTTGAC,3632
CAGTTAGCCAATCAAT,3632
ACACGAGACTAAACAC,3631
AGAGTTCTGCTAATTA,3631
ATGCGTTGAGAGAAAA,3631
CTTGAGCAATCATGCA,3631
TAACCCATGAAAGGCC,3631
TCGATTGTAACCTACT,3631
TTAGGGCTTGAATCCC,3631
ATAAGAAAAATTACTG,3630
ATTCGGATCGTGAGAA,3630
CTCAAACTTGCACTAA,3629
GACCAGTGGTGCAGAT,3629
GGTTGCTTCACGCCAA,3629
GTATGATTGATGCGGG,3629
CAGGAGCTCGGAAAAT,3628
TTGACCATCCACATGC,3628
ACAACATTGAAAGTTA,3627
TACTACAACAACAAGC,3627
TATAAGTTCATCCACC,3627
AGTGATTAGAATCCCG,3626
GACCTTGATTATATGA,3626
GAGATACCGAGTCCAG,3626
ACATCTATAGTGTAAA,3625
ACCGGACCCATTACAT,3625
GATAAACATCTCACCA,3625
GGGGCCTTACTAACAA,3625
ATATACTAAAAATTAT,3624
CAGGGATAAGGATTAC,3624
CGGCAACTTCAAACAA,3624
TTCGATAACACGCTAG,3624
AAAATACAAATTATAA,3623
ATATCAAAATTGAAGT,3623
CATTCAATATCAATGA,3623
CCCACGCAGCTGAAAG,3622
TAATCTCCTCCACGCT,3622
CATTGATGTAGCTATT,3621
CGTTGAATAAAAAAAG,3621
TGTGGCTCCTAGCATC,3621
AACGGTGTTGCTGACT,3620
ATAATGCCGTTATATG,3620
CGCGATCTATACAATG,3620
GCCAACGCTAAGGTTG,3620
TGTATCAGTGTCATCG,3620
AAGATGTACGACTGAA,3619
TCTACTCTATATGTCG,3619
TGGATTAGTAAAGCTA,3619
AAACGTCAACTTAGTA,3618
AGATGGCCGAGGTACA,3618
AGCCAACTTTGGCCGA,3618
AGTACAGTCCCCAAAA,3618
CTACAGCGCATTCCCC,3618
CTCACTAAAATGAAAA,3618
TAGGATTCTCCTGTAA,3618
ACATACAATTATGAAT,3617
GTCCAAGACCGCGTAC,3617
TAAATCGGTCAGCAAG,3617
TCACTAAATCAGGTGA,3617
ACTAGAGCAACCTTCC,3616
GACAAACCTCACACAC,3616
GAGTTAAGCAAACACA,3616
ACATAGATACCGTATC,3615
AGGCGGTAAATATGAG,3615
CACTTACAACTATGGA,3615
GGTAACTGCTTACGCG,3615
AATCACAAACTGGAGG,3614
ATACATAAATCACCTA,3614
GACCGCAATTGTATAG,3614
GTAACGTCATACCGCA,3614
TCTGTACTAAGTATTT,3614
TTCTCTAGTATCGGCG,3614
GTTAGCGACACCCAAA,3613
TAATGTACCTCACATG,3613
AAAAACAAGACTAACC,3612
CCAAACATAGATAAGA,3612
GACACAATTTTGACAG,3612
AAATGGGCGAGAGTCC,3611
AACATGGGCCGGAGTG,3611
CGTTTTTAATTTTGCA,3611
AAACGTTAAGAAGGTG,3610
AGTTCGGTGACCAGCC,3610
TGTTATAGACCAACAC,3610
AAAGTAACTATGAAAT,3609
TGATAATCATCAAAGT,3609
ACCACGAGAAATTTTC,3608
CGGAAGTATAGCCCGT,3608
AAAAAAATCATATGTC,3607
AGTCCCACGCATCCAG,3607
CCCGTTAAATGCATGT,3607
CGATCATAAACTGCGG,3607
CGTCCGAAGCGCTAAT,3607
GACGGGGACACAACAC,3607
TACTACAATGATTAAC,3607
AAAAGGCTAGCAGATA,3606
AACAAGATCCCCAGCG,3606
CCCCTAAACAACAAAC,3606
GCAAATAATGCATTAA,3606
TACGCCGTTCTGTACG,3606
ACACTAAATCTTGCCC,3605
ACGGTGGGCATACTAG,3605
CCTAACACTTCACCTC,3605
TAAAAGAAATGATCAT,3605
TGTTCCAATTATCGAA,3605
GCTACCGTCATGATAA,3604
TTTCTGACAAAACTCA,3604
CCAACTGAAACAACGC,3603
AATCGTTTACACGTTC,3602
CAACTGGCTGTTGTCA,3602
CATCCAGTCTCATACG,3602
CACGAGAGTGAAAATT,3601
GAGGTTAGACAAAAAG,3601
AATGGTATTAGTATAA,3600
ATACATATTACAAAGT,3600
AACTTAAATCGAATAA,3599
ACTTCTCCATTGTGTC,3599
CAAACAGGGCTCCCAC,3599
GACAATAAATAATAGT,3599
AATATCATTTCACACT,3598
AGTCATGACGTCCAAC,3598
CGACTAAAAGTGGCCT,3598
CTCACACTTTTCACAT,3598
CTTACTAAATTTTACT,3598
GCTAACCCTTGCACTA,3598
TCAGCCGTTATTTATC,3598
TGACGCGTAGCTCAAT,3598
ACACTAGCTCGACGTT,3597
ATAATATAAATGTTTG,3597
CAAAGAGCCATTTGTA,3597
TAAAAGCCCCTAAGTC,3597
TCAATACTGGAAACCG,3597
ATAACTCCCAATGTTA,3596
ATCATATGATCGAAAC,3595
ATCTGATTATGAGTTA,3595
CAGAAGTCGATAATTA,3595
GGTGCCAATCGCGTGT,3595
TTGGTCTAAGTCAACT,3595
AAGACGGCTTATAAAA,3594
CGCAGGAATACATTTG,3593
CGGTTACAGAGCTAGC,3593
TTACTCCTCACGGCAA,3593
TTTTCAACTGTTCAAA,3593
CCCGGGAAGGTTACTA,3592
CGGCAAAGCACACTAA,3592
GAAAGTGTTATCCAGA,3592
GTAACAAGAACTGAAA,3592
GCGAAACCACACCGCG,3591
GTTTTTTATTAGATTC,3591
TAATACTACCTGACAA,3591
TAATCTACATTCGAAA,3591
ATGCGGATAGGAAATA,3590
CAATAGAATAAATATT,3590
GGTATATGCGGTAAAT,3590
GTGCACTTCGTTAAAG,3590
ATTAAACAGCAGTCAA,3589
CATAGACTTGCTGTTC,3589
CTAAGTATCCCCTTCC,3589
GTCTTAAAAGGGATAG,3589
TGGGAATACACCAAAA,3589
AGAGGGTAACGCTCTG,3588
CTTACAGATAGCCCCG,3588
GTACTTGTGATTATCT,3588
ACGCCGACCGTCTGAA,3587
GTCCCCCACCGGACTT,3587
ATTTCTCTGCTCAAAT,3586
CGATAGATATGTATGC,3586
CTAAACCACTCTGAGA,3586
TATCACAGTTACAATT,3586
AAAATAATAACAAATC,3585
CCAGGCATAACGTGGC,3585
ATAATAGCATAACCCA,3584
ATTTAGGCTAGACTAA,3584
CACTGTACGTTATAAC,3584
GAATTCCCATGATACT,3584
GGGACCCGAGAGCATT,3584
GTACTGAATTTTGATT,3584
TATCATTCTACTCATA,3584
TCAATATATGAAATGT,3584
TCTTTTCTACGGCATG,3584
CAATGTCCCGATGCCA,3583
CCGAAAATATAAAAAT,3583
GTACTCACGACTCTTT,3583
TAATTCTCCCACCAGC,3583
TCAGGTGCACAGTATG,3583
TTGCCAATACCGCAAA,3583
AAAAAGCAGTGATTGA,3582
TCCTTTTCTATGCGTT,3582
AACCAATGCTTTGTCA,3581
AATTCAATCAAAAAGT,3581
ACCAAACTTCATGACT,3581
CATAGACATCTATCTC,3581
CTGCAAACGGACAGTA,3581
GCCTCTGTCCCGAAAA,3581
TATCGTAAAACCACTG,3581
AATAGAATACATTCTG,3580
AGATGCGGGTCAAGGC,3580
ATACGCTTGCACAGAA,3580
CGCACGTAAAATTCTT,3580
GGGTGAGTTATTCTTA,3580
TTAAGGGAGAGACACA,3580
GAAAAATACGAGGTGT,3579
CGTAAACAACAATGCC,3578
GAGAAATAAATAAAAT,3578
TCGTCCTTAGAGTACA,3578
ACCGGAATAACCAAAC,3577
ATACCAGTGCTTAACT,3577
CGAAAGTAATCCGCGG,3577
TCCGCTTTTAACCGAA,3577
TGGCAATAAAAACATA,3577
ACTAAACCGGAGGCCG,3576
AGGCAGTAAAGGTATC,3576
CAAAGGCTCTAGATAC,3576
CATGCAAATTAATATT,3576
CGTTGACATTCCTCAA,3576
AACGGTATGGACTGCT,3575
AAGGGTACATGTCCAG,3575
CGACCCTGATCAAAGT,3575
AAATCCAAAACCTTTG,3574
CAATCGCCCTTACCAC,3574
TCAAAAAACCCATAGC,3574
TCATACCAAGCGTAAC,3574
AATACTAAAAGTATGG,3573
ACTGAATACGTACTAT,3573
AGTGCATTAGTTTCCT,3573
CCCTCGTCGCCAACCA,3573
CTTTTCATATGATAGA,3573
TGCTCCACTCCGATGT,3573
TTGTACCTCCACCATA,3573
CATGACCGACCGACTC,3572
TTCAGCCTGGTAAATA,3572
CCCAGCGACGACTAAT,3571
CGAGGACTTGTGAACC,3571
TAACCTTATAATACCA,3571
AAAGACCCTAATGAAA,3570
AAGACTGAAGAAACGA,3570
AGGAATGACGAGAGCA,3570
CCATCACAATACAACT,3570
CTCAACCCTAACCTAG,3570
GCTGGACAAAATCCTT,3570
GTACACGTGAAAGCAA,3570
TTAATCGGCGCCCGTC,3570
AAAACAATAGATAATG,3569
ACCAGAGATAGCTTGT,3569
AGAACATAGTGATGGT,3569
ATGAGAAACGTTTTCT,3569
CGTCAGGATACTGGAC,3569
GACTCGTCAAAAGATG,3569
GCGGGCAAACCGAAAA,3569
GTCCACAGGCCAAGAT,3569
TAATCAGGTTTACACA,3569
ACAGGGCAGGAATAAG,3568
GACCAAATATTCACAT,3568
GATGCATAACAACTTA,3568
ACCCCATATAAACGGC,3567
CAAATTATGAACGGAT,3567
CTCACCTTCTAAAAGC,3567
TCCCCTTGATAAAGCC,3567
ACTAATGAAACGGCAA,3566
AGGAGTCGCCCCAAAC,3566
CGTAAAAGACTGTACT,3566
CTCCAGGACTTATGTA,3566
GCTCGCCGGAGGATAC,3566
TCACCAAATAACCATC,3566
TGAAATTGTCTAGTCT,3566
CGAGCATGTATTGATC,3565
TGAAAGTTCCATGTAC,3565
TGGCACGCCCCTGGTA,3565
ACATCCTGTAATACAT,3564
ACCAACCAAGTAGAGT,3564
AGGGTTGTAGACATCA,3564
CACATAAACTACCATT,3564
CACTTGTGCCAGTAAA,3564
TTTTTAGCTATCCGAG,3564
AGAGAGGATACCAGAA,3563
GTGCCCTGAGTCTACC,3563
AAAATGTCTATAAATC,3562
AACTGGGTTCTTGACT,3562
ACTCAAAATTAGAATT,3562
ATAGGCGGAAACAATC,3562
GGAAAAGACTGTGATC,3562
GGCGATCCTACCTCCT,3562
AGCCTACAGGGATGTG,3561
ATTCGACCCATTGTAA,3561
ACCTTAAGACAAAATG,3560
TAAAAAGAATCACGCC,3560
ATCGTCTTCAAACCAG,3559
CAGTGGACAAAAACCG,3559
CCAATGGGAAGTACAC,3559
TACAGACATAACTTGT,3559
TGATTATCTCTATAAG,3559
ACATGAAAATAATTGA,3558
ACCCAATTGCCAGCTT,3558
CTGTAGACACCCATCC,3558
GGAGTAACGAAATCCT,3558
TCATAGCCCACAGAAA,3558
AAAAGAATATCGTTAA,3557
AACCAAACTCAAATAT,3557
ACGTACCTCGGACCTG,3557
AGAGCTAGTTTAATTT,3557
ATAAACGAAATCAAAA,3557
CGTACTCAAAGGTACC,3557
CTAGTAAAATCCAAAC,3557
CTATTCTAGAAAGTCA,3557
CTTGGATTCTTGAACG,3557
GCCTCGCCGTTGAAAA,3557
TAAGCATCCTGTCACC,3557
CTTACTATCCCTTGCC,3555
GCAAGGTTCCCTACCT,3555
GGTGAAACAAAACGCC,3555
GACAATAGTAACTAAA,3554
TTGGGCATATCAGAAA,3554
TATTAGAACTTGAACG,3553
AATCGGCGTCCGGATC,3551
ACCAGTACGCTTATAA,3551
TTAATGAAAATCTCAA,3551
TTCAAATAGGAGAGAC,3551
AGGTTTAATACAAGCA,3550
CAGAGTTAATCCGAAG,3550
GAAAGATTGCTATTTG,3550
TATCGCAAGTGCATGA,3550
TGATGATCGCTGCGCA,3550
TGTAACATTCTTTTAA,3550
AGTACTCGCGGTGGCA,3549
GATACTCATTTCTCCT,3549
TAGCCAAACTGTCAGA,3549
TGCATTTACCCTGGGT,3549
TTATATACTCTGGAAC,3549
AATAAGAGTCGGAGAC,3548
GACTCAGCGAAAAGCC,3548
GCTGTAAATTATTGCA,3548
AGACCCCACATTCCAC,3547
ATAGTCTCAAGTTTCT,3547
ATTGAGCAGAACTGTA,3547
TTCGGAAATGTTTACA,3547
AAAATGACCTAAGGAT,3546
CCCCAACTACACCTAA,3546
CGTACACAAGGCAGTA,3546
GCTAGGTTAAATACCA,3546
GTAAAGCTCCGTGATC,3546
GTCGATTAAAAATGGA,3546
TAAGTTACTACTACAA,3546
TACCAGGCAGTTCAAC,3546
ACAGAAATCTACTATG,3545
ACTGAACTTCCTCAAC,3545
CATTCATAATTCCGGC,3545
CCGTTATATTACCTAA,3545
CGGAGATTAAAAAGGA,3545
TTGCATGCTAATATCT,3545
ATCTTGGCCTAAAAAA,3544
GAGATCGAACCGTTAA,3544
TAACCTATAAATGACT,3544
ATACGGCTTGGCGGCG,3542
CGAGGAGTGCAGCCCT,3542
GCAATGAGAATCATCA,3542
GGTAGCTCTACCGTTC,3542
TTTCAATGGGAGTCAC,3542
CATCCAGTAAAAATCT,3541
CTTCTGCATATATGCG,3541
CTCGAATTCAGTCGAC,3540
GCGAACATAATACGTT,3540
TCCAGTGTAAATAAAA,3540
AAATGCGCACGTCTCC,3539
AAGGAAGCATAAACGC,3539
ACTCGCTATATCGTAA,3539
CCGCCCCACCGAAGAC,3539
GAACATTCAGATGACA,3539
GCATTTTTGGATAGCA,3539
GGCAAAGAAACCCTAT,3539
GTAATCTTGCCTCGGA,3539
TACGATAGTTAAATGG,3539
AAGAAGTACTCAAAAA,3538
CAAAACCATTCCGTTC,3538
CTTCCTCAGAGAGGAC,3538
CCCTCCATTATACGTA,3537
CTTAAGATACAGAACA,3537
GGATCTCCCAGACCTA,3537
GTTATATCACCTTCAA,3537
TTGCTAGACCCGTCCG,3537
AATCAAAATTTATAAT,3536
ACAATTGTAACCACGG,3536
CGTCATTGCCGAGGCC,3536
GGGGCTCTAAACTACG,3536
GGTCATGAGCCTAAAT,3536
AAATCCTATCCCAGGC,3535
AACATAAATCGAACCT,3535
AATGGGCCCAGACCCA,3535
ATTACGCGCACCACCA,3535
CCATCTGGTCAGTAAA,3535
TCTAAGTAGAAGATCA,3535
TCTTAACGACGAGTTG,3535
AGCAAAGCCGAAGGGA,3534
TAAACCCTTATAGCCC,3534
AAACGAATCTATCGAA,3533
AAGATTAGAAAACACA,3533
ATCCCAAACAGTAATA,3533
CACAAGTCTGGGGAGC,3533
CTATACGTAATGTAAA,3533
CTATATACTAATGAAA,3533
GATAAACTGCCAAAAA,3533
GCTCTCACGGAAGCAC,3533
TATTTAAAGGGATATA,3533
CAGTGGGCTAACTGAT,3532
AACCGATTTCTTTTAC,3531
AACTTGGTCTACGATG,3531
CAAAATGACGGGATTA,3531
GCGCTAGTAAAGAAGT,3531
ACACCTACTGACGCAC,3530
CCGACTCACCCCAGCT,3530
GAGGGTTATATGGGAA,3530
TAAGCCCTAACAAATT,3530
AGTTTAACCCAAGTGT,3529
CTAATATTATATAAAA,3529
GCAACATAAAATTTAA,3529
AGTATGACTCAAGAAA,3528
GAACCAACGGTCTGAC,3528
TTCCTGCCCTAAGATG,3528
TTCCTGTCGTGTTCAC,3528
AAATCTATAGTATATC,3527
GAGTCATACTCGGGGC,3527
GCGAGACCTTGTCCTC,3527
TTATGCTGACGCAACC,3527
CTACCTCTAATGGAAC,3526
TTAAATAATCTTAGCA,3526
AATAAAGAATTCCAAT,3525
ACATGTACACTAAACT,3525
ATTCTTCTGGCTTCCA,3525
CTTAGTCCTCATCCCA,3525
TAACCAGCAGACCAAC,3525
CCCTGACATGGGATCC,3524
GAAAAAACCAGGTCCG,3524
GACGCTGGTCCTGGTA,3524
GATTTATTAGCAAAAT,3524
TAGCGGATATCGCAAA,3524
TTTTTACTACACAGGA,3524
AGCTTAGATATCTACT,3523
AGGTTTTCTAGGACAG,3523
TTTTGCGTAGACCTAT,3523
AATGTCCATATGACAC,3522
ATATGTACTTTGTGTA,3522
ATGAGCAGACAAAAGA,3522
CAACCAAAATCAGATG,3522
CATATCTCTAGTGCCT,3522
CCGGGACGCATACTAC,3522
TGCCACCAAATTTAAG,3522
TTTCCCACTTATCCAA,3522
ACAACTATTAATTAAA,3521
ATTAATACTTGACATG,3521
CATACGAGCCCCACCG,3521
CTGAAGATTTACAAAA,3521
TGAAATCTAGAAAAGT,3521
TTGTAACACAGAACAA,3521
AAAACGTGCAATTAAA,3520
ATCTCCTATCTAAATT,3519
CTACAAAAAGCCCTTT,3519
CTCCCTAAACCTATTC,3519
TTAAGGAAGTCGCAAG,3519
CCGAAGGCAAACTCAA,3518
CTATATGCCAGAATAT,3518
GATGGTATGTAATCTA,3518
ATTCGATAAAAACCAT,3517
GAGACACATGTACCCA,3517
GCCAAAGCGTTAGCCA,3517
TGCAACATAAAATGTA,3517
AAACTTAATCAAACAA,3516
AATCATGTTGATAGAC,3516
CACAACACCTGGTTGC,3516
GCTACATGCGTAAATG,3516
TATACAGGGAGAAATA,3516
TGAGTGACACTACTTG,3516
ACTCAAGCCCTGAACA,3515
AGAGCTGACCACATCT,3515
TACTTGACGTAGATCA,3515
TATCAGCTTGTCTAAA,3515
ACATTCCAAGACCGCT,3514
AGAAATTGAATGACTA,3514
ATTCATATCACAAAAA,3514
CGTTCTCTGGAAACAT,3513
TTCCTATAAACAAAAC,3513
AATGTTATCTCCCACT,3512
AGATGTTAACACTATT,3512
AGTGAAAATCCAGCAA,3512
CACGGCACAGACAGAA,3512
CAGGGAACACTGTAAT,3512
GCTTAGTAAATCGAAA,3512
TAACGGATACATACAT,3512
AAACGTGTAAACGCGT,3511
ACATCTTGTGACTTAA,3511
CAGGCCACAAATGACA,3511
CCAATGACATTGTATT,3511
TAATTTTAATAAAACC,3511
CAGGTCTGATTCAACG,3510
CGAAAATGGTAATTGC,3510
CGGGAACTCGACCCAC,3510
TACACCAATCGTTTCT,3510
TGCGACGCAAACCAGA,3510
TGTTTATAGCCTGCAA,3510
ACGAAAAGAGTTATCC,3509
CGAACGAGCAATTCTA,3509
TGAAATATCGGCTGAG,3509
AACGAAAATCGGGCGG,3508
AAGCATCGTATTCCAG,3508
ATCTTGACAAAAAAAT,3508
CACCCACATAAGAAAA,3508
CGGCAAGGTCCATGTT,3508
TTTTATTTTGCTGTAT,3508
ACTAACGTTACACAGG,3507
AGAAATATTTAATCAA,3507
ACCTGAGACTTTGGTA,3506
TCTTATGGATACCACA,3506
CGACCATACGTGTCTC,3505
GTAGGAATAAGGTAAA,3505
ATATTTCGGATATGAT,3504
CATAGTAAATGACCTA,3504
GAGCTTAAGGTGATCT,3504
GTACAACCTGATGTTA,3504
GTTCGACCAATTCACT,3504
TCTGCTCACAGCTAAC,3504
TTAAATGAGAAGAATC,3504
AATTTATATATGGGCA,3503
CAAGAAACGCGTCACA,3503
CACTACCTAAGGCCGG,3503
TACAGCTGAACCGCAC,3503
TCTGGTCTAGGCCATA,3503
AAAGCTATTACTAAAA,3502
AGAACAGCTTGCTTTA,3502
ATCAACTATTATTAGG,3502
CCGAAGTATACACGCC,3502
GCCTGGCCATAGGAAC,3502
GAAGGCCTCATTTTCT,3501
GATGTACCCCACACAG,3501
TAGACCGGAGGACCAC,3501
TTACTGCTTATTTCAA,3501
ACACACAGCAGGCAAC,3500
ACCAGTGTCACTTTGC,3500
ACGCCAAGGAGGTAAA,3500
AGTAAACCTTTTCATG,3500
CAAAAAAAATATCTGG,3500
GGTCCGCTAGATAGCG,3500
TTAATTACAATAGCCT,3500
TTGAGCGACTCAATTA,3500
TTGCTCTTCGGCGATA,3500
CCAGAATGTCGAACAC,3498
GAAAAAAAGGAAAGGC,3498
ACAACAGAACTCAACC,3497
CGATAACAAGGCAAAC,3497
CGATGCCTCGGGTACA,3497
GACTTTGCCACCCATG,3497
TCGGAGCCGTATAACA,3497
TTCAACGCCCCTCTAG,3497
ATTACGGAACACGAAT,3496
TTAGGTTTGAGAAACA,3496
AAGGAATGAGCAGGCT,3495
ATTTCCTCCCTGCTAG,3495
GAATAAGCACGGTATG,3495
GAGACCCAAGATAATT,3495
AACCAGGCTTGACTTG,3494
AAGGAAAGGGGAATTC,3494
CATGTCACAGAAATTA,3494
CCCCTAAAGCTGCGGG,3494
GCTAACAGCCAAGGGA,3494
TATATCCGACTACAGT,3494
TCACCAAGCACCTCGA,3494
TCCAATACTCTTGTGG,3494
ATAAATATATTAACCC,3493
ATAGGCATTCATACCA,3493
CTTGCGAACTCGCATG,3493
TGACTCATAACGTTTA,3493
ATACCGCAAATCCAAC,3492
CCCAATAGAACTAACA,3492
GAAAAATCTCAAGGAC,3492
GCCAAGTACGGTATAT,3492
GTGACGTAGCGTTAGT,3492
ATAAAGACTCCCCACA,3491
CAGACAGTTGACTATT,3491
GAATTGCGTTGAGCAC,3491
TTTAGCTACACCCATT,3491
CACCAACCGATGCCAA,3490
CTAGATTACTATAAAA,3490
GCTGGGATAGTGTCAA,3490
AAAAATAAATTTAGTT,3489
AAGGCACGAACAGGCC,3489
AATCATCAACTACAAA,3489
CCTCCAGAGGATCCGG,3489
TATAGAGAACTTGTAC,3489
TTTGCGAAAAATGTAG,3489
AAATATATCGTCATAA,3488
CCATTGGCCAAGCAAT,3488
GAGGAGCCCCTATGAC,3488
GCTTCAAAGAATGTGC,3488
TACGTAACACCACGAA,3488
TCAATCCCTTTGGCTC,3488
AGGTCGCAACGATAAA,3487
GACCGAAGACCCCAGA,3487
TATGTCTCGGTTCTGT,3487
AATTAGCGTCAAAACA,3486
ACGCAATGAGGGCTTG,3486
CATAAAAACACTCTAA,3486
TACACAAACGGCCCCT,3486
GGATAAAAAACTCAAG,3485
TTACTACCCATACGTA,3485
AAACGGTGTCCACCAC,3484
AATACTCTCTGATCAT,3484
ACCAAATGGGTACTCA,3484
GTGATAGGCTAACAAA,3484
GTTTTGATACAGTGGC,3484
TTATGAAGGGAACATA,3484
ACCAAAACTAACGCTT,3483
TACTCCATTAAAAAAC,3483
TTCTGAACAAACCGAA,3483
AATTATGTAGGAATAT,3482
CAACCCCGGCACATAT,3482
CACTAGGGGTTCAATG,3482
CCTAAGAACGTAAGGA,3482
GTACAATGATGTGATT,3482
TCAACTATATTCAACA,3482
AAAATACGGCGGCAGG,3481
AAACTTTCCGAGTACC,3481
AGAGCGACGAAACTAA,3481
AGTACCTGTGACCGTA,3481
GTATATTTCTGCCAAA,3481
GTCTACAAAGGGTGAG,3481
GTGTACCCATTGAAAT,3481
TAAGGGCGGCCCTGAC,3481
TTAAAACTACAATAAA,3481
TTAATCGTCATCTTTA,3481
AAAGGATCTCAAGCAC,3480
AGAAACTTTAATAGAC,3480
CAGGATGCGTACATCC,3480
TTACTTAAATAAATGT,3480
AAACCCATAACCGTGG,3479
AGAAGAAGAAACCTTA,3479
CAATGTGTAAAGTTCA,3479
GTCGTAGTAATGCGAG,3479
TCGTAAAAGCGGTCCC,3479
CTGCCTTATTGCGGTT,3478
GCACACCCTAGGAACT,3478
GTCTCCAGACAAAAGT,3478
TCAACTCTTGCCAAAT,3478
TAATGACCAAACATCA,3477
AAACATAAAGAAGCCC,3476
AATCCTAATACTTTTT,3476
ACGCCGGAAGAGAAGA,3476
ACTAACTAATTCGCCA,3476
CACGAACATAAAAACA,3476
GCCATACTAAACCGGA,3476
TGAGATAAGTTGACTG,3476
ACTTAGAAAATACCAC,3475
AGTTGGCCCACTCGTG,3475
CTAGACCAATTAATCT,3475
GAACTACCAATATTAT,3475
GTGTCACAGCCGTTTC,3475
GTTATTGCTTTTCACC,3475
CAGAGTTATGTCCCAG,3474
CCTACAAAACGTTGGA,3474
AAATTAAAATACCCAA,3473
CAAAACAGCACAACCC,3473
CAAATTTACCTCTACA,3473
GCGGCTGTGCAACCGG,3473
GTACCGGACAACCTAA,3473
TCACACATGAATATTT,3473
ATAAGCACAAAACCCT,3472
CGAAAATCTCGAATAA,3472
GGCCGAGTTCCGTAGA,3472
TGTCCTTGGAAGCTCT,3472
AAACAAAACCAATATC,3471
ATTGGATGATAGGAGT,3471
CGGGGGTTAGCTCGTT,3471
CTAAAAGGATGAAATG,3471
CTAAACCACAAAACAC,3471
TTTAACCAGGCTACTG,3471
TCCAGCGCACTTGTGA,3470
TGCGATATGACCGAAC,3470
TTATGATAATAAGTCA,3470
AACCCACATTTTATGA,3469
ATCCTAGGCTATCTAA,3469
TCCACCGTACATTCAC,3469
TCGCTAATTAATATTT,3469
TCTTCAAAGGTTTTAA,3469
TGCAGAGACAGTGAAC,3469
TTGAGCAGTAACAGAA,3469
ATAAGAACTCTAGGGA,3468
TTAGAATGTTATAGAA,3468
ATGTTGAAAATAATCG,3467
TATGTTGAGCTTCGTT,3467
GGCATATACAAGCAAC,3466
TAGCTCTTACAAAAGT,3466
AGAAGTGGCGTACGGA,3465
AGTCAATCCCAAACCA,3465
ATAATCCACACTAAAC,3465
ATGACACGAGCTTGTC,3465
TCACGTATATTATCAG,3465
ATGGTTTGAACACCTG,3464
GAAACAGAGCTAATGT,3464
GAAGGTTGAGAAAGAT,3464
TTCATTTATACCGCCT,3464
AGAACTGAATGCACCA,3463
GCGTGGTACAATTCCA,3463
AAAGCAAGCTCCCGTA,3462
AGAGATTGTAGCGACG,3462
AAGCAAACCTAAACCC,3461
CAATTAGAAAGCCTTA,3461
CATAATCATCAGATAA,3461
CTTAACTCATAGCTCC,3461
GTGATGTGCATACCGG,3461
ACTACTGAGCAACAAC,3460
TTAAACAAATCAACCT,3460
AATATTTACAAATGCT,3459
GCTAGCTCAGTAGTTT,3459
TTGGTTTCAGTACAAA,3459
ACTTGGCCGCATATCA,3458
AGCTGGTAATAAGCGT,3458
CAAACCAGAATAATAA,3458
CGTCACACTAAGCTCT,3458
CTCAACCGGGACCAAA,3458
GCATACGTTAAGGATA,3458
TCTAATATTCACAAAA,3458
TGTGGAGTAAGTCCAG,3458
AAAAATAAATCTAAGA,3457
GGCGTCAAGACTTTGG,3457
TAGCAATTTCGTAGTC,3457
TATGGACATGTAGCAA,3457
AATAGCGCGGAGCGCA,3456
ATTTCAGTAATTACGG,3456
CTTTCACGAAGTTCCA,3456
TAACAAGGATAAGACA,3456
TAGAGACCTAAAAAAA,3456
TTGAATTTAGGAGTTA,3456
ACTGGACAAATAAGTG,3455
ATTCCATTCAATAAAC,3455
CTACAGACCCATTAAT,3455
TGAATCTTCTAAATCA,3455
AACAAACCAATAGCGA,3454
AGGCATTAACGAGTAC,3454
GTTAACAGGTCACATT,3454
AACCGGATGTATCCCA,3453
AAGTACCGAATTAAAA,3453
ATGCGCGCTATAAACG,3453
CATCTGTATATGATCT,3453
CATTTTTACTCCAGAC,3453
TAAACAGTTGTAACTT,3453
AGTAACTCACATAATA,3452
AAGCCGAAGCACAGAT,3451
ACAATTGCATGTTTGA,3451
AGAAATAGAACTCAAG,3451
AGGTTCCTCTTAAACA,3451
TAAACTAGAAGTATAA,3451
ATAATTGATAACCGCA,3450
ATAGAGATTGCGAAGA,3450
ATATCTAAAAAACAGA,3450
CAGAAACCCTAGGCTA,3450
GATTAATGCAATTTGA,3450
GCTTGAAAGAATGTCC,3450
TGCGTTAACCATACTA,3450
AAATCCCTGATAGAGC,3449
AGATACCGACGAGACC,3449
AGGGGGCATGACTAAC,3449
AGGTTCTATGCTCTGT,3449
ATAGTCCCCTTGTCAA,3449
CTCTACTCTCCTCCAA,3449
GTACCTTTGTTGAAAG,3449
TTTACGTCCATCTCAG,3449
ACGAAGGCCCTATGCA,3448
GATTCTGATAATAGCA,3448
CGAGCGAACATAGTCC,3447
TATTTCGGGTCATCAA,3447
TCGAGCCCCATACGAA,3447
CAGAAAAGATACACGG,3446
TTGAGCGCAATTCTAT,3446
CAAGTACGCCACCACT,3445
CCAAAAGCAGTAAACA,3445
GAAATGCATCACCCCA,3445
GCCTTCACAACTAGAT,3445
TAACCATCGAGACTAG,3445
TGTTCTGTATGTAAGT,3445
TTATGACGTCGGATTA,3445
ATATAACAAAAATTGG,3444
GACAACATGTTAAGGT,3444
GCTACCAAACCAAAAA,3444
GTTTAAGGTCCCCAAT,3444
ACCAGCTAAATTAGAT,3443
GATCCTTGTGATCGAA,3443
TCAAATCAAGTTCTAT,3443
TTACATTTAATTAGTT,3443
TTGGCTGTAACTGCAT,3443
ACACCTACCTGAACAT,3442
GATCACTAAATAATCG,3442
GTAAAAAATAAGGATA,3442
TACAACGGCATGGATG,3442
TTAGTGATGCTACCTA,3442
ATTGTATCACTATCCC,3441
CCCATGGGTCCGCACC,3441
CCCTGCCTTTACACGC,3441
CTAAACCATCCCCGCC,3441
ATCTACAACTGTGGAA,3440
CGAGACTTACATGAGA,3440
GTCTATCATCTAAACA,3440
TCGACGCACCACTTAA,3440
ATCAGCATAGTGAATT,3439
GCGGTTGGAAATGTCA,3439
GGCGGTTAAAAAAGAC,3439
TCTTGCCACCAGACAC,3439
CCCATGGAACGAAACA,3438
CTGAATACTTATTGCC,3438
GAACTATTCCTGAATA,3438
AGGATGCAAGGGCTTA,3437
ATTATACCACCACACT,3437
GGGAGCCTTAAGAGCA,3437
GTCAGCGCCCTCTCAA,3437
TTGTCACCAAGGGATA,3437
AAAAGACATTCACAAA,3436
ACACCCGAGCATAATT,3436
ATTGTTTACCACAAAA,3436
AAGGTGCTTAAGCCTG,3435
GATCAACCTACTGGGG,3435
TAATGAAAAAATGAGG,3435
TACTTACGACAGGGGT,3435
TGTACTTGCAGAATCG,3435
TTTTATTGGCCGCAAG,3435
ACTTAACCAGTGTCTT,3434
CAATAATAACAACTCA,3434
ACATGTGAAATTAGAC,3433
AGTCAAACGCTCATTC,3433
CTAGCTAAATACAATA,3432
GATAACGCCCTTTATC,3432
TAACCAAAGAGTGCCC,3432
TACACCCGCGTTGCTC,3432
ATACAGGGGCTCGCCT,3431
CAATTCATTCACTTTA,3431
CCTAAAAGATAGGCAG,3431
CGAAAAGCGCCGTGAT,3431
CGTTACCAGACACGCA,3431
TACTGCTAGAAAGAAA,3431
TATCCAAGAAAGAAAT,3431
TCAAGGTATAGTCTTA,3431
TCGGAAATAGCCCAGT,3431
TTAAACCATAATTCTG,3431
AACATCCATATCCCAT,3430
CTTCTCGTCAATACTT,3430
GCTATTTCCACACGGG,3430
TGAGGCTACCATGGTA,3430
ATACACGCCATTCTAC,3429
ATATACGGTACTCATT,3429
AACATACATTCCACAG,3428
ATTGATAAGGTCGAAT,3428
CACGATAGTTTTAGGC,3428
GGAACATTTGTAGGAC,3428
AATGTATGGGCCTTCC,3427
ACCAACCTCAGGAAGT,3427
CCGATCCGAGCTCAAA,3427
GGTGTCCTCACGCGCA,3427
TCACAAACTTCGCATG,3426
TTCAATAGAACTCCCC,3426
TTGACACCGTCCATCC,3426
ATAGAAACGTACGAAT,3425
GACCCTAATTACGGGA,3425
GCCGATTTGGCACCCT,3425
TAGACATCTTATGTAA,3425
TATATCATAACTGTAA,3425
CGAGATCCGGATGACC,3423
CGATTATGAAAACAGA,3423
GATATGAACCAATGCC,3423
ACATTGCTGGCTAAGA,3422
GTCTACAAAATTTTAA,3422
TCCCGAATGATGCTCA,3422
TTCTGTGCTATTATTA,3422
AACACAGCATATATCA,3421
AGAATGTCAAAACGAA,3421
GTTCCAGTGTTGACGA,3421
TTCAACGGCATGTGGC,3421
ACTATACTACAGCAGT,3420
ATCACCAAACCCAACC,3420
ATTCCAAATAGATTAA,3420
CTTCTCGAGAACAAAA,3420
TATTGTGTAACATTGG,3420
CCAATATCCTATAATG,3419
TAAAAAAGCGATTAAG,3419
ATTTGGAGGTCGCAAA,3418
CAACACACACAGTACC,3418
CAGTCTAAGCTGCTCT,3418
GCCCTACTCTAAAGAT,3418
TATACAGACAAACGGC,3418
TGGCACACCGTTCTGA,3418
TGTGCTCTCAAAAGTT,3418
AATGGCCATAAGTGTG,3417
CACAGGAAACAACAAC,3417
CGAAATATAGCCAGCA,3417
CTAGCATACATGACGC,3417
TCCTTGGGTCCACTAG,3417
TCGTAGCTTAAACTAA,3417
CGACCAAAGTGCAAAC,3416
ACCCTCGAGTGCGTTG,3415
TGGAGACAATAAACGC,3415
CAGCCATGTAATTCAC,3414
GCATGGTACCCCAAAC,3414
TAAAACAAAGAGCTAG,3414
TTACGAATCTCACCCA,3413
ACAACCTTCAGAACAG,3412
ACAATAACAGTTCCTA,3412
GATTCTTGCCCCATCC,3412
TCTCTGAAGAATACCT,3412
AAACATCTCGGACTTG,3411
AACCACGACAATATAC,3411
ACAGCCCCCTTAACCG,3411
ATATGCAATAGGACAA,3411
ATGAGACCATAAATTA,3411
CGAAAGAACGAGACTT,3411
GATATTTTATATAGGA,3411
TATACATATCAGGAGC,3411
ACAATTTTACAAGCAG,3410
AGACCATTTCACTGTC,3410
ATAATAAAGGTATGAG,3410
ATCTGACCTTCGGCTG,3410
GTACGTTGCTTACGTG,3410
GTGCGACCAACAGCAC,3410
CATTCGAAACACAACA,3409
TAAGTGTGACAAGACG,3409
ACGGCTAAAGTGTTAG,3408
ATGAGCACCCGTTGCT,3408
ATTTCAATTAGAGTAT,3408
CATTATTAACTATAAT,3408
GTGAATGACGTGTGGA,3408
CGACCGTTCAGAAGAA,3407
CGCGTCACGTGACACA,3407
CATCACCTTTATTGAG,3406
CGCTCAACTGGATATC,3405
CTCTATCGCCACGAAC,3405
GCGAAGTTCTAAAAGG,3405
AAAATCTTTCCTCAAA,3404
CGACTGCCAATTAGGA,3404
TAGGAGTATGCTTTCC,3404
TAGTCTTTTGCGAGGG,3404
TAAAAAATGACTCGAG,3403
TCATAATAAGTACGAA,3403
AACAAATTAGTAACTA,3402
GAGGAAGGCCCGAAGC,3402
AAACTGTCATATATAC,3401
AATTCTTCGTGCAATG,3401
CCACCATCATCTCCCA,3401
GTGGATCTACACATAA,3401
TAGAAAACCGCACGAT,3401
TAGATACCAGCTTAAG,3401
TATGCGGTAATGGCCT,3401
TTAATTTGCCACTACA,3401
AAAACATATGGTCAAA,3400
CAAATGTATAAGACCA,3400
TAGAACCTTGTGATAT,3400
TGTAAAGAGCCATACA,3400
TTTGTAACCAAAAAAA,3400
ACGATTGGCTACCGCG,3399
ACTTGATTGAAGTGAG,3399
CAACCAACACCGAGAT,3399
TAAAACCTGACCTGAT,3399
AATCTCAGACATAATT,3398
ACTCCTAATGTGCTAG,3398
ATCCCTGGTTATACCT,3398
GTAACTAAAAGCCAAA,3398
ACTGGTGATATGGAAA,3397
CAAGCCCGATACAATT,3397
GATTCTGACACATACA,3397
AAAATACCAGGCATAT,3396
AAGTACTGGAGCTAAC,3396
ACGGGATATGACGAAA,3396
ATTACCCATAATAGCC,3396
ATTTTTTAATGACTAT,3396
CTCACAGGGTACTTTA,3396
GACTGAGATGTAAAAC,3396
GTGAATAGCATGCAGA,3396
TTACACATCGTTGGAT,3396
AAGTTAATTTGTACTA,3395
CGAATCTATAAGGAAC,3395
CGCCTAAGGCGTAATT,3395
TAACTAACCCCGATCT,3395
TACATGGATCAAAACT,3395
CAGTCTAATGGCTCAG,3394
CTCGACGCGCTTTTGA,3394
GCGAGGTACGTTATCT,3394
GGTATCTATGCGTTTT,3394
TATTTAGCTGAACCCC,3394
GGATTTTTATTGCGGT,3393
TACCATTCATATATGG,3393
TACTACACACAGTGAG,3393
TCCAGAAGGGGAGAGA,3393
TTAAGCGTTCCGTAAA,3393
AGACCCGAGACATATG,3392
AGGGCGTCAAACTGGG,3392
AGTATAACGTTGTACT,3392
CTCGTGGACCTAACAT,3392
TATGATCCAAGCCGGA,3392
ACCCCCTATAATATCC,3391
CAAAATCATGTGCTGG,3391
CACAGTCACCTTTTCA,3391
CTGCTACCGCGTGTTT,3391
GGATATACGTCCTGCA,3391
TAGAGTATGGCATTGT,3390
TAGCCAACCGATTGTC,3390
ATGTTGTTGGGTGTTC,3389
ATTGTTGCGACCTCGT,3389
CACACAAAGTCAGTTA,3389
CCCCGAGCATCATGGG,3389
CCCCTAACCAACCGAT,3389
TGACCTAACACTACTC,3389
ACCAAAAAAACCATCC,3388
TCGATCCCAGAACCTA,3388
TTTATGCTGATAGTAC,3388
AACAAAAAGTGTTACA,3387
ACATGCAACATAAACA,3387
CACTCTTTGTATATTC,3387
CTCCGGAACGTGATTC,3387
GCAAGCCCAATCTCCC,3387
GTCACACTTTTTTAAC,3387
GTTACTATGTATCAAA,3387
AACGTAAAATGAAAGA,3386
AAGAGAAGCGAAATAC,3386
ATGATTGTATAGTGCA,3386
CGCTTGTGCCGAAGCA,3386
GAGCTCTGTCAAACAT,3386
GCTCAAGATATAGAAA,3386
GGATAGGTATTCGATG,3386
TTAAAGTCCCCCATTC,3386
TTGTGCATGAAATTAC,3386
CATCACAGTTAGTAAT,3385
ACACGCGCATTGACCA,3384
ATCTATTAATATTCCT,3384
GAACCCAGGTTATTTA,3384
TAGTATCTGCTGGGAA,3384
TATGTCGCTTCATAAT,3384
TCTTGGTAGACAAACA,3384
ACAAAAAAGCCTAAGA,3383
GAAACTTGATAAGCCA,3383
ACAGCAGTCTATCTAA,3382
ACTTCGCCGGTACCCA,3382
TTGCAACAGGCACATA,3382
ACTGGACACGAGTTAA,3381
GAACTCCATAATAGAA,3381
TAAGTGGCTATAAATT,3381
TATCAAAATTGGGCAG,3381
AACCATGCAGGTGTAA,3380
ACTACTTACTATCTGT,3380
AGGCCACTAACGTTAC,3380
ATACCGATTTTTGAGC,3380
CCAGCAAGTATGGGGA,3380
CGTTCGGGCTATACAA,3380
ATATAGATAAACCAAG,3379
ATCGATACTAAACGTA,3379
CTCAACTAACGAAGAT,3379
GAGGCCCAAGAAAAAA,3379
GGACGCGAGCCGCAAA,3379
GGGATGCTCATCTGTT,3379
AAGCCTTAAGCACCTC,3378
CAAGCCTATCGCGCAT,3378
CGATTCGCAGCCCGCA,3378
TACATAGACTACATGC,3378
TAGCGAATCGACATAC,3378
AAAAACTTGAATATAA,3377
ACTTAAAGTAACATTA,3377
ATTTCAATTTAATGAC,3377
CAAACAGTGAGGGTGA,3377
TGCTAACCCCAAACTA,3377
AATTTCTACGTCCATG,3376
GCTGCGGAACTTTTGC,3376
AATAAGGGATCTCATC,3375
AGTAGTTGTAATAATA,3375
CCTAGGCGCTAATGTC,3375
CTCCGACTAAACGTTT,3375
GAAGAGAAGTTCGACA,3375
GATAAGTCCCAGCCTT,3375
TAGTTCCATCAATACA,3375
TATGCACCAATGTGCT,3375
TGCTCCTAAGCACCAC,3375
TTCTTACAAGACAAAT,3375
AAATCCACGTTTACGT,3374
AAGCATACCTAAACCA,3374
ACGAATTTATGACAGA,3374
GCGCTGAAAATCGTCT,3374
GCGGAGCCAAATACCA,3374
TGATTTAGAAAGGATA,3374
ACTCCGTGAAACAACT,3373
GCTCCCCAAACCACTT,3373
GGTAGATAACAGTACA,3373
GTCATAACACGACATA,3373
AACATATACTTCGGAA,3372
AATTCTCTAAATCCAG,3372
ACACTAAGTCACATTA,3372
AGTTCTCCGAAAATTG,3372
ATTATACCAAATATTG,3372
GCCTAATCCGTACGAA,3372
GGGAATCAGCCCTTTG,3372
GGGATAGTACACCAAA,3372
TGGTAATATGCGCTAA,3372
AACAAGAGTACAAATT,3371
AATGGAAACACAATCG,3371
ACCCAAAATAAAAACA,3371
ACCGTCTTAATCAGTA,3371
ATAAACCCCGTGAGAT,3371
ATATACTTAAATTAAC,3371
GTCCCTATAGACTGGC,3371
TAAAAAACCGCTCAAG,3371
TCGAGATAATCGACAG,3371
TTAGACAGGAGTGATA,3371
AAGGAGACCACGGCTG,3370
ACCGGGATTCACCCAC,3370
AGCGGACACGCAAGCC,3370
AGTCCAGGAATCTCTC,3370
GCACAAACCATCATAA,3370
GCGTGGAAATGATAAT,3370
TAGGGGCAATGTTCCA,3370
AATACGGATCTTCTGA,3369
ACACAGATAATCAATC,3369
ACTTGCTCCATAGAGA,3369
ATCGTACACGATAAAT,3369
ACAGAATTGTAGATGC,3368
ATACGTTATGATAACA,3368
CATAGTTAACTTAGAT,3368
GGACTTCTGGCGAAGG,3368
TCTATTATCTAACTCC,3368
ATACGTTAAGTCGTAG,3367
ATAGCTCATTATATAA,3367
GCAGCCGATAGCTCGG,3367
GGATAAGCGGCGCCTC,3367
AACTTGGTACAAATAT,3366
CAAGCAGCAGGATGAC,3366
GGTCGCGTTAAATGCT,3366
TTTATGAATGCTCGTA,3366
AACGCTATCCCCAGAG,3365
TAGAACATAAACGCCA,3365
AAACATCCCCCCTTGA,3364
CGAAGCACAGAAGCAT,3364
GATACCTTGCCCAGGG,3364
AAAGAAGCAAGTTATC,3363
AAAGTAAAGAAGGCTA,3363
ACAGGCCAGCACATGT,3363
AGTGTACCTGTAACAG,3362
GAAAGACCAAGGTACC,3362
GGAGCATAGTCCAAGT,3362
TTGTCAAGCCGTCGCC,3362
ACGTAAGCAACAATCA,3361
AGATGAAGTAATCCGA,3361
CAATAGACCACATCTT,3361
CGCGAGACCTTGAACA,3360
CGCTGGCGCGGGAGAC,3360
GACCCGCACATGTGTA,3360
GGACAGTACCCCATAT,3360
CAGAGTATGGTAGTTA,3359
CGGGCATACTATGCTC,3359
TGACAAAGAAAAAATA,3359
TGTAAGGTAGCATACA,3359
TTTTAACGAGTCTTAT,3359
AAAGAATTAAACTAAC,3358
AATATCCCATGTATAA,3358
AGAGCTTGACCAAGGC,3358
ACTCTAATTTGAAACA,3356
TGAGTTGTTAATTACA,3356
TTAGACCAAAAAAATG,3356
TTTCAGCCCTAAACCA,3356
CAGTTAACTAATCAAA,3355
CCAATTGGGACGCAAA,3355
AATCGCTAAGTTTTAG,3354
ATGGTCGTTCCCTATG,3354
CTTAACACCTGAATCT,3354
GAATTTCCAAAGTTCT,3354
AACTGCACTGAGTATT,3353
AGATCTTTGACATCAA,3353
ATGAAACGTCCGTGTT,3353
TACAAACTTGAAGATC,3353
CGAACCAAATAGGTCC,3352
ACAAACAAAGAGAAAA,3351
AGACATCCTCCTCAGA,3351
CAATTATTCACCATGC,3351
CGACATTGCATTAACC,3351
GTTCCGTGGTAGCATC,3351
TACCAAAGCAATCATG,3351
CAAACGAAAGGCATAT,3350
CGGAGCTACTATACCA,3350
CTTGAGTGTCACGCCT,3350
GGATAGGCTGTAACAT,3350
TTGGTAAGCCCGTGTA,3350
TTTGATATCAAGGCTA,3350
AACTAAATGAGTAGCT,3349
ACCAGTAGTCGCTACA,3349
CACCTCAAAAGCTAGA,3349
CCTATCACCAAATCGA,3349
GCAACGAACTTAAAGC,3349
GAAGCGTTCATACCAG,3348
GCCGGACAGATAACCC,3348
TCTCATCCACCTGGGA,3348
ACTTCGATCTCTGAGA,3347
CTAATATTAACAGGTA,3347
CTCATCATCTCACGCC,3347
GGGAAGGACACACCAT,3347
TACGCAGAATAACTTT,3347
CTATCATGCGTTCTAA,3346
TACCGCCTACTGCCTA,3346
TGAATCGAGAGAATAC,3346
AACTTGTAAAAGACAC,3345
AATATACCCAACTCTA,3345
ATAACGAAAGCTAGAC,3345
ATACACACCATCTTGT,3345
ATGCAAAGAAAAAACA,3345
CCTTATATATGTAACG,3345
GATTTTTCTGTACCCA,3345
TCAACCTTGACACCAG,3345
AATAAAATTGATGGGG,3344
AGCGTCATTATGCAAT,3344
ATGATAGATAGTATTC,3344
CAGATGATATGTGCAT,3344
GACAATACTAAGAGAG,3344
GTAAATATCTGAGACT,3344
TATAAACAGCTTACAT,3344
AGAAAGATAGCATCAC,3343
CCATGCTTTTAAATAG,3343
CGATTAAGGCGTCAGA,3343
GAAACGAGCAACACAG,3343
GACGAAATCATTCAAT,3343
AGAGGAATCTGTTTAG,3342
GAAAACATATACCAGA,3342
TAGAGGAAGACACAAG,3342
AATCTATATTTCTACA,3341
GATTTTAATGACTCGG,3341
GTACCTAAGTTATTAG,3341
AAGAAATCAACTTGGA,3340
CATCGCTGAAGACCGG,3340
CCTGTCACAAAAAGAT,3340
GAAAACTCATAGAATT,3340
TTCGATCATAAAGAAA,3340
ATCCGTGTTATTGGCG,3339
CAACGGTAACGAACCT,3339
CTTCACATCAACCAAG,3339
GGAAGGAAAACGAGTT,3339
GGCCACCAGAAGCTTA,3339
ACCAACGTCATCTTAA,3338
AGATCAAGGTCAAACG,3338
CATCACTCCGCGACTA,3338
CCGAATGTGTCGAAAC,3338
CGCCCGTCACACGCAC,3338
TCATCTATAAGACGGT,3338
CCATGTCAAAATTTAT,3337
GCTGATCCCCAGAATC,3337
GTATTATACAACTGTC,3337
CGCTACTAAAACCCTA,3336
GACGCACATCATTAAA,3336
GAGGAAAATCCATAAA,3336
TAAAAAATATTAAGAC,3335
AAAGTTAGCACTTCAA,3334
ACTTACCTGAACTTAA,3334
AGTTAACTAATTTACA,3334
CAAAGAATTTAGTAGT,3334
AGTTTTTTAGATAAAT,3333
CCACAAACCCACGTAC,3333
CCACTAGCTAGAACAA,3333
CCAGTGAATAGAGTTT,3333
GGCGAGTCCTTGCCAC,3333
TACTATCCCGCTGGAG,3333
TGACTGAACTTCACCT,3333
AAAAACAGATATCCAT,3332
GAATGTAATGATAAAA,3332
AAGAACGAGAATAGTA,3331
AAGGCTACGACGGATA,3331
CATATACGCTACACCT,3331
CGACCTGAGACGCACG,3331
CTCGACTTACTCCGAT,3331
CTGGAGTTAAATGCCA,3331
GCCTCCTAAAAGCCGG,3331
GTAACCTAATCACGGC,3331
AGCCAGGCCAATTGCT,3330
CTGCCATGGTGGAAAA,3330
GCATCAGAAATCATAA,3330
GTAACGAGGGACCAAC,3330
TAACATTGAATAGCAG,3330
TACGTCAGGAGACCTT,3330
TGAACACAAATATGCG,3330
AAGCTGTAATAACCTC,3329
AGAAAAGGCAATACAC,3329
AGCATCTAAATGCCAA,3329
GAAAGAAAAGCACGAG,3329
GACTATCAATTATCAT,3329
GTATACCAATAACAAG,3329
TATCACAACGAGCTTA,3329
ACGTACCTCTTATATA,3328
ATCGACCAGACTAAGA,3328
ATTGCAGAATACCAGT,3328
CCAAGGGCGATAATGA,3328
GAGAACAGCGAGTCCA,3328
GGTATTCCAATGAAAC,3328
AACCTTCGATTTTCCA,3327
AGAATGCATTCACAAG,3327
ATGAACAAAAGTGATT,3327
GGCCAAGCGCCGCTAT,3327
GTCGGAATTGATCGGA,3327
TATAACGAAATCCGGT,3327
TGAAAAGACACGGGTA,3327
AAAGGTTTTTAGGACC,3326
ACTGGACATCATATTG,3326
ATAACGTCTAAAACAC,3326
CCATTCTACGCGTATA,3326
GACCACAACGTTCTTA,3326
TAAAATAGATTAGCCG,3326
AAAGCATAGTCTATGC,3325
AGACAAATCAAAATTA,3325
CGATAGTGAAGAAATC,3325
TCAGGACTTAGACACT,3325
TTACGGGATATGCACG,3325
ACAGATGCTAACGTTC,3324
CTGGCATATGGCCAGG,3324
GTGAGCTGCGCTATAT,3324
TATATTTGGCACTATC,3324
AAACCGAAAGTAATAA,3323
AAGGAATCGACATAAG,3323
AATGAAGGTAAAAATT,3323
AGCGACGTCCCAGACA,3323
CATCGAGTTAACTCAA,3323
GGCCCTTGGAAGGATT,3323
GTTGACCAAGTGAGTT,3323
AAGATACGGTTTCCAA,3322
AGCAGAAGAGCAGCAA,3322
ATATAGCAAAATACCA,3322
ATGAAAATATTTGTCT,3322
CTGCCCAGAATATGCC,3322
GCTCAAGGGACAGAGC,3322
TAGAGCGTACTATAAC,3322
AAAATCGAAAGGATCA,3321
CGTCAGAAGAATGGAA,3321
TAATATCAATATATTT,3321
TATACAAAACACCTTA,3321
TATCGATTATGGGGGG,3321
AGAATCTGGAAAAGGG,3320
ATCAACAATCTTCAAC,3320
CTCCAAATGGCAAGAA,3320
TCTAGAGGTCTTCAGA,3320
CAAAGCTTGACAGCTG,3319
CATTGAAATAAGCGGG,3319
CTATATATCAGGGTTT,3319
GTTACTCAGAAGTAGC,3319
GTTGAAAACAAAAGAC,3319
TAACTTTTCGAAGGTA,3319
TTGGTCACAATGCCTA,3319
ATGACCGGGACAAGTC,3318
CACTCAAGGGATCCCG,3318
CATGCCAATCCCGCAC,3318
TATGCAATTAACGATG,3318
AACATCCCCTGGTGTT,3317
ATCAATACAATATAAA,3317
CCTCCGGATAAGAAAT,3317
GAGGCCGAAGAAACAG,3317
GTTGGCTATAATGCCT,3317
TAACCACTCGTCCACG,3317
TACAATCAGATCTAGT,3317
TTGCAGACTTCTCAAT,3317
AGTTTCGCAGAATCAA,3316
ATATATCTCAAGGCCA,3316
CAATTGTAAAAGAAAT,3316
CTTGATGGACAGACTA,3316
AATCCAGTAAAAAAAC,3315
ATGTTGCTCAGCAACT,3315
TTAGAATCAGAAGACA,3315
AAAACATAACGATATA,3314
ATTCTATTTAACACGC,3314
TAATTGCCTTGGGACC,3314
CATATTCCACCATAAA,3313
CTCTTAGCTTTAGAAA,3313
CTTATAATGGCATGTA,3313
GAAACGCAGACAGAAT,3313
TGGAGACTCGCTTAAA,3313
TGGTCCGGATTGAAGA,3313
TGTAGTCTCTAGCAAC,3313
TTTACGCCATAAATTT,3313
TTTACGTCAAACGACG,3313
AAAGGACTAAACATAT,3312
CCCATGCTCTACAAAC,3312
TACGCGGTTAATGCGC,3312
TCTCAGGTACATTTTA,3312
AAAACTACTAAAAAAA,3311
AAACAACAAAATTAAG,3311
CTATTGGTTTTAGAAG,3311
GAATCCTGTACCATGT,3311
GTAGATTAAACTCGAT,3311
TAAATGTATCCCCATA,3311
AAAATATTCCTATGTT,3310
AATGATTCATATCGTG,3310
GCCAGTAATGCATCGG,3310
TTTAACTACAGCTTGA,3310
ACTACGGGCTTAGGTA,3309
AGTCTATTAAGATACC,3309
ATTGAACATAAAGCTG,3309
CAAATACTCTGCAAAA,3309
CCATAATAAGTTAATA,3309
CGTTTATCGGATGAGG,3309
AACGGGACTGAGCCAC,3308
CGCATAATTTTGGCCA,3308
GAACCATACCAACCAT,3308
GTATGGACATACTAAA,3308
TACAGATGGTAGATAC,3308
TCAGAACATCGCCATG,3308
TGCGGTACTTAACGTT,3308
AACATAGAAAATAAAC,3307
AAGATACCTCACATCC,3307
CCCTCTGTTGTACAGA,3307
GTTAAAGTATATCAAA,3307
CCCCGACAAAACGGCA,3306
TATCCCGTTATAACAT,3306
CAATGAGAGATTAACA,3305
CCGCCAGTCACCTACC,3305
CTATCAATTCAAACTT,3305
CTTCTATAACGCCTAT,3305
GCATACCACTTATTGG,3305
TACGAAACCCAGTTGA,3305
TTCTAAAACCGGATGA,3305
AAATGTTCGTAATACA,3304
CAATCGATTTAAACTA,3304
CGTCCTCAAAAAAACA,3304
CTGGACTTTCTAAAGG,3304
CTTTTTTAATATAAAA,3304
GGCTGCTCGTGACGCT,3304
TACCAACCGATCTACA,3304
ACACGGTTCATCTAAC,3303
CAACAATAAGCAGGCC,3303
CGCATACTTATGGCAT,3303
GGTTCAATGTCGACCT,3303
TCTACCAAGAAGATTC,3303
AAATACTCTAGAACCT,3302
AATGCTAGGATCGCAG,3302
ACTGATAATATCGCCA,3302
AGTTCCTTAAAGCTAA,3302
ATTTTCAATTCCAATA,3302
CCACATGACCGTACAT,3302
TACCATATAATATTAA,3302
TGATATTATGAGGTAA,3302
AACACCGTAGATACTC,3301
CAAAAAATTTCAGTAA,3301
CTCGCGAAAAACTCTA,3301
GCCTTAGAAAAGCTCT,3301
TGGAATGTTTAAACAA,3301
AACTAGAGAGATTTGC,3300
AATCGCCAATTGGAGG,3300
AGGCATACCCAAGTGT,3300
AGGGACGGCTAAAAAA,3300
CAACTTCCGTAACTTG,3300
CAGCGGATCCCTTTGC,3300
CGTGAATAAAAACCCT,3300
GGACTAAATTGTTTCA,3300
GTACCGATATGCTAAA,3300
TACAACGATGGATCAA,3300
TATGTATAAGGCCACC,3300
TCCGGATTTCAATCAT,3300
AAAGACCCAAACAATG,3299
AACATTCATTCGATAC,3299
AGGCTCACATCTTCAT,3299
CAACACAGCTACAAAC,3299
GGAACTTAGCAACTGA,3299
TAGATTCACGCAAGAT,3299
TTACATTCATACCGCG,3299
ACGCCTAGTCCTATAG,3298
ATTATGTTCTTCTTGT,3298
GCTGCAACATAAGTTA,3298
TGTAAGACAGTTAAGG,3298
CAACACACATAACCGC,3297
CCGCAGTCGACCGTTA,3297
CGGTTCAAGAATAGCT,3297
TAGCACATGGGTTTAT,3297
TATGATACCGGTACTC,3297
AATGAACACTCGACTT,3296
ATGCTGCCCAGCCACA,3296
TAAAACTACCCCGTAA,3296
TAAGATACAGATTCGC,3296
AATCCGTCCCATGAAA,3295
ACCTACCACATAAAGA,3295
AGGAAAAAACACCCAT,3295
ATACAGGAGCAACCAT,3295
CTGACTAATTAACCTT,3295
AACCAATGGGAAATCG,3294
ACATAGCAAGAGGCCA,3294
GCTTCTAAAACTTATT,3294
TAAAGCCCGAGTCTAA,3294
GTAAAATCGGAGCGGT,3293
TCATGCATATAGGCAC,3293
TGAACTTCGATAATTC,3293
TTCCAACTAAGATTAG,3293
AACCACTAGGCATGTC,3292
ATGGTATAACGAATAT,3292
CAATGTATTAAGTCAA,3292
CATAGTAGAAATGGGC,3292
AATCGGCACAACTAGA,3291
ACATTCGCAATCTTCT,3291
AGTACCTCGCACCGAA,3291
ATAAAAATCTGATCTA,3291
CAAAAGATCGATGTAG,3291
CTTAAACAAAAAAGCA,3291
CTTGCGACTGATCCTA,3291
GACTCGCACAGTATGC,3291
GAGAGCCAATAGCTAA,3291
AAATACAATAAACCTA,3290
ACAAATGACGTAGTCT,3290
CAAAGAAACTCTTCTA,3290
CTCATTTAAAGCGCTA,3290
GACGGTGCCCTCGCTT,3290
GTGAAGTCCCGAGTCA,3290
AAGCGAGGTACTTCTT,3289
AATGAGTTTGACTAGA,3289
ACAGACTGAGCAACTG,3289
TTTCGGGGACGGTACA,3289
AGATACTATCAGCACA,3288
TAATCAACACCCTAAC,3288
GCCCATAGCCGAGAGC,3287
AACGCCGGGTAACTTT,3286
CAAGTCCCGTTGGACA,3286
GAACACGCCATTCGAT,3286
GCTAACACACCTGAAG,3286
GTATTAAAGTGCAACT,3286
TACCAACTTCCAACAC,3286
ACTCAACTAAGTTAGC,3285
CAAGTTTCAGCTAGGG,3285
CTCACGAGAATATGGC,3285
GACTTAATCAAGTTTA,3285
GTGCATCAGATAAAAG,3285
AACTACATGGCCTGAC,3284
ACACATAAGCTGAGAT,3284
CATCTGGGGTGAAATT,3284
CCTTCATTCTCCGACG,3284
TAACAATGACAACCAA,3284
AATCTGGCCATACTTA,3283
ATGCCTACCGAACAGA,3283
CAAAGAGATATGTCTC,3283
CCGGGTAAACCTAACA,3283
CGTATTATTTCATATT,3283
TCAGCCCTAAGTACGT,3283
CTATAATAGTTAAGGT,3282
GACAGCAAAACAATCT,3282
GTATGAACAAGGCAGA,3282
TAAAACTCGCCTCATA,3282
AAATTAAGAATATGGA,3281
GCGGTTTTAGAGAAGA,3281
GCGTAATATAACACAT,3281
GTTATACAACCGGAAT,3281
AAGACCGACTATCCAC,3280
AGACGTAAAGGAAAGA,3280
ATCTCTATAACCAGAG,3280
CTGAACAACTTTTGTA,3280
TCCGCCCAATCCCATC,3280
GAGCCTCAGTAAAAAT,3279
TAACCGTTAAATTGCC,3279
ATCTAAACTCACTAAC,3278
GCCTCCTAAGGACAAT,3278
GCGAGTCTTGCTTCTT,3278
GTGAGCACACTGGGTC,3278
CGACCAATTTAATTGG,3277
TAGCACCAATAAAGCC,3277
TGAGCCTAACAAATCT,3277
AAAAATGAAGTCACGT,3276
ACTAGAGTGCAAAGGC,3276
ATCTAAAACATGACAT,3276
CGAATCATGACTTACC,3276
CTAACACACTGGCTAA,3276
GTCACAGTATTAACAC,3276
TCCCCGGTCTTACTCG,3276
ACAAGGAAGCGGGCTT,3275
ACTGACCGCTGAACAT,3275
AGTTCAATATCATCAG,3275
ATAAAATAAACAAGCA,3275
TTCATTGTTCCAATCT,3275
CCTCACATTTCGAGCA,3274
CGGCTCCAAGACAAGT,3274
GAGACTAAAACGTGAC,3274
GCCTGTCACTAACCCA,3274
GTAAAGGAAAAAACAA,3274
AAACGACGCAACGTTT,3273
ACACCACGGCGATCAA,3273
ATTGAAAAAAATGCGG,3273
CGTGCGCTTTTTCGCC,3273
GACTGTCATCTAGATA,3273
GCACATGTGAAGATAC,3273
AAGGATCAAGGATCCT,3272
ACCACGAATCCTACGA,3272
AGAAAAGACAAAAGTA,3272
AGAATACAGGCAGTAA,3272
CATAAGAGGAAAGTAA,3272
CGCTAAAAAGTCCTCA,3272
ACCATTATGCTAGAAT,3271
CAAATTTTGTATTGCA,3271
CCACAATATACAGAGA,3271
GACCTAGTTTCCAACT,3270
TGCACGTTATTAACTA,3270
AGAGAAATGATGAATA,3269
TATGACACAAATGCCA,3269
AAAACACTCCGCGAAT,3268
AATCTCTCAAAATCAC,3268
ATCTGCCTACATCAGC,3268
ACCGTGTCCTTGCATG,3267
ACTCAAGATATACCAT,3267
AGGAGATCAACCAACC,3267
ATAGATGCCGGTTGAA,3267
ATTAGCTGTAACCAAC,3267
CCTAAGCCGTCGTTCA,3267
GAAACCAGATTTAAAA,3267
GAAGCGTACGCATATT,3267
GAGGGACTCCGGACTG,3267
GCCAAAGGTCAAACAA,3267
GTAAAAGTCACCTCTG,3267
ACCCTCTAGCTCGAGG,3266
ACGGGAACAGACACGC,3266
ATGCACGAAGGACCGC,3266
ATTATACGAGAGGGAA,3266
CGAAGTCCGAAAACTT,3266
GGAGGACGGGTAACCG,3266
TCCCCCACCAAATGCG,3266
TCGATACTCAGTTATC,3266
TTGTCTGGCTAAACAA,3266
ACTAAAGGAAAAATAT,3265
ATACGGGTCACACACA,3265
GCATTGACAATATAAA,3265
TAATCTCGTGACACAT,3265
CTAAAACGATTTTATA,3264
GACAAAGATATAGCCG,3264
GCATATAATAACTTTA,3264
GGAAACCGCAATTAAG,3264
GTGCGAAGTTTTAATG,3264
TAAAGTACCTAAATCA,3264
TTCGAATATCATCAAA,3264
TCATAGATAAACATAA,3263
ACGAATAGTAAAGAAT,3262
TACGACCCGAATGATC,3262
TCATATACCTAACGAA,3262
TTGCGTTTCTCGTGAA,3262
ACTGTATTCAGTAAGA,3261
ATCGGTGTAAGACCAA,3261
CTGCAAACTGCTCGTA,3261
GAAGGAAAATTAGAAT,3261
TAAGAAATTGACGTAG,3261
TATAGACCCCGCAAAC,3261
ATGAGTCCCTAGACTA,3260
CAAGTGACTCAAACAT,3260
TAACGCGATATATAGG,3260
AACGAGGCTACAATAA,3259
AAGCCGCTGAACCGCT,3259
ACAAGGGATACACCAG,3259
GTCAGCATTCAGCGAA,3259
AAATATGACAGCATAG,3258
AACTGATTCTGTAAGC,3258
AAGAGGACCGAGATCG,3258
CTCTTTCGCATCATCA,3258
GTAATCGTTACCACCC,3258
TACAGCAAACCTCTAA,3258
TCTTTATTAGAAAGTG,3258
ATAATTGTACTCGAAA,3257
CGTCCATTAAATCCCA,3257
AGACGGAATAAAATCG,3256
CACCGATAAAATAAAA,3256
GCCAATCCCCAATATA,3256
TAACCTGCGCTTAATC,3256
AATGGGGTAGCAAATT,3255
CAACGAACACGTTCCC,3255
GAAACAATGCTAGGAG,3255
GACTACCCCGTTGCCC,3255
TAGTTAATAGGCTACA,3255
ACCAGTAAAAATTTTC,3254
ATAATTAATAACAAAA,3254
ATGAAACAGAAAATCT,3254
ATTTCTATGATTGATT,3254
CCAGTTCTAACTTGAT,3254
CTCTACAAATACTAAC,3254
GAACATACTGTCCATG,3254
GGGAGCGGCTCGCTCG,3254
TAATTTAACAGGCGCC,3254
TACAATTGGTACACGA,3254
TTGACTAAGTTATTTA,3254
ACAAAATTAACTTCAT,3253
CCGAGGCTCAAAATGC,3253
GAATTAACGCATGTGG,3253
GTGTGCCAAAGCCAGG,3253
CCAATCTCTACGACTA,3252
CCTTTACCCACAAGGC,3252
TCAGCGTTTCATTTTG,3252
TTGGCCTCAAATAAGA,3252
AAAGTAAAGGTTTGCG,3251
ACAGACAAAACCACAA,3251
ACCTTCGCCAAGTCCA,3251
ACTCATATAGAATTAA,3251
ATACACGTTTCTGTAA,3251
CAAATAGGATGTAATG,3251
CGGTGACTGAGTATGT,3251
TAAGTGTCGCGCAGCA,3251
TACAAGTACGACCGGT,3251
AATAGCCCTATAAAAA,3250
ACTGAACCGCTAGCGC,3250
CAGCCACGCATTGGTA,3250
CATAATCTTGAACAAT,3250
TAACACGATAAATTTA,3250
ACGGGTATGCCTAAAG,3249
AGTGCGATACTAGCAC,3249
CCTGCTCTAAGTATGG,3249
CTAGTAATGTTATATC,3249
GAATCAACGCCTAGAA,3249
AATAAGTCTGCATCAC,3248
AATATTGGCGCCCGAA,3248
GAGATTCTAAAATGAA,3248
GGGGTAAACTTGAACG,3248
ACGATCCAGTCGATAT,3247
AGATGACCCATTTACT,3247
ATGACAGTACTGCCTG,3247
ATGCTAACCTGGATAG,3247
CTGAAGGTGGTAAATA,3247
TACTACCGGTGGGGAA,3247
ACATTCCGTACTCGTC,3246
ATTAAAAATACACACT,3246
GCTATAGTGCAGCATT,3246
TGGTTCCTTCAAGACT,3246
CAGCGAAATCGCGTAA,3245
GACCCTGAACGGTTAG,3245
TAGAGATGGGTACTAG,3245
TCTTCGTCCATTCCAG,3245
ATTATATGCTTGAAAC,3244
CTAAGGATCTAAGGCT,3244
GAAAGAACTTACTCGT,3244
CAGATTTTGAACAGGA,3243
TAAAGCTAAACCAAAC,3243
TCACCTCATAGATGTC,3243
TTAACGATTGGGAGAC,3243
AATTTCCAGCGAACTA,3242
ATACCAACGATCAGTT,3242
CTAGGAAGGTTCTGCA,3242
CTTGAAAGTAAGAACT,3242
GAAGAAAAAACAGATC,3242
TAAGCCGGATCTGATT,3242
TAGAATATTTAGGTGA,3242
TCATCACGTAGCACGA,3242
AACCAATAGGACTTAG,3241
ACAGCTATCACGAGAC,3241
CAAGGTGGATAATTTC,3241
GAATTTGACCCACCTT,3241
AAGAGAGCAATAGTGA,3240
AGCAAGCGTTCTACTT,3240
CTGTTGACTATCTATC,3240
CTTCAAAATGAATACA,3240
GACGAATTTGCAACTA,3240
AATGAGGACCTATCAA,3239
ATCCAATATACCGTTA,3239
CAAGCCACGTAAATTC,3239
CTTGAGAAAATATGGT,3239
GAAACATAATCAATAC,3239
AAACATATCATGACAA,3238
AGACCGAGTAACAATA,3238
AGCGAGCAGCCACAAA,3238
AGGACGCCAGATAATA,3238
CCTGTCAACAAAGTTA,3238
GACTGGAAATAATATA,3238
AACTGTAAGCTGGACC,3237
AGAGATCGAGTAACGC,3237
TTTGCTTTCGCACCCA,3237
AATGCGAACCTTAACA,3236
ATGTTATTAGTATATC,3236
CATCTCAAGCTACAAC,3236
CGGTGGGCTGGAGCCA,3236
CTCCCATCCCGATCGC,3236
GCAATTACATATAACC,3236
TTAATTACCAAAAGCT,3236
TTGAATTGTAGGTTTA,3236
AAAGGTATGGATGAGG,3235
CTAAATTTGAAATCAA,3235
CTCTGCAGACTTATCT,3235
GCCCCTAACGTACAAG,3235
TTCCCTGGGGGGTCCT,3235
AAGAGACAAGCTTTAC,3234
CGCATGTACTTCTGAA,3234
CTCAAACCCTCTAGAT,3234
TCAAACACGGACATAA,3234
TGATTAATCTAAGTGG,3234
AACCACTCCGCTAAAA,3233
CCATGACTGCAGCCGG,3233
GACACCTAGAAATGAG,3233
GCTTTAACAACAGGTA,3233
GGGCTATTCAAGCTAT,3233
AGTATAAGTATAACCT,3232
ATCATTGGAGAAAGCT,3232
CGACGTCGTTGCATCA,3232
GCACCCACCACATGCG,3232
TAACCGATCAACAAAT,3232
TTAAATGTGACTGTTG,3232
AAATAAGATTCTACGA,3231
AACAGAGGTAAAAAAA,3231
ACTTGCATCTCCTTGA,3231
CAAGTCCTTACCATAG,3231
CTAGACCTAAACTAGC,3231
GTACGCTCCGCATAAG,3231
TCCCTTTCAGGAAAGA,3231
TTTATTGCTTAGTTAA,3231
ATCAGAGCAGATATTC,3230
ATTGTACGGATTAATC,3230
TGTCCATCACCCTATG,3230
TTCCCGGAAATCCGAT,3230
TTGAATTGAAGTCAGA,3230
AACCCCTATTCTTCGC,3229
CTTTTCCCAGCCCTGT,3229
GGTCCCCAGGCAGGCA,3229
GGTTATCTGGTGGGCC,3229
TCGCTAATATTCCAGG,3229
TGACAAGGGACAAAGA,3229
GACAACCAGATGAAGA,3228
TCTATCAGCTGAAAAT,3228
GTCATTATGACCCGCA,3227
TCCCGTTAGAAACATA,3227
AATTACATAAACGCTC,3226
CACGATCGAGAGCCTG,3226
CTCAAACAATGTAATC,3226
TAAAGTTTAGTCCATA,3226
ATCCCCCTGAAGGGCC,3225
ATTAAGACATAGATCA,3225
CCCCCTAATCCAAAGA,3225
CGTACTGACTAATGTT,3225
CTGGCTTACGATTGCA,3225
GACACTGGAATAGCAA,3225
TATAAGCGATAAGGTG,3225
CCATAAGGCATGGATT,3224
CTAAATGCCCATCTGC,3224
GAGCACAAATTGACCG,3224
GCTAAAAAATGTAAGC,3224
ACCATATCAAACCATC,3223
AGACAGTGACCAGCGA,3223
CACTAGCTCACTGGTG,3223
CAGGAATGCGCCCATC,3223
CATCGACCTGCCACAT,3223
CCCAGCACATTTAATA,3223
CTAACTTGGCGAGTGG,3223
TATTGAGGGCGAAGCT,3223
TTAGTTTAAGTCAAAT,3223
AATATAGGTCACACTG,3222
CAAAGTCACCTTCTTG,3222
CTATACCACTTGATGC,3222
CTTAGAAAAACATAAC,3222
CGCAACTTCTCTAACG,3221
GACAAACAGTAAGAAA,3221
TAAGTGGTAAAGACAC,3221
TAAGTCGTAGGATACG,3220
TAGTAATACTTTCAAG,3220
TGCTCTACGTAGTAAA,3220
ATCAAGTGATAGGCCC,3219
CATCAAAGGCAAGTGC,3219
CTAAATTCCCAATCGA,3219
TCTCTTCAAAGGAGGT,3219
ACTCTGGATTGGATTG,3218
CAGAATTACAGAATTA,3218
GAAAAGTAGAACTGCA,3218
GATATTTGAACGAACA,3218
GTCAGACACATGGTCC,3218
TCCTGAAAAACAAAAG,3218
TTAAAGCTGCCTTCAC,3218
TTAGTAACTTAAACGT,3218
GGTCAGAAACCCAAAA,3217
TAGACGTATGTACCGA,3217
TAGCACTGAATTTGGA,3217
TCGAAAAGACCCACTC,3217
TGAGAATCAACTGCAA,3217
TGGATTTCGAGTACAT,3217
ACATGCTCGGCAATCC,3216
AGTCAATAAAAACGAG,3216
CTTGGTGACATCACAA,3216
GGTGAACCCGGGACAG,3216
TCTAAACATTAAATCT,3216
ACATCACTTCCTTGGA,3215
ACGAAGTAATCTGTAC,3215
CAGAATAAACCAACAA,3215
CGACCAAACAAACAAG,3215
GCCGTAACGATTCAGG,3215
GTTTATGCACTTAGAC,3215
TACGCAGAGTCTCAAC,3215
AATTTGACAACTTCAA,3214
CAAATCTCCACAATTC,3214
CACGTCCGTTGAAGTG,3214
TATCTTTAACTTACTC,3214
TCAAAATGGGTTAATA,3214
TCTCTTGTAACAAAAG,3214
TGAGCTATGACAGTTC,3214
TGGGCAGTACATAACG,3214
AATTTGGAATGCTGCG,3213
ACAGGTTCAATATTCA,3213
CTGGACCGTGGACACA,3213
CTTATAATTTCTTCTA,3213
GATTTTAATGCAAACT,3213
TCTGCCGCAAGCAATG,3213
CAGCCAGGCGAAGTGA,3212
TTACTTAATTCACAAA,3212
CAATGTCCAGATAGGT,3211
GTTTTCCATCGAAACA,3210
ACATTCGAATTACATA,3209
AGCACAATAAAGAATG,3209
CAAACACATGTTATAA,3209
TCTAACATCCGGAATG,3209
AAATGCTTAGTTTGTC,3208
AGCTTAGTATCTTATC,3208
CAATCAGCCGCCTGTA,3208
GACCCGTCCACCCTCG,3208
GGTTAACAAATTCCGT,3208
ATGTCGTAAGCTCCAT,3207
CAAAGTCACCGCATCA,3207
GAACAATCTTAAATGG,3207
GAGCATTCTTTAGATT,3207
TACAACCTTGGATAAT,3207
CCGAACAGTACGCGTC,3206
TCTCTATCCACTCCAT,3206
AAAACCCATTACATAA,3205
TAATACCCAAGGAAAC,3205
ACTTTTGTTCGTCCGG,3204
AGAGCCAATGGAACGC,3204
CAAGGACTTACCGATT,3204
GCCAGTTCCTCTCCAT,3204
GCTGAGACCGACCGGG,3204
AAAGACCCTAATTACA,3203
AAGAAAAGATTTGCCT,3203
CACTCGTAAAAATTAC,3203
TTGTCGCAAGGTGACC,3203
AAATAATCAAATCTGG,3202
AAGCAGTACGCATGGG,3202
GACTGACACTAAAACT,3202
TGCTGACACAGGTACC,3202
ATAAAATAACCCTTTG,3201
CCCACACACTAAATTT,3201
CGTTGAAGCGTCACCT,3201
GCACAAATATCCTCTT,3201
TAGAATTGACCACCGT,3201
TAGTGAACCCAGCGTA,3201
AAATCCACTACGATGG,3200
ATCCCGTCAACTGAAA,3200
ATGGCATTTGAAATAC,3200
CACGAAGAATTAGATA,3200
CAGAATACGACTTTAA,3200
CTTAATTCTTAGTCTT,3200
AAAGTGATGGATCGAA,3199
AAGTACTAGACACACC,3199
ATCTATATGTTGCTGG,3199
GAACTTAGCCGCCGCA,3199
GACACGCCCTAATTCC,3199
GGGGGGTACGGACAAA,3199
TACCTAGGGCAAAAAA,3199
AAATTACAATCTATCA,3198
GACGTTGACGATGTGG,3198
GATACCTCATGGAACC,3198
TCTAAGCACAATCAGG,3198
TCTCATATCCATTATG,3198
GAAGTCTTAGAGAAAG,3197
TTTAACCTGCTCTTAA,3197
AAAAACCAAGTCCTCG,3196
ACATTGCTTTATAGAA,3196
GGCCCTAAGGCAAAAA,3196
GGCGCCAGGCATATAA,3196
GTTGAGACACTTGTTT,3196
CATTGGATAAAACACC,3195
CCGTTCTTTACAAGCA,3195
TCATCGATCGCTGTTG,3195
AGTAAGTTTAAACGCA,3194
CACAGGCTAGGAATCG,3194
AAATAGATAACCATCC,3193
AGTGCAGGACATAACT,3193
ATTCCAGGCCGAGAAC,3193
TACACAGAGTTCTAAG,3193
AAATTCTTATGGCCGA,3192
CATGCCATAGCACGAT,3192
CTTATCACGGACGGTG,3192
GAGCCAGTTATCAAAT,3192
GTTCTGAATCACAGAA,3192
TATGTGTGAGACCGCC,3192
TCACTGATAGCTTACC,3192
TTGTGATATCATTTTA,3192
ACAGAAATATCGATGG,3191
ACAGGGCACTCTTTTA,3191
ACGGTATCGGTTGGGG,3191
ATACATATTAATCTTT,3190
ATGTAACAGAAATAAT,3190
CTTAATATCAACGCGA,3190
GGAATTAATGATCCCA,3190
TCTTCCATCAAAATTA,3190
TCTTCTAAATTCATTA,3190
TGTAGCAGAGGACTAA,3190
TTTTTGAAAAGATTCT,3190
AAATCATCCGAAATAA,3189
ACAGGAATATATAGTA,3189
ACGAAAAATTAGGCAT,3189
ACGGATTAACGTATTA,3189
ATGGACTACCCCGGGG,3189
TTAATTTATTTAGCTC,3189
ACAACCAACATCTGAA,3188
TACACCTCAAAGTTCA,3188
TTAATAACGAACCTAC,3188
TTCTCCCTCAAGAGTA,3188
CAAAAAAGATCTACAA,3187
TACGAATCGTATTCCT,3187
TGAATTACAGGAATCT,3187
ACTGGGTAAGGCACTA,3186
ATCCAATGAGTGGTAA,3186
GGATATACTACAAGAA,3186
GTAAGAAACCATGCTG,3186
TAGCGACTACAGCTCG,3186
TAGTACTTGGGACTTT,3186
TTAGGACGAGTCCCTG,3186
ACCCTTATGCCGCTAC,3185
CGGCAAGAATATTCCG,3185
TCTACCGATGCTAAAC,3185
TTATGTGTAGTGACCG,3185
ACCGTAAACTCCCCAC,3184
ATCTCGACGTCTTGTG,3184
ATGCTTCGAAACTGAT,3184
CGACTAACAAAATTGA,3184
TATCCAACAAAAGCCC,3184
AAATAGTTATCACACC,3183
AATCCGTTACATGCCA,3183
ATCACCCAAATTATTA,3183
CGAAATATCCATCAAT,3183
GGTCCTCCCTGTAACT,3183
CGTCAAAACGAAATGA,3182
GGACCAAACGAAGGCT,3182
TAAAAAAAAGTTATGA,3182
TGGTATAAATCAACAA,3182
TTGCATTACGCCCACA,3182
CATACCAAAAAGCCAC,3181
GACACTTGGCCCGCCA,3181
GCTCCGGCGCAGCGAA,3181
GTCGCTCAGCCACGAG,3181
TAAAATGTTCATGACA,3181
TAAGTGTATTGACGAA,3181
TCGAACAAAAAGCAAG,3181
AAGGCGGAATTCGAAT,3180
AGGCGCTTGCAGGCTG,3180
CAACGGCAGCTTAATA,3180
GCGCATACTAACAAGT,3180
ACATTACAGACGCAGA,3179
AGAATGCCGTTCTCAC,3179
AGGGCGAGTGGAGCAA,3179
GAACTAACCAGAATTA,3179
GAATGGTACTACTGTT,3179
TTGCATCAAGGATACT,3179
AATACGGTCACAAATA,3178
CTATCATAAAAAGTCT,3178
CTATCCAATACCACTA,3178
TAAAAAATTCACTGTA,3178
TGCATCTAGCAAACCT,3178
AAATTTGTAAACGATA,3177
ATATTTCATAAATAAG,3177
GAATAAGTGCTAGCTC,3177
GCTCATAAATGCACCA,3177
TGAATAAACGCCTGAA,3177
AAAGTGGGTATTCATA,3176
ACAACCCACACCTGGA,3176
ACCCTACAGTCCAGCT,3176
AGTTAAACATATAAGA,3176
CCCTATATCATAAGGT,3176
GTTGTTATACATGGCA,3176
AACGAACGAACTCTAA,3175
ACTAGCTATTTTTGTA,3175
AGCCGAATCGGAACAA,3175
GGATGCACTGCATCAG,3175
GGATTACCATACCATC,3175
CTTTGATGATATCTAC,3174
TTTATGACACTCATAA,3174
CATTATAACAATTCGA,3173
CGACATGTTATTACAC,3173
TTAATTAAGCTGTATG,3173
AAAATCCAAAAAAATT,3172
ACCGTAACAGAACGCA,3172
CAAGCGCATAATTATC,3172
AAAATGTTGCATAACC,3171
CCTTGAGATGCACAAT,3171
CGTTATCATTCTTCTT,3171
GAAAAGCGGTTTGTCA,3171
CTTATGACCTCTCGAC,3170
AACCTTTACCGAATGT,3169
AGGGTAATCCGATGGC,3169
ATGATGACCTATGTCA,3169
CATTGTAGTGATCTGC,3169
CCCATTTAGCGGCTGA,3169
TAACCATTTAATTGCA,3169
TAACCTTCCCAAACAA,3169
CGAATTTTAAGATACA,3168
CTAATTGCTTAACTAA,3168
GCGTAAGACATACATG,3168
GGACCCTACTGGTTCG,3168
ATGACTAGAACTAAAT,3167
CTATATAAAATGCCAT,3167
TTGTTAAAGTATAAAG,3167
ATAAAACTCGGCGAGA,3166
CACAATGAGTGCTTGA,3166
GTAAGTCGATAAAATA,3166
TATATGTCTGAGTCCC,3166
TCTTCCATGGTTTACC,3166
AAAGCACGGACAGAAA,3165
AAATCGAACAAATAGC,3165
CGACTACCGATAATTT,3165
AGACCACATGTCTTGG,3164
TCATCTATAGCCATTT,3164
TGAGCGATGCATAACG,3164
TGGTAACCCTCCACCC,3164
ACATCTGGAGTCCAAT,3163
CACTTACTCGTATTTT,3163
GAAATACGAATTTCCC,3163
GATGGGAAAAATCCAC,3163
TTACACACATAATAGG,3163
ACTTAAGCGGCAAATG,3162
CCATCTAAGATTTTAC,3162
GACTGTTGAACAGACG,3162
TATCCACTTTAGGATC,3162
TCAAAAACTAATCACA,3162
TCAGAAAGTCCACTCG,3162
TGGTCATCCAGACATT,3162
AGGCATAATATTTAGA,3161
ATTAAAACTGAGAAAT,3161
CAATTTAGTCCATATT,3161
GAGACTTAAAACCTCT,3161
TAATGGGACATAGGTG,3161
TTGGCAACAAAGTCAG,3161
AAATTACCTACAAGGT,3160
CAAACGAAAAGAAACT,3160
CAATATCCTAAAGCAT,3160
CGCCTGCACCATGATA,3160
GGTTAGGATCCCCGAA,3160
GTGTACAACATAACAT,3160
TGTTGACAATTACACA,3160
TTTATTAAAGAGACTA,3160
ATAGCGAGAAGTAAAT,3159
ATCACATAATAATACT,3159
TAATAATATTACCTCA,3159
TAATTTCATGCCTAAA,3159
ATCATAAAAGGGTCAA,3158
ATTTAAGACCGGATTG,3158
CTAAAAAGACCGATAT,3158
CTCCGTGAAACTAAGA,3158
AACCGGCCCCTATAAT,3157
AATGAATTTGAATAAA,3157
ACCGATACGTACTATG,3157
CAGATAGGTCGAAGTC,3157
GCCCTTTTAAATTGAC,3157
TAAAGATAGGTTATAA,3157
TGACTAAAGCCCCTGC,3157
ATAAAAAATAGTGCAC,3156
CCTGATGGACAACCTA,3156
CGTAGTTCGAACCACT,3156
GTGACAACAATACCGT,3156
AACCCACAAATCTCGC,3155
AACCCTGGGAATAACA,3155
ACTTTCTCGATCATAA,3155
ATCAGCCCGTATGTAT,3155
TACGAGCGTAGATAGA,3155
TGTGCATAGTATATCT,3155
AACCCACCATATAGCA,3154
ACTTTACCAAAAATGT,3154
ATCAACTGGCCTGTCT,3154
ATGCCCATGCAAATTA,3154
CAACAAGGAGCAAGGA,3154
GGAATGGATGTATGTT,3154
GGCACTGTGCACCTGT,3154
TCACATAATTCTCGTT,3154
TGAGCCTAGTGAGACA,3154
TTATATACACTCACCT,3154
AAAAAAACAAACAAAT,3153
AACGCAGAAAGAACGG,3153
ACCTGTCTACGAAGCG,3153
TACAACCCAAGCGTAA,3153
TATTTACTATACACGA,3153
TCAGACAAGCTAAAAA,3153
TTTCGCATTACTGTGA,3153
TTTCTAATTAACTAAA,3153
ACGTATTCTAACGAAT,3152
AGTTAACATACGCACA,3152
TGGATCCGACCCAAGC,3152
AACTTCCACAATACCA,3151
TAAGTATCAGTTTTTC,3151
AACGTAACCAACCGTC,3150
ACACAGTAACCGTTGC,3150
AGATAACGCTAAACCC,3150
ATCTGCGCGATCACTT,3150
ATGTCAATCACAGCCA,3150
AAGAAACCGTGAATAA,3149
ACACGCGCTTTAGTAA,3149
AGAGTCACACAAACGA,3149
AGTCGTTGTGCAACAT,3149
CCGTTCTAAACATAGC,3149
GCCAAGCAGTTTTAAC,3149
GTCAGACACACCAACC,3149
TAAATCCCATGTCCTC,3149
TCCTTAAAAAACCAAT,3149
AAATCCGCGCAGGATG,3148
AACCCGAGCCTCACAA,3148
ACGTCCTTCCAACCAA,3148
ACTTGAATCAAACACC,3148
GAGACCTAAAGCTAGG,3148
TACATGTTGTCATACA,3148
TTGTATTAACCAATAG,3148
CCACCTCACATCAAGA,3147
GAATCTGTGATAGAGC,3147
TGAAACGTTCAGAGTT,3147
AAAAATTTTAAGGTAC,3146
AAATATAGACATGATC,3146
AAGATAGAAACTTTGC,3146
AAGCCCCGTTTCAACA,3146
ACAAGCCTTATGTTAG,3146
ACGCTGAATACATTTT,3146
ATTATACGGTTAGAGA,3146
CATACACTTCATAAAT,3146
CCTAATCATCTCTCTT,3146
CCTGTATTAGTCGATG,3146
CTGATTATGTTGTGAT,3146
GCTTTACAACCTCTAT,3146
TTAGGTGTAGAGCCAC,3146
AACCAATGAGGAATCA,3145
ACGTGTTTTGAATAAC,3145
CTCTATCCTCTCACCC,3145
TACTCTTACACGGGTC,3145
TTAGAAAGCTGATATT,3145
AAAGACTTGGGGATCC,3144
AGTCATTATTAATGCA,3144
GGGGAACTCTCCTATG,3144
GTAGTCAGTTTCCATG,3144
AGCTAAATTTTGCATC,3143
ATTCAATGCGCGAGTG,3143
CAATTCACGTCAACAT,3143
CTGACCGCTAAAAATT,3143
GATTGAACGCCCGACC,3143
TTACTTGTGGTAGAAT,3143
TTGCATGCCCTATGGG,3143
CCGACCACAACCTAAC,3142
CGCTATCGGATAAAGC,3142
GCCATAAAAGCCAACT,3142
AACACGAGGCTTACCG,3141
CTAAAACATATCATAC,3141
CTATCGGGAGCTTCAA,3141
CTCAAATATTAGATTA,3141
CTTGATCTTAATCAAA,3141
GCACATCTCCACAAGT,3141
GTGTAAGAAATCATCG,3141
TGAACCAAGGTCTGAT,3141
TTAGTCACCGCTAAAT,3141
ATAAACCTAACGGTTA,3140
GAAGCAAAATCGACTA,3140
GATATATTCCAAAAAC,3140
TCCCTGTTAAGTTCAC,3140
TCTGACAGTTGTCCAA,3140
AAACAGTATAACGTTC,3139
CAGCAAACATAGAGGC,3139
CATGAAATTATGCTCA,3139
CCCCCTTCTGACAACG,3139
GCGGAAACAAGCACAG,3139
TATCTAAGACCTAGAT,3139
TCACTCATTTACAACA,3139
GTATAAAAATGCTAAC,3138
TCTCACAAGGGGAAAG,3138
CCCCTTTTTTTGTTTC,3137
GATTTTATCCTATACC,3137
AAATATAACATGGAGC,3136
CAGTAGTGTACTCACG,3136
CCGTAAATTACATGGG,3136
GCAATTCCCCACCCAT,3136
GCGACACAGTAATGCT,3136
TTCAGAAAAAGAAAAA,3136
ACCCAAGATCCGTATA,3135
GCTGCCACCAAGCTAA,3135
ATAAGCATGGCTTCTA,3134
ATCTCCTCACAAAAAG,3134
ATTCGATAAAGTACTT,3134
CTTTTCTCAAGTAATA,3134
GCCAATACGAAAGGAA,3134
CACAGATATATTCTAT,3133
CCTAACGCTTTATACT,3133
CCTATGAAGACAAATC,3133
CTCAGCTACGGTGTTA,3133
GATAGAAGAAACCCAG,3133
ACAATCCTCAACTAAG,3132
CTATGCGACCCCACCG,3132
GATAAATGTCTGGACA,3132
GATTGTATGTAAATGA,3132
GGCATCGTAAATTTAA,3132
GCTACGCCAGTCTATC,3131
GGCAAAACACAGATAA,3131
TAGGTATAGAGACTAA,3131
AAAAAAAACGTTTTTC,3130
AATATCACCTCTCTTT,3130
ACAAACAACAGAAGCA,3130
CTAACCATCTGAAGCC,3130
TAAAAAATAATACAAT,3130
TACTTAACAGCCAACC,3130
AAGGACAGAAAACAAG,3129
ACTTCCCTCCTGCGAG,3129
GATACAAACTGCATAC,3129
GCTAGTCACCGAACCA,3129
TCTCAGCCCACTTAGC,3129
CTTTGAATCTTCCAAT,3128
GCGAGCAAATATCAAT,3128
GGTGTAACCACTTAAT,3128
TCCATATTCAAACCAA,3128
ATAGAGATAGCAGGTT,3127
CAAAAGAACTGTAGAG,3127
CTTAGTTGGACGAAAA,3127
AAAAGAAGCGTATTAC,3126
ACCAGAAATACCTAAC,3126
GCTTGAGAGTTGACTG,3126
TACCCGAGGGTTGAGA,3126
ACAACGACATCCACAC,3125
AGACTACGGCAGGGAT,3125
ATAACGAAAATCGCGA,3125
CATTTGAAATACTCCC,3125
CCCAAGCTCGAGTATG,3125
GTGTTTTGTGCATTCA,3125
GTTACACTCCTAAACC,3125
AACCATAGTAATGGAG,3124
ACGGCCAAAGGTCTAA,3124
CAAATTAATAACACTC,3124
TATATCGCATGGTCAG,3124
TCAGCTGACGCTTACT,3124
ACAACCGTCAGACGAG,3123
AGTAACCGGAGATGAG,3123
CCAATTCGGACTACCG,3123
CTGCTAACGCTGAAAA,3123
GTTGAATATCTGTCTT,3123
ACACAAAACCATGCAC,3122
CACTAGAGAATCTAAT,3122
CCGTTACATACCCAAA,3122
CGCGAAGAAGCACAGA,3122
CTACACACGAGTCCTT,3122
TAAATCAAATGAATCG,3122
TGCAGATGAAGTAGTG,3122
AGAAACTGGTCTTCAG,3121
AGAGGAGATAACCCTG,3121
AGATGAACGAATTGCA,3121
CTCCCCTATGCTGCAA,3121
GAGAGAAGTATGTATT,3121
TATAACTCCTGGAACA,3121
TTTACAGCAGATAGAT,3120
ACAACCTGAGACTAGA,3119
ACTGCGTCAATTTATA,3119
ATAGGCAAGTACCGAG,3119
CAACTCTCCAGGACAC,3119
AGCACTAAATTACACA,3118
ATCAAAGACCCGCCAA,3118
CCCGCAAACAGATGCA,3118
ACAAGAACTAAACCAA,3116
ATCACTAAGAAAACCT,3116
CCGAGTCATCACACAC,3116
CCTTCATACATGTGAT,3116
GATCGGCCTAATAAAA,3116
GCCAATGGGGACAACG,3116
GCCTGAAAAGGCAACA,3116
GTGCACCGCTTTCTGA,3116
TAAGATGAAATAGCCT,3116
TATAACTGTCGACACG,3116
TGAACCAAAAATACAC,3116
TTGACGCCGTCATTCA,3116
TTTTAAAACCAAGGAC,3116
AAATTATATTACCCAT,3115
CAAGTAAATCTAACTT,3115
TTCAAAAATCCAAAAC,3115
AAAGAAAATTATACCG,3114
CAATCTGATGTAAATA,3114
CTGCTAGATGTTCAAC,3114
GAACTTTTAGATTGAC,3114
ATTCAAAAATAGAAAT,3111
CGGGCCCCTAAGGAAT,3111
GATATCTCTCAGTAAT,3111
GGCCCCCGTGATCATA,3111
TAAGTCAATACAAGTA,3111
TCCGACCCGGTATACG,3111
TTTGAGCCTGGATTGA,3111
CAACCCAAACTTTTGT,3110
CCCAAAACTAACGAAT,3110
CGCACTGAACACAATT,3110
CGGGAGTTTTAGAAGA,3110
GACTAGTTTAAAGCAA,3110
GCATCCTACTTGGCCA,3110
TGTAATAAAAGTGTTG,3110
AGGATTCGGTATACAA,3109
CTCATAATGATCTAAA,3109
GCAAAAGTAGTATAAC,3109
TAACATGGAAGCTCTA,3109
TCACATCAAATCGCCG,3109
TTAAACCCTATGACAA,3109
AAAGCAGAGAAATGAA,3108
CCACGAAAGCCGATAA,3108
TCGTAATGCCCCTACG,3108
TGTTGTCACTATAGCA,3108
TTGATATAATCTCTTA,3108
AAAGTAAGATCGAGGC,3107
ACCAAACGATATGAAC,3107
CAAACAAAGAACCCCG,3107
CAAACCCAACTCAGTC,3107
TGACTGGATACTGAAA,3107
AACTTCCGCATCCCCA,3106
ATAATGCAGCCAACAG,3106
ATTCACCATTATTACA,3106
ATTCATGGTCGAAATA,3106
GCGACCGTGGATGATG,3106
AATAGGTTCTTGTAAA,3105
GATGTAACCATTGAAG,3105
AACCATACTTGGATTC,3104
CATGGCGCTCGACACT,3104
CCAGGAACAAGACACG,3104
AAGTGCATTGAAATTA,3103
ATTGATCCTAAGCTCA,3103
CAGGGCCAGGTAAACC,3103
GCCAAGCTGGAGACCC,3103
GCTCAAAAACACGGAA,3103
AAGCCAAAAATAAGGA,3102
ACAGCTTTTGAGATAA,3102
AGAAAAACAACCTTGG,3102
AGATCAAGACGTACTC,3102
ATTGTAGATGTCTGAA,3102
GCCAACATACCTACTC,3102
TTAAATTAGAGTTACT,3102
AAAAAGATTTAGCGTG,3101
AACCCCACGAGACAAA,3101
ATTGTCAACGTTTCGA,3101
GAAAAACAGCGCCCTC,3101
TTACACCTTGTAAACA,3101
TTGCGCCACAGGTTAA,3101
ACCACAATATAGGCTA,3100
ACGCCCTGATGATACT,3100
ATAGGATCGGATCCCA,3100
TATAACTATGACCCTG,3100
AATGGTAGCACGCCTC,3099
ACCTTCAGATCAAGAG,3099
ATAACATACTGAAATC,3099
ATCATGAAACCGAGGC,3099
CTAACGCAATACAAAT,3099
CTTGTCTTCAAATACC,3099
ACATGATACCCACCCA,3098
GATCGAAGCATGAAAC,3098
TTGACAGTCTCTGAGG,3098
ACGACCATATAAAAGA,3097
CCCGAACTTGTGACCC,3097
CTTGGTCCATAACCCT,3097
GTTTTACCAAAGACTA,3097
TAAATGTATGCAATAG,3097
TCTTAAAAATACCCGG,3097
AGATCTTGTCACCCCT,3096
CCCATTAAACTACTCG,3096
TGTCAGTAAGTACGCT,3096
ACAACTAACATAGAAT,3095
AGAGAAATTAGACAGC,3095
ATACATCAAATTTCGC,3095
ATTCAATTTTAAATTA,3095
CATGACAAGAACAGCA,3095
CGCCGAGTAGCACGTA,3095
CTAACAAAATTTTGAA,3095
GGCCCTCAATATTGGG,3095
TATACAAATGCTTGAA,3095
TCATACCAAGATGTAA,3095
TCCTAGTATAACGATG,3095
TGCTATTATCAAAAAC,3095
TTTACTGGATTTCACG,3095
TTTCTTCAAGTGCAAC,3095
AATGAAATTTTTAGAC,3094
ACTTAGAAAACACGGC,3094
ACTTAGTTAACAAGTT,3094
AGCGACCGGGACAGAT,3094
GTAAAGATCTGATCAT,3094
TCGGAAACCAAATAAG,3094
TCTCCGCAAGAGGGAA,3094
TGCCCATGTATTGTAC,3094
TTCCTATGACCATAAA,3094
ATTCCTCACAAGGCAT,3093
GAGAATTGAGTCCAAT,3093
GAGGAAAAATAATATG,3093
GCCAAATATAAACTGC,3093
GGACTATAACTTTTAT,3093
AAATAGCCATGAAACG,3092
AAGCTTCACGACTGTT,3092
ACATATAGAAAGGGGG,3092
ATAGCAGAATTACTAT,3092
CACCCAAAATACGGAG,3092
TATGATAATCCAAGTA,3092
TCGAGCCAATAGAGTA,3092
TTACGTTTAGTGGCCC,3092
ACAGTACTCTTCGTAC,3091
CACTATTACCTTTACT,3091
CAGCACGCACAAAATA,3091
TGGGATTCCATAATGA,3091
AACGAACCAAGCCCAC,3090
AAGGACAAATTAAAAG,3090
AGGATGAAGAACACTA,3090
GATACAACACCATAAC,3090
TCCCGATATATTCGGA,3090
CCAAATTAATTCGTTT,3089
GCCACAGTGGCAATCT,3089
GGAATAGCCCACAATC,3089
TAAATGATTGAAAGAG,3089
TGCTAGGTCAATATGT,3089
CAATCATATTTTCTCA,3088
GATACTTAGATGAATC,3088
GTAACGTCCAACATTT,3088
AACGGAATTTACAATA,3087
ATCACGTTTAAAAACA,3087
CGGGCGCCTTACCCCC,3087
GCAATATAACTATCAC,3087
TATCCATATTTCCGAT,3086
TGAGCCTCATTCCGTA,3086
GACGACATACACAATT,3085
GCAAATACTAACAGGG,3085
ACAGATCTCTAAGAAG,3084
ACCCCTACAAAATCTT,3084
GTCGAAAACCTAAAAC,3084
TCCGGTAAAAGTGCCG,3084
AAATACAAAGATTCTT,3083
AGGGCATCATTGGGAA,3083
CGTTTACCAACTTCTT,3083
GCACTGAATGAAAATT,3083
TAGCTGAGGACGAACG,3083
AAAACGACATTTGGTG,3082
ACCGCAGATTCTTAGT,3082
ATAGTTACATCCTCGA,3082
CACTTATACGTACTCA,3082
TGCCAGAGTCGGCTTA,3082
AAGTTTATAGGTCGAT,3081
ACGGACCACTCTAATA,3081
GAAAAGTAAGAGTTAT,3081
GAAACAAAAACATACC,3081
GCACTGAGAATATCGT,3081
GGTGACATGGAAATAC,3081
TTTAGTCAACCCATAC,3081
CGTAAACGTACCAGGT,3080
GAGTGACATATTACCT,3080
ACTCCAACAAGAAGGC,3079
CTCAGACAGCGGATCT,3079
GCTTCAAAAACCCCGC,3079
TCGGATATATAAAAGG,3079
TCTGCATGTCAAACAA,3078
ACTATTTTGTCCTAAG,3077
AGAAAAAGCTATGAGA,3077
AGATTATCTACCGTAT,3077
CCCGTAACATATCAGG,3077
CCGATATCTAGCTAAA,3077
CGCCCCCGTTAAGCAA,3077
GCACAACTTCTCTTAC,3077
TAAAGGCTCGAACTAG,3077
TGCACTTGTTTTCGAC,3077
AAGAGTTATAAAAACG,3076
AATGCGTACCGCGAAT,3076
ACAGAGATCGAAAGAG,3076
AGTTAGTCACGCGGTG,3076
CATGGCGACTGCATAT,3076
GACACATCGTAACCGA,3075
TAAACAGCAGATATAC,3075
TACACTAAGGGGGACG,3075
ATCCATATATGGAGCC,3074
CTCATCAGCCACCCTA,3074
GCATTACCAATCAAAA,3074
GTGCTTATCCGCACCG,3074
TCCCACTAAACGTTAA,3074
CAGTTGGATAGCGGAC,3073
GACCGAGTGCGCCGAA,3073
GTAGTACTGAAAGTCC,3073
TAGAGATTACGTATAG,3073
TTAGTTCAGAGCATAT,3073
AGCAATCACGGCAGCT,3072
CTACACACTTGAATTG,3072
GAACACCAAAAATAGA,3072
GAACGAATGTATCCCT,3072
TTAGATGATCAAAGTC,3072
CACGATCCATCTGGTA,3071
GAAATAGAATCTACAG,3071
GATTCGTGCCAACTAT,3071
GCTCATTTAATGAGCC,3071
TAATACTGATTGAAAC,3071
ATCCTTTTATACAGAA,3070
CACCTTTAATCGATAT,3070
GGAGCAACCATTTATG,3070
TGTCTCCTTTACTTAT,3070
AATACTCTAACAACAA,3069
AATAGGAAAGAATCTA,3069
AGAATCCATCCATTCA,3069
ATCATGGGATTTGCAA,3069
ATTTCAGAATATCCTC,3069
CCATGGCCTCCATCGA,3069
GCAAACGTCCAAAACA,3069
TAACGACTAACTGTAC,3069
TAACTCCAACCACCTA,3069
AATGAAATGCATGGCC,3068
CAATTGAAACCAAAAG,3068
CAGTCTAGTAATTGAC,3068
CCGTCATACGACACAG,3068
GAAAGCAATAGAAATG,3068
TCAGTAAATTGACATT,3068
AGGACAGAAGACTGAA,3067
AGTATTACACATATTA,3067
GAAACGTGGACGTCGC,3067
GTTCGCCCAACAAGAC,3067
GTTTTGTAGTCCAATG,3067
ACCAATAAAATCTCCA,3066
CCGTAGCTGCAAGCCC,3066
CTAAATCTTAGAACGA,3066
AAAAATTATAGAGAGG,3065
CACACTACGACCTATG,3065
CCGCTTATCAGCAGTA,3065
GGGACAATCTATCCAA,3065
AACAGGATACAGGCCC,3064
ACAAAAGCTATATGAA,3064
ACCGATGACCGCATAA,3064
ATCACCCATGGCTCGA,3064
ATCTTGGTAAAAACAA,3064
GTCAATCTTTTCCGGT,3064
GTCTAGCAGTCAAATA,3064
GTTTCACCCTGAAAGC,3064
AATCCGCAATATGCGT,3063
CAAGCGAATTAAACCT,3063
CCACGTATCGTGGACT,3063
CTCGTGGCCGATTACT,3063
CTTCCTATAGGCACCA,3063
GGACGAAGCGGACGAG,3063
GGCACGTTGACAGCAT,3063
GTCATTGAACAGATCG,3063
GTGATCGACGTTAAAA,3063
TATTTTTCACCCGTGA,3063
TGAATTGAACTAAATT,3063
AACAATGATGACGAAC,3062
AATTGATAGGTTAATA,3062
CAAGTAAGACATTAAT,3062
CTAATGCGTCACTCAT,3062
GATTCACGACATTTGC,3062
GCAGTTCACCGCAAAA,3062
TCAAATCAGCAAAGCG,3062
TGATAAACACACCTGT,3062
TTCGATTAGCCGTAAG,3062
AGAGTGCATCGGATAA,3061
AGCATCGTAAATTTTC,3061
GAGCATCGAAAGGTAC,3061
GAGCATTACCACCGAT,3061
TATATCAACTTTAAAA,3061
TATGCTAACAGGTGCT,3061
TCGTTTAAATGGGCTA,3061
AATCTGCAATAAGATT,3060
CAAAATTAGAGTATAC,3060
CAAATGCGTTTTAGCT,3060
GGACCGTATCCCATAC,3060
TCAAATAATATTAAGA,3060
CGTTACATGTAAGATA,3059
GTTTAAGTAGTATTTG,3059
TATCGTATCAATGTAT,3059
ATTTCAGACCCTTATG,3058
CCGAGAGGCATAATCT,3058
CTAAAAGAATAAAGCG,3058
AGAGTTGTCACAGTAC,3057
CAATTATCTCCAGGAT,3057
GAAAAGTGAATAAATA,3057
GGGGATATAAAACCAC,3057
TAATGTCTATCCACAA,3057
TATTTCTAAACCATCG,3057
ACTGGGCACCCAACCC,3056
AGCTGCGAGCCCACGT,3056
ATTAGGGAATATACTG,3056
CAATAAATGAATAAAA,3056
CCAGGGTCATACGGCC,3056
GCTCACAAAGGCTAGG,3056
CAGCCCAAACAACCAG,3055
TAAAAGCATAGGTGCG,3055
TACCAGGTGTACCTAT,3055
AAATTCAATGGAACAT,3054
AAGTGTCACCCAAATT,3054
ATGATCAAACCCGAGC,3054
CGTCAACTACACGATA,3054
CTAACCCCCAAGATAA,3054
GACGTCAACAATTATA,3054
GCGACTTAGATTATGT,3054
TTACGTTACACATTGT,3054
ACAGAGAAACGTGCAT,3053
CAGAGGATTGGATTTC,3053
CGGTAGAAAAACCTAA,3053
TACCACACATTCAATG,3053
TTCTGCACTTGGAGAC,3053
TTGAATAATCCAAAGT,3053
AGCCTTCCTTATCCAC,3052
GACCATTTTACTCATG,3052
GACCGAAACATTCATT,3052
GTAACATCCCAAGAAA,3052
TAAACTGTAACATATT,3052
TAAGACTATTCTTCTA,3052
TATTTCGATCCAAGAA,3052
AAATCCGAATATTTGC,3051
ACTGACGAGTTAATTA,3051
CTCAAACCCCGAATCG,3051
GGCATGAGCCAGTCAA,3051
AAAATATAAAAGAGTA,3050
ATCTTCCCTACATTAT,3050
CACCGGACAACTCACA,3050
CACCTTGATAATAAAT,3050
GTCAAGAACATACACT,3050
TATTCGTTTGAAACTA,3050
TATTTCAATTATATTA,3050
TGCTTACTTCCCAAAA,3050
TTAAGACTAGATTTAC,3050
CAAAAAAAAAAAGTCA,3049
CACACTTGACATTTCA,3049
CAGAATCGACGCTTGA,3049
CAGACATCCAGCGTGC,3049
CGAACTTAATAAAGAA,3049
GGGTGGGCATGAGCAC,3049
TTCCCGAGAGGACGAC,3049
ATAGGCAACTGAAAGA,3048
ATCCGCAATATCCCAA,3048
AAGGACGACAGCCCAA,3047
AGGATAAAAAGGAGTG,3047
ATGTACCGTAAAATAA,3047
GCTAATTTGCTCACTT,3047
GGTCCCTCGCTGCTCA,3047
TGAAACCGACTTAAAC,3047
AATTCACTCTAGGATG,3046
GACAAAGATTAAACGT,3046
GCCACTCGGATAAAAC,3046
TGATCCGTAGATTTCC,3046
TCTAATATGGCTCTTA,3045
TTATTAAATGGCAAGT,3045
AAACATTCGGTGACGA,3044
CACGAAAACCGCTTCA,3044
CCAAGACAAGTTAGAA,3044
CTAGAAGTTAATCCCA,3044
CTCGGCCCGCCCAAAT,3044
AGTAAAACATAAAGTC,3043
ATGTTACAAACATTCT,3043
CAGCTTCTGGTAATCT,3043
CCTTTCTTAACTAAAC,3043
GCATTCAACAGTTTTA,3043
TAATAATATACAGTAA,3043
CAGATTAAGAAGCAAA,3042
GTGTTCAAAAAATATA,3042
TGTGATGCGGTAAATT,3042
TTGAAAACCAGCACCA,3042
ACGCGTCCTGGTAACA,3041
CGAACCACCTCCCAAG,3041
CAAAAAAATTGACCCG,3040
CTAGGCAAGACCAGTC,3040
TTTTTGAAACCGCATA,3040
AACTAGGAAAATAATG,3039
ACAATGTCTAAATTGA,3039
CGTTAAAGTGACCCTG,3039
GTATACAAAATAGTCG,3039
TTGGCGTAAATGGGCG,3039
AACTACAAAAACGGGG,3038
AGAACGGACAATAAAA,3038
CATCTCTGGATTAAAG,3038
GAAGGTATAATATAAG,3038
GTAAAGATGACCTTGG,3038
TCGAGGGGGCCGTAAA,3038
AAAAGGACTCGTAAAT,3037
ACCTTAAAAGCAAAGT,3037
ACTGGACTGAAAGACC,3037
ATAGCAAAACAAGAAA,3037
GTCGAGTCTGTCAAAA,3037
GTTCGCAACTCCTTGA,3037
TATCCACAGATTGTAA,3037
TTTTCGTCAAATAACC,3037
CAAGCAAATTCAACCC,3036
CGGTTGACATCCATCA,3036
GTGAAAACCGCTAAGC,3036
TAAATAGCGTAATCTA,3036
TAATATAGATGTATGT,3036
TGAACCGAGTCCAGCC,3036
AAAGAGTTACTGGAGC,3035
CACACGGACTATGTGA,3035
CACCCGAACTCGAACT,3035
TTCTAACTCAGTATAC,3035
AATTGACAATGGTATG,3034
CCGACCAAACTCATTA,3034
GAAAGACGCTTAGAGA,3034
GAATAAAGTTGGCATT,3034
GAATACCTCAGTTGAT,3034
GAGACTATTGCTAGGA,3034
GCGACATTACGATATT,3034
TATACCCCAACAACAC,3034
TGCCTAACCTATATTT,3034
AAACCTGATTGACATC,3033
AAGTTCCCGGGTTTGG,3033
AGATTGCGAAGGTTCC,3033
AGGCACGAAAACCTCA,3033
CCTGGAATCTGCGAAT,3033
CTAAACATTTCGAGTT,3033
GCGGAATGCGCAAATG,3033
ACATTATTGACGGGAT,3032
ATCCCAGGTCCATGAC,3032
TAAAGTAGTTCGAGAG,3032
TATTGCGATTCACCCA,3032
TGTGACACTATCTGAT,3032
AATCAAACCACGGCCA,3031
CAATAATGTACGTACA,3031
CACAAATACCAAACAA,3031
CATGCAACACAACTAG,3031
CGACGCCAGTGCAACC,3031
GTCTAATAGAATCCCT,3031
AAACGCGATCCTCAAC,3030
AACTGTATGCCTTATA,3030
ACAGCGTTGGATGCGT,3030
ATTTCGTGGAATGATA,3030
CACGTACGAATAGACG,3030
TATAAACCCTGGAAAG,3030
AATACACCCACTTAGA,3029
AGAACCCAACTATTAT,3029
ATAACCCGATACGCCT,3029
GTTAGGTAGTTAAGTA,3029
TAATTAACGTAACCTT,3029
TCTCCGATGTCGTTTT,3029
TGAGAATCGCGAGCAT,3029
AGAGGTTTGCTTTATC,3028
ATAATTAAAGTAGCTT,3028
CCACTAAATTAAGCTT,3028
CCTTCAAGCTCAAGCA,3028
TCTCTCAACTTGTCAG,3028
AATAACAAACCAGTGG,3027
GAAACCAAAAATATTG,3027
GAATGGGTAACTCCGG,3027
GAGCTAGACTCTACTG,3027
GGGGAAACTAACTACA,3027
TACCTATGTTGGAGAG,3027
TCAATGAGGTATTTGC,3027
AACCGAAATGGACAGC,3026
AGGCACACGGCCATAG,3026
CAACCAAAGATACATA,3026
CACCGAAACCCCCGGA,3026
CACTGTTTAAACTGCA,3026
GTCCACAATCACCCAC,3026
TACAAAGTGAGGACAC,3026
TATAATAGGCGGTGGA,3026
ACATTTAACACTACGG,3025
AGTTCAAAGACTAGTC,3025
GATTTAGTAAAATTGA,3025
GTAGCTCTGAGTCATT,3025
AAACGAATTTAGATTG,3024
CAAGTCGTAGCAATGC,3024
CCTGATACTATAATAA,3024
CGCAGCAATCGCACAT,3024
GCCGAGATATTTAATG,3024
GCTAAGCGTCATGTCA,3024
TGGATATGTGGTGTTA,3024
TTTTTCATCTTGGGGA,3024
CGCGTGAAGATATCAA,3023
AATCAATTATTACACT,3022
AGCGCTAACATGGATT,3022
CTCTCCCCTCAGATAC,3022
TCCGTTTCCGAAAAGC,3022
AGTTGATCCGGTATGA,3021
CATGTCTAAGAGTCCT,3021
CTTAATTCTGGTATAC,3021
GCACACTCCGCTACAT,3021
TGTCCATACCTGTTCT,3021
TTTCACATACAACAAC,3021
ACTCCTATTATTATAA,3020
CAGGACGGTTCCCCTA,3020
GTATCCCTGGTGGACA,3020
TACAAAGTACGTTCCC,3020
TACCTTGCTCCTATTA,3020
AAGTCATAAAAGCCCA,3019
CACTCTAGGTATTACG,3019
GCCCCTTGAATAGCGC,3019
TAACACCATATCGAGG,3019
TAGTCTGGATAAACCT,3019
ACTATCGAAAACAGAC,3018
CCGATTACAGAATAGG,3018
GATTTCATGTCCAATA,3018
GCAAGAAATTATATTG,3018
ACAAACAAAATACAGC,3017
ATATATGTTTGAAGTA,3017
GAACTTAAAAGTACAT,3017
GGTAAAATCTATAAGG,3017
TCATGAATTTCCGTCT,3017
TTCAAGGTAAATATAT,3017
AAGATAGACGGTCCAT,3016
ATGTGTGTTAACTAAC,3016
CATTTAGAAGTACTGC,3016
TGGCCAGACTAAGGAA,3016
AAAGCCACGCTTACAC,3015
AATAACGTCAGTCATA,3015
CGACGTGGATATCTTG,3015
GAACGACAGAAAAAAT,3015
TGTTTTTTGTTGTAGA,3015
AAACAGATACCAAGCA,3014
AACCCTATTCTGACTC,3014
CCGTCACATGTGTATA,3014
TCGTAAACATATCAAC,3014
AATAAAGAGGAACGTA,3013
AATATCTCTATCAAGT,3013
CACCCAAGGTCTGAAT,3013
GGAGTATGATTTAACT,3013
TCCACATTAAATGAGC,3013
TCTAATTCCCAAAAGC,3013
AGTAATATCACTGACG,3012
CACACTAACTATGGCA,3012
CGGTTCGTCTATCTTT,3012
GAGGCCGCCAATAGTG,3012
GATGAAATATGCTACC,3012
GCGTAAAGCGTGACCA,3012
TCTTCTGAATCTAGCC,3012
TTAAATTGTGAACACT,3012
ATTATGTAAGCACAAC,3011
CATCAAACGTAATGAA,3011
GATCATAGTAGCTACA,3011
TAACAATTGGTTTATA,3011
TAAGCTTTAAGGCTGT,3011
TCTCCTTGGCACTGAA,3011
TTCGCTAGTCTCTGGA,3011
AGATAGAAAGTTCACC,3010
AGTCGTATATAGGTAC,3010
TAAAAGGCGCAAACTA,3010
TCTACTGCATATCCGC,3010
TCTAGACGATACATCC,3010
TGAGGCGGCCTAACCA,3010
ACAATGTGAAGAAACG,3009
AGTCTATTTGCGTTTA,3009
CATGTCAAGCTTGTCA,3009
CCAGTATTAGGTTGAT,3009
GAAAGTAGCGGTACAG,3009
GTATATAATAAGAAAA,3009
AGACTAAACGCATTAA,3008
AGCCAAAAAAGCACTC,3008
CCAGTACACTAGGTTA,3008
AAGTAATAAAATTGCC,3007
ATAATAACTGCAATAT,3007
CAATCACTGACGATTT,3007
CTTTCCGGTAATCAGA,3007
GACCTGAAAGAAAAGT,3007
GCAGGGTTCACTTTGG,3007
GCCGGAAGGGATAAGT,3007
GCGGCCAAGATCCATC,3007
AGGAGGGACCAGACCT,3006
CAGCATATGCAAACTA,3006
CTATAAGCAACTAACA,3006
AAACGTTTAACGCGGT,3005
ATCCGTAACCCTTCTA,3005
CAATTTCCGCAAACAG,3005
GAAAGGCGTGGAAAAA,3005
GCATGGTGGCAAAGTT,3005
GTCTAGCGTAGAGTGT,3005
TCTTATACAAGACAAA,3005
TGTTCAATATCTAATT,3005
AAAAAGGAGGTAGTAA,3004
AACGAATCTGAAATAG,3004
AAGACCTAAATACTGT,3004
ACCGGCTAACGTAAGT,3004
CCTGCATAGTATACCT,3004
GGCGTCGCAGCATAAA,3004
GTAATATGGATCATAG,3004
TAATACTTCACGTTAC,3004
TGTTAGGTCCATTAAG,3004
AAACGCCTGAGGTAAG,3003
AAATAGATGCTATCTA,3003
CACCTTTTAAAGGGAC,3003
CAGAAAAATCCGAAAA,3003
TCACATTATTTCACAT,3003
TCTAAGTCCCTGCATT,3003
AAGCCACTAGACTGCT,3002
AGTTTGAACCGCTAGA,3002
TAAATTAGCCGTATGC,3002
TAATCTAAATAGATAT,3002
TCAAGCCGAACGTATG,3002
TTTAACGTTTGGTACC,3002
AAGTTCCCGAACAAGC,3001
CAAGACACAATTTTAT,3001
CGTATTCAACATATTT,3001
TAAATGGTAACTAACT,3001
TCAGAAAGTCTTACTA,3001
ACGCGACCTCATGCAT,3000
ATGTTTACTTACGGCC,3000
CAATATTTCCAGTTCG,3000
CAATTAGCCCTGATGT,3000
CTGCATCAACATAACC,3000
GATAATGCATTCTTAA,3000
ATAGAGACCTTGGCCC,2999
CCTCAATATCCTATTT,2999
CTTTTCCAGAAGGTAT,2999
TTTTAAAAGAATCAAT,2999
ACTATGTCATACAACG,2998
TACATATTTGTTGCTC,2998
TACTAGCCTCATTCAA,2998
TGATTGATGCATACAT,2998
ACTCATTCAACATTAC,2997
ATCGAGGTCCAAATAA,2997
GTTGTTGTAAACAGTA,2997
TCTTATAACCAGATCG,2997
AAAGGAATCAAATCTG,2996
AGAACAAGTAGAAAGA,2996
AGCTTATGCCTGTGAC,2996
ATAACGCGTTGCGGGG,2996
CCCTTAATATATTGAC,2996
GAATCAGAGCACAATA,2996
TTAGGGTTATCAGCTG,2996
ATTGCCTAGATTCAAA,2995
TTACATAACTACACAA,2995
AATATGCCCTCTATTG,2994
ATGATTCAAAGTATCT,2994
AAAATAAACCCCACGG,2993
ATGACGATGAGGAGCT,2993
CATAGGCAGATGGAAC,2993
TAACAATCACCATGTA,2993
CTGAAATTGCCACTAC,2992
ACCACCAAAGATAAAC,2991
CGCCATTCCAGCATTA,2991
CTAATACGATGAACGT,2991
GAGGATAAATAAAAAT,2991
GCTCCTGGGTACCTCG,2991
TACTAAACCCCTAGTT,2991
TTTCTACCACCCTGTG,2991
AGCCTTTTTTATTCTC,2990
CATATAAACGCTGAAC,2990
CTAGCTTTTTAACTAA,2990
GTCCCTCGTAAGCACT,2990
GTTTTCATAACGATCG,2990
TAATCCCGTGATGCTT,2990
TTATAAGCGTAAATAC,2990
AAGTCCGGCCCCTGTG,2989
AATCGAAAAAAAGAGA,2989
ACCCGTTTAATGGCTT,2989
CATATCGCGCTAAAAG,2989
CTTAGCAAAAGCTTAA,2989
GGTAGAGTTAAGGGAA,2989
TGGATCACAACGACTT,2989
CGAGCTGTCCCAGGGA,2988
GACAACGGAGAAAAAA,2988
GATATGTTAGACAGCT,2988
GGAACTTTTCATACAG,2988
TATTTAACCAACCTTC,2988
TGGTTAGGTGTCGGCA,2988
AGATTGGTAAGCCAAC,2987
CTATTATTACTCAGAT,2987
CTCCTCACTAAAGCCC,2987
CTGTACAAGAAGGGAA,2987
GTAGACCCAATTCACT,2987
TACCAAGGTATACGGA,2987
TAGACTGTAAGAACAT,2987
TCAGAGGATGAATGCC,2987
AAAGTATTAACTTGTT,2986
AACGAATCTAGAATAA,2986
AACTGATAGCACATGT,2986
ACAAAAGGTACAGAAA,2986
ACAAATCTGCGAAATG,2986
ACACGCTTGACCCGTT,2986
AGTTTTCACTGCACAA,2986
CAAAACCTTGACGGGC,2986
CGAACACGACAATGCA,2986
CTCTCAAGGAAAAGTA,2986
GTACTAATCGATATAG,2986
TAAACTACAAAACAGC,2986
TCCAGTCCATAATAAG,2986
AGAGGAAGGGCACCAA,2985
CCCTCAAAGGCCTCTG,2985
GCCACTCAGAAACACT,2985
TAAACCAGCAACCATG,2985
TAGGCGGCAGAGGACG,2985
AACAATCGACAGGTTG,2984
CATACTGAGATTCTGA,2984
CCATCGCTATAGCCCA,2984
GAAGCGACGTCCTGTA,2984
GCCTGGTCAAGAGTTA,2984
ATAGGTATCCAATAGC,2983
CGAGGATCACCGATGA,2983
CTCATACCAGGTGACC,2983
GAACACACCATCCTCA,2983
GCGGGGATAAGTCGCG,2983
TCTCCCATAACGTTCA,2983
TTAAGATCCTTAACAC,2983
CCAAAGTGAAATCAAA,2982
CTACGAAGTAAATAAG,2982
GAGAATAAAAATCAGA,2982
GTTCGTACACCCGCCC,2982
TATAACAGATGATGCT,2982
TTTAATCTCACCACAT,2982
AGCTCACAATCCTAGA,2981
ATAAAGTTTCTTACTT,2981
CGTTGACCCCAAGCAC,2981
CTAACTCATTCCATAC,2981
CTACAGAGACAGGCAC,2981
TACTACCGCCCATAGT,2981
TCCTAAACTCCGAAGT,2981
AAAAAATAGTTAGCCT,2980
AGCCTGAGCCCGCCAA,2980
ATCTAGGATTATGATA,2980
ATTCGGACAACACCGA,2980
CAGATTCATTCTTCAA,2980
CCTACTCTTAGGTTAG,2980
TGATCAAGGTATTTAT,2980
ATAACCTAAAGTGTTG,2979
ATCTACAATGTGGAAG,2979
GGTACACTTCCCGAAA,2979
TATAAAAGCTGCCTTT,2979
TATAAATGGCAATTTC,2979
TTACATAGAGCTGATT,2979
TTCTAAGGTGGTCAAA,2979
AAGAATCGCCTGAAGA,2978
AATGACCAATAAATTC,2978
TACATCATAAGGAAGA,2978
TACCGCTGTAATGCGC,2978
TGACAAATTGTAGTAT,2978
ACAGGTTAATATAAAA,2977
ACCCTACAAACAAATG,2977
CAGTGGACCAAAAAAT,2977
GATCATCCTGCTAAAA,2977
TTATTACAGTAATTGT,2977
AACGCCATTCAAGGCA,2976
ATAGACGAGGTTTAAC,2976
TATACGACACACACAT,2976
ACTATGTTCTGAATAT,2975
CAACTCGTTCGCTGGC,2975
GATTAAGATCCAGTAC,2975
GCTTATAGCGTATACA,2975
GTATTGATTCACCTAC,2975
TGCGCCCAATGCCCGT,2975
AAAGTTTTTATGCGCA,2974
AACACAGACCAGACAT,2974
CAACATGAACCGCCGT,2974
GCGGATAATTATATGA,2974
CGTACTGCGACCAGGA,2973
GTAATACGATTTCAAA,2973
ATATTCGATTACAGGC,2972
ATTGTTAAACAAGGGG,2972
TAACAATCATATTAAG,2972
TATCATCATCTCGTAT,2972
AAAAGCTTACACGAAA,2971
ACTTCATGGTTTCAAT,2971
CCGCACTGCCCATCCC,2971
CTAGGCAGTATTAAAG,2971
GAAACTCAGAAATGCG,2971
GACAGTACCAAATCTT,2971
TAACCTACAACTTATA,2971
AGATATTATACGCCTG,2970
CATCAGGTCATATACA,2970
CCCATTGGAGTGAAAA,2970
CGCCAATGTCATCACG,2970
AGATAAATAATTCCTT,2969
AGTTATACAAAAAGAC,2969
ATCCGGGGCATTTGAG,2969
AATGACTATAAATGGT,2968
CTAGAACACAGGTATG,2968
GACACCAAATGACAAT,2968
GTACCAATCTCTGAAT,2968
TCCCGACCCGACTGTC,2968
GAGATAGAGAGATGAT,2967
GATCGATTTGTTACGA,2967
GTACAAGCAATCGTAC,2967
TCAATCATAGAGTAGG,2967
AGTTGAGTACATGCAT,2966
TACACGACGATAAGTG,2966
AAAAAACCGGCCAGTA,2965
AAAGGAATATCAGCTG,2965
CCTATAGTGTAAGTGT,2965
GCTCTATGAATAGAGG,2965
TGTTGATGTCTCCAAA,2965
AGCGCAACATAAGTGT,2964
ATAGCAACTGAACAGA,2964
GGATGACCGATTAATC,2964
GTACCATGCCCATGAC,2964
TTGAGCGTTTCATACC,2964
TTGGACATATACAACG,2964
AGCCCGTCCAAACCAT,2963
ATTTGCATAAATGAGC,2963
CAATGATTATAAATAG,2963
CGAAACTTGCTTAACA,2963
GCAATCACAAGTGAAT,2963
GTCACAGTAGGAAGAC,2963
TTAGCACAAATAATCA,2963
AATTTCGTAGAGGAAT,2962
ACACACCTCACTTATG,2962
ATTATTTACTTTCATA,2962
GTTATCCCAGAGAAAC,2962
AACAGAGTATCTCGAT,2961
ACAATCCTTTTCGGTT,2961
GGATGACTTAAACGAA,2961
TATCACAGAAAGGTTA,2961
TCAGTCGCACCTCGAT,2961
TGAATAATGGACACCA,2961
ACACAGAAATGCTGGA,2960
ACCGCCACTCAGTTTA,2960
AGCCTGCCCATAACAA,2960
CATATTTATTATGGTC,2960
CCCACGGCAAACCATA,2960
CGCGATACTTATGATA,2960
GCCATAAGCATAGCAC,2960
TAGTCTAATGCCAAAC,2960
TCAAAGCCACAGTAAC,2960
TGTACAATAGGCTATG,2960
TTAAAGGCGTTGAGAA,2960
TTCGAATTTAAAGGAA,2960
ACATATAGACCTACAG,2959
CATCTCTAAATCTTAC,2959
CCATGTGAGCGTAACA,2959
CCCTGAAGTCCGAATC,2959
CTACATTGAACGAAAT,2959
CTGTAATTCCGCAAAA,2959
GAGGTCTCACAAGTAA,2959
GGAGATACATATAAGA,2959
TTACATTAACTCGGCT,2959
ACAGCGTAGACTCAAA,2958
CACTCGGGTAACGAAA,2958
CATTACTTTATTGCTA,2958
CCAACTATAACTTGGA,2958
CCAGTGTCCCTTTGAG,2958
CTATTATCAAAAAAAC,2958
GAATTTCTAAATATGC,2958
GCTACAAATTATATAG,2958
GCTATGCTAAAACCGC,2958
TAACTATTCACCACAC,2958
TCTTCAAAGTGCACAT,2958
ATTGTTATTAGTGGCA,2957
CTAGCTGATGAAGCTA,2957
GAATACAGACGGATAA,2957
TAACAGATAGACACAT,2957
CAGCTAAACACGTTTC,2956
CTTACGTTACCCCAGT,2956
GATACCTGCCAACTAG,2956
TCGCCACATTAACATA,2956
TGGCCTGCTATATACT,2956
AACATTCCAAGAGAAT,2955
AAGGGTAACCCCAATA,2955
AATGCGAACCTAACTG,2955
ATAAGGTTAATAAGTG,2955
ATCATGTAACTGTCAG,2955
CAAGTTCCACGCGCGT,2955
GAAGACCAATAAAGAA,2954
GGCTGTCCAAAAAGAG,2954
TATCAGATAAAGGTTC,2954
TATGTTAAGCAACCTA,2954
AAGAAAAAAGAGCCTT,2953
ATATAACCTGAAAGTA,2953
TCAAAACTCAACTCAA,2953
ATAATTTGAGACACAA,2952
CAACGCGTAAACAGTA,2952
GCCACCAGCAGCATCA,2952
AGTACAAAGGGCAAAT,2951
ATTAAGGCCAGAGTAC,2951
GCTGAAAATGAGTGGT,2951
GGGGATCCACTCTCCA,2951
TAGGATTTCGTGCGAG,2951
TTAAGTAAAATCAATT,2951
ACAATTGCATCCGATC,2950
CGAGGACCAGCCAGAT,2950
CTATTTGATATGTCAT,2950
GGCTCATGTTTCGTAC,2950
GTCCTATCCACTAAAG,2950
AAAGAAAAAAAGAACG,2949
ATCAAGGATACGAATT,2949
CCCTCTGAGGTGGGCT,2949
GCAGACCAAAGTCTAT,2949
TTAGCTTGTCTTAAAG,2949
AGGGGGAGACAGATAC,2948
CTTGCGGGACCCTCAT,2948
CTTGTATCTGAAAGGA,2948
TAAACCCGCGATAAAA,2948
TATCATCTGGGGCTTT,2948
TTCCTATGCGAGATAA,2948
AATATTCTGGGTACGC,2947
ACGCATACACCATCAG,2947
CACAATCCCAGGAATA,2947
CGGGCGTGGGACCAGA,2947
GCCTCTGCAAAAATCC,2947
ACAGTCGATCACAAGA,2946
TAGACTTGAAGCCATG,2946
AAAACAAAAGCATTAA,2945
AACAGATAAGTTCTTA,2945
CTAATAGCATGAGTAC,2945
TACACTTACTCGTCCT,2945
AGTACATATTATATCT,2944
CACCGCCTCAGCTCCT,2944
CTCAACCCGAAAACAA,2944
TTAGAGCCGCCAATAA,2944
AGAAAACACTACATAA,2943
AGCGTTAACTGATCAT,2943
CTAGCAAACATAAATT,2943
CTCTGATCACAACGAG,2943
GACGCATCCCGAGGAA,2943
GTTTAACATGAATTAC,2943
TAAGGAGGGAACCGTG,2943
AACTGTATCCAGCATA,2942
AAGCGTCCAATATGCA,2942
AATCGACGTGATCAGG,2942
AGATAGGTCAGCTACT,2942
ATACCTTCTGGACTAT,2942
CCAAGCCAAACGAGAT,2942
CCATTACGCCATGGAA,2942
CGGAATATTACTCCCC,2942
CTCTACACCCGACAAC,2942
TAATCGGGAAAAGAAA,2942
TCAAATAAAAAGCGAT,2942
AGAGCCCAAATAGAAA,2941
ATACATAATGAGATAT,2941
CAAGGTAAAATGTTTG,2941
TCTCGTTTGAAGACCT,2941
CAACCCCGATGCGGAC,2940
CACAGTCACGGTCCAG,2940
CTGGATAACTAAAATT,2940
GCGTGGGCACGTTGAC,2940
ACCGGCTATGTAGTCC,2939
AGATTGAGGAAAATTT,2939
CACAAGCGGACCGCGA,2939
CACACCAAAAAAAAAT,2939
CATATTTGACTTGAAA,2939
CGAACAGAAGAAGAAT,2939
CTACGTGGTTAAACTT,2939
AATACGTTGCTATGAG,2938
AGACGAATACACTTCA,2938
CAATTACGTTACACGA,2938
CCCTTTTTGATATCTT,2938
CTCTACTTCGGCCACA,2938
GCCATACAAATGATAT,2938
TACTTCATTTCAGAAT,2938
TATCCTACTGACTAGA,2938
AAAAGACTCATATGAA,2937
ACAGACCTCTAACAAA,2937
ATAATTATTCTGCCAT,2937
ATCATTAAGCAGTAAT,2937
CCCCACATTGTTCCCA,2937
GAGGTCCCTATAGCAA,2937
TAGAACCCTTCCAACT,2937
TCCACTTGCCTGACAT,2937
TTGGTTGCATTCCCCT,2937
AACCTAAGAAGTTCAC,2936
AACTATATCAACAAAA,2936
ATACTCTCATCAGCGT,2936
CATTTAAATGATTCTA,2936
CTCCGGTAAAATAGAA,2936
GAGCTTACTTGTTTAT,2936
GCTTTTTAACACACCA,2936
GTCTATAAACCAATAC,2936
GTTTTAAGTCCAGGAG,2936
AAATAATGTCATAGAG,2935
ACAACGGAGGTAAGTG,2935
CCAGAAGATCCCATAA,2935
CTCTACTTATAAGTCC,2935
ACTATAAAATGTTAGT,2934
AGAAATATAAACGTAA,2934
ATAGGAAGCCGTTCTT,2934
ATTTTCCTTTCACGGG,2934
CCGTCTTGCTATATAA,2934
GCACTAAATTTGTAGT,2934
GTGATAACTACATGTG,2934
TGTTAGTCTCAGGCTT,2934
TTAAAGAAGGTGATTG,2934
TTACAGATACGAGATC,2934
AATCATGAACAAGTTA,2933
CCCGTTAATTTAGTTA,2933
GATAAAACTGCCCCCT,2933
GTCGTTTAAGCTCTAC,2933
TAGATACTTCATGAAC,2933
CAACTTTACCTTTTAA,2932
CACTTTTACTGCCGAA,2932
GGCAACAAAAGTAATA,2932
AAATGTGAAACCGTTA,2931
CCTTAAAAGCTTGCAG,2931
CTCCGTCAAATACTTA,2931
TAAGAGTACGCAGAAA,2931
AAACCCTAAAAAAGGC,2930
ATACTCCAGTCCGAAA,2930
CATAGCTAAAAATTCC,2930
GCTATGGTCCACCCGG,2930
GTCTCCATGGGGTCCG,2930
AAACTGAGATACACAG,2929
CAAAACTATCGCAAAG,2929
CTTCCCAAGTGTATAC,2929
TAGATATTAGAATAAA,2929
AACAGCTAACAGTATC,2928
AACTTAAAGAACTTTT,2928
AGGCTTACATACTCAT,2928
CCAAGCTCAGAATTGC,2928
CCAGATAGCCTGAACG,2928
GAGGAATAAACGGAGA,2928
GCGTCTCTCAACCACG,2928
TCCGTTCAACTCATCA,2928
TTCCCAAAATGTTATT,2928
ACACCTTCCCACTATA,2927
CACGGTAATGTTATAT,2927
CATTAAACTGTAGCAT,2927
CGACTAAACCAAACAC,2927
CTACAGTTCTGACTCG,2927
CTATATCAATGCACTC,2927
GGAAGTAACAAGTTAC,2927
TAACTGGGAAAAAAAC,2927
TGAAGTGGCAATACCG,2927
TGCCAACAAATCCTTA,2927
CCTGCGCCGACTACAC,2926
CTTATAATCATTTTAG,2926
CTTGAAAAAGTTAAGC,2926
AATTCGCGGCAAGGAT,2925
ATATTACACAGGAGAA,2925
GAAATAATTATCCTAA,2925
TGCGAAAGGTTAAAAA,2925
AGGAGCTGTTTGATGC,2924
ATAGTGACCCACAGGA,2924
CCCAATCCGTGTTAAC,2924
TCAATTCTTCCTGGCC,2924
ACTCCTCTTATCGAAT,2923
CCCAGTGAGTTAAAAA,2923
AACGCAATGTACTCTA,2922
GCGGCAAAATGAGTAG,2922
AAGATAGATCGCTTGC,2921
ACCCCTTAGCCAGACA,2921
ACGCATTACAAGTGAG,2921
AGGTTGACAAAATTTG,2921
ATGTCAACCAACCTCC,2921
CATAGTCTTGCCAACC,2921
CATCAATTTAACCGCT,2921
CGGCCCGGGAGTCCTA,2921
GTGATAGGACGGCAAA,2921
TAAGGCAGCCGTCAAA,2921
TTGAACAACCGCATTC,2921
AGTTCGCTCATTTTAA,2920
GACAAAATTACACTAA,2920
TAAATACTTACAACAT,2920
TAGTGAGATTATCACT,2920
AAACTATACATATAAA,2919
AATCCATCGGTGAAAG,2919
ATGCCAGGAATGCGTC,2919
CGGTACACATAACACA,2919
GCAATACACTCCCCAC,2919
GGCATAACAAACCATA,2919
TAATTTCCTTATCGCA,2919
AAAGACCATCAAGCGA,2918
ACCACCCTTAGAAGTA,2918
AGGTACACATCAAACC,2918
CGAAAAAATGCATATT,2918
GAATACATTCCAATAA,2918
GCAGAAACTGAAGTGA,2918
GTTAATTGTAACGTGC,2918
TCCTAGAGAATAACAT,2918
AAACCAGCATTTAGGA,2917
ATACCAAGCATCGTAT,2917
CCCAACTGGTACGGAG,2917
CCTGGATCCAAATAGT,2917
CTATTACATGTCAGGT,2917
CTTCGGAATTCTATAG,2917
TGTCCATTAACATTCG,2917
AATTAGGAGCCTCGTA,2916
ACAACACACTTAAAAG,2916
AGGGCTCATAGGGTAT,2916
ATCTTTTACCCAGCTG,2916
ATGGCGCAAGTAGCCA,2916
CCATAATGACAATCCC,2916
CCGCAATTGATGACCA,2916
GTGTTCTACCGAAAGC,2916
TGACTACCGCACGTAC,2916
TGATTGCGTTACATGC,2916
TTGCTGTCTGTTCATA,2916
AAATGATATAGAGGAA,2915
CCTTACAGGAACGACA,2915
CTTGAACCACGTCATG,2915
GGAGCAACCCACCAAT,2915
AAAAGTATAAAATGGT,2914
AAAGATCGGCAAAACA,2914
AAGTATCTAGAATCGT,2914
AGCATGAGGTTTGAGA,2914
AGTCAGGTACAAGTTT,2914
CACAGCCATGACAAAC,2914
CGTTGCATAATAAATC,2914
CTATTCGTACGTGCGA,2914
AGCTCATGGCATTACT,2913
ATACGTTTTAATTCTG,2913
CACTTGATTATTACAA,2913
CCACGAACAGCACCAG,2913
CCGGCGCATCACCAGT,2913
CCTTTTTCGAATTCAC,2913
GTTAGCTTGGTTCAGC,2913
TCAAATTAGATGGAGC,2913
AAACTGAATCTAATAT,2912
ATGGGATAAAGGGATT,2912
CATAGCCGATGATATT,2912
CCGCCACGAAAGCCAC,2912
CTGACTACAGGACGCA,2912
GAGCTGGAGCTAATCA,2912
TCTTTACAATGTATGG,2912
CCTCGCGGCAACTATC,2911
GAATCTCACTAGGCCG,2911
GACAAAACCTCAAAAT,2911
AATAAGAAGTATAAGA,2910
AATACCTGGAACATCA,2910
AATCGGTAATAGAATC,2910
ACCCATTGAAGTAGCT,2910
AGGCGCAACTCTTGTT,2910
GCCTACAATGAAGCGA,2910
ACCCAATAAGTCTTCG,2909
ACCTAGCGAAGAACCC,2909
CAACTACATAGGTGAA,2909
GAAGGCCAACGTAAAG,2909
GATCGTGATTGACCAT,2909
TAGACTCGAAGGCGTG,2909
TGCCTACGATTCGTAC,2909
AACAGTCAATCCACAC,2908
AGGCAAACAAGTAAAT,2908
ATATGCTTAAAAACGA,2908
CAGGCGAAATACATTT,2908
CTGTAAATGTCCTAAG,2908
AAAACATCACAGAAAA,2907
AACAAATGAATGCCAA,2907
CACATACTATGAAATA,2907
ACAAAATGTTGTAGTC,2906
AGTTACATTCCGAGAA,2906
ATCTTATGATAACAGG,2906
CGATAGAATTCTAAGA,2906
ACTCTCGCGTTTACAT,2905
ATCTAACAAACTCCCA,2905
CAATTCAAAAGCGCAC,2905
GCGATCTTGCACATAG,2905
TAGCTTTCTGCTTTCT,2905
TATATCTCAACCAGAT,2905
TGAAAACAAAGACGTG,2905
AAAATATTCGAGGCTA,2904
AACATAATTTATTGAT,2904
AATGCAGTGGCATCCT,2904
AATGCCATGTTGTCCG,2904
ATAGACCGATATCCCA,2904
CGAAATCCAATCTCCC,2904
GAAAGAATTTAGAACG,2904
TATATATAATTATCGG,2904
AAAAAAGAAACATGTG,2903
AAAGTAATTCGAGTGA,2903
AGAACCGAGCTAAAGA,2903
CTCCGAGCCACTCACA,2903
CTCCTTATATCGTCTC,2903
GTTAATCGATCTGGAA,2903
TACAATACCGCGAGAG,2903
AAGAGTATAACAGCAT,2902
GAATAGTAGCTGCGAA,2902
GATAGTACAAATGATT,2902
GCTCACGGAACAACAT,2902
GGAAGTAGGTCGATCC,2902
ACTCATATCACAATTT,2901
GATTTTGAGCAACCGG,2901
TAAACTTAGCACTCAT,2901
TTACAGCGCTTGAACT,2901
AGCTTCTACAACGTTC,2900
CTAAATGGCAATTGTC,2900
GAAACTATGAAACCTC,2900
GAAAGGAATGACAAAG,2900
TCGAACTTCGGTTAGG,2900
ACCTCCCTTGAATACA,2899
ATAGTACCGAGCTTAG,2899
CTGACTGATTAAACTT,2899
CTGCTCCCCTACACGG,2899
CTTCTAGAGACGAGGT,2899
GAACAACGGCTAAAAC,2899
GCAACTACGGATCTGT,2899
GTACAACACTAAAGTA,2899
AATTCTCATTGTCAAA,2898
AGTAATTCTTTTAACT,2898
ATAAAAAAAGAGCATC,2898
ATGGATGCAGGTACGA,2898
TAACAAGACTCAAAAC,2898
TCGTCATCTACACGGA,2898
AAATTGTAACGCAAAT,2897
AGAGAACGTTTGAATG,2897
AGATGCAAGTAAACTG,2897
ATCACATCAAAAAACA,2897
GAAACGAGGTTAGATT,2897
GCATTCACCCTTACCA,2897
GGATATCATGCCCGAT,2897
TAGATATTTAGATACC,2897
TCTAGACAAACACTCT,2897
TCTGTGATGCCCGGGT,2897
TGTACGCGGTCAAACA,2897
AACCGCATTCTACGAC,2896
AGTATTGAAAGAGGCC,2896
GTTGAGTAAAGTATTT,2896
AGAACAATGTCCAAAT,2895
CTCTCTCCACGAAGAA,2895
AGACACCGACACAGAA,2894
CGATATCATCAACATA,2894
CGATTTTACAACATGC,2894
CTTCACATAAGTTTGC,2894
GTTGCTAAAACAAATC,2894
AACGTTCAAGGAGTAG,2893
ATGCAGTTAATATTAC,2893
GGTGAGACCGCTAATA,2893
TACCGCGCTTCCCCCT,2893
TATGCATGGTTGTAAA,2893
TGGGTAGTTGCAGCTC,2893
TGTGACTAAGACCCTT,2893
TTCCAGACGCAACGGT,2893
ACGTTAGGCATACAGT,2892
AGAACTTAGAACGGGC,2892
AGGGCACGCGAAGGAA,2892
AGTCCGTCACTAATTC,2892
ATGTCAACGCATGAGT,2892
CACATGAAACTCTCCA,2892
CTTCAACCCCCCGTAT,2892
GAAATGAAGTTTCACA,2892
GGGATAAAGAATGAAA,2892
TGCGAAGTGCTTTGGG,2892
ACACTAATCCCTGAGA,2891
ACCTAGAAGGTCCGAC,2891
CAGACACTGCCCGAGG,2891
GTTATCAATCAGGATT,2891
AAACGATAAGTAGTAG,2890
ATAGAACAAAAACAAT,2890
GACCATTTCCTGTTTT,2890
GACCCATCACTAATGG,2890
GATAAATAACAAAATT,2890
GCAGTCGGCATCCAAA,2890
TCTGTAAAAACTAGGA,2890
TTATATACTAACAATA,2890
TTGAAGAAAAGAACCT,2890
AAAGGGTTATCTGCTT,2889
AATTGTCGGGAGAGAC,2889
AGATGATCCTAGTTAC,2889
CATACCTAATAAGTTG,2889
GATTCCCTTGTAAACC,2889
GCTCGTTTACACATCC,2889
GTATATATAAATACCT,2889
GTTTGACATATTGAAG,2889
TGTGTACAAAACAATG,2889
AAATTAGTACCGACGA,2888
ACTCACAAAGGGAACT,2888
CACCCCTTACTGTTAT,2888
GAGGAGAATCAATTGA,2888
GGACCTCCCCGCGAAA,2888
TAGGATATATTAGAAA,2888
TCTACCAGTCATCTGT,2888
TGTCGGAGAGCCAACA,2888
AAAGGTTCCAAATAAG,2887
AATCCCAGCCCAACTA,2887
ATGAACCAAGGTCATA,2887
CGCACAAGTGCAGAAC,2887
GAATGATATGAGAATT,2887
TAAAAATCATGGTTTT,2887
TAACTTTAGTAAGCAC,2887
TAGACAAATCTACTGT,2887
AAAGGACCTACCATCC,2886
AACAGACAGTCGAGCT,2886
ATATGTCCATTAACGG,2886
GAAACGAGAGTCAGTC,2886
GGACCCAATTGTACCC,2886
AAAACTAATAATGAAG,2885
AAAATCAAGAGTAACC,2885
AAGGTATTCCGGATGG,2885
ACAGAGTCGTAAAACT,2885
ACTGACTTAGCCAGAG,2885
ATCCGGACAACAAAGC,2885
GAGCCACTAGACGAGA,2885
GTCATCCAGGCTGACA,2885
TATTGTATAGCTTGGT,2885
AACACTTAACAGATTA,2884
ATGAGCCCTAATATGT,2884
ATTGAGGCCATCAGTC,2884
CAACGTGGGGAATAGG,2884
CTGACCATCCAGAATA,2884
GGCTATGAGTTAATAC,2884
TCAGTCCTCTCTCTGC,2884
TCATGCTACTTCTCCA,2884
ACCATTTAACTACAAT,2883
ATTCGCACCGACGGCA,2883
CATAATACTAAGCATA,2883
CGATGAGTAGCGATAC,2883
GTATTACACCTAGATG,2883
TACTAATTCATTTGGG,2883
AACAAAGATATTGAGC,2882
AACTTGCTCATACAGA,2882
ACCCGACCAGCCAAAT,2882
AGTGACCTGAGCTGGT,2882
CACGAAAATTCGACAT,2882
CATATATTGTACACCA,2882
TCATTTTAAGTATTTA,2882
AAAGAATGAACCGCCT,2881
ACGCGCCCTTTGTGCG,2881
ACTATTAAAGGTTCAA,2881
AGTCGGACGATAACTA,2881
GCTTTAACAAAGCTGA,2881
TACAGACCTGGCCGTA,2881
TACCCGAAAATAATAA,2881
ACGGGGATAGGACTAT,2880
AGGAAGGTTCACAGCC,2880
CGAATATTACAAAAAT,2880
CGACAAACGGGATATG,2880
GTTCTTTTAGGCCCCA,2880
TCTTCGCGTGAGATAC,2880
TGCCAGTACATTTTAT,2880
TGTCGACATCCTCCCA,2880
AAATCGAGTAACCCAT,2879
ACAATTCTGCCTATCA,2879
ATTCTCTGATGTATTA,2879
CATAAATCGAATATCT,2879
CTTGGCACTTGGACTA,2879
TGAAAGGTATCGGGAT,2879
AACCGCAGCCCAATCG,2878
ATTTTATACACAACAA,2878
GAGCACACCTTGGGTA,2878
GTGACTAGTTATCTCA,2878
AAGAACTAAAAGTAAA,2877
ATTTTCTCCAGATATT,2877
GAAGTCGCCATATAGA,2877
GAAGTGTTTGAGTATT,2877
GACAACTTAAGTAAAC,2877
TAATGTGGACATGACT,2877
AAATTCGTTTTTCCAG,2876
AAATTCTAAGAAAAGC,2876
AGTATATGTTTTCAGT,2876
CTCATAGTCATCATTG,2876
GTCCGTAGATTCCCAT,2876
TCATACCAGCTCTTGT,2876
TCTCGAATAACGTGAT,2876
TGTCATCCTGACTAAA,2876
TTGATAGGAAGCATAA,2876
CATACCATAAAACTTT,2875
CCGAACAAATTGAGGA,2875
GATACGTACTCTCCAA,2875
GCAAATACTAGTTATA,2875
GTCACCCAATAGCTAA,2875
TAAGGTCGATACATTT,2875
TGATCCATTTTCCACA,2875
AAACCTCCAACCCAAT,2874
ATCTGAAAACCAACCA,2874
TAAAGAATTTTCGTGC,2874
TATGAATAAAACAAGT,2874
TGGTCGAAGGTTTCAT,2874
TGTCATCAACTGACGA,2874
TTCGGAAACTTATTCA,2874
AACCCAAACAAAACCA,2873
ACTTTCCTACCCGCCC,2873
CAATCACATTACAGAC,2873
CTGCACTAATTAATTA,2873
GTACTGGACATACACC,2873
TCCTTAAAACAAATAT,2873
TGCGAACAAAGGTTCC,2873
ACAATTTAGCGTCCGG,2872
AGAAAAACGAAAGTGA,2872
GAAATATCCACAGGAA,2872
TCTCATAAATGGAAGA,2872
TGTCCTACTATAAACT,2872
ACCCTAATGAGACTTG,2871
ATAACTTACAAACAGT,2871
ATAGTATAGTCCTTGC,2871
CATCTCGTCTAATCAA,2871
CCGGGCTCCCCAACCG,2871
CTAGAAGACTCCCACC,2871
GAAAAGGAAAATTTAG,2871
GATATGTTGATTAAAA,2871
GTCAAATCCGTATATA,2871
TATGTAAAACCATTAT,2871
CATTAGCAAAATAAAT,2870
GGAACAAGTCCGCCTG,2870
TACCCGCAATTGACAA,2870
AATGACCGGGACTATT,2869
ATACACCAAACAAACG,2869
CATACCTGCTGACACC,2869
CTCCGTGAGCGCTTAG,2869
CTTATGGCATTGTTGT,2869
TGCCCGGGTGCAACAG,2869
AACTGATGCGCGAATG,2868
TGCAAGTTGACTCTTT,2868
ATGCAGACAACTCAGT,2867
CAATTGGAAAAACAAA,2867
CGTCCGGTACTTCTGC,2867
TGGCCACATTTCAGAC,2867
TTCGCCTAAGTGGGCA,2867
ACCAAAAAACTCACAG,2866
CACTCCCCACGCATCT,2866
GATAAACGACTTTGAG,2866
GCAAAGTGGACGGAAT,2866
TTGTCTATACTACTAC,2866
AAATAGACTCCACATT,2865
AATAGCAGTCACAATT,2865
ACTAGAAAAAAAAAAT,2865
AGATATAGGTTTAACA,2865
ATCATACGACCCGACG,2865
CAAAGCGAAATCATTT,2865
CATAACCAATTAGCCT,2865
CTTCGATGCCAGAGAG,2865
GCGATACATCAAAAGT,2865
GGACATGCAATGTGCA,2865
AAACAAACTGTGACCC,2864
AATCAAATAAAAAGAC,2864
ACAGAAGACGACAAAA,2864
ACATTTATTTCGCCAT,2864
CTTACTTAACTATCCA,2864
CTTAGGCCGTAATCTT,2864
GAGCATCAAAGAGTGT,2864
TACGTGTATACTCCAA,2864
TACTACAACGAATAAT,2864
TCTCTTTCCCGCGAAC,2864
TGAGCAAGCAGTAAGC,2864
TGATAGAAATACAGAG,2864
TTAACACCATGCTATC,2864
AAAGTAAACACTGCTA,2863
AAATTGATCGTAAGAG,2863
AATCATATCATATAGG,2863
ATCATGTGAACAGATA,2863
TAAGGACATGCACGAT,2863
TACATCTCCTGAGAAT,2863
TCACTCGTTTTCTTTT,2863
AATTCATTTTCATAGG,2862
ATACAATTTTATGGAA,2862
ATGACGCTGAGGCCGA,2862
CACATACTTGCCTGTG,2862
CCGCATATAACTTATT,2862
TACCTAGATAGACTAC,2862
TTAATATTCATTAATC,2862
AAACCAGGTAGTACCT,2861
CAAACCCAATCGCTTT,2861
CAGAGCATATCAAGTA,2861
GCTTACCAAAAGACAA,2861
TACGAGGGAGACTATA,2861
TATGAGTTAATCTGCG,2861
TCAATAAAGGCGACTA,2861
TCACATCGAACCATAT,2861
AACAAATTAGCAAACG,2860
AACGCAAAAATCCCAT,2860
ACTAGGTCATCGAAAA,2860
CTTGACAGGGCATTTG,2860
TCGTGAGAAACTTCTA,2860
AGTAAAAAAACGCCAC,2859
ATGTCCAACCTCCCAC,2859
CGAAATCAAAATAACA,2859
CGGGATAGTGCCATTC,2859
GGAAAATCGATAGAGA,2859
TAAGGCTTTCTATGCT,2859
AGTGAATCCTTTACCA,2858
CAGTTTGATTCGCGGG,2858
CGAACTAACCAGAAGT,2858
GAAACGCGGCACAACT,2858
GTGAAAACTCAAAACC,2858
TCAGGGGATTCGGGGA,2858
TGAAGTCTGAAATAAA,2858
ATACAGCGTTTATTCT,2857
CAAAAATAGATTACCA,2857
GAAGACTTTACCTACG,2857
GACTACAGTGAAATAT,2857
GATCATACAAATAGAA,2857
GTCACAAACAGCTGAA,2857
TGGAGGGAATGTATCC,2857
ACGCATTAAAACTACT,2856
ATTATTAGATCGTTGC,2856
CGAATCGTAGAATACA,2856
GCATACGATAAATAAT,2856
GCGACGAAACCCCTCT,2856
GGAAGTTGTCAAATCC,2856
TATGCAAAGTCCATGG,2856
TGACATAAAGCTTCAT,2856
ACATTTTCTTACCCAA,2855
AGTTTCTGCAACTTTA,2855
ATGTCGAAATAATTAG,2855
CCATAAAGCCTAAAGA,2855
CCCCGCAACCGTAAAC,2855
GACGGTGACTTGTTAT,2855
ACACAGTAATCTCGAA,2854
ACGGTATCGACCTGGA,2854
ATAAACCGAACCACGA,2854
AACTAAATGAAGGGAT,2853
CAAGTTCGGGGCAGAG,2853
GATAACTAGTCAATTA,2853
GCTAAACATTATCCGC,2853
TATTAAGGAAGTGCGC,2853
ATGAAAAACAAATCCA,2852
GTTACAGACCTGGGTA,2852
TCATATCCATCCTTTA,2852
TGGCAAACATACTTGA,2852
AACTTAGGACGATTGG,2851
ACTAACAAATTAGTCT,2851
GAGATGTGACCAAGAA,2851
TGGAAAATGACATAGA,2851
CTAACGCCTGATAATT,2850
GAGCACACCACCCATC,2850
GATTTAACGTTTACAT,2850
GCACGTTAGACCCTCA,2850
GCCATACAGATTAGAA,2850
GTATTTCACAACGGAA,2850
ACATAGCCACACAGAG,2849
AGATAGCAAAACGAAG,2849
ATTCTAAATTAGGCTA,2849
AAAGGCCGGCAGGGCC,2848
AACTTTGCTCCCGTGT,2848
CAAACATTAGGGGCGG,2848
CCATCACAGCATTAAA,2848
GCACACAGGCGAGAAA,2848
TAACAGAAATGGCATG,2848
TAGTCTTAACGACAAG,2848
TTTTATCTAACGCTTG,2848
GATACCCAACAGACAA,2847
TGATCAAACGCCAATT,2847
AAGAACGACTCACGTG,2846
AATATGGCAACTTTAA,2846
ATCAAAAGAATTGCTG,2846
CATCTAGGCCAATCCA,2846
GTAGAAAGACTGACAT,2846
GTGGCCATGCAAGCTA,2846
TGTACGTTGAACAACC,2846
AAGATCTGTATTAGGA,2845
GCAACATAATATAAAC,2845
TAAATATCATACCACT,2845
TCCCAGACAAAAACTC,2845
TCTGTCCTCAAGTGAG,2845
TTGTACCCCATAGATT,2845
AACCTAACATCAAGGA,2844
AGCATAATCCATACGG,2844
CAACACATCCACGCAC,2844
TGGAAATAGTATTATT,2844
TTAATATGAGCAAGTA,2844
AATCCCAATGAACCTT,2843
ATCAAACAGAACTAAC,2843
GTTCAAGGAACAAGTA,2843
TTGAATCTTATTGCCC,2843
AACGCAGCTTACCGAA,2842
AATAGGTGTAACGAAA,2842
ATCATCCGAAAGCTGA,2842
ATGAAACAAAAGAATA,2842
GGGCTTTTCTCTACGA,2842
TAAATCACAAAGTCGC,2842
TCTTGTGTCTAAAAAG,2842
AATTGCACTGAGGCTG,2841
CCACCAATTTTGCAAC,2841
CTTACGTTACAGCTTA,2841
TACCTATACAAAGACG,2841
TAGACAACTTAATAAC,2841
AACAGTAAAAAAAAGC,2840
CCTGCTCTATTCTGGA,2840
TTAACGAAATCCGCGA,2840
AAATGATGCTACCATA,2839
ATATGACATGGGCTAC,2839
ATCTAAATAGAAACTC,2839
CAAGAATTATTTTCCA,2839
ACGGACTTGCAATCTC,2838
TCTAAAATGGTGTCGA,2838
CATAAGGACTGCAAAA,2837
TCCCCTGTTCTTCAAA,2837
ACCTTCCCTTCATCTG,2836
ATCCACTGTAAGACCT,2836
TAACAACAGAAACATA,2836
TAACCATATCAAAACC,2836
TTACATGCTATCCCCA,2836
TTGTCCCGCTTCTCTT,2836
AAATGGTCCAACAACT,2835
CTAGTCTAAAACCCTT,2835
CTGCCTTAACTCCGAC,2835
GATGGTCCTCTTGAAA,2835
GCAGCTCTCCGTGAAT,2835
TTCGACGTTCTCAAGT,2835
TTGGCGTCTCATTTAA,2835
ACCGAAACCATAACCC,2834
CCCGATGGTCTTTGCA,2834
TCAATACCCTTGTGTA,2834
TGATCGACGTGGCCCA,2834
AAAAAAATCAACTATG,2833
AAAATTGCTATTTTCA,2833
AACTCGGATCACAAAC,2833
ACAATTAACTGAAAAA,2833
CAAGCTTTAAAAGACA,2833
CCGAACAATCGCCCGA,2833
GAGAATCTACTTACCT,2833
TCAAATACCGACTTCA,2833
TGAAATAAGGTACCAG,2833
TTACCCAAAAGCGCGT,2833
AAAGAAATATTATCTT,2832
AAATTAATCATAATCC,2832
CACTCAACGGACTTTA,2832
CTTAGACACCTGACCA,2832
GAATGTGAGCGTCCCA,2832
GACCACATAATAAGCA,2832
GTAGGTTAGAGAATTC,2832
TAATGACTATTCCGTG,2832
TCGCATAACGCAGAGT,2832
TGTAATTAAGGAAAGC,2832
AGGATTTCAAAAGAAT,2831
GAGTAGTACAAGATTA,2831
GATCAGAGTCCACAGC,2831
TATAGCCCAAATATAA,2831
TTACCGACTCCACATC,2831
ACTAGACGTGCATTTA,2830
GATTTTGCAAATGACA,2830
AAATACTGAACGGCAA,2829
AATCCTAAAATAATTT,2829
ACGAGACAATTTTCTA,2829
CAGAAGACTGGCGATT,2829
CCACCATGAAACATTT,2829
GAAGATTACGTAAGTG,2829
TACATACTTTGATAGC,2829
TCCTGAAAAGAAATAT,2829
TGAATTTGGCTCTAAC,2829
AATGATCACCCCACTT,2828
AGAAAGATCTGGTAGC,2828
AGATGGATCGAGTGCG,2828
ATATATCCTCGTTTCC,2828
ATCGGAACAGAGGGCG,2828
ATCTTGCTGGCAAGCA,2828
ATGAGCAATAATAATA,2828
ATGATGTAAAAGCAGA,2828
CCACACCATTTCATCT,2828
CCAGCCTCAAAAAATA,2828
AACTGTAGCCAAGATA,2827
ATTAATTGACGCTGCA,2827
ATTCGTTAGTTACCTA,2827
GAACAACAAATACATT,2827
GGGCCACTATCTAAAT,2827
TCCCACAAATAGATAC,2827
TTTAGGCAGCGCGAGG,2827
AAGACTATACACTCTG,2826
ACTTCAAGCCTTCAAT,2826
AGAAATTACACCCAAT,2826
GTCCGAAAATGCCTTG,2826
TAAAACGGAACCAGCG,2826
TATTTCACAATCCCCT,2826
TTGTAATAAATGAGAA,2826
ACTGATCATACTAGAG,2825
ATATTGCGATAGTCGC,2825
CCATGAATAGTTCCTA,2825
CGACTGCCCAAACGCG,2825
GTAAGATACCCCAGCC,2825
AAGTTGCGAATACGAG,2824
CAATTTAGTTCCCTAA,2824
GAAGTGATATTACTAT,2824
GATAGACCGACCGATC,2824
TACTATATAACCCTAA,2824
TCAATAAACGCCGTGA,2824
AGTGCTTAAAAAAAGA,2823
CAACAATAGACGAAAT,2823
CAAGTCTGCCTCTAGG,2823
TAAAGAAAAACATCAA,2823
AAATCAGATATTCGCC,2822
CAATTGAAACCCCTCA,2822
CTAAGTGAAGATGTAT,2822
TGGCCTCACGAAAGTA,2822
TTAGGCGAACGCGGGA,2822
ACCCAAATCAACTGCA,2821
AGCTAAGGTTTGGATA,2821
CAAAAGATTTTCGATT,2821
CAGTGGATTCAATTGG,2821
GCAGGACCAAACTTAT,2821
GTCACTCCGTTATTCC,2821
TACCGGTACACAAGAA,2821
ACTGCCCGTGTGAAAA,2820
CCGCTCCTTACGCCTC,2820
CTCGAAGGAATCCTAT,2820
GGATCCATATCAAAAT,2820
TTAAATAGAGCGTCCA,2820
ACTTGAGGTACGAACA,2819
AGCAGGCACCAGATTC,2819
CGACAAAACCGTACGT,2819
CTGATCGTAGAGCTAA,2819
GACTGCCGAAACCAAG,2819
GTTGTTACTATAATTT,2819
TAAAAATGGAAATTTA,2819
TGACTCACGTATATCT,2819
TTAGGTTAGCCCCTTT,2819
AAACAGAGAAGAATAA,2818
AACGGACCCGGGGAGG,2818
ATAAAAAAACAAATTG,2818
GCGATAGGTCACACAA,2818
GTCTACAGGTCAGCTT,2818
TACGACAAAACCGTCA,2818
TCTAATACACAAGCGG,2818
AAATTCGATACTAGGT,2817
ATATTTGAACTATCAA,2817
CAAGGTCGAATGGTTT,2817
CGACTAACTTACAAAA,2817
GAACATCTAACCAGTG,2817
TACGGGCAAGAACACC,2817
TGGACGAATATTCACT,2817
AGACACACCCGATCGA,2816
CCCTGAAATGTTATAA,2816
CGGAAAGAAAAACCTT,2816
CTCGTATGTACTCTTT,2816
GATTTTTACAGACAGA,2816
ACAGATAATCGAAGAC,2815
ACCTCCTCACGAGTTC,2815
ATGATCAAATGTATAA,2815
CAACTCTTACTTACTT,2815
CATGCGATATCTTAAA,2815
CCTACGTCAGACAAAG,2815
CGTAATAGAAAACGTT,2815
GATACCTAAGAGCCAA,2815
GTATAAGGAGCCCACT,2815
TAAATCATACAATATG,2815
TTAAGGGTTCCACATG,2815
AAGAAATATTCTTACA,2814
ACGAGCCGGACTAGGT,2814
CATCCATTAATACGAC,2814
CTTGATGACACCCGGT,2814
ATACTAAGGATGACGC,2813
CACATAGCATAGGAAG,2813
CCAACATATAAACAGT,2813
GAAAATACGAAAAATC,2813
TTGAACAGTATGATTG,2813
TTTGTTACAGGCCATG,2813
GTTAGCGCGAACCTAG,2812
AACTTATACCGAAATA,2811
CTGATCTCCACTTAAC,2811
CTGCTCCTCGTGTCGA,2811
TATGGCCTCAGGGCAT,2811
AAAGCGGAAAAACTTT,2810
AAGTGGTCACATAGTA,2810
AATCGTTTATTCCAGA,2810
AGTAAATAATTCATTA,2810
ATTATAAACCCGAAAA,2810
CAATAAGCGGTACAAT,2810
CATTCATATCATACAC,2810
CGCAAATCTGTCCTCA,2810
TATGCTCCAATAGTTT,2810
TTCGTCAGACCCCCGT,2810
ACCCAAACATAAGATT,2809
CGACTAGTCCGAGCTT,2809
CTATATCATACCAATG,2809
GAATCGGTCGTTAAAG,2809
GTAACGTTTACATGTT,2809
GTCTTACAGGTGCGCT,2809
TCGTATATACAAAATA,2809
TGAAGCAGGGAACAAC,2809
AACAGATCACGAGGGG,2808
AATGCCTAATAGATAA,2808
ACAAAATTCTTATTAA,2808
ACAATTAAATAACTGC,2808
ACACCGGACAGTGCTA,2808
ACTCGCCTATTAATAA,2808
AGCAGCTTTATGCAAA,2808
ATATTTAGATGGTAGT,2808
CCCGTATCGGCACAGG,2808
GTTGCCCAGTAACGTC,2808
TAAGATAACCAAAATA,2808
TATAAATTACCTTATT,2808
TCGAAAATAAGGAAAG,2808
TGGTCGTCGCTTCAAC,2808
TTAATAACCAGTGTCG,2808
AATTAAGCAGCGAAAA,2807
ATGGAATATTAGCACG,2807
ATGTACAAAATTCAGA,2807
GAAATGAATTAGACTC,2807
TTTTCCAAATCTACAG,2807
AAGTCTCAAGACACTT,2806
ATACAGTCAACGCAAA,2806
GAATGTGACCCATCAT,2806
GATGTGTCCTAAATAC,2806
GCACTGGGAGATCATT,2806
TAAGACATAAACTTGG,2806
ACACCACAGATTTAGA,2805
ACGATACTGACTTAGC,2805
AGATGGAGGCTACTTC,2805
CGTGTTAAGCAGCTAA,2805
GCCTATCACTCGACAC,2805
GCTTTCCCACCTAAGC,2805
AAAGACCCTGCTTTTG,2804
CTTTCACTATACTTTT,2804
GGAATTATTTTTTTAA,2804
ACGTTTTTGCTTGGTC,2803
GCGGTCCTTACTCCGT,2803
GGCAGACAAAATAACC,2803
TAATATTCCGTTACCC,2803
TCAAATAAAATGCATT,2803
TCTAGCTGCTTCAGAA,2803
TGCCAAACACCGATAC,2803
TGTCTAAAATTACGAA,2803
ATAAACCGTCCGTAAC,2802
CCAAAATCCCGCAATT,2802
TAAACATTTTCTACAC,2802
TACTAGTAATTAAATG,2802
TGTCCGGTAGAGTACG,2802
ATCTTGACCCCAAGTT,2801
CAATAGGGGAAGAACA,2801
GGATCACCGCTGACAT,2801
TAGTGTTGAAAATGGA,2801
TCTGAGCCTTGATCCT,2801
TGGTATTTAAGTGCCC,2801
AGATGATCACCCAATT,2800
AGGGTACAACCACAGT,2800
ATAAGTGAGATGACAT,2800
CGTCGAAGGAATTGGC,2800
GTTTCAAAATACTGTA,2800
TCAAGACACGAGCAAG,2800
ACATAAGTATAAACAA,2799
ACATCACTATATAATG,2799
AGGGAATGACAGAGGC,2799
ATCAGTATAAACCTAT,2799
GCGTGACCATTTACAA,2799
TAGACCATTGACCCGA,2799
TTGTTAAGGATTTGTA,2799
AGTCCAGGCTTTTTCC,2798
ATATAATATTAATCGA,2798
CAGACGAAACACCAAA,2798
CCCTTACTACAACATG,2798
CCTGTGAACACAAAGA,2798
GTTGGAAAAATAAATC,2798
TTTTAACCGCAGGAAT,2798
AAGTTGATGTCGTCAA,2797
ACAACAGCTAAAGTAC,2797
ACCGAGGGGCTTTCAA,2797
ACGGCAAAGCGTCCTA,2797
ATGATTAGTGTTCCAG,2797
CACATCCAACGGCAGC,2797
GATATCGAGAAGCAAC,2797
GCGGGATATTACAAAT,2797
TACCAACCAAGGGACA,2797
TATAAACCTAACCACC,2797
AACTAGTTGGCGGCAC,2796
ATGTTCCTCACCCGAA,2796
CTTTAAATTCACGTGT,2796
GTCCGTACAATTCTTA,2796
GTTTCCTCACATGAAA,2796
TTTCGATACCAGTGAA,2796
ACAACTTACCTCTCGC,2795
ACCCGATACAAATCGT,2795
ATAATTCATAACCTAA,2795
CAATGAGTCAATTTAC,2795
GTTCATCTAGACCACA,2795
TAACAGAGACTTTCAC,2795
TAGATAAAAAAACAGC,2795
TGGAAAATGATTAATC,2795
TTCCAAACCCACACTA,2795
ATACATAATCCTCTTT,2794
ATAGTCCAGATAGTAT,2794
CAGTAACCCCGGAAGG,2794
CTAAACTTCCTTTTCT,2794
CTACTTAAGCGCTAAA,2794
TAGAGAGACCTACTGG,2794
TGAATAATTATGTTAC,2794
CATTGCTGACTTACAA,2793
CTCGTACCTGGAAGAA,2793
GCCAATAATATGCACC,2793
GGCCCCAAGGCCCCCG,2793
TAGGAATACATGAACT,2793
ACCCTACGGAAATAAA,2792
CTAACCTATGCAATAG,2792
GATAAGATATATTACA,2792
GGGAGAAATGCTAAGC,2792
AAAATTAAGCTCTAAC,2791
ACACAAACAATTTTGA,2791
GGATTTGATACTAAGC,2791
AACGTACGTAATAAAA,2790
AGAAACATTTGACAAG,2790
CATAGAAAATTTCATT,2790
TATGATAGTTGATGCC,2790
ACTTTCACTAAGTTCC,2789
ATAGATGACGGTTCAT,2789
CTGACGCGTGGCGTGA,2789
CTTCTCAAACTTAGGT,2789
GACAGCTCATTCCGCA,2789
AAATTTGTATTTCCTC,2788
AAGATTCAAGCTCTCA,2788
AATCCCAAACAGTGAG,2788
ACAAATGTAAATTAAC,2788
ATAATCATATCATACG,2788
CACTTCCTGCTGACCC,2788
GGCACGAAACGAGCAC,2788
GTCCATTAGAAACCTC,2788
TACTGGGATCCCCGAC,2788
TGATCCCAAAACATCA,2788
TTTGAGTGAATTTCTG,2788
AACTTTTTCAATCAGT,2787
AAGCTCCATATTTCTA,2787
ACTCCAATATACTGTT,2787
CCGCCAGAAAAACACC,2787
CGAACTTCCTGTTCAC,2787
GGACACACATGACAAA,2787
GTGGGTGGTGCTGCAA,2787
TAAGTGGAATACAAGA,2787
TACAGGACTAATATCA,2787
AGAGGGAGCGAATAGA,2786
ATAAGAAAGGCTCAAT,2786
CCCAGCAGTTTATAAA,2786
CTTTCTTGAATATCAC,2786
GCACAGGCATCCACAA,2786
GGAGGACTTTTTGTAA,2786
GGTTGTTCGCTCGGGC,2786
TGGACTTTACATAGTA,2786
AACCCGACGTACACCT,2785
ACGTAATCAGGTAATA,2785
GATACTGAAGCCGACA,2785
GCCCGCAAAACACTCA,2785
GGTGGCGGAGAAAAAT,2785
TTGTCCAAAATGAAAC,2785
ACCCTATACCGTATAA,2784
CAGATTATAACCGCGG,2784
CCCCAAACGCCTAAGC,2784
CTAAACCATACAAAGA,2784
GTAGAAGTGTCCTCGA,2784
CGGGGAAGTTCATCTA,2783
CTTCTAACGACCCAAA,2783
TAGACCCTCAAATCCC,2783
CAAATATATGACAACC,2782
CCTCCTTATGCGACGG,2782
GTACTCGCATTTGGAT,2782
AAAATACTGGTCTTCA,2781
AATGGTCCGACAGATA,2781
CAAAGGCTCATTCAGG,2781
GAGCCAAAAGCAATTT,2781
TCAATAAATGTAATAC,2781
ACCTTTCCATGCACTC,2780
AGCCATATATATCCTT,2780
AGCGTCCGACTAGAAA,2780
CCCCGTCACGTAAGAC,2780
GAAGGCTAAGACAATA,2780
GCCACACTACAAACGC,2780
GGATGTTGTTCATATA,2780
TAAGTGCCTAACAGAA,2780
ACATACCAGTGAGAGG,2779
ATGTTCGTTAAATGTA,2779
CAAACGCGCAATAAAA,2779
CAAATTTGTAAGGAAT,2779
CGGAGAACAATTAGGT,2779
GACCCTGAACAATTAT,2779
TTAGTTAATAGGGTGT,2779
AAACCACGGACCATTG,2778
ACGCAGAGACGACAAA,2778
GGTATGGGGGTGCGAC,2778
TACTACTACCAGCAGT,2778
TTAAAAAATGTATCTG,2778
AACATCAAAACAACAA,2777
ACGCACCCGTACTAAG,2777
ATAAAAGTAAAAATAA,2777
CACACTTTTCGCCACA,2777
GCTAAAGGAAATAATG,2777
TTACTAATCTCAACTC,2777
TTTTCATAGATTTAAA,2777
AAGATACACAAAAAAT,2776
ACATAAGACATACCTA,2776
AGCTGCCCAAAATCTC,2776
CAAATGTACATAAAAT,2776
GAACGGCCAAGCATAT,2776
ATGATATACTATTGTC,2775
CACAAATGTCACGAAT,2775
CGCATTAAACCTACTT,2775
TCTTCAAAGATTTGCG,2775
TTAGGAAAAGAAAGTA,2775
CTATAAGCAGCAGCAC,2774
CTTGTACCTAGGCCTC,2774
GTGTTCTAATAGAAAT,2774
TGACCAACGCAGTGCG,2774
AAAAGCAAAATTATAA,2773
GGTATCCTTAGTGCAG,2773
GTTGTGATCAATCAGG,2773
TCCATAGCCGCATTTA,2773
AAGCTACATTTCTGGA,2772
AATGGAGTGAAGGACC,2772
AGTTGCAACCCAAAAA,2772
ATGGGATGATATGAGC,2772
GGAACGTCCAACACGT,2772
TAGCTAAAATAAAACA,2772
ACCCTTAAATAAATTT,2771
AGATAAATAAAAATGA,2771
ATTTGACATGACCACG,2771
TAGGTATTATATAATA,2771
TTAGCCTGAATAATTA,2771
AATAACACCTGATAAG,2770
ATACAGCGCAGTCATC,2770
ATCAATACCACGTAAA,2770
ATTACGTTTATCCACA,2770
ATTTAGCTTAGCCATC,2770
CTAAACCGCAGAGATG,2770
CTGAACTCTCCCCTAA,2770
GGACCCCGGACCACTA,2770
TGAGAAGTGGCATGCA,2770
TGTATACCTGAAAAAA,2770
TTGTTATGGCATCTGC,2770
ATTGCTTACATCGATA,2769
GTAATGATCAAGGTAG,2769
TAAACCGGAGGTAAAT,2769
TATAAGTGTGTAAACT,2769
TCCTATCCACCTCGTC,2769
TTTTACACGCCCAAGC,2769
AAGTGACCGGAAGGGA,2768
ATACTGTAATGACTTT,2768
ATATACCTATGTTGAA,2768
CACAGATGAAGAAAAC,2768
TAAAAAAGTATTCGCT,2768
TGCACCAATACCACAA,2768
TTATAGGACCTAAACC,2768
TTCATCGAAACGTGAT,2768
AAAAAGCGCCGAACCA,2767
AAAAGGTATCAACAGA,2767
ATACAAGCCACTGTAA,2767
CTTGCTGTTTAGCCCG,2767
GAAACTGTACATTTTG,2767
TCATAGCATATATCCA,2767
TGACAGAGTTGAAGAT,2767
AATTTTCAGATACTGC,2766
ATTAAGTAAGCCTTTA,2766
ATTAGTTTACATTCGG,2766
CTAACTGAAAGACGAA,2766
GCCACCTGAACGCTAC,2766
GGGTCACGAAAATTAA,2766
TGGGTAAACTCATGTG,2766
TGTCTTACAGTAAGAA,2766
ATTCAAAAAAGCTTAC,2765
CAATAAACGAACTAGA,2765
CAGCTACATCCACAAG,2765
CGAAAAAAATCATTGG,2765
CTCCCGTTTATACACT,2765
TGAAGATTAGTAACAA,2765
TGTACCAACCCGTGCA,2765
TGTGGGCGCCCAACGG,2765
AACCCTGAGCACATGT,2764
ACAATGTTAGGCAAAA,2764
ATCTGAATTTGTCTGA,2764
CAAGCATTCTCCCCGC,2764
CCGACTTGAGAATTCA,2764
GAATGACAATCATCGA,2764
GGCAGTATAATCATTA,2764
GTACAAGAGGTACAAC,2764
GTTCTGAACACAGCTT,2764
AGAGTCTACATAGCGA,2763
CAATGGTAATTCAAGC,2763
TACATCCGAGGCTACT,2763
TAGTACTAGAAATACC,2763
TCACCGATTTTTCTGA,2763
TTATCATAGTCAATTG,2763
AACCCGTTGATTATGT,2762
ACCTACGTACTTCTTC,2762
AGAATGCTGAAACCCG,2762
ATGCTACTAGCAATGT,2762
CATAGCTTAACACACA,2762
CATTGCACATCTAAGT,2762
TCAAACCACTAAAAAA,2762
TCCGAGTAACTGGATG,2762
TGTCGTAGAAAACAAA,2762
AGGCAATAATGCGTAT,2761
GAACACACTATATATA,2761
TAGTACTTATCAAAAC,2761
TTTACGAAAATTATCG,2761
AACCAAAGTATTGAGC,2760
ATCCACCAACCTAACC,2760
CAAGTATTCTACGCTC,2760
TAAACGAAATCGGCGT,2760
TAGATACGAAATTTAA,2760
TTGTACACTAACACTA,2760
GCACCGCCATCCGCTA,2759
AGCCGTGGCGGACTAT,2758
AGTCTAATGTGTTTTT,2758
AGTTAGGGCGTTAGCG,2758
ATAAATGATGATTTGC,2758
ATATCATAGTCTCGTT,2758
CCTAGAACATCTCTAT,2758
CGGTCGCCTTAATAAT,2758
GAAGATGTATCAAAAT,2758
GTATCATTCATAGTCA,2758
TATATGCCTGAAAGGG,2758
TCCTGCCAACATGTAA,2758
TTTCTTTACCAGTAAT,2758
AGCATGAACTACAAGT,2757
ATCGTACCCACGTCCA,2757
CTGACTCGACTAAATA,2757
CTTAATCTACCGCGAT,2757
GCCAAAGGACAATGCC,2757
TATGGAAAGTGTACTA,2757
TCCAGATAAGCAAACT,2757
TGAGAAAATGATACCC,2757
TTCAGCTGCCGGGCTA,2757
ATTCATACATTTCCAC,2756
ATTTACTCAAAAACTT,2756
TCACGTTCAATGGCAA,2756
TTAATATGAAGAGGGC,2756
TTCTTACTGAATACGC,2756
AATACACCAGATTGGC,2755
AATTGACATCTATGCA,2755
ACATGTCGATGAATTA,2755
AGAATCGCGATAAGTA,2755
CAAGACTCGTCAAAAA,2755
TCACGGGCTAGACTAA,2755
TCAGACACTGGTATTA,2755
TCGTACATGTTACAAA,2755
AAACAGAACACTCAAC,2754
AAGTGGGTATCCATCA,2754
AATATAATCTATACTT,2754
ACTCCATTCCACTCCT,2754
AGTTTACCTATTCCAT,2754
ATTGAACATATCTCCC,2754
CAGCTAATTTAACCAT,2754
CATGGCTAAAATTCAG,2754
CCGAGTACAGTTTTGC,2754
CTGCTTTCGAACAGTA,2754
GAAATATCAACGCCGG,2754
GAACTTACAACCCCTT,2754
GAGTGAAATGTTATAT,2754
GCCCGGCTACATACTA,2754
GGCCTTGATAAACAAC,2754
GGGTCCACGCTAAATC,2754
GTAAAGACGCCTAAAC,2754
GTAACCGTGAACCGAT,2754
AATCTAACAGTCAGCC,2753
ACACTCGTATAGATTA,2753
TGCTGTTAATTTGGAT,2753
TTAGATACTCAGCATC,2753
AGATTGCGTAGAGAGG,2752
AGCCAGTAAGAACTCG,2752
AGTTTTTCTTACAGGA,2752
GTCCCATCACCATAAA,2752
GTTCGACACTCGTTCA,2752
TACTAATATTACTTCC,2752
TGTCAATAAAATATAA,2752
AAAACAAAGCATGAGC,2751
CACCAGATATTCACCT,2751
CATCCTGCAAAAATGT,2751
CCTTAATAATCCCCAG,2751
GGTTGAGTCGGGCGAA,2751
GTATAAATCAGGGAGT,2751
TCCGTAAGACAGTTCG,2751
TTTATCACACACAGGG,2751
AGTATAAAGATTTGCT,2750
CACGAAAAGCCACATC,2750
GACAAATAAGGGTAAC,2750
GTTGAACGACTGTGAC,2750
CACGCACGGATCGGGA,2749
GAAATAGTGAACTTTG,2749
GAGATAATATGATTAT,2749
GGCGTGGTCACATTGT,2749
TTAGCAGCGCGTACCC,2749
AGTACCTCGGCCGACG,2748
AAGATGGCATAAATTA,2747
TCGGAACCGAACCATG,2747
ATTGGACTTCCCGTAT,2746
CCGGGAACATATCCTA,2746
CTAGTAAAGGTGATTC,2746
GCCGAAGTCGGCAATA,2746
GCTTTCCTTACTACAC,2746
TACCATGCTTGGAGTC,2746
TAGATAAGTGGCAGAC,2746
TCAGTATAATATAACT,2746
TTCACAGCTATCACTT,2746
TTCCAGCAATGACACC,2746
ACAAGCTCACACATCT,2745
CAAAGAATGCTAACAG,2745
TATCGAACCGACGGTT,2745
TTGTCTAGAAGATTCA,2745
CATGTTATATACTGGA,2744
CTCTAAGACTCCAACC,2744
TATCGGCTGCTACCGA,2744
ACCACTCCAACGTCAC,2743
CCTATTACAATTAGAT,2743
CGGTCCAAGCTGTTGA,2743
TAACAGAATCCGAGCG,2743
TGGCTACCGGGACGTT,2743
TTCTAAAATGATAGAC,2743
AAATTCAATATCCCTA,2742
AATCAGGACTCGACGG,2742
AGAATCTGATCTTAAA,2742
GAAAACGAACATAGAT,2742
AAACGACAAATGCTGG,2741
ACATTGACTCCTTTGA,2741
CAGCCGGTCCAGTGCC,2741
GAAGCTAGAGTTCCAC,2741
GGGACCTATCATGTCT,2741
TATAAGGTGGGCGTGT,2741
TCCTAACCATACTCGA,2741
AGTAAAACTGTGTATC,2740
CAAATCCAAGAAACGG,2740
CCATCTTTCGTAATAT,2740
GTAAACTTTTACACAA,2740
TGGCTACAGATTAGAT,2740
AAACTAAAAAGATTAC,2739
ACTGCTACGATAGCAC,2739
AGTATGATGAATCATG,2739
ATGTAGTTTAGCAGAA,2739
GAGACTACAAACAATA,2739
TAGCAACATTATTATC,2739
TAGGTAAATATCAAGT,2739
TCTGCGCTGGTTTAAA,2739
AAAAAGTCTCAAATCA,2738
ACCTACCCCCAAACGC,2738
AGACCATCCTACAGTC,2738
CAATTACTCCTCTCCT,2738
CACCATATCAATCACC,2738
CTTCACTTTAATGGAA,2738
GCCGGAGGACGTAACA,2738
GGAATGGCAACGGGAT,2738
TCCGTAATCATAAAGA,2738
AAATACAATCGTAATA,2737
AGCTCGGAGCCTGTGA,2737
ATTTAAATCGTGTAAA,2737
CTAACCTAACTCTTTG,2737
GAGACAGATCTACTTA,2737
TATTCCCTCGAGAAAC,2737
TGATACAACAGACATA,2737
TTTCATAATATTACAG,2737
AAATGACCATTGGTTG,2736
AACAAAAACAATTGTA,2736
ACAAATTCGACCGATC,2736
ACTGTCACCATTCTAA,2736
ATGGGCACATGTAACT,2736
CCAATATCCTATTCCC,2736
GATTCACCGATTCTGA,2736
GCAGGTACGTAGAAGT,2736
GCGCTGCTGCCGTATG,2736
GGTTAATTGTCAGTTA,2736
TGACTCCGTGCATCTT,2736
ACACGGAAAAAGGGCT,2735
ACTGAACATATCCGGT,2735
CAAAGACGCCTGTAAG,2735
GGCCATAAGCTGGTGT,2735
GTTTAGTAACAAACGA,2735
AAATAAAGGAAAGTCG,2734
AATCAAAGTCTTCCGC,2734
ACGGATGATGTGCATC,2734
AGATATAATCCTCCTC,2734
ATATCCCTACCCATTG,2734
ATCGATTCCAGAGGTA,2734
ATCTCCAATAAACGAT,2734
CCACCGTCGGACAAAT,2734
CTCGATGCCCTGGCAA,2734
GAACGATATCGGAACG,2734
GAATGACGAATTAAAC,2734
TAACAGTATCAGGAAA,2734
TGTCTCACCCAAACTA,2734
AATTTAAACGCCTTTA,2733
ACAGTATTTCGGGTGA,2733
GCAACCAGGTTATCCG,2733
GCAGAATAGTTAGCAA,2733
GGGCGTTTTTAATGTC,2733
TGGGGTACATGTATAT,2733
TTAGCCACACACCCAT,2733
AAAACCAATCATTGAT,2732
AATGCTTAACCGACAA,2732
ATGTTTTTACATTGAA,2732
ATTTATGTTACTCAAA,2732
CTATCACTATAAATTG,2732
TAATCAGTTTGTATAC,2732
TACAGTACATGCATAG,2732
AAGTAACTGCAAAATC,2731
AGCGCAGAGTAATTTC,2731
CACAGAATGGAACCAC,2731
GCAATGGTAAGCCAAG,2731
GCAGTTGTGATATGGA,2731
TCTAACCAACGAAGAT,2731
TTACGAAAGATTTTAA,2731
AAAAAAATTTTGTATA,2730
ATAACGGACGTAACAG,2730
CAACATCTCTAAGCAA,2730
CAAGGAGTAATCAAGT,2730
CGCGGGTTTCCAAAGA,2730
CTAAAACCAACGACAC,2730
TATCCTCATATCTTTT,2730
ACTAAACGAACTTTAT,2729
ATACTGATCTCTTGCT,2729
ATTGAGTAATTATAGC,2729
CTAACATCACTAGCAC,2729
ATACCATGACCTCATC,2728
ATTACAATTGGACACG,2728
CATACAAGTACAACAC,2728
CGCATCTACTTGAGCG,2728
TAGGCTATTTTCTATA,2728
TATTCAACGCTGAGTA,2728
ACAGATCCCCCCTATA,2727
GAAAAGAACTTCTATA,2727
GACACATGTAACACCA,2727
GCTACCAGTCAATATA,2727
TATGTGACACTTGTAT,2727
TCATTAATTAACTATA,2727
TTAAGACCCGTAAGCA,2727
AACGAGGAACCAGCGA,2726
AATGACACACGTATGG,2726
ACGCGATCTGCATCCT,2726
ATAGCTACATTAAAGA,2726
CTTTTACCTTGATAAA,2726
GAGGAGATACCAAGCG,2726
GGACACATGTAATGCA,2726
TAAACAACCAAGAATA,2726
AAACTTGTGTATTACA,2725
ATCACTACACTATTAG,2725
GAACCTACGGGGCTAG,2725
GGTTATGAAGTTACTG,2725
GTGTAATACTCTCGAA,2725
TACAAACGCTGGCTCG,2725
AAGGGATACGTAAAAT,2724
ATAACCCTGATACAGT,2724
ATTCTACGCACCCATT,2724
CCCTGACAAAATATGG,2724
CGACGTCACCCAGTCC,2724
CTCGCAGCCGGACAAT,2724
GAACATTATTAAGAAA,2724
GGAAAAAGAGGTAGTA,2724
GGCATCAACTTGACCA,2724
TCGGATATTAAAACCT,2724
AAAATGTAGCAAGAGA,2723
AAGCGTCGGGTGCTAA,2723
AATAAAACGATCTAAT,2723
CAACTACCCTTATTTC,2723
GATTTCTACCCGCCTC,2723
GGATATTTCATGAGAC,2723
GTAGAAAAGACTTCCC,2723
TCTTAAGGTATTTTAA,2723
TTGCGCTTTTCGTAGA,2723
AGGCGTTGCTCTAGAG,2722
ATATGGAAACTGTGAC,2722
CTTTTACCTACTCAGG,2722
GGAGGTCTCAGGAAAG,2722
TACATTTATGCTAGAA,2722
TACTGTTCGTGACTAA,2722
TTTATTGAATGGGACG,2722
CAAAAATACACCCGCG,2721
CAACGAGAATATGAAC,2721
CAAGATCAAATTGAAT,2721
CGCCGAATAAAGAGGG,2721
GAAAATGTACGAAGTA,2721
GCAACTACGCAAAAGG,2721
GCTATCCGGCAGCAAT,2721
TTGCGCAACGATAATG,2721
ACAACTAAACATACCT,2720
ACCTTCATTATATAAT,2720
AGACCGGTGATTCACT,2720
AGAGGATGTGCACTTA,2720
CATATGGCAATGTGCG,2720
CTACTAACGACCAAAA,2720
CTTAAACAAGAATACG,2720
GAAAAACGAGAAAAGG,2720
GCTCCCCACCTACGTT,2720
CCATAAACTGAAACGG,2719
GAAAACAATCATGAAG,2719
GTAAGCAGTGGTGATT,2719
TGATTTATACCTATTA,2719
TGTCTCGTCTTGATTG,2719
AAGAGTAACACATAAG,2718
ACAACCATGACACATA,2718
CACGGGGACAAATGAA,2718
GGACCGTCCTATATGC,2718
GGGAAACCTGATTATG,2718
GTACCATGGATCCATG,2718
TGACTGTAAAAGCATA,2718
TGATGTATAAAACAAG,2718
TTAATCTTACGCACTT,2718
AAAAACCTTCACCGCT,2717
CCTATGCAAACAAGAT,2717
CGAAGTCACTTAATTA,2717
CTACACAAATAAATCT,2717
GATAAACTTTAAATCC,2717
TAGCCGTCGATTGCGT,2717
TATTACCGTAATAAAT,2717
TTGAATAGCGAAAAAA,2717
GAAGTTATGCCAAGAC,2716
TCATAGTCGCAGATGA,2716
TCTAAAGACTATGCCA,2716
TTTCGTCTTACGTTAT,2716
ACCAAATAAACAAGCA,2715
ACCATTACAAACATTG,2715
CATCAATGACCCAAGC,2715
GCAACGAACCGACGCG,2715
GCAATGTCCAGGACCA,2715
GGTGAACTAAAAGGGG,2715
TATAAAAAATGCGAGG,2715
AACATCCGAAAAACCC,2714
ACTAGATGAGTCGAAT,2714
ATCTTCTAGGTCCAAG,2714
ATTAATCGAACAAAGA,2714
CTCTTTGGAAATCGTT,2714
CTTTGAAACGAGAATG,2714
GATCGCCAGACGGCAA,2714
GGCCATAGTCCTGAAC,2714
GTTTCCACGTGATAAG,2714
TAAAAGCAAAAAATTC,2714
TAATTATACCATATCC,2714
TGTATAAGCTGATCAC,2714
CAGTGAATGAAGTAAG,2713
CCCGGAACAGCAACTC,2713
CCTGAAATGACCACCC,2713
CGAAGATAGTCCAGTT,2713
GAAGCTGAAACTTCAC,2713
GAATAATCAGCCCAAC,2713
GGAGTGGATGAGTCAT,2713
GGGTGCTATAGCCGGA,2713
GTAAGTCAAAAGAACG,2713
TAAAGAAAATGTGATA,2713
TTCCGCGACTACATCC,2713
AAGTGGAAGGACTCAT,2712
ACACTGAGTATACCAA,2712
ACCAAGCTCGATAAAT,2712
GCGGCAATCATAGGGT,2712
TAACCCAATATATGGG,2712
TCAATCATATGGCTAA,2712
ACACGGAAGTTAAAAT,2711
ATCTTCTGCACTACGT,2711
CACACAGTTAAAGGAT,2711
CAGACATATGTAGTAT,2711
CGATAAAAAAAACTCG,2711
CTTACAATAATAAATG,2711
GCCCGCGAGACTTCAT,2711
TTGCAGGCCTACTATG,2711
TTTTTTAGACTTTTAG,2711
AAAGCGTACAATATCG,2710
AAATACGCTTGAAAAA,2710
AAGCAAAATAGGACAG,2710
AATATAAATGCGCTAC,2710
AATTCGTAAAGCCAAA,2710
ATGTATATAAAGAAAT,2710
CGAGAAGCCGCTCGCT,2710
GAACCTAACGCTTATT,2710
GAATTTTCCACACCCC,2710
TATGGAAGCATAGAAA,2710
TGAGCTAGTGGACGGT,2710
AAATACACTCGATACG,2709
ATGCATTCTAGAATAT,2709
CACACCAAACTAATCT,2709
CCTAGTCCAAACTGAA,2709
CGCCTTGTATCAAACT,2709
AAAACCGTTGCCCAAG,2708
AAGGCCGAAGGGATAA,2708
ACGGACATAGGAAACG,2708
CACTCAACTACTAGGA,2708
CTTGGAGTAGGCTTCT,2708
TGCGCAATACTAACCA,2708
TGGACTACGAGCTTTA,2708
TTAACGCAAACAACCA,2708
AATTCATGGAGTAAAA,2707
ACTTCCATAATTCATT,2707
AGCATCGACACAACCA,2707
AGGGAACAGAACTAAC,2707
ATAAACACGGAGAACC,2707
ATGTTCACGGCGATTA,2707
ATTTTTCTCATCCCCA,2707
AACCCGAGGTAAAAAC,2706
AGCGAATACCACACTT,2706
ATCCTGACAATAAAAC,2706
ATCTAGCATGCTCGGC,2706
GAACAAAACCGTGATT,2706
ACAACATTCAGTTCCG,2705
AGACTGTTTGCAGCCG,2705
AGTATTACCGAGACAA,2705
ATTCATCCAATTGGAA,2705
CAAATATAAATAATAG,2705
CGTAAAATAAACTAGT,2705
GACAACTCCAAAAGAT,2705
ACCCATTAGAACAAAA,2704
ATGGACCATATTTCTA,2704
ATTATATCGGCCAGGG,2704
CACCTAAAAAAGTGGC,2704
CTGGCTTTTGCAGCAG,2704
CTTAGTGGCCTCAGGT,2704
GAAAGCGTCACAAGCA,2704
GCCTAACAACTTCTGT,2704
AATTACAGGATAAGAT,2703
ACGCTGAGGTAAAAAA,2703
AGAACTTGGAAAGTAG,2703
GTCCGAGATGTTAACA,2703
TAAAGAAAGTAGTGTT,2703
TAGGCCCACGTACCGA,2702
TGTAACGACCAAGAAT,2702
TTTTGAGATCGGAGCA,2702
AGTCCAAGGCCTATAA,2701
ATATCCCAACCTTTAT,2701
ATGCGAATAGTACATT,2701
CCCCTATCAAAACTAA,2701
TATGCTGAGAGAATCA,2701
AAAACTACCATCGTTA,2700
ATCAGATGTTACATAC,2700
GATCAGATGTACAAGC,2700
AAACGTAAAAAAACAT,2699
ACATATTACTAACACT,2699
AGGAATGAAATACATA,2699
ATGTTTCGTACCGGGT,2699
GAGCCGAATTTGCGTT,2699
TAAAGATATCGAACTC,2699
TTTGACCACACAGACT,2699
AAACCACAAGGTAGGC,2698
CCGTACGTTCAAACCA,2698
TGCGTACCCGAACATT,2698
TTGCACCTTTACATTT,2698
AACCCACAAATAACAA,2697
GTATACTAACGTCCAC,2697
GTGCAAATCACAACCA,2697
TTATCGAGACGAAAAC,2697
AAATGAAATGAAGATT,2696
ACAAAAAAGTCCGCAT,2696
GACAAAGAGCTGGTTT,2696
GCATCGTTTCAGGCAC,2696
TATAGAGACATACGTA,2696
ATGCAACAGAATTCAT,2695
CACCCCCGAGTTGAAA,2695
CCTGAAACAATTAAAA,2695
TCAGAAGCAACTGCAC,2695
TCTCCCTTAAAAAGTA,2695
TTTCGAGGAATGATAT,2695
AACAGTAAAATACATA,2694
CTGAGTCCTGTTCGAT,2694
GATTTGTTAGACGACC,2694
TAAGTACGCCCAATCC,2694
TGGACGAATCTAATGC,2694
AAAAACGCCGGAGAAA,2693
CGACCTTAATCTGGTT,2693
CGGCTCATGAAACTTG,2693
GGGAATAAGAGGGATG,2693
AACCCCCTGTTGACAG,2692
ACACTACATTCAAAAA,2692
ACAGTAAAGCGTTGAA,2692
ACCAAATTCATAAACA,2692
ACTGTGGAATCTAGCG,2692
CAACGCCTGGTTACAG,2692
AAAAGTGAAAGGGGGA,2691
AACATGGACGATATAG,2691
AATCTGCCTTATAATG,2691
CCCCGATATGAAAGTC,2691
CCGAGCCCAACGAAAA,2691
CGATACTATGGATATG,2691
GACATAGTTTGCAAGC,2691
GCACAGCTCAATGCGA,2691
TGTGATCTCAGAAGCC,2691
TTGGCGAGTTTATGCG,2691
TTTGACCGTGACGTTA,2691
GATCCGCATACATAAG,2690
TCCGAGAAGCTCCGCC,2690
TTCTGATCATGATTAG,2690
AATCCACCCGAAAAAA,2689
AGACACACACAGTTAC,2689
ATGTATTGTCAAGAAG,2689
CAGAGTAAATTATTAA,2689
CATTCTCACGAGAAAG,2689
CCCTGCAATGGATAGG,2689
GATGAGATGACCATTT,2689
GCCACTAACTATTGAT,2689
GCCGTACTCGAGATAC,2689
TCGCCTGAGAGTATAA,2689
AAAGAACAACATTGAA,2688
ACTAAACGCCTAAACC,2688
AGCTGAGGTAAATCGG,2688
ATAAATTTGTGTACGC,2688
CTCCTCGCTAACTAAC,2688
CTTGCCGAAGAAACAA,2688
TAATGCAGAGCCTAAC,2688
TCAGCACTCGAAAAAG,2688
AATCACATAAACAGAA,2687
AGATGAAATCAAGTCT,2687
ATAATTTGGTTTGAGG,2687
ATTAAAGACTCATGTC,2687
GCGTTCCTCATACTAA,2687
TGATGGCCTCCTCAAC,2687
CAAAAAAGTCTCCCGT,2686
CACTAAAGCACCGGCG,2686
CGTCTTACAAGCAGTC,2686
TAGAACTCGACCAAAC,2686
TCGATCGTTAGGTGAA,2686
AAAATAACGAATCTGA,2685
AACATCAGTTGTCTCA,2685
GAGAGTGCGTATCCTT,2685
TATACCAAATCCCAAA,2685
TGTCTATAATATACGA,2685
TTACTAACGAGACATT,2685
ATAAATAGACCTAAAA,2684
ATGATTATGAATACCA,2684
CACAATTGATCGTGCT,2684
CCTTGCCTTAAACCGC,2684
CTCCTTGCACACGATC,2684
GAGAAATAAACAGAAA,2684
GAGACATTGTGGACTG,2684
GATAGGGTAATAGACT,2684
GGTAAACTAGTCCCGG,2684
GTTACAATCGGAATAA,2684
ACTTGATTGCATCGTT,2683
ATCAATGAGCCTAACC,2683
CACACCCTTTCAAGTC,2683
GGTATTGATAATACAT,2683
TAAGCGACTTGATAGA,2683
TACCCCATCGTGTGTC,2683
TATTTCACAATGTTAC,2683
ACTGTGTAGAAGCCAT,2682
AGCAGTACCGGATAGC,2682
CAAGCGTGAACCGAGC,2682
CCTTATATATAAATCA,2682
CTACGGCCAGCAAAGT,2682
CTACGTTCAATGTTTT,2682
CTCAACCACACGCAAG,2682
GAAGCCTCATAATTGG,2682
GTAGAAAAAAGGCTAT,2682
GTCACATATCATAAAG,2682
GTTAAAACGTGCTAAC,2682
TTCTTCTCGGCATACA,2682
ACCCCCAAGAAATCGC,2681
ACGAATATATAACCCA,2681
ATTTTGAAAATACAGC,2681
CAAAGCCGAGGGTTCC,2681
CACAGGACGCGTCGAC,2681
CCAATCTGAAAGAATT,2681
GAGAGCAACAATTAGG,2681
TAACGAATCGATATTA,2681
AAATAGCAAATCTAAA,2680
AGTTTTCTGAATTTAA,2680
CCAGATAAATCAAACA,2680
CCATGTTACACTCCTA,2680
CGTTGGCCGCCGTCAC,2680
CTTAAAACTTGTATCA,2680
GTAGCAAAAAACAGAC,2680
TAGAAACACTTGCATA,2680
AAGGTTCCGCCTTAGG,2679
AATCAATCACTCAGTT,2679
ACCCGAGATGCCAAGA,2679
GAATAGATCACGACAG,2679
GGTAAAATGCTAAGTT,2679
TAAACACAGTCAACTC,2679
TAAGTGAGAGGCACGA,2679
TTTTTTGTTTTAAAAA,2679
AACCAGCTCAGAATTA,2678
ACAAAACAACCCAATT,2678
CTACAGGTCATAAGCC,2678
TATCAAAAGAGTGCAT,2678
TCCATTCGAACAAATC,2678
TGCTACGCTTTTAAAT,2678
TTAATCAACTAAAATA,2678
ACTTTCTGTATATCCT,2677
ATCTCAAATGCAAAAG,2677
ATGGAGAGTCTGTACC,2677
CACGCAGACCAATCCA,2677
CCCACAGCGCGCACTC,2677
CGGCAACATAGACTTT,2677
GAAAAGTAAATCACTC,2677
GACTGAACACCCTCAT,2677
GCGGCTTCATCAATTG,2677
TATAAACCCGCAATAA,2677
TGCAGAAATAAACAAG,2677
TGCGCAGTTCACTATG,2677
TGTGAGTAACAACGGG,2677
AGATAACAACGCCCTC,2676
GGCAACCCCCATTTAT,2676
TAAACTTTTAGCTTAC,2676
TCAATATTCTAAACAT,2676
TCATAAGAATCAGCAA,2676
AATCCAAGATATTGCC,2675
AGTAGTCCTACACAAT,2675
ATGTATTTGTGGGATC,2675
ATTCGAAGTGAGCAGG,2675
CGACGAACGTAAACCC,2675
CTGGAAGATGATGGTG,2675
CTGTCATTATTAAACA,2675
TAACACCGATTGTACC,2675
TCAGAAGATAGCGGTA,2675
ACGATTAGAACTAGCC,2674
AGAGAACGAAAAAGTA,2674
AGTACGCTAACACTAA,2674
CCACTAACAGACACCA,2674
TAAAAGAACGCCTACC,2674
TAGTATTATCACAGGG,2674
TCAAAATGACATGAAT,2674
TTACAAGATCAAGTTC,2674
ATGAGTTCTGACGACA,2673
GATACCAAATACATCC,2673
GGATCAAAAGATCAGC,2673
GTACACTTTACATACT,2673
TGAGGACTTGACAAAT,2673
AACATACCAGTTTCTA,2672
AAGCTTTCCTGTTACA,2672
AGCCTACTATCAGTGT,2672
ATTAATAGAACATGAT,2672
CCGAGCGCATTTATCT,2672
CCGGAAGCTCCATACT,2672
CGCAATCCACAATAAG,2672
GAGTTGGACATCTTGT,2672
GATCTAACTAGTACCA,2672
GCAAGTCATCACATAT,2672
TCATGCTTATACCGGA,2672
AACGTAAACTACAGAT,2671
CTCAGTACCCAGATTC,2671
GTCCTCAATCGAATGC,2671
AGCACCGGTGCTCTGG,2670
CCAATCACCTTTACCA,2670
GTTCAGAGGGCTCTTG,2670
ATCACCGAATGCGCAA,2669
CACTGTCACTTAACTT,2669
CTCCCTAACACCACGA,2669
CTCGAGCTAAATAGAA,2669
GACCATCGGTAATAAC,2669
GAGACTTCTACACTTT,2669
GTTATGATATGGATTA,2669
TCTCTACGTTACAAAA,2669
TGTCCCCCTTACGTCA,2669
TTCAGACTTGCAGTAT,2669
AACATATAGCCTGGTA,2668
AACGAATTGTTGCAGC,2668
AATTCTACGTTCAACT,2668
ACAAATGCGTACCATT,2668
CACGAAACCCTCAAGA,2668
CCATGGTTACGGAGTA,2668
GAGAGATAGACTTATC,2668
GATTACTCATTTTAAA,2668
TCAATAACTCTAGGGT,2668
TCTGAAAGTTGTAGAA,2668
TTCTGCTATTCTTAAA,2668
ACACTGTAGATGTCAG,2667
CAGGAGTTAAGTATAT,2667
CATGACTTAAGCACGA,2667
CCGAAGAGAATGGCAC,2667
GATGCATACTCTCGTT,2667
TATCCCTTATGGCGGC,2667
AGTATCCCTTTACCTC,2666
AAAAGGAGAACACATA,2665
AAACCGTGACAAAACT,2665
CATACAGTACCCCCAG,2665
CTTATTAAATTAAACT,2665
TTCTATCTCATGAAAT,2665
AAAGAAATGTACTATT,2664
AATTTCAATCCGTCAC,2664
ATTCTAAAGAGCACAA,2664
CCACACAGCTATCTAC,2664
GAAAAAAGCCCAAGAG,2664
GCGAGTTGTAATCTAC,2664
TCTCAGACACTCCGAT,2664
TGACATTGAGATCTGT,2664
ACCTGCTAAGGCGGAA,2663
CCAACCTCTTAATCAA,2663
TCCATGTCGGTACAAA,2663
TTGCACGAACATTCAC,2663
ACACCAGGAACTCTCA,2662
ATGATCTAAATTCAAC,2662
ATTCGTATTAATACTC,2662
CATAGCCAGAAAGCAT,2662
CTATAACCCTTTCGAC,2662
GGATCGTCCTTAACCA,2662
GGTTACATTAACGTCT,2662
TAAATCACGTGGAATG,2662
TGTACACAAAGATTAG,2662
TTGATTGCTCTAAGCA,2662
ACGATTACTATACATC,2661
AGAGCTAGACAGGATA,2661
ATACAAATCTAGAATC,2661
CAAAGTAGTACTCCCA,2661
CATTATCAATCATAAA,2661
TTCCCACGAATCTGGA,2661
AAATCTGATCGTCCTC,2660
AAGGCAATTTACTCAA,2660
AATTAAATCCTGCACA,2660
AGATGCCTCCGAATAA,2660
ATACAGAAAGACCCCC,2660
ATCTCCCTCCCTTTAC,2660
CCATGCACAGTGGTCA,2660
GAATAAGAGGCCGACA,2660
GGTACTCCCGAGACAC,2660
CAATTCAGAAGAAGCT,2659
CATTATAAAACAGCTT,2659
TCAAGTTTAAACCTAT,2659
TCCCCAACTTGGCAAA,2659
TTCCCTTGTTAGCAAT,2659
GAAGTAGTTGACAAGT,2658
GACTGAATAAAAAAGT,2658
TAGGCAATTGTAACCT,2658
TATCCTATTCATTTGC,2658
AGAAACTAAATTGCCC,2657
AGCCAGCACTATCAGT,2657
AGTCGAATATCAAAAT,2657
GACGTGAGCAACAGAA,2657
GATACAACCGAACGAC,2657
TGCAGTGAGGTCGTGT,2657
TGGTACTCAGTTAACA,2657
TTAAGATAAACCATGT,2657
ACGATTTTTGAAGACT,2656
AGATGGTCCCAACAAT,2656
GACGCTGTCACTTCGA,2656
GGGTCTGTATGTAACC,2656
TGAAATGCTGGGTGAG,2656
TTCAATGCGACGTTTT,2656
TTCAGTTGCAAATCTA,2656
TTTATAAGCGCTGTCC,2656
AAACAACAAACCCTTG,2655
ACACAAATAACCATTT,2655
ACTCCGACCTAGGACT,2655
CCCGGGGTCAGGGGTA,2655
GAAACGAACTAAATCA,2655
GATAGCTATATTAGAA,2655
GCGGGCTCTCTGACAA,2655
GTCAGTTTAAAGATTC,2655
CGATCCCAAAACAAAT,2654
GAAGCGAAGAAGTCAA,2654
GCTGCTACGTAAATGT,2654
GCTTACGTCATTAACG,2654
GGGTCCGCAATTCGTA,2654
TATGAAAACAAATTGG,2654
TGAGGATTAAAGTGAC,2654
AGCGTATACCTGGTTC,2653
ATTGCAGTTTTAGTGG,2653
CGGATTACGTAGAAAT,2653
CTTTATATGTAATAAC,2653
GAAGTCCTTGATTTTA,2653
GAATCCTCTCTTCACG,2653
GATGTTTCAGCTGTGA,2653
GATTTACGGATAGCAA,2653
GGGAATACGGTGTAAC,2653
TTAAATGCTAGGACTA,2653
AATATTCGAACTGCAC,2652
AGTTTTGATCAAAGTT,2652
ATAAAAAGCTAACACC,2652
CAAACGAATTAACATA,2652
GCTCCCATGTACTCAA,2652
GGTTAACTATCCTACC,2652
ACAAAGGAACTAGTTA,2651
ACCGCACTACATAACC,2651
ATAACTGAGGTGTCAG,2651
CTCAGAACCAGACGCC,2651
GAATGCACCTGACGTC,2651
GTTTGCATACGGACAA,2651
TAATCCAAGGACGCAG,2651
TAGACCAATCTGGGTC,2651
TCTACCGTATTACGAC,2651
AACCCCCGACACGTTA,2650
CACCGTAACAACCATA,2650
CTATCAGGCACTTACA,2650
TATATGAAAGCTAAAA,2650
TCAGGACTCATAAGAG,2650
TTAGTTGATTTGATAC,2650
AAACACAAGGATCCTG,2649
AATGAAAAAATAAAAT,2649
AGGGGCGGGCCAATAA,2649
ATTCATCTGATTATCT,2649
CTTTACACTACTACCG,2649
GAACCGTCCTACACGG,2649
GAGATCGTAAACCTAT,2649
GTCATACCCTAATTCT,2649
TCCCAAGGATAACAAA,2649
TCCGAGACCATTGTAA,2649
TTCTGGTAAAATTCGC,2649
AACTCTAGTAGAAAAT,2648
AGGCCGGATAAATTAC,2648
GGGTCCCAATGATCCC,2648
GGTCTAACAGAAAACT,2648
AAAACAGACCGCAAAT,2647
ACTCCTCTTTCGTCGT,2647
ATTAGACACGGGATTT,2647
CGATCAAAGTACTTAA,2647
GAAAAGGTTAGATAAA,2647
GAATAAGCTACGCATT,2647
GTTGTACAGGTACTGT,2647
TAAGCGCATGGAACTT,2647
TCCCAAATTACTATAA,2647
TCTCAAATTGGAAATT,2647
AAGCAATACAAACACA,2646
ACCCGATTTTACCGAA,2646
CAAACCTCAAATATAT,2646
CATCTTGATGCCTTAC,2646
CGTATTAATTAGATAG,2646
GATGACGTATCAGCTG,2646
GTTTTAAGCTGATTTA,2646
TATAGTGAAACGTAAT,2646
TCCGACACTCGCACAC,2646
TCGCGGCACAACAAAG,2646
AAGAATATCGGATTGT,2645
AATGGTGCATATGGAA,2645
AGGTTTGACCAATAGC,2645
CCTGAATTGAATGAAT,2645
CTAAATTCCATCTGTT,2645
CTAACGAATATCAAGT,2645
CTATCACGTCTAATTC,2645
CTCTAGCATCACAAAA,2645
GAGATACAATAAACGG,2645
GTTATACACTACTTCA,2645
TCACAATTATAACGAT,2645
TGAATGAATGGTAGAA,2645
TTCATTCAATGTACAA,2645
AAAATTCGGGTATATA,2644
ATTAGGACCCAGAGCG,2644
CGGATAACAATACTAT,2644
GTATTTGAGGGTTCAA,2644
TCCATATAACCCACAA,2644
TCTACTCGACACCTGA,2644
AAGTGGATGTCCCAAG,2643
ATTTATCGGAGGACCT,2643
CTGCCAATGTTGCATA,2643
TATAGTAAACTGAATT,2643
TGTCGTATGTGTACTA,2643
AAACCTATAGACTGGG,2642
ACCCAATAAGCTACGA,2642
AGCGTCAAATGGACGT,2642
AGTACTCCAGAATGCA,2642
CACTAATAAGCTAAAA,2642
GGCAGAACTCCATTGA,2642
TGAACTCAGACCCGGA,2642
ACCAGAAAATGTATGG,2641
ATTTTCTCTACATAAA,2641
GAACCGTTAAGCAACA,2641
GAAGTTTACCTATTCA,2641
TCATCAATACCTCAGT,2641
TCGCTGAATTTCTTGC,2641
AAACCTATTATACTCT,2640
AAATCTACCTCCGAGG,2640
AACAGAACAAACAATA,2640
AACGAAGTATCCATGA,2640
ATGGGGTTCCGAATTA,2640
GCCTCGGCTACGAACC,2640
ATAACAGTTGAACAAC,2639
ATCATAGAAACATCTG,2639
CAACCCGTGCGATTTC,2639
CCTTTAGAGAAGCATT,2639
GCGGGTTAAATAACAC,2639
TAACATGAGTTAGTCC,2639
TTCATAACGAAGCGTT,2639
TTCGAGTATTATTGAG,2639
AACAACATGCGCTCAC,2638
ACGATCACCAGTAGAG,2638
ACTGACAGCTAATACC,2638
AGCGTATCGTACCAAC,2638
CAATATCTCCTGTCTA,2638
CGGTCTAGCGAGGCAA,2638
GATCACCAACGCATCA,2638
TAATCTGGTCCATATA,2638
TGCAAGGCACTGGTCC,2638
TGGAACTCATGTAAAA,2638
AACGGCAATAGGCGCC,2637
AATTGACCCCTACCCA,2637
ACGTATCTTTCCTAGT,2637
ATGATCCATATGATCC,2637
CACCGCTAAAACTAGG,2637
CGTCCATATTAGCCGA,2637
GGCCTACATCCTTATC,2637
TACCATCAGCATCATC,2637
ACAATACAAAGAAGCT,2636
AGCTCGCTTAACCTCA,2636
CAACTTGAATTACCTA,2636
CACATATTTTTCAGGA,2636
CGAGACGACCCGGTAC,2636
GAGAACTTGCGGTCAA,2636
GCACCACCACAAAAAC,2636
TAGCCCAAGAATATAA,2636
TATAAAACTGCCTGAT,2636
TGCAAGTTAAAGACAT,2636
AAAAAAAGGGGAGATC,2635
ACCCGTCATATCGACC,2635
ACGAGCCTTCTGCCTC,2635
AGGAGGTCTAGAAACA,2635
ATTATAAGTAACAATT,2635
ATTCAAAAGGAAGACG,2635
CAAACCCAATGACTAA,2635
CATTCGATTACCGGCG,2635
CCCTTCCTCGAATAAG,2635
TTCTTAGGAAGAAATC,2635
ACAGAAAGGAGGGGCT,2633
ATCCTCTTTCTCCTAT,2633
CACGGAAGCCGTTCTA,2633
CCTTTTATTTTTATAG,2633
TACACCCGACATAATG,2633
TCAGAGGGTTGTAATA,2633
TCATGGAAACATCTAG,2633
TCTATTCCAACACTCG,2633
AACACCTAACCACAGT,2632
ACAAAGTGGTCTTATA,2632
ACTTCTACGCGACACC,2632
AGACAATTCGATATCC,2632
ATAGAATAACGCAAAG,2632
CCCATTCGTATTCCAC,2632
TAAATTTTTATGTCTA,2632
TTGTGCGATATGTACG,2632
AAGAAGGCTTGCATGC,2631
CAGTACGATTCTCATC,2631
GCCCCTGTATGTACTA,2631
AAATATATGAGAATCT,2630
AACTGAAATTATATAA,2630
ACAAGTCTGAAACGAT,2630
ACATTCTTATCGTTAT,2630
AGAGTTCATGGATGGT,2630
CAAACACAACGGTACA,2630
GAACAGAAAAATGCGC,2630
TAGTCAGATCGACGGT,2630
TCGAAATTGGCGAAAA,2630
AGCTTAGTAAAATCAA,2629
AGTGACCAATCGACCC,2629
ATTCGAGCAAAAGGCG,2629
AAACAACTAGAATATT,2628
ATGAGGCGCAAGAAAA,2628
GACCAATCAATACATT,2628
GACCAGCATAAAAATA,2628
GGGAGGATAATGCAGA,2628
GTAGTGCCCATGCACA,2628
TAAATTACAGAGAAAG,2628
TAGAATTCTAAGCCAC,2628
AAATCCTGTCACACCA,2627
AGCAAAATGCTAGTCC,2627
AGTGAAGAAAAAAAAC,2627
ATCCTGAGATGTCCAG,2627
CGCCGATTTTTTGTTA,2627
ATCATCCCCCAAAACG,2626
CATGAAGCTCGAAATA,2626
GCAGAGACGAGGCATG,2626
TAAGCGAAATCTAAGC,2626
AAAAAAGACGCAATTA,2625
AAAGTAATCATGACAG,2625
AGAAAATCAGCACTTT,2625
AGTATCAACACGTAAA,2625
CGCAGAAAACTTTTGA,2625
GTCGGTCAGAGACCAC,2625
TAAACCGGCGCAGAGT,2625
TGGCCCCTCCCCTAAT,2625
TGTGCTCTCTCAAGGC,2625
TTCCCGTCTACAATTA,2625
AATCACTAACTACACA,2624
CAGATCAATATCACTC,2624
AAAAGACCTATGAAAA,2623
AAACAGGAGAAATATA,2623
ACACACATCAACCGCG,2623
GAACTCGTTTTCGAAC,2623
GGACGACCTGGATTAC,2623
TTGATGTCACAAGATA,2623
AAACTGATCGTTCAGT,2622
AAGACTAGATTCCACC,2622
CACTTTCCATCCCTTT,2622
CTGGACATGATGCGAT,2622
TCCTCAGCGATTACCA,2622
TCTCTACAAGTGTAAC,2622
TTGCTCACAGTTAATA,2622
ATAATTAATGGTTAAA,2621
CAATATAAACTCTCGA,2621
CTTATCGCAATACCTC,2621
CTTTTAGCATGACGGA,2621
CTTTTGCAATGGCTCC,2621
GGAAGGACGGGCACAA,2621
GTCCATCTTGCGCAAA,2621
TGAGATTGAACATTGT,2621
TGTCGTATGTAATTAG,2621
AGATCTTTTTCATAAG,2620
ATGCTTTGAGACCTCA,2620
CCAGCTAGACAGGAAT,2620
CGCTAGTCTGAACGAT,2620
GCTTTTTTTCTTATGA,2620
TATTTGCTAGGTGCTA,2620
AATCATGGCCCAACTT,2619
CAAAAACCGGAAACCA,2619
CGAAAGTAATTGCAGA,2619
CTGATAAGCAATAGGC,2619
GCAACTAAACCTCCGA,2619
TACGAACGCACTCTAT,2619
TCTGCATATTGCTCTG,2619
CTCACCCACATATTAA,2618
GGTATTCATAAAGGTA,2618
TCATACAGCACTACAT,2618
AAAAGTAACATTTTAG,2617
AGATTATCACTAACTG,2617
ATTCAAACACTCCATC,2617
CCAAAGCATTAGCGCT,2617
CCGCCGACCAGGACGG,2617
CGTAATACCAGATATC,2617
TCGCGAACAACTCCCA,2617
AAAGTGGCTTTCAGAG,2616
AAGACATCACATCAAA,2616
AATACGTCCACCTATA,2616
ACAATCTGTACACAAG,2616
AGGTAGCACTAATTTT,2616
GATTGATACAAACGTA,2616
GTAATGAAATTCGCCT,2616
AAGACCCTGAAGACCC,2615
GAACATTGCTTACTGG,2615
GTTGAAAAGGACATGG,2615
ACGACTGGAAGTCTTT,2614
GAGCATAAAAGTTACA,2614
GGACAATGATCGTTAT,2614
TAAATGACCTCGACCG,2614
TCGTTAATACGGGCAT,2614
AAGATTCGAAAATCTT,2613
AATGCACCAGACGGAG,2613
CACGGTTGAGAGCACC,2613
CATATGCCAGTCCGGA,2613
CCCAGAAAGACCTTTA,2613
GAAAATGGACCTAACA,2613
GATGGCTAGAGTCCCA,2613
GTAGAATCGAAATAAG,2613
GTATCCTCGCTTAAGA,2613
GTGACGAATGTAACAG,2613
TATTCACCTAAATTCA,2613
AGTTAAAACAATACCC,2612
ATAACTAGAAATTGCA,2612
ATCCGTGCTAAAATTC,2612
GGGCTATTTTTAAATA,2612
GTACTCTAACAGCTAG,2612
AAAGTTAGTACCTTGC,2611
ATGGCGACGTGAAACT,2611
CGGAAGCAACGTTACT,2611
CTATAAATTCACGGAC,2611
CTATTAGAGTTTCTTA,2611
GAAGCGCCTGGTAACG,2611
GACAATATAATCAAAG,2611
GTAAAGTGCTTAAGTG,2611
GTTGTGCCCAATAAAG,2611
TGGTCACTGTTGTCTC,2611
AGAACATATTTATCAG,2610
AGTGATGATTATGAAC,2610
CCTGATATATGAGAGA,2610
GACACCAGAACAGCTA,2610
GCAAATATCGTACCAT,2610
AAGATCCACAAGGTCA,2609
ACCCGCCCACCAAAAG,2609
CAATTATAATCAATGA,2609
CAGCCACAGGATGGAG,2609
CCACAACGATCGCAGA,2609
GACGAGATGGAGTAAA,2609
TAAGATTTTAACCTAG,2609
TACTCGACAGCAATTA,2609
TCCGCGAACAGGAGAC,2609
TTAAAAACCTGGACAG,2609
ACCAGTATGATCTCAA,2608
AGAGGAGTACAATCAA,2608
AGTACAGTACAAGGTC,2608
GAACTCCAAGTGCCTC,2608
GATAGAGAAATTCCAA,2608
TAAATAAAAATAAATC,2608
AGGTATGATAAAAGGA,2607
CCCATCCTATGCGAAG,2607
AACAAATATCATGACT,2606
ACCCTCAAAATTACGG,2606
AGTCATTTTCATTCAC,2606
ATTGTAATAGTACATC,2606
CATTACCTAAAAGGAC,2606
TCAATAGAATCGAGAG,2606
TTTTACCAGATTTACC,2606
AAAATGAAGATAGTTC,2605
CGACCTCACTGGGCAA,2605
CGATGTCCTAATGGCG,2605
GAACTATGCCCTAATT,2605
GCAAGTGCTTAGATAC,2605
TGTACCCGCTGGCACG,2605
TTGCGACCGCAAAATA,2605
TTTAAGGATATTAGAC,2605
TTTCCGGACCGCATCT,2605
ATTAGCTGGATACAAA,2604
CTAACGTTAAGACTTC,2604
CTCTTACCAAGTACCA,2604
TTAAGCGAGTAGACAA,2604
AAACCGAACCATCCTT,2603
AAACGTCGGTATTCAT,2603
AACATAAGCCAGTGCC,2603
CCACTCAGCGGTCAAG,2603
CCCATCTACGCGGTCA,2603
CGCCCAACCTAGGGAT,2603
GTTCTGCGGAAGCACT,2603
GTTGCGCCTCACCTTA,2603
TCAGATAGATCTCCTT,2603
GCCTAAATCCTTTGGA,2602
GGATAACTGAGAAGTG,2602
TACACCATATGACGCA,2602
AACTCACCTATCCTAA,2601
AGTACACCATAGACTA,2601
ATCGAGAGGTCTAAAC,2601
CACCCTAAAAAGACGC,2601
CTTAAGGCTATTTACG,2601
GGTATACATAAAAGTA,2601
TCGATTTGAAATTCGA,2601
TCTTTCTGGTATAAAG,2601
AGAACAAGGTATCTAG,2600
ATGCAACGTTTACACA,2600
CTCATACGTCGCACAT,2600
GAGTATTATTGAGCCA,2600
TCATAACAAAAATCGG,2600
TGAACCAGAACTAATG,2600
CACCTCCCTCTCTATA,2599
ATGAGAATTGAGCAGC,2598
ATTTCACCGGCCGACA,2598
CACAAACAATTGACCT,2598
CATATATATAGTTATC,2598
TACATCCGAGCGAACA,2598
TACTGTTTATATCGAC,2598
AAAATTCCTAGAAAAC,2597
GTATTACGAATTGCGG,2597
TCGGAATAACTGAATA,2597
TTTTTTGTGACTGAAA,2597
CACTATAACAGAGAGG,2596
TAGATCAATGACGGTG,2596
AAGAGGTTAATAAATT,2595
ACTTGAGTTAATTATA,2595
ATGCTTCCCACCTAGT,2595
CAAACTATACTAAAAA,2595
CGAAATCATAAAACCG,2595
CTACTCGGACATTGAC,2595
GACAGCAAAACCAACG,2595
TTTCCCGCCGTAAAAA,2595
ATCAGCACGAGCCCAA,2594
TAGCCACCTCCAACCC,2594
TGAACTTAATAACAGC,2594
AGAGCAGAAAGTACGG,2593
ATGACATAGTTACTGA,2593
CTGATGCTCGGTAAGC,2593
CACGGACACATCGAAT,2592
CAGCCAATGTGCGACT,2592
TAAAAGTCACTGCACG,2592
TCCACTCATGAACACC,2592
AGCACGAAAATAGGGT,2591
ATAGAAAAGAACCATC,2591
ATTGTCTGCAACAGAC,2591
CACAATCTTTTTCAAA,2591
CCACTTGCAAAACTTC,2591
CGTAAACTATCCATTA,2591
CTGACCGGATTAATTG,2591
GTGGACCATACAGACA,2591
TAACGAGTAAATAAAA,2591
AAACACAAAGATGCTA,2590
ACCTAATGAAGATTAC,2590
ATCGCGGTCTAAAAAT,2590
ATGCACCAGATGCTAC,2590
CCACATTAAATATACG,2590
GTCGGCCTTAATTATC,2590
TAACCAAAACAGGTCC,2590
TCGACTTAAAGGAAAT,2590
TTATAAGATTAAACGG,2590
CAAATTTAGCGTAACG,2589
CTAGGATGTCAGCCCC,2589
TGATTATTTTCCACTA,2589
CGATGAAAACTGGATG,2588
CTAGATTAATCTATCC,2588
GCGGTGGATTATAAAA,2588
GGATTATAAATTTATA,2588
TTAAAATGGGATCTTG,2588
TTCCGCCGTAAATTTC,2588
AATACACGCTAGCCAC,2587
GAAATCCCATTGGCGC,2587
GGTATGAGAGTCTAAG,2587
TAAAAACAAATGAAAT,2587
TACCTAACATGGAGCT,2587
AAAACCCGAACTTCAT,2586
AAACGTGGATTAAAAA,2586
AGGCCCGCAGCATATT,2586
ATCACATACTTCTATT,2586
ATCCCATACCTAACCG,2586
ATGCTTCACGTCAAAA,2586
CAAGCGACTGAGGGCT,2586
CACAGCTGATTAAACG,2586
GAAAAGCCAGGGAGAC,2586
TTCCCGCAGAGAATGA,2586
AACAATCATCCTAGTA,2585
ACCTAACGTGATGCAA,2585
ATCTCAGAGTATACCC,2585
CAAGCCAATACTTAGG,2585
GACTGTGACCCCTTCC,2585
GGATACTGAGGTATAT,2585
TTACTAATATATAGGA,2585
AAGCTATAAGAATCAA,2584
GACAATCCTTGACAAA,2584
GACTGTAGGACTAAGG,2584
GATTTTAATAACCTTA,2584
GTTTATGACTAATACC,2584
TAACCGGGGATACCTC,2584
TGGCAATCAGAGCCTA,2584
AAGAAATACAAAACTT,2583
ACCAGAACTTCCCCCT,2583
AGCTTTGGGAGACGAC,2583
GAACCAACCCTAAGTT,2583
GCAGGAAATTGACACT,2583
GGATTCTACGTATTAA,2583
GTGGGAGTAAACCTAA,2583
TGTTAATATAGGTCAA,2583
TTCCTGAATACAATGC,2583
AATCTGAATTACAAAC,2582
ATGAACATTGAGCAGG,2582
CTGGGTTCGAAAACTA,2582
GCCATAACTGGGTCAT,2582
AAGCAGCGGAGTAATC,2581
CCCTTACGGAGTTAAG,2581
GACAAGCAAATCTACA,2581
GGTGGGACAAAAATTT,2581
GTTGCACCCGCCTAAA,2581
TATTAGACTACAAACC,2581
AAAAACCAAAAACATC,2580
ACGAATCGTTCCGATG,2580
AGACCCAAGTGTTCGC,2580
AGGAAGCCAACGCCAA,2580
CACAGAGGTACCGGAC,2580
CGTCGTACCATCACCA,2580
CTTCCCGTGAGTATCA,2580
AAGTATTAGTAGACCC,2579
ACTTCGATTGATTCAT,2579
ATCTTGTATAACGTTT,2579
CACGCTCACAGGATCC,2579
CTCGCCAAAACACTTT,2579
GAGATCTCGAACTGTC,2579
GTCCGCAAGGTGGTCC,2579
TTCCTTACCGAGGCAG,2579
AAATCAAAAGCCGTTA,2578
ACGAGCACTTGACCAA,2578
AGAGGCACCTTACTGA,2578
CAAAATCTCTTAAGCC,2578
CAAACCCTAGACTAAA,2578
CAAACGATAACAAGTA,2578
CCCCTAATTGCCATTT,2578
GTGTTGAATGATACGA,2578
TATATAAGATACCCGA,2578
TTAAATAAGAAATCTC,2578
AAATAAATTTAAAGTC,2577
ACTAATATAATTAAGG,2577
CAGCATTTTACCTGAC,2577
CCGATAGAAGCCGCAG,2577
TATATAATTCAAGCTA,2577
AACCTCCTCGCCAGCC,2576
ATCTCGCAATAGAATA,2576
ATTACAAAGACGCACG,2576
CGATATCCCCAACCTA,2576
GGAGAAGGTCTTAACT,2576
AACGTTCGCCTATAAA,2575
AACTCAGATAAAACGA,2575
AATAGTTACTGAGGTT,2575
ATCAAAACGGGATTAA,2575
CAATTTCTAAATTCTA,2575
GCACCTTAGAGTTATG,2575
GTGTACAAATGCATTA,2575
TATCTAATTCGCTATA,2575
TTACGGGAGTGGGCAA,2575
ACGGCTTAAAAATTAC,2574
AGATAATATCTAACAC,2574
AGCATGGAACAAAAAA,2574
ATCAGTTTACTTGCAA,2574
CAGTGACGTCTCGGAT,2574
GATCTATAAGCAACGA,2574
GGTAAAAGTGTAAACA,2574
TTCCGTCCAACCAATA,2574
TTGCAAAGGATAAGAA,2574
CTACAAACTATAAACT,2573
CTACAATAGATATACA,2573
GACATGCAACGCGTGA,2573
GCGATAACCAAAAAAG,2573
TTGTCCTGCCTATTAA,2573
ACAAACTTACTAGTCG,2572
ACCTAAAACTGTATGA,2572
AGAAGGGATGAAGCAA,2572
CCAAATCCCAGTCCAA,2572
CGAAATGGTACTCTAA,2572
GGTCTTAGTAATTCAA,2572
AACATTAAAATCATAT,2571
AAGTAATCAAGCAAAA,2571
ACATCCCATAACGTAG,2571
CATACAAAATACTTTT,2571
CTAATTCGTGACCAGA,2571
GCGCTAAGTTTTTACT,2571
TACTGTCCACAAGTAC,2571
TAGTGGCTCCCTTTCA,2571
TCTCAAAAACCGTCTA,2571
ATTGATGAATGGAACA,2570
CAACGACAAGGCTACA,2570
CAGAGTTCCCATAATA,2570
CCTCTAAAAGAAAAGA,2570
CTAACAAGAGCGAACA,2570
GAAGTACTAAACAAAA,2570
ACGATGTCGATGGACC,2569
AGTTGACTAAATTGCC,2569
ATGAGATCGTTGTAAG,2569
TACAGTCCGATAATAT,2569
AAATCAACCACTATCA,2568
ACTGGCATGTATGCGC,2568
CCGTCTGAGCTCAAAA,2568
CGACGGGTCTCATCTT,2568
CGCTATCGCCCCCAGT,2568
GCAGGGTTTTGTGTTA,2568
GGCCCTATGCACTCAG,2568
GTAAAATAGGACCGCT,2568
TGAGCACTACGGAGAC,2568
ACACTTAGAGTTTTAC,2567
ATGATCTACGAACTAG,2567
CAACCATAAGATAATA,2567
CGACAAAATAATTTCG,2567
TAGTAGAGCCACGACG,2567
AACAAACCACCAAAAC,2566
AATACAGACGTACCCT,2566
AGAACACATATGATTA,2566
AGAGCCGTTCCTACCA,2566
CATGTTACTAAAAACC,2566
CCGTATTGACGAAATA,2566
CGCAACATACCTGTTG,2566
CGCAATCGGATCCCCC,2566
CTATCGCCGTCCCAAC,2566
GAAACTGAATCAAGAA,2566
GACTTATTGACTATAG,2566
GCTGTACGATTCGACC,2566
AAAAATAAATCATCCA,2565
CAAAAAAAACGACCCA,2565
CAAGAAACTATGCGTT,2565
CACTTGAAAAAATCAG,2565
CAGAAAATAGCATGCT,2565
TCAAAGAATCAACTCT,2565
TGGGTAGCCAATTTGC,2565
TTTGCGCAGCAGCAAT,2565
GTGTCGCATTGGCATA,2564
TTAATTGTTTTAAAAG,2564
AAACACCGTTTAGCAA,2563
AGGGGTCACTCTGCAA,2563
CACAGACTTCTCAAAA,2563
CTAGTTATGTGGCACA,2563
GATTCCAAAGTAGAAG,2563
TACTAAAAAGAATAGT,2563
TGAAAAAATTCCGAAT,2563
TTGCATTCAATAACAA,2563
AAGACAATTTATCCTT,2562
AATGAGGATAAATATA,2562
AGCCGCACAACCGAAT,2562
CAAATTCAACCTTCAA,2562
CCAATATAAGCTCCTA,2562
CTGGAGTCTTACTGAT,2562
GCGTATCTTTTACCTC,2562
GCTTAAACAAGAGGAT,2562
GGCACCAAAACAGAAT,2562
AACCGCGAAATTTGTA,2561
AACTCCGTTCAAAATA,2561
AAGATGTCAAATGCTG,2561
ATACATGCTATCAGAG,2561
CGAGTCACGACATTCT,2561
CTCAACCATTGTTCGG,2561
GAAAGACTAACCCTCT,2561
GAATTATTTCAGACAT,2561
GACCGAGTCTCAACAC,2561
GGCAATCAGACTCGAC,2561
AAGGGAGCCCATAGAA,2560
ACGCTTGGTATTGAAA,2560
AGCTCGATAGACATTT,2560
ATACCTAACGGGCAAG,2560
GTAGTGGAACGATACA,2560
TAGAACCAATGTTTAT,2560
TCGCAAACAGCCGGCC,2560
TTGGGGCCTATCAAGA,2560
ATCCACCACTGATAAC,2559
TATCCTATGCCGACTA,2559
ACAATTCTTCTTACGA,2558
AGACACATCTGTTAAT,2558
ATATGACACGACATAA,2558
AACATCTCACGCTAAA,2557
ATGAAAAGCCTGATAT,2557
CGTGAATTTAGATGCA,2557
CTAACTTGACTGTCCT,2557
ACAAACAACACTTGCA,2556
ATGTATCTTATAGTGC,2556
GGAGTATACAACGCCG,2556
GTAAAACAAACCATTC,2556
TAAGATGCCCTGTTGT,2556
TCATCTAATAGCGCTC,2556
TGCACTTGATTTAGAT,2556
TTTGTGATCCCGATTT,2556
ATTAAATCCCATGGGA,2555
CACCTATAAATTTTTC,2555
TAAAATCAAGAGGCAG,2555
TATAAACGAAACACAC,2555
TATTTAAAACCGCAAC,2555
AGAAACCCAGAAATTA,2554
ATACGATATGAAAAAA,2554
GACTTCTGAGCATGTG,2554
GCTATCATACAATAAC,2554
GGAATGAAATCGAATA,2554
GGATGAACACAACATG,2554
TATCTAAGCACAACTA,2554
TGCCTTGCAGAGGACT,2554
TTCATTGATGATCTTC,2554
AAGTCTGGCTAAAAGC,2553
ACATACAACAACGAAT,2553
ACCTGCGTGGCAAAAG,2553
ACGGACAGGCGAAGAT,2553
ATACGACCTGACCGAT,2553
TCAAAAAAAAAACCTC,2553
TCAATGGGAAATAGCT,2553
TTAGACCACAAAGAAT,2553
AGTATGAGAAATCTTG,2552
ATCCCCTAAGTATAAA,2552
ATTTCAGTGGAAGCCT,2552
ATTTCGCGACACTCGC,2552
CAACTCCAACGGATAA,2552
CGTAGGATTTGGCGAT,2552
CTTTTGCGGTTATTAA,2552
TGAATTAGCAAAAGGA,2552
TGTTCATCGGACTCCA,2552
TTACCACCCCTTATGT,2552
TTTCCAATTCCGAAAC,2552
ACGAGGGACTATTTTG,2551
CAGCTCGGGACCTGTA,2551
CGAACTTAGAATAAAA,2551
GAGCCCAGAGCTAATG,2551
GATAATAGCTCTACCT,2551
GATACTAACGCGAATT,2551
TCAACCTAATGGGGTC,2551
TCAGATATAAGCAGTG,2551
TCGAGAGCGTATCAGA,2551
TCTAGCCCATGACATT,2551
AACATGACCATTCAAA,2550
AAGCATAACTTAAGCC,2550
ACTATTTGCAGTGTGC,2550
CCGCTGTAAAGAAAAC,2550
GTGACTTACCCCGCTA,2550
TCTACAAACTCCAGAG,2550
TGGATCCGTTTCTGGA,2550
AGTTTGAATCTCCTTG,2549
ATCGTAATGGGGCCCC,2549
ATTTTATGGCGAAAAA,2549
CAGAAACGGGGTAATT,2549
CATATAGAGCACTGTA,2549
CGAGGAGTCAAAGCAT,2549
TCGAACAAGATACTCA,2549
TGCTTGGAACAGTATA,2549
AAAATATCCATTGTGG,2548
AAACGCTGGTCTAATA,2548
AAATAGGACAAAAACC,2548
AAGCTCAAGAAGGTAT,2548
ACAAATACACCATCTC,2548
CTACGCCAAGGATTAG,2548
TGCAGTATATTTCAAA,2548
AACATTGAAGTTAATC,2547
AGGTCACAAGACCAAG,2547
AGTGCTAAAATAATAA,2547
CAATTAAGAATATGGC,2547
CATGAAGATAAAAAAG,2547
CCCTCCTCTACTAAAG,2547
GCAGGAATACTTTACA,2547
ACCCGTGCCAAAAAAG,2546
AGATGATGGGAATAAT,2546
CAAGTACATATACTAG,2546
CTCACGAGGAACTACT,2546
CTCTACCCCCTAAAGA,2546
CTGGATTAATCAACGC,2546
GAACACTACCTCTATC,2546
TAGTATCCCTAGTAAC,2546
TGAAAATAACGCTTGG,2546
AAGATCGTTGATGACT,2545
AGTTCGCCACAGGAAC,2545
ATAAAACACGATAGAG,2545
CCATTATTTATAAACA,2545
CCTAAGTCTAGATAAC,2545
CTTCCGCAGCACCTTA,2545
GAGGAGAAACAAAAAA,2545
TATACACCTGTAGCTC,2545
TATATAGTTGAGACTT,2545
AACGCGATACATCCCT,2544
ACCAGTATTTATGCCC,2544
CATATGTTACAATCAG,2544
CGACAAAACTATACCA,2544
CTCGGATTTCACCGGT,2544
TACCTGTTAGGAATAT,2544
TGAATCATCGTAAGCT,2544
TTAAACCAAACCCATG,2544
AACGCAGCTTAAACAC,2543
AGCACATTAACGAGCA,2543
ATAGACATAACCACAC,2543
CCACGGGCAAAAATCC,2543
GAGAGCCTAGTTACGT,2543
GGAGAGCGACCAGATA,2543
TGATTCGTGACAAGTT,2543
TTCAATACGAAATAAC,2543
TAGCAGAAGCCCCATA,2542
ATATCAAAATATGAAT,2541
ATGGACACAGACATCA,2541
CAAACATGAACAAAAA,2541
CGCGCATTAATCCAAA,2541
TGCTCTACATCGAAAC,2541
TAATTATTTTGTTTGA,2540
TACTGTATCACCGCGT,2540
TCGTATATGAGTGTTA,2540
TTATCTACGAACTCAA,2540
AATCCAGGTCAAATAA,2539
AATCGTATTACATAAC,2539
ACATAATAGCGCAATT,2539
CGCAGAACTTTAGAAT,2539
TAGAACGCTTCACAAC,2539
TAGTTTATAAGAGACA,2539
TTGACGGTCGATTGAC,2539
AAAAAAGATTTAATTA,2538
AACGCTCCTAAGCAAT,2538
CGCTATATAGACACAT,2538
CTACGAACGAAGAGCT,2538
GAAGTCAAATCTTTCT,2538
GATAAACAGAAGATAT,2538
GTTACGCTGAACCTAG,2538
TCCTAGGCTAAAAAAA,2538
ACACTTTGACCCAAAG,2537
CAGCCTTTCATGTGCT,2537
CCCGCAAGAAACCCCT,2537
CTATTGTGCTATGTCA,2537
GGATTTTAGCACAAAA,2537
TAATAAACTCAACCTG,2537
TAATAAGAATCAAAGA,2537
TCCAAAAAGGACTAAT,2537
TTATGAACGTATTTGC,2537
AACAAATTCTAAAATA,2536
AAGTGTAGTGCTACGC,2536
AATCACAGCATTTCAG,2536
AATCGCATAAGATAAC,2536
CGATCTCGCAAGTAAA,2536
CTTATGAGCACTTACA,2536
GACCGACACTACAACC,2536
GTTCTCTGCTAGCCAA,2536
TGCCTCATCGGAATTG,2536
AAGTATATAAAGACAG,2535
CCGTATATTAATGTCA,2535
GGAAACTCTGTGAGGC,2535
TCCGGCGAGTAGATGC,2535
TTAACTTTAACAAACA,2535
AAGGCTTAATGCGATG,2534
AATATCTCCAATTAAA,2534
AATCCAGGACCTTTAG,2534
ATATAGCATAAATAAT,2534
GACATAAGTGTGGATA,2534
GATTTATGATAACTTA,2534
GCCATTACGCATAAAA,2534
GCGGGTATGGGTACCC,2534
TAAATACTAATGACAC,2534
TAGGCAGACAGGGTAT,2534
ACTGTAGTATTTGAAA,2533
CCCTCTCACGAGTGCA,2533
GGCCCTCCTTATCTTA,2533
TCCATATTTTCAGATA,2533
AAAAAGAACTTTCAGC,2532
AATGGTTCTGTGGTTC,2532
AGATAGGTGGATGCAT,2532
CGTAAGAATTTAGATT,2532
GACCGGCGTCTCTAAC,2532
GTTCCAAGCGGAGAAT,2532
TAAAAACATTAGATAT,2532
TAAGAAGCGGTAACAG,2532
TAAGTGTTGATTGGAC,2532
TTTATAACTGAGAAAC,2532
AGTCTGAACAAATAAG,2531
ATACCGAATCGATGCA,2531
ATGCAGCTCGGATTTA,2531
CTAAAGGAATAAGGGC,2531
CTGCCGCCCTTAAGCA,2531
GAGAATTTTGAGGAAA,2531
GCTACATCTATAAGGT,2531
AAACTCATAGGGCATT,2530
AACAACATATAATCGT,2530
AACTTAACAGGACGAC,2530
AGACACACAAGCAAAA,2530
GCCTATTGATACAAAA,2530
GCTTTTCACGGTGACA,2530
GGGGCAGAGTATAAAG,2530
GTGAGCTTATTTAGTA,2530
TTAGATTAAGTGAACA,2530
AATCGCGCTAAACACC,2529
ATACAGTCTTTTCGCA,2529
ATAGAGATAGTACATA,2529
ATGACTTACCATTGGT,2529
GAAGAGTCAGGGCACA,2529
GTAACGTGCAAGATAA,2529
TACCTAAGTTCTGTAG,2529
TGAGCCCTGGACTAAA,2529
AATATATGACTAAAAT,2528
ATAAGTAGCTATCAGC,2528
ATACAGACAATGGCAA,2528
CTTGTATATTTTAACG,2528
TCTCCTTTTAACACTA,2528
TTTGGCATCTCAAAAA,2528
TTTTCAGTCTGAATGA,2528
ACTATCCTGAAATCCT,2527
CAATTTGAATCAACCC,2527
CAGCCTATTCATTACT,2527
CCTGTACGCGATTCCG,2527
TATAATAAAAATGCAC,2527
AATGTCTGCATAACTA,2526
ACTAATTCTATTGCAA,2526
ATAATTTAACCTGTAA,2526
ATATTATGTCATCATA,2526
ATCCGGAAGCCTACGA,2526
ATTCCTGTCCATATAA,2526
CGGTAGGCAGCGAACA,2526
CTATCTGAGTTTAAAA,2526
GAATTACCAATAGCTT,2526
GCTTATTCATACCAAT,2526
TTAACCTAGGATCAAA,2526
AAAAAACAGAAAATAA,2525
AAACGGGGTCTCCTAC,2525
AACCGTGTCCCAAACA,2525
ACGAGTTGGCATCCCA,2525
CAATTTGTGTAGAAGT,2525
CCCGAACTCCACCTAT,2525
CCCTCCTTTTATATTT,2525
GAACAGAGCTTTGTAC,2525
GCACGCTACCTATAGG,2525
TATTGATCATAGGAAT,2525
TCCCTTGGCTTTTCGG,2525
AGGCCCGGAAACACGT,2524
ATTGGCGTGAGATGAC,2524
GAATTTAGGCAACGCC,2524
TTAGCCAAGGGAGGTG,2524
AACCATAGACCCATAG,2523
AATAATTCAAATTACA,2523
ACGAAATAGCCAAAAG,2523
CACGCATAATGCACTT,2523
CACTCAATCATCACGG,2523
CAGTTAGCAACCACAA,2523
CCTCATAAGATCTATG,2523
TACTAGCCAGATCGGC,2523
AAGTAGTGTTTGAATG,2522
AATGCTGTTGATATAC,2522
ACTCTGCTTGAATTTG,2522
CACAGATCACTTTTTT,2522
CCATGAATTGAACAAC,2522
CGTACGCACAATTGAA,2522
CTTGATATGAATTACA,2522
GAACTCATTTATAGCT,2522
GGTAGACGCCGTACCA,2522
GTTCTGCAAATTGGGA,2522
TATAAACTGTTCAACC,2522
AAAAGAAATCCATAGT,2521
ACCAAATTCTCGAGCA,2521
GTCACCCACCAAACAG,2521
TAAATCTGTTACACCT,2521
TAAATTGACTAAAGGA,2521
CGCACTAATCAATTCC,2520
CTGAGAAAGTAGATCG,2520
TAAACTGATTCGGCAT,2520
TGACTAGCCATAAACA,2520
AAAGTAAGGAGAGTAT,2519
ACCTCCATCCAGTCGC,2519
AGGAGACATCGGATGT,2519
CCCTACAAATATATTT,2519
CTAAAGCTCAACTCGT,2519
CTCAACCAATACGAGG,2519
GGTGAATCCGGTTGGG,2519
TCTAACCTATTTACCC,2519
TGAATGCCATTATAGA,2519
TGAGGTCCAAGGAGCC,2519
TGCTAAAAAAGGATAA,2519
AAGATGATAACTACAG,2518
ACCACCTTTCGACCCG,2518
ACGCATAATATACCAG,2518
ATATATACTAAACACT,2518
CTCGGCATAGATAGAT,2518
CTGATAGACGACTCAT,2518
GACTCGAACTAGCATA,2518
GACTGCTCATTAAATG,2518
TATAGTGCCTACTAGG,2518
TTGCATGGGAACCCGA,2518
TAAACTGTAAATCCAC,2517
TACCGATCTAAACCAG,2517
TATATCATTAAATCCC,2517
ATGAATAGTGCTAATG,2516
ATTGGAAGACAAGACC,2516
ATTTTCTTTAAATGTA,2516
CACCTCTACAAAATAT,2516
CTCGCCCTAAAGAGAC,2516
GAACGGGGGCCCAATA,2516
GATTTTTCCTTTTGGC,2516
GCAGCGGTTGCCTCTC,2516
TCCGGATGTAAATGTA,2516
AACCCATGAGCGTCTT,2515
AACTGCCACTGTCAAA,2515
AATTATAAAGGTATAA,2515
GAATGTGAAAAACCAA,2515
TAACAATTTTTCCTTA,2515
AAAAACCAAGAGGGAA,2514
AAAGAAACCAGAGCAG,2514
AACGAAGCCGCAACAA,2514
ATGATCCAATTAGGAC,2514
CCCATGGTCCAGTAAC,2514
CGCTAACAGAGTGGTC,2514
GGGTTGATTATGGTCA,2514
TAGACAATAATGTTAA,2514
TGATTTTTAAAAGGAA,2514
CCTCCCATTCTGTCTA,2513
GACAGGACACACACGT,2513
GAGTGAACGTAACGAC,2513
GGACCCACGGAGACCC,2513
GTCACCAGAAGACCCT,2513
TCGAGGTGTAAATGAT,2513
AAGCGGTTAAGGAGGT,2512
AATTAGGGGGACTCGA,2512
ACACCAAGACGTAAAC,2512
ATAATGAATATGAATG,2512
ATTTATTCATTCCGCA,2512
CAAACGAGTAAACATC,2512
CTCAACCTAACTGCTT,2512
GCTAATTGCAAGACAA,2512
GTTTGACAGGTGGAAC,2512
TCAATCCCTAACCGAT,2512
TCCAACTCCATTTAAA,2512
TGTAGATAACCCAGAC,2512
AAGTTGAATAACATGA,2511
ACTTCTCCTCTTCAAG,2511
AGAAATACCACTGACA,2511
CACCACTGCTAACACG,2511
CGGTCAGATATATTAG,2511
CTATAATCGCTACCAG,2511
CTGAAATCGAGACGTA,2511
GAACCGAATAATTAGC,2511
GACGACGGGTAAACAG,2511
GATCTACATACTTGTC,2511
TAAATAATTCGAAAAA,2511
TAATATATGGGTACAA,2511
AAACATACGAAGCCTG,2510
AAGTGCAGGACAGTGC,2510
AGGATAATTTAAACGC,2510
AGTACCCTGATACCTA,2510
ATGATGACCCACAAAA,2510
CCACAGCATGATAATC,2510
CTATACCATCGCAAAA,2510
TCAAAGGGGCGATTGT,2510
TCGTTCGTTTTGGAAC,2510
ATGCCTACCTAGCGTA,2509
CGAACAGTGACATTGC,2509
CGTTAACTGTCATGGG,2509
GAAGGGACCAGCGGCG,2509
GAAGTCTCAAGAACAC,2509
AATGAATTCAGCCGGT,2508
ACACTGAGAGGCGTCT,2508
ACTAGAGGGGCAGTCT,2508
ATAATCTCTATATGAA,2508
ATCACGGTCCCATAGG,2508
CATATTTGAAACTACC,2508
CGTATGGCATCTCGCG,2508
CTCCAACGCTCAACAA,2508
GACCCGTCTTGGAAAG,2508
GTGATACCCACTTACT,2508
TAGTAAACAGGCATAT,2508
AAAGCAAACGTTGTAG,2507
ACCTTAAATTAAGGAC,2507
ATTCCAGTAGCGAATC,2507
ATTTCCCTACCCTATG,2507
CAAACACATAGCATAA,2507
GAAACGCGCAGACTCA,2507
GGTTACCAACCGCCCG,2507
TACACCATGGAAACAC,2507
ACACTGTTAAAGTCGA,2506
ACGCGTGCAAAACATG,2506
ATTGGATCACTAATGC,2506
CCTAAAAACAAGACCT,2506
CTGAAAATGAATAACG,2506
CTGGTTGAAATGCGAA,2506
TAGGCAGTGGAGCAAT,2506
TGGAACCACTGATGTA,2506
ACACCTGTTTTAAATA,2505
AGACTAACAATAGACA,2505
AGCTAACCGATAGCTA,2505
ATCACCCACAAACCCC,2505
CGCAACCCCTCAACTT,2505
TACCCTGTTGGCTGAA,2505
TCCAACCCGTCTTAAT,2505
TCTAGATGACAGACTT,2505
AAGGGGTCGATTCAGA,2504
AATGCTTATGAAACAG,2504
ATGCATTACAACGGCT,2504
CTCAGTACGTGATATA,2504
GCTCAAGGACCAAAAC,2504
GCTTTCTGTAACGAAA,2504
TTCACAGAACTAAATA,2504
TTTACACGCCTATAAG,2504
AAATTGGTCCCTGTAA,2503
CCTACAATCACTTGAG,2503
GAACACGAGGGCCTGA,2503
TGCCTCCATATTCTGG,2503
TTTAAGCCTTTAAATT,2503
AATATTACTAGCCAGA,2502
AGAGCCCTATACGGGA,2502
AGATACGCTCAAAATG,2502
AGTTCTATCGCAGATT,2502
TCCAGGAATATCAACA,2502
TGAAAGTTAGAAAAAT,2502
AAGAGTAGCAAAAGAA,2501
ATGCACATAAACCTAA,2501
CTCACGAGTAGAATAT,2501
GCGCAGATACACTCGG,2501
TCGGCACAGACCCATC,2501
TTTTTATTATTCAAAA,2501
ACCAAGGTAATGAAAA,2500
ATAGGTTTGATTGATA,2500
TACTTTTCCTTTCCAA,2500
TGCCATAAGAACCAAC,2500
TTAATAATGTATTGGT,2500
ACTGAGCAGCCACTAA,2499
ACTTGAGGTCAGCTTT,2499
CAATTTCGCATTATTT,2499
CCAACAAGTAACTGCC,2499
CCATATCATTGCCCCA,2499
CTTGTGTCTGATAGTA,2499
TTAAAACCAAATATGA,2499
AAGTGCAAGGGTAAAC,2498
ACACGAAGAACTTATA,2498
ACCAGCATACATCAAG,2498
ACTATTTATATTGAAC,2498
ATTACCACAAAAGAGC,2498
GCGGAAAACGATAAAA,2498
GTAGCCAAATACGAAG,2498
TCGGTTTTGGCTATAG,2498
TCTACACTGCCGATGT,2498
TGCTCAAATATCCAAT,2498
AAAACAATCCTAAGCC,2497
ATTCAGCTAAAACGCA,2497
GGATGTTATCAAGCCC,2497
GTAAAAGTATACAGCC,2497
TGAGTCTCAACACACT,2497
TTTGAATAGAGACATA,2497
ATCCACCAATCATATC,2496
ATCGCCACTGTATGAA,2496
GCATCAACGCCTGAAA,2496
TGGACTCGCTCATGTT,2496
TTGCACTAGAAACTAA,2496
ACTCACATAATAGGTA,2495
AGAATACACACGAATG,2495
ATAAGCAAAAAATCCT,2495
CATACTCCCGTGCTAT,2495
CCAATATAATATCAGA,2495
CGAAAAGGGCCACTCG,2495
GAACCCATATCCCCTC,2495
TAAAGCTGGTGGAGTA,2495
ATAATAACTTAAAACA,2494
CGCCCGCGAAATTGTC,2494
CGCTTCCGGACTTTTA,2494
CTTTATACCTCAATAA,2494
CTTTCTCCCATTAAAT,2494
GGAATTACTCTGACTG,2494
AAATCGACAGGCATAC,2493
AACTATGGGCTAATCA,2493
AATAACTAATAACACG,2493
CCATGGACGCCGTCAT,2493
GAGCATTGTCAAGGAT,2493
GTTTATCTCATCTCAT,2493
ACGATGGACAGGACTT,2492
ATAAATCACCGGAAAA,2492
AATATTGGAGAATATG,2491
CACAATTGACATCAGC,2491
CAGCTTGCTTCGCCTA,2491
CGCACGAATTCTAGGA,2491
CTATTAAACATTCCAA,2491
GCACGTCTAACAGAGT,2491
AATGGATCATATACCG,2490
ACCCAAACTTTGTAAT,2490
AGAAAAAAAATTAGGT,2490
AGATCAACATATAATA,2490
ATAATAGACACAATTA,2490
CAATGAACGGACACAG,2490
GACAAAAGTCCAGGTT,2490
GTCGGTTAAATCGCTC,2490
TCTCAGACACACCCCA,2490
AATAAACGTTTAGGGC,2489
ACAATTTTCGATCAAA,2489
GAACTAATCGAGGGGA,2489
GTTGAAGTCACTCTCA,2489
TAATGCTATCCCTAGT,2489
TCAAGACACCTACGAA,2489
TCTAAGCCGAGGTAAA,2489
ATAATTAAAACAGGTA,2488
ATTAGGAAGAGAAATC,2488
CCGGTAAGGGATGATC,2488
CGATAGATAAATAGTT,2488
GCAATTAATAATTACA,2488
GCATACCAGACCCCTG,2488
TATTAAGAGCGCACAG,2488
TTATTCCTTACGGTAC,2488
TTGTACCAGCCATTTT,2488
AGTTCATCCTTAGAGT,2487
ATTATGGCAGCTATAG,2487
CGATATTACCTCTCAC,2487
TTAGACTTGCAACGAA,2487
AAACACGCATGAACGA,2486
AGGGGTAATTTTATGA,2486
ATCTTCTAGGATTCTA,2486
GTGCACATTATTGTAC,2486
TAAGTCATTCGTACAG,2486
TTATATCGATTGGACA,2486
AACCCGCTCTTCGATC,2485
ACAGTATTTAATCGTA,2485
ACCAGATATGGTTGAT,2485
ACTAATATTAAGCGCA,2485
AGAAAGCTTAAGCACC,2485
ATAAGTCAAGTGCGTA,2485
CCAGTTCGCTAATATG,2485
CGCAAAATAACGCACA,2485
CTGCACTGTTGTAAGA,2485
GGAAAATCAGACGAAA,2485
GTTCGACTGCGAGCAT,2485
TAAAAGAAACAATTGG,2485
AACTACCAATGCCCAG,2484
AGGTCACGGCCATCCA,2484
CCCTTCTAACTCGAGG,2484
CGTTCCGGAAAACATC,2484
GCCGCCCCTCCCAACA,2484
AAAAGATTAGCGACCG,2483
CTTATTCTATTCAATT,2483
CTTGCACACGAAAAAA,2483
GTACATCAACCCCGAG,2483
TCTCCCTACCTAGATC,2483
TTTTATAGGATCCGAT,2483
AAATAGCTGAGACATA,2482
AATCCTTATGAGGTGA,2482
ACACAAAGGGGAATTT,2482
AGACATAATATAAGAT,2482
AGTAGACACAGATGTT,2482
ATCGCTCTCAAAAAAA,2482
CCTACGCAATTTGGAC,2482
CGAGGCAATACCGAAT,2482
CTCGTCATAGGTACAC,2482
CTCTTCCACTTCACTA,2482
GCAGTTGTTACACCAC,2482
TAAAAATGATCATAGG,2482
TGACGCTACATTCACT,2482
CACTACCATTGTAAAA,2481
GACATCAATTGTCATA,2481
GACATTTTATCTAGTT,2481
AAAGCTATGGTCAGCC,2480
ACCCACTTTTTACAGT,2480
AGCTCTGGACAGATAC,2480
AGTATGGCGCACTAAT,2480
ATAGCGCCAATGATTC,2480
CACCTGGAGCCTTTAC,2480
CGACAAATGTCACCAT,2480
TGCGCCAATTGAAAGG,2480
AACACAAGATTGGCCA,2479
AATTTACCAAAGACTC,2479
ATTTACTTCTGACACC,2479
GGATCAGACAGGGTAA,2479
TATCCATAAATCCAGG,2479
AAAACAAAAGTCACGT,2478
AAAGAGCGACTTGTTA,2478
AACCCAAGACGAAGAA,2478
ACAAACGATCATGTAG,2478
ACCAGACCATAACTAA,2478
ACCCCATTACCACCTA,2478
CACAAGATGTTATGTG,2478
CACGGCAAACATAAAA,2478
TAAACAACATTCATAT,2478
TAGACGATCACAAAAT,2478
TGAGTACTGTATATCG,2478
AAGCCGGCATGGCTGC,2477
ACTACATTGAATGTCG,2477
AGGGACCGGACACGTA,2477
ATGCTAGGGTTGCAAA,2477
CACTGCGCATAGTGCA,2477
CGAACCCTTAAACAAT,2477
TAAAATTTCCAAAAGT,2477
TCAAAGATAACACTTC,2477
TCTTCTAACAATGACT,2477
ACATTCTTAGTTACAC,2476
AGATTCGAACTCTTAT,2476
AGCTGTGAAAACACCT,2476
ATGGAACACTTACCTA,2476
CCTGCTGAACGATCGG,2476
GTATAATTAGAAAACA,2476
GTGAACTATGATAAAA,2476
TAAACTAAACAGCGCT,2476
AGGACATATATAAACA,2475
ATTGAGCACCCCTACA,2475
CCCGAATCAAGTAGGA,2475
GACATACCAAAGATAA,2475
GAGTTATGAAAAACTT,2475
GGATGGGTTACCGGGG,2475
GGCCTACCCAAATGTA,2475
GGGAAGTCAATCTGGT,2475
TTCGAGTTTTTAACAG,2475
AGGGTTAAAACTGTTG,2474
CATGTCAAAATCAAGC,2474
CCCTTCGGTCAATATT,2474
CGTACCATCTGAATTT,2474
CTCCCTCTGGCAGATT,2474
CTGCCTGCAGTCTAAC,2474
GACTGCCGAGATAGAT,2474
TGAGTTCAATATAACA,2474
ACATTCTAAGAAGCAT,2473
ATATTGAACCAAAAAG,2473
ATTACCAATTCAAGTG,2473
ATTTATGGCCCAGGTG,2473
CCCTGTAATTTAGGAT,2473
GAACCGACCCATCAAC,2473
GATTTAGATAAGCAAG,2473
GCACACGCCACTAGCG,2473
TAAACAGAGGTCTAAA,2473
TTAAAAGCGCGAACCT,2473
TTACGCATGAACGTAA,2473
AAAACGACACTTCAAC,2472
ACAACATATGGCATAA,2472
ACAGAAAAGTGGAGCC,2472
AGTTTCCACCAGAATT,2472
ATGAGTTGACGTATAA,2472
CCTAGCTACTACTCGA,2472
GAACTTACTTACTTAG,2472
GTAATAAACATGCCGG,2472
TACTGTAAAACCAATT,2472
TTGTCGAATTAAACCC,2472
AAATAAAAAAAGGGAG,2471
AAATTTCACCAAAGAA,2471
AGTGGCAATTGCCAAA,2471
ATCCCCAATTCTCATA,2471
ATGTCCTTATAACGGT,2471
ATTAACTACACTCTTA,2471
CAATTCCGTATATCGT,2471
GGATTACATACCCTCG,2471
AAAAACAGAACATTCA,2470
AGAGCTCCCCTAGCTG,2470
ATATTTATAGGACCAC,2470
CCGGGTTTGGTCCGAT,2470
CTCCATCGCAAGTCGA,2470
CTTCACTAACGCACAA,2470
GTTAAGGCCGTTGAAC,2470
TAATAGGTCTCTCTAT,2470
TCCTAGATCATACGTA,2470
TCGGAACATAAGTTAT,2470
TCTTGTTTCAAAAAAA,2470
TGGAAACCGATACACT,2470
AAGAAACAGGGAGGAT,2469
CGAGTTTCCGATGATT,2469
CTAACGAACTGGCGAG,2469
TGTAAATGAGTTAATA,2469
TTTACCACCTGAAACA,2469
AGGTGCAATTCAAACA,2468
CAGATAATAATAGCTT,2468
TAAACACTCCACATGT,2468
AAAAGAAAAACAAGTC,2467
AAACTGCACCAAAGCG,2467
ACTATAGCGCCTTCTT,2467
AGATGAGCAAAAAAGC,2467
AGGCAAACACAAAAAA,2467
CATTCGCTAGTTAATA,2467
CCAAGGAAATAATGAG,2467
GCCTTAAATTTACAAA,2467
TGGCCCCACTGTTATG,2467
AAAAGGCTAGAGAAAA,2466
AGGTGACAAAATTGAT,2466
CGTAAAAACGTACACA,2466
TAGTATCGGGAATCCA,2466
TTTCTTGTCTGCCGAG,2466
AGTTTAACAGCATTCA,2465
ATGTACTCATGAACCA,2465
CCAATTTAAGCATGGT,2465
GACACCTAACCGAACG,2465
GGCCAATGTATACTAT,2465
TCACACTCCCGACAAC,2465
TTCTCCTTGATGATCG,2465
ATAAAGCTCAGGCCCT,2464
ATCGTTAGGGGCATAA,2464
CAACAGTGTGATAACA,2464
GAGTATAAGATCCACG,2464
TAGGAGATACTCTAAA,2464
TCCCCATTTCGGAGAC,2464
TGGACAACAGAAGCCC,2464
AAGTAATGCGGTATTG,2463
ACACAAAACATTAGAA,2463
ACAGAAATGTGAGGTT,2463
ACTGTCATATGCTAAC,2463
ACTTTCAATTAGCAAT,2463
AGACGTACATATAACA,2463
CGAAATGGTCTCTAAC,2463
CGCTGATAAAACAATA,2463
GACGAACCTAAATAAA,2463
GGATGCCGGGTTCCAT,2463
TTTTAAGGTATCAACT,2463
ACATTTAAAAAGTATA,2462
AGGTAACCTATCTTCA,2462
ATCTAGATCCCAGAAT,2462
ATGAGCGACGAGTGAA,2462
CAAATTCTAAATGCAT,2462
GGATAAAATTCCTACT,2462
GTGCAAAGACACCTGA,2462
TCAAACCGTACCTACC,2462
TTAAGATTCACCTATC,2462
ACCGAAATACGCCACT,2461
AGAACCTAAAAACGCG,2461
ATGATCTTTAGCCCGG,2461
CACCGTTAATATGATA,2461
CGTTCTACGAACCTTA,2461
GAGAACTCTTGACTAA,2461
GCCGCATCTTAAAGAC,2461
GGTAAATTATTCTAAT,2461
TCCACCACGTGGAGCC,2461
TTTGGCAATTCATAGG,2461
AACGATCGGATACTAC,2460
ACATACAACTAAATAC,2460
ACTAATATCAAATAAA,2460
ACTAGACAGCTCGCTT,2460
CGCGACTTAGTCATAG,2460
GACCACTTAAACAGTA,2460
TGCAGCGGTTTCATAC,2460
AAAAATAAACAAAATA,2459
ACAAGTACCTACCACA,2459
ACATTTTTTGGTAATT,2459
ACCTAACAAACGATCT,2459
AGATTGTCGTAACACC,2459
AGCTTGTTGAGTGCTG,2459
ATAAATAAGTACATAA,2459
ATTAAAAATCTCTATT,2459
CATCTGGGAAGTTCAA,2459
CCCTGAGCTACTTGAA,2459
CTCAAGTCCGACAAAA,2459
GTCCTAACAAAATAAG,2459
TAATTAGAGATAGTCA,2459
TCTTAGCATAGAACCC,2459
AATCTAAGAAGTCACG,2458
ACATTAGCACGAAATG,2458
ATTTGTCCAACGGCGA,2458
CACACGACAAGCACAA,2458
CCTGATTATTCTTACA,2458
CGATACCAAGTTACGG,2458
CTAGCAAACCAACCAC,2458
GGACCCCAACTAAACC,2458
GGGTCAGGAGAGTCAA,2458
GGTCCCGTATATCCTA,2458
TAGCGTGATTTTTCCC,2458
TTGAGCTGGCTTGATG,2458
TTGTTAACCCACTACA,2458
AAAAAATCGCTACAGC,2457
AAGTATCAATCCCCGC,2457
ACCGTAAAGATTAGTC,2457
ACGGCACATCATTCAA,2457
ACGTAGCTCATCCTGC,2457
ATGACTACTCCATCCC,2457
GGTGCAACGCAGGAAG,2457
TCAGTGATCGCGATGC,2456
TCCCATCAAATAACAC,2456
CTATGATAACCACCAA,2455
GAATTAGCGATGCACC,2455
TGTCAGGAAGAGGTTT,2455
AGATATACAAAAACAT,2454
AGGAAAGCGTAACCGC,2454
ATAACTATAAAATCAT,2454
ATTTGAACAAAAACGA,2454
CAAGTCCGCAGCTATC,2454
GCTCATGTATGCACTA,2454
GTGACTTCTCGAACTC,2454
TAAAAGACAACACTAT,2454
AAGAATGAATTGGAAA,2453
ACAATACACCTCTTAA,2453
AGGGCAACATAAATTA,2453
ATCATTTCCATCTATA,2453
GAGATCTGCGGCCAGC,2453
TGACCTGGATCCTCCG,2453
TTAGGACTCAACGCGT,2453
TTCAATCGTTAGCCGC,2453
AAATACGCAAAATTTT,2452
AACGCGCATCCAATGG,2452
ACACAATAAGAGACAT,2452
AGCTATACATGGACCG,2452
ATGAAACAATAACCTG,2452
CCATCTTAAGAACTAC,2452
CCGATTTCGCAAGAGC,2452
GACGTAAGCCTTGAGA,2452
GGATTAATCAGACACA,2452
GTGATAGAAATACTTA,2452
ATAAAGGAGAAAATCC,2451
CCTTCGAATCCCGGGA,2451
GAAATTCAATAGCTCA,2451
GAGACACAAAAATAAA,2451
GTCCCACCATGCAACA,2451
TAAAATTTTCGCTCAA,2451
CACTCCTGGCTCGAAT,2450
GAAGGAAGTGACCGTG,2450
GTTCCATTCCAGCAAA,2450
TAATACTCCAAGTGCG,2450
TATAAACTTCACTTTA,2450
AATAATCACAGATCGA,2449
ACGTTAACCACGCTAA,2449
ATCGCAACTTAGATAA,2449
CAGTCAAAATCTCGAC,2449
CTACCAGACTGACCAA,2449
CTACTGTCATCTTGAA,2449
GCTCCCTGCCCACTTG,2449
TGCAGTCTTGAAAGTG,2449
TTATCGAAAGCGTGCA,2449
TTTTACCCTGGACACT,2449
ATCCCGTTGAATTAAT,2448
CCGCTACATAACACCA,2448
TCATAGAGCTTGATAA,2448
TTACAAGCTTAAAATC,2448
AAACCCGGTGGTCCTA,2447
AAAGTTGTTGTAAAAA,2447
AAGGGAGTGCGTTCAA,2447
ACACGCCCCGAAGCTT,2447
AGCTTGCCCGCTATAC,2447
CAGGAAACCGTCCGAA,2447
TAATGAACATTAGCTG,2447
TCAAAAATAGGGTGAA,2447
TTATCGACATCTAGAA,2447
TTCTTATTAACCTATG,2447
TTTCAAAAAATATGTA,2447
AAGATAGAGCAAACTA,2446
ACTGATTCACGTAGCG,2446
AGATTCAAAATCCTAG,2446
ATTACGAAAAAAGGTA,2446
ATTGACATGTTCTTTA,2446
CATGAGGAATCAACAC,2446
GAGGATCGACCTAGAA,2446
GATATGACTAACGAAG,2446
GGGTTGCACTTAAAAA,2446
TCGGGTCCTAGCAAAT,2446
TCTGTCTATAACTCTT,2446
ATAAGTAGACTAGTTT,2445
ATCGTTATATAAGCCC,2445
CAACATCACAATAGAC,2445
GAATTACAAGAAAAAC,2445
GATTATAAACTGTACA,2445
GGCATAACTAACCCTA,2445
GTCGAATATGCGGATC,2445
TAATCAAAATCAACCG,2445
AAGGCCTCGTTGAGCT,2444
ACGTGACCTCCTAAAA,2444
AGGTTAACCACGGGCT,2444
GGAATGGATTGCCGGC,2444
GTCCCCGTTCTATTCT,2444
AATGCAGGAATGATCA,2443
ATTTAAAGTAGACGTA,2443
GAAAAAAACACTCACC,2443
GCGAATGCTATTGGGG,2443
GTCGAGCCTAATATGA,2443
TAAGTATAATTTTCTG,2443
TATAAGGACTGGCCAC,2443
AAAAGACTCCTGTCAA,2442
AGTTGGGACTCAAGTG,2442
CAGGCTCCCAAGTCTA,2442
TAAGGGACGCAGTTAA,2442
AACACGCCAATCATCA,2441
AACCTCGTAATCTTAT,2441
AACCTCTATTACACCA,2441
AAGCAAAGCAAACTTT,2441
ACAACGAAAGAAGACG,2441
ACGAGCTACGGGGCTC,2441
ACGGATATATTAACAG,2441
ATATCGGAAACGCTAA,2441
CACTACAAATGGTATC,2441
CATCAGAGCAGTGGTC,2441
CCAACCAGCACACGGT,2441
CTGTCTATCATAAAAG,2441
GACAAATGATAAACCT,2441
GAGAGACATCAGACGC,2441
GCTTGTTTATAATCCG,2441
ATCGGACCACTCCACA,2440
ATTCACCCCTAAGTCT,2440
CGTCACAAAGCTTCTA,2440
CTACCAATAACACATG,2440
TTATATTAAAGAAAAT,2440
TTATGTATATTCTGGC,2440
ACCTTGGTTAGAACCC,2439
AGAAAGGCCCAAGTCG,2439
CATAAACTAAGACTCC,2439
CGTCCAAATAGTACAA,2439
CTACAAACTATGAACG,2439
TGCTTCTATAATAAGA,2439
TGGATATAAGACTGCG,2439
ATTTCAATCTCTGCGT,2438
CACGGCAAGGAGAGAA,2438
CAGCCGACAAATTGAA,2438
CATATGGGATCTGCTA,2438
CTTCATGACGAAACTG,2438
CTTCGATTTAATACCT,2438
TGATCTTGAAACTAAA,2438
TGTTAACTCTTGGACA,2438
TTCTAATATCGAATCC,2438
CGAACCCTTAGCTGAA,2437
CGGTACTATTCCCTCT,2437
GAGTTAGACAACATTC,2437
GTTGCCATACACGTCA,2437
AGAGGCTAAAAACCGT,2436
CACCTTCCAAAGAACC,2436
GAGATACCAATATCAG,2436
GCTTACTAAGATCAGG,2436
TAATCAATCACTAAAC,2436
TGTGCCAGTCATTAGT,2436
ACAAACTTCAGTTTAA,2435
ACATCGATTCGTAGGC,2435
ATATAACATAATATCA,2435
CAGCTCGATAAAACTC,2435
CGCAGTCGTATTGCAA,2435
AGGTATTATACAAGAA,2434
CTAGACGTAGTAACGT,2434
GAATCCGACATCAAGA,2434
TAAAAAAGAATCCCAG,2434
TCATCGCGAACTGTAG,2434
TGTCACAATAACATTG,2434
TTACAAAATCATAACC,2434
AAAACGTGACAGAAAC,2433
ACCATTATGACCAGGG,2433
ATCAAGCTCAAAAGTC,2433
CTCACCATGGATTCCA,2433
TCAATACCCCGGTAAC,2433
AATCACGCGAAATCAA,2432
CCACCCTCACTCACGA,2432
CGTCGGACACAAAGAT,2432
CTCAGCCCGTGATAGC,2432
CTCCCAGCCTCGAGGT,2432
CTTAATGGGCCAAATC,2432
GACTCATCGAAACGAT,2432
TAAGTGTAACCGCGCA,2432
ATCTATAAAACTCAAT,2431
CAGGAAAGTGTCTAAC,2431
TAATGCTAAAAGCCTT,2431
TCAAACATAGCCAATC,2431
TTCTGAGAATGTTAAA,2431
ATATGGTCGCCTTATC,2430
CCAATAGCGTACCTAA,2430
CCTTACAATCTACTTT,2430
GTCAGAAAGCGGATTA,2430
TCAATAGAGAATCAGT,2430
TTAATAATAACAAGGC,2430
CACAATATACAAACTG,2429
CTACAACTTTGTTATC,2429
GATAGGTTGGCTGGGA,2429
TCTTAACGAACCCGAT,2429
AACGTCTCGATTTGCC,2428
AGAAATAGAATACCAC,2428
AGACTAGAAAAACCTT,2428
AGGCTAAGAGTTGACT,2428
AGTACGCAGCCCAAAG,2428
CCCAGTATCAACAATG,2428
CGAAGATGCTAACATA,2428
CGATCCGATTTTATCA,2428
GGTCGAACTGTGTCTG,2428
GGTCTAACATAAAGAA,2428
TTAACTTCACCATAAA,2428
ACAGCCTATTCTTTAC,2427
CAGCGCATTCCGAAAT,2427
CATGCTAGGCTATATT,2427
CCACATGTCCGATTAG,2427
CGGAATAGATGAAAAG,2427
CGGACCCTACAAAGAC,2427
GAAGAGATCTAGAGCA,2427
GCGACGCCTTCGTTCC,2427
GGAACTGTAACATATT,2427
GGGTATGGAGAGTCGT,2427
TAATATGACACGGAGA,2427
TGATTAATGATAGGAC,2427
ACATGTCAAGGATATG,2426
ACGACAATCCACATAT,2426
ATATCGAGAAAAAATA,2426
ATTGATTACGCTTAAT,2426
CAAAACATAACTCCGT,2426
CTGAGGGTGAAATCAC,2426
GATGGAGAAGCTCTAC,2426
TACAACTCTCTCCATG,2426
AATATTTTTGCAGAAT,2425
AGTCTCATCCAAGACA,2425
CCACTTGGAATACCTA,2425
CGCCGATTCCGGCTCT,2425
GCTACCCAGAGTCAAA,2425
TCAGTCTACCGTAAGG,2425
AAATTAGGTTACTCAC,2424
AACCCACGTAAGATAG,2424
AGTAGAGGACTTGTAT,2424
CTGCTCAGAAACGCGA,2424
TCGAATGTTAGATCAT,2424
AAAAGATAAATAAAAC,2423
AACCTCTCCGGTACGC,2423
ACCATTGAAGAGTAAA,2423
CCTAAAAAATTGCTTT,2423
CTACCTACTGAGGCTA,2423
GCCTCCGGCTAACCGC,2423
GTCTTTGTTTGCATTA,2423
TAATCCAAATCATTCA,2423
TACACTCCGAGTAGTT,2423
TACGTATCTTTGAGTG,2423
AAAAATGTTATAGCTT,2422
ATTAAGATAATACGCA,2422
CGATCGCTTATTATTC,2422
GACTTAACCATGAATC,2422
GGATGCTAAAACAGCA,2422
TGGTTCGATGGCATCC,2422
TTAGCCCGTCGGGTGG,2422
AAGGCTACGTCAAATA,2421
CGAGGCCAAGAATGTA,2421
TAGAAGATGCTAAAAG,2421
TCATATAAGAAGAGCT,2421
AACAATTAGAAGTTAT,2420
ATAAGGTGCCTAAACG,2420
GAAGATTACATTGGAT,2420
GTTCTACTCTCTTATC,2420
TACCCCACCCAGCAAG,2420
TCAGTTCCTAACTCTT,2420
TCGTCGCGTTCCAAGC,2420
AGGAAAACCAGATGGA,2419
ATATCTACATTCAGAA,2419
CAACCGCGCCCAGATT,2419
CAAGATTTACCACTGG,2419
CATAAAACCTGCCAGT,2419
CTCTGGAGGTACTGAC,2419
GTAACGTGGATCTTGA,2419
AGCCTATGGCGTACGA,2418
CCCTCCGATACACGTA,2418
CGTATGTTCCCCCCTA,2418
CTACAAAAAGGAGGTA,2418
GGTACAAAAGCTTATA,2418
TACCGATACCTACGTA,2418
TAGCTGAAAGAGTGAG,2418
CGATAAGTCGATCATG,2417
CGATTCGTTTAGACGC,2417
CGGCATTCGATCAAAC,2417
CTCGAAGCTATCCCCC,2417
GCTAGTATCAATTCAA,2417
TTCCTATATCAACCAT,2417
AGTTAGTCTTACCCAG,2416
ATCTAATAGACATGCT,2416
CATTAACTCTAAACTT,2416
TTAAGACCATAACTTA,2416
TTCGAGTGTGCTAATC,2416
TTCGATAACTACATTA,2416
AACACAGCACATCGAA,2415
AAGCCAAGACATTACA,2415
AAGGCCTGTTATAAAA,2415
ACTGTAATATACTCCT,2415
ATAATGTATGCTCGGC,2415
ATGTCCGATTCGATAA,2415
CACTTACGAGATATCG,2415
CGTAAGCTAAACCATA,2415
CTCCAGTTGTTATAGA,2415
GATTGACGTGAATTTC,2415
AATACAAACCAATATC,2414
ATGTAATGAAGCATCT,2414
ATGTCCCTTGGAACAT,2414
CCACATACTACAATAT,2414
CGCTTAAAAGCAACGA,2414
GACGTACCACCGAGGC,2414
GATCTGGACCCCCCAC,2414
GCCAGTCTCACGCCCC,2414
TAAGCGTCAGAAACGC,2414
TTCTGACAAAACGTAG,2414
AACAACTGGAAGGGAC,2413
CATACGTCGTATTATG,2413
CCATAGGAATAATATT,2413
CGTCCTACCCTGGAAT,2413
TACTACATTCACTTGG,2413
TCATTACGAGGGGAAC,2413
ACCGGACAGAATATCT,2412
ATGAGTTCTTTCTAGC,2412
CAGTCACTTTCATCCT,2412
AGCAATAACCACTGGA,2411
AGTCCACCAACAAAGC,2411
CTGTCCACAAGAGACG,2411
GATTAATGGTGCCTCG,2411
GTCGTGATTAAGTGAA,2411
GTCTCAGGCATTCATT,2411
AATGCATTGCCACCCA,2410
AATTCCTGAAAAAGAA,2410
AGAACTAACAAATTCT,2410
AGAGTACATAATCTAC,2410
CCATATTCTCCCTGAA,2410
CTATTTCAACTGAAAC,2410
GAACTCCTTAAATATA,2410
TAGTACTTCAACGTCG,2410
TTAGAACAATGAACTA,2410
ACTAATCAAAACGGAA,2409
AGAATTCAATCAAATG,2409
CCCGTCTCAGACCACG,2409
CTGAGAAACCGGCGAC,2409
TGACACGATTAAACAA,2409
TGGAAACTGAGACCCC,2409
TTTCCTGCTTTCCTCA,2409
ACTCAGTCAAAAAAGA,2408
AGGCATACTTGGTACG,2408
CAAGTTGTGCAGTCAC,2408
CATAAAAACTGCACTG,2408
CCGAATAAAGAACTGA,2408
CGTAATCTCAATCTCA,2408
CTAACTATACCATACC,2408
GACTAAAATCAAATTC,2408
GATTCAAACGTTAATG,2408
GCATAGTCTTGAGGGT,2408
TGTAATTCAATTAAAG,2408
AATTCTGAAGAAACTC,2407
ACCGACCAGACTTCGC,2407
ACGTTGTAATAGAGAA,2407
AGCGCCCTCGAAATCA,2407
ATACATTTAAATGATT,2407
ATTAAATAAGGATACC,2407
ATTCCTACCTTCTCGC,2407
CGAACCACAAATACAA,2407
GTATTGAATGTTGGGC,2407
ACAAACCATAAGGACG,2406
CAATTGAAAACGCTAA,2406
CGTTTTCCCCCCTACA,2406
CTTGATAAGCCTTCGC,2406
TCTCGAGAGTTACCTA,2406
TGCATGAACGTAGCTC,2406
TTCCCTAGTTAGCGCC,2406
AAGAGTTTGATATCAG,2405
CATGCCTGTAAACGTA,2405
GCTGAACGTACCTCTA,2405
GGACTAAAACGCACAA,2405
AAACCCAAACAATCTG,2404
ATGCCGGGAGTATAAC,2404
CATCTAATAAGACTGA,2404
CCTATAAGGTGTGATA,2404
CCTTTTGCATTTAGAA,2404
TAAGACACCTTCCCTT,2404
TATTAACTAAAATACA,2404
TGAGTTTTTATTTCTC,2404
TGTACGACCCAGGCCA,2404
AAGAAGCTCTATGTCT,2403
ACATAATTCCCTAGCC,2403
AGTGCCGGTGAAAAGT,2403
ATGTAAGAGAAAGCAG,2403
CCAAGAAACGCTTAAT,2403
GCAGCGAGCATCGTCA,2403
TAGCTCAGAAATCGAC,2403
AACTAATCTACCATGA,2402
ACCGGCGTCTTCTGCC,2402
CTTCCACTCATACAAA,2402
TCGAATAGACTATAAG,2402
AAGAACCGGGATGAGC,2401
ACATGACTAATAGTTG,2401
AGACTCTTACGTACAT,2401
ATCTAACTTGAATGTA,2401
CTCCAGCTACGACAAT,2401
TAATATATAACCTCCA,2401
TCACTTAACGCAATGG,2401
AATTAAGGTAGTCAAA,2400
ACTACAACAAATCAAC,2400
CATTACGAGGAGCAAA,2400
GGCCTAGTCTACCCCA,2400
TTAAAAAGCAGCAGAC,2400
CTAACGTATGATGGTA,2399
GCTTTAACACTTCTAA,2399
TATGAGAATTCTGGTC,2399
TCTACAACACGCTCCG,2399
TCTCACTCTTCTTGGT,2399
TTCATCGACATCTAAG,2399
AACATGACCCACAGAC,2398
AACGTTAACCCAGAAT,2398
CAGACAGAAGGACAAA,2398
GAATATCTTTTCTCAA,2398
TCATCACGGCATGTTA,2398
ACCATATAGTAAACTG,2397
ACGAGATTAATTAGGA,2397
ATAAACATCAAGAAAG,2397
ATAACTATTGGTGAAA,2397
ATATAGTAACCTATGC,2397
ATTAATTTGAATTAAT,2397
ATTATCTCCAACTTCT,2397
CAGACCTTAAATACTA,2397
CTTTCCAGACCAGCAC,2397
GAATGTAAATTGTTCG,2397
GTTCTCTATTGGCCTT,2397
TAGTTTCTGGGATGTA,2397
TTACGTATACAAACTC,2397
AAAAATAATGTTTAAC,2396
AACATTAGGATTTGAA,2396
ACAGAAAAGATAGGCT,2396
GAAGACTACTCAATAC,2396
GCCTCAAATAAGAATA,2396
GCTGTAAAAAGGCAGG,2396
TACAATAATTCTTATG,2396
TACCAACAACCAGAAC,2396
TTATAACTGGATATAC,2396
AACTAGGTACTTGTAA,2395
ACAAGTTTTAGAAACC,2395
ACACGATCGACTCTGA,2395
ACCCGTACAAAGTATA,2395
AGATCTGTAAACAAGT,2395
AGCAAACTCAGCACCA,2395
ATTATTTGATAGGCGT,2395
CAAATACTAGGCCCCA,2395
CAATACGGATCACTAG,2395
CCGAGATGATAAACTA,2395
GAGGCCCCCTAACGGT,2395
GTCAAATATTACTGAT,2395
TATTGCAATTGAAGCA,2395
TCTGGTACAAGGGAGA,2395
TTGGAGCGAGATGAGG,2395
AACCGCATACTAACAA,2394
AACGATACATTAAACA,2394
AAGTATCAATTAGTAA,2394
ATATCTAACGAAAAAG,2394
ATGGTTCATACTTGAA,2394
ATTGAGTAGGGCGAAA,2394
CCATAGATACAAGTCT,2394
CCGACTTACGGAAATC,2394
CGAGTTAAATATGAGT,2394
CTAACTACCTATTCCC,2394
GGAGCATTATAAAAAT,2394
TCGGCGATCTAAACAA,2394
TGAACCTGCACTCTGT,2394
AAAGGAGATAAACTCA,2393
AGTAGACGCAAGCCAA,2393
CCATTCCAACGTCCAC,2393
CTGATTTGGTGTACGA,2393
GACCATTGTCGCCTAT,2393
GCAGTGGAACTTCTTG,2393
GTTAGTCAACACATAT,2393
GTTTGAATCCCAGGGC,2393
TTAGCCCAATACTAAG,2393
TTTATGTTCGCCAACA,2393
AGACGTAATGCATCAA,2392
ATAATCACACCCTCTT,2392
CAACGCGTTACGTGCC,2392
CATATTCATTCCAAGC,2392
CCAAACATAGGGTACA,2392
CCCGTATCGGCCTCGA,2392
TCTTTTAACTAAAAGT,2392
AACTCCCAAAGCTACC,2391
AATCATCATAACTCAA,2391
AATTTCTCGATCGATA,2391
ACAAGTGGACGAGACA,2391
ATACATGGATCTAAAA,2391
CTTACTGCCAAGTCCA,2391
GCATAATACCTCAACA,2391
TAATCATACAAAATTA,2391
TAGCCTACCAAACTAA,2391
AAGCCGAGAACAAATA,2390
AGATTTAATGCACAAC,2390
CCCTTAGTTTGATATA,2390
GCAGAAAATCAAGAAA,2390
GGACACGAAAATCCTC,2390
GTTATTTCAATAACAT,2390
TATATAAGCCAAGTGG,2390
TTATAATAAACCAGCT,2390
AAACACAAGTAACTCT,2389
AAGCATAAACGGTGGG,2389
AATACACAGTTACACG,2389
ACCAATGCATCCTTGT,2389
AGCAGCGAGTACCTAG,2389
CGGAGTAATTTGTTTA,2389
TATGCTGACACAGCTT,2389
AAAGTGTCGGAGAAAT,2388
ACAGTAAGTTCATTCG,2388
ATGCAATCCCTACAAA,2388
TACCTACACGAATGGA,2388
TAGACTTATGTACCAC,2388
TCGTAGCGCCAATTGA,2388
TGGTACAACAATGGAT,2388
AAATAACGATGTGGAG,2387
ACGGGTTGCCGAAATT,2387
ATATGGTTAAGCCGGG,2387
ATCTTAAATAACTATA,2387
CTACTACGCGACACCA,2387
CTGATTTCATCCAACA,2387
GAAGCAGAAAATCACC,2387
GGTTACTTTTCGCTGA,2387
TACAATGCAAAAAATG,2387
TAGATAAAATATTCAG,2387
TCAGTATCGATTAAGG,2387
TGCATCATCTACAGAT,2387
TTAATGCTAAATACAA,2387
ACCGCTGATCTAAGGC,2386
ACGCTATCTTCCACAA,2386
AGAGAGAGGCTGTAAG,2386
CAAACTGAAGGTGTTA,2386
CATACGACAATAGAAT,2386
CCACGTTTACAGCTCC,2386
GGATTTCTGAAATCCT,2386
TAAAGTGTGCAACTGT,2386
TGAATCACTATTCCCC,2386
ACTAAAGTGCCATAGA,2385
ATACTACATTCCCCCT,2385
ATCATTCGGAAATAAG,2385
CCCTAGAATATGTCCG,2385
CGCGGTTGTACGATCA,2385
GCCCGGGGTTCCGGGG,2385
GCCTGATTAGTGTACG,2385
GGTCACAAATCAAATA,2385
TCTTTTCATAATTGAA,2385
TTTCATGCGTAAGTGG,2385
ACCCAAAAAAACCAAC,2384
AGCCTACTATGATACC,2384
AGGACAACTTCAACTA,2384
ATTTCCGCCATGAACT,2384
CAACTTCGAGTGCGGA,2384
CAAGAAGAGCGAAAAC,2384
CGCGCCTAAAAAGGGC,2384
GAGCGTAACCTAAGTC,2384
GTTAATATAACAAAGG,2384
TTTTTAGGAGGCCATC,2384
AACGGAAAACGTTCCA,2383
CGATACAAGCAGACAT,2383
CTGACGTATTTTAACT,2383
GACCATTATTTCACAC,2383
GGAATGTATAACTAAA,2383
TTAAGTTTACTTTGGC,2383
AAAAGCAAATATCGAT,2382
AAACATTAAACCTCCC,2382
AAATAAGCTAGGTATA,2382
AACGGTACGTGGCGCA,2382
AGGCTTACCTATTTTA,2382
CAAACCATTTGTGGCC,2382
CATACATGTAATATAA,2382
CGAACATTTCATATGA,2382
GATACCAGTTTATCAA,2382
TGAAACGCGCGCATCT,2382
TTATTCCATTTCCCGG,2382
AAACTGCCAAAAACCC,2381
CTGGAGTACTCCGGAC,2381
GGTCAGTTGCAACACC,2381
TATTTACCGGCTAGTT,2381
AACTTCATAGTAAGGA,2380
ACATGAGCACAAAGTG,2380
ACGAAATCATGTCCCC,2380
ACTATATGATTAATTT,2380
ATCGCGTCGAATGACG,2380
CAGCTTAGAGGGAGGA,2380
GGGAACATCAGGTACA,2380
GTTTCAGACTACAAGT,2380
AATTCACATCATTAAA,2379
AGCCTAAACTCTAACC,2379
CATTGGCGACAGATTT,2379
CGGCAACGACTCCCAA,2379
GTAAAATCGTCAAAAT,2379
GTACTTTAAACAAACC,2379
TGTTACTGCCCAAACA,2379
TTATTTGCAAATTATG,2379
AAACCAAGTACTGGCG,2378
AATCAGAACGTCAAAC,2378
ACTTAGACCCTAACCC,2378
CAAAACATAAGACCGA,2378
TAATGAGGTTACACGA,2378
TTAGGAATACAGATGG,2378
ATCCACTGTAATGCAC,2377
ATTTTCCAACGACCAA,2377
CATAAACAATGCATAA,2377
GGGAGACACTACTAGA,2377
TCCAGTCAAATTGCGA,2377
ACCTAATGATTTTTCA,2376
ATGCAATCGCGCACCG,2376
ATTATTCCACTTAATA,2376
CAAGTCGCTAGGTTTA,2376
CGGACCGCAACGAGAC,2376
GATGACATAAACCCTT,2376
TAGAATGCACTCCAAC,2376
TATACGGAATCATTGA,2376
TGAGAATAACCTCACA,2376
AACTTACAAGTTCAGT,2375
AGAATAATGTAAATAT,2375
AGATGTGCAATGCTGT,2375
CTCCCTCGCACATTAC,2375
CTGGATAAAGGGAACT,2375
GAAAAAGCTAATTTCT,2375
GATTCTTAGTTAAACC,2375
GCAGGCGTGTTCCAGT,2375
GCTCCTGCTCCTTCAA,2375
GTCGCGAGATTGGGAC,2375
TGCATAAAGCGCTTCA,2375
TGCTAAGATCCCAGTT,2375
AAGTGTACAACAAGCT,2374
ACTCGCTAAACTATTC,2374
AGTACTCCAAGAGGAC,2374
CCATTGTTCAATGCTA,2374
CTATGACCTAACAGGC,2374
GTCCTTTACAAAATAG,2374
TAGATAGCAAGACGGA,2374
TTGCCACACCACATAA,2374
TTTAGCCAAAGGCAAT,2374
AAAAAGCAACAGAAGT,2373
AAAACTCTCGAGAAGC,2373
AACCCCTCCATAGATA,2373
AAGACATAGATGCTAA,2373
GATAAAAGCCCCTAAC,2373
TATATTTTTAAGAACA,2373
TTACCGAACCAGAGCA,2373
ACTATCTGTGACAGAC,2372
ACTCGACGTACCCATC,2372
ACTCGCGCAGACGTAG,2372
GAAAAAAATTAACGAT,2372
GTTATTCCCAGCACTA,2372
TCATGCGGGTCAACAA,2372
TCTACGGGCGAAACTA,2372
AAACTCTCAGGACACA,2371
AAGGCGCACATTTGCT,2371
CAAGCCGAATAGCCAC,2371
CATACCATTTTAGAAC,2371
CCGCATACAGAATCTG,2371
GAATAATACTACCCGG,2371
TAAGTTCAAGTCAAGA,2371
AGCTACCCCGCATAAC,2370
CTCGGCTATCTCAAAC,2370
GGAGCTCATATAGATA,2370
TGACGACGTAAGAGGG,2370
TGTATCTCCGTATAGA,2370
AAATCTCAGAATTCGA,2369
AAGGTCGAAGACTATC,2369
ACGCAACACTTTCTTT,2369
AGAAATCTAATCCGCA,2369
AGCCAGAACTGAGGTA,2369
CAATATGTTGGCACTA,2369
CTTCTTAACAACGATC,2369
GATATAAGTACGTAAG,2369
GGAGGCGTAATGTATG,2369
GTCACAAGCAGACATG,2369
TAGACTCAAGAACGGG,2369
TTACAATTTCGCAATA,2369
AAAATAACCTAGCAAA,2368
AAAGACCTGCTGTCCA,2368
AACGTGACAAACACCA,2368
AGTCAAATGCTATGGT,2368
AGTGATAAATATAAAA,2368
CAAACGGCATACATAT,2368
GCCGGGCCGTTAATAC,2368
GGAGCTGTCATCAAGG,2368
GTGCTGAGAAACATGT,2368
TCCTTACGCGAGTGCG,2368
AAAGCTGAAAAGTGAT,2367
AAGATAGACAGTTTTA,2367
ATCTGAAATCTATAAA,2367
CACAAAAACCAGTCTA,2367
CTTATCTAAATCCAAT,2367
GGCAGCTACCCTAGAA,2367
GTAGGATCACCTACTG,2367
GTCCCAAGTCCACATT,2367
TCAAACCTCCAATACG,2367
TCATATGTCTAATAAA,2367
AACAAACTCTCATATA,2366
AACTCTACCACGCTAT,2366
AAGTAAACTCACAAAT,2366
ACGCACAAGAACGAAG,2366
ACGTAGGCAACACAAC,2366
CCGGATCAGCAATTGC,2366
CGAATTGACATACAAA,2366
GCTACTAAAACAAAAC,2366
GTTCAAAGCGCCCCTG,2366
TATATCCTACTCGGAT,2366
AACCCAGAGCTCCAAT,2365
ACAAAACTAAAGAACC,2365
ACCTATACTAGCTAAC,2365
ACCTGTGAAAAATGAT,2365
AGCACATGGACAATCG,2365
ATGAAACCACGAAATA,2365
GGAAAACCAATATGTG,2365
TCACAGCTCATTAGAA,2365
AGAGTAAAATCGGTAG,2364
AGCGACGACATCAAAG,2364
ATCGGCACAACTTGAA,2364
CCTTAAGATCAGTTCA,2364
CTAATAGGAACCTATC,2364
GTCGTCAGGAGTGCAA,2364
TACGGTGGGTACGTGG,2364
ATTCCAATGGAGGATT,2363
ATTTGTTAAAGAAGAA,2363
CAGATTATAGTAAGCA,2363
CAGTAATACCGGTATC,2363
CTGGTTAATTTATGTC,2363
TACCATAAACCGGATT,2363
TACGTCCAGATCATGG,2363
TAGCGATTAACCTGCT,2363
AGATACGCTAATACTA,2362
CGAAGGCCCGCCTCTC,2362
TCATTTCAGTGCATTG,2362
AAATATCCCAAACATC,2361
ACACCAATAAACAAAT,2361
GTTGCGACTGGAAAAA,2361
TATTTTACTTGCGAAA,2361
AAAAGAGAAAACAAAA,2360
AACGCGATTCTTATCG,2360
ACCATCAAATTGCTTG,2360
ACGACTATTGTCCTTC,2360
CCTGAAGAATGTGTTG,2360
CGACAGAAAAAAAGAC,2360
GAGTCACATCATGACA,2360
GCTGGCTAACGAGCCT,2360
TAATAATTATACGATG,2360
TACCAAATGTCACTAG,2360
TAGCAAGCTTACCCCT,2360
AAAATTTATAAAACAA,2359
AACCTTAGGAGCACCG,2359
AGCGAATTGAGCTAAC,2359
ATAAATATTAAGAACC,2359
ATGTCCACGCAATGCA,2359
CAATATAGAATTTTAT,2359
CCATAGACATGATGCC,2359
CCGTGAATGGCTGATC,2359
CTTAACACCAGCTTAA,2359
GAAAATATGCAGTCGT,2359
GAATCAACGTGGATAA,2359
GTTAAGACCAGCAGCC,2359
TAAAGTAAGATACGGT,2359
TGAATCGACAGGTATT,2359
AACTCAAAAACGCCAG,2358
ATATAAGCATTCTCAT,2358
ATATGTGGACCTAAGC,2358
CACCTAGCCTGAAGGT,2358
GAAATTTATTCCACCT,2358
GGTTAGTAGGTCAACG,2358
GTGCACCAGGACTCCC,2358
TAACAAATAACCTCTG,2358
TGATTAATGCTAAGCC,2358
AACAATCAGGCATCGA,2357
ACGCAAAGCTACCAAA,2357
ACTCGACTCTCGGCAA,2357
CCAAATCGTCTATCCA,2357
CCATGTGCACAATCAA,2357
GCCAATGATTTGATGC,2357
GGGGAGTAATTTCCAA,2357
TAACAACGAAAAAAGC,2357
ACTCAACTCAATCACT,2356
AGGGTATATTAAAAAC,2356
CTAAAACCTCGTACTC,2356
CTCCATAAATATGCCG,2356
GGGTTACTTGATTAAG,2356
AATTAGCCGTTAAGCG,2355
ACCATGACAACCAACT,2355
AGCAGCGAAAATCCCA,2355
ATAAGACATCATATGC,2355
TAAATATAACCATAAT,2355
TTAAAACACCGAACGC,2355
AACTTCGGCAGCAGAG,2354
AAGTATGCACTCCAAC,2354
ATAGCTCTCACTAAAC,2354
ATTTAGTCTGTCAGGA,2354
GGTCTATAACCCGAGA,2354
GTGAACATAAGTAGTG,2354
TCCGTTCCCATGGTAC,2354
TTCACAACACAAAGAT,2354
CTTATAAGAGAATCCC,2353
GTACCCCGAGGAGCGT,2353
TACGGAAGGAATGTAT,2353
TGCTACCACTGAAGGA,2353
TTACATAGGAACGGTC,2353
TTATGCTACTGTGAGT,2353
TTTCGTGCTTATGGCC,2353
AACAATGCAAATGGCA,2352
ACACATAGCCCTAGGT,2352
AGAGTCACTAAATTCT,2352
ATAAGTATACGGTCAA,2352
ATCAAACTAAGCCAGC,2352
CTAAGTGTTTCAACTC,2352
GAATACCGTAATCTGT,2352
TCTGAAGTGAACGTAA,2352
TGAAGAACATACATGG,2352
AGTACTATTTATAAAA,2351
CGTCAAGAAGACGCGA,2351
TATTGGCCCAGTGGTG,2351
GAATGTTAACTTGAAG,2350
TTAACATAGCTGCTAC,2350
AAAATATCCTGGTCTC,2349
CTATAGCGGGACATTC,2349
CTTTCAGTTAGCGAAT,2349
GAACCAAGACATATAG,2349
TGGATAATTGAAAATA,2349
TTCAGATATTGACCCA,2349
TTGTACCAAACTGGCA,2349
AGACATCTGATTTTAC,2348
ATGTACACCTCCAAGT,2348
ATTTACTAAGTATCTA,2348
CATCCCTGCTATGTTA,2348
CATGAACCCGAACCGT,2348
CTGAACAAATGTACGC,2348
CTTACCCATCAATATA,2348
GAAAAACGGCAACATG,2348
GAGGCTGTTGCCCTTA,2348
GATTAAACAGCACTAA,2348
ACACTCACACATATAG,2347
ATACAGCATTAAAGAA,2347
ATGAACCAGTTACAGA,2347
CATTCGGATGACTCTG,2347
CTTATCTCATAAAACT,2347
GAATAATATGGCTCCG,2347
TACACCACAACGACAA,2347
TCGAATTCTTAATTTC,2347
TGTTCAAGGCGGCTCA,2347
AGCAAAGTTTTTTTCT,2346
CAAAACATGACCTGAC,2346
CTTTGTATATAATAAG,2346
GAATACACACGTGGAA,2346
GTAGCCCGTAGCAGTT,2346
GTTGCTGAACCCCACT,2346
AATTGCCCACTTTAGA,2345
ACTGCCATGGGGGACT,2345
AGATAACCTATATGCA,2345
ATAAGATACCGATGTC,2345
CCAACGGGTAGTCTGG,2345
CTCCAAATGCACCGAT,2345
GCATGGTCTCAGTAGG,2345
TGGCCATCTGCGACTC,2345
TGTAGTTTAAAAAATC,2345
TTCATGTCCGGTCACC,2345
ACAGGTAAAACTTAAC,2344
ACTTTGCTTATAAAAA,2344
AGACACAAACTTTGAA,2344
AGGTGTCGTTCATAAA,2344
ATCAGACTATAAATGA,2344
CCATCCTATAGAACAT,2344
CGCACAAAAAGATTTG,2344
GGGCCGAGGTTACGCC,2344
GTATGATTGTCACTCA,2344
TGAACATTCACTCGAA,2344
TTTTGAACGCATCCAA,2344
ACTACCTATCTAAAAT,2343
ATATATATAAGGCCCA,2343
CAAAAAACATGTACCA,2343
GAGACTAGAAATTGGA,2343
TAAAGACGGGGCTGCA,2343
TCTAGATAAAAATTAC,2343
ACTTTCTTTCAAGTCC,2342
ATCCTAGCAAGGGATA,2342
ATTTGACATAATCCAT,2342
CGAATAAACCCTATTA,2342
TCTCAACAATGCAGAT,2342
ACAAATACTAGTCCCG,2341
ACAAGAAACATTTAAA,2341
AGATTAATTTCCCTAA,2341
AGGTCTGTGGTCGCAA,2341
ATACCGCGCCTGGTAA,2341
ATCCACCCTAACTCGA,2341
ATTACATAGGTAGAAC,2341
CAGTCCAAGGCAGCGA,2341
GATAATTACAAGCATG,2341
GCAGCAGAAACTCGTC,2341
TCAGGTCAAGATAGCT,2341
ACGGAAACTATAAGAG,2340
ACTGTCTCTTCCTAAA,2340
GACAAATAATTAGCAT,2340
GATTAGAGATAATCCT,2340
GCGGCATTTCCATAAA,2340
GTAACCGTAAACTTTC,2340
TACTAGCCAATTAAAT,2340
AGAAATAAAAGACGAT,2339
AGAGTATAGACTTACT,2339
ATTTTTACCTACAGCT,2339
CTAAATTGGGGGTCGG,2339
GAAAACTGGAATAAGT,2339
GGGGTGTCAATAAGGA,2339
TAACCACTAACCAAAA,2339
TGAGTTCCCATATTTG,2339
ACATCGACCCGCCGTC,2338
AGACATGGTTTCTATG,2338
CATGGCTACACTGCTG,2338
CGTAGATATCCTTATC,2338
GAAAGGGTTACATATA,2338
GCATTGTTAAAGTGAT,2338
GCATTTCGAAGGCGAA,2338
TGTTACTCACCGAAGA,2338
AGAAAACGAAAGCCAG,2337
AGGTAGAAGAACAAAG,2337
ATAGGATCACTAAGTT,2337
CATACGCTAAGAGCGA,2337
CGCCAATCGATGCCGA,2337
GAGATTTTGTGTGACT,2337
GCACGATAAGATCTTG,2337
GTCGCTGAATACAAAA,2337
TACCAAACACTCGTGT,2337
TATTGAAGTACTCATT,2337
TGAAAACATCTTGAAC,2337
TTTCCCGAAGAATCCA,2337
TTTGGTGACAGCTAGA,2337
AGCTACAGGTGGGCCT,2336
AGGATTTAGTTTTCTT,2336
ATAAACACCTGGATAT,2336
CCTGGAGTTACTAACG,2336
CGAACTACCCCACCTG,2336
CGGCAAACATCACCAC,2336
CTATATGACCAAAAGG,2336
GAGGCCTGTCGTGTAA,2336
GCCTGCAAAAAAAGTC,2336
GCTAAAACGCAATGAA,2336
GTGACTACCATACATA,2336
TCCAAGTTACTGATCC,2336
TCCAGGTAGTGCAGTT,2336
TTTAAATGAGACGGCA,2336
ACAAATAATTCTACAC,2335
AGTGCTATACTTACGG,2335
CCTGTTGATGGATATC,2335
ACCCGGCGACATCCAC,2334
ATCACATGAAATTAAT,2334
ATTACAATTTTGAATC,2334
ATTCGAAAAGTCAACT,2334
ATTGTCACGTATAAAA,2334
CATAAATGACGGGAAC,2334
CGGCTCTTTGCTCAGA,2334
CTATTCCCCAATAAAT,2334
GTCTATCTCCGTAATA,2334
TATAGAGTTTGCCACC,2334
TTATGATTTACAAAAT,2334
AAAGAGTTAGAACCCT,2333
ATTAGAAAAATATTCA,2333
ATTGCTTAACACGCAC,2333
CGCCATGAGCCAATAA,2333
GCTCAACGGGTCATAC,2333
GGGCAAGCGGCGGTGT,2333
GTTACTAACTGCCCAC,2333
TGAGTTGATCGCTATT,2333
TTCCTAAGTAATACAA,2333
TTTCGTTGACCGACGA,2333
AATATATAGTTTGGCT,2332
ACAATAACCTAACCTT,2332
ACGCCTAAAGCCACAC,2332
ACTACGAAACCGTTCA,2332
CAAATAAGACTACAGA,2332
CCACTCTTCTACTTTG,2332
CTACATGTAGCAAATC,2332
GGGTCCAAACGTTCAA,2332
TAAGAATCACATCATA,2332
TACAAAACCTGACAAT,2332
TCGAAATTTCTTATAT,2332
AACAAATTCCCAACTT,2331
ATGATTAGAAAACATA,2331
ATTAGACTCTGATGGT,2331
ATTAGCTAAAAACTGA,2331
ATTTCTCTATAGCAGC,2331
CGGTTAAAAGCTCAAG,2331
GATGTTCTTTCCACAT,2331
GCAAGGTAGGCTACAC,2331
GTACCACCATAACTCC,2331
TAAACTAAAATACACA,2331
TAGTATGACCTCGACC,2331
TCCAAACAAGTAGTAG,2331
TCGAACCCTCCACACC,2331
TGAGGACCCGGAGGTA,2331
AAAATACATCTAGACC,2330
AAATTCCATAGGTCAC,2330
CGGTCTACCTCCCCGG,2330
GTGTTTGTAGAAACGA,2330
TAACTGACCATGGAGC,2330
TAGCGTTAAACCGGAG,2330
TTAATTCTTGTATCTA,2330
AACAGTAACACATTGG,2329
ATCTTTTTAGTCTCTT,2329
CCTCGCGCCAACTATA,2329
GAAACAATGTAAACCG,2329
TAGTTGTCATTTGAAC,2329
AAGGGTTAATGACATC,2328
AATGCCTTACACCTAT,2328
ACTTCCTAACCCAACA,2328
ATCGCTGTAGAAGTTA,2328
CAAAAAAGCAGACACA,2328
CACAAAAACTGAACCA,2328
CACGGTTAAACATCTT,2328
CTCGGATGGACACATA,2328
GTTTACTAAGACGACA,2328
TAATTAGAGCGTACAA,2328
TATAACTCACCATGAA,2328
AGAAAGATAATAAACA,2327
CAGCCGCAAATCCTCA,2327
GCAACAATCTCAGATG,2327
GTCCACGCCGAATTGC,2327
TATAAAATGACAACCT,2327
TATAGTAGTTATATAA,2327
AAAGCTCACATATATT,2326
AACATTACAGATCAGG,2326
AATAATAGCCGATGCA,2326
AATGACATAGGCCACA,2326
AGGCATATTGTGACAG,2326
TCGAATGGACTTGATC,2326
TCGATAAAACCGTAAA,2326
TTGTATAGATCCGATC,2326
ATTCCCATAGTACCCG,2325
CCTGAAAACGTTCAGA,2325
CGCGGTTCCACTTGCG,2325
GTAGAAAATGAACACA,2325
TACACCTCGTTCAGCA,2325
TGAACAATTGATCAAA,2325
TGAAGCAGTATGCGAG,2325
TTTTTCCTATCAGCCG,2325
AAAAGCGCCTTCAGCC,2324
AAATCCGTAAGAGCCT,2324
AAGATAGTGAAGATCA,2324
AATTTACTATACCTCA,2324
ATCATCTCAGACCACA,2324
GCAAACAGTTAGGAAA,2324
GGACTGTGAAAAGACA,2324
GTTAACATTCTACCAA,2324
TAATTTCCAACTCACG,2324
TAGCCCAGTTCTAACA,2324
AGCATTTTGAAAAGTG,2323
AGCTTTATACCACATG,2323
GACGTGTCAACGACTA,2323
GAGGTAGTTACCAGTA,2323
GCCTTTAAGGAACGCA,2323
TCGTAACAATAATATA,2323
AAATTGTCAACGAGCC,2322
AACCCCCCAGCGAGCG,2322
AGAGAGAATTGAGGTA,2322
AGAGTAAGTGGAATAA,2322
AGCAGAAAAACTCACG,2322
CAGGTGACCCCCTGAC,2322
CGCATACTAGATAACT,2322
CGTCAAATACTCCAAA,2322
CTGGAGGAACTAGCAT,2322
GCCAGCTGCGGTACAT,2322
TATCACTTTAAGTACT,2322
AACATAATATCTGCAT,2321
AACGATAATGTACTGA,2321
AACGCCTCTTATTTGA,2321
ACACGAGAGAAAAGAA,2321
TTTAAACACACCGTCT,2321
AAACTTATGAATTTAA,2320
ACCAAGTTAGTGATAG,2320
ACCATTCCCCATTAAC,2320
CTCACCGACTCTGGCC,2320
GATAACAACGATACCA,2320
TACAAAACCGGACCAA,2320
AATCCGTCCAACCACT,2319
ACGCCCTTAAAAAAGA,2319
AGAAATAAAGCGCATG,2319
AGAACAGACCATCGTT,2319
CCCACAGAACAATTAT,2319
AACCAGGCATAAGAAC,2318
ACCAAGGACTGTAGAA,2318
ACTCGCTCATACTGAT,2318
AGAAACCTAATTCCGA,2318
CCAAAGAGTTTGCCTT,2318
GAAAATCGCCTTCAAG,2318
TAAAAGACCGTACATG,2318
TATTGACTTAGCAAAA,2318
TTCAAGAGCGAAAATG,2318
AAAAAAATCAGTCCAC,2317
AGTGTAAAACCTAGGG,2317
CACAGAGCGCAAGTAT,2317
CAGCAAAAACAACATC,2317
GCCTCTAAAGATAAGG,2317
GTTATGCGTCTAATCA,2317
TGGAATTGACGGTCTC,2317
AATACTCAATGCCTGA,2316
ACGTTTTTTGAAATGT,2316
AGACATTAACACCATT,2316
ATATTCCATAACAATT,2316
ATGCCGTACACAATTT,2316
CAAGTTAAGAATTAAA,2316
CCACCTTTAATCGAAT,2316
CTTGGTTAAATTGCTT,2316
GGCGAAATATCCATTC,2316
TAAAAACTGGGCAGCT,2316
TAGACTAACGCACGGT,2316
TTTTACTCCTCGTTCC,2316
ACGAGATATAGCTCGG,2315
AGAGAACATAAACTTA,2315
ATTTGGAAAACATATT,2315
CCAGTCATTGTCTCCA,2315
CCCCCCACTGCTTCCA,2315
CGCAAAGCTCACTTAT,2315
CGCGCTCGTTCAGAAG,2315
CTGTTTATTCAAGAAA,2315
TAAGCTTATAAGAACA,2315
AACCATAAAGCTTTGC,2314
ACGCCAAAGTGAGACT,2314
ATACGGTGTTTATTCC,2314
ATCGTTATAACTACCA,2314
GCAGGAAATACAAGGA,2314
GTAAACACGTCAGGAA,2314
TGAACCGTGGACGAAC,2314
AAAGCTTGAATGACAA,2313
AGACCGAAGTACCATG,2313
GCCTGTAGTAATCTCT,2313
GTTATTACGGAGGCTA,2313
TACGCAAATCTGAAAA,2313
TAGGTACAGCGCGTCT,2313
TTGTCTGTTCCATATA,2313
AACAGCAACGTCCTAA,2312
AATCTTAGCTATATAG,2312
ACACACCGTTCGTGCA,2312
AGCTTAAAAATCCGGC,2312
CGGAACCAAAACAACA,2312
GAAAACCACATCTAAT,2312
GCAGCCAACCGAGATT,2312
TCAAACCCAGCAAGAC,2312
AAAGGCACAAAATATT,2311
AAATCGGGGATGAAGC,2311
AATAGGTTTGTAAGTT,2311
ACAAACTTTAGAAACA,2311
AGTACATCAAGCAATT,2311
AGTGTGACCAAGTGAA,2311
CCACAAGAAAGAACAT,2311
GTAACCCCCGTAATTC,2311
GTAGCTGCTTAGAAGA,2311
GTTAAATTGAAGGCCC,2311
TCGTTAAGTAGTTCCA,2311
AAGACCATCCGAATCT,2310
ACCTCCAATGGCAATG,2310
AGGACAATACTCCTAA,2310
ATAGAAATACACAGCC,2310
ATCACTAAAGACCATG,2310
CGCAGTGGACTATCCT,2310
CTATACATACCCGCAT,2310
CTGTGAATTATGGACT,2310
GTAACACCTACTGATG,2310
GTATGAATATTGAACG,2310
AAATAAAGCAACCTCA,2309
AGGTACGTGATTAGCG,2309
CAATTAAACCCTCAGA,2309
CGATGATGAAACATAA,2309
CTATCTACCCAGCAGA,2309
TTACATGACTTGAGTT,2309
TTCAATAAGTGCCACG,2309
ACGTAGCCCCTCGGAT,2308
ACTTAAAATTCTGAAA,2308
CTGATGCCTGATCTTG,2308
GGGCATTGACTCAAAA,2308
GTGAAGCATAATACAT,2308
GTTGCGAGGCCCGGAT,2308
TAAAGGTAACTAATAT,2308
TCGCGGTATATCAAGT,2308
TGTACAAGAGCTAACC,2308
AACTCACTAAACTGAT,2307
ACATGAGGCTATGTCT,2307
ACCAAATAGGATTGTA,2307
ATAAGGAACGTGACCC,2307
CATGAATATCAAGAAG,2307
CGACAGTTAGCAACCA,2307
CTTTCAAATATGTGAT,2307
GTATGATGTCTACTTA,2307
GTTATCTGGCTACACC,2307
TCATGCCAAGGCCAGT,2307
CCGTTGATATCAACAT,2306
CTGTTCTGAAACCCGA,2306
GTCTGTTCCACATTCG,2306
AACAGAATTAAAGTTC,2305
AATCAAATGTCACTGA,2305
ATGTGCCAAAAACGTG,2305
CCAACCGAAACAACAA,2305
CCCTTCTACCGTAATC,2305
CTCCGTATATGTGCAA,2305
GGAAATTTTGTCTTAA,2305
GTGGGACTGAAAAGTT,2305
CCACATTTATTCTCTT,2304
GCCAACAAACTGTACC,2304
TACCTAAGATCAGCAC,2304
AAATTCACTTAGAGTT,2303
ACACAAATCAGAGAGA,2303
ATGGGCTCAATTAGCA,2303
CAAATATATCATACCA,2303
CGCGCTCATGATAAGA,2303
CTTAACGGACTTAGAA,2303
GGAGTGCGAACCTATT,2303
GTTATCCTGACCAACT,2303
ACCACCACTTAACCCT,2302
ATTAACTTTGACGAGT,2302
CGCATGCTCACTCTAG,2302
TAAAGTTGAAGTGTGT,2302
TTAAGATACAGAAGCC,2302
TTGATTATGTCGAAAC,2302
AAAACTCCATTCTAAG,2301
AACAATACAACCCCTA,2301
ATGAATGACTTGCAAG,2301
CCAGATGCCAAAAGAA,2301
TCTAAATACACTGATG,2301
TTACATTATCGAATAA,2301
AATCATTAAGCCGAAC,2300
AATCCTTATACTCCGA,2300
ACAATCCATCCCAAAC,2300
ATGCGTACTACTAAAG,2300
CCATCAACTGGATCAC,2300
CTTGGATAGTCACTAG,2300
GTTCGTCACAGTTAAC,2300
TAATTCGTCCTCCAAA,2300
TGACGACAACACTAAC,2300
AACGCCTTGGGTGCAA,2299
AATTAAAATAAACACC,2299
AATTTCCAACGGACAG,2299
ACCCCCTTCCTATGAC,2299
ATCGATAAATTTGAAA,2299
ATTATCTTGGAGAATA,2299
CAAATCCTAATTGACT,2299
CGTTAAGTTGACATAG,2299
GCGGAAATTATTCAGA,2299
TAACCAGATCGAACAT,2299
TCGAATGCCGGTTAGA,2299
TTCGCTTTTATACGAA,2299
AAAAAAAAGGAGCTAG,2298
AATTAACTTTTATCCA,2298
ACAGATGTGTATACTG,2298
ATCCAGAACCGAAGCC,2298
CAATCCACCCTCCTCC,2298
CCTATTAAGCCTGGTC,2298
CGCATTAAATGAAAAT,2298
GTAGATTTACATCAAT,2298
TATTATATAGAATCAC,2298
TTCTATCCCGTGCTAC,2298
AAAGAAGACATAATAC,2297
AACCAGAAGTAGAGTT,2297
AATCATAAGCAGAACC,2297
AATGTTTTATCCATGA,2297
AATTCTAACACGTCTA,2297
ACAATAAGCAATGTAA,2297
CATTCCTCTGCGGAGG,2297
CTGCGACTAGAGAGCT,2297
GTCCTAGATTTTTGTA,2297
AAAGTGACGAACCCTA,2296
ATGCTACACGAGCACA,2296
CACCATAAAAATAATA,2296
GACAGGTTCCAAACCA,2296
GGGATTTCTCCTACTA,2296
GTTCCAACCTTTCCAC,2296
TATGAAAAATACATGA,2296
AAGTAGGACGTATATA,2295
ATTTCCAGCCCTAATT,2295
CCTGCGAGAAAAACAG,2295
CGCCGTCACTCAGTGC,2295
CTTGCAAACCCCATTA,2295
GGAGCTTACTCCGTTA,2295
GTAGAGCTGGTACCAA,2295
TCAGACCGGGACACAA,2295
ACCCAAAAAGACACTC,2294
GTATTACAAGATGTTC,2294
GTCAACGAATCATAAA,2294
TGACAACATCACATGG,2294
TGATCATGATACTTTT,2294
ATCCTAAACTCGGTTT,2293
TACACAAATCATAGTT,2293
TAGCCTTTAAGCCCAA,2293
TTACCAGAATCATCCT,2293
TTATAGGGAATAACAC,2293
TTGCTACCTACATGTC,2293
AAATATTGCAAATTAA,2292
AAGATACCAGAAATCA,2292
AGGACAACTACGAACT,2292
ATTTCCCAATTTAAGT,2292
CAGTAACATTTAAGCA,2292
CTGCGTATATGAGATT,2292
GACCCGCTGATAAATT,2292
AACCCACTAATTTTAT,2291
ACCAGCTATGATGTAG,2291
AGACCTCCTAACAGGT,2291
ATGTAAGTGTACCGTG,2291
CAATACACAGAAGCAC,2291
CATGTAAACTAACGCC,2291
CGTAACATAAACAGAA,2291
TTCCTCTCACATAAAC,2291
AGTGCAGCACTTATTC,2290
ATATACAAAAGAATAT,2290
CCCCACTGTGGCTCAA,2290
GAACTGAGGGAATGTA,2290
GGATTTGATGATACAG,2290
GTCGACAGGAATACCC,2290
GTTACATTAAAATAAT,2290
TCATTCTGTATATGAA,2290
TGCACCCAAGGAAGCC,2290
TTCATTACGCGACGCC,2290
AAATTGAAAAACGACA,2289
AATCTTCGTCCAAAGC,2289
AGAAACAGGATGAAGA,2289
CGAGGTCCATATCATA,2289
CTAAAGGATATTAGAA,2289
GGCCAGATCAACAGGC,2289
GTGTATCGAACCTATC,2289
TCCATAATCTCCATAT,2289
TGTAATGACCAAAGAG,2289
AACAAAAAGATATTAG,2288
ATGAGACATGCACTCA,2288
CTTATCAGTCATCACG,2288
GAGTATAAAGTGTCGA,2288
GCTGACCAGTCAAGAA,2288
TGACGAACGCTACAAA,2288
AGGCTAAGCAAACTGC,2287
AGGCTCTCAATTAGCT,2287
ATTTCCAAAAATTAAA,2287
ATTTCCCGATTATTAT,2287
GATGAAACGAAATGTT,2287
TTAACCAACAGGACAC,2287
TTATACGACAACACAG,2287
TTTTCGAGTTCCTTAA,2287
AATCCGCACTATCGCA,2286
ATGACACGAAAACCGC,2286
GAAATGCCGACGGGGC,2286
GATCTAAAGATGTCTC,2286
GCATAAGAACCACGGA,2286
GGAGACTAAACGTGAT,2286
TAAATAGCATATGTCT,2286
TAACCATCTAATGAGA,2286
TAACCTGGAACACAAA,2286
TCCTTACAGAACTGAT,2286
CATTGACGGAGGATGA,2285
CCAACAAACGCTGTAA,2285
CTGTCCCCCCACAAGG,2285
TAACGCCTGTAGTAAA,2285
TCACACCAATCCCTAG,2285
TGGACCGATAACTGCA,2285
AATCATTTCGGTGTAC,2284
CACGGACCTAGGAAGG,2284
CCATGCGCAAATGACC,2284
GATGCATACAAAATAG,2284
GGAAAGAAAGCGTCGT,2284
GTACACAAAGGGACTA,2284
GTTGAGCTCGTCACTT,2284
TCAAAAAACTTCGCAT,2284
TCGCAAATCGAGAGAT,2284
ACACTTAAGCCTTACC,2283
ATACCCTATATACAAG,2283
ATTAAAATCTAGGAGT,2283
CCCGCGTGTCCAACTA,2283
CTGCATCGAACAGAAC,2283
GAATCTTATTAGACTT,2283
GCAGTCTTGTGATCCA,2283
GTAAAGTGACAATAAT,2283
TAAGTAATGTTTATCT,2283
TGGAGGAAGTAACAGA,2283
TTTCTCCTCAGATTCC,2283
AGTCCTCAAACCTAAT,2282
GAAGGGCATATAACAT,2282
GAGGCTGATACTCTAC,2282
TAACTAAAAATACAAC,2282
AAGAACTTATGAGGAT,2281
ACGACCTAAAATACCC,2281
ATAGGGAGCATACTTA,2281
ATGGTCCAATAAGTTC,2281
CCGGAGCAAGAAACTT,2281
GGGGATCCGGGGCATG,2281
GTCACTATTTGTTTTC,2281
TCACAACTAAATACCC,2281
AACTGTCAACATGTAA,2280
AGCGAACCCGGGGACT,2280
AGGTAAAAAGCCCCAA,2280
CAAACTCTTTTCTTAC,2280
CGGTGATCATATCAAA,2280
CTTTAAGACTAAACCT,2280
TAATAATTTATAAAAT,2280
TACCATTCTAGACTAA,2280
TCCGCAGATAAATGAA,2280
CAACGACTATCATAGA,2279
CATACCTTCCTAAGGA,2279
CGGGCTTCGAGTTTAG,2279
GAAAGTGAGAGTCACC,2279
GAAGACTTAGACGTTT,2279
GAATAATATTCTCTAT,2279
GCGATCACATACCTTA,2279
GCGGCGTCCAGAGCAA,2279
GGATTCATATTCACAT,2279
TCCCAGTATAATGGAT,2279
AAAAATAGTGACATAC,2278
AACTAATATCGTGTGA,2278
ACTACCCGACTAAAAA,2278
ATGATATTGAGATTTA,2278
CCACTCTGGCCCATAA,2278
CCTCTGTCCTCCAGAT,2278
CTATAAAATTGTAAAA,2278
CTGACGTGACGATTGA,2278
GATAAAATTGTGGCGA,2278
GTACGTGGTTGATTTC,2278
TACAGATAAAGCGGCC,2278
TTATTACGCATAAACA,2278
AAGTATCGATGTAACG,2277
ACAAAGCGATGGAGGC,2277
AGCATGTCTTAGGAGT,2277
CCATGCATGTCCACGA,2277
CTAGGAAACAAAACAC,2277
GAGCGTTACCAACCTT,2277
TCGGTATTCTTTGAAA,2277
TGCCTAAGCATGAATG,2277
TTAAAAACCTGGATTA,2277
AAATGATAGTTTGCCT,2276
AATAGGATGATATAAA,2276
GTAAGACTGATTCAGA,2276
GTGGTCCATAGCATGT,2276
TACATAAAAAAGGTCA,2276
TGACCATATCAGATAG,2276
AGTCATATTGTTACAT,2275
CATGATTTAAACATTA,2275
CTCCGAGTTTATAGCG,2275
GAGCCACGCTTATCCT,2275
GGCTCAAACCCGAAGC,2275
TAGAAACTGCAAATAC,2275
TAGTGGTAATAAGCTT,2275
TATTATACGAAGAGAA,2275
TTATAATGGATATACT,2275
ACGTTTGATGTGCCGA,2274
CACTAGCTTCATTTTT,2274
CCTTAATTGATGACCC,2274
GAACTAAAATACCCAG,2274
TATCTATTGCATGCGA,2274
TGTGGTACTCTTAAAC,2274
TTCTGTAAGGGAAAAA,2274
AAATACCACCGATAAT,2273
ATATTAATGACGAACG,2273
CACGTTAACCTAAGGA,2273
GGTGCAATCTCTATAA,2273
TATTTACTAAGAGACC,2273
TGGTCTAAAATCTAAA,2273
ACAGTTCTTTCCGATT,2272
ATATCACATGAGATGA,2272
ATTCCTTTGAAACCGT,2272
CACCTAACGAAACTAA,2272
CATGTGATACGGGGTT,2272
CGCAGTAAAGGAAACG,2272
GATGATCAATTACCCC,2272
GGTTGAATTCCAAGCC,2272
TACACTGGAGAAATCA,2272
TATACTCAGCAGAAAA,2272
TTGACGGGAGGCCGAA,2272
TTGGGATGTGGAAAAT,2272
AACCCATAAGACGGGG,2271
AATCTCGATCACGATG,2271
ACAATTGAACGCCAGC,2271
AGGAGTCAAAAGTCCA,2271
CTTATACCTGGTGGGA,2271
GTATCTAAATGATGGA,2271
TAACTTAAAAAGGCAA,2271
TACATCTAAACGCCAG,2271
TATCCCCTCTCCGACC,2271
TCTAAGAGGCGAAAGG,2271
ACCATTCTGTAGGACA,2270
CATTTTCCAGCAGTCT,2270
GTTGCAGTGTTAACAA,2270
TAGTATCTCTCAAATC,2270
TCCACATTCGTGATGA,2270
TCCGACCCCCCTACAT,2270
AAAATTAATGGGGAAA,2269
AAAGATTACCCCTAAC,2269
ACTGTTTTCCGCATTC,2269
GACTAACCCCCATCTG,2269
GGCGGAAAAAAGGCTA,2269
GTCAAAATCCAAATTA,2269
TAAATCTACAGGGGCT,2269
TAAGATTGTAGTTGCA,2269
ACCACAACAGGTTCAT,2268
AGAAAACTAGCAGTTA,2268
AGCAGGTAGGAGTGAA,2268
ATCGTTATCTTACTCA,2268
CAGGTGAGCAATCTAA,2268
CCCCTGCTGCGCCGGA,2268
CGCATACCCAAAGTCG,2268
GTATCAATAACATAAT,2268
TATCCGTAGATACTAC,2268
AATTCATGAGGCAACT,2267
ACATTATCATATAGAG,2267
AGGTTACTGTGTCCCG,2267
CCAAAGACCAAACAGA,2267
CCCTACATGGTTTTTT,2267
GAGATAGGTATTCGTG,2267
GGAGGGACCTGATACG,2267
AAATCGTAATTTTCTA,2266
AATGAAATGCCCAAGA,2266
AGACAGGGCATTAATT,2266
AGATCAACATGTGCTT,2266
ATAGATAGCATATTTT,2266
ATTTAAAACATGTAAA,2266
GCACGAACGCCCAAGT,2266
TCAGGGCCAGCAAAAC,2266
TGGACACTGATGACCA,2266
ACCGACCCTGAACCCC,2265
ACGCTATGAACAAATG,2265
ATTATTAAAAAGTTGA,2265
ATTCACGTGAAAGGTA,2265
CACACCAAGCATACGA,2265
CGCGCAGCTCGCTAAG,2265
AGGCCCCAGTCATAAA,2264
CAAGGGCCCAAGGCCA,2264
CACCCTAAGAGAAGCC,2264
CATCGAAAATAGATTT,2264
CCTAGACGATGAGTGA,2264
CGACGAGATCGGCACT,2264
GCCAAAAAACCCAGTC,2264
GTTCTCCAGCTTGGAT,2264
TACCAGGTTACAGCAT,2264
TCTTGACCTATCTCGT,2264
TGGTAGCCATATTTAA,2264
TTATAATATTAACACC,2264
AATAGGTACTAACATA,2263
ATACAACACTCGCGTT,2263
ATAGCAGAGCATGCCG,2263
ATTGCAGAAAATCCTA,2263
CGACAACATCAGTAAC,2263
CTTAGCTTTAAAGTAA,2263
GAAGCTTAAAAACTGT,2263
GCTAACATATGGCAGA,2263
GGCGCGACGAACACAA,2263
TACAGATACGCATGCA,2263
TGCTCCTAATCAAGAT,2263
TTCAATTTGTGATTAG,2263
AACAATCTGTTCTTTA,2262
ACAGCCGTTCAGAAGC,2262
ACCATTATCGAAAAGA,2262
AGAAATAAGGGTTGAT,2262
CAAAAGGTGAATTAAA,2262
CCAGCAATAAGTGGTA,2262
GACTTAATGTCGAAAC,2262
TCCAGAAGTGCACACA,2262
TGAGACCTTCACCCAA,2262
TTCCCCTTATGCCCAA,2262
CTCCAAGTCGACCTTG,2261
TCAGCTAATTGCCCCA,2261
TCCCCATGAACCGTAT,2261
AAGCGTAGACATGACC,2260
AATGGATCTATAACGG,2260
ACTCTAACTACAATAG,2260
AGACGTAACTGACACG,2260
CCACAATGCAGAATAA,2260
GAACTGTTATAAAATC,2260
GGATGTAAGATGAAAA,2260
GTACTCACCACTATAG,2260
ACAAAGAATAAAAGCC,2259
ACGAGTGCACATTTAA,2259
ACTATATCATGTCCCG,2259
AGAGTAGAACGTCAAA,2259
AGTAAAGGAGTTAGTT,2259
ATAAGTTCCTAAAATG,2259
ATAATCTGATTTTCTT,2259
CCGTAAAACACCAAGT,2259
TTAGCACAAAATTTAG,2259
AAGAAACTGCACCCTA,2258
ACCACCTAACCGTGTC,2258
ACCCATATATCGAAAC,2258
ATAGAAACGATTAAAA,2258
ATTTATGGATCGCAAA,2258
CCTGACACTAAAACCA,2258
GAAGATATACAAAAAA,2258
ACTGAGATTGTAATAC,2257
ATGTCGCATGTGCAAA,2257
CCTGCTAACTTACCTA,2257
CGAACTAATGTTATAA,2257
GTATGACAAGAAAAAT,2257
TGAAATATACCATTTA,2257
AGTTAGCAAAATGAAA,2256
ATCGCAACAAATTTGC,2256
GCACAATGACAATGTG,2256
GGGTGTACGTGGAATA,2256
GTAAGACGAACCTAAA,2256
TCTATTTGGATAACTA,2256
AAACATGAAAAATAAC,2255
AAATCAGAAGAATATT,2255
CTCAGGGATGCTAAAC,2255
GACAATTCACTTAATG,2255
AACGTAGAAGACACGA,2254
AATAGTTATAGATGTA,2254
ACGAGCCAGGCTTATA,2254
AGAGTAATATAGACAT,2254
AGATCGCCTTCCTCAA,2254
ATAGGAAGTCATCGAA,2254
CCACATCAGTCGTTGA,2254
CTGAGTACTGCTTGTC,2254
CTGGAACGTCGACATG,2254
GAAAAATGCTCTAAAA,2254
ACGAATGGAGACATAT,2253
ATAACAGTAAAGCCTT,2253
CAGTAGAAATCAAATG,2253
CTGCGATAATAAGCTA,2253
TAAACACCAAAAATGG,2253
TACGTACCTTCACGAT,2253
TGACACACGAACGGAG,2253
TTACAGCCAATTGGTC,2253
TTCGATCTATCACTTA,2253
ATGCAGTGACATGAAA,2252
CGGAAAACATGAACTG,2252
CTACTTTCAGTTCCAA,2252
GAGACATCATCGAATT,2252
ATGGTCGAACAACATT,2251
CTCTACAGTGTCGATG,2251
CTGAACAGGTTCTTCT,2251
GATAGAAGCTTACTGG,2251
GGTATTTGAGTGAAGA,2251
TGGGGAATGCCTGCAA,2251
AGGACTATAACAAATT,2250
CCATCGAACTAAACTT,2250
GACCACTCCGAACAGA,2250
GAGATTTTCTCCAGTC,2250
TCACGAAACGACTTCC,2250
TCGTTTACCTATGTAA,2250
TGATAGCAGCAGAAGA,2250
AATACCTCGTGTTCAA,2249
AGCCAAAATACAAGAA,2249
ATATACAGAACAAACA,2249
CAAAACTTTTTCGGCA,2249
CCAACGCGCCGAACCG,2249
CCTCGACCATCCCCTA,2249
GAAACGTGATCTATAA,2249
TAAAAACTCAACGTAT,2249
TCCAATCACATAGGGT,2249
TCTGCGATTACGATCC,2249
TCTTCTCTTTGCTGGA,2249
AAAAACTACATAAAGG,2248
AAGAAATGCAATACAA,2248
AATCGGATAAAAGGCC,2248
CCTAGTCTTCACTCGA,2248
CGCTGACTAATTGTAG,2248
GATTAACGGGATGTGT,2248
GCGGCAGAATTTAGAG,2248
TCGAAGACTCTTGGAA,2248
TGCTTCTTAACGATCA,2248
TTGACCCACTTATAAT,2248
AACCGGTGTAATGGCA,2247
AAGAGTAATCACCCGG,2247
ATAATGCAACCTCAGA,2247
CGATGAACACTCGGTG,2247
CTTATAACTTGACTTC,2247
GACTACCATTCACCGG,2247
GTGCCACTATTATGAC,2247
TAGCACCCTTGCCCTT,2247
AAAGAGATGCGGAGTT,2246
AACTGCTGCACTGCGA,2246
ACAAATAGTCCCTCGT,2246
CTATAACCTGAGGTAT,2246
CTTAAGGACCCTGACC,2246
GGTCATTAAAATACTC,2246
TCACGTCAACTCCCTC,2246
TCCTAAATAAGACTCT,2246
TGAAACCGACTCCCGT,2246
ATCAGCATCCATAAGA,2245
CGCCGAAGATCAAAGA,2245
CGGGATTAAACTACTA,2245
GAATATGCCGGACCTA,2245
GGACTCCCACGTAATG,2245
TCTTAATCCAGTACAA,2245
CTAATAACAACATGCT,2244
CTCATTCTTCCAATTC,2244
CTCTGATACCAACGAA,2244
GTATATGTAACAGGAA,2244
AACCCCATCATAACTC,2243
AACGACAGACTCGAGT,2243
GCAAGAGTCACAAGTA,2243
TCTTTCTATTATATAA,2243
TTGCAAGGGTCACGTA,2243
AAAAAGAGCGAGCGCT,2242
AACTCCGACAAATATC,2242
ACAAGAAACATTTGTT,2242
AGGCCATGGTGCTAGT,2242
AGGTTTGCCAGTAGTC,2242
ATCTGTTGATAATCTT,2242
ATGGATTGCCAGTGAA,2242
CCGAGCTAATTAAACA,2242
CGAAAAAATACAAACA,2242
CTAGTTTATGGCGTTA,2242
GACTAACCTGTGTCCA,2242
GCAAATTATGTCCCCT,2242
GCCGTAAAACATACAC,2242
TACTTTTGTGACACGA,2242
AAAGAATAGTAAAGTA,2241
AACTTTTATAGATGAT,2241
AATGAGTAAGGCAAAA,2241
ATAGAAACCCGTCCAC,2241
CCAGCAGGGTTCAACA,2241
CCTTCAATTATTAGGG,2241
GAATAAATTATACTAG,2241
TACTCGCGTCACCCCT,2241
AAAGGTACATCATCAC,2240
AATATAAACAGGACCC,2240
AATCTATTTCTGGTTA,2240
ACACACACGTTACCGT,2240
AGCCCGCAAATCTTTC,2240
ATCATAATCGGTACCT,2240
ATCTATAAAATTTGGT,2240
CAAAATATCAGATCAT,2240
CAGTCCTAAATTAATT,2240
CATAATCCTGTGTTTG,2240
TATATCTGCGTAGCCG,2240
TTGTTCTCTGTTCAGA,2240
AAGGGTTTGGTCTCGA,2239
ACCGTGGATTCAAAAA,2239
ACGATAGATGTAAGAC,2239
ATCGAAATGTTGATTA,2239
ATGCCACAAGTCGGTT,2239
CAAGACCGCAAAGTAA,2239
GACACCATCAATGGTA,2239
GATCATAACAAAAAAC,2239
GTAATGAGATCTACCG,2239
GTGATCCAATTTCAAA,2239
AATACCAAATGTGGAG,2238
ACGATAGAACTTTCAA,2238
CCCATCCTATCGCTAT,2238
CGAATGCTTCGAAATC,2238
GAAGAACAATAATATG,2238
TTATACAAATGATACG,2238
ACGGGGCGTGCTAGAC,2237
AGGACAACTTTTCTTC,2237
GATGTAACCCCGAGAA,2237
TAGATAAGAGTGCAAA,2237
TTCTCGATAGTAATTG,2237
AACTAGCATTGATAAC,2236
AATAAAAGCAAGTACC,2236
ACATCCCAAAAACAAT,2236
AGATACCGTACATTAA,2236
CAAAAATTAGATGTTC,2236
CAAGATCCGTCAAACG,2236
CCGACCTACTGACCGC,2236
TCTCAATGTTGACTAA,2236
ACAGCCAGTTATTAAC,2235
ATCACACAGGTACCAA,2235
ATTTTCCCAGGATACC,2235
CATATACTAATTTAAA,2235
CTACAAGTATCAGGAT,2235
GGATAACCAGTAGTAT,2235
TAATTCGGGAGACTAC,2235
TAGGGCAAATCGATCT,2235
TGTTGATTGCTTAAAA,2235
AAAACGGCTGTTATGT,2234
AAAGATCGTATAAAGA,2234
AAGAGGAGACCGCGAT,2234
AGTTGGACGATAGTGA,2234
CAACATTGACCTTAAC,2234
CTATTCTATGCTGTGA,2234
GAAGGACTTTAAGAAT,2234
TCAATTGCGGAGGCAG,2234
ATAAGCGGTACAACTA,2233
CGTAACGAGCTATATA,2233
CTGCCCTTTAAGGAGG,2233
GAACACAAATGGCAAA,2233
GCATCTGGTCAAACAT,2233
GCCAAAACGACAAACA,2233
TACGTACAAGAACCCT,2233
AAACAAAAACATTTTC,2232
ACGTCGATACCGTAGA,2232
AGAAATTAGTGTGACA,2232
ATGCAAAGAAGGCTGA,2232
ATTATGGCTTATTTAC,2232
CGTAAGCGGACCAAAT,2232
GAAGGATTCCTAATTC,2232
GACACTAAATATATTT,2232
GTACAGTTCAAAAATT,2232
TACAACATAAGTCGAA,2232
GAACATGTATACCTCC,2231
GAAGTGTTTGTTGAGG,2231
GAGAAAGTAAGATAAT,2231
TAGGTCTCACAATTGC,2231
TTCCTATTTTAAAGCA,2231
AATAGGAGCAAATCGA,2230
AATGCACTACATAGCT,2230
AGTTAAACGTTATTAA,2230
CAGAATAATACTTCTC,2230
GCATATCTGACCACCG,2230
GCTGTGACTATGTCCA,2230
GTATTAGAAAAATGAC,2230
GTGCAAAATCTGACAT,2230
TATGCGCCTACACATA,2230
CTCTGCCGAATTTTCT,2229
GATATCAAATCATGTT,2229
GGAGCTACCTCACTAA,2229
TAACGAGCGTGAAAAA,2229
TTAGGAGCGATCACAA,2229
AACACGTTTACTAAGA,2228
ACACTAGAAAAAACCG,2228
ATGGAGTGTTAAATAT,2228
CCGTTTGCTTTCCTGA,2228
CGAGAGCGCTAGCATG,2228
CTGGAAGTCGGGTAGA,2228
GAAAATACCGTATAAA,2228
GTTTACCATCCTTCAA,2228
TGTCCGAATTCTAACA,2228
AAAGGGGTAAACGTTA,2227
AAAGTATTTTCGAAAA,2227
ACTATGAAAACCCGTG,2227
ATTAAGCTGCAGAATA,2227
CACTAAATGATTTCTC,2227
GAAGTCCTAAACGATG,2227
GGCAGGACTATCATTA,2227
TAACCTATTCAGATTA,2227
TCACTTGACCAAAAGA,2227
TTGTGTGCAAGCCTAA,2227
TACACAATACCCAGGG,2226
TAGGATTCGGTTCCCT,2226
AATCGTAACAGCTAAA,2225
AGAGCCTGTCTATAAC,2225
AGGCAACTACAATCTT,2225
TCAATTTTGTCAGTCG,2225
TCCTATGGACTTACTT,2225
AGCTGACTAATAGCCG,2224
ATAAGTGGAAAAAACA,2224
ATAGCACCCTTCGTAG,2224
GATATCCGAGACCAAA,2224
TAATGGCTCGATTATA,2224
TATTAAATGAAAATAC,2224
TGTATGGATAAGCACC,2224
CACGGTATCGAAAAAG,2223
CACGTCCATGCTGGGA,2223
TCACGCAACAGACCAT,2223
TTTATCCAAACAACAG,2223
TTTTGAGCAACTATAT,2223
AAATGTCACCCTGAAA,2222
AACTAAACATGTAGGA,2222
ACGCAAGAGTGTATCA,2222
CCGAGGAGGGTAAAAT,2222
CGTTAATAACTTAAAG,2222
GAAACCACGGCTCTTA,2222
GACAGCGAGGTACGAA,2222
TAATGGAAAAATATAA,2222
TAATTATTCCAGCTGA,2222
TACACTACTAAAAAAT,2222
TATAATACATGTAACG,2222
TCGTGTCCCATTTCCT,2222
TGAGACACACAAGATC,2222
TTTACTAACACCGCTG,2222
AAACCTCCTTAAGATC,2221
ACACCACGCGTGTCAA,2221
AGCAACGCCTACCAGA,2221
CAAAATAAAGGACAAG,2221
CCCAAAATTTTTAAAA,2221
CTTTGTAAAAGTTCCA,2221
GATCTGTGAACGGACC,2221
GTTAGAAACATAGAAG,2221
AATTAACAATACAAAC,2220
AGTGAAAATGCTCCTC,2220
ATCAGTAGCGAACGGC,2220
CCTTACCAAGACGTCT,2220
GCATCTATTTAAAAGT,2220
GCTGATTTCCTCAAAA,2220
TACGGCTGTCACCAAA,2220
TCACACCCTACAGTAG,2220
TCGTGTGCTGAAACCT,2220
AAAGGAACAACGTCCA,2219
ATTTCCAAGACCCAGG,2219
CGACCCAGGCAATTCA,2219
GACCAGGCAGATTGAG,2219
GACTGCAACCTATTCC,2219
GGCGCCCAACAATGCG,2219
GTCATGTCTGTTCATT,2219
TAATGTGCATTGTAGA,2219
AACTTGCAAATGCAGG,2218
ACTACGTGTCGACACA,2218
ATAACGGAAGACAACC,2218
CAACGGGGCATTCAAC,2218
CAAGTCCTGGCGAATA,2218
CCCTAGAAAAGTAGAA,2218
CTAGGGGGTGAATCAA,2218
GTCTATGCACTCAAAG,2218
GTTTAAGACAAAATCA,2218
TATATTACTATCGAGG,2218
TTCAGGAACACTGATA,2218
AAACAATTAGTGCGAT,2217
AATCCTTGGCATGAGC,2217
ACCAAACCGTTTGTTG,2217
AGTCTAAGTTCGTATG,2217
ATACCAGATGGGAAAA,2217
CGCCGCAGGCCAACAG,2217
GAACGCGTATGATGTG,2217
TATTATGCAATCTACC,2217
TCAACCAAACGCCTCT,2217
TGAATCTCACTACTGG,2217
ACATAAGTGCAGCAAG,2216
AGATCATACACACAAT,2216
CAACGCAAAGAAAAAA,2216
CACAAAATAACAAAAT,2216
CCGACACGAGTTCCAT,2216
CGGAGCCTGAGGACCT,2216
GAGGGTCAGAAGAAAC,2216
GAGTGTCCAGCTGCAG,2216
GCCAGAGGGAAGCCTA,2216
GGGCTCTACACTCAGT,2216
GTAATGTATTGTAAGA,2216
TAAAACCGGGTATATA,2216
TATAGACTATAAAAAC,2216
TGCACACAGAAGGTAA,2216
AAGTGAACCTTAAATG,2215
ACCCGAGATAATTTAC,2215
AGTTCAATGGTTTACA,2215
ATGAAAAAAATGAAAT,2215
CGAATACTACTTTGAA,2215
GAGTCTCCAGAAATCT,2215
GATTGAACTATAAAAG,2215
TAACCAAGGCCAACCT,2215
TCGGCAAAACTGAATA,2215
AAAATGCCTAACTAAT,2214
AATAAGCGAAGCGAAA,2214
ACGTCGTAAATACGTA,2214
AGCATTAAAAACCTTG,2214
AGGTCAACTTGCAACA,2214
ATCTACTAAACGGGGC,2214
CAAAGCCCACCTGGAT,2214
CCTATTTAGAAAGAAT,2214
GAGCACATCTAATTAC,2214
TAACCAAAGCGGAAAG,2214
AAAATGACCGTCATTA,2213
AATCATTGTTCATACA,2213
ACTGGACTAATAAGCG,2213
ACTGGCAAAGAAGGTA,2213
AGAAGGTTAAGTGACG,2213
CATTCGTAAACGAATG,2213
CCCTTTCGCAGACTCC,2213
CCGTATCACCATATTA,2213
CGACAAGGAATTAACG,2213
AATTGACGCAAAAAGT,2212
GAGTAGGCGGCCTTGC,2212
TAAAGGCACCATAGCG,2212
AACATGAAGCAACGTC,2211
ATCGGGTTTTTGTCAA,2211
CAAACCGGATGAACTG,2211
CACATACAGCAAAATG,2211
CCAAATCGACCGCGGA,2211
CGTGAATAATAGTCTC,2211
CTCAATCGTAGCAAAG,2211
GCAACTGTAACATTGA,2211
TATCGGTCTATCACAG,2211
AAGCTAGCCAGAGACA,2210
CGTACAAAAACCCTTA,2210
CGTCACGAGGACCAAA,2210
GCATCACACCTCAACT,2210
GCCTACTAAACTACCA,2210
TAGCGAACTACTCAAC,2210
TTCTCAAATGAGACGA,2210
ATTCAGCGGTGATGTA,2209
CGATAACTTAGTCAAG,2209
CTATACGGATTCAATG,2209
GACATGAGAATGAATA,2209
GGCAAAGATCATAAGT,2209
GGCCCTAAATAACTTG,2209
AAAACAGCAGATTAAA,2208
CAAACAATTGATATGG,2208
CAACCAAAAGTAACAA,2208
CAATCTGCAAGTTCCC,2208
AAAACAGGTAAACCAC,2207
AAGACATTGCCAAAAT,2207
AGCATCAATAGAAAAT,2207
AGTAGTTACAGATAAA,2207
GATATAGAGGCCTAGT,2207
GATGCCTAGGAACCTA,2207
GCACGATTTCCAACGA,2207
GGACAAGGCCCCATTT,2207
GTGAAGAAATAGAAGA,2207
GTTTTTACTGATACCA,2207
TATGAAGGAATAAGTT,2207
AGGAGAACTAATCATA,2206
CAAACACAATCACAAT,2206
CTTTAAAAGACCAAAC,2206
GAGACGTGTCAACCTG,2206
TAAGCTGTGGACCCTA,2206
TGAACCAGATGGTTCC,2206
TTCCAAAATAAAGGTG,2206
AAGCAATGACATTTAG,2205
ACCTAGTACCACATAA,2205
CAAACTTTTAACCTCA,2205
CATTTTAATATGTTAA,2205
GAATGGGGCATAATAC,2205
GAGACTATAATTCACA,2205
TCTACGAATTCATCTC,2205
AAAACACGAATTCTAT,2204
AAGAAGCCATTCAGGG,2204
AAGGCATTACACATTC,2204
ACAAGCTAGAAGAAGT,2204
CGATCCTTAAGCCTCA,2204
CTACTACAACGCTAAA,2204
TCTACAGATTACTTAG,2204
TTAAATTACATCAAAG,2204
AATACATACAAAGATC,2203
ACGAATATTATACGGT,2203
ATCGCTTCGTAACCCG,2203
ATTTAGGCTTGCCAAG,2203
CATGGCTAGCCGCAAT,2203
CCGGAAAAGTCCCTAT,2203
CCTAAAAGCAGCACTC,2203
GAAATCGTGCGCCTTA,2203
GCAAATTGTACAGCAA,2203
TAAAGAAAGTAAAAAT,2203
AAATATGTGATGAAAA,2202
AAGCTGTTGAATTGCT,2202
CCATCGAATTTAAACC,2202
CGGAACACTTCAAGAT,2202
GGAAGAGACTTCAAAT,2202
GTACCTCGACATAAAC,2202
ACCGTAATAACATATG,2201
ACTTAGTGCAGACGCT,2201
ATTAGAACACTTACCT,2201
CAAATAATAGTACGCG,2201
GTCATACTGTAAAAAA,2201
TAAATTTATGCTCGTA,2201
TCCTGACACACATACC,2201
AAGAATTATTCTCGCT,2200
ATGAAAATAAGCAAGA,2200
ATGCTGAACTACGCTC,2200
CAGCTCAATGTAGACA,2200
CTTTGGATTTCATAGG,2200
GAGATGATAACGTAAA,2200
GCTTCCCAAGATTGGA,2200
GGAGAATTACAAGATG,2200
GGTACAAAAATGTTTT,2200
GTATGAGCAAGAATCG,2200
TAACACACTTATAGTA,2200
TACAATCGCACTTGAG,2200
TATATCTTAATGGGTT,2200
ACACAGAATAGTAAAC,2199
ACGTAAAAAAATATGG,2199
ATGTTCTAAAGCGAAA,2199
CAGCAAGTTCTTAAGC,2199
CATGTACCACATATAA,2199
GCGAAACGTGCACCCG,2199
TAAAGATCCAAAGATA,2199
TGTGGATCAACGCACG,2199
AACGTCCGCTGCGTCT,2198
AATAATCTAGTACATC,2198
ACTTTCTACTTAGGGT,2198
AGCTCGTTATATTATT,2198
ATCGTTACGAATGCTT,2198
CTAAATTCGCATGGAT,2198
TGTTAAAACGACTAAA,2198
TTAACAAATAAAATCA,2198
AAGCGATATTGCAACA,2197
AAGGTTTATATAATAA,2197
AATCGACTCCCATGAA,2197
ACGCTACCAAGGGAAC,2197
AGAGAAGACATCGACA,2197
ATAAGAATATTACGAA,2197
CACATGTCCTTACAAG,2197
GATATATCGATGTAAT,2197
GCACAACTTCGTTAAG,2197
GTAGCCGATCCTAATC,2197
TTTATTAGAAACGCCG,2197
ACAATTAATATCCAAA,2196
CGAGATAATAATAACA,2196
CTGAATAAGTACCAAC,2196
CTTGACACAGTCCATG,2196
GCAGATAAGAGAGTAA,2196
GGTGATCCAGGCATAC,2196
TGTCTATAGGGATTGT,2196
AGTTTTCAAGTGCATA,2195
CAAGATAACGTCTAGT,2195
GACAGGATAAATCGAC,2195
GACCTTCATATTCGTC,2195
GTCAAGAACAAGTGAT,2195
TACGACTAACGAACAT,2195
ACGTTCGCTGATTATA,2194
ATAAACTCGAAACAAT,2194
ATACTAATGAATTTAA,2194
ATTGTGACAAGCAAGT,2194
CAACCCCGTGAAGATG,2194
CATCTATACGTTAGAA,2194
CATTAAGGTTATAGCA,2194
CTCTTAATCAATCTGT,2194
GAAAAAATTTAGTTCA,2194
GAAACTGACATAGGTA,2194
GATTTTGGAATAAGCA,2194
TGTATGAAAGCGATGA,2194
TTACATTAGACTTAAT,2194
TTTACTTGGGGCCGTA,2194
AAATACAGTACAGCCA,2193
AATCTGAAGGCACAGT,2193
CATGAGACACATCACC,2193
CCAAGAATAGATAAAG,2193
CGAATGCAAGCAGAAA,2193
CTTAAAAAACCCGGGA,2193
GAATCATTGATTAAGT,2193
GTGAAGGTGCCCTTAA,2193
TGGAGTTTCTTACTCA,2193
ATCTGCGAACGTGGCA,2192
CGTAGAAGTTGCTAAG,2192
GAAGGATTTACGGCCA,2192
TCGTTGCGAAAACTAT,2192
AAACAGTTTACCACTT,2191
AACGTAGTATAGTATA,2191
AACTTCCTCTAAACTA,2191
ACACAAAATTGACTCA,2191
ACATCCTGAGTACGTG,2191
CCAACAATGCATGGTC,2191
CCCATTCCCAACCCTG,2191
CTACCATATAGCTTTA,2191
GAAATATACTTATGCT,2191
GAAATTGCTAGAAGGC,2191
GTAAAATTGCCCCATA,2191
TGGCATGATTGAAAGA,2191
ACACAAACGATTCTTG,2190
ACCCTCTACAATTAAA,2190
ATACAAGAAACATCCA,2190
CAAAGAATACCCTGCA,2190
GACTTAATTAAGAGCA,2190
GATGCACTATTTTTAA,2190
GTAAGAATGGCATATA,2190
TAATAGTTAGATTGAA,2190
TACAGCCTCAAACTAG,2190
AATCAAATGGGCGAAT,2189
AATCAATGATGCCTAC,2189
ATACTAAGTAATGAAA,2189
ATGGTACGGTATCGCG,2189
CCCAGTGATGACGCCT,2189
GGAAGCCTATGGAATG,2189
TCTGTGATCTATAATA,2189
TTCAACTAAATAAACA,2189
AGACGAGGAAAACTCT,2188
CAATATTAAGCCCTGA,2188
CCCCATTATAAAAAGT,2188
CGAAAATAACAAACAA,2188
CTAGATCCCGTAATAA,2188
GAACGCTATAGATACA,2188
GGACCATGCTTTTTTT,2188
GGTACAAAATATAGCA,2188
TAAGGACACTCATGAA,2188
TATCACTTCGCCACAA,2188
TCAAAAACTACTAATA,2188
TGTACCATAAACGATA,2188
AGACATTGCAGGATTT,2187
ATCCGCCGATATACTA,2187
CCGGCTGAGCAGTTTG,2187
CTGATCAGGGCACTGT,2187
CTGCAGTAGAACTATT,2187
GACGATCAGACCGGCC,2187
GATTCTTTTACAAGGC,2187
TGGAATAAGTAGTATG,2187
TTGAAATTCTTAACGA,2187
TTGTGTGAGAAACTGT,2187
AACTCAGTGTATAGAC,2186
CCCAGGAAAATCAGAT,2186
CGTACCGTTTACCTAA,2186
CTTCGGTTGCCTTCTT,2186
GACTCCGACAAGACGT,2186
GGGGTACAATAAGAGC,2186
TAAACTATAAAGCTAA,2186
TAGGTTCCTAATTTAT,2186
AAATGTGCACCCTAGA,2185
AACATCAGTTACCGAG,2185
ACAAAATCCTACAAGA,2185
ACATTAATTATCGAAC,2185
ACATTATTTAAACAGG,2185
ACGGTTTACATTTATA,2185
AGAAATTATGCCCGCT,2185
ATTTAAGTAAAGGTAA,2185
CAAATGAATCTCCCGC,2185
CAGCGCTCCACGGAAA,2185
CGATAGACTAGCACAC,2185
TAACTTGACCCCATAA,2185
TCACCGGTGTTTACTA,2185
TTTTGCACATCAATGA,2185
AAACATGACACAGCTA,2184
ACATAACAACTGGACC,2184
CCCGAGGATTCAAAAC,2184
GAGCATTAATAGCAAA,2184
TGATTTAAACTGACGC,2184
TGCGCGGAACCATAGA,2184
TTAACGCAAGTATCGC,2184
AGATTTCGCCGAAGAG,2183
AGGATATTCCTAATAT,2183
ATGCGCGACCCTGGGT,2183
CTAAATAGAAGTCTAG,2183
GAATGCGACCGCGAAT,2183
GGCGAATACAGAACAA,2183
TCACTCGAATCATAGT,2183
TGAATTGACCATAAAA,2183
TTCCCTTCCGTATTAC,2183
ACTAAACTTCTCAGTC,2182
AGAACCGTTATGGTTC,2182
AGAAGCTGCGATACGT,2182
ATAAAATAGCAACATT,2182
ATAGAAACATACGTAA,2182
ATATTAGGCATGAGAA,2182
ATGAAATAAATAAGAA,2182
CAGTGTATTCGAACCA,2182
CTCGAACAGAGTTACA,2182
CTCTAAATACTATAAT,2182
GAACATCGTTAAACGG,2182
GAATGGGACACTTTAG,2182
TGGAATGGACTATGGA,2182
ATATAGCCCTCTGGAC,2181
CAACTTGTAAATACAA,2181
CATTTCAAATAGTATG,2181
CGCAGACTGATATTAT,2181
GCCGCAATGCCATAAG,2181
GCTCGGAAACTAAATT,2181
TACACCCAAAGAGCTA,2181
AATATACTCAAAGACC,2180
AATCAATTTTTCCCGA,2180
AATGCAATAAACGCAA,2180
ACAAGGAGACTGTTTT,2180
ACGTACCGGCAATCTA,2180
CATTCACATAACCCCA,2180
CTAAACACCTGCGAGG,2180
CTATCATAATCAGTTA,2180
GCCCCAAGGTAGAGCT,2180
TACGAAAACTAGATGA,2180
AATCAGTAAAGCACGA,2179
ACGTAAAATACTCCGA,2179
AGCAATGAGTATTACT,2179
ATAACCCAACCATCCC,2179
ATGCAAAATGTTTGCT,2179
CAAGCCTAACTACATC,2179
GACAAAGCCCATCGAA,2179
GATCAAACCATCTTAA,2179
GGGGCATTAAGCCAAG,2179
GGTTGATAACATGACC,2179
GTTGTTGAGCTGTGTA,2179
TATCAGAAATCAAAAA,2179
TCTGAGAAAGAAGGGA,2179
AAATCAATGACGAAGA,2178
ACAAGTAGGCTTCCTG,2178
CAAATCGAAAAAAAAC,2178
GAATTATATAACGACC,2178
GGAGCATTACTGCCGA,2178
GGCAATCACAACCATT,2178
GGTCACACTAAAAGAT,2178
TAACCATGAGTTGACA,2178
TAATTTCTATAAGGGT,2178
TGACGTACCCATAATG,2178
TTAGAAACTACCCGTG,2178
ACCGCCGGAAATTGGG,2177
ACTTATGATAAAACGT,2177
CCAGTCTGAGACAACT,2177
GAGACTCGCCATTCTA,2177
AATCGATTACCAAGTA,2176
ACGAAATATTTTCATA,2176
CTCGCTATGACCCAAA,2176
GTAGTCACGCGTTCAT,2176
TAAGAAAAGACCTGAA,2176
TAATAAGGAATTCCTA,2176
AGCCCTCCACAGTACT,2175
CGTCATATGAGGGTTC,2175
CTAAAAATAGTGGTCT,2175
GAGCCACTGTGACGAG,2175
GCCTCAGCGAACACGA,2175
TTTAGAGATACAAGGC,2175
AAATCAATGCTCTAAA,2174
AAATGAAACACGTACA,2174
AAGAAGCAATGAATTG,2174
CATTCTAATGACCCCA,2174
GCCTCGAACAATACGA,2174
GGTTATAGAAAGTCTG,2174
GTGCAAGAAGCTATGT,2174
TACAAGAGAGCCAGAG,2174
TATAACCAATATGATT,2174
TCTATAAACTTACCAA,2174
AAGCGACAAAAAAAGA,2173
CGCGTTACGACATGAC,2173
CGGAACTGTAAGAAAT,2173
GAAAACACAATTTATT,2173
GACAAAAACTGAGATG,2173
GCGATAAAAAACCAAT,2173
GGCTGCCTAGACACAA,2173
TGACATGAAAATGAAC,2173
TGACGGCCCGAATAAA,2173
TTGACTCACACCAAGT,2173
AATCAATACGAAGGAA,2172
CCCCGCGCAGCACGCA,2172
GACCACTTCGGCGTTT,2172
GTTCCAAAGAGGCCGA,2172
TACAAGAGTCTTGAAC,2172
AAATAGTAAGACTCAA,2171
AATAAAATAACATAAA,2171
ACCGTACTAATGCCCT,2171
ACGCCTTAGCACCTAA,2171
AGAAGACATTTTGGAG,2171
AGACCGATCCCCTTTC,2171
CTAAACTGAATACCGT,2171
CTCATTAAAAATGATA,2171
CTTTTTATTAAAGGCA,2171
TAATGTTGCAGAAAGA,2171
TAGTACATCCAATAGT,2171
TATATAATAAACTGTA,2171
TGATAGGACATCCCAT,2171
AAACCCACAGATGACA,2170
ACCTTTATCAGCCACA,2170
ATCCAACCCCAAAAGA,2170
CCGGCAAAAAACCTCT,2170
CTGAAAACTTAATGGG,2170
GTCGAAACTCTTGTAA,2170
TGATCGTCGCGAAACA,2170
TGATCTAGAATCCCTA,2170
CAAAACCTACAAAGTT,2169
CATATCACCACAACAA,2169
TGCTGAATTTCACTTT,2169
TTTGAGATAATCAGTT,2169
ACTTGTCCATAGATTG,2168
AGGGAAAACATTCGAA,2168
CCGACCCAACCACCGA,2168
CCTACAAGACCCAAGT,2168
CTTATGAATAAAACTA,2168
GAAACGAATCAAGAAA,2168
TGTGATCCATTACATG,2168
TTTGTGTAACAAGCCA,2168
AAAATTATTCGCATGA,2167
AACGATACCAGGTCGA,2167
AATGCAAAACTACGTG,2167
AGGACGTTCAGTGGCC,2167
CAACTTTGTTAATACC,2167
TCGTACCGGCTGGAAT,2167
ACAGACGTATCAATAA,2166
AGCAAATATGAACGAG,2166
AGTTAATGCGATTGCT,2166
ATAACAAGGAATACAA,2166
CGCCGGCGGTTGATTA,2166
CGGAACCTGGTAGCGA,2166
CTATGAACAATTGCTA,2166
GAAGTTCAAACACTAC,2166
GTCGTCACAGAATCAG,2166
TGCCTTTTTCCAGCTG,2166
TTCCAAGGGAAGTAGT,2166
AAATATCAATCAAATT,2165
AAGCCCAGTATCCCGC,2165
ACCACATAACAATGAA,2165
ACTACATAAGGTAAAA,2165
ACTGAAGTGACTAATA,2165
AGCAAGTATTACCGAG,2165
AGTATTTACACATAAA,2165
ATTAGCGTTCCAATAA,2165
ATTTCCAATACTGGCC,2165
GTCGGGCGAATCCAGC,2165
TCAAACGCCGAAAGCA,2165
TTGAGCATGATCAAAC,2165
TTTAAAGATCTGTTGC,2165
AACTTCGACACACCCC,2164
ACCGGATACCTTGTGG,2164
ACGATCAACCAAAAAG,2164
ACTACCGGAGCACCAA,2164
CATAAAGGTAAGTTAA,2164
GCATATCATTCACTAG,2164
TACAAAAAATTGAACT,2164
ACACTCGCACTCCACG,2163
AGAATTCGTTCGTTAC,2163
ATCGACATCATCTGAA,2163
CAATGTCAGGCCTACG,2163
CACCAGCTAATCTGAA,2163
CACGTAAAGCGGACTT,2163
GCAGTCAAGCTATCAA,2163
AAAGATACCTATCCAA,2162
AACGATTTAACTAGAA,2162
ATCACAAAGGTTGCCA,2162
CCTCGCTGTAAAGCCC,2162
CGATCTAAGAGAGAAC,2162
GATAAGTTATTAGTGA,2162
GGCCCATATATAGAAT,2162
AAATGTCTAGAATACC,2161
AATGTGGCCCCCAAAG,2161
ACCTAAAAAGAAACTA,2161
AGGCCGGACTACCACC,2161
ATTTTCTGAAAGACGA,2161
CACGCGTAAGATAGTC,2161
TAAGACTTGAAAGATG,2161
TAATAGCAACTGAAAC,2161
TCTCCGAAGGGTCTCC,2161
AAAAAAATCAGAACAG,2160
AACATGGCTACAAGAC,2160
AAGCATGAAATTTAAC,2160
CACTTAATCCTTTTCT,2160
CCACGCCAGTTAAGTA,2160
CCATTGACAGGAACAT,2160
CTTATTCTTGGTTTCG,2160
CTTGACGCTAAATTCA,2160
GAAGAAGCCAACTGAC,2160
GCAAAAATAAACTAAA,2160
GCAAGTAAATTGATTT,2160
GCACCCACGACAGCAC,2160
TCCTAGGATCACTACA,2160
TTTGAAAACCAATGTG,2160
ACAATACTGAAACAGG,2159
ACATGACACGAAGCCG,2159
ACTTGGGCCCAGATAG,2159
CACCAACTTAGTGTTA,2159
GAGACACCAATCCAGT,2159
GCGCGCATCGAAGGGA,2159
GGAGAAGACTGTCGAT,2159
GGCACCCAGTACTGAA,2159
TAAAACAAGATTACAT,2159
TAAATCAATTCACTAT,2159
TACGAACATCATTCAT,2159
TACGCCGTGGACCTTA,2159
TTTTATTAACGACGTA,2159
AAAAAAAGACAGCCAA,2158
AATGTCAATCTAAATG,2158
ACCCCAAAAATGAGAA,2158
ATAGTATGATACGACT,2158
ATGACGCTAACAAAAT,2158
ATTATCCCGGAAAAGA,2158
ATTTAGCACATGCGTC,2158
CATCTCTACCCCCCCA,2158
CGAGACGATCTGGTAA,2158
CTCCTATCGACACTCG,2158
GAACCTAAGCATTTTC,2158
GAGGCCTTCCCATGGC,2158
GCTCCGACCTACCGCA,2158
GTTAACCAAACTTCCG,2158
TATTTTTAATGATTAA,2158
GACTGCAAAGTATATC,2157
GTGGTAGTACAGCTTA,2157
TCATTAACAGTCGATA,2157
TTCTAAAGTCGGACAG,2157
AACCAAAACCGTCAAA,2156
ATAGTCTGCTATCAGT,2156
GAGTAAGCTAAAGGCC,2156
GATATACGGAGGTAGA,2156
GGTAAACTTTTCCGTG,2156
GGTCAGCATGAGATAC,2156
TATCATAGTAACATCC,2156
TTACATCAGGATGAAT,2156
AAAGCTAAGTATTTCG,2155
ACCACTGCACCCAGAA,2155
CTTAGATCCAACAGAG,2155
GTCCAAATGAAATCGA,2155
GTCTCCTAAAGATGCT,2155
TAGGTACTATATCAGA,2155
TCATAGTGATATGCGT,2155
AACTGAATTAGAAAAA,2154
AGAATACGGTAGAAGG,2154
AGACGATAGGTCGTAA,2154
CAACATGGAGCCGAAG,2154
CCCGCCTCGTATTGTG,2154
CGTACCCGACACAAAA,2154
CTAACCATTAAAGAAA,2154
GCACGACATACCCAAT,2154
GGCAAGGGGCTGGTCC,2154
GTTATAACAAAAACTA,2154
TCTACCTCGAATGTTA,2154
TTTGGAAATACATTAC,2154
CGTAGTGAATTTGATT,2153
TACTTGAAGGAGATTA,2153
TCCATAGCACTAGTTA,2153
CAGTCCTCAAGAGACA,2152
GACACAACCACTGCAT,2152
GCTAGACATATTATCG,2152
TAAATGACAATTTTTC,2152
TTCTAATTACGGTTGA,2152
ATACATGCCAGTCCCG,2151
CAATAATAAGACATCA,2151
CAGCCAATAAAAAGCC,2151
GCAGCCGAACGATCAA,2151
TGAGTGGAAACGACGA,2151
TTAGAATAAAAAGATT,2151
TTAGCGTAGACTTCGC,2151
TTCCTCGTATAAAACC,2151
AAACAACTATGACAAC,2150
AATTTCAAGTAAGGAA,2150
ACTCAGCCCTTCTTCA,2150
CCACCAAAAGTCTCGT,2150
CCTTTGTAAAACCCAA,2150
CGTAAAAATATTATCT,2150
GAACACCCAATTCCGA,2150
GGAGCTAAGTGTAGAA,2150
TAATCAAGCGCCTTCG,2150
TAATGCTATTCACCCA,2150
TCATCTATGCCTAATA,2150
AGATTGGTACTTAAAA,2149
AGCTTCTTAACCAAGC,2149
ATACAACTCGCACCTA,2149
ATGTTGAAGCTCCCGC,2149
CTCGCTTTAAAACCTA,2149
GAATCCGAAATGACAC,2149
GATCTATATCTAAATC,2149
GCTTTAATTAGAAGTC,2149
TATGGCGGTGAGCAGA,2149
TCAGCGTACACTCAAA,2149
TGTGTTAAGTGTAATT,2149
AAACGAGACTAAACAC,2148
AAATTCAACCGAATTA,2148
ACAGAAGCGAAGATGG,2148
ATAAGATCCAGAACTT,2148
CATAACTCCAGGCGCA,2148
CCACAAGTTCTCAAAA,2148
CTCACTGACTAAAATA,2148
CTCGTAAATAAATCCC,2148
GAATCTTGCAAAGAAA,2148
GAGTCTCGATGATCAC,2148
GATCACATCCGCTTAA,2148
GTGTCCCCCGTGTAAT,2148
TCGACAGTCATAGCCG,2148
TTAACATGAAACAATT,2148
AATGACACGGATACAC,2147
ACACCTCAGTGATCCG,2147
GAGATCGCTTGGTCAA,2147
TTCGAGGCCTTATACT,2147
AACCGCGATAGGTGAG,2146
ACACACGAAAAGACCC,2146
ATACGTGGCAAATAAA,2146
CAAAGAATATAACAAC,2146
CACATCGGGCCTAAAC,2146
GTTACAATTACGCAGA,2146
TAAGTCTGATACAACA,2146
TGACTGGGTGATAGGT,2146
TGTAGCAATAGAATCT,2146
AGTACGAGATAACTCT,2145
CAATAACTCACATTTT,2145
CTTGAAGGTGCATATA,2145
GTTCCCAAAAGACAAC,2145
TATTACTACTGTACGC,2145
TTATACACCTACCATA,2145
AAAAAAGGATGTACAT,2144
AAAAAATACATTATGC,2144
CATGAATCGGTCTCGT,2144
GAACAAATGACGCTTT,2144
GTAAATTACCCGCGAC,2144
TTTTCAACGAATAATA,2144
AATCAATATCCCAGTT,2143
CACCCCCGTCGCTGCT,2143
CTTTCTCGAGCTAGGA,2143
GAAACAAGGGTATATA,2143
GAACTATTATTAGTCC,2143
GCAATCACGAACCTTC,2143
GCGTGCCAGGCATAAC,2143
TAATTTTTAAATAATA,2143
TACTCGATAGAACGAA,2143
AAAATATCTTGAATGC,2142
AACATTAGAACAAGAT,2142
ACAGCTGAACTTCTGA,2142
AGCGGATGGCAAAATT,2142
AGGATACATACCCTTA,2142
ATACTCTAATTATGCA,2142
CCATGAATGCACAACG,2142
CTGAACGAAATACGAG,2142
CTTCTATTCGAAACCC,2142
GGCTATCCCTTTGCAT,2142
TTCACTAAAACATAGC,2142
AAATAAGTAAACTTAC,2141
AGAATGTCAAAAATCG,2141
TACATAGGTAGACGTG,2141
TGAAGCTAATAGGCAA,2141
TTAAAACCTATGTAAA,2141
AGGAGGGGGAGAGTCC,2140
AGGATACATGCCCCGA,2140
AGGTTTATGTGCTTTT,2140
CAAGTTACACACTATA,2140
CGTTCATTTGGTAGAA,2140
GATAGATTTAATTTGC,2140
GATATGTAACTATATA,2140
GCCTTACAAACCGTAC,2140
GCGAGCGAGTCCCAGT,2140
TAACATACATTAAGTT,2140
TACTACGAATAGATTT,2140
AACTCACAGATCATGC,2139
ACGAACTTTATTGCCC,2139
AGATTCCACAGATACC,2139
CGAGACCAACGAAACA,2139
GCAAATAAACTAATAT,2139
TATTATCTGTAGGTGA,2139
AACTAAGGTTCTTACA,2138
CAGTGTTTACTGGAGT,2138
CCAACGTCGACACACT,2138
CGATATACCGAGAACA,2138
GATGCATACATACATC,2138
GCACTATACATCTACG,2138
TAACCGAACATCCCAA,2138
TCCGGAAACATTTACT,2138
TCGGCGTTCGCAGGAC,2138
TCTCAACATTGCATTA,2138
TTCTACACCGAGCAGA,2138
AGACCGTAGGGTTCAG,2137
AGCTTACCCCCCACAT,2137
GAGGCCCCTACCCTGA,2137
ATGGCGGGTAAATGGT,2136
CACGCGAATATTGCTG,2136
CCTATTTCTGTTCAAC,2136
CTGTAAATTGCAAACC,2136
CTTCAAACAACCGAAA,2136
GATCACCCCCCTTCTC,2136
GTGGGACAGGAGTTTT,2136
TGTACCGAAGCGCAAT,2136
AAATATCGAGTCGTAT,2135
AACTGACATCACTTAA,2135
ATCTCAAATCGTACCG,2135
ATGCGTGCTAAGGACC,2135
ATTCCTTTGGTTTAAG,2135
ATTGAATACCAGCGAA,2135
CAGACGAATACTAATA,2135
GACTATCTGTTCAACC,2135
GTCTAGTACTGGTATG,2135
TCTTTATGAAATTGTC,2135
TGTTTATATACGACAC,2135
AAAAAACGGCAATGTT,2134
AGGAAGGAAAAACTTA,2134
ATATATTTCCAAGAAC,2134
ATTTTGAAACGCTAGC,2134
GAAGTCCGAGGTAAGT,2134
GACACAGTCAATCATT,2134
TATTGCACAGGCTTGC,2134
TCCTTTGTTTAGAATC,2134
AACAAAAGAATCCTTC,2133
ACAATCCACAAGCAAC,2133
CAATGGAACATATAAT,2133
GACATACCAGAAATAT,2133
TACAAAGTTATTCTAA,2133
AAAATATATTGTCGAC,2132
ATAAGCCCAGAATAAA,2132
ATGAGACACGCAACTT,2132
ATGGTTAATGTGACGG,2132
CAGTATATCACTAATT,2132
CCAAATAAATGCTCTA,2132
CCAACAGTATAACAAC,2132
CTAAATATGGGCCTCT,2132
GAGCGCTGCTGCGAGC,2132
GAGCGGAATTCGACAA,2132
GGGGTCCTTACGAAAT,2132
TGATGTGCACAATGCA,2132
TGCTAGACTTATTTAT,2132
TTGAAAGCCTCCGAAC,2132
AAAATATATGGTACAA,2131
ACAGATATGACCAGGA,2131
ACAGCGTCTTTTTGCT,2131
CAAGCATCGCATGACT,2131
CCATATAAATTAACCA,2131
CGTCAGCACACCATAC,2131
CGTGATCCGTCCATTA,2131
GAGCCGTAACGAAACT,2131
GAGCTACGAAGGTCTA,2131
GTAACAGAGCAGACAT,2131
TAACATCGAAATCATT,2131
TTCCTCAGTAACGATG,2131
AAAACAGACACAACAA,2130
AGCCGATATGCCATCG,2130
ATAGCTAATCAGCCAC,2130
CCACGTCTTAACTCCG,2130
GACGGCCCGGAATGTC,2130
GCAGACCGGCCCCTGT,2130
GCTACCAGAACCAGAA,2130
TACAATGTTGGTAGAC,2130
TCACACTACAGCATAA,2130
AAACAATATTATTAGA,2129
AAATTTACTTATCTGA,2129
AACCTACCGCTATTGT,2129
ACAGATAACTACGCGA,2129
ACCTTACTCTCATAGG,2129
CAGACCCGAATCCGTA,2129
GATTTGAATCTTGCCA,2129
GCTCCTACTTTATGGA,2129
TAGATATACAATGATA,2129
TTAACACCCAGTAGCA,2129
ACAACACGGCAAAATC,2128
AGAGATACCAGTAATC,2128
AGCCAAATTATAACAC,2128
AGCTCAAAACGGTGAT,2128
GACGAAATATTATTTG,2128
GACTCGAAGAGACTCA,2128
GGGCTTAGCGCGAATA,2128
TATTGTCCTGCCATTG,2128
TCCCTAAGCGCAAAAG,2128
TGAAACCATCTACAAA,2128
AACTAACCGGGAGTTT,2127
ACAATCGTGATCGAAG,2127
ACTGAACACCCATCTC,2127
AGGGTACGGCAGAAAG,2127
CATTCCAGAACCGTGA,2127
CTATTACATAGTTCCA,2127
GAAACGAAGCGACGGC,2127
GTTTATACAGCAACAA,2127
TAACTTGAACAAAAAA,2127
ACACCATATAACGCGT,2126
ACATACCATGTCATGA,2126
ACCGTATATTAGAACT,2126
AGAGTTAGTTTAAATA,2126
ATCAAGAACATCTCTA,2126
CAAATACCGGACTTCT,2126
GACGTCGTCCAATATT,2126
TTAATAGATTCATGAC,2126
AAAAGCGGAACTATGG,2125
AAAGCAGGTAGTGTTT,2125
AACGATAACGATGAAG,2125
ACACTTATTGCGAGTG,2125
ACCGCACATCCCTCAC,2125
ATTTTAATAATTCAAG,2125
CGTGCACATCTAAATA,2125
GCCACCTTGTCATCCC,2125
GCGCCTCGGAAAACAC,2125
GTAGAGTTATAACGCC,2125
GTGAAGATTTACGCAA,2125
TCGCACAGCCAAAGGG,2125
AAACTTGCATAAAAGC,2124
AAATGCATATTAGAAT,2124
AGGTAAAAGCACAAAA,2124
CGCCTATGATGCAGGC,2124
GCAAAGCCGACAACCC,2124
TAATAGAATTTGGTTG,2124
TAATCGCTACAACTCA,2124
TAATGTAAACAAGTGA,2124
TCTCCTAAGAAAGGCC,2124
TGGCGCTGATTTAAAA,2124
TTTAGCCCCCACACTT,2124
AAGTACAACTCATACT,2123
ACGTTGAATCCGTAAA,2123
CAAGGGTTTGGTAGAT,2123
CACTGTGATTCGAAAA,2123
GACACGTCGATCACCC,2123
AAAAAGGCATTTGCCT,2122
ACGAACTTGGCAGTGC,2122
CCCAGCATGTAATGAT,2122
GCGAAAACGGAATAAT,2122
TACGTACATGAAAAAA,2122
TCCGAAGTGGCGTACG,2122
TGTATTGAATCATTCG,2122
TTTCTCGAGAAGTGTT,2122
GATTTATAATCAATAG,2121
GTAAAAATGATTCGAC,2121
TAAAGCTTCTGAGAAA,2121
AAGCAGTATGCCATCT,2120
AATGTCCGTTCGAGCA,2120
ACAGTCGGTGGGTGCT,2120
ACTAGAGTCAATATTA,2120
CAACTTCCCACTAAAC,2120
CACTTCTAAATACGCG,2120
CCAAAAACGGTAAAAC,2120
CGACTTGGAATCCAAG,2120
TAATCTAGTCTTACTA,2120
TTTGTACCAGTGGCTT,2120
ATGAATGAAGAATCGC,2119
ATGTCATCACTTATTC,2119
CCGGATTCCAGTCTGT,2119
GACAACCTAATAAGAG,2119
TTTCTGCGTAATCAAT,2119
AAACTTAAAAGTTCAA,2118
AAGCAATACCCTTCAT,2118
AGAAACAGAGCGACCA,2118
ATTGATCCATAGTAAA,2118
CACTGGGAACAAAGTG,2118
CTAGAAAATACTCACA,2118
GGAAATAAGACAGATG,2118
GGATATTGTCGAAGCA,2118
TAAAGGTGAGAGATTG,2118
TCCACTGATGAGGAGA,2118
TCTGGATGAACCATTG,2118
TGCCACTGTTTAGTCA,2118
AAGTCGGACTTCATTA,2117
CAATTAATGAGTCACA,2117
CACACTGATGACCTCG,2117
GGGCGTCGACATCCAG,2117
TAACCATAATTACAGA,2117
TACTAATGACAAACAA,2117
TTAATGATAAGGTGGA,2117
TTTAGTATATAAATGC,2117
AACTTCTAGAGACCCA,2116
ACCCCAAGAGAACCAG,2116
CAAATGTACATTTCAT,2116
CAGCTGCCAAAAAATA,2116
CGATGACCCTTATTAT,2116
GAAACAGACTTTATAA,2116
GTAACTCATGTTGGCT,2116
AGACGTGATGTAAATT,2115
GCAACGGGCGACATTA,2115
GCCGATCGCTGCACTA,2115
TCATCAAAGCAAATAT,2115
AAAACAAAAGTCAAAC,2114
ACGCAATGTCGACAGA,2114
ATGATGATTATTGAAA,2114
CGATGAATCGAAAACT,2114
GAGATCCTAAGAGACA,2114
GATAGTCACTACTTAT,2114
GTTTCTTAACCAAAGT,2114
TAGGTGAAACAATAGA,2114
TCCTCCGGAGTCCAGA,2114
TGTCCAGAAACAACAC,2114
ACCATGAACTACCAGA,2113
ATAAACAAACGGTTAC,2113
GATATATTATCCAATC,2113
GTAAACACTACCATGC,2113
AACACATTATAAAGCA,2112
AACGCTCTAAGTCCCT,2112
AAGTAAGCACATTAAT,2112
ACGATAAGCGCAGTGA,2112
AGCGAAAACGGACTCC,2112
AGTTATAGGGGGACGT,2112
CTTAGTGGGAACACAA,2112
GAGTTTGCTGTGTAAC,2112
GTAAAACAAACAGCCA,2112
TACCCGTTATTCCAGC,2112
AAAAGCACTAAAAAAG,2111
ACCGATATTCCCTGTT,2111
AGGCAACGTAAATCAT,2111
AGTATAAAATCTTAAA,2111
CAGCTTATAACAACTG,2111
CTAACAAACCGCAGTA,2111
TTTAAAGTAATATCAC,2111
AAACTACTTATATTAG,2110
ATACCTAAAAACACGG,2110
CACTACATATGTCGTA,2110
CATAGACATATTAATT,2110
GAAAGGTGACCGAATA,2110
GGATGACATATTAGTA,2110
TAACTGAAAAGTATGC,2110
TGACCAAAAAAGAATG,2110
AAGAAAGCAAATCATA,2109
AGATCAAAATCCGAAT,2109
ATACGGAATTTTGACC,2109
CTCACTATAGTAATGC,2109
GGCCACAACATGCAAA,2109
TAAGTTCCGTTAAATA,2109
TGCTAATCGGGACCCA,2109
TGTAACCTCATGACTA,2109
TTGCCGATTAGGGCCA,2109
TTTCGCCGTCCTTATC,2109
ACAGGAGAAAAATACT,2108
AGAGGTACGGGTACAT,2108
ATGGGTCCGGTATTGA,2108
ATTAACCGACTATCAG,2108
GAATGCCCCACACTGA,2108
ACCGGTACAAGTAATG,2107
ACGCAAGCTCTTAATA,2107
AGAACTGATCATCCTG,2107
ATAGTCCTTGTATTGG,2107
CACAAACAGTTTCCAC,2107
CCCATCCGAGCCCCTA,2107
CTGTACTGGACGCAGA,2107
GCTACGTAATTAATCG,2107
GGATACCTCGAGATGT,2107
TGCATAGACGCGACCG,2107
TTCTTCCAAGGAGGTT,2107
ACAAACATTCATAATT,2106
AGCAATTAAGAGCTAA,2106
ATTAGTTTACAAGCAC,2106
CAATTAAATAGCTGAC,2106
CCTTTATTGTTAAATC,2106
CGCCCCAAAAAGGTGG,2106
GCAGGAGTCCATTATG,2106
GTAAAAACACCCCCGT,2106
TGATCGAATATCACTC,2106
AAATTGACTTGCAAGA,2105
AATGGCGCGCTTATCC,2105
GGTGGAATAGGACATA,2105
GTGTTTGACAACAAAG,2105
TACAAATTTGAGATTG,2105
TCGATATTAAAAAGGG,2105
TGCAATCTGTAACCAA,2105
TTAAGGGAAACCTCGA,2105
TTACCGCTTAGGTTAA,2105
AAACCGACACCCCACC,2104
ATCTGGGCAAGGTAGT,2104
ATTGATCAGAAAGCTG,2104
ATTTTCAGTGACGAAC,2104
CCAGAAGCCACGATGC,2104
CGCTCGCAGACTACCA,2104
CTCAAAATGACCATGC,2104
CTGGATCATCGCACTT,2104
GGTGATTCAACCGAAT,2104
GTGACACCCATATAAA,2104
GTGATCAAAATCACTG,2104
TAAGACTTCCACCGAT,2104
AAAATAAGCAAGTGTA,2103
AACTATGACGAACTAT,2103
AGAGACCTAAACGCGA,2103
AGCTAAATTACATTCA,2103
ATAAGCTCACCAGGTA,2103
ATATAGATAACCCAAA,2103
CATCAAGAAATTAGCG,2103
CTAAAGAGAAAACACG,2103
GACATCAACATCTAAC,2103
GACATCTGAACAAAGG,2103
GACCAATGAAATAAAC,2103
TAAATTACTCTGTTAT,2103
TATCAGACTACCAACG,2103
AACAAACCCTCCATAT,2102
AAGAATTCCCCAAAGC,2102
AGCCATAGCTGAATGC,2102
ATGATGCCGTAAAGTA,2102
CCGTAATTCACGAAGC,2102
CGAATACAGCGAATCC,2102
CTCAGTCTCTCTGACA,2102
CTTATTACTTATGCAA,2102
GCACTTCGTGAAACCC,2102
TATCAAATGAAAGGCG,2102
TATTCATAGTATCAAC,2102
TTTAATTTAAACATGG,2102
AAATGGCTAGAGACTG,2101
ATTTGAGGCTGCCGGG,2101
CATATACCACTGTAAC,2101
CATCAAAGACCAATTG,2101
CCTCCATTATATACCA,2101
CCTGCAGCAATTAACC,2101
CGAAGATTCACACATA,2101
CTCTAGTCATTGCCAC,2101
CTGGACCCACAATTTA,2101
GACAACCGCTTCAATA,2101
GTAACAGTTATTTCGA,2101
TAGATAGAAATAAGTA,2101
TGGGAATGATACGTCC,2101
TTCATCCAAAATTGTA,2101
CAAGGGCTAATTACTA,2100
CACATAACATGAAAAA,2100
CCTTTGATACCTGTCA,2100
GCATATATATATTCTT,2100
GTTTACCGAGTATTGA,2100
TGATAGAAATTCCACC,2100
TGCCTCCAAAGGAATT,2100
TTACAATCAAGGAATA,2100
ACATTAAATCGAGAAA,2099
ACCATAACTGACAAGA,2099
AGAAATAAAATCTAAT,2099
AGGAATTCACCCCAAA,2099
AGGTGACTGTAAACAA,2099
ATCGAGCATAATGAAT,2099
CCGGCTCTTGATGTAC,2099
GCGTTAGTAGCAGTAG,2099
GTACTATAGGTACTGA,2099
TATAAAGTTTAACTGT,2099
TCCTAACATTATAATT,2099
TGACGATCCTAGCAGA,2099
TTACATATATAAGTTG,2099
AAGCCATTCAAATAAC,2098
CAAAATGTACGTGTCT,2098
CAGAGGTTAGAGGAAC,2098
CCAATCCTAACTATAG,2098
CGCTAATGAAATACAT,2098
CTCATGTAAGACTAAA,2098
GCACTGCAGTCCATTC,2098
TAACATGCAGCGTTCG,2098
TTGCGCGATCCTTAGT,2098
AACGGAATATCCATAT,2097
AAGAGAAAGGAACTAA,2097
ATATCCAGGATTGAAT,2097
ATTTAATCCTAAGGAA,2097
CCTGAACGTGTTAACA,2097
CGATAAGCACGTAGTA,2097
CGTAAACCTAAATCTT,2097
GCACCGACAAGGAGTA,2097
GCCCCGGAACGCAGCC,2097
GGCAGTAGTGACAAAA,2097
TTGAGAACAATTGATA,2097
AAAAAAACTCAATGTT,2096
AAATAATTCCGCAAAC,2096
AACAAAAGTCTTAGGC,2096
ACAAGAATACCATGCT,2096
ATCCTATTGAGTGCAA,2096
ATTACAGATTATACAA,2096
ATTTAGTAAATAACCC,2096
CATCGTATTAGCACTC,2096
CCTGCTATGGCTTTCT,2096
GGTAGCAATGTCATTG,2096
TACCACAGACCTAAAA,2096
TAGGTTCAACATACAA,2096
TGACAACGTGACCCGG,2096
TTAAGTCTTCTACATG,2096
TTATTCCTAGCACAAA,2096
ACTATTTGCCTAAGTA,2095
AGACTCTTAGATTATT,2095
AGGTTATCTGTAGTAT,2095
ATAATTTATACCGGAC,2095
ATGCTCATGCCCCATC,2095
CGATATCAAATGTGCA,2095
GAACCCAAGTTTGGAC,2095
GACAAATATAAATACA,2095
GTTGGCTTTTAAGGCT,2095
TCCCAATGTCAGCAAA,2095
AATAAAAGAGATCAAG,2094
ACCTATTCCAATTGTT,2094
CATTATGCATAGAGAG,2094
CTCATTCGACTGCAAC,2094
CTTTCACTGTGCTGGC,2094
TATTCACTAAGCTCTA,2094
TCTTCGGGCTAAGCGG,2094
TGAATTTACATTTAAA,2094
TGCTGCATTATGTCAG,2094
ATCGGAATACTGTACC,2093
ATTAGCCCAAGATTGT,2093
CCTGCAATCTGCTCCG,2093
GAATTACGACCATCTA,2093
GCAGACCATGGCTAAA,2093
GGGCAATCCTCCATGC,2093
GTATAACGCTCCATTT,2093
GTTCGAGATAACATCA,2093
TACCTACTAAACCCTA,2093
TGAACTATCAACAAGG,2093
TTAATCGGGAGACCTT,2093
AACTCATGTATTCGCG,2092
AAGTCAGGGCATTCGA,2092
AATCTCATCGCAAAAA,2092
ACTAATGAAACACTTC,2092
CACCGTATTGGGCGAT,2092
CCAGGGTGCATCGAAG,2092
GCGTCCACAATTCAAT,2092
GGCCCAAAGGAATGTA,2092
TAATGTTCGTTACCAA,2092
TATACAAAACTAAAGG,2092
TATTCGTATACATTCT,2092
TCATACAGAAAACTCG,2092
TTATACTACCTAAAAA,2092
TTTAAAAAAGTCCCAA,2092
ATGGGCCACTATAGGA,2091
ATTACTTTATACTAGA,2091
CCCCAAATAGTCTCGG,2091
GAGGACTCACGCCAAA,2091
GATTCGAGCTCGCATT,2091
GCTACTAACTAATAAT,2091
GTACCGATCTCAAGCG,2091
TCTATGCATCCCTCGA,2091
TGACCTCTCCTACCAA,2091
TTGAGTTATCTAGTAG,2091
AACAAATAAAAAAATC,2090
ACAAGAAACTCTGAAA,2090
ACTTAATGTTACCATA,2090
ACTTCCAAGCCGAAGC,2090
AGACTGAGGTATCTTT,2090
CAAATTGGCAATACCC,2090
CCTCGAACCCAATTTC,2090
CTCACTCCTTATAATA,2090
GCACGGTTTTCAAGTT,2090
TAAAATTACCGCTAAC,2090
TTAGTGAGGCGCATAG,2090
ACAGACGACCTAACTC,2089
ACTCAACCTTAAACGT,2089
CACGAGTATCTGATAC,2089
CAGATTACGAAATAAC,2089
CCCAACGTTAAGCCGG,2089
GGATATCGATTTGATT,2089
TCAATAAGATAACTGT,2089
AACCAATGAGAGCCGT,2088
AACCCATGGAACCGGA,2088
ACTCGTAACATAAACC,2088
ATTACCTACTGTATCA,2088
ATTATAACACTAAGAC,2088
GACCAATCGATCTCAT,2088
ATAATTCCAAAAAAAT,2087
ATTGTCGGATACCTAA,2087
CATGAAGAATGACGAA,2087
CCTAGCGATGAAATAT,2087
CTTAACTAGTAAAACT,2087
TACGACTTCCGCACAA,2087
TTATCGCCAAAATCTT,2087
ATAGGGCACTATAAAT,2086
CAAGTATAAGTATCCC,2086
CGTGACCATTAGCGCT,2086
GGACAGATAAACTTTA,2086
CAAGGCGAGCCAAAAA,2085
CGGAAATAAATCTGAT,2085
CTCTCCCGATTGAAAT,2085
GAAACAACCAGTTGAG,2085
GCAAAATCACGACAGT,2085
GCATATTACAATAATA,2085
TAAAAGAATTATGACT,2085
AAAACAAATTTAGACC,2084
ACCCCCCAAACTAGTG,2084
AGCCCAAGTGTTGGTA,2084
ATGAAAATGAAAACAC,2084
CGACGCTCCCAAATTC,2084
CTCGCAATAGTAAACC,2084
CTTAAAGCTTCAAATC,2084
CTTCAAACTATTAAAG,2084
GAACTAAGGTAGCCCC,2084
GGAATCGAAGCTAAAC,2084
TGCGGCAACTCGGGTG,2084
TTGCTAAGGTAAACAC,2084
AATTGCCAACTCTCAA,2083
CATTATATAATATGTC,2083
GACACATTCCACCAAA,2083
AACGTCCCAGAATCCA,2082
AGAACAATGGATGATG,2082
AGAATTGGCGAAAAGG,2082
ATAGAAAGTTTGCGAT,2082
CAATACTGCCTTTTCA,2082
CAGCCTCTTTCAGAAT,2082
CGCCGATCTACAAATT,2082
GGAGGTATGATAATCA,2082
TCAACTCTGGCTTCAT,2082
TGGCTAATCAAGTATT,2082
TTTGTGATTTACCAAA,2082
AGAACACTGTCAAGAT,2081
AGCGATATACCCTCAA,2081
AGCTAATATTTCATAG,2081
GAATCGTCTTGAAAAT,2081
GAGACTAGACCCTGAA,2081
GCAAAAAAACCGGCGC,2081
GCTAAGAAATACAATC,2081
TAAGATCAACCGCAAC,2081
TATGCTACTCATGTAG,2081
TTATGTCTGGGTTGTC,2081
AAAGCACGCATATCAA,2080
AAATGCGAAGAATAGT,2080
AACCAGAAATAATCAA,2080
AATGTGATTGTCATGC,2080
CCTAATAACTATGAAA,2080
CGATGAAGACTAACGG,2080
CTAACATCTTCCTAAT,2080
GAACTTCGATGGGAAA,2080
GTTCGAAAGCCAGGGT,2080
TGGGTTGTTTTCACAT,2080
TTCTTATGCACACAGC,2080
AATCATCGACGAATTA,2079
AGATGCTAAACTGAAA,2079
CAAAAGGAATTAGAAT,2079
CAATCTGCTAGCAAGC,2079
GAATCGATAAGCAACT,2079
GGAAAGCCCTACCTCA,2079
TTTAAAGGGAATCGGG,2079
AACGACTAAACAACTG,2078
AGTCACATGTGCTCTG,2078
CAAACATGCATCTTTA,2078
CAACCCGGACCTGGAG,2078
GACGGCTTACGGGAGT,2078
GATCATTACAGAAAAA,2078
GGGCAATATATTGACT,2078
GTTCCGTGGTAAAAAT,2078
TAACTATTCCTTCGGC,2078
TAATGTTCTTGATCCT,2078
AATGGTATCTATAAAA,2077
CCCGACGCCAAACGTG,2077
CCCGCCCCCAAACCTA,2077
GCAATGGCAGTCGACA,2077
TGAAGGAGTGCTAAGG,2077
AAGTGTTTGCCCGACA,2076
ACATACAGAATCATTA,2076
CATAAGATGAAAAAAG,2076
CCCCTGAGGCTAAAGG,2076
CTAAAGTACGTTATTC,2076
GAATCTATCTGCCTCC,2076
GCCGCAATACTGACTG,2076
TACTAATTTAAAAGTA,2076
AACTAAAGCATCACAA,2075
AACTTAGACCGTCCTT,2075
ACAAGTAAATCCAGTA,2075
ACGAGTTAAGCATTCA,2075
AGAAAAGATCGCACCA,2075
ATTATTTGACTCCAAA,2075
GAAGGTGCTTATAGAG,2075
TAAAGACGACAAAACC,2075
AACCAAAACCCATTGT,2074
AACTTAATTAACACCA,2074
CAATTTGGAGCAGATA,2074
CCATAAATACTCAAAG,2074
CGATCTAATTACCGCA,2074
CTTTCCATTCATACCA,2074
GCGAACCAATCAATGC,2074
GGTGACCACCCGGGCC,2074
TGAAACGAAATAACAG,2074
TGAACGTAGAGCTACT,2074
TTTTAATACAGTCACA,2074
AACATTGACTTAATAC,2073
AACGATAATTCAGTGA,2073
AGTTGACCGAACACTC,2073
ATAAAAGTCCAACCAG,2073
GACTCATACCCGATAA,2073
TGTGGGTCAATACATT,2073
AGTCTAACCAGGTGAA,2072
CAACATAACATGGAAA,2072
CAGCCGCATACAACAA,2072
CCCGCAGCAATGCCAT,2072
CCTAAGATTCACACAA,2072
CCTACATGTACTCACA,2072
CTAAATCAAGTTCAGG,2072
CTTTGGTTTACCACGG,2072
TACATTGGGAGAAACA,2072
TTTATAGGAGTCGCCT,2072
AGATTATGCCTGAATA,2071
ATAAGAATGGAAGTGC,2071
ATACTTAGACAAGGAG,2071
ATAGTGACAATTCTTA,2071
ATGTGCTCACTCTCTC,2071
CAGCGTAGCACAGAAA,2071
GCCTTATTAGGATAGC,2071
GTTATCGAGGGAGACA,2071
TATCCGCCGCAGATAC,2071
TTGGAGACTAAGGAAC,2071
AATCTGACACAAGAGA,2070
AGTCCTGTTCGTTAAA,2070
ATACAGTAAGTGTTCA,2070
CAAAATCCCTTAGCCT,2070
CCGGCTCATGAGATTC,2070
CTACCTGCACGGCGGG,2070
CTATAATGATATCGAG,2070
CTCAGATTCTATTAAT,2070
TAAAAGTATTAAGAAA,2070
TAAATAAGATCAGTCT,2070
TAGCAAGAGTACAGGC,2070
TCCATCCCGGCAGTTA,2070
TGCAGAACTGCTAAAG,2070
AAAAATGAAATTCATC,2069
AAAAATGAGCGAGGTC,2069
AAACCTATGGAGTTAG,2069
AACGAACCTAAGATCA,2069
AATGGGATCTAAACTG,2069
ACACCACATACTAACT,2069
AGACCCACACACTACG,2069
CATCGACAGAGTTTAG,2069
CCTGTTTGTCTACCCA,2069
GATTCCAAATGATATA,2069
TGAGTATTAGCGAGAT,2069
TGCGCCCTCTCTTCGC,2069
TTAACGTAAAAAACAT,2069
TTGATGCATTATACAG,2069
AAAGTTAACGTAACAC,2068
AAGACTTACTCGCTTA,2068
AAGAGTAACAATCGAA,2068
ATTCGAAACACTTGCT,2068
CAAATTATTAGGGAGC,2068
CAGCGGCGACCTCGAT,2068
CTCTCGCTTCTACGAC,2068
TTAATACAGACTTTAT,2068
AACAATAAGGAAACAA,2067
AAGTCAGCTTGAGGAT,2067
ACATATCATCAACGAA,2067
AGCCACAGATGCGTTA,2067
AGTTCATATCTGCCAT,2067
CCAAAGTTACAAGCCA,2067
GTACCTTCTTATTTGT,2067
TAACTCGAGTTTAATG,2067
TAAGCCGGAGTCTCTC,2067
TTCTCTGGATTGGTTA,2067
AGATAAACGAGGAATA,2066
GATTAACCTATTACTG,2066
AGAACACACTACTGTA,2065
CGGTAACGAAACGTAA,2065
CTACAACAAGGGAACA,2065
GAACCAGATCCCAGTA,2065
GAGGGAAGACTCTACG,2065
TTTATAGTATACCTAG,2065
AAAACCGCTACTACCG,2064
ACCTGTAAATTAAGCC,2064
ACTCTATACATTTCTT,2064
AGAAATACATGTAGAC,2064
AGTTCTTAGTCGCATT,2064
ATCCGCAATAAGTCAT,2064
ATTGTGAGTTGACAAA,2064
ATTTCGTGAACCGAAT,2064
GTTAGATTGGTAACGT,2064
TACCACCTACAAAGTC,2064
AACGATGAGTAATTAA,2063
ACTGTCATCTACGCAG,2063
AGATCCCTAATATATA,2063
ATTGAATAGTTTAAGA,2063
ATTTAATATTACACGA,2063
CAAATTGTTGAGATTG,2063
CCCATAGATACCCCAA,2063
CTCTCATAACTAAATA,2063
GCATGAGCGCAAATGA,2063
TGACCCTGGGCAGATC,2063
TGACGTTATCCTAACT,2063
AACACATCGAAAAACT,2062
AACCCCCGAGCCAATA,2062
ACAATCGCCCAAGCTG,2062
CGATGCTGCGTAACCA,2062
CTATGACTACAACCAT,2062
GATTACAGACATGCAG,2062
GTTGCCACAAATTAAA,2062
TAAGTTCCACAGCACT,2062
ATACTAAAACTGAGCA,2061
ATTACCATATTAATGA,2061
GCAGCCCATCTTTTGA,2061
TCTTCAAGTGAAGTTC,2061
TGCCGAGACACGAACG,2061
ACAGTGGAGTTTGTAA,2060
CAGGACCTACGATTAG,2060
CATAAACACAGGTCTG,2060
CATAAATGATATTTAT,2060
CCATGCCATCGTTGAA,2060
CTATAGTGAACCTTTT,2060
CTCAGTTATGAACTGA,2060
TGGCTGCAATTTACGT,2060
TTCTGCTTAACTCCAT,2060
TTGCAATGCAGTTGAC,2060
ATCATGCTAATATATG,2059
ATGATCTATAATCCAT,2059
CATACTACGAGAGTAA,2059
GGTTACTAGAATTGAC,2059
GTCTTGATTCCAGGGT,2059
TATATGTGCTTGGGAT,2059
TTCCTGATATAACTTT,2059
AACCCTACTGTTCAAA,2058
AACTAAAGCCGAGCAC,2058
AGGGTAATATCGCTGC,2058
ATAAAAACTTATACCC,2058
CTCTTACTTCTTGCAA,2058
GGCAACCGAACCTTAG,2058
GGTATGCGATTATAGA,2058
TAAACATGAACACGAG,2058
TAACGGCATGAAAGCA,2058
TAGAAATCCAATACTC,2058
AACAACGGACTACGCA,2057
AACGTTGCATTTCAGT,2057
AAGACCGATACTCATC,2057
ACAAACCGGTAAAATT,2057
ACACAAAATGGCAGAA,2057
ACTTCATCATACAGCG,2057
AGAACTTTAATACCCC,2057
AGTTCACAACAGGGGC,2057
ATGTTGTGAAGTTAAC,2057
CCCCTAATCACCACCA,2057
CTAAAAATAAGGAAAT,2057
CTCAAACAAGGAGGTG,2057
TCCAAAATAACATCAT,2057
ACCTCGCCCACACAAC,2056
AGCATCCGATTCTATA,2056
ATTAAAAATAATCGGG,2056
CAAACAGTATCGTTCC,2056
CATTTGGAAGTGACAC,2056
CCGGGACTCCCCCATA,2056
CCTAACCACACTTCTG,2056
GAATAGAAGTTTTCAA,2056
GAGCACTTCTACCTCG,2056
GATACAATTTGAGAAT,2056
GCGTCGCGCCTAAATT,2056
TCCATACGCTTTATAA,2056
CACGGAGATACCTGAC,2055
CTCGAAGTCAAGTTAA,2055
CTTCAACGGTGAAGAA,2055
GCACATGCAATATACA,2055
TCATGATCGCAGAGAG,2055
TCCCTTTCATAGATTT,2055
AAAACAACAGGAATAG,2054
AGATACCCAATGCATA,2054
AGTATGCTAACGAATT,2054
ATACCAGACTATACCG,2054
ATGTACCTGGTAGACG,2054
CCCGAACAAAAGATAT,2054
GAATAGCTGAATAGGT,2054
TCACACAATAAGAGAT,2054
TGAAAAATGAAAACCT,2054
AAGGGTAACAAAAACT,2053
ATATTCGCTTTCACGA,2053
ATATTTCAGAACAGAC,2053
CCAAGATATACGCTTG,2053
CGATTTATCATTGAAT,2053
CGCCTAGACCAAATCC,2053
GAGCTGGATGTTTTTA,2053
GCAAGTGAACTATGAT,2053
GCTCCTGGCTCTAATA,2053
GTCTTCCGCCGTTCCA,2053
TATTTGTGTTGTTAAA,2053
AAGAATTCTGCAAACT,2052
CATTAAGAACTATAAT,2052
CCTAACTACTACTACA,2052
GCATTTAGAGTACCAA,2052
TGTGCGCCCTAGAAGA,2052
TTCTGTGCAACCGGAG,2052
AGAATTTAAATAATAA,2051
AGACACTGCATAAAGC,2051
CAGCCTTGAATAATTG,2051
GACGTTTTTGCATAAC,2051
GATGGATATTACGCTC,2051
GCAGCTCAAATTCTGA,2051
GCGGACTTTTGAACAC,2051
GTTTGATGATTACCAT,2051
TATCCTGCCAACTAAG,2051
TCTTGTCTTGAGTGAA,2051
AACTCCATGGTCAATA,2050
ACATCGAATATGAAGC,2050
AGTACAAGCGTAAGAT,2050
ATCACTTTTTAGCCCT,2050
CAAAGGAATATTCCAA,2050
CGTTCCTTAAGCTCAC,2050
CTGAATGAATATAGCT,2050
GCGATTCAGTAGGCAA,2050
TCAGTACGAAATACGA,2050
TTCTTCCACGTAGATT,2050
AGTACTAGTTTTTCTA,2049
ATAACGGTCTTACCCG,2049
CAAACGAGTCCCTTAC,2049
CTGTGTTTAATAAACA,2049
GTTTTATATAAAGGAT,2049
TATGCACCAGAGCTGA,2049
TGACATAACCGTAACT,2049
AACGACAGGATTAGCT,2048
ACTAGTTATAGTAAAG,2048
CCTCCACACAGAGCTC,2048
GTATCCAGCCATCCAC,2048
GTTTTCAAGAGCCACA,2048
TGTGACAATCGCGACG,2048
TGTGTAACTGAAGCCT,2048
AAACCACCAAAATTTA,2047
CGCCTTTTGGGAACCT,2047
GACTCACGACATCGTG,2047
GAGATAACTAAAGCTC,2047
TCTTAGCAAATCTTCA,2047
AAATATCATCTTCGAA,2046
ATATAACGATCATTAT,2046
GAAGAATTGTCTACGT,2046
GGCTGAAACGTTACAA,2046
TAACCTACAATATCAC,2046
TAAGCCGATTGAATAT,2046
TAGCTTTGATGTCTAC,2046
ACAAGCAATGCTGAAC,2045
ACAGTACCTGTGATAG,2045
CTCTGTGAGCCGCGAC,2045
GAAACTATCCTTTGGC,2045
GAAAGCGATCAATGAA,2045
TCGTAATTGTAAACCT,2045
AAGGCTTAACATAGAA,2044
AATATAAACTGGCGAA,2044
AATTGCGCAGTACTCC,2044
ATCGTCACCAATAATC,2044
CCTGATAGGGCATCAT,2044
GCTTGACGGTTATTCA,2044
GTGCGCCCGACTAGCA,2044
TAACGACCATAAAATC,2044
TATGTTCACGAATCGC,2044
AAACATGCGATCACTA,2043
ACTCGCACCTTAACAC,2043
ATGCTTTTCTTCTTCG,2043
CAACCTGAGTTTAGCA,2043
CCGGCAATCTCGGTAA,2043
CTAAACAGTACCAATC,2043
GATATCCTTATGCCCG,2043
GCTTTCATCAATTCCA,2043
TCTTAACCAACCTAGT,2043
TTACACGTATTTATCC,2043
AAAGCGTTTAAAAAGA,2042
AATCTTGGGCCGGCCA,2042
AGCTATGTGATACATA,2042
AGGCACATAATATATA,2042
ATTATGTGCAGCGGCC,2042
CTTAAGAATCAACTCT,2042
GCGGTAAGTAGGCTTA,2042
GTGTTGTGTCGCGGTA,2042
GTTAAAATGACCGTTA,2042
TAACATTCAGATCTGA,2042
TATTATCTGTATAAAC,2042
TCCATCTTACACGTCA,2042
AATCCTTGGAGGCCAA,2041
ATATACACATGATGTC,2041
CTGATTCATCTTAATA,2041
CTTAACGAACTCAATT,2041
CTTTAAATATATAATA,2041
TAATCGGAAAACGAAA,2041
TTAAATTACCTCAATC,2041
AAACTCGATCTATAGA,2040
ATAGCCACACTGACTT,2040
CAAGCACTCTCGATAT,2040
CTAAAAGATAAAAATT,2040
CTTACCACATAAAGTC,2040
GATCCAAGAATGCAAA,2040
GATCCACTTAGTAACG,2040
GCAAAATATCTTAACC,2040
GCGTAATAGACCGGAC,2040
TCCGGTGTTACGGTCC,2040
TGCGACGCTCGGCGTT,2040
ACATTTGAAATAATAA,2039
AGGTTCAAGGAGGCGC,2039
ATAACACATATCGTGA,2039
ATGTAAACGCAGAACG,2039
CAACTCGTGGAATCTA,2039
CACGCAATCAGCGAAC,2039
CATTAGAAATACATTC,2039
GATTTGTATAACACCC,2039
GTGAGAACTTATGCTA,2039
TGCAACAGGTATCGCT,2039
TGTAAGATACCCCTAA,2039
ACTTTCGCGAATGATA,2038
CATAACGCAACCGTAA,2038
GACCAAGCGGCCAACT,2038
TAAATCACAAGCACAT,2038
TACAACCTATCATTTC,2038
TGATTACAAGACTTGC,2038
AACTAAAACAACCGAA,2037
AATTAAGCTGCACCCC,2037
ACCCCAATTTTTGTTT,2037
ATTGAATATAGTTGGG,2037
CAAGCCGCGGAACCCA,2037
CAATAATAAAGTAAAA,2037
CACCCAAGAGCGTCAA,2037
CCACACGAGCACAAGG,2037
CCCCCCTTACAGTCAT,2037
CTAGGTCAATAATAAT,2037
CTATTTCAGGTAAACC,2037
CTGGTATCAATAGACA,2037
GATTAACTACAATACT,2037
GATTCGATTGAATAGG,2037
GGGAACTACGCGCTAG,2037
GTAGTACCACCGTTAC,2037
TACGTGATCCTATATT,2037
TATGACAAGTAGTGGT,2037
TCGAAACACCAATAAA,2037
TCTTAAGGTATAAAAA,2037
TTTGGCCTAGCAGTGT,2037
AGACGCTGGCTACTCG,2036
CAACAATCTCACGAAA,2036
CACCCCGTAATAGAGA,2036
CATTCGCCATTAAAAA,2036
CCCGATCTAGTCACGG,2036
CCGACTGTGCGGCGAC,2036
CCTATACACCCTAATA,2036
CTGTTTTAACTGACTG,2036
GAACCGCTCCGATTAC,2036
GTGCTCTCCAATAAGC,2036
TAATGCCTTACACCCT,2036
TATAGGAAGAAACCCT,2036
TCACAAAAATGACATG,2036
TTCAGAGATGACAGAT,2036
AAAGGCAGACCATGAC,2035
AAATCTGAAGTGTAAT,2035
AATCTGACACTTTACT,2035
CATTGAACGAACGTAA,2035
CCAGGTGTACCGGATA,2035
GACATATCTAATAACG,2035
GATTAAACTTTTAACC,2035
GCACTAAAGAACCATA,2035
GGAACTCGATCGATTT,2035
TTATTGGACTGACACC,2035
AAAGAAAGTTGTCCCA,2034
ACCGTACGGCCTCGAC,2034
AGTCAACCCAATTGCG,2034
ATTACAAACAGACCAT,2034
CTATAGTACTCGGAAC,2034
TATATATAAATCCACC,2034
TTACCAAAAGCCTTCT,2034
AAATAATACAAAACCC,2033
AATTTATACTGACCCC,2033
AGGTCACTTAGAACCT,2033
ATAGGGGAACGGTAAA,2033
CAATGAGACACAAGTA,2033
CTAACAGTGTTTTTAA,2033
GCAGTTGCTAATGATG,2033
TAAAGAACAAGACAAG,2033
TTCAAGACGGGAAAAC,2033
AAAGAACAACTGACGC,2032
AAAGCTAAGCAAATAT,2032
AACACTTCGAGAAACA,2032
ACTAAAGGTACTGATA,2032
ATAACGTTGTCACCCA,2032
ATGCTATGCGTTAGAT,2032
CACGAGATCATGCATT,2032
CGTACAAAACAAAACC,2032
GAATACGAAATAATCC,2032
GAGCTGTCCTCCGTAG,2032
GATATGAAGTTTTCTT,2032
GCACTAGACGACGGTA,2032
AGACGGATGAAAACAT,2031
ATTTCCCTAACATCAA,2031
CATATCGAGCACGCAG,2031
CATTTGCGTGAGAACT,2031
GAGAGGGGAGAACTAA,2031
GATTATATGTAGCAAC,2031
GCGCACGCATCCTAAG,2031
GTATAAGAAAAAATAA,2031
GTTAAATTAGCAAAAA,2031
TGCGACGAGTACAATA,2031
TGTCACCCATTGTGGA,2031
TTAGTAAAATGGGAGA,2031
AAATGGTTTTACGAAA,2030
ACCGTAAGGTGGAACT,2030
ACCTACGGATATGGTT,2030
AGCATAGCACTTGTAA,2030
ATTGCATCATTTAAAG,2030
CAAGTTTGTACGAGGG,2030
CACAAAGGCTACTTAT,2030
CATTAGACCCGCTAAG,2030
CTACAGCTAGATTCGC,2030
GAAGGAGGGAAATATT,2030
GCATAAAATATTTGCG,2030
GTATCTAGGTTAACCC,2030
TTTCATCGTAGTTGAA,2030
AAGGATTTTTGCCGTA,2029
CAACCGGCAAATAGCA,2029
CAATAATCTCACCGCT,2029
GAGGCTTGTCCAAGAC,2029
GGACTGATGGTGAGGG,2029
GGAGAAATTAAAAGGT,2029
GGCAAGAGCAGAACAG,2029
TCATTCTATGTTGGCT,2029
ACTTCAACTCGGCACT,2028
AGGCACAAAAGATCTC,2028
ATCACACACAATACAT,2028
CAAAAATCATAGAAAT,2028
CGTCATTCCCCATATG,2028
GCATCCATTATGCCGA,2028
GCCTAGAAGCCCTCCC,2028
GTGAAGTACCCAGCGA,2028
GTGCGTAAGGGTGACC,2028
TAAATCTTCTACATCT,2028
TGCAGCAAGACATCCC,2028
TTCAGCAGCAAAACAC,2028
AAATCGTAGATGCATG,2027
ACTACCGCGCCCCGTT,2027
GGAACGAACGTGTCAA,2027
TTGAAGCAATCTCGAG,2027
ACCCGCGTCTCACCTA,2026
ATATTTCAAATTATTC,2026
ATCCCTAGACACATCC,2026
CTAAACACTTGGCGAG,2026
GAAAAAATCCAAAGTA,2026
GAAGATCATGTACTGA,2026
GTAGTGAACCACCCCA,2026
GTCTCCATGGCTAAAA,2026
TCGGGGAGGTTTCCCA,2026
AAATGATTAGAAACAG,2025
AGAGGTACTAAACTCG,2025
CCGATCTAAAATCCCC,2025
CTAAAATGTGGTCTAC,2025
GATATATCCCGCTGAA,2025
GCCTGACGCTGCTTTA,2025
GCTAAAACCCGATCTA,2025
GCTGCCGTAAAATGAG,2025
GTGTCCCGTTCAAGCT,2025
TAAGAGTCATGGTCAA,2025
TGCGACACGTGTATCA,2025
AAAACAATACTTACAA,2024
AACTTCCACCGTTTAA,2024
ACACACAAAATTGGAA,2024
ATTTCTATACTAAAGA,2024
CCAACGAAGAGAACAA,2024
CCTAGACCTCACAACT,2024
CCTTTACAAACGTCAC,2024
CGTAAACAATGCGAGT,2024
CGTGGTGAAGTTGGTG,2024
GAAAATATCCAACTAT,2024
GATGCGATTGTGTCAT,2024
GGAGAACATTAAAAAT,2024
TAATATAAGATTAATA,2024
TTAGTACACTAGACAA,2024
AAAGGGCAACTACCTG,2023
AACTCCACCTCTCGCT,2023
AAGAACTATTATGTAT,2023
CCATGCTCGCTTTTCT,2023
CCGGAAAATGGTAAAA,2023
GAGTTCCCAAAACATA,2023
GATGAAAGTCTAAATA,2023
TTACACACCTACATCT,2023
AACCAATCGAGACGGT,2022
AACGCCGAAGTATACC,2022
CGACTTATAATTTTTA,2022
GGGGGGACTAGCATTT,2022
GTATAATTTATAAACA,2022
TATTCAGTCATTCGAA,2022
TTACCGCTTAAGTTCA,2022
TTGATAACGGCAAGCA,2022
AACAACTGTGTTCAAT,2021
ACAACTATCGCAAACT,2021
ATTTTTCGCACTCAAG,2021
CAGCTGTCATTAGACA,2021
CTCCCAAAAAGCTAGT,2021
GCGCGCGTTGAGTAAG,2021
TAAAAACATACCTTTT,2021
TGAATCAATTAAACTG,2021
TTGAATCCAAGTGCCT,2021
AACACATTCAAAGTAA,2020
AACCCTAAAGGACACG,2020
AGAGAAGAGGGAGCAA,2020
ATAGATCATACGACAT,2020
ATCGTTGATATAAGTC,2020
GGTCACAAAAGGGCGG,2020
TAAAAACTATAAACCA,2020
TGTTCTTTAAGCGACA,2020
TTGAGAAACATGTTGA,2020
AAACTAAAATATAAAC,2019
AACTATCGAACTAACA,2019
ATAGGATAGACTACAC,2019
CATAGATCGCGGCCTT,2019
GGACGCAAATTTAGCT,2019
GGATGAATCAGTTGGA,2019
TAACATACGTAACATA,2019
TTAAATGAGAAGCAAA,2019
ACCTTCACAATATGAC,2018
ACGGTGTCCAATATTT,2018
ACTTCTCAATTAATAA,2018
AGTTTCTACGATACCT,2018
ATCACCGAGGGAACGT,2018
CCCACACGTAACCCCA,2018
CTAGTTAATAGTGTCA,2018
CTGCGGATAACTACGT,2018
GTCATTGCAACGATTA,2018
TATCTCATGGGTCACG,2018
TTTCTACCCGTTCCCC,2018
AAGTAGATGGAGCGCC,2017
ATTTCAAATGCTTAAA,2017
CACCTACCGGGGTACA,2017
CCACGTCCTATGTCGA,2017
CTGCACAAAATCCTTG,2017
GAAAAACAAAAAATAC,2017
TACCAAATCGTACTTA,2017
TACCTGACCACAAAAT,2017
TCTTCAAGCATAAAGA,2017
TTAGGACAAAAATAGT,2017
AATTGCGATATCAACT,2016
ATAAGTCATAGAAATA,2016
ATGCGACGTGGCACAA,2016
CAAAATATCACTTGAG,2016
CACTGGATCTCTGCCG,2016
CTACAGACACAAATAA,2016
GACTTCCTCGCCGCTT,2016
GATGATAATAATAACG,2016
GTCCGACCGGTTTTTC,2016
TAAAAATATTCTGTAT,2016
TATGAATGAGATTCTA,2016
TGGCACGGTGAAACAA,2016
TTGACAGTGTGGTAGT,2016
TTTTTATGGTGATTGT,2016
AAGCCCATACAACAAC,2015
AATGCCTTTTGCCATA,2015
ACAAAGTTGTGCAAGA,2015
ACACGACCCTATAAAC,2015
CACTTCTCTATAAGCA,2015
CATAGAGACCACCTTC,2015
CCCCACGAACAAATGT,2015
GATGGATACTTATCAC,2015
TAGATTGACCTACAAC,2015
TGAGAATGCCTACATA,2015
AATCAACCACGTCAAT,2014
ACTAAATTGATAAAAT,2014
AGGCCAACATACCAAA,2014
ATGACACGTCCTATTT,2014
CAACTAACAGCGGAGT,2014
CAAGGTCAGCCCAGTT,2014
CATCTCCCCAATCAGA,2014
CGTCGCTTAAGCTCTT,2014
GAACTGAGAATGAATT,2014
GGTGATCTTCATGAAT,2014
TACATGTTGTTTTGCA,2014
TATACACGTGATCCAT,2014
TTCATCCCTCACGATC,2014
AAAATAATCACATCAA,2013
AAACCGACTATTAAAG,2013
AATTCATTAAGAGGCC,2013
AGGGCTAAAAATACAC,2013
AGTGGGGTATCTACCG,2013
CAAGATGGATAAACTA,2013
CAGTTTATATGAGGAA,2013
TAAAAGGCGATATTTG,2013
TCACACAAAAAAGCAA,2013
TTACTATATCAATTTC,2013
TTGAACGAAAATACAA,2013
AAAAATCACCAACCTC,2012
AAAGATGTAGCGAAGC,2012
AACATTCAGCTGTCCG,2012
AATCAGACGCACGCTT,2012
ACCAACGGATACTAAA,2012
AGAACGTGCTGAACCT,2012
CATCTATAATTGCAAG,2012
CCGGTGTTAACTTAGC,2012
GAAAATTAATAATGGG,2012
GTTCTGTGGAGGTAGG,2012
TCAAGTATAACGGTTG,2012
TCGCCCATCACGAAGC,2012
TGTTGCAACAGACCTA,2012
AAAATCTAAGGAGAGG,2011
AAGATATTTACAATTA,2011
CAACATTCTGTCGACT,2011
CCATACCCACTAGCGC,2011
CTCTAGCTAAGGAAAA,2011
CTTTAAAATTCGCTCC,2011
GCTTGCAGTGTTACCA,2011
AAAACAATTGGATTTG,2010
AAAATATTGGCTGACC,2010
AAGGCATCCAAAGAAG,2010
ATATCTGGCATTTGCG,2010
ATCGGGCGAAAATGAC,2010
CACGAACTATTGGCGC,2010
GAAATAATTGCCACTC,2010
GACAACTCTAACAGGA,2010
GACTAACTAAAGATCA,2010
GATAGACACAAACTGG,2010
GTCTATAAGTGTCAAA,2010
TAAAAGCACTTCGTAG,2010
TTGATAAATAACTTCA,2010
TTTACTGTTTGGTATA,2010
AACTCTGTTCAGGTTA,2009
ACGGCACTGTTTCCTT,2009
ATTTAGGCCCATGAGC,2009
CAAAAAGTTTAGAAAG,2009
CACTGCTCTACGTAAA,2009
GAGTTATGAGCGTACT,2009
GCATTCCTAACTAATG,2009
GTCTATCTAAACAAAG,2009
GTTTATCGCCAGACCA,2009
TAAGAGGGCATTAATA,2009
TCACCTGGAAAGGCAA,2009
TGCGCCTCAAAATCGT,2009
TTGAAAAGCGGTTACT,2009
ACCATAATTTACATAA,2008
ATTGGTTGTTGAGAAA,2008
CCAGAAATTGCTCGTT,2008
CTATGTACACAATGAA,2008
GATAGCACTACAACTA,2008
GATCTTTCGAACAGGG,2008
TTATTCTAATCAACAA,2008
AATACTACTCCAACAC,2007
CCAGCAGCCAAGTACA,2007
CTGTTAATTGGTTATA,2007
GAAGGCGAACACATGT,2007
GATGAGGATTGCATTT,2007
TCTCAAATTCGAAATC,2007
TGGGATTATATAAGCG,2007
TTACTAAAAGATGGAA,2007
TTTCAACAGCACAGTA,2007
ACCAAAATGGATTATC,2006
CGTGAATAATCTTAGC,2006
GAAGCAGGGATACAAT,2006
GACACCCACATCAACT,2006
GACTCGATTTTAACAT,2006
GGCCGCTAGAGACCGA,2006
TAAAAACCATACAAGT,2006
TACTTGGACCGATATC,2006
TCCTCCACGCACATCT,2006
TGAACCCAAACAATAA,2006
TTACAATAGGATAGGG,2006
TTTACTACTAGTGATA,2006
AAATTCCATAGCTAAA,2005
ACTTTCCCAAGAGGAT,2005
ATTCCAGATTTAAAAT,2005
CCTCCTATACATGCAC,2005
GCTTCCCCTGAGACAT,2005
TACAAATCTCTGAATA,2005
TCACTTCAAATTCATG,2005
ACATCAAAGGACGTTA,2004
ATGAATACCCTCGTGA,2004
CAAGGTAGTCCCTGGT,2004
CACGCAGAGAAGATTA,2004
CATCTACGCAACCATA,2004
CGAAATAAAGCCGCAA,2004
CTAACTTTACGGGAAT,2004
CTCCCCTTTTTTTAAA,2004
CTCCCTATTAACGTTG,2004
CTGACAGATAAGCACA,2004
TAAAACCCGACATAAC,2004
ACATAAAACACGTGTT,2003
ACTTCTTAAAACATAG,2003
AGTTCTAATTGCCGAT,2003
ATCGAATGAAAGTAAG,2003
GCATATCCCTTACGTA,2003
AAAGATCCAGCAGGTC,2002
ACAAATAATAGAGGTG,2002
ATTACAGACACCGACA,2002
ATTGTTCTTTAAATGA,2002
TCCTATCTACTGTGCA,2002
ATAACTGATTGCTGTT,2001
ATTTTTTCAGTAACAA,2001
CAACGAAACAATTTTA,2001
CATTCCACACTCCAAC,2001
CTATTAAAAATATAAC,2001
GAGGAAGTGCTATTGG,2001
GGCTTAAAATTAAGTT,2001
GGGAACGCTAATGACG,2001
GTGTAATGCAAACGAC,2001
GTTCCCAAACGAAGTA,2001
TAGCCGCCCCCAATTA,2001
TCATCTAACACATCCT,2001
TGACCATCGTTAACAA,2001
ACTAGTGCGCATTAAC,2000
AGTTGTGGTCCTAGCT,2000
ATATTAATTTACAGTA,2000
CCTGGCTATTACAATT,2000
GATAAAGATCGGAAGG,2000
TAACATCTGTAACGTA,2000
TATATATAGAGAAAAA,2000
TATGCGATATTAGTGT,2000
TCATTCAACCAAAACT,2000
TGGTGGCACAACAAAA,2000
TTAAGACTTATAAAAA,2000
ATCGATACGTGAGACA,1999
CTTAATGTTTATATCA,1999
TCAGCAATTAACAAAA,1999
TGAGATGATTTATGTC,1999
TTATTGGCCATAGTAG,1999
AAAAATATCCAAGTCA,1998
ACCACGCCAGTAATCC,1998
ACCTGAAGACATGAAA,1998
ACTCCAAGTTACTCAA,1998
ATTTAAGGCTTGATGC,1998
CAATCCTCTTATTAGA,1998
GCAAATGATCAAGTAG,1998
TAAATGTCTATTATTC,1998
TACATTCACTGCTGAA,1998
TACTGATCAGAAATAG,1998
TATCTACCATTTCTCA,1998
TTACTAAAACCACGAC,1998
AAATCGTTTGTAAATC,1997
AAATTCCCAAACACTC,1997
ATAAACATTATTAATA,1997
CACGGTACCTAGCTAA,1997
CACTTATACATAGGGC,1997
CCATGGATTGAATGAT,1997
GAAGGCTGTAGTGGAG,1997
GACTGCTTAGGTGCAG,1997
GAGACACCAAAGTACT,1997
GATCTAAGGCCCTGCG,1997
GGAGCACGTCAAAGCA,1997
GTAAATGAGAGATCCA,1997
TTAAAGGCGTAATCCT,1997
TTATACTTACCACATC,1997
TTGACCCGTACGCATA,1997
AAACAGTTAGGTTAAA,1996
AATAGCCCGTACACTA,1996
CACTAGCGAATAGGCC,1996
CATGATGATGTGTTTC,1996
CCATTCGAAACATCAG,1996
CCTAAACCCGATATGT,1996
CGAAAATATTATCCGA,1996
GTACTATTCCTACGAA,1996
TAATGATTAGTTCTTA,1996
AAGACACCTCCAAAAA,1995
AGAAATTGAAAGACGA,1995
CACAACTAAGTAAGAA,1995
CACTTTGAACAGATTA,1995
GAAATAATTAAAGGCA,1995
GACACCGATCTTCTTT,1995
GAGGCGTTAAGGCAAT,1995
GGACCACCAGCAGGTC,1995
GTTACAAAGGATCTCA,1995
TAATAAACCATAAAGC,1995
TACGCTTATTGTAAAA,1995
TCTAAAAAGTGCAGAC,1995
AAATAGTCATTTCAAG,1994
AAGAGAGAAGGGCTAT,1994
CAACCAAAACCAAGCG,1994
CTGCTGTACCATTGAA,1994
GAATGTTCAGGCCTGT,1994
TGCAGGTTCTTAGTGA,1994
AAACCATTTCACTACA,1993
AAATAAGGATCCGCAC,1993
ACGATAATTAATAAAT,1993
ACGTCGTCCGAAAGAT,1993
TGAATAAAAGACTCTC,1993
TGTGGTTAGCGAACAG,1993
TGTTGCCAAAGAAACC,1993
AAAGCAATAAACGATT,1992
AAGCTGTAAAAAAGAT,1992
AATGGAGTTAATAGCT,1992
ACGAGAACTTCCAAGC,1992
ACGCTCCATTGAGCGC,1992
AGACCATTTCAGGCTC,1992
AGAGGAGGTGAGAAAG,1992
AGCTCTATAAGTTTTG,1992
AGTATTAGAACAATCA,1992
ATTACACTGTACAATT,1992
CTAGTACGATACTATG,1992
GAAAAAGGAGCAACTT,1992
GCTGCCCTGCAAAACT,1992
TATGCTTTGGAACCAA,1992
TCTACGCACAGTACCA,1992
TCTGCAAAATATTCAT,1992
TGACGTCCATTTGAAT,1992
TGTTGTAATCCTACTA,1992
GAAGGAGAGTAACTAG,1991
GCTATAGGATAAAAAT,1991
GTAACACTAGACTAGG,1991
GTATTGCGACTAAAAG,1991
TCAAATCCCACCCCCC,1991
TCCATAAATACCTATA,1991
TCTGTAAAAAATAAGA,1991
AAAAAACGATAAGGAT,1990
AAAACAACCCGATACT,1990
AAAACGAGCCCTATAG,1990
AAACACCTGCGTTGCA,1990
ACGACACAAGCACAAC,1990
CGAAAGGAAACAATGC,1990
CGATGAATGCACTTAC,1990
CTCCGCGCACAACACA,1990
CTCTCTTTCATTGGTT,1990
GAAATAAATCATCCCA,1990
GGAATACGACGAACGG,1990
TGACGAATATGACGCA,1990
AATAGAGAAGTATGGA,1989
AATCTAGCTCATGGCG,1989
AGCTCATCGATGCTAG,1989
CGGCCGCATATGTCCA,1989
GGCGTTTAGTCTTTAT,1989
TAACACGGAGCACTAG,1989
TAAGTTAAAGTTTCCG,1989
TAATTGGGCATTTTAA,1989
TGAGCGAGATGGGCAT,1989
TGCGACGTAACCATAA,1989
TTTGTTCTCTGAAACT,1989
TTTTTACGTACAAACC,1989
AAAGCAATATCTCTTA,1988
ACTCCTAGGACTGATA,1988
AGATATGTTTATCGAT,1988
CTCCTCTACGAACGTC,1988
GTGCCTACCCGATATT,1988
TACCTGTAAAAACCTA,1988
TGTAACATACTCTATG,1988
TTTAAGCAAGGGATAC,1988
AAATCTAAAGTCTATA,1987
AACATAACCTCCAAAA,1987
AAGATTAATTATGTTC,1987
ACGACTAAACTAAAAA,1987
CACTTCGAAGTTTCAC,1987
GTAATACAGCCGAGAT,1987
ACCAAAATAGTGCTAA,1986
ACCTGACGGCTGGAAA,1986
AGCTAATTACGATAAT,1986
CCACGTTGACTGCTGA,1986
CCTACATATGTTACAT,1986
ATCACACAGCAAATCT,1985
CAAAGTTCTTAGAAAG,1985
CAACAAAATGTATCAC,1985
CAAGTGAAGGAAAACT,1985
CAATGAAAGGTCAAAC,1985
CCACAGTCGCAGAGAC,1985
GAAAGACGCTAGCTTG,1985
GTAATAGAAATTCACA,1985
TAACACATATTCACGA,1985
TCATTAAAGCATGCGG,1985
TTCTGTTTCATGATGA,1985
AAGGTCTAAAAGTGCA,1984
ACTGAGAGGTTGAATA,1984
ATTGACTATGGGTCAG,1984
CAACTTCGGCCGACGC,1984
CTGGTATTCACTGAAT,1984
GAGTGGTTTGCCAGAA,1984
GATCGATACCGGCGCC,1984
GTGAACTATGAACTAA,1984
TATATGACCAGGACAC,1984
TGATTACGCCGAAAGA,1984
TTCAATACAATATGTC,1984
AAATGGAGACCAAGGA,1983
AACACCAAGATTACCC,1983
ACGGGTACATATCCTA,1983
AGCGGTAATAAACACC,1983
CAGTGATGTCTCAAGG,1983
GAGACAAGCGGGCGGC,1983
GCCAGAGTTACACTCC,1983
GCCGGGTTCTTTCACA,1983
GGTCAATATAATTTTC,1983
TGCCGGACTATTCAAA,1983
AAACAAGAATACCTAA,1982
AATAAAACTCTCCGGT,1982
ACAAGCGGAATTCAAA,1982
CAACATCATAAATAGG,1982
CATCAACGAAATACTT,1982
CCTCCCGAAAAGGCAT,1982
TGCATTTTGATCTAGA,1982
TTCAAAAACTATCTTG,1982
ACAATATTACCTAACG,1981
ACAATTATTCGAATAA,1981
AGACATTGTAGCTAAC,1981
AGACGGTCCTAATTTC,1981
ATGCTTCGATCTGGCA,1981
GATTCTCAGCTGACCT,1981
TACAGATTAATCATAT,1981
TCTGATTCATCCTGTC,1981
TGGCTGGAGATATTAT,1981
TTAACAGAATACGAAT,1981
AGTACTGTCCCTGCTA,1980
CCAACGTCTTGGGTGT,1980
GCAAATTTTCTAGTAG,1980
GCAATATCAGGTTGGA,1980
GGCTTGAACTTTCAGC,1980
GGTAGACACCTTAACT,1980
TGATAATGACCGAAGA,1980
TGGTCTGATAAGAGAA,1980
ACAAATGGTGAGGAGC,1979
AGCGAAGATTCCATAA,1979
CATGGGAAATAGGGGT,1979
CATTCGACTTCAAATA,1979
CCCAACCTTCAAGGGC,1979
CTTCGTAAAAGCTACC,1979
GAATGCGGTAACTGGA,1979
GACATTGAAATGAAGC,1979
GAGACACCGATGATTT,1979
TAAAATAGATGAAAGA,1979
TGAGTAACGCAAGTAA,1979
ATTAAGGCGAGTACTG,1978
CATTTGATTCCTGTCT,1978
CGACACAATATACTGG,1978
TTCGAAAAAAGGTAAA,1978
ATAAATCTTCGCACTT,1977
ATCCCTCAACGATTTT,1977
ATTCCTAGAATCATTT,1977
CACAATCCAGTGGCAA,1977
CAGGCGGGCCAGCCCC,1977
CGTGAGACACCCAGAA,1977
CTATAGTTTCAACGGA,1977
CTGAAAAGAAGTAAGA,1977
GACAGATGAATAACAA,1977
GAGTGACATACTATTA,1977
ATTCATTGCATAGGCG,1976
CCGCTTCCAAGATAAT,1976
CCTAAAAACTCCCAAC,1976
GGGAATGGTTTCACCT,1976
TAAGTATGACCAAAAC,1976
TAGAGATTAGCAACCG,1976
TCCCCGATTAATACTG,1976
TCTGCTAGCGTGATTA,1976
AAAAGTGTGAGACCCA,1975
AACCTTACACTCAATC,1975
AACGCGAAATAAAACT,1975
AATATCTCATGAATGT,1975
ACCGGGATAGTCAGAT,1975
ATGATCCAGCTATTAG,1975
ATTCCAAAGAAAAGTT,1975
CGAGTGTGATAACTGA,1975
GAGTTTATCCCCAGTA,1975
GTTAGATCGTTTAATG,1975
TTTCGGAACATAACAG,1975
AAAATGCCTTATTCAA,1974
ACAAGATACGAACCAC,1974
ACAAGCCTCCTTAGCT,1974
CATGGATAGATAGCCT,1974
CCTGATCCCACTTAAA,1974
CTACCTAGAGTTATAC,1974
GAATTACCAACGATAG,1974
GATGAGGGGATAAAAC,1974
GGCTAGGTCCGAAACA,1974
GTCTGGTTTATCCCTT,1974
TAAAAACTATACCACG,1974
TACATTTAATTAAGAA,1974
TACCCAGCAATAAATA,1974
TCTATTTTTAATGCTG,1974
TCTGATTGGAAGTCAT,1974
AAGATCATACTAGTAG,1973
ATTTCAGAGAGTAAGA,1973
CAAGGGTCATACCCTT,1973
CACACACCTACCCTCG,1973
CCAGAACGAGAGCGGC,1973
CGATCCACAGGACCGA,1973
GGCATGAAGAATCCAG,1973
TGGGTTCCTAAGGTAC,1973
AACAGCCAGTCGCCGG,1972
AATCATGCTTACTCTT,1972
ACTACCCAATCCGCGG,1972
AGTTCCCGACAGCAGA,1972
CCAACCACTGTATAAA,1972
CCCCCAAGGCAAAAAT,1972
CTAAAAAGAAAGATAA,1972
CTATAAAGCGATCTTT,1972
GAGTACGACGAAACCC,1972
GTCGATTCATAAAATG,1972
TACCCCTAAGGCTACA,1972
TAGACGAGTAGCAAGA,1972
TCGCAGCAATCCATTT,1972
TTAGATCGGATTCGTA,1972
TTCCCTGCAAAAATAA,1972
CCAACCATCAAGCTAG,1971
CGCCGGTACTACGCAA,1971
CGTACTATGTGACGAC,1971
CTAACTGCGATGGCTT,1971
GTATAGCTCATACTTG,1971
TTAATAAGAAGGAATC,1971
TTTACACAGTTAAATG,1971
TTTTGAGACCATTTGA,1971
ACAGACCCACGGCCAG,1970
ACCATCGCAAATGATT,1970
CAGATAACGAAGAGCT,1970
CATCGACTTACAACAC,1970
CGAATGTGGTGTCTTC,1970
CTTTGAGTCGTATACA,1970
GGATAATGATATACCC,1970
GGCAGTTCTTAAGTAC,1970
TGTTCCACCGATGCTA,1970
TTAACCGTTTATTGAG,1970
AACCTAGAGCCAAGAC,1969
AATTTGCCTTGCCTCA,1969
ACAGAGTAATAGGATT,1969
ACCAGTTATCTAGATG,1969
ACCGAAGGGTTTTCGG,1969
CTAGACGTTAAAAGGA,1969
GCGACTTTTTTTCTCC,1969
GGAACTATATCGGAAG,1969
AAAGGTACCTCGAAAT,1968
AATAAAAACTTTCCCT,1968
ACCCTAGCCGTATCCA,1968
CAACGGAGACGGTAAA,1968
CAGAAAACACGCTCCA,1968
CAGAATAACCAACGAA,1968
CCAATAAACCTACTTC,1968
CGGGTCGATGCAATTC,1968
GCATAGTTTAACTACA,1968
GGTTCAACGGTGTACA,1968
GTTCTAATGTGCTAGA,1968
TATCTTAGACCAAAGA,1968
TGAAGATAACTGTGAA,1968
AAAATGAATGAACGGA,1967
AACTACAAAAGATCAT,1967
AGATGCTTAGGAACAT,1967
CAAACCCGTTCACGGA,1967
CATGCACCATCACGTA,1967
CTATTGCCTGGGTACG,1967
CTCAAGACGAAGGAAA,1967
CTGAAATCCACCAACA,1967
GCGACGACTATACTAA,1967
TAAGACTAACCATACA,1967
TCACGAAATCCTGTGC,1967
TGACTCAACTTAGATG,1967
TTAACTAGACTTCAAG,1967
ATCGATGGAAAGCTAC,1966
ATTTCATTAAGGAGAA,1966
CAACCCGGCAACCATA,1966
CTAAGAATAAGTTGTC,1966
GACACTAATTAAACCC,1966
GTCGTATCTTGCTGGA,1966
TCAAACCAGTCAGTTC,1966
TCCTGCGACGTAATCA,1966
TGACCCCTCGTATATA,1966
TGGCAACCTGGTACAA,1966
TGTTGGGCGAGGTCGA,1966
TTAAGAAACATATCAA,1966
TTGAACAATCGAATAC,1966
ACGCGAACCTAAAGCT,1965
AGACCTCTCGATGATA,1965
ATGTTTACACTCACGA,1965
CAGTCAAAATCACGAA,1965
CATACCCTAAATTTGC,1965
CCACACAATGATATGC,1965
CCCGGTTAGCATTAAG,1965
CTCTTATATCTAACAT,1965
GCCGATACGCCGAGGT,1965
GTTAACGTACTTGAAA,1965
GTTTCAAACTACTGCG,1965
TCTAGTTAATTGTAAA,1965
TGTAATAGCATATAAC,1965
AATCATCCCGATAGGT,1964
AGACACTGAGTAGGCA,1964
AGGGGGTACTAAAAAC,1964
ATTCTAGTATACGAAT,1964
CCGCTACTTCATAAAA,1964
CGGTATATATAAAATA,1964
GATAGCGACGCAACCT,1964
AATTCCATACTCTAAG,1963
ACGAGCAATATGCACT,1963
AGATGAGGAAAAAATA,1963
ATCAACAGATGTCTCC,1963
GCTTATGAACACACAC,1963
GTACTTAAAACCAAAA,1963
AAAACCTCCTCCTTGG,1962
AATGGCCTATGCCATG,1962
ACAGGGCGCCCTTCCT,1962
ACATTAAACGGTACTT,1962
AGATAGCAAAAGCCGT,1962
CATTACAAACAAAAGT,1962
CCGAAACGCATGGCAA,1962
CCTCTCCGCTTCCAGG,1962
GACCTACCCAAAACCA,1962
GTCCAATGGGATCCTA,1962
TAAGAATCATTCAAGT,1962
TTCCCATCGTCGATAA,1962
AAAACCCTCCTCCAGC,1961
AACTAGACCAGCCCCA,1961
AAGAACCCTATAAACC,1961
GAATGCTGCATTTAAA,1961
GCATTACCTGCACATA,1961
TCGTCTACCAATAGAA,1961
TTGTAGAATGACAAAT,1961
AACGCAATTAAAACTG,1960
AATATGGATATTACTA,1960
ACATACCACCTAAACT,1960
ATACTACCAAGTCATG,1960
ATCCTATTTTCTCTAT,1960
ATGATAGAAGCGTCAC,1960
CAAACGCTCTGAATTG,1960
CAATCCCAACAACAAA,1960
CCACCAATAACCATAA,1960
CGGGCAAGAAAATTGA,1960
TGACGATCGCTCAAGC,1960
TGCAGGCCTAGTACCT,1960
TGCCCTAGACGCAGCA,1960
TTAAAGATTTCTGAAA,1960
TTAAAGCGCCTAGCCC,1960
AAATGGCATGAGAATA,1959
ACAAATGACTCGATTA,1959
ACAGACAGTATGAATA,1959
AGCCTCCTCCATCTAA,1959
ATGCAAACAAGCTATT,1959
CCAGTATAATTAAGAA,1959
CTATTCGGGTGAAGTA,1959
CTCATACGAAAGTGGT,1959
CTGTCTGAAAAGTTGA,1959
GGAGCTTTGACAGCCC,1959
GGAGTGGAAAAATTTG,1959
TATGAGGGATGTCTAC,1959
TATTATTGCTATTCTA,1959
AAATTCATGTGCACGG,1958
AGTTTCCCATCGGGGT,1958
ATACGACGAGACCTCC,1958
CGGGTAAAATGATATA,1958
CTAGCACACAGCCAAG,1958
GGTACATGAAGTGATG,1958
TAACCATGCCCCGCAC,1958
TCACAAAATATAACAT,1958
TCACGAGCAGTGGGAC,1958
TCCGCCTGCTTTGACA,1958
TTTTAACTCTCATCTA,1958
AAAACGGGATACCGAC,1957
AAGATCATTACACGCT,1957
ACAACAAGAATCCCCA,1957
AGGTACAACGCCCTGT,1957
CGAAACTACAGTAATC,1957
CGCTTATCGTAAGCTC,1957
GATAAGTTTCAGCGTT,1957
GTACGGAAAACCCGAC,1957
TAACTTTAACTGCAAT,1957
TCGGTAATTATGTACG,1957
TGAATCCCACATCATT,1957
TTGAAGTAAGCATGAT,1957
AACAATATGGGAACAA,1956
AACGATTAGGCTAATG,1956
CGCTATGCCTGGTACT,1956
AAGGGCTACCTTAACA,1955
ACAAACACTCAGCTAT,1955
CCTAGTATCAATGACG,1955
CGCCTCAATAAATGAT,1955
GCCTTCACTACATATC,1955
TGTGACGACTTGGGAA,1955
TTACAAAGAACACTAC,1955
TTCTTCAGCGATCTAC,1955
AACCTAATATCTAAAT,1954
AACTAGAGAACGATGA,1954
AAGTATCGTTTCTCAA,1954
AATCGGACCCGCGAAA,1954
CAAACGCAGGTTCCGT,1954
CCGGGAAAAAAAATAA,1954
CTCCTTTAATCACATC,1954
GAAACAAACTTCCTCA,1954
GGGCTAATGGATGTAC,1954
TCATGCTGAAAATGAG,1954
AACATACCTTACCTGC,1953
ACGGATTGAGTGAGGA,1953
CAATGCTACATCGGCA,1953
CATAAATGAAATGGAC,1953
GGGCAGAATGAAAGAC,1953
TAAATATATAAATTCC,1953
TTGAATTACACAGTCA,1953
TTTACTTACCACTAGG,1953
AACTTAATGTATGTCA,1952
ATTTAAAAGCCTTTTT,1952
CAATGATGATCTCCCA,1952
CCTGACGTATCAATAA,1952
GGACAAACTCCCCTAT,1952
GGTGTGCAAAAAAAAG,1952
TAAAGAAGGTTTGTTT,1952
TAAGTAAATGAAGTGT,1952
TCTGACAACGAGTAAC,1952
TTCAACAGTCTTAAGG,1952
AACTCAAATTCTAGCG,1951
CCCTAAGAAGAAATAC,1951
GGCCTTACGATCGTAC,1951
GTTGACCAATGTAGGG,1951
TAATGTTATTAAATAC,1951
AAAACGAAAAAATAAG,1950
AAAATGACAGACATCA,1950
AAACTATTAAGGAGTC,1950
ACTGATATATGTTGCT,1950
ACTTTCGGGCTATGCA,1950
AGCCAGGCACGTAAGG,1950
ATAGCGACTTCCATTT,1950
ATTATACTTAGAGCAA,1950
CAATTAGTCCGAAATT,1950
CCTGAAGCAAGAGTCT,1950
CTGCACTCACCGTAAG,1950
GCCACCAACCCCCGTA,1950
GGAAAACGCCTAAAAC,1950
TAACCCACCATACTTA,1950
TCTTTCACATAAAACC,1950
TTAAATATATGCTCAT,1950
TTTGCATATTTGAATA,1950
TTTTAAAGAAGCGAAG,1950
AAAAGTCCCTCACTAC,1949
ACAAAACCCAAAATAA,1949
AGCCTAGATTGAAACA,1949
ATACGAGAGCTTTTCG,1949
CATACTTTCACCTTGA,1949
CTATCCAAAAAGAACT,1949
GCATCATAGAGCCAAT,1949
TAAAAGTCATAAGGAC,1949
TAGTTAACATCGCCAT,1949
TTCAATGCATTAGCCT,1949
AACTTTACTAACAAGG,1948
CAAAAAAATACCGGAT,1948
CAAGTTTATATGGCCC,1948
CGAACAAATACAGCAT,1948
CTCGCCCAGGTAGAAC,1948
TAACCGGAAGGTTCTC,1948
TAAGCACTACCACAAA,1948
TCACAGCAATGTGTAC,1948
TGAGACATTCTCAAAT,1948
TGATCCAACCTTTCTG,1948
AAACTTGACGTTATGT,1947
AATAAGTTAAAGGGCA,1947
ACAAAACACAAATCGT,1947
ACCTGACCGTGGAATC,1947
CGCTAAAAGATAAGAC,1947
CTGCAGTTGGCCGAGT,1947
GAAGGTCCACGAAGAA,1947
TAAAAGGCATAAAAGG,1947
AAGCGAAGAAGGTACA,1946
AAGGATTAGTAGGTAA,1946
AATTTCTCAAGACAAG,1946
AGAAGGATACAAAACT,1946
ATGACGGATTGGTAAA,1946
CTTTCAAAAACCTGTG,1946
GATGAGGAACAAAACA,1946
GCAAACCTACCTAGAA,1946
GCGGCAATAAACTCGC,1946
GGACATACAATATATA,1946
AAACAAAAGAAGCGCG,1945
AAAGGTTGATCGTAGT,1945
AGAGGACGTCAACCTG,1945
AGTATCGGAAGACCCC,1945
AGTTTATTTCCCGCAT,1945
ATCACTTGTGACTACC,1945
CCACAGTCCATGAACA,1945
CGTAATCCGACATGAA,1945
CTAACGGTGAGAAACG,1945
CTGTTAAACTGGACAC,1945
TAAAGATTGTACTCAA,1945
TTATCCAGCATTTGTT,1945
TTTCAGCAATAGCAAC,1945
AAATTCCGCATGTAAT,1944
AGAATCAAGTACCCAC,1944
CTTGAAAAGCTCTTAC,1944
GAATCACTAATTGCCT,1944
GCCGATATCATTCTAG,1944
TAATGCATTCTTAAAT,1944
TCAGAACAAATGTGGA,1944
TCGGTCATACGTTAAC,1944
TGGGAATACAAAGGGC,1944
TGGTTCAATTCGCATG,1944
AAAAGAGAAGGGGCCA,1943
AAGAGTCAGAATTATA,1943
ACAAAAATTTGCAGTC,1943
ACCAAGGCATATTAAC,1943
ACCCGAACATAAGCCC,1943
AGACAATCAGTCTCGA,1943
ATAAACACTGAATTCA,1943
ATTGATATGCTCCCAC,1943
CAAGAACATAACATCA,1943
CAGATCTTAAAGCGGT,1943
CTAAAGCCGTAGACCG,1943
GTACACCCAGTTCTAG,1943
TAAACCGAACCATTAA,1943
TATAAAAGAATATGCC,1943
TTTAAGAACACACAGA,1943
AAGTAGAACATACCTC,1942
CCACCAATCCGTTAGT,1942
CCTTTTAGAAACATAG,1942
CGATGAATATTTAAAT,1942
GAAGAGGGGGGCACAA,1942
GAGCAAGCATATTATA,1942
GCACAAGGCCATGGCT,1942
TCCACCAATTCATCAG,1942
TTAAGACTTCCATTCA,1942
TTTAACACACTCGTCT,1942
AAAAAGAATATCTCGA,1941
AACACCACACCATTCT,1941
CAAATTACGCGCACAA,1941
CGAACACAGAATTTGA,1941
CGCGATCACGCCTATG,1941
CTCGTTAACCTAAGTC,1941
GCGAAGAGGAATTTGT,1941
TGAGATATATATTCCC,1941
TTTAACAGAGATAATA,1941
TTTGCGTTCGTATAAT,1941
AATATCGACTTGTTAA,1940
AGAGCAACTAAGGTAT,1940
AGCCAGAACAATGCGC,1940
CACCTTAGTCAAATCA,1940
CGTTCACCGTCGCTAA,1940
GAACTGCCCATGCTGG,1940
GAATAGAAGACAGTAG,1940
GGGGATTTATAAACTC,1940
GGTTCACTGATAGCGT,1940
AAGAAGAAGCCGGAAA,1939
ACCATAAACAAGCTGT,1939
AGGACATTTTAATCAT,1939
ATAAAATGACCCTTGT,1939
ATCGTGAACTTTGACG,1939
ATCTTATATCGACCTA,1939
CGGGCAAAGGAGCAGA,1939
CTCTCCATATTAATCC,1939
TACGCCACCAAATAAA,1939
AACAGAACCTCTCTCC,1938
AATTTCGTTAAAAAGG,1938
ACCGAGAAATTTAAAA,1938
CAAATCTAAGACTTGA,1938
CACCTATAATACTATG,1938
TCATACGGCATACTGA,1938
TTTTAGCCCACCGGTT,1938
GCACTGGAACCACAAG,1937
GCTCAGCACAGCGTGC,1937
TAGACTACCACAGTAC,1937
TCAGACCGGAACTTAG,1937
TGAAATTCTAACGTTC,1937
ACGCGGGATAGATCTC,1936
ATGAACAAAAATCCCT,1936
CATAAATGGGCCTCTA,1936
CTCGCACGATCGGACT,1936
GAGCTACATCAAAGGA,1936
GATATTTTGATATTGA,1936
TAAAGAAGAACATGCC,1936
TACCCCCTAAGGGAAA,1936
TGCAAACAATTCGTTC,1936
ACATCCCTCCATAAGG,1935
CCAACATAGCTATGGT,1935
CCAAGAAGATCAGAAT,1935
CCAGTACAATATAACA,1935
GGGATGCTAAAACATT,1935
GTACCGGTGACTCCAT,1935
AAAAAACTGCCTTTTT,1934
ACTAAGGGATGTGACA,1934
CCTACATTAAAGCACT,1934
GGAAATACAACTCAAC,1934
TAACCCTGGAAAAAAC,1934
TATCAGTTAAGTATAG,1934
TGGATCAGTCATGCCA,1934
TGTTGAATCTTAAGAA,1934
AAAGAGAAAGGCTCGT,1933
AAATCACAAAATCACC,1933
AAGACATAGCGAAATT,1933
ACACTGACATGGTAAG,1933
ATAAGTGATTTTACTT,1933
ATTAATAGGTTCATTT,1933
CAACACAACAAACAAA,1933
CGTACATTAAGACATC,1933
GTCTCGGACCAAGCAA,1933
TCGCGAAAATGACGTC,1933
AAAAAAACACAGTACA,1932
AAATGTACATCTCGTA,1932
ATCACTCATATTTCAT,1932
ATCATAATTACGGACG,1932
ATCGTCCTTCAAACCT,1932
ATCTATTGTCGCATTC,1932
ATGAAATGCGATATGT,1932
CATTAATCTACCTTAA,1932
CATTTCATGACATTGA,1932
CGAATAAACTCGTTTC,1932
CGATATACACAAATAT,1932
GCCATCTTACCATAAA,1932
TCATATGGTTAATTAG,1932
TCCCAAAATGTGTCAC,1932
TTTCAATAGTCACCAG,1932
AACAGAATTTTTAAAA,1931
AACATACCCCATACTA,1931
ACCTTGACTGGAATAG,1931
AGAAGTCTAGGCTTTT,1931
AGCGCTACTCCGTGCA,1931
CAGATGTTGGCCAAGG,1931
GACTCGTACTAGACGA,1931
GTCACGCCTTATCCAT,1931
TCGTAGCGCGATAGCC,1931
TTGACACTCCTGTACG,1931
AATTAAAGCAAGCGAA,1930
ACTATGGAACACGAAT,1930
ATTGAGCGGATACACT,1930
CCCATGACCGTAGAAC,1930
CGATTAAACTCACAGC,1930
TCTAATCATCAGCTTT,1930
AAAAAGAGAACCTTTC,1929
AACCGATGGAGAAAGG,1929
ACCAGGCCATAACGTG,1929
CAATGAATCAAAATAC,1929
CGTCTGTCCCCGCAAC,1929
GCACTTGGGGCAATGA,1929
GTAATTTGAAAGTTTT,1929
TAGCAACATAAAACTG,1929
TATTTATAATTACAAA,1929
TTGAACCCTCTCCGGC,1929
AGACACCTAGATCGTG,1928
ATTGATCCGATCGTAC,1928
CAACACGGTATCGCTG,1928
CAGTAGGCAATGACCA,1928
CGACTAGTGGACTCGA,1928
GAAAGCACCCATAACT,1928
GGAAACAAAATTGAAC,1928
GTCCCCTAGCACTCAC,1928
GTGAGGGGGAACAGGC,1928
TACCTCCAGGGCGTTA,1928
TCAGAAACATTAAGAA,1928
AATTACTATCACTTGA,1927
ACGTGGAATAGCTAAA,1927
AGTAAGCACGAATTGT,1927
ATCTTTGCACTTACCC,1927
ATTTTCACTATCTCAA,1927
CAGGTAATTATGTCAC,1927
GAAAGCAAAAAGTTTT,1927
GCTAAAACGCAAAGTT,1927
TTAGACAATGCAACAA,1927
AAACGCGGAAACTAAC,1926
AACGTGCGCATTTCCT,1926
ACACGGGCTAATCAAA,1926
AGCTGAGGACAAAACA,1926
CAAAGCAATATTTATC,1926
CGCCATCCATGAAACA,1926
CTCCATTAGGGCGGGA,1926
CTCTACGCAAACTTCA,1926
GATTGGACACCATGTT,1926
TCCGATGCACATGCCA,1926
TGAGCCATCCCTGCAC,1926
AAGCCCCCGTAGAAGG,1925
ACAAGTAAACACAATC,1925
AGCCCTCCGGGCAACA,1925
AGCGGCTAACAATGTC,1925
ATATACGAGATACTGC,1925
ATGTCAAACCCAATAT,1925
ATGTGCGGTGGAAAAT,1925
ATTTTCATTGCTTACT,1925
CAGAACGGTTATATGA,1925
CCATTGTGCACAAGCG,1925
CGAATGCCATATATGG,1925
GAATTTAATTTCGGAT,1925
GCCTATGCAGGGACAA,1925
GCTATTCCCGGTAATG,1925
GGACCTTAGTATGATA,1925
TAGGGTGTACGACGAA,1925
TATCAAGCGAATCTAA,1925
TATTCGCAAACCATGA,1925
TCCGACAAACGCCACC,1925
TTAGTATGCTGGCGTC,1925
ACGTTAAACTGACAGG,1924
ACTTTCCGGAGGTAAG,1924
ATGAATCAAGTCTAAT,1924
ATTTCCTTTGATGATA,1924
CCCATATTAGGAGAAT,1924
CGAGAGATGACTCAAG,1924
CTATTATGTAGTTCGC,1924
CTGAACGCTTAACGCT,1924
CTTGCGGAAACCGCGG,1924
CTTTAAATGGAAATTT,1924
GATAATAAGAACCTGA,1924
GATAATTAACACAAAG,1924
GCCCAAGAGATAGAAA,1924
GTCGCGCATTGTGCGA,1924
TAAATGATAATGAGCG,1924
TCCGAAAAGATAAGTT,1924
TTTCTCAAGTATTCGG,1924
ACAAACGAGTGGTAGC,1923
ACTGTGAAATACGCTC,1923
CATAAAAATCTGGGGG,1923
GATCCAATGCCCTACC,1923
TAACTCGACACAGAAC,1923
TACAGACAATTAAAAG,1923
TTCGAATTAGAAGTCA,1923
AAAAACTGCCATAAGC,1922
AATAAATACAACCGTA,1922
CAACGACGCTTGATAA,1922
CATCTGAATAACCGCA,1922
CGCATTGAAACGTGAT,1922
CTGGAAGATTCTTTGA,1922
CTTCGACCCGGTTACT,1922
GAGGTGTTCTAGGCTT,1922
GCCATAAATACCTACA,1922
TAAAATATTCACTCCT,1922
TTACTCATATGATGAG,1922
AATTATGCGCTGTTTA,1921
ACATAATTTTTCGAAA,1921
AGAGGCTTGTTAAAAA,1921
CAAAATACGCAGAGAA,1921
CAACCACAAAAATAAG,1921
GAACATCGTGTCACAT,1921
GAGGACAACATAGTAA,1921
TGATAGTGCAGTGTAA,1921
TTCTAATAGCGAATTT,1921
AACAATAAACGATCCC,1920
AATCACCTAATATTAT,1920
ACAACCTATGTGTTAG,1920
ACCAGAACCCGAGATC,1920
ATTATTGTCCAGACCA,1920
CAAACGCTTAACTTCT,1920
CCATACAGACGTTTAG,1920
CTATCAATGCAAACAA,1920
TAACCTGAGATATCAA,1920
TTGAAAGACTATTTTG,1920
ACATATCAACTTCGCA,1919
ACGGCGAAGAAAAGAC,1919
AGTAATGCCCAAGTAA,1919
ATATGCAAGAAAAGTA,1919
CCGAGAACAGAAAAAA,1919
GCATCACCAGTAACAC,1919
GCTACCTTAATCCCAG,1919
TTAAACTCCTCAATCA,1919
TTATTGTCCAGCTGCG,1919
AAGACGAAAGACCATA,1918
AATGCTAAATAATCCG,1918
ACTAAAACTAATACCG,1918
ACTTCCCATATACTCA,1918
ATAATTGATCTTTTTA,1918
ATACTTGTCTAACCCG,1918
ATTTAAGATGTCCATG,1918
CACGCACACAACACCC,1918
CCTACCTCGACCATCA,1918
CTATTTATAAGCCTAG,1918
GACTATTTCTAGCACG,1918
GATCGAACAACAGAAA,1918
GCCGAACCCTTGGAAA,1918
TAATAACACAGTAATT,1918
TGTGAAATGATAAATT,1918
TTAGAACCTTCTATGA,1918
ACAAATGAGAAACTGA,1917
AGATCATAATAACGCC,1917
ATCAACTAGACATCCC,1917
CAACGAAAAGCAATCT,1917
CAGCCGATCGTTGCTG,1917
CCCTCGGCAACACCAA,1917
CTCATAAAATTTTATT,1917
TAATTAAGACCGGGCA,1917
TCTAATAATAAATCTA,1917
TGGCCCAGAACATAAA,1917
TTAAATTACCAGCTCA,1917
AAACCAGCATTTTTGA,1916
AAGAAATGCATGATGC,1916
ACGCGAAATATAACAC,1916
AGTAATAAATTTCGAC,1916
ATCCAACAGGTTTCTA,1916
CACGGCACGTTAATGC,1916
CCATTAGAGGAATAAC,1916
CGCTGCACTATAAAGA,1916
CGGTCCTCTTGTACCT,1916
TAAGGGTGCCTATACA,1916
TACCTGGCACATAGCT,1916
TGAAAAAGTCCAGTGA,1916
AAATCCTAACAGCTAA,1915
AGTAAATATCTAATTA,1915
GCTATGACGAAATCTT,1915
GGATCATGCAGACAAA,1915
TAAGTCACCTTAAAGA,1915
TATAGTCATGTCGCCT,1915
TCTTTCCCGAAAGAAC,1915
ACATTTATTTACATCG,1914
ACCAGATACCCAACAC,1914
CCACGTCTATGCGAAT,1914
GATAAAATGTTGAAAC,1914
GATAGAACACCAACCA,1914
GCTGTCCAAGAAGACC,1914
GTTCCCATGTAGACAG,1914
TCAATTTTACTGTATG,1914
AAACCACGCTATACTT,1913
AAGAATAGTCGACGGT,1913
AAGTCAGCACATATCG,1913
AGAGGAAATAGCATAA,1913
AGTATATTACCGAAGA,1913
CCAACCGAACAAATAC,1913
CCTGGTGAGGGGAACC,1913
GACGAACGCAAGGATT,1913
TCACCACATTCACCAG,1913
TCATTTATACGCTTCC,1913
TCTTATGAGATTTCCA,1913
TGACTGCTTCTCCACT,1913
TTAATTAGAACTACAA,1913
AAACCTACATTTATAC,1912
AATCCCGAAGATCTCC,1912
ACAACACACTTCATCA,1912
ACGGCATACCATACCC,1912
AGCACCATCGTGATAT,1912
AGGTCCAAATTTGGAA,1912
ATACACACACTCGCAG,1912
ATATTATCAAATAGAG,1912
CCATACTATATTCCCG,1912
GCGACAAAGTGTAATT,1912
GTTTGATTTCGTATTA,1912
AATGAACCTATATACA,1911
ACAAGAAAGAAACACA,1911
ACAAGAGAATAGCAAC,1911
ACTCTGGTGCCTAATT,1911
CAATCTCTTAAGTTGA,1911
CAGGGGCCCTAAACTA,1911
CATTCACAGCAATATG,1911
CCGATATAACGACGCG,1911
CTATACTACAACCGTC,1911
GAAGGGACACGTTAAT,1911
TCATTCAGTTCTCGTA,1911
TGAAAAGGTAAAACAC,1911
TTGCGGAAAAAAAATT,1911
AAACGACTCTTTCACT,1910
ACACAAGTGGTCAGAA,1910
AGCTTCACTTATGTCC,1910
ATACGATCAGGCAGGT,1910
CACCACAAACCAGGCC,1910
CGAATTTAATGCATGG,1910
GCAATGAGCATCTAAC,1910
GGGATACACTGGATGG,1910
TCTACGTATTTGACAA,1910
AGTTTCCAAATTGCAG,1909
ATCTTATACTATGCTT,1909
CGTCCCACTGGGAAAG,1909
GAAATGACATCTCTAA,1909
TACATGCATCCCAGAG,1909
TCGTCGCGGCGACCAT,1909
TTAAACTCCCACAGAC,1909
TTGACCATCTGGGCCC,1909
AACGACGGAGGTGAGC,1908
AGCATTAAAATTCGCC,1908
ATAAGTACGATATATA,1908
ATAGGCACGATAACCT,1908
ATGCAAACAAAGTGGA,1908
ATTAAGCATTATTTCA,1908
ATTTTAATTTCTTCCC,1908
GTATGAAACAACGAAC,1908
TTCGACCGATACTAAA,1908
TTCTTTCTGCACAAGA,1908
ACCCATGAGGACGGCG,1907
AGCCACCCAGAAGATT,1907
ATCGTAGCATGGTGTT,1907
ATTGAAATACAATGTC,1907
CAAATATTAACAGCGG,1907
CGACAGTACCTTAGTT,1907
GAAACCAAATACGCTT,1907
GCCCAATGCCACGCAC,1907
TATGTTTATGAAATCC,1907
TCTTAGATGCATAGAT,1907
ATAGGGCAAAATCTGA,1906
ATCACCAGACACCACA,1906
CCTTGGTAGACAACCT,1906
CGTAAATATACTATTC,1906
GTTCCAGAGTCAGAGA,1906
TTCAAGGAGAGCTAAC,1906
ACTGAGAAAACTCCTT,1905
ACTTGAACCAAGTGCT,1905
ATGCAAACTTTAAGCA,1905
CAAGTTTAGGCTAAAA,1905
CAGAGGCGCAAGTACT,1905
CGAAATTGAAACGGAG,1905
GCTTGTTCCCAGATTC,1905
AAGCATATCTCTACGA,1904
AATTCTGAAAACCTAA,1904
ACAGACAAATTAAAAA,1904
ATTCATTATTTGTGGC,1904
CAGAAGCCTAGCATCG,1904
CAGAAGGAAATAAAAA,1904
GGAAACCAATGCCAAC,1904
TGATTACGCGTAAATC,1904
TTCGAATAATATCTAG,1904
TTGAACAAGAGTGCCT,1904
TTGTGACTAAGAAAAA,1904
AAAGTCAAGGACCGGA,1903
ACTAAAGATAATGATG,1903
AGAAGCGGAATTACAC,1903
AGAATATGACCACAAC,1903
AGCGTGGGTTACCACA,1903
CAGGCAGATATACCCA,1903
TGTTATTGCCCCCACG,1903
TTAGGTTATGTTGGGA,1903
AACCGGGCAAGCACAC,1902
AATCAACACACTTAAG,1902
ATCATCATTTAAAAAT,1902
ATCCATAACAAGTTTA,1902
CACGGGTAAACAACAG,1902
CTTTGGGATTCAGTTA,1902
GGAAGTTGTGGTCCCG,1902
GTAATACAATTGATTT,1902
TATGAACACGACACAC,1902
TTAGGACGTGAAATAA,1902
AAAGACTTATAATACA,1901
AATGACTCAAAAACTA,1901
AATTTAATATATCGAG,1901
AGCCCATGATCAAATA,1901
AGTAACCCCTACGAAC,1901
CCATATCAATAAAACT,1901
GATTAATTTCTAGGAT,1901
GGCCTGAAGAAACCTC,1901
TCCGGACGAATAACCT,1901
TGAGCGGTTAACCCCT,1901
AAACTAAGGCAGTGAA,1900
ACACTGAGAGAAACGC,1900
ATACTTAGGCATGAAA,1900
ATAGGTTTTATGACCA,1900
ATGTTATTAGATACAA,1900
ATTGCAACAGCACGTT,1900
CCCCCTGAGTCACCGT,1900
CCGGTTTTGTGAAAAG,1900
CCTTTCCAAAGTACCC,1900
CTAAGATGACATATTA,1900
GAGAGTAAACACGCAT,1900
GCATTATCTATTAGGA,1900
TATCGTCGCAAAGCAA,1900
TATTTGAATATCATCC,1900
TTTACGTACAACGTAT,1900
AACTCACGAGGCTAAA,1899
ACTGAAATAGTACCCA,1899
ATAACAAAACCCAGTA,1899
ATGAGGATTTAATTCA,1899
CAACCTAGATCCGTAG,1899
CGCATAAAGGGTTACG,1899
GGGTATAGATTAGAAG,1899
TCATATGACTATAAAA,1899
AATACTGACAACTCTT,1898
AATGACCCTAGTATTT,1898
AGTGTACGATAGGAGA,1898
CTACGTGATGACGAAC,1898
GCCGAAACAACAGTCT,1898
TGCACAACAAGGAGAA,1898
TGGTCCCCACGAGTCC,1898
TTCAGCTTATGATTGG,1898
TTCCTACCTCACTGCG,1898
AAATTAGAATCCAGCA,1897
AAATTCGGTTTAAAAA,1897
AAGTGTATAATACGGC,1897
ACTTTCCAGACTATCA,1897
ATCACGATTTCTGACC,1897
CACGTCACGTGTCGGT,1897
CCATCGAAATTAGGAA,1897
CTCCGCAGAAAATCAT,1897
GCATGCATTGGGCGAA,1897
GTACACAAATGGACCA,1897
GTACCGAGTGAAACCA,1897
GTTTCCAGGCTATAGG,1897
TTTGGAACCTTTATAA,1897
CCGGCTAAGGAATATG,1896
CGGCCAAAGCAGGGAT,1896
GAGTCCCGGATTACCG,1896
GTGCATCATGCCGACC,1896
TGATATTAAATCTGAA,1896
TTTTAAATACATACGT,1896
AAAGTAAAAAGACTTC,1895
AACGCTGCACAGTATA,1895
AACTTTAAAATTAAAA,1895
CATTCAATATGGTGCC,1895
CTTTTTCGAAATCTTG,1895
GCGGGCCAATATACAT,1895
TGTGAAACCCTGAAAC,1895
TTTTCATATTTAAAAA,1895
ACTCTGATTATACGTC,1894
ACTTCAAAACTGACCT,1894
ATACCTCAAAAATCCC,1894
CCCATCGGAATGGTCT,1894
CGTCCTAACGCTTAAT,1894
CTGAAAATTCTCGCAT,1894
GCAAACTCGATGACTT,1894
GTCAACAAGTCGAATC,1894
TAACGAGCCTACTACA,1894
TACCTTTCTACTCGTC,1894
AAGCAATAAGCATGCT,1893
AATAGATTTCAAACAC,1893
AGCCCTCTTAGCTACT,1893
ATTAGTCAACATAATA,1893
CCAATCATTATCTGTT,1893
CGATACTGGTTATTAT,1893
CGTATAAATAAGATAA,1893
GGTTAAAAACATTAAT,1893
TAACCGGCTATCGAAG,1893
TCACTCCTACAAGATT,1893
TGAAGATTTCCCGTAC,1893
TGTCCCAATTCAACCC,1893
ACACGGTAAAGTTTAC,1892
AGTTTATGCATCGGAT,1892
ATGCGAAGATGGTATT,1892
ATGGTATAGCCAAACA,1892
CCAGTAACGGATTCGA,1892
CCGCAGGCCTCAGTAC,1892
GGATTAAAGTTCAAGA,1892
TTTGCAAAAGAATTTT,1892
ACATTCGCTGGTGCCA,1891
ACGAAACACAAGACAC,1891
AGAATTTCACTAGGGC,1891
CAATCCACCTCTCCAT,1891
CCTAACTTATGTGCGC,1891
CCTTCTTACTTCGACA,1891
CGTTCTCGTTATACAC,1891
GGAAGTAACGAATAGA,1891
GGGAAGTTGAAACTCT,1891
TAGACTAGTATATAAG,1891
AAAGTGGAATTATCCA,1890
AAGTATTAGAAAAATA,1890
AATTTCTGGCGCAACC,1890
ACATACCAAATTACGA,1890
AGATTAGCAGAGAAAA,1890
ATCCGATCGTTACAAC,1890
ATGATCCTTTACATGA,1890
ATTGGAAAACACGTCA,1890
CAATCATTACTTAAAG,1890
CTTCAACCCAGGTCAT,1890
TACCCTAAGTAGCACT,1890
TCCGAAAAATTGACTA,1890
AAAGACGTGTTCGGAA,1889
AACAAAATATAAACGA,1889
AGGAGGTGATGATTCC,1889
ATTAGAGTTACGTCCT,1889
CAACACCTTTAGCAAA,1889
CTTAATACAGTCCTAG,1889
GCTATGGAAACATGTT,1889
TATAAAAAATAAGGAA,1889
AAACTTCAGCAGTATT,1888
ACCGCATCTTAAAGTA,1888
ACTCCAATGCGATATT,1888
CAAAACTTCTATATCT,1888
CAACACTGTTAATATT,1888
CATAACAGCCACATCT,1888
CCCCGAAACAAAGATA,1888
AAGCGGAGCTGCTAAA,1887
CAGACATAAACAATTG,1887
CGGAGAGTTTAAGAAA,1887
GATTACGTTTAACTGT,1887
GGATCAAACCTCGAGC,1887
GTGTTGCCATGAAGTC,1887
TAACGAACCTTAAGCG,1887
TCACGCACACCGATTT,1887
TGAAACGACCCGTTGA,1887
TGAAAGAAGAAGATGA,1887
TGAACAATACGTCTTA,1887
ATATAGTAAGCAACGC,1886
CCATAAGAAGCTTTGT,1886
CTACACACCCGATGCA,1886
GTATAGCAAATGATAT,1886
AACCTTATAAGCAGAA,1885
ACGTTTACGCCATGTA,1885
ATAAGAAACGTTAGTC,1885
ATCTGGACCTTGAACT,1885
ATTATCAATATTAGCC,1885
CAAACGTGACATAGAA,1885
CAATGGCTGGGTCTAT,1885
CGCATAATCGCAAACT,1885
CTCCCCTCGTACCAAA,1885
GGGCATGCACGAGGTA,1885
GTATAGCTATTGCTGG,1885
GTTATGAGTACCCAAT,1885
TATATATAAGAAAGTA,1885
TGAGAGTCCCATAAAC,1885
TGCTCCACAGGACGAG,1885
TGGAGCTATCTCGAAG,1885
AACAACAACCCATCTG,1884
ACACGGAAGTAGGCCT,1884
ACCTAAGCCTAAACTA,1884
ACGCAAATAATCGACT,1884
CAACAGTAATTTGCTG,1884
CGAACAGAAATAGTTA,1884
GAGAGCATGATCTATA,1884
TCGGCGGACGACTGAT,1884
TCTCAATGCCGCAATA,1884
TCTTGAACAACCATCA,1884
TTAGACTTCAATAGTC,1884
TTTCGGATCGTATCCT,1884
AAAAATGATATACACG,1883
AAATTAAGCTCAAAGC,1883
AAGTTATTCCATACAA,1883
AATGGAAGATACTTCC,1883
ACTCAAATGCCTTGTG,1883
CCTACTCCTTCAAGGA,1883
CGGTATATGGAATCTC,1883
GAAGAAGCCAAAAGAT,1883
GTATACAAAACAGAAT,1883
TGAATTGGTACTAAAG,1883
TTGCCTGTAAAAAAGC,1883
AAATGGTTCTGACCAC,1882
ACGGCAATGCCCACAG,1882
ATAACTACGAGCATTC,1882
CAAAATGATCACTTAC,1882
CAAGATCACCTTAATT,1882
CAGGAATCGTAGAATT,1882
CAGGCTGAGTATTCCG,1882
CCAGAAAATTATAAAC,1882
GTGATTCCCTAACAGC,1882
TGAATCTCAGTCAATT,1882
AAATTTTAAACGCCGA,1881
AATCACTAGACACACT,1881
CACACGATCCAAAATG,1881
CGAGAGAACGTAGCTT,1881
TCTAACACAAAAACAT,1881
TGCGATTCTACTAATG,1881
TGGTATTACCGTTTTT,1881
TGTGCGACCTGTTATT,1881
AACAATTGAAGTGTTA,1880
ACACTGTCCCATAAGC,1880
ACCATTGCTTTCTGTT,1880
GAAGACTACCTTACCA,1880
TACCAACGTCACATAG,1880
TGAAATGTAAAGTCCC,1880
TTAAAACGGGAATACC,1880
AAAAACTAAACGACCA,1879
AACGTTGGTCAATATC,1879
AATGAATGATCGCGCC,1879
ACACCGCCATACGGGG,1879
ACTATCCAAAGCACAG,1879
ATATACAAGAGAGTAG,1879
ATCACTCAACTTTTTC,1879
CCCATGCCTGGTTACT,1879
TAAATCTACGAGCCAT,1879
TAATAATCTGTATCTC,1879
TCCTTTAACTTAAGTA,1879
TGTGCAATGCCTCCGT,1879
AATTTATTAAAATCTA,1878
ACAAAAGGCATGACAA,1878
ACCTTACCCATAATAC,1878
ACTGATAGATTAACAG,1878
AGACTACCCAGCACTA,1878
CAGGTTGATAGAATCG,1878
CGATCTCACATATTTG,1878
CTTACCTAACGAACAG,1878
GTTCCTTTCCTAACCA,1878
TCGGGAAGAAAGAACA,1878
TCTTTGTCACAAAAAC,1878
TGTAAACATAGAAGGG,1878
TTTATACCCGTAAAAA,1878
AAAAAGTAATGATTCA,1877
AACCGCTAGTATTAGC,1877
ACAGAAGACCTTACTA,1877
CAGCCACTCAAGGCAA,1877
CATCTCAATTGGATAA,1877
CCGCTTTTTCGTGGAT,1877
CCTCATAATAGAAGAA,1877
CCTTGCTAGACCACGA,1877
CTTACCAAACAATTTA,1877
GCCATGATATGAGCGA,1877
GTAATGCAACATAATT,1877
GTTGCCTGATAAACAA,1877
TAACAAATGACGGTGG,1877
AACGGAGGGGCGAACT,1876
AAGTAGTTTGGTGTAT,1876
CCACACCACCCGATGA,1876
CGTGAAGACTATACCG,1876
GGCGAAATCCGAAAAT,1876
TATAACTTGTGATAAA,1876
AACCTGGCTTTACTTA,1875
ACGATGGAATCCATGG,1875
ACGTGAAAGAAAATAA,1875
AGCAGACCAGTTATCC,1875
ATCATTACTTATACTG,1875
ATTGCCTCTAAAACAA,1875
CAAAATGTAGACTGTA,1875
CATAGTACGAACAAGT,1875
CCGCCTCGATCCACTA,1875
CGTCAGACCGAAAGTC,1875
GAACACATCTGAGGAT,1875
TAGGATCCAAAGAAAC,1875
TCCTGTCGTTACATCT,1875
TGCACGCGACCACGTA,1875
TTTTCAATGATCTTTG,1875
AATATTCTTACGATTA,1874
ACTAAAACAATCTACA,1874
AGACAAAACAGTTAAA,1874
AGCCACGAACTACGAA,1874
CAATCCAAAGGCTGTC,1874
CACAACATAATTGACA,1874
CGCCCCCTCGTTCACT,1874
CGCTAGATTTAATGTT,1874
CGGTCTGTACACGCAG,1874
CTATCATTCAATAGAT,1874
GCCCTGGCAATACTTT,1874
GCGGGTGAAACTACAA,1874
GCTCATGATAGATACA,1874
GGTCCTGGAATTAGAC,1874
GGTTTTAACAAAAGCC,1874
TTGATAATCTACTGAT,1874
AAGATGCTCTATCTGA,1873
ACAGAATTAAATTATA,1873
ACTTTTCTATCACTCA,1873
AGACCTTGACAAATGA,1873
CGGCCTAACCTGGAAA,1873
CTAAATGTTTACCGTA,1873
GACTTCTTACGGTTGG,1873
GGGTAGACCAGAACTG,1873
GTAGTCTTTATATGAT,1873
TGAAATGGTTTTTCAA,1873
TGAATCGACCATATTC,1873
AACCACTGGAAACCGT,1872
AAGATGCCAATAATAA,1872
CATATCCTATCTTTAT,1872
CTATAGTAATTAAGAC,1872
GAATTTCACATAATTT,1872
TCACACGAAAACACCC,1872
TCCTTCGAAGTTTAAT,1872
TTCCGCTGTTTAAAAT,1872
AAACAGCGAGTCCCGG,1871
AAGAATTCGCAAGAAC,1871
ACAAATAGTCATACTT,1871
ACCATCCCGTAAACCT,1871
AGAAATGACGGGAAAT,1871
ATACAAATGCGGAATG,1871
ATCAGCGATTATGGCA,1871
CAATAATATTGCAAAT,1871
CGCAGATAGATTATCC,1871
CTCAAAAATCACAAAC,1871
GGAATTGCCCATAAAA,1871
GTCCGTCAGGGTTATT,1871
TCCAAGCTCTATCTAA,1871
TTCGGGATCCTTATGC,1871
AAAGCGTGTTAGAAGT,1870
CATCTCTTGCCTAATC,1870
CGATCCAGCAGCTCGT,1870
CGGTGGATTAACCTTA,1870
GTAGACTTAGGTAGAC,1870
GTTTATTTTTTAAACA,1870
TAATACGCATTACGGC,1870
TACATGAAACTGTAAC,1870
TCACACAACCTTTTAG,1870
TCACGGAAATGCCTAA,1870
TCAGAGTCCAACTTGA,1870
TCCGAACACCCAACTC,1870
AACCTGAGGGACATGA,1869
AGGCCGCTTAGAAAGA,1869
AGTACTCCCGCGATAT,1869
ATTCCTCGTTTTAAGG,1869
CAACACCTTTATACTG,1869
CACGATTCTAGTCTAG,1869
CATGTTGAGTGCACGT,1869
CTAGAATGAATCAAGA,1869
GCCCAAAAAACTTTAC,1869
GTCAGTAATTTACCTA,1869
GTGGGCATGACTAGTA,1869
TCAGACAACAGAATCT,1869
TCGTAAATAGAAGCAT,1869
TTCTCTTATGCCTGGA,1869
ATGGGGAATAAACATA,1868
CAACGCTAAGAGTTCA,1868
CAATCATTAAGTATCC,1868
CCTCTGACTTGATGGA,1868
TAAGCGTCACTTACGC,1868
TAATCACGAACCACTA,1868
TCACTAACGCCCATCA,1868
TTATTACAAAAAATCG,1868
AATATCGATAATACAA,1867
ACAATCCCCGGAAGGA,1867
ATTGGTAATTCAGTAC,1867
CGAAGGAATTGAGTGA,1867
CGTCAAACTCAAGCTA,1867
GCGAAAGATTGCACGT,1867
GGACCCAATGGCATAA,1867
GTATGTCTGCATGACA,1867
TATAATGATCGCCTTT,1867
TGTAGTACAGTCATAA,1867
TTACAACTTGAGTAGT,1867
AGTAGACAAAAGAGAT,1866
AGTCCGTGGTTCTAGT,1866
CCCTAACGCTGACCTA,1866
GACAATAATCTTTAAA,1866
GTAACCGAAACGGAGA,1866
GTTGCATGAAAAACAA,1866
TTAGTAAATCCCAGCA,1866
ACTAAAATGATATTAT,1865
AGTAATTTTATATTGT,1865
ATTATCAATCAAGATC,1865
CTCTTACTGCCCACAT,1865
GAAATTAATATAACTA,1865
TCATATAGTGAATAGT,1865
TCGTTATACAGAAACG,1865
TTTACGCTATCTCCAC,1865
AATATAACTGGGGCAG,1864
AATGCTTCAGCGCAGC,1864
ACAAAATAATTCAAGT,1864
ACATATATGCTACAAA,1864
ACATGCATAACGATGC,1864
ACTCCGTTTGCGCTTT,1864
AGACTCAAAACGTCGA,1864
CAACCAGATCCAAAAA,1864
CATATGATATACACGA,1864
CCTTAAATATGAGAAA,1864
GAGCACTAAACTGTTA,1864
GCATATTTAAACCATC,1864
TAAACTGTTCCAAGAA,1864
TAAGTCATAAGGGAAG,1864
TGGAAGTAGTCAAAAA,1864
TGTATTATTTGACAGA,1864
TGTTTTATGTTACAAC,1864
TTCGACGCGTTAGCCA,1864
TTGTGATCCCAAGGGA,1864
AAAATGCTACCTTAAC,1863
AACAGCAAAGCTATTA,1863
AAGAAGAAAGAAAACC,1863
TAGAACCACATGAAAA,1863
TCCAGGCTACGTTCGT,1863
TGTTGAGCGTCACCAC,1863
AAAACAAAATGATAAG,1862
AAAGTATATAAACTTA,1862
AACCCCATTCCACAAG,1862
AATACCTATAAACAAA,1862
ACAAAAGCATCAAAAA,1862
ACCTTCCCACAATGTC,1862
ATTGTACAAAGGGTAA,1862
CAATCGGAGTAGAACC,1862
CATCACAAGCAGGACC,1862
GAAAAAAATATACATA,1862
GAAAGAACTCTTATCC,1862
GAGTAGACAGTTACAC,1862
GATGTTATACCCGTTG,1862
GCCAAAGCCACAAGCC,1862
TCCCTCATTTAACGAA,1862
TGAATACAAGTCAACA,1862
TGACGTAAAAATCAAA,1862
TTCAATCTATCTTCTG,1862
AAAGGCAGCAGAGGTC,1861
AAGAATAGATTAGTTA,1861
ACACTACGAATGGACT,1861
ACATAAAGAACTACTA,1861
AGCACCTATATGTTTA,1861
CGATACATTATTACGG,1861
CGATGAGTCCTAAAAT,1861
TCGAAAACGCCCAATT,1861
TCTAACAAAACCAATC,1861
AAAACCGTAACGTCTC,1860
AAATTCAGTGAATAAA,1860
AAATTGTAAAAATATA,1860
ACAGGGGACAATTCCC,1860
ACATGATTTATTTTTG,1860
ATACATAAGAAACAAT,1860
ATTAAAGTGAACTTGT,1860
CTGTATCTTACACACC,1860
GCATCTAATAGAAACT,1860
GGTAGGCCTATATAAT,1860
GGTTACCAAAGACTAA,1860
TTACTGTGGGGAACAA,1860
AAGACCTTAAAAATCA,1859
ACAGTGAGCTCTGCTG,1859
AGCGGTTTGAGCTTAA,1859
CACGTGCATCGCAGTC,1859
CCGAAGCGCCTGTGAG,1859
CGGATGATAACAGTAC,1859
TAGATCAAGGATTATG,1859
TATCTAATCTTTTATA,1859
TATGCGTAAAAGGAAG,1859
TGAAAGCTGAGAGATC,1859
AAACAAGGAGAGGTTT,1858
CACAGTACGATCAAAA,1858
CATTAAATCAGCGCAG,1858
GGAAGTCAGGATGCAA,1858
GTTGCCCGCTAATGTA,1858
TAATACGCAATACTCC,1858
TCTCATGCTTGCAATC,1858
TGAACGGCAAAAGTAT,1858
TTCCGGAATATGTGCC,1858
AAATGGGTAGACAAAC,1857
ACTTCTTAAAATAAGA,1857
AGAAACTAAATACAAC,1857
AGAATATATGCAAGAG,1857
AGACTTAGGATGTCTA,1857
ATTTTTGAGACCAACG,1857
GACCTAGAGTCTCTAA,1857
GGAGTACCAGAAGAAT,1857
TAAAAGGTGCAAGCCT,1857
TTAGCTATATGAGAAC,1857
AAGTATACCAGGAGAT,1856
ACAAATCGAGGACGTA,1856
ACACTAATACCAAACA,1856
ACCCCCTGACCTTAAA,1856
ATCACATTCAAGACAA,1856
CGAAACAAGATAGAAC,1856
CGTACTATCCCCAGCC,1856
CTGAAAATATAACAAC,1856
GCCTGCACGTCCTGCG,1856
GTCCGACCATGCGTAA,1856
AAAAGGTATCAGAAAT,1855
AGAAGACGCGCGAATG,1855
ATAAGGATACGACTAT,1855
ATACGAGGTTAAAATG,1855
ATCATAATGCACAACT,1855
CAATCGATAGCGCCAT,1855
CAATTAATACGGCATA,1855
CACACAGAGTTACTTG,1855
CATAACCAGGATTATC,1855
CATGTATATAGACAGT,1855
CATTAAGGATATGGCA,1855
GTGCGATCTATTACTA,1855
TAACATACTAAGCTTG,1855
TATGATCGTACTTGAG,1855
AATAAACGAAATACAC,1854
AGCTTATAATAAAATC,1854
AGGATAGAATGTAAGG,1854
ATAAATCTTCAGAAAG,1854
ATATATTTTTAGGGAC,1854
ATCCGAACCGTAAAGG,1854
CGCGCAGAGCGTATGC,1854
CTCGCCATAAACAACC,1854
GAATTCAATAGGACAT,1854
GGAACCCTATTACTAA,1854
GGTAGTAAATGTGAAG,1854
TACAACGGCATAGACG,1854
TTAACATACATACTTA,1854
AACATTATGTCCCCCC,1853
AATATTATGTGACAGG,1853
ACGACCGTCTTTAAAG,1853
ATAGTTTTAATGACCG,1853
CCCGATCGGTTACGAC,1853
CTCGACCAACCGATGA,1853
GACCATTTAATACACA,1853
GCCTACCCACCAGCAA,1853
GTCCGAGTAAGACAGA,1853
TCAAAAATCACCTAGT,1853
TGAAACCAGAAACTCG,1853
AGAAATATCGTCCGAC,1852
AGACTATGAAACGTTT,1852
AGGAAAATCGTCATAG,1852
ATGAGTGCCGTCTATC,1852
CACTAGTAATAAGAAG,1852
CTAACCCAGAGGATAC,1852
GCAGAACGTGTGCCAT,1852
TAAATAGAGAATTAGG,1852
TGTTCTGGCACGTTGA,1852
AAAGAAACAAGGGAAA,1851
AAAGAGGATTTACCCA,1851
CACTACTCTAAAGTAG,1851
CATACCCAATTTAAAC,1851
CCACATAAAAACAACA,1851
CCATGAAAATATTCCA,1851
CCCCTAGAGACAATGG,1851
GGACATTCAAACCTCA,1851
GTTATGAAACACAACC,1851
TGTATGATAAGTTTCC,1851
TTGACTTATTTTATCT,1851
TTTCGACTAAACTAAA,1851
ACCAGTAAGAAGTTGT,1850
ATGATAAAGATTTACA,1850
CCAAACTAAGTCCCCA,1850
CCACTGTTACCAATGG,1850
TACCTAACTAACCAAC,1850
TCCCTCTCATAAAGTT,1850
AGACCCAGTGACCGTG,1849
AGTGAATGCCGTGTAC,1849
CCGTCAATAGGGCGGT,1849
GAAACCTGAAAGAGCT,1849
GACAATATGTGTACCC,1849
GATGTCAATTATTTAC,1849
GTAAACCCAGTTTTGT,1849
GTAGAGCATTCCTCTA,1849
TATAGCTCACGGGCAC,1849
TTCCGAAGTGGGGAAC,1849
TTTCCCATAACGGTAG,1849
ATATCATGCACCACGA,1848
GGCTAGTTCTCGAAAA,1848
TCCGTGCTATACCACT,1848
TCGAATTAGTAAAACT,1848
TGGAAACCCTTCTGAA,1848
AACAATAGACACTACT,1847
ACGTCCATTCCAAGGG,1847
ATGGCAGCTCCGTGCT,1847
CGAAAAAGAGCGCGAA,1847
CGATCGGACTTCAAAG,1847
GAAAGCTCAAGATACC,1847
GCTTACCACACCCAAA,1847
AACCTCCCATGCTTCG,1846
AACTAAAAACCACAAT,1846
ACACCTGACGTTACAC,1846
ATACGCATAAAACAGG,1846
ATACGTATGGCGGGTT,1846
ATGAGAATAGTAGAAG,1846
ATGGCCGAGAGCCTAC,1846
CAAGGATCCACCTCAA,1846
CGGAGCGATCGAATCA,1846
CGGGGCGTTTGATAGC,1846
GAAGAAACAATTTTAA,1846
GAGGAAGTTTACGGAT,1846
GTATCATGGAACGGCC,1846
TACGACCACACCGGTA,1846
TTATATCACTTTAAAG,1846
TTCGGTGAACTACCCC,1846
AAAGAATGACAACACA,1845
AAAGACATTAGCATTG,1845
ACTGTAAGTGCCACGT,1845
AGCAGTACTCAAAATA,1845
AGTGGATTGCGTGCCC,1845
ATACCACAGACGACTT,1845
ATGAAGCCTTTGTGCT,1845
ATTTAAAGAGATATCT,1845
CACCACCATGTCACAA,1845
CATATTCCTACCTCAA,1845
CCAAAAATAGCTACAA,1845
GAGAAAACAATTAGTC,1845
GCTTAAATCAACACTC,1845
GGGAGGTCCCCACGAA,1845
TAACGAGGCATCTTCG,1845
TTATGAACTGAAGAGA,1845
TTGGGAGATAGGTATA,1845
AAAAAATCTTTGCCTT,1844
AATCCATACTAGGCAA,1844
ATCCCATGTACTATCA,1844
CAGACTTCATACACTC,1844
CATCGCGATCAATAAA,1844
GTATTATCGGTCCCGA,1844
GTGCCCTTCGTTCACA,1844
TAACTTACGATAACCC,1844
AAAAGTTGCGGTGACT,1843
AACCACCGCAGAATAC,1843
CAAACGAGAAATAAGC,1843
CATGGATAAAGACGCG,1843
CGGATCTTGAACCAGA,1843
CGGCTAGTATCCCTAT,1843
CTAAGTCCTTTAAAAT,1843
CTCACTAAAAACAATT,1843
GATAAGAGTATAATAT,1843
GATCCTGTGTAGCCAC,1843
GCAACCAAGAGTATTG,1843
GGAGCTTTCTACTTAT,1843
GTGAGACTTACAATCT,1843
TCGGAGTCTAAATATT,1843
TGCGACGGCAATGCAC,1843
TTGTAATATACGTCTT,1843
TTTGCAGATAATATGA,1843
ACCGCGTATAATTAGT,1842
CCGTAAGAGTATGCGA,1842
GAATCTTGACGGCGCC,1842
GGCAAGAATGGCACCA,1842
TAACGTAAAGTACTAA,1842
TACAATTAATCGTACG,1842
TATTCAAATCTTAGCC,1842
TGCAGAAAATATTTAA,1842
TTGTTGTTGCAGAAAA,1842
AAAAAATCCAATAAAT,1841
AACAATCGTCATATCT,1841
AACATCCTGCATCCTC,1841
ACCGTCAGTTAACAAA,1841
AGCATTAGTGATTTCC,1841
CACTCCCCATGTTCCT,1841
CTTGTACTTGATACGA,1841
GATAGCACTGAGAATT,1841
GTAAAGCTATTTGTGA,1841
TCCGGGAATTGGAGAA,1841
TGAATAATTTAGACCC,1841
TTAATATGCACGAGCT,1841
TTGCAAATAAGGGAAA,1841
AAAGCCCAACTAAGAC,1840
AAGCCTCTTATATAAC,1840
AATTTTTGTACAGGTC,1840
ACTAATTACAGATTTA,1840
AGGTATTATATAGAAA,1840
ATAGCTACATTTCCGA,1840
ATGAAACAAGCTTATC,1840
CACAAGTAGGCAGAGT,1840
CTCATAACGCACGTAC,1840
GAAAGCTAAGTAGATG,1840
GAGTAGGAAAATAAGA,1840
GGGAAACGTACGATAA,1840
GTATATGATGTGAACC,1840
TGTCGTTTTTGAATCT,1840
AATCAAAGTTGGACCA,1839
CCAGGCTTAGAGTCCC,1839
CCGCCAACCACGGCAG,1839
CCTGATAAAGCCCCTC,1839
CGACAAATATAAGAGC,1839
GATTTAAACTTTAATT,1839
TAAACACCATCAATTG,1839
TAAGGCCTTATAACAA,1839
TATACATTACCTTAAC,1839
AACAAAGTATCAAAGT,1838
ATATACACCTTTGATG,1838
CCGCTTATAGCCCACT,1838
CGGGCTGCGTGCAATA,1838
CTCCTATCAAGTGGAA,1838
CTGATAATAGACCAAA,1838
CTTACACCACAGCCCG,1838
GCTTACATAACCACCA,1838
TTCAGTAAAATGGCTC,1838
AAGATGTCTTTACAAT,1837
AATCTTAAGCATGGCT,1837
AGCTCATAATATCCCG,1837
AGTACACTTTCCCCAG,1837
ATTTCCGAAACCTTTG,1837
CCGCTACAGGAACATA,1837
CGTGGCACCGTGATGC,1837
CGTGGTCACATACTAT,1837
GAAACAACCTCTTACA,1837
GCATAAGATCAGCCAT,1837
GGAAGCCGCCAGCATC,1837
GTAAGGAGATGGCAAG,1837
ATATTGACTATGGGAT,1836
CCCTTCGTGAACGAAT,1836
CTTTTATGCCTCACAC,1836
GACATGCAATTTTAAA,1836
GCGTAGATAGCATATC,1836
TCACATAACAAGCCTA,1836
TGAAAATTCCATATAA,1836
TGAACTGAGTACAATC,1836
TGACAGCTAGAAGCCA,1836
AAAGTTTGATTGCCCT,1835
ACACAAGTCATTATTA,1835
ACTACACACACAACAG,1835
AGAACACATGAAATCC,1835
ATAACTGCGTGAGGGA,1835
ATACATTGACGGGTCA,1835
CTTGGCGGTACTACGC,1835
GACTCAGAATAAGCAA,1835
GCTTGACCGCACACAT,1835
TAAAGCCATACACGAT,1835
TAACTCTCTGATTTGT,1835
AATGGTCAATGCAACA,1834
CAGGGACTACTCCTCA,1834
CCGCGACAACAACGCT,1834
CTTAACTAGTTAAAGA,1834
TATGGCTCAAAAAATA,1834
AACTGGCACAAAGTGA,1833
AAGAGTTTTAAGCTCT,1833
AATGTAGTACGAGTCT,1833
CAATACCTCGGGTAGA,1833
CCCGTATTCATCTCAG,1833
CCGTAACTTGGAACAA,1833
GATGACTGCTACTACC,1833
TGCGCTAATGCTCCAA,1833
AAACGTAACCTACATC,1832
AAAGGATCAAAATTGA,1832
AATTAAAGGTGCGTTT,1832
ATACGACCTACAGCTT,1832
ATTCGGGCTTAATAGA,1832
ATTCTTTCTTCTCCAC,1832
CCTATAGATTTATCCC,1832
CGAGACCTCACGTATC,1832
CGGTAGAAACTTCCTA,1832
TGACACGTAAACGATA,1832
TTAAACGAAAGTACAC,1832
ATCATTCTCTGCGAGA,1831
CAAGCTCGACAGCATG,1831
GAAACCGAGTCCCTCG,1831
GGTATAGTTTAACGCA,1831
GTTTCTCTTGCACTCC,1831
TAGCTGGAATACAGAG,1831
TCATCAGTTGTTAATG,1831
TCCCGATGAGACTTAA,1831
TTCCACCGCCGCCGCA,1831
AAGCTTCACAGTCGGG,1830
ACAGTGAGTCCGATAA,1830
AGATGGTAGGACTGCA,1830
ATCAGGCAACTGCGGG,1830
ATGACCGATTGAGTGA,1830
CAATACATTACATTAT,1830
CATAAATATATCACAG,1830
CCAAAAGTATATTAAA,1830
CCGGTACCTGGCAAAT,1830
CGCCCCAATCTATACC,1830
CGTCAATATAAGGCAC,1830
GAAAAACCCTTAACTT,1830
GAAACAGAGAACTAGT,1830
GCAAGTAAGAGTACAT,1830
GCGTCTGGCGTTCCCT,1830
GCTGAACTGAATACAG,1830
GGCACAAGGACACCGG,1830
GTTAAGACCCTCATCA,1830
TCCCCCCTGCAACCCA,1830
AAAAGCCCCTTCGTTG,1829
AAACTAACAATCGCTG,1829
ACGCCTATACGACTCT,1829
ACGGTCAACCAACAGG,1829
CCATTAACTCGACTAA,1829
CCGGAATGATCGATTG,1829
CCTCGACCATGTGAAG,1829
CTGTGCATTGGTTCTA,1829
GGAGTGAGCAGCAGTC,1829
TACATTCACCGTTAAT,1829
TCATAAGTATTACCAT,1829
TCTACCGGTTATGGCC,1829
AAACATAACCTGAATA,1828
ACCAGAGTCTGTAGAT,1828
ACCGGGTAACATACCT,1828
ATATAATTAATCTACT,1828
CGATCAGCCAACTTCT,1828
CTATCTACAGGATCGT,1828
CTGCCATTGCCACTAA,1828
GCACCTTGTATGACCT,1828
TAACTAATGAGAACAG,1828
TAAGGCTTGTCTTATA,1828
TCAATGTCGATGAATT,1828
TTGCTTTCCAAATGCA,1828
AAGACCAAATCGAGAG,1827
ACACGCACCCGATGAG,1827
AGAACTTAAACTGTAA,1827
AGTTAACACAAAACGA,1827
ATAACCGCACATACGA,1827
CAGTCGACCAGCCAAG,1827
CATTCCATAAGTCAGT,1827
CCATGATCGAACGGTC,1827
CCCGCCCACCGAGGAA,1827
TAAACTTTCTAGTATT,1827
TTAATACAATTTCAGC,1827
AAGTTTAAAGGGTGTG,1826
ACGCGCATGAAGACAC,1826
AGCGAATGAACAGACA,1826
CTTCAAAAGACCTAAA,1826
GCATTGCTGGAACCGT,1826
GTTCCAATATAAGGTC,1826
TAAATAACCTATAAGG,1826
TGGCACACAAACCACA,1826
TGGTCCAAAAAATTAA,1826
AACTGATGTTGGGCAC,1825
AATTTAAAATTTACCT,1825
ACGGAGTTATACTCTC,1825
CAATCAAAGAACCATA,1825
CCAAACAACTTCCGCA,1825
GACGATAAAGTGGGCA,1825
GTGACGGAATCGCCTC,1825
TAACAAAGAACGATTA,1825
TTTAGATCGAGGAAAT,1825
TTTGTTACCGCAAAAG,1825
ACATGCAACACCTTTT,1824
ATTTTAGAATTAAATA,1824
CAAATATTAGTTTCAA,1824
GCCTATAACCACAACC,1824
GGCTCACCAAGATTCC,1824
TAAAACCAAGATAGAA,1824
TGTTTTGCGAGGATAA,1824
AAAACGCGAATGGACA,1823
AAGAGGTGAACCGCTT,1823
AGTCTACCACAATCAT,1823
ATGAAACTTAGCTGCG,1823
CTAGCCCGTATGTATG,1823
GCGACTATGGACACTA,1823
GCTTAGGTAGATCAAA,1823
GTAACCCCAACCACAA,1823
GTTAATCAGCCCCATA,1823
TCCGCAATAGCCGGGA,1823
AAGAACTATCGATCTA,1822
AGGTTCCACATCGGTA,1822
ATGAAATGCCATCACA,1822
CCACCAAACACAGAAA,1822
GAGAGAGGATACCAAT,1822
GTCGATCTTCTAATAG,1822
TAAACCAATACGACAA,1822
TAAGCCACACCCGGTA,1822
TACGATGAGATGGTTG,1822
TAGAAATTATATCACG,1822
TCGCTGAAAACGAACC,1822
TGTATATAGGTTTATA,1822
TTGAACACAATATAAT,1822
ACACTTACATCGTTTA,1821
CAAGAAGAAACTACCC,1821
GAACACGCAATAAACT,1821
GGCTTGTCACATATAC,1821
GTTGGAATGTACGGGG,1821
AAAATTCGAGCGTAAC,1820
AAACATAGTTACGCAA,1820
ACAAGCCTATCATACG,1820
ACAATGTCGTACTGCT,1820
ACATTATCTCGAACCT,1820
AGAAAAGTTCATTCAA,1820
ATAAACCAAAGCAAGC,1820
CAAAATACAAATCTAA,1820
CCAATCACCGAAGCAT,1820
GATACACCATAATGCC,1820
GATGGCAGCTTTCACC,1820
GTATAAAAGCACGTTA,1820
TGCTAAAAGCAAGAAA,1820
TGTAATTTTATGAAAA,1820
TTAACCCTTGTTAAAG,1820
AAAATAAAATGCAACC,1819
AAACCTGACATGCCTT,1819
AAACTCCCAGATCCGA,1819
AACACCAAACGGTATA,1819
AACCGAAGCATCTTAG,1819
AAGATCGTATGTTGTA,1819
ACAAGATCTACAAGAT,1819
CTGACCGACAATCCTA,1819
CTGTCTATGGGTATGG,1819
TTCGTGTTTAATAATA,1819
AACACGAGGCATGTGT,1818
AGACCATGCCTTATAA,1818
TGTCACCGACCTTTAA,1818
ACGAATTACACCCTCC,1817
CTTTAGTAGGTCAGTA,1817
GAAATATCCTTAAAGC,1817
GACTCTACCACGAGTT,1817
GTTGTTGGAGTTACCA,1817
TCGCCAGATGGAGGCA,1817
AGGTGTTCTGCCAAAG,1816
ATTTAGTTTTCAAGTA,1816
CGTAATCAAATTATTG,1816
TAAGAACTATATGCCC,1816
TACAGGGATATTAACT,1816
TATCGGAAGCACTTCG,1816
TATCGTGCTTGGTAAA,1816
TCCTATTAGAAATGTA,1816
TCCTGCGGATTCTACC,1816
TTGTGAAATTGCTACT,1816
AAAAACTCCCATCCAC,1815
AAAGTGACCTCATTAA,1815
AAATGCGGAGAGGGCT,1815
AAGTGCCGACTCTAAG,1815
ACAAATTCTATAGCCA,1815
AGAACCAAGTCTATAA,1815
AGAGCAAGCACTAAAA,1815
AGGCCACAGCTCACTT,1815
CCATCTAGTTCATGAA,1815
CTACGCAAATATGGCA,1815
GAACATCCAGATAGCA,1815
GCACCTCGTATCTTCA,1815
GGTGGACTCCAAAAAT,1815
TAATGCCTTTAGGTCG,1815
TTGAATACAATGTTTA,1815
AACTTTGAACGGATGC,1814
AGCGAGAGATTAAGGA,1814
AGCTAACTGCGATAGA,1814
AGCTGAAAACCCCAAC,1814
CAAAGACAGCTCAAAA,1814
CGCTGATAAATAATAA,1814
CTGCACCAGAGTCCGA,1814
GAGCAAACTTATGAAG,1814
GATGCTTAGATGTGTA,1814
GTGAGGCACGAAACCG,1814
TAAAAAACAAGCCTAC,1814
TCACAGGCCATGTTAA,1814
TTCGAATTTAAAAAGG,1814
AAAAATTGACTAAGGT,1813
AAATAGTAGCGACAAA,1813
CAAGATACACGGTTAA,1813
CAATAAAGAGAATCAC,1813
CAGGAAGCTCTTAAAA,1813
CCAAGCTTGTTTTCAT,1813
CCTTTTCTGCGACATA,1813
GACCTTCGCTTGGGAT,1813
GGTCGAATATTAATAA,1813
GTTGATAGTTAACTCA,1813
TAGCGTGATGCCCTAT,1813
TATCCGCTACAAGCCA,1813
TTACTTAATCGTTTAA,1813
AATTGTGGACCATGAT,1812
ACAACAAAGCACTGTG,1812
ATGCCATAAGACCGGG,1812
CCCGCAAGCAGCAATG,1812
GTAAGAGAACACAAAT,1812
GTGAATAAATACCAGA,1812
GTGCTTTATTATGCTC,1812
AAACTACAATTCTAAA,1811
AAAGAAGTATCCGAAC,1811
AACTTTAATCAACACT,1811
ATAAGACCGGCATGCA,1811
GTGACTGAGCCAAAAC,1811
TAGGTTTGCAACGAAA,1811
TCTTACTGATCTCAGC,1811
TTTACTCCGTCTTGCG,1811
AAATTTCAACAAATAC,1810
AATTTTACAAATCAGA,1810
ACACGTCACTTTCAAG,1810
ACCTTGTTTAGATAGG,1810
ACGAGTCCCCAATCAA,1810
ATACATACTCTATAAG,1810
ATACCGAAACCTCAAA,1810
CAACCGTCCCCCAAAA,1810
CAACGACTAAGAATAA,1810
CAGCCCTAAAATAGCA,1810
CTAGCCCTCGCGGCAT,1810
GGAACACAACCGATTA,1810
TAAAAGACAACAGTTG,1810
AAAGAGTTACTACAAA,1809
ACTAGCAGAGAAGCAT,1809
ACTCCTCATTCCAAAT,1809
AGAGGGACACCCATTC,1809
ATTCTAGAGTGCTAAC,1809
CAATTATGGAGATGAG,1809
CTATAAGCTACACTCC,1809
GAAAAACGAGCCCAAA,1809
GAAAATATATAGGTAC,1809
GCAGAAACGCATAATT,1809
TACATTTTAGGTACAT,1809
TAGTATCTTTAGAGAA,1809
TTATTTAAATCAATCA,1809
AAAGTATTCAAACCCG,1808
AACTCACCTCCCCCTG,1808
AATCAGTAAACTCCCT,1808
ATCGGAGAAAACTTTT,1808
CCAAAGAATTTGACCA,1808
CGCGAATTTCGAAAAA,1808
TAATGATTATGAAAAT,1808
AAACAAGCAGTAAATA,1807
AAATTCTAGCTCCTGT,1807
AGCTGCGCGGAGTCGA,1807
ATAACTAACGGTAAGA,1807
ATAGTTGCAAACATAT,1807
ATCTGGTGAATAAGCT,1807
CCTTATATATTATAGA,1807
GGGATCTTTTGTAGAT,1807
TTGAAATCGCGTTAAA,1807
AACTGCTAACATATAA,1806
AACTTTTGAACTAATA,1806
AAGACTTATAACACTA,1806
ACACGTCATCGTTAAA,1806
ATTACCAATGTAAAAT,1806
CAAAAAAAATTCATCA,1806
CAAACTAAAAGAAGTC,1806
CACCCTAATGAGATCA,1806
GCCGGGAGCGTTAAGG,1806
TAATATTAAATAGAAC,1806
TATAATCGGACATTAC,1806
TATTTACCACACAGAG,1806
TCAGGCAACATATCAT,1806
TCTTGAGGCGAGGTGA,1806
TGACTGTACCTCGCAT,1806
ACTAACCTGCGCAGAT,1805
AGCGCCATTATTGTAC,1805
CAATAAAATACCAGAC,1805
GAACTAAAACCGAAGG,1805
GACACAAATGTCATAA,1805
GACCACTGATATAACA,1805
GATATACATAAAGCGT,1805
TTATAGAAGGAGATAA,1805
ACGCCCAGGCCTCACA,1804
CTAAAAATGTAAGGGT,1804
GAACATAAAACTCTAT,1804
GAACATACGTGAACGA,1804
GACTCGAACTTGGACG,1804
TAATTATTTAAAGATA,1804
TATACGCAAAACAAAG,1804
TGTCAACATGTCGAAA,1804
TTGCATCAAAATACAA,1804
AAATCTATATCGACGA,1803
AACGTGACTGATCTAA,1803
ACGAAAGAACGTGCAT,1803
ACTACGTCAGATAGAT,1803
CAAAAGCATGAAGGTT,1803
CAAGTATTTCATAGAA,1803
CACAGCCAACATGTTT,1803
CACCAGCCCAAGTATA,1803
CAGTGTGTTATGGTCC,1803
TAAAACAGTGGGTGAT,1803
TAACTGTAACGCTATT,1803
TACGGACTGCGCTTAT,1803
ACGACGCTAAGAGATA,1802
AGATATCAAGTGAAAG,1802
ATCGAAATGAGTAAAA,1802
ATTTATAATCAATCAG,1802
CCAATACATTGACCAC,1802
CCTATCACTTGCGCTT,1802
CGAAAAGATGCAAAGC,1802
GTCCTATACTATTGTA,1802
GTTTACACCTGAACTA,1802
TAACGGGAGATCAACG,1802
TAGGTGGGAAATTCAC,1802
TATGCAAGCGGCAACG,1802
TTTTTCCACGAAGCAT,1802
AAATCTGAAGCCAGAA,1801
AGAGGCACCCCCAAGT,1801
AGGTTGGTACTATTAT,1801
ATAAAAATACTAAGGG,1801
ATTGGATCTAAAATAC,1801
ATTTTAACGGCAAAAC,1801
CTCTAGATTCCTTGCA,1801
GAGTTAAAGAGTAGCT,1801
GCAACAAAAGTTGGAA,1801
TAAGTCACTTGATATA,1801
TCGACCAGCCCATAAG,1801
TGCCCGTCTAGCCGCA,1801
TGGTTATAGGACAGAA,1801
AAACTCGGCACGATAA,1800
AATAAACAATACCAGA,1800
AATTCAAGCACTGATA,1800
ATATGTGACATAGAGC,1800
GTCGCTATCATGGTCG,1800
GTTACAGCTAACTAGA,1800
TAACGTAAATACCTGC,1800
TATCAAGTTCAGAATC,1800
TCTGTGAAAACCCAAA,1800
TGAAGAACCAAAATCA,1800
AAAGGTTATCGCCGTA,1799
AACCCCCTTTTGAGCG,1799
ACGAGATTGAATTACT,1799
AGGCAAGTGCTTATTG,1799
CACCTGCACAAAGATA,1799
CACTCATCTGAACCTG,1799
CCTCGTACACTAATGA,1799
GACGAAATAACACACT,1799
GGACGATAAGGGACTA,1799
TCTGTCCTTTAGACAC,1799
TTATACGACTCCGCGT,1799
AACCAAACATCCAGTT,1798
AACGATTTGTTAACCA,1798
AATAGACACAGAACCA,1798
GGAAGACGAGACGGAG,1798
GTCAACGAATGAAGAC,1798
TAAAGGCCAACGCAAA,1798
TAATCAACCTGGGGCT,1798
TCAGTGGTTAATAGAC,1798
TCCAAAATGAGTCTTT,1798
TCCTGTATAACCAAGC,1798
TTCTTAGGAACAATCC,1798
CATGTGAAATCGAATC,1797
CTAGGACAAACTCTAA,1797
CTCCTCCCAACAGAAA,1797
GAACAACAACAAATTT,1797
GAGGACGTTAGGCAAA,1797
GCAAAAAATACAAGCT,1797
GCGTTAGAATCTCCCT,1797
TATACTACGACCTCTT,1797
TCTTAGATAGAAAAAA,1797
AAAATTTTTATCCAGA,1796
AACACTGCTCAGGCTA,1796
ATCGTATGGGGCGTAA,1796
CAAGTAGTATACCGCA,1796
CCCCCAATGAAACGGG,1796
CTTGTTACATGAACAG,1796
TACATAACCGGTATTT,1796
TGATTGAACGTTAGGT,1796
TGCACATTAAAGCAAT,1796
TGCATATGATTATTTA,1796
TGCTATAGACCTAACA,1796
AAATACCCTCCCAAGA,1795
AACGCGCCTCTGCACA,1795
AAGCTAATCGACGGCT,1795
ACCAAGGTCTGTTACC,1795
AGTCCCGACTCCGTGA,1795
ATAATGGATATTGAAA,1795
CCACATCCAACCTATA,1795
CGTATAAGAAAGCGAA,1795
GAAATAAAAGCTCTCA,1795
GACAAGTCACAATTGC,1795
TAATTCAACTGAAACA,1795
TGTAACAGAGGAACAC,1795
AAAACTTCGCCTGATA,1794
AAACTGTGCCAACTAA,1794
ACGACGGAAAATCAAC,1794
CACCAACTTGGAAAGG,1794
CAGTATCCAAAGCGCT,1794
CCAACCGAGGTATTTC,1794
CTAACAGTCCAAAATG,1794
CTAGATCCATTCTAAG,1794
GATACAGTATGTCAAC,1794
GGATAACGTTAATTCA,1794
TACTAAGCCGTATTCG,1794
TCCCAAGCATCCTACA,1794
TGACTAAAACGAAGTG,1794
AGATCAGTCCAGTGTA,1793
ATTTTGTCAGTAACGG,1793
CACTAATGTCCAGTTT,1793
CGAGAACCTTTACATA,1793
CTGATTTTGCGCGGAT,1793
CTTGAAGTGCAAAACC,1793
GAACCTACGACGCAAA,1793
TAGAAATACGATCCCT,1793
TGAAAACAATGAGCCC,1793
TTAAACAAACACCTGT,1793
AAGTAATCATTGTATC,1792
ACTTGCCCTACCCGTA,1792
AGAGCTAAAATACCAC,1792
AGCGGTGCACTTCATA,1792
CATACAGAGACTGAAA,1792
CTAATAAGAAATCCGT,1792
GAAGTTGCTGAATCGC,1792
GACTAGATGACGTACT,1792
GATAAATACTATCCAA,1792
GTTGCAAAGCCTTGGC,1792
TAAGGAAATCCTTTGG,1792
TATTCCTAAAAAAATT,1792
TCATATTCTCATTAAG,1792
AAAAAATATCCTTAGT,1791
AAAAGTATTTGAATGC,1791
AAACACAATGATACAT,1791
AAACTCCGAGAGAATA,1791
AACGAACACCCTGTCC,1791
ACTACATCTAGTTCAG,1791
ATCAAATTCACATACA,1791
ATCCTATTCAAAAAAA,1791
ATCGAAGAATGGATGA,1791
CAATCTCGCGAGAGTT,1791
CTCAACATATTCGTTA,1791
GAATAGCATCCTAGAT,1791
AACTGCACTACGTACC,1790
TAAATCGATATAGAAA,1790
TGGGGCCATATAAGGG,1790
TGGTCCTAACTATATG,1790
TGGTTAAACCAATAAC,1790
TTGAAACCTGTGTTTA,1790
CAATACGATCGCACCC,1789
CAGAAGAAAAAAATAA,1789
CTTTGGGTACCCAATC,1789
GCTCGGCAGCTCCGCT,1789
GTAACAATTAGAACCC,1789
TAAAGCACTAGATAGC,1789
TAACCTAAAACCTCAC,1789
TAATAGCTCAATGATA,1789
TATTATAACAACACTT,1789
TCTAATCATCAAAATC,1789
TGAGCTACTCTAAAAA,1789
TTTAAGAAGTGTTTCA,1789
TTTTTCAAAAACAATT,1789
ACAAGGAAATTCGGTA,1788
AGACAAGTCCTGAAAA,1788
CAAAATCTAGGATAAC,1788
CAAGTTAACATCTAAG,1788
CATCACGAGATATTGT,1788
GGCGAAACGAGTCGAT,1788
TGTAGGATCATAAGAA,1788
AACAAAAAGTTAGCTT,1787
AAGAATTTAAATTGAA,1787
CATAATACACCTAAAT,1787
CCACTACACCTAAAGA,1787
CGATGGCAGGGAGGGT,1787
CGGGATGTATGCCCTA,1787
GATACTAACTTATGCA,1787
GTACAAGTGCCATCAA,1787
TAATTTAACTAATGCG,1787
TCGTTTGGCGTTAAAT,1787
TGACTGTGGGCTCAAC,1787
AATAATAGGAGACATC,1786
AATATAATGCCCACAT,1786
ACAAAGTAGTATTAGA,1786
ACCCCGTCCTAAATCA,1786
AGACTGACATTCCCAA,1786
AGCCATACCGAAACAT,1786
ATCGGCGAAACTAAAC,1786
ATCTAAAGTCAAAGCG,1786
CAGTCCACTATTCCTT,1786
CATGATTGAAACCGGG,1786
CATGCAATATACGACA,1786
CTACAATTATGGGGTA,1786
CTCTAAGCCCTCCAAA,1786
GAGAGCCCAGATTTAG,1786
GCCTGGCATATCGCAG,1786
GGGGAAGAAGATATAA,1786
GTTTCTATAATCGTAA,1786
TCAATATCCAATTAGA,1786
TCTATATCTTCAACTG,1786
TTCCGATTAACATTTG,1786
TTTTTAAGTGAGCCCT,1786
AAGGTGGTATTTTTTG,1785
AGTCAAAACAGGATGA,1785
ATGAAACATCATAAAA,1785
ATGCGTTTTTTAAAAC,1785
ATTCTTTCCGATTTAA,1785
CAAAAGGATCGCCCCT,1785
CGGGAAAAAAGATCTA,1785
CTTAACCACTACAAAA,1785
GAAGAACCGGCTAACC,1785
GATGACATCAAGTAAG,1785
TAACAGCTAGTTATGT,1785
TCCATGGAATATAGCT,1785
TTGTACCGTTAAAAGT,1785
ACAAGATACAGAAAAT,1784
ATCTTACGTAAAAAGA,1784
ATTTGAAACACCGTAA,1784
CAACAAACTTCATCAG,1784
CAGCGTCATCATTAAA,1784
CATGCTTGTCTACCGA,1784
CGATTAAATACATAAG,1784
CGCAAATTAATACATA,1784
GAATTCACCAATTTTT,1784
TAAGCTATTAATGTGG,1784
TATTTAAATGAGTTAC,1784
TGGCGATTGCTGAAAC,1784
TTTACTGAAATAGCAT,1784
AAACCGACAATCTCGC,1783
ACCAATTTACTACGAA,1783
ACGGAACATCAAAAGG,1783
CAGTCCATCTATCAGC,1783
GAACGCATATATTAGC,1783
GACCAATGCAAACCAT,1783
GACGAATAAGGAGCCT,1783
GGACGCACAACAGAGA,1783
TACCACCTATATCACC,1783
TTCCGGTTACAATGCC,1783
AAAGTGTGGGCACGAC,1782
AACTCAATCGAAGCAT,1782
AAGAAATAATACAAAA,1782
ACCTTTTCTCAAAAAT,1782
ATCAAGTATTATCTAA,1782
CAGAAATATTGACTTC,1782
CATATCTATGGACTAT,1782
CGATTCGTGGTACATA,1782
GCAACTAAAATAAATC,1782
GTCCCCGAAGCTGTCA,1782
TGTACGTACCCGTTTT,1782
AAAAGGGCACCCTCGA,1781
AACGTGACGGGTTAAA,1781
ACTGGCGTTAACGATC,1781
AGAGCTAAGAAGAAAC,1781
ATTACGGTTCGTCAAA,1781
ATTTTAAATCCCACCA,1781
ATTTTCCTAGTAAGAG,1781
CTTGCAGTAGGCATGG,1781
GACCCATGGAAATGGA,1781
GTTCCGCTATTTCTTA,1781
TAGACCGAACAGATCC,1781
TCCAGCATATCTTCTG,1781
ACCACAGACAAATAGA,1780
AGAAAGATGTGAACAA,1780
ATAAGAGACTACATGT,1780
ATTACATATTGAAATT,1780
TGAACCCTATGCAGCT,1780
AAACGTTACGAACTCA,1779
AAATAATCTACGAGGG,1779
ATACCTGTAGAGTCAT,1779
ATTAAACATTCTAAGG,1779
ATTATGGCGTAAATTG,1779
ATTGGTGGAAATTAGC,1779
CGAAAAGTAAAATATA,1779
CGTAGCCTTAGTTACC,1779
CTTGTTAACAAAATTA,1779
GACACGATTTCTGATT,1779
GAGGGATATTCGATTC,1779
GCCTATGTAATCATTC,1779
TCTACAACAGTTAAAG,1779
TTGCCTTACTCGATGG,1779
AATCTGAAACATATCT,1778
ACACGTATAGACGATT,1778
ACCATAAACTACTGCC,1778
AGCATGGAACGTTACC,1778
CCAAGACAATCGCCCG,1778
GCAGAAGCAAATTCGC,1778
GGATAAGTAGGACGCA,1778
GTGACCAAAATTTCAA,1778
TATAAAAACCTCCGAG,1778
TCCACTCCTCTCAACC,1778
TCGCTAAAATGGTCCA,1778
TGGCCTCACATTACTC,1778
TGTCGATTTTGCGAGC,1778
TTAAAATAGAGTTGAA,1778
TTAAACGAATTTCTTA,1778
AAATTAAGTTAGTGAA,1777
AAGATTAGGCTTAACA,1777
AATCCGGATACCTCAC,1777
ATCACCAGCAAGCGGT,1777
CAAGAGAATAAGAGGA,1777
CACGTACCCACGATGT,1777
CCAGCAATTAGGGCAA,1777
CCATAGCTCTATACTG,1777
GAAAGGAGCGCAAAGA,1777
TACTACCAGTGTAAAC,1777
AAGGTAAACCTAAATG,1776
AATCATTAACTGTCCA,1776
AGCACGATTTAAACAA,1776
AGCCCTTCTGAATAAC,1776
CCCTACCTGACAAAAA,1776
CGAGCCTCAAGCAAGG,1776
CGATATCCAGTAAAAA,1776
CGCCAATATCTGGGAA,1776
GAAATAAACAAGGTAC,1776
GTTAGAAAGTAATTGT,1776
TATTAGCTGAAGGGGT,1776
TCCAAAAATCCTATCG,1776
TCCCCGATCCTCACTT,1776
AAAGCTTGGCCATTCA,1775
AAGTAAGTAAATGCAT,1775
AATAGGTAACAATATG,1775
AGACGTCTATCCTACA,1775
CGACCCCTCCTTTGCC,1775
GATGCAAGTGACCATT,1775
GCAGAACGTTTCGAAA,1775
GTATGTGTAAACTATT,1775
GTGGTAACCTGTCCCA,1775
TCCGGTGATGCAGGCG,1775
TCCTCCGACCGTGTAC,1775
TGTATGACCTAGTTGT,1775
ACAGTGTAACAATGCA,1774
ACGCTGTAAGTCGGCT,1774
AGTAATTGCGGATCAA,1774
ATAAGCCGGACACACT,1774
ATTATTACGCCTTCAC,1774
GATGGATACTACGCTC,1774
TAAAAATCGACGGTCT,1774
TACGGTGTTTCTGAAA,1774
TCATATCCATTCCTCA,1774
TCTAAGAATCTAAGGC,1774
TCTGGTCAACCGGAGA,1774
TGCATGGAATCTTCAA,1774
TTAGCATTGGCCTACA,1774
TTGGGCACTATGTCAA,1774
TTTTATGCTGGTACAA,1774
AAACGGCGGACAGAAC,1773
AACACTTTCATGTAAA,1773
CCACAAAATCCTAACC,1773
CCGGAGCAAGCCAAAA,1773
CGCCCTATACCCCCGT,1773
CGCTGGTAATCATAAG,1773
AAAACACAAGCATGGA,1772
AAATTGATCTACCGAA,1772
ACACCGACCGCAAAGA,1772
ATAAAGTACTGTCACC,1772
ATGAGAAAATAAAGCT,1772
ATGGCAACAAATGAAA,1772
ATGTACTACAGTATTA,1772
CATATGGAGTAAAACA,1772
CATCAGAGGATACCTG,1772
CCCCACTTCAAAGATG,1772
CGAATGCCAACCAGAA,1772
CGGCTTGCTTGTAGAC,1772
TCTCGAGCATTCAAAA,1772
TCTGACAATAAGACTG,1772
TTCGTAATATAGACGA,1772
TTTTCAATGTAGCTTA,1772
AATCAATCCAACCTAG,1771
AATCTTCGCACAACCA,1771
ACATAACTATCCTATA,1771
ATAAAGAAAGAGAGGC,1771
CAAACTAATTTAAGCC,1771
CAGGTTGCGAGTTGAG,1771
CCCCATGGTATGAAAC,1771
CGGACTATCACTATTT,1771
CTCGAGACCCTAACGG,1771
GGGAAGCGTTTATGCC,1771
GGGTATACGCTACAGC,1771
TCCACTCCAAGTATAT,1771
TTTAGGAGCACAACAT,1771
AAACATACACCGGAAA,1770
ATAGCACTTGTAGCCT,1770
CATGCTCCTGTCCATT,1770
CGAAGATAACTCTTAA,1770
CGCATATGCTACAGAT,1770
CGTCAACCGTCCACAT,1770
GATTCCTGAAGACGTT,1770
GCATAGGAAGACCAAA,1770
GTAAAGTTAAGGCAGA,1770
TTGGTACGCTAATTTC,1770
AACACTAGCAATTTTG,1769
AGTGATAATCATTCAA,1769
ATGATTCCGAAACGAG,1769
CGTAATACTTTAATAC,1769
GAAAAGTTTCTGGACT,1769
GGATAAACACCTTGAA,1769
TATATGTTATAAATGA,1769
TCAAACAGCGAAACAT,1769
TGAAGACAACATAAAA,1769
AAACGTATCAACACAT,1768
AACACCCAAAAAGGAA,1768
ACACAGCAATCCCTCA,1768
ATTAGAACAATCAAAC,1768
GGGGTGCAATTCCATC,1768
TACACTAGTAGCATTC,1768
TAGCGTCCAAGTTAAA,1768
TATAAAGCCAGCACTG,1768
TCGATTGTACAGGAAT,1768
TTAGGCCCGTAGGGGG,1768
AAAGACTTCTAAAGAC,1767
AACCCTTTCAGTTTAC,1767
AACGTAATGTTGAAGC,1767
AAGGGGAGGTGAAGGC,1767
ATATCCCAAAGTCGAC,1767
ATCCGTCCTGCTACCC,1767
ATCTAATTGGAAGATT,1767
ATTGTGTTTGTGGCCA,1767
CATCCGTTAGCATGAC,1767
CTAATAACCAAATTAA,1767
CTTCCAACGTGGCGAG,1767
GAAAGTAGTACTGTGA,1767
GAGAACCGCTGCAACC,1767
TACAACCGTAATGAAT,1767
TACATGCCCACCCTTC,1767
TATGTTGTAGACAAGC,1767
TCGCCACAATCCATAG,1767
TGCATAATAGTTCATG,1767
AATTTTTAAATCCTTG,1766
CAGGAAAAACCTACGA,1766
CCTATCGTCCGTCATT,1766
CGGAAACAATATCCCT,1766
CTTCTACCCCATGATA,1766
GAACCCCGAGTCGTAG,1766
GAGGAAGCATAAACTA,1766
GTTTGAATTTAAGCAA,1766
TGACTCTGAGAACATA,1766
TTAAATCAACAATAAA,1766
TTAATGGTAACGGGAA,1766
AAGTGTGAACCTTCAT,1765
ACAATCAATAATAGGG,1765
AGAAATACGGTATACA,1765
AGATGGATAAACACAG,1765
ATCCACGAGGTCCCGA,1765
CCTGTGGAACGTCTAG,1765
CCTTCCGTCACTCTGT,1765
GCACGGATATAACTAT,1765
GCATTAAGGGCGCAAG,1765
GGTAATTTTAAGCCAC,1765
TATACCAAGGGGCTTA,1765
TCATGGCGAGAAAAAT,1765
AAAATTTGGCTACAGT,1764
AAACTGGAGTGATAAG,1764
AACGGCAAGTTAGAGT,1764
AATCTCGCTAAACATC,1764
AGTCAATCATAACTAG,1764
ATAATCCTGACACGAC,1764
CAAGGGCCTAGTACTA,1764
CATAAGTGATGGTCTT,1764
CGCGAAATCGCGCCAA,1764
CTGATACGCGAGCACC,1764
GCCACCTGTTAAATTC,1764
GCCATCATAACCTAAA,1764
TATTTTCCGCAATTGA,1764
TCAACCAGAAGTCATA,1764
AATGCACCTAGCCAAG,1763
ACTCAAATAAGAAGTT,1763
AGTATTCCTTATATCC,1763
ATGCCCTTACGGCGGA,1763
ATGTCACATCCACAAT,1763
CCGTCAGATGAACAAA,1763
GCTGGCACTATATAAA,1763
GTAGAAAGTGGGGGTA,1763
TAAATAAATACAGATA,1763
TTGTAATTATCAGATA,1763
AAACATTCATAACCCC,1762
AATCTGGGACACCACT,1762
ACCAGATATAACCATC,1762
AGAGAAAAAGCAACAA,1762
AGTTATCAGAAAATAT,1762
ATAACTACACAAAAAC,1762
CTGGTCAATTTAGAGT,1762
GACCTTATCTTGCATT,1762
GTGTGAAACACAACGT,1762
TGACACAATGATAAGA,1762
AAAAGACAGAAGGGCG,1761
AATCCTCGTAACTACT,1761
ACATCGCAGCGTGTCA,1761
ACCGAGCTAGAAAGCC,1761
ATTGATACTATCGCAC,1761
GTACCATGGACCAGTT,1761
TTCATCTGGTTAGAAG,1761
AACGTGACATTAAAGG,1760
AATCACGAAGCCTCAT,1760
ACGATAGAGCCGGAAA,1760
AGACCAGTTTCCATTA,1760
AGGTCACAACAATGAA,1760
AGTGACCGAGATTGGT,1760
ATTTCCATAGCAAGAA,1760
CATAAAACAGAATATC,1760
TGAAAAAACAATGGAC,1760
TTTCGTCGTAAATAGT,1760
AAAAACGAACACAAGA,1759
AAGGAGACCTATAAGC,1759
ATAATCAGCACACATG,1759
CAAAGTGTGTAAATAA,1759
CACGGCAACACGGTTT,1759
CGCATCCTCAAAAAAT,1759
GAATGGACGAAATTCT,1759
ACATAGCCACGTAAAA,1758
ACGACAACCTAATCTC,1758
CACAGAAGTAAAATCA,1758
CTAACCTGTAATCAAA,1758
CTATGGCCTATGAAAT,1758
GAAAATGACTAAATAC,1758
GTAATGATGTCCAATC,1758
TAAGAGATGCATCTCT,1758
TTCTTCGCACCATTGC,1758
AAAATTACACATTTTC,1757
ACACCAAGCGCCCAAT,1757
ACCGCGAAATCCCGCA,1757
AGAACCTAACAACAGA,1757
AGATATGAGACTCTAT,1757
CAGATAGATCTTATGT,1757
CCAGGTTACAGGATTC,1757
CTGTCCCGGATTACAC,1757
GGCCGTGACAATAGTG,1757
TTCAGGAAAAAGACAG,1757
AAGAAAAACTTACGTA,1756
ACCATCCTAGCTTGAG,1756
AGAGAAATTTCCGCCC,1756
AGTGTCTAGAAACCGA,1756
ATAGTACGTTAGGCAC,1756
ATTTTGCTAGCGCCTC,1756
CAAATGATGTAGCAGG,1756
CAATCCAAGATTTATA,1756
CCGATAACTGAAGATC,1756
CGACTAGCAGGCAAAT,1756
CGAGTACTACATAACG,1756
GATAGCGGTAACTGCT,1756
GCGCTGTACGACGGAA,1756
TACTTGAAAGATGAAG,1756
TATACATACTGCGCAC,1756
TGATACCTATCCGGTT,1756
TGGAGCATTAGTAATG,1756
TGTATACAAGAACATC,1756
TTCTAACATTTTTAAA,1756
TTTATCATACTGAAAC,1756
AACAATCATTTGTTAT,1755
AATGACACTGAGATCA,1755
AGGAGTATGATTAATC,1755
ATAGCCTAGAGGCCAA,1755
CCACCTCCCGGGCACA,1755
CTGCGAGGAACAAAAA,1755
GAAAACTACAAGATTC,1755
GAAAGATGTTAACGTT,1755
GAATAGAAACCCCATG,1755
GTAGCAATTGTCAAAG,1755
GTATAGTAAAGCCATT,1755
TATACTACCCTATGAT,1755
TGCGATAAGCACATGT,1755
TGTCCCTGAACGCAGT,1755
TTTTCCTGAACGAGAT,1755
AAATTCACAACGTCCA,1754
AAGAATTCATCTGTTT,1754
ATATCCTTGAACCCAC,1754
ATTCTTCCACACACTT,1754
CAGAACACTCTCAAAC,1754
TAGGACACAGTATCCT,1754
TGTATTTGCTCGAACT,1754
TTGCGTGAATTTGACT,1754
AAAGAAACTAATAAAT,1753
AATCCTCCCATCGTTG,1753
AGCAAACGTTAGCTCA,1753
ATAAGTTAATTTTCTC,1753
ATATAACCACAGCGAA,1753
CCGAACCATACTTCAG,1753
CCTTCACGTAAGACAT,1753
GAGCCAAGCCATCAAT,1753
GTCAAAAGACTCGTGC,1753
TTATTGCAATACCGGA,1753
AAAGATCTTTATGGTT,1752
AATTTGCAAAAATAGA,1752
ATGACTTCAAAAAACC,1752
ATTGTATTTGAGAGAT,1752
CTAGAACGTGCTTAAT,1752
CTTTTCGATTCTTTCT,1752
GCAGTAACTTAAAGCC,1752
GGTGCGAATCATGCTA,1752
GTAAGTAAATAAAAGT,1752
GTGGAATATACACCAG,1752
TATTTATTAGGGTACA,1752
TCCAAATCCAGGACTC,1752
TGCGTGGATTATCAGT,1752
TTACTTAAATGATTAA,1752
TTCGAAGCCAAATATA,1752
ACCATGCGCTTTGTGC,1751
ATTCATCATGCGAGTA,1751
GATTCCTAAACTAAAA,1751
GTATCCATGAAGGCCA,1751
GTCCAAAAGGTGTCCA,1751
GTGAAAGAATAATTGC,1751
TAAAAGTTTAAATCAA,1751
TAATAGTGCGATTGCT,1751
TGCGCACTAGAGTATA,1751
TTTGACGACTATTTAC,1751
AACAGCATAAGGGGTA,1750
ACGAACCGGTGTGCTA,1750
ATATAATTCTATGAAA,1750
ATATAGCCTTCCTAGT,1750
CAACGTACACACAAGC,1750
CGTTCTACGACCTAGA,1750
GATACACGGTATAGTG,1750
AACTGAACCCAATGTC,1749
AAGCACCGACGGTACT,1749
AAGTATGACAGTTTAA,1749
CAATACCAGACAACAT,1749
CATCCTTAGACTTAAA,1749
CCGCCAAAAATCTACA,1749
CTGAAAAAAGCTATGT,1749
CTGATTCAATATTACA,1749
GATGACGTCAACTCCT,1749
AATTCAACACCCTTAT,1748
CAAGAGCCAAATCCTA,1748
CCTCCACCAAGGAACG,1748
CTCCTAACCTTAGAGA,1748
GAAACATTATCGTATA,1748
GAAGCACCCCCTTCCA,1748
GCCATACCAAATTTCA,1748
GGATCTAGTTCATTAC,1748
TAGCGCCACGGCACAC,1748
TGTAGTTATACATCAG,1748
TTAGAGTAACATATCA,1748
TTTAATGAGGACAGTA,1748
AACAAACGAGAGTCAA,1747
ACAACGATGGACTATG,1747
ACTGGGTGAATTAACG,1747
ATATGACCAAAACACC,1747
ATTACTCGGACAAGAC,1747
CCAATAAGCCCTTAGT,1747
GAAGCTTAAGCACGAC,1747
GTTAAAGCTGTAAACA,1747
TAAATAGACAAATAAA,1747
TATTCATATTATTACT,1747
TTCAGCTATAAAGGGT,1747
AACGCTAAACACAAAA,1746
AAGCACCAATCAATCT,1746
ATATAACAAGCCTTAG,1746
ATCCTTAACATACACT,1746
CACATAAACACTGCCT,1746
CAGATCCCACAACTTT,1746
TAGTTGACCGGAAAAG,1746
TATTGGACAACAACGT,1746
TCTTATATCGGTGGGG,1746
AATCGACTGCTGGTGA,1745
ATACTAAAAAAATTTA,1745
ATGCAGCCCGCGGGGC,1745
CCAAACGAGGTCACAT,1745
CCAACCGCCGATTGAC,1745
CCACACCCCATCAAAT,1745
CCATACTGTAGAGCCA,1745
CGGGCTAGTATGTAAC,1745
CTACATGGCGCACGGT,1745
CTCAAAGCTTTGGAAA,1745
GCTGCTCGCAAACGTG,1745
TACCCCATATGTCAGA,1745
TCTCCTCTGATATCAT,1745
AATGCCCTCGGATCGT,1744
ACCTGGGATGCGACAT,1744
CTAAAGAGGTGATGGG,1744
CTACAATAGCGAGTTC,1744
CTATCAACCCAACAGC,1744
CTCGAATAGAATTTAC,1744
GCCCGGATATGAACGA,1744
TCAATAAACTGTTTAG,1744
TCGTCACAGCTCTTCA,1744
TGCTTGGGGAGTACTC,1744
ACTCGTGCCTACTCAA,1743
ATAACACCGGGTTATT,1743
GGCTCTTACTACCTTT,1743
GTCAGATATTTCTAGA,1743
TCGGCCACTTAGGCGT,1743
AATCGTACATAAAAGC,1742
ACGACTGACCTTTCAG,1742
ACTGAACCACACTAGC,1742
CAGCATCTAGTTAAGA,1742
CATGCGTACATAAAAA,1742
CATTCTACTACATGAG,1742
CTCATTAAAAGCACTA,1742
CTTAAGAAGGAGTAAA,1742
GGGTATCGCTAATAGA,1742
GTAAAAGATACTTAGT,1742
TACCCTCCATGTCATT,1742
TTATCGACGATCATTT,1742
AAGAATAATGTCGAAA,1741
ATCGGATCAAAGCCAA,1741
CTACATAACAAATTCG,1741
GCAGCATTACACCGGG,1741
GTAACGTAAAAACCGG,1741
TTTGACCTATGCAGCT,1741
ATATATACACCCAAAG,1740
CACACACTTAAGTGCT,1740
CAGAGAGTCTCAGCTC,1740
CATCAAGTCGGCTTCT,1740
CATCAGATATAGCCTT,1740
GAAGACAGCTCGTAAT,1740
TCCAGCGACCCGAAGC,1740
AATAGAAGAAATCAGG,1739
ACAGGCCTCATAACTA,1739
ACCACTTTTATATGCC,1739
ATGCTATTAACGGTGC,1739
CAAATTGGATAATGCA,1739
CAACACAAATATTATA,1739
CGTCAAATAAAGTAAC,1739
GACATAGTTAACTTCT,1739
GACTGCTCATCTCTAT,1739
GCGTCATCAACGGATA,1739
TACTATAGTAAATTCA,1739
TGCCAAGCTAGACTTT,1739
TTGGTATGAGATGAAG,1739
AAAAAAGGTCTATGTC,1738
AGTGATAAACCTCTCC,1738
CCAGCTGATAAGGTTG,1738
CCCTACAACGTAACGA,1738
CGCTTACCTAACACAA,1738
CTCTTTTCCGAGTCTT,1738
GACGCTCCACTCATCT,1738
TAATCCATAAACAGCG,1738
TCATAAAGTTAAGTGG,1738
TTTGCAAAAAGTTAAT,1738
ATTACAGGCTAACTCG,1737
GCAGTGTTAGTTTTAT,1737
GTCACCCTATACAGGC,1737
TACCATACTCAATAAC,1737
TCAAAAAAGAACCTAT,1737
TCCTTCGTTATACCGG,1737
TCTGGTTAATCAGTCT,1737
TTCATGGACGTACAGA,1737
AAATCTATGGGAATTT,1736
AAGCAATTCTGAAAGA,1736
AAGGGAGAGAAGTACA,1736
ACACAAGATTACACAG,1736
ATACCCCACAAACACA,1736
ATGAGAATATCTCCAA,1736
CGATCCTAGGTCACAA,1736
GGTCTGACCCTGACCT,1736
TAACCAATTAAAGATC,1736
TGCGACGTCGTCGTCC,1736
TGGTTGAGAATAAAAA,1736
AAATGGTCGTTCGTAG,1735
AAGAGCCAACATAAGA,1735
AATGGGTCTAGGATCT,1735
ACCTTACCGTAGATTC,1735
AGAAGATTGAACGACC,1735
CATATCGAAGTTTGGA,1735
CATTTGCAGTTTACCC,1735
CGACAACTAATATCTT,1735
CTGTAAACATCTACAT,1735
GCCGAATCGACCCTAT,1735
GTACCTAGTTTCCCGT,1735
TCATGTTCTCAAAACC,1735
TCGCAGCAGCACAATT,1735
TGTGTAGACTCCCTGC,1735
TTAACGACAGATCTTC,1735
TTAGACAAGTATCGAG,1735
AACGATATTTTAATAC,1734
ACATAATGCAACTGTG,1734
ACCCACCCGTTAGCGT,1734
ACGGACAGTACGTACA,1734
ATCCGAAATAGACAGC,1734
ATGGCACTAGAACAAA,1734
ATTTACTACACCGCAT,1734
ATTTCACTTACAGGAT,1734
CCAACAGATAAGCATA,1734
CTAGACGCATACGAGC,1734
CTGATTATAATAAGGT,1734
GATGTTTAATAAAACA,1734
GCTCGTGGATAGATTA,1734
TATACACTGGATAGGG,1734
AACGTTACGTCATTAT,1733
AATAACTAAAAAAAAG,1733
ACGCACATGGATTATC,1733
AGACAACGCTATCCTG,1733
AGATGAAGCATAGTCT,1733
ATTCCTAATACACCTA,1733
CACTCAATTATAGCGT,1733
CGCCGAGACAGCAAAT,1733
CGGTAAACCGAAGATC,1733
CTTATACTTGTCAAAT,1733
GAAAAGAACTCTTCGA,1733
GGTAGGCCCGACCGGG,1733
TATTTAAGAATATAAA,1733
TTGTATTACGATTGAA,1733
TTTTCGCATGATCCTA,1733
AGCCATCCTTAATACA,1732
CAGGTTACGACTCGTG,1732
CCACAGTAAGGGGCAA,1732
CCCTCACCCGGTTAGA,1732
GAAGCTAAGCAGAGAA,1732
GGATAACACTGACCCC,1732
TAACATGTGTAGTACA,1732
TCAAAAAATAGCCCTG,1732
TTCGCCACACTTTTAT,1732
AACAAACTCATCGAAG,1731
AATCGCTTCAGGCCTA,1731
ACGTTTCTCAAACATC,1731
AGACGCCCATCAACAA,1731
ATTCTCTTAAAATCAG,1731
CATACAACACTATGGA,1731
CCCTTTGTGCGGCAGA,1731
CCTCAACATGCTGAAA,1731
CTAATATTGTGCCCAT,1731
GAACATGTCTTCTTAC,1731
GCAAGAACGACGAACG,1731
GTCAGGAACATAAATC,1731
TCAACAAATCAAGCAG,1731
TCCATATAAACATGGA,1731
TGACGACTCAGAAACC,1731
TTCGTATCGAGCGTGA,1731
AAGTTCTAATTGACAT,1730
ACATAAGAACAGGAAA,1730
ACCGATCAACTAAAAA,1730
ACGGCTCCTTAATAAA,1730
AGATGGATGGGAAATA,1730
AGTTTACAAGGGAACA,1730
ATATTTATTCACCTAA,1730
ATCTAATAATGACAAA,1730
CAATGAACCCCGTAGC,1730
CCTACACAAAAGTTTA,1730
GAAAATAAGAGACGAT,1730
GTATCATACTACTCTC,1730
TATAACTGCGTCCCCA,1730
TCTGATGCTGCACTGG,1730
TGCTCATAGTAGCTCG,1730
TGGTTAAAAAACATTA,1730
AACAAAAGTCTCTGAA,1729
AACACAACAAACAAGA,1729
AACACGTTGCAAGTGA,1729
ACACTGCTGTTCTACC,1729
ACACTTAATAGTGAGT,1729
ACTATAAATAATTCAA,1729
AGAAAGAGTGAGAGTA,1729
AGGACATACAACCGAG,1729
ATAGATTACATTGAAC,1729
ATCCAGCACAGCAGGG,1729
CCCCAGGACTAGTCAA,1729
CTATTAACCAGCAAAA,1729
GACCATGGCTTTATAC,1729
TGATGCGAAGCGTATT,1729
TTAGGACTTCGATCAT,1729
TTCTGTAGCCTGTATC,1729
AACAACCTTACCTAAG,1728
AACTTCTCGGGTCCAA,1728
AGACCATAAGATGTAG,1728
CACCGATACAGCACTC,1728
CCACACCAGTGAACGT,1728
CGATAAAACGGTTGGC,1728
CGCTGGGGGCATTAGC,1728
CTTTCCAGGTCTAGAT,1728
GAAGACCCCTAACATG,1728
GAATCGCAATCCCCGA,1728
GCTATCATGTATAACA,1728
GTAACCTACGCATGAC,1728
TAAGACTCAGACAACC,1728
TATTCCTAAGTTACTA,1728
TCAGCACGCCAGATGC,1728
TCAGTCAAATGTGGAT,1728
TGTCTCGAAAAGAAGA,1728
AAAAATCGCCGTGCCC,1727
AAGCACATCTTTTAAA,1727
ACGGTTAGCGTAAAAA,1727
ACTCAAATGGCATAAA,1727
AGAAGGCGTCCGAGTG,1727
AGATCAACCCCACTAG,1727
CACTTGTTTCAGAACA,1727
CCAAATAGAGACACTA,1727
CCACGTTTTCTTCCCA,1727
CTTAATAAACAAGTCA,1727
GTTGAAGAAATCTTGC,1727
TATACTCGCAATCTTA,1727
TCAAAACAAATGCCGA,1727
TTTATAACGACTACCA,1727
AATATAAACACATATT,1726
ACTGACCCCGAATGAG,1726
CACATTAAGTTGGATC,1726
CAGACTCATCTGCACG,1726
CCCCTATAGCAGTGCA,1726
GAGCCCCCAGCAATAC,1726
GATCATCCCGGTAATG,1726
GTATAATTCGAACTAA,1726
TAAAACGCAGAGCTAT,1726
TAAATCCAACAGGTAC,1726
TATATGCTAACAACTA,1726
TATCCACCCACCACAC,1726
TTATTCTCTCAATAGG,1726
TTCCAAAATACCTCCA,1726
AACAACACTTGAATAC,1725
ACAAGGTTGGGTAACC,1725
AGCAGTAGTCAATCTG,1725
CGTACATCATTTCCTT,1725
CTACGAATGCGCAACA,1725
GACCTCAATACGCCCC,1725
GCTTAAATTCCGGGGA,1725
GCTTCATGTCTAAATA,1725
GGGAGTGAGCTTGATA,1725
GTATGATAACAGCACC,1725
GTTAACGCCGGGAGCG,1725
TAGTCGAAAGCTTTGC,1725
TATTGTACACATAATC,1725
AAATTGGCACCGTGTC,1724
CGTAGGATCTAGACCA,1724
CTAAAACACCAATAAC,1724
CTTTCCCACCTACAGA,1724
GAACCGGGCAGAAAAG,1724
GAATAAACAGTCACTA,1724
GAGTTCTGACAACAGG,1724
GATGAACGATATTGAA,1724
TGAATATAAACCTTGC,1724
TGATTAGGAACAACGT,1724
AGGTAATAAACCATGC,1723
CACAGGCAGTAATGAT,1723
CCTAAGCCGTTCTAAA,1723
GGTAACTACGATCCGC,1723
TAGACCCACTGTTAAT,1723
AAGTAAATTTTACATA,1722
AAGTCATAGTTTGTCG,1722
AATATAGGAAAGCTAT,1722
ACAGCAAATATGGAAA,1722
ACTAACTAATTCTGTT,1722
AGTGAAAAAAAAGCAA,1722
ATGATTGAATAAAAAA,1722
CCATAGCTTTAATTAC,1722
CCCACAGTATCGTTTG,1722
GAACGCGTAAGATAAG,1722
GAGCATAACCCCTTAT,1722
GCGATTACACAAAATA,1722
TACAGACAAACTCAAG,1722
TATGAATAAAAAGAGA,1722
TCCTTAAAACGAACAG,1722
TTACTTAAGTAATTAA,1722
TTCCATAATTCAGAGA,1722
AGCGTGCCCGAACATT,1721
AGTCAGAATTTACAGA,1721
GCAACCGATTCCGCGA,1721
GCATCAACGAAAAAGA,1721
TAATAAAAGTAACTTA,1721
TACCCTCAAACACGTG,1721
TAGGAATCTAAGAAAA,1721
TGAATGGTTTGTTAGG,1721
TGTATTCTTAAACAAT,1721
TGTTTCACCAAACCCA,1721
ACAGAGAAGCTTTAGG,1720
AGGACCTAGCTATAAA,1720
AGTAAGCAACATAACA,1720
GCAGGCCCACTTCTTT,1720
GGCCCAGTACGATCTA,1720
TACCAGTCCTAAAATG,1720
TATCCCACATTAAATG,1720
TCAATCTACACTCATT,1720
AAAAGAGGGAGCGTAA,1719
AAACCCAACCGCAGTT,1719
AAGGGTCCGCTTAATA,1719
AAGTCCTAAACCCGAA,1719
AGACAACAAAACCACG,1719
AGCTGATCCCATCAAT,1719
ATAGCATAATGTCAAA,1719
CAACCTTGCCATGTAC,1719
CCCGATATCTTATTAA,1719
GAACGGCACCGGGATA,1719
GTAAAATGTACTAAGC,1719
TAAAACTAGGGTAACG,1719
TTAAAAACCGTTTTTT,1719
AAAAGACTGCATACAG,1718
AAACGTGCCTAGAAAC,1718
AAGTATACTTTGTTAA,1718
ACCTTTGGGAGCTAGA,1718
AGCCTATAACAATTCA,1718
AGTGGGCAGAAACCTA,1718
ATTTCACCAAAACCAT,1718
CACGCACATTACTCAC,1718
CCTACGCCTATAATAC,1718
GACCAAACAAAAGCAA,1718
GTAAGCTCAATTCTAA,1718
GTGCCCAGTACAACAC,1718
TAAGAGCGTTCCCAAA,1718
TACCAATTCAATTATT,1718
TACGGTCACCAATCAG,1718
TACGTGAGATCTTATA,1718
TAGAGCGACGCAAACA,1718
TATGAAAACCCTGAAT,1718
TTAAAAAAGTTTAGAG,1718
AAAATCTACACAGTGG,1717
AACAAAACGTGTTGTC,1717
ATCATTAGTTTTATAT,1717
ATCGCTGCACCCAAAA,1717
CCGGTGTCAATGGCAA,1717
CGTACAATCTCAAAGG,1717
CTAGAAGTCAAGCCAG,1717
GAGTTCATACTGGCTT,1717
GCAGTTACTTCTTAGC,1717
GTAGGTAGCGAAGCTG,1717
TATATAAGAACATAGT,1717
TCAATATTAAAATGAG,1717
AAATAGCCAGTATCCC,1716
AAATTCTCTAAACATG,1716
AGCCACGCAGTCAATC,1716
ATCAGAGTGATGATAT,1716
CACGAAAATATAACAT,1716
TCAAAAAAATCCCCGA,1716
TGAGACCAACTCTAGA,1716
TTACACCCACAACAAG,1716
TTTCGCTACTATATGA,1716
AGGGTAAAACTCGGGT,1715
AGTGTGAAGCCCGAAA,1715
CTATATTTCCTTAACG,1715
CTCCGAACCAAACCGG,1715
GTGGCGCAGCGATTTA,1715
AGGACCGAGGCATAAC,1714
ATATTATCAAATATGC,1714
CACAGTTCTCATTTTA,1714
CCCTGTCTAACCAGGA,1714
CTATACTAAGTCCAAG,1714
CTGGATAACCGGAGTC,1714
GAGTCTTTAAAGCCTT,1714
GATTATCATGTAAATA,1714
GCCAGAAACTAATAAA,1714
GGGTTGATAAACCGTA,1714
TAAAATCGTGGTACTA,1714
TAATCATGAAGATGAA,1714
TGGTTCTTATACGCGT,1714
AATTCTAAACTAACAC,1713
AGTAGGAATTGGTGTC,1713
ATAGAAGAAAGTATTA,1713
ATATCCTATGTCTCAA,1713
ATGTGCCTTAAAACCA,1713
CAAGAGAAAACTGACC,1713
CCTGGCATAAAATAAT,1713
GATAGTTCGCCCTAAC,1713
GTACAATCAAAACGAA,1713
TATATAAATTAAAAAC,1713
TGCCATTATCAAATTA,1713
AATGTTTACAGATCCT,1712
AGGCAAAGTACAATAC,1712
AGTCCTTGGAAAAACC,1712
ATACATATATATTCCC,1712
CACTGCATCACATCAA,1712
GCGTGTACCATAAGCA,1712
GGAAAGTGGATGGAAG,1712
AAAACATTCAGTTTAA,1711
AAGCGTGGATTAGTAT,1711
ACACGATCATCTAAGA,1711
AGGCCATCCGACATCT,1711
ATAATATACTGACACT,1711
ATATTTCAATAGAAAA,1711
CAAGTTAATAATTTTG,1711
CATATCAAATATGATT,1711
CCGCTATTTTTAATAA,1711
CTATATCACTGTATAT,1711
CTTCGGTTTGAACTCA,1711
GAAAAAGGAGTGCTCT,1711
AACACAAGCCTGTAAA,1710
ACATAGGTTCTTTTTT,1710
ACTTGGTAAACTCAAC,1710
CAATACCCAGGACAAC,1710
CTTGTTGCGAGGCAAA,1710
GCAGGAATTACATAAA,1710
GGATTGGTCCACAATA,1710
TCGTACTGAATCCCCT,1710
TTCAAATGCGTTTTAC,1710
TTCCGCATGACCCTTT,1710
AACTTACCAGAATCCT,1709
AATAGGCTCCGGTTAA,1709
ACAGTAGCAAAGTCTC,1709
ACCCTGGCTAGAAGAG,1709
ACCTAGCAACGACGCA,1709
CACATAATCTAATCAT,1709
GCACAAGCAGTCAGGA,1709
GTCTTCTCAATTGCCA,1709
AAACAAATATTTGGCC,1708
AAACTTCCTGGGCAGC,1708
AAAGTAAACCAAAAAA,1708
ACCGGTAAAAAACAAA,1708
AGCAACCCACAATGTA,1708
CCAAACGAATTCAAAA,1708
GCATTATAACCATGAA,1708
GCCACGATGCCTTGTA,1708
GCGGGACTAAGATTAA,1708
GTAATGCACAAGAAAC,1708
TAGATTACCGAAAAAG,1708
TCCGAAATCCGCCGTC,1708
TGAGACCTCGAACTAC,1708
TGGTATAGTATTACTT,1708
AAACCTTGAACAACCA,1707
AACCTCTGGACGACCG,1707
ACACCGATAAAGGTGG,1707
ACTTTAGCACAATCAG,1707
ATCAATGAGTGCTGAC,1707
GACACGTTTGAAGACC,1707
GACATTTATATATTCA,1707
GCCTTCCCAATCAAAT,1707
GTTTAGAACGATCAAA,1707
TATCATACTCAGGCGA,1707
TCCAACTGAACTCCCT,1707
TCCATATTTTTAGGCA,1707
TCCTATTACACCATTA,1707
AAGAGGGTGACAACCG,1706
AATAACACACAGTCAC,1706
AGGGACAAGTCTAAAA,1706
CAACGCTATAAAGTAT,1706
CAGAAACCGTGACCTC,1706
CGACAGTATGAAAACT,1706
CGGGCATTAAATAGAA,1706
CGTTTAATGAATCAGC,1706
GCCCCGCATATTTACA,1706
GCTCCGAGTCATGGGA,1706
GGAGTACCGATCCCTC,1706
GTACCAAGAACAGACG,1706
TAACTATTTAAAACCC,1706
TGTATCGGTAGACACT,1706
AAAAACAGTGTAACTC,1705
AACTGTTTAGCTCTCA,1705
ATGTGACAGAGAGTCT,1705
CAAAATGACTTAACTG,1705
CCAGGTGATACTAACC,1705
CGTCAGTCGTAATATA,1705
CGTGGTCGAAATCGAG,1705
GTGACCTCGCATGCAA,1705
GTTAGATTTGTCAATA,1705
TATAGAAAGGTATACT,1705
TGTAACTAAAGGGGCC,1705
TGTTGCCGTACCCAGG,1705
TTTATAGGCACATATT,1705
AAGTACAGCCAAGATT,1704
ATTATTACTGCTAATG,1704
CCCGAACCGCGTTGGC,1704
CCTCAATCAACTTGCG,1704
CGAGATCAGGTCTGAA,1704
CGTGACGGGCTATTCG,1704
GAACAGCCGCCCAGCC,1704
GCTTAGCAAGACCGTT,1704
TATCACATGACCACGT,1704
TGCAAGCGTATAAAGC,1704
TGCCCATCGACAATAG,1704
AAAATATTAAATATGC,1703
AATCTATGGATAGCAG,1703
AGAACACCTAACGATA,1703
AGATTGAATCCTGGTA,1703
ATATCATAATTACAAT,1703
CCTTCTCCGACATATA,1703
GATTCTGCGTATACAT,1703
GCCAAGGGTTACCAAT,1703
GCCGAGATTTTTACGT,1703
GTAGTAAATAGACATA,1703
GTGCTCCTGAATAAAA,1703
TAACATTTCATAAATT,1703
TACGCGAGAATTTTTG,1703
TGTGCGAGAGCGAAAC,1703
TTTTATAAAGGATAAC,1703
AAACACATGAACTAAA,1702
AATCTTCACAAGGTTC,1702
ACTGGTTCCTGTTAGG,1702
AGAGTAACAACTATGT,1702
AGCCGAAATGTAAGGG,1702
ATAGCGTAAGGAGTGT,1702
ATATACCATCGAGAAG,1702
GAGAAACCAACGACAT,1702
GCACGACGTAAATCTT,1702
GGGTCGACAAATTCTG,1702
AGTTAAACTGATGGGA,1701
ATATGAGAGCGACCCA,1701
ATTAACATGTAGAATT,1701
ATTCTAAGAAGAAGAA,1701
CAATTATACAAGTTAA,1701
CACCAAATGTTATTTC,1701
CATTACCATTATAATA,1701
CTACAACACAACGACT,1701
CTGTTAGACATACCCA,1701
TCAAGCAACTAAATAA,1701
AAGTACTCAGTTGGGG,1700
ACTACATCGGGTGTAC,1700
CCTACGTAAAGCAGCA,1700
CGATAACTGATCGTCT,1700
CGCGATGAAGAACTAT,1700
CGGATCCCTAGCCGAA,1700
GTCCACCCCCACTCAC,1700
TAACGAAAAAGTAAAA,1700
TAGATATCGCCATAGA,1700
TAGTGCACACCGGCAT,1700
TATTATGATTACAATT,1700
TCGGATATTACAGTAC,1700
TGACTCTATACAGCTG,1700
AAAATCATACTTGTTG,1699
AGCAGCAAGGAATGAC,1699
ATATTAACCTGTTAAT,1699
ATTCAACTCTATACCG,1699
CTAACATAAAAGAGGC,1699
GATCTTCGTACGAGTA,1699
GTAACTTCTACAAAAC,1699
GTGATACCAGACGTCT,1699
TAAAATCTTAACTATT,1699
TAGGAGAATCAAGGAA,1699
TAGTGGTACCGACACT,1699
TATTAGAAACCTATCG,1699
TCTAGGCGAGGACCTA,1699
TGAAGCGTTACACAAT,1699
ACACCAATACCGCCAA,1698
AGAACAATCTAAACTA,1698
AGAACAGGAGACTCGC,1698
CAACTATCTCCGAAAT,1698
CAGCCATCATATTAAA,1698
GAAATAACAGTTCGTT,1698
GAATCACAAGGAAGTG,1698
GCTTTGGACATAGAGT,1698
AACGGACTATCCATGG,1697
AATATGTTGCATCGTC,1697
AATGAAAATGACTATT,1697
AGTCTGTTAAGCGTTG,1697
CAGGATTCACTAAGGA,1697
CAGGTTACAAAAATAT,1697
CGAAGGACTTGCTCCA,1697
GAAACCAAGACAGGCA,1697
GCGGCATACCTCCTTA,1697
GGTAATTTCTAAATAA,1697
GTGTACATTCTCGATG,1697
TATCAACGAAATAATA,1697
AACCAGTCAATACAGG,1696
AACTCACTGAATAACA,1696
AATCAAAAAAATAACA,1696
CAAGAGCTTTAAAACA,1696
CTAGTCCAGAAACTTT,1696
CTGAGCAAGACCACAT,1696
GCGCACCGCCCAGTAT,1696
GGATCAAAATATACCC,1696
GGGAGCGAGACGAGTG,1696
TTATAGTTTAATTAGA,1696
AAAAATAATATACCGC,1695
AAAACGTACATTTTAT,1695
AAATCAAAGATTATAA,1695
AGAAAACTGTAGGTCC,1695
ATACATCGAGTTAAAC,1695
ATGCAAAATGAGTCTA,1695
ATTGTTAGCATGTCTA,1695
ATTTCAAGCAACTATG,1695
CAACCACTACCCGACA,1695
CATCCAATAATTATAC,1695
GAAATTCCAGTAGGAA,1695
GGCCTTAAAATGCAAC,1695
GTGCCGCTATTCGCCG,1695
TGTATACAAAGATGTA,1695
TTAACGATATACAGCT,1695
AAGATAACCTGCAATA,1694
ACCCTAAGAAATGACT,1694
AGAAATCTACACCAGC,1694
AGTTTAAAGACTCTAC,1694
CCGGAAACACCTAGGT,1694
GAGTGCGAACTAGAAA,1694
TAATCGACCAAGTATC,1694
TATTAGTACTAGAATA,1694
TGGGACTCTTCGAATG,1694
TTTGACGGTGCCGAGC,1694
AAAGCGTGCTTACAGA,1693
AACCCTACCTTCAATG,1693
AAGAGATCTCTATAGC,1693
ACAATATTTGAACGGG,1693
ACATCATCCTAAACGC,1693
ACCAGATCCCTAATGG,1693
CTTGTCATTGGTGATC,1693
GACTTTCCCCAAAGAT,1693
GATATAAATACATGTG,1693
TAACTCTTTTCGGGTT,1693
TCAATCCAATACTTGA,1693
TTAGGACTAATGTTCA,1693
TTCTTCCGTCAGACAT,1693
AACTGAAAGTGACACC,1692
AAGACATACTAATCAG,1692
AATTCCGATCTAATGC,1692
AGCCCTTAGACATTTT,1692
CATGGCTCCAATAGAA,1692
GATATATAAAGAGCCA,1692
GGCAAAATTCTTAGCG,1692
GTATCTAGGTTGTACT,1692
GTCACTTTATTACTAC,1692
TAAATTTATATGCCTC,1692
TTACAGTACCTGGACC,1692
AAACATAGTAACTAAA,1691
AACATGTCAGTGCTTA,1691
AATAGCCAGTCGAAAC,1691
ACAAAAATAGCGCCTG,1691
ACAGGTTATACAGATT,1691
ACGGAAACATGATGGT,1691
CTCCCTGAACCAGACC,1691
GCATCTTTCTAAGAAT,1691
GTAAAATTGGAACAGA,1691
TACAGCGTAAGCATTA,1691
TCACAATTGAACACAT,1691
AACCGATTTCCTTTGG,1690
AATGGCCCAGACTTAC,1690
ACACGGCGCTAATCAA,1690
ACGAAGAACGCATACA,1690
AGAAGTTTCAAACCTA,1690
AGATTTAGACCTAACA,1690
CAACACCAAAAATCTA,1690
CGATTCCCCAAACGTT,1690
GGAGTGTATATCATAC,1690
TACAACAACACAATTA,1690
TACTAATAGAAAAATC,1690
TCAGGACCCCGGCGGA,1690
TGACATCTACTAAATG,1690
AAGGAAGGGCTGTACT,1689
AGCCCGAAGAAGTGCA,1689
GAAAATTAGACTATAA,1689
GCCGTGCAAAAAAAAA,1689
GCTGACCGTTAACATA,1689
GTACACGCTTTGAACA,1689
TAGAGCAAGGAACAAA,1689
TAGCACGAAGCCCTAA,1689
TATTCAGTTAGGACGG,1689
TCTTTAGACTATGTCC,1689
TGTTTAGGGCACATAG,1689
TTCGCTATTAACAAGG,1689
TTTCCATACACGTAAA,1689
AAAACGCCTTTCCTCA,1688
AAATGGAAACACCCTC,1688
AACTCTATGCAGTGCA,1688
AATCATAATGTAGTTC,1688
CACCATCTATTCATAG,1688
CAGAGCCCGTTAAAGA,1688
CCATACAGATGATGCT,1688
GGTACTAATTAGGCTT,1688
GTCCCTCATTATCCAC,1688
TAAGGCAGGCCACTGT,1688
TAGTGTAGAAGAAAAA,1688
TCTCCAAATAAAAAAA,1688
TCTGGGTAGAATCCTA,1688
AACCACACATAATGTG,1687
AACGTATCCGACAACG,1687
AAGTTCCACTCTCAGT,1687
ACAGGGACGATACGAG,1687
AGACGACTACACCGAG,1687
AGTATCCTGGATACCC,1687
ATAAGGTAGCCTGCGA,1687
ATATGCACGGTACCCA,1687
GATTTACCAATATAAC,1687
GGAAAGCGGCGATAAT,1687
GTCAATATCCACGCTC,1687
TACAACCCATAAATAC,1687
AGTATAATGTAGATGT,1686
ATAGAAGATTTACCAT,1686
CTATCGGACAACGAAA,1686
TTAAAAATACATGTTA,1686
TTGAAACATTGGTAAA,1686
AAACAACACAAATTCG,1685
AAGAATCATTTGACAT,1685
ACTAGCCATCTTAAAA,1685
ATGATGACCTACACTG,1685
ATTAAGCTAATAGTCT,1685
CAATTACCATCTAGAG,1685
CGAAGAGTCCCACATA,1685
GGCGACACCTACCGCT,1685
GGCTGCCAGCAATCTG,1685
TGATGAGGCATACAGA,1685
TTAAATGGATTAACTA,1685
TTAACGAATGACCGAA,1685
AAACTCTTATCACAAT,1684
CACAAGTCCTTCACAA,1684
CATACGAACTGGAATA,1684
CCCACAGCGAATGACA,1684
CGTACCATCAACTTAC,1684
CTCCGGTATCTGATTA,1684
GTAACCATATTAAATA,1684
TAACGCCAGATAATCG,1684
TCCCGTCACCCAAAAA,1684
AAACGAAAAAACAGTT,1683
AAATCATTCATAACCA,1683
AACATAACAGCAATTA,1683
AACTTACACCTCGAAG,1683
AAGGATTATAAGAGGA,1683
ACGACCTGTCATCTTC,1683
AGGTATTGTATGGTCC,1683
ATCAAGGCCGCATATA,1683
CCAAAACACTTTGCAC,1683
CCCAGCCGAGATGAGT,1683
CTACTCTAATGTTAGG,1683
CTCCCCTCCTAACAAG,1683
GACGAAATATGCCGCA,1683
TCAAATGAACAGTATC,1683
TCAGAATTCAACACAC,1683
TCCTTTATAGCAGAAA,1683
TCTGGTTCACCCTTAT,1683
TTCAGGTCCGGTGAAT,1683
TTGCGATGGCGCGTAG,1683
AAGTCCTGTGGGTCCC,1682
ACACGATAGCTGGTGA,1682
ACATGTGGCGGTCAAA,1682
ACGGGGCGACACCCCG,1682
ATACCTACCGACTATT,1682
ATTCTACCCTTTAAGA,1682
CATATATAAGACTTCG,1682
CGGGAGCCCATCTTGA,1682
CTCGGTACACTGCCTC,1682
CTGGCTCGTGAAGTCA,1682
GAAAACCAAGCTGGCT,1682
GAGAATACCGGACGAA,1682
GCATTGCAGATCAAAG,1682
GTATCCGTCCTATGAC,1682
TACTAGACTTTTTGGT,1682
TCCATTATAATAGAAA,1682
TGAATTCCTAATGCTT,1682
TTAAAATTTCTACTAA,1682
AAAGAGAATTTCTTAA,1681
AATCATTATCAAAGCG,1681
ACCTTAATACTAACCG,1681
ATAGCAAAATATAGTA,1681
ATCACCAATACCGGCG,1681
CACGAACTTTAATCTA,1681
CCAGATATTATTCCTT,1681
CTTTGACAACATACCG,1681
GTTCTCTTATATCAAA,1681
TTCATCGAGAATCTAG,1681
ACCCCGTTGTACACGT,1680
ACCTCAATCTATTCGT,1680
AGAACACTAGATCTGC,1680
AGACACATACCGGGAT,1680
CAATTGTCGCCTTCCG,1680
CCAAACCCACGTCGCC,1680
CTAAGCCAGAGTACGT,1680
TAAAATAAGTGTCAAA,1680
TCCAAATTCGTAGCCT,1680
TCGCCAACTCTATTTA,1680
TGAACCGTAGTACACA,1680
TGAGAAAAATCCCAGT,1680
TGAGGGGTAGGGTAGA,1680
TTAATCAGATTTTACG,1680
ACATACTGTTAAATAA,1679
ACTTGGTAAACGACCA,1679
ATAAAAATGGAAAAGC,1679
CACAAAATGTGCAATC,1679
GAAACCACATATCCAA,1679
GAATGACCAAACTTAT,1679
GCTAGCAAAACAGCCC,1679
TAAGAAGGTTCTACAT,1679
AGCGCAGTTCAGCCCA,1678
CAAAGCTTACTTGAAC,1678
CATATGCAGATACGAC,1678
CCTAGCGGACACGCTG,1678
CGAATGTGCCCAACAG,1678
CGATGGCTAATACCAT,1678
CGTTAATTCAATCAAC,1678
CTAAAGACCTCATAAA,1678
GAGCTGGGAATTCGGT,1678
GCACTTGTTTTCGTAT,1678
TAAACTCGAATAACTT,1678
TTAAAATATCCGACTC,1678
AAAAAACGAAGCTAAC,1677
ACAAAAAAACAAGTGT,1677
ACAAAACCTATGAACT,1677
ATACATTCCGGAGGAA,1677
CATGCGCATAACCATT,1677
GAAATCTCTTCATGAA,1677
GCTTGGCGCTTTGACC,1677
TTATGATAAAATCCGT,1677
AATAGATGTAGCTGTA,1676
AGAACTGACACCTCTA,1676
AGATGATATGACAATA,1676
ATAGCAATAACTGTGA,1676
CCGTTCAACTATCCCA,1676
CTAGATGCGGAAACAC,1676
GAGGTATTCTTCCGGT,1676
GCGCTGACCAACACAC,1676
GCTTAAGCGAGACCGT,1676
GTCATTAGCAACAAAC,1676
TGAGTAGCGAGCAGGC,1676
TTACGGTACACGGTGC,1676
TTATCGATTGACTGAC,1676
AACTCTCACTCCAGTA,1675
CGCCACATATCAGAGA,1675
CTGAATCGATGATACA,1675
GAAAACTTGTATGAAT,1675
GCGACGCACACCCTAG,1675
GCTTTTTGGCTACAGC,1675
GTCCTGGCTATTTCGT,1675
TACCGTTACGACATCT,1675
TACGGGTAACGACATA,1675
TATAACTGAAATGATC,1675
TCATCGAAACTTTCCG,1675
TGAAGGTCAGGAACTA,1675
AAGAATTTCGCAAGCT,1674
AATAGGACCGAATCTG,1674
ACCACGAGGAGTAAGC,1674
ACCTACCACGGAGTAC,1674
ACTATGTCTAAGAGAA,1674
ACTTACAAGAACTTCA,1674
ATAGAAATTAAAGGTC,1674
CACAGCTTGAGCACAA,1674
CCAGAGGAAACACAGA,1674
CGCTAAAGCGGACTTT,1674
GATTAAGGAGTTTTAC,1674
GATTCCGTCTAGAATA,1674
TAAAACTTGTTCTATT,1674
TACAATAACGCGTATA,1674
TCGCGACGGGCGATCT,1674
AAAAGGAGATTACAAG,1673
AAAGAAAGGATCTCAT,1673
AATGTAGTACACAACA,1673
CAACACTTACGTAAAT,1673
CAATAAGCATCGAAAC,1673
CAGAACAATGTAAGCT,1673
CAGACACACCATTTGT,1673
CATATATGGCTGACAC,1673
CCGATACAAAAACTTA,1673
GATTATTTCGAGCCGG,1673
GGCCGAATTCAAGTCC,1673
TACTGTGCTGGAAGAC,1673
AAAATAGAAACGTATG,1672
AACAAAAAAAATCAAG,1672
ACCTACCCTCTATTAT,1672
ATAAGTTCGTATGTTG,1672
ATCGAACGTATCCGCC,1672
CACCTCAAAAACGTTC,1672
CATGCTCTAGTATCCA,1672
CTGATCGACTTCTCAT,1672
TAAAAGCCTATCGAAA,1672
TAGAGAACTTTGAGGA,1672
TCAATAGACGTCAATT,1672
TTAACCAAAATTAGAC,1672
AACAGGCACAACTATA,1671
CAAATTATCCAGACTC,1671
CGCAATACACGTGTTC,1671
CTTAACCTAAGTCCAC,1671
GCCTTCTTAATTAGCT,1671
GTGAACTAATTTTCTT,1671
TAATGCTCATGTAGAT,1671
TATGCACCAAATAGAC,1671
TGAAAGTGTTGCAGCG,1671
AAACTAGCGACTTAGA,1670
AACCCCTCAAAGAGCG,1670
ACCTCAAACCAACTCA,1670
CATAATAACAATGCAC,1670
CCACGATCTCATATAT,1670
CCAGTACCTCAAGATA,1670
GAAGAATAAGTTGTGT,1670
GCAAATGTACATATGA,1670
GCGTAAATAAGCAAAA,1670
TGATCACAGTAACGTA,1670
TTTCTAAAACACACCA,1670
ACTCCTTTCTCTAGTC,1669
AGCTTAACCGCTACAA,1669
ATTATAATTATGGAAG,1669
GATAGCCTACATTAGC,1669
GGTTAATACTCTCCCA,1669
AACTGATATACACAAA,1668
ACATGTTCCTATATAC,1668
CAATTTGCTTCGCTGA,1668
GACAGGAGTCGGTTCC,1668
GCTAGAGAGGTGATCC,1668
GTGGCTCAACAATCCG,1668
TATAACAGAACAACTT,1668
TCGCGAAATTATAGAT,1668
TTAAACCTATGGATAT,1668
ACACTGTGCTTTGTGG,1667
AGAAGCATATCATTTA,1667
ATCACTCTTCGATCTC,1667
ATCTCATGTCCTCCTT,1667
CAGAATACAAGCAAGT,1667
CCATAAAAGCAACTCC,1667
CTTTACAACTACGTAT,1667
TACAGATTTAATTCCT,1667
TTTAGCAGAGCCCGAA,1667
AGCCCGCCCAGAACTG,1666
ATACGTATCTAAAAAG,1666
ATTACCATCACATTTA,1666
CTACTGTAAGCCACCG,1666
GATCCATCTAGTTCTC,1666
GTGATAGTGCCAACAG,1666
TATTGCTGGAGACGAA,1666
TGACCACTACTCCAAG,1666
AGTTTATTCGTAGGGA,1665
ATCTGAAACTTCAGGG,1665
CAAGAAAAGTCTTGAT,1665
GGTAAACGTGCATATA,1665
GTTATTGACGTCCTAT,1665
TCCCGTTAATCCAGTT,1665
TCTATGCCACAAACAA,1665
AAAAGCTGGCCATAAT,1664
ATATTGGAACAGACCT,1664
ATCAGTGGCGCCGACT,1664
CCGATAGCATCATCCT,1664
CGGTTCACTAAGGGAC,1664
CGTGCGAGCTATTTGC,1664
GATATCGCGCATTAAT,1664
GGTACATAACACTGGA,1664
GTGGTAAGAGAATAAT,1664
GTTGGCCCTTTCCATA,1664
TACATAAATTACTAGT,1664
TCTCCAGTAGCTAATT,1664
AAACAATAAGAGTGAG,1663
AATGCGCCAGAAACTG,1663
ACTGGAACCAGAGAAT,1663
AGATAAAAAAAATCCC,1663
ATCTTACGTTGACCTA,1663
CAAATTGCGCGCGTAC,1663
CAAGCAAAAAGATAAA,1663
CACAAGAATTCTAAGT,1663
CCTTTAGTTTCTTATG,1663
CTAATAACAGACTGTC,1663
GAACTGCCGCAACTGT,1663
GCCCCAGCGTTTGGTA,1663
TAAATGAATCCTCAAC,1663
TCACCCATCTCGCCCC,1663
TCTCCTGACGAGAGCT,1663
TGTAACATACAAGCCA,1663
ACTAGCAGGAACCACT,1662
TTGAAACCCAAACTCT,1662
AACCCGAAGGCACTGC,1661
AGCACATACAGAACCT,1661
ATAAACAGCTAGGTAT,1661
ATTGACATTGTCCTAA,1661
CGGACCGGTTGTGGAA,1661
GAAAATACGGTCCAAA,1661
GAACTCTGGTGATACA,1661
GAGCGAAAACCGGAAT,1661
GCGTTTCCATTTAGGA,1661
GGACTATGTTGTAAGA,1661
GGTACAATACCAGCGA,1661
TACAGAACGGTGAAAT,1661
TAGAAACTAAATCGAC,1661
TAGTATAAAGATAGCT,1661
TGGATTTCGAATGGTT,1661
TGTATGTAACAACCAC,1661
AAGACTCCCTATTCGT,1660
ACACTAATTCGGAACC,1660
ACGCTTTAACAGAAAA,1660
ACTCGCAAACCCGATA,1660
ATACTATAATGAACAA,1660
ATGTGTACCACGCCAA,1660
CCATGACGAGCAGCAA,1660
GAAATATAATTGGGCT,1660
GAATATTTTAGTGAAC,1660
GAGCTTGCTGCTGATG,1660
GTACCCCCTGAGTCCC,1660
TAACAGGAGCAAACTT,1660
AAAAGTCTACGTTTCC,1659
AGCGAATCTTATGGTG,1659
ATACTCTACTGGTAGC,1659
CCAGTAAGAGTTCAGT,1659
CGTCACGAAGTTCGTT,1659
CTAACGTCAGACACGA,1659
CTGCAGCCGTACACAT,1659
GACACAATCGGAACAC,1659
GACGCATATACTGACC,1659
GCCTACGTGATACAAA,1659
TAAAGAAAACTAATAA,1659
TAGGAACCGAAAGTAC,1659
TGGAAACTCCTTCCTA,1659
TTATACCCGTAAAGAC,1659
AATAAAAATGTATACA,1658
ACGCCAGACAGAAGCG,1658
CTGATAACCTTGTAAA,1658
GATCAGCACATTGTAA,1658
GCAATAACACAATAAA,1658
TACCAGTATACCTTAT,1658
TGGCCAGACACGCCGG,1658
ACTAACTCCAATCGGC,1657
ATACTCAATAAGTTTC,1657
CAAATCTCAATTTATG,1657
CACAAACCAAGAGAAT,1657
CCGTTTATGTTCCCAA,1657
GCAACGTTCAATCACC,1657
TAAAAACTCTTGAGTG,1657
AAATGAAACAAGAGTA,1656
AATAAGATCAAGGCCA,1656
ACAATCAAAGAAATCC,1656
AGCCATGACAGGACAT,1656
ATATCAGGTTCAAAAA,1656
ATTACAGTTACAATTA,1656
CAATAAACTGTTAAAC,1656
CTATTTAAACATGGAA,1656
GTAGTTATAAAAAATA,1656
TACGGCACCAATTCTT,1656
TATTAATATAAAAAAC,1656
TGGCGGTTTTAATAGG,1656
TTGGTTCCCTAACAGA,1656
ATGACAACGAATTTCA,1655
CAAACTTGACGAGGTG,1655
CCTACGACGTTCTGAT,1655
CCTATTACTTTAAGGT,1655
CTTGTTCTGTTAATGC,1655
GAGACAATCTCACTCC,1655
GCCGTTGCCCCCGAAT,1655
TAATATATATTAAACT,1655
TCCATGTAGGTTTGGC,1655
TCTTACTAAACATTTG,1655
AAACTATCAAATACCA,1654
AAATTAACTGCGCGAA,1654
AACATACACGTTATAG,1654
AACCCAAGCATAATAC,1654
ACAATGCTTATTCATG,1654
ATGATACCGCAGATCA,1654
ATGTATCTCTTAGCTA,1654
CTCAGGTACGTATGAG,1654
GATGATCGTATCGTCA,1654
GCAGAACCACTACCGG,1654
TAAGTCTACAATGAAA,1654
TACGCTGGAACCGAAT,1654
TGTGCCTAAGCTACAC,1654
TTACAACAAATTATGT,1654
TTAGCTAAGCCCCAAC,1654
TTCCCGCAGGACACTT,1654
TTTATAAGAACCTAAT,1654
AACCACAATCCTGTAT,1653
ACAAGGTAATGGACGT,1653
ACTTTGAACATTTTGG,1653
AGCAATTATAAGTAGG,1653
ATAAGCAGGAGCGTTA,1653
CAGACGAGCCTTATGC,1653
CAGGGGAAATATTAAA,1653
CCAAACTAGAGCAGCT,1653
CCAGTGTGGGCTAGGA,1653
CCCAACAACGTCAACT,1653
CGATACGATTTAAGGC,1653
CTCCATACGTCACTAA,1653
GAACTTAGAAATCATT,1653
GATCATAAACAAAACA,1653
GGTCGTCGTTCCATTG,1653
TACAGTCCGAGCGATC,1653
TCAGCAGATAAACACT,1653
TTCAATTGAAAGTAAG,1653
TTCTCCCTAGTCCAAA,1653
AAAACAAAAAGATCAG,1652
ACAAGAATGTAAAATA,1652
ACATAAATTAGCGACA,1652
AGCGCTCAACAGGGAA,1652
CCATCAACCTATCAGG,1652
CGAACATGCTCGCGAT,1652
CTATATCAAATTCTCT,1652
GAATTTACATAACGCA,1652
GCTAACGCTAGAAACC,1652
GTACTTTCATAGCTCT,1652
TTCAAACTGTTCGAAA,1652
TTTAATTAAAATCAAG,1652
AAATAGTACATGTCCC,1651
ACACTACACAATTCTA,1651
ATAAGCTCTGACATAC,1651
CGAGAATGACGTATCG,1651
CGCTTACAATATTAGA,1651
CTGTCAAGATACGGTG,1651
GACAGAGATAAATAAT,1651
TAAGACTTTCATACGA,1651
TAAGCCTAAGTATTGA,1651
TAGGGACAGTGGGCCA,1651
TGACATGGACGCGTGA,1651
TGATGTTCGTAGACAG,1651
AAAACTAAAGCAAATA,1650
ATACACATTGTTTAGT,1650
ATCGAATATGTCTCTC,1650
GATGCGACTGAATCAC,1650
GGTGCTCGAAGCCACA,1650
TAAATATCTTTGATTT,1650
AAACCCAAAAGACCAT,1649
ATTTAATACATCGCAA,1649
CCTTGTCCTAAAACAC,1649
GATCCGGATATCCTAT,1649
GTCAAAACAAAAAGCA,1649
GTCCTTGGTAGAACAT,1649
GTCTATGTTTAGTAGT,1649
GTTACATAAAAGAGAA,1649
TCAGACTATACCCTAA,1649
AAATAAATAATGTATG,1648
AACTTGAGTACGTCGC,1648
AGTCAACATTATTTTG,1648
ATACAAAACTACTATG,1648
ATATGTCACCACCTAA,1648
ATTAACATCTGAATAC,1648
CACCCGGAACTATTAC,1648
CAGAATGAACGTAATA,1648
CGTTGAAATTAGGAAT,1648
GAATAGTATGAGGAGT,1648
GCTAATACTGCAATTC,1648
GCTTAATAATAAACAC,1648
GGACTCATTCGAAATC,1648
GTTTAAGAAAACCTGC,1648
TGACCATTTAAATACC,1648
CATAATAATAAGAAAG,1647
GCCGTATTTATCTTCT,1647
GTAATATCTAATTGTG,1647
TGTCATCTTTTATTAC,1647
AACCGTGATAACATTT,1646
ATAACAAAAATTGGCA,1646
ATTGTGATTGAAATAA,1646
ATTTAGTATCGATTCC,1646
CAAGGCGGTAAAGGTA,1646
CATAGCATTACGCGGA,1646
CGCACCACATCCGAGT,1646
GATAAGTGCTTCCTTA,1646
GGCCCTATAGCGGATG,1646
GGTTAGTCTAGAACCG,1646
TCAATTGTCACCTTTA,1646
TGTCACTGTCGCCTAC,1646
AGCCTCATTTGTGCAT,1645
ATAAAAAACGTGGTTA,1645
CAAAATCTACACATTT,1645
CAAGACGCCGGGCGTA,1645
CAATACGGCGGTGTGT,1645
CCTTGGGTTACAGGAC,1645
CGACTCGTTGCAGAAT,1645
CTTATGGATAATACGA,1645
CTTTTATGTTAAATGG,1645
GAATTGACCTAACATA,1645
GCAACTACGAACTAAG,1645
TACCATGATAAAAAAC,1645
TCGTAGATTTCTAATT,1645
TGCCGAGTAAAGCGCA,1645
TTAGCAGCGAGCCACT,1645
TTGACCCGGCCTGGAT,1645
AAAATAGCATATGAAT,1644
ACCACCAGTAGAAACG,1644
ACCTTTTCTTTACCAG,1644
AGCAGGTACAAATCGT,1644
CTAACAGTAAAACTCT,1644
CTGGAAACAATCTTCC,1644
GAATACTGAAAGTACT,1644
GATTTACAAGAGTCGT,1644
GCAACTGGTCATTGGC,1644
GCACCAAGGCCTCACT,1644
GCATCAAGATTCCTAA,1644
GTATGAAGTCCCCAGC,1644
GTCAAGTACTCCCTCA,1644
TCTTCAAGAAGATACG,1644
TGATGCTCCCAATGTA,1644
AAAATGTCTAAAGGTT,1643
AAGCCACAATTTGTCT,1643
AAGGTCTAAAGTTTCA,1643
ACATTAGCACTTTACG,1643
ACGCCGTCCTTTATAC,1643
AGAAAGAAATAAAGTC,1643
AGGAAAATAGGGAAAC,1643
CAAGCAGATGGGTTTC,1643
TAATCCACAACCATCA,1643
TGTCTAGGGCATCCAC,1643
AAACGGTTAGAAAATT,1642
ACAGCCACCAAAGAGT,1642
AGATTGGGTAGACCAA,1642
AGCAATAGCTATACTA,1642
AGGGCCCAAGAGACCT,1642
ATTGAACGTTGAACGG,1642
CCATAAATTTCGGATA,1642
GCCCATTAGGTAACAT,1642
GTAAACCGATATTGTC,1642
GTAACGACTCATAAAG,1642
TCTTTAATTATGCCTG,1642
TGAAACATGCAAATGA,1642
AAAAGAACATTATGAG,1641
ACAAATTTCAACAACG,1641
CTACTAATGATTTCTT,1641
CTCGTGATCTATTAAG,1641
CTTTCAAATATCCCTC,1641
GCATGAATAAGGAATA,1641
GCCCAACAAACGCATA,1641
GCGCCGGTACCTTATT,1641
GGTAATGACAATCACC,1641
GTTCGTTATAAGTCAT,1641
TACTGGGCCTTTTACA,1641
TCAACTACCTCTTCCC,1641
TCCGATCCAAAATCCG,1641
TGTTGCGTGCTAGAGA,1641
TTATGCTCCTAGCAGA,1641
TTCCATCACTAATATC,1641
TTTAATCTTATCAAAG,1641
ACACCAAAACTAGTAT,1640
ATTGCGGCCTTCAACA,1640
CACCCTAAACTTGAGA,1640
GATCCACAATCGAATT,1640
GGCGGTTTAGATAGCG,1640
GTAAAAAACTTCACAC,1640
AGCTCTCTCGCTGACA,1639
ATAATACGTACACAGA,1639
ATGAATGGATTGGCTT,1639
CGGAACCATATCTCAA,1639
CTGAGAGTGTTGACCA,1639
CTGTCAACTAGCAATG,1639
GAATTCAATGCTGCAA,1639
GACGAGGACACCGCAA,1639
GCCACGGCCACCATGG,1639
GGAAACTGCTGGCAAT,1639
GTTATAACGCATTAAG,1639
TGTTCATCCCTACAAA,1639
TTCATTCTCAAAAAGC,1639
TTGTTATAGAATTAGA,1639
AACAATAATATGATAC,1638
AACGCTCCTTCTAACA,1638
AGAAGATGAGATATGG,1638
AGAGCAAGCCCCATAC,1638
AGTACACTATGTTCCA,1638
ATAAAGACCCCACAAA,1638
ATATCTTAATGTACGA,1638
ATCGTCATAACATTTA,1638
ATTAAACCCCCTCCAT,1638
CATAGAATCATTCTAA,1638
CATCGAGAGAACTTAA,1638
CATGTATATACTCAAA,1638
TTAGCTTGTCCAGAGA,1638
TTAGTTTCTAAATTAA,1638
TTGGACCAGTTCAAAA,1638
AAGTTCTCCAACACAC,1637
AATTATCCCACAGATT,1637
ACCTATAATGACCTAT,1637
AGGGCATCTTTCTCCT,1637
ATAGACATCTAAAAAA,1637
ATGCACGTGGAAATGA,1637
ATGTATACAACCAATG,1637
GCAGGTCCGTAATTAT,1637
GGTCTAATAGGCCCTC,1637
GTCACAACAGCGATTA,1637
TTAAGAACTTAATACC,1637
TTACTTACATTATGCA,1637
TTTTGAAGGCAAACAA,1637
AAAAAAGGGAAAATCT,1636
AGAGGATTAACCACAT,1636
ATAGCTTTCAAGTCGA,1636
CAAATGGGTAAAGACC,1636
CGTAGAAGTTATACCA,1636
GATGTACGACAACATT,1636
GCGCTATACAAACCTT,1636
GCTAAGTGATCATACC,1636
GCTCAGTTGATATGTA,1636
TACTTCGTTCGATGTT,1636
TTCTCCTCCTTATCCA,1636
AAAGAACCTAAGTAGC,1635
AAATGCCTTTACTGCC,1635
AACCCCAGTGAAGCTT,1635
ACCGTAATCATATCCA,1635
ACGGGATTAACGGATA,1635
ACTAAATATCTACCAT,1635
AGAGCAACTTCAAAAG,1635
CACCAGAAACCTGTGA,1635
CCCGCTGACTTCATTT,1635
CGAAGCCCGAAGACAA,1635
CGATCAACTTAGTCGG,1635
GAAAGCACAATTTCCT,1635
GACAGACAAGCTCGGC,1635
GGGTCTAACCACAGTG,1635
GTTCGACATACCAATA,1635
TCAACTCCTATTTCCA,1635
TTATAAGAAAAATTCG,1635
TTCCTAAAACAAACAC,1635
AACATATGGCACATGA,1634
AATAAGAACCTCAAAC,1634
AATCATTTGTCAGGCC,1634
ACAAACTCTGCCTAAA,1634
AGAACCCAAGAGAAGG,1634
CACATTACGTCTATCC,1634
TAGAAATAGAGAGCTA,1634
TGGCCAAACATTAGAT,1634
TGTTAAGGTTAGACTA,1634
ACGTTTAAAAAACCTG,1633
AGAAAGACATGTGCCA,1633
CAAGAAATCTCTTCAT,1633
CATCTAAGGGGAAGAA,1633
CCATTACTCAGGATAA,1633
CCCGCCGTACTGTCAC,1633
GACGTTGTTAAGTGGC,1633
GATCCTCCCCACACGC,1633
GATCGCGCAATTCAAA,1633
GCGAATATTGCGAGAA,1633
TATACATGGATGAACC,1633
TGATATGCAGCGTCAT,1633
TTCTACACCTGAAGAT,1633
AAAGACGTTTGATTGG,1632
AAGCCCCTGAGAAGAA,1632
ACATAAAAGTTTCACT,1632
ACCCCGTTTTTCACAA,1632
AGACTTTAAACAATAT,1632
AGATGGTATCGCATTG,1632
ATAAACCCTAAACAAT,1632
ATAACACTGATTTCCA,1632
ATCTTCAACGACTGCG,1632
CAATATTAATCTATCG,1632
CACCTGTACTAGTGCC,1632
CTCTTATCGGGGGACA,1632
GAAAAAGGTCCCGGAT,1632
GAAGATGCATCCGACT,1632
GGTCTATGTGTTCGTC,1632
TCCTTCCTACACCAAA,1632
TGATTATTAAGTTTAA,1632
AAATCATTCTCCCTAC,1631
AAGTAGGACAACAGAC,1631
AATCCCAAATAGATTA,1631
AGATCTGTGACCAATG,1631
AGTCAATTAGAAGACA,1631
ATTCCAGACTGGGTCA,1631
CAGATTACCCTTTTAT,1631
GAAAAATAGCGCTTAG,1631
GAACATCAGTTAGACG,1631
GGCCATGATTAAGAAT,1631
TCCACCTAAGAATATA,1631
TGATGCAAACGCAAAG,1631
TTAATCTTACAGAAAA,1631
TTAGAACATGTACATC,1631
AATGGATTTCCAAACA,1630
ACCCTCATGCGAAACT,1630
ACTATTAGATATGAGC,1630
AGCAGTTCCTCCGCGG,1630
CAAATAATCCAACGCA,1630
CACCGAAAGCTTTCCT,1630
CACCTGAAACTTGCAT,1630
GCTGAATATAGCGAGA,1630
TCACTGAGGGAATCCT,1630
TCTGACAAATGTACCT,1630
TTTACAAATCCGGATT,1630
AGTAAGGCCCAGATGC,1629
ATATACGAGAAAACGC,1629
ATTTCTTCCAATCATA,1629
CAAAAGGAGACCGATT,1629
CCGAGTATGCTCCTGG,1629
CGTCGAGTAAAAGAGA,1629
CTAACCTATAGTATTT,1629
CTACCTGTTCAGAAAA,1629
GACTAGAGTGCTGCGA,1629
TCACCGTGCAAACACA,1629
AACTAAAAAATTTGGA,1628
AATGGAAACCAAAACA,1628
AATTTGTTATCCAGTA,1628
ACAAAGACACTTCGTC,1628
CCAAAGCTTCGGGGAC,1628
GAGGTCATTAATACGT,1628
GCTATAGACGCTGAAA,1628
TATTAGACAAATAATA,1628
AAAAACGATAGATTCG,1627
AAGAACCCTAACGTAA,1627
ACAATATTGAAAATAA,1627
GAAGACCAGTTGGATA,1627
GCACACACAGGCCCTG,1627
GGGCAAATCGGATTTG,1627
TAACATCAAACTTAGT,1627
TCCAAGATCAAGCATT,1627
TCCGACGATTTAAGAA,1627
TCGTCTTACAATAAGC,1627
TGTTCTTCATGCGATT,1627
TTCAGGCCGCTTGTTA,1627
AGAACCAGTACGAACA,1626
AGGCGTATATGCCGTT,1626
ATAATATTTTGATGGC,1626
ATAGTGTGGCTACAGC,1626
ATGACTGTGATAATGG,1626
ATGCAAATCTTGACAA,1626
CACCTTTGAACCTGCA,1626
CTCATTCTTCATGAGC,1626
GAAAGCGTCATAACCG,1626
GAATTCAGGTATAATA,1626
GACGGGCTGCCTATTG,1626
TCAACAAATACCACTA,1626
TGAGAGACCAACACCA,1626
TGCTTCCAATAAGCAA,1626
AACTGAGAGGAGTGAG,1625
AAGCAACCAGTATGGT,1625
AATCGGTAGATAAGGC,1625
ACCATGCACTTGGACA,1625
ACCATTAATTGCACCA,1625
AGAAATAAGTAGTAAA,1625
ATACTTAGAAAGGTAA,1625
CACCCCTATATTAAAA,1625
CCAATCTAATAATATC,1625
TCACCTATATAACGGT,1625
TCCATGCAATTTAACA,1625
AAATACATATGGCATC,1624
ACCTTAATACAAATAT,1624
ATGGCGATGTTAAACT,1624
CCTAACAATGCGATGA,1624
CGTCGTTAGAAACCTA,1624
GACTAAACAACGAAGG,1624
GTATCCAATACAGCCA,1624
TAGAAGGTCAAATAAA,1624
TAGTTCGAAAATATAT,1624
TGTGAGACTGTTCAGC,1624
AAACTTTAAAACTTGA,1623
AACTTGAGCCCTAAAC,1623
AATTACCTAAAAGCAT,1623
ACATTTAACCCGCAAG,1623
AGAGAAATATAAAGTA,1623
AGCGTGGTACTCAGAG,1623
ATACAACTAAAGCGTG,1623
ATATATCAGCACGAAT,1623
CCATGAAACTCTACTG,1623
CCCACGGTGAACTAAC,1623
CTTATGAAAGTACATA,1623
TTTGACAAGACATTAA,1623
AAACTGGGATCGCCAA,1622
ACATGAAGGAATCCTA,1622
ACCGTGTATACATAGT,1622
ATATAAACATTGAAGT,1622
ATATCGGATCGTTTAA,1622
ATTTGCCAAAGCTGCC,1622
CGATATAATGAATTAC,1622
CTACAAAAATTTCCAG,1622
CTTTTAGTTTTATCTA,1622
TAACAACTAATTGAAA,1622
TTACACCCTCAGCACA,1622
AATATTTCGGTTATTA,1621
ATAAATCGTAATAGCT,1621
ATAGCTTAATTTGACC,1621
ATGCCAATTCTTAGCA,1621
CAAGATTTTAATGATA,1621
CGCTAACAAAATTGAG,1621
CTATGACCACATTCGC,1621
GCCATAAGTGAGTATA,1621
GTCAGTTGCTCCTCCA,1621
TGAACAAATCAAACAT,1621
TGTACTATAGTATGGA,1621
TGTGCGATGAAGGGTT,1621
TTCACTGACGCATTGT,1621
AAAGGATACCTTTTAA,1620
AAGACCCCTCGCATAG,1620
AAGCAAAACCCTTATT,1620
AGCAGCTTCTAAGGGT,1620
ATACAGGGTACTAATA,1620
CATTTAGAAGCCCTAA,1620
CCTACGAAGTGACACC,1620
CGATTAACAACGTAAC,1620
CTAGTTTATAGCGACA,1620
GACTCATTTAAGCATA,1620
GAGACGTACGATACTT,1620
GATATAGTATCTGCGC,1620
TAAAACCTGGCCGGTT,1620
TATGTGTGCTCATCAA,1620
TCGAACAATATTTGAC,1620
TGTACTGGCAAACAAG,1620
TTATCACATAACGGCA,1620
TTGCGTTCCGCCTGAC,1620
ACGACCACTTCCTTTT,1619
AGAATGTCAATTTTCA,1619
ATAACTTCAATGGCCG,1619
ATCGGAAGACGTCGGA,1619
ATCGTATTAAAATCCT,1619
ATGATTTTAGACACAG,1619
CGAGCAAATTCTAGGC,1619
GATACAGAGGCCTTTT,1619
GCCTAAATCCCTTGGA,1619
GGACCTCTATAACCGA,1619
TCCGTATCACGCTCCC,1619
TTAAATCGAGCGTTCG,1619
TTGCTTTAGTAAAAAG,1619
AAAACGACGGGTTAAC,1618
AAACTTAGCCAAAGTA,1618
ACAACAGAAAGCTTCC,1618
ACTGTAGCATATGAAG,1618
AGAGTATACGTCTCAA,1618
AGCGGAGTCTAAAGCG,1618
ATTTGAAATAATACAC,1618
CAAGCAAATTAAGAAC,1618
CGCTCATATAACTTCA,1618
CGTCTTTTGTATCGTA,1618
GCCGAAGTTACAATAA,1618
GCGCTTTTCGAAAAAA,1618
GCTGAACAGAACTTCC,1618
TAACTCAGTTCGTGCG,1618
TATAGCGCGTAGATAT,1618
AAAACTCCCACCGGAT,1617
AAAAGGACCGCGTGCC,1617
AAAGTCCCAATCTTAC,1617
AATAAACTTGTGAGTA,1617
AGAGTGAAATAGGAAA,1617
AGATGTACCAGGTACC,1617
CAGACTTAATATATAG,1617
CTATGATGAAGTATTA,1617
CTCCCTGCAGACTCGG,1617
GGATGATGTAAGGAAG,1617
TAGGCACGAAAAAAAC,1617
AATATTAACAAGCAAA,1616
AATGAACGAGGAATTC,1616
AATTGGGGGGACAAAA,1616
ACAGGTGCACCAAAAA,1616
CAGTGAGCAACAAGCA,1616
GAACCCAAATAACGAC,1616
GAATACAGCATAACAG,1616
GCACTACCGCGCACCA,1616
GTACAAGGATCAGACC,1616
GTCGGCGAACAGGTTA,1616
TCATGTGGGAAGAGCT,1616
TGACTACCAAAAAGCC,1616
ATTCGCTCTACCCGCA,1615
CCCACCAGCAAAATCC,1615
CTCTGAACAAATAAGA,1615
GATAGTACTTGAAAAT,1615
GATATTCACAAACCAA,1615
GCGTCTACTGACGCTG,1615
GCTGCTAATCGGGTGA,1615
TAAAAGGTATTAAAAA,1615
TAATAACTCTCAGAGG,1615
TGAAAAAAGGCCATGG,1615
TGAAATCCACCGATAC,1615
TGAGATACAGATAGCG,1615
AAAAGAACTTCACCCA,1614
ACAGAAACCATAGATT,1614
ACAGAGGAATTGGTAT,1614
ACGTTTTGTAATGACT,1614
AGATACTATCTCAGAC,1614
ATGCCTCTACCCAGTC,1614
ATGCTGGAGAGTGCAC,1614
ATTTTGTGCAAATATT,1614
CTCGCATTCAAAAATT,1614
GAATACACCAAAGGCT,1614
GTAGAATCGGTCATGA,1614
AAATTAATATTTACCA,1613
AAGTATTTAATATAAT,1613
ACAACTTATTAATCTC,1613
ACTAACCATATTGCGA,1613
ACTCGATACTAACGGC,1613
AGACATCCGTGTGTCA,1613
ATATGAAACTTTACGA,1613
ATCAGGGAACCTCTTA,1613
CAAAGGCCAGCAGGGG,1613
CACAAAAGTAACGGCA,1613
CTAATTTATAAACATA,1613
CTACAAACCCTTAAGG,1613
CTGACATAACTCACCG,1613
CTGAGATGCATACGAA,1613
GCAAAAGCGCATCTTA,1613
GCTTTCGAGGCACATT,1613
TACACGATTGCCAAAT,1613
TATTTGTGTCAGCTAT,1613
TGAGAGAAACTCTGAA,1613
AAGAGGAGGCTGGTCG,1612
ACCAGATACCAATTCT,1612
AGCAGTTACTTCTTAG,1612
CAAAGTACCGTCTTTA,1612
CGATGAAATAAAGTTT,1612
CTGAGTTTCGGATCTA,1612
GAAGAACACACTAGAA,1612
GATCTCATAACACCGA,1612
GCTTAAAGAATCCCTG,1612
GGCGTAGCTGTATTTT,1612
TAGAATACAACCATCT,1612
TCAAGGTACCAGATAT,1612
TTCAAACCTTATAACG,1612
TTCTCGAAAATCAGCA,1612
ACAGTAGCCAGACATA,1611
AGATGATCAAAATCAG,1611
ATTAGATTATCTGGTT,1611
CCGCGCGTTGACTGTA,1611
CCTTAAAGGCCAAATT,1611
CGCGGTCAAATCCCAT,1611
CTACGACTTTTGTGTC,1611
CTAGTAATGATCCCCA,1611
GAAAGCGCCAAAGATA,1611
GAAAGTGGAAGGGCAG,1611
GAAGCGGGCCAATCTA,1611
GATCCAGGGTACTAAA,1611
TAATACTTACAACAAA,1611
TAATGAAGAGACTATA,1611
ACCGTATTTCGTAACA,1610
GATAAAATTGCTGCTG,1610
GTAATAGCATAGTTTA,1610
TAAGCACCCAGGAAAT,1610
TAGATCACCGCTTACT,1610
TAGCGTGTAACAATTG,1610
ACAGACCACCAAAGCC,1609
ATAGTTACCTAAGTTA,1609
ATATTAAATTTGCATA,1609
ATCGGGCGAGCAATCT,1609
CAAGCATGGTCTTCGG,1609
CACTCAACGCCAAACC,1609
CCTCTATGTTTTTAAC,1609
CTCCAACTGATCTAAC,1609
CTTGTTATTGTCATTT,1609
GCACATTGAATTCCCG,1609
GCCTATTTCAGACGAA,1609
GCTCTGCCGCTGCCAA,1609
GGCTAGCAATAAGGAC,1609
GGTATAGCAAAATCAC,1609
GTGTCCGTCATTCGGC,1609
TCTTAACAACTAATTT,1609
TGCGTACAATAAGAGC,1609
TGTTATCGTACATAGC,1609
TTAGACCCAGGAAGGA,1609
TTCAATCAGCCATCTG,1609
AAAGAGGGATACGCCC,1608
AACCTCTTTAATATCA,1608
AATTGTAATGGGAGGA,1608
ACAATCAATACGAGAT,1608
CAATACTTGTTAATAA,1608
CCGACGAACCTTGATA,1608
CGATAACTGCTGCTCA,1608
GAAAACCATTAATAGG,1608
TAAGGACATGAGGACT,1608
TACCACCAGTCCAAAC,1608
TTATACATACGTTGCA,1608
TTCTATAAGCAGTAGC,1608
ACCAATAGTAATCGAA,1607
AGCTCGGGCTATATTT,1607
CACGGGTACCGACATT,1607
CACTGAGTGTGCGTGG,1607
CGGACATTTTACCGTC,1607
CGGGAGCAATATGTGC,1607
CTACGTAGCCGAGCGC,1607
CTGAGAAAGCCTTAGA,1607
GATCCCGCTATAGTTC,1607
TAATTGACCGGCATGG,1607
TAGTATCTTAGCTCGA,1607
TGCGTCACTCTGGAAG,1607
AAATCCGATCACCCGA,1606
ATTTCCCGACTAAGAC,1606
CCTAGCATTACAGGGA,1606
CTCGTTCCTGAGATTA,1606
CTGATGAAGCCTACCA,1606
GACTGGATTTAGACTA,1606
GCTACCTAGGAAAAAA,1606
TATGCAAAATGGAAGA,1606
TGAGTTGCTTTTACAG,1606
TTCTAGGACTTGACGA,1606
AAAATCGGTTAGGAGA,1605
ACTAGTGATCGGTTCG,1605
CATACTCGAGCCCGTA,1605
CCTCCCCCTCCCACCA,1605
CTATAACAAAAGGAGA,1605
GCAAAAATATCGGTCA,1605
GGATATCTGCAAATAA,1605
GTAACTCAAAGAACCC,1605
TCCGATAACCCTAGAC,1605
TCTCGAACCCAAATGC,1605
TGTTTGTATTGGACAA,1605
AAGGATTACTAAGTTC,1604
AGAATAGCTGGTGCAC,1604
AGTAGGACCAGATGCT,1604
AGTTCCAGACAAAACC,1604
CAACGTGTACCCCAAA,1604
CACTGCGTTAAGCCCA,1604
CTGCACGATTTACATA,1604
GAAAACCATATACATA,1604
GAATGCACGTACTTGT,1604
GACACACGACTCTCGT,1604
GACTCAGATCGTAACA,1604
GCAAGTCACCGAGTCT,1604
GGCCTTAGCCATTCTA,1604
GTAAAGGTGTAGAAGC,1604
GTTTTACGCATTAAAA,1604
TATGGACAATTATCAC,1604
TGTAACATTTACTATA,1604
TGTTAACATAATTTAT,1604
TTAATAGTACAGAGAT,1604
AACATTAACCTTGCAA,1603
AACTTGTAACATAAAC,1603
AAGGAATATCCAATCG,1603
CATAGCGAATCTACAT,1603
CCATTCTAGAATTGAT,1603
CGCAATTCTGTGATAA,1603
CGGACCATAAATGTTT,1603
CTGAGGACTCACTAGA,1603
GTTACTAACGAAATTT,1603
GTTAGTTGACATCTTC,1603
AATGATGTAGGATAGA,1602
ACTGTATTTATTTATT,1602
ATAACTCCGGTGCATG,1602
CTCTAGCTAGTTGACG,1602
GACCGGCAGATGCAGA,1602
GACTCCTATGGAAACA,1602
TAATATCTCACCGAGC,1602
TAATTGACCGTGAAAA,1602
TACCCATACTCAACTT,1602
TGTCCTTAACAGTCAA,1602
TTGCAATACGGAAGCG,1602
TTGTGAATGACTTATA,1602
AACCCCAAAAAAACAA,1601
AACTACGATCTTTGTT,1601
ACAAATAGACTTTAGC,1601
AGCCGAGTATACGGAA,1601
GAATGTCAAACAATGG,1601
GATTAAGCAATAATCT,1601
GTAATGAGACGCTCGA,1601
TAATAACCAACTAAGA,1601
TAATTAAAAGTTCAGA,1601
AACGGACTTATTTAAG,1600
ACAAGTATCGAGTCCA,1600
ACACTGTCTAAGCCTA,1600
ACCACTACAACAATGA,1600
ACCTAAAGCTGACAAG,1600
GCTAACAGTTAAGAAA,1600
TAACACAACTAATTGC,1600
TAGCTAATAGACGCGA,1600
TGTCTGTCACTAAACT,1600
AAAATCACCCCGCCCC,1599
AAAGCATCACATAACA,1599
AAATACCTCCAATGAC,1599
AAGGTGATTCAGCAAG,1599
AGCAAAAGACACCAAT,1599
AGTGTGCCGACTCATG,1599
ATACAAGCGCACATAA,1599
ATAGAATAAAGACTAA,1599
ATCAATCCCCAAATCC,1599
CAAGGTTATGCTCTAC,1599
GTCTTCGGAAACTACC,1599
TAAACTAAAAAATAAA,1599
TAGCCAAGAGCACCGA,1599
TGATAATCATTTAGAA,1599
AAACCAAACCTTTTCA,1598
AAGTATTGCATCCCTG,1598
AGGGTGTGATTACTAT,1598
ATGTTACATATACCTT,1598
CAGTGACTAACCAGTA,1598
GCATTTGTTACCATTA,1598
TATGGAAGGTCGGAAA,1598
TCGTTTTTAGATATAG,1598
AAGCGTTGTGTATATT,1597
GAGCTTACGTAGCGCC,1597
GCAACGGACATACCAC,1597
GGGCGCTTGTCTACAG,1597
TAAAAATACATTACCA,1597
TACTAGTATTTAAATA,1597
TATTTCCTACTAAAAT,1597
TCAATCTGAACAATAA,1597
AAATTGCGACCCTTGT,1596
AATCAGATAACTTAAA,1596
AATTTCAAAGAAAAAA,1596
ACTTTACCATAAAAAA,1596
AGAGTATCCTCGGCTA,1596
AGTAATTGACAATAAA,1596
CAAAATATGATCCCTT,1596
CCGTGCAAATTGTTTG,1596
CTCGTGACAAGTCGCA,1596
GCAGACTCCGAAAACT,1596
GGACGCGCAACATCTC,1596
GGTACCTCATCATATG,1596
GTTAAACTTTAAACAG,1596
TAGTAGAACTGATAAA,1596
TCGAGGAGGAGCAGAC,1596
TCTGGAAATTAGATTA,1596
TTATTAAAATGGGAAC,1596
AAATCAAACCCTTCGA,1595
AAGAATTCGGTTCCAT,1595
ACCTACAGGGTTTAGA,1595
AGCAACTGATACAACC,1595
ATAGAAAAATTGTATA,1595
ATTGAGACCGCATGTC,1595
CACTAATTATTAACAT,1595
CCATCAAGCCAAGTAT,1595
CGCGAACCTGAATTGA,1595
GCCCTCCAAGACGAAA,1595
TGACACTCATTACGGA,1595
AAAAATACCCGAGCAT,1594
AAAAATCACACATATA,1594
AGAGACGAATATTTTT,1594
CAAGACTATTGGACAA,1594
CAGGCATAACTTGAAC,1594
GGGGAGCTTGGGCATC,1594
TGACTGCATAGTAACG,1594
TTACTGCGCGCAGATC,1594
TTGGGTGCCATCACAT,1594
TTTAACTAGAGTAAGC,1594
AAAACAAAAAGCGCCA,1593
AGCGTGATATCTGAAT,1593
ATAGGCGGGATTATAA,1593
CTCAAAACAATCAGCA,1593
CTGTTACTTTCGCCAG,1593
GACCGTGAAATGTAAA,1593
GGATACAAACTCGGCT,1593
TACGTAGGAAATGACG,1593
TCAATACAACTAAATT,1593
AGTCGCATAGATCTTC,1592
ATCACAGGAGTATACA,1592
ATTAACAATAAGTTTG,1592
CTTGATACTTACAGAC,1592
GCCGACGGTAAATGGC,1592
TAAGAGTACTCTCAAG,1592
TAGAAGTAATAACGAA,1592
TCAAGAACGAACAAAT,1592
TCACTTTATTGCCATT,1592
AAATTACGGTCGATTT,1591
AACCACGAATATACTT,1591
ATATTAAAATCGTCAA,1591
ATTCTTTTGACAGGTG,1591
CCAACCATGTGTTAAT,1591
CGGATAACCAATTGAA,1591
CTCTAAAACTCTAGGC,1591
CTGATGAATATTTGCG,1591
GACCCAAGGGTGAACC,1591
GGGAATACATATCTGA,1591
TAAACTAACTCCACAA,1591
TAACAAACACTCATAA,1591
TAGCTGTTCATGTTGT,1591
TGTTTTACAATTATAA,1591
AACCATAATAGTCGTT,1590
AAGATTAACTCCAGAA,1590
AATAAGACGAAACCAT,1590
ACCGCAAAAGAGTGGA,1590
AGTAGATTGACTGAGA,1590
ATCTAATAATGCCAAA,1590
CCGGTACGTAAGAAAC,1590
GCTATAAAATAACTTC,1590
GGCAAGAAACAGTAAT,1590
GTGAAACCAACAAGAT,1590
TCACTTGAAAAAAAGG,1590
CTCATAAAAAGATACG,1589
CTCTACATTGGAAAGT,1589
GAAAACGCAATTTAGT,1589
GATGTGCCACCTGATA,1589
GCAAGCAGATCTAAAG,1589
GCGAAGTTTCACTATT,1589
GTTATCACCATAAAAA,1589
GTTTTAAGAAAAAGAG,1589
TACCACTTAAATAAAG,1589
TACGCGACAACCCACT,1589
TCCAGAAAGGTACAGC,1589
TGAAATCGCGAGTCTA,1589
TTAATCAGAATAGTCG,1589
AAACGACACCACCATA,1588
AAGCATAATTACAAAC,1588
AAGCGGCTATAAATCC,1588
AATAAGCATCACTACT,1588
ATGTGATATGCTAAAA,1588
CAGCGTGCACTGATAA,1588
CCTGACCATGCATGAA,1588
CTATCAGATCCTGTAG,1588
CTGCTATATTAATGGT,1588
GGGTGTAAGATACTCC,1588
TAAAGGAAATAAGGTT,1588
TGGTGACAAATACCTA,1588
TGTCTTAAGAGAAATA,1588
TTAACAGCAAATTGAC,1588
TTCACACTCAACCCAC,1588
AAAAAGAATTAGACTT,1587
AAAACTGGAAATAGCG,1587
AATAGAATAGCTATGA,1587
ACTTGCACGCATTAAG,1587
ATAGTAAACCTGACAC,1587
ATTAGTCCTTAAAACG,1587
CCAGACTCACCGAACC,1587
CGATAAGGAGAATGTC,1587
CTACCTCACACAGATA,1587
CTCTATTTCCGGTCAC,1587
GATTACACAACTAAAA,1587
GCGTTATTGTCTACGC,1587
AAAGACCGAATATCAC,1586
AAGCCAGCCACATGAC,1586
CACTTAAATTCGAAAT,1586
CCAAAAAGAAGATCTA,1586
GAAACCAGCATGAGGC,1586
GAAGAGAACGGTTGAC,1586
GTAGGCTCCACATGTT,1586
AAGTCAGGCTTGCCTA,1585
ACGAATCGTTTGCATT,1585
ACGGCAAATGAGAGCT,1585
AGGAAGAAAAGTATCA,1585
ATGACCATCCAAAGAC,1585
ATTCACCCTGCAAATT,1585
CAAATACGAATCCAAT,1585
CAAATAGGTCATGTGA,1585
CACACTGCACAGAACT,1585
CCCGAGAGGCCCATCA,1585
CTGCCAGATGCACATC,1585
GAAGTAGGGGACAAAT,1585
GACCATCATTACAGTA,1585
GGAAGAAAATACCAAA,1585
TAAGGAAATAAACATA,1585
TACGCTACCAACTACC,1585
TAGCCTTTCGGAAGCA,1585
TATAATGCCGAAAACA,1585
TTACCGAGACGATCTC,1585
AAAAAAACTATGAAGC,1584
AAGAAAGGACTTTTAA,1584
AAGACGAACGCACTGC,1584
CATTCAAGGGAACATG,1584
CGGCCAACAATGAACA,1584
CTGATGATTCATTTGC,1584
GTACTACTCCCGTTAG,1584
TCATGAAAACGAGGCG,1584
TCTTAGGACTCAAGTA,1584
TGGAAAAACCTAGTTA,1584
TTACCACGCCCTTCGC,1584
TTTAATCGTAATCCAC,1584
AAAAGCTAACATACAA,1583
AATCTTCATATCAATC,1583
ACATCGTTATGGCGCC,1583
CAGGGATGATCAAATG,1583
CGGAAACAAATGAAGA,1583
GAAATAGATCGCTCTT,1583
GACACAGTCGAAAATT,1583
GACTATCACACGCAAA,1583
GGTGAGTCGTAAAAAG,1583
GTCTTTTTTAGTTAAC,1583
TACCTAGTTAGCGAAC,1583
TAGATCTTAATCGAAA,1583
TATGATAAACATCACA,1583
TATTCTCGTTCTTAAA,1583
TTAAAAAACCGTTTTA,1583
AAGGATATTTAATCAG,1582
ACACGGTCCTTATCAA,1582
ACGGCTCAGATAGGGC,1582
ACTGACGTCATGTCCT,1582
CTACCTAAGACGGACC,1582
CTGAATGTCTTAATTC,1582
GGAAACCGCGGTAGAT,1582
TAAGACCGAAGGCGAG,1582
TACAATCTGTATCAGC,1582
TACAGTAAAAATTTAC,1582
TCCTCGTATCATTTCG,1582
AAAATTTCAAATGATC,1581
AAGATAGCATGACGTC,1581
AATAGAGATCCCACAA,1581
ACAACAAAACCGTGTC,1581
ACCTAACTATACTACC,1581
CACCTAATAAACGTTT,1581
CCAGGCTCCCTGAAAT,1581
GAAGTCCCATGAAAGT,1581
GCATCAAATAGCTAGA,1581
GTAAAGCACGAATAAT,1581
TCTACGTAAGATCACA,1581
TGAACTTAATCTTTTG,1581
TTATCCGTATAGCATC,1581
TTCAAAGTACTGGAAG,1581
AAGAAAAATCACTCAA,1580
AATGCATAGTACAATG,1580
ACTTACTTTTTGCACT,1580
CAAACAACAAAGACTA,1580
CCGAAGTATAAGTATC,1580
CCGCTTAGAAAGAACT,1580
GACCGTTATATTTATA,1580
GATCATACTGAATTTA,1580
GATTTTTGGTAGTAGA,1580
GCTCTGGGGAGCAAAA,1580
TCGTAATATAGAATCT,1580
TGCGCCAGTATGAATC,1580
TGCTCCTGAAGAAAGG,1580
TTCATTGTTCTAGACT,1580
AAAACTTCCTCGCAAC,1579
AAAATCAAACCACTCA,1579
AAAGGCTCTTGCCCTG,1579
AACCCATCTCGTTTGT,1579
ACACTAGTCATTTTAT,1579
ACGGCACTCGCTAAGC,1579
AGGTAACATTAACCGC,1579
ATTAATTGGGGAGCTA,1579
CAAAATTATAAGGCAT,1579
CACACCCAACTCCGAT,1579
CGCTTTAGACCTAGCC,1579
GAAACATCACTTGCCC,1579
GAATATGTCTTTGCCT,1579
GACCACGCTGAACGTA,1579
TAACCACTGGAAGATC,1579
TTCCTCAAAACTCCGG,1579
AAAATTAACCACTACC,1578
AATGCGTTCTGTTATA,1578
ACCCAGCCGTTCGATC,1578
ACGTACGTAATCGAAG,1578
CATCCCTATCGTTAGA,1578
CCCATATTGATAAGTG,1578
CGACATGATTCAAAAA,1578
CTATATCCCAATGCAA,1578
CTTTAAACACGTCGAT,1578
GACGAATCCAAACTGT,1578
TCCGTCTCTATAAATA,1578
TCGAAATTATCGGACC,1578
TGGAATATGGAGGTAC,1578
AATTTACAAATTTAAG,1577
AGATCCATTGTGAGAA,1577
ATAATTATATAGATGT,1577
CATCGAACCTCCAATA,1577
CGAAGAGACGCGATTT,1577
GATAACACCCAAATAA,1577
TACATCGTTAATATAA,1577
TGTAAATGCACTAACC,1577
TTCTAGGCTTTTTAGA,1577
AAACAATAACATTGAA,1576
AAACGCCTAAAATGAA,1576
ACCACAAAACGACAGG,1576
ACGACTTAAATGATTT,1576
ACGCCAAAAGAACAAA,1576
AGGGGACTCACAGGGT,1576
CATTGAGAGGACAATA,1576
CGCAGGTTTAAAACAG,1576
GAATCGATCTCCAATC,1576
GCCGCATTATACAAAG,1576
GCGGAAGCCATTTTCA,1576
GCTTGTTTCCGACACC,1576
GGGATGGAATTTAGTG,1576
TAAATTTATTGATGAG,1576
TAATGAGCCGATAATC,1576
TACCGTAGATCGTCAA,1576
TAGCTTGAGTTACAGA,1576
TGTAAAAAAGATCCAG,1576
TTCAACTCAGCTAACC,1576
TTTGTACCGTTACCCT,1576
AAAAGTTGACAATACG,1575
AAGAGAGATTTATGTA,1575
AAGGCGCATCGCAAAA,1575
ACCCGGATTCAGGACA,1575
CAATGAATGCCTTTAC,1575
CCGATCGAAACGATTT,1575
CTCGACACGACGAGTT,1575
GAACAAAATGCCCATG,1575
GCGTCATAAGATAACG,1575
GTCGGACTAATGTGAT,1575
TAGTTTACCGCATACC,1575
TCAACTCAGGGAGAGC,1575
TTGACTCTGATTTATT,1575
AAGTATTCAAACAGTA,1574
CCAGACAAGAAAGCCG,1574
CGAACACCCACACCTA,1574
CTGCACAAGCGATGTT,1574
GACAAAACATCAAATA,1574
GTGTGTATTAAGATCA,1574
TAAAGCAGCACAGCAA,1574
TAGAGAGACACGCTAT,1574
TATAACCGGCGCATAG,1574
AACCAAAGTTACTCAA,1573
ATCACCACAGTAGACC,1573
CCCAATACTCCATAAC,1573
CCTGTAACACCTTATA,1573
CGAAACTTAGCTGTGA,1573
CGTCAACAAAGGTCTC,1573
GAACTACAATAGAATT,1573
GAATTCAAACCGAAGA,1573
TTAAGGTACTTACTTG,1573
ACTCAATTTTTCACGC,1572
AGATCTTAGGTACAAT,1572
ATAATGAATATATGTG,1572
GCACAATAATACAATT,1572
GTCCCGACGCACCCGG,1572
AAAGAATATGTTTAAG,1571
ACCCGGCACGGAATTT,1571
ACCTAATGATAAACCC,1571
AGGTTGATAGATACCA,1571
ATATTATCGAAGGTAC,1571
ATGGTCACATCGACGA,1571
CATAAAAATTGGTAAA,1571
GTGTACGCCGTTAATA,1571
TTACACAACAGATTCA,1571
AAATGTGTTTCAGGAA,1570
AACGAACAGTAGATGA,1570
AAGAATACAACCTGGC,1570
AAGATAAATGATAGTC,1570
ATCCATTTGACAAAAC,1570
ATGGATCACTTCCTAC,1570
ATTATCCCTCGGCGAA,1570
CCGAATAATACTACAA,1570
CTTAATGTCTAAGATA,1570
GACGCATTCAAGGCAT,1570
TGAAGAATCCTACGAA,1570
TTAAGAACTGGCGCAC,1570
AACTTAAGCTATAAGT,1569
AAGAAAATATACCAAA,1569
GAACGTCATCAGCTCA,1569
GGAAAATGCTTACCAC,1569
GGACTAATATACAAAT,1569
GTATAATGAGACGCTA,1569
TACTATTCGAAAGATA,1569
TATATGAAGTAATTTG,1569
AAGGAGATATTCGAAA,1568
AATAAAAACATAAAGT,1568
AATTAACCCTCATAAC,1568
AATTTCTACCCTCTGC,1568
AGATGCCAAAGCCACA,1568
ATTAATGATGAACCCT,1568
CCACCACAACCAAAAG,1568
GAAGACCACATGAAAA,1568
GACCCGCGGTTGAACT,1568
GTAGTGCATACAGGCG,1568
GTATATACGATGCCAT,1568
TACAAGACGACCGGTG,1568
TCCCCTAGATAATAAT,1568
TCCGGTATAATTGAAC,1568
AACTGATTTATAATGG,1567
ACTCGAAAGCCCGATT,1567
ATCCCCGCCGAACAAC,1567
ATGCGCCTACTAAATA,1567
CAGCACATTTCGATAG,1567
CATGGATTGATTCACC,1567
CTACTAAAATAATTTT,1567
GAACATAAATAACATA,1567
GCGCCAAAAAAATATC,1567
GGCGAAGGAACATCTT,1567
TGAAAACATAAAAACG,1567
AACGCCACAACCCGAC,1566
AATAGTATCCCCGCCA,1566
ATTAATGAGTGGCCTA,1566
CACAAATTCAAGTAAC,1566
CTTGATTGCAAAGATC,1566
TACAATAATTAAGCTA,1566
TCAATACGGTAAAATT,1566
TCTATCAAGGTCTACT,1566
ACCAGCAAAACCTTCC,1565
AGTTTAAGAGGTTAAC,1565
ATATTCCAACACATTG,1565
CAAAGCCTAAATAAAA,1565
GACACGCCAAACGATA,1565
GCGAGAAGTTCCGCAA,1565
TAGGTACATGCACATG,1565
TATTTATAAATGCATT,1565
TCCGGGCCATTCGGAG,1565
AAAAACTACAATTAAT,1564
AAAAGAACACATTACA,1564
AAGATTCAGAAATCTA,1564
AATAGGCACTAATATC,1564
ATGACCTTATGACAAC,1564
ATTTAGCCCCCTCAGG,1564
CTAAATACACGCGGAG,1564
GAATAATACATACAAA,1564
GATAGTAACGGAGTTA,1564
GATTGAATTATCCGGC,1564
TCGCTCCTTCAGTACG,1564
TGTTCAAATATTAGAT,1564
TTTACCAACGGCAACA,1564
AGATACCAACATATTG,1563
AGATTTGATATGAAAT,1563
AGCAGTACGTTTTAGT,1563
AGTTTTAAAAACACAA,1563
ATACAGTAGCATAAAG,1563
ATCCTCACTAGTTGGG,1563
CAAATCCTTTAAATAA,1563
CCAGATGTATTCAAAT,1563
CGTTCACGACACACAA,1563
CTCGATCTTTAGTGTA,1563
GAAAAACAACCGGGGA,1563
GATTTAAATAAGAGAC,1563
GTAATCAATGCCAAGG,1563
TAATGAATAAAACCCG,1563
TACATACAATGTCAAC,1563
TAGCGTAAAATGATGA,1563
TGGGACATGAAAAACT,1563
AAATGTGGACATGCAT,1562
AACATATACCAAAGGA,1562
ACTTTAAGGCAATGTT,1562
AGACCTTCTGAACACA,1562
CAATCCGAGTTCTTGT,1562
CACAAATAACAAATAT,1562
CAGCCATTCCCTGGGT,1562
CGATTCCTCTTATCGG,1562
CGTGCCGTAAGTAATG,1562
GCTAATAAGCCACTAA,1562
GGCCTTCACCAAAGGT,1562
TAATAAACATGTAGGT,1562
TCGCGCCGAATAAAAA,1562
AAAGTTGATTGATGCA,1561
ACCCGTTAGATATAAG,1561
ACGGTCCCCCGTTTCC,1561
CAACGTCCCATATTTT,1561
GACCGTGTATAAAATA,1561
GAGATACACCCAACCT,1561
GCTGAAATTAAGTGTG,1561
GGGTCCTTATACCTCT,1561
TCCAAACGAGATCAAA,1561
TCCATAATAGCAATTA,1561
TCGACGGACGAGCTTT,1561
TCTGCAAGCAGGACCC,1561
TTAATCCTTGCCGAGA,1561
TTAGTCCGTTAAGCCC,1561
TTTCAAAAGTAATTCA,1561
AACATACAGGGCTACT,1560
CACCCCAATTACTACT,1560
CATAACCGTACCATAC,1560
CCAGATCCCCAAACTT,1560
CTACCAAAACCTAGTT,1560
GAAGACTTTTCAACGA,1560
TACGATCTCGCCAGAG,1560
TAGTATCTACACATAG,1560
TTCGATTAGACAAGAT,1560
TTGGAACCAAAATCTT,1560
AACCCCATTAAGACAA,1559
ATAAATCTGAAAGTCC,1559
ATATATATTTCGAGCG,1559
ATTGGGAAACCCACTA,1559
CCGCAACAGGGGCCAA,1559
GCATATATGTATAATT,1559
TATCGCAAGGAAAACA,1559
TATTTTTTTGTAGCTA,1559
TCTCCAGCTGATTAGC,1559
TTAAATACATACACCT,1559
AATCTCCATATAATAG,1558
ACAGACACGACAATAA,1558
ACATCCCCCTTTTTCA,1558
ACTTGAATCAAAATGC,1558
CATGGACCTAACCCCC,1558
CCCCGTTTTTACCTTG,1558
CCTGCGAAAGTAAGAA,1558
CTAGTGACACTATTCC,1558
CTCGCGACAAACGCAA,1558
GAAGGAAATACAACAA,1558
GCCATTAAAGCGAAGA,1558
GGACGACCTGATGGCA,1558
TACGACGGGAAATCAC,1558
TCTTAATGTCTGAAAC,1558
TGCATGAACTACCAGA,1558
TGCTCTACTATATGAA,1558
TGGTAAAAAAGGTAAA,1558
TTAACTCCGTACCCTT,1558
TTACATATCAATCGAA,1558
AAGCCAGATGCAACTG,1557
ACCAAGACCGATTAAT,1557
AGTAACAAGACACATA,1557
ATACACAATTCCCGTG,1557
CATTCCTCTGCAAACG,1557
CCCGTTTACCGTGCTC,1557
CGATAGGATAAATTAG,1557
GAGCCATGTGATGTTT,1557
GGAAAAGATCTATTGA,1557
GGATATAAGTGAGAAA,1557
TATCTACAAGTCAACT,1557
TCCAGTGTGTAACTTA,1557
ATATAATGAAAAACCA,1556
ATCAGCGTGATAGCGA,1556
CAAACTATAACCCCGC,1556
CAAATATAACGTACAC,1556
CAAGGTTCCCAACATC,1556
CCAGGGCCCCGAAATG,1556
CGCCGAAAGAGTGACG,1556
CGGCTAAGATTATACC,1556
CTAGCCGTCAAAGATT,1556
CTAGGACCACATCGAT,1556
CTTAACATCCATACTT,1556
GAAAAGTCTTGATCCA,1556
GTTTCTATATTCTTCA,1556
TCGTACTCACTTGGGC,1556
AAAACGACTTCTTACC,1555
ATATAAGAATGCCAGC,1555
ATCGCCTGCTAAGTAA,1555
CAGTTATATATCCTCA,1555
GAACACCTTTAGAAGC,1555
GAATCATTAGATCTCA,1555
GGAATTGCTTGGAACA,1555
TAGGAAGATACATAGT,1555
TGGCGAGGAGTAAGCT,1555
AAATAGTCAAAGGATT,1554
AACACAACAATTTTAA,1554
AAGATAAAAAGTAATC,1554
AAGCATAAATACCAAT,1554
AAGGAGTAAAAATTAT,1554
AAGTGCAAACCTAACC,1554
AATAATAGGTAAAACG,1554
ACTTAAAAACTCGGAA,1554
ATCAAGTAGTATGACT,1554
GAAAAGAAATAAACAA,1554
GACTCACTGCGACATG,1554
TAAGATAACCCCGTTT,1554
TCAGTTCGACACAAAC,1554
TTATTCTGGACAATCA,1554
AAACAAGTTATTCTAA,1553
AACAATCCAAGAATGC,1553
AAGTCAACGTTTTCAT,1553
ACCGAAATGGAGGACC,1553
ATCTGTATGCACACAC,1553
GATTACTCAAACCACA,1553
TACATTTAGCCGGTTG,1553
TATGGCTTGCCTAATG,1553
TGATGTAGAGGATGCC,1553
TTCAGAGTACAATTAA,1553
AAAGAAATACATCCCC,1552
AAATCCCCGAAATCAG,1552
ACAATGACATACAGAC,1552
ACATTCATCGCAATAA,1552
ACGGCAACATAAATAA,1552
ATTCCACTAGGGATAT,1552
CGCTACCTTGACTGAC,1552
CGTATACAACTTGGCC,1552
CTTACCAAATATGTGG,1552
GACAAATGCAATTATA,1552
GTAGAACCTGTAATAC,1552
TACATTGAGTACACAA,1552
TACGAATGACGATTTC,1552
TACTAAAAGTGAGATT,1552
TTCACGTGGAATAGTG,1552
AAACCTCATTTTAGAA,1551
AAACGGTAACTGCTAC,1551
AAATAACGTTAAACTC,1551
AATACAAAGACAACTG,1551
AATGAATGATAGGGTG,1551
ACACATAAGAAATAAG,1551
AGAATGCGAATATAGT,1551
AGTACCTAAAACCCTA,1551
AGTTTTACCCAGATCC,1551
CAAGATGATATTAAAT,1551
CCATCTTATGCATAGA,1551
GAAATGTAAGTCTTAC,1551
GAGACAGCACGTTTCT,1551
GCCTTCTTTTTATACT,1551
TATAGAAATCTAACCA,1551
TGGTGCCCATCCATCG,1551
TTCCTAAATACGTGTG,1551
TTCCTACAAAGATACG,1551
TTCGCTCCACAATCAT,1551
AAATTCACCTATAAGC,1550
ACGAGCATAGTCACTG,1550
ACGTACCCAGTAGGTA,1550
AGACAAACGATGTTAA,1550
ATCCATAAATTTGTGA,1550
ATTATATACTCATTGG,1550
CAAACGAAGCAGCCCA,1550
CAAATCATATTGGCTA,1550
CAAGAAACACGCGAGG,1550
CATTACCAATGAAAGC,1550
CCAAGAGATAATGAAG,1550
CCAAGGAGCATTGGCA,1550
CTAGAGATACTCACTC,1550
GCCACGCACAGCTAAA,1550
GTGTATTGGATAGTAA,1550
TAAGTTATGAACTATG,1550
TATAGGGAGAATACAA,1550
TCCACAGGTAGTTTCA,1550
ATACTAGTAATACCTT,1549
CAACAACTTCGATGAC,1549
CAATTTAATAGCGGTA,1549
CCCCTCCCATAGTTTT,1549
CGGCTAGTGATGCGAG,1549
CTTACCTTTCCCAGTG,1549
TAACCAACATTGTTAT,1549
TAATATACTTTACCCT,1549
TACAGAGCTGTAATTC,1549
TCCATGGAGAGTAACG,1549
AACCCATAAAGTGGGT,1548
CAAACACGTCAAAAGG,1548
CACGTTATCTCTGTCT,1548
CAGGCTAGGTTACCAA,1548
CATACACACTATATGT,1548
GATTACCAGTAACTAC,1548
GATTATAGAGAATTAC,1548
GGCATAACATCTAATG,1548
TAAGGCCCAGCTGACA,1548
TAATACTTAGACACTG,1548
TATAATAGACTACATA,1548
TCGACGAAGAATTTGA,1548
AAAAGCAAAAGCCAAG,1547
AATATGAGCATTGGAA,1547
AATCGGATAGTAAAAA,1547
ATGCTGCGAAAAACAC,1547
CAATGACCGTAAAATG,1547
CTCAGACTATATACTA,1547
TCTTTTGACTCTAATA,1547
TGCCTTCATTTAAAAC,1547
TTAATCAATTACAAAT,1547
AAGAATGCATAACCGT,1546
AATCAGCTCACCTAAT,1546
AGAATCACGTAATTAC,1546
CACGAAAAATACCCGC,1546
CCCTAATAATAGTCTA,1546
CGATCCACTAATAACC,1546
GACACTAACATAGCTC,1546
GGTGATGCGCGACTCA,1546
TATGCTCTCAATTTAA,1546
TCTTTGAAAATGTATA,1546
TTAAAATAAAACACCA,1546
TTACTGAACACCCAAA,1546
ACCAAAAGAATCATGC,1545
ACCACACATCCGGAAT,1545
ACTACCTAAAGATTCA,1545
ATCCATCCTAATCCCC,1545
CAGATAACGAGTTATC,1545
CTTTGCCAGAAATGAA,1545
GTGGCTCGCCAAGAGC,1545
TCAAGAAAACCATTAC,1545
TCCAAAGCAATCATAA,1545
TGAACCATAGTTGTAA,1545
AAATAAAGCGATTTTC,1544
AAGAGGCTAGACAAAT,1544
AAGTTATCTAAGTGTA,1544
AATAGTTAGCTAAGGA,1544
ACAAAAGCCAGAGATT,1544
ACTCCAGTGACTGAGT,1544
ACTTGCACTCAACCAC,1544
AGAATAGAGAACTCTC,1544
ATAAGTCGTCAAAGAA,1544
ATACAATAAAGGTAGA,1544
CACGCTTCAGTTACGA,1544
CGGACTTTACGGGGCA,1544
GCAGAACAAACCCCGA,1544
GCCGCAGATTCCACTA,1544
TATTAAATCAGGTCAA,1544
TGTTCTACCTTGTCGC,1544
AAACTAACTCATTGGC,1543
AAATCTTTAGTGTGTC,1543
AATTATGCCCATACCA,1543
AATTGTAAAAAATGAA,1543
ACACTGAAACAAGTCC,1543
AGAAAACTTTCCGCTG,1543
AGATTTAATAATAAAA,1543
ATACGTAGTAAAGACT,1543
ATAGAACATGAAATCC,1543
CAAAGGGAAGAATGAT,1543
CAAAGGGACTTTAAAT,1543
CATGTTTAATTCTGAA,1543
CGTATGATTTGCTGTG,1543
CTTAAATTGCATCCGA,1543
GACTGAACATAATGTA,1543
GGAACGCTAAAGGAGC,1543
GTATGAGTTCACAGGC,1543
GTCTAAAATTCAACTC,1543
TAATGAAAAGCCGAAA,1543
TAATTTAACATATTCG,1543
TGACTCATGACGAGGA,1543
TGATTGTCACAGATAT,1543
TTAATAATACCAACGA,1543
TTGAAAAGCGTGGAGA,1543
AAACTGCCCACATACT,1542
ATATATTAACTGTCAA,1542
ATCGCACGACCGGACA,1542
ATGCTCAGGGATAATA,1542
CACAGTGGTCCTGAAT,1542
CACGTAGATATGAGTC,1542
CGTCCAAAAGCTCAGT,1542
GGATTACGGAGGGGCC,1542
GTGATCTTGGTCAACA,1542
GTTTTCAGAATGAAAC,1542
TATAATGTGCTACAAG,1542
AAAACAAAAAAGCAGA,1541
AAGACAATATGTTGGA,1541
AAGATATTTAAGAAAA,1541
AAGATTGAACAAATAA,1541
AAGCCTCAAAACAACA,1541
CACCCTGTTAACTGCA,1541
CCCCAGCACGAAACAT,1541
CTGGCAACGAAACTAT,1541
TACGAATGTCGTGAAC,1541
TATCTCCCATGGAGAC,1541
TATTATTCTACCGCCG,1541
ACCTTCAGACAAGTTG,1540
AGTATACATAACAGGT,1540
CACTACCAGGAGTGTA,1540
CTAACCCTACGAAAGA,1540
GACCACATTATAGGCT,1540
GATTATACTTCAGCAA,1540
GCTTGAGCACATAAAC,1540
TACGCCCATTAAAAGA,1540
ACCTCTTCACACACTT,1539
AGATTATGACAATCTG,1539
AGTCAAATACAAGAGT,1539
CCTCGACTTGGACCTG,1539
CTAGTTAGTAGCATGA,1539
TAAAAAGTGCCACACC,1539
TGGCGAAAATAGTTCT,1539
TGTAATAGTGCCTACG,1539
TTAAGAGTATCTTGTT,1539
AAAGCGTACTTTAAGA,1538
AACACTAGTAGCATGT,1538
AAGGGCCAATACTAAG,1538
AATCCCCAACCCATTG,1538
ACTCCTTAAAAGGTCG,1538
AGGTCGAGTCGTCTGA,1538
AGTTGGCGTAAAATTA,1538
ATGGCGTTCGTTTTGC,1538
CCGTAAAAACGTGGGA,1538
GCGTATTCCACCCTAA,1538
GGCACAAAGTTAGACA,1538
TACATCCAATGCTTTC,1538
TGTACCAAGACAAGAA,1538
ACGATTATGCAAGAGT,1537
AGATCTTTCCCGACAA,1537
AGCGTTTTACCCCCCT,1537
ATTCGCGATGGAATGC,1537
CGGACCGATGTTGAAT,1537
GATATATTCCGTATCA,1537
GGCATAACTGGAAACT,1537
TCAGAGAGTAAATAAA,1537
TGCTCGTCTGAAGTCA,1537
AATACAAAAAAAAAAA,1536
AATGAAATTATGACGT,1536
AATTCGTAGCCGTCAA,1536
AGCTTATTCAAACGTA,1536
CCCATTTGCACTTAAG,1536
CGATCAAAATAATGTA,1536
CGATTATATGCTTATA,1536
CGTCCCACACACATAT,1536
CTAGCCCATTAAAAAC,1536
CTGAACTATACAACAG,1536
CTTGAAATAGACGTGG,1536
GATTGTTCAATCATCC,1536
GTCCTCTAAAAACGAA,1536
GTCTTAATGATTAATA,1536
GTGACCGAAAAATACA,1536
TAACCTGGCCTAGTTC,1536
TTAAAAAACCACGCAA,1536
AAAAATCATCCACAGT,1535
AAAACTTAGATTAGAG,1535
AGCGAGTGTTAACAGT,1535
ATACGAATGGCCCCTA,1535
CAGACCATGCGCGAAG,1535
CGACCCCGGAAAACTT,1535
GAAAAGACAAACATTT,1535
GATAATCACCCACTAC,1535
GATCCAATCAAAGGCA,1535
TACAGTACGATGAACC,1535
TCTCTCTGAAAGTTAT,1535
TTGCAAACAAAACACG,1535
TTTGAGCTGTAAATTA,1535
AAAGCCTAGCTCAAGC,1534
ACATACTTTGTTAATG,1534
AGTTTTTCTAGCTCCA,1534
CAATACGACGTTATGT,1534
CAATTCCAGAAAGAAC,1534
CACGAACCATGAAATA,1534
CACTCCCAGAATGAAT,1534
GACCATAAAAATCGGG,1534
GATCAAGAACTGTGAC,1534
TAAACTAACCAAAGTA,1534
TACTGCCAATGTCCGG,1534
TAGCCCCTCCCATGGC,1534
TAGTTCATACACAAAC,1534
AAAAGCTAAGATACTC,1533
ACAGACGCACGCGTCC,1533
ACGAACCTCGAATTAT,1533
ATAAAATAGCGCTGAA,1533
CAGTTCCACATGATGA,1533
CGAGAGTCGCAAGAGA,1533
CTACGAGCCTAAACAA,1533
CTCTCCCCTAAAACGG,1533
CTTTCGCCTCGATGTA,1533
GAAGCTAATTATTTCC,1533
TCCGAGAATTTGCAAC,1533
TCTCCATGTCATACGT,1533
TTACGCAAATAGGATC,1533
AAACCCAATTGGGCCA,1532
AACAGACGGGCAAATC,1532
AACGCTCTAGGCCCCC,1532
ACCCGTAGAGGCCATC,1532
AGAAAACACTCCTGGC,1532
AGGAACCATCGTGTAA,1532
CACCCCAACATTCAAA,1532
CCAGCATAGAGTTAAG,1532
CCTAGTCTCCGACTCA,1532
GAATTGGAGTCAAGGC,1532
TAACCAACAACCGTGT,1532
TCCCCAATTGATCCAA,1532
ACTTACAAACATGTAT,1531
AGCTTAGGAAAACCCG,1531
CTATGAAGCACAATCA,1531
CTTTGGGAATATAAAA,1531
GCTTCTGTCAGTAGCA,1531
TACAAAAAGAAAAATG,1531
TACCTGTCACTATCGG,1531
TAGTAATGTAATAAGT,1531
TTTTTGACCCACACAT,1531
AAAGGACCCAATATGA,1530
AAGTTTCTAGACAGAC,1530
AATCTTCTCTGCACAA,1530
ACAACCGAGGTCTACT,1530
ACACGAGCGCATAATA,1530
AGTAAAGAATTCAGTG,1530
ATAGGCTGGCAAAACC,1530
CGAAGAAACTAGCGAA,1530
GGCAAATTAATACTTT,1530
TAATTAATGTGATGAA,1530
TCTATCAATCCTTCCA,1530
TGACCATTAAGAGGCA,1530
TGATGCAAGCGATCGA,1530
TTCAGCCCAAAATAAA,1530
AGAATTAGAATACATT,1529
ATCTTAAACATTAGTT,1529
ATTTTAATGACCAATA,1529
CAAGATCTTTAATCGA,1529
CACCATTAAACAGATG,1529
CAGACTATTGGTGCTG,1529
CCGCGAGACATCGAAA,1529
CGTTACATTCTTTTGG,1529
GCAGTCACTGCGCTCA,1529
TAGCAGGAGAAGCCGG,1529
TCACGCTTTCTCGCCG,1529
TCAGGAAAGTCTACTT,1529
TCGATTGCAGGAATGG,1529
TTTGTAATAATATAAT,1529
AAAAATTCCAGCAGGC,1528
AAGAACTTTAAAAACG,1528
AATAACATCCCATAAC,1528
AATCAAGATGCAATCA,1528
AGATCTTTGACTCCAT,1528
CATTACTACACTCACG,1528
CCGTGACCCATATCAA,1528
CCTCAGAAAAGGCGAC,1528
GACAAAAACTTTCGCC,1528
GACAAAATACTAATAT,1528
GTATGAATATGAATCA,1528
TAATACGCGCGTAGAT,1528
TATTACAAGTTGTGAT,1528
AAAAGAATATCATATC,1527
AAGAAGTAAGCAGCCG,1527
AATCTATTAAAAAAAT,1527
ACACAGAAAGTAAACG,1527
ACCCCTATGTCATAAA,1527
ACTTTTTAAGAGGCAT,1527
AGTATTTCGACAAACA,1527
CAGCATACCAGTAATA,1527
TCTCAACAAAATGAGG,1527
AAAAACGAAGTACATT,1526
AAGTGTTCAATCGAAA,1526
AATTCTAAGAGACCCG,1526
ACGCTCCTCCCCAGTA,1526
AGTTATCTTATTATCC,1526
CAGTAGATCGAAAGAA,1526
CCAAGGCCGTGCCGCA,1526
CCTCACCCCTCGATGC,1526
CGCCCCACTCACACCT,1526
GAAACTGTAGGCAGAA,1526
TCCGGCTACTAAAGGG,1526
TTATCTCGATTAATCT,1526
AAACCCAAAGATAGAC,1525
AAGCGCACTAAACACT,1525
AATCAACTGAATAAAC,1525
AGAAACAACTACAAAA,1525
AGATGACTGAGTTTAT,1525
AGCTCCTTCGCCAGGA,1525
ATCATTAGAGTAGAAG,1525
ATGTGCTTCATTCCAT,1525
ATTACAGATATTTCTG,1525
CATAAGTGTACCAGAG,1525
CCCTTGATAGTTACGG,1525
CTGACCAAAACCAATA,1525
GAGACGTCAAAGCAAT,1525
GGAAAGCATATTAATT,1525
GTAAAAACGTGTAAAT,1525
GTAAACAAGTTAGAGT,1525
GTGCCCTGGAATCGCG,1525
GTTTGAGACACAAAGC,1525
TACTACAAACACCCAA,1525
TGACAACCACTACTAA,1525
TGGCGCACCCGACTAG,1525
TTACAAGGTAACCATG,1525
AAACGAAGCAGAATAC,1524
AACCAGGGCATAAAAC,1524
AATTAGGATTTCCAGG,1524
AATTTTATAATCGAAC,1524
AGCAAGTCTAATGACT,1524
ATTAAATAGCAGTATA,1524
GAACTAACGTTTTCAC,1524
GTAGCTCCCAAGGTTA,1524
TCCATGGTTGTAGAGA,1524
TCCTAGAACGGCGCAA,1524
TCCTTTAAGGATAACC,1524
AAAATTTAATTATGAA,1523
AACTATATGCTACAAT,1523
AAGAACAAGCGTGCAA,1523
AATAGAGTACAACAAG,1523
AATTTCGTGGATCTTT,1523
CGAAAAAAGCGAAGAA,1523
CTACATTATTTTGTAA,1523
GATTTGTATAGTACCT,1523
GCCATTCCTATATCGA,1523
GGCGTCATTAAACAAC,1523
GTAGACCCCTTATAAC,1523
GTATCCATGTTATAAC,1523
TTAATAATGCTTTTAT,1523
ACGGATGACGAGCAAC,1522
ATGATTAATACATAAA,1522
ATTACAGGGACCTGCG,1522
CACCCACGAACTAAAA,1522
CTAATAACGCACACAA,1522
CTAGGGATAAACACCT,1522
GAAACTCCAAATTAAA,1522
GACCGGATAAAAGAAG,1522
GATAAATATTCCCGGC,1522
GTAAGCCCGATTCTGG,1522
TGTCTCGACCGTTCTA,1522
TTGCAATGCTACAATA,1522
TTGTGGCTCAAATTAG,1522
TTTCGTGACAACTCTG,1522
TTTTAAGCATCACAGA,1522
AAAAATACCAGCTTCC,1521
AACACACTGGACGACA,1521
AATATATTCATCAATA,1521
AATGGTGGCTAACTGG,1521
ACCGCTTAAGAGGTAA,1521
CACATGAAAACAAACA,1521
CTGGCCTGATATCATA,1521
GAAATCCGGGACCGCT,1521
GATGACCGAACTGAAA,1521
GCTCTACGGGTCAGGT,1521
TCTAGATCAGGGTCAA,1521
TTAAGTCATTAGAAAT,1521
TTACGAATATTGCTAC,1521
AACATAGAAGAGCCAA,1520
AAGAGGCTCAATTCTG,1520
ACAGATATTATCTAAC,1520
AGTTGACATAAACGCA,1520
ATAATGGGAATGCGCA,1520
CAGGCGTCAAGCCATG,1520
CCACCCTATCTAATCC,1520
CCAGACAATTATTTCA,1520
CCAGTAGCACCATGAC,1520
CCATTTAACCCTGACC,1520
GACGATATGCAATGAC,1520
GCATGAGGGTCTAGAA,1520
TATTTAGATGCTCCAA,1520
TTTGATTCAGCCAAAA,1520
AATAGCATTACTGAGT,1519
ACGGTCGACGCGACAT,1519
ATACAAACAATAACAG,1519
CCTCACTGCCACTGGT,1519
CGCGATCTTGAAAATT,1519
GAAGAGAACCGCCAGC,1519
GCTGAATAAGTTACAA,1519
TAGATAGGCCCGATCA,1519
TGGTAACTAGTAAACC,1519
TTCGATACAAACGAAG,1519
AACGAAAACGCATTCC,1518
ACCTGAACCTCGAGTC,1518
AGATAATTTTGCCACA,1518
ATCTTATGCGCATTCC,1518
CCTAGGAGCCTTGGCC,1518
GGTAGCCAACTGTCGG,1518
TAGATGAAGGAACAAA,1518
TTCACGCATAACGCAA,1518
ACAAACGACACGTGGA,1517
ACGCCCTACAATTACA,1517
AGATCGACCTCCATTG,1517
AGCAATAAAACATCTC,1517
ATCTGGTTGGACCCGC,1517
ATTTCCTTTATTCGAA,1517
CAAGGATAAAAAACAG,1517
CACCAACTTAGCTTTC,1517
CCGTCGACTTCGATCA,1517
GACCAGTTGAATAAGC,1517
GTGATATCAAAATACA,1517
TAGTAATCAATCACTA,1517
TGATTCAAATACTAAA,1517
AAATTGATACCGAAAC,1516
AACAAGCGTAATGTGA,1516
AAGATCTGAGCTGACA,1516
AAGTATATTTACTCTT,1516
AGGAGAACGAAACGGT,1516
ATATCACCTAGTAAGG,1516
ATTACGTCAATGAGAG,1516
CCAAGGCCTGATGAAT,1516
GATAGGCGTCTGTGCA,1516
GCGAGGCAAAAAACAA,1516
TACAAGCTAATGTGAA,1516
TAGAATAACCTTCAGG,1516
TCCTGAACGTTTTGAA,1516
TGGGCCCGAACTGATA,1516
TTTAGCTCGGCGAATT,1516
AAAAGAAGAAACATGG,1515
AACCTGAGTTGAAGAT,1515
ACTAAAAGGACATAGA,1515
ATTGTAGACAACGCTC,1515
ATTTATCGAATATTTA,1515
ATTTCACTGTGTGGAC,1515
CAGGAACGAAAAACTA,1515
CATCGTAGATGGATAA,1515
CCTAATGTTAACTTAT,1515
GAGACCAGGACATAAT,1515
GCAATAAGATTAAATC,1515
GTGAATTCTCCTAAAC,1515
TAAACATAACTACTAA,1515
TAATAACCATAGGACA,1515
TAGAAGTAAATCTCAC,1515
TCAATAGCCACTCATA,1515
AGCCAGTGCTAACATC,1514
CAGTAATATCTATTGG,1514
CCCAAAAGTCTTCACG,1514
GAACTCCCCCGACATT,1514
GACAAGGTAATTAATT,1514
TAACGATGCTCCTAGT,1514
TATACTAAACTAAAGG,1514
TCTCGAATCGAGCATG,1514
TTCAATTTACTGTTCC,1514
AACAACTAAAATTAGA,1513
AAGATCGAAACCATAG,1513
AATCCCATTTAAGTTA,1513
AATGATCGCTACTAAC,1513
AGAAAGAACATATGGC,1513
ATGTGCAATCCTGCGC,1513
ATTAAACTCAGCAAAT,1513
GATCGCGTTTGAAATC,1513
GATTCACTTTTACATT,1513
GGATATAGTCACCAGT,1513
TACAAAAACTTTCGAA,1513
TAGTACGTCTCACCCC,1513
TGGAAGGCGATCATAT,1513
ACCTCATCTACGCGAC,1512
AGCTATTGCAGCATAG,1512
ATAGAAAGAGAGCTCT,1512
ATCTTTACAGAGCAGA,1512
CCGTGGATCGTTAACC,1512
CGTTAAAAAGCTTAAC,1512
GAACGGCCTCATAAGT,1512
GTAACAGACAGAGCAT,1512
TGAGTTCTTCGGCTGA,1512
TGATATACGAGTGTAA,1512
TGCTACTGATTAACCC,1512
AAAATAGAATCTCCAA,1511
ACTCGACGCAACAACT,1511
ATTATATAGAATGCAA,1511
ATTCTAATTTTGCCCG,1511
CCGTAAATAACAGACA,1511
CGAACCGTCCATGATT,1511
GAATGACACTTCTTAA,1511
GGTACCCCAGTGTGCG,1511
GTGTAACAACTGACTA,1511
TGAGTCGAAGCAGTTG,1511
AATCAGAATGGCGTCC,1510
ATAGGATCCGAAAATA,1510
ATTTACTTCCATTGTC,1510
CGAAATACGAAACCAT,1510
CTAAATAGTACATTTG,1510
CTGAGCTCTACACCTT,1510
GTCACTAAAGAACACG,1510
GTCTAGTTTTCTAACC,1510
TAACATGATGTAATGT,1510
TCAAGGGAATAGGCAG,1510
TCTTCACCTAAAAAAG,1510
TTTCTAAAAACACATG,1510
AATTTACCGAGCCAAA,1509
ACCATGCTCGCACCTA,1509
ACCTTTGATGCAATCT,1509
ACGGGTATCACAGTCT,1509
AGCCAGACACTGTGAT,1509
ATGTGACACCGCGAGG,1509
GCTTTGAATTAAAGAG,1509
GTAAGGATTTCCCTTT,1509
TAAGTAATAAACGAGC,1509
TCAAACGGACTACCGT,1509
TGCCCTTAGACAAAAA,1509
TGCGACGAGCCCTAGT,1509
TTATGGAGCGTTCGCA,1509
TTTCCCATCACCATTA,1509
AAATAGGTGAGTGGAC,1508
AATGTGTAAAGAAAAA,1508
ACGACAGACTAAGTTT,1508
ACGATCGTTATTGAAA,1508
ACTATGTAACGCATAT,1508
AGAAACTAAAACCATG,1508
AGAGAGCTCGCAACTC,1508
AGGTTTCTACGTGAGA,1508
AGTGCAAGGCGGTGTT,1508
ATCTAGCCACCAAGCA,1508
ATGAACCCCTAGCCCG,1508
ATGGAACATAACATAC,1508
ATTAATTTAAATAATA,1508
CCCAGTTAACATCGAA,1508
CTTCACCCAAAATATG,1508
GACACAAAAGTGACAA,1508
GACCCGCCCGTTTGGA,1508
GACTGATTCATTAGCG,1508
GCATCAGCCGCGTGCA,1508
GCTCGATACAATTGCG,1508
TAACGCAACCCTGTAT,1508
TAAGACGACTATAAGG,1508
TCATTATCGAAAATTT,1508
AAACCCCCATCAACTC,1507
AAATCATGTATTCAAA,1507
AAGCAACTCAGTCAAC,1507
ACCATGATGATACACT,1507
ACTCTGTAGTCGTTTA,1507
ACTTATAAAACAAACA,1507
ATCTAGCATTTATGCA,1507
CAAGGATCCTGTAAGT,1507
CGAGCTAGAAGTAGAC,1507
CTTAAAGGTACCACTA,1507
GCAACCTCACGAATTT,1507
TATAAAAGAGTTAGTT,1507
TATAGCTAGTTATCAT,1507
TCAAAACCAGATAATC,1507
TCTAGTCTGCGAAAAC,1507
TGAAAATCGTATGCCG,1507
TGCATTCCAGTTACGA,1507
AAATGAATATTGATAA,1506
ACGTTACTAAGAGCGG,1506
ATTAGTTTGACCATAA,1506
CAAGAGTTTTACATGC,1506
CCACCCTTATACCAAA,1506
CCATATTAACTATCAA,1506
GAAAAAACGAATAGCA,1506
GTCTTATGTGTGAAAA,1506
GTTAATTCAAAAATGC,1506
TAGCAATAAAGATATT,1506
TCTTTCGCCGACCCGA,1506
ACAACAGAATATGATA,1505
ACATGAATTATCCGTA,1505
ACGCGCCTGTTATCTA,1505
AGCACACATACTAAAA,1505
CACCCGGTTGTGTACA,1505
GATTCAGAGTGCCAAA,1505
GCATTCAAGACCAGTG,1505
GGATCTCCCCTACTTC,1505
TAATTTTAAACACTTT,1505
TCATAACCAAATGAAC,1505
TCCTCAGATATAAAAC,1505
TCGAACGGAGAAACCA,1505
TCTAAGAATTACATAA,1505
TCTACATATAATTATC,1505
AAGCGACACGACCAAC,1504
ACTAGCCTAAGTGGTT,1504
AGTCACAAACAGTAAT,1504
ATACAGACTGGCAGAA,1504
CACATAACGATGGGAT,1504
GACACGTGACCCTGAA,1504
GCTAACCTACCCTAAA,1504
GTATCAAGTAGAACTA,1504
TAACGGAACCATATAA,1504
TCAGCCTCGAGGAACC,1504
AAAACAATGTCTCTGA,1503
AACTGATTTAGATGAA,1503
AGAATAAACATCCTGA,1503
AGACATTAGGTAGCAT,1503
AGCAAACATAAATGAG,1503
AGTGTTAACTCACCAG,1503
CTCAATGGGGACGACA,1503
GCAAAAAAGGTCGCAT,1503
GGTACGGCCATCTTAA,1503
TACCGCTCGCCTAACT,1503
TTATATAGGCAGAAAT,1503
AAAAACCATAAGTATG,1502
ACCAACGGATCCTACC,1502
ACCTGATGCGCGCTAC,1502
CAGGAGGAACAACCCA,1502
CCAGGACTATAAACGT,1502
CTAAAAGTACAAGCTT,1502
CTCCTTAATATACGAA,1502
GAAAATCTGATACGGT,1502
GACCCCCTTTTAGTCT,1502
GGCTACAATGAGGTAT,1502
GGGTATGCCTAAAGCG,1502
GTATAGGACTATACAC,1502
TACTTTGATGGGAGTA,1502
TCCACAAGAAACATAA,1502
TCTGCGGTCTCGGATT,1502
CATATATATTAACGGG,1501
CCAATCAATAATATTA,1501
CGAACCCAAATCACCG,1501
CTATTTACTTACAGGT,1501
CTCAGGACGGATACTT,1501
GAAATGAACAAGTCTG,1501
GAATACCGCGAGGGAT,1501
GAATATAATTATGAAA,1501
GGCCACTGTTGATCCA,1501
GTAAGCCGCCAGACAT,1501
TAGTCAGTTTTTTGAC,1501
TGAAAGAAGGAGAACA,1501
TTTTGCAGACTTATAA,1501
AAAATATGCAAAGTAT,1500
AGCCCAATCAACCTCG,1500
CACATTACTAAGAAGC,1500
CACCGTACTAAAATAC,1500
CACGTATGAAAACACA,1500
CAGAAAAGTGGCTCCA,1500
CCAAACCCGTAACGTT,1500
GAAGGCTAGTTCGTGG,1500
GCGAGTGGGACCACAC,1500
GGACCACTATAAATCA,1500
TAAGCATCAATAAGCC,1500
TGAGACTAATTTCGCT,1500
TTACCACAATGAGTTC,1500
TTCGAAACCTACCGTA,1500
TTGCATCCACAAATAT,1500
AAAGCAATATCCACTA,1499
AATAGAATCTTCCTAA,1499
ACCAACTCTGACAAAT,1499
GAAAATAAGGGATACG,1499
GACTTCCACAACGTAA,1499
GATACTTAGCGATTAG,1499
GATTGCAGTAACTATA,1499
TACATGGGAAGGACGC,1499
TACCGTTATTTAGGAA,1499
TACTATTACTACATAC,1499
TCCGGAATTACCGATC,1499
TCTGGTAGACTGACGA,1499
TGACTGAAAAACCAGA,1499
AACATACTATAGACCA,1498
AACTGATGAGTAAAGT,1498
ACATGCAAGGAGGCAC,1498
ACTGGTCCATGTTCAC,1498
AGTTGCATCGATGCCA,1498
ATTTCGCAAGCAGATC,1498
CAACAAAACCAAACTA,1498
CACGAAGGTGAGCCGT,1498
CGCCAAAAGCTCGAGA,1498
CTAGCAATAAGGGCTA,1498
GATGCTTGTATGTAAT,1498
GCAGACCCTCTTTAAT,1498
GCATATTTAATGACTA,1498
GGGGAGCACTCCCCCC,1498
TACGTTGCCCACCTGC,1498
TGTAGACAAATCCTCT,1498
TTATTCACACTAAATT,1498
AATTAGTGAGACTCTA,1497
ATAATGATGGAGAGCG,1497
ATAGAGAGTAGGACAG,1497
ATCGAACTATGATATT,1497
CCAAACCATAAGTGGT,1497
CCAATAATCTTATTAA,1497
CGGATTGCCTTAGACA,1497
GAATTAGCTATAATAT,1497
GACAATGTTCATCATT,1497
GACACAAGTACTACAG,1497
GACCAGCAACCATACA,1497
GTCCTGCGAAGGACTA,1497
TTCGTTAAAATATATT,1497
TTTTATAGATCTTCCC,1497
AATTTACCAAATACCC,1496
ATGCATCATATTACTC,1496
ATTTATGCAAACATGA,1496
CACCAGGTGATGTACA,1496
CACCTACGTATGTTCC,1496
CCACCCCTACGTCGTA,1496
GATGTGCTTCAATAGG,1496
GCGAGGGAAGATCTAA,1496
TAATTTTATTGTTCAA,1496
TACAGTCCAGAGGGAC,1496
TAGCACGAAAAGGTTA,1496
TCAGATTGAATGTCAC,1496
TCCGGGGGTAGATCAC,1496
TGACTAGCCAACTGTC,1496
TGGTGAAAATACCTAC,1496
AAAGAAAAATAATCTT,1495
AACAACTTATAAGGGC,1495
AAGATAGTATGTTATC,1495
AAGCCATTGTTATGGA,1495
AATGTGCTCAAGAGCA,1495
ACATCAGGACCATCAC,1495
AGAATGAAATATCGAA,1495
ATAATACAGAAGGAAC,1495
CAACGATAGAACCGCC,1495
CACCGACAAACGTAAA,1495
CACTTATCGAGGTTTA,1495
CAGGTAATCGGGAAGG,1495
CCGATGAAGCAATAAC,1495
CGAAACGAAAGCACCC,1495
CGAACAAAAAGTTTGC,1495
GAAATTCGGTCATGTC,1495
GACGACTAAAATAAAC,1495
GTTTGCATACAAGCTG,1495
TACCAACAAATAGTTG,1495
TCAACATTAGAGTGAA,1495
TCCCCTTTCGATGAGC,1495
AATACCAAAACCACGT,1494
AGATAAACTCTAACGT,1494
AGTACAGTTCCATGAT,1494
ATGAAGCGAGGCATCG,1494
CCATGATAATAATCCA,1494
CCGGTAACGCACCGTC,1494
CGTTCAGTATATTTCT,1494
GCAGAGGGCGATTAAC,1494
TATATGAGTGCGATCA,1494
TTACACTAAACAAGAC,1494
TTAGGTTACATGGATA,1494
TTCAGAAAAGCCTCGA,1494
ACCGTTACTAACGAGA,1493
AGAAAGTACTGTCTTT,1493
AGACAATCTGCAATTA,1493
CAAACTTTGAAAATAG,1493
CGATACATCATACACC,1493
CGTGGTATGATTAACA,1493
GAAAACAAAGAACAAT,1493
GACCCTGCCTCTATAA,1493
GCAGGCGACGTATTCG,1493
GGCCAGCAATATACAC,1493
GGTTCTGATCAGTTAT,1493
TAACATAAGTTCAGTG,1493
TTGTATTTACAGCGCA,1493
AAAATCCGACATAACA,1492
AAGCTTAGCTGTCTAG,1492
ACTTTCGGGCGTCCAG,1492
CACAAAAGAAATGAAC,1492
CACTGACAATTCAAAT,1492
CAGATTCAATTTATAA,1492
CATCAGCACGCATGTG,1492
CGCATGTATAAGTATT,1492
CTCGAAATAAGGGTCA,1492
GCGGCATATGATAACA,1492
GTCATTTTCAACATAT,1492
TACAGGAAGGAGCATG,1492
TTAAATTACACAAATG,1492
TTTACATTCATAACCC,1492
AATAATCACTGATTTT,1491
ACATACCCGCGATTCC,1491
ACATAGCTTGTCAATG,1491
ACTGACATACAGTTCG,1491
CACAAAACTCTTAAGA,1491
CACCACCCGAACCAGC,1491
CGATAATAAGACAAAA,1491
CGGTACCCTTCTATAA,1491
CTATGCTCATTCGGTC,1491
CTTAAAATTACAATTT,1491
GCTAAACTAAGGGAAG,1491
GTACTCTGAATCCGAA,1491
GTTGACCTAACAAGCC,1491
TACACTGCCCTAACTA,1491
TCATAAAAAACTTACC,1491
TGAACAAAAACATCAA,1491
TGAAGAGTACACCCGC,1491
AATCATGAAAGATAAC,1490
ACAACTAGTGATACTT,1490
ACACCAACCCACTCAG,1490
AGATGAGAAACAGAGC,1490
AGGTTAAAGAACCCAA,1490
ATAAAAAACAATATTG,1490
ATACTAAAACACCCTC,1490
ATGTACGCGACCAAAT,1490
CAATATGTATAAACTG,1490
CAATTAACCATCCCCT,1490
CAGTGTGAAATGAGAT,1490
CATTACGCACCTTCTT,1490
CCGAGAGCGCACGTAT,1490
CTAACAGATACCAAAA,1490
GAACAAATCAACCTAC,1490
GGAACGTTTGACGTAA,1490
GGGCGACACCGTGCTA,1490
TGAATACAAAATGACG,1490
TGATATGACCACTGCA,1490
TGCGCATCGCAATAAC,1490
TTCAAGAATATTTGTA,1490
TTCTGTTGGTAATAAC,1490
AAACAATAAAAGCCCA,1489
AAGACATTCTATACCT,1489
ATCCCAATCTAGCAAG,1489
CACAGATGAAAAACTC,1489
GAACGAACCCCTCGGC,1489
GAGGTTGTCAAATTTA,1489
GATGCGGTATTTAGAG,1489
TAATAGCGTTCACTGG,1489
TACCGGATCCTGCCAT,1489
AAGACCGTCCAGAGGT,1488
AATCGTAAAGAAAAAG,1488
AATGCCGAAGCGGCGC,1488
AGATTCACATGTTTAA,1488
AGCGAGGAGCCTGACT,1488
CAGGTAAAGTTTCGTC,1488
CCCTTAAAAATTCAAA,1488
CGCTATGACTGCGCAT,1488
CGTAGATCATCCGAAA,1488
GAATTAATGCAGTAAA,1488
TAGACTTCTAAGGAAC,1488
TAGGTAGTCACAAGGC,1488
TCCGATAAAACCATAC,1488
TTATATGCCGGTACAC,1488
AAAGACGTAGAGCAAA,1487
CACAGATACAAACAAA,1487
CAGAGGGAGACGATAC,1487
CATGATACCGGAAATT,1487
CCCGTTAAGAAAGTGT,1487
CCGCTGCACGACGATC,1487
CTGTCTAAATTCTCAG,1487
GAATAAGCTGAATAGG,1487
GGGCCTCAGGTCGATG,1487
GTAGAAACAATCTGAT,1487
TAATCATAAAAGCATA,1487
TCCAACATAGACATCG,1487
TCTTGCTACGGAGTTA,1487
TGATTGAATACAACAG,1487
TGGCTCAATACCTTGC,1487
TGGGACCCAACGTTCA,1487
TTACTGACAACCTTAC,1487
TTGAACATCAACTAAG,1487
AACGTCACCCGCCTCC,1486
AGTACTGTCAGGAATG,1486
ATACAGGCACCGTAAA,1486
ATACATTTATACCTGA,1486
ATATATATTACACCCA,1486
CAATCTGATCCTAGTT,1486
CTTAGACAATTTGGAA,1486
GACCAGACGTAAATTC,1486
GAGGTGCCAAGTAAAT,1486
GCGTGAACAATCAGAT,1486
GTGCCTCTCTCCCAAC,1486
GTGCGACTTGTCCCAT,1486
GTTGAGCATTGGTAAA,1486
TAAAACAAATGCGACG,1486
TCCTGTGAGACTCAAA,1486
TCTTAAATTAGGATCA,1486
AGTTTCAGAAGAATAA,1485
ATGCGAACTACTTCCA,1485
ATTCAATTTGACCTGA,1485
CATGGTCAAAAAGCGT,1485
GATCCAAAACATAAAG,1485
GCTATTGTACGTAGGT,1485
TAGGTAGGAAGAGATC,1485
TGGTGAGGAGGATAAC,1485
TTCGGATATGCCATAT,1485
AAAAATCCAATGGACC,1484
AATAGCGACAACACAA,1484
ACGCTAAGAATTACCT,1484
CCTGCGCGACGGAATA,1484
CTAGAAATAGGGTACT,1484
GAGATGGTACTCCTAT,1484
GGTGCTTAGCCCGAAC,1484
TAAATTGTGTCACGAG,1484
TAGGACTGGCATAGTA,1484
TCAATAGCCAAAGAAC,1484
TCACTAATTAAACTTT,1484
TTACACATCAAAAAGG,1484
AAATGAGCCACTGCGA,1483
AACTACTGGATGTATG,1483
AATATCTTCCAGCTCG,1483
ACACTTAATAAAACCT,1483
ACTACTTTTCCCCAGT,1483
ATGTTAATAGGCCTAC,1483
CCCAGGACCTCTATCG,1483
CTATAGTGAACTATTC,1483
TAAGATATTCCGAGAC,1483
TACTGGGCTTGATTTA,1483
TCAAGTTACCCTCGTT,1483
TCACAGAAATAGGCCG,1483
TGCTTGCTTCTCGATT,1483
TTGAGTTGGATCATAC,1483
AATTGAGAAGCAGCAC,1482
CAAACTGGCAATAGCG,1482
CACTTATAAGATACGT,1482
CGCATCGATAAGTAGG,1482
GATCCCAAACATGAAA,1482
GCAAGGAGCACTAGCA,1482
GCAGACTCCCCACTCA,1482
GGCAACAGGGCATACG,1482
GGGACGATCTCCTACA,1482
TAAGTGAATGAAGCTA,1482
TCAGGTCAATAAGCCA,1482
TCCACAAGCCCGGACA,1482
TCTCCGCATGAAAAAT,1482
TTACTCCGAACCGTAC,1482
TTCTGTTCCGGATGTG,1482
AAATGACAACCGTAGA,1481
AACAAAACCCACGGAG,1481
AACTAATTTAAATTGC,1481
AAGGAAAAGTTAAAGA,1481
AATAAGCACTTACATT,1481
ACGGACAACAACCATA,1481
AGTAACCCTACCGTAT,1481
CATGAGTTCAATACTA,1481
CGTAATAATTTTCTCT,1481
CGTGATCTCCTAAATT,1481
CTTCCTTCACTTCTGT,1481
GAAGAACAACGGAGAG,1481
GACTGGACATTACAAC,1481
GAGTAAATGCACACCA,1481
GCTAGCCATAGCAGAA,1481
GTATCATAAACCAAGG,1481
GTCTCAACTGTCTTTC,1481
TTTATCTCAGAAACGA,1481
ACGAATAGATATTACT,1480
ATAGTTCCCTACTTCA,1480
ATTAATAACATTGTTA,1480
CACACCCCAACTAGTA,1480
CCAAGCATAATCATAC,1480
CCTTCTCCAGGACGTC,1480
CTAGACAAAACTAAAA,1480
GGCTCAAAAGACTAAG,1480
TACATTACAAGTTCAC,1480
TTAATCGGGAATACAA,1480
TTAGTCACTGGCGGGC,1480
TTCATATAATAATTTA,1480
ACTTGCGTTAAAAGGA,1479
ATATACGTAGGGGGAC,1479
CACATATCTATGTAAA,1479
CACTAAGATTACCAGC,1479
CAGTGTCGGTGATACA,1479
GGAACAATAGGGTATC,1479
GGATAACCGTAATCCT,1479
GTAAGAGGACTTAACA,1479
TAAAACTCACTTATCA,1479
TAACGCAGTCCAGCGT,1479
TCACGATCCTCTAAGC,1479
TGGTGAAATCTTGACA,1479
AATAAGGAATATTGAA,1478
AATCCGGAATTACAGA,1478
AATTTTTTATAACTAT,1478
ACTCTCTAAATACTCA,1478
ACTTATTGCACTCCTC,1478
ATCCCTTTAAAATCTG,1478
CAACGAAGATAGGTCA,1478
CAGTTCTGTAATCGAT,1478
GAGTAAAGTGCCACGT,1478
GCATTCCTAAGTCCAA,1478
GGGAAACTAAAACAAG,1478
GTGAATATCAGATCAG,1478
TATGCATTAGATTAGC,1478
TTCACGACTGTCTTTT,1478
AAATACTTATGTCTCT,1477
AAATCCAGGACGTGGT,1477
AAGTACACGTTTGTAA,1477
ACAACCGACCATTGTA,1477
ACAATTAAAAAAACTA,1477
ACTAAATCGGGGTATA,1477
CATGATATATAAGGTA,1477
CCTCATGTGAGAGGAG,1477
GAGCTACCGTGTTTTA,1477
GTTCATATCTAAATCA,1477
TACCATAAGGCAAGTG,1477
TGGACGCACGGACTCG,1477
ACCTGGCACCGAAGAT,1476
ACTCACTACATATTTT,1476
ATCTCCAAGATAAATT,1476
CAACGTATGTGCTATG,1476
CGAATGTTAAGCCTAA,1476
CTCGCCCCATACCTCT,1476
GAACCAAATAACTGCC,1476
GACTAAAGCCCTAGGT,1476
GCGCACTCGGTAAGCC,1476
GTACTTATACGCCCTC,1476
TCTGATGTTAGTGATG,1476
TTACTAGTTTTTATTG,1476
TTCACTCATAATATGG,1476
AAATCTAGAGCTAATA,1475
ACATTTCATTATACAT,1475
CGCCGTGTGTTTATCT,1475
GAATTGTGGGATCCAT,1475
GTTGGTTTTATTTGAG,1475
TACAAAACTAGTTATT,1475
TATTAACAGCAATAAC,1475
TCCGGAATCAACTATC,1475
TGAAAGAATTACTTCG,1475
TTGCCAATCTATAAGA,1475
TTGCCTATTAACAAAC,1475
AAATTGCACCGTGACG,1474
ACACAAACGGTACTCC,1474
AGCACGCAAGACAAAT,1474
ATAAACATTACCTATA,1474
ATGGCGATCAAAAGCG,1474
ATGTCCTCGACAGAAT,1474
ATTAACCTTGAAATGA,1474
CAAAGACCCTGCCACA,1474
CAAATCGCCTATAAAA,1474
CGGAAAGCAGATAGAT,1474
CTAAATCCCGTAATAC,1474
GTCCTAGCGTCCAAGC,1474
GTTGCTACGTTTCTAA,1474
TAAGCAGACCGTATCG,1474
TTACCGTTGTTGAGCT,1474
TTACTGAATACTAAAT,1474
TTCAGTTGAGAATATT,1474
ACTGGAAAGAGACTGG,1473
ATGCCTTTGGCTGTAA,1473
CACTGTACCAGAACGA,1473
CGAAAATTGGAAGAAA,1473
CGCGTTCTATAAAGAT,1473
TCAGCTAGACCCACTG,1473
TTAGGTGTTCGCGGAT,1473
TTATTACTACTTGACT,1473
ATCTTTGGGACCCGAC,1472
CAGCGGTGTAAAAACG,1472
CCAGTACCCGACCCCG,1472
CCATCCTACTACATAG,1472
CCTCGTTAGCCGATAA,1472
CGAACTACTAGAAAGA,1472
CTCTTGCATATAATTG,1472
TGGTCATTCAGTAAAT,1472
TTCAAACTTTTGCTTG,1472
AAACATCAAAACCAAT,1471
AGACAAAACACAGAGA,1471
AGATAATACATCCCAC,1471
AGATATTGATCTATGG,1471
ATCATCCGAGACTATC,1471
ATTGCACACAAGTGCT,1471
GAAATAGGATGCAAAA,1471
GCCAATGATGCCTATA,1471
GTACTACTAGGTGATC,1471
TACACCTAGGATTTCG,1471
TACTGCAAGAGCCATC,1471
TCATTAAGGGTTAATA,1471
TCCAGTAGAAATAAAA,1471
TTATGATCTAACAGTA,1471
AAATACCTCAAGATGC,1470
AACCCGGTCAGAAACC,1470
AAGCTGTTGGCAATAA,1470
AATGCACAGAGTGTTG,1470
ACGAATGCTTACAGCA,1470
AGGCTATCAGGATTTG,1470
CGAATTGAACTCTACA,1470
CGGCAACTGGGAGTAG,1470
CTGTACAACGTTGAGT,1470
GAATCATTGACACATA,1470
GGTATACATCGTATTA,1470
GTGCCGATGAGTATCA,1470
TAAACATGTTAGAGAT,1470
TAGGTCAACATCACGC,1470
TCAAAAAATCCAGCGT,1470
TCAGAAACGCAGAGAA,1470
TCCAAAAAAGGGAAGA,1470
TCGTAAGGCGTGCAAA,1470
TGCGCTCAGGCCGTTT,1470
TTCAAAAGCCCTGTCC,1470
TTTCGTTATATCTACG,1470
TTTTGCGGTTTGAAAT,1470
AAAATGTTGAACTCTG,1469
AAGCATCCAGATAAAC,1469
AATTAATATCGGTACT,1469
ATATAAAAGTTTTGAT,1469
ATATAATCTGTACAAT,1469
CATATGCTAGAAGCCG,1469
CGTGAATGCAAAATTT,1469
CTACATAAAAATCCTA,1469
GAAAGAGTACCATAAC,1469
GAACATCTCTCTTTAA,1469
GACATCAAAAAGCAAT,1469
GATAGCCAAATCGAAC,1469
GCACTACTTGCGTGAA,1469
TCACTGCTCTCAGACG,1469
TGAATTGGACATCTAG,1469
TTCCCGGCGTTGTACT,1469
AGTGCTCCGGGCTCTG,1468
ATCAAGTTTTCGTCTC,1468
CAAGCACGATAATGTC,1468
CAATCAAACTTAAATC,1468
CAGCCCCCAGTGAGAG,1468
CGCAGCGCTGATAAGT,1468
CGTGATAATGTAATTA,1468
TAATTCACAGTAAAAT,1468
TGAATTAGATATCAAC,1468
TTATAAAGCCTTGCCA,1468
TTATACCGATCGATCA,1468
AAAAGTCAAAAAATGA,1467
AGACCCAAATCACTGA,1467
AGCACCTATAAAAATA,1467
AGCATTAGCCCAGAAA,1467
CCTCTAAGATTGTCAA,1467
GAATGAATCCCCCAAA,1467
GGATAATTGTACTGTC,1467
GGCCTACCAATTCTTC,1467
GTATAAATTCCCTATT,1467
GTTCTTGGTATGAACC,1467
TAAAATATACGAATGG,1467
TGACGTCCCTACAAAA,1467
TTCAGATATTAGGATT,1467
TTCGTAGTAAGCTCTA,1467
TTGAACAACTGTAGGT,1467
TTGGAGATAATAAATT,1467
ATAACGTACACTTGAC,1466
CGAACAAATACCGATT,1466
CTTCCACCTCGATAAG,1466
GCCGAGATCACGAGTG,1466
TACACAAAGCAGATTC,1466
TCAAAATTATGTCATA,1466
TGGCGAAAACAGAGGT,1466
TGTTCACCCCTACTTT,1466
TTATTCTACAGTCCAC,1466
AAAAGGATTAGGCTAA,1465
AAAATAGAGAATCGAT,1465
ACAATTCATATAACGG,1465
ATAGCCAGGTTCAGGC,1465
CCGACAATATACGCAT,1465
CTACACGTCACACGCA,1465
TAAACAGACCCGAATC,1465
TAGTTGTTTCAATAGC,1465
TATTGAGAAAAACATA,1465
TGCTGATTGACTACAC,1465
AAATAATGACTTTCCT,1464
AGTAAAACTAAGCATA,1464
GACTACTCTGAACCGA,1464
GTGATTTTATCGTGAA,1464
GTTTTACCTTTAAGCA,1464
TAAAACCGATCTTTCT,1464
TCCAGCGTGTGACACT,1464
AAGTTTGCGTCCGAAA,1463
AATAAATAACGTATAC,1463
ACCAATTAATTGTTTT,1463
CAGAAGCTGTTGTCAG,1463
CCCACAGCCCCCTTCA,1463
CGTTAATGACTGAAAG,1463
CTTTTACTAACATGGT,1463
GACATCCTACAGAGCA,1463
TGATGACACGCAAAAA,1463
TGGGTTGGGGGAGCTG,1463
AAATTACGGTGCAAAC,1462
CACATAAAATTCGACG,1462
CATAGAAGCGGTCCCA,1462
CTTGTTATTGATAAAA,1462
GTCAACATACGACATG,1462
TAATAAAATTAAGAGT,1462
TGAATAACCATTTAGC,1462
TGCTCAAAGACTTCCT,1462
TTGATAGAACTCATGG,1462
ACAAACGCGTGCCATT,1461
ATAATATACTAAACAG,1461
ATAATCTTACCTTTGT,1461
CAACATTAACATTCAT,1461
CAGATCGTAAGTGCCA,1461
CCACGATACCAATGCT,1461
CGAATATAGGACAGAT,1461
CGCCTATTCAAACAAT,1461
GATACCCACGAATTTT,1461
GCTAAAGATCTTAGAT,1461
TAAAAAAAGATCCAGA,1461
TGACAAATACCTGTAG,1461
TGGACAGTACTAGTCC,1461
ACACTCACACGCAGCA,1460
ACTATGCACCTAAAAA,1460
AGATGAGAGACCTAAA,1460
AGTAGCCAGGCACATA,1460
ATAAGCGGTAAAAGCT,1460
ATAATACCTAATGTAT,1460
CTGTAATAAAGACCTG,1460
GGTTCAATTGGTTCTA,1460
TAAAGATTAAGCAAAA,1460
AAGCGACAGTCCTGTC,1459
CAAGTATCACCCTGAC,1459
CCCTAAAAGTCACCAA,1459
CCTTGGACATTGCAAC,1459
CTAGAGGACACAATCA,1459
CTTTAGTCCCTTTATA,1459
GCCATCAACGGTTGAC,1459
GCCGATTGTCTTCTAA,1459
GTTGTAAACACACCTT,1459
TCACCCAAACAAAAAT,1459
TGAAACTATCCCCACA,1459
AAACCTGCAAAACTCG,1458
AATAAACAGCATCCGA,1458
ATAATAAAAGCAATAC,1458
ATTAAACAAATTTTGA,1458
ATTTCGTTTTGCTCGA,1458
CAACCACTCCGCGAAC,1458
CGATATGGAATCGCGA,1458
CTAAGAACCTGGCAGT,1458
GGGAATACCCATATGC,1458
TAGAGGACGTCGAACG,1458
TGGAATTAAGAATCAG,1458
TGTCATAAGCGTGTGC,1458
TTGTATATGAAAAAAC,1458
ACGGCTCATACGATTA,1457
ACGTAGGAAATTAGCC,1457
AGACCAAGTCATTTGA,1457
ATAACTAAATCCACTT,1457
ATAGTACCATTTAAAG,1457
ATTAGACCTTATGGAC,1457
CATATTATATAAAAAA,1457
CTAGCTAATCCCAACG,1457
GATTGTACGCAATAAC,1457
GCTGACGCGATGTAAA,1457
TATGGTGCATACCTGA,1457
TCACCAACTGAACCAT,1457
TCCCCGTCACATAACA,1457
TGGAATTAAGTGAGAT,1457
TGTCATGTTAAGGCCT,1457
TTACCTAAAGACTGCT,1457
TTTGTTAAAAACGCAG,1457
AACAGGCCACAAGTTT,1456
ATCTATTTAATCCTAA,1456
ATTCTTCCATTAAAAT,1456
CAAAAGCCAATCACAG,1456
CAAACGTAACTCTCAA,1456
CAGGGTTCATAGATCC,1456
CTAATTTATACTATAG,1456
GATTTGGGAATTAAGG,1456
TAAATAGTAGGTTAAC,1456
TAATTGTCAAGAACGC,1456
TCGAACCAGAACAAAA,1456
TTAATAACGAGTTTTA,1456
TTCTAAACTGGGGCTT,1456
AATCTACATTATGAAC,1455
AGACTACTGCACGGCA,1455
AGCCAACCAAATATGA,1455
ATAGGAGACTCAACAC,1455
ATTTGAGACCATCGCA,1455
CAAAGCAGCCGGCTAG,1455
CATTACTATGGAGAAC,1455
CCGAACCTGGCGGGAT,1455
CGTGGAAACAGACAGG,1455
CTACATAACGAAATGA,1455
CTGACTAAGAAGTATA,1455
CTTCTCATGTTCTCCT,1455
GCGGATTAACCTTGAA,1455
TAAACCTACAAACAAA,1455
TATAATTTTCCGCTGC,1455
TCAATAATTTCACTAA,1455
TCTACCTCTTTCGCAA,1455
TTACATACTGAGTTCA,1455
AAAACCGAATATAACT,1454
AAATGTCGTGCATCCC,1454
AACTTAAGCCAACATC,1454
AATTTTTCGTTGCAGA,1454
ACGAACCGATACATTA,1454
AGGGACGACCCCTAAG,1454
ATGCTTAAATTGTAAT,1454
ATTTCGACTTAAAATT,1454
CAAATCCAAATGGAGA,1454
CATGTTGGGTATTAAC,1454
CTTCATACGCCGTAGC,1454
GCGACCATTGCTCCGA,1454
GTCATTTCCCTAGCCT,1454
TAATGCAAGTCAAGGA,1454
TACCACGCACTTACTC,1454
TAGTCTGGGGCTGTAC,1454
TGGACTACAACCTTAA,1454
TGTCGCATGCTAGTAT,1454
TTGGGAAGCTGATCTG,1454
AATGAATGCCACAAGA,1453
ACATAGGTACTAAAAC,1453
AGCAAGCTGGTACGCG,1453
AGCACCCTATAACTTT,1453
ATAGCGAGATCTAATC,1453
ATCCGAAGGTGGCTTC,1453
ATGCGAAAGCTGTTAT,1453
ATTAAATACCACCTAA,1453
ATTCAAATAAATAGAA,1453
CAAAAAAGATTAGCCA,1453
CCGAATAAAGCCAGCG,1453
CTGAACGGTTTACGTA,1453
GGGCCTGTTAGAAAAA,1453
GTAAACGTTCCCAGCA,1453
GTCGTTCGCCGTTCGT,1453
TAGTACTTGCCAGATT,1453
TGAGGGCCAATGAAAA,1453
TGTCAAGAGTTTGCCA,1453
AACTCTCTCAAAATGT,1452
AATACGCTATGAAGAC,1452
AATGTAACGCGACTAG,1452
AGCGCAAATATGGAAC,1452
AGTATAAACCCGATCC,1452
AGTCCCGAAATACCCA,1452
ATACTTTTTACGCGGG,1452
CATAATGGGCCCCTAC,1452
CATCGGGCCAAACAGA,1452
CATGAAGACAATCCAA,1452
CGAAGGACATATATGC,1452
CGGATATCCAAACTAA,1452
GAAGAATAAACAAGAC,1452
GATCAATAGATTTTAT,1452
GATTAAATCCCATTAG,1452
GGGCACAATCCAATAC,1452
TACATGTGGAATGAAC,1452
TCCCGCTAAATTAAAC,1452
TCTGTACGACCCGAAC,1452
TGGTAAGTATAAGATC,1452
TTGAACAAGCCACCAG,1452
TTTGTGCACGAGCCAG,1452
AAAAGTTATGTTGATC,1451
ACCTATAGAAAACTCA,1451
AGCTAGGGGGTCTAAA,1451
AGCTATGCTCGCAGAA,1451
ATGATACAGATACAGA,1451
GAACATGAAACAATTG,1451
TATAGAATATTTGCAA,1451
TATCGAACTAAAACAT,1451
AAAGATGACCTCATTA,1450
AACACTTTTGAAACTC,1450
AATCAAAGAAATTCTC,1450
ACGAACAGACATAATT,1450
ACTCGGAAATAACATA,1450
ACTGATATGATCCATT,1450
AGCAATCGATTGACCA,1450
ATAAATGATGAATACA,1450
GAAGCACTAGGATACG,1450
GAATGACCGTAAGGCA,1450
GAGGGCTCAACAATAA,1450
GTTAAATAATAAGACA,1450
TTGGTAGCATCTTCAG,1450
AATGTATGCATAGAGA,1449
ACCACATACTTCAGTA,1449
ACTCGCGGATAGTTGA,1449
CTGTAGACTCTGTTTT,1449
GATATATACATCTAGG,1449
GGCGGAACTGACACCG,1449
TACAATTTATGACCAT,1449
TGAATATCACAAAAGA,1449
AACCCCGTAATCGCCT,1448
AACGGGATGCTCACCG,1448
AAGGCTCCCTATGTTG,1448
AAGTCTTACACCAATT,1448
AATAATCGGATTCCAC,1448
ACAGAGTAGGAGCTCT,1448
AGAGTACGTACGACCT,1448
ATACTTCATCCGAAAA,1448
CATAACTTTTGCGAGT,1448
CCTAGAACACAAAAAC,1448
CCTGGTTAATCGTAAA,1448
GCCTGCTATTTAACAA,1448
TCACTAGTCCCACGAA,1448
TCGTTCGTACAAAATC,1448
TGATAAGTTGTTCACA,1448
AAAGAAGCGAAATTAT,1447
AGTTTTATCAAACCTA,1447
CACAGGAGTGATAACC,1447
CATACTCCTTTGAGAA,1447
GATCCACTACACTACA,1447
GCCCAAAATTATAATT,1447
GTACACTTGGTGGAGC,1447
GTGAGAAGTGGGGCTA,1447
TAGTCAATTCAAAACC,1447
ACGATAATAATACTAG,1446
CGGATATGAGTCGGGA,1446
CGTACCATTCCAAAGG,1446
GAACAACAAGTAACCA,1446
GGTTAAAAAGTAGGTA,1446
GTTTCAGGCGCCGAAG,1446
TGAACTTCATTTACCG,1446
TTCGGAAAATCGATGC,1446
AAAATATTCCTGTGAT,1445
AACACGCAATACGTAC,1445
AAGTGCTCCTAATGCA,1445
ACATCGATATAAAACG,1445
AGAGCACAGTTGTGAA,1445
AGCACATGCCCCCTGC,1445
AGCTTATGAGCACAAC,1445
GACAGCTAAGAGTGAG,1445
GGAATATAAAGCGAAT,1445
TAATTAGGACGGTTAA,1445
TATAAAAACTTCCTTT,1445
TCCAGGCAATTACGAA,1445
TTATCAAGTAACAATT,1445
TTGCACAATGGGAGAA,1445
ACGCAATGATTAAATC,1444
AGGCGCTTATTAAGAA,1444
CACCGAGACTCGCTGA,1444
CCACCTAGCACTATCG,1444
CCTAAAATTTATCAGA,1444
CTTAGAATCGTTGCTT,1444
GAACTAAATGACTTTG,1444
GACAGATACACCTATA,1444
GCAGCTCACGAATAAG,1444
TATGACCTTAATATCC,1444
TATTGTCAATACCATT,1444
TTAAAGCGGTTGCGGT,1444
AATGTAACGGAACTCG,1443
AATTACCAACCGGACA,1443
AATTTAATGTATACAC,1443
AGTTGAGTTAATTTGG,1443
ATCCTCGGACTATAAA,1443
ATGACACCTAGGGAGT,1443
CATAGTTTTCGACAAG,1443
CATCGAAAATATATCA,1443
CTGTTAACCAAGATGT,1443
GCGAGTTGCTGAAAAA,1443
TAAAAAGATCGGATCT,1443
TAAGAATTATGTACCC,1443
TCCAGTAGGCTCATAA,1443
TCTTAAAGTCAACTCT,1443
TTTAAAAGTCGCGAGA,1443
AACCTGGTATGCCTTA,1442
AACTGCACCTGACAAA,1442
AATACATTTATAACGT,1442
ACATAACAGAATAAAA,1442
AGACCTGAACTTCGTA,1442
AGTAACACACCCATCA,1442
ATCGATAGACACCCAG,1442
CACTCTTACCATATGA,1442
CTCAAGCATCGTAGAG,1442
GTTAGCTAGTCAATAA,1442
GTTCTCTACCCGATTC,1442
TAAAAAAATCCAGTAA,1442
TAGTTCGCATAAAATC,1442
TTATTCGAGCCAACAT,1442
TTCTTAAGCAAATCTA,1442
TTGGTTTTCTACGCGT,1442
AAAACTGATTTTCTGG,1441
AAATTACAAAGTCAGA,1441
AACAGGCGCACGCGTT,1441
AGAACTCCAGCGCAAC,1441
AGCCGAACACTACCGT,1441
ATACAGCCAGTGATTA,1441
ATATAACTCAGCCACA,1441
GAAAATACTGTATTGC,1441
GATATGACGCCAAACT,1441
GTAGCAGATCAGATGG,1441
TCAGGGAGAAGTACGA,1441
TCGAAAGACGAATTTG,1441
TTCAGTAGAGGTATTG,1441
TTCTGATATCCGCAAA,1441
AACAGGACAGGTAGCG,1440
AAGCCAGCTTACCATA,1440
AGGAAACACAACGAAA,1440
AGGAGCTCACAAAACA,1440
AGTATACTGTTCGTAT,1440
ATGCCGCAAAAAGGAA,1440
CTTATAAAAATGCATG,1440
GACCAGTCGAACTTTG,1440
GCAAGAGAGATCCCGC,1440
GGAAACTTTAATAAAA,1440
GGCATACCTCACTTAC,1440
GGTTGGAGCCCGAGAC,1440
TACGATTTGGATCACT,1440
TTGATGAACTGTAAAA,1440
ACGGTTTATATGCATT,1439
AGCAAAGATACTCTTG,1439
ATAGGTAATAGAACTA,1439
ATCATAGAGTATTTCG,1439
CGATATATACCCACCA,1439
CTACCAAATTATTACC,1439
TACCACACGTATAAAA,1439
TCCTTATTTACTAAAA,1439
TGTAACTGTCGCAATC,1439
AAAATACCAACAAACT,1438
AACACATCCCACCAAG,1438
AACCCTTAATTCCGTT,1438
AAGCGGACATTGCATC,1438
AATTGATCCTTAACTC,1438
ACACTAGGTTCAAAGC,1438
AGAATAAAGGTTGCGA,1438
CATTACATTGTCAAAT,1438
CCAAGAGATGTAAAAC,1438
GAAGAATGGGGATACA,1438
GGTAATGATGGAGGAC,1438
GTCCTTTTAGGCAGTG,1438
TGCTCATAAGGGCAGC,1438
TTAGATTGAAGTGGAA,1438
AATACCTTAAGGACTG,1437
AGATTAGAACGGAAAC,1437
GAAAATAACCACAAAG,1437
TACGACCAAAAGTAGA,1437
ACACAGTAACCTGGAC,1436
ATGATATAAAATTTAA,1436
ATGTATAAAACCGAAA,1436
CAATCCGTCACTTATA,1436
CACGCCGTTCTCAGCA,1436
CCAAAGACTTGGGCGT,1436
CGCCGAACTTACACAG,1436
CGCTTTCTAAAACAGC,1436
CTGAAGATGGCAAAAC,1436
GAAAATACTGGGGAAC,1436
GAAAGCAATGTCACTG,1436
GCATTAGCAATACTGA,1436
GGGCGCTCCAATGACG,1436
GGTGTGCAATCCTTAC,1436
GTGTCTAACTAACTTC,1436
GTTTGCTCAAGATTAT,1436
TACCATAGATGTTAAG,1436
TTGTGTATGTCGACAA,1436
AAACCTAACACATACC,1435
ACAAAGATCAGACAAG,1435
ACATTCTCATATTACC,1435
CAACCAAGAAAAGGGT,1435
CTACAGTTGACGTACC,1435
GAGGGCGAGATGACCT,1435
GTATACATCTCGGTAC,1435
TGTCTTACAAAAAGTG,1435
AACCAGGTACTTCCTA,1434
ACCAAGCTAAACATAA,1434
ACGATAGTATGTTACA,1434
AGACCTGACCCGAGGA,1434
ATATACGGCCTCACAC,1434
CAAAAACTAACACCTC,1434
CACCGCGCTGTTCTTA,1434
CATACTCCTTGCACCT,1434
GAGACGCTCAACAGAA,1434
GGATACGTTAGGATTC,1434
GGTAATAAATCTAAGA,1434
GTTGCCGTTCATAACC,1434
TCACATGCAACCGTAG,1434
TCTTCATTAAGACCTA,1434
TTTGGTGATTAGCCAA,1434
AAAAGAGACCTCATAA,1433
AAACCGCACCTCCATA,1433
AAATCTAAATTAGATA,1433
ACGAGATAGTGATTCA,1433
AGATTTACATAATCAT,1433
AGTCTCACCGAATCAC,1433
CGACGACATTAAAATA,1433
CTTGCCGCATGGAATT,1433
GAACACATTTGGAGAT,1433
GACTAAAATTAATGCT,1433
GGCTAGTTGTCATGCC,1433
TCTACTCCAACGGCGG,1433
TTTCACAAAATTAACT,1433
AACAATGCGGCTCCTC,1432
CAAGCTCTGTCCGAAA,1432
CATTAATAGTAAGCCC,1432
GATACCAAAAGCAATA,1432
GATACGGCCTTTATCT,1432
GCCAGCCCTAACAATA,1432
GGCATACCATGCATCA,1432
TAGCAAAAACACATTA,1432
TTTCTTGCAAAGAGAT,1432
AAAACATAATAACGAT,1431
AAAATGCAAGAAAGGA,1431
ACAAAAAACGGCGGAG,1431
CAAATTACTTTAATCA,1431
GACCCCAAGACTTATT,1431
GAGCCCTCAACGCAGA,1431
GATTTCTGTTACTGTA,1431
TACCCAATAACACAGT,1431
TTTATAAATGCAGCGA,1431
AAACTTTAAGAACAAT,1430
AAACTTTGAAACGGAT,1430
ACACAAAAAATAACTT,1430
ACACAACTAATCGGTC,1430
AGAAAGGCCGTCGAAA,1430
AGACACTCAAAGGCGT,1430
ATTGACAATAAGTCCC,1430
CAGAACGTGTGAGATG,1430
CCTATATAACAAATAA,1430
CGAACAGCCCTTCTAG,1430
CGGCGATTGGAACGAA,1430
CTATAAAGATGATCCC,1430
CTTATTTCTTGACTGT,1430
GAACAACAGCTCATAA,1430
GAGTGTGCCCGAAAAA,1430
TCATAAGTCGAGAGAC,1430
TCATATTTATAAAAGA,1430
TCTAATATCACTGCGC,1430
TGCAGGCCTAGACTCA,1430
TTAGCAACCACAAAAC,1430
AAACGTCTTTACATAA,1429
AAGAGCGACCTACCAA,1429
ATCACTCTCCATTAGA,1429
CCTTACAATAAACCTT,1429
GAAAGGCACAGTCTCT,1429
GACCTAATTCCAAGTA,1429
GCAGTAAACAATTAGT,1429
GCATTCAGGTCCTACA,1429
TTTAAGCCAGCCATCC,1429
AAATCGATAAGATCTG,1428
AACTATCAAAGTAATC,1428
ACATGTTCAATGAGAC,1428
AGCAGTAAAATGCCGT,1428
AGGGCTTGAGATCTCT,1428
ATCATGTAAAAGAAAA,1428
CAACGCTTTGAGGCGT,1428
CATGAATGGACAGTTA,1428
CGAAACAATGAATTTG,1428
GTCTGGTTGAGGATAT,1428
TAAACACACTAGGGGC,1428
TCTCGGAAAAGAAACC,1428
TTCGCGAAACAAGGTA,1428
AAACCTTATATAGCTT,1427
AATTGTTTAAGCCGCA,1427
ACGAGTATAAACAGAG,1427
CAATGTTTGGAACACA,1427
CGAATGGAATGCGAAG,1427
GCTGCCCCTTTACTAG,1427
GGCTTACAGATGTAGA,1427
TATGGGCACAGATAGT,1427
TCAGATTAGAAGCATG,1427
TGAACTTATTACTATA,1427
TGTGGTCATCGCATAA,1427
AAAACACGGTCTAATC,1426
AACGCCCAATCCATAA,1426
AATAAATATCAATGTT,1426
AATCTCGCCCAGAACT,1426
ACAGAGTATACAACCT,1426
ACTCTGGCAAAGTAGT,1426
AGAACCTGTGATAATA,1426
ATATCACCAGCCAATC,1426
CAAATCTCGTTGGTCA,1426
CACCTCAACAAGCCAA,1426
CCCAAGAGTAACGCTT,1426
CTGGTTGCCACTCCAT,1426
GAACAATAGAGGGACT,1426
GATTCCAGTAAACTAG,1426
GCACAATGATGCAACT,1426
GCCAATATACAGAAGA,1426
GCCTATCGCCACTCAA,1426
GTAATAAATGTAAGAC,1426
TACATACCCAAAAACT,1426
TACCCGCTGCTATACA,1426
TGACAAGTAACAGATC,1426
TGGTGACTACAAAAAG,1426
TGTGAATAGACTACTT,1426
AACTAACTAAGTAAAC,1425
AATACGATGTGAACAA,1425
ACACGACCAACATCAA,1425
ACCTTAAAAAAATTTG,1425
ACTAACCAGAATTATA,1425
AGATGTTTTTCGATCA,1425
AGGTTGGCCAAGCCGT,1425
ATTCACGTAATTGTAA,1425
CAAACGCAAAACCCTA,1425
CATGATTTGAACCTTC,1425
CATGCGCAAGTATTAT,1425
CCAGATTTTACACCTA,1425
CGATATTTATTTCCAG,1425
CGTAGACCATAATCAA,1425
GAATTCGTGATCTATC,1425
GCCTATATCTAAGGGT,1425
GCCTTGTTCGGATTCG,1425
TACACTATGGCAATAA,1425
TATGGGGAATATTTAA,1425
TCAGAATAATATGATG,1425
TGTCGAATTTAATTAG,1425
AAGTCGAGGCGATTGC,1424
AATGCGAGAACCGTTC,1424
AGATAACACGGTGCCT,1424
AGATACACTTTGAACT,1424
AGTAAATTCCCAATTA,1424
CACAAATCACTATAAT,1424
CACATCGCGTCACAGT,1424
CACTTCGCAGCCTGCT,1424
CGGACAGTCAGGCCAG,1424
GACCGCAAACGGTACA,1424
GTAGAACTAAGATCGT,1424
GTATTAACGGTCTGGG,1424
GTTGCAGCCAAGGTAA,1424
TCATATACTAACGGCC,1424
TCATCCCATCCGTAAT,1424
TCCTGTGGAAATATAA,1424
TTGATACCACAAGGTT,1424
TTTCTAACGGCGGCAA,1424
AAAAAAAAACATGGCT,1423
AACAACCCAATCTGCG,1423
AAGCTTTGATGCCAAA,1423
AATAAAACTTATGCCT,1423
AGAGGGCAATTTAGCT,1423
CGATAAGGCTTTACTA,1423
CTATACGGCATGCCTC,1423
CTGTGTTGTCCTCTGT,1423
GAAAGCTCCATCGATG,1423
GACAAAATACTGATAC,1423
GATCAGTCAGCTTCCT,1423
GGTGATCGGGATAATC,1423
GTTTCCTGTTTCACGA,1423
TAAACGAAACCATAAG,1423
AACAGACTGATCGCAC,1422
ACAACGTATCTAAAGA,1422
ACATTAAAAAAAATAC,1422
AGAAAGTTACTCATTG,1422
AGAACAACATACATAC,1422
AGATATTCGTTAGTCA,1422
ATGATAACCTAGATTT,1422
CAGTCCATCGAAAATC,1422
CGCATCACTGCCCTAT,1422
CGCCGAAATTGCCCAA,1422
CTATGATAAGAACAAA,1422
CTCAAAAACTGGTAGG,1422
CTGGCCGTGATCCTAA,1422
GAACTTATTACGAAAA,1422
GAAGCATTCTCATGCC,1422
GACACCACGTTAACAC,1422
GCATAGCAAGAGATAA,1422
GCCTATATCTACTGTC,1422
GTAATTTGAGAAAAGG,1422
AAAAGGCCATCGTGTG,1421
AACGAGGACGGTGATC,1421
ACAAAAAACGGATTTA,1421
ACAGGGAACAGAGCAT,1421
ACATGATTCGAAACAA,1421
AGATCCGGAAATGCGC,1421
ATTAATCAAACGGTAC,1421
CACATGGCTATTTGAC,1421
CCTCAATTGCACACAC,1421
CGCAGGACGGTGCCCG,1421
CTTATCGAACCGTTCT,1421
GAAAGAAGACTTAGAT,1421
GCAGTCAATTCGAGTA,1421
TACCTCGCCAGTAGCC,1421
TTACTGAACATCCTGC,1421
TTGCTGGAGTCATCTA,1421
AAAATTAACTCTAAAC,1420
AATCTATGCGTAATCA,1420
ACTCTGAGACGCCTGG,1420
ACTTAGCGTAAAGTGA,1420
AGTGAATGGCCACAAC,1420
ATCTATTATCTTGCCA,1420
CAACAAGGGGGGACTA,1420
CACACATCGCAATTTC,1420
CAGTTAAAATTGATGG,1420
CGCGAAGCATTCTGAC,1420
CTTACCGCGAATCTAA,1420
GAATCACCTGCCCCTC,1420
GACTGCAATACACGAA,1420
GATATATGGCGACCAC,1420
GCGCCTAAATGTAGTT,1420
GCTGGCGCGTCCAAAA,1420
GTCGATATTCACCGTA,1420
TAGTCTCCTACAACTG,1420
TATGTTCTCTGGTATC,1420
TGAATCAGGAGAAAAG,1420
TTAACAAAGATAATCT,1420
AAAGAAATCAGACACT,1419
AAAGTTGTGAGCATGA,1419
AAATAGCAATTAACCC,1419
AATTTAGCCCCACATA,1419
ACCTATACCATCCGAC,1419
ACGTTTGACTCTTATA,1419
AGACTAAAAAGGATCT,1419
CCTCATGCTCACATGA,1419
GAAAGGACGCTGAAAT,1419
GGTATACGGACCCGGT,1419
TACAAAAGCAGGACCG,1419
TATTTTAATTGGAAAT,1419
TCGCAAGACTCGGACT,1419
TTACGGAATGGCTCCT,1419
ACTTAGTCACCGGGTC,1418
ATGAATGTCATCATTA,1418
CAACTATTAGAAGCCG,1418
CCATGACTCTGTTTCT,1418
CGAAAACATGGGATAC,1418
CGACATCAGTGAACAC,1418
GAGCATGATATAAGAA,1418
GGTATGAGATAAGGAT,1418
TAAATTGAATCTCAGG,1418
TAAGTTAAATTTTTAG,1418
TACCCACACTGATGCA,1418
TATGACTCACAAAAAA,1418
ACCAAATTCCCCTTTT,1417
ATCCGTAAAGGCTAAC,1417
ATCGAAAAGCCATGGA,1417
CAAAACAATGTGTCCA,1417
GAAACTCAAATACTCG,1417
GATCACAGGAAATTTA,1417
GCAAAATTCGTAACCA,1417
TCCCACCGACAGACTA,1417
AAAAATACCCTAATGG,1416
AAACCGTTTAGCACGG,1416
AATCACTCCAGTATTA,1416
AGGAGCGGCAAACCAT,1416
CACTTGTTAGACCGGG,1416
CCAGATTTAATGAAAT,1416
CCATGAAAATGAATGC,1416
CGAAGAGTAAAAGCAA,1416
GTACCCAGATAAAAGA,1416
TAATCTTAATACTATG,1416
TAGTGATAGATAAGGC,1416
TCGCCCACATATAGAA,1416
TGGTGGATGTATACCG,1416
TTGCCAAAGTACCGGT,1416
AAGGAACAAACATAAT,1415
ACTCTTTAGACCTCTG,1415
AGTTTTGAAAACCTAA,1415
ATGAAAGGCCGGATAC,1415
CAACCACCACAAGAAA,1415
CGTCTACGATAAAAGC,1415
GACCTACACTTGTAGA,1415
GCGCCGTAGTCACCGT,1415
TAAGATTGATACTACA,1415
TAATAATCATACACCA,1415
TCAAGAAAACATGGGA,1415
TGACAGAGGCATCGAG,1415
TGCAGCCTTCTTCGAC,1415
TGGTTAACCGTAAAAC,1415
TTTAAATCTAGACGAA,1415
ACACCTTTCGAATTTG,1414
AGCTATGCACAACGAT,1414
ATTTAAATAGCGGTTT,1414
CATTCGAAGTCAGACT,1414
CCACAACAGGAAAAAA,1414
CTACGAAAATATACAA,1414
CTCAAGACAAATAAAT,1414
GAGGCATACGGAATAT,1414
GATACGAGAGGGTTTA,1414
GTTCCTACCGGCAGAG,1414
TAAAGTAGAAAATCAA,1414
TCATGGACGTCGCCTA,1414
TCGGAGTCATGAAAAA,1414
AAAGCAGTAAGTGCAA,1413
AAGTTTAGCCTTCTTC,1413
AGCTAAGGTGTATATT,1413
AGGCTGGCAATACCTA,1413
AGTGTCGGACGGGTAG,1413
ATCATCAAGAAGAATA,1413
CAGAAGGCTATTAAAA,1413
GGCCCCGGAACATTAC,1413
GGTTAAAGTAGCTATT,1413
GTATGCAATCTAGAGA,1413
GTCTAGAACGCTGCAA,1413
TATCCACATGTATTCC,1413
TGTACGAAGACCACAC,1413
TTACCTAGCGCCTTCC,1413
TTAGAAAGAAGAACTA,1413
AATCTTCTTCATCACT,1412
ACGAGATCAAAGATAT,1412
ATATAGTCATCGACTC,1412
ATGGGCCTACCGCAAG,1412
CAGCTGACCTAATACT,1412
CATAGGAAGGCCGGTC,1412
GAAAAATATACCCAGT,1412
GAATTATAAGGTTAAT,1412
GTGCTTCCATCGCATT,1412
TAAGGCCGGAAGGAGT,1412
TATTCCAAACATACTT,1412
TTATTCGACGTTTCTT,1412
AACACCTAAAGATATA,1411
AACCGGACAGTGAACA,1411
AAGTAGGCTCGTACGA,1411
AATCGGGAGACCCCTC,1411
ACTAGATGTGCATTAT,1411
AGAACAGCGAAAATTT,1411
CAAATATCCCGTAGTG,1411
CATCACATTTTTTTGA,1411
CGAGCGTTGTACAGGG,1411
GCAATATAGAGAAACC,1411
GGACGGGAAGCAACAT,1411
GTAGATACGCGGTAAG,1411
TACAGCCAAGCACAAA,1411
TAGCGACGTCGATGGG,1411
TTAGCGGTACACGAAA,1411
AGAAGTAGCCTGTTAA,1410
ATTAATACATGATGAG,1410
CCCCTCCTACAATTGA,1410
CCGTCTTAATATAAAC,1410
CGCACTAAGTATTTAT,1410
GAATCCCGAAAGCTTG,1410
GTCCATACAGATGCAC,1410
TCTCATTATATACCCG,1410
TTGACAAACTTTATAG,1410
AACCGTTATCAGGGCA,1409
AACGTCCAGTCAATCA,1409
AACTATGTTACCAGGT,1409
AAGGTACGCATATCCT,1409
ACAACCGAAATCCGGT,1409
ATGTACTTACTGAATT,1409
CACAACAGGGAACTAT,1409
CGACGGAAAGAACACA,1409
GAAAAGGGTTACATAA,1409
TCACACTCATACAGAC,1409
TTAGGAGAATAAAAGG,1409
AATACGAATAGATTAA,1408
ACAAAGAAATGCGACG,1408
ACGTCGATTTCATTGA,1408
ACTGGCAAGCAACCTC,1408
AGCCAATAAGTTTTCA,1408
ATCATGAGACCTCAAC,1408
ATGCCATGTATCTGAC,1408
CATCAGAATACCAAGA,1408
GGATAAAAGTATCGTT,1408
GGCTAGATGTCAACTC,1408
GTAACCTAAATATCTT,1408
TACACTTTAAGGAATT,1408
TGTAAGGTCTAAATTG,1408
CAAGTAACCAATCGGA,1407
CTAACTAACTGCCTAG,1407
TCATTCAACTTTACTT,1407
TCCAGAAATGAAAGCT,1407
TTAGGGTTTGCTCCAT,1407
TTGATGTGTGGCAACT,1407
AAAATATATCCCTGAT,1406
ACCTATAAAGAAATTG,1406
AGAGCATCACCAATAC,1406
ATAAGCCGAAACCCGA,1406
CAAGCTAACCTACTCA,1406
CATATACCAGATGGTT,1406
CGAGCACAAATTATAA,1406
CGCACCACACCGCAAA,1406
CGGGCATCTCAAGAGT,1406
TAAAACAGTGAAAAAA,1406
TATACAAAAATGCATT,1406
TATTTGGACCATATCA,1406
TCTAACCGGAGCCTTT,1406
TTTGTTTGATTGCATA,1406
ACAGAATTAGGGCAAA,1405
ATGACCCATTGCTAGG,1405
ATTACGAACAAGATAG,1405
CAGTACAAAGACCTCG,1405
CTAATAGACCATTATA,1405
CTCCTACACTCAGTCT,1405
CTCTTCAGATACCTTA,1405
GAATAACGAAGTTCTG,1405
GACAGACCACGGACAC,1405
GCAAGAGCCCATTGCA,1405
GGAAGGCAACTGCAGT,1405
TATGATGAAGTATCTG,1405
TTCAGAACAAATCGAT,1405
AAAAACTACTAATTCC,1404
AAATTACTAGGTATGT,1404
AACACAATGTATTCCC,1404
AAGCCATCAAGCGATT,1404
ACACTCGGCAAACTTC,1404
AGAAGCCAGAATCATC,1404
AGGACAGAAAACACAC,1404
AGTAAATACTTTAGAA,1404
CTCGTGAGTCTGACAG,1404
GTTAGTAACGGTCTTA,1404
TTACACCCGTACTACA,1404
TTACCCTTGCCCCACC,1404
TTTAGGAGCAGTACCA,1404
AAACGGGAACCCACAA,1403
AAAGGACTATAAGAGC,1403
AAGCGCTTAACAGATG,1403
ATGTGGGTCTCAGGGT,1403
CACCTTGAGAGAGCAG,1403
CAGCGAGAGCGGCAAG,1403
CCAGGATATATCTCAC,1403
CTTCAGTAGGCCCATT,1403
GTAAAAACACTGGGAG,1403
AAACGATAAAGAATAC,1402
AATACATGAACTGTAC,1402
ACAATGACTACCATCT,1402
ACAGGAAAATTCAAGT,1402
CCTAAGCTCTTACCAA,1402
CGCACAACTGACGTAC,1402
CTGTCAGCGCCATGAC,1402
GCCAAAAAGTTTTGAG,1402
TCAATCTAACCTTCAG,1402
TCCCTACATATGGGAT,1402
TGTAGAGCAAAAGGAC,1402
AACGCCGTTAAATGCG,1401
ACATGACTATTGACTA,1401
AGAATACCATTAGTTA,1401
AGTAACTTAACCGATT,1401
ATAAGTGCCGAAAATC,1401
ATTAGAACAAAACGAA,1401
ATTGGAAACAAGGCAC,1401
ATTTATAACAAGATTT,1401
CAGTAGATCGACGCGA,1401
CATAAGCGACTCTGTG,1401
CATTTCGCGTGACACG,1401
CGGAAGATTCGCCCAA,1401
GTTCAACCGTGCGCAT,1401
TAAATAATAGTTACTA,1401
TAATAGTGTTCAAAAA,1401
TAGACGTCAAAAACAT,1401
TCATGCCGCTACCAAG,1401
TCATTAAAGCAGAAAG,1401
TGAAGGTAACGTACTA,1401
TGGACATGGAACATAT,1401
AAACAAGACCACCAAT,1400
AAACTTTACAAGGAAC,1400
AAATTTCTGGAGCTTG,1400
AATATCAAATTCACGT,1400
CATAAAAAAGACACCA,1400
CGTTACCCCTATTTCA,1400
CTTAACTGTGGATAGG,1400
GAAACAAACTACAACT,1400
GACAAGAACCTGTCTA,1400
AACCCGTCGCAAATAA,1399
CGGCACATTATAGTTG,1399
GCTAAGAACTCTCTAA,1399
GTATAAACTCTAATGT,1399
TGTCTATAACCAACAG,1399
AATATTAATTAGCAAA,1398
AATGAAAGATAAATAG,1398
ACAATCTCACCATTAA,1398
ACACGTAAATATACAA,1398
ACTAATGACAATTAAT,1398
ATATATGACCAGTTAA,1398
CCTAAAAACAAGGTCA,1398
GAAACACCCTGTCCCA,1398
GAACTGGAAGACGATT,1398
GACTGAAGGGCAGACT,1398
GAGAGAAGGGAACCGA,1398
GCTAACTATCCCATAC,1398
GTATAACGCAAGATTT,1398
GTATGATCCTCTACAT,1398
TCACTAAATCAAACTA,1398
TGAAAAAAAAGCAGTT,1398
TTTCAGAGTGACCTCA,1398
AACAATTAGAACTGGT,1397
ACACCCTGCCAAGTAT,1397
ACGAACCTTGTCGACC,1397
CACTACACTTATACAG,1397
GCGCGTTGAAGAAAAT,1397
GTACAACGTGTGAATC,1397
TACATCACAACGGTAA,1397
TTACATAAACCTCATG,1397
AAAGCACTAGTAATGG,1396
AACAAGACATAATGCT,1396
AAGTAATGTATGTATA,1396
ACAGGGGCAAGAAGAG,1396
ATTATAAAGTGAGACT,1396
CAGATGCAAGAGGGAG,1396
CATGGCCGATATAAAA,1396
CGTAACCCAACATATT,1396
GGAGCTTCCTCTTGAC,1396
TACCTTGAACAAGAGT,1396
TAGACCGTCACCAAAA,1396
TAGGCCTGATCAGTCG,1396
TTTACACATCCCTATG,1396
AACCGACCATAGAATG,1395
ACAGAACCTCAACAAG,1395
AGATATACTTATAGCG,1395
AGTATCAGGAACTTAC,1395
ATCCAACAATAATCCT,1395
ATGCATCCATAGGAGA,1395
CACGCTCTGGACAGAC,1395
CCAAAGTAAACGAGCA,1395
CCATGATAAACGGACC,1395
CTCATGAAATTCTATT,1395
GAAATCAGTAGTGCAA,1395
GCGAGCCGCAACAACC,1395
GGTGATCTCTAAGCGG,1395
GTGCTTCATTTAAGAC,1395
TGACACATGTCAGAAA,1395
TGACCCGAGTTTAATC,1395
TTTCATGGATGGCTTC,1395
AAAGAGCTTATAGCGT,1394
ACATACATTCCTTTCA,1394
CACGCCGAGTCTCCCC,1394
CATGACAACATAACAA,1394
CTTAAGTATCTAGTAA,1394
GAAGCCCTCCCTACCT,1394
GATTCGTTTCGATCGC,1394
GTTTAATACTAAAATG,1394
GTTTTAAGCATCGAGG,1394
TAACAGACCTCAAACA,1394
TATTAACAAAATCATT,1394
TCACGCTATTTCCGTA,1394
TCCCATGATTCGTCTA,1394
TCCGAGAAATTAAAAT,1394
TTAATGTGGGACGCTG,1394
TTACGGCCTTGGTGGG,1394
AAAGGGTTAGACACAT,1393
AAGGCTTACCCAAATA,1393
ACAGAAAAAGCTTATC,1393
ACCTAGAACAAAGTAT,1393
ACTGCACAGCAGAATT,1393
AGAACTGGTTATGTCA,1393
AGATCACACCGATATA,1393
AGCCGCTCCAATGCAA,1393
AGGGGATATTCGAATG,1393
ATACCAGGACCTATAT,1393
CGTTCCATGAAATGAA,1393
GAAGATCCTATCATGG,1393
GCAAATGTCGATCTCA,1393
TAAGAACCTCATATTA,1393
TAGCATGTTGTAATTA,1393
TATATCACAACCTAAG,1393
TTATATAATAGTGGAC,1393
AACGTTAGAGCTAGAT,1392
AACTCGATAAGACGTC,1392
AATCACATCAAGAAGG,1392
AGTCCCAACGCAGCTT,1392
CATACTAAACCTCAAA,1392
CATCGACTAATATAAT,1392
CCCCTCGATTAAACTA,1392
CGGAAATGATATAACG,1392
GGAGGACAAACAGTGA,1392
TCATCCAACGCAAGTC,1392
AAAGCAAAACTACGTC,1391
AGTATCAAATCCTGCT,1391
ATCAAGACACAAGCCC,1391
ATCCGGCCAAGTAAGG,1391
CCAAGGTGAATCGAGC,1391
CCAAGTACTCATACTT,1391
CCTGAGCTCGAGAAAA,1391
CGATCTCGGAGACAAT,1391
GAGTATATACTCTTTG,1391
GATAACCCAAAATCTT,1391
GCACACTTTCGCTTAA,1391
TAGTTGCGATATTATA,1391
AAACATCAATAAGTTG,1390
ACAAGGAAAAAGAACA,1390
ATTAGCCCCGAAACAT,1390
CAGACATTTTATACTA,1390
CATTTCGGAGCGTTTT,1390
CCGAAAAAGCAGAAGA,1390
CGAGTCTCGAACTCCA,1390
GACTAATAAGTTAGAT,1390
GAGAAGGGGAAGTGAA,1390
GAGAGTTTCAGATGAA,1390
GATATACAGGAAAACA,1390
GTCATCATTGTAGATA,1390
GTTTTATGAGAATACA,1390
TCATCCGGAAATGCAG,1390
TCCGCAATCACGGACG,1390
TTAGATCAGTGATAAT,1390
TTCTGTGTTATGCAGA,1390
AGATTAATAAAACACT,1389
ATAGCCCAAAACGTTA,1389
GGTCGATCTCTACCAT,1389
GTATAAAGAACTTATG,1389
TCTCGTATTGCAAAGC,1389
AAATTCAAAAACTTCG,1388
ACTCAACAATTCATGG,1388
CAAATCATATGCTCTA,1388
CACTTAGACGATCCAA,1388
CATGAAAACACACGGG,1388
CATTTCTCACCGTACA,1388
CCCAATTAACTTGGCA,1388
CCCTAGTTTATCGCAA,1388
CGAATATGTGTAAAAA,1388
CTAGCAATCGTATTTG,1388
CTATCATGTTTTTATA,1388
GAAAGACTTACACCAT,1388
GCACACGGCAAATTCG,1388
GGCGAAGCAGTGCAAA,1388
GTTCTCAGTTTATAAT,1388
TAACAGGCTGTTAACA,1388
ACATTTCACAAGTAAA,1387
AGAGCAGGGACTATTA,1387
CGTACCTACAACAGTT,1387
CTAGCTGGAGCTTCCA,1387
TAAGGAGACCGGTCGG,1387
TTAATACTTACAGATG,1387
AAACCACTGACCGTAC,1386
AACGAGAGCTACCGGA,1386
AATCTTAATCGTTACT,1386
ACCCCGTGAAATGGTA,1386
AGAAACTAATAGCTGG,1386
AGATAGCTCACCCAAA,1386
AGATTGCCCAAACGAT,1386
AGCATAATCACCGCAA,1386
CCAATCAAAGTAACAA,1386
CCAGGGCTCACCGACG,1386
CCTGATTTTATAGAGA,1386
CTAGCCAACTATAGTA,1386
GAGCCAATGGTCGCTT,1386
GAGGCAATGCGGAGGA,1386
GCAAGAAATTGGACGA,1386
TAATTCGAAAGAGCGC,1386
TTAACGCGCGTCTTAG,1386
AACGACTCCAACCAAG,1385
ACGTTACAATATAAAA,1385
AGATTTAACAGTACAC,1385
CACTAGTACCTTGTCA,1385
CAGCAGAATGTAATCT,1385
GACGAGAAGGGTACCT,1385
GATTAAGTCAAAACAT,1385
GATTTAAAATAAAATC,1385
TATTCTGAAAGGACTA,1385
TCACAAAGTCAGACAT,1385
TTAATCATTATGGTGG,1385
AAAATATTCACATCTG,1384
ACGACTACGTGATTAA,1384
ATCCGGAGAACGATAA,1384
ATGCATTTCCAAAGAT,1384
ATTTGCAACGGTATTT,1384
CCCCCATGCAATAACC,1384
CGAACCCAACCTATTA,1384
CTCTGAAAGGTAACGG,1384
GAATATCGTTACACAT,1384
GAGCATATGCAGTAGT,1384
GCAATTTAACTTCGAC,1384
GGTGTAAGTGATGCCT,1384
GTCAGGAGAAATATGT,1384
GTGACATGTGAACAGT,1384
AGGACGCACGACCCCC,1383
AGGCACACGAATCAGG,1383
AGTGCCTATATTGCGA,1383
CAGGTGTAATGGATCA,1383
CCAGATCCTAAAACCA,1383
GGTACGTTAGCTGCCA,1383
TAAAACTAAAAATACA,1383
TCTAAAGGTCTTCTAT,1383
TCTCTCATTGGAGGAT,1383
AATCAATTGCAACCAC,1382
AATGTATCTAACAAGA,1382
AATTCAACCTTAAAAT,1382
ACGGTGACTGACAGAA,1382
AGAGGGATTGTAAGAG,1382
ATGGCAGATAAAGTCT,1382
CCTGAATAAGAACACC,1382
GAAGTAAGCGAAGCCA,1382
GTGAGACTACAAGGCT,1382
GTTCATAGATATATAC,1382
TAAAACGATTTGCTCA,1382
TCATTCGAATAGGCAA,1382
TGGAACAAATAAGTGT,1382
AACCCTAATCCTGAAA,1381
ACCCCTAGGAACGTAA,1381
ATTTGACCTGCTTATA,1381
CAGAGAAAGTTCTAAC,1381
CGCAAATACGGCATCT,1381
CGTACATCATGTACAA,1381
CTGCCGTTTGTCATAC,1381
GATATTGCGATCAGAT,1381
GGCTCAATAGTGACGT,1381
TGATCGTTACGACAGA,1381
AAACGTAAAATAGAAT,1380
AAACTCAAGTATAAAT,1380
AAAGATCATGACGTGA,1380
ACGAGTACGAATAAGG,1380
ACTAGTCGAACTATAC,1380
AGACAAGAAAAATCAA,1380
ATCCAGTTTTTGTTGT,1380
CCAGACCAAACAGACG,1380
CCATCTAGATAATAAG,1380
CTGTACCAAAGGCACT,1380
GCCGGCCACATCCCCC,1380
GGAGATAACATGTATT,1380
TACGTAAAACTAGGAC,1380
TAGGTCCACCACCTAA,1380
TCCACGGTGGCCTTAC,1380
TCTTCTTGTGAAAAGC,1380
TGTGACAACCAACTAA,1380
TTTTGGACGGCTAATC,1380
AAACACCGTCAAGGAG,1379
AGAATCTGATAAATGA,1379
CATAATAGTGGGGAGA,1379
CCAAATAAAGGGAAAA,1379
GAATTGAAAGCAACCA,1379
GCATAGTCTGGCAGCC,1379
GCGGGAACTAATAAAA,1379
GTAGATAGTTCGTACT,1379
TTTATGCAAACCATAG,1379
AATTACGCATAGCTAC,1378
ATGATAACCATTTCCG,1378
CCTAGCAATAAGAAAT,1378
CCTTTGATGCGGCAAA,1378
CTAATTCAAGCCTAAT,1378
GATATATAGTATCAGA,1378
GCGATGAAGAGAAGAA,1378
GGCCCTATTAAGTGCG,1378
GTCTCACCAAGTTAGT,1378
TCATTATTCGTCGGAG,1378
TCCGGTAAAAAAACGC,1378
TGCACCCGAAGGTTCA,1378
AGCGCGCAATAAAATT,1377
ATAAGTTGAGTAACGG,1377
ATGGCCGGAGCTAGTC,1377
ATTTCAGAAGTTATGT,1377
GATAGAAAGCGGGTCA,1377
GGACAAGCTTACACCG,1377
GGAGTTACCCTGCTAA,1377
GGGGCTCAAACCACAC,1377
GTTATTCCCGTGTTAA,1377
GTTCATACAGCTTTCC,1377
TAAGTGAACGACCCTA,1377
TATTAACTCTTTCGAA,1377
TGAATAATGTCAATGA,1377
TTAAAGTCAATCATTG,1377
TTACAAGCAAAATGAG,1377
TTTGCCACTGATGAAC,1377
AAAGATTCACATAGAA,1376
AAGGTACTGATAAACT,1376
AATACATACTAACTTA,1376
ATACTGAGATGCGACA,1376
CAAACCGGAAAAAGCT,1376
CTTGAGCTTCTAGATG,1376
GACTCTTTTTCCACAA,1376
GACTTAATTCTCTAAG,1376
GAGCGGTAAGTATCGA,1376
GCATACGTATTACACA,1376
GTGTTGAGGACACATT,1376
TCAACGCGATATCTAT,1376
TCTTGAACTTATGACT,1376
TGAACCATAGCTGTAA,1376
AACATAGCTAATCACT,1375
ACACTACAACATAGAA,1375
CAAATATTAATGATCC,1375
CAGTAAGCACAGGCAA,1375
CCGGTCTACGAAAGAA,1375
CGCCCTTTCTACAATA,1375
GGACACATATACGTGT,1375
GTGTCTGATAACAAAG,1375
GTTGGGCATATGTAAG,1375
TGGGGTTATGATTAAT,1375
TTCATCGAGAGTCGGA,1375
AATCTAGCGACAGCGT,1374
ACGCACGTTACGCGTC,1374
AGACCATCACTTTTTT,1374
ATAGAAAAGACTCACT,1374
ATTTTTACCAGTGTTT,1374
CAAATTAATTCGACTA,1374
CATACAAATATACAAA,1374
CGTAAGGGAGCACATC,1374
GACTAAAGAAACAAGA,1374
ACATGCCACCCTTTAC,1373
AGCTTCCTATCTGGCC,1373
ATCGAAGCCTAGAACC,1373
ATTGCAAACATACACG,1373
ATTTAAGAATCAGTAT,1373
CATCAAGATTACGACC,1373
CATTGTCCCAAGATTC,1373
CGCAGCGTTAGAACCC,1373
CGTTGGTAATTGAATA,1373
GACACTTTAGCATTCT,1373
GATAAAATTCGATTAG,1373
GCTGGATAGCCTTCCT,1373
GGATTTTGAAATTACG,1373
GTAGGAGAACAAATTT,1373
GTTATATAATTGGGCG,1373
TAAAAATGAACGAGGT,1373
TAACAACTATAATACC,1373
TAATGATCCACGAAAG,1373
TGGATAATCACACACA,1373
TGTATACTATGGGTAG,1373
TTATTGGTCAAGGTAA,1373
TTTATAATTATTTAGC,1373
AAAAAATTTGTTCCAG,1372
AAAGTAAGAATCAAAG,1372
AATTATTAGTATATTA,1372
ATAATAAAACCAAAAC,1372
ATACCAATATCCACCC,1372
ATGTCCCCACAAGGGG,1372
ATTAACTGTCCCTTCG,1372
CAACACATCCGGAGAC,1372
CCGATAACCGTTTAAT,1372
CGAGAGATCGAGCCTC,1372
GACATGCTATAAATCG,1372
GCGCGGTCGGTGATAT,1372
GTATAACCACCAGACG,1372
TAATGATGCCCAAACG,1372
AAAAAAATCTACTACC,1371
AACCAAAAAATACTTT,1371
AGAATAAGAAGGCACA,1371
AGCTAAACCAAATTAC,1371
AGTACGCAAACGTGTA,1371
CATTCAGACGACAATG,1371
CCCTCTAAGCGCGCCA,1371
GAAAGCTAACCGAGCT,1371
GAGTACGGAACAACAT,1371
GCGACAAGAATCCGTG,1371
GCTAAATAAATGAAAT,1371
TAAGGATAGCCCGCAA,1371
TACATAGTTATTCCGA,1371
TGGCCTGCGATATTAA,1371
AAACATTTGTTACACC,1370
AAAGGTCGTCCACTCC,1370
AACAATCAGACAAATA,1370
AATATTTTCATATTAG,1370
ATATTTTTTGCTTGCT,1370
CAAACCATTTAGTATG,1370
CAAGACATAAGAGAGT,1370
CATACAAAAGCTAACA,1370
CTAAGTATTCTGCCGA,1370
TAAGGAACATATAAAA,1370
TCGTACAATTAATAAT,1370
AAGACATGCAAAGTAT,1369
AATCCCAAAGTATTCT,1369
ACGAAATATAAGGTAA,1369
AGTAAAACCACAGAGA,1369
CATTGACCTAGCTAAA,1369
CCTGAAACTTAACAAA,1369
CGTTACAATACAATTT,1369
CTGACTAGATAAGACG,1369
TAAGGTCCCGACTTCA,1369
TTCCGGGAGCAAAACG,1369
TTTGAAGGAACGACTA,1369
TTTTAAGTCTAACTAA,1369
AAAAAGACCTGGCCAC,1368
ACAAGTCATATTTTTG,1368
AGAAACAATCTTCTCG,1368
AGGAAAATCATCACGA,1368
ATCCACAATACGTGTC,1368
CCCCTCATAACTCATA,1368
CCGTGACACCCTAGTC,1368
GACCGTACTAGATGTC,1368
GCTGCAAAGACAACCA,1368
TCATGCACAAATTAAA,1368
TCGAGTTTCATAGCTG,1368
TGAAATGATAATAAGC,1368
TGAATAATTCTACAAT,1368
TGTTTAGGTTTGGATA,1368
AATCAATATGTACGTA,1367
CAGCAAGAAAAAGATA,1367
CAGGAACCGTCAAGCC,1367
CTACCACCCTAAACTT,1367
TATATAAAAGAGGCGC,1367
TCATCAAAGCAAAGAT,1367
TCTTGTTTACGGTACT,1367
TGTATTTCTTGATAAC,1367
TTAGTCGATAAAGAAT,1367
TTCTCATTAAGCCTAG,1367
AAAGCCCTTAGTGGCT,1366
AACCGTTGTAATGGTC,1366
AAGTTAGAAAAAGCAT,1366
ACTGCTAGATACAAAA,1366
ACTGGAATATCACTTG,1366
AGGCTTTGATGAGCAA,1366
ATAAATGCCTAGATCA,1366
CATTACGCTTACACTA,1366
CTTCCTTTAGTCCCGG,1366
TAACCATGTGTGAGAC,1366
TAATGGAGAACTGTGG,1366
TACATTATTAGAAAGG,1366
TCAAAAGCAAGAAACA,1366
TTAATATACGTATGCT,1366
AAAACATTATACTAAT,1365
AAAATAGAAGAAGAAT,1365
AACGGCTCAGTGGCCG,1365
ACCGACTTTCGCAACC,1365
AGAGCACAATCGAAGC,1365
AGTCAGTCTAAGTTAA,1365
AGTGGCGAAATGGCCT,1365
CTTTCAACAAGACAGT,1365
TAACCATGCCATAGCG,1365
TCCGCAAGGAATGAAA,1365
AAGAAGGCGGTCTTGG,1364
AATATATAATGGTCCT,1364
ACCACCGGAAACAGAC,1364
ACTCAAGAAATACAAA,1364
AGCCATGCAGCTTTCT,1364
CCACACGAAAGTCTGA,1364
CGAGCAATTCCATTAC,1364
GAAGCTAGGAACATCT,1364
GATCATTGCAAAACAC,1364
GTCCCAACGTGTGCGA,1364
GTTTGGAATTCTTACA,1364
TTAACAAGCAAATCAA,1364
AAAAGTGCCGACTGAG,1363
AGAGGTGCCCATAAGC,1363
ATAATTAGTACAAATT,1363
ATGCTCTGTCATAATA,1363
CTATTTGATCGGAGAA,1363
GAAAGACAGAATCAAA,1363
GATAGTTTAAAGGACG,1363
TATAGAGCAGACCCTT,1363
TCAAATCCCCGAAGGC,1363
TCATATCCTAAACACG,1363
AAACAGGCCACCTCAT,1362
ACATTTAAACAAAAAA,1362
ACGCGAAAAACGTACA,1362
AGGAATCCAATGCCGA,1362
ATATCCGCCCAGGCTA,1362
ATCCCATATAATGTCC,1362
ATGACCGTAGGAATTA,1362
CACAGTATGCACAATC,1362
CACTCGAAGTTAATAC,1362
CGTTGCAATGCGGTAC,1362
CTCCCTACTTGGGCAT,1362
TGACGCCCTTCTATGT,1362
TGGAAACAGAGTGGCA,1362
TTACACGTTCTGACGG,1362
TTCTATGTGGCGCATA,1362
ACCGTCCTACGAACTA,1361
ATTAGTAAAACTGCAT,1361
ATTTCGCAGCCAAAAG,1361
CCGAACTCACTACTCC,1361
CGATTACATAACTATA,1361
CTGGCTAACGTAGGGG,1361
GCAAATCACAATTAAA,1361
GGGGATACGATATCAA,1361
TGGATATGCGAAGCTC,1361
TGTTAGCATCTAGTCA,1361
AAAGCAAAATCTGCCT,1360
AACTACCCTTGTAGGA,1360
ATAGAACAATCCATAA,1360
ATCATACGAGACGCTA,1360
GACCTCTGCTTAAGCT,1360
GTCGAATAGACTAAAG,1360
AAAAGTTTTTTACCAT,1359
ACCAGGACGAGCTAAA,1359
ACCCAACGCTAGAAAT,1359
ACTACATTTTTGAAAC,1359
AGATATAAATCCTAAA,1359
ATATGGGACTTTAAAG,1359
CCAATAAGGCTGACGC,1359
CCGACGAACTATGACT,1359
CGTCGGCCTGATTCAA,1359
CTAATCAAGTCGCGAT,1359
GAATTAACCACTGCAC,1359
GCCTGGCAAATGGATC,1359
TCGGGAGAAAGTTAAC,1359
TTGCTTGGACACTGTA,1359
AACTGAAGAGCTGTCG,1358
AAGTTCAGGTTCCTTA,1358
ATAAATTCTAAAAGCT,1358
ATGAAGTCTTCTTGTA,1358
CAAAAATAGTAGGTCA,1358
CACATATTCTTCTGCA,1358
CCAAACTAAGGCAAGC,1358
CTATCTTCGATTGTAC,1358
CTTAGAGATAGCAACT,1358
GCAAGCCAACAAAATA,1358
GGTGACATTGCCGTAT,1358
TCGATCACGAGAATAA,1358
TGCTTAATGAAGCGAC,1358
AAACAACAGAATCACA,1357
AATAAAGAGCAGCGTT,1357
ACAGGTAATAAAAGCC,1357
ACGAATAACAAGCCCA,1357
ACGGCATCCATGCTTT,1357
AGTGTGAATCAAAATT,1357
ATGGTGTGCGAATCAA,1357
CAAAGGGAGTTACGCG,1357
CAGATATATGCAGTGT,1357
CATTAAAAGCACTCGA,1357
GAAAAGCCCAGCAGTG,1357
GATCGCGGACGATCAA,1357
GCATGGAGCATAAAAA,1357
GCCAACACCGTAAACT,1357
GCTTGTTGTGTCAGAT,1357
TAAAAATGTCATCACA,1357
TATCGAACTATGGTAC,1357
TCTTCAAAGAGGCCGT,1357
TTAACACGGTGTTAAG,1357
TTAAGATTGTATACCA,1357
AAAACCCCTATGTTGT,1356
ACCCGCGGCCATCCCG,1356
ATAAAGCACTAAACTG,1356
ATCGGAAAAGCGAGAA,1356
ATGCATAACGTAGACA,1356
CCACTCGGAACCCACG,1356
CCCATCGATATAAATC,1356
CGGTTAGTGCACATAC,1356
GGATTGCCATGCAATT,1356
GTAAAAAAACACGTAA,1356
TCAAAACCCCGACTCT,1356
AATGCTTAGTAAATAA,1355
ACAAAACTCAAACAGA,1355
AGAAGTCCAACAACAA,1355
ATCAGATTCAGGAGTT,1355
CCCATAATAGTAAGTG,1355
CCCCAAGAACATTCCC,1355
CCTATTGAAGACAGGT,1355
CTGAGTTCCTCTTAAT,1355
GACAGTATCCTAAGAG,1355
GTCATTTCTGCGTGAT,1355
TAAACGCATTAGGGAA,1355
TAATAAGACCTACCCC,1355
TAATCATAGTTAATTT,1355
TACAATCCCGATGGAC,1355
TCCGCACTAAACGGAT,1355
TCCTAATGATCGAGAC,1355
TGGAGTACTCCCTCTA,1355
AAAATTACTAAAACTG,1354
AACGACTCTCTGTATG,1354
ACAAGAGTTTAATTTA,1354
ACCATATTGACCTGGC,1354
ACGGCAAATCTAAGAA,1354
ACTTACAATAAAAGGG,1354
AGCGACTAACAGCATA,1354
ATCGGAGACAAACAAA,1354
CAATTTGTACTACAAC,1354
CACCCGGGAGGGTGAA,1354
CCCCCAGATTAAATTG,1354
GAAGCAGGGGATAATA,1354
GGATTCCCCATAAAGA,1354
GGCAAGGGATGCTCCC,1354
GGGGGTCATTAAGTAT,1354
GGGGTAGTACCGCCAC,1354
TATTGCCATACATTAG,1354
TCCCTGCCCTGTTCCA,1354
TGACGATTCGAGAGAA,1354
TGGAAACAGACCTATT,1354
TGGCACAATAATAGAC,1354
AAAGACTAATGTCATG,1353
AGGATGAGCTACGCTC,1353
AGGCCTAAATCGAACC,1353
ATGAGTTCTTTAATGG,1353
CGAGGGACACATACAT,1353
CTATAGGCAGATGGTG,1353
TATACATATCCCCCTT,1353
TGTTATTGAGGTTTAA,1353
AAATCATACTCATACA,1352
AACAACGATAACTCAG,1352
AACCTCAAACGCCCAA,1352
AACTGGGAACCACCAG,1352
ACAAACACTTAGAGGC,1352
AGAAACAAAACCATAG,1352
AGAAACAACTTGATGA,1352
ATCGTGATACTAGCTA,1352
CAAAAAGGTTTTGAAC,1352
CACTCAATTATGCCAG,1352
CGTAGCTCAGGGTTTT,1352
GGTCAACACTAAATAT,1352
GTATCATGATGAAGTC,1352
GTGCCCCAGTTAACGT,1352
TAAGGTGGGACAAAAA,1352
TAATGATCTAACACCT,1352
TACAGTTCCGTGGCCG,1352
TGCGCATATACTAAAG,1352
AACTATTAATGTCTCC,1351
ACTTACTTACACAAGT,1351
CCTGATAAAACGAATC,1351
CGATCGCTTATGGAGT,1351
CGGCATGGTCTAAAAC,1351
CTAACCCCTAGTAGTA,1351
CTATTTTTAAAACCAA,1351
GCTAAACGGAACCCTA,1351
TAAGGGCTTTAATTGT,1351
TGAGACCGGAATGAGA,1351
TGTAGGTACAGCAGTT,1351
TTAGATAAACACAACA,1351
TTTATAATAATACCGA,1351
ACAAGGATTGATTTCC,1350
ACGCGTAAGAATCCGC,1350
AGATATGAATTAGTCT,1350
AGGACGAAAGATAGCC,1350
ATAAATCGTCATAATT,1350
ATCGAAGTAGCCGTAG,1350
CACACTTCACCAAGAA,1350
CCACGGAATTACTAAA,1350
CGTAAACATTCAATAT,1350
GCACATGATAAATTTC,1350
GCAGGGTCAACCAACG,1350
GTGATAATATATACAT,1350
TAGAGGGAAGACCATA,1350
TGAGATGGGGAATCTA,1350
TGATAATACTTAAGAA,1350
TTTAATTCTAATTTTA,1350
TTTCACTACTATTAAC,1350
AAAAATCCGGACGACA,1349
AACCGTGAGTTCAGCG,1349
AATTAGCGAACCAAAC,1349
AGTCATATGGAACATG,1349
AGTGTCGAACAAAAAA,1349
ATATGGAGTCTTTATG,1349
CCACATTTGTTGACGG,1349
CCGCTGTAAACCGCAC,1349
GAAACAACACAACATG,1349
GATTCGCTGGGCGTTT,1349
TAACTTACACTCAATA,1349
TAGACAAACAAAGATG,1349
TGGATTCGATATAGTC,1349
TGGGCACATAAGCAAA,1349
TTCCGCTGATAAGGTA,1349
TTCTTTGTGTATCCTA,1349
AATGCACAAGTCAATA,1348
AGTATCCTTTCTATTC,1348
CGACTTGATGTATAAG,1348
CGTACCTAAATAAACG,1348
GAATTACGTGAAGATT,1348
GTAACCTTTAGAAAAG,1348
TCCCCACAATCCCAAT,1348
TTGTCGAGACTACCAG,1348
AAAGCACCCGGTTAAT,1347
AAGCATTACAACCGTA,1347
AAGTCTAACCCAATAG,1347
AATGCATAATCCTGTG,1347
ACAAGCTACAGCCCAT,1347
ACCATAAGATCGAAGT,1347
ACGGCAAGTTAAGCAA,1347
ATAAATACCAGAAAAG,1347
ATGAGCCAATAAAAGT,1347
CCCGATGACGCTTCAA,1347
CTAGAAGTAGACAGCC,1347
GAAAGAACTATCAGAG,1347
GCAACAAGAAAAGATT,1347
GGCCAACACGGGTGGT,1347
TCTCGGGTACCGAGGC,1347
TTAGATAGTCCTAACA,1347
TTCTACGCATAATCAT,1347
TTGAGGTAGCTTCTGT,1347
AAAACGCAAATAATCA,1346
AAAGATATTCCGGCCG,1346
AATCAAAAGTTAAACA,1346
ACATCTACTCCTTAAT,1346
ACGCATGTCAAATTTT,1346
ACTTTGACTCCAGGCA,1346
AGACTAACACTTATGA,1346
ATCTCTATATATGGAG,1346
CTTCTGATGTAACGAA,1346
GCGGAGCCGATATAAA,1346
GTCATCTAGTCTGCCT,1346
TAAGAAGATCTGCATC,1346
TACCACAAGCATCGAC,1346
TACTTACTGCAAATAA,1346
TATAATCTTAATGAGA,1346
TGAAACAACTGGTCTG,1346
AAAGTATTAAAAGTAC,1345
AAAGTGAAGGATTTCC,1345
ATTTCTCGTGTCAACA,1345
CATGACATCACTATTA,1345
CCCTTTCAGGCCCAAA,1345
CTAAACGACGAGTAAT,1345
CTCATCTAAAAGTAGA,1345
CTTTTAAAGCCTAGAA,1345
GGCTAATAAAAGAAAT,1345
GTTATTAAAATAACAA,1345
TAACAACTAATAGGCA,1345
TACGGTAATCTCAAGG,1345
TTCACTAAATATGCAG,1345
AAACTCCAGTATAAAA,1344
AACTGATAGAGTGACC,1344
AAGGGGCTATTATCTA,1344
ACGGTAAATATCTATG,1344
AGCGAGCCCGGATAAT,1344
CAATTAGAATACCACT,1344
CCGGGGCACCAAATTA,1344
CGAGATTAAATAATCC,1344
CGCCAATAGTTAGATA,1344
CTGAGCGTGAAGCACT,1344
GAGTAAACTCAGCTAC,1344
GGGATGGCCTAATTGG,1344
TACGCTGCGGCTGAAC,1344
TGACATCGCGTCTACA,1344
TGGAGCTCTCTCATCA,1344
AAAGATGCATCTACAC,1343
AAATTATTAGACTTCC,1343
ATATACCGGTATAATG,1343
ATGTAGATCTCTATGG,1343
CAGTACCCTGCAATCG,1343
CTGCCGCTAAATATCC,1343
GAATAGTCTAAGTAAT,1343
GATCTCCATATAGGGC,1343
AAGAGATTAGCCTCAA,1342
AATAATTCCAGATACC,1342
ACAGAGATAAATACAA,1342
ACATAAACGGTCGAAA,1342
ATTCACAGACGATTGG,1342
CAGGTTACCCCTTAAA,1342
GCTCAATGTAATCAGT,1342
GGAATGGACTTAGTAT,1342
GGTAAATGGCATGACT,1342
TATAATACAAGCACCT,1342
AACAAACAGATCTTAA,1341
AATAAAGGAGAACGTG,1341
ACATGCCTATAGAACA,1341
ATGCCATTACTGATTT,1341
CGGTACTTGATCTCTA,1341
CTGCAGAATGGGTATT,1341
GTATTAACTACTATGA,1341
TACCGATTCCCAGTAG,1341
TGACCAGATACGGGCT,1341
TGAGGTCGTCAGCATG,1341
TGTTAGGTAAATCAGA,1341
TTCCTACTGTCAATAC,1341
AAACCCTAATACCGTC,1340
AAATCAGTCAACCTTC,1340
AAGTCTGACTGACGGA,1340
AATTTAGGAATGCAAC,1340
ATGGATATGGTCTTTT,1340
GGAATAACACTTAACA,1340
TAGAAACAACCCCGGC,1340
TCCTAGAAAACACCAC,1340
AAAAAGAACGACGTAG,1339
AGCAACAGGAGCTGTG,1339
AGCACCAACGAAATAG,1339
ATCAAAAAATGGGATT,1339
CACATTAATTTGGACG,1339
CCCAGCTTAGTAGTCC,1339
CCTACTGTCAAACATA,1339
CCTGGACCTGATGAAC,1339
CCTTTAGATCCTCTAA,1339
GAGATGTTGCCTCCAG,1339
GATAACCACTGGTAAC,1339
GCACATAAATACGAAA,1339
GCGGGCGGTCTTCACC,1339
TCACACACAATCGACT,1339
TTGGCGCGGCCATGGA,1339
AAAACGATCCTTTCAA,1338
AAGAAGACAGAAATTA,1338
ATATCAGTATACTAAA,1338
CGCTTATTTATAAATT,1338
TCTGGACCGATACCAC,1338
AACAACGCCAAGCAGG,1337
ACATTAAAAAGAGTAT,1337
ATAGACATAAGGCCTT,1337
ATTATATGGACGAATA,1337
CTAAACTCTATGAAGT,1337
CTAAAGGTTGAGTCAA,1337
GAACCAATCTCCTCTC,1337
GCAGTCTCATTCAAAC,1337
GGACATAAGAATAAAG,1337
TTAATAGTACCCACGG,1337
TTAATCATTAATGGAC,1337
TTCCATTATGATGTAG,1337
TTTCCCGTTACCATCT,1337
AAAACATAGGACCTAT,1336
AAAATAAGTTCAGAAT,1336
AAGTTCCCTTGCCGGT,1336
ACAAGGGTAGTAACAA,1336
AGACAAGTATAAAACA,1336
AGTGGACATTGGACTC,1336
CAATCAGTTTACGAAT,1336
CGTCATATACGTGGAT,1336
CTTCGCCAAAATGCGG,1336
GAAAGCAACCCAAGCG,1336
GGTTTGTCCACAGTGC,1336
TAAGGAAAAACAAACG,1336
AAACTACCACCCACAT,1335
AAATATAATTTTGACT,1335
AACACATACGAAACCT,1335
ACTCTCTTATCGAGCC,1335
AGAAAGCCGTTAAATA,1335
AGAGAATTAGCACAGA,1335
AGGAATGGTTTAGGCT,1335
ATACTTATACGCGTAA,1335
ATAGTCGGTTGTTAAA,1335
CACCTTTATACAACCT,1335
CCAAGAGGACTGATCT,1335
GCAAAGGAATAACATA,1335
GCATCAAAAAAAATTA,1335
GGGCTATATTACGGAC,1335
GGTGGTCCAACCACAA,1335
GTATATAAAGAGCTAA,1335
GTATTAAAGCTAATAC,1335
TTGGTCGTACTCCTGA,1335
AATTACGATCCAACAT,1334
ACCCCCGGAAAAAACC,1334
ACCCCTGTTACATTAA,1334
ATACCGTCGTGCGATA,1334
ATCAGCCTAAAATCGG,1334
CCCCAAGCTTATAAAG,1334
GAAAATTAGCAAAAGT,1334
GAATCGGACACAAGAT,1334
GAATGCTAAAATAGTA,1334
GCCTATGCTTTAAGCA,1334
GTAACCCACACTCGCC,1334
GTATCCTATCTAGACG,1334
GTTGCTAATATCACTG,1334
TAATTAAGAAAACAAA,1334
TACAGGAGAACTTCAA,1334
TCCCGCAGCTAATTAG,1334
TCGCCTCCCATCACAC,1334
AAACCAATCACAACGA,1333
AACCTTATCGTGTAAA,1333
AGAAAGGATTGACCGA,1333
AGATTAACCCTATTCT,1333
AGCTAGCGAACGACAT,1333
AGCTATTCGGATAGTT,1333
ATGGTTCGGTAAAGCG,1333
ATGTATCAAGTACATG,1333
ATTGAATATATATACC,1333
CAAGCGCTAACATGTT,1333
CTAAACCCCTGCAACA,1333
CTAAGTTGAATCCGAT,1333
CTTATGGCACTGCTGT,1333
GAGGTTTAATTAGACT,1333
GGCCCAGAATTATGCC,1333
TACTAATAAGATCACA,1333
TCCAAAGAATAGATGA,1333
TCCTCCAAATGCATGA,1333
TCGGTTCATTGCACAT,1333
TTACGAGTTCAGGATC,1333
TTCAAATCTTTACACC,1333
TTCGTAAAAGGGCACA,1333
TTGACAAAATATTACA,1333
AAAATACTCGAGGAAC,1332
AATACTGAGAACTTTA,1332
CAGGTACCTAAAGATT,1332
CGAAAACATCCATTTG,1332
CGTCAGCTAATCCACT,1332
CTATTCGAAACACTAA,1332
CTGTCTTATAGCCGAT,1332
CTTGGCAAAAATACCG,1332
GGACACAATAATCAAC,1332
TAATTCACTTTCGGAA,1332
TGAATGCACATATCCA,1332
TTGCACGATTAAAATA,1332
AAAAAACAATTGCACA,1331
ACAATACCGTCCACTA,1331
ACATACGCAAGTTAAT,1331
ACTCACAAGACTAAAC,1331
AGAAGCGTAGAGAGTA,1331
AGAGGACAACTTTAAC,1331
ATTATGGGATCACCAA,1331
ATTGAAAACCCTAGGG,1331
CAATTTGCCTATGGGG,1331
CATCTGTATAATTGTC,1331
CTAGTCATTGAATCAT,1331
GTGCATGTTAATTGAT,1331
TACGATGCCCGAAAAA,1331
TATTATGTAATGATAT,1331
TGAAAGCATAGCAAGT,1331
TGACACGTTCTGTCAC,1331
AAAAAGAATGTATGAT,1330
AATGAACCTGTCCGGG,1330
AGAATCAATTCAAGCA,1330
ATACTAACCTTTTCCC,1330
CACATTCACTGTAATT,1330
CACCTAAGATTAACTT,1330
CAGTATGTTCGTACGG,1330
CCGACATGTGGAAGAG,1330
CTAAAAAAAAACAAAC,1330
GCGTAATTACATGAGC,1330
GTCTTGCGATAACTGA,1330
TACATCTAGGTATGCG,1330
TGTTTTAGACTCTACC,1330
AAACAAATCAGATAAC,1329
AAAGTGCCTGAGGAGC,1329
AACTATGTCAGAACAT,1329
ATATCGATAATGACTA,1329
CATTCTAAGACATCGG,1329
CCCCGCACTAGCCGTG,1329
CTCGACTGCACACAAA,1329
CTTAATTGTAGTAGTA,1329
GAAATAACAAGTGGAC,1329
GATAGTCGTAACACAT,1329
TAAAAGCAGACGCTAT,1329
TAATAGTATAAAGTTC,1329
TGAGCCCATGCTATTA,1329
AAAATCGCGATATCTC,1328
ACATTTCGGTCACCAG,1328
ACGTTCGAACATAGAA,1328
AGTAGAAAGTAATTGA,1328
CACGAACGACGCTCAG,1328
CCGGATTACGAATGAT,1328
CTATAACCTTAGACAG,1328
GACTTAAACGTTATGT,1328
GATCTATGGCATCATA,1328
GTATGTGAGTACAAAA,1328
TATGTATATTTACTGG,1328
TCACCTCGCCTTGCGA,1328
TTTATGCTAAAAAAGG,1328
TTTGAAAGAATCGGGC,1328
AAAATACACATCCTAT,1327
AATGAAGAAATACCAG,1327
AGCAGAATGGGTGTAA,1327
ATCACACTGAAGGCTG,1327
CAACTCCCTACAGCGT,1327
CATATATTTCAAATAT,1327
CCTAGAATCTAGTCGA,1327
CGACAGTGTAGTTAAA,1327
GACGTTCATAATTCCC,1327
GAGACGGCATACCAAC,1327
GGAGGACAAACCAATA,1327
GGGGGCTGCCTCGCGC,1327
TAGGTTAGCGATTCAT,1327
TATCGGAAAACTGGGT,1327
TCGATGAGTCGAAAGG,1327
TCTAACACTGACTTAC,1327
TTTCCTTTTACAGTTC,1327
TTTTAGATACCGAAAT,1327
AACGATTAAAATCATT,1326
AAGCGAGCAAAATCAT,1326
AGATTTCGTAATATAC,1326
AGCAACCCGAGGAAAC,1326
AGTTCGATCCATTCTA,1326
CACCAAAGTACCTTAC,1326
CTAAGCAGAGAGGTAG,1326
CTTTCCCATCTTAGAA,1326
GCAAGAACAGTTAAAA,1326
GCACCAACCAAAAAGA,1326
GCACGTTCCTTTCAGG,1326
GCGTGTATTTATGGAA,1326
GGAATACAAAAACATA,1326
TAATAAAAAAGGGGGC,1326
TCAATTATTAGATCCA,1326
TTTTAGACGTAAACTA,1326
AAATTAGTTAATTTCG,1325
AACACTGATATACGTA,1325
AACCCACTAATGTAAT,1325
AATGTAACAATGGATT,1325
ACAAATGTATCTCCCT,1325
ACTCGACTCAAACCAT,1325
AGCCTTTAGATTAGTA,1325
AGGAATTCATTCAGTA,1325
AGGCAGCATAGTAGAA,1325
AGTCCGCCATAATGGC,1325
CTAGAGTGCTATACAG,1325
GAAACTTATCTAATTA,1325
GGCCTGGATCACGCAT,1325
TACCGCTAAGTGACTG,1325
TATAACTGAAGAGTCT,1325
TCCAGCCCACTAATAG,1325
ACTTACCGACCATGAC,1324
AGGGTCATAAAATCCA,1324
ATGGATTCTAATTCTT,1324
CCGCAGATAATTCATT,1324
CCTAAGGAGGTGAAAA,1324
CCTAATGCTCTTATTA,1324
CGACCAGCTGGTTGTA,1324
CTATAAGCTGGAAAGC,1324
CTGCCAACAAATACCC,1324
CTTAGGAAACATACGA,1324
GCATACGTACTAACCA,1324
GCGATAGAAAACATAA,1324
GGAAAAACCTAAAGCA,1324
GGAAACAGACCCATTA,1324
GGCGACACCTCAATGA,1324
GTGAAGTATTATACGA,1324
TGTGGACAAGTTAACG,1324
TTAACCAAATCATAAG,1324
AAAACACTGTATTACT,1323
AAACACAACCACTTCA,1323
AAAGCTGTCATTTTAA,1323
AACGTACTTCAATTCC,1323
AAGAAGCTCACAACAA,1323
AATGTAATTACAGTCT,1323
AATTGAAGTGAATTAA,1323
ATGATCCAGCTCAGTG,1323
CCCCGTTTAACATCAA,1323
CCTCGAGACCTCTACA,1323
CGTTCATCCTTATGGA,1323
CTAGGTTGGCACGAAT,1323
CTGTCATGAGTAAAAA,1323
GACATTAATTCTAGCC,1323
GGCTCGTATACCTGGA,1323
GGTTGAAACGTCAGGC,1323
AAGGTGACTTATCCCA,1322
ATAAAAAACCAGACCA,1322
ATAGCCCCAGATCAAA,1322
ATATCCTAAAACCAAC,1322
ATGAACAATCATGCCT,1322
CATACGGCAGACAATT,1322
GACGCGAGCATAACCC,1322
GCCCCCACACCACTGA,1322
GGTTGATACCCCCTGT,1322
TAACGACCTCAGCATA,1322
TAAGATCCAAAAAATT,1322
TAGCAATAAAAAGAGT,1322
TATTATATCAATAATA,1322
TGTCTCCTCTCACGCC,1322
TTCATCTTATATACAA,1322
ACCGCTGTTGCAAGGA,1321
AGACGAAATTATAATA,1321
ATACGAACACAAGAGC,1321
ATATCAACCTTTAAGG,1321
CAAAATGCAAGTGGTC,1321
CATGCGCATACAATCA,1321
CGAAATCGTAAAAAAA,1321
CGACAACCGTCGGCGT,1321
CGCTGCTAATCATTCA,1321
CTCATAAACTACTGCC,1321
CTCCGGAGGTAGTCCG,1321
CTCTGTATTAGCAAAT,1321
GCTCGATATAGGCCAC,1321
TAGCATAAAACAATTC,1321
TTCAGTTAGATAAGTA,1321
AAGATCAGGTCGTTTG,1320
AATACGGAAAACTCAT,1320
ACACCCGGACCAGATC,1320
ACCACACATCTTCTGC,1320
ACGCCGATGGTGCGGG,1320
AGATCGCAAGAGATTT,1320
AGTATAACGAAAACAC,1320
ATAGGAACAAGTATTA,1320
CAACCACATAAAAAGT,1320
CACCTATAAATCTAAA,1320
CAGACCTAGTCTTCCA,1320
CGAGATGAAGTCAGTC,1320
CTGGTTGAATTGACCG,1320
GAAAAAGACCCCAACA,1320
GACAGGTAAATTTCCT,1320
GAGAGTAGCATTGCAG,1320
GGGGTCTCGAAAAGAT,1320
TCACAGTCTAACTTAA,1320
AACACCCTTACTTTGG,1319
ACTTCTCAGTTCCTAA,1319
ATTACCGCTTTCATTA,1319
CACATAACTCTTCCGC,1319
CAGATTGACAGACTTC,1319
CATATCAATGACTGAC,1319
CCTAGCCAATTCCTGC,1319
CCTCTACTGACACTGG,1319
CCTTTAATAGACTATC,1319
CGGTAACATTTATTTA,1319
GAACGTACAAATCGAG,1319
GCACACCGCTTATACG,1319
GGATCTGATAAATTTC,1319
TAACAAGGTGATAGTA,1319
TCTTCCCCAATGTCCG,1319
TGAACAAACATGCGAC,1319
AAATGCTAAATAACTT,1318
ACCGGGGGACACGGAA,1318
ACTCTTAATATTGAAC,1318
AGCCAAGCGCTTATTA,1318
ATCTAGAAGCACCGAA,1318
ATGAACTCACGCCCAA,1318
ATTTATACAAATGAAT,1318
CACAGTTTAGTGTCCA,1318
CCCTAACGGCTGGTTA,1318
CCTTATTTTATAGTAG,1318
CTGGGCCAGACTGTTG,1318
GCAAAAAAGCACAAAG,1318
TAATCCGGCCGTCATA,1318
TCTCCCTCAAACTTAA,1318
TGAAAAATTTTCCGCA,1318
AAAAATTAAACTAAAT,1317
AATTAGTATTGGAGGC,1317
ACAACTTGCCCTAATA,1317
CCAAAACCCTCAGACT,1317
CCAATGAAAACCGATA,1317
CCATCTAGCCCGCCAT,1317
CTTGTTCACGACATCA,1317
GCCGAACAGATTGACC,1317
GGGGACTGGCAAAATG,1317
GTACCTTGGAATATAT,1317
TAAAAGGTACTGCAAG,1317
AATCTGGAACAGTAAA,1316
AATTATTAAAATGTGC,1316
ACATACTACAAATCCT,1316
AGAAATCATGGCAGAC,1316
ATTAATGGTTCTCGGT,1316
CAAGTGATATCCAAAA,1316
CACATGGAACAACCTT,1316
CACCCGTTCCAAGGCA,1316
CACGAATTTACTTAAA,1316
CATAGCTTACTTGCCA,1316
CCACCGTATGAAAATA,1316
CTAACATTCATACACT,1316
TAAAAATTACCGTTCA,1316
TACGAGAAAGGTACTA,1316
TACTCCAAGAAATTGT,1316
TAGCAATACCCCCACC,1316
TCACACACTTGATTGA,1316
TTATTATTTGCTACTG,1316
ATCAAAAGACCATGGG,1315
CAACGAAAAGTACTGG,1315
CCGCAATAGTTTGCAA,1315
CTAACATGAAATATCA,1315
CTCCTTGTTATCACCC,1315
GCAGTACTTGACTATA,1315
GTCTTAACAATACCCA,1315
TAGAAAAAAACAAAGA,1315
TCTGCACAAGCCAGTC,1315
TGCAGCAATGAAAGTA,1315
ACTGAAGCTAGTATAT,1314
AGCGCCACCTTAAAGC,1314
ATCCTCCTTAGCCTCC,1314
ATCTTCTTCTAGACAC,1314
ATTACGATAACCTCTT,1314
GCAAGGACACCTATGT,1314
GCTGAGTGTTTTGCCC,1314
GCTTTAGGGGCTTGTA,1314
TGATCGTATGATCCAA,1314
AAGGAAGTCCAAACCC,1313
ACGGACCATTGGACCA,1313
AGAGTCAATCGATCTT,1313
CACAAATCCTTAGTTA,1313
CCAGTCGACAGATAAT,1313
CGCTCCCGGCAATTGA,1313
GAGACGCCTCACATGA,1313
GAGAGGCTTATACCCA,1313
GCTACATATATTTACC,1313
GTATAAGAGCGTACTC,1313
TAAATTGGGATGAAAG,1313
TAGTCAAAAGTGAGAT,1313
TCAATAAACTCTGGGG,1313
TCGCAACACGTTCCAA,1313
TGCCGCCCCATCAACT,1313
TTAGTAAACTGATCTG,1313
TTAGTCCACCCTTTTA,1313
TTGGAATTATACCGAT,1313
AACAAAAAGCCAAATA,1312
ATACAGCTATTTAAAA,1312
ATGTCCGTTAAAGTTA,1312
CATTTGTGTTTACTCA,1312
GCGCAACACCAATGAT,1312
GTATAATATGACTCAG,1312
TCCCATACCATCCTAG,1312
TCGTCTGTATAGGTAC,1312
TGAGTGCAAAGTGATT,1312
TTGACTTTTGACGAAA,1312
AATCAAATGACATTTT,1311
AGATACATATTTATAA,1311
AGATTGATTGCAATGA,1311
AGTAACACGATTTTTT,1311
ATAGTGATATAAAATA,1311
ATGATCGTACAATTTG,1311
CAATGGGCTACATTGC,1311
CACGAATACGAGCAAA,1311
CCACAGTTAACCAAAC,1311
CGCCCGCACGCACTGG,1311
CTTAGCGGTACATGGA,1311
GTATGTGACATAAAAT,1311
GTCCCGTTGTCAGCAA,1311
TAAGTTAATTATTCTT,1311
TACAACCAGCGGAAAC,1311
TATGGCGAAAAGTGTT,1311
TGTTGGCACGTGTTCA,1311
TTACTAAGACTAGTGC,1311
AAGAGTAAACATATGA,1310
AATTAACAATTATAAG,1310
AGAGCACAAATCACAC,1310
CATGGGCATTAAATAT,1310
GAAATTACTAAAAAAT,1310
GTAAACCTTGTTCACG,1310
GTTTACTATTTGCCTC,1310
TCTTGGCCCGCACACA,1310
TGAGCGTTAGACTACG,1310
AACCATATCGTGCTAA,1309
AATCTAGAGCTACAAC,1309
ACCTACGTAATCCAGT,1309
AGGATATATGAGCTGT,1309
ATATATCAGAAGTCAC,1309
ATCTCGCAAACTCTTC,1309
CGCTCGGGCGCCACCC,1309
GCAATAGGAAGGACGG,1309
GTCATGTACATTTACC,1309
TAAAACTGGTTCTGCC,1309
TCAGTCTTAATTCTCA,1309
TTCTAAGAAGCCTCAT,1309
AATGTTGACTTCAAGA,1308
ACCATCTCTAGGAAAC,1308
AGCAACTGTACATAAT,1308
AGCAGTAAAGCAACCT,1308
ATAGAAAGATACGTGT,1308
CAAACGGTAAACCCGA,1308
CCAATGAAATTCTCCA,1308
CCTCCCAAAATTAACA,1308
GTAAATCACCACATCT,1308
TAAATATCCATAAATT,1308
TACCTGGAAGAACGTT,1308
TGTCATCACCACAGTT,1308
AACGAGGTAGACCACA,1307
AGAGCGCAAGCTAACC,1307
AGTTCTTCAGCCTGAT,1307
CAACAGAGAGTGATCC,1307
CACATCCGAAATTGTT,1307
CACTGCCATTTGATAA,1307
CAGAAAGTAAATGGAA,1307
CCAACTTGAAGATACA,1307
CCAATGAAGAGAAATT,1307
CTCAAAGTTACATTAA,1307
CTGGATCATATTTCTT,1307
CTTCACAAAAGAGATG,1307
GAACGCAATTCAATAT,1307
GATGTAAAAACGTTTG,1307
GCCCATAAACGTCGCA,1307
TCTAAAACTATTCTCA,1307
AAGTGAATCTATTGGT,1306
ACAATAATATAGCCCC,1306
ACGAAGTACTTAAGCG,1306
ACGATACCATCATATG,1306
AGTTCAGCTTACGGGC,1306
ATGGGATAAAATGTGA,1306
GCAATAAGACCCCCAT,1306
GCGTGTATAATAGTAA,1306
TAGAAATAAAATCATC,1306
TTAAACAGTCCTCCCT,1306
AAGATGACTAACTAAT,1305
AATAATCGGAACTCAA,1305
AGAACATCCTCCACAC,1305
ATAGTAAATAAACACT,1305
ATGCAATCCTTCCGTT,1305
ATTAAGACAGCATTGT,1305
CAAGAACCAACTGCCA,1305
CCAAGTACACCCGTAT,1305
GCAGTATCGAACTAAT,1305
TACGGATTGTACCCGT,1305
TAGAAGTCCGTATCAG,1305
TGTAGCTTGGCAGAAA,1305
AAACATGACAAACGAG,1304
AAATGAAATTCCCGCA,1304
AAGACAAAGTTCAGAA,1304
AATCAACACAGAAACC,1304
AGGGGATATTGCTAGG,1304
ATGCAACCCCTATAGC,1304
CAATACTGATATGAAT,1304
CAGACAAGACTATAAA,1304
CATTCACAAACGTTTT,1304
CGAATCTTCAATTTTT,1304
CGCATGTCATTGGCTG,1304
CGGGCAAAAACCCTTC,1304
GACATTAAACCCACTA,1304
GGATACTCGGTATTTT,1304
GTACGAGACCCCAATG,1304
TAACCCACGAATAAGT,1304
TTTTGTACCGATTATC,1304
AAAGCGAAACTTCTAT,1303
AATTTACTCATCTCGT,1303
ACGACCGCACAAATAT,1303
CACACACAGAATAAGA,1303
GACTCATCATACTGAT,1303
GCACACCCCTGCAAAA,1303
TAACTACCATGCAATA,1303
TACACATAAGATGCTT,1303
TACCATCAGCTTTCCA,1303
TAGGTATGAAATTCCC,1303
TGCTGTTAAACACACG,1303
TGGCTATACAATATTT,1303
AAAAATCCAATGTATA,1302
AAAATAACGTCCTAGA,1302
AACACAATGCTAACTG,1302
ACCCCGTTTGGGTAAA,1302
ACCTGAACCTTCAGCC,1302
AGGGCAGACTTCTTGT,1302
AGTTAGTGGCATCGGA,1302
CCGTATACCTAGAAAA,1302
GAAACCTAACTAGCAT,1302
GAGATGCCCATCGCGT,1302
TCGACGAATGTGGTGA,1302
TTTTGAACGAATGACT,1302
AAACAAAATTCCAGAC,1301
AAAGAACGAGTCCCAA,1301
AAATTGCATTGTGAGG,1301
AACAAGTGCCACCACA,1301
ATATAAGACTATGAAC,1301
CACATCAATTATCTTT,1301
CCACACTAATCATCGA,1301
CCTGACATATATAAAA,1301
CGGGAGGCCCTTACCC,1301
CGTCCAATTATCGTAC,1301
CTGGCAAAATGTGAGA,1301
GTCAACTCACGTTACC,1301
GTGCGACGTAGAAACC,1301
TAGAACTATGAATCTT,1301
TTGAGTTTACATTCAT,1301
AAAGATAAAAGCCATT,1300
AAAGGAAATAGAAAAT,1300
AACACAGTTGATCGTA,1300
ACACGGAACCGTCTTC,1300
ACTCAGCACATAATAA,1300
CACACATGGACTAATA,1300
CATCTACAACCTCCGA,1300
CTAACTCTAAAAGACA,1300
GAGGCAGTTAATGTGA,1300
GCTCCGCATAAACCCC,1300
GGGAACATATGAGTAA,1300
TCACCCGCCCTCACAG,1300
TTAAAATTGATTACAG,1300
TTAGGTCCCACCTAAC,1300
TTCCGAAAGTTGCCAG,1300
AACAAAAGTCCTACTA,1299
ACAAAATAACTTGAAT,1299
ATAAATAGCAAAGGAA,1299
ATACAGCAGGGCTCTA,1299
ATATGGTCGGGATACC,1299
CAGATTAACTCGAGCA,1299
CATTGAACCAACTAAA,1299
CGAACAACCCCCCCAA,1299
CTCTTGCAAACCGATC,1299
GTCAAAGGATCACGAT,1299
GTGACCATCACCTAAT,1299
TAAAGATAGTATGACT,1299
TACGCCCCGCTACCGA,1299
TCCACTGAACTTACTA,1299
AAGTGTTCCTTTGTGA,1298
ACGTAACATCAACCAT,1298
ACTCGGGACTGATAAA,1298
ACTTAAAATCGAAAGG,1298
ATTGAGAACTACCTCG,1298
CAATTAGTCAAAGGTT,1298
CACGAGATGTCCCATA,1298
CATATATTACATGATT,1298
CCGATGAATAACATCA,1298
CGGCGCCACTAATAGA,1298
CTCTAAAGTGCTCTAT,1298
CTTATGCATTGTTGGA,1298
GAGCACAAATTTTCAT,1298
GCAGATTTGACACCAC,1298
GTAAGCAACACGAACA,1298
GTGTGATTTATCTCCG,1298
TATTCAACTTTCACTC,1298
TCAAGCAGACCAATCA,1298
TGATATGCTATATTAT,1298
TGGATACTACCCATCT,1298
TTATTTAGAAGGAATA,1298
AAAAAAGCCGAATGGA,1297
AAACCTTGTAGGATTT,1297
AAGAACGATCAGGAAT,1297
AAGGAAAAAGTATTAA,1297
GATTATCAAAAAAATA,1297
GCCTCCGTAACCCGAC,1297
TAACTATTCCTTCATA,1297
TGGGACCTCGTTTCAA,1297
TTTAAAGATATTTTAT,1297
AAGGAGAAATTTTAAA,1296
ACCACGTCTTTCGGAA,1296
AGATGTGGACAATACA,1296
CAAGTGACCTACCAGA,1296
CACAACAAGTTATGGC,1296
CACAGTGCCCTGAAAT,1296
CCTCGATTAGTCGTTA,1296
CGGAGAAAGTCACTCT,1296
GAGTTTACAAATCCAA,1296
GCGCAAAGGTGGTGTA,1296
GGGATCAATTGCGCAC,1296
TACGTACTCGGCAGTA,1296
TATCACTCCTCATTAC,1296
TTCAACATAAATTTGA,1296
TTTAACCTTCACCACG,1296
AAAACGGACAGAATAT,1295
AAAGACGCATGAAAAC,1295
AACACATGGCCCCTAG,1295
ACTTACATCCGGACGA,1295
ACTTAGAATTTAGTCC,1295
AGCCCGGAATACGCAC,1295
ATCCAGACTTGGATAC,1295
ATGGAATAAGTTATAC,1295
CAGCCTATTAGGGGCA,1295
CAGCGTACTAAGCAGA,1295
CTAAGATTTTCAGTCC,1295
CTCAGAGTAGTAAAAC,1295
GAACAACTAGATGAAA,1295
GAGGACCAAAATTCCT,1295
GATACATTTAATATGC,1295
GCTTAGACACGACCCT,1295
GGTCCGATCGATATGC,1295
GTTCACCGCAAAGCGA,1295
TGTATATTCTAAGTAG,1295
TTTAGTGAAACAAAAA,1295
TTTGAACCCCCTGGGT,1295
AAAGGAATCAAGCTAG,1294
AACTACCATCCTGGTA,1294
AAGCCCTATTGCCAAA,1294
ATTTCGACCATGTAAC,1294
CCCCACTTTCACATGC,1294
GACACCGCTGTAAAAG,1294
GATCTTGCGTACAAAT,1294
GCTCCCGGAATAACTA,1294
GTAGCCAGGAGTATCT,1294
TCAAACGTTCAATGTC,1294
TCGGACTAAAGAAAAT,1294
AAGATGAGGAAAAAGG,1293
ACAGAAACCGTAAATA,1293
AGAAGTTCGTAATGCG,1293
AGATACTATAGCTTAT,1293
ATAACGCATTGCTTAC,1293
CAACAAGCACAATACA,1293
CAACATAGTTAGGAGC,1293
CACCTGCCCTGAATCG,1293
CACTATGTCCTAACTC,1293
CCATGTTATCCATTGA,1293
CCATTCCGCGTAATAT,1293
CCCAGTAGACTAGCTC,1293
CTACGAAAAATCATAA,1293
CTATAATAAGATGATA,1293
GACGAACAAGGTGGGG,1293
GCACTACCGACCTGAA,1293
GTCTACCACAGAAACA,1293
GTTCTGTCCTCGTCGA,1293
TAAGATTTACAGGCAG,1293
TAGACGCATGGAATAC,1293
TCATCTTTAGATACGG,1293
TCTTTATATAGTCGAG,1293
TGACGTGGGAAGAAAG,1293
AAATTACAGAGGTAAA,1292
AACAATATACTAAATA,1292
ACAGACAGAACTCTCA,1292
ACAGTTCATGCTACCA,1292
ACCAACAGACGCCCCG,1292
ACGAATGATACAAGTA,1292
CAACCTCATCAAATAC,1292
CAAGTATTCCACCAAT,1292
CATTATATCTGGTCAC,1292
GCAGACCTTATTAATA,1292
GCTACAATGTGCTAAG,1292
GTTGTAAGATACTGGG,1292
TAACACTGATAAATAC,1292
TAGATCGCCATTGGGT,1292
AAACCCCTCAAACGTA,1291
AAAGTTAAAAAAGAAT,1291
AACACACCATCTATCC,1291
ACCGAACCCATCCAAG,1291
ATCTATCAAAATCTCA,1291
CAACGCACTAACCAGA,1291
CTACTAACTAAATAGA,1291
CTTCTAACCAGTATAC,1291
CTTTCTTCGATATATT,1291
GAAGCGATGGTCGAGC,1291
GGTCTCTGTGATAGAA,1291
TATCTTACACGAAAAG,1291
TCCAAAATTTAAAAGA,1291
AAGCTACAAGATTGGA,1290
AAGTAGAAGATTGCAT,1290
AATCGCATATTATCGC,1290
ACCAAACGCCCTCATG,1290
GATAACGACTAAAAGT,1290
TAACGACTTGAGTCCA,1290
TCCTAACTCCGAATAT,1290
AACACCAATTTAACAC,1289
ACGTATTTAACAATTA,1289
ACTGTATTCACCCCAT,1289
ACTTCAATTTACCTTG,1289
AGAAACCCTCACCAAT,1289
AGAATTTGGCGATAAA,1289
CGCTAGCCCCTTTGAT,1289
CTTCAACATACGTCAT,1289
GAGTGATTCCTTTATT,1289
GTAAAAAACCCAGTTT,1289
AAACCATGGACGCTCA,1288
AGATTTGGGTGACAAA,1288
CATATTAACAGTCAAT,1288
CTAACTTGATGAGCCA,1288
CTTCACCCTCTACACC,1288
GCTCTATAGACAGAAG,1288
GGAAGTAGCGGAAACG,1288
GTAATCAACTGACTTA,1288
TAGACTACATCGTATG,1288
TCAAGATGGAGCTTTC,1288
TCACTTCACCCGACCG,1288
TCTATACATAACAGGA,1288
TGAATAAGCCGAAGAA,1288
TGTCCCTCTAATGATA,1288
TGTGAAGGAAAACGGG,1288
TTAATCTAATAAAGGG,1288
AAAAGTGCCGTCAAAT,1287
ACTCGCAAGATCGTAA,1287
ATTAATCACCACTACC,1287
CAGAATTGTCAAGCCG,1287
CATCAGTATGAAACAA,1287
GACTTTTCGAATCTCA,1287
GAGCCGCATAACTGCA,1287
GCCCATTACCAAAAGC,1287
GTTAACCCAATATACA,1287
TTCCTCAAAATGTAAA,1287
TTGGTAATTAGGAACT,1287
AAAAGTTGACTGCCAT,1286
AACAATGAGCTGAACA,1286
AATAGTAAAAGTACAA,1286
AATTATGGAACACTAC,1286
ACAAGCCAAGCCCCTT,1286
ACAGTTCACCATCCGG,1286
ACTGGACCACATACAC,1286
CCTAAAATTAGAAAAT,1286
GAACATTGTAATTAAG,1286
GCACTAAATTGTCATG,1286
GTCCTGGTGAACGCCG,1286
TTGAATAGACACCCCA,1286
AAAGAGACAGCGTCAT,1285
AAGAATTTTCTACTGC,1285
AATGATGAGAGACCAC,1285
ACAACTGATGACATCT,1285
ACATATTGTTGTAAGA,1285
AGGACCAACTCCTCCC,1285
ATCCATCTATTAAGAT,1285
ATTACATAGTTAAGTA,1285
CGAACCCGAACAATAT,1285
CGGACCATTAGTAATC,1285
GCCATCGCTAATTAGG,1285
GTGAATGAAAAGTCAA,1285
TAAGTTGCCAAGATGC,1285
TGTTTAGGTTAATAAT,1285
TTTGAAAGGGCCGTTA,1285
ACCGTTCTAACGATAC,1284
ACGACCCTAATGCTGG,1284
ATAAACAGAATTAAGC,1284
ATATTAGATAATAAAC,1284
CACGTATTGAAAGCCG,1284
CACTCACTTCTAAACT,1284
CCTATATGGCGTAACA,1284
CTAAATTCCTATCGCT,1284
GCGGAAATAGTGGTTA,1284
GTCTTTGCAGAGCATG,1284
TACCTGCCATTAAATA,1284
TGTTGTGAACAAGGAG,1284
AAATCAGTCCAATACA,1283
AATAACTAGTTGTGAC,1283
ACTTTACACCCACAAA,1283
ATACGATTGATCGAAT,1283
CACAAGAATTCCGAAA,1283
CATCTCTATCTGGCAT,1283
CCCCACAAGAAATGCA,1283
CCGTTGCTGCTAACAA,1283
GATCCGATGATGAACA,1283
GATCGTAATCGCGGAA,1283
TGAATTAGACACACTA,1283
TTGTATCGGAGATCAG,1283
AAACAGCGTGCTTACC,1282
AAACTCCGAAACAATA,1282
AAGATTATATTTTTCC,1282
AAGTACAGAATAAGAA,1282
ACTTACGAGTACAATA,1282
ATACAGACGGCTACAA,1282
ATTACTATATGGACTA,1282
CACCTACAAATCCCTC,1282
CCCACCAAGCCCCAAT,1282
CGTGCTTTCATGTGCG,1282
GAAACTTGTGGCTATA,1282
GACGGCTAACGATACC,1282
GCTCTCAGCTAATTAA,1282
GTGGACCTAAGGCTTG,1282
GTGTTGCCCCTCTGCA,1282
TCCACGATCCACCCCG,1282
TCCGGCCGTAAACCTC,1282
TGCTCTTATCTAATTA,1282
TTAATGCATCGGACAC,1282
TTAGGAGGCAAGTGGC,1282
AATACTTTAGAATATA,1281
ACCTACTAACTATAAT,1281
AGGTATACGGCGAACC,1281
ATGAGCCAACTCTATA,1281
ATTCCGGATCGTAAAC,1281
CTAATATGTAAATACA,1281
GAAACCATGTCGCGAA,1281
GATCCGCGCCCCCCAT,1281
GGGGCAATAGGACATG,1281
TCGCACGGAGACGCTA,1281
TTTCGGAAAACAGGGT,1281
AAAGCGCTGATCTACG,1280
AAGTCTATTCACTGAC,1280
AATCCCCTAGTTGACA,1280
ACGGCCAAACATACTG,1280
AGAAAACTTACTTCTT,1280
AGAAATGTACATGAAA,1280
AGAATCTAAATTGTAG,1280
AGCAAAATATAAGCAT,1280
ATAATTCGACTAGGTT,1280
GAAATTATTACCAAGT,1280
TAACCTTTACACAGAT,1280
TACCAATATAATAGAC,1280
AAAGACGTCAACTCAG,1279
AACTCCAGACTAGACC,1279
AAGCGCGTTAATTATC,1279
ACACATAATTGAAACA,1279
ACGTTCTTAGCCTATA,1279
AGATGTATCATAAAGA,1279
AGTACAACAAGCAAAT,1279
ATAATTCTTTGGAACA,1279
ATACATGCAAAAGATG,1279
CAAAAGCCTAGAAGCC,1279
CCATTCACCCACCACG,1279
CGTTTCTTTTATCGAC,1279
GATCGCAACATTTTCC,1279
GCACTCCTCGAATTCC,1279
GCAGTAGCGCTATAGC,1279
GCCCACAACACATAAC,1279
TAATTGTGGGCTGTTG,1279
TCCTGTGGATTGACCG,1279
TCTCAACCAGGCGTAG,1279
TGAGGCCTCATAACCA,1279
TTAGTGGGTGAATACC,1279
TTGACGTTGACTAAAC,1279
AATTTGGCGATAAAAT,1278
ATCCTACCGTACCGGC,1278
ATCTCTAGACACACAT,1278
CCCGAGCGCTCAAACT,1278
CTTATTTTCATCGTGA,1278
GAGCTAAATACGAGAT,1278
GAGTAAAACCTCCGTC,1278
GGTTATGACTCGCTAT,1278
GTAGATGGCATAATCA,1278
TAATCTTAGGATTCAC,1278
TCGTTAATTTACAGAG,1278
AGTAATGTGAGCATTG,1277
ATAGACCGAGATGCGC,1277
CAATTACACAACTAAT,1277
CCGGAGCTGTCTTGAG,1277
CGTAAATGACAATAGT,1277
CTTACAATCCTCCACA,1277
GAACAATAGTGGGTCC,1277
GTACTTGCCTTTTGGG,1277
TAAATAACTAAACTAC,1277
TTAGGAGGACCATCAT,1277
AACACGACATACACCT,1276
ATCCTATAAAGAAAGG,1276
CACCAGTAGAGTTCCA,1276
CGATGAACGAGACCAG,1276
GAAGACCTTACCTTAT,1276
GAATCTAAAGCCATAT,1276
GAGGGTCCATATTAAC,1276
GCTATTGCTAAAAGCT,1276
GGATGGAGGCCCCTTT,1276
GTGATGTATACTAACT,1276
TGAATTTAGATTCAGA,1276
TGCGATGCAGATGGAT,1276
TTCAAAAAGGCGTCAC,1276
TTTTACTATTACCTTA,1276
CAAATAACCTATGAGA,1275
CAACGTTTGTAAACAT,1275
CAATAACATCTGATTT,1275
CACTTATATAAACTCG,1275
CTATCACTATTCACAA,1275
GGCACCGAGTAATAGC,1275
TCGTTTCCAAATAAAT,1275
TCTCAAGAATGTCAAA,1275
TGAAATAAGCAGTCGG,1275
TTCAAGAAAAAAAATC,1275
TTGCGATTGAAACAGG,1275
TTTATATTTCCCAACA,1275
AAACCCAGAACTCCTA,1274
AAATAAAGGTATATAA,1274
ACACTAATTCTATAAA,1274
ATGTTATGAACTCCAT,1274
CTAAATCATTTATAAT,1274
GAATTTTTGGTTACAC,1274
GAGAACTTGGTCCACA,1274
GATGCATAGATTTTAT,1274
GCTTACCCTCATATAA,1274
GTTTTAAATTATGGGC,1274
TACGATTAAGCCTAGA,1274
TAGTGGCTTGGATGGT,1274
TCTTCTGTATTAAGTC,1274
TGAAACATCAGAACCC,1274
TGATTACAATGAAACA,1274
TTTAGAAAACGCTATA,1274
AAGCTATCCATATTGA,1273
CAAATAGCCGAAATCT,1273
CATAATAGGAAGATAT,1273
CATAGACCCGCGGGGT,1273
CGAAGAAACGCACCTA,1273
CTAATCCCCTACTCCA,1273
GAAGAAGAAACACAAC,1273
GAGATGATATCTGTAG,1273
GGGTGCAGTGCTTCGC,1273
GTCAAATTTTTGATTC,1273
TCACAATCGATGCACC,1273
TCCTTCGATTAGCTCA,1273
TGTCTGTTTACGGACA,1273
TTTGAGAAATTAAGCG,1273
AATAATAAGACTGAAA,1272
ACCCAAACATATCAAA,1272
ACTTAATAATAGACGT,1272
AGTTTGTCTTCAAGTT,1272
CCGCACTCATCATAAA,1272
GAAATTAAAACAAAAT,1272
GGACCAGAATAGACAT,1272
GTCTTCCTTGTTTCAA,1272
TAATTCTTGGGAACAA,1272
TACGGTAGTAACTCTG,1272
TGCTAATTGATAAAGA,1272
AATTCGGTAAGAGAGC,1271
ATGGTTAAGCTGGCTG,1271
ATTACTTATTTACAAT,1271
ATTATCCAAGCTTGAC,1271
CAACATGGATACTCTT,1271
CAATAATATTGTGGGA,1271
CAGCGCAGATATCTAA,1271
CCAACCGGTGATTCCA,1271
CTACCGTTACCCCGGC,1271
GATAAAGACTGGGATG,1271
GCCAACACTCTAAACT,1271
TACGCTAATATCAAAA,1271
TATCGTATAGATCACC,1271
TGATATTCTTAGTGCA,1271
AAAAAGATACAAGATT,1270
AAACTATCACGACTAG,1270
ACGATTTGCTACAATA,1270
ACGGTGCTTAGCAGTT,1270
AGTTAACCCTAGAAAT,1270
ATCTTTTCTACTTCTA,1270
CAAAAATCTGGTCCAA,1270
CATATTCTCTTTTTAA,1270
CGAAATGCGTCACCAT,1270
CGAACCCGTCTCACGC,1270
CTGCGAGCTTATAGAA,1270
GAACACCGAATCATCA,1270
GCAGACATAAATTCTT,1270
TCATGAAACCCTAATC,1270
TCCAGCATAGATCCGG,1270
TTACTTAAGTATTATC,1270
AAATAAATAGCATAAA,1269
AACCACTACTAGCCAA,1269
AACTATAAAATACCAA,1269
AGAAGCGTTACGCTCC,1269
AGTTAGCGTAGAACCC,1269
ATGATTGAACCAGCTA,1269
ATTCATGATAACACAT,1269
CTTCTGTCTGGGAATA,1269
GCCCTCGGAACGAGAA,1269
GGGCGACATGATAGGT,1269
GTTACAAAGGTTTTTA,1269
TAAAACCCAAACAGTT,1269
TACGTAAAGATCTATG,1269
TTAACAAGGAATGAGA,1269
AAATTTTCTAACCAAT,1268
AATAAACCTTTAAGAC,1268
ACAGACCCGATTACGA,1268
ACTATGAAAACTTGAT,1268
AGAAAAAGCACCTCCT,1268
AGACATTCTCTAAACA,1268
AGAGGTAATTGTAGGC,1268
ATAAGCACTGCGAAGA,1268
CAGTAGGCAGATCAAA,1268
CCGACCTTTATGTGAC,1268
CCTCTATGTGCGATCT,1268
CGGAGACAGGTTGGCG,1268
CGGGGGTTAGGATGCG,1268
CGGTTTGTATAGCGTA,1268
CTATATCAAGGGTAAG,1268
CTCCCAAGTATCTAAG,1268
GAATGTCCCACAACAG,1268
GGAGACACCTTCACTA,1268
TAAAAGGAGCTTGAAT,1268
TAGGAGGACCATTCCG,1268
TCAGCCAAGTCTATTT,1268
TCTCAATCATAATCGT,1268
TCTGTATCCTGTACCA,1268
AAAGTAGCCTGGCAAG,1267
AAGAGCCTTACTACAA,1267
AGTGTACCAACCCTAT,1267
ATCAAAAGAATAAGAT,1267
ATCGAAAATCTTTCTT,1267
ATGCCCCTGTATTTGG,1267
CAACACGACAGATAAA,1267
GCCATCTCAACAAAGT,1267
GCCCATAATTGGTCAG,1267
GCCCGATCATGTAAAA,1267
TATTATGCAAGCTGAC,1267
TCAATCCCAAATGCAA,1267
TGGTGTACGCAAGATT,1267
AACCATCAGAACCAAC,1266
ACCTTGCCAAGACCTT,1266
AGAAGAGAAATCTACA,1266
AGACATAGCCGTAAGA,1266
AGCTCTAGTCGAAAAA,1266
AGTAACAAAAGGATTG,1266
ATGAGGACCAGTACGC,1266
CCAAATACCAAACTGC,1266
CGCGGATCTTTTTTTT,1266
GACCACAGAATGGTCT,1266
GGAAACACACAAGGTT,1266
GGTACTTGAGTGCGTC,1266
AATCCGAATCCATTGC,1265
ACCCTCTACCATCTTA,1265
AGTCAAAATACAAAAT,1265
CAGACGACTAAAACGT,1265
CTAGCGCATAGTAGAA,1265
GACCTTCAATAGCGTT,1265
GATAACGATTTGACAA,1265
GCTGATGCTTAACGGA,1265
GGTGAACGTTTCAGCC,1265
TATTGCTGAAAAAGCA,1265
TGATCAAAATCAACAA,1265
AAAAAACTATGAGATC,1264
AAAAAATCAAAAGAAA,1264
AAACGAAGCCACTGAT,1264
AAAGATTTGATAATAG,1264
AACGCCTCCGTTAACA,1264
ACCGATACAGGGTATA,1264
ACTGAAAGAACGACTT,1264
AGGTTCAGAAACGAGC,1264
AGTGCAGAGGGGAGTG,1264
ATAATGCGTCCATGGT,1264
CACTATATGTCGCAAC,1264
CATGATCATGTTCCTA,1264
CCTGAAAGAATAACCC,1264
CGATTTATCATGCTAC,1264
CTGGACCGTAGTCCTC,1264
CTGGTGCCCAAATATC,1264
GAACACAATTAGGTTG,1264
GGACGATTAATAAGAA,1264
GGCAAAAAATGACTAT,1264
GGGAAGAAAAGATTAA,1264
TAAACCACTTGTGAGG,1264
TGAAAAATCCTAGGTA,1264
TTATAAATACCCGTAA,1264
TTGGAAATTAAGTATT,1264
TTTGTCTAAGAGATAC,1264
AAGGATCTTATGGACC,1263
AAGTAAGAAATAAGCT,1263
ACCTCTGGTATTCGAG,1263
AGCAAATCAAAAGCTA,1263
AGGCGTTGGAATGGAC,1263
ATAAGAAAGCTTCAAG,1263
ATGCCTAAAAGACAGG,1263
CACCTCTGAATCAAGC,1263
CCATAAGGCACCCACT,1263
CCGTGATGATAACCGT,1263
CGTCACCGAATAACGC,1263
GACCAACATCACGTTA,1263
GGATAACAGCTCATCA,1263
TGAATCCATTTCAAAG,1263
TGACCCTTTCTACATG,1263
AACGGCATCAAATCTG,1262
ACAAAATAAGCCCCTA,1262
ACATTGCACTAATTAC,1262
ACCCTGAGTCAGAGTG,1262
GAAGGACAACGATTTC,1262
GACTCGGTTTGTGGCC,1262
GATTGTACAACAGCGG,1262
GCACACCATATAAAAC,1262
GTTCAATCGCCTGATA,1262
TAACTACAATTGAGGT,1262
TAGAGTTTTATTCTAC,1262
TTCACGAGAAAACCTC,1262
TTGATTAGCTTAGCCT,1262
ACCGTACTTTAACCAT,1261
ATTATTAATTGCACAC,1261
CGAGCCATATGCAAAA,1261
CTATTAAGCTTACCCC,1261
CTTCAAAACCAACAGA,1261
GGACAATGGATACATA,1261
GTACGTGTTCAGAATG,1261
TACATTACTCGGGCCG,1261
TAGCGCTCTCGACCCC,1261
TCCCAAAGTGATGATC,1261
ACCCCGGCGCCAAAGA,1260
AGAAGTGGTTAGTACT,1260
AGCTCCCAGCGATATG,1260
ATAGTAAAATCCCAAA,1260
ATAGTACTATAAAACC,1260
CATGAAACATTAACCT,1260
CCCCACGCAGTACGAC,1260
CGTGAAAGAACAAGCT,1260
CTAATAAAAAGTTCAG,1260
CTAGAATAACCCACAT,1260
CTTTTTATTCCGCGAA,1260
GAAGCCTATACAATAT,1260
GCCCCAGACCTTGGGA,1260
GCCTGAATTAACTCAG,1260
GCTACAATATAATCGA,1260
GTACCTTATCTACAGC,1260
TAATGCGCCAGATCTG,1260
TCGGTCCCCTCGAAAT,1260
TTGCGTTTGTGTTAGA,1260
AAATTGTACTAAAATG,1259
AATATTCACGTAACAC,1259
AATATTTTGACAAAGA,1259
ATAATCAGGACCAAAA,1259
ATGGATGTCGAAACAA,1259
CAATGAGTATTTCCCA,1259
CTAAAGCATTTGTGGA,1259
GAGTTTATCCACAGGG,1259
GCAAGGACAAAATGGT,1259
GGTTCACAACTAGCGA,1259
TTCATCTATTTTTTCA,1259
TTCCAAACCCATGATA,1259
AAAAATCCCGTTTCTA,1258
AATTAAAAGCTATATG,1258
CAAGATATAAATTGTT,1258
CACATTATGTGAGATC,1258
CAGTACTCCTTCACAC,1258
CCCCCCCTTAGAGCAT,1258
CCTACTCTACATAATT,1258
CGTAATTTAGCAAAGC,1258
CTTATCCTGCATGGAT,1258
GAATTAGCCAAAGAAT,1258
GATGCGAAAGAATCTG,1258
GTATTTTTCCTACGTG,1258
GTGCCTTAGAGAGACA,1258
TAAGAAACGTGGACAT,1258
TACAAACCAGATAAAT,1258
TACTTCAATCATAGCA,1258
TGAGAACTAAAAATAA,1258
TGAGCAAGATGGCTGC,1258
TGAGTACCGAAACACC,1258
TTGATCGAGAATGCCC,1258
AAACAAAATTAGCAGA,1257
AAGCCAATACTTAGAC,1257
AGTTACTGAGTGAGAG,1257
CAAGAATGGACCCCAT,1257
CCGCAGTTAAATACAA,1257
GACCACGAACCACGAG,1257
GGGTGCAAACCAATAA,1257
TCTCAACCGAGAGAAC,1257
TGTGATCACGCGAGCT,1257
TGTGCCGGAGTTTCCT,1257
AGATACAATGACGTGA,1256
ATTCAAAAATGAGAAA,1256
CACATTTCTAATAGAG,1256
CCACACATGTAACCAT,1256
CCATCAGATACATATT,1256
CCCCAGCAGACTTAGG,1256
CTTTAGCACTAAAACC,1256
TAATCCGATAAACACC,1256
TGGCACATTTGGTGGA,1256
TGGTCCACAGTTGCAA,1256
AATCAAGGTGAATGTA,1255
ACAAGCTTCGTCTTAG,1255
ACGCAAATGCGCGACA,1255
AGCGTGTCAACTACAA,1255
ATCGTATACACCTACC,1255
ATGTGAATACACATCG,1255
ATTTACTGATAGCAGG,1255
CATATACAAACCTAAA,1255
CCAAACTATGACAGTG,1255
CCAGACTAATAATATC,1255
CGGAAGGACGGAATTG,1255
CTCTATCCCTGGGACT,1255
CTGGTTGAACTATGAT,1255
GATAGGAATGATCCCA,1255
GCATTTATCTGGAAAT,1255
GGGCGTGCATCTAACA,1255
TAAAAAAATTGCCAAC,1255
TACTCCACGGTAAAAA,1255
TCAACAGATTCCAGGC,1255
TGCCCACTTTTAGCCT,1255
TTACACCAAGATTATA,1255
TTGAGTATAAAATTTA,1255
AACAAAATTAGAGGAA,1254
AAGTGTTACTACCGTA,1254
AATAGTGCATCCCATT,1254
AGGAGGGAGCACCAAG,1254
ATAGCTGACCAAAGGT,1254
ATTTTATGAAACGAGC,1254
CAACTAATTAGTTTAG,1254
CGATAGGGTACATCAG,1254
CTATCATTTACAACAC,1254
CTTCGATAAACCAGAT,1254
GAACATGCATACTGTT,1254
GCACTATCAGAGTTGA,1254
GGTCATGTGAAGCTGG,1254
GTTGACTCAATACGGC,1254
TTGAATGACCGCTACA,1254
TTGGAATAAGTCCTAT,1254
TTGGTAGGAAATCTCG,1254
TTGTATAATTTTCAAA,1254
AACTTGAAATAGGCAT,1253
AAGATCTACACAAAGA,1253
GACAGTAATAACAGAT,1253
GAGGCAAATTCAGCGT,1253
GCCAATAGCACAGGTT,1253
TACTTCTATTCAAGCT,1253
TATTCTGAAAACCACA,1253
TTAACCTAGCAAGATC,1253
AAACGGGTCTGCAAAT,1252
AAATTTTTTGGGGCCA,1252
AACACCCAGCCGCGAC,1252
AACTAGCAGTTAACAA,1252
AATCTTATTAAGTCGG,1252
ACAACAACCAATAGAC,1252
ACGTCAATATGGTATT,1252
CGGGTTCGAATATTTT,1252
CGTGGTCTCAAGGGGG,1252
GCTACGAAAATAAACC,1252
GGCAAACCAAGTGAAA,1252
TAAAAATCTACCTCCC,1252
TAAGCAACCCAGTCAA,1252
TACACTTCTAATCTCA,1252
TATAAGACTACTACCC,1252
TGTGAATACGAAGAAT,1252
TTGGGATCACGGAGCG,1252
AATAGCAACAACTACA,1251
ACAATACAACATAGCA,1251
ACTGTGCTTTGATGGA,1251
AGGATACAATCAACTG,1251
ATACACTTACGCTGAT,1251
ATTCTCAAAAATTCAT,1251
CAATCACGACTCAGAG,1251
CGGACGTAAGCCCCGA,1251
CTCTGTTATCTAAGTA,1251
GAATTAAGTTTACGAA,1251
GTGTGAAAAAGCACCA,1251
TAACGGGAGGGATCAT,1251
TATGTCTAAATCGAGA,1251
TATTGAAATTCGTGTT,1251
TTCTCTAAAACTAATT,1251
TTGGATTATAAAAGTT,1251
AAAATTAAGTCAAAAA,1250
AACGTGGCAAAATGCC,1250
AAGCGATATATCAGTT,1250
AGTCAGAAACCCGTGG,1250
ATAAGTAAACAGAAGA,1250
ATCCAAAAGCTGTGGC,1250
ATGATGTAAAAACAAA,1250
CAAATGTCACAGAAAT,1250
CACAAAATTAATGACG,1250
CACCGTACTCTAATTC,1250
CGCGAATAATTAGAAT,1250
CTATCCCATTGTACCC,1250
CTCCTTGTTAAGGCAC,1250
GACCTACCACGTCCAG,1250
GATGTCAAGCCATATT,1250
GATTTCATTGTTGAAA,1250
GCAACTTCCGATCCCT,1250
GCAGATCTCACGCTAC,1250
GCGACAAACTACAAAA,1250
GGATGCAGGCTCGAAC,1250
GTATAACAAGTGCTCA,1250
TATCCCGTATGTGACT,1250
TCAAAATGCACAAATA,1250
TTTGTCTGACTCCAGA,1250
AAACTGAACTCCCACT,1249
ACAACGATGGTCTTAG,1249
AGAGATAAAGTTAACC,1249
AGGCCTCTCTGACCAG,1249
AGTATAGGACCCAGAT,1249
ATGCAAGTTCAAATAT,1249
CAATTCGCACGCATAG,1249
CCATTCAATAGCTTCT,1249
CTTCAAATTTCACGGT,1249
GTATCTAATCCACTAA,1249
TAAAACTAACACTCAA,1249
TCCTTCAATACCACTA,1249
TGACCGAGTGACAACA,1249
TGCTCATAAGTTACTG,1249
TTTTGTAGTCTTGAAA,1249
AAGGATCCCTGATAAT,1248
AATAAGCTCGATTAAT,1248
ACGCGACCATGGGTGA,1248
ACTCAGCGGACCGCAC,1248
AGCCGAAGCGATGAGT,1248
ATAGATCAAAAATACG,1248
ATTGGCTCAGTGTGAT,1248
CATTTAGGACCAAGAA,1248
CGCCCCTAAATTTTCG,1248
GAAGCAAGCATTGGAC,1248
GTGTATGACGGGTGAG,1248
TAAACTTCTGTCATTC,1248
TGGTACAGGACGACAC,1248
AAAACATATTTAAAAA,1247
AGCCAAACAACAAACA,1247
AGGTTACTATCGATAT,1247
CAGGTATGTAGTAAGC,1247
CCATGTCGAACACATA,1247
CGAAATGACGACAGCA,1247
CGTTATCATACCTGCA,1247
GAATTTGTCTATTGTC,1247
GAGAGTGCTCCATCCA,1247
GATGAATCAATTAAAC,1247
GTTTGTTCAAACCCAT,1247
TAACAAACCTAACCAT,1247
TCATAAAACAAAACTA,1247
TGCTATGAACTAATAA,1247
AAAACCAGGGCAAAAC,1246
AATTAATTGAGCCGGG,1246
ATAATAATCTACAACA,1246
ATGGCCTAATGCCTCA,1246
GAACCAAGAGAATAGT,1246
GACAGTGGACCTAAAA,1246
GATTACGGTGATCAAT,1246
GCCGTATCGCAGTACA,1246
GTCGTCGCCAAGCTTT,1246
TACACGAGTGTTAAAA,1246
TACTCATAAACTGTCG,1246
TATAGACATCTTTACT,1246
AAAGAATACAAGTAAA,1245
ACCGAAAATCGAGAAA,1245
AGATAAGGTCTGCACA,1245
ATGCAATCAGAGGTAG,1245
ATTCCAGGAATAAATT,1245
CGGTTCTTACCAAAAC,1245
GAGATGCTTGTCGGTT,1245
GATTATGCCACTGCTG,1245
GCCAACCCCGGATCCC,1245
GTACCTAAGGGTGTAC,1245
TCTTACGGTGAACCTA,1245
TGATAACCAGTAAGAA,1245
TGGAAATTTGTCATTT,1245
TTAAATCTTGGTTGAA,1245
AAACCTGGCGTCACAA,1244
AAACTATACTCCAACT,1244
ACCGAAAGTTAACAGA,1244
ACGACTAATATCTCAC,1244
AGCACAAAAAAGTCAA,1244
ATCGAAACTACGGACG,1244
CGCTTATATCGTATGT,1244
CTAAACGCACATGGTA,1244
TATAAGGAGCTCCTTC,1244
TATGAAAGAGCCTAGG,1244
TGCCCCATAACAACAA,1244
TGTATATAAAAAGTCC,1244
TTAACATTTGGGTCTG,1244
AAACTCCTCTTAGACC,1243
ACAAGCATACTACTTT,1243
ACTCATCTGTATCCTA,1243
AGGAACGCGTACAATC,1243
AGTCTCTGACTAAAAA,1243
ATTTACATTTTCCCAC,1243
CATTTATAAACAGCGA,1243
CCAACGTATTATGGCA,1243
GAAACCAACTTAGGCA,1243
GAAGAGGTACCAAGCA,1243
GCATTAGCAAAGGCTA,1243
TAAATCTACTATGAAC,1243
TATAATTTCCGATTGA,1243
TTAGATCCGACTCCGC,1243
TTCGAGCGCATCCAAG,1243
AAGGCAGCATGATAGG,1242
AATCGGTTAGCAATGT,1242
AATTCGAGGCCACAGA,1242
AGAAAAGCACTTGATC,1242
CACAACAGGCCCTCTC,1242
GAAAACTTTTTGCATT,1242
GAACGGAAAAAGGCCA,1242
GAGAGACGAATTGTTG,1242
GCCTTACTTAAAAACT,1242
GTACGTTAAATCCGTC,1242
GTCATAAATATTTTTA,1242
TAACCATAGTTGGAAA,1242
TAAGTGAATCCTTAGA,1242
TAAGTTTGGGTTAGAT,1242
TATAAGCACACAAAAC,1242
TCCATATAGTATGAGT,1242
TCCCTTCATAGTGTCC,1242
TTAAGGTAAAATCCCA,1242
AAACCGTCAGTACAAA,1241
AAGCTACACTAAGATC,1241
AGGGTAGAAGATGCCT,1241
ATATATTGAACAAGGA,1241
CGAATAACCGTCCGTA,1241
CTATATGGGCGCCCCG,1241
GATAGACAAACGAAGG,1241
TAAAACGAAAGTTTCC,1241
TGATCTGTTCATCGAG,1241
TGTGTGACACAGACTC,1241
AAAATTCAAATAACTA,1240
AACTCGGAAGAGAATC,1240
AACTTAGATCGTAGCA,1240
AAGGCCGTAATATAAG,1240
AATAAATATGTAACGC,1240
ACAGTCCAATAGATTT,1240
ATAAGGGTTTTGTGAA,1240
ATCATCAACTCACAAT,1240
CCAATACCAAAGACAA,1240
CCGAAAATACTACTGA,1240
CCTCGCTGTGAACTAT,1240
CGTGAGCCTGTATTCA,1240
GAGTAAAATATATATC,1240
GCTAAGTAACTTATGA,1240
GTGGGCGTTGGTAAAT,1240
GTTAACACCGCGACTC,1240
TAAAACTACTCGAATA,1240
TAAAATGATTTCCTAT,1240
TCAGGTTCATACGAAG,1240
TGATCTAATCGTGTAC,1240
TTAGAATTTAAAGGTC,1240
TTCAAATACTGTAGTA,1240
TTCACTATTAATTACG,1240
TTCATTATCGAACCTG,1240
AAAGCTCACCTCGATT,1239
AATTGCGAACGGGGTA,1239
ACACTAAAATACAATC,1239
CGGGTATAAAAAACCG,1239
CTAACTATGGTCAAGC,1239
GAACGCTGGAAGTCCG,1239
TACGTCCCTTTAACCC,1239
TATGGGCACTAACGCA,1239
TCCCGAATTGTCCTAT,1239
TTAATTCATGCTCTTC,1239
AGATCTGGCGAAACGT,1238
CATGTCCAAGGATTAA,1238
CTACTATCGCTTGAAC,1238
GTCGAAAGCTGTTATC,1238
TAAAAATGCTTAACCC,1238
TAGAAGAAGGTATATC,1238
TTAATATTATCTTGAT,1238
TTCGAACGGAAAAAAT,1238
AAATAATAAAGAAGAA,1237
AAATCTTACATATGAC,1237
AACAACTCACGCAACT,1237
AAGAAACAGGTAAGTG,1237
AAGCTGACCCGATTGG,1237
AAGTACTGCAGACATA,1237
CAAGGTACATAATCAG,1237
CAATCAGCTAAATGCT,1237
CACCAAGCAAGGAGGT,1237
GACACGACTGACACGG,1237
TAAGAAACACGCATGA,1237
TAGATCTAGTCAATGA,1237
TATTATTATTTATTCT,1237
TTGACTTCTCAATACT,1237
ACTGAGAGTTACGAAT,1236
AGAAACGATATAAAGT,1236
ATCCCTTCGAGCATGT,1236
CAAAAGTGCTTATACA,1236
CAATCCACCTCCAATG,1236
CAGAACTTCCAATAAA,1236
CATAGTTTTGACGATA,1236
CGCGTGTTGCTATGAT,1236
CTACCACTTGTCTTAG,1236
CTCCAATTCGACCACT,1236
GACTCCAAATAATGAT,1236
GCGACGTGACACACAC,1236
GGCGAAAAACTCCCTC,1236
GGTATATGCCCTACTG,1236
GTTATACTAATCGTAA,1236
GTTTCGCGAACGCCTC,1236
TACATGTCCAACGAAG,1236
TTAGGCATCAAATACC,1236
TTTGACACACGCCAAG,1236
AAAGCTCTAGCTGTTT,1235
AAGATGTCGGGGGTCC,1235
ACAGGATAGATATAAA,1235
AGCACAACAAATAATA,1235
CGATTCCCACAGAAAC,1235
CTCAACCACAATCGAA,1235
CTGCACGCACAAAGCC,1235
GCACGACAAATAAACA,1235
TACGCGCTTAGGTATA,1235
TCAAATCACTAAGTTT,1235
TGGCCTAAATTATTAT,1235
TTAAGACTTGTGAATC,1235
TTCAAGAAACCTGTCT,1235
ACACTCCTTAATCATA,1234
ACAGCCATGATTACAT,1234
ACGCTTGTAAGCGTGA,1234
ATAAAGCCACACTACC,1234
ATGAGGTTGCAATCTT,1234
ATGTAATACCTTCCAA,1234
CATTGCAGAATAGTAT,1234
GACGTGGCTAAGTTAG,1234
GCCAAGTTGGTAAATT,1234
GCTAACGGATCGGAAT,1234
GGCCGAAGGTAGTTGA,1234
GGGAACTCAAAGAACT,1234
TAGAACTAAACCCCAG,1234
TATTATGAACAACAAC,1234
TCAAGCGTTGTACATA,1234
TTGCACTTGCTTTAAC,1234
AACCCGCCCATGCGAT,1233
AAGATTGTACATTAAT,1233
AATATAAATCCTTCAA,1233
ATACGATAATGCAAGG,1233
ATTATCATACTAAGAC,1233
CCTGCCCCGTACTAGA,1233
CGACAATGCGCTCGTC,1233
GCATTTGACTAATTAA,1233
GGAGATTTCCTTTGTT,1233
GGGGTCAATGTACCGA,1233
TAGAATACGGAAAATA,1233
TATGCCTTACTGGAAA,1233
TCAAGATCCAACCCGG,1233
TCGCAGACTTCGAATA,1233
AAATTAATTAGCCAAA,1232
AACATATAAAACCGCC,1232
AGATAGGTGCTCCGAC,1232
AGCATTCAGATGAGTA,1232
AGGACATAGCCATTAA,1232
ATCGCTCATGGATCCC,1232
CCCGAAGTTGAATTTT,1232
GAATTATGAACTGTAA,1232
GATAAATTGTCGGAGT,1232
GATACATCTGTATCGA,1232
GCCATGCGAAAGTCTA,1232
GTGATCTAATAAGATT,1232
TACAACCAAAACAATA,1232
AAGCCGAGAAAAAACC,1231
ACATAGTGGATACTAT,1231
ACCATGAAAGATCAAT,1231
GCTGAGCTATCAGAAA,1231
TCACTACATTACGACC,1231
TGCGGAGATCTAAAGT,1231
AACAAGAAACATCAAA,1230
ACTAACTCCCAGAACT,1230
ATACTCGAAACGGTTA,1230
CACCACAATTAGTAGT,1230
CCAACTTTACAAACCT,1230
CGAGAAACAAAGAGTG,1230
CGCGACTCGCTTATAG,1230
CGGATGCTCACAAATT,1230
CTAATGAGTCATCCGC,1230
CTTAGGCAAAAAGCCA,1230
GAAATGCGAATGTAAT,1230
GCATTAATCCTATTTA,1230
GGCGACTCAGTCCTCA,1230
GTAATAAACGACGAAT,1230
TCGACTCATAAAACAC,1230
AAGCTTAACCATGTGT,1229
AGACAAGGGCACAAGG,1229
AGTTCCAAGAATCCAT,1229
ATTGAATTTCGCAGTT,1229
CACCGCCAAAACCCAA,1229
CAGAACGATACTAAAG,1229
CATAACATATAAAATT,1229
CTTTAAACTATGACGA,1229
GAGAAACTAGTGAAGG,1229
GCGATAGGAAGTAACA,1229
TAAGTACAAATAATTG,1229
TAATTCATTAGCAGTG,1229
TGCGATCCGGAACAAG,1229
TTTCCCGGGATTGTCT,1229
AAACATTAAATTATTC,1228
AAAGCGTCTGGTAAAA,1228
AACAATTTCAGCCAAG,1228
AATTTTAAACCGACAT,1228
ACAGTCACACGAGAAT,1228
AGAGGGCTAAGAGGGC,1228
AGCAGAAACCGGTAAT,1228
ATAAGCGACAGGTGAA,1228
ATATATGTCGTAAAGT,1228
ATGAAAACTTGTAGAA,1228
ATTGCGAGCTTCCAAA,1228
CAAACGAATGTTGGCA,1228
CACAATTAAAGTTAAC,1228
CAGATGTACCTGATCT,1228
CGACTATCAACGCCAC,1228
CGCTGTCAACGAATAC,1228
GATATAATAAATTCGA,1228
GGGAATCGACAGAGCG,1228
GTCAACATTTCTAACA,1228
TGTATTAACAGCTGAA,1228
AAAATAACATTCCTAA,1227
AATTTAATATTTACAA,1227
AGGTCTACCCAGGAAC,1227
AGTATTCATTACCAAG,1227
ATGACCGGAGCATCAG,1227
CCACTTTAGTAGATAG,1227
CCCATAATTTCACAGA,1227
CGCGCTCACAAAAATG,1227
CTGCTCTAAACAAACA,1227
GACTCAGGAAAAAGGT,1227
GCATAGGGAGTTAAAT,1227
GTTGTGAAGACAATAG,1227
TAACATATAGATTCCG,1227
TCAAGAAACAATAAAT,1227
TGATTCACGCAAGACG,1227
TTTAGGATAAGGTTTA,1227
AATTAATGAGCTGCAG,1226
ACACCTAGACAGATAG,1226
AGAGACGAAAAATACT,1226
AGGAGGAAGAACAAGG,1226
AGTGCGCAAAGATAAT,1226
CAATCGCTGTGGGTTA,1226
CGGAAGGTAGGCAAAC,1226
GAGATTAACCAAAACG,1226
GGAAAACAGCGCAGAC,1226
GTTTACAGAAACCCCT,1226
TAAAGCACGGGAATAG,1226
TACAGTTACGATTTAT,1226
TACTGCTCGTGAAGCA,1226
TGGCGTCTATGAAGTG,1226
ACCCCGAACCTCTTGA,1225
AGTTGAGAGTACCGAA,1225
ATCAGTATGCAACAGA,1225
CGAATTCCCTCTTTTA,1225
GAGGAGCCGGTATATC,1225
TAATTGCTAAAGGAAG,1225
TCCTAAAGATTTGTGA,1225
AAAGATCGGTTATGGC,1224
AAATAAGAGGATGTAC,1224
ACCCGGATCTCGCAAA,1224
ACTCAAAGGCAAACCA,1224
ACTCATAAGAGAGTGC,1224
ATGGCAAGAGATAGTT,1224
CAACTTAGATGCACAC,1224
CAGAGAAAAGTCTCTA,1224
CTCATGACTTATTCAG,1224
GTCAAGAAAGCGCTAG,1224
TTACAACGACTCCGTG,1224
AAATCATAGAATCCAT,1223
AATCTCTAAAGCAACT,1223
AGATCTAGAAAGAAAC,1223
ATCCAAGAATGATGCA,1223
CAGTAAGTTAAAGTTC,1223
CAGTACTCCAACTCGC,1223
CTCAAATCCACAACAA,1223
CTTATCCCTATAGGAA,1223
GAGTGTCATAATTGAT,1223
GATATGAGGTGGTATT,1223
GTGTTTAATCCCAACC,1223
AAAAGAATGCGACGTA,1222
ACCTCAAACAAGTATT,1222
ACGGCGGAAAAAGGCG,1222
AGAACGGTAAATGACC,1222
ATACAATTAAATACAA,1222
ATATAAAACAAGAGTG,1222
CAGTTGATAAGCAATG,1222
CCAATACTCCAGGACA,1222
CGACCGTAAATAATCA,1222
GCTCCTATAATCAATA,1222
GGCGAAAACTGATCCT,1222
TAATGCTATGGTGGAG,1222
TATCATTTCCCGCGGA,1222
AAACAAATACTCAAGG,1221
AAGTTACCATGCCATC,1221
AATCTTTAAAGTAGGC,1221
ACGAGTGGATGATTCT,1221
ACTGGCTATGAAATTG,1221
ACTGTGGCCTCTATAC,1221
AGCAATATGCATATAA,1221
AGCAATATTATAATTA,1221
AGGATGTAGTCATGAC,1221
ATTCTTTTTAAAATGA,1221
CACAGTCATTACATGG,1221
CAGTAATGCCCTCAAG,1221
CATAACTAAAGTCAGA,1221
CATATACATAATATAA,1221
CCGCTGTGTGAAACCT,1221
CGAGTCAAAAGATGCA,1221
CGCATCTCTGTGACAA,1221
GAATCGACGACGCGGG,1221
GGAGAGAGCACTTTAT,1221
TAAACTGCAGTCTGAT,1221
TAGAAGTCGACCTAAA,1221
TATATGCCGCTAGTTT,1221
TGGTTATACTCGAGCA,1221
TTAACCCCTGAACTCT,1221
AAGTATTTAATTGAAT,1220
AGTGCCCCAAGTGTGA,1220
ATACTAAGCGAGCACC,1220
CCCGCCTCCCGAAAGC,1220
CGAAAGAAGGATGTAC,1220
CTCAAAAATCCAACGA,1220
CTGAGACCCAGTCCTA,1220
GAAATGCTATAGACGC,1220
GCATCATGTATATTAT,1220
GCCAACCATATACTAA,1220
GCTCATTAATGATCAA,1220
GTTAGTAATGAGATAC,1220
TTCTAAATGCTCCGAA,1220
AAGTAACATCTCAATG,1219
AATTAGGGTACTATCA,1219
ATCCAAAGATTTTCGC,1219
CACGCCTAGGTACAAC,1219
CCGAATGCTCCCCAAT,1219
TAAGGAAGAGCATAGG,1219
TGTAAATCTTTTCAGT,1219
AAACGACAAAAATTGT,1218
AACAGCGGCCCTAGAA,1218
AGAATCTCAATATCGT,1218
ATGACATATGCAAAAA,1218
CATCCACGCACTTATA,1218
CCGCCAGCCAGCCCTG,1218
GACTGGATATTTGGAG,1218
GCAAATTAAAAAAAAG,1218
TCTGATAATTCACAAA,1218
TGTAATAAAACGTCAT,1218
TTCACAAACACAATTT,1218
TTGATCTCTCTAACTG,1218
TTTTCTCGGGATATCT,1218
AATAGAAATAAGCAAT,1217
ATGTCGACAACTAAAC,1217
ATTAAGACTCATACCC,1217
CAACTGCAACACTAAC,1217
CAGCTCAATAAAGGAT,1217
CATCTCATAAATGGAA,1217
CCCGCTAATCGCGAAA,1217
CTAAGGTAACTCACAT,1217
CTAGGCCTATCCAAAT,1217
GAAAACGTAGTATAAG,1217
GAATTATTTCAGCGAT,1217
TAAGATAAGTTATACC,1217
TACAGACACCCGCCAT,1217
TAGCCATCTGAGGATG,1217
TAGGTAAGAAACAAAA,1217
TCACCAATGTAAACTA,1217
TCGTCCACAGAATTGC,1217
TTAAAAATAAACCCCC,1217
AACACGCAACGTAGTA,1216
ATAGATTAAGAGGAAC,1216
CCAACTATAACAGAGC,1216
CCCATAACAAAGTATG,1216
CGAAACCTGAGGTTCC,1216
CGCCCCCGGGCAGAAA,1216
CTCGGTTGCGAATATA,1216
CTCGTTAAGTTCTATG,1216
GAAAAACTCACTATCT,1216
GCAACTAGATACTTAT,1216
GCGATTTTAGAGACTC,1216
GGTACCGAACACTAGA,1216
TAAAACTGCTGCGAGT,1216
TAAGGTCCTTTAACAA,1216
ACAGACAACGTGAATC,1215
AGAAAAAAATATTCAT,1215
ATAAACAGATGTCTCC,1215
ATTACTGGTACTCTTT,1215
CAAACGGCCGAAAACA,1215
CGAATAGATTTTACAG,1215
CGAATGCTAGAAGATA,1215
CTCAAAAAATAATAAA,1215
TGAGTACGCAGGAACT,1215
TGCTCCAAATATAGCA,1215
TGTGGCATATTATCAC,1215
AAACTATAAAAGAACA,1214
ACAACCCAACCACGCG,1214
ACCCCTAATTTAGCGC,1214
ATAATAACATACTGCC,1214
ATCAAGTCTCAAAGAG,1214
ATCCTACTTTCCTGCG,1214
ATGCAACTGAAAGTAC,1214
ATTTCAATATAGAAGT,1214
GATTTCATAATATCAT,1214
GCTAAAACGCTATTAC,1214
GTAGGAAGATGTAACT,1214
TAGAGCAGACATTAAA,1214
TTTACAGATTCACTTA,1214
AAGAGTTAACGTTATG,1213
ACGCGTTTGCAACGAA,1213
AGAGAAAAACTAATTG,1213
AGTTATAACCGAACAG,1213
CCTAACACACAACGAA,1213
CTAACTGGTCCCTCGG,1213
GCAAAACTTTTCAACA,1213
GCTACAACGACCTCAG,1213
GGAAGACGATGAGACA,1213
TATTGGAAGGACGCAT,1213
TCCTGTATACATCAGA,1213
TGAAGAGAAACCTCCG,1213
TTCACACGTCACTAGG,1213
AACGAACTGACAGGAT,1212
AGGAATACATTTAAAA,1212
GAATTAAAGAATCAAA,1212
GCGCGACTAATGAAAT,1212
TAAACCTGGAAGATTT,1212
TATATAACCGAAAAAA,1212
TGAAAGTACTTGTTAA,1212
AAAATTAGTAATTTAT,1211
AAAGTGTCCTTAGCTA,1211
AAATCACTGTGCATGA,1211
AAGCCTAAAAGACGAC,1211
CGCCATTACTTAAGTT,1211
CTCTGGGCGATCCTCC,1211
TAACGGAGGTTTGACA,1211
TACACAAAAACCTGGT,1211
TACGTTTACCGATAGG,1211
TATTGAATGCAATACT,1211
TCGGTATTCTAAACAA,1211
TTGCCTTCTCGAAAGA,1211
AAAAGGGTTGAACCAT,1210
AAGTTCGGCTTGGCGG,1210
ACTTGACTCAGAATAG,1210
CAATGGCCTTAAAAAT,1210
CACGACTGCAGTAAGG,1210
CACGCAATCTAAGCAA,1210
CCGGAAGACAATAACA,1210
CTCGGCCACTAACAAC,1210
GGGATTCGACGTAAAC,1210
TACCGAGAAAATCAGA,1210
TCCGATCAAAAATAAC,1210
TGAGCCCGCCCCTAGT,1210
TGTACCCCTATAAGCA,1210
AGGAACGCACTGAACC,1209
ATCTAACCACAAAAAA,1209
ATTCCACATAACTCGG,1209
CAGTACATTGCTGGAG,1209
CCCCTTAAGCCCACAA,1209
CCTAAATTGGCTACCT,1209
CTCACGACGACCACCC,1209
GAAATCGGTGCACTAG,1209
GAATGTAAGGATCGGT,1209
GCGCCCAGTGCTCTCA,1209
TGCCCCTAGTCGCCAC,1209
AAAAGCCCATGTGAAG,1208
AAGAGACCGACACTTT,1208
ACGAACGTAACATATA,1208
AGCAGGATCATTGTAG,1208
ATCAGCAGCCACAAAC,1208
ATTAACTGCTGTTTAA,1208
CACATATATGTCTAAC,1208
CACCAGTTCTTACAAT,1208
CCACAGACACTTCCCT,1208
CCATCCCATCCATTCT,1208
CGAGACCGACTAACAA,1208
GGTGTAAATTCTAACG,1208
TCACCATTCCAAATTC,1208
TGCGGAACCTAAAGAG,1208
TGTAGACATCAACATC,1208
AAACTGGAGGTACTAA,1207
ACGGCTTAGATACCGG,1207
AGTTCATCGAGGGAGA,1207
ATCGAACTGCGTATGC,1207
ATTTTCAAATCTAGGT,1207
CATTAACAAATGGTTA,1207
CCTTCAATCAAGTCAA,1207
GAAAAACCTTTAGAAC,1207
GCGTCAATGCACCAAA,1207
GCTCCCCTACATTAAG,1207
GGAACTTTTAAAAAAG,1207
GGCCCTTAAATGTCCT,1207
GTTGCAACGTTTTTGG,1207
TTTGGTATCAAATTTA,1207
AATTCAAGATTCCCAG,1206
AATTCCACACAACATA,1206
ACGCGACTTACCCATT,1206
ACGTTAGCACCTACAA,1206
AGCTAGAATGATCATG,1206
ATAAAACTAGTATTTG,1206
CATGTCTGACAAACCC,1206
CCGCACAAGGATGATA,1206
CGCCAGCAAAGCAAAA,1206
CGCCCGAGCTCGATCT,1206
CTACGCTTCGACACCA,1206
GAGCTTAAAATAATTC,1206
AAAATCCCAACAGAAA,1205
AAACCTAGTACATCCT,1205
AACAGAAAATCACTGC,1205
ACTATTTACAAGGTCG,1205
ATAATAAATAGATCAC,1205
CCTATGATAATGCACA,1205
CGATTAGAGGCGGGGA,1205
CGGAGTTAATCATCCA,1205
GCTATGGTAAATCATT,1205
GTTCGTTCGCTCGACT,1205
GTTGCCCTACCGATCT,1205
TAAAACCCGTATTAAC,1205
TAATTATTACCTGAAT,1205
TCGAACTAAAGCGGCT,1205
TCGGACATAAAGCCTA,1205
TGGGTTAAACAGAGAG,1205
AAAACAAAAAGATAGA,1204
AAAATTCTAATAATAA,1204
AACAACGCCTTGATAT,1204
AATGAGATAACAGGAA,1204
ACTGCTGTTGATGAAG,1204
CAACATCCCCTACTCA,1204
CCTCAGTACACCCTCA,1204
CGACCTTAAAAGTTAC,1204
CGATCTACGATAAAAC,1204
CTGATATTTGCACATA,1204
GAAGTCCTCAAAATCG,1204
GTTATAGGGTCCTGCC,1204
TAAACATTCCCTACGT,1204
TAAGTCGAGAGTGCTT,1204
TACACTATTTAATAGG,1204
TCGTAACGAGTGGATG,1204
TCTTTAATAAAATTAA,1204
TGACACCTCTCAAATG,1204
TTCGCAGTCCCTTGAT,1204
AAGCAAACGAAGATCT,1203
AAGTGGTTGTCCGAAG,1203
AATTACAACAACATGA,1203
ATACGGCTCGTTCAAC,1203
ATGTTGGGTGCAAGGA,1203
CAACTTACCACTATTG,1203
CGACGAATACCACCAG,1203
GAAAAATCCTTAACCG,1203
GAAACTTAAAAAGACT,1203
GCAAGTTCGTAAGCCA,1203
GTCACTATAGGAAGAC,1203
TACCAGAAATTATACG,1203
TATAACGCACAGTAAC,1203
TCCGTAACCCACTACA,1203
TTAAAGCCAACGGAAT,1203
ACAAACATGAATTACA,1202
ACAATGTTTTCCCCCT,1202
ACGAAAACGTGCTATA,1202
ACTACAAGCCCACGGT,1202
AGTTCACCTGAATTAA,1202
ATACCTTTCAATGGCT,1202
ATTCTCTGGCATCACA,1202
CTTATTACCGTAAATA,1202
GTTGTTGGCAAATAAA,1202
TAGATATCACGAAGCA,1202
TGGACACCAATTACCT,1202
AAACCGTACTGCGGCG,1201
AAATTTTTTACACCTC,1201
AATTAACGACAAACGC,1201
ACGTGATATAGTGTGC,1201
ATAGTAAGGCAGAAAG,1201
ATTAATCCACATCCAT,1201
CAGAAATCGGATATAG,1201
CCAAGGAGAAGGAAAG,1201
CCTTATCTAGTCAACA,1201
TGAACCGACAAAACCG,1201
TGCACTAAAATCGCTC,1201
TGTCATATCCAACAGC,1201
AATCCTGTAAAAAAAT,1200
ACACGTAAGCTTCCAG,1200
ACGAGTCACATTGTGC,1200
ACTGGCAATCAAAGAA,1200
AGAAGAAAGATATAAA,1200
AGAGGTGTTTAAATGA,1200
AGCACAACAAGTAGAC,1200
CAATGAAACTACCGCT,1200
CAGAAGCTAAGCCTTC,1200
CAGAGTTTTAATTGTC,1200
CAGTGATAACCACCAG,1200
CTAGTGGCCCAGACAG,1200
GCCAAACTCTATTTAT,1200
GTTTACACTCGGTTCA,1200
TAGCTATAATATTAAA,1200
TATAATCGCTTCTGAT,1200
TCGCCTTATGATTCAG,1200
AAATTCAGATACCATC,1199
AACACACATATCAATA,1199
AATAATTTGTCGGTTA,1199
ACGAACTGCCGGGAAC,1199
ATAATACACATGCTTT,1199
ATCTAAACCGTACGCG,1199
ATCTTGATGTATAAAC,1199
CGAGAAAGAAACCGTA,1199
CGTGGCTAAATACGCC,1199
GAAAAGGGCCAACAAA,1199
TAAACGTTACAAATGA,1199
TAGAGCCAGCACAAGA,1199
TATATGACACATTAGG,1199
TCTACGACGAAACGAT,1199
AAGAACCTTATAATGC,1198
AAGATAGATTCAAAAA,1198
AAGTAAAGAACTTTAT,1198
CTGCAGATAATTTATG,1198
CTTCAGATACCCCTAG,1198
TCCGTTTCACTTTATT,1198
TGAACAAGGACTAAAT,1198
AAACGGCCATCCAAAT,1197
AAATGGGAAATCAAAA,1197
ATTCCTTCACGCTACA,1197
CTAAACATAAATGCCT,1197
CTAAAGGCCCTTGGCG,1197
GACTCCTGGGGAACAA,1197
GTTTACACCGACTCAT,1197
TAACCAACAGATAATT,1197
TGAAAAATTGGCGCAC,1197
TGATAAAAGCGATAAA,1197
TTACATTCAAATACTT,1197
AAACCTTCAGATCAAC,1196
AAATTTTGTGGCTTGA,1196
AACTATTAATAGAAAA,1196
AATAGATACAACTTGT,1196
ACTTACTTTAGAACCT,1196
AGACGTCTAAAATCGC,1196
ATATTTCTTAAAACCA,1196
CAAGACCGATATGAAA,1196
CAAGTTTTGATAGACT,1196
CAATAATGCATGTGTA,1196
GAAGACAGACGACGAT,1196
TGGAGACAAACAAAAG,1196
ACAAACATAATCGAAA,1195
AGACAACATACCTATA,1195
CAGCCAAGTTCAACTA,1195
CATTATGATAAGTAAC,1195
CCAATAATCCTAAACT,1195
CCGTCTACTGAAGGCA,1195
CCTTAATCTTGCAAGA,1195
GTAATGCCGAACCGGT,1195
TAGCATTGATTATGGC,1195
TGAAACAAGATACCAG,1195
TGCAGAGACATCCAAG,1195
AAAAGAAACATAAAAC,1194
AAGTAAGCAATGGATT,1194
ACGAAAAATTCGTAAA,1194
ATATTAGCATACATCA,1194
ATGATGTCAACAGGCG,1194
ATGGACGTTCTATCCA,1194
ATGTGACTCTCCGGAC,1194
CCCTTCTAGTCAACAA,1194
CCTACTTGCAAGGCTA,1194
GTAAACTGCCCAAACT,1194
TAGTACGGCCACCTCA,1194
TCGTAAACCGAAACCG,1194
TTAGTAAACCTTCATT,1194
TTATAGTTTACACGTC,1194
AATGCACCTCTCCAAT,1193
ACCCAGGCCCCTTTGA,1193
CAGTAGCATATGAATT,1193
CATAAAGGAACCGTAT,1193
CATGAATCTTGGCAGA,1193
CCACATCCGACAAAGA,1193
CCCGCGGCATAACCGA,1193
CTCATTATGTCTGACA,1193
GAGCACGCTTCAATTA,1193
GATTATCTATCACAGA,1193
GCACTATAATAATTCA,1193
GTCTTGAAAATGTAAA,1193
TAAGGAGTATAGAGCC,1193
TATATCCTTCTACACA,1193
AAACAAAAACACAGGA,1192
AAAGCGCTTGTACGAA,1192
AAGAAAAACGAGCTTT,1192
AAGTGCACAAGCCGCC,1192
ACGCGATGAGATGCCT,1192
AGATTTCGCTTTGATA,1192
ATTTACTTAAAAACCT,1192
CCTTAATACCCAATTA,1192
CTGAGCAAGAACAGAC,1192
GGATAAGTAGCTACAA,1192
GTTCTCCAACTCACGC,1192
TAGATACAAAAAAGCT,1192
TATTACGCCCCTCGTA,1192
TCCATACTTGAGCCCT,1192
TCGAGGTTGCCAGTGT,1192
TGGCAACAGAATAATG,1192
TTTCTGAGATACAACA,1192
AAAAACAAAAGCCATC,1191
AAAAGGTGTTCGGTAC,1191
ACATTTTGGCCTAACC,1191
ATACCACAACGACCCT,1191
CCATACAGTTACCCAA,1191
CCGAACGTTCAGATCT,1191
CGCAAAAGAAGGATGC,1191
CGTCCACAAACACCTC,1191
GATCTGATTTAAAAAA,1191
GATTGGCAACAAAGTC,1191
GCTAGACGATATGAAG,1191
GTGAGCTAATAGCATA,1191
TCTCCTAAAATAAAGT,1191
AGATCGTGCCGATATA,1190
AGATTCGTGACGGTCA,1190
AGTAGCATAAAGAATA,1190
ATAAAAGTGTCCTTAA,1190
ATAACATCAAACCTCC,1190
CACGGGCACCAATTGA,1190
CATACAAACCAGCTTC,1190
CATACCATCGACAACG,1190
CGCTAATCTTCAAACG,1190
GCACCGTAGATTCATG,1190
GCCTTGATATAAATAA,1190
TAGCCGGAATACCAGA,1190
TCAAAGCAGACTGATG,1190
AAACGCTGGTATCGGA,1189
AAAGGATATTCAAAGG,1189
AAGAAACTATAGGATT,1189
AATCCGTCAATTGATT,1189
AGCAACCAAGCAGCTT,1189
AGTAAGTACTTTGAGT,1189
CTCATTAACATCATAT,1189
GAAGGGAAATGATATG,1189
GGACCGGGGTACTAAT,1189
TAATGCAGAGTTGTCC,1189
TAGTAAAATTTATCTA,1189
TCACAAGACTGCTGAT,1189
AAAACTGTAAGTCGGG,1188
AAACAAGTTGAATGCT,1188
AAACAGAATCAATAGA,1188
AAATACGAAAAGACTC,1188
ACCTTACGATTGTCTG,1188
AGGGGAACCTTCAACC,1188
CCCCTATACCAAATCG,1188
CGTACTTGTGCTGCAG,1188
CTAGTCCAACAAACAA,1188
GAATTCATTCAGAAAA,1188
GATCCTGGAGTCTATC,1188
GCAACTTAGTTTACCA,1188
GCTGTAAGCGCGACAG,1188
GGCAAAGCGTCAGGCC,1188
GGCTTCGGAACACGCA,1188
GTATTCACTGGCAAAT,1188
GTTGCAGCAAAGAATT,1188
TACAATAGAGAAATGA,1188
TAGAGTCATTGATAAA,1188
TAGTCCTAAAGACGAC,1188
TATCGGCATAGTAGTT,1188
TGATGGAAGACTGCAG,1188
TTAAAGACTGCCCAAT,1188
TTGGCCATCATTCGTC,1188
TTTCAGTGAACTTTAA,1188
AAGCAGCCGAATAATT,1187
AAGTCTAAAATGGCAT,1187
AGATTTAAGATTTCAA,1187
AGTAAAGCCTGGAAAG,1187
ATTTAACTGCGATCAC,1187
CACAGAACAACAATAA,1187
CAGTGTCCACCTACTT,1187
CATACAAGAGTAAACC,1187
CCACCGTTTCCTCATA,1187
CGACCCAGGTCTGTTG,1187
CGGCTGAGAAACGTCC,1187
GAACGGAACAAAAAAC,1187
GACACACAGCGTTAAT,1187
TAACAAAAATCCATGT,1187
TCAGAATCTTGCTGAT,1187
TCCGATCGATCTTCAG,1187
TGCTTTAATTATGCAC,1187
TGTGACATGACACCAC,1187
TTTAATTCAGAGAAGG,1187
AAAACAATGTTCTCTA,1186
ACATTTCGATCCAGAA,1186
AGCGGGCGCGAGTCGA,1186
AGTTTAAAATGCTGTA,1186
CATAGATACAGTAAGA,1186
CCCAAGCAAGTAATAA,1186
CGGTGCAAAACATCTA,1186
GAAACCGTTGTGTGTG,1186
GACCTCATAGAAAACC,1186
GTAGAATTGCATAGTG,1186
GTCAATACTATATCAA,1186
TGCACATCATAAAACA,1186
TGCGGCGAGAGCTTAG,1186
AAAAATTATTATTATA,1185
AATTTCGGACCTATTT,1185
ACATGTACAAAGTTTG,1185
ACTGGGAATACAATAC,1185
ATGTGCACCGTTTCTC,1185
CTCTCCAATGGTGGTT,1185
GAATGAACACATTTGT,1185
GATGAAACCCATCGGA,1185
GCCTCATTCATTAGGG,1185
GCGGAGAGATTCCAAA,1185
TACAAGCACGAGAAAC,1185
ACTGCCAATTAATTCG,1184
AGAGATCGCATAAAGA,1184
AGGATGATTCAACCTA,1184
ATGAGTTGAATTTTAC,1184
CACGCAGTATTGCACT,1184
CCTGCAATCGTGACGC,1184
GTTACATGAAGCGCAT,1184
TACTTAAAAGATACCC,1184
TATAACCAAAAAATTT,1184
TCAAAAACCCTTAACA,1184
TCCTCAATGGATATTA,1184
TCTTTGAAGCCTGTCG,1184
TGGTTGATTAACGGCG,1184
AATTTAATGAAGTTTG,1183
ACGACTCACATCTTAA,1183
ATCTTTAAATAAGTTA,1183
ATGTAATAACTTGGAG,1183
CATGAGTCTCCATTAA,1183
CATGCTCGGAGAATAT,1183
CCAACAAACAACCTAA,1183
CCCTAAAATATTTATC,1183
TCAACACTTTTCCCCC,1183
AAAAAAACAAATGCTG,1182
AATAAACTGATTTATA,1182
AATACTACTTACAACC,1182
ACAGAAAAGACATACT,1182
ACCTACAAGCAAAAAG,1182
AGGATAAGAAACCTGA,1182
AGGGCAAGTTTCACCG,1182
ATAATCACTGTCCTAT,1182
ATGAAACCCACCAGTA,1182
CCTTTCACAACAACTA,1182
CGACGTCTTATTAACG,1182
CTGTTCGAATCTCCAC,1182
GAATATTCGCGATCGC,1182
GCCTTCAAAGAAATGA,1182
GGGTTAAGCCAATTTT,1182
GTAATATACGAAAATA,1182
TATATCAATCCGCGGT,1182
TCAAATAATTTGGTTA,1182
TCATGCAGCCACAATA,1182
TCGATAAGAGACGGGA,1182
TCGGATTCCCTGGTTA,1182
AAAGGAAACCACAAAT,1181
ACCATAAATCCTCCGC,1181
ACTTCGTGTTTCATAA,1181
AGAGATCTGCTTAGCG,1181
AGTCTGCCTCACAATG,1181
AGTGGTTATACTGGCT,1181
ATGGCGAACCCCTTTG,1181
CAAGGTGTAGAACAAG,1181
CACCCATACAAATTCT,1181
CAGATCCAAAAAGGCT,1181
CATTAGAACAATATCT,1181
CCACGTACAGACCGCT,1181
CTTCCCGTACTCACAT,1181
GATCAAAAGTGCTGCA,1181
GATTTATACGACCTCC,1181
GCGTATAATCGTTATA,1181
GGATTAATGAGACCGT,1181
GGGAATGTCCAAGACA,1181
GGGTGGTTGATACCGG,1181
TAACGTGTCCTGGCTT,1181
TCAACACATCCCATGT,1181
TGGGATGAATAGGAGG,1181
TTAGTGGGAAGTAAAA,1181
AAACCAAGCCTGTCAG,1180
ACATCCGCAAGCGACA,1180
AGAATGTCTCCCGCAA,1180
AGCGTAACATCGACGC,1180
AGTAAAACACCCCCCG,1180
ATAAATAGCTGGTCGA,1180
ATATCATTTAACTAAG,1180
ATGTAACACAATAATA,1180
CAATCGAGTACCATAA,1180
CATCTTGGAAGATGAG,1180
CGACCCAAGGTCAGTA,1180
GACACTATTGCACAGA,1180
GAGGACCTTGTTAATA,1180
GATATACCCTAAACAA,1180
GCCTCCTATTCGCAGG,1180
GTAGACAGTATAATAG,1180
TAATGATAGTCGCTGG,1180
TTCATATGAATAGCAT,1180
AAAAACAGTTACAGGA,1179
AAAAATGGACACTGAA,1179
AAACCAGGAGCAACTT,1179
AATAGAGCCTGAGCTA,1179
ACCCAAGTCCAACTTT,1179
ATTCACTCTATCGATA,1179
CAACAAAAATATAAAA,1179
CCCAAGGTTCAACACG,1179
CGACGCGAACTAGAAT,1179
CGCAAGCTAGTTCAAA,1179
GAAGGCCTTATGCAAA,1179
GTATCATTATAATCCA,1179
GTGCCATCACTTACTC,1179
TACATCATTGTGTCTA,1179
TCAATACTTAAACCAC,1179
TCGGTTATACTATAGA,1179
TCTAAACCCCACTAAA,1179
AAACAGAGGCACCGAT,1178
ACACACAGAGGGGACA,1178
AGACTTATAGACTTCA,1178
ATGAGGTGTTTCCAAT,1178
CTCTCAAATTGGGAGA,1178
CTTTATCAGACAGAGA,1178
TAACTTTTTGCCGCCA,1178
TGTTATAGTTTGCGAT,1178
TTGCTAAAATGTTAAC,1178
AAAGACGGACACAGAG,1177
AACACGTGGAACAAAA,1177
AAGCGCAACATAAAAC,1177
ACCAAAGAATATCTCA,1177
AGATAAAGATAGAGCC,1177
CCCCTCCTAATAATTC,1177
GATCCCACTATAATAA,1177
GTGTAAAGTACCCGAA,1177
GTTTCTACTGGCTTGC,1177
TAATACAAATTTTTAC,1177
TACGACCATCGAAAGA,1177
TAGGCATGTAATCCCT,1177
AAAATCAAGTGTTAAG,1176
AAATAGCAATCCCATA,1176
AAGAGTTACCCGATTT,1176
ACTCGAGAAAATTTCT,1176
ATACCATCATACCAAG,1176
ATATCTCGTAGCTGTT,1176
CCCATGAAACTAACTG,1176
CTAATTGTTTAAACGC,1176
CTTAACAACAGTGCTA,1176
GCCCTGTTCCGAACCA,1176
TGATCGGTCGTATTTT,1176
TGTACTTTACCAAATC,1176
TTAAGTATCCGTTTTC,1176
TTGAGCAAGACGAGAC,1176
AATAATAATTATAATA,1175
AGTACATAATAGTGAG,1175
AGTTAACAAACAGTCA,1175
ATCGAGAAAAGCGAGC,1175
CAAGACCCTAAATATT,1175
CACTCAAATAAAAAAA,1175
CCTTAAATAAATTCAA,1175
GCCCTATGAGCCTGGG,1175
GGAAGCATCTTTTATA,1175
TAACATTCAAGGCAAC,1175
TCATCAGCCATTAAAA,1175
TCGACTTGTAGAACCT,1175
TGCCCTAGTCGAAATC,1175
TTAGTCGCTTTTACCA,1175
AATGCGGATATACAGG,1174
ACAAAGATAAAGACCC,1174
ACGGTAATGAACCCTA,1174
ATGGCACCCGAGCATC,1174
ATGTCGGTATTAAAAG,1174
CGTCAATCTAAGGTCA,1174
CTATCTATCTACCATC,1174
GCAGACTATGTCTGGA,1174
TACAACCCAGTTAGCC,1174
TCTGATAGTTTTCATG,1174
TGAGATAACCCTTGCT,1174
TGCCAAAACCAGGGTG,1174
TGTCCACCCCTTGCCG,1174
TGTTTGTCGATTACCA,1174
TTCCCACTCGAAAATC,1174
ACACAATAATGCACAT,1173
AGTTCCAACGCTACCT,1173
AGTTCCCTATAATGTT,1173
ATAAATCCTTTCTCCA,1173
ATGTATCCAAATTAAA,1173
ATTTGCTAAGATTCCC,1173
ATTTTACACTAGGTAA,1173
CACATGTTTAGACTTA,1173
CACTCGATCGGGCTTT,1173
CGAAATAGTTGAACTT,1173
CTGACGGGCTCATCCC,1173
GACTGCTTTACACTTG,1173
GGTGCAAAAGCTTAGA,1173
TAAACAAGTGGGAAGT,1173
TAACCAGAACCTAACA,1173
TAACGTTAATGCACAA,1173
TACGGAGCCTATTCGA,1173
TATACAAACTGGGAAG,1173
TCAATATGGTACGAAG,1173
TCAGGGGGCTCTTCAA,1173
TTTAGGCGAAGATCGC,1173
AAAACTCGTAGGCTTA,1172
AACCTTCCAGTTCCAT,1172
ACTAGGAACGACAAGA,1172
ATATTCATCACCTTAT,1172
ATGCTAATTTAGCGCA,1172
GAATACAACACCAGCG,1172
GCAATCCGGAATTATG,1172
GTAATGTGTGTAGAGT,1172
GTAGATTGATGTAACA,1172
GTATAGCTGCAATACA,1172
TACCTCACTATAGGAA,1172
TTTCGATTTATGACCT,1172
AAACCTCTAGACAGAT,1171
AAAGCGTTTATTAAAA,1171
AAATCGAGAAGGGGTT,1171
AAGGACTATAGACCTT,1171
ACCAGACCTCAACAGA,1171
ACCCGTTGAAGCACAA,1171
ATATTAGTGTCACCAA,1171
CACACTAACGACCCAA,1171
CAGTCCCAATGAGCTA,1171
CCAATATAATCCTATC,1171
CCTGAAACTTGCAGAA,1171
CGTAGCATGAACGTCT,1171
CTCCCAAGATCACAGG,1171
CTTACTTGACTTTGTT,1171
CTTCAGACCGCACAAG,1171
GAAGGACGAAGAAGAT,1171
GCACAGTCTTTTATAA,1171
GGACATCCAGACAATG,1171
TAAACCCAAACATAAA,1171
AAACTTACTATAAACT,1170
AAAGCGCGTTTTACCG,1170
AACACTTAGTGTAGCC,1170
AATTATGAACCCGTGA,1170
ACTAAATAGGTTTTAC,1170
ATAGGAACGGGAATAA,1170
ATCTGAAATTATGTTT,1170
CAAATGCGGAACTACT,1170
CGTAAAATGCAAAGAA,1170
GGACATAATTACGCAA,1170
TCGAGAAGCAGTTGTC,1170
TGGTATGCCAAACAAA,1170
TTATGCTAAGACGACA,1170
TTTAATATAGCCCATA,1170
ACAAGATTCTGAAACT,1169
ATCATCTGATTGAGAA,1169
ATCGTGTTAAAATACA,1169
CAACTATCTATCAACA,1169
CCTACATGATAACAGC,1169
CTTCTGCACCGACCGA,1169
GACCTATTTCATATGA,1169
GTAAATATTGAACAAT,1169
TAATAACAAGTTGGGG,1169
TAGGTCTTATTATCTA,1169
TATCATGTTTCAGACA,1169
TCACAGCGATAAAAGG,1169
AAAGAGCTGTCGCCAC,1168
AAATCCGACGAGAATA,1168
AACGTCAAATCACAGC,1168
AATATAATATCATGTT,1168
AGTGGCAACGTAGTAG,1168
ATACTAACTGATCACC,1168
ATATGTCAACCATGGA,1168
CCCTAATGCATCAGCT,1168
CGATCGTATTGTGATA,1168
CGGAGATCCATGACTC,1168
CTAATGAAATGTCAGC,1168
GAGGCTCACAGTACAT,1168
GGACCCAACCTCTCGT,1168
GGACCTAAGAAACCAA,1168
GTGTAGTCATATTACG,1168
TATACTCCACTCGATG,1168
AAAAGATGATTCTGGT,1167
AAAAGGGCTGTTAAAG,1167
AAACAGGTCTAAAACT,1167
AAACTAAATTAGAAAT,1167
AACGTAGATACTTAAT,1167
ACACATTTGAAAAGAT,1167
ACTACTTCTTCGTATC,1167
ACTTCGGGGCTTTATA,1167
AGAGTGTTCTGGTGAA,1167
AGCAGCACAGTATATG,1167
ATTCCAGCTTTCACCC,1167
CGAATGATACACCTTA,1167
GGAACTCTCCGATGAG,1167
GTATTTATTTGAAGCA,1167
GTCTTGTCCCCGACTC,1167
TCCATGTATAACGAAA,1167
TGGCCAGATTACAACC,1167
AAAGGATGCTCATATC,1166
ACATAAGATGTAGATA,1166
ACTAGCGTCAATTAGA,1166
AGCGGCTCTCCCTGTC,1166
ATAGTAAAACTCGTTC,1166
ATCCCAATGGATTGCT,1166
CAGAGCGCTTCCATAC,1166
CGGTATAGGCCTGCAG,1166
GCTCATTTAGGGACAA,1166
GGATATAATACTGTGA,1166
GGTTTTAGGGGCTCCC,1166
TAAGCTGGTACACATC,1166
TCTCGTTTCCACCATA,1166
TGCCATCAGGATCCAA,1166
TGCTGCGGCGGCAGTA,1166
AATATCGTAGTCAAGA,1165
ACAGAAGGTTCAGGCA,1165
ATCAACTACAATTAAA,1165
CGGTTTGAATGGATAT,1165
CTACGTTATATTTGTT,1165
GAAAGAAAATCCCCAA,1165
GGATGTCAGCTGAATC,1165
GTGGATCTGGCTATGA,1165
TAATCGAAGTCATTAA,1165
TAGGAGATGTTTAGGC,1165
TCATACCATATAAATT,1165
AAACTGCCACAGTACA,1164
AATCATTAAATAATAA,1164
ACCAGTCCCGCGGGCA,1164
ACGCAAGTCTGCGTCA,1164
CAAAATAAATTCGAAG,1164
CATCACTACGGCATCC,1164
CGGAAACTAACCACAT,1164
CTCAAACAAGGATGAA,1164
TAATTACTACCCGCTC,1164
TATCTAACGAGCACAT,1164
TCATGCCGTCAAAAAC,1164
TTAGGACCAAGCTGCC,1164
TTCCAATGGGCCCCTA,1164
AAAAAAAGTTACGGGA,1163
AAACGGATATAATCGT,1163
AAAGACATTCAAAACG,1163
AATGTATAAAAAGATC,1163
AATGTTTATAGATCTA,1163
ACCGTAAATTTAATAC,1163
ACGACAATCCATACAT,1163
ATAACAAAAAAGAAAG,1163
ATACATTAACGAGGGA,1163
CTACCCCTTTTAGAAA,1163
CTTCGAATTAAGTCCA,1163
GACAATACTTAAATCT,1163
GCCCTTGTGTCATGAA,1163
GTAGTCCTGGATGAAG,1163
TCGGCAAAAGCCCTCA,1163
TTAAAAAGCAAATTGA,1163
TTACGATGGCAGCCTT,1163
AAATGATTAGTGAAAT,1162
ACATTGAACAATCTAT,1162
ACCAACTTTGAAAGTT,1162
ACGTGAATAGTTAATG,1162
ACTGTAAACATTTGTA,1162
ACTTCGCATCAGTAAA,1162
ATTCCTAAAAATAAAA,1162
CGTTTGCACAAAAGTA,1162
CTAAATAGTACCGGGG,1162
GAACAACATGGAGAAT,1162
GTATCGCGAGTAATAT,1162
TTTCGGAAACTGAAAT,1162
AAACACAAATTACCAA,1161
AAGTTACATAATAAGT,1161
AATAGAGGAATAAGCA,1161
CTATCATTAAATAAAT,1161
CTTCAAGATAAATTCT,1161
CTTTCTCTAAAAGACG,1161
GTTAAATCCCCCATCC,1161
TAACACCGCTCCTTAA,1161
TGCCCAAATTAGAAAC,1161
TTTAAAATAGGAGATA,1161
AAACGAGGCCGAGTGA,1160
AATGGAATAGGCGATA,1160
ATGCGCCATGAAACCG,1160
CACACAGGTAACAGAT,1160
CAGAGTTAATCAATAT,1160
CAGGAAAAACTAGTGC,1160
CCACCTGAGGGTACAC,1160
CTAACAGATACAATAG,1160
GAACCCTTGGAGTAAA,1160
GAATAATAAAAATTTA,1160
GAATCACATTACCTCA,1160
GTGCTAGGAATATATA,1160
TAAAAAAAATTAATTT,1160
TATAACCAATATGTAA,1160
TATAACCTTTAGTAGA,1160
TCGACAACCAAACTCT,1160
TCTCAAAACACCTTTG,1160
TGCACTATCTACTACT,1160
TTATTACAGAAGTCCA,1160
AAAAGACTTGGGAGAG,1159
AAAATCTAATATAGGA,1159
ACCATGATAACGAAAT,1159
ACCTGTAACTAAACCA,1159
AGGAGTGATTCTGCAC,1159
ATAACAATATTCTTTG,1159
CAACTAGTTCCCAACA,1159
CCATCCAGTACAGGAC,1159
CCCCGTAAAAGTCGCC,1159
CCTACCGCGCCCCACA,1159
CTGGATGCGCACAGCT,1159
CTTCACTTCAGAAACC,1159
CTTCGAGATAATTCAC,1159
GAGTAAACTTATGCTC,1159
GATATGACCCCGTTAA,1159
GCCCCGCCCGGCTCTT,1159
GGAGATATTCTATCGA,1159
GGCCTGAAAACGAGTA,1159
GTGTAAAACCCTCGCC,1159
TAATTCAACGGAAGGC,1159
TAGAATAAACTCGTGA,1159
TGAACAATTGCAATCC,1159
TTTACGGATATAGAAA,1159
AAAGCAATCGTTCCGC,1158
AAATATTAGGCCTAAA,1158
AATCACCAACACAAGT,1158
ACACACGAACCACAGC,1158
AGCAGCAAACAAATAA,1158
ATTTACGTTACATCAA,1158
ATTTTTGATTTAAACG,1158
CAAAACCGGTAGATAG,1158
CATATACCCTCAAAAA,1158
CTATGAATTATTTACT,1158
CTCTTGCCTTTGTAAG,1158
GACTGACTAACGCCCA,1158
GCAATAATGCCGGGCA,1158
GTACTCCTGAAATCAC,1158
GTGGAGTAGTCTTGTT,1158
TAAACAATTCATATGA,1158
TAATAGCGCGGAATGA,1158
TTCGAAACAAACCATT,1158
TTCTCGCCGTCTGTTT,1158
AAAAAACAATATTCAA,1157
AAACACAAACTGTAGA,1157
ATAAGATATAACAAAA,1157
ATCCTTGCATGCGTTT,1157
CACACCGTACCGCCAA,1157
CAGATCTTATTAACCT,1157
CTTGGAAACAAGTATC,1157
GGCCGGCCCTTAAAAC,1157
GTTACCAACAAAGCAA,1157
TAGATGGTATCATATT,1157
TTTTTCCGAGAATAAA,1157
AAACAGATCAGATGTA,1156
AATAATAATCGGAGAC,1156
ACACAATAATTAAAAC,1156
AGCCTACATTTCAAAG,1156
ATAGTACAAGGCTCCA,1156
CAACGTAAAAGAAAGA,1156
CAATCAATTGAATGTT,1156
CACCGCGATTCGTGAA,1156
CAGTCTGTATGAATAG,1156
CGGATCACCTGACCAC,1156
GATTCAAAGAATTTAA,1156
GTAATAACTCCAAAAA,1156
GTAGACGTATCAAAGT,1156
TACACTCTACCAAAGC,1156
TCCCGCCCATTTAGAG,1156
TTAACAAGGCAAAAGG,1156
TTATGTGAGACCAGAG,1156
AAAGGACCGATAAAAC,1155
ACAAAGGACCAACATT,1155
ACAGATGAATTACCAT,1155
ATCACTAACAAAACAG,1155
ATGATCTAGCATCCGC,1155
CATGAGACGTATAATC,1155
CCAGCGCGAAGAGCCG,1155
CCCTACATATCCCGCG,1155
CTCTAGTTCAGTCAAC,1155
GAGTATTCAAAGCTAA,1155
GTATTAAACTAGCAAG,1155
GTTAAGGCTGCTAAAA,1155
TCACCCCGCGCACCAA,1155
TGACCATATACTCTTG,1155
AAAATCGAACCTGTTA,1154
AAATAAAAGAAGTGCA,1154
AAGAACCACTTAACCC,1154
ACCGTCCATTCCAATC,1154
AGGCAGAATTAACCAC,1154
AGTACCAAAACACATG,1154
AGTCGATTAAGAGGAC,1154
ATTAAGATATACAGGC,1154
CCAAACCCGATTGATT,1154
GACCGTGCAAAACCCT,1154
GATCCGTCCATATAGA,1154
GTACCCAGCCCTTGTA,1154
GTGAATTCAACTTAAG,1154
TACACGACGCACATGT,1154
TTAGAAAACCATTGAG,1154
AACGTCGTTTTCCTAC,1153
ACGCCCCTAATCCCAA,1153
CATAAATCCCGCGCAA,1153
CCCCGATTCACAATAA,1153
CCTCATAGAATAAACT,1153
CTTAACGGCCCACAAA,1153
GAATATAGTATCTTCA,1153
GTACGTGTGGCACTTA,1153
TAATAGAAATAAACAT,1153
TACATAAAGTCTGCCC,1153
TAGCACTAGTCATTAC,1153
TCATGAGAGTTTAGCT,1153
TGAATCGAGAGAACGT,1153
AACCAAAAGACAAAAT,1152
ACCGGTACTGAATAGC,1152
AGGCCAACCGATAGTG,1152
AGTATAAAGCTCGATT,1152
ATAAAACGGGGTACAA,1152
ATAACACATTACCTGA,1152
ATACACGCACAGGGCG,1152
ATGTGCTTGCTCGCTT,1152
CACTCCACATACACCG,1152
CATAACCGGGGAACTA,1152
CGGTTCGAACATAAAA,1152
GATCTCGGAATTTTGC,1152
GCGAGAATGGGTCAAA,1152
GGTCCTACGTAACACG,1152
GTTAGATTAACGGCCC,1152
TGACAATAACCTTAAA,1152
ACATTTTAAAAAATCA,1151
ACGCGAGAGGCAGATT,1151
AGAGATATTGTCTCAA,1151
AGTACACACGAATTTT,1151
ATAGTTTAAGGATGTT,1151
CAGATGTTCCGACAAT,1151
CATTGTAAACTATATC,1151
CGGGCTAAAGACTCGA,1151
GAAAACCAATCTACCA,1151
GCGGGCATCTAGACTT,1151
GTTACTAGTTAAAACA,1151
TAGGATGAACCACATG,1151
TGCCAGTACTCAAAAT,1151
TGCTGGGTAAAGTAGA,1151
TTATTAATGATATATA,1151
AAAAACATATTAGCCC,1150
AACACAAAGTACAGGA,1150
AATACGACCTTCCTTA,1150
AATTACCGACTGCGAG,1150
AGAACGTGATCAGAAT,1150
ATAATAATGAGGAACA,1150
ATCAACCCTAAAGGTG,1150
GCATCCAGGAACAAGG,1150
GCTCCGAGCATGACAT,1150
GTGTAAGCTTATTGAT,1150
TAGCAATTTTGTTATA,1150
TATTTAGTGTAGAACA,1150
AAGCCATATTGACTTA,1149
ACAATGAAATCGGAAA,1149
ATACTTTGCAGAGGCG,1149
CACAAGTATTCTACCA,1149
CACTGACTTCCCAACA,1149
CGCGCGCCCAAACATG,1149
CGGCGTCATACATGCA,1149
CGGGGAGTCAAATTAA,1149
CTAAAATAATACCGTC,1149
GGCTTACAAAAATCTA,1149
TAAGTCAGCGTCTAGA,1149
TTAACTACAACATTGT,1149
TTACCATTGAAAGTCT,1149
TTCAAATAACATTATA,1149
AACCACTTAATTTCAG,1148
AAGCGTAGGTTTACCG,1148
ACCAACTATAACAAAA,1148
ACGAATCATGTATATA,1148
ACGAGTACGCCCTTAC,1148
ACGTATTATACTATCA,1148
CAAAACTAGTTCATAC,1148
CAATCATATACAAACA,1148
CCCGGAATAGGCCGAG,1148
CTGGGTCACCACAACT,1148
GAGTCCAACCGCTACG,1148
TAAACTATAAAGAAGC,1148
TATAAACTTAAAGCTA,1148
TATATATAGAATTTTG,1148
TCACAGAAAGCTGAAC,1148
TTAATACTGGAGCATG,1148
AAAGATCGCGTGTACT,1147
AAATTCCCTTGGATTT,1147
AAATTTAACGAAAATG,1147
ACTCCTCTGGAAAAGT,1147
AGCGTCAACCAATTAT,1147
ATAGAAACCTAAATAG,1147
ATATCAATCGAGTACT,1147
CAAGCGGCTGAAATTC,1147
CCCTAAATACCCGTTT,1147
CTATGTATAGCTATGA,1147
CTCCCATGTACCGAAA,1147
CTTCCAACCACCAAAC,1147
GAAATTAGACGAATCA,1147
GAACCCAACGCATTTA,1147
GCCCTGAGTGAAATGC,1147
GTAGAACCGCATGCAA,1147
TACCATAACTTTGCAG,1147
TCCGGAAAGGACCTAA,1147
ACGAAGCCGAAGTTAA,1146
ATAATAGCAGGTACGA,1146
CACAACCACCAACGTT,1146
CATGCCAACGGCAAAC,1146
CCGATACCAGTAAATA,1146
CGAACGTAAGAGGCAC,1146
CTACATTCTCCAGCAG,1146
GAGTGTAGTGTGAAAG,1146
GGGACTAACAATCACG,1146
GGTAAACTTTGAATTC,1146
TCTTAAGATAGCAATA,1146
AAATTCATTAATAATC,1145
AATGGACGCCGCATCA,1145
ACGAATCACATCACCA,1145
AGAGCCTAACAAAGAC,1145
CCCACACGAACCAAAC,1145
CGACCTGCGGCCCGAG,1145
GAATAGTGTTGGCTGA,1145
GCGTATAACAAAATTA,1145
GCTGAACCTTTCGTAG,1145
GGAGATTAACCAAAGT,1145
GGATTATCAGCCAAAA,1145
GTACAAAAATAGCACA,1145
TATAAAAACGAATTCG,1145
TGAATCTACCAGAACT,1145
TTCTTGATTTAACAAG,1145
AGAAGTATCTCCGTGA,1144
AGCCGAATAAGTCTAT,1144
AGTTACCAATTTAAAT,1144
ATAGATGACCGATACG,1144
CAAGTAACTAATGTCA,1144
CACTACAAGAGTATCC,1144
CGACCTACATCTGAGA,1144
GAACCTTTCCTAACAA,1144
GACATGGCACTTTCCG,1144
GTCACGTTAGAAGGCA,1144
TCATTAGCAACTAATA,1144
TGCGACCACGTAACCC,1144
TGTACCAGTCACAACT,1144
ATACCTCGTTATTATA,1143
ATCCTTCCTTATCGAG,1143
ATGGAAGTCTAAACCT,1143
CACACTAACACTAACA,1143
CATTTAGATGGATGGT,1143
GAAGCAATCAATCCTA,1143
GCAAATCGCGAGCTAA,1143
GGTTTAGCCTCTAAAT,1143
GTTCATTTAAAGTATG,1143
TCGATGCCCTAATTGC,1143
TCTCATGATATACCCA,1143
TGTAAATAATTTTACT,1143
TTCCTCCCAAGACCTT,1143
AAATAAGTGCCTGACG,1142
AACTGCAATTTCAGAA,1142
AAGATTGTAATATGAA,1142
AATGAATAAATCGACT,1142
ACAGGATCTCCTGAAA,1142
AGAACTTCTGTTAAGA,1142
AGATGCGCACTATTAG,1142
CCCAATCAACCGCTAG,1142
CTAATATCAGCCCGAG,1142
CTGAAAAACTACGGGA,1142
GAAAATCTCAACCGCC,1142
GACTACTGTGCTCCAA,1142
GATCAAATATCAGGTA,1142
GGATGCCAACTAAGAG,1142
TGCTAGTCCGAGGATC,1142
AAAAAATAACGTAATT,1141
AAACTTCCTACTTACT,1141
AAAGCCAATAGTGTTG,1141
AACCTTTATTACAAGC,1141
AACTCTACATGATGCA,1141
CAGTGTATCTTCTATT,1141
CCCTTCAAAAACCCAC,1141
CGACAACCACTCCACA,1141
GCTCACTACGAAAAAT,1141
GCTCTTAAAACGCCAA,1141
GGATTATGATTGGGGA,1141
GTAGTAAATGCCACGA,1141
TAATCGAATGAGTTCT,1141
TCCCAAACAGTCTCCC,1141
TTCTTACATTGGTCTG,1141
AAATTTGCATAGCTAT,1140
AATGATATAGACTCCC,1140
AATGCATGTTCTCAAA,1140
ACAGGACCTGCAGAAT,1140
AGTCGGTATAAACTTA,1140
CACCCTAAACACTAGT,1140
CATTATTAATTAGCAA,1140
CCATGATTAGCACATT,1140
CTCCCCCAACACCTCC,1140
CTTATAGCTAACAAGT,1140
GATGAGAACAGTTGCA,1140
TAAGTCCGTCTCTATT,1140
TATCTCATACCGGGGT,1140
TCATGAAAAGGGAGCC,1140
TGGTAGCAAAACCTGA,1140
TTAGACCTACCCAAGG,1140
TTATCAATACAGTCAA,1140
AAAAACACCAAGCTCC,1139
AAAACAAATGACGCTG,1139
AATTTACCTATATGCG,1139
ACTCAAATTTTAGGCT,1139
AGACACGATTAAAAAA,1139
AGATAATCGAGCGAAA,1139
AGGAGAGTGTCATGGC,1139
ATCTACCAATCAAAGC,1139
CACGGAAAAAATAGAT,1139
CAGGAAAGCTAGACTT,1139
CAGTGAAGGACGGGAA,1139
CATTCTAGGCGCCGAG,1139
CCTTCTCTCTAAATTA,1139
CGAAATAGACATTTCT,1139
GAAGAGGATAAAAGTG,1139
GAGGCCCACTGGAAAA,1139
TACACCTAGATCCACT,1139
TGTTCCGTTACTGCCT,1139
AAATTAGCATACGTTT,1138
AACAGTTATCGAATGC,1138
ACAAACAACTGGGTAG,1138
AGAGGATAAAATGAAA,1138
AGGGCCAACTGTGTTT,1138
AGGTACCCACATGGTG,1138
CAATGTGAAAAGTTAT,1138
CCATCAACAAGGCCTA,1138
CCCGCAGAACGTTGAC,1138
CTCCAATCAGATCATG,1138
GAAAAACTAGACGAAG,1138
GATGATGTCGAAAGCA,1138
TAAGTCATAGAAAAAT,1138
TCATTATACAAGACCT,1138
TGACATATTTTTTAAT,1138
TGTACCTATAATACAT,1138
AAATGAATTTATTGAT,1137
AACTAATATGTATATA,1137
AGCCAATATGAAACGC,1137
AGCGCCTATACAATAA,1137
ATTACCATATGCAACT,1137
CGGAACGAAGAACTCT,1137
CTGTATGCATGAGGAC,1137
GCTATACAGATCCTAA,1137
GGATCGTCATCATTAT,1137
GTATATCCCCTCAGAG,1137
TTATGCTAGTTAAGCG,1137
TTGCAGTTCACCCCCT,1137
AAAAAACAATTATAAG,1136
AACTTTCGGTACTAAA,1136
ACGCCAATTTAGCATG,1136
AGTTGTGTATCTTAAA,1136
ATATGGCTCTTAAAGA,1136
ATGATTTCACAAACCA,1136
CAACTTAGGTGTGAGC,1136
CAATTCAGCCAGAAAA,1136
CAGTTAAACGATGACC,1136
CCGTCCTATGGCCCCC,1136
CTCGACTACCTAACCT,1136
GAGCACCATATATTCG,1136
AAACCTATGACTAGGA,1135
AAATACTTAGCGTGAT,1135
AAATGGAGTAAGTACA,1135
AACCTATGAAGATATG,1135
ACTGACTGGGATGCTG,1135
ATAAAATGTCTGAAAA,1135
CAAACTAATTTGTATA,1135
CGAAAAACGTAATCAG,1135
CGAGAAATCCTGCTAA,1135
GACTCTAAACAGCTTG,1135
GCAAACTTATAAACTA,1135
GGACAGTTAAGCAAAC,1135
GTTCCTGAGATATCGT,1135
TCTGATTCCGACGCGG,1135
TGCGAATGAAACGGCA,1135
TTGCTTCCGTAATGTC,1135
AAGGCTGACCATGAAA,1134
AAGTCATGCAGAAAAG,1134
ACAACTAATAATAAGA,1134
ACTAGAGGTGAAGAGA,1134
ACTAGAGTGGACTGCA,1134
ACTATCGGGTTCCTCT,1134
AGTTTTGCCCTAGGTC,1134
ATAAGGTCTAATTCAC,1134
CAAAGGTACTTGACAA,1134
CAATCGTATGAAAATG,1134
CAATGTAATTAAATGC,1134
CACGATTCTAGCCAAC,1134
CAGCAGGGGGGGGCGC,1134
CCAATATGCACCTTCA,1134
CGGCATCTAAACGGAT,1134
GTGAAATGTAAAAGCG,1134
TAAGCTTTAACAAACG,1134
TAATAGTAATTTATAA,1134
TACAGCAGATCGAATA,1134
TGGAGAACAATCAAAA,1134
TGGTTAAAATCTTATT,1134
TTAGAGACGTCTGGAG,1134
AATTTCACGTATTTTT,1133
ACCGATGAACGGCACC,1133
ACGCATAAACAAAAAA,1133
CATTTTAAGATCATAA,1133
CTGCCAATGACAGACC,1133
GCAAAAGCGCACCTTA,1133
TAGCAAATTTGGCAGT,1133
TTCCATAAGATCGTCA,1133
AACGGTAAAATGGCAC,1132
AATGCGGTAGATACCT,1132
AGAAATCTCTAAACGA,1132
ATCATTGACCAAGCAT,1132
CCCCGAACACAAAAGA,1132
CGGCATCTCGTCACAA,1132
GAAAGGAAAGTTAACG,1132
GGCCCACTACAGAAAT,1132
TACAGATGACTCTATC,1132
TGTAATGTCTAAAGTG,1132
ACCGTCTCCATAATGT,1131
ATAATACTATTAATCC,1131
ATGATGAAGAATACAA,1131
ATGGCGCAGACGAGAA,1131
CCAAATAGAAAGAACG,1131
CCCTCGCCCTTTTTCC,1131
CCTCAAGCGGTGAAAA,1131
CGCACATATGCTGTCT,1131
CTAATGAGCACCAAAT,1131
CTCACGTCCTGGTTAC,1131
GACTCTTTTCTATAGT,1131
GTCAATATTGTTACTT,1131
TACTGTCAGAGATATT,1131
TAGGCCACTAATTAAG,1131
TGTAGCTCACAAGTAC,1131
TTAAAGAGTGTTTACC,1131
TTACAATGAAACCTCC,1131
ACCTCAACATTCGACT,1130
ATAGGCAAAACACCAT,1130
CATATACGATTTTTTA,1130
GACAACTTGCATTTAC,1130
GATGGGATGTAAACAC,1130
GCATTGTGCGCGTTAT,1130
GTAGAGACCACTACGG,1130
TAAATTGACAAACACT,1130
TAATGACCAAGTATTC,1130
TACTCCACTGAATAGC,1130
TGAACTAATAGAAAGA,1130
TGATATAGGATTAATA,1130
TTCAAGATAGTCGTGA,1130
AAAAATGGTATCCTAA,1129
AAATCACCTTCACAAA,1129
AAGAATTAAGACATAG,1129
ACAACAAACTATAGCT,1129
ACAAGTTATGACTATC,1129
AGAAATTGAGTATGGA,1129
AGTAGTGATCATGCGC,1129
ATTCACGAAGATCATA,1129
CAATCTAATGGAAGGT,1129
CCATACCAGTACCAAC,1129
CGAACTGCAGATCGGA,1129
CGCCCCTTGTCTCAAG,1129
TACGGTCACCCCTCAA,1129
TGAAATATCAGAGTGT,1129
TTATGAAAAGCTCGGA,1129
ATTCTTTACCCAAATT,1128
CAAAAAACTGATAGAG,1128
GACATGATACAAATAA,1128
GACCGGGTCCCAATAT,1128
GTCCACCACTGGACTA,1128
TAAACAATAGAGTAAG,1128
TAAGATCGTCGATATA,1128
TACTCTATCTAGTCCA,1128
TAGTATACAAGAATAT,1128
TATCTCACCTTACCAC,1128
AAGATGTGTGACCTAG,1127
CCGGCCTATGTCAAAG,1127
CGATTAGCTTTATAGC,1127
GACTGTCCAAAAGTTA,1127
GTCAAAGCTCCTAAGG,1127
TGCTTAAGCATGCAAC,1127
TTAGAATAATAACTTA,1127
TTATTTTACACCAGAC,1127
TTTACAGACCTCAAGA,1127
AAACTTTCAATTCTGA,1126
AACGCACAGCCGGCAT,1126
AAGAAAAAAAGCCCAA,1126
CACTGGATTTCTAATA,1126
CGAGTGTCCCAGTTTA,1126
CTTAAATCCGGCTCGA,1126
GAGTTCACCTTCAAAA,1126
GATAACGTATTTAGAT,1126
GATTATTGTTACAGCA,1126
TAGGCGACTTAATGCG,1126
TATTCGACAATCAGAT,1126
AACTTTCATCTAATGA,1125
AAGTGAAAATCCCAAA,1125
AATTCCTTTAATTTGA,1125
ACTAAAACCTGGCCAA,1125
ATAATAGCCCTTTCAC,1125
ATACAATGTTCTAACA,1125
CCACGAATATCTATAA,1125
CTTTAAACCTCACGAA,1125
GATTATAAAAATAACG,1125
GCTTGAAACTATGATA,1125
TACCAAACCCGTGTGG,1125
TCAAGACCTAGCCTAC,1125
TCCGGAAAAAACAGCC,1125
TCTAGTGGTCCCAGTA,1125
AAACGATTTCGATGGC,1124
ACCGCTTGGAAATCAA,1124
AGATCAGACCAATTTC,1124
AGATCAGATTGCCCAA,1124
AGTACTGTACTGTTAA,1124
CAAGGTGCTATACCCA,1124
CTATGTTTAAAACGAG,1124
CTTTTGGCAGGAAAGC,1124
GACTGTTAAGCTATTC,1124
GGACTGCATTGCCAAA,1124
TAAAGGATTAATCCAA,1124
TAAATTCTGAATAGGA,1124
TAGCCAACTCACAAGG,1124
TATTTGACATCCCCTG,1124
TGGAATTCATAGTCAC,1124
AACCTTTACAGCCTAT,1123
AACTCTACCTGATATC,1123
ATACAGTTAGATCTGA,1123
ATCTGATTGGCAATGA,1123
CCACCTCAGATGCCAG,1123
GATCTCCATGTAATCA,1123
TATATATAAGCGGCCA,1123
TCAACCAATCTTCGTT,1123
TGGCCCAACCTTAGCC,1123
AAAAATTACACAAAAA,1122
AAGACACTTTCCATAA,1122
AAGACGACATTGACCG,1122
AATCAAAACGTGAACG,1122
AGAGAACAGCGTAACA,1122
AGGACACCAACCGATT,1122
ATCTAGAATAAGTACG,1122
CAAGAAACCGAAACAG,1122
CGCACCACTTCTTACA,1122
CGTCTTTAGGAATAAG,1122
GTATTATACATACGAT,1122
TAAAACTTTACCTAAA,1122
TCCGGGGTCCCCATTA,1122
TGTACAAAGAAGTTAC,1122
TGTCAAATGACTGGAC,1122
AAACCTGTCTGCAATG,1121
AACATCACCTCAATAC,1121
AACCGTTACATCATGA,1121
AATCCCATCAGTGAAG,1121
ATCTAACATATCAAAA,1121
CATCAGTACGACAACA,1121
CCACATGATCGCATGA,1121
GAACGTTGAAGATTGC,1121
GAATACTAAAACACAT,1121
GAATGAACCCATTTTT,1121
GATCACTTCAGTTAAG,1121
GTGGAACTCCTAGTAA,1121
TATTCGGAGCACGATG,1121
AACGCTCAGATCGCAT,1120
ACACGGACTCTCGATT,1120
ACTCCGCTACACTTAA,1120
CCGCGCTAACAAATCG,1120
CCTTCCCCTTAAAAGC,1120
CGACTTAATAACGAGG,1120
CTCTAGCTGCGTGTAC,1120
GATAAGCCCTTGTAGA,1120
TAAACCACTTGGTACG,1120
TCGAAGTGCCGGTTAC,1120
TTAATATTTAAAGCAA,1120
TTGACCACTACAGACC,1120
TTTACCCTTAAAGTAC,1120
AAACAGTGCTTTCACC,1119
AACTATTGTACTTCAA,1119
AACTGCGTAGAACCCA,1119
AAGCCTTTAAATACTA,1119
AAGTGAAGAGACAATG,1119
ACACTAAAACACTAAC,1119
ACTTCCCATACCGGCC,1119
AGACTCACTCCATAAA,1119
AGTAGCTACACACGCC,1119
ATAACTCACGCAAAGT,1119
ATAGATCATGTAAACT,1119
CGATATTACCTGCAGT,1119
GAATGCAATATGAGGC,1119
GGAGAGATACCTTTTA,1119
TCTAGAGAACTAGTCA,1119
TGACGTAAAAACAAAT,1119
TGCAATAATTTAACTA,1119
TGTATCGTAAGGCAGG,1119
TTAAAATCCATGAATT,1119
TTCACCAAGAAGAAAA,1119
AAGGAGAAACCCTGAA,1118
AATACGAAATAGAGAG,1118
ACAACATACAGAGTTT,1118
ACAGAACGGACGTACA,1118
AGACATACTACCCGAT,1118
AGTTTCTTGTTTTTAC,1118
CAGATAGGGCTGTTGT,1118
CCCAACGATAGCTAAC,1118
CCTGCCCTAGACGGCC,1118
CTAACGTCAACTCAAA,1118
CTAGCCGAAACGTAAG,1118
GAACAGTCAACCAATG,1118
GATATATCGAATTAAC,1118
GGGAACGGATCCAGCG,1118
AAAACATAAACAATGT,1117
AATAAGAACGATGGCG,1117
ACATAACCAATATAAA,1117
ACGAGCGGAAAGATTG,1117
ATACACAAATAATTGA,1117
ATCTGACTTACAGTTA,1117
ATGATAAATAGCACTA,1117
ATTTAAATCTAAGACA,1117
CCAATAAAAGATCGTC,1117
CGACGATTGTCTACAC,1117
CTTCTCCATGAAATAC,1117
GCGGAAGAGAAAAAGC,1117
GTACTCCCGGAAAAGA,1117
TATGCACTCTAATACA,1117
TCCACCCAGACCTAAA,1117
TCCTAGAGATAAATAA,1117
TCTCACATAGGAGCAC,1117
TCTTTGGATTTGACTA,1117
AAAATCAAAATTCATT,1116
AAAATGAACCATATCG,1116
AACAGACCTAAATTCT,1116
AAGAAGAGCCTCAAAA,1116
AATAAAACTATAAATA,1116
ACCGCATTTCAACATT,1116
ATGCACTATAAACAAC,1116
CACCCCCGCTACCGAT,1116
CGCCTGAAAGCAATTT,1116
CTATCGATCATGCCGG,1116
GAACCTCGGCCGGTAC,1116
GAAGCGAGGGACAAAT,1116
GAATGGATACGGAGAT,1116
GCTGATCTTTACTAAA,1116
GGATAACAATACGGAA,1116
TCGCACTTTACCGAAA,1116
TGCACAAAACCCATTG,1116
ATATCAAGTATGATAT,1115
ATCCACAGATACATAC,1115
ATTATCACTGCAAACT,1115
CACTCAGCTCCTGAAG,1115
GAAGTATTGTACGACG,1115
GTAGGAAACAGGGTTC,1115
TAAAATGCCATGAATG,1115
TTCTCTTCAACAAATC,1115
AATTGTGCGACCCTAC,1114
ACCCTTATATTGCTCA,1114
ACCTATAAAAGGGAAG,1114
ACCTCCGATATGACGG,1114
AGCGCAGCACAAGAAA,1114
AGTAATATTTGACCGC,1114
CACTAGCCTTAAACAT,1114
CGACAGCTAGTGCATC,1114
CGCATGACCGCGCTTG,1114
CTAGATTCTTGGACGC,1114
GAATACACATCTCGGA,1114
GCCACCTCTAATCTGG,1114
GCCTTAAGTTGGGAAT,1114
GTTCGTAGATGATATA,1114
TTCGTAACCCGGCTAA,1114
AAAACAAATTGAGACA,1113
AAATATCGCAACATTT,1113
AATGAACATCACAACA,1113
ATCAATCCTAGGTCAT,1113
ATTCTGAGAAGCAATT,1113
GTATTCTTATCATTAT,1113
GTCATTGCATATTGCA,1113
TAACGACTTACTGTGC,1113
TACTATAAAAGTTAAC,1113
TCAATCAAAGTCCTAG,1113
TGCTTGACGGTCCTTG,1113
TGTACCCACTACCCTT,1113
TTATATACTCGATAAG,1113
TTTGACTAAGAACATA,1113
AATCCAACTGCGTATT,1112
AATCGATATACAAGTG,1112
ACACCCCAGCGTGGCA,1112
ACCAATAGATTAAACG,1112
AGATAATATAAAGAGC,1112
AGGTAAATTCAAGTCG,1112
AGTCATTACTGGGATA,1112
ATTATATAATCGGACG,1112
CAAATCATTTATATTA,1112
CAAATCTTAGTCGGTA,1112
CATAATCTCAGATTGG,1112
CCAATTGGAAACGTTT,1112
GAGATGTCCTATGGTC,1112
GCTGAATGAAAACCCT,1112
TAAATAACAGGCCTAA,1112
TCAACCTAGACGTCAG,1112
TCCTCTCCGACACCTA,1112
TCGCCAACACTGACTA,1112
TGTCTAGTAAACATAT,1112
TTTTTTAAAACCCAGT,1112
AACTGATTATTAAAAT,1111
AATAATTCTTCTCTGA,1111
ACCATCCACTATGAAA,1111
ACTTTGGCCGTAACAC,1111
CAATAGGAAACAGTAA,1111
CACCATCTGGTTGGTA,1111
CCGAATGATAGAGTAC,1111
CGATCGTTTCGCACTT,1111
GAAGATCAGCCCGATC,1111
GCAATACAGGATCCTC,1111
GCATAAAGGACACATG,1111
TACATCCATGAAAGAC,1111
TAGCCAACACTCGAGA,1111
TAGTCGTACTAAAGAT,1111
TCCACTCCGTGTCCTT,1111
TGACATACTCAATTAC,1111
TTTTTACATGATCACG,1111
AAAATATACCGTGAAT,1110
AACATCGCCCAAACTA,1110
ACACTGACATGATTCG,1110
AGTGTCCACAACTGTG,1110
CATACTCGAAAGAGTA,1110
CATACTCGAAGGAACT,1110
CATCGAAATATTCACA,1110
CCACTCGCAATCACCT,1110
CCATAAGTGATAAATC,1110
CGGAGTTTGTAAATCG,1110
CTTTACACCACCGTAG,1110
GACTATAAGACAAATA,1110
GTAGTACAACTACCGT,1110
GTGACAATATTTCCGT,1110
TATTTAAGAAGCCTTA,1110
TCACTCTAAGCCGAGC,1110
TCGAACTTGATTTACA,1110
TTGTCGTTACTTTACT,1110
AAGTCAATATTATTTC,1109
AATCCCTAAGCTATTG,1109
AGAACGCACATGCCTC,1109
AGCAATAATGATACAC,1109
ATGAATTGACCCGATT,1109
CAGACTAGTTACACAC,1109
CATTTAGGGAATACCG,1109
CCCAGCACCAATTCTG,1109
CGCGCGTCTGTAAGAT,1109
GAGACTAAGACATGAG,1109
GGGTGTGAACAAATCC,1109
GTGTAATAATAAATCC,1109
TCGAAAAACAAACGCA,1109
TCTGAACCAGGATCTG,1109
TCTGCCGCCCATGTAT,1109
TGCGTTCCTCAAACAA,1109
TTGAGATACACTTAGA,1109
AAAAGTAAAGTACTTA,1108
AAGTAAATAAAAATAC,1108
ATAAAATACCCTTACT,1108
ATAAAGTCTGACTAAT,1108
CATTTGACGAGTCGAA,1108
CCCTATGAAAACTATG,1108
CTGATACAATAAAAAC,1108
CTTTCGTTAGATACCG,1108
GATAAGTAGAAGTGAA,1108
GCATGTTATAGTTTCA,1108
GCGGAAAGAATGAAAT,1108
GGAGGGCGTAGGACAG,1108
GGTCCTAAGTACGTTA,1108
GTCAGAATTAACAAAC,1108
TCCGTTTAACATTTCC,1108
TGATGTTTTTCAGGTG,1108
AAAAATGCCGATGGAT,1107
AATACTCCTAATTTAA,1107
ATTGACATATACAGAG,1107
CAAAATGAGAAATCCT,1107
CTTGATACAAATCATT,1107
GTAAGAAAGAATATGA,1107
TAGGAGGTGCATAACG,1107
TTGCCTTTTCGAAGGA,1107
AAAGCTAATTGAGAAG,1106
AATCTAACAGAATTAG,1106
ATAATCGATCCTCGTT,1106
ATAGTAACCTAGTATT,1106
ATTACCTTCTTGACAT,1106
CGAATTCCACAAAAAA,1106
CTAACAATGTAAAAAG,1106
GAATAAGAGAAAGCGG,1106
TAATGAGAGTTGAATG,1106
TACTATGGATAAACGG,1106
TGATAATCGCATATTA,1106
TTATAGGTAATTCACT,1106
AACAAAGAGATACGCT,1105
ACCTTAAAAAACCGAC,1105
ACTGATGTTGAGCAAA,1105
CACCACCGCTCACATG,1105
CATAACAGATTGCAAA,1105
CATTCGTGTCAAGGCC,1105
CTACGAAAAAATCTAA,1105
CTACGAAACGAGGAAA,1105
CTATAGGCTGAGTCAT,1105
GACAGAAAATAAGATC,1105
GTGGTATAAAATACAT,1105
TACATCCATGACGCAA,1105
TACGATATCCCATAAC,1105
TCGTACTATTACGTAA,1105
AAACATAGTGAAGTCA,1104
AACTTTATTTAACAGT,1104
ACGAACACCGTTGGAA,1104
ACGCTCGGTTTGACAG,1104
AGGGCTCAAGACGGAA,1104
GCTATATTATTGGGAG,1104
GTAAGTTACCCCAATA,1104
GTTTGTACTTAAACGC,1104
TGAAAACAAACTTAAG,1104
TGAATAGCTTACTCAA,1104
AAACGTGACCTATATT,1103
AATATGTTCACATACA,1103
AGTTAGAATCTTAAAC,1103
ATTTGCAATTAATCTG,1103
GAGCGCTACTGAAAAA,1103
GGAACCTTAGACATGT,1103
TACAGTATTAGGTCAT,1103
TATTCCACTCAAACAA,1103
ACATTAATGACTAAAA,1102
ACCAGATACCCCTTTA,1102
AGACGAACATAGCAAC,1102
AGTCCATGGACTGGAA,1102
ATCCGATTATTAGCTC,1102
CCCCGCACACCTGGAT,1102
CGCATCTGTAAACTCT,1102
CGCCGGATGCAAACTT,1102
GGAAAAGAAGATGAAT,1102
GTTCATACTATCAGAG,1102
TAAATTACAAAACATT,1102
TATCGAATTCAACAAA,1102
TATTATCAGTTTATTT,1102
TCAATCGATAAAGAGA,1102
TCTGGTGAGACCTAGA,1102
AACCTAGTTTTTCTAT,1101
ATAGGATGAGATAAAG,1101
CAAACGATCTCAAAAT,1101
CCCAATAATCTATCAT,1101
CGCAAAAATCAAAGCT,1101
GGACGCCAAGAGTAAT,1101
GTAAACTTCCATAAAA,1101
GTAACTGTTACCTATG,1101
TAACAACTGAATAAAC,1101
TACAGCCCAATGGCTA,1101
TATCATTGGAAAAACT,1101
TATTGGGATAAGCTAT,1101
TCCGAAAGATATACAG,1101
TCTGTAAAAACTCCTA,1101
AAATAAGCTAGCCATA,1100
AAATTTCCATTATCAC,1100
AACCGAATAATCCATG,1100
AAGACTTACTTGTTTT,1100
AGAAGCTGCAGGGTAC,1100
ATGAGACTAAATAAGC,1100
CTAACTGGACTTTGTA,1100
CTGGCTAATAAAGGTG,1100
GAAAAACTTTGTACAT,1100
GAGTTTTTATTAAGCT,1100
GATAGCAACGTATACG,1100
TAACTATTAATATTTC,1100
TAAGTAAACTATGGCT,1100
ACTGTTATTTCGGCAT,1099
ATCCAAGCTTGTAAAA,1099
ATCCCTCTACTAACAT,1099
ATTCTGGTACTTGGAC,1099
CAACAACAACTAACAG,1099
CCTCGACATGAATAAA,1099
CGTAATGCTTACCGTA,1099
GAAGCCCGTCTAACTA,1099
GGACTCGCAGTCATTC,1099
TACATCTACTTAACGA,1099
TAGTAAAGTTATTTAA,1099
AATGTATGGCTTCAAA,1098
ACTTAATGACACGCTC,1098
AGGACACCATGTCTAT,1098
AGGCATCACCCTGGGC,1098
CATCGTGTACATGTCT,1098
CATTGTGAGTTCATAT,1098
CCAACCTATAATACCT,1098
GATCAAAACGATAAAA,1098
TCCTACTTATAGTTAC,1098
TCGATATCACACAACC,1098
AATTTTAATTAATCAA,1097
ACAATGTGCGTAGTTT,1097
ATCCTACAATCCTGTA,1097
ATGGATGAGTGTAACA,1097
CAGACCAACTAAAGTT,1097
CATGCTTCTCACGATG,1097
CCAGATGAGAGCTAAT,1097
CTAATCGCGTCCCCAC,1097
CTACCTATGAAGACTT,1097
GATGTATAAACTTGCA,1097
GCACATTCACCGTCAC,1097
GCGAACAAATTTCGTG,1097
GTTCGCAACAGGAAAC,1097
TATTTATATTTTATGC,1097
TGTGCATTAGTAATCT,1097
TTAATGTGTAATTCTA,1097
TTTAAGCAGCGCTCTA,1097
AAAAAACGATAGCCAA,1096
AAAGATTGACCCTAGA,1096
AATTATAAAAATCACT,1096
ACCGCTATCATAAATT,1096
ACTGAACATCACAACC,1096
CACTGAGGTTCAAGCA,1096
CCGGCTCTACTTGTGC,1096
CTAAGACAACAACTCT,1096
GCACGTCATGCATATA,1096
TATCTGCGCCTGACTA,1096
TCGTTAAAATAAGATG,1096
TGTTAAGTCATAACTA,1096
TTAAAAAATATAAAGC,1096
AATGTCTCAGTACTTC,1095
AATTTATGCTACTACT,1095
ACAGACGCGATTGTGG,1095
CCCTTCATGGACGATG,1095
CCTCAATAAGCTCTAA,1095
CGAAAAAAAAATGACA,1095
CGAGAGCCATACAAAC,1095
TAAACAGAAAAATTAA,1095
TATACTAACTTATGTC,1095
TATTTAGGACGGCCCA,1095
TCATACATCAAAATGA,1095
TGCTAATAGATTACAG,1095
TTCCTGAAGCCTTTAA,1095
AAGATCCATGAACGAT,1094
ACAAGCATGTATCATC,1094
ACCCAAATTAAGTCAC,1094
AGAAGAAACCGATTAC,1094
AGACGTCTCACAGCTC,1094
AGGAGATACGTAACAC,1094
CAGTTACTCGCATCAA,1094
GAAATTTCGAACAAGG,1094
GACCTAAATGCTCAAC,1094
GATTGATAAGCAATTA,1094
GCTAAAAAAAGAGAGT,1094
GGAGAAACATTTTCCG,1094
GTGCTCGTTATAATTC,1094
TAAATGTAACAGGCAC,1094
TCGCTATATTAGACAT,1094
TTCTACATTCGTTAGT,1094
TTTATCTGATCAAACT,1094
AAAAAGCAAGATAACA,1093
AAAGCGGCAAAAAAAC,1093
AACCCAGAGCCGACTA,1093
AAGTATGAAACTGGCC,1093
AAGTTTGACCTCTTTT,1093
ACACTCGGCATTCCGT,1093
AGCAAGGCGTGTAAGA,1093
AGCCCCGATATTAGAC,1093
AGCGGTAATTCGTAAG,1093
AGTTCAGTGTCTGGCC,1093
CGACCTTATATAATCT,1093
CTAAACTTCGGCTCGC,1093
GAATTTAAGCAAATAA,1093
GATCAAGTCCTGTCTT,1093
GCACTCCAATCATCTA,1093
GCGAGTGCGTGTTAAG,1093
GGAACTAAAGTTCACA,1093
TGACGATTTTATTAAA,1093
TTACTGAACGCTCGAT,1093
TTCTCGCCCAATCAGC,1093
AATACCCGCAAATAGG,1092
AATTGGACGGAAATCA,1092
ACATCTAACAATCAAC,1092
ACTAAGATATATAATA,1092
AGATTATAAGAATAAC,1092
AGCCTACAATAGATCC,1092
AGGAACGTGGCTCTTA,1092
ATTACCAAAATATAAA,1092
CCTACCAGGCCAACAG,1092
CTGCCGACTTAAAAGG,1092
CTGTCGATGATAAAAT,1092
GCCCGCTGTTACAGAA,1092
TACCCAACGTTGACAC,1092
TGCTAAGCCATCAACG,1092
TGGCCGCAAAAAAACC,1092
TTTGCTGCTTGACTTA,1092
AAACACCAAAATTAGG,1091
ACACATATGTCGTAGA,1091
ACATAAATCTGGTTTT,1091
AGGAGAAATGAGCTCT,1091
ATAACACTCGTAGAAC,1091
ATGTGCAAACATAAAA,1091
ATTGAGATGTCTATAA,1091
CAAAAAGAAACTACTT,1091
CTAAAACAACCCGCAC,1091
GAAATTCCTGTTTTAA,1091
GAATATCAAAATCCTC,1091
GTGCAGGACCAACAAA,1091
TACCTCTCAACCTTTG,1091
TCGGATCGTTATTAAG,1091
TCTCTAAGTAATGCGA,1091
TGGTAGAAAAATAGCC,1091
AACTCATCAACACCAT,1090
AGATGCTAAATATTCT,1090
AGCATATTTAGCATCT,1090
ATCACTGAATGGATAC,1090
ATGTTGAGCCAACGCG,1090
CCCATATAGCTGGCTC,1090
CGCAAAAAGTAACTAC,1090
CGGACAACATCCGCGG,1090
CGGGTATCTGTGATTA,1090
CGTTGAATCAACTCAC,1090
GGACAAACACTGTACT,1090
GTAAGCTACACTTAGG,1090
TCAAACAGTGACTAAT,1090
TGTCCAGACCGGGTAC,1090
ACCAATTCCTGCAACT,1089
ACGACTTTCTGTCGCA,1089
ATTAAACCTAAATAAT,1089
CACGAGGACCCGTACT,1089
CAGCATAGTCCGCCCT,1089
CCTGCGTCGAGACTTG,1089
GAACATATATGAAAAA,1089
GACTGAATGGTCGTCA,1089
GAGAGGGCACCACCAT,1089
GATGTAGAGTACAATA,1089
GGTAATGAGTGATACG,1089
TCGATTCGGACCTCTT,1089
TCTCATATGGCCATCA,1089
TGACCCGATATTAGAC,1089
TGCTGTTTCGCTTTGA,1089
AAAGGCGACCTTAGTA,1088
AAGGCAGGACAAATCC,1088
ACCAGCACGCAGGCCT,1088
ATAAAAATTACTCCCC,1088
ATCTAAAGCTCTGCTA,1088
CAATAAACTTGCTAAA,1088
CTATCATTTAATATAA,1088
GTGATATGACTTGTCC,1088
GTTGGTCGTACTTCAA,1088
TAACTAGGTACGGGAA,1088
TAATGCAAAACATTCC,1088
TAGAACCTGCGGGATG,1088
TATGGACTGATAGAAC,1088
TTGAACAACATCACAG,1088
AAATTGCCACTAATGA,1087
AAATTTCCGATCTCCT,1087
AACTTTACAGATCGAT,1087
AATTTGCTCCCTAATC,1087
AGAAAACATTCCGTGG,1087
CCTTTTATAGCATTGT,1087
CGGCCTCAACGACAAC,1087
CTCGAAACTAAACATC,1087
GCGCCTTTAAGATTAA,1087
GTAACATATAAAATAC,1087
TACTCTAACTTTAAAA,1087
TAGCAACCCACTTTCG,1087
TTCAAACAGAATCTCT,1087
TTCCAACGATCTAAGG,1087
AAAAATAAGGAAAGGG,1086
AAAGCCGCGCAGCTAA,1086
ACTTTATGTTATTATA,1086
ATAACTTTGCATCCTG,1086
ATATGTGACGAGAATA,1086
ATTAGTAAATACTAAC,1086
CAACCTATCTAACGGT,1086
CATCTACTCGTTCGCT,1086
CATGGGCACAGTAGGA,1086
CCCGGTGCGAATCACC,1086
CTCAATTATAATTCCG,1086
CTTGGAAGTGTGAAGG,1086
CTTTCTAAGAATAGCA,1086
GACTCGGCGACGCTCG,1086
TATTATAAAAAACTTA,1086
TTAAGTGAAGGTCTGC,1086
AGAAAGTGAAGCTCCC,1085
ATCAAAAGTTGAATAA,1085
ATTACAACAAGGACGG,1085
ATTAGTTCACACAACG,1085
CATATTCTAGAGACAA,1085
CCCCAAATATACCAAA,1085
CGTACCACACGGCGCA,1085
CTGGCGCCAGAAATAC,1085
GAGCTGCTATATAATA,1085
GATTCAATAACAACAG,1085
GCCCATTAGCGTCAAG,1085
GCGTAGTTGCCTACAT,1085
GTTTATTAGAACAAAA,1085
TACGCGAGATGAATCC,1085
TTAGAACCATATAACC,1085
TTATCCATTGTTACGA,1085
ACACGCCCCGATACCC,1084
AGAATATGTGCTAAAT,1084
ATATGGACCTGGCGTA,1084
ATTTTCGCCTACATCA,1084
CCACAATGCATTTCAA,1084
GAAAGGCAACAATGCA,1084
GAGACGCACTGGGAAT,1084
GATCCAAACTGTTTAG,1084
GCAAATCCGGCTGCGT,1084
GCGTAGTAAGCATTGC,1084
GTAATCGAACTAAACC,1084
GTAGACTGACAAAGAC,1084
TATAAAAGCTATAATG,1084
TCAAAATTCAAAAAAC,1084
TGAATCTTAACAAAAC,1084
TGCGGCACTACTGGAA,1084
TGGGTGTTCTGCCAAG,1084
AAAACCAAAAGGATTA,1083
AAGACGATCCAAAGCT,1083
CTACGATCAGAGCATA,1083
GACGCTTAACAGATTT,1083
GCTACTGCGTAGAACA,1083
TAGAAACGAACAAATC,1083
TCTGATTTTTGCAAGC,1083
ACGAACGGAGATCGAG,1082
ACTTCATATAACAACT,1082
AGATGCCTCGGGTTTA,1082
ATCCATGATATCTTGT,1082
ATCTTGTTCAGCACAG,1082
ATGCACGGTAAAACGG,1082
ATTAACTCGTTGGCTG,1082
CAGTGCAGCCACACTT,1082
CCACATTGCGTACTCC,1082
CCACTCTGTTAAGTAA,1082
CTTAGCAACCAACCTA,1082
GAAGAGTAGTCTGAAA,1082
GCAAAAGCGAATAGTG,1082
AAAATCATCTCCTTGC,1081
AAATGGTAGTGTGAAT,1081
AACATATAGATAGAGG,1081
AAGGTAAATTCATGGT,1081
AATATCAAGTCTACTG,1081
ACGGTGTATGATTACA,1081
AGAAATAGGTAATCCA,1081
ATAGCAATGATGTTTG,1081
CACTTACATACCGTTA,1081
CATAGATAACAAGTTA,1081
CCATGACAGTACATGA,1081
CCCTGATCTCCACAAG,1081
CGTATGCGTTTTCGGA,1081
GACGCAAGGAAATACC,1081
GAGAACTCACCAGCAC,1081
GCGAGTCATTGATAAA,1081
GTAATATTATATAGCA,1081
TACTGACCTATATCAA,1081
TGTTAGCACACAGTCC,1081
TTAACGACAATTAGGT,1081
TTATGCCAAGTTGATA,1081
AATCCAATCATGAATC,1080
ATGGTCAAAACAATAG,1080
CCAATCGGAACATAGA,1080
CGATCAAAGGTCAAAG,1080
GATTTCACTCATAAGG,1080
GCACATAACAAACAAA,1080
GCCCAACATTTTAAAG,1080
GCCTATAAATAATTTT,1080
GGCTCCTCGAACCAAA,1080
GTATAATCACCAAAAA,1080
TCAAAATCTATTAGTA,1080
AATAATTAATGCTTTT,1079
AATAGTGAGGGGTCTT,1079
ACAAATACGTGGGGAC,1079
ACGTACGGATCTTCAT,1079
AGACGGCAAGACATGA,1079
AGATCGGCAGCTATTA,1079
AGGCCGCCTCGTCAAG,1079
ATCAAACTCTGAAATC,1079
ATGAAGCTCGAATATG,1079
CAACATTTCCTCGTGT,1079
CAACGGCCTGCAATTA,1079
CACCGCATACAATCGC,1079
CCCAACTATACACCCG,1079
CCCACACTTATGTGAA,1079
GCATCCGAAAATTTTA,1079
GGGTGCAGCACGACTA,1079
AAAGCCTGTTCTAAGA,1078
ACCCAGTATCCAAGCC,1078
ACCGCAGGGAATTAGA,1078
ACGAGTGGTTGCGATA,1078
AGGGCCAAATTTCCGA,1078
ATATAACGATAACAAG,1078
CATTGTATTTCGATTT,1078
CTAACTCAACAATGAA,1078
GATAGCCAGTCAGCAA,1078
GATGATCAAGGGGTAC,1078
GCTTAGCCATGCCTTA,1078
GGACTATTTGATGGGA,1078
GGCTATGATGAGCGGA,1078
TAACTTACATTAATTA,1078
ACATTCAGACACTCGC,1077
AGGTCCCTCAAACCAC,1077
ATACCTACACGGATTA,1077
ATTAAAAGGACATATT,1077
CATAGATACCTCAGCC,1077
GAAGCTACGCCACATC,1077
GCACTTAATAACGATA,1077
GTAAAACTCATGAAAG,1077
TAAACTACCCGTATAA,1077
TAAAGCACTCAATGCC,1077
TAACTTATACAGGCGA,1077
TCACCGATGCAAACAC,1077
TGTATCAAGTTTGCTA,1077
TTAGATAAATCCTAAT,1077
TTTCCCGCATCACTAG,1077
AAGGTAAACAAATCCG,1076
AATGGCCACTAAGACA,1076
ATATCTGAGTATGCGA,1076
CAGACATGCTTAATCA,1076
CATTAGGACAAACAGG,1076
CCACAATCCTAATTAT,1076
GATGAACCATTAACAA,1076
TAGTGCCCTCGACATA,1076
TCATACAAAATAATCA,1076
TGAGTAAAATCCAGAA,1076
TTCAGTGATGTAAGGC,1076
AAAAAAAAACTTATAC,1075
AAACAGGCATAGGGAG,1075
ATATAGAAGTCCACCT,1075
ATCGTCCAGTATTACG,1075
ATTGTAACAAATGGAT,1075
CAATCAATTAACGAAG,1075
CAGCCCCACTGGAGCG,1075
CTTAATGAGGGAGATG,1075
CTTTTCGAATATATAC,1075
GGACCACTGCATTAAC,1075
GGGCAAGATCCCTCGT,1075
TAGATTTACCCGGCAA,1075
TCCGCATCGACCTCTA,1075
TGCTAACACCAACATG,1075
AGCAAGGGTGTAACAG,1074
AGTCAGAAAAACTCCT,1074
ATAGATCGCTGAAGGG,1074
CCAGTTGACGTTAGTG,1074
CCCTAGGGCCGAACAG,1074
CGCGCAATGTCACATG,1074
CGGCTTTAGATATTCG,1074
CGTCCGATAGATAAAA,1074
GCATGACGAACATACG,1074
TAGTTAATTAATAGGA,1074
TCCAACCTAATGGTAG,1074
TTACTTCGTCGATAAA,1074
TTAGTGTCGACGTAAT,1074
AAATAAGATAAGTTTG,1073
AACTAACCCGGGGCTT,1073
ACTAGTTCTGTTTGAA,1073
AGGTCCTAGACAGAAG,1073
CAACGATTAAATTTGT,1073
CATCTAGTCATTGGTT,1073
CGGGAAATATAAAAAT,1073
CTATAGTTCACGACCA,1073
CTATCATGAGCTCATG,1073
CTTCGCATGTCTAATC,1073
GACCAAATAAATCGAA,1073
GAGTTAAGACCCATAA,1073
GATTTAAGTCCTTAAG,1073
GGGCGTAATTCAGGCG,1073
GTGGTACAAATTAACC,1073
TAATATTAAGAATTAG,1073
TTAGGACATTGAAAAC,1073
TTATTATCAGAGAGAC,1073
TTGACCAATGAACCAC,1073
AAAGTGTCGTGAGCTA,1072
AAGGTACTACCATACT,1072
AATATGAAAGCCGAGA,1072
ACCAAATGCGAACTAT,1072
AGTTAAAGATGGCCAT,1072
ATGGCCTGCATCTTCC,1072
CAATTCAGGATCAACT,1072
CAGAGATTCTAACTTG,1072
CTCGTAATATCAATGT,1072
GCTGGGGTCGTACATA,1072
GTGAGGCGAAATAACC,1072
TACTATTGAAATGAAA,1072
TGCGCCTAAGGAATTA,1072
TGGATTGTAATGGGAC,1072
AGAATTCCTTTATGGC,1071
AGGAAGCAGTAACATG,1071
AGTACTGTTAACAAAT,1071
ATAATATTTATAACCC,1071
CACCTTTAAGAAACCA,1071
CAGTTCCAAAAGGCAC,1071
CATGCTCTACATTAAC,1071
CGAACAAAATAAGAAT,1071
CGACACTGGTAGTGAA,1071
GAACAACTTGCACTTG,1071
TACACTAAATCAAATG,1071
TACAGAACGACACCAC,1071
TATGAGCAGGTCGTTA,1071
TCCCAGCCCCTTCACA,1071
TGATCTGCAATAATTA,1071
TTTTTCGAAAAACACA,1071
AGAAAATACAAGGTCT,1070
AGCAGTTATACAGTAA,1070
AGTGAATCACATGCCA,1070
ATCATCACGGATCTCT,1070
ATCTTAACTGCACGTT,1070
GATGATAAATTCTTAT,1070
GATGCCTTTCAGTACT,1070
GCAGCGAACCTAGAAC,1070
GCTTTTCAGTGTAAAA,1070
GGTCAACCAGGGGGCC,1070
TAAACAGCATCCGAAA,1070
TAGACGACTGAAAATA,1070
TGCTTAAATCCTAAAG,1070
ACAAGACAAAATAAAT,1069
ACATGAGACAAAACTG,1069
ATCACCTACCGAGGTA,1069
ATGCCTAAAATGGAGT,1069
ATTGCAGAGGTGGAGC,1069
ATTTATTAGAGCAAAT,1069
CATGTCCCCAACGCAT,1069
CCGACATAGTCGTAAT,1069
CGCATAGCAGTGAAAG,1069
CGGCCTAACGGGATAG,1069
CGTGGAAACCAACTAG,1069
GAAAAGATATAAAATA,1069
GAGAAAAAAGCTATAT,1069
GAGACTAACAGGTCAT,1069
GATGTAATCTGCTTGT,1069
GCAGCCGCAAACACAC,1069
GCGGCTAGCGAAGTGT,1069
GGAATACAAAAACAGT,1069
TAACGAAACAAATTCA,1069
TGTACCAACAATGGGT,1069
TGTGATTATACTACAA,1069
TTAATTTTAGCCAGTT,1069
AAAGTAATAAGTATGA,1068
AACATGCTAACTATAG,1068
ACCCCCCATCCATATC,1068
ATGGTACAAAAGAGCC,1068
CAAAGATTATAAGCCG,1068
CATTGTGTGACGCCAA,1068
CCCTAAAATTGTGCCT,1068
GACCATGCATAAAGAT,1068
TACTAAAACTTTATCA,1068
TCATTGACATTAATAT,1068
TCTATACGTCCAACCA,1068
TGACTGATTTTGGTTT,1068
AAACGGAAAGCCTACT,1067
AACCTTTACTGAGAAA,1067
AACTCAACTGATTTCA,1067
AATGCTTACTAGGCAC,1067
ACAGTACAAATTCTAA,1067
AGAGAAAGTAGACACC,1067
AGGACTCGTGTATCTC,1067
CAGGACATAACAGATA,1067
CGATCAAATGGAGGCA,1067
GATATATTATACAAAG,1067
GCGTAATCGCCATATG,1067
TCAGACTAGTAGTCTA,1067
AAAATGAGGAGCAACA,1066
AAACCCAAAGGACCAA,1066
AATGGTCGACCCGAGT,1066
ACAACACAATATTATC,1066
ACTATGGATCGACGCA,1066
ACTCGCGCAGATAAAG,1066
CAATGATATATACTGA,1066
CACTCTATTTAACAAA,1066
CTAAAAACTCATATTA,1066
CTAAGGGATCTTTAGA,1066
GCATACTTCCCGAAAT,1066
GGAATTGCTTTTCAGA,1066
TACGCATATGAATGCA,1066
TGGACCATTATGGCGT,1066
AAACTGTCAATCATCA,1065
ACCACAAACTCTGACG,1065
AGGTACAGATACCCTG,1065
ATACTCCAGGTAACTC,1065
ATGGGCTGAATACGTT,1065
ATTTGGTTCTATGATT,1065
ATTTTGACTCGAATAG,1065
CAATAAAACCTCATAC,1065
CTTTCGCCTACCTGGC,1065
GACATACAATTATACA,1065
GCAAAAAAAGATCAGC,1065
GGATCATGTAGAGAAC,1065
GGGGTGGCAAAATTAA,1065
TCACAAGGACCCTACT,1065
TTCGAGAAATGAATGA,1065
AAAGATCGGCATCTAT,1064
ACGCCCACTCGAGATT,1064
CAAGTGGAAAAGACTT,1064
CAGACCAATTGCTGCC,1064
CATTTTCCAGTATACA,1064
CTTTCATACTACCGAA,1064
GAACGAATTCGTGCCT,1064
GCCATGAACTTTAATT,1064
GCTATAGATTAAATAG,1064
GGAAAAAACGATGGAA,1064
GGCGCCAGTGACACAA,1064
GTTCACGGACCTTATA,1064
TAATCAGCATAATTTA,1064
AAAAAGGTGAATATGT,1063
AGACTAAAATAATTCA,1063
ATTCGAAAAAGGCTAC,1063
CTAATTATTTATTGAA,1063
CTGCCTGGATTATAGA,1063
GAGTCCGTCTAATCTA,1063
GGACACATACATTTTT,1063
TCTAACGGAGAGCTTA,1063
TTTATACCCCACATAT,1063
AAACTTTGAAAAAAAT,1062
AAAGTATATGGGTTCC,1062
AAGAGATAATCAAATC,1062
ACATCCCACGATGATG,1062
ACTCATCTAGTAAAAC,1062
ATCAATACTTCTGAAT,1062
ATCAGTGGAGAAATTT,1062
ATTCATAAAAACTGCC,1062
CAACTATGCAATTAGA,1062
GAGATATCTATGTGCA,1062
GCCCATATAACCTGAC,1062
GCCGTCACCAAAGACA,1062
GCTTGCTGATTGTGCA,1062
TAGCTCTACATTACCC,1062
TAGTCAAGATTAAATA,1062
TATGACTAATAACAAT,1062
TTAGTCCTAAGGCACG,1062
TTGAACGCGTAGATGA,1062
AAAAAGTGTAAATCAA,1061
AAGTTAAGTCGGATGA,1061
AATAGAGCGCCGAACC,1061
ACGACCCGATCGGAGC,1061
AGGATAGCCTATATAG,1061
AGTACCTTCCTGAACC,1061
ATTGCTAAACCACATA,1061
CAGTCGGCAAGAATCT,1061
CATACAATTTTCAATT,1061
CCACTTTGGCTGGACT,1061
CTACAAGTAACGAGTA,1061
CTACGAATAACATAAA,1061
CTGGCTCCATGGTACT,1061
GAACTATGACATCAAG,1061
GACCAAATCCCTAGTA,1061
GCGCAATGTTTGCCTG,1061
TACAGTTCACGAGTCA,1061
TTATGAGGCCAAGGAA,1061
TTCTTATCAATCCACA,1061
AAACAAACTTCCTGGT,1060
AAGAGGCAGGCGAACT,1060
ACCCCTATGAAGATAG,1060
AGTACCAGGCGAAAAT,1060
ATATGTCAGCAGGATT,1060
ATCCTCCCTTTTACGA,1060
CAATAACTAACCTCTC,1060
CGTCTTATTGCATCGC,1060
GATGCTTTAGACATTA,1060
GCTGATCAACACTGAC,1060
GGGCTGGAAATCCTAA,1060
TCAAAAACAGTATTGA,1060
TCAATCTTAATCGGGC,1060
TCCTTTAGGAACAAAT,1060
TCTGACATAATAAAGA,1060
TGGTTTCAAATACACG,1060
TTACCAAATGCCCACT,1060
TTTGAATGATGAACTT,1060
AAAACTCTTGCAGAGA,1059
AAGAATCAAATCTCAA,1059
AATGCACTGCGGCGAT,1059
ACCTACACTTTCATAC,1059
ACTTAAGAGCTAGATT,1059
AGAGCTCCAAAGTTAA,1059
AGCATTTAATCCACAG,1059
AGTGATAACTTCAACT,1059
CTCAACATAGCCAAAG,1059
GCGTCCTAATAACTTA,1059
GTAAATACTAATAGCG,1059
TAAAGGTTAGGTATAC,1059
TAACTTTCCAATGACC,1059
AATGCCGCCACAAGTT,1058
ACTTCGAGACATCTAA,1058
CAAAAAAATGCGAACC,1058
CACACCATAATTTCAT,1058
CTAATTTAATACCACG,1058
CTCGACTTGAGTCTAA,1058
CTGTAAGAGGAAAATC,1058
GACCCAATCCACATGC,1058
GACGATCCTTGCATAC,1058
GGAGGCGTGCGAGCAC,1058
GTGCGGCCCGATACAA,1058
TCAAAACAGGGCCGCT,1058
TGACGAGTCACTTAAT,1058
TGAGTGCCATCGTTCG,1058
TGGGGTGCTTTCCATA,1058
AAACCAAATAAAACCT,1057
AAGACCATAGACTTAA,1057
ACCATTGAATCCGCAA,1057
ACCTGACTGCCCAGGT,1057
AGCAGGAAAACACGAA,1057
AGTAGCCATTACCGGT,1057
ATGGAAACAATTAATA,1057
CACCGGGAACGGTTAA,1057
CACGGAATCTGTCTCT,1057
CATGTTGTACACTAAC,1057
CCACACAGGCCTGCCC,1057
CGAAGTGGGCTCCGTT,1057
GACCGAGTACTTGGGA,1057
GACTAGAACAATTTCC,1057
GATTTAACCAGATAGG,1057
GTAAAAAGCTTAGTTC,1057
TAAGTTCGTATAAACA,1057
TACAGGATCCGAAATT,1057
TCTAAACAAGAAATTT,1057
TTTGACTTCTCAATAA,1057
AAATTTCACGTTGAAA,1056
AGAACAACCGGGCGTT,1056
ATAACCCTCCTATTGC,1056
ATTACAATCTCCGTGC,1056
CATAATTTCGGCACGC,1056
CATCACGGGGGGAGAA,1056
CCACTGAATTAAGACC,1056
CTATACATGAAAGCTC,1056
CTATCGTGAAAAGGAC,1056
CTCTCTATTCAAATAA,1056
CTTAAATGCTGCCCAG,1056
GACCATAAATTATATA,1056
TCAATAACGTAAAAGG,1056
TCCGTCTGCTAGATAA,1056
TCCTTCAACCCAACGG,1056
AAAGGCTAAATACCCG,1055
AGAAATCAGACTATTA,1055
AGAAGAATTCATACCC,1055
ATGAATTGAGATTGGT,1055
GAATAACACCTACGTT,1055
GATTAGAATGGTACAC,1055
GGTCAATGCTCCCCGC,1055
TTATAACCTACAGTAT,1055
AACAACAGTGGATAAT,1054
ACTACCGTTGTTGGTT,1054
ACTCGGCTCATACGAA,1054
ACTTTTAATGAAGACA,1054
ATAATATTCAAATAAC,1054
CAAAGCGTAACAATTG,1054
CAGTAACAGCTGTACC,1054
CATCCACTGCTTTCCA,1054
CCCTTATGTTTTGAGT,1054
CCGCGGCAAAAGACAT,1054
CTAATTAAACCGAACT,1054
GACATAAACCACAACG,1054
GCCCTCTACGTTTTAA,1054
TAACACTATTATCCCG,1054
TAGAGATGAATAACTG,1054
TATTCTCCGAAACAGG,1054
TGCGTAGTCGTCAAGT,1054
AACGAGACTCATCTAC,1053
ACACGACCCACTTAAA,1053
AGACGATCTCTCGACC,1053
AGAGCTACATATGGTA,1053
AGCAGAAAGTGTAATC,1053
AGGCAGTAGCAGAAAG,1053
ATCGATGAAAGGCGAT,1053
ATTGGCGCAGAGACTC,1053
CAAGTACGTTCATAAC,1053
CAGCCATAGGTCATTA,1053
CCTTAAAATCCATCCA,1053
CGCAGTATAGACGCAT,1053
GAAAATTAAGATCGAG,1053
GAACCTAAAACGGTTC,1053
GAGACATAACCACCAG,1053
GAGGCCATACCAATCA,1053
GCGCATAAATTGCCCT,1053
TAAGGGCTATGAGAAA,1053
TACCGGCGATATAAAA,1053
TAGACCGGGGCGCACA,1053
TAGAGATAAACGTAAA,1053
TCCTTATCCTACAAAA,1053
TGTTCCAGTTCAACGG,1053
TTGATAGGTAGACGAA,1053
TTTCACCTTATGAATA,1053
AAAGGAAATACATAAC,1052
AAGCCACATAGAGAAT,1052
ACATAAGAATTCTATC,1052
ACGCATAAACATACGT,1052
AGCCCATAAAGGTAGT,1052
ATCTTATTTCACTCGG,1052
CAAAGCAAATCTAAAT,1052
CCCTAACAGGTTAAAA,1052
GAAAAAAATCTATTCA,1052
GCACTGTAAACTCATA,1052
GCTAAATCCCAGACAC,1052
TGAATACAAACATTGC,1052
AAAAAATAGCTTTGAA,1051
AAACGTAGGCAACCAT,1051
AATTAACTTACTATTC,1051
ACGATTCAAAAGCATT,1051
AGACACACTTAATCAA,1051
ATAAAGGCCAAATTAA,1051
ATAATCTGGATATTTT,1051
ATGAGACGCACCGCGT,1051
CGACTGAATTGAGACA,1051
CGCCGTAAAAATGTAC,1051
GAGAAATTGACTTCAA,1051
GAGAAGAGGGAAAAAG,1051
GATAATAGAACAAAAT,1051
GGGTAACGTGAAATAA,1051
GGGTGGTAATTAACAA,1051
GTAGAATAACTCAAAT,1051
TAGCCCCAACAAATTG,1051
TATCACTAGTAGTCAC,1051
TCCCGGCATCATCACT,1051
TCGGATAACGGTAGCA,1051
TCTAAGCACACCATCA,1051
TTCATTGAAGAAAACT,1051
TTGTCAACATCCTGGC,1051
AAAAAGTGGGAAACTT,1050
AATACTGTTTAGGAAG,1050
AATATGTCGGTTTCAA,1050
ACACATGTGTGCCTGA,1050
CCTAACTGTCCCTCCC,1050
CGATGTTTTGCTCATG,1050
CTTGAAGACATCCTAT,1050
GAGGAGCGTAAAGAGG,1050
GAGTAGACTTAGACAA,1050
GAGTTTATAAAGAGAA,1050
GATAGCGGCAAAAACA,1050
GCATACCTCTCGTCCG,1050
GCGATTAAACATAAGA,1050
GGCACTTCACAGGGAG,1050
TATAAACAATATAGTA,1050
AAACCGGTATTATTCC,1049
AAGAATGACTATGAAA,1049
CACAAACAAACGCTAA,1049
CCCCACTATGATTACT,1049
CTATCATTATTTAAAA,1049
GCCTCTTATCAATCAA,1049
GGACTCGTTAGGCATA,1049
TACCCAAGACACTACG,1049
TCGCCCACAGAGGCCA,1049
TTAAAACGATGAAGAT,1049
TTGAACTTTCACAGTT,1049
TTTAATAAGAGCAGAG,1049
TTTTAAGCAACCATCA,1049
ACATACTAACAAACGC,1048
AGTCCCTCCCAAGCAT,1048
ATATCAAGCAAGTCAA,1048
ATTCCACACCAACAAA,1048
CACCACCTCATAGGCC,1048
CACCCAGAAACGACAT,1048
CCGCAAAATAAAGTTA,1048
GAGTCAAAAGCCAACC,1048
GATCAAATGTTGCCCT,1048
GTACCCTCGGTACCGG,1048
GTATAGCAACATTCAC,1048
GTTCCGGAGAACCGAG,1048
TAACGGCTTATAAAGA,1048
TAGGACTCATTGGGCT,1048
TAGGCGTTTACCGATT,1048
TCAGAAAGATGTCTAT,1048
TGAGACAGGCCACACA,1048
TTCATCTACAAATGCC,1048
ACGAATGCGGAAAATA,1047
AGAAAGCAGTAGTATC,1047
AGAAAGTAATATATAT,1047
ATCACCAAAGCGGCAA,1047
CAACGAAGTATTATGC,1047
CTAGAGATAACCGAGT,1047
CTGGGTTGATATAAAT,1047
GAACATCCAGGCCACC,1047
GAGATAAGAAACCTGA,1047
GCTTATGCAAGCGTGA,1047
GTGGTTTACTTCAGTT,1047
TCATTAGTGGATGACG,1047
TCGCTAACAACAAAAG,1047
TGTAATAGAGCTTATT,1047
TGTACTCTGCCCAAAA,1047
TTCTCCCAGACACATT,1047
TTTTAATGGTCCTACT,1047
AACGACCGGAAACCGC,1046
AATTTCGACTGAATAC,1046
CGAATCACACTCTAAT,1046
CGGAACGCAAAGATGA,1046
CTAAGCGCGGACTTTG,1046
GCTCTTAATTCTACGA,1046
TAAATTTCCGCGACTG,1046
TAACGTTAAAAAAGTA,1046
TAAGGCGACTTTGCAA,1046
TCAGAGTTACGATTCT,1046
TGTGCACTGATCACCA,1046
AAAAATACCCGTATCT,1045
ACCGAACACGACACAA,1045
ACGAGCCAAAGTCCGC,1045
ACGGCCCCCAAAAGAG,1045
ACTGATGCGAGGCTGC,1045
ACTGCGATTACCGTAA,1045
ACTTCTACACGCCCCG,1045
AGCGAAACAAAGCGTT,1045
ATAGCTTCGTATAGAT,1045
CGTTTATGACATCATA,1045
GACCCCAACGATGCAT,1045
GAGAAGCTCAACTGCA,1045
GATAGCTGTTGTAAGC,1045
GGACATTTCTAAAATA,1045
GGATACATCAACAAAA,1045
GTACGACAAACTTGAA,1045
GTTAAAAAACATGAAC,1045
TATAAGCACCTACGGA,1045
TCCTAGAAAGTGGGCG,1045
TGACATTTATGCCTCT,1045
TTAATTTGGTATGGTC,1045
TTCAGATGTACTACTA,1045
AACAGTTAGCTGATAC,1044
AACTGTCTATAACCCT,1044
AATCTGTTTGCCTTCA,1044
AGAGACGATACACATC,1044
AGTAAACACCCTGGAT,1044
ATAAGAAGATGCTTAA,1044
ATTTATAACCTATCTC,1044
CAAGCTCCAGGTATTG,1044
CAAGGCTGACCAACAA,1044
CATGACCGTAAAAAGT,1044
GGACAATACCTATTTA,1044
GGCAGGACTAGCCTGG,1044
GTAACAAAGAGGCAAC,1044
TCACGCCAACTAATTG,1044
TCCAGAGTAATTTATA,1044
TCTATTGCCGCCACTC,1044
TGTGATGTGGTTAATT,1044
TTCACTACACCTCTAG,1044
AAAACGACGGTGGACC,1043
AAACGGTAACATTCCA,1043
AACTATTACTTCAAGC,1043
AATGCTTTACCTGAGA,1043
AATTAACCCGACCAAA,1043
ACAGATTAATCTAACA,1043
ATAATGATAGATATAA,1043
CACCGACCAATACGAA,1043
GACCCCACTCATATTG,1043
GGCAGTGAATTGTCCC,1043
GTGCACTTCGTAATTA,1043
TACGACCTCCAGAGCA,1043
TACTTTCACAAATACA,1043
TATATACAGCAGAACA,1043
TCATGAATAGCACTAA,1043
AAACGAAGATAGTCCC,1042
AATAAATCTAAAGGAT,1042
ACAGTGTGGACCGGAT,1042
ACCACATACGCACAGA,1042
CGCTGATTAAGTATTT,1042
CGTTTCACACATCCGA,1042
GAAAACGTCCAACTAC,1042
GAATGCTCGGATTGTA,1042
GAGGCAGTAACCCTCT,1042
GATTTTACCACCCCGC,1042
GCCAGGTCAACCCTAT,1042
GGCTGACGATCATAAG,1042
GGGTTCCCACGCACAT,1042
TATGGAGCGGTGTGTC,1042
TCTTAAGCAACAATAC,1042
TGAACCGTTAACGCCT,1042
AAACACCCGAGAGATC,1041
ACCCGCCGGCAATGCA,1041
AGATTCGTCCTGGCCG,1041
AGGCGACCTTTACAGG,1041
ATGATTATGTGCCGTA,1041
ATGTAATCGAAATATT,1041
ATTACTGAAATATTCA,1041
CCATATACAAATGCGA,1041
CGCCGCGGTTGCAAGC,1041
CGCGAATAGTTACTCC,1041
CTCTATCAAATGAGTA,1041
CTGACACATTAAAGTT,1041
CTTGAAAACGTCAGAA,1041
GTATCAAAAAACTAAA,1041
GTTCATCTTTGCATTC,1041
TTATAATATGGAAACA,1041
AATAATCCCAAACTAA,1040
AATGCATGCGCTGCAG,1040
ACACCTCTGAATATTA,1040
ACAGAGCTACTCATTG,1040
ACCGTAAATTGGGACC,1040
ACGAGGCATAAAACGC,1040
AGATATGGCTTGCGCG,1040
AGCCTAATACAAACAA,1040
ATCTCAAAATATGATA,1040
CAACCACCATTCTATA,1040
CAACTAAACTGACAAA,1040
CGAGTTATACAAAAGC,1040
CTCGACGTCCCCGGTA,1040
GAACTTCGCTTTTCCT,1040
GAAGAATTGGAAAATA,1040
GCACATTACACGCAAG,1040
GGAAGACAGAATCAAT,1040
GGATTAATCGCAAAAT,1040
TAATAACCATGGCAAG,1040
TAGCAATTAAGTCTTC,1040
TCTTATATCTATTGGC,1040
AACAACAACTATCATA,1039
AACCAGACTGGAGAAT,1039
AATACATTATTGTGTT,1039
ACAGATATTATATTTT,1039
ACAGTTTAAAATCACT,1039
ACCCTGTCACCGCATA,1039
ACGAACTAAAATCAAC,1039
AGCCCTAAGGAAATCA,1039
ATAAGAAATGACGGCA,1039
ATATATTCAAGATCGA,1039
ATCATTTAATAATAAC,1039
GAGACCATAAGACCAT,1039
TAGACAATCATACCAA,1039
TATAGCTATGTAGTCA,1039
TTAAACAAGGGCATTT,1039
AAAACACGCGAAGGTT,1038
AAGTTTTCCGAGAATA,1038
AATCTACCGGACCTCA,1038
ACCGATAGAAACCCTC,1038
ACTTGAAGAGAGTAAC,1038
AGGACATAACTTGTTA,1038
AGGATCCTAAACCAAT,1038
AGTAAATGTTTCTAAG,1038
CAAAAACGGATGACCC,1038
CAAGATCTTCTCCTAT,1038
CAAGATTTAGTAACGG,1038
CATTGCTCGAAACGGG,1038
CCAGGACTTCGTTGCC,1038
CCCGTGAACTCGACAT,1038
CGATCTACGCTGGCTA,1038
CTAGATTTCTATAACG,1038
GAACCCTTCTTCAAAC,1038
GCTTAGAACAATCAGA,1038
GGTGCATCTAAAAGGA,1038
TGAGACAGAATAACCC,1038
TTTTAGCTGTGATACT,1038
AACCATCGCAAGGTGC,1037
AACTTAAATCTTGTCT,1037
ACCCAGCCATGAGCAC,1037
AGCACAAATTCAGGCT,1037
AGTACTCCATCGATGT,1037
ATCCTGGATGAGAATT,1037
ATCGATCCTGAAACCT,1037
CATTCATCCTTTAACC,1037
CGGCCAACCGTCTAAT,1037
CGTAAAAATAGGTACC,1037
GAAAATTAAGACGGTA,1037
GGGATGAAGATTAAGA,1037
GTAATGGAGAAAGCAA,1037
TTCAGGAATAAAACAA,1037
TTTCAAGAAAAGCTCC,1037
TTTCTGTATCAGGTCA,1037
AAAGATGATAATACTA,1036
AAGATTGAGAGCAACA,1036
AATCGGAAAGGCCATG,1036
ACACACTGCAGCAGGT,1036
ACTATAAGTAGATATG,1036
AGGTATTCGGACGGTA,1036
CTAGCAGCAAATTAAG,1036
CTTTAGCACTTTAGAT,1036
GACGACTCGACTATAA,1036
GCAGACGTCCGTGACA,1036
GCCACATCTAACGAAA,1036
TCCCACTGCTACTTAC,1036
TGATCTAATAGAGTAG,1036
TTAGCTGACCACGACC,1036
ACCAATATAAGGTATG,1035
ACTCTTCAGTTATTGA,1035
AGAATACCCCTATTGA,1035
ATCCGTAGTACCATGT,1035
CCAACTTGTGCACCCA,1035
CCTTCAAAGGGATCTA,1035
GCAATACTCCGGTAAC,1035
GTATAAGTGAGAACTG,1035
GTGAGAGGTTCTAATA,1035
GTTATCGCAAAAACTC,1035
TAAGAAGCATGACATT,1035
TGCTACAATCTTAAAA,1035
TGTAAAAACTATTTAA,1035
AAAAATCTACCAGTTA,1034
AATTTCTCCAATACAT,1034
ACGAATTACTAAAATC,1034
AGCATCACAATATGCA,1034
AGTCTGTAGTAATAAC,1034
CAGTTTGATTCAGCCG,1034
CGATTCGCCCTTCATA,1034
CTACTCGAGACCCCAA,1034
CTGCTTGATAAATACT,1034
GTAAATTCACCATCAA,1034
TAACATATTCAATATG,1034
TATGAAGTACAGATGT,1034
TGTCTTTGAGAACAGA,1034
AAAAATTTGACTTGCC,1033
AAAGCGTTGCGGCCCC,1033
AAATACGCCGGTGGCA,1033
AATATAGAAAGATATC,1033
AATGGCGAGTAGAACG,1033
GAAGGTTGGACGACGG,1033
TGCCATCGTCCAATTT,1033
TTCAAGACGAGGAAAC,1033
TTCGTCGACGGCAACC,1033
TTCTACTTTTGTAGCA,1033
TTGCTCAAATTATTGT,1033
AATGACATCTGATTGG,1032
ATGTACCAACACAAAT,1032
CCTCGTTAAAAAATGA,1032
CGACATCAAAACTACC,1032
CGGCCAACAAGCGATT,1032
CGTTTGACTACGCTAA,1032
GCAGTCAAAGGTCAAA,1032
GGCGGAACACTGATAC,1032
GGGCAAAAAGTGTGCT,1032
GTGTAACACTGACCCA,1032
TCTGTGACAATTACTA,1032
TTATCAGGAAACGTTT,1032
AAAACATGATCAGGGA,1031
AAAACCAATAAAGGGG,1031
AAATGTCATAAAAGCA,1031
AAGTAAGTACTACACC,1031
AATAGACCGAAAAGCA,1031
ACACATCAATAAATAG,1031
ACTTATTAGAAATAGT,1031
AGACACTCTAAGATTA,1031
ATCGAACCATGGAATC,1031
CCTCCGCCGGCCGATC,1031
CCTGTTACACTGCTTG,1031
CTTATTAGCAAAAGAA,1031
GAACCTAACGTGGCAA,1031
GAATTCCCTTTTCAGA,1031
GAGCAATGAATAGATT,1031
GCAATGACTTTACAAT,1031
GTAAAAATCCCTTCAT,1031
TATACAGACAGATAAC,1031
TATGCGTTAAGGAAAT,1031
TCAAAAGAGCGCCATT,1031
TCGCGACAGGTCACAG,1031
TCTCATTCTATGAAAT,1031
TTAGGCAATTGAAAAC,1031
TTCATGAAGCGTTGTC,1031
TTTTATTCCTAGCCCT,1031
ACATAATAAACATGAT,1030
ACGGGTGAGCAAGAAA,1030
ATATACAGTGAAAATG,1030
CAAACAACTTTTAAAA,1030
CGTGAAGTCTCGACTT,1030
GGGGCGCACCACTCGA,1030
TATCCTTCGCGTACAA,1030
TCATCGAGAAACTGTT,1030
TCTTATTAACCGGGAT,1030
TGACAATTTATACTCA,1030
TGAGGCCCCAGACTTA,1030
TTAAATATTGATACGA,1030
AAATACAGCTGTTTTA,1029
AACCCGAAAAGGCCAC,1029
ACTGAGAACCCTAACC,1029
AGACCCTTATATTACG,1029
ATTCGTACGGGGCAAT,1029
ATTTAACAAACCGTAA,1029
GAACAGACCATAACAA,1029
TCCATGATACCTACGG,1029
TTAGCTAGTTGGCTAC,1029
AACGGGATATGGAAAA,1028
AATCCCTATAATTAGC,1028
ACACCTCTTACTAGCT,1028
AGTAAAAGAACGTCGC,1028
AGTTGGTGCATGACAA,1028
ATTGTGGCATAGAGTA,1028
CCAATATAATAGCGTA,1028
CTACGCATCCCAAGGA,1028
CTTTATGTCTGGGAAT,1028
GAACCTCCGACTTAAG,1028
GACGACGACAGCAGCG,1028
GCTCAATTATAGTGTG,1028
TCGCTAACAAAAACGC,1028
AAATTCGGAATAGTAA,1027
AATGAAAACGAAACAA,1027
AGAGCAATCCCTGGTC,1027
AGTAACTATCCCAACG,1027
ATACTCACTGCAAAAA,1027
ATATTCCAATAGAACG,1027
ATCGGCTGGAGGTAAC,1027
CGAAACGGACGACTTA,1027
CGAGAGACCCTTCATT,1027
CTCCACCTGGTTTTTG,1027
GCGACAGAAGCAATGA,1027
GGCTATCGTCATGCTT,1027
GGGTGGATAAATGAGA,1027
GTCCCACAGTTGATGA,1027
TCGAAGAAATAAATGC,1027
TGGCCAACAACACGGG,1027
TTTATTTACCTGGGAA,1027
AAATGGCAGCTGTCCC,1026
AACCCGTGAAATATAA,1026
AAGTCGGGGTGCTCAT,1026
AATCTTATTCAGAAAA,1026
ACATATCAAAACACGT,1026
ACCATAAGACTCAAAT,1026
ACGCATACAGCAATTA,1026
AGGGGACTCGTTTTAC,1026
ATAGTTAAGGGGATCT,1026
ATCATGAATAGGTTCA,1026
ATTTCCTGCTGCGAAG,1026
CAAATTCTAGTAAACG,1026
CGAATCATTTCATTGA,1026
CGGGGGGGGAAGGCTT,1026
TAATCGCATCTTATTG,1026
TAATTGACTATACTAG,1026
TTATCAAAAATTGAAA,1026
TTTTAGACTTGCAAGA,1026
AAACGCTCGTAACCAC,1025
ACCGGGCAGGAGAGGT,1025
ACCTGTAAGTGATACC,1025
AGATAGTTCCGGTCAA,1025
ATAATGATTCGAACGT,1025
ATACTGACAGTCTACG,1025
ATACTGTTAATTCGTG,1025
ATAGATGTAACCAAGA,1025
CACAAAAAACGAATAA,1025
CGTGCACTTCTCAATG,1025
GCATTCAATAAGAAGG,1025
TACCGATCGTTGGCAG,1025
TAGTAGCTTACATCAC,1025
TATACCGACGAGGTCC,1025
TGGTATTACTTTTGAA,1025
TTGAATCGGTAGGAAG,1025
TTTCTGTTAATTTACC,1025
AAAAACATACCTCAAT,1024
AAAAACTTAAAGTATA,1024
ACGATGATATTAAAAC,1024
AGTACGAAACCATACG,1024
ATATCGAGGATTTTCC,1024
ATCCTATTCAAAATTC,1024
CATAAGGTACCAAAAT,1024
CATACCTCCTCTGAAC,1024
CCAATCGTAACCATTA,1024
CGCAGAAACGAGTATA,1024
GCAATAAGGCTCCTAC,1024
TAACATATTGTATTAC,1024
TAATTTATAACTTAAG,1024
TAGGCTTGTTGTAGTA,1024
TCGATAACCTAGACAC,1024
TGCAATGTAAAACTAC,1024
AAAAGCAGTTAATGAT,1023
AAAATAAATAGATCTA,1023
AATTCACTGTGTTTCA,1023
ACCACAAAAAAGTAAA,1023
ACTGGCTATTGGCCAC,1023
ATTTATTTTGGCTAGT,1023
CAACAGTATAAAAAAT,1023
CATGATTAGAGGATAT,1023
CGCCAAAATTCTTCAA,1023
CTACAAGATAAGTCAT,1023
CTAGAAGGGAACACGG,1023
GAGGACCTTTAAAATA,1023
GGCCCATAACTCGCCA,1023
TATTACAAACGAATTG,1023
TGCCCATTCAAGCGAT,1023
TTCTTTTTTTTGCTGC,1023
TTGCGAACTCTTAGAT,1023
TTTGTCGTTCTCAAAG,1023
AACGATCAAAGAGCTT,1022
AAGGCTACATTAACCA,1022
ACATTTTAAAATAACA,1022
CCCTTGACACAGTACT,1022
CGTCGCTGCCCTAACC,1022
CGTTAATAAGAGAAAA,1022
CTCCTATCCTTCAAGG,1022
TAACAATGCAGTCGAC,1022
TGAACAATGTGTTTCG,1022
TTTACGAGTGCCCATA,1022
CGCCAGGAAGCGTCAG,1021
CGGTGCATACTGATAC,1021
CTCAAATAACAAAAAG,1021
GAAGAATACTTTTCGG,1021
GGCATTGATCTTACGT,1021
TACTGAAGCGCAGCAG,1021
TTGTTCGCTCTATTAC,1021
AAACATTTTGATTAGA,1020
AAATAAATCTAATTTC,1020
AAGTAAGTACTACAAG,1020
AATCAGTATTAAGACC,1020
AGAAGTACGTCGGTTA,1020
AGCGAAATAAATGGGT,1020
ATGAGAACTCACCAAT,1020
CACCGATTCTGTGATA,1020
CCTACCCCAATATTTG,1020
CGCGGTCTTCAGTGTC,1020
CGTTTGTTACCAGGCC,1020
CTTACGCGAGACAATT,1020
GACCGCGTGCCTGAAA,1020
TCGGACCAATGTGAAC,1020
TTCCAGAAATAACTCC,1020
AACGAAACAATTGAAA,1019
AACGTGATCAGAACCT,1019
AAGATCAACATCCAAA,1019
AATCTACTCCAAAGAC,1019
AGCGTGGAATTTACTT,1019
CACCCTATGCCGTCCA,1019
CCCGCGATTATGTTGT,1019
CCGAAAATGTGAACGA,1019
CTAGACCGAACAAAGT,1019
CTGTTAAAGTATAGCA,1019
TAAAGCGATATTCACC,1019
TAACGAACGTGAGCCT,1019
TAATGCCAATGGTAGC,1019
TAATTGGGAGCTCGAG,1019
TACGATGCACCGCAGC,1019
TACTGAAGCCAAAGAC,1019
TGACTTTGAGAGGTTT,1019
TTTGTATTAAAAGGAA,1019
AACGTTGAGCGACCGT,1018
ACCGTAAATGTTATCT,1018
ACTTACCGACAACCCC,1018
AGCTCCATCATTTAAG,1018
CCTACGAGGTATATCA,1018
CGATTTTAAATTTAGT,1018
CTAATAACCTTATAAA,1018
GAAGACTATACTCAAA,1018
GGACTCTCCGAAGACG,1018
GTATTCAGCCAGACGA,1018
TATGCTAACGGGGGAC,1018
TGTGATTGGTTGCCAA,1018
TTATCGCTGCAACAAC,1018
AACGAAATCTAAAAAT,1017
AAGAGGACCGTTGCGA,1017
AATTTGCGGTTGACAT,1017
ACACGACAGGCGACGA,1017
ATACATTAGAACACTG,1017
ATAGATACAGAAAAAC,1017
CAAGACGAAAAGGGTA,1017
CATTGATCATTTTCGT,1017
CCAATGTCCTGCTGAA,1017
CCTGGACCCACCCTTA,1017
CTACATTTGACATAAT,1017
GAATTGAATAGCAAGC,1017
GCACAGATCATGGTTG,1017
GCCTAATATGTTGACA,1017
GGAGAGAGAGTTTGGT,1017
GGTAGTTAACGACAAT,1017
GTGAATCTACTTAAAA,1017
TAAAAATGAATACTAG,1017
TAAGCCCCTTCCCACC,1017
TAAGCTCCTATACTAG,1017
TAGCCGCGAGATTATG,1017
TAGGTTTATATGATTC,1017
TCGCCTAGTTCTTTTA,1017
TCGTAAATATTACCAG,1017
TGATAATAGACTTTGG,1017
TGCTCATAAACGCGCA,1017
AAAATAAAATGAATTA,1016
AAAGACATAATCTTTC,1016
AAAGTCCACTTGAAGG,1016
AATACCTAATGAAACA,1016
ACAAGAGTGAACGACG,1016
ACAATGCTTACGCAAG,1016
ACCATGAAACGGGTCC,1016
AGGCGCATATAAAACA,1016
CAATTATAGATAGCTA,1016
CCTCCCACCAACTGAC,1016
CGAGATGGCAACCTAC,1016
CGGGTGTACCATGTCC,1016
CTTATAGGTTAAATCA,1016
CTTTTCACTTTCCTGA,1016
GACGCCATAAAAACTC,1016
GATGCGAAACGTTAGC,1016
GCCGCCCTGAAAAAAC,1016
GGAGTCACTTTAAATC,1016
GTGCGCAGTAATCGAA,1016
GTTATCGATGACACCG,1016
TATGAATTCAAAATGG,1016
TCCGCATAACACGAGT,1016
TGAGAAACCGATAGAT,1016
TTCAATGAACGCTCGA,1016
TTTGTCACTAAAGTTA,1016
AAATCATTGATTGTTA,1015
AACCAACACAACATCA,1015
AAGGAATAGAAAGTAT,1015
AAGGATAGGATGGCCA,1015
ACGGTCTTTATGTCAT,1015
ATATAACAAACCGTCC,1015
ATCTATTAACTCAGTG,1015
ATTATACTTAAGGAAT,1015
CAATATATTACCGGGG,1015
CACCCCCTTCACAAAT,1015
CCGTTAGTGAGGAAAC,1015
CGCCGCGGAAGCAAAA,1015
CGGCACCAATTCATAA,1015
CTCATGTCATAATCTC,1015
CTTCCAAAAAGTTCAA,1015
CTTCGATATCAGATAC,1015
GTGCGACAACCCAAAC,1015
GTTTATAGCCTACAAT,1015
TACTATGAAGAATGAG,1015
TAGTTTGCGCAACTAG,1015
TCAACGTTAGTGAATG,1015
TCTAGTGAAAAAGTAG,1015
TGAGTCATCCAATACT,1015
TGTGCCAAAACATTAC,1015
TTAACTAAGCAATTAT,1015
TTAATAATATCTTTGT,1015
AAACACCTGGCCAACT,1014
AAACTCTACCAACTTC,1014
ACGTGGCTGCTGCGTG,1014
AGACAGAATAACGAAT,1014
AGGAGAAATTCACGAT,1014
AGTAAGCTCAGGCAAT,1014
AGTATGGATACAGTAC,1014
CAAGTACCTTCATAAC,1014
CGACTGTGTTTAGACA,1014
CGATTCATTACCAGTA,1014
CGGGCTAGTTAAGTTT,1014
CTAATCAATCAACAAA,1014
CTACAATCCCTGCCTG,1014
CTAGAGTAAAACACAA,1014
CTGACAACATACACCC,1014
GAACAGTCCCGCAACA,1014
GAAGGAGACCAGAAAA,1014
GCGTAAGAAACTTCAC,1014
GTAAAATCAAATTTTA,1014
GTAAAATCTTGATACG,1014
TAGGTAATATGAGTGA,1014
TCATGAATAACTAAAC,1014
TTAAAGATCAAAAGAA,1014
TTAATAGACCTTTTGC,1014
TTAATATTATTAGGAA,1014
TTCAAGGGCATACAAT,1014
AAATCACCTTAGTGAA,1013
AGAACGAACTAACCAC,1013
ATTAACGTGTCTTGAA,1013
CAGCGACTCACAACAA,1013
CATATCGCCTAGCATC,1013
GACACGTACTGGCTGT,1013
GCCTAACCGCTCACGT,1013
GGACTAGTCCTTTGAT,1013
TATACTCCCTTTGTCA,1013
TCGTGGCCTAAATCAC,1013
AAAATCCTGCCTCTGT,1012
AACACAGATTACACAA,1012
AAGCGTCTAGTGTATA,1012
AGCCATCTCACGATCG,1012
AGTTAAGCCCACGACA,1012
CAGGTATAGTAGTCAC,1012
CCGAGCGAGGATTATA,1012
CTATCCCCCCAAGAAA,1012
CTATGTGTGCCGGGAT,1012
GATACCCAACCGGAAG,1012
GTATGACACTGCACAG,1012
GTCGGCGAGTTCCAGA,1012
TCTTCCTTTTTGGTAC,1012
TTGCTTTTACCGTACG,1012
AGACTTTAGCAAAGCA,1011
ATTCCTCCCCCAGTGG,1011
CAGTATGAATCAACGA,1011
CCGTAACCTGTGATGA,1011
CCTGAATGTTGATTTT,1011
CCTTCATAAAATAACT,1011
GAAACCCCAAAAGTAA,1011
GAGGAACAATCAGCTT,1011
GCCAAAAAAACAGACA,1011
GTTAAAAAAGATATAA,1011
TAGAATGACACACAGA,1011
AAACCAATAAGAAACA,1010
ACAACACTCAATTCAT,1010
ACCGTTTTACCACGGA,1010
ACGCACTACCCCATGA,1010
ATATTCCACGCAATAC,1010
CGAGGCCCACTTACCC,1010
GAGATTAACCCGATAG,1010
GTATAAATGTTTATGG,1010
TATAGATAAAATCAAG,1010
TATAGCAAACGAGGCT,1010
TCCTCGGATCTATCTA,1010
TGGCTTGTACAAAAGT,1010
TTGTGCCATCCCTCTG,1010
AAAGAACTAAATTATT,1009
AAATTTATGTACTAGA,1009
ACATGATCAGAAGGAC,1009
ACTTCATTACCGGGCA,1009
ATTAGCACTAATACAG,1009
CAATGAAAGCTCTATT,1009
CCAGATACTAGGACAA,1009
CCATAAATTCATACAA,1009
GAAGGCTTATGAGCTT,1009
GACGTTGATAATGAAC,1009
TAGTCATATTAAATTC,1009
TTTACATTAACTGCTA,1009
AAAAAGAGAGCAAATT,1008
AATTTAATGGATGACG,1008
AGCACTAGTCATGTAA,1008
ATCGCATTCGTATTGC,1008
CAAGAACGACCGGCAT,1008
CGGAGTGTGCGCATTT,1008
CTGAACAGTAAACCAA,1008
CTGTGAACAGCAGGCG,1008
GCCCTTTAATAACAAT,1008
TAGCATGCTCTGCCGT,1008
TATTAGCCATTAAAGT,1008
TTACGACCCAAATTGT,1008
AAAGCAAAAAAGTTCC,1007
AAGTATTCATATAGAA,1007
AGGAGAAAGGCAAATT,1007
CGAGCTACAGAAATAT,1007
CTCAGCATCTGAGTCC,1007
CTGAAAAGGATCGAAG,1007
GAACATCTATTTACTG,1007
GATAAGGATCAAAACT,1007
GCCATTAACTTACATG,1007
GTACAAGGGAGATCGA,1007
GTATAGATAAGTACGC,1007
TAAGAATGACAACCCG,1007
TAATAAAATGATGCCT,1007
TGATCATAACGTACTG,1007
AAGCCAAAGCTAAATC,1006
AGAGCTTGATAATTTA,1006
ATGAGCTCCTTAGACA,1006
ATGCTAGATCACCTTT,1006
CGATTATTGGCTCTCG,1006
CTGATCAAAATATGCT,1006
GAAAATATACTGAACA,1006
GGCTGTAAACCGGGCC,1006
TAGCAAGCATACCGTG,1006
TAGTAGCAAGTCCCAA,1006
TATATTGGAAGTCCGT,1006
TGCGTCCACATTCACC,1006
TGGTATAGTATTATTT,1006
TTGACTAAGTAAGTCA,1006
AAACGATATTATTTAC,1005
AAATTTTATATCCCCA,1005
AGGAGTGCTGAGGACA,1005
CATACATAGTCCCGTC,1005
CCAGACCTATTAGATC,1005
CGGAGGATTTCACTAA,1005
GAAAGCAAAAACTACA,1005
GAATTCAATAATGGTA,1005
GAGATTCAATGGAACC,1005
GCATTCTCCACTGTTC,1005
GCTAGAAAATGTTGCA,1005
GGCGTCATAAGCCCTT,1005
TAGATCCGGTCAACAC,1005
TTAAATCAAAAATATA,1005
AAAAGGCCATACCAAC,1004
AAGACCCAGAGGCAGT,1004
AGCCAACATATTCCAT,1004
ATACGAAAAGTTCACA,1004
ATCATGACCAAATGAC,1004
CAAGCTAACACCAGCA,1004
CACGGGTTCTCGATAC,1004
CCCTGAAATAAGAGAC,1004
CTAGATCGTTGCAGAC,1004
CTCGAATTAACCGGCA,1004
GGAAACTTAAATTCTA,1004
GTGTATAACTAAAATC,1004
TATTTCTCATGAGTTA,1004
TCAAATTGAGCTAATT,1004
TCATAGTTGCGCATTA,1004
TCTATCAGTTACCAAA,1004
TCTTAGGTTACCCCAA,1004
TGAAACAACGTACGCT,1004
AAGGAATGCATACAAG,1003
AGAAAGCTTAAAACCC,1003
AGATCTTAGCCAGAGA,1003
ATACTTATTGTAAAAG,1003
CAATAGACTGTGCAGA,1003
CACGCTCACACGACCA,1003
CAGAGAAGAAGGTCTA,1003
CATCATTCAAATTGGG,1003
CCGTTACAAAACCGTG,1003
GACGAGGTCAGAGAGC,1003
GACTTACACACAAGAG,1003
GATTCCAATAAAAAAA,1003
GCCCACTCTTTGAAAG,1003
GCTCGCCAATTCTGGT,1003
GTAACAAAATTAACTT,1003
GTGGAATTAAAAGAGG,1003
TCCCCAGCAGGGTCCG,1003
TTGTTGCTCAGAGCTC,1003
ACCCAACCTTGGATCA,1002
CAGGACTGAGTCCCGA,1002
CAGGTAGAAAACCACA,1002
CCCTCCCAAAAATCCT,1002
CCCTTTACTATTGAGC,1002
CGGAACCTTTCACAGG,1002
CTCTTTGACTAGTACC,1002
GAAGTCGAATCCATGC,1002
GACTAATCCCTGAAGA,1002
GCAAAAATACGTCCGT,1002
GTTCATTACCGGCTAA,1002
TATCAAAGGATAACAT,1002
TCAAACAAAACTTGAT,1002
TTACCTAATATTTAAC,1002
TTACGACCATAACGGA,1002
ACTACCTCTCAGACTC,1001
AGAACAAGGTTTTGAG,1001
ATCTCGCGAAACTTCT,1001
ATTATAACAAAGTGCG,1001
CAAATAAACTATTAAG,1001
CACAACTTTGAGGACG,1001
CAGCAGTATAGAAATA,1001
CATAATATCTATTAAC,1001
CCCATAGGCGCCATTC,1001
CGAAGTGACCAAAACA,1001
GAGTTTTTACTATAAT,1001
GATATATACGAGATGA,1001
GATCGCAACCAGGAAG,1001
GGTAATAACCATTTAT,1001
TTTATATGAGTTTTGA,1001
AAAAGGTGAGAATAAT,1000
ACGAATACCACAAGTG,1000
AGAGCGACTTATGGTG,1000
ATAGAAAACATGCAAT,1000
CCATGTCTCGACTACG,1000
CTACAGCCTCTCAAGC,1000
GATCGAAAGTGAGAGT,1000
GATCTAATAGACCCAC,1000
GGAAATGATAAAAAAC,1000
TAACGAGCCATTTTTT,1000
TATGACCTGCATTGAA,1000
AAAGAACTGACGGTAG,999
AACCAAGACACAAAAT,999
AGAGAGTGCCAATACT,999
AGTAAACTTACCTCGC,999
AGTCCGCGGGATTTCA,999
AGTGACACAGTATTTC,999
CACACGCAATGCAATT,999
CACGTCACGGAGGTTC,999
CATAGCCATTTCGAGT,999
CTCTGAAAAGATAGGG,999
GGCGTTATCTTTTATG,999
GTAGAGAAGTGCTACC,999
GTATCACAACACAATA,999
TCTTAATCACAGCCCT,999
TCTTCCCAGGACTAGT,999
TGCCTTAAAAGATGAC,999
AAAATACGAATTTTTG,998
ACACTAGAGCGGTTGT,998
AGGGGAAACAATCAGT,998
ATAGCAAAGCCTAGGC,998
ATTCAATTTGAACCCA,998
CACTACCGTTCATATG,998
CAGATCCAGTTAACCT,998
CATAGGAGAGGAAAAA,998
CCACTCATGGACAAAG,998
CGATGCATAGGCCACA,998
CTCAAGTGCCCACATA,998
CTCAGAGCAGTGCAGA,998
GCGTACCAAACCTCAG,998
TAAAGCATTCTTCAGT,998
TCTCTCAACCACAAAT,998
AAAAATTAGGATTATA,997
AAGAACACTACCTCGA,997
AAGGATACAAGTTATG,997
AATTGTAGATGAAACT,997
ACTTAGCACAGATAAT,997
ATACATGGTACCAAAG,997
CAACCCTCTCCTGCAA,997
CACCTTTATACAAAAT,997
CACGAGACAGCCGTTG,997
CATGTCAAATTAGCCT,997
GATACAACGACTAGCG,997
GTAGTTAATTGGGTTC,997
GTCTCTACAATGAAGA,997
TAGAAACGATTTCTAT,997
TAGACGTAAGTTAAGA,997
TTCTTTCATATCGTTT,997
TTGAGACAACTAACCG,997
TTTCCGCACAAGGAAG,997
AATACTACAGAGTTTA,996
ACGGCAATCAGTCAAC,996
AGAATTACAACAGGAA,996
ATTAATGTTGAAGTAG,996
CAGTCCTACCGTATCT,996
CCCAGGAAAACTAGCG,996
CCCAGGCTTTCAATTA,996
CGTAGGATAGCACTGA,996
CTCTATCCACTACCAT,996
GATTTTTATGTGGATA,996
GGATTGGAATCTGCGT,996
TAACGCAGTACAATGT,996
TAATATATCTCGCGGG,996
TCCACCAATGAACGTT,996
TTAGTAAATTTCTAGG,996
TTCTTAGACGTCAGCG,996
AAAACAGAATCTTCGT,995
ACACTCCTAAACCGTG,995
ATAAACTTGACCAATC,995
ATAATAAGGTGGCTCT,995
CACTTAAAATCTATAT,995
CCCGACAGAATAATTC,995
CCTACCCACGCCAATA,995
CGTGCGATAATTCAGA,995
CTTGGTTGCAGAATCA,995
TAACATTATGACGAGG,995
TAACGCTGAAACGTAA,995
TAGAGGGGTGAAGCCT,995
TCACCCCTACTTCATT,995
TCCAGTAATCAAACGA,995
TCTAGGAGAGGTCCAT,995
TTTAACTACCCGGATA,995
AAATATATGCATAAAA,994
AAATGAGATTAAAATA,994
AAGCTGAGGTTCCCTG,994
AATATGAACCACAGAG,994
AATGGTCACCTGAAAT,994
ATTGACGCGGTAATAC,994
ATTTTTCAAAGAAAAG,994
CGTTTTGAGATTCTCA,994
CTTGGGTTCAATCATA,994
GTCCACAGCAAAGTGT,994
TACAATGATCAAGAAA,994
TCCTAATACGTATCTA,994
TTAAAATGTACAGCAA,994
TTGAAACAGGGGAAAA,994
AAAACAACAATGACAA,993
AACACCGAAATCTGAT,993
AACAGTAACCTGAACA,993
AGTCATCCAACTTATT,993
ATCTTAAAGTCATCCA,993
ATTCAAAAGCGGATCC,993
ATTTCTATAATAATCT,993
CCCTTACCAAAATCTT,993
CCTCAGTCAGTGTATC,993
GAAAAACGCCAAATAC,993
GTCACATATCGATCCC,993
GTGGGTCAGAAAGTAG,993
TAAACAAGATTCTATT,993
TCCTCTACCAATGACA,993
ACGCAGTCGAGCACTT,992
AGTATTTTTTGATGCT,992
ATGTTAGATCACATCA,992
CAATTAATTTTACGCG,992
CTGATACGTAGTTCAG,992
GGTATATTTTTTACTT,992
TACAAGGTGCAGCTTT,992
TCTACGTAGCTACGAT,992
TGAATATCGTCAAGTT,992
TTACTTCAGAAACCAA,992
TTATGGCTTTGTAGTT,992
AAATACCATCGAAACT,991
ACCCCAGAGCCGGAAG,991
AGTCACAGCATAGATA,991
CCTATAGGCTAGATAA,991
GAACTTGGCAGCGGTT,991
GATATAATCGCAAAAC,991
GGAAGTCCTCTTTACA,991
GTAAAACACGCCGGGA,991
GTCTAGGCCACTTCAT,991
TCCGTAATATAAAGCC,991
TGAGGACAACAAGCGA,991
TTCAGTACAGTCCGAC,991
TTGCAGCGTGTGCTGC,991
AGTTGCCCAGTCTTAC,990
ATCGCTCTAGTTAAAC,990
CAACATAAAGGAGTAA,990
CAAGGACTTCATCTAA,990
CAGAAAGAACATAAGT,990
CAGCGCATCATAAATT,990
GCGATATATAAACATG,990
GTACCTCACAGCACTC,990
GTTGCCGGAAAAGCCT,990
TACTTATCATTTTTTC,990
TGTAGAAATAAAAAAA,990
TGTCTATTGGAGACCC,990
TTAAGATAGACAACCC,990
ACGAGTACCCCGGTAC,989
AGATAAACTTCAGCCT,989
AGCCACGACCATACCT,989
CCGAAGGCATGATTCA,989
CCGGGCACTCCAAACA,989
CGACTATTCACAACTC,989
CGTGCAAAACACCTAA,989
GATACGCGTAGTAAAA,989
GTCACATCCTAATCCG,989
TGCAAAGCCACGTTAT,989
TGGTTTGAATACCTAA,989
TTCGCAACTCCTAACC,989
TTGCAAAACTTAAAAC,989
TTTAGCATAGACGATT,989
AATCTGGTAACGTGAG,988
CAACGGTAAGTGGTCC,988
CACTGTCGACATATTG,988
CCATCTGGCTGTACCC,988
CTTGAAACTAACCTAG,988
GAACGGACACCCCAAA,988
GTAACATAAGTAAAAT,988
GTATATACCGACTTCA,988
GTCACAAAAGCAAGAA,988
GTTCAAAATTAACACG,988
TAAAAAACGTCAGTTA,988
TAACCCGTCTCATATA,988
TCACCGCTGCCACAGC,988
TGGGGATACCCTCGAC,988
TTGACCAACGAGAAAC,988
AAAGCCGAGCTAATAC,987
AATGACCGAGATTATT,987
AGAACAATACGCGAAG,987
AGGCGGGTCAAGTAAA,987
AGGGTGTTTTCAGGAT,987
ATAATCCAAGGAATTA,987
CATACACACACGGTTG,987
CCGTTGACTAAACCCT,987
CGAATAAGATACCCCA,987
CTACTGCAAGAAGCCG,987
GGCAATTCACAAACAA,987
GTAACCTACAAACAAG,987
GTATTCTAGCAATCCG,987
TACAACGACCTCTACT,987
TTAGTCCTTGATTTTA,987
AAAATTATGAGCTATA,986
AAACTGACGTGATATT,986
AAGAAAAAGAAATGAG,986
ACAATTGTCAATCACA,986
ACCATCCAATTAGATG,986
AGAGCCTAAACGGATT,986
AGTCAGAGAGAAACTT,986
ATAGAGATAATATATC,986
ATTTTCGAATATCCTT,986
CTAAAAATCATTGTCA,986
CTGATGGCACACCATG,986
CTGTAAACATCTCAAC,986
GCCAAATACTCGGCCT,986
GCTCATTTTTATTCTA,986
GTCAGACATACCAAAA,986
GTTAAGTTGAAAAGCA,986
TCTCTACAAAAACTCT,986
ACAAAATAGTAATGGA,985
ACATTCCAGAACCAAA,985
ACCTAACATAAGCCAA,985
AGACTAGTTATAACAA,985
CGATACACAAATATCA,985
GAAGCACAATCTTAAG,985
GAAGGCAACAATATGT,985
GAGAGTGGCAGAAGTA,985
GGGAGCATAGTAACCC,985
TATAATCGAATGTGAT,985
TCGAAATCTAGAGAAC,985
TGCCAGAGAGAAGTCT,985
TTCAATTTAATACTTC,985
AACTTACGTTTGATAA,984
AATGCCACATAGCACG,984
ACGAACCTGGAATGTC,984
ACTGAGCAATTTCTTT,984
AGAAAATCCGTCTATA,984
AGTTGTTGAAAATAAG,984
CAGGCGTTGGACATAA,984
CCTCATCACATACACT,984
CCTGAGTTCCCCTAAT,984
CTCACATAGGGGACAA,984
GACAAGTAGAATAGAT,984
GCTGAGAGATGAGTAA,984
GTCAAGAAAAGCTCCA,984
GTTTGAAATCCCCCAT,984
TACAAAAAAGGTATCG,984
TAGTGACTACAGAGAA,984
TTCACGTCGAGACTTA,984
AACGTTAAACAATAGC,983
AACTCCACTTGCACAC,983
ACGCACCAAGAGCTGG,983
AGGTGAGAGTTGAACC,983
ATGACTCGTAATAAAG,983
ATGCTAAATGGACTAA,983
ATTGACCTGGAAAGCC,983
CAATAAAACATATCAT,983
CACTGCTTCTTCAAAT,983
CGAGCGAGATCGTTGT,983
CTCGTCATTTAAAGTT,983
GTACAGGAGTCCATTG,983
TGCAACACAAGTACTT,983
AAAAATTAAAACGAAA,982
AAAGAACAAAGCTGAC,982
AACTTAGCTACGGTAG,982
AAGAGCTCTTTGAAAT,982
ACGTCGACGCACTAAT,982
CCACACCCCTCATATA,982
CCGACCATAAACTGGA,982
GAATTGGGTCATCCGT,982
GCAGACATATCCATTT,982
GCCCAAGTATCCTAGT,982
GCGTCTTGACAACTCC,982
GGTGACCCGAAGAGGC,982
TAAAAAAACCAAGACC,982
TGTAACACCGTAAAGG,982
TTAAGGATTACCTGTT,982
AACCAGAACCTCCTAC,981
AACGTCTTAAAAGTGT,981
ACCGGTATGACCGAAA,981
AGACATCGCCAAATTA,981
AGCCACCCTGACACTA,981
CAGCGCCATCACGATA,981
CAGGAGTTAGGAGGGG,981
CCTAACAGGGGCACAC,981
CGAATGAAGAAAAGAT,981
CTTTTTGCACAAAGAA,981
GATACTTTAAAAATTG,981
GGTGACAGATCAAATC,981
TAAGGATACTCAGGTC,981
TATACGAGGCACGAAA,981
TCCGCCATACAAAAAG,981
TGAAATAACAATGACG,981
TTAGTTTATGCAACCA,981
AATAGCGTCACCATCA,980
ACCATTCACGTAATGA,980
AGCGCAGATGTATAAG,980
ATAGTACTCTCATCGG,980
ATCTCATGTTCACGAC,980
CAAACTATTCTGCCAT,980
CATACACTGACATAAC,980
CGTCGCGAACTAGGCT,980
CTAGTTGTTTCAGAAA,980
CTTATACATGATCAAT,980
GAAGCGCGAAACAGCG,980
GAATCCTCACTTGACA,980
GCCTCCCGGACATATT,980
GGAATCGCATACAGTA,980
TAACTATCAAAATGTT,980
TCGGAAAAACAATGCT,980
TCTGACAAATTTAATA,980
TGAAAACCAATTGTAA,980
AAAGAATTAGTTCTTA,979
AACTCAACGGCTCCGT,979
AGATATAACATTTGCT,979
AGTCTCCTACACGCCT,979
ATTCTCGCAGAATAAT,979
CATAAAAGAATAGATA,979
CTCATCATGTTCGCAA,979
GAACAAGAATGAATAT,979
GAATACCAATAGAAAA,979
GATTAGCATATTTAAA,979
GGGATAACAACTTAAC,979
GTGACCCGCATTTTAC,979
TACCGACAATAGTAAT,979
TCCAAATGGATCTGGA,979
TCCTATTAGACTGCTA,979
TCTATACATCCTGACC,979
TTATTGTAACATTACA,979
AAAAATTTAAGACCAT,978
AAAAGAGCAATTAATT,978
AAACTTAAATTTACAG,978
AACACACCTATAATAG,978
AAGGAAATGCTAAAAG,978
AGAGTACGCTAGATCA,978
AGATATTCACTAGCAT,978
ATACGGTAGAAGAACC,978
ATTGTAAAACACGCAT,978
CCTGTAGTATGAAGAG,978
CGTTATAATCCTACGT,978
CTAAGAGTAATCTATC,978
CTTAAAGGAAACTCAA,978
GGGAAAAACATGAAAA,978
GTATTAATTCATCCCT,978
GTTAGCACTACCTTGG,978
TAAATCATCAGAGAAG,978
TTATCCAAAACATACG,978
TTTTTATGTAAGTCAG,978
AAGCCATCAGCTTAAC,977
AATACTCTATATAAAA,977
ATACGATCAATGTATT,977
ATCTGACGCTTGACTC,977
ATTAACGTGCGGTAGT,977
CAACATTAAGAATCAT,977
CACAACTGGCTGTAAA,977
CCATAAAGTCGTTTGT,977
CTATAAAAGTAGATAT,977
CTCTTCTGAGCTCAGC,977
GGCACGTTAGAAATCT,977
GGTATAGTGTAGTATA,977
GTACAATGAAGGGCAC,977
GTGAATTTATATTAAG,977
GTTTCTGACCGTTGTT,977
TACCAACGAACCGTAC,977
TATGCTACTTATAAAG,977
TCAACGTCGTTACATG,977
TTACCCATACCAGATT,977
TTGGATCTGACTATAT,977
AATACTGAACCAGATC,976
ACACGAATAATATTAG,976
ACGGGACAAACAGACC,976
AGACAGCACGTAAAGA,976
AGAGGGCAACTGATGT,976
AGCACCGGAGAAACTA,976
AGCCGAACTTTGACGT,976
ATACTCCCTGACCGCA,976
ATTTCAAGACTAATTA,976
CCAAGTTCCGTATCAT,976
CCTTAACCGTTTCCAA,976
GAATCTAAGAAAGTCC,976
GCAATGTAGTATTAAC,976
GCGCAGTACAAACTGT,976
TAGACGTGCTTCGTAT,976
TATGAAATCCAATAGC,976
TCAACCGGAATCAATC,976
TGCTAATTCCGAAACT,976
TTCAAGGATTATACCC,976
AACCAGAATGAAAACA,975
AATACTAAAAGGACAG,975
ACAAAGAGCAGGAACT,975
ACAGAACTAGACGTAT,975
AGTTAGATCGCCCATA,975
ATGAAGGCCTACAGCT,975
ATGTAGCATTGGACCT,975
ATTGGTATAATGACTG,975
GAGAGAGCCCCGAGTG,975
GATACGTGTATGTAAT,975
GGAGGATTAAACAACG,975
GTATCCACGACACGAA,975
AGATCAGTCAAAATAG,974
ATGTTCCCTGATACAT,974
CAAGAGGTAAAATCTC,974
CAGTAACTCTTGCACC,974
CCGCAAAATTGTGTCG,974
CGAAACCACGCGGCCA,974
CTTGATATCTGCTGAT,974
GAAGAGATCAGATAAT,974
GGGCAGCCCTTGTATA,974
TAATAATGACACCTTC,974
TAATCACGCGTGCGCC,974
TTCACGCGAGCTTAAG,974
AAACACCTTAAAAACG,973
AAATATAAATGCAAAG,973
ACGGTCATAAAAAAAT,973
ATTGAAGCACGCAAAA,973
CTTCACTAACAGATTC,973
GCCTGTACCACTTGAG,973
GTTAAATATCCTGATT,973
TAACCGGACCCATCTA,973
TCTAATACCCACAATG,973
TTTTTCTGACTCGAAC,973
AAAACCCCATGAAATG,972
AAAACCTGGCTGACCC,972
AAATCACTCCTACATC,972
AACCTCAATTGTCTTT,972
AAGCATTACCTCCCCG,972
ATCAGTCCCCGGTTAC,972
ATGGCCCCTGTAGGTC,972
CCTAAGAAACGGGTCT,972
CTAAGTAGACTGTGTA,972
CTCTACGGGGTGTTCG,972
GACGAGAATAAATCAT,972
GGTTGCAGGTGTTTCA,972
TATAGACATATACTCA,972
TCCCCAGATTCTAGTA,972
TCGACCGCATATCTAA,972
TTGTCGCAGTTACCAG,972
AAAAAAATCGGTAGCC,971
AAGTAGAACTACCCGT,971
ACAGAGCCGGTTGGTA,971
ACTCTCACCTATCACT,971
ATAGGGACCTGTACCA,971
CAAGAGAATGAACACA,971
CCAAATCACAACAAGT,971
CCACACATGATCTTTA,971
CCCATTGGAAACAATA,971
CCTAATCGCGATAATA,971
CTTTGCGAATATCCTA,971
GATTAAGATTCATATG,971
TACTGGCGGGGAATTG,971
AAACTATACGTATTAG,970
ACACAGTTAACGTGGT,970
ATAGCCAACAAATACT,970
CCACTAGCCAGTATCT,970
CCGAGCGCTTAAGTAG,970
CTGGGTTCCAGGAGTT,970
CTTCCCATCACTTAAC,970
GCACCTCACCCAATCC,970
GCTATGGGCAGACCTT,970
GGAATAAAAACCTGTA,970
GGAGCCTGAAAATTTA,970
TACAGCGACCCAAAAA,970
TCAACCGCGAGAGGAT,970
TCACAATTCAGTATTT,970
ACTGTACATAAACTAT,969
AGAAAGATAGCGGATA,969
AGCATGCAGTTGGAAA,969
ATAATACCCGAAGAAT,969
ATAGAATCATGCTCTC,969
CACGAAATATTAACGG,969
CATTAATAACGGAACC,969
CTCACGACTACCCCGA,969
GAAAATCAGGTAGGCC,969
GACTCATACCACAAAT,969
GTAGGAATGCTTCAAA,969
TAACAAGCCAATAGTG,969
TAACTTGCGCACCTGC,969
TAATCCTGGGTCGTTC,969
TAGACATTTTAAGCTA,969
TAGCCAAGGACTAATT,969
TCAGGCAACTTGATCT,969
TCATCTGATAAGGTAG,969
TGCTCAACAATATCCA,969
TTTTATATAAACAAAA,969
AAAAAAACCGACAATT,968
ACATAGTAAACGAAAG,968
AGACGATGTGACATCA,968
ATCATCAATGTTAAGT,968
CAATATTTGCTGCCGG,968
CCACTACAACAAACAC,968
CCCAAAAAAATTGGTT,968
CCGTACCCCCATAAAA,968
CCTTCAACTCGATGGC,968
CGTGCCGTCTTTCCAC,968
CTCGTGACTTACCTTA,968
GACACCTAATAGGAGC,968
GTAGATATTGTCACGT,968
TGAAACGCCGTTAAAA,968
TTAACAAAAAACAGAC,968
TTAATGCGGAGAAGAA,968
TTACACCGAGACAAAT,968
CTATTCAGTCTTCCAT,967
CTCAAAATAGTAGAAG,967
GTTGGCTTTCAACCAG,967
TAATCTCGGAAGCCTC,967
TACAAAACCTAAGTAT,967
TGAATAGCTCGAGATG,967
TGTGACATACCTGCAG,967
TTGGCAAAGCCTCACT,967
AAACTAAATTAAAAAC,966
AAAGATATAGAAACTA,966
AAATCGACTGCCCAGT,966
AAATCTTATAGTCGTT,966
ACCATCTTGATGAATT,966
ACTACTATAACAATCA,966
AGAAAAAAAAGAATGT,966
CGCATGGCCGAATGCG,966
CGTATGAGGATCTGAT,966
GCATTTCAATGATCCC,966
GTGAGACTAACGTAGA,966
TAACGAAACAAATCGG,966
TACAATATATTAGACA,966
TACATTTAAACAGTCC,966
AAACTTTCAAAAACCT,965
AAGTCACGGGCGACTA,965
ACTGGAACACTGTGTT,965
AGAAATGTCTATGTAG,965
ATAGACTTGACAACGC,965
ATGTCCCCGCTTCGGA,965
ATTAAATTGAGGTACC,965
ATTCTAAAAAAAAACA,965
CAACTAAAAGACTTGT,965
CAGACTAGCCTAAGCT,965
GCCTGCGATTGCATGC,965
GGCACCAAAACTGTGT,965
GGCCTATAAGTCATAC,965
GTCCCTATAGGCGGTC,965
GTGACTGGAAACTAAA,965
GTTACACTTGACTATC,965
TCTAACGAAATTCTCC,965
TTAATTACGCTTCCCG,965
AAACAACGTCGACCGG,964
AATAGTCAAATAACGG,964
ACAAAACAGAATAACT,964
ATTACCGTACTTTCAT,964
CATTATTGCAACACGT,964
CTTACATGTTACAAAG,964
GATGATTTCGAAATTA,964
GATGCATAGTCCTTGC,964
GCATTTTCTGCATTGC,964
GTGGTATACCTTATAA,964
TAACACTAAACAACAA,964
TACGAAAAGAGGGTTA,964
TCTATAAGCTGAACAG,964
TGAGCGCGACAGCGTT,964
AAACATCAAATATAAA,963
AAGTATTCAGTTTAGA,963
AATAACTTCGTATAAA,963
ACAGAACGAAAGTTAG,963
ACATATTCTCAAAAAT,963
ACGTACTAATTCCACC,963
AGAAGGATAACTGAAA,963
AGAGCACAAAGGCGTA,963
ATTACCCCATGTACAA,963
CACATATACTAATGAC,963
CACTCCGGATCTAACT,963
CAGAATTGTCAAGGAG,963
GAGTCAGTGTCACAGT,963
TAAGATGATACCCATC,963
TAATTGTTGCCTTGTG,963
TCCAGGTGAGAATGCT,963
AAGTTCGGCGAGAACT,962
ACTTATGCCAACAATC,962
ATAAAGATACAAACTC,962
ATAACCTGGTAGCAAA,962
ATCTCACTGCGTCCCT,962
CATACTAACAACATAC,962
CCAAGCGAAGACAAGA,962
CGGGGGAACTACGATC,962
GCGATACGAACAAATT,962
GCGTATATAACTCAAA,962
GTCAAGCTACCCTTAT,962
TAATGAAGCGGGGAAC,962
TACTATGATTACAAAA,962
TAGATAGAAAATAGTA,962
TCAATCGTCACTGGTG,962
TCGACCTGACCAGTAG,962
AAACGTAGAGTCATAC,961
AACTCCATCAACAAGG,961
AATCCAATGACGAATC,961
CATTTGAAAACATGGC,961
CCCCACACACGCCAAA,961
CTTAACTACAAAGTTG,961
GAATATAACAAACACA,961
GAGAATAGTTCCAAGC,961
GTAGTTTACGGCTTTG,961
TACCAATCCAGTGCAA,961
TATATCATAAGATAAT,961
TCCATACCCAATAGAG,961
TCTCCACGCATACCAT,961
AAGACTATAGCAAAGA,960
ACAAAGAGACGTCAAA,960
ACACAAACTCGCGTGC,960
AGCTATACGTAACACG,960
ATGGTATCTGTTGTTT,960
CAAGTACCGAGATGTA,960
CCATGCACTTAACCAG,960
CTAATGAATGACACTG,960
CTTCACGATTATCAGC,960
GAAGCCGGCTATTGCG,960
GTAATCAATAAAAAAC,960
GTTCATAACCACACTA,960
TAACAACAAGCGATGG,960
TACGTTCTATGCTTAA,960
TGTACATTTATTAAAT,960
TTAAAATAAAAACCGT,960
AACTGAAAACGTATTG,959
AACTGGCTAACAACCA,959
AAGCCAGAGCAATGGG,959
AATTCATATAAAAACT,959
AGTGCTGGCCAAAATC,959
ATCCACGTAAAGTAAA,959
CGACCGCAATGGGAAG,959
GAACAGTATGCAAACC,959
GAATCGAAAAAAGTGT,959
GGTAGATTGAATATAC,959
TCAACATCTCAAGTGA,959
TCAAGACCGAAAAGAT,959
TCAGGGCCTATTACGC,959
TGAAAGGTACCCCATA,959
TTCATAAATAATCCTG,959
TTTCCAAGTAAGATTT,959
ACGTATGCGCGAGTGA,958
AGTCGATTCTAGTTAA,958
ATTGCCAGACTCTCAT,958
CAGCTGAGACCGAGTG,958
CATTAATTAGCTCTTA,958
CCCAAGCTAAACGAAA,958
GAACTAGATCTATCAC,958
GATAGAATCATTCTAA,958
GATCCAAACTGATCCC,958
TAAAAACTGCTAATAG,958
TCCCACGTCAATTGGC,958
TGTCTGAGCGGAGACA,958
TTCGACTATCTCTGGC,958
AATCATCCAATCAATA,957
ACAATTACACTCGATG,957
ACATATAGTAGGCGCT,957
AGCCCAACGTTGGAGG,957
CAGTCCTGTGTCTATC,957
CTATGGAGTTCATACA,957
GAAGTAATATGACAGG,957
GACATTTAAGATCATA,957
GAGCTTGAAAACCCGC,957
GATGTAAAGAAATTAG,957
GCCAACAATGATGTAC,957
TCAACCACATTACGAT,957
TGGTCGATTCACTTGC,957
TTATAAAAGGACATTT,957
AAATTACTTGAGCCCT,956
AACAGACATACGAGGA,956
ATTAACAGAGTCGTAC,956
CAGGAAAACCACATTG,956
CCAGCTTACGGAGAAT,956
CGGTTACTAGAAGGAA,956
GAGGGGCGCTCCTCAA,956
GCTGTGTACTTGTCGC,956
GGCTAGCAGATAGCAT,956
GGGTTGAATCAAAACG,956
TATTCTCTAAAACGAA,956
TGTAGACATAGTGAAG,956
TTATCGAGATTGAAGC,956
TTCTCGTACCTCTACA,956
TTGCTCGTTAGGCGTC,956
TTGTCGTCGTTGATTT,956
AAAAAAACCTCGCAAC,955
AAAAGAAGGTTGACCT,955
AAATTCAAACCATTGT,955
AATAAGGCGTCATAGA,955
AGAAGAGAAAACTTTT,955
AGGGGGCCGTTGACAC,955
ATAAATAAGGTTGCAT,955
CCATGCTAACAAGAAG,955
CCTTAAGTCTCCCGGC,955
CGATTATGAAACGTTA,955
CGTCTGATAAGTTCAA,955
CTCAAGTTATCCCATG,955
GACAATACAATAACCA,955
GATAAATACTAACACT,955
GCGACAGAAACCTACA,955
GTGCTGGGCGAAACAC,955
TATAACATTTTGAGTT,955
TCCTTCACTAAAAGAC,955
TCGCCGACTAGTTTCA,955
AAAAGCGGACAATACG,954
AACCTTTGCTACAAAA,954
AAGACGAACTTCACTA,954
AAGACTCCAATGTAAT,954
AATAAAGTTAAATTTC,954
ACTCTATCCATCCCAA,954
AGGTCATTACAACCTG,954
CAACAGAACGTTCAAT,954
CACACGAGATCAGAGT,954
CAGCATGATAATGCAC,954
CGTACCCAGGAAAACT,954
GAACCGGCTACGCTTC,954
GACCAGTACATTCAAA,954
GCTGCTCACGAGGTTC,954
GGAACCTGAGATTTAC,954
GTTATAGAAAGACCCC,954
AAGACTTAACTTACGC,953
ACGAATGGCGGGTAAC,953
ATAATGCCATATAACT,953
ATCAGAGTCAACTTGA,953
CACCTCCTGTCCCACC,953
CACTAAAAGTATTACC,953
CTACTGCACATCCTAA,953
GTAATAATATCTATAC,953
TAAATATTAATAAAAA,953
TACATCAACATTACAG,953
TAGTCTACATAGAGCT,953
TGCGAACACTACCGTC,953
TGGGACCGAAACAGCA,953
AATGAGCACTAGTCAC,952
CAAATTTGAATCTACC,952
CACAGAGGGTGAGCAT,952
CAGTTTCCTCCGTGGC,952
CGACCCTTCAGGTGAT,952
CGATTATAACCTGAAA,952
CGCACTCTAAGAAAAC,952
GAGCTTGCACACCCCA,952
GCGGACGCTTGAAAGC,952
GGCCAAGCCGACACAT,952
GTATGGGTCAGCCAAC,952
GTTTGTCAAAGTACAA,952
TAGAAGGAAGTTTAAC,952
TCATCTAACTATCAGT,952
TTAGGCACACCCAGAG,952
ACAACATACGTTGAAA,951
ACAATCATGAGTCCCC,951
ACATTATGTTCGAGAT,951
ACCTCAATTACAAGTG,951
AGAAGGCACTGTGCAG,951
CCGAACTGCGAGAAAT,951
GGTGCACGAATTGAAC,951
GTGGTGTAACGGGACC,951
TACCAAGTCATACAAT,951
TCGATGACCAAACCCG,951
TCGTAAAATCCACGAG,951
TGACCTTTCACAACGA,951
TGTAAATACCTTTAAT,951
TTATTTCCTTTAACCA,951
AGCAACGAACAGCTAA,950
CTGAAACTACTTGCTA,950
GACTCAGAATAATGTG,950
GAGACTGATAGATGGC,950
GGAGAACATCAGTTAC,950
GGCTGAACAATTATCT,950
GTTGCCCTGTCGTGTT,950
TACTAGCCTGACTGAA,950
TCCGCTCTCACATTTT,950
TGATCGAACTCCAAGA,950
TGCTTAAAGACCAGAT,950
TTGAGACCACAATGAA,950
AAAAATCATAAATCAT,949
AAATTTTCTGGCATAA,949
AAGTCCGCGACCGAAA,949
AATATACGAAGTTGAT,949
ACTTGTAACGCGAACT,949
CCATTTCTCTAGTTAT,949
GACCGCACAAGGTGCC,949
GGATACGAACGACAGT,949
GTTGACAGTCAAGCTG,949
TAAAAAAATCTACTAA,949
TACTAACAAACTTCAA,949
TCAGCATGCACAGACT,949
TCTCTACGATCACGCC,949
TGGCATATCACCAACG,949
TGGCCAAGGTTTAAAC,949
TTATAATTACACAACA,949
TTGCTAAGTTCTATTC,949
AATCAAATCATTTTTC,948
AATTATTACAAAATCC,948
ACAGCAGCCGCTCATA,948
ATCCGACAAAATAGAT,948
ATGAAACGAACCTCCA,948
ATTCTGGATGCAAATC,948
CAATTTAACATATAAC,948
GTATGCCTCCTGAACA,948
TAACGAACAATCGCGT,948
TAGAAATAAAAGCCCC,948
TCAACGCCCAAATTAG,948
TCGAAAGATGTTCATT,948
TCTAATACAAATATAC,948
TGACTATCTGATGACA,948
TTACAGGTGCCACAAC,948
AACTTCGATACAAATC,947
CTCAAGAAAGTTCAGC,947
GGCACCTGCTATAAAA,947
GGTCATTAGAGGTTAG,947
GGTCCATAACTAAATT,947
GTAACGGTACATAACA,947
TACGGATAGAGCGTAG,947
TCGGTTATGTTTCAAT,947
TTGATCGGACACGAAA,947
AAAACAAACCAGCACT,946
AAAGAAATTTAGGGAA,946
AACTCCGTGAAACATT,946
ATGAATCTCCAAATCT,946
CATAAACGACCTCACG,946
CCAAATTCCTTAAAAA,946
CCAGCCTAGAAAAATG,946
CGAAACATGCAAACAG,946
CTCTTAAAAGCAAAAA,946
GAATATACCAACTAGC,946
GACCCCCAATTTAAGC,946
GATTATGTTTAAAATC,946
GTTAAAAAGGGAACAC,946
TAAACCCGAGTTAAGA,946
TAATCAAACTGATGAG,946
TAGTAAGTTGAAGTTT,946
TATAAATCTTATCCCG,946
AAATTATCAGCACGTA,945
AACAGTAATGCGTTTT,945
AATGGCCAATAACAAA,945
ATGTATTGATAAAGTC,945
ATTAATTAATTTTCCT,945
CTAACTCAAAATAAGT,945
GAAAACCTTCGAACAA,945
GCTAAAAACATCATAA,945
GGACTCCCCTATCAAA,945
GGTGCTCCAGAAACTT,945
GTTACCGGCCGCCCCT,945
TAATTTTATACAGTCC,945
TACATAGGCGAAACAG,945
TACCATATAACTTCTT,945
TACTTGTAAATTAAAA,945
TAGTAGATAGTCCTAC,945
TCATAGCTACTGTAAA,945
TGAGATTCATGAACCA,945
TTGTTATTCCATAACG,945
AAAAATAAAGTGTAGT,944
AGAAATAAGCTCTTCA,944
ATAAAGATGTATGAAT,944
ATAATTAGTATAAAAT,944
ATGACATTGGCATAAG,944
CACCGAAACAAATCCT,944
CAGCATGTAGTCTAAT,944
CCGCCTGACACTAGAA,944
CCGGGTCATAGAAGAG,944
GAAAGAGCCCGCGTAA,944
GGTCAACATTTGAAAC,944
TCTCGAAGCCGGTATG,944
TTCAAGAACGTGTCAC,944
TTGTACCAAGCACTAG,944
AACAACCCGACTTGAA,943
AAGTAGTTAAAACTTA,943
AATAATCTCCTGAGCC,943
AATCACAGCACGCGAT,943
ACAATTCCGATTTACT,943
AGCATAGGTATCCCCA,943
AGTGCCTAACTTTTCT,943
AGTTGAAGCATAATAC,943
CTAGTATCCTACTAAC,943
CTCGCAATACATCAAT,943
GAACAGCTATAATCGC,943
GACGAATAAAATGTCT,943
GCCACCGCCACAACAC,943
GGCGAGAGTGGGCTGA,943
GGTTTTAATCCGTCTG,943
GTAAAGGAAGTGCAGG,943
GTAAGTATAACAGAAC,943
GTGTGTGATATTGCGT,943
TATGATCTTTTCTAGC,943
TCTAAATTTTGGCAAA,943
TTTAAAATCCTGCATA,943
AAAGCAACAAAAGACT,942
AAGCAACCTCCCGCTA,942
AGGGAAAAATGTGACG,942
CAAATTAAATTGAACC,942
CCTGCAGTAAAAGTAT,942
GAATGTAACCATACGT,942
GAGTTCAAGGAAGGGA,942
GCCACTTCCATCGAAT,942
GGAACAAATAATCTCA,942
GTCAGGAACAGCGATG,942
GTGTGATGGGGGCACT,942
TGAAGCCGATTCCGTA,942
TGATCCGATGGCAACG,942
TGTCCCTTATCTAAAA,942
TGTGCCGAAAAATCAT,942
AGATAAAAAATCCCTA,941
AGGGCTTAATCTAAAT,941
AGTTTTTTCACTTATC,941
ATAGCGTTATCAACAC,941
ATATGCGTTACAACAT,941
ATCTGTAGATTCAGAG,941
ATGGTACGTGAGACAT,941
ATTTAAATAGAATATT,941
ATTTGACCTTGTATGT,941
CTTTATGCCAAAAACG,941
GCAAAAGCTGAAGGTA,941
GGTTACACGCAAAGAA,941
GTAAAAAAATTTAGTC,941
GTATATGCAACTCGCT,941
TAAGCCCGCAGGAGAA,941
TCACTACTCCTCCATA,941
AAACCTAGATCCAAAA,940
ATTTTTCATTAATCCG,940
CACTTTGAAGATATTG,940
GAGGTTACAGTGGAAT,940
GCAAACGAGACAAAGC,940
GCGATCGCGATAAATT,940
GGCTCGACCTCATGAG,940
TAAGGTTCACAGCAAT,940
TACATGACCAATAAAA,940
TTACACGACTTAACAA,940
TTCTATGGTCAAAAAC,940
AAACTTTACGACAAAT,939
AAAGTCCTATATATAT,939
AACAAGGTGAATTGTC,939
AATAATGAACCCAAGA,939
AATATCCTTATTCATA,939
ACCCACGTTAGACCTA,939
CATGCGTTGCGTAAGC,939
CTATAAGCGCCAACAC,939
GAATGCAAGGGAATCT,939
GTATCATGATGTAAAG,939
GTCCACAAAGGTGAGA,939
TAGACCGTTTAAAAGA,939
TATAGCTCGGAATAAA,939
TCAATATATCTAAAAC,939
TGCCCAGATAGCAATA,939
AAGTCCGAAATTCAGA,938
ATATGCGTTGGATGAT,938
ATCAAAGCCCACACAA,938
CAGATACTAATAGTAC,938
CAGTTGAGTTATTTTG,938
CCACAAAGTCGCAGCG,938
CCATACCGACGGGCGC,938
CCTTTCTGAATCTAAT,938
CGAGTCAATCCCGGTC,938
CGATCGAAGCCTTTCG,938
CTGAATAACTTCAGGT,938
GACACTTGTCCACAGC,938
GGAAGCCAAAAGATCT,938
GTCAGGAAACTCTTTG,938
TCCCCACCTGAAAGCC,938
TCGGAAACAACAATTT,938
TGTTGATAATTTATAG,938
AATCCGAATCACAAAG,937
ACCGACTTGGATACCT,937
AGTAGGACCTATGCCA,937
CGACCGCTTGTAAGAC,937
GAGAGTGAATAGCACT,937
GTAAAAGCCGTCTACG,937
GTTAGCAAAACCCAAG,937
TAAAAGAAAGCACAAT,937
TCTTCTACATGTCTTA,937
TTCCACACAAGCGATA,937
TTCTCGCCAGTGAAGC,937
TTGAAATGCAGCCAAT,937
AAACTCAACGGTTAAC,936
AACGCAGTGATAGAAG,936
AAGATAAGAAAATATA,936
AATTTACGGAATAAGA,936
ACTACATTAACCATAA,936
AGTAAACGCCGCATCA,936
CAGCAAGCGCTCCATC,936
CCTAACTTACCGAACT,936
CCTCATGAACGATACG,936
CGAGCAAGTCGTTTGT,936
GAGAGAACACGCATCA,936
GCAGACCAGTATGTGT,936
GCTCAAACGCACAAGC,936
GTGACGAATCACCAAA,936
TTAAATCTCGGAATAG,936
AACAGTAACGTCAGAC,935
AATTCAGGCATACCAC,935
ACCCTAAAAGGCGCAA,935
CATACCTACCTATTAC,935
CCGACGGAACGACTAA,935
CCTATTTTGTAAATAG,935
CGCCCATTTTACTCGA,935
GATACGGTAGCGACGG,935
GGCTTAAAAATCCATT,935
TAATACCAAACATATT,935
TAGTCTATAGGATACT,935
TATCCCATACAACCAC,935
TATCTATTGCAAAGGA,935
TGACGCGTAACTAAAT,935
TTTAGGCTTGTACGGA,935
ACAAGAGGTAGTATGC,934
ACTAACCTCTGTATTC,934
ATAATAATATTACTAA,934
ATGTATTCCCAATTAC,934
CAAATGGGTACGTGTG,934
CAGTGTTTTCGGAATA,934
CGAGTATCGCCCGGTC,934
CTAACGACTGCCCAAT,934
CTTTCGCTATGTAGGC,934
GGTATAAGCTGACATG,934
GTAATAAGACAAGAGA,934
TAATGCGGCATTCATG,934
TTCATTTTTTGAAAAC,934
AAACAAATTAGATTTG,933
AACAAATTCAGTCAAC,933
AACCTATTGAGGCCTC,933
ACTAACAAAATTACCT,933
AGTAATACTTTGCCAT,933
CAACCATGAACCTATA,933
CCGCATAGCATTTCTA,933
CGCTTCCGAAATTAAT,933
CTGGCTGTGTGATTAA,933
GATCGGCTGGTCTAAC,933
GCCAGAACAGCCTGCC,933
GCCATCTAAATTCCCA,933
GTTAGGACTCAAGGCT,933
GTTGATCAAAAGTGTC,933
GTTGTAAAATAAGGGT,933
TAACCCAGGTCGCGAC,933
TAGACAGAACTAATAT,933
TATACACAAACGCGAA,933
TATGAACGCCTCTGTC,933
TTAAGTCCGGAAACCA,933
AACCAAATATAAGTAA,932
ACCTATGATAAAATAC,932
ACTAGCCCTGATCTTA,932
ACTCGAGCATCTGCGT,932
AGTGTGGATCAATACC,932
ATAACTTAGACTTATG,932
GCCTGTACTCATACCC,932
GCTCATTGTTCCGCCT,932
GTAGTACAGACTATCT,932
TAACCGTAGCTCAGTT,932
TGAAACCAAACGATAC,932
TGACTATAGGACCCAG,932
AAACCTAAAAATCACT,931
AAGAGTGCAAATCATC,931
ACATTCAGGACACTCA,931
AGTGATTCTAGACCAC,931
ATCGAAATAAAAAAAT,931
ATGGACTGTCTCAAGG,931
CCATACAGAATTAGAG,931
GCAACTAAGATCCTGA,931
GCACTCCGCAACCCAG,931
GTGTAAGATAACAAGC,931
GTTCCCTCTCTCTAAT,931
TACAACTTTGATAACG,931
TAGAGCGGTCGCCGCC,931
TAGGGCATTCCGATAA,931
TATAACATATCAATTT,931
TATAAGAAAAGGTCTA,931
TATCAACAATGGGGAC,931
AAATTATGTCTAACGG,930
ACCGATCGTGTCTATT,930
ACGCATTGGCATTTTA,930
AGAAATCAATGCAAAT,930
AGAACCATTTTTCTGG,930
CAACCTACGACACCCC,930
CGAACAATATCACACC,930
GACGCAATCCAGTGTG,930
GAGATTAAACATAAAT,930
GGCTGATCGTATTATC,930
GGGTAATCATTGTTAG,930
GGTGGATAATAATAAC,930
TTCGATACCTTATCTT,930
AAACAATGTCAATGAT,929
AAATTTCTGGGCTCAA,929
AACACCTATAACACCA,929
AACGCCCTCATGAGCG,929
AACGTCTTAAGAGAAC,929
ACATATCACATTCCAC,929
AGTAACCCAGGCGTTA,929
ATCCTTACGTCGTAAC,929
CCAGATAATACTGGGG,929
CCGATTCGAAGGCATA,929
CTCCGAAAATAAACGA,929
CTGAAAACATCATGCG,929
GAATATAAGAAAATCG,929
GAATCCAAGATGCATC,929
GAGCTGATTAACTTTT,929
GAGGAGTCTGTGGAAA,929
GATAGAGAACTGTGGA,929
GTAGAGAAATAGTAGT,929
TAACGCACGTATGGGG,929
TACATTATATCCGGTA,929
TTATACGAGCGTGATG,929
AAACCGTGACAGAGTT,928
AAGTGTACCCTTAATA,928
CTGAATATACACGAAA,928
CTTACACCTTGCAACT,928
GGGACCTAGCCAATTC,928
TATACACGGGACCTCA,928
AAATTGGCCCGTCCGA,927
AATTTCTCAGATGCAT,927
ACCAGAACCTTGGAGC,927
AGCCCTAACCCACAAC,927
AGGACTGTACAAAGAA,927
ATGAAACAATTAAACC,927
ATTTTATGGCTGGATG,927
CATTCGGACGTATAAA,927
CCAGCATTAAACGTAT,927
CCGTTTGTTTTAACTA,927
CTTTTGTGCCTCACAC,927
GAGTAATAATATCTTA,927
GCACTAGTAAAAACGA,927
GCGAGGTCCTTCGACT,927
GTAAGAATCAGTGGCT,927
GTAAGCAGCACATCGG,927
TATATAAATTTCAAGA,927
TGCACTGGATGAACGA,927
TGGCCACCAACGCTGT,927
TGTAAATCATAGGCAT,927
ACAAACGTCTAGCAAT,926
ACACATCACGACTACA,926
ACATTACTGAACGGTA,926
ACCAAACTTTAAGCTA,926
ACCCGAAAATTTAAAA,926
AGTAACTCTCTCCTCC,926
AGTTTCTACGAAATCA,926
CCCGTATTCTAGTGAC,926
GAAACACGTTGGACGG,926
GATATAGGATTAGAAA,926
GCAACATTAAAGAGCA,926
TATCAACCACAAAGTT,926
TCCATATCGAGTACTT,926
TTAGGGCTTAGTCCAA,926
TTGAGAATAAACCCAA,926
AAACCGCATTCCTCCA,925
AAACTTCTAATCCCTA,925
AACTAAGAATAGACCT,925
AAGAATTCAATGGCCA,925
AATTAAACTGTGACCT,925
ACCACAGCCGGGTCCA,925
ACCCTACAAACATAGC,925
ACCTACAAACAACCTT,925
ACGATAAATTTGATGC,925
AGAATCGAGAGACTGC,925
AGAGAAGCGCACACTT,925
ATGCGGATTCCGGCAT,925
ATTTTTCATCGAAACA,925
CTAAATATAGGTAGGT,925
GAAAAGCAATATAACT,925
GCTTGCCTACCCGAAG,925
TTGCATCAAGAATTGA,925
AAATGAAATAGCCAAT,924
ACAACTGAAAGTTAAG,924
ACCAGTTTTCATGATA,924
AGACGCCTATTGTCTT,924
AGGCTGTGAATCTACC,924
ATAGGAAATTAAATTC,924
ATATATCAGTACCTCT,924
CCCTCTCAAATAAAAA,924
CCGCGATAAAAACCCA,924
CCTAAACATAACAATA,924
CTATAGCTTATATTAT,924
CTCCCGAAAGTAAGAA,924
CTTCACTCAAGACCAA,924
GCCCTCAGATCAACTC,924
GGAGAAAATAAGGAGA,924
TAACCCGGACACAGCT,924
TCTAACACGCAAATGG,924
TTTCAACTAGCATAAT,924
AAATAACAATGGAATT,923
AACCTGATCTAAATGG,923
ACATTATAAATGCCTA,923
ACCCTGTGTGAGACGC,923
ACGTCATTCTCATGGA,923
AGGATCTCAACTTGAA,923
ATACTTCTAGCCATTT,923
CAAAATTGATCCATTA,923
CGATGCGGTTCATTAC,923
GAAGGACAACAGTGAT,923
GATAATAGATCGTGCG,923
GCGGACATAATCCTCG,923
GTACCTATTCAACACC,923
GTCATAGCGGAAATAA,923
TCAATAAAAATATGGC,923
TCAGCACGACAATTTG,923
TGGCAATAATATAATG,923
TTATCCCACCCCGAGT,923
AACATACATGTTAAGC,922
AACCATGCAATAGTGT,922
AATATCACTGTCACAT,922
ACAGCAACACAACTCG,922
ACCCGGAGAACAAATG,922
AGATCAAAAGAACGCA,922
ATACAGCCCAACAAGT,922
ATCTTCCTAGATATTA,922
CAGCGAACCCGTGCAT,922
CGGTTTGCAAAATAAC,922
CTATCAGATCATAAAC,922
CTGTTACCTTCAGTAC,922
GCAGATAGCGTTTAGA,922
GCCAAGGAAACCTCCC,922
TCTTACATGCGGTATA,922
TTGACTCCTAAATAGT,922
TTTGAACTTTAATGAT,922
AATAAACATATGTATG,921
ATACTGCTGAAAATCA,921
ATCCTTCCCTGGCTCC,921
ATGCCGAGGGTCCCGT,921
CAAACTAGATCTTCCC,921
CATAACGGTGACCTAA,921
GAATATACAGATTATA,921
GCGGCCATAAACTAAA,921
GGATTGCAGAAGTACA,921
GTTAAACCTTGGCCGA,921
GTTTTTGCATAATTAA,921
TCATGTTACATTCTTC,921
TGGATTCTATTATACC,921
AAACGACTGCACGATG,920
AAGCGTAAACACAAGC,920
AGTAATTAAAAAAAGA,920
ATAACCGCGCGCTCAA,920
ATTTTTTATCTTACAC,920
CACTGGGCTATACGTA,920
CGGGACAATGATAACT,920
CTATGGTTCTGATAGA,920
GACACCTCACACTAAA,920
GCGATACTTTGCAACA,920
GGACCCGTCACGAGCT,920
GTACAGCTTAGATACA,920
GTGAGAGCTACCATTT,920
GTGATGTAGAGGACCG,920
GTTATGGACGTATAGA,920
TAAATTATATATGAAC,920
TACGGTAGCCAATTAA,920
TATACCGGATCGATAC,920
TCTTTGTCAAAATGTT,920
TGATCTGAAGACGATA,920
TTAGTTACCACAGAGT,920
TTCACAAGGTAAGATA,920
AAAAAACTGCCGCGAT,919
ACCCGCCTAGGAATAT,919
AGACAATGGAATAAAC,919
AGATTTTATCGGACAC,919
CAAATCAAAGGCTCGC,919
CACATACTAATCAGTA,919
CAGCCCATTTCGAGTT,919
CTGGTAATACCACTGT,919
GCTTGAAAAACACCAT,919
GTTTCGAAGTAGGGAA,919
TAAAACCCCTAAAGTG,919
TACCTCAAAAACCAAA,919
TACTAACCATCCTAGA,919
TGATTCTGATCGAAGT,919
AAATTATTATTACACA,918
AACATATCATTAAAAA,918
AACATGACGGCCAAAA,918
AACCACTGAAAATCTC,918
AATCAAAGTTTATGAC,918
AATCTTATGTCCACTA,918
AATCTTTAGTCTTCCC,918
ACCTTACATTGATCAT,918
AGCAAAACTCAAAGGC,918
AGGTTAGCATAACTAA,918
AGTTTGCACTTACAAA,918
CCGCTCTTTAGTAACT,918
CTTAGTAGACCAGCTC,918
GAAGGCCATTCACGTC,918
GATAGACCCTCAGAAC,918
GTGAGGAATGACTAGT,918
TAAGCTCATTCAATGC,918
AAACGCGGCGCAAAAG,917
AATCTAAAATAGGCAG,917
ACACAAACAAAGAAAG,917
ACGTTGCCAGGTGATT,917
AGTGAAACATGAACCG,917
ATGAGGCAGCATCCTA,917
ATTGAAACTATGTACA,917
CAACGCCACCAAGAGG,917
CATCCAGGTATTGCAA,917
CCAAGTTCGACAGGCT,917
CGACAAGACTAAAAAA,917
GGAACATCTATTGACA,917
GTACAAGTATAAAAAA,917
TAAATACTGAATGAGA,917
TAAGATAGAATCCAGT,917
TCACTGGGCGACAACT,917
TGAGAATAACAACGCC,917
TTGGGATCGGGAGTGG,917
AAAAAATTCCGACAAA,916
AACCTAAGTTCGTACA,916
AACGAATTGGCAACAC,916
AAGAGCCCGTTAACTG,916
ACCTCCCAATTAGATG,916
ACTCTACGCAAGTTAT,916
AGATGAATTTGCCCTT,916
ATATCGTCTCACAAGA,916
ATGTTCCATAATAAAG,916
ATTTGATCTACACACG,916
CAACCATGATAATTAC,916
CAATAGTCAAAAATCC,916
CGACGCCGTCTTCTTA,916
GCATTATCTGCTACAA,916
GTCTCCACTAAAATAA,916
TACCACAACTATACTG,916
AAACTCACGTCATATC,915
AACAAAAATAATCCAG,915
ACAAAGGTGGATCCCC,915
ACATGCATTGGGTTCT,915
ACCGGAAACCATTGGG,915
AGGCTTTAAAAACATA,915
AGGGGCTAAATATAAT,915
ATACCTCTAAAGCAGA,915
ATTAGGGGTCAAAAAG,915
ATTGAACTATAACGTA,915
CAGAGAACTCCTGTTG,915
CATAAAAGATCACAGT,915
CCATGGCCGATAGGCT,915
GAAGAGCACGCTACAA,915
GAATATTCCAGATATT,915
GATAATTTATATCACC,915
GCATTAAGACCCGCAC,915
GGCAAGATATTTCTCA,915
GGTTGGTGTGTATCAT,915
GTCGTTTGTATGCATT,915
TCAGTTCAGAGTAATC,915
TCATCTCTCTGCATTG,915
TGCCTAATCCGGGATA,915
TTAGAGAAGATGCATA,915
AATAACAGGATCGGAA,914
AATCATGGTCTTAATA,914
AATGCTCGACGGGCCG,914
ACTTGCAGGCAACAAA,914
AGAGTTAAGTGAAAAC,914
ATCCATCACAAACGCT,914
ATCTCAGCAATCGAGT,914
ATCTTTTTTGAAGTCT,914
CAAAAAAGCAGTTATA,914
CAACAAGTAATAAATA,914
CATCTGACAGAATTAC,914
CATTAAACACGCCCCC,914
CCAGAAAGCCACCCAA,914
GGGTCCATGTTCTAGG,914
GGTCAAAAACTGTATA,914
TAATACACTCATTGAC,914
TTTAAACGGCAAGTTG,914
AAGATCTTCCTCAACC,913
AGCAGAACTTATTTTT,913
AGGATTCCGCGATATT,913
AGGTTACTATTTAGGT,913
ATAAGTCTTACCAGTA,913
ATCGCTGGCGCAGAAA,913
CACCTTTCTATATAAA,913
CGCTAAGAGAATTCAT,913
CGGACGAACCACGTAG,913
GTCTACCCAATGCTAG,913
TAAGAACCTCCTCAAC,913
TAGAACAGCATGAGAT,913
TATATATAGAAGCCAG,913
TGGTTAAACTCATAAC,913
TTAAAGGTACGAAACT,913
TTCCCATGCACAACAA,913
AAAATAGCAAATGTAC,912
AAAGACTGACTCTCCC,912
AAATTCAACCATATAT,912
ACAGGTATGCCGAAAA,912
ACGGGTCTCGCTGATT,912
ACTACATTACAGTTCC,912
AGAAGAAATTTACCAG,912
AGCCATGGAGACTCGG,912
AGGACTCTTGGCCTGC,912
ATTTAGGCCAAAAAAT,912
CAATGATTGTGAAAAT,912
CCGACCGTAACCCCTG,912
CCGTCCCGATGATAAA,912
CTTACAAACTGTCTCA,912
CTTCTACAGATTAACT,912
GATAATCGGCACTGAC,912
GGCGATGAATTTAGTC,912
GGTATTTTAGTTGACT,912
GTGTATTGCGCACAGT,912
TACAAACTATAAGTTC,912
TCCGCTAGAGATCGAT,912
TTGCAGCGTACTCGTA,912
AAAATCATTAGAAAGT,911
AAACCAGGAGACTTGA,911
ATTAGTCGGTACCATC,911
CAATAATTATGAGCAA,911
CAATCTTCCGCAGTAG,911
CACAATGACTAGTCAC,911
CCCTGATCTTTGAAAG,911
CGGATACGATGAATAA,911
GAAAAAGCCTCGCAAT,911
GAGTCCATTATCAGCC,911
GATTATGAGTGCCCGT,911
GGCATACCACTTCTAA,911
GGTCTGAAACCAAACG,911
ACAACCTAGGTCCAAT,910
ACTGAACAGGAAAAAG,910
CAATAGGAAGAAAGAT,910
CATCGTACCTGCACCC,910
CCAGCCAAACATAGGA,910
CCCTGCAATCACCAAC,910
CGCAAACACGTCTCGA,910
GACCGAGTTGATGACG,910
GATATATAATGCCTGG,910
GCGGAAGTTTAATAAC,910
GCTGCGAATACCTAAA,910
TAAACACCCTCGATAA,910
TAATTATAAAACACCA,910
TAGAACTAAAACCAGG,910
TATCAATTACTATAAC,910
TCATACTTGGACATAG,910
TGAAATATATAAAGAA,910
TGCAAACTTAATTATC,910
ACAGTGTAGAAATAAA,909
ACCTTAAATAAACTAT,909
AGACATAGTATATCTA,909
AGACTATATTTGGCGT,909
CCAACCACAAATGCGA,909
CGCAGAACCAAAGAAT,909
CTATGGGCTTGTACAC,909
CTCCATGGCATTATCC,909
GAATTCTAAGCGTAGA,909
GACAAGATGAATACAT,909
GACCAGTACTTAACTG,909
GACTTGAGAGCCGATC,909
GTTAAACTTATAGTTC,909
TACCAGTACGGAGTTT,909
TATAATATAACGACTG,909
TTCTACGTCGTTAACA,909
TTTATCGACGTGATGA,909
TTTCATGTAGTAACCC,909
AACTTAAAACAAAACC,908
ATAGAGTTCAAATCTA,908
CATGACCAACGCCTAT,908
CCTTCCGCACAAGAAC,908
GACCAAGTAGAAAGCG,908
GCACTTTTAACCGAGT,908
GCTATAAATTCAGAGG,908
GCTTTAACTTAAAAAA,908
TCGGCCGCCGTATACA,908
AATAAAACTAGTTGAT,907
AATCTCACCGCAATGT,907
AATGCGTAAAACAACA,907
ACACAGACATAATTTA,907
ACAGAACTAACCTAAG,907
AGATCGACAAGCTATA,907
AGATCGACACAGAAAA,907
AGATGACCCAATCTAT,907
AGTGAAGATGGACAAA,907
ATAAGATCATTATAAA,907
ATCCCTAACTTAAGCG,907
CCAAGTTGTTACGGTT,907
CCACACGAATTCCAAC,907
CTATCGAGAATAGAAG,907
CTTTGGAAGCTATGGA,907
GACGTGACAAGACCAT,907
GCAGCTGGAAGAAAAA,907
GTTTGAAATTAAGTAG,907
TAAAAGATTTATTGCA,907
TACATTATCAGACCTT,907
TCGATCAAACAAGCAC,907
TTAGGCACTTAGATTG,907
TTGACCGGATAATCAC,907
AATAACCTGGCGGACC,906
ACTGCACTATCAAGTT,906
AGTGTACCTCCTATCG,906
CAATATTACGTGAACC,906
CCATGCCATAATTTAT,906
CGTCCCAACGTAGCAC,906
CTAAATCTGCAGTCAA,906
GAAACACAAGCTCAAA,906
GGGCTATAATAACTAG,906
TGGATGTAAACCCAAA,906
TTAAATCCCTTTACCT,906
AACGAAGCGCTGTGAG,905
AAGTATGCATAGAATC,905
AATCGAACAACACCCT,905
AGCCACTACATATCTC,905
AGGATATACTGTATCA,905
ATATAGTCTATAGCTA,905
ATCTACATAACCAAAT,905
CCCTAAGATAGTGATC,905
GATCATGAGGAACGAG,905
TAACATGAGCATCGAG,905
TAATAAAACCCGGACA,905
TACAGGAATCGTTCAA,905
TATAACGACGACACCC,905
TCTAACGAACTTAATA,905
TTACATGACACCCACA,905
TTATTATATAAGATAA,905
AATAACCTTATGAACG,904
ACTTAAATTACCACCG,904
AGAAAATTAAACAAAG,904
AGCGATAGAACTTCAC,904
ATAATACCAGACAGAT,904
ATACGTGCATTCATAA,904
ATATACTAAATATAAG,904
CCTCAGTAGACCATAG,904
GACTTGTCAAACCACC,904
GAGTAGAACACATATG,904
GGATTTCATTGTGAAG,904
GTTGACAGCATTATAT,904
TAATAATAAAATACAC,904
TATCACACCGTGCACT,904
TCAAGCGAACTTCCAT,904
TGACCTAAATTCGAAG,904
TGAGAATGACAAATTT,904
ACGTGAGATATAGACG,903
AGGGGCGATTAAAATG,903
AGGGGTTAAGTCGATC,903
ATAACATGATACTTTT,903
ATTGTTTTCTCCTACC,903
CCTTTCTGAGGCTAAA,903
CGAAGTGCATCAATGA,903
GAAAATACCCAATGCA,903
GGAGCGTATTAACGTT,903
GTTGTGATGAAAGAGA,903
TACATCAACTATACAA,903
TCAGAATCGATTTGGA,903
TGTCCAGTACGATATA,903
TTAATTAATCGTTACT,903
ACAACAGGGAACCTCT,902
ACAGATAAGTCCTTCA,902
AGAGGAAGTCCTTACG,902
AGATGGAGAACCTTAA,902
ATTTGTAATAAAGTAA,902
CCTATCAGTGCACGAT,902
CGTAACGGCTAGTCCA,902
CTGAACAGAATCTTTT,902
GACAAGGCAGCAAGTC,902
GCGCTCATCCGTAACT,902
GGATCAGCTTACAGTT,902
GGCAGTAGCGAGAGCA,902
TCATTTTAGTCTGTGG,902
TCCTACAATCACAATT,902
TTTAAGGATGACGGCA,902
TTTGTCTTACGGCTCG,902
TTTTAGCCCTTTACGA,902
AACGTACAGATAACCG,901
AAGGTGACAGATCGAG,901
ACAACAACTTAAATCC,901
ACACACCAGGAGCATC,901
ACTACCGCTTACGAAA,901
ATAATCGAGCGTACCT,901
ATAATGTATAAGTCAT,901
ATAATTAATGACCTGT,901
ATACCCCTCAATATAA,901
ATTATGCCCATACTAT,901
CATGGACATTTAAACT,901
CATTAAATTTTATCGG,901
CCACGGAGATCTAACT,901
CTGGGCCCGAACAACC,901
GACAATTTCCATAGGG,901
GACGCATAACAGCCCG,901
GGCCGAACCTGGATAC,901
TAACGCCGAGACACAT,901
TGAACCGAAGGGTCAC,901
TGTACACAAAAACTTC,901
AACTGTTCGATCACGG,900
ACACCAAAGCCCCGGA,900
ACCCGCGGCACAGGTT,900
AGACACAATTATGTAA,900
ATTGTATGCAAATTAC,900
CCTTATATAAAGGGAT,900
CGACCATACGTATCCC,900
CGCGGCACCTTATTAA,900
GAGCGCGTATATCGAC,900
GAGGTATTCCACCTTC,900
GTAAAGAAACCTTAGT,900
GTAACCCAGCGCCTTG,900
GTGCCAGAGGGATAAA,900
TAGTTCCTCAATAGTA,900
TGCCCCATTGATACAG,900
TTATAGACTAGAAGCG,900
AGAGAGGAGCGCAATT,899
ATCTAAATCAAATAAT,899
ATTGAGGAAATTACCC,899
CAATTCCCTAACATCA,899
CCTTAAAATGTATTTT,899
CGATTAGATACTATTT,899
CTCTTGTAACCCAGTC,899
AACATAGGAAACCGTC,898
AACTGGACCCTGATTC,898
ACAGTAGAAATATAAG,898
ACTCTTTAACGATATG,898
AGAATCATTCCGTCAG,898
AGACGACAGCTTGAAG,898
AGCTAATCGCTATATG,898
ATCATCTATTATGTTG,898
CTCGAACTCTGACGTA,898
GCAAACATTAGAGCTC,898
GCCCAGGCCTTGAATT,898
GTTTTTGCATTTATAT,898
TCATTCATGTTACGTC,898
TTAAAAAAGTTCAAGT,898
TTATCTAATAACCAGA,898
TTTCGTGCAAATCCTT,898
ACCCCGAAAATAACCA,897
AGAGATGTGAAAAGCA,897
AGTGACACGCTGATTG,897
ATTAGTTTATCAGACC,897
GCAGAGCCCAGGCCCG,897
GCAGCAGTAGTTAGCT,897
GCATAGCTGTATTACT,897
TATAGGAAATCTTCAA,897
TCCCGAATTGCACGAG,897
TTGTATTTGCAAGCGT,897
AAAGAAAAAAAGAATA,896
AATAAACATCGTACGA,896
AATATTAAGCTATACA,896
AATGTGAATCGTATAC,896
ACAGAATAAGTCTTCG,896
ACATCCAAAGAACTGT,896
ACGCGATTATGTACGT,896
AGATAAGAGATCGTGG,896
ATGCCATAAATTAACG,896
ATTAAGATCCTAGGTA,896
ATTACCTGTCTACCTT,896
CCAATTAGTGTGAAGT,896
CTCGAAGACTGACCCC,896
CTTAAGACTAAAAGCT,896
GAACAAAAGTGCTATT,896
GAGTCAATCTAAAAGA,896
GCATTGCATCAATTTA,896
GGATTCTAGGTAACCA,896
TCCCGACCTGAATATA,896
TTGAAGGAATAAAGAA,896
TTGGGATCAGTAAGTC,896
ACCTCCAAAAGCCGAC,895
ATACACGGCCACATCC,895
ATCCAAGTTAGATCCC,895
ATCGATTGACTGGGCA,895
ATTAGAAGTTTTATGC,895
CCGTAGCAATACAAAC,895
CTGCTCAACCACCCTT,895
GCTCAACCCTGGCAAA,895
GGAGACCTCCAGGCAA,895
GTAACAACCAAGGACA,895
TAAGGCATGGGGGGGT,895
TGCAGAAATGTCTAAA,895
AATCCAATTTTATCCA,894
ACAAACAATACAGATA,894
ACTTCCGCCTACGTGA,894
AGAATAAAGTCTTGAG,894
AGGAATAAGGTACTAA,894
CCTACAAGAATAACTC,894
CTAGTAAAACTATCGT,894
GAAATTATTACTTACA,894
GAACAAATTTTACCAG,894
GACCTAATTGAATTAT,894
GTCCAGCTCCTTCAGT,894
GTCGGATACCTGAAAT,894
GTGATGCGTGGTCCCT,894
TAGAAAAGGTGCAGAT,894
TATAAATGGCAATCAA,894
TCTCCCAATTACCAAC,894
AAACGTGCATAATCAG,893
AAATACGACGAGAAAT,893
ACTCCTCAATTGTGCC,893
AGTTTAACCTACCCAG,893
ATATGGCTAACACTCT,893
ATGCCCAACGGTGGGC,893
ATTGATAGAATTGACG,893
CCAGACCAAGAGTCAC,893
GAAGATGTCAGGAACA,893
GGGTACTAACGGCCCT,893
TAAAGAAAATAAATAG,893
TCAGTCGGCACATCCA,893
TTCCGGATAGTGATGC,893
ACGAATACCGCCGATT,892
AGTTTAGCTACCTCTG,892
CACAGTCTCTTCAGCA,892
CAGAACACGAAACAAA,892
CAGAGCACACTTATAA,892
CCAAACTGATATATCA,892
CCTTTCTTCCCAACGT,892
CTAATTGTATCATTAC,892
GCCATTCACCGCCTCG,892
GCGAACTTAATATCAG,892
TCAGGGCCAGACGGCA,892
TCTCCGAAAAGATGCT,892
TCTGGAACGCGCACAC,892
TGCAATACAGAAGTGG,892
TTCTCAAGGACGTTCC,892
AACGTTACGCTTTTTT,891
ATATAGAGTTGCGAAT,891
CACAACAACCCTACGG,891
CAGTACTTAAACAGTC,891
CTAACCCAACCTATTT,891
CTGTCAAGCAAAATTA,891
GACGTCTGCTTGCTTT,891
GCAGAATACTATCAAG,891
GGACAAAAAGATGCTT,891
GGACACAAGATTACAC,891
TAATTACATGACAGAA,891
TGTAAAAACGCTAGCA,891
TGTGAGTGGAGAATGG,891
AGCAAGTACTAAGAAT,890
AGCCGTGAGTTAAACC,890
AGGTTAAGAAATTAAT,890
ATTTAAAAACATAATA,890
CAAAGGTATTAGAGGC,890
CAAATTAACACTTGCC,890
CAGACTGATATTCTTC,890
CAGAGCATTGATTCCA,890
GGGCGCACTACGAGTT,890
GGTTTATGACAGGCTA,890
GTACAGAACACACCAT,890
TAAACAAAGTCATGAG,890
TATATGAGTATTAAAG,890
TATGAACACTTAAAAG,890
TATTACAAAGAGGACT,890
TCCGAGCGTAAAAGTA,890
TCTAGCCTATTCATCT,890
TGCAAATTCCATGTTT,890
TTGGCGTACGGTAATC,890
AATACTGGCATGCAGA,889
ACGAACTCATTAACGA,889
AGTATCCTTAACTCTC,889
CCGTCGATGTCACACA,889
CGACTTAACAATCCAA,889
CGCCGACGCTAGTTGC,889
CTGCTAGAAAAAGAAA,889
GCATTAGGCTCGAGCG,889
GTACGAAAAAAATATA,889
TCCATTTGAGTCTGGA,889
AAAGACCCCGAATGGG,888
ACTACTCACAAGCAAG,888
ATAACATAAAAATACA,888
ATAATTAGCTATTCAA,888
ATCGGTTACCATACAA,888
CAACCATACCATAATA,888
CACGCTGATAAGGACC,888
CCAATTCTACGCAGTA,888
GAAACTGAATGGCCAA,888
GAACGAGCACAATAAA,888
TATTTTCAGTGCCGAA,888
TCGTGTTCCGCTATCT,888
TGATACTTCTTTAACA,888
TGGTACTTAGTATAAA,888
TTAAAGCCAGAGTACG,888
TTGTGGCACATCCTAC,888
AAACGATAATCAATTT,887
ACGATGAATACATGGG,887
ACTGTAATATATAATT,887
AGTTGTGATCTTACCG,887
ATGTCTCCCTCTTGCC,887
ATTAATAGAACAAGGT,887
CATCGTAACGCCTGGT,887
CGAGTAACGAGAGTTG,887
CTCACTCACTTTTATC,887
GACGTAAAAAGACCGA,887
GATTACTTTTTTATAA,887
GTAACGCTCAAACAAC,887
GTACAAAGCCATGGAA,887
TAAACGGTGTATCTTG,887
TAACCAGTGGACATAT,887
TAACCGTGGACAGCTC,887
TCCACAAAGATAAATT,887
TCGTTAAACGTATACA,887
TGTAAAATATATTTGT,887
TGTTCAAATTACATAA,887
AACATACATTGAGACA,886
ACAACGATAGCTAAAA,886
AGGACGTAATGCTATA,886
AGGCGTTTGAATTAAG,886
AGGGTCCAGGTACAAC,886
ATATCAAGCTGCTATA,886
ATGCGTATCGCACACG,886
CACCACAAACTACAAT,886
CCATGTCAACCTCTTC,886
CCTTACGAAATAAGGT,886
CGTCTCAGGACAATAT,886
CTTAATATTGCGGGTT,886
CTTCTGGTACTAGAAG,886
GAAGAGAAGCGTGAAT,886
GACGCGCAAAGAAAAC,886
GCCTAATGCAACCGCT,886
GGAACCATGATCACTG,886
GGGTAGCGGACCGTTG,886
TAAAATGAGTCAAAAA,886
AAAACCAAAGACAGAG,885
AACATATACGGTTGCG,885
AACTAGGTAATTTCAT,885
AATAAATACAAATCAG,885
ACGCTCGTAGTCAGCT,885
ACTTTGTCATGCCCAA,885
AGATGACTCGTCTGCT,885
AGCCTTTCGCTAAAAA,885
ATAGAATATTTATATG,885
ATATAATACACGATCA,885
CATTCTAACAAAAACG,885
GAATAATCAGGGTGAT,885
GAATCCTTACACAAAT,885
GAGTTTGACCCGTTTA,885
GTAAACAAGTCTTACG,885
TAATTCTAAGTCTTAA,885
TCAATGCTAATAATCC,885
TGAAAATGTCCAAAGT,885
TTAAATAAACCATGTA,885
TTAGTTATAAAATTTA,885
TTTAGCTGCTCCAGAC,885
AGCGCAATAGAAAGAA,884
ATAAGGTATTGGATCG,884
ATTGTATAGTATATTA,884
CACAGTGCATAGCTCC,884
CAGTTTGAGATTCGCC,884
CGATGATCCTAATAGG,884
CTGAGTAAGCCCTAAT,884
GAAAACAATGGGAATG,884
GATGGTCGATAAAAGA,884
GCTAAGACTCTAGATC,884
GGTTATAGTCACTATT,884
GTAAAAGACTAACTAT,884
TCCACTTTGAATTAGA,884
TTGACTCTACTATATA,884
TTTGTACGGGGAACAC,884
TTTTTACACTATGAGA,884
AAACGATTACAGCCAA,883
AAGTTGATGGAGGTAA,883
ACAATTCTGGATAATA,883
ACCGTCATCTTATATT,883
ACGTGATCACGTACTG,883
ACTAGCAAACTGGGAC,883
AGCGCACAAGCCTACT,883
AGTTATTTTTAACCTA,883
CACCCATAAAAGCAAG,883
CAGCAGATCCCTTAAA,883
CCACCAGTCTGAAAAG,883
CGGGGGTATCCATGAT,883
CTAAATGTTGACAATC,883
CTACAATTCAGACGTG,883
CTAGCAGCGTACTCAT,883
CTATTCTGTGTAATGG,883
GAATTGGACATTCCAA,883
GGGAACGTGCTCATAA,883
GTACAGTATAGATAAA,883
GTTAATAGCTAATTTC,883
TATTAGCTGTAACGAG,883
TATTGAAGGTGCTCAT,883
TGCGCATAATGGTCCA,883
TTAGGGCAGTGACCAA,883
AAATGTATGCTAGGTA,882
AACTGAGCGGCATAAA,882
AAGGAGGGTAAAACGT,882
ACCACGGTAATCGGAG,882
AGATGGTAGAGACAGC,882
AGCGACTAAAAAAAGA,882
ATTTCGCAGTTAAAGA,882
CACAAAATTCTAAGAC,882
CATAACCAAACTAACA,882
CCCCCACGAGACAAGA,882
CTAAATACAACCCGAA,882
TGCGAACCATAGAAAG,882
ACCCATCACCACTCTG,881
ATAATGTGAAGTTAGC,881
CCCTTTAGTTAACAGG,881
CTTAACTAGCAACATA,881
GGGCATTTATTAATTA,881
TAAACTTACAGCCGCA,881
TATTCACGGGAATGTA,881
TCATGGGACGCACAGA,881
TCCTATCAAACCAAAT,881
TGAGCTTAAAGATCGA,881
TTAGCGGAGACAAATT,881
ACGACCAATCTATGGC,880
ATATCGACAACAGTAC,880
ATGATACGTCAAAAGA,880
CCAATACACCTTTAAC,880
CGTAATATTAAACCAT,880
GAAAGCTGCTACATGA,880
GACTTATTAATGTTAT,880
GTGCTAGAGGGATAAC,880
TAAATTACTCATTATA,880
TTCTAGTATAATTCAT,880
TTGAAACAGTAAGATG,880
TTTTGTAAAAGATTGT,880
AATGTATGTGGTTGAA,879
ACGGAATCAGATGAGT,879
ACTTTAACGTGTTCTC,879
AGAACAGACGATCCAA,879
CAAAACGAATGATCTA,879
CACGAGACATTAGGAG,879
CGGACGCTGCACCGTA,879
CTCAGGAGATATTTCA,879
GAAGTAAGCTTCGGCA,879
GACCATTACCATTGAA,879
GAGGACAAATGACTTA,879
GAGGGCTGTAAAACGC,879
GGGTGAATGAAAGTTG,879
TTAAGTTTCACGAAGC,879
TTTTCTCCAGGGGCGC,879
AAACCATAACTAGCCA,878
AAACGGAATGTGGAAT,878
AAGCTTTCAAGAAAAC,878
ACTTTTCATTCACTGA,878
AGACTCTGGATCAAGG,878
CAACTCGAGGGGCACA,878
CGGCCCCAAGGACAGC,878
CTGACACAAGTTTACA,878
GAATAAAATAAGTATA,878
GCCCAACTAGTGAAAT,878
GTAGAAAAATCCTTTG,878
TATACATACGAACTTC,878
TTTCTAAATACCTGAC,878
AAATCTTATATAAAGA,877
AATCTTTTTGCACTCT,877
ACGCTAATCACACACC,877
ATTAAGCGTGTTACGC,877
CAAATGCGGGAACATT,877
CACGGGGCCATATATC,877
CATAGGGAACTTCGTG,877
GAAAACGATATAAGAC,877
GATAATGCTGACTTGA,877
GATGACATTTTATTTC,877
GATGTATCACGACAAA,877
GCCAACCGGAATTCCC,877
GGCAAACGATATTACA,877
GTGTTCGTTGAACGTT,877
TAGGATATGGAAATAT,877
TAGTGCAGCGACCGAA,877
TTAGAGACAAACTATA,877
TTCGCATTATTTATCA,877
AATACACTATCCCTGA,876
AATAGATACGGGAATG,876
AATCCTTCCCGGATCT,876
ATAAATAAAACGAGAG,876
ATTTCAAGCTATACTA,876
CATGACGCACACAAAA,876
CCATAGCCAGAAAACG,876
CCTGGGATTCTAACTC,876
CGCCCACTCGTATCGT,876
CTTTAACACGCGCCTT,876
GCACACAGATGTCACC,876
GCAGTGCGCTAGACAT,876
GTCAAGGTAACCAAAC,876
TATAGATCGAGCCAAT,876
TATCGCATGAATCCAC,876
TATTACAAAAGAATAT,876
TCATAGAGCTCTACAA,876
TCTAAGTGTCTACCCG,876
TGGAGAAACATGCTAG,876
TGTATAATCCTAAATA,876
AATATTATAGCAAGGT,875
AATCGATGGAGCAAGA,875
AATTTACATCGTTACA,875
ATGACTTTCTCTCACT,875
CAGCTAGATAAATATA,875
CATATTAAAAGCCATT,875
CTAGGCCGACCTTTCT,875
GCAGGACACACAAAAC,875
GGAAGTCGCAACACAC,875
GGGATACCGAAACTTT,875
TCTCCCCTGAACCTGC,875
TCTTTATGAAAACGCC,875
TGAGGTACGCCATCCA,875
AAAGACAAATAGCAAA,874
ACATAGGTCATTGATG,874
ATAGTTATTCCATTCG,874
ATCCACATAGCCCGCT,874
ATGCCCGAAGGTGCGA,874
CACGCATTACGCCAAA,874
CAGAACAACTAAAATA,874
CCCGCAGTGACTGTCG,874
GACGATATGAACAGGC,874
GGCTGACTAGAGTAGA,874
GGTACAAACAAAAAAA,874
TAACATGAATTGCCAA,874
TATTCCATGTCATTGC,874
TCAATTGCAGAAAAAT,874
TGGTCCGGCGTGGCTA,874
TTTTCACAAAAAGTAC,874
ACATTCACAGATGGTC,873
ACGGGGTTTAGTAACA,873
AGCAACATAATGACCA,873
AGGCAGCAGTGTACCA,873
AGTCAGTACGCTGCCA,873
CAACATAGTATACCTT,873
CACACTGCACATAACA,873
CGGACAGATAACTAAA,873
CTCCATGCACAGACTA,873
CTTACAGCCACCGCTA,873
CTTACGAGACACTACG,873
GAAATATTGATAAAGT,873
TAAGCTAAGGATTGGC,873
TATAAAAGCCGAAGAT,873
TCATCGTTAACAACAG,873
TGGGCACCCTATTGCA,873
AAAAAAGATCGCTCAC,872
AAGTCAACTGGAATAA,872
AATTCCCGATTATAGA,872
AGAAGGCCACAACATC,872
AGACTAAAATATAGCC,872
AGGCCGAAAGAACAAA,872
CATGGAACCTACACTT,872
CCGGCCCCCAATCAAT,872
CTCTAATAACTACGTA,872
GAATCAACCCTATAAT,872
GGCTAGAAAGATGATA,872
TATGAGCTTCACGTAA,872
TGAAGTAAATCCAGCC,872
TGTTTTACAGATTATC,872
TTACTTCGATATCATT,872
TTCTGTTCTAATTTTC,872
TTTATGAGCGCCTTGT,872
AAAAATTTAAGATAAA,871
ACAGGTGGAAATCATG,871
ACCTTCACACTGACAG,871
AGATCTGTAACCGGAC,871
AGCGTTGTGCATATGC,871
AGCTAAACGAAAACGC,871
AGGAGAGGGTACGCAG,871
ATCAAAAGTTATCATG,871
CCTAGAACTGAAATCC,871
CGCTATACACGGAGCG,871
CGGACAAAGGGACGAG,871
CTGCCGCATACGGTAA,871
TAATTTAATCCCAATA,871
TCAAACTACCAGTCTT,871
TCATCGGGAGATTAAT,871
AAATTTGCTAAGATAT,870
AATAACGCGAGGCGCA,870
AATTCTATAGTTGTCG,870
ACCAGAAACAACATAG,870
ACTTGATAAAGTTGGG,870
AGGCCTCTATACGGGA,870
ATATAATTATTATACG,870
CAATTACTAGAAATCT,870
CCATGATTATTGTGAA,870
CGAATGTTCAAAGCAT,870
GCCATGCGGAATAAAG,870
GTGACGTTGTTTAATC,870
GTTATAGCATCGGATG,870
TACACGAAGGATATGC,870
TCAATTAAACTCAAAA,870
AAATCTCTTACTAGAA,869
ACATATGAATGCTCCA,869
AGGGCAAGTGCAAATT,869
ATACCTCTCCATAAAT,869
ATACTGATAAATACTA,869
ATGATCTGACTATAAA,869
CAGATTGGGACGTCGT,869
CCCTGTTTGTAAATAT,869
CGAGGAGTGTTCTGAA,869
CTGAACGACGCCCGTT,869
GAATCCTTTGATTCAC,869
GACATCACTTATAAAC,869
GCTACTCTTATGTTGC,869
TAGGGACACACCTTAC,869
TCCAAATTAAGTCACG,869
TCTATAAACGATATGC,869
TGTCACAATGCAGGCC,869
AAACACGGGTCGTTAA,868
AATTGGTACTACGGTT,868
AGATTAACAGAAAATC,868
AGTATAGGTGACTCTC,868
CAATGCATTTTGTGGA,868
CAGGACATTATCCCAA,868
GAGTTAATGGCCTAAA,868
GGTTGTCGATTGGATC,868
GTTCGTATTAGATCTG,868
TAACACCATAATAATC,868
TTCTAATTAACCTCGA,868
AAGATTAGGTGCGAGA,867
ACGCTCAATCTACATC,867
ATACCCTCACATACCT,867
ATGGCTAGAGAAAAAA,867
CAACTGCGCTCCGTCT,867
CAGAACGTAAATATTT,867
CATATTGATGTAGACC,867
CTATAGACGTCGGACA,867
CTCGTCGGACAACTAA,867
CTTTTACACCGGAAGG,867
GACTAAGGCGGTACAT,867
GATCAAACCATAGGTC,867
TACAGGGGAACCAACA,867
TACGTTGATCTATCAC,867
TATCCGAAGATAAGTC,867
AAAAGTAAGCTACATC,866
AAATAACGAATAGCCG,866
AACGGAGCAGTGCACT,866
ACATTGAATTCCGTAG,866
AGGAGTGACAAGAACC,866
ATGTACGGTCACCGAA,866
CACCATCGCCACAAAA,866
CGCGGCTGGAAGAGAT,866
CTAAGACACAACAGAA,866
CTCTGCCCATACAACA,866
GACATTGTAGCGGGTC,866
GACTACCGTTCCTGAG,866
GAGGGCGCTTACCACG,866
GCGAACACTATACAGG,866
GTATAATCTCCAACGC,866
GTGTCTGCGAGCTTCT,866
TATAAGGGCAGCTCGT,866
AACCAAAGTATCACGA,865
AACCATACAGTCTATC,865
AAGATGCGGACCGCCG,865
AATGAACGCTAGGAAA,865
AATTAAAAACATAACC,865
AGTGGCTGGGCTAGTC,865
ATTACGCTCCGAACGT,865
ATTAGGACGCAGCGGG,865
CAAACCATGCAGCACA,865
CAAATAGCTGTGTTCC,865
CACCCGAAGTAAACTA,865
CACCTTATAAATCGCT,865
CACTGGACCCGTTCGA,865
GAAAAGGGACCACCAC,865
GAATCACCTATGATGC,865
GACACAATAATACGAG,865
GAGATTATTATACTAC,865
GCTCTCAGTACTACAT,865
GTATGCATAACATGAT,865
TCAAAGCCTAAATACA,865
TCAACAGACTGGTAAA,865
TCCGATCTTCTAAAGT,865
TCTAGTCAAAGCTCTG,865
TTCCTCATTAACACAT,865
AACAATAATTACCCTC,864
AGGTCAGTCTTATTGT,864
CTCAAGCAAGAAGAGG,864
GGATACACATATAGTG,864
GGATAGCTAAGTGTGC,864
TAATACATTCCTCCTA,864
TATTAAACGAACGACC,864
TCAAACCTTCTTGAGC,864
AAAATAGCAGTAAATC,863
AAACGCAAAGTATACA,863
AAGCCTATTGCTCACG,863
ACACGGAACCTGACAA,863
AGAGCGTTAATATATT,863
ATAAATCAATGCAAAG,863
CATGCGAACTATATAG,863
CCCTTCTCCCACAAAA,863
CTAAGAATAGACAGCA,863
CTCAGAATAATGAAAA,863
GCCCTTAATACACATT,863
GGACCACTCCAGCGAC,863
TAAGATTACAACAATT,863
TATTATAATTATCATT,863
TTTGTAGGAATGGGTT,863
AAACATAATCTCCGTA,862
AATTCTCACCAGAACA,862
ACAGAATTTTTACGCA,862
ACGTCCATGTGAATGG,862
ACTCTAAGACACTATA,862
AGCCCATTAAAACCAT,862
ATCAAAAAAATAGATT,862
CAATATATAATGCGTA,862
CCCCAAGCAAGTTAAT,862
CGTATAATACATCCAC,862
CTATAAAACACTAAAA,862
GAGGGTTGCTATTATA,862
GATACAAGTAGCCGAC,862
GGAGGGGACCATGAAC,862
TAACGTGATGGCATAT,862
TAGTAAATCTCTATCT,862
TGCCCCTAAGATGACC,862
TTGCTATGAATGGCTC,862
TTGTTATAGTATGAAG,862
AAGGTGGTAACATACC,861
ACAGACGCTGAATTCC,861
AGCTCGGAGAATCCCC,861
GAGGAATTCAAAAAGT,861
GGATACTCAGCTTCTT,861
GTCAAGAACTAAACAA,861
TATAACACCAAATGCA,861
TATCGGTAATATTGGC,861
TGAATAGTAAGGTGCC,861
TTCATGTCAGTCCACA,861
TTGTTCCTCTGTGCAA,861
AAAGGACTCTTATACA,860
AAGGAATTAACAAGAT,860
AGATCAAATTTGCTAG,860
ATACACACAAAATCAA,860
ATACATACAACATTGG,860
ATGATAAACGAGCTAA,860
GGATGCAGTTTAAGAA,860
TCGCTTATAATGTGCT,860
TGCAGGTAGCAGAGTT,860
TTTAACCGGGCCAAAT,860
AAACATTAAGCTTTGA,859
AACATACTTAATAATT,859
AACCAAGACCACTCAA,859
ACTACCCGTATAGACA,859
ATCAACGATTCCGTGT,859
CAATGGAAAACAGTCC,859
CAGGACAATTTTGTCA,859
GACTCAGAAGATAAAG,859
GGTGAAACCTCTGGTT,859
TAAAACGGACGCTTAT,859
TCGAGAGAACAGGTAA,859
TTATTAGCAGTAGTAT,859
TTCGAAAAAGCAAAAT,859
AATTAGTGGATATAAT,858
ACGTAAAAACTCCTCA,858
AGGCTCTGCCCTACCA,858
AGTCTCCCTTCCAACG,858
ATTGAAACTTGAAAAC,858
CAGCGTAAGCGACAAA,858
CATCAATACAATATAA,858
CCACTACCCACAAGGA,858
CGCTGCCATCCACTGC,858
CTATACACCAGGTCAT,858
CTCATCAAAAGAACGA,858
GAAACGATTTCCCGTT,858
GAATTGCCCCGACGAG,858
TAGCGACCAATTAACA,858
TCTTGCTATTAGAGCT,858
AAAGGATACCCCTAAC,857
AACCAGAAACAGTATG,857
AATCCCTCATATCATT,857
AATTCTAACCCAATAT,857
ATGAAGGGTGTAATAA,857
CAAACTCGTGCGTCAC,857
CAACAACATAGCACAA,857
CATTTAGGTTTTGAAA,857
CCCGATACACTACGGC,857
GATAGGCCTTACAGCT,857
GCTTTAACAGAGAGTA,857
TGGGACCGTTTGAAAA,857
TTATGATAGAGAAATT,857
TTTAACCATGACGGTG,857
AAAATAACACATACTA,856
AACCGACGCAGCCATA,856
ACATATCTATATTATG,856
AGCGGGCACCATGAAG,856
CCTAGAAACATTCTAT,856
GAATATTTTTGCAGCC,856
GGCCAAGCAGCCCATG,856
TAATCTCTTTGATATC,856
TCACAGATTAACTTCC,856
TGCACAGAGCATCAAT,856
AAAATAATCTTCGAGC,855
AACGAACAGCTAAAAT,855
AAGTTGAGTAAGGGAC,855
AATTCATGACGTACTT,855
AGGCTGTTCACTGCTA,855
AGTGATATACACAAAA,855
ATAATCATTCCTTGAA,855
CGTCTACTAGAGGACG,855
CTAACCATAGATGACA,855
CTGCTACAATTGATCA,855
GAGTCCTAGAATTAAG,855
GGCCTAAGACCTGTGA,855
TAAATGAACGGGAGCC,855
TAAGATTCTTCGAAAG,855
TCCAAAGTTCTATTGT,855
TGCCAGAACAATAACA,855
TGGACCTCGCGATTTG,855
TTCGACATAGGGAGGA,855
AAACGAACCCACAAAA,854
AACCTCCTATTTTCAG,854
AGAAATAGATCGAAAA,854
ATACAAAAAATGTGAA,854
CAACATAACACAACGT,854
CAATGAGAAATACCCC,854
CCATGAAATCTCAGAA,854
CGATTACGAATATAGA,854
CGGACCAAATGGGGGG,854
CTAATGATCCTATGAC,854
CTTATCTAGACTCAAT,854
CTTTACTACGGTCCTA,854
TAGTGCACAAACTATA,854
TAGTGTACTAAAATAA,854
TCTTACAGTATTACGT,854
TGCTGGCAAAGTTAGA,854
AAAGTAATCTCCCAGC,853
ACAATCACAAATGCAG,853
ATGCCTCTTGCGGACA,853
CAAAAAATGAAGGAGT,853
CCATGCCTACAATGCT,853
AAATGATGATTGAGAG,852
ACTCTACAACTGATGA,852
ATATGACAATCAAACT,852
CAAGGTCGTTCTACAA,852
CCTACAATTATTGACA,852
CGTTATGTACATCTGA,852
CTGGGTCTCTAGCCAT,852
GAATTCCGATAGATAA,852
GAGCGGTTGACCTAAA,852
GCGGACATGTGACAAG,852
TACGAGTATAGGAACG,852
TAGCAGTACTCAATTT,852
AAACACTAACACATAG,851
AAAGAACTCAAAACTA,851
AATGTACATTTACCCC,851
ACGCCGTCCACCAAAT,851
ACGCGAGTAGCTTTAA,851
ATATGAGCCGGGCATA,851
CACTATAAGGATGCAG,851
CAGGGATACACCTGAA,851
CCCCTTTTTAACACCT,851
CCGGCAAATAACTCAT,851
CGTTCTACCCGTCACA,851
CGTTTGCTGTAATATT,851
CTTGGGGCATATACGA,851
GAATTGGACGAGCTGT,851
GGCAGAAGATAAAATA,851
TAAATTGCCCACTTCG,851
TAAGAAAACCAAATCA,851
TAGTCAACGTCTATAT,851
TCCAAACCCTGCTCGA,851
TTATCTCGACTTGGCT,851
AAAACAAAATTTAATC,850
AAAGTCTGATGCTGAT,850
AAGGATCACCATACTA,850
AATAATGGCAAATAAC,850
AGAATGAAGATTAGGA,850
AGCGGTGAAACGCAAC,850
ATAAACACAAAGAACC,850
ATTATAGGTTAAATAT,850
ATTTAGGTTTGCACCT,850
CAAATTCACAAAGCTG,850
CAATAACTGAATAGCC,850
CAGACGATTGTGGTAC,850
CGGAACATTAAAAGGC,850
GCCTACATACAACAGG,850
GGCAGATTACTAAGCC,850
GTTCCGTGACTACACT,850
TAGAGTGCACGCCCGA,850
TGAATGCTAACCCTTT,850
TGCCCTACCATCCCGT,850
ACAGAAGGTTTTAAAT,849
ACGTAAAGCAAGCCAT,849
CAAAGTCTAGATTACT,849
CAAATACACCATAATG,849
CGACGTGTCAAGGAGC,849
CTATTAAATAGCTTTA,849
GAATCGGTCGTTCGCG,849
GAATCTAGTATGGCAG,849
GGAATGTAAAGCCTAA,849
GTCCTATCGAAAACCC,849
GTTCGAAATTATAACA,849
TATAGATAGCGATCGT,849
TCGCACGTAGCCAGGG,849
TGAAATGATATGGAAG,849
TTTATGCTTATAACAC,849
AATAGATTTCCGAAAA,848
ATAAACAATATAAGAT,848
ATTTTAAAAACAAAGA,848
CGTGAAATCCGAACCA,848
CTTTCCTCCTTTGCGG,848
GGATAAACAATGTCCA,848
GGCATCAAGCGAGCCA,848
TAAACGTTTGAACCAA,848
TAGACCGTCACTCTGG,848
AATCGGAAAGGTGTAA,847
AGAGTTAACGGCTAGT,847
AGCAAACAATGTCGTT,847
ATGTTACATTGTTCCA,847
CAACTTCGCCGAATCT,847
CCGAACATTTCTTCTG,847
CGATAGTGAGACTGAT,847
CTATCCCAAGCTTAAG,847
CTTCTAGACACCTCGT,847
GAACTCATTAAAAACC,847
GGGGTTCGTTCAGATG,847
GTAGAGAGTTTTCCGG,847
TAGAGGGCAATGATAC,847
TCAACCCAAATTATTC,847
TTAAAATAAATACACG,847
TTAACACAGCGTCTTT,847
TTGTAGCACGTTTGTA,847
ACTATAACATTGGGAA,846
AGAGTTGAGGACTGTG,846
AGGAGTGGATTAATGG,846
ATAATAATCGAATCCC,846
CCAACAACAAACTCCC,846
CCTGTGCACCCGACAT,846
GAAGTGCTGCTGGTAA,846
GATCACTCACACCGAA,846
TCGCCGTATACGAGAA,846
TGTACACAGGTCAAGG,846
TTCTGTAGAGAGGATT,846
AACTGCTTATTAAAAC,845
AATACCTTCAACATTT,845
ACAATTCTACAAATAC,845
ACTTACATTCCTAGTT,845
ATGATATAGTGGGAAG,845
CAATAGTATGTCGTTC,845
CAATCTATGTGCTTAA,845
CATCCAGCGACTAGGT,845
CCCATCCACCAAACCA,845
CTAGTAAAATTCTTAG,845
CTTGAGAAAGTTGGGA,845
GAAGCTGTAACGAGCC,845
GACAGTGAAGTTCAGC,845
GACTAGTATACGTTTT,845
GTCTTACCTCCTCCAT,845
TACGATAAAAAATATA,845
TGTCTCCACATACTGT,845
AAAAAAAGGTTTAGCC,844
ACTCCCGAAACACCTG,844
AGATTTTTATTTAAAA,844
ATAGATAGAGCAGATT,844
CGAGCTGTATCACCTT,844
CGGGAACTACTCACAA,844
GATCCACAAATCAGAG,844
GCACCACGCTACAACG,844
GTATAGTGTACTATGA,844
GTCCGTATGTACTAAA,844
GTCGAATACAGGATCT,844
TCTATGTGACTGAAGA,844
TTGAGTCGTAAAAAAT,844
TTGTACTCATCCAGCG,844
TTTTTCAGCTAAACTG,844
AATGAAGATGGTCAAA,843
AATTCAGAACTTGGCG,843
ACCTAGTAAATCAAGT,843
ACGCATACAGCCTAGG,843
ACTGATGTATGAGATA,843
CAAACCCCTCACTAGA,843
CAGAAAAACCCTATGA,843
CATCACCACATAAACG,843
CCAAACCCTAACTAAT,843
CCCAGAACCGGGCTCG,843
CCGGAAGAAGATCTCA,843
CTCACACTCTCTATCA,843
GATTCGTCCCGCCAAA,843
TATAATGTATAGGATA,843
TCACCATAATGCCCTC,843
TCAGAAGTAAACAGGT,843
TCCCCGATTTTCGTTA,843
TCTACTCTCAGAGTAA,843
TCTGACCCGTCGAAGA,843
TGGTAACCTTGGCTGG,843
AAAACAATGCATCGTC,842
AAGAATTAACAAAAAG,842
ACCTAACAAGCCCGAG,842
ACTAAAAGTGCATAAA,842
AGGAGTAATATAAGTA,842
AGGATACAATGCATCA,842
AGGCAGTATACCACTG,842
AGGCGGTAACTCATAG,842
ATAATGCCCGGCCCTT,842
ATCGAATTTCCTGCAA,842
ATCTAATACATACCCT,842
ATTAGATCTCCACGAT,842
CACCCAGGCAGTAAAT,842
CACCTATACAACATCA,842
CAGCTAACAAATTAAG,842
CGGAGAACCACAAGAT,842
CTATACGCTCACACAA,842
CTCATTGATGACCAAT,842
CTTTCCGAATCACCAG,842
GACTATATAGATACAG,842
GACTTTAACCTCCGCA,842
GGCAAAGGTGGTACTA,842
GGCGAATGGGAAGCTC,842
GTGCAACCTGCTCCAT,842
TACCTCACATTGCGTA,842
TATAACCTGTACTGAC,842
TGACTTAAGATGGATT,842
TGCCCTGGGATACAAT,842
TTGCCAAAACTCGCCC,842
AAAAATCCACCTTACA,841
ACCTTAGCGTAACAAG,841
ACGGGAAGACGAACAT,841
AGTGCGGGATCACGGA,841
ATACCCTATACCCATC,841
ATGTTCATCAATTATA,841
CCCCTCATAGTATGTC,841
GCAGATCTAATGCGTA,841
GCCATATTTCAAGTTA,841
GGCGCAATGAGGAATG,841
GGGGGCGACACAAATA,841
GTACATCTCCTGTAAC,841
TGCTTCCTATCTTTAG,841
AGTAGCTAAGGGCACT,840
ATCATTAGATCCACAA,840
CTTAAGAAAGTCCTAA,840
GACGCTGGACTGAAAC,840
GGAAAAATGCATTCAA,840
GTTGATCCTTCGTTAG,840
GTTTAGATGTTCACCC,840
TCTGTAATAACACGGT,840
AAGTACATGACGTTTC,839
AAGTCGACCTAAGGTT,839
AATGACCAATTTGAAA,839
AATTTCATAACAATGA,839
ACCGAGTGAGGCCAAT,839
CACGATTCGAGACCTT,839
CGGCAAACAAGGGTCT,839
CGTGCTATCAAATTCA,839
TAATACCCTAGATCCA,839
TCACTTTGACAATACT,839
TCTAATTCAATGACAA,839
TGACCAGGGCTTTTTC,839
TGTGCAACCCCATTGT,839
TTTATCCATCATGGAG,839
AAGAAACGCAAAGTTC,838
ACCCTGACGATTTTAC,838
ATACACAAAGTTTGTA,838
ATACCCCCAGTACATC,838
ATTGATGATTCTACAA,838
CAACCGGAGCTGGAAG,838
CATAATTTGAAATAAG,838
CCGAAAGAAAGTAAAG,838
CGACAGTAACGAAATA,838
CTAAGAAGCATGAGAC,838
CTAGCTAACAGTAATG,838
CTTAAATAATGACAAA,838
GTTAGACCAAAATCAG,838
TAAAGCCTCATAGAGT,838
TAAGTTGAATAGGTTA,838
TACGTAGTTGATTGTC,838
TCCACCAGGAGCCCTT,838
TCGCGCATACAATCTT,838
TTAAGACAAAATTAGT,838
TTGTGGCGGCTGCAGA,838
ATAAAAATATGGGGAC,837
ATGCTCATTCACAAGA,837
ATTATTTTCGTTTGAA,837
ATTCACACTATAATAA,837
CATCATACGCACTAGG,837
CCATCCAAATATTAAT,837
CCCAGAGTGACAAAGC,837
CTTTCAGACCACAGCA,837
GCAAGACAAGCTATTT,837
GTATATCCAAAACGGC,837
TGTCATAAGAGGTTGG,837
TTCAATGGCAGCCAAA,837
ACCTTACAAACGGCAA,836
AGTACTGCTACATAAT,836
ATTGAACGATCGTCGG,836
CGCAAAATATAGCATA,836
CGCCCGCTTGTTCCCT,836
GACAACCGCCAAGACA,836
GACCTAGGGGGGACCA,836
GCCAGAATTTACATCC,836
GCTAGAAGGTGAGCCA,836
GTAAACTCAAATCTTA,836
GTAGTACGGTCAGCAC,836
TGGAAACCTGATAAAG,836
ACGCATACGCGATTAG,835
AGAAAACCTGCATACA,835
AGCCTTATAAGCAGAC,835
ATCTTGAGGTAACGAA,835
CAAGAAAAGCAGATAA,835
CATGTGGAGAAAACAC,835
TAGCACGGCGTAATAC,835
TAGTAGCAGACCCTAG,835
TGGCACAATGTGCACA,835
TTCGAGGATCATTTCT,835
ACGTTACACCACTCAA,834
ACTCCTAGATAGAGTT,834
AGACATAGCAACTTTG,834
CATTACTACTGGAAAA,834
CTAACCACACACTCAG,834
GAACGGATGACCTCTT,834
GAGAAGCAGTTAAAGA,834
GTAACTCGCCGTTATA,834
TAATACAGGTGCCAAA,834
TGCTACATGGACGAGA,834
TGGACACCTGGCCCTC,834
TTACCTTTGCACAAAG,834
TTTAATCTCTGCCAAA,834
AACCGCGATGAACACT,833
ACAAATATTATGCGCC,833
ACACTAAGGTGGTGAG,833
CAAAAACAAATGAAGT,833
CATATTCTCCGCTAAT,833
CGACGGCCTCAAAGCA,833
GATTCACCCTTGGAAG,833
GCCGAACGCCAAAAAA,833
GGTCTCCTACAGGCCG,833
TATAATTAAACTAAAG,833
TGTCTGGAAGTGAAAG,833
AACAATATAAATTCGC,832
AATTTCTGCGATAATA,832
AGAAAAGACCTGTGAC,832
ATAAACCCGGAGAACA,832
ATCTAAATATAATCTT,832
CACCCCAACGCACAAG,832
CACCCGTAATACGTGC,832
CACTGAACATAATATA,832
CCAGGAATTTCTTTAC,832
GATCTTCTCTTATCAA,832
GTAATATAAACACTCT,832
TAGGTTACACAAACCT,832
TCACCTGACTCTATAG,832
TCCAACTTAACTGGCA,832
TGAGTGAGGAGCACGT,832
TGATCCAGAATGTGAA,832
TGGTGATAAGACTAGA,832
AAAACCCTCTGGTAGT,831
AGAAGATAATCGTCAT,831
AGAATATTGAAACAAT,831
AGATAAGCCAAGGCTT,831
GCTCAGACATCGCCAC,831
GTGGCTAATCACTATG,831
TATTATGCCCCGAACA,831
TCATAAAGACGATATC,831
TCCTATAATAATAAAG,831
TCTGGGTACTACAAAA,831
TGAGACAATACAAAAC,831
TGCACGGGACGAAAAA,831
ATCAATCCAAACTCGA,830
ATTCCGTCGCAAACCC,830
GCGGTATCTTATGTAC,830
GCGTTGCAGGATTGCC,830
TAATAGATCCTCAATA,830
TCAAATCGTTGTCCCA,830
TCACATCTAATTCCTG,830
TGCATCAGAAGTACAT,830
TGGAGAGAGACCAAGA,830
TTTCCCACTAACCGAC,830
AAATTACCTGACATTC,829
AACCACAGGGCCACTA,829
ACTTTCCAAAGCAATT,829
AGATTACACTTTGGTC,829
AGGTAAAATTAACCCG,829
CCCACTCTCACCCTAT,829
CGCTAATTTTCTCGCA,829
CTAACTGGGTAACATC,829
CTCTCCTGCACTCGGA,829
GAATGCACAATCTAGC,829
GCAAAACCGAGTGACT,829
GGAATCGGCTCAACGT,829
GGTATACAACACCAAG,829
GTACACGTATATTCCT,829
TACGTAAGGTATACTG,829
TAGAACCGGAACTAAT,829
TGATACGTTGTACATA,829
TGCGTAAAGAAACTAA,829
TGCTAGAACCCTTCGT,829
AATTATACTACATTCA,828
ACAAACGAAGAGATCC,828
ACAAATCGCAAGGAGG,828
AGAGAGTAAACGGCAA,828
ATTAACTCCATAAGAA,828
CAACCTATTTTGGGGC,828
CTATAGTAGCTCACGG,828
CTCCATGTAAAAGAGA,828
GTTAATGAAGAAGGAA,828
TAAGCCTAGACGGGGT,828
TAATAGCACCTTAGGA,828
TATAATGGCTACATTG,828
TTCGATAAACATTTTA,828
AAATCTGCTCAGCTAT,827
ACCATGAACCAAGCTT,827
ACCATGCATACTATCG,827
AGATAGCAGTCAAAAA,827
ATACAGCAGGAATTAC,827
CAGAATAAGACCGAAA,827
CTACGGGAGATGCGGA,827
GAATTATAACACTTAA,827
GCATAATAGAACGTGA,827
GCCCCGAACATTATGG,827
GCGGTTAAAAGATAAA,827
GCGTAGTGTTTGGACA,827
GGAGTGGTACCAGATA,827
GTAACGATCCTTTTAA,827
GTTAATTCTGTATAAA,827
TTTGAATAGGAATACA,827
AAGTGATAAAACCAAT,826
AATTAATCTCGTTTAA,826
ACAATAAGACTGCAAT,826
AGCAATCAAGCGCCAC,826
AGCTTAATGCAAGAAT,826
ATCGCTATGCTAAGAA,826
GAAATGAGAGCTGAAT,826
GATTTGACAAAACTCG,826
GCAAACAAGGTCATCT,826
GGCTAGAAATAACGAC,826
TATTGGCTTCAAACAA,826
TCCATTTCATCTGAAA,826
TCTTGATGGAGGGCGA,826
TGCCAGATATGAAAAA,826
TTACTTCTTCAACTAA,826
TTCGAGCAAAAACCGT,826
TTTACGTTTAACAACA,826
TTTATACGACACTACC,826
ACCAAAATACTAATTC,825
ATATTGATCCAATAGC,825
ATCAGGACTAAATTAA,825
ATTGCTAAGGTATGGA,825
CAAACGGGCAAGCCCT,825
CAACCAATAGAACCCA,825
CAACCGTGTAAAGATG,825
CACTAAGCTGTAGATA,825
CGTCTTCAAAGCTCGA,825
GAAAAGTTTATAGGAG,825
GCATTTTTACCAATGC,825
GGATTCTAATTGATAT,825
GGGGTCAGAAAGAGAA,825
GTAACTTTAATCTGTT,825
TAATGTACATTTCAGA,825
TACAACGGTAGAAATA,825
TCTTTAGGCCTCACAT,825
TTTTTGACCAACAAAC,825
AAAGAAAGAAGCAAAC,824
AAAGCTTTACCCTGCA,824
AACCTCCGTGCTCCAA,824
AACGTTAAATAATAAT,824
AATCAGGAGCGAAGAT,824
ACACCATCATGCCATG,824
ACAGAAACAAGCACCC,824
ACCTAGGCACGTCTCA,824
ACGCAGATCCCGAAAT,824
AGATAAAAAATACAAC,824
CACTCATAACAGCCAA,824
CGAATTAGCACGAATA,824
CGAGTCAGACTATTGT,824
CTGTATCAAACTAACG,824
GATTACTTTGGTGAAC,824
GGGCCCGCCACTCGAA,824
GGTAGTGATGCAGTTT,824
GTATCTGAGTACCGGT,824
TAACAATAAGCTCCCG,824
TAAGGCGTATATAATC,824
TAAGGTTCTAGTTCGA,824
TACGTTAGAAGTGTCC,824
TATCCACGAGCGTAAC,824
TATTAAAACACACGTC,824
TGAAACAAACCTCTCA,824
TTAGTGTTAACTAAAA,824
TTCGAGCTTAAGAAGA,824
AACCTTTACATCGTGC,823
CCGAACAAAAATCTGG,823
GAATTAGCATAATTTT,823
GGACAAAAGTATTACT,823
GGTTTAAAATTGATAC,823
TATAACTAATAGCGGA,823
TCACAGGTACGATATC,823
TCAGAATATAACTAAA,823
TGAAAAGATATTGGGA,823
TGTGACCTTATAGAAC,823
TTCGGGGACAGAATTC,823
AAACGGGAATTAGAAG,822
AAGAGGTATAAATGAT,822
ACTCTATTAAAATAAG,822
AGTGATGATTGTAATA,822
CAACGCAAAATGAAGA,822
CACCCTCTGTCGAGAG,822
CTAGTGCATTACTAGG,822
CTTCAAATTGACGTAG,822
GATCCTCAATATATGA,822
GTCCATTAATGACCAA,822
TGAACTTTGCTTCTAC,822
TTCGGATGAAATCGAG,822
AATGTTCTGCAGCACC,821
ACAATACCAGTTGGTC,821
AGCATAATTTCCACGG,821
ATACCAATGCGATTCG,821
ATTCATAATCGAAATT,821
CAATTATAGACAGAGT,821
CATCACCATTGATTCA,821
CCACATATTAGATGTC,821
CGAACCTCTCAAATAA,821
CGACAAGGCTACTTAG,821
CGGTCAGAGAACAACA,821
CTCATATAGATTGGAA,821
CTGAGAATATCTCTGA,821
TAGATGCGCTACATGA,821
TCTATATCCAAAATAC,821
TTTTAAACGCGAGATC,821
TTTTACACGTATGTCC,821
AATGTTATATGCCTGA,820
ATGACCGGACGTTTAC,820
CACCCGGGGCCCCCGT,820
CTAATTTATTACTGTT,820
GAAAGACGTTTGAAAT,820
GGGGAAAGTATTCTTG,820
GGTATAAAGAGTACCA,820
TCAAGCTTCAACATGC,820
TTGAAACCTTGTATTA,820
AAACGGACTTTAGCAA,819
AAATCGGCATTCCACA,819
ATAAGAATCCAAATCA,819
ATAGTCAAAGGCTAAA,819
ATGATTCCCTCACCTT,819
ATGATTTCCTAAGCCT,819
ATGTGGACCCGTACAC,819
ATGTTAAGAAAAAGAA,819
CTGTCTATTTCCTTTA,819
TAATGTAGAAACCTAC,819
TACTGACCTATTATAT,819
AAGCCCGGACATCAAA,818
ACAGTTTTCATTTTGA,818
ACATATTTCAGTATTT,818
ATACAGGTGAGCAATA,818
ATCGAAAAGCAGGGAG,818
CCCGTACCTAAAGCCC,818
GATCGATACTTTCGTT,818
GGCCAAATGAATCCTG,818
GTCAAACCATGGTCAA,818
GTGTCCTTGCGTCTCC,818
TATAACTAGATTTCCT,818
TGTCCCTTAATCCATT,818
TTGTTCTGTTAACTCC,818
AAACAAAGCAATTTCG,817
ACCTTTCAAAGTCGAA,817
ACGGTGATCGAGGACT,817
ATCATGACGCTGAAGT,817
ATTGGATGACTGTGTA,817
CAACGGCACTGTTAGA,817
CAAGGGATCGTGTCTA,817
CCCCAGTATAGATACT,817
CGATTGTGCGAGCTAC,817
CTCAGGTCGCCAAACA,817
GAATAAGACGTAAACA,817
GAGATGACACTCAGAT,817
GAGCAAAATGATATTT,817
GAGCAATTAATGCAAG,817
GATTTTAGAAAGGAAC,817
GCAAATTTAGAGTAAA,817
GCCCATTGCTACAATA,817
GCCTGAGACGAAATAT,817
GCTGCACAGCTATGAC,817
TTCTCGGAAAACCGGC,817
TTGGTTCGCTCAAAAA,817
AAAATTATGCATATCA,816
AAAGCCAAGCTTATAA,816
AAAGCCACGCGTGTCA,816
AACCACGTCAGGTAAT,816
AACGTTTTACAATATG,816
AATACCGTTCGTGTAA,816
AGTCAACTGACAACAC,816
ATGAGAAATCGAAGCT,816
CAAGAACAATTACATA,816
CAGAACCACCTACGTG,816
CCCTAAGCGTGCGTGA,816
CGGTAATACAAGTTCT,816
GCAGATAATAAAATAT,816
TACGTCGATGCCGATA,816
TAGATAGTATAATGAT,816
TCACATACTCAATGAC,816
TGAGTTTTGATGATGC,816
AAAAAGGTGTCAGAAG,815
AAATCCAAGATGCTCT,815
AACCTCACAAAACATA,815
AACTTTGAAGAAGTTT,815
AGAGTTTTTTTTAGTC,815
AGTACGACACTTTTAA,815
ATGCCCACTGGCGAAT,815
CAATACACTGAACTTC,815
CAATTATGATCAACTT,815
CCGTAGCAGAATTACC,815
GGCATAATAGGAAGAA,815
GGCCTAGATACAGGTG,815
GTCACAACCCAAAATG,815
AATTCAGAGCCTATGT,814
ACCAACGTAAAAAAAG,814
ACGCAAGAGTGATCCG,814
CAAATGGTTGAAAACA,814
CACAGATAAAATCAAG,814
CACGGTGTATGAAAAC,814
CCGATCGTAATTCGCA,814
TAGGAGGTGAATTCCT,814
TGAGTAATTTAATTTA,814
TGCCACTTATGATTGC,814
AAGATAGGTATAGACT,813
CGAAGGCATATTGCAC,813
CTAAGCTTACTCGCCA,813
GAAAGGGTTTACAGTT,813
GGACCTACACACACTG,813
TAGCAGACAACCAAAA,813
TCTGGGTCGACCAACA,813
AAATACCAAAGACATG,812
AATTATACGTCCAACG,812
ACACGTAACTGCATTC,812
AGACCGCAGCAGTATA,812
AGGACTGATTGTACCA,812
CACATAAATTCCAAAA,812
CCTTGAGTATAGACGG,812
CGTCAAAACCACGTCT,812
CTAGCAAGCAGTATTA,812
GGATTTGCTTGAAACC,812
TTATACCATTATTGTA,812
AAAAACAACAACGGCA,811
AATAACAACAAGCCAT,811
ACGTAAATGAGAACGA,811
AGAGCTGATCCGAACA,811
AGATCATTAAATAACT,811
ATCAAAAATGGGACTC,811
ATGCCGTTAGAATGGC,811
CAAACATTAATAATTT,811
CATATCCTACCGCAAC,811
CGACTTTGAAGCGAGG,811
GAAAAGAGAAAGCGTT,811
GTAAAGAGTAGGATAG,811
GTAACACGAATTAGTC,811
GTAAGTGTTCTCCCAA,811
TAACTTGGTGATTCAA,811
TGATAGCATGACCAAA,811
AAAGCTTGAGAGCCTA,810
ACTCTCAACAGGATCA,810
ACTGCGCGACTCGGTC,810
ATCAGACTCTGTAATT,810
CGACAAATCGTATACA,810
GATTAGATTGGGCGTA,810
GGACAAAGAAACCTAT,810
GGATCATATACCTCAA,810
GGGGGTTAACTATCCC,810
TCCATAATATATTCTA,810
TGACTTAACAATCACG,810
TGATAGAACATGGCAC,810
TTAACGTAAACAAGGA,810
AACTTAGTAATATTGC,809
AAGGTAAAAATTGGTA,809
ACAAATAAGGGACACT,809
AGGCGGGCAATATAAA,809
AGTTCTGTACAAGGAT,809
ATGTTGATGAATTAGC,809
CCAAGACCGTGACTCC,809
CCCAATAATAAGCCCG,809
CCGGACCGCATAAATA,809
CCGGATTAGGTCAGTC,809
CTTGTCACGCCGATGA,809
GCTCATTAGGCACTCA,809
GTAGTACCAAACTTCC,809
GTCTGCAATTGGCGCA,809
GTTACTCGACCCCCAC,809
TAAGATTATCCTCGGA,809
AAAGAATTAACCGAAA,808
AATTCCCATTGAAACA,808
ATCCCTGACCCTTAAA,808
CAAACATAACTGCCCG,808
CACAGTAAAAGTGATT,808
GATGTTAAACTTACAA,808
GATTAACAAGAGAAAA,808
GCAATAATCCGAAGGC,808
GGGGAGCAAAGTAATC,808
TAAGTGACGTGGTCCA,808
TATGTATCTAATGCTC,808
AAAAAACATTCAACTA,807
AAAATGGCCATGAACA,807
AAACTTACGATTCCGG,807
AAATGTCTAAAGTTAA,807
ACATTAAGCGGTTTGA,807
ACATTCAGTTATGTAC,807
AGAGAACATAGTAAAA,807
AGGCACAACCATTTAC,807
AGTACACTGCGACGTT,807
ATGCAACGTCGCATAA,807
CATCATTCCTCCGGGC,807
CGTTCCTTTAATAAAT,807
CTAAGAAATTCGGAGC,807
CTTAACTCGACTTTAG,807
TAAATCCTTTGCTCCA,807
TCCTTCGGATCGGAGT,807
AATATTTTTTAAGAGT,806
ACACGAACTCTAAGAA,806
ACCGTCAAAACTATAT,806
AGAAAAACGTAGATCA,806
ATAGCAAAGTGAATAA,806
ATATAATAACTGAAGC,806
CATCAACCGCTCTATA,806
CCCTAGCATAACTATA,806
CCTATAGGACGCCCGC,806
CTATCGTTCAAAGTTC,806
CTCTACAGTCCAGTAA,806
GCGCTCATTTAACGTA,806
TAACATACACATGGGT,806
TAGGTTAAAAGCATTG,806
TCAAATTGATCATAAA,806
TCCTAATGCATCCGTA,806
TGCCCTGGCTTCCCAG,806
AACACCTTGCTGACAT,805
AACCTTTTGAGAGCTG,805
AATCCTAACTGCCCTG,805
ACATTTAACCTTGCAA,805
ACCACCAATAGCGCGA,805
ACTCACTTTTAGTATC,805
AGAGCAAAAATCATTT,805
ATCATATGCGCGTCAG,805
CAATAATTATGGGCAA,805
GAAAACAAAGTTTTCC,805
GAAATTATATGAGTGG,805
GCACAGCTACAACAAA,805
GTGAAGAAAGTACATC,805
TAAACCAATGTTGCAC,805
TATATACTCTATTACT,805
TATGAATATCCGACAC,805
TCGAGGGACTACATAC,805
TTTCTGGATCAAAGAG,805
AAAATTATCCGTACAT,804
AAAGTGGGTACATCCT,804
AAATCTTAGGCCATGT,804
AACTAATGTGTTATAA,804
AATGAACACTATAAAT,804
ACGTAACAACCAAAGG,804
AGTGATATACACAAAC,804
ATCCCAAGTAGCAAGC,804
ATTTATCCGAAAAAGA,804
CCAAAGCTGTCTATTT,804
CCCGCAGAGGTTCACC,804
CTTAGACATCGGACGG,804
GAACACACTCAACATA,804
GCTCTAAGACTTGCTA,804
GGTAGAGTTATCCAAT,804
GGTTCTAAATGTAACC,804
TGAACTATGGGTATCA,804
TTTACATAACCCCTAA,804
AAACAGAGGAGTGTTA,803
AATTCCAACTACTATT,803
ACACAGTACGTAGAAT,803
ATCGGACATCGTCTAG,803
CAAAGATCAAGCCACG,803
CAGTATCAATTAGAAT,803
CCACCAGTGCAACCCT,803
CCCGATAAGCGATTGA,803
CCGCTCCTAATAGAAA,803
GCTTAATATGTAAATC,803
TAGCCCGTAAATTGCC,803
TGGTAATATAATATCC,803
TGTTATTTTAAAGACT,803
TTCAGGAGCTTGGTGA,803
ACATCGATCCTTCTGT,802
AGAACACAGCAAAATA,802
AGCGACAAAGGTTACA,802
ATATAAGCATTCAGAA,802
ATTGAAAACCGATACA,802
CCACATGTTCTCCCTC,802
GAGACATTTCACAAAC,802
GAGTTAATGCCCCACA,802
GGCGATTCGAGCAAAC,802
GTACTCAGTAATTCCA,802
TAACCTTATCTAGGCT,802
TAACTCTAATGTCCCG,802
TATCTATAGAATAATC,802
TTGTCAAAATAAGAAC,802
AAAAAAAGGTTTATAG,801
AAACGTCTTGATCTCT,801
ACAAATCCAACACAAA,801
ACAGTAAGGATTGAGA,801
AGCTCAAGCAAGAATA,801
ATAGTTCACGAAGCCC,801
GAACGATCTCTAGTAC,801
GAAGACGAACACTTGG,801
GAATACTTCAAATAAT,801
GAGCATTTACTCGTAA,801
TATAGATTAGTGTGCT,801
TATTATCATGCCTCTG,801
TCTCACGTAAGCTCCT,801
TGGGAACACAGGCGCA,801
AAACCGAACCTGAGGA,800
AACTCATAATAAACGT,800
AGAAATCAAGTAATCT,800
AGATACGCCACTGGAT,800
ATAGCTTGGCACTCAA,800
ATGCGCAACGATGCGA,800
CTTCGGTTTAATACAA,800
GCTAACTAGGAAACAT,800
GCTAAGGGTACTATAA,800
GCTAGTCAACTGACCC,800
GTAGTAATGACAAGAA,800
GTTACTTTGATTGTTT,800
TATGAATTAAAATATC,800
AAAACCTCTTATTATG,799
AATCCTATTGACTCAC,799
CAACACAAATTTTCAT,799
CATCCTAGATAAGACA,799
GTCCAAAGAAGATAAA,799
GTGACTATTACAATAC,799
TAAAGAGAGTGAAATC,799
TATGCTAATTCAGACT,799
TTTGTCAAAGTTGGAA,799
AATAGGCAAGTAGAGT,798
ACACCGACGCCATCAC,798
ACACTAAGAGTACTTT,798
ACAGGCACTTCAAAAA,798
AGAGTGAGCGTGTGAA,798
ATGTCACCTAGAAGTA,798
ATTCTCTTAGATAAAC,798
CAAATTCACCACGGTC,798
CAAGTAACCGGAGTAA,798
CAATTTTAAAAACGTC,798
CCAAACTTGCCAACTG,798
CCGGACGCTAGGCATC,798
GAACAGATGTCTAGGT,798
GAATCGATCCAAAGAA,798
GACACTGACTCGGAAG,798
GGTAGCCTGCCTACAA,798
GTGTACCGGCGTGAAA,798
TACCTTTTTAATTGCT,798
TCCACTTAATAAGGCC,798
AATGCTACAAACAGGT,797
ACTATTAACAGTGTAG,797
CAATGTGCTGTATGAA,797
CCTGAGCGCGAAGAAA,797
CGGTACATCGGACAAA,797
GACACGAATCTACGTA,797
GACCTGTTTAGGGTAG,797
GATGTCCTCCCAGTAG,797
GCTACGCTAAAGCAAC,797
GTCTCAATAATATTCC,797
GTGGAACATCGGAGAA,797
TAATATAACCCCATAA,797
TCAATTGTACTCATCG,797
TCAGAGCTGATATTAC,797
TCATTCTACTCGCGAC,797
TCATTTTTCTGAACAA,797
TCTACACCACTTAACC,797
TTACCTGAGTGTATTA,797
AACAGGCTGGCCAGGA,796
AAGTGTGGTTCGCCTT,796
ACCAATCCAAGCGGTA,796
AGATACGGTAAATCGC,796
AGCAACACACTAGGAG,796
AGTTGTGTTGAAATTT,796
ATATAAGACCAAGAAA,796
ATGTCACTATATTACC,796
CCTCATTATGTCCAAC,796
CGATGAATTAGATAAC,796
CGGTTGCCAAACTAAC,796
GAAGGCCTGTTACGAG,796
GGATCCACACAATCTA,796
TAAAAAGGGATCACTT,796
TAAATATGGCCCAGTA,796
TAGTATACTAACGAGA,796
TCCCTAATGATCAGAG,796
TCCGCTGGGCTTGAGA,796
TTAATATGCAAACTGC,796
TTAATTCAGCTAAAAC,796
AACAAAATATTATGAA,795
AACCCAAGAGAACAAG,795
AATTGGAATAAGATTA,795
ACCACATATGACATAG,795
ACTTAGTCAAAATACG,795
AGTAAGCTGGGTGTCG,795
ATCTTCACAATAAGAC,795
ATTAAACACACTACTC,795
CTAAGGCCGAGCCTTA,795
CTCAGTACCCAATTAA,795
GTTAAGGCGTTGTTGC,795
TAAAACCCGCTAAACA,795
TACGAATGGGTTAAAG,795
TACTTACAACGAAGAA,795
TATGGCTCTATAGGTA,795
AAGGCTGGTGAGTGCC,794
AATTAAAATAGTAGTA,794
ACCTGAATCTAATCCT,794
ATATCCCCAATGCTCT,794
ATCTGGATCCTATCTA,794
CATGCAATAACTAGCT,794
CGAAAAAACTATTTAC,794
CTTTGATGACTATAAC,794
GTCCAGCGACAACCGA,794
TCAAAAATATAGAAAT,794
TCATAACCAAATGAAT,794
TTACACGTTACAAGAA,794
TTACATGAGCAAAGGC,794
AACCAAACTCTAGATA,793
AAGACATTTGATAATC,793
AGAAAGCGGCCACTAT,793
AGACAGAATAAGGCTG,793
ATCCCTAAACTGATAT,793
ATTCAAGTACAATACT,793
CACCAACATGATACTT,793
CAGTAGAACAAATCAT,793
CGATTACGATCTTTCA,793
GAAACAAGAATACCCA,793
GACATGAAAAAACTCA,793
GATATTTAGTCGCACA,793
GGACATCTCTGAGTCA,793
GTGATTATTTATCATT,793
TATCTTTCTGCAAAGA,793
AAAATGAACTACTGAA,792
AACCCTTAAAAACGCC,792
AGAATATCCCGTCGCC,792
AGATCCAGTTACGCTT,792
AGGTGCCAACGGTTAA,792
ATATGGAATATGGTAC,792
ATCAACTTGGGCCCCG,792
ATTTGCAAGCGAGACT,792
CAAAAATGTGATGTGT,792
CCAAGTCATGAATAAA,792
CCCCAACATCATTGAA,792
CGAATCCCTTAGATAG,792
CGGGGATTGTCCTAGA,792
CGTCAGAGTAGCCTGA,792
GAGAACCTCGAAAATT,792
GCCAAATATCCCCACT,792
GGTAATCGCAATTGAA,792
GTACCAGCTACAAGGA,792
TCGAGTGACTGATAGC,792
TTGCTAATGCCGAAAT,792
AGACACGTATACACTG,791
ATGCTCTCAATTTATC,791
ATTAAGAATTCTGACT,791
CAATAGTTAACAAAAA,791
CTACCACGATAGCTAC,791
GAATGATTACCAAAAA,791
GGCAAGCGTCCATGGT,791
TATGCACAGACATCTA,791
TGGTAATAAACGAGAC,791
TTATCACTTAAATTAA,791
TTGACCGTAAACCTTG,791
AAACCAAATTCTTATC,790
AAAGGCGACGATTCGG,790
AAGACAACCACGTATC,790
CAATAGTCTACCTCAT,790
CACAGCTAACTATACG,790
CTTGCCTGGCTAGCTG,790
GATCAACTAAAAATAT,790
GTTAAAAACTAAAGGA,790
TAATGACCAGGTAAAA,790
TAGATTAACCCTTTTA,790
TCTAAGTTGGTCTAAT,790
TCTTTACATCTGCATA,790
TGTGAGACTAATAATA,790
AAAACGCCAGTAACCT,789
AATAAAGACAGCAATA,789
AATCCCGATCAAAGCT,789
ATATCACAGAATTCGT,789
ATGGCACTGGTTCTTG,789
GAAGGAGCAACTCACG,789
GATCCAACAAGTAACA,789
GCTCGTCCGGCTAATG,789
GGACACAATTTAAGAC,789
GGTGTGCTTTATTCAC,789
TCAACAGGTTACAATC,789
TCAATCATAGCAGCAG,789
TCCTTGAACAGATTGA,789
TCGTATCCACGCAAGG,789
TTGAAATTAGTTGGCA,789
TTGTATAGGCTCTAAT,789
AAATTCGTTGTTCAAT,788
AATGGTGCTTACGAAT,788
ACACTACAAATCAGTG,788
AGTTCTCACCTGTCCT,788
ATTTACAAACTGAATA,788
GCGAAAGAATCATGGG,788
GGGAACGATTTCACGA,788
GGTAACAGTGGCTACA,788
TAATACTATAATTAGA,788
TAATATAGTAAGCTTT,788
TAGAAGGTAGTTTACC,788
TATAAGAGTGCCTAGC,788
TCAAAGTAGACTGATT,788
TCGTCAGGACGTCTCT,788
TTAAAAGTAGAAAATA,788
TTCTCTTAGGGTAGGT,788
AAACCCCATCAGCACA,787
AATAAGACGGCGTTTC,787
AATATCCAAGTCAAGG,787
ACCAAAACCCTAAAAT,787
ACCGATTTCGTTACGA,787
ACCTAGACATCAGGTT,787
ACTTTTCCTGTACGTA,787
CAACACGAACCCAGTG,787
CAGGATACCACTAGGT,787
CCTTATAATCCAAATA,787
CTTGGTATTATCACGG,787
GAGGCGCGAGGAATTT,787
GCCGGCCAACTTACCT,787
GCTAAAAATAAGCTTT,787
TACCAATCAACAGAAA,787
TACTACGGGTTACACA,787
TAGAGCCATGATAGAT,787
TAGCAAGCACGTATAG,787
TCAGACGGACAACCCT,787
TTCCCTGAGGCCCCCT,787
AAGGCAAGCATAATAT,786
AGTAGCTGTAAATACA,786
AGTCAGACATAAAGCA,786
CAGCTTAATACATAGG,786
CCGACCTAGAGATGAT,786
CTAAGGATCGAGCTCT,786
GAATTATACGACCAAT,786
GTAGAGGCTACCAATA,786
TAAGATAACCTCCGGC,786
TAATTCGCGAGAAAAC,786
TACACAAATACGAGGT,786
TCAACATTGTGAACTA,786
TTATCCGATGCGATCA,786
TTTAGCATGCTTGAGC,786
AAAACCACAACATGTG,785
AAATTACATGCTGTCG,785
AAGAAAAGACAGGAAG,785
AAGGGACTTACAGAAC,785
AATGTTAAAACTTTAC,785
CAAAATATATGTAACA,785
CAAACTCAACTCAGCT,785
CAAGTCATTCCCCCCA,785
CACAGACGAAAAAGAG,785
CAGAAGCATCACTATG,785
GGCCAGCCAAACAAAA,785
TAAAAACCATACGGAT,785
TCCGAAGATTCCATAT,785
TGAGTTGATGACAAGG,785
TGTGGAGTAAAAAAAG,785
TTTTATGGTTTACTTG,785
AAGAAAAAGGGAGCAC,784
AATATGACATCTTGTC,784
ACAGCGACCTTTATTA,784
AGAACATGGAGTAAAC,784
AGTATGTGGATACTGG,784
ATGAAACCAGGTCTTC,784
CACCATAAAGTATAGA,784
CCCACCAGTCTAGTAG,784
CCCACGAATATAGCAA,784
CGTCGCATCAATCCGA,784
CTAGCTCTGATGTATT,784
GGATATGAAAATCCCG,784
GTAAAGTACATGACGG,784
TCCCCAAGAACAAGCC,784
TCTGATCTCAGCGACA,784
TGAAGAAGAAATAAAG,784
TGGGACAAACATTGTT,784
TGTCTGTCCGAAAGGT,784
AGTGTAACCGTAGTCT,783
CATACCACTATCCGAA,783
CTAATTAAACCTTGCA,783
GACAATCATTTATAAT,783
GCACACTGTACAGCTA,783
GCCTTAAATACTGAAG,783
GGGGGCCGATAAGTCA,783
TCCTTGCCGGAAAAGC,783
TGAAAGTTGTCTGCCC,783
TGACCCACAAAGCCGG,783
TTAAAGCGCAAGCGTT,783
TTATTCAACCGAGCGA,783
AACAAATACGCGCTAA,782
AAGTCCGGCGTGAGTC,782
ACAACGTCCGACGTAA,782
ACAGACAATTACGAAA,782
AGTAGAATCCTAGTAC,782
CAACAAGAGAAACCAC,782
CAACACCTGGGAATAA,782
CAGCACGTAACCAGTA,782
CAGTAGATCTGTGCAA,782
CATATAAAAATACAGT,782
CCTAATCCTCCGAGCC,782
CGAACTAGCTACCTGT,782
CTAATGCAATACTACA,782
CTACGATAAATCTCAA,782
CTGCATAAAATAAACA,782
TAAAGCATACATTAAT,782
TACTACGACTTATAGA,782
TGATTAGAAAGAAAGC,782
AAAACAGAATAACGAA,781
AAATCGTACTTACGCA,781
AACAAAAAGGGCTCTA,781
AAGGCCAGTGATGAAT,781
AATACCCAGATATATT,781
ACATCATCCAACCCTG,781
AGGAATGAATTGAGAC,781
ATAATGAGCAAGTTTA,781
ATGAATTAACCCTCGT,781
ATTCTGTTCAACCAAA,781
CATGGCCATGATGTAA,781
CTCTAAACAGACGAAA,781
GAAAGCAAAATCTTAT,781
GAATAACCTTACGCAT,781
GAATAACGTAAGAATT,781
GAGAAGGAGCAAATTT,781
GCAAACCAACGTCTCT,781
GTTATATTCATGAGAG,781
TACAAATCAATGTCTT,781
TACTGCAATCGACTGG,781
TAGCGGAAACTATTCG,781
TATCTAACTATCAAAA,781
TCGCGACCGTACTGCC,781
TGTTCAGCCTTTCCAA,781
AAACCCGATTTCAGAT,780
AAAGAAAGTAATATTC,780
AACATCCAATAACCTC,780
AACGTCAGGAGCTTGC,780
ACTATAAACGAATTAG,780
CATATTCCTTTTACAA,780
CCCACATGTACATTCT,780
GAATGTTGGACCGAAG,780
GGAACAATCCATACTT,780
GGGGACGCGTCCACAG,780
TAAATCCGTAATTCAC,780
TACTAGCTTATTCATC,780
TCCTAACTTAAATTGA,780
TGTTCCATAGTTTCTA,780
AAGACAAGCAGTAAAA,779
ACAAGTAACGTTGCCC,779
ACACTTAATGGAGTCC,779
ACTTTGCGATCACGTA,779
AGCTGAGCACATTTCG,779
ATTACGTGTGCAGAAC,779
CAAAGCATAGTACACG,779
CAAAGTTAAATGCGCA,779
CAAGAGAAGACCTTAA,779
CAATAAGGAATACTCT,779
CGCCGCCCACTACCCG,779
CTCCATGGTACCTATT,779
GCAATCATGAGAGTCA,779
GCCCCGCTACATAGTG,779
GTTATAAGTGGTAGAA,779
GTTCAAATAAAAAGTT,779
TATTTGCGAACCGAAG,779
TCGGGACCGCCTAATT,779
TGACTTTCACACCCTA,779
AAACTCAAACATGACT,778
ACTCAAAACATGAAAA,778
AGGACTAGACGGTTTA,778
ATCCTCGATTATGAAA,778
ATTTGAGCAAACGATA,778
CATACACGACGCAAAG,778
CATCGTGCCCATCAGT,778
CATTAAAGCACCCAAG,778
GATCCTGTAATGTAAC,778
GATGTCCTTATACACA,778
GCGACTTAGTACTCGT,778
TAGTTAATAAAGTTAA,778
TATTACAACCATAAAT,778
TGCGAGATAATCAACA,778
AATTATCATAATTACA,777
ACAGCACAACTTAGAT,777
ATTCAGAATCTAAAAA,777
CTCAATCCCATAGATA,777
GAACAAACACAATGAA,777
GAGAGATGCCTCCACA,777
GGCATGGGTAGATAGA,777
GGGCGATACAATAATC,777
GGGGCCCAAGGCACTG,777
GTACAAAACCTAAGGT,777
GTGCTGTTTAATGCGA,777
TATTAACTTGCTAGTC,777
TCCAGTCGCGCTAAAC,777
TGACTGGCGCCTGTCA,777
TTATACAAAGTAGAAC,777
AAAAATAATAAGGCCA,776
AAACTTAGCAGGGCAT,776
AAATAACGACACAATA,776
AAATCACTTAAAATCT,776
AAGCGTACGGGGCGCG,776
AATCTATTAACGTGAG,776
AGTAGAACATCTTTTG,776
ATTAATAAGGATCCCC,776
CACACTAAACCCTTAC,776
CCATAGATCCTGAAAG,776
CCTAAATTACCTTATC,776
CTCAGGAACCGCCTTC,776
CTCTAAGAGGGGCTGC,776
GACAAGGACCCAAACA,776
GTGAAAAACTGGAAAG,776
TTGTTATACACTCTAC,776
AAATAGTAGATCTCGG,775
AACAAGAGGCGTTAAT,775
AATCGTACTCCGTGTA,775
ACGAAATCCTGATCAC,775
AGAAGTCTATTTCAAC,775
AGAGGACATCGAAAAA,775
ATCGAAATCTAAGCAG,775
ATCGACTAAAAGTTAG,775
CAACCTTGCTAGAACT,775
CAGACATATGCGCACC,775
CCATACAAAATCCGCG,775
CTTGACATGAACAGCC,775
GATAACGTCTCAGCCC,775
TAATTCGACAGCAACC,775
TATCATGAGTAAGGTT,775
TATGATAAATGTCCAG,775
TCATCTCTAATCAATC,775
TGACTTAGAAAAACTA,775
TGTAACCTTTATTGAA,775
TTCGTCGGGAACTACC,775
TTGATGTATAATACTG,775
AAACTTTTCTAGGTGA,774
AAGAGTCTTGCAGGTT,774
AATTTAATAGAAATCC,774
ACTTCGACCAAACCAA,774
ATAAAATAAACGCAGT,774
ATAGTACTACTAAGAT,774
ATGACTTTAACGTATA,774
ATGTTATCACACAAGT,774
CCACGCTGGTCAGCCC,774
CCTAGGCCCGTCTAAT,774
CGAAATTTGAGACAAT,774
CTTTTCTCTTCTTCCT,774
GCAACCAGTCACATGT,774
GTTAAGCTGGACGACA,774
TACATCACTTCAAACC,774
TTAAACTGCGACCTGT,774
ACGATACCCAAGACAA,773
ACTTCGCAGGAGATCT,773
ATATAATTATATTCCA,773
ATATTGACACTCATTG,773
CATATGCGATGATACT,773
CCACTGCCGGACACAA,773
CCTCAAAGGAATCAAC,773
GAACAGAGTCAAAGAT,773
GTTAAAAACTGGACAT,773
TCAACCTCATGAACAC,773
TCCCCACGATGCTCTT,773
TCTCCCTGAATGGAAG,773
TGTTTCATGCTGACTC,773
AAAATAAAAAAAGAGC,772
ACTCTCTATCGACAGC,772
ACTGTATATCAAGCTT,772
AGGCAGCTCCAATCGT,772
CTCGCAGCCATCATTC,772
CTTAAATATTTATAAA,772
GATGCTTCTAGAGTTC,772
GCGAAAGCCCAGACCT,772
GTCTCTTTAAACGGCG,772
TAAAAACTCTTCACGT,772
TACACAGTACAACACA,772
AACAACCATTAGGCAC,771
AACACCTAACTTTACG,771
AATAGAGAGTATTTAA,771
AATAGGATTTTAACTT,771
AATCAATCTAGGAATA,771
AATTCCAAAATGAATA,771
ATGAGAAACGAACCCA,771
CAGTGTACTTGAAGGC,771
CATTAGGGAACACTGA,771
CCCAGGCATGAGCGAA,771
CGCCATGCTCGGGCTC,771
CGTTCTGTGTGGGACA,771
CTAACCAAATCTTACG,771
GAAAACCATGGGAGCT,771
GGCCCCATATATTGGA,771
GGTAAGATACCAAAAC,771
GTCGTTAAACGGGTTT,771
TACAATTCCACCGCCC,771
TATAATTTCTGTTACA,771
TCCCTAAAAGACAAAA,771
TCTATTGTGACACCAA,771
TGACTCAATGTGTAAG,771
TGTCAATAGAAATTAA,771
TTAACTAGCCTTATTT,771
TTACCGGAGAATGGTA,771
TTATAAACCAACAACA,771
TTCGAGTATTTGGACA,771
AAAACGTTACTTCACG,770
AAACAAACTATATGCC,770
AAAGAAGTAACTGAAA,770
AAGCACCTCATTGTTT,770
ACGGAACTGATAACGC,770
ACTACGCATCGCACGA,770
ACTAGTTGTGTTGTTG,770
AGAACACGCATTAGTT,770
AGAGCATAATTAGCCA,770
ATTCCCGTTTAAGAGA,770
CAAGCATACATTAAGA,770
CCCGTAAAATTTTAGA,770
CGTGAACATTGGATTG,770
GAACAGTAAGATCTAT,770
GGATGAACAGTACCCT,770
TAATTACTGTTCCCCA,770
TCTAGCATAAACGATG,770
TTACTAAGTAGGCCCT,770
TTGCTTGTCTAGACAG,770
AAAGAAGTGAAGTTCA,769
AACGCATCAGATCATC,769
ACTATGCATGTCCACG,769
ATATCCTTCCCCCCTA,769
ATCAGACAGTAAAAGT,769
ATTCGCACTATTCATA,769
CAAAAAGCAAACTAAA,769
CAAAATCACCTGGATA,769
CAAATTGCTATTGAAG,769
CTAAAGTAGACGCCTC,769
CTACAGTAAGTCGACT,769
CTGTGCATGCGGCATT,769
GATGTTATATATACGG,769
GCTCGCAAGCTGAGGA,769
GGAGACCTTTTACCAG,769
TAAAGTCGCCAAGTAG,769
TAAGGCGCTTCATCAA,769
TAATATAACATCAGAT,769
TTCACCAATTAAATTT,769
AATATTTGTCATGCCA,768
AATTTGTGAAAATGTT,768
ACATATATAGGCTGGC,768
AGCCAGTTTGTACATG,768
ATAAAACGAAATTGAC,768
ATCTTAGATATATTTA,768
CAAAAACTACTTTCGA,768
CAATATTTTGACCAGA,768
CACAATGCCCTGATTG,768
CCCGACATAGGATCAT,768
CGTTTATTTTTAATCT,768
CTATCGTACCACCCAA,768
CTCTATTTAATTAACC,768
GAAGACAGGTTGTTTA,768
GAATACTTTTAAGCGA,768
GCCTTCATAAACAGAT,768
TAAATGGGCCGACCGT,768
TCCACCAATAAAGTTC,768
TTTAACTGGCGGAGCA,768
AATAAGTTAATCTAGT,767
ACTCAAACGGGAGAAC,767
ATGGCTTAAAATACGA,767
CCACGCAATCCCGTGA,767
CCTTTAATAGAGGCAT,767
CGCTTAAAACGCGTAA,767
CGTACATCGACACTAG,767
CTGTAATATGGATCGA,767
GAACAGATTGCGCAAT,767
GAAGTTATACAAATTT,767
GCTCTAATCACTCCTC,767
GGAACTCAGTAGGAAC,767
TAAAATAAACACTCGC,767
TCTAACTCACAACAAA,767
TGAACCGGGATCTTTA,767
TGTGTGTGCTGGCAAA,767
TTAAATGGATTAGGGC,767
TTAGATTCTGGAGTAC,767
AAATCGTTTATGAAGT,766
ATTATATTCTTGGAAT,766
CACAAAATCAAAACCA,766
CGTTGCTCTGCACTCC,766
CTTTCAGTATAGTATA,766
GAAGTTGTTAAATACT,766
GAATAGGGCCAGTATT,766
TAAATATCAACCATTT,766
TGAATCAAAATGTAAT,766
TTATATGGTCCTCCCG,766
AAGAAGAAGCAGAACT,765
AATAGCATCTTACTGA,765
ATAAGTTCATAAACCG,765
ATGACAAGCTTAAAGT,765
ATGCTTACCGTAGTAA,765
CCAGAAAATCATCGGG,765
CCATCGCAGATATCCC,765
CGACTTACAGGTGCAC,765
CGAGATCGGCACACAT,765
CTAGGCAAGGAAACAA,765
CTCCCATACCTACTAA,765
GAATTCTAGTCAATTA,765
GCAAGAAGCAAAATGC,765
GCATTGCATATCTCGC,765
GTAAATCACAATACAT,765
GTCCATATGATATGAG,765
TATAATAAAGCGAATC,765
TCCTATCTGTATACGC,765
TGCGAATGTGTCCGTA,765
AAAACAACGGTTAGAA,764
AACCCAATATGTAGCA,764
AAGCAATAAAAGCGCT,764
ACTATACAGGCGTTGG,764
AGAGGCTGAGTGTCTA,764
ATAAGCAAGTAGGTTT,764
ATCATACAACAGACGT,764
ATGAGCTGTTAACGTC,764
CACAAAGCTCATAAAA,764
CTATTCTACAGGATAC,764
GACATAGTTTAAATCC,764
GATGTAGTTCTATTTT,764
GCAATTAGACGAAAAT,764
GGAGCGCAGTCCAATT,764
TTCTTAGAAGCACATA,764
AAGGTTGCCAGTCGAG,763
ACATCGGATTTTTATA,763
AGCATGAAGAAACGCT,763
CCATATGAAATATCGA,763
CGATGTTCCTACTATA,763
CGCTATGACCACACCT,763
GCGTCCTACACGATGA,763
GTAGAGTATAAAGGAT,763
TAAACTGATTCACCAC,763
AAATGTGACTTTCCGT,762
AAGACTCTGAGTAAAC,762
ACAGAAGTAAGACACA,762
ACCGGTGAGGCCTCCA,762
ATTTCGTTGAAACCTC,762
CACCACAATCACCCCA,762
CACCTGAATAGAAAAT,762
CGACGTACTACCGAGA,762
GCAAACAAGTCAGCTA,762
GTAAAATTCACTAGCC,762
TAGTCCGCACTGTTGA,762
TTTGCCCAAGAGCGGC,762
AAATTAAGAACTGTAA,761
ACTTACTCTTATCTCA,761
ATAAAACATCCACGCG,761
ATAACAACCGAACACC,761
CGAGTCAGCCAGGAAT,761
TATACAACTTAACAAC,761
TTGAATTAAGTACACT,761
AAAACCTGCTCTAACC,760
AAATGGGACTCAAGTT,760
AAGTGCAAGTTACTAA,760
AATCCAAATCCAACCT,760
ACACATTACAAGACTA,760
ATTTGCACGACAAACC,760
CATAGAACAAACGATA,760
CCAGCGAAAAACTTCC,760
CCCAGAACTAGTGTCA,760
GAAAATCTATTATGAA,760
GGAACTGAATCCAGAT,760
GTGAGCACCAGTTCTA,760
TAATATAATATGCCAA,760
TAGAACAAGTTAGACG,760
TCAATTGATGTAAAAC,760
TTAGTGTTATAATATA,760
TTGTAAAAATATAGCA,760
AAATATATGACAGATC,759
AACTAAATCCGCAAAC,759
ATAAGACAAATCGATC,759
ATCACAACTCGTATAC,759
CAGACAAAGGATGTCG,759
CCAAAGTGAGAGCGAT,759
TACCAAATAACCTATA,759
TACTATAAAAATTTCA,759
TACTTCACATTCAAAA,759
TAGCGCACGGAAATCC,759
TATAAACCAAAGGAAA,759
TCACCTCTGCGAATAC,759
TCAGGGTTCCCAACGC,759
TGATGTTACATATGCC,759
TTAAAGCATTTGGGAT,759
TTAAAGGCCCAGGTCT,759
ATAGCATAAGTGCTTG,758
ATGAGTTGAGTGCCCC,758
ATGCTCAATACTCGAG,758
ATTACCATAATCCACT,758
CCTTTCTTTCGAATAG,758
GAATGGCCCCAAATGA,758
GACTCGATCGACTGTA,758
GGCGCTGCATTTTAAT,758
GGTAATGGTTGTAGCG,758
TAGACGGATAAACGAT,758
TATAGTCCTACATATA,758
TCGCCAAAGCTCAAGC,758
TTAAGAGCCAATATAC,758
TTCCACTACTAACATC,758
AACTACTAAAAGACAC,757
AATGTTCATGCAGGCA,757
ACAGGCAACGGCGCAA,757
ACCAGCTATAGGTTAG,757
ACTAATAAGCCGTCAA,757
ACTTCAAGAGATACAA,757
CACTGTCTTAAAACAG,757
CAGGTTTGTAAGTAAA,757
CCTAACGCTAGTATAG,757
CGATTTACAAGGAAGT,757
GCGCCTAACAAAAGAA,757
GCGGGACGATTCGACG,757
TAAGAATTACGCTCGA,757
TGTTATGATCAGATTA,757
AAAAACATTCCGACTT,756
ACAAATTGACACCGTT,756
ACATAATGACTAGCCG,756
ATCAACAATTCATAAA,756
ATTACATAAGTTACGT,756
CCACCTTTTATCAAGA,756
CTATTAAGAACCAAGG,756
CTCCAGTGAAAACTGA,756
GACCCGAAGGCGCACT,756
GATCAATCACTCAAGA,756
TGATATCTAAGAAAAA,756
TGGTATTTCCAATAAC,756
AAAGGCTACTAAATCC,755
AAGTTTTAGATATAGA,755
ACAAAAACAAACCCTA,755
AGCGCACTCGGTACTA,755
AGTCCATTAAATCTTT,755
ATACAAAAATCATCCA,755
CGAATATCCTAGAGAA,755
CTGCCCAATCAAGAAT,755
CTTTACGCTAACCACG,755
GCGCGCGAAATAACGC,755
GGTTACAGCTACGTCG,755
TACACAAGGCATGACG,755
TACCTAACATCATTTC,755
TGCGCATAAGAAAGTT,755
TTCTACAACCGGTGGA,755
TTTAGAGCCACGTAGA,755
ACAAACGCTTGACGAT,754
ACCAACTGTTATAAGG,754
ACCATACGTTATTTAA,754
ACCTCTCGGAGTAATA,754
ACGAAAACTATCAATT,754
AGGCTACAATCCACAT,754
ATCTCGCTAAACTCCT,754
CAAGAATACTGTTTTA,754
CATCATCAATCAAAGT,754
GTGAAAATTCACCATA,754
TCATAGAACCGCATTC,754
TGCATTGAAAGAATCA,754
TTACGCAACTTTAAAA,754
TTCGAAAACATTTCCT,754
AAAAGCAGGACATAAC,753
AAGCCAGTATAAACAA,753
ACGGCAGCTTTCTGAA,753
ATAACTTGACCGCTAC,753
CCCTGATTAAAGGAAA,753
CCTGGTCGGCTCCATA,753
CGAGCTAACTAATAAT,753
CGATATTTTCATGTAG,753
CTGATAACAATCATAA,753
GAGACGGGGTAAGATA,753
GTAGGCTGAAATCAAA,753
GTTAACTACTCTATAA,753
TAAGCAACTTCAAGTT,753
TAATTAATATGGGTAC,753
TCTGTAGATTAACAAT,753
TTCAGTAACATAAAAT,753
TTCGAAAGTGCCAAAT,753
TTCTAAGAAATCTACT,753
ACATCTCGCAACTCTT,752
AGCAGTGTGTTAACCT,752
ATATCTCATCTCTATG,752
ATATTGGATCTCATAC,752
CATCTACGACTTAACA,752
CCAACGTGAAGCCATC,752
CGACCTTCTGAGACCA,752
CTCGGGTGGACGATAC,752
GACTAGTGCTAGCTTA,752
GAGACATGTAACCGAG,752
GTACACAAGGTTCTGC,752
GTACCTAAAAATAATT,752
TAATCATTTCATTATC,752
TCTTAACCTACTCGTT,752
TTCAGTCACGATCGAC,752
AAATACAATTGATGGC,751
AAATTATCTAAGAAGC,751
AATATTCTCACCAAAC,751
ACAAGAATCAGACTAA,751
ACGATGGTTGCGGAAA,751
AGACCTCCATCTTAAG,751
CGCAAGCCCATAGCGC,751
CGCATTCTACTCGCAA,751
GACAAGGAAAATCATA,751
GATCCTTCTAGCCTGC,751
GTCCCATACTCAATAA,751
GTTTGTACTTCATCCT,751
TAAACCCCTATTGTGC,751
TCAAATTAGGCCCCTA,751
TCAACACATTAATAAA,751
TCAGAAATGTACAAAA,751
TCGATCCTTTGCGACT,751
TGACAACTGAAGAGCC,751
TTACATGAAATATACT,751
AAAAGAAAGTGGAAAG,750
AAAGCTTGGATAAATC,750
AAGAATCGCTATGTGA,750
AATCATCAGGTTACTA,750
AATTGTTCATGAATAT,750
ACGATCATATTTATTA,750
ACGGTCTAGCTTGGCC,750
AGACCTATAGATGACT,750
AGTTCTTACCGAATAT,750
ATTAGCGCTTTAACCC,750
ATTATTAATCGTGGCA,750
ATTGGATGAACATTCC,750
CCGGTCACGAATCACA,750
CTCAATCCGGTCAGAG,750
CTCAATTTAACACGAC,750
GAGATACAAACGTAGG,750
GTTAGTTGTAAAGTCG,750
TAAAAGAGTAAGATAT,750
TAAGAGTACTGATATC,750
TCTATCGTCTGTATAA,750
TCTGTCACAATACTTA,750
TGCGCATTATAATAAG,750
TTTAGCCCTTAAATAT,750
AAGAAGAAGAACCCTT,749
ACCCGGTACAATCCAG,749
ACTATTTGGAACGAAT,749
CTCCCCGCATTCTCCT,749
GAATATTAAATGTGAG,749
GATATGCTGGAGGTAG,749
TCAAACCACTGAATGG,749
TTTCATAAGTAAATTA,749
AACAGGCGAGAAACGT,748
AATTGCCCTATCTCGA,748
ACAAGTATCATAGATT,748
ATTGTTTCGCTCATAT,748
CACATTAGTTCGAAAC,748
CAGCTATGACCGGCCA,748
CCTTTCTAACAACCTA,748
CGGGTCAAGTATAGCT,748
GAATCACCTATAAGCA,748
GCAGCCCATTTAACTT,748
GTAAATGTGCAAGTGC,748
GTCCAATATCCTGCGA,748
GTTACTCGTTCACATT,748
GTTTTGTAAATAAAGC,748
TATACGCAGTTCTACG,748
TCAAACGGATCGTGAA,748
TTTTGATTGTAAAAAA,748
AAAAACCGCTGTATGT,747
AAGACGTGCAAAATCG,747
AAGTTACCTATATAAT,747
ACTAAGTCCAAGTTGT,747
AGTTAGTAAACTACAA,747
ATCATAACGAATCCTT,747
CCACTGCGGCAAAAAA,747
CTTCGCTGATTAACGA,747
GAAATAAGCAGGGATC,747
GGCTGGAACGGGTAAA,747
GTAAAATAAGAGAGCC,747
TAGAGCCACCATCAAG,747
TCGTTAGTATCCCAGT,747
TTAAAAATCATCATAT,747
TTGAGTATTAATCCAA,747
AAAAGCTAAACAACAT,746
AACTTAAACCACATGA,746
AAGCAAAGAGGGAATA,746
AATAGGTAAACGACCC,746
AATGGGCCCTGCGGTC,746
ACGAAACCGTAAACTA,746
ACGTTTTTCAAATAAC,746
ATCTTGAGTCGTAATT,746
CGATGTCCCCCAACTA,746
GAACTGACAGTACCCA,746
AAAAACCCGAGGACTT,745
AATATTGATGTTAATC,745
ATAATCGGAAGCCACT,745
ATGAACTTTATCAAAG,745
CAAATTACAGCAGATT,745
CCGTTCAGCTACAGCA,745
CGAAGTACGGTATACT,745
CGCGGCATCCGTAAAC,745
GCAGTCCCTTAGCTTT,745
GCTGATTAAATACGAG,745
TCTGACCAAACACATG,745
AACAAACAAAGGATTG,744
AACCCCCGTAAATCCT,744
AAGGGATCCGATACAA,744
ACTCATAAATGAGGCA,744
AGAATATAATAAGGCG,744
ATATAAGACTGAGAAC,744
CAATATGAGCACACGC,744
CGCAGAGGGGACTCAA,744
CTGCTGAGAGATATTC,744
GTACCACAACATGGTG,744
GTGAACCCATTCGAGC,744
GTTACACAGACGAGGA,744
TATTCTATGCGCGATA,744
TCAGTTTATGCGGACC,744
TCATACCAGTGGCATA,744
TGAGACAATTCAACAT,744
TGTTCCGTAGAGAATA,744
TTTCGGCTTAGTATAG,744
AAATAACTAGTAATAT,743
AACGTTCTTTACTAAG,743
ATTGATGAGCAATAAC,743
ATTGTCCTCCAATCTA,743
GAGATAGTTTCACAAT,743
TCAAGCTTTACTGGTT,743
TCGCTTAAATTATTCA,743
TTGAGGAAACTAAACA,743
AAAACGTAATCTTGTT,742
ACGTTCTAACAAACGC,742
ACTTAAACGGTTACAT,742
AGGGCTTACATAATGG,742
CACGGACCAACTGATC,742
CGCAATAGGGGGTCTC,742
CGCAATGTATAGTAGC,742
GACAATAGTTATAGGG,742
GGCTCAACCATTATAC,742
TAAAGTATACACTGAG,742
TACAGAAGTGTTCGAA,742
TACATTTTATACGGTG,742
TAGGATGATGAGATGA,742
TGCCTCCTAGGCAATG,742
TGGCAGTAGACCAGCC,742
TTAACGCTCGGCAGGA,742
AAGTTCGTAACCGAAT,741
ACACTAACCTAAGCTA,741
ACGTGACCTTAACCAA,741
ATTGCCGGGACTACCA,741
CAACTAACTACAGGTA,741
CAATTCACAGAAAACT,741
CGTAACATTCAAATAC,741
CTATTGGGGAGTAGCA,741
GAGGCAAGCGATAAGC,741
GCAGCATACTTCCTTC,741
GGGGCGGGATACCACG,741
GTTGAGTTTCGCGCGT,741
TAGATTCGACTCCCCC,741
TCATACGCTTCTAAGC,741
TTAAAGATAGATCTAA,741
AAACCTGCTCACTATA,740
AAAGCCAACGCTGCTA,740
AACTGTACAAACTATT,740
ATAGACATATGGACCA,740
ATGAGCAGCCGTTGCT,740
CATAAAAGTCCATTAT,740
CGACTGCCTAACGAGA,740
CGTTAACAAAATACGG,740
GAGTTCACGATTTATA,740
GCAAGTACAGCGATTA,740
GCTTAGCATTTCGTTA,740
GGACAATAACAATATG,740
GTTAGGAAAAACGAAA,740
TGAATATAGCCTTAAC,740
TGCATGCTGTTCCACA,740
AACCACAAAAAACCCT,739
AATCCTAGCCCCACTG,739
ACCTATAGACCTGCAA,739
CAATCGGCCAAGTTTG,739
CACCATGCTACCGATG,739
CACTCGCAGACAAACC,739
CATCAATAGTAGGCAA,739
CATCGCGAGAGACGGT,739
CATGCGGCACAGAAGC,739
CCGTACGTATGAACCT,739
CTTCTGGCCAGACCGA,739
GAGAGGTCTGCAACCA,739
GTAACACCGCCTCTGT,739
GTATATTACGATAGGT,739
GTGTAAACTTATTACG,739
TAAAATAAGCAAAAGC,739
TCAGAGCATGAAAATT,739
AAACTAGAAAGACATG,738
AAGTTAGGCCAACGCT,738
AATGAGGATCTTTTGA,738
AATGTCTATAAATCTC,738
AGACCCACCGATTAAT,738
ATTTTCACAAATGTGA,738
CAAAAGTCATAAATTT,738
CAAAGCACGTATTAAC,738
CACAATTGGGGGCCTG,738
CCACGAATCCGGAGTA,738
CCTGTCTTACCCAGTG,738
GTCAAAATTGAGACTG,738
TAACAAATACATGATA,738
TCCGCCTCCTCTGTAT,738
TCTCCTTTAATACGAA,738
TGGCCCAGTGCAAATG,738
AAAAGAGTAAAAATAA,737
AACGAGAAATGCACAC,737
AATTCCAGGCTTGCGC,737
AATTCCTGAAGTTAAG,737
ATAAAAAAACCACCAT,737
CACCCTCGAATGACAA,737
CCTCGCGTTGCGGGTA,737
GACGTCTTTTAGTAGC,737
GCGGGACGTGTCAGAC,737
TAACTCCTGCCATGAT,737
TACGAGCAAAAGCAAG,737
TGAAGTCCAACTATAA,737
TTAAAACAGGTTATAA,737
AACAGGCGGTTTACTG,736
ACATGAATATACCATG,736
ACCCCAGTAGTGGCCA,736
ACGATACATATAATCA,736
CATAAAAGCGCCAAGC,736
CCGTAAGGCACACAGT,736
CTATTTATACTGGGTA,736
GCAGAAAATAAAGTAT,736
GCAGCCTATCATCTAA,736
GCGATCAGTTACAGTA,736
GCTCAACTACACCCAG,736
GGTACCCATGGGGTTC,736
TCCCATCATCCGCTTG,736
TCCGCCTACAGTAGAC,736
TCGGTTACAGGAATAT,736
AAACTGGGGGACAGTG,735
AACCCGAGAAGAGTAT,735
AAGACCGGAGACAGTC,735
AATTAGTGAAATATAG,735
ACGAATGATATATGGG,735
ACTCGTCATTCAAGCC,735
AGTCAGATTTTCCGAT,735
ATGAAATTTGATTACA,735
ATTAGTCATATACACA,735
CAAAATCTGAACATTC,735
CACGGAAAGTATTCAT,735
CTTAATCACTTATTAT,735
GAAAATTACATATGAA,735
GAAGAAGCAAAAAAAG,735
TCTCACAATATTTAAC,735
TTATGCTTACAATACC,735
TTTATGGAGCCAAATG,735
ACACAAATATAGCAAC,734
ACATCTGACGAAACTT,734
ACATTAATAAGTAGAA,734
ACCTAAGCGAAGAAAT,734
AGATTCGGCTCTTAAA,734
AGTACTCGCATTGTAG,734
CAACATTCCGAAGGGT,734
CAAGGTTTAGACAGAC,734
CGAACATTATGAAGCG,734
GATCAATGCAATTGTG,734
GCGTAAACTTGCCGTA,734
GGATCAGTCCCTGAAT,734
GGGACTACTAGGATAT,734
GGTCAGTGCGTCGGTA,734
TCCTCATTGCCGAGCA,734
TCGTGTTTGATTGTAT,734
TGAACGTGAATATCAT,734
TGCATGTCACAAATCC,734
TGGGCCTAAGAACTTC,734
TTAAAACGCTACCGAA,734
TTTAACTCCACCGGCG,734
AAACCGACAAGGAAAA,733
ATCGAACACAAAGGCC,733
CCTAAGAGTACTCGAG,733
CGAAGGCTGCTAGTAG,733
CTCGAGAATTTAATGG,733
GAACCTCCGTTACACG,733
GCGGATCCTTTGACTA,733
GTTACACACAGTCACG,733
GTTGGCAACGGGCTGC,733
TAACTTCTTAGGTCAG,733
TACTGGTTCATCACGA,733
TGGTGCAATCTCTAAA,733
TGTGTTTATCATAGAG,733
AAACGATAGACCGACC,732
AAGAGGGCCTAAAACT,732
AATCTTGTTTATAATT,732
AATGTATACTTCAGAG,732
AGGATAAGCACCGATA,732
AGTCCCCTGAACACGG,732
AGTTATCTAATCACTC,732
ATGGACGCCAAAATCA,732
CAACTAATATAAGACT,732
CCTGAAACTGGTAGCA,732
CTAGGAGAAATTGTAT,732
GAACCTTAAAACAGTC,732
GAACTATAGGCCCCAT,732
GGGAATTAGACATTAT,732
TACTGAAAGTCCCGCG,732
TCAAAACGGTATCGCG,732
TCCAGGCCAAGTAGTC,732
AAAACTAGATCACTAT,731
AAGAAATCGAAATTGT,731
ATTCTTCTCGTAATAA,731
CAAACTCCCACACATC,731
CAACAGTCTTAATCAA,731
CAGACACCACAATTTG,731
CATTAGAGTGTAAAGA,731
CCGGTCGACGATCGCT,731
CGAGAACTTATAAAAA,731
CGTCCATGGGGATCAT,731
CTTTGTTCCTGGAGAA,731
GCTGCATGGCCTTATT,731
GGCAGCGTGTAGTTAT,731
GGGGTTCATAGGGGCC,731
GGTCTGGTACCGAAGG,731
GTCCTTCACGTAAATA,731
TAAACAACGACAATCG,731
TAACTCTAAGTTCTCC,731
TAATAAATTTGTATTA,731
TCAGACCTTAGCAACG,731
TCCGGATAATATTCTA,731
TCGTCAAGATACCGCC,731
TCGTTAAGTAGAAATA,731
AAAGATCTATAATACA,730
AAGAGGACAGTACAAT,730
AATAATAGTAGTAATA,730
AATACTTACCCTGAAA,730
ACAGTGATATGCTGAC,730
AGAAAACCCTGTGTGC,730
CACTCGAACTTCGAGA,730
CCCTGCCAGAAACCTA,730
CCTGGCCATAAGCTAT,730
CGAAACGGTTCCTGCC,730
CGCTTTAATAATTAAC,730
GAACAATGTGCTTAAA,730
GGAATCGCAATATCTT,730
TAATACACACGAGGAA,730
TCCTGTTTTGATATTA,730
TCTGTCCCTGAAACAA,730
TTAAGGCATCGTCCGA,730
TTACAACACATGCGAA,730
TTACCTACTTGAAATG,730
TTTAGAACGAAGGTAA,730
AATTATAAAACAAATA,729
AATTATGGCCGAACTG,729
ACCAACTTCCCGCCTA,729
ACTGACATTCCTATAT,729
CAACAAAACTTAAATC,729
CAACCATACTTTTTAT,729
CCCGCGAAAACTAAAC,729
CCTCGAAATACCCGCG,729
CGAGAAAAATAAAGAC,729
CGCAAATCTTAGCAAA,729
GTAAATAAAGTAGCGT,729
TATGAAATGCAGAAGC,729
TGATTCCGTTTATTGA,729
TGGGGCGTAGAATGAA,729
TGTGTTGTGTGAGGTA,729
TTCGATCGGCATAACC,729
AAAAACCATGAACATC,728
AAAATGGAATCGTCTG,728
ACTTAGCAATCCTCGT,728
AGGCGATAGGGAACGC,728
ATGGGTAGAGAGCATG,728
CAAAAATCATCACTAC,728
CAATGCAGTCGGTACA,728
CACTATTATAAATCCT,728
CTATTGTTTAACAATA,728
GAATACTGCAAAAGAC,728
GAGGAAAATTGACCAT,728
GAGTCTCAAAAGGATG,728
GATAACCGTTACACGT,728
GGACCAAATGCGCTCT,728
GGTTAAGAATAAACTT,728
TCTCGTTGGGCCTCCG,728
AAAGCACATATAAAAA,727
AAATCCGCCATTACAC,727
ACAGCGACGTAAGATG,727
ACCAGTAAAGTTAATA,727
AGAAGTCACGATAAAA,727
AGATCGAACCTATTAA,727
CGCGGCTAACACACGA,727
GAAAACGAGTATGCAT,727
GTGCCCAACACAGCAT,727
TAAAAATACAGCATCT,727
TATACTGAAATAAGAA,727
ACGGCATAAAAGAACC,726
AGAAGAGATTTAATGC,726
AGAATGCTGAAAGTAC,726
ATCCCCACGTTGCTAT,726
CAGTCTGTCTCTGCGC,726
CTTGACCTCTGCATTA,726
GCAACTTCCCCTTAAC,726
GGCGAGTGATCGTATG,726
GTAATCATAAACCGGA,726
TACATGGTTGACAACC,726
TATTTAAAACTGAGTA,726
TGATTACGTCAGCCCT,726
TGCAAATACCACTACA,726
TTGTGATAAAAGACTG,726
TTTCATCTTAAATCTA,726
TTTTAGCATGGTTTTA,726
AACACATCATGCTCGT,725
AAGCTCAAGACGGACA,725
ACACCTGTCACTATTC,725
ACTTTGAGTCTAAATT,725
ATGTGTATTTGGCCAA,725
CACTAATAAGACATGT,725
GTAAAAGAGATTAAAT,725
AACTCGCCTGTTTACT,724
AAGGTATGCTAAAATC,724
AATCTCCTAAGTCCCT,724
ACTAACCGATTAAACT,724
CTAGTGCCAAAGATAA,724
CTGTTAATTATAACAA,724
GAAGTATCTGTGATAG,724
GAATAGTCGAACAGTT,724
GCAAACCCTGCGAATC,724
TACAGCAGTAAATAAT,724
TATCCAAAAGACATTA,724
TCACCCCAAATATCCA,724
TGGGATCGATATCAAA,724
AAACCTGACTGATAAA,723
ACACTTGCATAGGATC,723
ACTGAGACAACCAATG,723
AGTTACAACACAATTA,723
ATATGTATCCGTGCAG,723
ATCCGCGACACCTGGA,723
ATGGAACAATATAACA,723
ATTTCCCAGCAGAGAA,723
GACCAAACGGACCTTA,723
TATTTACTAACCGACA,723
TGACGGATAAAGGAAT,723
TTAGACTCAGTTTCAC,723
AAAACTGCATTGTACT,722
AAAGTGCGGTATAAAA,722
ATCGGTTCAACCTTAA,722
CACTGAATAAACATAC,722
CAGAACTGAACATAAA,722
CAGCGCAAGTCTGACT,722
CCACAACTGGCGAACG,722
CGCAAGATGCGTATTG,722
CTGCACGAGATAGCAG,722
GAAGACGTGTCGTTTC,722
GCAAATTGTAATCCAA,722
GTGATGTATAGGACAA,722
TCTCATAATTTTGGTA,722
TGAATCACAAAACAGG,722
ACACTCTGTCTTATAA,721
ATCTTGCTAATTATCA,721
ATGTGAATGACTAAGT,721
CAAACGAAATAAGTTC,721
CAAGTATGGTCCGGTT,721
CATATAGCGAAATAAA,721
CATATGATGCGCTTAG,721
CGAAAAACTGGAGTAC,721
CGACTTACTGCCTCAG,721
CGGATGTAAGGCTATC,721
CTGAGCGCATACGTCT,721
GATGAATGTAAGCATA,721
GATGGAAGAAACACGG,721
GGCGATGGCTGTAACT,721
TAAACGACCATCAATG,721
TAGAACGACTCAGCTT,721
TGTAACAACGCCGGAA,721
AAACGCAACAGACAAT,720
ACCTTAATAGATCAAA,720
ATCCTCCTTCTACAGG,720
CCACAAGTGGGAAACA,720
GGATCTTATGGAGGTA,720
GGGCCTTAAATCTTGA,720
TCGAAGGAATGTGATA,720
TGCTACATCAGATGAT,720
TTCAAATCAAAAGTAA,720
AAAAAAAAAATCCTCA,719
AAAGTACAAACCCATT,719
AAATGTGCCGTACTAT,719
AAATTCCGATCGTCAT,719
ACAGCCAAGCTTACAC,719
ATGAGAACAAATGTCC,719
CATAGACAAAGGTTCG,719
CCGAGTAGAATATAGA,719
CCTTAACATATGCAAG,719
CGAGAAGGCACTTTAT,719
GATATCTTCAATCTTT,719
TCCAAGTTAGAGATCC,719
TCTCAGACCTGATCCT,719
TTATTAAAATTTAGCA,719
CAAACGAAAGTACACG,718
CAATCTGTTCACCTAA,718
CAGAACCCATCTAGAT,718
CCACTGATGAATTATT,718
CTATTGTAATAAAGCA,718
GCAAAATGTCGATATT,718
TAAGTTAGTAAGAGAA,718
TCAGAGGAATGGCCCA,718
TCGTTGGTCTAAAACA,718
TTCTCCTAAATATATA,718
TTTAAAATTTAATCTA,718
AATACGAATTCACATG,717
ACAGACTGAGTAAAAG,717
ACTAAAGGACTTTCAG,717
ACTGATATGATTACTG,717
AGTTATCAGAATGTCA,717
ATAATGATTAATCAGG,717
ATTTAGACCCACTTTG,717
CAAACCTCCAAAAACT,717
CAAAGATATACCGTAT,717
CAGGAATAGCGCGGGA,717
CGATAATGAGCACTAG,717
CTAACTAGTGGAGAGT,717
GATGAAGAGATAAATG,717
GCCGGGCTAACAACTA,717
GGAGAATGGAACACGG,717
TAAAACCCATGGTATC,717
TAGGTCAGTTGAGTAG,717
TCCTAATAATATCTTT,717
TGGTTGATAAGCGGCT,717
TTCGGAAATAACCTTA,717
AAACGGCCGAAGAACG,716
AAGCAAAGGCGAGAAT,716
AAGCCCAAGTGAAGTA,716
AATATCGTCTGGAGTT,716
AATGTGAGGCTCCCTT,716
AGAAAAGACGAACGTT,716
CAAGTAACATCAACTG,716
CGCAATCGTAGAAAAA,716
GAACTTTCATGCACAA,716
GACATCGTATTAATTG,716
GAGAAAAACGGACGAC,716
GATGTAAATTGTTGAC,716
TAACTAACATAAAATA,716
TAGAAGTCGAACCTAA,716
TATTGTAATTTTACCA,716
TTAATAAATGATGTTC,716
TTGTACCTGGCAAGAC,716
AACTGTAACAGGAGAC,715
AGCTAATGTTTACTCC,715
CCAAGTTGGAGAGTTG,715
CCTCTCTAAGGAGCGT,715
CGACAAAGGATCATTG,715
CGAGACTTCCCCCTCA,715
CGGACTACAAAATGTC,715
GATAAAATTGAGGTAT,715
GCTCGAGCTAGAATCA,715
GGAGTAACTAAGCAAC,715
GTCCCCGTGATCCTGA,715
TCAAACTACCCATTGC,715
TCCCATTTGTACATTC,715
TGAACAGAACAAAGTA,715
TGATATTGCGTTTACA,715
TTTACAAAACCTCAAC,715
AAACATTCATGGTAGA,714
AAATCACCTTCTTAAT,714
AATTTACGTAGGTTAG,714
ACAACAGATTTATGTA,714
ATGACTGGAATGCATA,714
ATGTGAGCGTTAACAA,714
CCATGTGGATGCAAAA,714
CCTCCAATAATCCAAT,714
CGTACACCCCTAATGG,714
CGTATACGGCGGTATG,714
CGTTCGACGGAATACG,714
GAAAGAAAACCATGGT,714
GGACTATTAGCCAGTC,714
GGCACAGTCATTTTAA,714
TAAAAGGAGTCTAGAT,714
TAGCAATCACGAGGGC,714
AATAGAGGTCCTAACC,713
ATAATGTAACCCTATC,713
ATAGTACTATCTAAAC,713
CAGAATACGGCACAAT,713
CATGGCTTATAACACG,713
GCAAAAGGCAATTTTT,713
GGCAGGTGCACACAGT,713
GTTCACAAGAATGATA,713
TATAAATGGGCAGTTA,713
TTAGTCTCTCCGGGAA,713
TTGAAGTATAATGAGA,713
TTTTCAAATATCACCC,713
AAAGTTGAGCCCACCT,712
ACTCGGAACATCACAC,712
ATCGCTGCGGCTACCA,712
ATGTCAGAAGTAGCAG,712
CATGTAAAGAATGTCC,712
CCAGATATAACGCTCT,712
CCATACCCAACTATCC,712
CTATACACTACCCTCA,712
CTCTAAACATAATCAC,712
GAAGTGTAAAAGAGTT,712
GACATAGTGATCAGAG,712
GAGCTTTGTGATGAGC,712
GATTACACGTCAACAG,712
GGGAGTACATACAAGA,712
GTAGTAAATTCCACAC,712
GTGGGTCGCTACGAGA,712
TAATGTTATATGCCTA,712
TCTAACATACAATGGG,712
TTCTGGGCGACAGAAT,712
TTGGGCTTTCTAGTCT,712
AAAGATCAATATATAT,711
AAATTCGTTCTATATA,711
AAGTAAAAAGTTCTAG,711
ACCACTTGCAGGCAAC,711
ACGCGTCGATAGCCTT,711
ACGTAGAACGGCAGTG,711
ACTCCAGACGCTAACC,711
ATACCCAAACGGAAAT,711
CTGATGAATCACGGAA,711
CTGTATATTCAACTTT,711
CTTTCGATATCGACCA,711
GCAGCTAGCCTAAGAA,711
GTTGGTAACAAGCTGG,711
TAAAGACCAGTCACCG,711
TAAAGATAAATTCCAT,711
TACTAACTTAGGGGTA,711
TATAAATCAAAAGTAC,711
AACTCTAAGCTTTAAC,710
AAGAGCATAAACTAAT,710
ACGTATTACAACATAC,710
ATATATGAAAGTTGGC,710
CAAACTTCGTAATTCG,710
CCAGGTCTCTAAATCA,710
CTAACAGTGTTAAAGC,710
CTGCAGAGATCGTATC,710
GGGTTCAAAAATTGAT,710
TAACACTATTAAAAGA,710
TAACTCAACAGAGTTA,710
TACATACTGACACTTT,710
TCTATATTTAGAAAAC,710
TTATTGTAAGTCTAGT,710
AAAGAAATTCTACTTA,709
ACAATACTAGGTAAAA,709
ACAATTCTTAGCCGGT,709
ACCACACCCGATTTCG,709
ACCGTAGGCGCGACAT,709
ATGCCAAAGTATCTAT,709
ATTATACAAAGTGCTT,709
CAGGATTTTATTTAGT,709
CCGTTTGCAGAAACGA,709
CGAAGCTCATATACCG,709
CGAGTTATACTACCCT,709
GCATTTCCTATTACTT,709
GGACCAAGTAACCCCT,709
GTCCCTCGTTATAGTA,709
TAGATAAATACCGGCG,709
TCAGCTATAGACGATA,709
TCTGGATATAGGGTTA,709
AAGCATCTAATGAGAG,708
ACCGAGCTAACCAGGC,708
AGCTGATCATAAAGGA,708
AGTTTCCGAGCTGAAA,708
ATAAATAACACAAAGA,708
ATAGCGTAGTTGCAGG,708
ATGAACTTAACACCAC,708
CACCGCTAGTTAAGTA,708
CAGTATATGGCATTTA,708
CGCCAACTACATTATG,708
GGAATAGCCAACGAAA,708
GTGATCAGCATGTAAC,708
ACATATTTAGTAGCAA,707
AGAACCCCGATCCATG,707
CAAAGATGTCCGAAGT,707
CATAAGGACAGTTTAT,707
CCACTATTGTCGCTAC,707
CGGCCTCACCATTCCC,707
CTTATATTAGCCTCTT,707
CTTGAGAAAGCCAATA,707
GGAGATATATCGAAAC,707
TAAAAACAGATAGATA,707
TAAGATTTTTTTGAGA,707
TACACATATCGTACCA,707
TAGGACCATAGGTTTA,707
TTAAGTTATAAGAGGG,707
AAAGGACTGACCTATA,706
AAATCCACACCTAAAA,706
AAGGTACATCCCTCGT,706
ACTAAGTAAATGTCAC,706
AGGGAAACAAGTTTAC,706
ATACACTTGAACATCC,706
ATCATTCTAAGTAGAT,706
CACATAACGGTTAGAA,706
CCCCTAAATAACAACC,706
CTAATACAAAACTAAT,706
CTATTATGACTAGCTT,706
TTCAATTTACGCGGTA,706
TTTAGGTTTACATATA,706
AAAAAACAAACATTCC,705
AAAAAGGTGAATAGAA,705
AAAGAAAGCTACCGTT,705
AGTCGGCAATGATGTA,705
ATACGGAAACATAACA,705
CACACTGCAATCATAC,705
CAGGCCCACCACTCTA,705
CTACACGGAGTCAACT,705
CTGATAAGATCCCGGA,705
CTGTTCGAAACCTTTC,705
GACCTCTAGTGTGTAC,705
GGAAATTCCGGCTGAA,705
TACAAATAGAAATTCC,705
TCAAAGTTATCGAGGC,705
TCCTTCTAATACAAAA,705
AAACTCGTATGTATGA,704
AAATTTGCTAGGAAAC,704
AACGACTCTCGCACGT,704
ACAGCCGATGAAACAT,704
ACGGCTGCCAACAATC,704
ACTCTGATTTACTGGA,704
AGAAAAAGACATAGTT,704
ATAAACAATGCAATGT,704
CAAAGATGACTGCTGA,704
CAATTAGTAATACTCT,704
CATAAAAAGTTTCGCA,704
CCCAGGGGATTGAACT,704
CGTCTCAGACAAGACT,704
CTTCGACCTCACAGCA,704
GAGCAAAGTTCTAAAA,704
GGTTAAGCGCACTAAA,704
TGATAATTGAATAAAG,704
TTGGTTAGATGGTGCG,704
TTGTCAAAAAATGGAA,704
AAGCCGTTTCTCCGCG,703
ACAACTTTAAAGTATC,703
ACTATTGATGGGGTAG,703
AGTCCTCCACATAGTC,703
AGTGGTATTAACCTGG,703
CACAACTCCCGAGATA,703
CATATCCTATGGACTA,703
CGCCATACAATTACCA,703
CTACGGATGGAATTAA,703
GAAATGATACATGCAA,703
TGAACCCTAAAAATAA,703
TTTTTAAAATATCATT,703
ACAATCACAAAAGACT,702
AGCGCTATCACATATA,702
ATTAAAGAGAAGGATT,702
CAAACAGACTAATAAA,702
CATAATCTCAGTCAGC,702
CTAGGTATGACCATCG,702
CTTATAATCTTGTTTC,702
GATAACCAGTCAGCTA,702
GGTTATCAGCTAATAT,702
TAAATCACAAACAAGT,702
TCTAACCCCAATCAAC,702
TGAATATTCATACTAA,702
TGATGCACTGATAATA,702
TTACCATTCTATAATA,702
TTTGGAATCACAATTA,702
AAAAAAGAAAAAAATA,701
AATACGATACAATAAG,701
ACCAGGTAGCTGGAAG,701
ACTAGCCCAAAATTAA,701
AGAAATAGCAAAACCT,701
AGCTGGCTGTGTATCC,701
ATCTACTACAAGTCTA,701
CAATCAAACCAACGAG,701
CCACCCTCCATCTAGA,701
CGTCCCACGTTCACAG,701
CGTGAGCCCCTTGAAC,701
CTAACTGATGTTCGAG,701
GACACCATAAACGTCA,701
GCTAAGCACCGTTTAA,701
GGCTACACGAATTATC,701
GGTCCCCTCTACCGAA,701
TAACGGAATATCAATA,701
TCCAAACATGAAATCA,701
TCCATCACCAGGACTC,701
TCGAGCTATATTCTCA,701
AAACGGCCAGGTGACC,700
AATCACTATTTTTCGA,700
ACCAAACTACAATTAG,700
AGAAACACACTAAGAA,700
AGAGAATTTAAAGTGA,700
AGGACAGTTTTTTAGC,700
ATCTAAACATAAAGGA,700
CAAGCGTCGAAAGACG,700
CCCATGTCGAACTGCT,700
GACGTTAATTGCGGAT,700
GAGCAATTTAAAAGGT,700
GTTTCCGGAGCGAATC,700
TACAGATCACCCAACA,700
TATCACGGAGCCGAAT,700
TCTATCTTCAAAAGAC,700
AAAATATTTTTAAACT,699
AAATGCAGCTTGACAA,699
AACAGTGGGTAGGATT,699
AACTTAAAAAACAATG,699
ACCCACACTTTACCCC,699
AGAATTCGAGAAATCA,699
ATGCACCTACGTTGTG,699
CAAAGTCCCAGCTTAG,699
CAAGTATTCATACAAA,699
CCTCCATGGCGCGGGA,699
CGAGTCCACAAGAATA,699
CGGTTACCTAATGAAT,699
GAACAGCATGACAAGA,699
GTTTTACCTAAAATAC,699
TAGTAAGATTAAAATA,699
TATCATGGTGTCAACC,699
TGTGAAAACCACGCCA,699
TTATGGCTACAATACA,699
TTGATAACAATTCCAG,699
TTGTGGAGCACATAAA,699
AAAGTAAGGTCGCAAC,698
AACCTTTCACCGAGAA,698
ACAGTAAGGTTTAATG,698
AGGTCGTTCCAAGGTT,698
AGTAGCTCATGAACAA,698
ATAAATCTCGGGCTAC,698
ATAGCAAAGATCAAGA,698
GCATCAGTAAACCACA,698
GCCCTTGTTTTCATAT,698
GTCACATATAATACAA,698
GTGTAATGGATAATAT,698
TAAGACCTCAAACGTC,698
TAAGCAGAGTAGTGCC,698
TACTTTGACCATGACT,698
TAGAATATATCCATGA,698
TGGACAGTTGAAGCCA,698
TTATGAGCACTTTTAC,698
AAATTAAGTCAAATGC,697
AACGTTAACCAAGACG,697
AAGCTGGCAACTACTA,697
ACCAGGGAGCCCTCGC,697
ACCCTATCCAACTTCG,697
AGAGCGAAACTACACC,697
AGCGACTGACAACATT,697
AGTTCTGCCCTACGTT,697
ATCACCCGACTTCCAC,697
ATTACTGCCATTTGCA,697
CGCAAAAAACCAATAC,697
GCATTACCTAATTCCC,697
TCAGACACTAACTTAG,697
TTCAATATAACAAAAT,697
AATAGGTCTTTTATCG,696
AATCTTATTATGGAGA,696
AATTGGCTACGTCAAC,696
ACTACTTTGTCTTAGA,696
AGATAAATCACAAATC,696
AGGAGCTTATAAGCGT,696
ATCACCTACCACTTCC,696
CACGCCGAACACAAGA,696
CGGAGCGAATCGAATC,696
GAGTATTCAAAATGGT,696
TGATGCTAATTACGAC,696
TGTACATTATAATTAT,696
TTGCGCGATAGTATTT,696
AAATACACACCTCAAG,695
AAATCAAGAAGATGCG,695
AAGAGCTTTCAGCCGC,695
ATCTACCTCAGTTGAG,695
CACAAACCGAATATTG,695
CACCAAAGGCTGTCCA,695
CACGTCTTCTTAGCAT,695
CCTCCAAATAGAACTT,695
CGAATTACGACACTTA,695
GATAAAGCCAGTGAAT,695
TAGGGGAGATTCATTC,695
AACCGCTCCAAATCGT,694
AATCCAAGACGTGACC,694
AATGATGTAGTCTTAT,694
ACAAAAATACTAATAA,694
ACACCCCACATTAAGA,694
AGATGTTAGTGCAGGT,694
AGTAATACTTATCCAA,694
CCAAACCATTAAATAC,694
CGTAAAGCGCTGGCCA,694
GAATCCGAAAACTCGC,694
GCCCATCCCAGTATAA,694
GGATAAACACCAAACC,694
GTAAGACTTAGTAGAA,694
GTCTGCTACTAGCACA,694
TAACAACTAAACAAAC,694
TTTTTATACGTAGAAA,694
AGAGGAATTAGTAATG,693
ATAAGATAAATACGCT,693
ATAGTTGCATGAAACA,693
ATGTCGGTATGATGAA,693
CACGAGAGTCAGACAT,693
CCGGGCCAATGTCTTA,693
CTCGAATAGCGCAACT,693
GCCAATTTCAAAGAAG,693
GTACCTAGCAGATACG,693
TAAGATTATTCAAATT,693
TATCCAACACAAAACG,693
TCAAAAACGCCCATAC,693
TGAAAAAGTGTGTCCT,693
TTCTAACCAAGCAATC,693
TTTGCGTCGCAATGGA,693
TTTTGATCCGCAACAT,693
AATGTTACCTTGCAGC,692
ACATTCGGCATCCCTA,692
ACTTGAGCAAGGACGT,692
CCCACCCTTTTAGATG,692
CTCAAAAATTTTCGAT,692
GAGACCTTGAATGTAG,692
TGAAATATCATCAATG,692
TGGCTAAAAGTCCCTT,692
TTAAATGAAATATTAG,692
AAAATCTACATAAGTT,691
AAGTCCGAACGGAATT,691
AATTCGCGGATACAAT,691
ACACAATGACCCAACG,691
ACTGAACCTGGGATCC,691
ATAGAGCACTAACAAT,691
ATGACAGCCAAGAATC,691
ATGTTACAATATACTC,691
CACACTATACATTCTC,691
CAGGTATGCTTCCAGA,691
CATCTGATTGACAATT,691
CGCTAACACTAGAACA,691
GAAAACCTATAGTTTC,691
GAACCCTTAAAAAATA,691
GCACTAGTTACATCAT,691
GCCTCATTACCACCTT,691
GGAGAACACAAAATCG,691
GTACACTCAAAAAACG,691
GTTTTGAATCCGCAGT,691
AAAACTGCTTAAAACA,690
AAATTTTATTCACAGA,690
AACAACTTTTTGCAAG,690
AATATGTTTGAGTCCT,690
AATCACCAGACCTGCA,690
AATGACAATTTCCAAA,690
AGGATAATGGGTTGAT,690
AGGATCTGGCTGATAG,690
ATGACAACACTGCTAA,690
CCACAGCACAACAAAA,690
CTAAAAATATCCGAAC,690
TAGGACACTCTCATTT,690
TCGCGAAATTCGAATC,690
TGTACCCATATATATT,690
TTCGACATGGTCTAAA,690
AAGCACACCCAGTAGG,689
AATTAACCGAGACAAT,689
ATAATCCCTGGGAGCT,689
CACATTAAGATATATG,689
CACTAGCCACGGCATC,689
CTCAATCTAGAAGTAC,689
GTGTCGCAAAAAAAAA,689
TAAAGATGCCTATAGA,689
TAAAGCAAGCATTGAA,689
TAACAAGGCACGGGTC,689
TAAGCATGCCCGCTCG,689
TATAAGGATCAACGTA,689
TGATACACGGAATGAA,689
TGTCCACCTAGAACTA,689
AAAACTAGAACTGAGC,688
AAGACTAAAAAAGCAT,688
ACAATCGAGCTACCCC,688
ATATCCCTTGGTCGCA,688
CAATACCTCTAATAAT,688
CCCACCGTCCTAGAAC,688
CCCTGAGAAACTTCCA,688
CGAACCGCATAAACCA,688
CGATGAAACTATAGAC,688
CGGGCGTATTGATAAA,688
CTAATCGTACTTCACT,688
CTCAAACGGATGTAAA,688
CTGTCAAAGCACCCGC,688
GGCATTATAATAATAA,688
GTGTAACGTTAGTAAG,688
TAGCACTTAATTACGG,688
TAGGTACTAGAAACGC,688
TCTGAACTCTCTTTTT,688
TGGAAATCTTACCTTT,688
TGTTCCCCTTAGACTA,688
TTCCTCTCACTCGCCG,688
AACACCGATGCGACAC,687
AACCTAAAACATTTAC,687
AGGACCCTTACCGTAG,687
AGTTCGCATTACCACA,687
ATAGTCTCAAACGTCC,687
ATGCTGCAGATTGGTA,687
CACGATACTTTCAGAC,687
CAGAAGGATAAAAAGC,687
CGATAAGAATATTACC,687
TAGCTAGCTATCAGCG,687
TCACCGATAATTTAAT,687
TTATGTTCCACAGGAG,687
AATGACAGCTCGATCA,686
ACCTCGTTGGTTAGAA,686
ACTATGAAATCTGGCG,686
ATTGCAAGTACCCTAC,686
ATTGCCTTGACCCCTT,686
CATGCATCTGACTTAA,686
CCTTAACATTGAAAGC,686
CGCCAACCAAGCTCAG,686
GACCTGAACAAACTAG,686
GCTCGAAAGATAAAAA,686
TGTGAACGATAAAGGT,686
AAGAGTATCAATAGGA,685
AAGGGAGTGATATAAA,685
ACATGGGCTTATACAG,685
CACAGAGGTACACCAA,685
CATAGTCAAAAGTTAG,685
CTGACTCACTCTGCGA,685
CTTTTGAACTCTGAGC,685
GACCAAATCAGATTAA,685
GCAGTGAGCGTGAGTC,685
GTAAAAGACTCAAAAG,685
TAAAAAGCATAGTATC,685
TCTTTTTTTGATTATA,685
TTACCTACATAAAACG,685
ACAAAATGTGTCCTAT,684
ACGTGCAGTTCTATAC,684
ACTTTAAACTGGTCGA,684
AGAGTATCTGATGAAA,684
ATTCTTAATGAATAGA,684
CAACGGTTACTACCTA,684
CCGACCATCATTTACA,684
CCTAAATTGAACTAGC,684
CGATCAGGTCGTCCCA,684
CGTACACCAACTCTAC,684
GTATTTATACATAAGT,684
TTCCGTGAGTAAGCAG,684
AACCGCCTTTGTCACG,683
AATGAGTCGTTTGAGT,683
ACATTGAATTCCCCAC,683
ACTTCACATACGTGCA,683
AGCAGATACGTCAGAT,683
CTGACAATTAATCAAC,683
GTGCTAACAACGAACA,683
TCCTCTATTAATCCTT,683
TTCCCAAATATAAAAA,683
TTTAAAAAGGCCATAA,683
AAAGACAATGATTCTT,682
AAATTTCTCAGTCCTT,682
AAGGTACTTCTAACGG,682
ACAGGTTCAAAGTGTA,682
AGATGTGGATACTTAT,682
ATATAAAGGTCCATAC,682
CCGGTTTTGATGTCTT,682
CGATTGAGTTCAAAAA,682
CGTGACAGGCCCCCAT,682
CGTGACTGGTTGAAGT,682
GGATAAGATCATCAGC,682
GTATTCCATATACCGC,682
GTCAACGCAAATATCA,682
GTGAAGCCAATATGGG,682
TAAACAAAATCCGGCG,682
TATAAACAGGATGTAA,682
TGGAAACTGCGATAAT,682
AAGCAGTCAGAAAATT,681
AAGTCGACATAATAGT,681
ACGCTTCTCTTTGCGG,681
ACGTGCTATTCGTAAC,681
CAAGGAACAGCCAACC,681
CAGTTTACAAAATTTA,681
CATAGTTTCAGACCCT,681
CTCTGAGGGCTTGAGT,681
GACGCAATATGGTGCT,681
GCCCGTGGTAAATCAC,681
GGTTGGCACAAATCTG,681
TCAATATACCACAGAA,681
TCTAGGATGTACCTAA,681
TGACCCGACGCACTGA,681
TTGGACAAATCCTCAG,681
AAAAAAACGATCACTT,680
AAAAGAACACCAAAGC,680
AAACCAGAGTAATTAA,680
ACACTGGTTAAGGACA,680
ACGTTGAGTCGTCAAT,680
ACTTTGAACCCTAGGA,680
AGTAAGGAGATCCCCG,680
ATAGACGTATAGACAC,680
ATGAAAAGCAAACCAA,680
ATTAATAGAATCAAGC,680
CACAAAAAAGCACTGT,680
CTAAAGTGAGAGTCAA,680
CTCGACTTCCAGTTCA,680
GACTGCGTAATCAGAG,680
GTATAAGTAACAGAAA,680
TATTGATGACTGTGGC,680
TGCTCCTGCAAACTCA,680
AAAAGCACTTAGTTTA,679
AAATATTATAGCCTAC,679
AACTGCGGGATTAGAT,679
ATAACTGGGAGACTCA,679
ATACGGAACGTTAAAC,679
CACCAACTCACACGAA,679
CATTGCGAGACTCAAA,679
CTCTACCCTCTTGTTA,679
GCTTCCCGTTATGCTT,679
GTAGTACGTCTATTCT,679
GTCCATTACAGCTAAT,679
TCAAGACGATATCGCC,679
TCAGTCTAATATACTA,679
TCGGAGGCTGAGTGAG,679
TTACGTATCGGGCAGA,679
AAAAGTTACCGCAGCA,678
ACGAAGTACTGAGGCG,678
AGGCTTAGAGAGAGTA,678
ATAGCCACTGACAGTC,678
ATAGGAATATTTATGT,678
ATGGAAAAGCGATGCG,678
CAACAAACACCAAAAA,678
CACTTAAATGTCCCAA,678
CTCGTGTTGCAAGCAG,678
CTTACGAGCTCTAGGC,678
GTTATGGTAAATTTTA,678
TAATCTAGAGCTCGCT,678
TACGACCATACTAGTA,678
TGACAAATTTATCAAG,678
TTCCTAGAAATTTTGC,678
ATAATAACAGTTCAAT,677
ATTACCAAATGGCGAC,677
ATTCGAGGGATTGCCA,677
ATTGATTCTACCACTA,677
ATTGTAATCGGAGAAA,677
CAAATTACATTAGGAT,677
CTATGTCTAAAGCCTA,677
CTTAGCCTACGTCTTA,677
GATCCTGGATTATCGA,677
GCCTAATATGATGAGA,677
GTAATTAAATACACTT,677
GTCCCCATAAAACTTT,677
TACGGCCTATGGGTTA,677
TCCAAACTAAAAAAGT,677
ACCCCCCTCTCAGGCC,676
CACCTCAATACCGCCA,676
CACGACCGGAATGACT,676
CATGCCCTTAAACCCT,676
GGAAATTTTCTCCACC,676
GGAGCACCTTTTTTAA,676
GTAACTAAGGATATGA,676
TCCATGATTTAAAATT,676
TTAATTAATTGGGGCT,676
TTACTTACAGAAAATT,676
TTTTAATAAGACCACA,676
AAACGGTACCAGTTTA,675
AATAGCACTTATGCTT,675
AATCTGACCTGCAAAG,675
AGAACTTATTAATGTA,675
ATAATGAGGACGTTAC,675
CCATAAGCCGCATAGG,675
CGAACCTAGAAATATA,675
GATTAATATAATACAT,675
GCTCTCTACTATCCAC,675
TATTCTACTCAAACGC,675
AAAACACAGAGAAAAA,674
AAGTGACATAACAACC,674
AATAAACGCTTGTCTA,674
AATTGGCGTTAAATGG,674
ACTAAAAAACACAAAT,674
AGACCTAACCTAATTA,674
ATACACCAGGACATTA,674
ATAGAACAGCTTTGTC,674
ATCGCAAGACTTAAAT,674
ATTCTGCCTGAGAAGA,674
CAAAACCGTTAAACAC,674
CACTCTCCCGGATTAC,674
CCCGATAAAGTTAATG,674
CCCGTACTTAATTGGG,674
CCTACCCTCACAAGAT,674
CGATTATCCTTTCACG,674
CTAAATTTTCAATGGC,674
GAAAAAAAGACCAAAC,674
GCCTGAAAAGTATTGA,674
GTAAAAAGGCAATTAA,674
TCAGAAATAAGATGGA,674
TTAAAATCAAACACCG,674
AACAAAACATATTCGT,673
AACACCCGAAAATCAG,673
AACATCGCAAGGAGGA,673
AATTCCTTACAACATC,673
ACCGCTTTCCCCTATG,673
ACTTCGAGTTAGACAA,673
AGCCAACTAACTGCCC,673
AGCGGCGGGTCTATTG,673
AGTAACATGTTCAACT,673
AGTTAGTCCGACAAGG,673
ATAGCCTGAGATACGC,673
ATAGGTCACACGTTCC,673
ATCAAAAATGTATCGT,673
CACTGTACGCAGCGAT,673
CCCAGCCAGCGGCCAG,673
CTAGATCACCAGTAAA,673
CTGTTTTCAGAGTAAC,673
GCGTTGAATAGATAGG,673
GGCTTCTAGTTACTCC,673
GTAGAACAGTGCGAGA,673
TAATACACCAATGGCC,673
TCATGTAACTTCACTA,673
AACAAAACGCGATAAA,672
AATAACAAAAAGTCCT,672
ATATATCCCGGCAGTA,672
ATTGTTAATCACCTGG,672
CAGAGAACCATAAATT,672
CCGCCGAGACCGGGAA,672
CCTGCATGCTCATTGT,672
CTCGATTTCTAATAAA,672
GAACGTAGATACAGAA,672
GCACCACCATGCAATC,672
GCTCACATCGACCCAC,672
TAAGTCAGAATTTCGG,672
TAATAGTATTATTAAA,672
TCAGCACACTAATACT,672
TCTACTCAACGAGAAT,672
TGACAAAAATGGGCAT,672
TGACCGGTCTTCATCT,672
TGACTAAAAAGTTTGA,672
TGTCGTGAAATGGACA,672
AACGGCGTTACCAATA,671
AACTAAAAATGCAAAG,671
AAGGAGCCACACTGAG,671
AAGGTGCACTAAAACA,671
AGAAATTAGCGACAGT,671
CAAGTTACTCGTAAAC,671
CACATGATAAAGTAGG,671
CCACATTGATTAAATA,671
CGACTGTCATAGAAAG,671
TGGGCCATCAGCGTGT,671
TTCGAATTAAATATGC,671
TTTAAGTAGACGGGAA,671
TTTGGCTCCAGCAACA,671
ACAGGCAGGTCCCAAG,670
ACGAGCTAACACAGCA,670
AGACCTATAAATAATA,670
AGGCCCATGACTAATA,670
ATAGGCCACGAGCCGC,670
ATCTATGACCCAACAT,670
ATTAGACAATACGATA,670
CAAACTCTAAGGGCAC,670
CATCAGACGGGTGCGA,670
CTTCAACTCCTCACAT,670
GATCTTTCGCTACGCT,670
GGAGTCCTGAGGGAAT,670
GGGAATGTAGTTCCAA,670
TATTGGTATAAAACGG,670
TCTAAAGCTAATAACT,670
TGATACCCGCTATAGT,670
AAAACACTATTAGACA,669
ACCGGTAAGAACATTT,669
AGCAATTCGTAATAAG,669
AGCACCCTGTGAGTAC,669
CAAACCACGTAGGCAG,669
CCGCAAACAGATAACT,669
CGAACGAGACTCCACA,669
CTGTACGCAAAGGATT,669
CTTTCCCGAAGATGTA,669
GGAAAAGACCGCAAGT,669
TACGAGGATAAACTCT,669
TTAACAAACGATACTA,669
TTAGAAATCATGTATT,669
TTATTAGCCGCCTTTT,669
TTGAGATACTACATGA,669
AAAAAGCCATAGTCTA,668
AAATCCAGAATACAAG,668
AATTTCTTAGATTTGC,668
ACAGCCCTCTCATATA,668
AGCGCACTAGGCAACT,668
CGCAAATCACGACAAC,668
CTCTATCGTAAATAAA,668
CTGAGAAGTAGAAAAA,668
GAATAGAGATTCCATT,668
GTTGATATACAAAATA,668
AAAGGTCAGAGCGCCT,667
ACAAATTTCACGTCCA,667
ACTCCAAATCAATACA,667
AGACCGAGCCATTTAA,667
ATAGAACCGAAACGGA,667
ATAGGTTGGAGCAATA,667
CAGCAAGCCGTTTCTC,667
CATCCGAGCATCATCA,667
CCACAGAATTATCTAA,667
GAACGTATACCCTATA,667
GATATGCCCAAAGGGC,667
GATGATAAATCAGATA,667
GGAAAAAATCAGAGTC,667
GTTAAGAAGCAAATAG,667
GTTTAACTCGAAGACG,667
TCAACTCAGGTAGAAT,667
TTCGGGTTACACCCGT,667
AACAGGGTAGCGGATT,666
AGCCTACAACATTTAT,666
AGGAGAAAATTCGTAC,666
AGGGATGTGCATAACT,666
ATCTAGAGAGGATAGA,666
ATTCAAATTTTTATCT,666
CAAAGAAAAGCGCATT,666
CCTAACACGAAGAGAA,666
CTTAGCACAAAGCACT,666
GACCGCCGTATGCCCC,666
GCTAAATAGGTGCTTA,666
GGCGAGGAGTTTTTAG,666
TACCGTCCAAGACTAG,666
TACTACTAGCACAATA,666
TAGGGCCTGAATGCAT,666
AAGTAAACCCCGGCGG,665
ATCTAAGAATGTACTA,665
ATGTGTTAAATACCGT,665
CTATACTGAAACTCAA,665
CTTCATCAATACACTA,665
GAACCGGAGATGACAC,665
GCCCTAACAGAAAGCA,665
TAAACCTGTAGATGGA,665
TACACTAAAGTGGCAT,665
TACCCAATAAAAACCC,665
TATTATCATAAAAACA,665
TCACAAAACATTCAAT,665
TCAGTGCTGAATACAG,665
TCCATGTTTTAATGTA,665
TTGATACGCTCAATAT,665
AATCGTACCAGGCGAT,664
ATATATAATATTCAAC,664
CATACGTGAAGACCTA,664
CATGAACACTCAAATC,664
CCCAGAAAACGCGAAA,664
GCCTTGAGTGATATTA,664
GTCCATAAACACATCC,664
GTTAAACAAATAAGTA,664
TATAACGTGAACTGTT,664
TCAGTAATAGCAATTT,664
TGCAGATGACTTACGC,664
TTCTCCTCAAAATCTA,664
AAAGTATAAAACTAGT,663
AATCCCATCTCAAAAA,663
AGACGCAATTTACGAA,663
AGTATAGAAACAAATA,663
CAACTACCATTGATGT,663
CAGTAGGGGAACTTTA,663
GATCCAACGTGAAAAT,663
GTCCATAAAGGTGAAT,663
TAGAACAAGCAAGATA,663
AAACAGTAATAAGCAC,662
AAATAACTTCCTGTGC,662
AACGGGTAATCCACCA,662
AATTTAATCTTACCAA,662
ACAAATCAATTTCCCA,662
AGTCTCGATTTATAAA,662
ATATAGAAACTGCAGA,662
CACATACAGTGACATC,662
CAGCTAGCTCCTCGGC,662
CCATTCAAAACATATC,662
CTCTAATTGAACAATT,662
GAAACTGGGATATTGT,662
GCGTTCGTTAATTTAC,662
GGGCGTACAATAAAAA,662
GTATTTTAACCACGGG,662
GTGATAAGGAAATACT,662
GTTCCGTACTCGGTCG,662
TAGGCAACGTTAGGTT,662
TATTCGTAACAAATTA,662
TCCCATACTACACTCC,662
TTTACATTATCATGAA,662
AAACTTACCAAGGCCT,661
AATTACTACCCCCAGC,661
ACGAGATAGATAAGAA,661
AGCATCGAGTCAGTTC,661
ATAAGTTAAAGGTAGT,661
CCGCATTTCAAAATTA,661
CTATCTGAAAAATAAA,661
CTCTCTGTCGCTAACC,661
GAATAGAGCAGTCCTG,661
GTGATCGAATATTTAC,661
TAAATAACTTAGCCAG,661
TAGTAGCGACTACATC,661
TTAGTAACATATATCC,661
TTTTACTCAAATAAAA,661
AAACTTACACTAAACC,660
AAATATAAAACCTCCA,660
AATATACAGGAGTACT,660
AGAATGAAAACCAACG,660
AGTAAAGTTAGGTTTA,660
ATCCCTTATTACAAAG,660
ATGTTCTGGGTTAAAG,660
CAATGGAATCTTCCCG,660
CACTGCTGTGCTAACC,660
CGAGTCGTCTATATTA,660
CTACCTGACTCCGTGG,660
CTGGCCAACCTCGTTC,660
GGGCTCCAATTCGAGT,660
GTCTAATAAATAGGAT,660
TATTAACATGCCGGTT,660
TCCCCCAGTAATAGAG,660
TTATGGCACGCCTTAA,660
AAAAACAATTATTAGC,659
AAAACGCGTGACATTT,659
AAAGCCTTAGGCTCCG,659
ACGATAAAAGCACTAG,659
AGAAACGTATACACAC,659
AGTATGACGGTGGCCC,659
ATCGAGGGTGTTCAGA,659
ATTCCTAGTCTAATCA,659
CAAGTGGTAGCTTCTA,659
CCTCACTTAACTAAAG,659
CGTGACTAAACCCTAA,659
GACTGCCATAAACAAC,659
GACTTTTAGTGAGGTT,659
GCATTATTGTCTGACT,659
GTATAAATATAGAACA,659
TATATCATAATAAATA,659
TCCTTGTTACGACACG,659
TGAGAAATATTAAGTG,659
TTTTTGACGAACTGCA,659
AAATCTATTAAAGAAT,658
AACAAAATAATTCTCA,658
AAGAGGTCTACAAATA,658
ACGCTACTCACCTAAA,658
AGTACTCAGTAACATG,658
ATCATATTCCAACCGA,658
CCTAAAACATCACCCA,658
CGAATCTTAGGATGGC,658
CTAGGAATCCGAGGAG,658
CTCTAGCAGTGATTCT,658
CTTGGACTCAGGTCAC,658
GTCCACGGCGTGGTAC,658
TAACTAATATCTATAG,658
TAATATACCCACAAAA,658
TACCGAAAACCGTGCT,658
TCAACCAGCCTCATTA,658
TTAGTGAGGCATTTTA,658
ACAAAGTACATAGATA,657
AGGAGAAGCCGTTTGT,657
ATATACCCCTTCACGG,657
CCGCTATCCCATAAAA,657
CTGTTACCAATAAACG,657
TAGAGTTGATAGTCAG,657
TGAAGAACTTGATGCA,657
TGCTGTGTAACTTACC,657
TTACCTATAGACGGAT,657
AGATGATTAATGAAAT,656
AGCTTACAAACTGTAC,656
ATAACTCAAAAAGAAT,656
ATACCGGAATGGAATG,656
ATACGTGAAAAAAGAA,656
CACACAACCTAATCCC,656
CCAGGCGTAAACGGCG,656
GATACATATGTCCATC,656
GGGGTAGGTAGATCCC,656
TAACCGAATAAGATTC,656
TAGCTGATTGATACGA,656
TCCTCTGATCATGGAG,656
TCTATTTTAAGGAGAG,656
TTATAATAGGTCAAAC,656
TTCCGTAGTTGCACTC,656
TTCGTCAAGCGGATCA,656
AAAGAAGCTTATCCGT,655
AAGAAAAGTCCAAACT,655
AAGTAATATTGGCAGG,655
ACTACCAGGTTAACCG,655
ATAAGGTAACAAAGGT,655
ATATAAACCATGTCTA,655
ATGATATAAAAGTAAC,655
CAATCACCGGGTGACG,655
CTTTCCTTCATGTAGC,655
GATACAGAACAATTAA,655
GGCCCTCCACTACTAG,655
GTAATATATCACCCTC,655
TATCGCCGCAGGATTT,655
TTCGATATCACCACAG,655
AATAACATGACTACCC,654
ACGTAAATTTTCAAAT,654
CAAGAAAAGCTTATGG,654
GGTATAGACAATTCAA,654
GTATTCTAAGTAGCTT,654
TAAATCAAGACATACG,654
TTGTAAATCAAGTGAT,654
AAAAAGCTCGATCCGA,653
AAAACCATAGCACTAC,653
AATAAAGAATTAAATG,653
ATGGACCTGCTAGGTG,653
CATTCAGGCTTATGAA,653
GAGTGCAAAGACTAAA,653
GTTTAGCGCAAAGTTC,653
TAATTTGACCTTTGAC,653
TGAGCATTACATAACC,653
TGCTCAAAGAGCATCC,653
TGTGAGGCTTCAGTTT,653
TTGCTCCCGAGCAATT,653
AAAAAAAAACATACCC,652
AAAACACTATCTATAG,652
AAAATGCCGTTGGCTA,652
AAACTTCGCTTGACCC,652
AAGACTACAATGCTCC,652
ACCTTAAATGGACGAA,652
ACTTATAAACTGTATA,652
CACCCAGATAAGGACA,652
CAGGCAAATCAATCAT,652
CCTCAAGGAGTACTTC,652
CTGTACATACGCCTGG,652
GCCCGCAGAAGTTAAC,652
GCCGTATAAGAATCTA,652
TGTTATTAGATAACAC,652
TTCGTAGCCGACAAAC,652
AACGCCATTTGAGCAA,651
ATAATCAGACCACTAT,651
ATAGTTAGAACTAATT,651
ATCAAAACAACTGCAC,651
CAAGACCCAGGCAGCA,651
CAAGCCACAATAAGTT,651
CCAGCGAAGTAATTTA,651
CCATCGAAACTGCATA,651
CCTTGGAAAGGCAGCG,651
CGCAATGTCCATAACA,651
CGTGAAGTTACGAAGA,651
CTAGAAAACTATGTGA,651
GCGTGGTATAGAAGAA,651
GTACCCAGCTAAGTCA,651
TACGCAGTTCATCCTG,651
TCCAAGATTCAAAGCT,651
TCGCCCATAGGTTAGT,651
TGAGACCAGACGATTG,651
TTCGCGATCGCCCGTT,651
TTCTACTACACTGTTC,651
AACTAACCTTTGTATT,650
AAGGTACTTCCACTGC,650
AATAATCAAATAAATG,650
AATCAAGTTAACAGCT,650
AGTCTCTCAAACGACA,650
CACCTATCAATGAGTG,650
CATCGTATCAAATGCG,650
CGATTCGTGAAAATCA,650
GAATAACACCCAAAAA,650
GATTCAATGAAGCCTA,650
GCGGGGCGCTTCCACG,650
GGATGCACAACAGACC,650
GTCTATTAGAGAAACC,650
TAACTCTACATCGAAT,650
TACGGATAATATACCA,650
TGGCCCGTCGTCCAAA,650
ACAACCCACCTCATCG,649
ATATTTTAAAGCATCC,649
CGGAACAGAACCTTGT,649
CGGATAGTCTAATCTA,649
GGATAAAAAAAAACTT,649
GGCAAGAAGGTGGTGC,649
TGAGATAGGATAAACA,649
TTACTAACATACAGAG,649
TTGTAGTGACAAATAA,649
ATTATAATCTTCTGCT,648
ATTTCCGTCTTGAGTC,648
CGATCCTTAACTAAAT,648
CGCAAAAAGTGCAAAC,648
GGAAAATTCGGTTTGA,648
GGTATGTCACAACTTT,648
GTAATTACTAGCTTAG,648
TACGAAAGAATACATA,648
TCACAAGAAAAAGAAC,648
TCAGAAGGGACATAAA,648
TCGATATGAGTCGGAA,648
TGCCGTATAATTCTGT,648
TTATACAAAAAACGTA,648
AAACGGAATCCGATGG,647
AATAAGATTATAGTCT,647
AATAATAACCTCTTGG,647
AATACATCATACTGTA,647
ACAACTCCCGTGTCAT,647
ACGTCTTATCTTCCAC,647
AGGATTCATAACGATG,647
ATAATAAAGGCTGCCA,647
ATGAACAGGCATACCT,647
CACCAAGGCTGGCAAC,647
CCCGTAAATATGAAAT,647
CGAATGAAGTACATAA,647
CTGTTCGGTGATGGAA,647
GGACACTGTAAATACG,647
GGGCCATTCCTAAACG,647
GTTCGTGATTGACTCT,647
TCATATACGTTATCAA,647
TTATAAAAGATCAAGA,647
AAACTTTCACTGGAGA,646
AAATACCTTCCAGGTA,646
AAATGACACTACTATC,646
AAGTATGAACGCAGTC,646
AATAACCTAACCCGTA,646
AATTAGTTATGACCGC,646
AGGTGAGAAAGTTAAC,646
CAATGTTCTGACAAAG,646
CCAAAAAATAAAGCCT,646
CGTGTCTTAGAACTTG,646
CTATTATTTGGGGCCT,646
CTGAACCGGGATTTGT,646
GATAATACAACAAAAC,646
GATGGTTAGCTTATCG,646
GCCCTTCCACCTTGGA,646
GCGGAGGGATCCCAGT,646
GGTCAAATCGATACGC,646
GTATTCTGAACAACAG,646
GTCACAAAACAGTGAA,646
GTTTGCAAAAGAGACT,646
TAATACTAAGATACAT,646
TATAAGCAATAGAGCT,646
TCTCTCTTAGGAATTT,646
TGGCTACAGGACCTCC,646
TTACAATATGAATGCA,646
AAACGGTACACAAATA,645
AACCAAGGGCAAAAGC,645
AACCCGTATGACTATT,645
AACTCACAGTACGATA,645
AATCAAATACTCAAAC,645
ACTTTGGTTCATTTGG,645
AGTATGGTAACCAGTC,645
ATTAGGTAACTGAGAA,645
CAGCCGGTTATTTCCC,645
CGAATCTACCCAACCA,645
CGATCTGTATACAAAA,645
CGGCAGCCGTGATCAA,645
CTACTACCGAAAGTTG,645
CTAGGAAAAGCTAATC,645
GATACAAATTAATTTG,645
GCCCATACCAGCCTGA,645
GTTAAATGTGGTGCAA,645
TACACAAAACATTTCA,645
TCACCACCCTAACAAC,645
TCGCACACAAAATCAT,645
TGAGCGCGTTTGGCTA,645
TGTAAAATATATTAAA,645
TTTATCAAAAGAACGC,645
AAAGCCCGCTTAGTTC,644
AACATCAGAATATTTG,644
AATGAAAGATGAAAGT,644
ATAACGCCATCCCTTT,644
ATAAGCTAGAATTCAC,644
ATTGGGTAAATAAATC,644
CAAATTAAGGAGGACG,644
CATCAATCTGGGGAAT,644
CCTGAAAGGCTTTGTT,644
CTAGTAGCGCATAAGC,644
GAAATATATCCGGGAT,644
GATTACGTTTGGATGG,644
GGAAAAAGCATCGAAT,644
GGTGCTAGCTATTTTT,644
TCAACATCCGCCATGT,644
AAACTAACGACTACGG,643
ACGGCTCCCCGGACGC,643
ACTGAAAATAATATCA,643
AGAAAGAAGCGCTAAT,643
AGAAGCCCCATCGTTT,643
ATAAACCCCAAGCGAT,643
ATAAGAATCGATACTT,643
ATCTAATTTAGACAGT,643
CAGCTCGTTGATATAA,643
CATTCAGAAGCAGGCT,643
GCAATAACTAACTAAG,643
TACCCCCGTTTTTTCT,643
TAGTTCCGAAACACGG,643
TAGTTTGTGCAACTAA,643
TCGGTGAAGGGTAACG,643
TCTAACTGGCGACATC,643
TGACGCCCCCAGCATT,643
TGCCAGCTTCAAAAAA,643
TGCCATTCACTTCATT,643
TGCTTAAGTAACATAA,643
TGGCCGAACATGATAT,643
AAGCAGCCCACTGCCC,642
AAGTATACTTTCAGGA,642
AATGCATTTCGACGAA,642
AATTCACCGTGAGACG,642
ACAGTAAATCCTAACT,642
ACCCCGCAATTATGGG,642
ACTTTATAACAATACT,642
ATCTCTATTGCAACAA,642
CCCTATTCTGTAGATA,642
CGACTAATATTTTCTT,642
GGCCAATAGTAAAGTA,642
TAAAACAATTCTGATA,642
TAGGCCTTAGCGACTC,642
TATAATTCCTATAACG,642
TCGTAAACCTCGAGCT,642
TCGTGACGACATAGAC,642
TGGTCATCTATTGTCA,642
AATCAAGAAAAACAAA,641
ACTACGTCCTCAAAAG,641
ATAAAGAGACATCTTA,641
CAACCCCCAAGACCGT,641
CATACTATCAAGAGCT,641
CATATTGGAATAAAGC,641
CTCCGCAAGCAAGTAC,641
CTCGTGAACAGTATTA,641
GGGAAATGCATACTTG,641
GTTTGCTAGTAAACTA,641
TAAATCTATTAAGAAT,641
TACTTCACTGATAATA,641
TAGGTCTAGGTAATTT,641
TATAAGGTTAGACAAA,641
TCCATTCAGTTCCTAA,641
TTAGTACATATAGTGC,641
TTCATTATGCCTAATC,641
ACAAGTAGACCGCTCT,640
ACCCGCTTAACGAATA,640
AGCCTTTAAAACTGAG,640
CAACCTCGCCTGAAGG,640
CACAAGGAAATACCGT,640
CAGCTACAGTCACATT,640
CATGATAGCGTTTGAA,640
CTAGGGGCCGATGGGC,640
GAATATTCAACGAAGA,640
GAGTTATCACGGAATA,640
TAATGCTGCTATTAAA,640
TAGTGAAAGGAACAGA,640
TCCGCCAGAGAGATAT,640
TGATATTTGATAAAGT,640
TTTTAGCGAGGCAGGA,640
ACATCGTAGCCCATAA,639
AGCAGTTAGCGAGAGC,639
AGCCTTACTCCGACCA,639
CACCCCTAAGTAAACG,639
CCACTCCTGCATATTT,639
CGTGATAGGTCCCGTT,639
CTAACAAGGATACACT,639
CTACCGTAAATTCACC,639
CTATGTGCCGAGAAAT,639
GAAACTCTGAAAACTT,639
GACTCCCCTTCTCACT,639
GTTCATCGCTAGTTAA,639
TCCTGCTTTACTAGCG,639
TTTGCGCCCTGGAACG,639
AATTACTTGTTTACCT,638
ATAAGATCTATAAAAA,638
ATAAGCAATACACCAT,638
ATACGATAAATTAAAG,638
ATCAGCAAAACATAGA,638
CAACATGGGTTTGTAC,638
CCTGTTATTATAGAGC,638
CTTATATCTTTTCTTA,638
GAAGTCATCCAACCAA,638
GAGTTCGGAACCACAT,638
GGACCAGTCTGCTTCG,638
GTCACTAATAGAAACT,638
GTTCCAATGCTAGCCA,638
TAAGGAAAAAATGGGC,638
TAGCACTTCGACTAAG,638
TGCAATATACCAAGAA,638
AATTGTTATGTGGCGT,637
ACATGCTCCTCAAAAG,637
ACGATGGTACAGCTAC,637
ACGTAACCCTCATTGG,637
ACTTCCTATATACAAT,637
ATATGCCAGAACGTAT,637
ATATGTCTACACAGAT,637
ATCTGGCGCACATGAA,637
ATGTCTTCCTTTGTTG,637
CAATTATAAAAAGCAG,637
CACTTGTAAAATGATT,637
CATCCAAACACCAGAA,637
CATGTCACCAATAATA,637
CATGTGATACAGACAT,637
CCAGAAGAGTGTTGGA,637
CGAGGTACATGTACTC,637
CTTGAGATTTACCTAA,637
GATCCCATATTGGTAT,637
GCTCTACCGCGACGAT,637
GGCACATGTTTACGGG,637
GGTGATACATTAAAAA,637
TAATATTTCTTCATAT,637
TTTCAGGCACGCCAGA,637
AATAAAGCACTCAGGG,636
ATTTAGAATACGATGT,636
CCATAGCTGTAACCCT,636
CTATGGGCCACAAAAC,636
GCCCGAATGAGCAAGA,636
GTGCCTTAGAGTAGTT,636
GTTACAGTAAATCATA,636
TAACTGACATCAAGAA,636
TAAGGCCTCCTCAACC,636
TATTAGAAGAATGGGT,636
TCGCCACCTTAACATA,636
TGACAAAGCCTCGATA,636
TGATTGAAAAACGCCA,636
TGCGCACCAGAAACAC,636
AATGGATTACTTTAAA,635
AGGATCTGTATTCGAT,635
GATACTTCTCGTTTGT,635
GCGATTTCTCCAAACT,635
GGAGACATAAAATTAA,635
TACGCACGAACCAAAA,635
TCGAAAAAAGGTATAA,635
AATACCTTACGGAAAC,634
AATCCTACCTTCGCTT,634
AGCCTCGCTGCAACCT,634
ATAACTAAAAAGACAA,634
ATACATTAGAATAACC,634
CCCGAAAAAAATTATT,634
GAATAGTCTTTGGATG,634
GGATAATATGTGATTG,634
TAAAAACCAGGTAACT,634
TCTAGACCTACAGCTT,634
TGGCTAGCCGAAATGA,634
AAGCTAGGTAGGTTAG,633
AAGTTATGTGTATGAC,633
AATACTACATGGCACA,633
AATATGAAGTGAGCCG,633
AATATGAGGCCATAGG,633
AGGTAAGATAGTGCGC,633
ATAGCCATAATTCCTT,633
CAAGGAATAACCAGGT,633
CCGCAGACGGGCACTA,633
CGGGACTATTATACGC,633
GAAGATGATAAGAAGC,633
GTCAAGAAAAGCAACT,633
TAACATTTCCAGATTG,633
TCCGGACGTTATAAGA,633
TCGTAACACGAGTTGC,633
TTAAATTAATATAGAC,633
ACTAAATTCCAACATA,632
AGACTTCCGCATTAAG,632
ATACCACGGATAACAT,632
ATCAAACTCAAGAGTT,632
CAACATGGGATAATTC,632
CATGCAAGTCGCGATT,632
CCGATCGTGAGCTCTT,632
CGGAAGCCACAACTTA,632
CTAAAAAACTACAAGT,632
GCCAGGTTACTGGCAT,632
GTTTAAAAGGAATTCG,632
TAAAAGCTAATCTATT,632
TAACAGTAAATGTAAA,632
TCGGTATAAAAGCATA,632
TGCGAAATGAGCTGAT,632
TTCGACATAGAATCGT,632
TTCTTATTAACTTCAT,632
TTTGACTGGTGCAAAA,632
AAAAGATGCATGAATA,631
AAAATCGGCCGGCATA,631
AACAGCATATTTACGG,631
AATAAATGGCTCAACA,631
ACAAACAATCTCACAA,631
ACAGCCTGAATCAAGA,631
ATAGCTCGACGGACAA,631
CACTTAGCCGTTCAGG,631
CCAGGCCAGGTAACCT,631
CCTGTATTAAACAAGC,631
CGAGGAGGAAGGAAAA,631
GACGCAGTTGCAATCA,631
GAGAGGGAAAAACTGT,631
AAAACCTAAAAAGTGT,630
ACAAACCCAGCTGGAT,630
ACGCGAACGAATAGAC,630
ACTCACGTTGAGAGAG,630
ATAACAAGGAAAGATA,630
ATCGGGAGGCAACAGT,630
ATTCCAACATACGAAC,630
CAAACTGGCTTCCATA,630
CCAACTCCCTACCAAA,630
GAGTCGGTGTTTTAGC,630
GTCATGCCCCTTGCGG,630
GTTGAAGTTGCGTATA,630
TAAAATAATAAGAAGT,630
TAGATATTTACTGAAG,630
TCAAGCGATTCGAGTA,630
TCACAAATCCTTTATT,630
TGTATGGCACACATCA,630
TTACCTCAGTGTGTAG,630
AAGAAATCCGTAATTG,629
AAGTAAACAAAAAATT,629
ACACATAGTCGAAACT,629
ATAGAGGTGATCAGAA,629
ATTACATGAGACTAAT,629
CAACTCCAAAGGGAAC,629
CAAGGATACTTTCAGA,629
CATAAACGATTCCTTG,629
CCAAGAGTAAGCGTCA,629
CGACCAACCATCAGCC,629
GAAGTTACCCAGTAAG,629
GTTTTTGACGTTTTAT,629
TACCCATGGTACCCAT,629
TGAACGTTCAGTTATA,629
TGACTAACAAAATTAC,629
AAAGGACCCACCCAGA,628
AAGCTTTGTGACGCAT,628
CATATCAGAATTTGTA,628
CTTATAGATAACGACT,628
GAAGTATCAATAATAT,628
GGAGACGCATGAGGCA,628
TCCATTAACAAAATTT,628
TGTTTGTCGGATTTAT,628
AAACCATAGTGAGCCA,627
AGGCTTATACTAGTCG,627
ATCCGCTGGCAAAGTC,627
ATGAAGACAACTATTT,627
ATTTCGACGTAGCAAC,627
CAAAATCAGGAATTGA,627
CCTACGGTGATATACA,627
CGGAGGCTAGGCACTA,627
GAAACAGAGGCGACAT,627
GATGAAACTCCATACA,627
GGAGAGATTCCTCATG,627
GTGTATAAGTATCTCA,627
AAACCTCGCACAATTT,626
AATAACTGTCGCAACT,626
ACATAACAAACCTCAT,626
AGTAGTGAATAAGTCA,626
ATGCAGTACTAGTTAC,626
ATTCTATACTGCCCCA,626
CACGGGGCGTACGATT,626
CGGACGCCAACAGACT,626
CTGAGTTCCAAGCTAT,626
GAAAGCTCCGAGTTAT,626
GAGCGAATTATTTCAT,626
GGAGGATAGTATATTT,626
TAAAGTTAACTACGCG,626
TTGTTAACTTAAGTAA,626
TTTAAAGTACAAAAAT,626
ACAAAAACAACAATAA,625
ACACCCATTGGGATGA,625
ACCGAATTACGGAATC,625
ACGCCCTTTGTTACAC,625
ATATCAACACTACGAG,625
CACGGAACATGATCAG,625
CCTATTTTTAGGAAAA,625
CGAAACATTTCCGAAT,625
CTATTTCCACCATTAA,625
GAATAAATAAAAAGCC,625
GACTCAAAAAGCATTA,625
GAGGACCATACAGTGT,625
GCTGTTTAAAGTTAAA,625
GTGAAAATGAAAAAGA,625
GTGAAGAAAAGCAATT,625
GTTGAACCAAGGTTTA,625
TAATTCCATCCCGATC,625
TCGTGGGAGCATAAAA,625
TTACTCAACTTTTATC,625
TTAGATTGTTTACTTC,625
TTCAAATACACGTGTT,625
TTCTTGCGATAGTGTT,625
AAAGAAAATTGGTACT,624
AAATTAGGACATCAGA,624
ACAATAATAAACAAAT,624
AGCAATTGGATGAGAA,624
ATAGGAGAAAACATTC,624
ATTTCCGACCACATGT,624
CTTAGAAACCAAACGT,624
GAAAAATACAAAATGT,624
GCCCCATAGACAAAGT,624
GTACCGAATTATATCA,624
TAAAAAAGCGTATCGG,624
TCGGAGTCGATCAACG,624
ACTAATAATGATACCC,623
AGATAATAACAAGAAG,623
AGGTTTGCGAACTTTT,623
CCGCGTAAACAACCTG,623
CGTGAAATCAAAAATT,623
CTCATAAGAAAGTGTA,623
GAAAAACAACCTGATT,623
TAAACTCGTAGACTCA,623
TAAGGCCGCTGGAAGG,623
TAGACGTTAGCTAGCG,623
TCCTAACTCTATAGAT,623
TGCGGTACTATGATGT,623
ACTCCGTAATAGAAAA,622
AGGTGTTTATAAATCT,622
ATACCGAAAGCTAAAA,622
CACTAGAAGCACTTTG,622
CAGTACACAGTGCAAT,622
CTAAGTTGATTTTAAC,622
GCACGGCAAACTACCA,622
GCCACTTTAAAAGAAA,622
GGCAACTTCTAGAAAG,622
GTCCTACGCTGAAAAA,622
GTTCTTCTAGGCCTAC,622
GTTGCAACATATCAAA,622
TACACAAGAGAAACCA,622
TATGATTGCGGTCCTT,622
TCCAACCAATACCTCT,622
TGAAATCCAACCCATA,622
TGAACACTGCTCAGAA,622
TGGGAGTCCCCCCATC,622
TTAAACAATGAACATC,622
TTGTGAACTAAGACCT,622
TTTATGATATCTCTTA,622
AGCGCAAACGAACAAT,621
ATGAACGTGAAATATT,621
GAAACCTTTACTGGGC,621
TAGACTATGTCTGACT,621
TATGAAATTACTTTGA,621
TGCTCGCGAAAAAAGA,621
TTAACAATTACACCAA,621
TTAACTACTAACAGCA,621
AAAACGACTACACGCT,620
AACTAATCAGGTAGTT,620
AATGCAATTGATTGAT,620
AATTTGTTATATTCCA,620
ACATGGAGAGCCCATT,620
ACTCGTAGTCATGCCA,620
ACTGAGCGTTATGTCA,620
AGCACTCAATCTATTG,620
ATACACAGTAAACTAC,620
ATATTAGCAACCCCTT,620
CAATACAGGCAATTTC,620
CATTGAGTAAACTCCT,620
CCAAGAGCGTGCATAT,620
CGTTCTTACATTATAA,620
CTATCATTATCCTTCC,620
CTTTTGTAAACGGACC,620
GCTTAAGAACACCACA,620
TAGCCGTTTAAAGGCG,620
TATATTATAGCGAACG,620
TGGAGTATCTAGTAAT,620
AATAGAATATATAGTA,619
ACCCAAAATCCTAATA,619
ACCTAACTATACCCTT,619
AGTTCATAAGCAGACA,619
ATAGACACCTAAAATG,619
ATTGAAATATGGTTAA,619
CATTCGGCATCAATAA,619
GAAAGTCAAAAATAAA,619
GAGCCAAAAGTTGCCT,619
GGAATAAGGATCAGAA,619
TTGCTCCGTTCAAGCT,619
TTTAGGGCACGTGCCT,619
AGATGCAATTGAGCTC,618
AGTGCTTTCAAATTCA,618
ATAACGACTGAAAACA,618
ATCAAGATTTACCTAA,618
ATTACCCCAAATTCTA,618
ATTTGCTACAAACTAT,618
CAACACCTTTCGAACG,618
CATACCTTCCGCTAGT,618
CCCTATATATGTAACA,618
CTGGACGGTTTGGCCT,618
GAAAGACATAACACTC,618
GATTTAGGACTCTTAT,618
GTACACGACTCATGAA,618
TAAGATTGAGAATTAT,618
TCATACTAGTGATTCC,618
TGCCAGTATGTCTCAG,618
TGTTGTCACTAATTAA,618
TTAAGTGAAAGAAACG,618
AAACGATGGAAAAGCT,617
ACAATCCATCTTAGTT,617
ACAGTCAGACATCTAA,617
ACTCAGATGCTGCAGC,617
ATATAATTAATCGGAT,617
ATGGAACCGCCAAACT,617
CTACTTATCATTTAGG,617
GACAGAGTCATAGTAT,617
GTTAAGCAGGTTTTAA,617
TAGTCGTACATTTAAC,617
TAGTTTTTGGCATACA,617
TCCGTCCATGTAGAAG,617
AACGAAAGAAAAATCA,616
AATTCCCTCTCAGGTC,616
AGAAATCCATACAGTA,616
ATGAAGCCTCCCATAA,616
ATTCAGACGTACGTTG,616
CAGGTTCAAACTCCCA,616
CCACCGCACAACGCCG,616
CTTACGAAATTGACCG,616
GAAAAGACGCGAATCC,616
GAAACTCTCAAGGTGA,616
GAAATGGCTAAGACCA,616
GTAAAATACCATGAAA,616
GTTTCATATATCAGGT,616
TAAAAGGAGTATCCGG,616
TACAATCCTCAATATG,616
TACTACGGACTATGAA,616
TAGACCCCTGATATTC,616
TATAGGACAATACCCG,616
TCTAAAAGAAAGGTAA,616
TGAAAGAATAGTACTT,616
TGAAAGTAATCTAACA,616
TGGAAAATATGTACAT,616
TTAAAAACTTAATAAA,616
AAACTTGTATTTAGGC,615
AAATTGGTACGTTGAT,615
AACGTAATCATGTAGG,615
ACATTAAAACAGAGTA,615
ACCCCAACTTAGAAAT,615
AGACACAAACCCAATG,615
AGCCCTCGACCCAGGT,615
ATACAAGAATTGGATA,615
ATCATTATAGAACTAA,615
ATGAAAGCGAATATAC,615
ATTACAGAGAAAACAT,615
CAACTCCGCCCCTCTA,615
CACAGTACTTTTGGAC,615
CACCCCTAAAAGCGCT,615
CGACAGGGACACAGAA,615
CTGAGTGAATGCACAC,615
GAAACACTGGTTCAGC,615
GGAGATGGGATCCGCG,615
TACCACATGCCAAAAA,615
TATAGACCTTAGACTA,615
TATCACTCGGGGCTGT,615
AAAGGGTGGAGAGATA,614
AAATATTTTGATAAAA,614
AAGCGAGAATTACGAT,614
AGGTCTTGAATTGATA,614
ATCTGCAAGGCGCACA,614
ATGCCTAGGGATAGTA,614
CGTAAGCATATAGACG,614
GAAAAGAAAATTAAAC,614
GAAGTATAAAAGTCTC,614
GGAATATCAGCTGAGC,614
TAATAAACAGCACTAC,614
TGAAAGATCAATTTCT,614
TGCCTGAAATTTATGG,614
TGTACTTGCCCAGAAG,614
AAGTTGACATACAAAT,613
AATCTTTATCTTACAC,613
AGATCGAATGATGACA,613
ATACTAAGATAATAAA,613
ATCATGAAAACAAATA,613
ATTAACTCTTAAGCAA,613
CACTATGTTAAATACC,613
CAGACCACTGTAGTGT,613
CATAAATGCCAAGAAT,613
CATTACTGCAGAACGG,613
CGAAATAGTACTATTC,613
CTATAGTTTTTATACC,613
GATCCTCAAAAAGCCA,613
GCACGTAGCGCGTAAC,613
GTCCGTGCGAACAAAG,613
TCCGGAGTTTCAAAAG,613
TCTATACTAATAAATA,613
TCTCCACCCAAATTAG,613
TGATCCCGTAGTTTGA,613
AAAAAAATCTATATAA,612
AAAATTCTGATTCATA,612
AACCTTTTATGAGTGA,612
AGAAACGATATAAACG,612
AGCAAATGAGGTTACA,612
AGGGTCGAGTGTCGAA,612
ATGACTTCGAAGTAGA,612
CTAACCAAAAACAAAA,612
CTATAGGTGTGCCCGA,612
CTCTCATAAGAATATA,612
GAAATACTACTTATAA,612
GAAGCATCTAGAATTG,612
GAGTAATTGAGAAAGA,612
GTAATGATCAATCTAA,612
TAAGTTTCAAATACAT,612
TATGGCCGTTTGAAAG,612
TGTTTCCCTAATGACG,612
TTGAAAATAAGAATTC,612
TTTTCACTATATTTTA,612
AAGAAAAAACATCCAA,611
ACCTGGGCAGACCACA,611
AGAAATCTTGTTTGAT,611
AGTAAATTCTATCCAG,611
ATAGGTTCTTACTTCG,611
ATCCAACAGACAACTG,611
ATGGTCTCGACCCACT,611
CAAACATCAAACAGAC,611
CGACATAGAGCGGTTA,611
CGGAACAAATTGCTAA,611
GAAGCTAAGTGATATG,611
GAGCAACGAGTTGGCC,611
GTGAACAGTTAGCTTT,611
GTGCACCTTACCCACC,611
TATACATCATTGAAAC,611
TCGACTACTGCCATGC,611
TGGGCTTATAACTGTA,611
TGTACATCGCTTCCCT,611
AAAGTGAATAAAAGTA,610
ATACAATCGAAAGCAA,610
ATATAGTTAATTGGCT,610
ATCTCTCCATACGAAA,610
CACGAAGGCGCACTAT,610
TAAATGACCACTAATT,610
TATGACAAAGTCAGTG,610
TATGCCTATTTAAGTG,610
TCTCGGATCTGAGACG,610
TGTTCTAACGTACATG,610
TTATATTTCAAAAAGT,610
AATAAAGGTAAAACCC,609
ACCTCATGTACAATAA,609
ACCTCCGATGACACCT,609
AGACAAACTTGCATTG,609
ATAGCTTGCAGAGTAG,609
ATTGTAGCAACGACTG,609
CAAACAACTTGAATAA,609
CAACCTCCGGGCCATC,609
CCGTATGAAATCGAAC,609
CTCCTTAGAATGATAA,609
CTGGGAAGATTGCCGT,609
CTTACAATATTAACAA,609
GATCGAACACACAGTT,609
GCGTGCTTCTTCCCAC,609
GGACATCCTCCCACAG,609
GTAATAATAATATTCG,609
TCATATTCATTAATCT,609
TTGTAACGTCATGCAG,609
AAGCTACTACAAAGAT,608
AGCCTCGCTTTAAATA,608
ATCTCAAAATGAATTA,608
CATTTAAGGCTACAAC,608
CTAGGCGGAAACGACG,608
GTATCGATATAGTTGT,608
GTCAATCATACTGAGT,608
TACTCATTGAAGAAAT,608
TAGGGATCGTCAAGCA,608
TCAACCATTTATTATC,608
TCGATATCAACTGGAC,608
AAAAAGGCTAAACTAC,607
AAAGTACATGATAAAA,607
AACTTGGCTTATTACG,607
AAGTCGGGTAAATGCA,607
ACATAGATATCATATA,607
ACTATAACATGGTAAC,607
CCGATCAACCATTCAA,607
CCGTTACGAAATCTCT,607
CCTGTACTATACACCA,607
CGTTGTAAGGGGACTC,607
GACCATAAATAATACA,607
GCACACTTAACACAAG,607
GGGCCCTTCAACCCGA,607
TGAACGTGTCAAGTTC,607
TGTGGGATTGAGTAGT,607
AAAAGATAAGCAACTT,606
AAACCACCATAAATAG,606
AACATGAATAACCAAA,606
AAGGATCATATGGACT,606
AATCAAGATATTAATA,606
AATTAGAGAAATTCTG,606
ATAATATAATCGAAGC,606
ATATCGTGGCTAAACA,606
ATTTACTCGAAACTTT,606
CATATTAAAGTAGGTG,606
CTTAAATATAGCCTGC,606
GAAAGTTGAATTTCGA,606
GATACTCACAGGCGGC,606
AACGGAATCAAAATTA,605
AATAGGCTTAACACAT,605
ACATGTTTACGGCAAA,605
ACCAACGTGGATATTG,605
ACCTAAAACGTTATGG,605
ATTAAAACTGGGGTTT,605
ATTCAAATATTGATGA,605
CGTTACAAATAGAGAC,605
CTCCATTGACACCTGG,605
GAAATCGCTACCGCAG,605
GAACAACACCAGATAG,605
GATGCCAATCACGCGT,605
GCCATAACATCGGACA,605
GCGTATATTAGTTGTA,605
GGTTCGCCCAACGGAT,605
GTGAGACAGATCACCA,605
TATATAGTAATTAGCA,605
TATTCCGCGCCGCTAC,605
TGAGCTTACACCGGAC,605
AAAAAGCGAAAGAAAC,604
AAATTAGCCCATCCAA,604
AACTTACGTCCAGCAT,604
ACCAGGATAAAATGAT,604
ACTCAACGCAGGATTA,604
AGGTAGTCGGGCTACA,604
CAACATCCCTCGTACT,604
CAATAACTCCTCAGTC,604
CGCTACAGAGCATCAA,604
GACCTAGTTGCTCTAC,604
GGATTATCCCACCCAC,604
TAACACAGCTCAAAGT,604
TAGAGCAGCGCCTAGT,604
TCCGGTTATAAATAGT,604
TGCGGAAGATCTTTTC,604
TTTCCACCCGACAAGG,604
ACACTAATCAAACAAA,603
ACCATCTTTTAGCAAA,603
ACGCACATGGTTTAAT,603
ATATCCCATCTCCCTA,603
CCCAAACAACCTGAAA,603
CCCTCTATGGTGTTTA,603
CCGCTCTGTATGGTAG,603
CCTGACGGGCTCCTAA,603
CTCTATATAAATCCGT,603
GTTCATAATAAATGCT,603
TAAACTTTCGTCTTAA,603
TCCAGTACAACTTCTA,603
AACGCAAGCGGATGAC,602
AATGAGCTCATTCGGA,602
AGATGGCTATAGCTAT,602
ATCTAGTAGATCAGCT,602
ATGTTAACCACGGGCA,602
CAAAATATTTAAAATT,602
CGCGCAACTTGAAAGG,602
CTAGGAAGGCAAACTA,602
GAACTGCTTTTCAGAA,602
GCCATAATGAACTGCA,602
GTACTTCCCAGTGACA,602
TAAAAGAATATTATGG,602
TAGGACCCCCCCGCGT,602
TATAATCCGCCATATA,602
TTACTTAACGATCACA,602
AACAAGAAAAAGCAGC,601
AACAGCTTTACTAAAA,601
ACTACATACCGTACGT,601
CGGAAGATAACAAACG,601
CTAGCACAGCTGTTGT,601
CTCTAAAACACTTAAA,601
GAAGACACGCAAGGAT,601
GCCATCCCTTAGAAAC,601
GTATTAAATTCTCATG,601
TACGAGCCTCAAACGC,601
TAGACCGTAACTTCCT,601
TCTCACGGGTTACAAC,601
TTGCAAACGTATGACT,601
TTGTGTCCACCGATGA,601
AAATACTCGATACATC,600
AAGGTCAAAAACCGAT,600
AATTAAGCTATCACTG,600
ACGCAGACCGAAGCTT,600
ACGTTGTTGACAAAGT,600
AGGAACCAGCGTTTAA,600
ATAATACAAAGTAACT,600
ATAATCATTATCAAAA,600
ATATATTCCAGAAATA,600
ATCACGAACCAGAAGC,600
ATGTAATATGGCCATA,600
ATGTAATTTAACAACG,600
CACTGCAAGTATCTAA,600
CATGAAAAAAAATTGA,600
GATTGTTTAACAGGTT,600
AACAGCATTTATTTTT,599
ACTAAGTGGAGCCGTA,599
AGGCCAACCTACGAAG,599
ATGACAGGTATTGGAA,599
CAATTCCAATTGATGC,599
CATGCTTCTCTGCAAC,599
CCAGTTGACTAAACTA,599
CCCCCACTTCAAGATC,599
CCCCTAGGTTGCCATA,599
CCGCTCGAAGTAAAGA,599
CCGGGATATAAATGTA,599
CGATCTAGCTAACACA,599
CGCCTAGCCAGAATGC,599
CTAACGTTCGATTCTC,599
CTCGTTGTGGAGCAAT,599
GAATATTATCTCTCAC,599
GATTGCGGAAATCAAA,599
GCCAGCACGCTAACTC,599
GTACATAATTTGGACG,599
GTTCCCGTCCTGCACA,599
TATTGCATGCTTCTGA,599
AACAAACTCATGCAAT,598
ACATACCTTGATAAAT,598
AGCTAGGTATTCCCTT,598
AGGAAGACTAGCCAAA,598
AGTGAATGAGCGACAT,598
CCCTGCGATCGAAGAC,598
CGGTAGATTGAGTGAT,598
GATGACAGGTATCAAC,598
GATTGACCCATAGATG,598
GCTCAAGAGTCATATA,598
GGTTGTGCTCATCCCA,598
GTATGCAGTATTTCGG,598
GTGCCCCACGAGAAAA,598
TCAAAAACACGACTGT,598
TTATTCATAATAATGT,598
TTGTACGCATAAACCC,598
TTGTTGTACAAATGAT,598
AACATGAATAACGTAC,597
AACTAGAGACTCAGAT,597
AATTGTTAGCTAACGT,597
ACTGATGCTATCGTCT,597
ACTTCAATGATTCATA,597
ATACCACAGACCTACC,597
ATTTATTGTTGCTAAC,597
CGGAAAACGGATTGAA,597
CGGACCCACTCAAAAA,597
CTATACAACGTAAAAG,597
CTATCTCATTATAAAG,597
GAAACACTGCCGCATT,597
GAGAACGACTGCACTC,597
GCTTTACCAGCATCGT,597
GGCTACTAGCTACAAC,597
GGTACTAGGTGCACTG,597
TATTTAGGATGCAGCC,597
TCCTAGGAAACATTGT,597
AAATAAGAACATCATG,596
AACATCGAAGCTCTGG,596
AAGAACAAAGGACAGA,596
AAGGGGCGTGCCCCCG,596
ACACCTCTGCTAACGC,596
AGCTAATTATCTTAAT,596
CAAACGGCACACATGG,596
CACCCTGCCAAGACGA,596
CATGGAATCTACTGAA,596
CGACTGACAGAATAAA,596
CTACAAATAAGTCAGA,596
GCGCCAGTTGAGCCAG,596
GTAAGCTGGTGTAACC,596
GTTGCCGACAACTCTA,596
TAAATCCTATTGATGA,596
TCATCTCGCCAAATGA,596
TGTAGCAGAATTTCCG,596
TTAACAGATACAAGGT,596
TTAGTAGTACACCTGA,596
AGGCCTAGATAAAACA,595
ATAATCCACAAAAGAG,595
CAGCGTCCTAGTAGTA,595
CATCATTTATTGTTAG,595
GAGTTGAAACAAAAAG,595
GCAAAGTGATAAATTT,595
GCGCTAAGTCTACTAA,595
GTCACGACAGTGTAAA,595
TAAAAGTACACGCAAT,595
TAACACTACATACAAT,595
TACAGCATTTAGAAAT,595
TACCAAAAGAGTAGAA,595
TACTTGTTACACTTAA,595
TCTATATTTCAGTAAT,595
TTCAAAGTGGATAAAT,595
TTCATTGCTTCCTGCT,595
TTTCACCTCCGCACCA,595
AACGTCATCGAAGCAT,594
ACAAGGCACTACCCCT,594
ACATCTTCAGAGTGCT,594
AGAATACCTACCCCGT,594
CAGCCTTCTCACAAAT,594
CCCAACATAAGTGGGA,594
CCCAACGTTTCGGTTG,594
CTACATGCCGCCAGTT,594
CTATACGAAATTAACA,594
GGACGGCTTTTAGAGT,594
TAAATACCCGGATTCA,594
TAAGTATATATAAGTG,594
TCTCTATTACATCAAC,594
TGGTAGATGATGGCCA,594
TTCAAATACAGTGAAC,594
TTTGCACTCATGTCGT,594
AAAAACACCAAAGACT,593
AACTTGCTTAGAGGAA,593
AATAAATCAGACATGA,593
AGACGCCCATTAGTAC,593
ATACAACTATCCCGTT,593
CATTCAAATAGGCCGA,593
CCGCTTCGAATTGTTG,593
GTGACAATCCAGAAAC,593
TACTAGATAACATCCG,593
TATACAAAGCAACTAG,593
AAATTCCATAATAAGA,592
AAGAACTATTAGAGCC,592
ATATGTAAATGACCTT,592
ATGCATGCTATTCAAC,592
CCCAAAAGCATTACAA,592
CCCTAGATAACCCAGA,592
CTTAGAGCTAGGCATG,592
GCTATAAACCACCCAA,592
GGTTCCCATTGAATAC,592
TAAAAGAAATACAGCT,592
TAATTTTAGATTATTC,592
TAGTACGTGAAACATC,592
TCCCGCCCGGCAGCCA,592
TGAAAGATAAGGTTTT,592
TGAGGTGTACGACCTC,592
TTTTTATAAACAAATA,592
ACGATTCAGTGTTCGC,591
AGAAGATTCTACAACA,591
AGGGCCTTGTATGAAT,591
AGTGGAGCCGAGCACC,591
GACAACAAGGAAGTAC,591
TAAACGCTTCCAAGAA,591
TAAAGGCAAACCAGAT,591
TGCATGAACCAATCTT,591
TTCGTCAATCATGTCA,591
AAAAAAGAGTAGAGGT,590
AACAAAATTTCCTGGA,590
AAGCTATATAACAACT,590
AAGGTCAAAATCCTCT,590
ACCGATGCACTTCAAA,590
AGCGAATACGACGCCT,590
ATATATCGGAAACAAT,590
CAACAAAAATGAGTCC,590
CACAGCGTTGCATTGG,590
CACGTAAATCGCAGGG,590
CACTCGAAAAGCTATA,590
CAGCCACTACCCATAA,590
CGAAAATGTCCCCATA,590
GAACCATCTTTTTACC,590
GAATGACCACACACTT,590
GGCCGCTACAAGACAT,590
TAAAAATCTTTTGCCG,590
TAAAATGAAACGCACC,590
TATAATTTGCTGGGAG,590
TATGTTGCATCATACG,590
TATTCAGACGCCAACA,590
TCCATTAGGTCCATAC,590
TGCAAACCAGAAACCT,590
TTAAACTAAAGCTACT,590
TTTGAAGCCAGTTGAC,590
AAAGAAATAAGAATAC,589
AACATTCGTATGAGGC,589
AACGGTTAGCAACTAC,589
AATGATGATGCCGTGA,589
ACCATATTACCGTATC,589
AGGCATTGATGATCCT,589
ATAACGATACCATATG,589
ATGTACGTGTGGAACA,589
GACCGGAAATTCGCAA,589
GATGTAATTATTACTA,589
TACGGATTGTCCGTGT,589
TCTCAACATCCCAGAA,589
TGTTTAAAATGGGGAC,589
AACGGAGAAATATAGA,588
AACTCAACAATAAAAT,588
AATTCATGAGTATATA,588
ACAGGTACCGATCAGA,588
ACTATAATACAATGGT,588
AGCGCAAATTGAAGTC,588
ATACATAAACGTTATG,588
ATACGATGTCAGATAC,588
CAAGACTGGCTTATTT,588
CACAAGGAGAACTTCA,588
CACTGAGTCGAACGTG,588
CCGCAAGACCGCCTAC,588
CGATAGCCACTGCAAA,588
CTTAACACATCTCACT,588
GTATGCACACGTGAAA,588
TCATAATTTCTGGAGC,588
TGCGTAGGACAACTAA,588
TTGTCACAAAAATTCA,588
ACTATGAAACTACTAA,587
ACTCATCAACTATAAC,587
CCGAACACCAGAGATA,587
CGGAAGAATTAGCGCC,587
GAGCGACTCCTTCACC,587
GCCGCCGTTAATGTCT,587
GTCGCTGATGATGAAA,587
GTCGTCAACACAAAGT,587
TAAGATCGGAAAATTC,587
TAGAGCCTTACGCTGC,587
TAGCTTTACCGCTAGG,587
TTAGCCGTTGTGACTT,587
AAAACGATGTATTGAA,586
AAAGCGTCATAATGCT,586
AGGCGAAAACAAAACC,586
ATAGACATTTTGTACT,586
CCAAAGATTCACAAAG,586
CCATCACGAATAAAAT,586
CTCTCTGGACAACTAT,586
CTGAGAGGTTTCATAG,586
GGAAAATTAGTCGAAA,586
GTAAGAGCATTGAAAA,586
GTCGGTAACTGACAAC,586
TAAAAATAGCAATGGT,586
TCAGACTCATTAATAA,586
TCTCGAAGAACATACA,586
AAAATAAACCGGTAGG,585
ACGGACTTGAGCAGGC,585
AGCATAGTATACGCAC,585
ATTCTTAACCCCAGAT,585
CAACCAGATAACTGCA,585
CTGTATAAAAGCTTAA,585
GCGTGATGCAAGAGAG,585
GGCCACACGACGTTGA,585
GGTCTACTCACATTAA,585
GTGATATTAAACATAT,585
GTTCCAATTAATACAA,585
TAAAGAAGCAATGTGT,585
TAATGGAATGGATATG,585
TCTAGATTCCATGAAC,585
AAAGAACGGACAACAG,584
AATAACACCGACCAGC,584
ACCGAAGGGTCGAACG,584
AGATCTATCCAAATAC,584
AGCATCACTCTTGCAT,584
CTCCGTAATGACAGTG,584
GCTATAGGAATTAGGT,584
GTCATTATCCAGTATA,584
TCTCGCGCCTATGCCG,584
TTTCCCTAATCTGAGA,584
AACATACCTAAAGTGG,583
ACAGCGCGGAACCGCT,583
ACCCCTTCTTCGGCAC,583
AGCATCTAGCATAATA,583
AGGGAATTTACTCCTA,583
AGTGTGTACTAATATA,583
ATGAGAATTCGATACC,583
CCTACGACGAGCATCT,583
CGGAATCTAGCTTTTA,583
TCATCTGCCTGTCCAT,583
TCTAAAACTGACTCAT,583
TTCTTTAGTTTTTGAA,583
AAAAGAGCAAGTACCT,582
AACAAAGAAAACAAAA,582
AACCGACAAACCCATT,582
AATAGACCCCAGGAAC,582
AATCTGGGGTTGATAC,582
AATTTAAAATTTAATT,582
ACAAAGGGGTCTTTTG,582
ACAATTACTATAATTT,582
ACTAGATGTGATATAC,582
ATAAAACATATTAACA,582
CAAACAAAGCCGAGAG,582
CATGGGAGCAAAAAAT,582
CCTGATGTCTAGCCGA,582
CTAAATGCGGAAACCT,582
CTATTATTTAACGGCG,582
GGATACGCCATCCATA,582
GTGGATCAATATATCA,582
GTTGATAGTCGTTCAT,582
TGCAGACCCTTCAATT,582
TTAGCTCCACGTGAAT,582
TTGAACGATGATTCAT,582
ACTCTTGGCCATGTGT,581
AGCGCATCAAATCCAA,581
CAGTATGCGCCATGAG,581
CCACGTCAAGGTCACT,581
CCCACACGAACCCCTA,581
CCCGCTATATAAAAAA,581
CCTCAATATAACGACA,581
CGAATTGTGAAACCCA,581
GCAACTTCTAAAACCT,581
TAGGAGAAGGTTTCAT,581
TTCGGCCCAAATAACT,581
TTTGTAAACACTAGTA,581
AAAGATGAATTAGACG,580
AACATAGTGTAAATTT,580
AATAGAGCGTGGATCA,580
AATCATCGGACACCAC,580
ACACAACACTTCTATA,580
ACTTCCGAAAATCTTA,580
AGAGTTTATTTAATAA,580
AGCCAGTATATTTGAA,580
CCATTGGAATGATGAA,580
CTGCCCAATATAGCCG,580
CTTCGCTTTCCGGTTG,580
TACCCTCAAAAAAGAG,580
TAGACACTCTAGCATA,580
TCAGCTGCAATTCAAG,580
TCCCATCAAGAGGGCG,580
AAACACCTCATAAATA,579
AAATAAGGAGTACCTG,579
AAGCAACTACAACTAG,579
AATAATAGAAAGAGGA,579
AGAAGTTACAATCTTC,579
AGTGGTAAACAAGTCA,579
ATAAAGACAGAGTAAG,579
ATCCTTACAGCACTTT,579
CATCTATGAAAAGGCT,579
CCGCGAAGGCCAAATA,579
CCTATATTAGCAAATC,579
CCTTATAACTCGATAA,579
CTAAGAATGATCGGTG,579
GGAAGACGGATCCATA,579
GTCCCGATATATACAC,579
GTTAGGACAAATTTAG,579
TATCTATGTTCTTATT,579
TTTGTACTTATAAACG,579
AAAAAGAGACGTATAC,578
AAAAGATCAAATTACG,578
AAAGCAAATATTATCT,578
AACAAGCCTAATTACT,578
ACTTGACTTACCTTAT,578
AGATGTCTGGGCGACT,578
AGTCCCAAATCCAGAT,578
CCGAAGCCCCACGATA,578
GAACCACTAACCAGCT,578
GGATCCCTATACACTC,578
GTCTGGGACGTATATG,578
TCAAGGCGGTCCGATT,578
TGAACCGATTAGCCAC,578
AAACATGCGTATCTCA,577
AGATATAGAGCAAACA,577
ATGTCAGTCCCCTCGT,577
CAGGCGCTCCCAACAG,577
CCTACCCCAATATATG,577
CGAAACGAAGCCCAAT,577
CTACGTGTCACTAATA,577
GCAGAATTTTGATGCC,577
GGGGACCTACTAAACC,577
TGAATTAATGGTTTAC,577
TTCTCCCAAGGGAGTA,577
AAAGGCTATAACAGGC,576
AAGCCGAGACCCGACG,576
CAAACTCTTTAGAAGC,576
CACATAGAACAGAGAA,576
CACTAATAAGAACTCG,576
CATCTAATTCATAAAA,576
CTAAGATTAATCCAAA,576
CTCGTTTCAATGAATG,576
GACTAGAGGCTGTCAG,576
GGTGCCCACTTCTTGG,576
GTTACAAACCACATGC,576
TAAAGCATTTAGTAAG,576
TACGAAAAAATCATAT,576
TTGATGGCCACCACCC,576
ACAACCGTGCATAAAT,575
AGAGAGTAACCAACTT,575
CATTGCAAAGATGTTA,575
CCGGTGATATAATATG,575
GAAACTGAAAGAAAGC,575
GGGCACCCGCCACACC,575
TACTATCTAACTACAT,575
TCATATTGTATATAAC,575
TGTTACAGTTAATAAT,575
AAATGGCTGGAACGCA,574
ATTAATTTAGAGATGG,574
CCAATACATTACCTTC,574
CCGACGTGGCAAAAAA,574
CTACTAATGATGTGGT,574
GAACCAAACATGTTAC,574
GAGACGGGCCCTATTA,574
GATTAGGCATAGCGTG,574
GGCCGTGCGATAACAA,574
TAAATTTCTGGTGTAC,574
TAGGCGAACATAACCC,574
TATCAGGCTAGGAATA,574
TCTATTATTTACTATT,574
ACGGGGAAGGCAAACC,573
ATGAAAATCAATTGTT,573
CAACAAAACGCTTCTT,573
CGACATTTACTACGAC,573
CGCAAATTGACCATAA,573
CGGCGACCCCAGAAAA,573
CTTTTCGCCTGAATAA,573
GATAATAGAAGTCAAC,573
GCACTTTATTAATATC,573
GCCCCCCAAAATTATG,573
TAAACAAAATACTAAA,573
TAAAGGAGATACATTA,573
TAATCACGCACTTTCA,573
TTGCAGGATTCAACAG,573
AAAAACTTCCTTTCGA,572
AAATATAAACATTATC,572
AAGGGTAAAAAGACCC,572
AATAACACCAAGTCTG,572
AATCGAGTAAAGTCAA,572
CCTTGCATCATTAACT,572
CTAGTATAAGAATAGC,572
CTATCTAAAGATGGAA,572
CTTGCTGTAACTAGCT,572
TACGTCTGCAATACCT,572
TACTCAAACCTGTCGA,572
TGACCCATAGTGATAT,572
TTACAATAATCCCGAA,572
AAAAACTCTGTAATGT,571
AAAAGAATCTCCTCAA,571
AAACTCATGAGCTGAT,571
AACTGTCATATATATT,571
AACTGTGATCCCCCAA,571
AGAGTCTGTCAATGTG,571
AGCTATCCCGACCTTA,571
CATAATGGTCAGAATA,571
CTAGTGGCGGTAGTTA,571
GGACAATCATCCTTCA,571
TATAACAAGCAATTGG,571
TGAAACATATAACTAA,571
TGGGTATTCACCGAGT,571
AAAGTAAACATTGTTA,570
AAATAAAATGCTAGTT,570
AATGCTTCAACGATTT,570
AATTGTCAAAGAGGCT,570
ATTACATTCCTAAATG,570
CAACCATGAAGTCTAC,570
CCTGTCTAAGTACCAG,570
CTACTCTCGCGCCCAC,570
CTTGTTTGAGAACGAC,570
GAAAAACAATATAAGA,570
GAACCACATCCATTAA,570
GGACAGTGTCTGATGA,570
GTTTCGACCTATAGAA,570
TAACCCACTCACTAGG,570
TCACGGTACTTACCTC,570
TGCACAACTGAATAGT,570
TTCAACACAAGCGCTA,570
TTGGGACGAACTGACA,570
AAAAAATTACTCTTCA,569
AACACCATACATGATG,569
AAGAAGAGTACTTATG,569
ATTGGCACTTGTATGA,569
CCAGTGGGACTCATCC,569
CTCTGCAGAGTACTTT,569
GATAAAGCAAAACAAA,569
GTCTGTAAAAACAAAG,569
GTTAAAAACACAACCC,569
TAAGTCCGACCTTATC,569
TACTCAGGCTACTTAG,569
TCCCTTTTAGAGTCCC,569
TGAAAAGCTGATAGAA,569
TTTAATATCATAGAGC,569
ACCGTACATTATATAT,568
ACTGTCGAAGCGCCCT,568
ATAAAAAGCACTGAAT,568
ATAGCGTTATTTATTT,568
CAAATAGAAAAATTCA,568
CTACACATGTTATGCA,568
GACGAAAAAAAAGTAA,568
GGATATAGATTGATGT,568
GTAACCCATTGTGGCC,568
TAGAGTAGGGTGAAAG,568
TCGTAGCTATTCATAC,568
TTCTGCTACATAAATA,568
TTGAGATTTGACTGGA,568
AAATTCTAGGAAAAGT,567
AAGCCACGGATGCTTT,567
AGAGTAAAAAACAATG,567
AGTTATAAGACGGAGC,567
ATCTGAATTGCACGGT,567
CCCTTCCTTTACCCTT,567
CCTTAAGCAATTGCCC,567
CTACCCAATTTTTTAA,567
CTTTACTTAGGGATAT,567
GACTTCACAATCTCTC,567
GCACTACCGTACGCCA,567
GGCCTTTTTAGAAGGA,567
TATGATAAATTCCTTG,567
TCAAATTACGAATCAA,567
TCGTTGTCAGCGCTCT,567
TGACCAATTCTACTTT,567
TGCAGTGAATAAAAAA,567
AACACCGACTAACTAA,566
AACGGCATTTAAAAAC,566
AAGATTTTACTTTATG,566
AAGCCCGAAAAGTGAC,566
ACTAGACTCACGTTAC,566
CAGCCTTAAACCAGGC,566
CAGTGAGTTATAACTA,566
CGGACCCACTAGCCCA,566
CGTGCAACAAAAAAAT,566
CTCTTGTGTCCCTATT,566
CTTTCTACAATAGTGA,566
GTACTGGGCGGGTAAA,566
GTATTTTGTGCTGAAG,566
TTGAATTCCTCTAAGC,566
TTGATAATACCTCTTG,566
ATCCCTGGCGACAGAG,565
ATTTAGAGAGAAAAAA,565
CATTAAATGAACGTAT,565
CCACTGACTCCACGAG,565
CGAATAACCTTACAAT,565
GCATCAGTTTGGGCTT,565
GCTACTGAAGAGTGCA,565
GGAATCTTAGCAAAAG,565
TACTTCACCTAAACTA,565
TCCAAAAATAAGAGAT,565
TCCGGTAATTGCGAGG,565
TTCCGGAAAGGGGCCC,565
ATACATAGTACCAAAT,564
ATGAATGATTAACTTA,564
CCACATTGCCTCCACT,564
CCCACCTAAAGCGGTA,564
CCCAGAAACACTGATT,564
GCGGTTACCGACTTAA,564
GCGTTCGCAACGCCCC,564
GTAGGTTATCCTTATA,564
AAGCCTCCAAGCCAGT,563
CAGGCTCGAGTTGGAA,563
CCTACTGAATGCCGTC,563
CCTATAACAAACCTCA,563
CTTCAACTATCAATAA,563
GATAGGATCCCTACGA,563
GATATGATTGAGCGCA,563
GTAAAATATAAGCAGA,563
TAAACTCTGTTGAATA,563
TCAACGCTTTCGTAAC,563
TGAGGGCCCCTATATC,563
AAAAGATAAACACAGT,562
AAGTATTGACAAGGAT,562
ACCACGCTAGTAGCGT,562
ATGAGACGAAGAAAAA,562
ATGCCAAGATATAAAG,562
CCACCCTTCGGACTGG,562
CCGCAAACGATGATAA,562
CGGAGTACGCGGAAAA,562
CTGACCAGCGTCGAAG,562
GACATAGAAATAAGCG,562
GTTTTTGTATGGATGC,562
GTTTTTGTTTTGTCAA,562
TAGGCACTATGCAATT,562
TTGCCAATAACAGAAA,562
TTGTTAATAATTTTCA,562
AAAAGTTAAATAGCTG,561
AAACATCAAATGCCTA,561
AAAGGCTAAGCTCTGG,561
ACGCAAACGCAAAAAA,561
ATTACACGACTATCAT,561
ATTCTAACCCACAAAA,561
CTAACTATAACCGATT,561
CTGCTAAACTGATCTT,561
GAAATACTTCGCCATC,561
GATTCAGATATTTAAA,561
GGGCTATTAACCAAGG,561
TCTATATTAAGGAAAC,561
TTACAGATATCACTCA,561
AATAGGAAACTAGACA,560
ACAAGTCATAATACCG,560
ACAGACAACTTCTTAA,560
ACCCCCCCTTGCAAAG,560
ATTCCACTATGCATGC,560
CAACAAGAATCGTAAC,560
CAGGGAATTCCAAAAG,560
CCAACCACACAGATAG,560
CGTCAAACGTTAGGCG,560
GCGTTAATCCCCTCAA,560
TTCTGTAATGGTAGAA,560
TTTTATAAGAGAAGTG,560
AACATCCAAGAATTTT,559
AGTGATGTTACCCATT,559
ATTCAAGTCAGTAAAA,559
CCAGACAGTCAACAAC,559
CCTTGGTATTCCTACT,559
GCCGAACACATACAAA,559
GTAGTTATAGCCATTA,559
GTCCTTATAGAAAATA,559
GTCTTTATGTATACAA,559
GTTATGAAAAGAGTCA,559
TTATACGCGGAACACA,559
TTCAGCTTTCCAATTG,559
TTTAAACCACGACCGC,559
TTTTGAGTATAAGAGG,559
AAACACATTAATCGAA,558
ACAAGGCGTCTAAAGA,558
ACCATGGGTACCGACA,558
AGATCGAAATAGTCTC,558
AGCAATCTAAGGCATC,558
ATGAATGAAGAGAAAG,558
CACACGATATGACACC,558
GGAGCCAGTGCTCGAA,558
GGATTTAACATACCTC,558
TAGAGATTACAAAACA,558
TATGATAGGCGGTCGT,558
TCACAGCAGCCATGTT,558
TGGCCGCAATTGGACG,558
TTAGTTAGAACCCAAA,558
TTGCGCAACGGCCCCC,558
AATACAGCTAAATGTT,557
AATACCCTTACCCACA,557
ACAATATACGGTTAGA,557
CAGCTCTCCACTATAA,557
CTACACTCCGATTGCT,557
GAATGTAAATACAATA,557
GACTACCTAAATAAAA,557
TAAAGCGTAAACCTCT,557
TAAATAATTAATAACA,557
TCAATAGGCTGAACAG,557
TTCCAAAAGATTGCGG,557
AATACCTAGTATGCCT,556
AATAGTACACGCCAGA,556
AGCTACAGGCACTACC,556
AGTTTACTCGCTCGGA,556
ATCAATAAAAATTGTG,556
CAATATTAAGGTCTAA,556
CACCCCTTCCAATTCA,556
CATATATATGTGCCAA,556
CCAAGGTTTATATCGC,556
CGAAAGTGATCATGCA,556
CGGTAAGCCAGGTGCA,556
CTTACGAGAAAAGTTT,556
GAAGGGCCAAAACACC,556
GACGGTAGTACGAATC,556
GATATAGACCAGTATT,556
GGAACAAGAATCAACG,556
GTCTTAGTGACTCCAT,556
TACACTTGTGCTTATC,556
TAGTGTGGTGAAGTAC,556
TGACTCTTATGTATCG,556
TGTATTAGAAACCAGA,556
AATAACAATGTAATAG,555
AGAAGCGATATATAAA,555
AGGAGTTGATCTCGCA,555
AGTCTCACGGGCAAAT,555
ATGACAAGGTGTCAAT,555
CGAAATCAGCGTTGAA,555
CTTTGCGACGATAGAT,555
GAATGCACTTATGATT,555
GAATTGCAGCCAACGC,555
GCTTTTTTAAAGATAC,555
GGCCACTATATGACAA,555
GGTTCAAGAAATAACG,555
ATTAATATTAAAATAA,554
CCCAACTCCCGCAACC,554
CTGATTAACACACCCG,554
CTTTATGATCAGAATG,554
GCACTTCAAGCAATCT,554
TAGTAGACTAAGCTAG,554
TGAGCAGACGAAATTC,554
TGCATCTGAACGTCAT,554
TTATACGGACAAGTTT,554
TTCGAAGTAAACAACC,554
TTGTAACTTAGGCCGC,554
TTGTTGACTAAACTAT,554
AAACGAGCGGAATGCC,553
AACCTCAATGCCCAGA,553
ACTCATAACCTCTCTA,553
CAGGCTCCAAATCAAA,553
CCACATAAGTACAGTT,553
CCGGCTCTGAGTAGCG,553
CTTATGATACAGAAAG,553
GATTGAACATAGGACA,553
GCACAAAGCTTTAAAG,553
GGGACGGTTCAACTAT,553
GTAAGAGAAGATAGAC,553
GTTATCGATGTAATAT,553
GTTGGCCACCTTCTAA,553
TAAACAAACCATAAGT,553
AAATTTGGTGGAGATT,552
AACGATAGATAAACCA,552
AGAAATTATAAAAATT,552
AGATGATAACCGAAAG,552
CAAAAGTATGACAGAC,552
CCCACGCAGCCATTTC,552
CCTCATCATTATACGA,552
CGCCGATTATAGTTAG,552
CGCTGACACATAACTA,552
GACTAAATCGAGCTAT,552
GATGAACGTTCAAAAG,552
GCATACATATTTAAAA,552
GCCTAAATGCCAAGCA,552
TGCGGGATTGATCCAA,552
TTAAACTTTTATCGAA,552
TTAGGTGTCGGGCCAA,552
TTTCGGACATTCTAAA,552
AAAACCCCATTGGTGG,551
AAAGGATACTAGCTCT,551
AACAAGACCATTATAA,551
AGAGTGAAATTTCCTG,551
AGTATAATTGTAATAG,551
ATTCCAATTTATTCTA,551
CCAGAAAAAAAACGGG,551
CGAACCCCTACGAACC,551
CTAAGCAAATAATGGA,551
CTACATAATATACTAA,551
CTGGCAATATAAGCCC,551
GATTCTGAGGAATCAC,551
GCTAACTCTCAGCTAT,551
GGCACCAATCACATTC,551
GGGTTAAGACACCACC,551
GTCAAGAATCTTAAAG,551
GTGAGGTACTCAAGTG,551
TCGTCGAGAAGCGAAA,551
AAAAATGGCCTAACCA,550
AAAAGGGTAGGAAGAT,550
AACAAAAACCAGAATA,550
AGGTTACTCTCCCTAG,550
CGCCCCGACAGACGAA,550
CTAAGTACCTTGACCA,550
CTCTCTAATAAATCAC,550
GAAACATAACCACCAG,550
GAACTCTCAACATGTA,550
GAATGTAAATAGTTCC,550
GATCAGTGAATACTAC,550
GGAAGATTTCTTTCTC,550
GTATAATACGACTAAG,550
TAAGTGCATTTTTTGA,550
TACCTAAAGTATGTAG,550
TATATCGCAAAAGAGA,550
TATTACCTAACATGCT,550
AATCCATGGATCAAGA,549
AGTATGGTTACGGCCA,549
ATAACATAGTACGATG,549
ATTATGACCAAAGACT,549
CAGAACGAAGTTAGCA,549
CCCTCATACACCGGTG,549
CGACCAGGTCGCAATC,549
CTGCAATTTTATAGAA,549
CTGTCAATTTCGCAGC,549
GAACACACACTGTGTA,549
GAACCAAACAAGCTCC,549
GAATATGGAATGAGTT,549
GATCATGAGCTCTAAC,549
GTGATACCTTTACCTT,549
TAAATAAAACCTGCGA,549
TGACCTTAGCGTTATT,549
AATCTTACTGCCCCAC,548
CACTATAAGTAAATTC,548
CATCTGTGCGTAGATA,548
CGAAAAAATATAATTG,548
GAACCTGGCGGACTAC,548
GAGTATCGCCCTATAC,548
TGGAGAGTATACCAAA,548
TTAATGTAGTAGCCCG,548
AAAACAACACCCTACC,547
AAACTTGATCCCACAA,547
AACCGGCAAGTCGTGA,547
ACGAATAACTAAAACA,547
CCCATAATTACTTCAG,547
CCGACTAGGCAAGGAT,547
GAATTGAATAACTGCA,547
GACTAACAATTCACCT,547
GCCTAAATAAAAAAAA,547
TAATTTGTCACATCGA,547
TATATGCCTAGTATCC,547
TGATATTAAAGAGATA,547
TTTAACGAAACAGACA,547
AAAAGGCTATGTAATA,546
ACAATAGTGGATGAAT,546
AGACAAACACGCGTTC,546
AGCACGCACATACAAA,546
AGCGCCAAATTGTATT,546
ATTGAATCGGTTAGAG,546
ATTGGAGTGCCCTTAC,546
CACATGATTCCCTTGA,546
CTCAATCTCATAAGAT,546
TACCCCTTTAGTCACG,546
TAGTGTGATAGCCCCG,546
TTAGACAATGTTTCCG,546
TTAGGTCCAGAAGAAC,546
AAATAACTCCTAATGA,545
ACCGCATACTTAATAC,545
ACTAAGGTCCAATCCA,545
AGAACACCTTCCCAAT,545
CACAGCCCTTCGAGGA,545
CTAACGACGAATCATA,545
GACTACTAAAAAATAG,545
GTTATCCGCCAATATA,545
TCAAGTTGGCAGGCAC,545
TGACTTATTCAATTAA,545
AACACCGCTGTCTAGT,544
AACCATTACTTCTAAT,544
AGAAACACTCCCATCC,544
AGAGAAGAAAAGCGCC,544
AGATAAAGATCACAAA,544
CACGGCACGGTGACAG,544
CGCATTGTAGCACATT,544
CTACTAGCTAAATGAC,544
CTTTGAAACTAGAGGT,544
GACGTGGATATGGCGT,544
GCCATAAAATTGAAAC,544
GCTATTTATTTATATG,544
TCCAGTCTGGAAGTGT,544
TGACCAGAAACCATCA,544
TGATACAGCAATTCCT,544
TTAATATAAGGGCGAA,544
AAAGAAGGGTTTATTA,543
ACCCTACTAAAAAATC,543
CAACTACTACATAAAA,543
CACCATATATTTAGTG,543
CCCAGTATTAACTATG,543
CGAAGTAGCTTAGTTC,543
CTGCGTAAAACCGATT,543
CTTTAAAAGTCCCCGA,543
GAACTTTTATGTGGTG,543
GAATAGAACGTATTTG,543
GCCCAGAAAAATACAT,543
GCGATTCGAACGAGTA,543
GGGGAAATCCAAGAAT,543
GTCGATGAACGTATAT,543
GTCTAATCCTTGGTAT,543
TACTAACATAACAGAT,543
TTATACAGCAACAGAT,543
TTGCAGGACCCAGAGA,543
ACAAATTCAAAACGCA,542
ACACTTATAGTATAGA,542
ACGCGCAGAAATCTAA,542
ACTGGGATGAAACGGT,542
AGATCACTACCCCTAA,542
CCTATAGTATTCAACT,542
CGAGAACACAAACTAA,542
GAGTAACTATACCAAT,542
GATTCTAAAGATAACC,542
GGAATACCTTTAACAT,542
GTGTTTAGTCTATTCT,542
GTTCCCCGGTACTAAG,542
TAAAAACCAGCGACTT,542
TATTATAAAACCCTAC,542
TCGTTCAATTTTATGG,542
TGTTGGATGACCGACG,542
AAACATGACTTCAACT,541
AACCAAACGAGTCTCT,541
AATGCTCTAAATTAGA,541
AATTGCCCAAATTATG,541
ACTATAAACCATAAGG,541
ATAAAACTTACTGCGC,541
ATATCTTTCCGTACTA,541
ATCAAACTGCAAAAAC,541
CAAAAGCGACTACATG,541
CGCGAACGGTAAACAG,541
GACCGGACCATTACCC,541
GATCAATTACAGTCAG,541
GGAATATTTAAATAGA,541
GGATGTTTGGCAAAAA,541
TCAACGGACAACGTGT,541
TGCCTACGGGTATGTG,541
AATCGAAACGTGAGAA,540
ATCGTCCTTCATAGAG,540
ATTATTACTAATAAAC,540
ATTGATACTAAAAATC,540
CACTAGTCCCTGTAAT,540
CCCAATTTCGAAAAAG,540
CTCAGTACTCGAATGA,540
CTGCGTGACATGACTA,540
GAGTATGGCCACATAT,540
GTCAAGCGCATTTACT,540
TAAATCCAATACCCTC,540
TCACCAGAAAACGAAA,540
TTGAATAATCCTTGTG,540
AGAAAGAAATAACACA,539
ATACAGGTGCTCAAAA,539
ATATTTTTGGTTATCA,539
GAAGTACATAGCAGTA,539
GCATACTAGTAATGGG,539
TTGCTTGACCTGCCGT,539
TTTGGAAACTCGCTCC,539
AAAAGACGAACAATCA,538
AAATGGCCAATCGTTA,538
AACGCACACAGTATGC,538
AATGGGGAACTAATAC,538
ACTCATGGTTACCAAA,538
ATGTCAAAACAGGGGC,538
CATGTTGATACTAAAT,538
CCGCAGTGCAGAAAAG,538
CTAAAAACAAATGAAC,538
CTGATCGAAACTATGA,538
GCAAGGACCGTTTATA,538
GCCGCACTGTTCATGA,538
TCACAGCCTTGCCAAT,538
TCTCATAATATACTTT,538
TGTACACAAATCAGTG,538
ACTTGCGCACCCTTAC,537
ATGAAACAGTAATCGT,537
CCCGCTTAGCTATTAA,537
CTGACTGTTGTTCCGG,537
TAACTTATCCGATAAC,537
TACGACTACTTACTCA,537
TATATCGGTTAATAGG,537
TGTTACTGATATTCCC,537
TTAGCCTATTAGAGCG,537
TTGCAAACAGAAATAC,537
AACTTCAGGTATAGTA,536
ACAGAAATTCAAAGCT,536
GAAGAACGTCCAAGTT,536
GACTACCGCATTCACA,536
GTACGTGTCTTTGACC,536
GTTCATACCCCGGGAG,536
TATGATCTTCAACACG,536
TCGTACAGACCGAGTC,536
TTGTAAGCGACAGGAT,536
ACAATATCATATTAAA,535
CGATAACATGCACCAA,535
GACCGCCCCATTAAAC,535
GATTCTTTGAGAAAAA,535
GCTTGACGATGTGATA,535
TAAGAAAACTCACTAG,535
TATTACGCGTCCAAAT,535
TCTCGCGAAAACTATC,535
AAGCTTCGCACAGCGA,534
ACATCGAGTCCTATCC,534
AGCCACGAGGACAGAG,534
ATCACACGATCCCAAA,534
ATGTGCAATGCCTTTA,534
ATTTCCCTACATCACC,534
CAAAAAGATCTCAAAC,534
CAGCCTGAATAGTATT,534
CGAAGCGCATCCCCTC,534
CTCCATGAAAGCAGTA,534
GAGAACGTCCATAAAG,534
GGAGAAAAGCCGAGTT,534
TAAAACGAATAAATGT,534
TCATACCTCTCCGGAG,534
TGGCTCAGAACCAATG,534
AAATGGGGGCGTCGAT,533
AATATCCCGGCTAATA,533
ACGGGCTAAAAACAAG,533
AGATATCCACCTACCA,533
ATAACTAAGATTCCTA,533
CAATAACCCAATTTCA,533
CCGGGTAGTTCACAAA,533
CTCTATTGAACCTTAC,533
GAACTCCGATTAACAA,533
GAAGAGCCTTGAAAAT,533
TATGCTGCAGTTATGC,533
AAATAAAGCTAATCGA,532
AATACATTGGAAGTGG,532
ATAAGACATCCTAAAC,532
ATTGATATCTGAATAG,532
CCAATATCCCAACTGA,532
CCCGGAACATAAGAAC,532
CGAACTATATCGTCAT,532
GGGCATCTACAAGACA,532
TAAAAAGTAATGAACC,532
TAACAATTATACCAAA,532
TCCCGAAATGGCGGTA,532
TGTTGGCGACATAGCC,532
ACAACGTACATCCTAG,531
ACCGGTTGCCCTTGAG,531
ACGCGCAGGTCGGCGC,531
AGTACATTAGCCGTAC,531
AGTGTGAAGCAACATG,531
ATCACGTAATGAAGAA,531
ATGTAAATGAACTAGC,531
CCAAGATGTGCTCCCC,531
CGAGAATCATATATAG,531
GAACCACATTAGTATA,531
GAGAAGTAGAGTAAAA,531
GCACAAATGTGTCGAT,531
GGATACTATGACCGTA,531
GTTACCAAGACCTTGC,531
TACCAGTCAATCACCA,531
TACCCTTACAATCAAC,531
TCACAGATGAGCCACA,531
TGAGTTTTGCGAGGAA,531
TTATAACAAAGAACGG,531
TTGGTCTCTTAAAAAG,531
AAAGCACCGTATGCTA,530
AACAAGGTATAAACAA,530
AATCCATTCCTATGAC,530
ACGAAATTACGATCCG,530
AGTAAATTAAAGGAGC,530
ATATGAAAGCCAAAGT,530
CAAGTTTAGAGAATAT,530
CCTTTGTGCTACTAGC,530
TATCGGTCCAAAATCC,530
TGAGCTATGGAGGAAA,530
TGGGTTATAGAAGAAA,530
TTCGCGAAAATTCTTT,530
AAAAAGCTTATCAAGT,529
ACAAAAGCTTAAACAT,529
CTTTTCCCTAAAAGCT,529
GAACTTGAATTAATCA,529
GAGCTCCCGGGTACTA,529
GGCCACGCGATACTCC,529
TAGTTAATGAAATTTT,529
TATCAGCGCAATTTTC,529
TGCAGCCTTGCTAATA,529
TGTTTAAATGGAATAA,529
TTAATCAACCACTTCA,529
AGTAATTATCCCGCGA,528
CACCAATCGATTCATT,528
CCACCACGGTACTTTA,528
CGGACGTTCTGCACCG,528
CTAGATTCAACATAAA,528
CTGAGCCCACCCTCAA,528
CTTTATTAATGAAAGC,528
GGTCGCATATTTTCTA,528
TACATAAGAGTTGGAA,528
TATGTTCGCGGACAGG,528
AAAACTAGTTAAGCCA,527
AAGCGCTAATACTATC,527
ACAAAATATGCTAAAG,527
ACCAGTCCCAGGACAG,527
AGAAGTGGTACCAAAG,527
CACTTATAAAAAGGGG,527
CATCAGAAACCGGCCG,527
CCATTAAATACAATAT,527
GAGTTCCGATATTTCT,527
GCGTAATACTCGTCGT,527
GTGATGCTCACTACGG,527
AAAAGTATAACTTCAA,526
AAAGTGTCTAAATTAG,526
AAGAATATTAATATCT,526
AAGATACACCACCGTA,526
ACAAAAGTACAAATAT,526
ACGGTCCGTTATGACG,526
AGATATCAGTTAGCAA,526
ATTCATACACTCACGT,526
CACCTACTTACACAAC,526
CACGATACAATTGTTA,526
CCACTTATTTGATTAC,526
CGAATTTGATTTATCC,526
CTCAAAAAGCTAGATT,526
CTGCGAAGACTAAAAA,526
GCCAAAAGGTAGATGT,526
GTGAAACTGTTGTACT,526
TAATTCCAAGCTATAA,526
TGGCATCGAATCAGAG,526
AAACATGCAGCTATGT,525
AAATGTGTTGGATTTA,525
AACATTGGCCAGGAAT,525
AACTAAGAAACCCACC,525
ACCATTGGAATCAGTA,525
AGACAAATGCCTAACC,525
AGGTGACTGTAACCTG,525
CCAAAAGATTGTGGGG,525
CCGGCCTTCGTCAGGA,525
CGACCATCGAAGAAAT,525
CGAGCCATATATAACT,525
GAATCTACAGAATAAA,525
GAGACACCCGATAATT,525
GGCAAATCAGAGAGAT,525
GTACGATGATGCCAAA,525
TACTATCAAGCAAGCG,525
TGAAAAAGGGAATATT,525
TTTTTGAATAAACAGG,525
ACTACGACCAACACAT,524
ACTCGAAACTCGCAGC,524
ATCAGCAAAACCAAAA,524
ATGTAACTGGCTAGTC,524
ATTGGTACAGTTACTG,524
ATTTCGCTCAAAAAGA,524
CCCAGAAAACGTATAA,524
CGCTAACAATTGACAC,524
CGGCAATACATCTCCT,524
CGTATCGACCAAATAG,524
GGCAAGCGCAACTCAA,524
GGGGGAGTTTCCTACG,524
GTGAACAGTACGTAAA,524
AAACACTTAGATCCGA,523
AATACATGATGTGATT,523
ACACTATCATGCGTTA,523
AGGAAGCAACTGCCAA,523
AGTGAATAGCCAAAGT,523
ATAAAAACAAATCTAA,523
ATTGAGGATAGAATTC,523
CAGATCGCAAAGTACA,523
GATAAGGTTAGAAGCA,523
GCCTCCTTGTAGCACA,523
GTGATCTAATAATGTT,523
TACATATCACTTAACA,523
TGTACTAAGAGGACCC,523
TTAATACTGTAGCATG,523
TTTTAACGAGTGATTC,523
AAATGCCAATACTATA,522
AAGATTGCGGAATATT,522
AGTATGTTGGTCAAAT,522
AGTCCTAATGCAAACA,522
ATACTGAAATTAAACA,522
CGCTCACTTCCATAAT,522
CTCCTAATTTATTAGC,522
TAATCTCAGGACTCCC,522
TAGAGCGTCAAAGTTG,522
TGAATTATAAGAGAAT,522
TTTATCATACGAAAAT,522
AATTACCTACAGCCAG,521
AGAGGGAGATAGAGAA,521
AGCTTCTGCCTAGCAT,521
AGTTGCTCTATTACAT,521
ATCTAACTTGAGTCGA,521
CACTTTGTGATGCTAT,521
CTTAACTTGCAATTCA,521
TTGCCTGATGCGAAGT,521
AAACATCTTTACAAAA,520
AACCTGAATAGACTCC,520
AATACAATTTTGTATC,520
AATATGACTGAAAAAA,520
ATAGGGGATGAGACTG,520
CTAGCTGACCCGTTGG,520
GACGTATACAATGTAC,520
GAGTACACCTTCCAAC,520
GCTATCGTTCCCATAA,520
GCTGATACAGTTGCCC,520
GTTTAACAATACGTTG,520
TAAAGATTTGACCACA,520
TATTATACGTACTCAT,520
TCTATACTTTTAATGT,520
TTACGTTACAAAGCTA,520
AAAAATGGATATTGCA,519
AATTGAAAAGTTTTTT,519
ATCACTCTCATGATCC,519
ATCGCCCAGTCAGTCA,519
GATTTAAGGGGCCCCG,519
GGATTAATTACCACAT,519
TACAGCGTACTGAAGA,519
TCTCCGCCGGATTCAA,519
TGTCCGACACGTCTCG,519
TTCCGGATTCAATAAT,519
AAATACCTCATTCATG,518
AAGATCGACTACTAAG,518
AGAAAGAACGAATGTG,518
ATCTTACGCAAGCGAA,518
ATTCAAAAAAAAAAGA,518
GAAATAAGTTTATACA,518
GATAATTGTTATTCTA,518
TAAACAAAATTAATAT,518
TGGAACTCATGCTTTT,518
AAAAGCGAGATCAGGT,517
AAACCCTGATAGACGA,517
AAATCTAGAAGCTATA,517
AACAATGGCACTGAAT,517
AACGCATGAAGTGACG,517
ACCCAACTTCTTAAAT,517
AGACTTACGAATAGCC,517
AGGAATTCGAATTCAC,517
CGCTTATAACCGAGCT,517
CGTCTTATGTTTTACA,517
GAAAGCAAAATTCACT,517
GCAGGCGCTCCATCAA,517
AAATTATAAATCAAAA,516
ATCTAAGCACAGTTCA,516
ATTTATGAGCGGCTAC,516
CCATAAACAACTCAGG,516
CTTATAGTTCTTATCA,516
GGACCACCGACAGCCC,516
TATGCACCTTATCAAA,516
TCTAGAAACCTGTGCA,516
TCTAGAGGAAAATCAT,516
TCTCCTGGGAAGTCTT,516
AAATAATGAATTTCAC,515
AATGTAAAGTAATTGA,515
AGAGCAAAGATTAATC,515
CACACAAGCACCCAAA,515
CCTTCCCAGCTCATTA,515
CTAGACAACCAATAAT,515
GCTCCTCTTGCTAAGC,515
TACATTAATAGCTGTT,515
TTTAGACACTTCAAAA,515
AACCCAAAAGGGAGCA,514
AAGGCAAACGCTGAAG,514
ACAAGCATACTACTAA,514
ACAGCTCCATACGAAA,514
ACCTCAAAAAATACTC,514
AGCACGCCATCGCTTC,514
CCTGAGTCCAAACGCC,514
CTTTACACCGACGTAC,514
GAGAACAAGCTTAACG,514
TAGACAAGAATACCAG,514
TATAAAAGTACGAGAA,514
TCATGCATAATACGCC,514
TTTCGGTAACGAACAC,514
AAAGCGAGACCTAGGA,513
ACCTGATACGTTACAA,513
AGAGATCACTACATGC,513
ATATCGGAAATACTCC,513
ATTTATATAATCCTTA,513
CCAGAGAGTTAGAAAT,513
CCTATATAAACCGGGA,513
CCTTTGCATCAAGAAT,513
CTCCGTTGATGGCATA,513
TACATAGCCAGATTCT,513
TCCGTTAAGGAAACGA,513
TCTAATGGTGTTAACC,513
TTAGCAAATGAGTCAG,513
AAAATGAACTTCAAAT,512
AAATTTAAGCAATTTG,512
AAGCGATAGTTTTTAA,512
AGGAAATCGTAAATAG,512
ATAACAGATACTAATC,512
CAAAAATAATATCGTC,512
CACTCCCACAACAAAA,512
CGCGACCTGCATTCTG,512
CTAGAGACAACTAATA,512
GTGTACTATAGAACCC,512
AACATCAGCATACTCT,511
AAGGGAATGATTTAAG,511
CAATATACTAGGTTGA,511
CAGGTGTTAGGACAGT,511
CCGGCACGCGGCTCTT,511
CTATGCTGACGCTGGA,511
GAAATAGACGCTTTAC,511
GATTTATATACTCGAT,511
GCCGTGCCTAAAAGGA,511
GGCCGAGTGCTACTAA,511
TCCTTGGTTGGCCAAA,511
TGACAAATCCTGGACG,511
TTACAGCCGATTTCGA,511
AAATGGAAACACACCA,510
AGCAGAATGGAAGAAA,510
ATCACGCCAGAATACA,510
CAAATTACAAGTATAT,510
CCCTCGGCTAAAATAG,510
CTATGGGCTAATTGCG,510
GAAAACCACATCCTCT,510
GAATTAAAAATATTCA,510
TAATTAATATATAAGC,510
TACTATATACGAAACA,510
TTAAATCGCTCAAAGT,510
TTAAGAATAAGCAAGG,510
ACCTGTAATTTACAGG,509
ATGATATGTACTCTTA,509
ATTAGTGGTTCAGGTA,509
CAATATGCTTACAGTG,509
CACAGAGTCAACTGGC,509
CCCCAATATGTAGAGA,509
CGGACAATCAAATATA,509
CTAATAATATCGAGAA,509
CTGGACGTCGTAGGTC,509
CTTGATTCTGATAACT,509
CTTTGACTAAGCCAGA,509
GATCCGTTTTAAATGT,509
GTACCAAAAATACTAT,509
TAACGTAACGTTTTCG,509
TACGCCACAAGGGCAA,509
TCTTATTGCATAAAAA,509
AACCACAAAATATGGG,508
AAGCAGTTAAATCATA,508
ACAAACCAGTTCTGTA,508
ATACAGAAATGCAAGG,508
ATTCGCTATACCGCGC,508
CAAAACAACTCCAATA,508
CACCCTCATCCTTGAC,508
CTCACACTAAAAGGGT,508
CTGGCACAAAATCGTT,508
GAATGTTGACGGACCT,508
GATACGTTTTCTTGGC,508
GCTGAACAAAACAGCA,508
GGAACCTATTTGAAAT,508
TAAAGGAGCTATGGCT,508
TGTCCCAAAGAGATAA,508
TTAAGTTTGTAATAAA,508
AAACATGAGACCAAAA,507
AACGTTTATAACACAT,507
AATCCATCTCCGGGGT,507
CACGGAGACTCTGCAA,507
GTACTTCCGAGTAACT,507
GTAGAAATCTCTACAA,507
GTTGCTAGAATTGCAT,507
TTAAAAGAAGATTTGC,507
TTATACGGAATAGATT,507
TTTATCATGAAAAACC,507
TTTGGTACTTGTAGAA,507
AAATGGTACATGTACT,506
ACGTAAAAGGATTACC,506
ACTCCCCGCTGAAGAG,506
AGGGCCCTAAGACCTA,506
ATCACTGGCTTGGTTA,506
CCCCTCTTGACAAAGA,506
CGATATGATGAATTGA,506
GACTCAGATCGATATT,506
GATCCCTGAGAAGATT,506
TAAATAAAAATTTTAA,506
TAATTGGCTCAGTTAG,506
TAGAACCCCGTCCGCA,506
TATGATGCCCCATTCC,506
TGACATCCGAGGAACC,506
AACGGTTGACAACTAT,505
AACGTTTGTTGCTTAA,505
AAGAGATTTTCAGACC,505
AAGCTGGATCCTAATA,505
ACTGTAGTGGGACAAC,505
AGTTATCCAGTTAGTC,505
AGTTTACAGCACCAAC,505
ATAACCACTCACTTCA,505
ATATGAATAACAATGC,505
CTCCGGTCCCTTCAAA,505
GATGATACCCATACGT,505
GCAACGATAATCCTAG,505
GCCCCTATAGTAAAGA,505
GCGGGTACAGATCGTA,505
GGCCCAGAAATAAATA,505
GTGATCAATACGTCCG,505
TAACATCTGCCCCGTA,505
TATATGCTACAAAAAA,505
TCTGAACTTGATTATA,505
TTCAGACCATCTGAAT,505
TTTCTAAAGGAACCCT,505
AAATATAGTGCCCCCA,504
AATGTAGTCCACAGAA,504
ACTCATGATCAACTCG,504
CTGATCCAGCGGCAGG,504
CTTTAGAAACTTTTAG,504
GAATTTGTATACCCTG,504
TAAACTGTGCCTACAT,504
TAGACGTTAATGGATA,504
TCATATTACTAAGATT,504
TCATGGTCTGCAGTAC,504
TGGAGGGATACAAACC,504
TTATTACTTTCAACTG,504
TTCTAACAAAAACCTG,504
AACATTTCATGGATAC,503
AAGAGCTATACAAATG,503
AAGATATGGGAAAACT,503
AATATAACGGATCCGC,503
AATTGACAAATCTACA,503
ATCCTACGCCCCAAAT,503
CAAGATACCAGACGGA,503
CACACACATAAGTATA,503
CATAATCGCAATAAGT,503
GCCGACTGAACCGCGT,503
GTTTTAGACGAGGACT,503
TTTACCATACGATATT,503
TTTGACCGCGTAAAAT,503
AACCAGCAAGACTAAC,502
ACCAACCATACCTGCA,502
CAAATCCATTTAAGTA,502
CCCGTCACGCTAGCGA,502
GAATAAACCTACATCA,502
TAAAGTATTACAACAA,502
TAAGTTGATAAGAAGA,502
TCTCGACGAGACCAGC,502
TGCGAAATCGTCGAAT,502
TTTCCGGGAAAAAGAA,502
AAAATAAGAAAAGCTA,501
ACGGCTCTGGGAAAAA,501
ACGTAACGTGATTCCT,501
CCATCCTCATGCATGT,501
CCGACACGCGCAGAGA,501
CTCTGTTTTCAACCAC,501
CTGGTGATACGTGCTT,501
GTAGATTCATTAGTAT,501
TGGATTACAAAGTTAG,501
TTACTCATATCTAAGG,501
AAAGGCAAGCTTAAGG,500
AAATACAACATTCAGG,500
AACATCATGAATACCA,500
AACGAAACTATAGCCC,500
AATAAAATCCTGACCG,500
AATTTATGTTTAAGTA,500
ACCTCATCTAGGATAC,500
ACTGTCAAACTTTGAT,500
AGAGTTTTCAACCCCA,500
ATAATAAAAACCCAGA,500
ATACCAAAAATACAAC,500
ATACCCTACGTAAAAC,500
CCCAGAACAGGTTATA,500
CCCTGTACACCCGTTA,500
CCTGGACAGCGGCATT,500
CTAAGGCAGAAAAAAT,500
CTATGTATGTCCGTAC,500
CTTAAAGCCTAGCTTA,500
GACGGTCACTAAGTAG,500
TACTTACTGTCCGAGA,500
TAGTCTCCATACACCT,500
TCGATTAATTAAGTGC,500
TGTACGACTTTAATTT,500
AAATTAGCCCATGGTT,499
AACTCAAGTACGTAAC,499
ACTTGCTGTAAAAATT,499
AGGTGTACAGACAGTC,499
CAACAGAATACAAATC,499
CGAGCTATAAATGCAA,499
CTCAAGTCAATACTGT,499
GGCCCAAAATGATAGC,499
TAACCAGACAATCATG,499
TATATAACTTATACAA,499
TGACCCAGTCATAGCT,499
TTCTGCTACTTTGTAT,499
AAAAAAGCAGATGCAT,498
AAAACTATAACGACTT,498
AACTGATTATGAAAAA,498
AAGACGTATGGACTGT,498
AAGTGCTGACTGAAAG,498
AATAAAATATAATGAA,498
ACCACACTAGAAAAAA,498
ACGTGATACCTTTTAC,498
ACTCGTAAACATTGCA,498
AGCTAAGTATTATATC,498
AGTGAATGGTCATGCT,498
ATTACCAAAAGGAGAG,498
CACGGACCGGCACCTA,498
CACTGTAAGAAACCGA,498
GATGAATCATTCCTGG,498
GGGTACCCTAATGTAA,498
GTTATAGCGTACTAGC,498
GTTATCCCGAAACACA,498
TATTGAGAGCTTTAGA,498
TCAGTCAATGCACCTA,498
TCGCGATTAAAAACCC,498
TGAAAAAAACTCTCGC,498
TGAAACAAAAAATAAA,498
TTGAAGAAATACGACC,498
ACCATTCTGATATGAG,497
ATTTTTATATAGTATA,497
CTAGTACAAAAGGTAA,497
TAAGAAGAGTTAAAGA,497
TACATCGTTCGCCACA,497
TGAAAACCTAGCTGTA,497
TTTCTAGACGTCAGTT,497
ACCAAATACCGTTAAA,496
ACCATACATAGCAAGA,496
ACTAAAGCAGATGATT,496
AGATCTATATAAATCC,496
ATCTATGACCAAAATA,496
CAATTCATGAGAAGCA,496
GAAAGAAACCATACCA,496
GATAAGGAACATTAAA,496
GCCCAGGACTTAAACA,496
GGACACTTTGATCCTC,496
TAAGAACAGATTTGAA,496
TCCATCGATACTCAAC,496
AAACCAAGACCCGAAC,495
AAGACCAAAGGTTAGC,495
AGGTACCTTACGAGAC,495
ATGGCATACATTAGCC,495
ATTCGCAAGCAAATTA,495
CCAATAGTTAAGGTCA,495
CGCAGTCGCTAAACAT,495
CGCCGGCAATTTGAAT,495
CTTGGAATCCACATCT,495
TAAGAATTAACATAAT,495
TACTGCTAAACCGATG,495
TCCGGAACTTTCTACC,495
TTTGCGATACAGCTTG,495
AAGTAACCTAATGTTT,494
ACATCCTTAAACTAGG,494
AGAAACGATTATACCC,494
AGGAAGACGTCCGAAG,494
ATATTTGCCGATTGAG,494
CCCGGTGAACGCTCCG,494
CCGAGAGTGTAAAAAT,494
CTGCCTTCGAGGTTAA,494
GAACCATAACTCATGA,494
GAAGATTACGTTGAAC,494
GACGATAATAACATAG,494
GAGTGCATAACAGCCT,494
GCACTGGATTGAGTGA,494
GGCGTGTACCAATTTA,494
TAAGAAGCCCAATATC,494
TAATCCACTCTTCAAG,494
TAGACGAATGAAACAT,494
TATTCCCCCTTTATAC,494
TATTTAGAAGTCAAAC,494
TCAATCCACACATAAA,494
TGGCTGATTCGCCAAG,494
AAGTCCGGGTCCACGA,493
AGAGACTGTTATGCAG,493
AGAGCTCACCAATGTT,493
AGTACGGGTCATATAC,493
ATTCTAACGTCCAGAC,493
CAATTCTACAAATCAC,493
CACGTACCGAGTCTTA,493
CATACCAAGGTCGTTG,493
CCTACTAAAAGTGACC,493
CGTCCCCACTTAATGA,493
GAAACCAACCAGTTTT,493
GATCGCTCTCCCAAAC,493
TCTAAATATATCAGTA,493
TCTCGTAAGTACTCAG,493
TTATACGAATGGGCGA,493
TTCCTCTTCCGACTTA,493
TTGGTAGCGGTATTCT,493
AAATAATGCATGTTCC,492
AAATTATATTCGTTAA,492
ACAAATATGCTGGACT,492
AGGCCTGTTAATGGGA,492
CAAAAATATCACTCCC,492
CACCCTCTTTTGTTAT,492
CCGATGTGTATTAATA,492
CGCCATCTGAATAATA,492
GAATATATCGAGGGAA,492
GTTAGGTGAGCTAAAT,492
TAAAAACGGCTGAAGC,492
TAGCGTATCCGCCTAT,492
TCATCAGAGATAACGA,492
TGATACACTTACTTCT,492
AACGCTAACCAACCTA,491
ACCTACCACGGATTAC,491
AGTTAGCTACTTGTAA,491
CCCCCCACTTTACACG,491
GAAAGGATTGCGTTAA,491
GGCTTCGATCTAACAA,491
GGGATATCTGACTAAC,491
TAAACTATGCGACTCA,491
TAAGAGCTCTTTAAAC,491
TTGATATAGAACTGAC,491
AAACACGTGTGTTTAG,490
AAAGAAATGCGGATCT,490
AAATTTCTCAAATGCC,490
AGTTTGAACCCAGCCC,490
ATGTCTTGCAGGTTCT,490
ATTAACTGAGCTAGTA,490
CAAACGAGTTAAGAGA,490
CCCCCCATCGTAAATG,490
GAAGACGAGTATATAC,490
GAGTAAATCATAAATT,490
GATGACCTGCGCGTCT,490
GGTCTAAAGCTCGTAC,490
GTAGAAACATAACCTG,490
TAAATAACCTGATGTT,490
TAACGCCCCCGAATGT,490
TATTCAATTCAAGAGA,490
TTCTTGAACTATTGAT,490
AGTTATCGCAAAAACG,489
ATTACTCAGACGGACA,489
CATAACTACGAACTCC,489
CCACAAAAAGCAACCA,489
GCGTGATTGTCGTAGA,489
GGGCAAAAATGAAGAA,489
TACAGTTGTAAACCAT,489
TATGGATATAATGAGA,489
TCCAGACACCAATTCT,489
TTAAAGAAAACTCATG,489
AAACACTAAAACTTTA,488
AACTTTTTACCTGAGA,488
AAGACTAAGAAAAATT,488
CAAATTCGCTATTCCT,488
CGCCCGGACTGACGCC,488
CTACCTGTAAAAAATT,488
GAGCCAAAAAGTACAC,488
GGTAAAAAGGATCAAG,488
TATAAAAATCCTGCTA,488
TTCTTACACACGTAGG,488
AAAACATGCCGTAAAT,487
AAGCTACAAAACCCAT,487
ACACAGGGCTCCTCCA,487
ACTGATTCTGTATAAT,487
AGGCGAGTTTCAGAGG,487
AGTATATTGTGCAACT,487
ATAAGTTTAAACATAA,487
ATTGATTCATATAAAA,487
GATGCGTATGTGATCT,487
GCCTCAAACTAAAAAA,487
GTAAACCGGATAAAAA,487
GTACAATTTCCGCTAC,487
TAACAGAAGGAATAGA,487
TCGGCGATAATGCTCG,487
TGCTGGTACCTTCAAT,487
TGTAACGGTACGACCC,487
TTACATCATTAGATAA,487
TTACTAGCTTCAACCT,487
AAGTTCGACACATAGT,486
ACGCGAAATTGAAGCA,486
ATTAAAGGGTCATCTG,486
CCTGTAACAGTCAAGC,486
CGTCCAGCGCTCACGA,486
GACTTAATAGCGCATT,486
GAGAAGAAAGCTACTG,486
GGGATACTATGTAGTA,486
TAACAATGTCTAATTG,486
TACACAATGAATATTT,486
TAGGTAGAACGGACGC,486
TTTAAAGTGATATGAC,486
AACAGACTCCAGACGC,485
ACGAGCAGTAATTCAC,485
AGAGAAATCGTCTCCA,485
AGTTAAAAAGAAGATT,485
CACCTAGAATCAAACA,485
CATCATTTTACGAAGC,485
GACCCGGATGTCCGGT,485
GTATGACGTGTCATCT,485
TAACAATTACTTTGCC,485
TCTAAATGCTATGATT,485
TTACTAGAATACGGCT,485
TTTAACTAACTTGAAT,485
AACTGAAAAGACCAAC,484
AAGATTAATCATAAAA,484
AAGTAGCACATCGGCG,484
ACGTCATGATGACCTT,484
ACTACACCGAGAGGCA,484
AGAAAAATGACAGATA,484
AGGACAGCGAACAATC,484
AGTTACCATTCGCTCC,484
ATTGGAGGCATCCATC,484
CAAATAGGCAACGTAT,484
CGTTGCGAGCGAAGAC,484
CTAAGAATTCCACTTT,484
CTGGTTGCGACGTATA,484
CTTTTAGACTATAATC,484
GACTTAATTTTTTACG,484
GGGTGAACGGTCCTAT,484
TGTGCTAGGATACCTG,484
AAACGCAATTGATTTA,483
AAAGCCACACACCCAT,483
AACCATGCACTTTACA,483
AAGAGGATTGATATAG,483
ACAACAATTGAAATAT,483
ACCGGTACATCGATAC,483
AGAACCACATGGAAGA,483
AGATCACTCATAAAAT,483
AGATTAAAATTGCCCT,483
CAAGGAAGACTAAAAC,483
CAGTATAAAATAAATG,483
CGAAAATCAGAGTACA,483
CGGTGTAACCCAACAA,483
CTCCTAGTGGAGTTTC,483
GAAAACTGTAGACGGC,483
GATCCATTTCAATTTG,483
GCGCATGCGCAGCAAC,483
GTAGCTTCTAACCATA,483
GTTATTAAAAAATGTC,483
TAGCATTTATTGAGTA,483
TCTCTCTCTGGCAAGA,483
AACTTTTTATATCTCC,482
ATGCCAATTAACTAAG,482
CAGTAAGATTAGAAAA,482
CGTTATCTCCCTAACT,482
GGAATAGATAGAAGTC,482
GGCATGGATTCAAAAG,482
GGTTATTACATTAATA,482
GTAACTACGTTTTCCC,482
TATTCCAGAATAACTC,482
TCTAAATAATTAATGC,482
TTTCAGATCGAGAGAA,482
AACCAAGCCTGACATT,481
ACAACAGACTGCTATT,481
CATGATACCCATTAAC,481
CGAGAGTCCAATTTCA,481
GACATAAACCATCAAA,481
GCAAGAAAACTTTAGT,481
TCATAATACCGTTGAT,481
TCGAGGTAACTGTGTC,481
TTGAGAGCCCAACGAG,481
AAAACAAAAATTTCCT,480
AACACAACACTCTATG,480
AGTTGAAAACGATTAG,480
ATATGTACATAGATAC,480
ATCAATTAAACTCAAG,480
CAAAAGTTAAGGTATG,480
CGACAGTTTCGCAGCG,480
CGATCAGAAACCTGTC,480
CTGTCATAGCCAACCA,480
GATGCCGTATAGTTAC,480
GTTTAATAAGACAACA,480
TCACTGTAGCGCACAC,480
TCCTTTAGAACATTAG,480
TGTATTAAGCCTGGCT,480
AAATAAGAGATAAGAA,479
ATGGCCCCGTTGCGAG,479
ATTCGCTTTTAACGTA,479
ATTTTAGCATATTTAA,479
CCCGGGTCTATCGGCA,479
CGTTTGACGGATTCTG,479
CTCAGTTACGTGGTCT,479
GACAAACTAGCGACAC,479
GACGAAAATTATGAAT,479
GCTTCAGCCCTAAACG,479
GGAGGTTTACGCCATA,479
GGAGTATGAACACAGA,479
GGCTCGTAAGAATCCC,479
GTTATATGACCTATAA,479
TAATATTCTTCCACTC,479
TAATTTACCAGAAATG,479
TAGACCTCCTCAAGGA,479
TGAACAGGAAAGCTTT,479
TTACATCGATAGTGGT,479
AAGATCTCGCAAAATA,478
ATTAGCGCACTTACGA,478
CAACCAATGTAACCAA,478
CAGGTTTGCCCCTGAC,478
CGCCAGCCATATCAAA,478
GAGGCTATAAGATGGT,478
GCACAGTGCACATCAA,478
GCACTCCGGATAGACA,478
GTGAAAATAACGAGAA,478
TAATTTAGACTGTGAA,478
TATGAATAGTGAATTT,478
TGTTAACCTGACAAAT,478
ATACCCAAATTGAGGA,477
ATTTCACAACACAGCC,477
CAACCACTAACTATTA,477
CTAATAAATACTGACT,477
CTTTCGTACCTCTAGA,477
GAACTTGGTGTCTAAA,477
TAGAAACAGTCTCCCG,477
TATGTAAATGAACTTA,477
TTCTATTTATACTCAA,477
TTGTATACCGGACGAC,477
AAAGACCCCGTTCACA,476
AAAGTCAGAGCTGGGT,476
AAGAACAACACCTGTA,476
ACCAGTGCCACAAAAT,476
ACTCTGAACACCTATT,476
ACTTCCCACAATTACC,476
AGAAATGCCGACTCAC,476
ATAAATAAGTTAGTAA,476
GACCATGCAACACCAA,476
GCCAATACTGCCCTCT,476
GTTGTTGGAGTGCTTC,476
TCTGATCTAAACCTAC,476
TTTATTCAAAGCGACT,476
AAACGTTTAGGAAAAT,475
AAAGGACAGGCGTATA,475
AAGCGCATCGAGCTCG,475
ACCAAAGGACAAAGGC,475
ACTGGGGCCAAAAACA,475
AGCTAAGGGAGCCCAA,475
AGTAATAGTAACCAAG,475
CAACTCAGAATGATAT,475
CACAAAAATGCTTCGA,475
CGAATCAACATCTATC,475
CGATCTTGCAAAAGAT,475
AACTCACATAGAAGCC,474
ACAGACGCATTTGAAT,474
ACATGCACAACACCGT,474
AGAGAGATTAATACAT,474
AGCCCGTAGCTAGCAC,474
AGCTTTCTAATCACAC,474
CACAACCAAATATTAA,474
GACTGTGAATGTAAAT,474
GTAAAGGATAGATCAG,474
TAGAGTACAATATCTC,474
TGATCAGACGTTATTA,474
TTGAAGACAACCGATC,474
TTGGCGATCCAACGAA,474
TTTCACAAACAGTTAA,474
ACACTAACAGAAACAG,473
ACCCCATTAAATAGCA,473
ACTAAATCGATGTCCG,473
CATTCTTAAGTTAACT,473
TCGACAATTCGAGCCC,473
TCTAAATCCTGAGAAA,473
TTCTCACCGCCTACAG,473
AAAAAGATGATGACCC,472
AAGAGACATTAAACGT,472
AGGATTGAGATGATCT,472
ATAGGTTTTAAACAAA,472
ATGAAGCTAATTAATA,472
CAAACGCTGAGGTAGA,472
CAATTTCGAATGAAGG,472
CACGAACTCCAATATC,472
CGAAAAAAAATATTAG,472
CGAGTCTACACTTCCC,472
GTCAAAAGTTCTCAGG,472
TATTAACTTCATTGAA,472
TCTATGCCTATTCAGT,472
TTAGGGCGTGACGCAA,472
TTATCCTTAATTTTCC,472
AAATTATGTTCGGCAA,471
AACAAACAGACGATTA,471
AACGTTCGAACATTCA,471
AACTTTTTAAACGAGA,471
AGCAGGATTCTCACAT,471
AGTTGAACAGGCCATC,471
ATTGCATAATGTCGCG,471
CACATAGGACAACAAA,471
CTAATGGTTGCCCTGA,471
CTACGAGCTGATGAAT,471
GCAGTATCATCCGACC,471
TCTTAGCATTGGCACC,471
AAATTTACAAAGCGGG,470
AAGAGTAAGAGTTCAT,470
ACTTCATTACCAAAAG,470
ATAAAGAGTGACGCCT,470
ATAGTGTATGAGGCAA,470
ATTTTAACTTTATGCA,470
CGAGTAACAAACTATA,470
GAAATTGTAGCACATC,470
GAGATCCATCTGATAA,470
GAGCAAAGCACTTGCC,470
GTCCTAGCAGCCCGAA,470
TAAACTCAGAATGTCG,470
TACGAAGCGATGAGTT,470
TATCTAGTGCCGGATC,470
TTGTTAACAGATTCCT,470
AATAGCGACCCTCTAC,469
AATGTTAAAAAAACAC,469
ACGAACAACTTAATTG,469
ATAAAACCCAATGCGT,469
CAAACTCAAATGGATC,469
CTTATCGACAAAGTAA,469
GCGCCAATACGTGACC,469
GGGGAAGTGCCTAACT,469
GGGTGGTTAATTCATT,469
GTAATCGACCGGTAAT,469
TAAGCAACATGATATA,469
TAAGCGTCACACACAT,469
TCAACGTTGTCAAAAC,469
TCTTCCATTGGACACC,469
ACTACACATCGGTGGA,468
AGAATAAGCTAACACA,468
AGACGTAGGCAGACAG,468
ATAGTACGCAAGCATA,468
ATATAGGTAGTGAAAT,468
CAAAATTTAGGTGACA,468
CCGACGCCAACCATGA,468
CCTCTCAAATGATTTA,468
CGAAATCTCAAAGTAA,468
CGCACACAAAATACGG,468
CTCACACATATGCAAC,468
GAATTCAGTAAATCGG,468
GAATTGCGTGCCCAGA,468
GAGTCCATAGAATGAA,468
GTAACCATAATCAACT,468
GTGTATGACAGTACGT,468
AAATCAATTATAGTGT,467
AACAACTCAGTCAACA,467
ACCGAGTCCATTTTGT,467
ACTGACAAAAACAAAA,467
ATCGTTGGTATAGGAT,467
CGAAGTCTAAAGGGCC,467
CTTTGTCATATACCCA,467
GAGAGAATTTAAGACT,467
GCCTAGGATACACAGA,467
GCTCAAGAAGCACTGA,467
TCCAAACGTTATGTCC,467
TTCCAGAAGCACATCT,467
AAAAAGAAGATACAAA,466
AAAAGGATTATGGAGT,466
AAAGTCATAACGTAGT,466
AAGCTACATTCCTAAA,466
AGCACCTAAACAACTA,466
AGCCTGGATTAGCTAT,466
AGTTTCAGACGAAAAT,466
ATCGAGGCATACTATA,466
ATGAGCATTAATCTCA,466
ATTACATATATACAGC,466
ATTCGGAAACAAACGA,466
CATACTAACTTAGACA,466
CCTAAGCACACTTGTA,466
CGAACCACTTTTATAC,466
CGAATTCCAGATAATT,466
GAAGAATCAATGGACG,466
GCATTCAATGACTTTA,466
GCGTCAACTGAACGCT,466
TATATTCTCAAAGGTG,466
TCGATACCATTGAGCA,466
TCTATCATTTATAAAC,466
TGAGGTTACTTTGCTA,466
TTACGTACTTTAACCT,466
AAATGATACTACTTAT,465
AATTCACATCGCTCGC,465
AGAAATGGATTTATAA,465
ATAAGAGCCGAGATAA,465
GATCTTGACTTCAGTA,465
GCCGCAGGCCCTTTGA,465
GCGACCTTTAGCGCTG,465
GGTATTGGATTTAGGA,465
GTGCCCATTGAAACAG,465
TAAACGGAACCTAAGT,465
TGTATGAGGAAGCTGC,465
TTCTAAAGGTATATGA,465
AACCTCTGACAACCAC,464
AGTAATGCCGAATATA,464
ATAAAGTCGTCAAAAG,464
ATTACATCTAAAGGCA,464
GTGTGAAAAAGTAGAT,464
TGCCTTATAAAAGTAA,464
TTATCCTAGTGGATAA,464
AAAACTCACGCCTGGT,463
AATCATAAAAAGCACT,463
AATCTCAAGATCGAAG,463
AGAATTTGATCAAATG,463
AGGTAAAAGTATTAAA,463
ATCACACCGAATTGGA,463
CCAAACTTAGGATCAT,463
CTCCAACTACCAATCA,463
GACTGAATACACATAC,463
GCATTGTCACCTACCG,463
GTTCGAGCCACGAGAA,463
TGGGTCAAAGCCACAA,463
AAATCTATACAAGAGT,462
AATATACCTTTATACT,462
ACAGTCCATTCTATTC,462
ACATAACATATACTAA,462
AGAATCAAAAGTACTC,462
ATCACACAACAATATA,462
CTAATAATATCAAACA,462
GAAGGCATGCCTGTGT,462
TATCTAGAGACTATCG,462
TGTCGAGTCATGGACA,462
AGTACGAACGAACTCT,461
AGTCGCCTAACTTGAA,461
ATAAAAAGCGTGTTCT,461
ATTGATGTCTGGAGCT,461
CAAGTACCAAGAACCC,461
CATTCTAAAATCCCTA,461
CGATCCCATTAAATAA,461
CTAAGTACTGACTCAA,461
GAAATGGGAAACCCCC,461
GAATCAACTAAGTTTG,461
GACTCTTTGACTTTTC,461
TCAAATACATATGATA,461
TCAGACCGAACGTATG,461
TGAATAGAGCAAGAGA,461
TTTTATCCTTACTAGA,461
ATAGTTAGTCTAGTTA,460
CAAGAACCAGAACAAG,460
CATACTTTTACGTCTT,460
CTGGCGAACGCCGCAC,460
GCACTCTAATTATCTT,460
TAAAGACTATTACGGA,460
TGCTCCCAAGCAGAGA,460
AATATACAGATCGAGG,459
AGAGGAACTGGTTGGT,459
ATGATAGATAAAGCAT,459
CTAGATTTATTTTCAT,459
CTTAATACTGGTTTGT,459
GAACTATTAGTGATAA,459
GACCCTAACACAATTT,459
TAGAAAATATACATGA,459
TATGAAAATACAACAA,459
TTCATAACATAGCTGA,459
TTTACAAGATAGCCAT,459
AAACTATCACACAAAA,458
ACATAACATTGGATTT,458
ACTACAGGGATCCGTT,458
ATACGTGGACTTTTCG,458
CAACTCAGAATCGAGC,458
CGCAAAAACACCCACT,458
GAAAGAAAACAAACTC,458
GACAAAGATCCCGTTG,458
GTGTAAAAGGTATAAA,458
GTTTGAGAGGTTCGAT,458
TCTGAAATTACTGTAC,458
AAGCCTCAATGCAACT,457
ACTCTTCGATGGGCCT,457
AGAGAGAACTCGGAAG,457
CCGCCTCGTCATCCTC,457
TATCTGAACACTTAGA,457
TCGTAAGAATGAAAAA,457
TGGATACTACAAAAGA,457
TTCCCTAGGCTCGCCA,457
ATAGCAATTCAAACAA,456
ATGAACGATGCGGTAC,456
CGGTTCAAATGACATC,456
CGTCCGTTCCGAACAA,456
CTGTCTCAGGGCACAA,456
GCTTGTCATCATCAAA,456
GTTACTACGATGCTGA,456
TAATAAGAAGCACCAA,456
AAATACCCGTACCTAA,455
AACATCCACTTTATTA,455
ACAGGATCTATATCTG,455
ACCTAAAAGAGATTAA,455
ATACAAGAAGGTCCCC,455
ATCACGCAGCCCAGTT,455
CACGAATAATTACACT,455
CCGGCACTCAATACCA,455
CGAATTGACCCTTTTA,455
GGGATATAACTAAGAC,455
TAATGCCACAATCTCA,455
TTGGACTTACCATGGG,455
TTTGCGAAACATTCAA,455
AACTATAAAGGCTTAT,454
AGTAACTTTTGGCACA,454
ATGATAATGTATTGGA,454
ATGTACTCTTTTACTA,454
ATTTACAGACATCATC,454
CGGAAAAGCCACATCA,454
CTAGAAACGCAATGGA,454
GAACGGCAACACCTCA,454
GTTGTGCATTGCCACG,454
TATATCAAGCTCACAC,454
TGAATTTAAAGATGCA,454
TGCAGAAATCGACCTG,454
TGTGTCCCCCGTTAAA,454
AGGACCCTCAATACGA,453
ATCGCTGGGCGATACA,453
CCATAACTTTTAGATA,453
CCTAAGGGACAGGTGG,453
CCTATATTTCTTGATC,453
CTATCTTTTAAAGGTC,453
GGACTATTGACCTAAA,453
TTTTGTTCAAAGCGAC,453
AGTCAGTAAATCGTGA,452
CGGCACGGAAACTAGC,452
CTGATTGGATATCACA,452
GAGGCACGCATCCACA,452
GATTAACGCCAGACAC,452
GCTCGATCTACCAAAA,452
TAAAAAATATTGAAAA,452
TACAATATTCCCCAAA,452
TACCGCGAGTACGATT,452
TCAGTAACGTTCAAGA,452
TCTGTTATTGACTGAC,452
TTAGGGAATAGAACAA,452
TTTTAGCAAGGGAAAA,452
AAACAGATTCCATAAT,451
AATATCATAATTAGAA,451
ATTCCTTTCATGGGTA,451
CACATCAACTGAAAAT,451
CAGTAAACACTCCCTC,451
GAACGGAACGATTAGT,451
GAATTCGCTAAGGTCA,451
GAGCGGAATCGCGGGT,451
GCATATTCTCTTTAAA,451
GGAGTTTCCCGGGGTG,451
GGGAGAAACTTAGATA,451
TAATCCACGCCGGGGG,451
TACAACAAAATATAAC,451
TCATCGACCACCTGGT,451
AAAGACATGCATAACG,450
AAAGTACCGGTTTGTC,450
AAGCAAAGAAATAAGG,450
AATTTCCAGGAGCGGA,450
ACCTTTTTACACGATG,450
CGAGAATTAGCGGTAA,450
CTACTAGCCAATACTC,450
CTTATATGATAGGCAA,450
GAGTATATTAGGAAAA,450
GCATAAAAAAAAATGA,450
GTGTTTAATAAGTAAA,450
TTACCAATGGGACACG,450
ACCGAAATAAAAAACA,449
AGACAAACATTCCGAA,449
AGCTACTAACCGGCGC,449
CTTTGGATTCTCTTCT,449
GATATAAACCTTGCAG,449
GGAAAACGTTTTTAGT,449
GTGCTTCCTAATGTAA,449
TAAGCCCACAAAATTT,449
TAGAGCACGTTGATTG,449
TATGTTGGATTTTAAA,449
TCGGTTGGATAAAGAG,449
TTAACACCTTTTATGC,449
TTATTGACGGAGAATT,449
ACAGATAGCAGCTAAG,448
ATAAATAAGGCGGAAA,448
CAGGTAGAGTCCATGA,448
CAGGTGAGCAATACGA,448
GAGTCACAGCCACAAA,448
GATTTATGGCATTCCA,448
GCTCTTTTCTCGGCCT,448
GGGACCAAATCAAAAT,448
GTCCCCCTGCCGTCCC,448
TATGTAATACAACAAT,448
TCAATTGAAGCATCGT,448
TGCTACTTGAGTAGTG,448
TTCGGGGGACACAATG,448
AAATGAACGACCGTGA,447
ATAATTAGGCTATATC,447
ATCGCAACATACTAGC,447
CAATAACCGCGCTGCA,447
CGACGATCTTATGACC,447
GATAAAAGCGATACAG,447
GCACAGGCTCAATATA,447
GGTGTGTAACATTTTA,447
TACAATACGCCTGTAG,447
TCACTTTTCCATCAGC,447
TCCCTTCCGGCCACTT,447
TGACCACCCAACAGTA,447
TGATGAAAATATATAG,447
AAGAAACGTTGTGTCC,446
AGGATACCCTCAGAAA,446
AGTATGCGAAGTCGGT,446
CGACAAATAAAAAATA,446
CTCTGACCTTAGTAAG,446
CTTTTAAGTCACAAAG,446
GAATGGGTTAGGTCAA,446
GTGCAACAAATAAATA,446
TAGGTTGATGCACGAG,446
TCTACGAGAAGCTCGC,446
AACTACCTTGAATTTG,445
AATCAATTCAGAGAAA,445
ACCCAAGCATATTGAG,445
ATAAGCTTATAGTGTA,445
ATACAAATTACATCCT,445
CGTAATTATAGCCTAA,445
GCAAATGTTCAGGGTG,445
GGAAGAATAAGCAAAA,445
TAAGTAATCGAAGTAT,445
TATTTTAAACAATAAA,445
TGAATGGAGTATGCCT,445
TGATAATGAGGGAGAC,445
TGATATTGCATATCTC,445
TGTTTCTAAATCGAAG,445
AAAAGGAGAATAAACG,444
AAATTTGTGCGCTACT,444
ATACTCTTCAAAGCGC,444
ATATTAAAATCACAAG,444
CACGATCTGAAAAGTC,444
CCACGGACGATAAAAA,444
CGCGAGAGCCACTATG,444
GATGATCAAGGACATA,444
GTGCATTACCCGAGCT,444
GTTTAGATCTACGACC,444
TAATAAATCGCTAAGC,444
TACTCTACGTCAGTTG,444
TAGTTGCAAGGCTATA,444
ACGTTCCCGGACTATC,443
AGATGGAAACTTTTTG,443
AGTCTTAAAGAGAAAG,443
ATTACGCAACTTGATT,443
ATTATATTGAACTTCT,443
CCTAGAAGATGTCAAA,443
CGTACTTAAAATTAGG,443
GAGTTCAACTCTAAAT,443
TTCACTCATGTTCGCC,443
AAACGGAAAACCTGAT,442
AAATACCCCTAAATAT,442
AATCGCCCACGGTGAT,442
ACCAGCGATCTACTTA,442
AGCTCGTGCCTCGCGA,442
AGTCTCCTATCTTTAT,442
CAAATACGTCACGCTT,442
CAATGTACTCTACGCC,442
CATTACAGAAAAAGAG,442
CCACTGATACGTGACT,442
GCCAACCCATAGGATG,442
TATACGCTTTCACGCT,442
TCTGCATTAATTAGAT,442
TTACTTATCACATCGT,442
ATTCCGGAAAATGTTT,441
ACCCAATGAGTCAACT,440
CAACGTCCTAGGATGG,440
CACATACAATAATGGG,440
CAGAAGCATCTACAGA,440
CTATCGCGCCTAAGAA,440
GTAGCAACATGGCCGT,440
TAAGGATTGGCAATGT,440
TGAACTATGCAAAATT,440
TGATGTACAACTTACA,440
AACCCGAACCAAAGCC,439
AGGGGCGGAGAGTCAA,439
ATAATAGCAACCCTAG,439
CGGCCCTCAAGCATCC,439
GACATAAATAGAAAGC,439
GAGTGAATAGTCCGAC,439
GGAACCCGCATCATTC,439
GGTAGGATGATATAAC,439
GTCGACAACGACTATA,439
GTTGATCATTTTGAGT,439
TACCACGTGGCGTCTA,439
TCTACCCCTTATCCCC,439
TTCTCATTAGATTAAG,439
AATATCCATCATGTTT,438
AATTTTCTGAGCAGGA,438
CATGTTGACTGGTAGT,438
CATTCAAGACAAAGCC,438
CCAATCTACTATGAGC,438
CGAATCGAGAGTCGAT,438
GCTTTAACATAAACCG,438
GTTCGGCAACGATGAC,438
TAGCTAATACATGAAT,438
TCGATTGTTTATTCAG,438
AAAGTCCCAGTGAGAA,437
AACAACTATCCAGACA,437
AATCGTGGATAACACA,437
ACGGGACAAGAATGAA,437
CACAACCTGAAACGAA,437
CAGGGCAACTTTGGTT,437
GAATGTTAAAGGTCCA,437
GTCGGACCTAGTAAAA,437
TACCAGAACAACGCCA,437
TACCAGGAAGACTATT,437
TGATATAAAACAGTCA,437
ATGTCTCGCCCCACGC,436
CGTAGAACGAGAACGT,436
GATTGCGAGCCATTCA,436
TAAATTGTAATTTCAC,436
TCAACACAAGGTTGCA,436
TGTTGTATAATGCTAT,436
TTTCTCCAGACCGCTT,436
ACCAGTGAGATACAGA,435
CAAGTCCATCTTCTTT,435
CAAGTGTTCCCAAACG,435
GACATCTTAGAATATT,435
GGACCTGTGTACTGAA,435
GGCCCAATTTACAGTA,435
GTCGAGTGGGTTTTAG,435
AAAAGACAAAAAATCT,434
AACAATATAAGACAAC,434
AAGAGCGTGAGCCTTC,434
ACCCAGTATACAAGAA,434
ACTCAAGCATAAACCT,434
CCTTTTAGCGCTATAC,434
CGAGCGTGAAACCATA,434
GCACAGTATCCAGATT,434
GGCTCAATTAACATTC,434
GTATAACGCTTTAGGA,434
TAAGAAGACTAGACTA,434
TATGACAAAAACAATC,434
TCACCTTTTAACAATG,434
TCGTAAAAACTAAAAA,434
TCTAAATGTTATATTT,434
TTAAGACCCGCACTAG,434
TTCTTGCAGCGAACGT,434
AACCAAACTATATAGG,433
AACTGACAACACACCA,433
ACAAGCGGTGGGTCAA,433
ATAAAGTTAGCACGTG,433
ATATCTTGAAAGGGAC,433
CGAAACGGTTACATTA,433
GTCGAGACACGAGCTT,433
TAAAGTAAGGTAAAAG,433
TCACATCTGTCGGATT,433
TCTAGGTTGAAAATGA,433
TGCGTAATACGATTGC,433
TTCAGAGAGACATACT,433
AAAAAAAAAAAATCGT,432
AACCACTGCTTGGCTA,432
AACCAGAAACGCTGCA,432
ACACAAAATAGATGCA,432
CCATAAGTACGAGTGT,432
CTTTAGGATTTGGCCA,432
TAAAATTGCGTTGACC,432
ACATCCTGGAAAGAAC,431
AGAGATAGATGAACTT,431
AGTCTCACGCAAACAA,431
CAAGGACGCGTCTGAA,431
CCTTAGCTACCAATGA,431
CTTTAATTTTGGACAC,431
TCCATGACATTGCTAT,431
TTTGGCGGTAGGTGTA,431
AAAAAAAATTTGAGTG,430
AATGCATACCGCCAGC,430
AGCTTTTAGAATAAGA,430
ATCTAAACAAAAAGAG,430
CTAACCAAGGATCCGA,430
GAACTTTAGTTAGATC,430
GAAGCGAGCACCCCCA,430
GAGTTCAGACAGACTG,430
GCTTGCTAGCAGTTTT,430
TGTAGTATCAAAAAAA,430
ATTTATATCCTGGGTA,429
CCATTATGACTGCATG,429
GAAGACTTAACGAACT,429
GCGCTTACGAACTTGT,429
GCGTCATCTAGCTGGA,429
GTGGATGTAACGGCTA,429
AACTTGCTATATTCAT,428
AATAGAGTGCTAAACT,428
ACTTAAAATTAAAGTT,428
ATCAGTTTATCTAGAA,428
CAACGAATAGATAAAA,428
CAGAAGGTCCCGAACA,428
TATGACTGCTTGTTCA,428
TCTTTGGACCCATTTG,428
TGTATCAACTAATAGA,428
AAAAGTCCCATTGAAC,427
AAGGAACCTAACTAGT,427
ACGGATATGACCAGGA,427
CGAACCCAACCCCAAA,427
AAACCATAGTACAGGC,426
AAAGTACCCACTCGGA,426
AGCCACCGGTAAGCGG,426
ATTCACTCACTCCAAC,426
CCACAGCACAGGGATC,426
CGAAAAAGGGGGTAGA,426
GAAAAAATAACATACG,426
GAACCCCCGCCATAAT,426
GCGAAAAGATCAATTT,426
GGGAAATGTTTTGTTA,426
TAAACCAAGCTGATCT,426
AATTCCAGTACTTAAA,425
CAACGTCGTGCCAGAA,425
CCCCGGCAGTTAACAA,425
CCGGAATACAAACATA,425
CCGTGAAAACAGCTAC,425
GCCGACGGAATCAAAA,425
AAAAGCCGTTGAAAAC,424
ACGTCCAGGGTGGTCT,424
AGACACTGCGCAACCC,424
CAGACAGATTTAACGT,424
GTATATTACATTTAAT,424
TGCACACACAAGCGAA,424
AAATACCACACTTAAT,423
AATTATACCGCAAAGT,423
AATTCCGCGTTCTACG,423
AGGGTTGTGTAGTATA,423
ATACCAGAAATTGAAC,423
ATACCTAAAAACATTA,423
ATAGCATAAACCTTGA,423
CCAATCAGGTACCCTG,423
CCTCTCGGTAATCATC,423
CTCTCGGAAAATCTTG,423
TAGTAAGAAAATACAC,423
TCAAATCGTACACTTA,423
TCTTGTAATATAAAGT,423
TGAGTTGATGGCCTTA,423
TTATTATGCAATAATA,423
AAGAACCCAGAGTCAA,422
ATTCCAGCTGGCCCAG,422
CATACCAATACCCTTA,422
CCGCACAAAAACCAAC,422
CGCACCACCTTTGCAA,422
GCTAAGAACAGTACGA,422
GTAAGTATGAGTCAAA,422
TACATTAAGGCATATA,422
TCAAGCCTAGGGAACG,422
AAAATAATACCAATTA,421
AACCATGTGACTTGAG,421
AACCGTCACTTTTAAA,421
AATGATATGTCAAATA,421
ACAGAACTGCACAATA,421
AGACAAAATGATGTCC,421
AGGGTTATATACGATG,421
ATCAAAACGCCCACAA,421
GTCTGACAAATGAAAT,421
TATGAAAACCGATAGT,421
TTGACTTCCGATCGAA,421
AAAAGATTTTTACCGG,420
ACGCACGACTCTTCAA,420
CACGATGATGCTGAAA,420
CGATACAAACGGCAAA,420
CGGGATGAACAATTAA,420
GTACTACTAATTAAGT,420
TAGTTGAAGCTGCGAT,420
TGATGAACTGATGAAC,420
TGGGGATAGATAGCCC,420
TTAAATTGAGTAACTC,420
TTACCCTGCACCAGAC,420
AAAAGCCTTAGAATCT,419
AATGATAATAGTAAAT,419
ATAATCTATCATGAAA,419
CAAAACGTATTGATCG,419
CATGATTAGCAGTGAC,419
CCCAAAGTTGTCCAAC,419
GACGACCATATTAAAG,419
GAGAAGAAAAGATAAT,419
GTCAACCAATGCTCCG,419
TTACTATTCTATAGCA,419
TTATACGAAGCCGCAA,419
TTTGAGTTGCATCACA,419
AAAGAATCCCCATCAG,418
ACTCAGTTGTAGCTCT,418
ATAATAATTCCTCGAC,418
ATGACCCAAAGAACTA,418
ATGTCTGCAATGAATG,418
ATTGCTCCATCTGGCG,418
CCCGCTCCAGATTCTC,418
CTACTGCAACGCGGCC,418
GATACAACAGTAAAAA,418
GGTGTTGCAATGAATT,418
GTTTCATCTAAGCGTT,418
TAAACGCATGAGTAAT,418
TCTGGAATACTGTCGA,418
TGAATAACATACAAAT,418
TGCTAAGATTACAGCG,418
TTAAGCACGAGGGGAG,418
TTGTCGCCATCGTCTG,418
AACCGTGAATATAATA,417
AAGCATTCGAGGAAGC,417
AAGCTTAATAAATAAG,417
ACGAATAGAGGGTAAG,417
GGAAGTATATCCAGTG,417
GTAAAGTATACAACAT,417
TCGGAAACTTGAAGTA,417
TTCTCGATCAATTACA,417
TTTGGAAAAATTTTAA,417
ACAAACAGATCGTGAT,416
ACATGAATAGGTGAGA,416
CAAGGATAGTAAACTA,416
CACCCACATACCACTA,416
CCCTTAGCTTGTTTAC,416
GCAAATGCATGGACAA,416
GTAAAAAACAATTCAT,416
GTGATCCTAAAAGAAC,416
GTGTGGAGAAAACGTA,416
TATAACGACAAAGCCC,416
TATCAACGAGGAACCG,416
AAATTGTGACCTAAAC,415
AATATTTAAATGGCGG,415
ACGGGCATGCGATAAA,415
CCTATAGATTATAATG,415
CCTGAGTAAAACCTAA,415
CGAGTTCTTACGGAGT,415
CGATTATACTTGTATG,415
TCAACATACTGTACCA,415
TCATAAGTCTCGGAAT,415
TTCACTAGATCTGTAA,415
AACCAAAAGAAGCTAG,414
AATCGCCTTTTTTCCT,414
AGGGTCATTTTTGGAT,414
CACGCTTGAGATTAAA,414
CAGAAGGATATTATAA,414
CGATTGTACACAATTA,414
GACAGTTAGCATAGCA,414
GATAGGGGGATATCCT,414
GCTGAGCAAATTAACC,414
GCTTTTCGAGCAGTCA,414
TCGGTGATAAAACCCA,414
TTCCTCACCCCCTTTG,414
AACCAGGAAGATCGGG,413
ACATGTCTTCGACATT,413
ACGACACACGTGACGC,413
ACGTTCAATCTATAAA,413
ATGAAATACTAAAGTA,413
ATTCTCAAAACTAACT,413
CATATATCAACAACAA,413
CGTACATATTTAACTG,413
CTGAGCTCCGCTCAAT,413
GCTCACATATAGTTAA,413
GGGACCGTAGACTGGA,413
GGTGTCCGCACACAAC,413
TCCGGACAGGGGCCTG,413
ATCAAAGATATACTTT,412
ATTCTATACTAAGGCA,412
CACAATATGCTATTAT,412
CGATCAAGCTCCATAA,412
GAAGAGAGACGGTCAA,412
GCAATGACAAAATTCG,412
GCGCACAATGAATTAT,412
GTCCCTACAGACACGA,412
TACGAACCTGAAGATT,412
TCAGATAGCAATGCCT,412
TTGTCAACACAATCAT,412
AACAGCATCAAGGACA,411
AAGCTATACACTAGTA,411
AATCGTCTCTGAATAA,411
AATCTGCTATGAAATT,411
AGATCCTGCAAGAAAA,411
ATACGAAGAGAAGGAT,411
ATAGGCCATATTTTAT,411
ATGGGCCCTCGGCAAA,411
CACTCGGAAAAAATAT,411
CCACTATCCGAGCCTT,411
CCTCCAAAATTCGGAA,411
TATTATCTAGCAAAAG,411
TCCATGCGAAAAATTA,411
AAACAGTAAGCTGAAG,410
AACTCCAATAACCGAA,410
CATCAGTTTCTAAACC,410
CTCCGAACAGCTAGGA,410
GAGCTATCGCGCACTA,410
GCTCCAAGAATATTCC,410
AAACGTTAGCTGTTCA,409
AAGACTTAACAAACGT,409
AGAATGTTCTTTAAAG,409
ATCATTTGCCATGGGA,409
CAAGCCTGTACACAAA,409
CCACTTAACCCCCATA,409
GACCTGAAGCACAGTC,409
GACTCTAGTAATCATC,409
TAAATGGCCTCGTTTT,409
TAACATTATCGAAACC,409
TACCCGCCCTATACTT,409
TCCCGTTAGAACTCAC,409
ACAGACACAATAACAA,408
ACGTGCATTGTTCGCT,408
AGGCAATCACGCATTA,408
CACATAGGGTATCAAA,408
GCCCATGATACAACAA,408
GGCGCTTTTAAAAAAA,408
GGTCCATGTCGTATGC,408
TAATAAACGAGTTCCG,408
TGAATACCCGTTATAG,408
TGACTACAAATCAGAT,408
TTAGGCTACTAGAACC,408
AATGTCCATAGACCGA,407
ACTCTTACCGCCACTT,407
AGAAATGAAACTTTGA,407
ATAAATAGCTAAGACA,407
CGAAGCAGAAGTTGTC,407
CGAGTAGAGCAGTCCA,407
GACGAATACATTTAGG,407
GAGCTATTAGCGTCTA,407
GCGTATTGTCCCATAA,407
GGCCGGTATACTGGGC,407
GGGAGTTCTACGATAT,407
GTATGTTAGAAGTCTT,407
TGTAGCAATACGACCT,407
TTCATCAGGAATATTT,407
ACACGTGACTACAGAG,406
ACATCATCCACCGAAC,406
ACTTTTCGCCGTCACG,406
ATCGCACAGCGTAATG,406
CAAGACTCCGACGATT,406
CTGGAGCACGATGCGA,406
GACCCCAGTTCAGCAT,406
GCATCGTAACGCTTAT,406
GCTCGCACAAGTTTAA,406
TAAGAACCTAACATGA,406
TTCCCCTATCCCAATA,406
ACACACGACCGATCAG,405
ACTAAATTGGGACTAC,405
AGCGATAAGATCTGAA,405
ATCTGGGGGAGTGGTC,405
CCAACACTACATGATC,405
CGCCCTCTAAATGGCT,405
CTCAGTCTCAGGTACA,405
CTGCCACACATAGGTA,405
GGAAAAATCAGGGGGG,405
TAATACAAACCAGAAC,405
TCAAACCTTAGTTCAA,405
TCTTCCAAAAAGATTA,405
TTCACCAAGCTTAGCA,405
AAACACAGTCATGTCA,404
AAAGGCATAGAAATAT,404
AATTAAAGTAAAAACG,404
ACCAAATTTTAGCGCA,404
AGAGGAAAATAACTCT,404
ATCTCAAAACCCAGAC,404
CGCAGTTGCAGAAATA,404
CGTAAGAAACTGTAGG,404
GCTTTAAGCAAGACTG,404
GTTACAATAAGGAAAC,404
TACCTACCAGAAACGC,404
TATTAGAAAATATACT,404
TCACTTTTGACACTGG,404
TTAACTTCAAGACTCA,404
TTAAGTACTGGGGATG,404
TTCGCGCTTCCTTAAA,404
AAGTAAAGTGTAATGA,403
AATAAGGTATCATTTA,403
ACAACGTTACAGCTAT,403
ACATAGCGCTAGTAGC,403
ATACCTGAACAAAAGT,403
ATCTCAGGTCCGTCGT,403
CAACAGTTCAAGTGCC,403
CCCCGGACGCTAACAA,403
CTGAATACAACCATGG,403
GAAAAAAAAAAACTAT,403
GCATCGCCGTGGTTCT,403
GCTCCTAAAAAAATGT,403
GTCGGGCAACCATCAA,403
GTGAAGCCGGACAGAA,403
GTGGAGACAATGCATA,403
TAGCACCGACACAGGT,403
AAAGAACAACAGCTAT,402
CAAAGTTACAGGTCCG,402
CAGGTACATATATCGC,402
CATTTCCACTCTTGTC,402
GACGAGCCAAGAAGGT,402
GTCACACAAGCGTAAA,402
GTCCCGGCAACGGACA,402
TAAGATGCGAATATGG,402
TATCCGGGGCTAACTT,402
TATCTCACACAATAAT,402
TCGCCATGCTAACCAC,402
TGGATGAGAATCACAA,402
CAAAATGAAAGCTAAC,401
CCAGCTGAACCAGAAG,401
CCGACTGCCCACAAAC,401
CCTATCACGCCGTAAA,401
CCTTATAAATCCGCAT,401
CGGACTTCTTTTTAAT,401
CTCTAAAACGTTAACG,401
GGACAATTGCCATATT,401
GGGCTACACTAGGGAG,401
GTATAGCTGAAAAAGA,401
TAAATCATAATTCAAA,401
TCTGAGAAATTACTCC,401
TTAACCCATAGTGCGA,401
TTGTATATTCAAAAGC,401
TTTTAACGCTTAGCTC,401
AAGAGATTTGATAGAT,400
AAGATTTCCTGGGACT,400
ACGCAAATCGCTTATT,400
ATACAGTAGTCAACTA,400
CCCCCTCTCTCACAAG,400
CTGAACAACTTATTAC,400
GACCGATTCGCTGTGA,400
GCTCCAACTGATCCAG,400
TCGGCGTGTAAATAAG,400
AAGCCTTCTTACCCAT,399
ACCACCGATCGAAATA,399
AGAAACGTAATTCTTA,399
AGGAAAATATAAACAA,399
ATCTCAAAGCAATTTA,399
ATGCAATATACTACCG,399
CTAGAATAACAACCGC,399
GGCATTTCAGCAAAAA,399
GGCCTCACTTTTGAAA,399
TAAGGCTGGATAAACA,399
TAATCCGCTCAAAAAA,399
TCCAAAATACGGATAT,399
TTACGACGTTAAGAAA,399
TTTTTGTCTAACAACA,399
AGTCGGAATTAAATCA,398
CAAATAGAAAAACTAA,398
CGGTGATATATGGGCA,398
GCAGTTTAAAATAGAG,398
GCATCGTAATTCAGGC,398
TAAACTGAAAAGGGAT,398
TATATGTAAACCAATA,398
TCACAGCAAAGGATCA,398
TTAGCACTAAATATCC,398
TTATCTAATTACCGCT,398
AAAAGTTTAATCAGCC,397
AATGGAGAGAAATTCA,397
AATTTCTCAAGCAACC,397
ACATGTCAAAACGTTG,397
AGACGTATGGGTTGAA,397
AGGTTTGGGAGAGATA,397
ATACGCGACCACGATC,397
CAAACCAATCATCTAT,397
CAATAGTAAATTCGCT,397
GGCTTATAAGGAGACA,397
GTTGGCCACCTCTTGA,397
TACGGTATGAACAACA,397
AAAGTCCACTGAAGTG,396
AAGTTTGAATAGTACA,396
ACGTCTCAACAAAAAA,396
AGATATTCGATTAACA,396
ATAGTGAATGAATTTC,396
ATCGGCACAAAAAAGG,396
ATGTATAAATAAAGTG,396
ATGTTACGGCTAAATT,396
CGAAACCGAACGCGAC,396
CGAAGGAACGTAGGTA,396
CGTAAATCTGAACGTG,396
CGTTTCTTAACTTTTA,396
CTAGATTACAGAACAA,396
GGGGGTGAGCGTTGGT,396
TGCCATAAGGTCAACT,396
TTAGTATTAAGCAATA,396
ACACAAGAGAACCAAG,395
ACATCACGTAATGTCT,395
ACATCTTAACGATGGA,395
ACGCCAATGCTACCAA,395
CGGGTAATTCTCACAA,395
GTGCCAGAAATTCTTA,395
TATGCCTAATTTGAAT,395
TGCCCAACATCCCATG,395
TGGCTTCACTAAGTCC,395
AAATACAAGAGACAAT,394
CAAAACCTTGTATACC,394
CAATATCATACTCACG,394
CCGGCTCCATATTAGT,394
CTCAAATAACAAAGGA,394
CTTCCAAACGGCATGA,394
GGACAAACCTCAAGTA,394
GGTTAAAAAAGTCTTG,394
GTAAAACCTCGGCATT,394
GTTAGATAACATAAGC,394
TAACGAACGAGAACGA,394
TAGGCTACATTATTAC,394
TGAGAAAAAACGAATT,394
AAAAGAACGTCTTGTT,393
AAAGCGTGAGAGACAT,393
ACACCAATAAACCCAA,393
ACTGTAAGGTATAATA,393
CATATCTGCAAGAGTT,393
CGGTCTGACGTAAGCG,393
CTTCATCTATGACTCA,393
GAAGAGAACTAAAGTT,393
GCCCGAAACCCTAAAG,393
GTCAGTGAACTATAAA,393
AAACAAGTACATCAGG,392
ACTGCCGCCCTTCCAC,392
ACTTAAGATAGAAAAT,392
CAAAGAGTTCGGGAGT,392
CACCACCGACAATGGC,392
GCCTCATTGCCTTCCC,392
GGAGGTCAAAATCACC,392
TACAAAATAGTTCAGA,392
TAGAAAAGAGAAACTA,392
TGCAAAAACAAACAAG,392
TTATGGACTTAGGAAG,392
AAATCGAGGAATACGT,391
AGCAGTACAACACAAA,391
ATTGACGTATGATCGA,391
CTCTAACCATAGAGAT,391
GACTATGATTTTGAAC,391
GCCCCGAGGTTAATCA,391
GTAGCCCACACAAAAA,391
TACTTTTCATAGCAAG,391
TATAATCAATCCGATG,391
TGAAACAAGTACCTTC,391
TGGCGGAGCACTCCGA,391
AAAGAGCAATAAGCAT,390
AATAGTGTTCAAACGA,390
AGAACAGTACTCGTGT,390
ATACCTAAAAACAATA,390
CAAAATGTAGAACGTA,390
GAAGGCAAATCCTGAA,390
GAGGGTGTATGTCAAA,390
GCGTGCAAAATAGGCG,390
TCGTAGTTAAAACTAT,390
ACACCTTGAATAGGCA,389
ACAGGACCCCGTGAAT,389
ACCAAAATAATTCCCG,389
ATATATGAAAAGCAAT,389
ATCGACCAAACTGCGA,389
ATTTAAACATACGAGC,389
CTCTAAACGAATAGAA,389
GACTTGACCGAAGCTA,389
TAAAAAAGGGGTAAGC,389
TAACTATACACCAATT,389
TGTGAACTTATACGAC,389
TTTCAGCATCTGCGTA,389
AAATCAAAAACTTCGT,388
AAGAGTATATGAAACC,388
AGCTATCAGTGTCAAA,388
CAAAGACCAGAACTTT,388
GCTCAGGACGCCAACT,388
TACAAGGCACGAACAA,388
TGTGTGTAAATGACTC,388
TTAGGATATTTTCTCA,388
ACGAGGCGAGCAATGG,387
AGTGAAGTAACCGGCA,387
ATGATTGATACATGGT,387
CATCGAAAGGGGGTAA,387
CCTAAGTCAATTAGCT,387
GAACTCTCATGCACCC,387
GCACGGGATATATCGC,387
GCTCCGTAAAATGACA,387
GGACGTTCAAAATAAC,387
GTGAACCAAAACCCTC,387
TAGGCGAACTATATAT,387
TTTGTACTTCCCCAAT,387
AAACCCACGATAACCA,386
AACTTTTAAGCACTCC,386
ACCAACTAAAAAGGGA,386
ATAGCAAGTGCCAATT,386
CCAGCGCCCAAATACA,386
CTCTCGCAAATTTATG,386
GCAGAGTATATTAAAG,386
GGAGTTGTCTCCGAAC,386
TAAGGCGTTATGAAGC,386
TACATCCGATTTCAAC,386
TACGAGCTCTGTGACA,386
TTAGCAAATTGAGAAC,386
TTAGCCCTCACACTCG,386
AATTTCTGATTCCCAT,385
CCTTAATGTCAGATAA,385
GATGAAAATAACTAAG,385
TGCGGTTTTGATCGAG,385
AATTGCAACCTTGAGT,384
ACAGTAAAGCGACGTA,384
ACCCATGGCGACTAAG,384
AGAGCTCACTGAACAC,384
ATAAAAAAGTTAATAT,384
ATAGAAGCGAATAGGA,384
ATGCTGTAACCACTCC,384
CCGGTCTAATTTAGTT,384
CCTAGAATATTTTAAC,384
TGTACTAGCTCATTTT,384
AATTATTGCCGCATAA,383
ACACTCATGATCACAT,383
ACAGTGTGTGATAGAA,383
CGACTCGGGAATTATA,383
CTGTTCCATCCACAAC,383
GAGCTAGTCTCGATTT,383
GATAACTGCACAGCTA,383
GCCTCCGTGGCCCTTA,383
GCTGTCAATACATCAC,383
TACGAATGGCTTTAAC,383
TACGCCACAGTTAAAT,383
TCAGAGGTCATATAAT,383
TGGACTCAAAAATTAT,383
TTAAAAAGCAGCAATA,383
TTACTGCAGTATTGAT,383
TTCTGTAACTACATTG,383
TTGATTATAAATAAGG,383
AACGGAAGGGCCCCTA,382
AATGCACGAACCACAA,382
ACCATTGGCTAGCACA,382
ACTATATTAAACAGAA,382
AGCAGGAGCAACGTCT,382
AGCTTTTCTGTTTTCC,382
AGTAGAATACTCAGAA,382
CAGAAGACGATCACCC,382
CAGCCGCATCTTTTGG,382
CCCCCACTTTACCGTC,382
CGTAACATTTCCCAAA,382
GCGATAATCATTATCC,382
TCACCTTCCGATAACT,382
AACCTGATATTTGACA,381
AACTGCAGGTCGAATA,381
ATATCACAGCTGTACG,381
CAGAAATATCAATGAC,381
GAACATGAAATTTGAT,381
GAGAAAATCCAGCAGA,381
GATGCGAACATCTGCT,381
GCCACGTCAGATAGAA,381
GTGTGCTAGAATGCTC,381
TAAACGCATGAGAGAT,381
ACCCCCTTTCAGGCAA,380
AGAAATAAAATATGAT,380
AGTAACAAACATGCCG,380
CCATAAACAGTAGGGC,380
CTAAGGTGTAATCAAT,380
GAGAGCCCGGCCACTA,380
GGCATATCATTTAAAA,380
GTTCACAAGTTAAAAT,380
TAACTTACGCAGTACA,380
TAGCACAGTCGGTACC,380
TATACCACGGCATTCG,380
TGCTTGGAAAAAATCA,380
AAAAATATAACACCAA,379
ACACTAGAAGTTGTTA,379
ACGCATTACATTTCCT,379
ACTCCCGAGAATATTC,379
ATTCTGTGAAAAGAAG,379
CAAATTAGTAGTTATC,379
CTCGGGAGGAGAACCA,379
GAACCCAAGCCTTGTA,379
GCGGTCTCTTGGCATT,379
GCTACCCCAAAACTCG,379
GTATCGGTCCACACCG,379
TAGTACGCGAACACTT,379
TATAGTTTACGGGAGG,379
TCGCCATTCCAAACAT,379
TCTTGAAGCTACCATG,379
ACCCCATCTCTCCGCA,378
CACAAGGAAGCGTGCA,378
CGATTCAACCGAATCA,378
GAGTCTTTGTGCGCGA,378
GATACGGCAAATTTTT,378
GCAAAGATATTTAATT,378
TAACAGGTGCCCCTGC,378
TACCAAAGATCAAGGA,378
TCGCACTCGTTACAAG,378
AACAAACTCATCCACG,377
AATTATAGAAGAAACT,377
AGCTTTAAGTAACCAC,377
CAGTGATCACACAGTA,377
CCTCCCTACAGCCCCG,377
CTTTTAAGCCCACGTA,377
GGCAAGGGTAATTCAA,377
GGGAACTTATTCATTC,377
TGTCCAGATAGCAATG,377
TTCTTAGCGAGAATCT,377
TTGAAGCCCGCAACCC,377
ACCCTATGGTAGAAAC,376
AGTCCATTTGACGAGA,376
ATAATAACATCTAACG,376
CAGCAAACTGAGCTCA,376
TAAACCCAAGATCCCG,376
TAATGAGCTCCTCATA,376
TCTACACTCACAATCT,376
TGCACTCCCAATGTTC,376
TTTAAAAATGCACCTG,376
AAATACGCATAACCTC,375
AACAACAGAAACTATT,375
AACAAGGCATCGTCTA,375
AGGAGAAATGGAAAAA,375
ATACATGAAACTCTCT,375
ATTACGTAGAAGGCCA,375
ATTTGATTACTTACAC,375
GAAAAGCATGGTAAGC,375
GAACATCACTAATATC,375
GGAGTACTTGTTCGGA,375
TAAACCTACACCTAAA,375
TAAGCTTGCTATTTTA,375
TACATAAATTATGTAA,375
TGTAATAAGTGAACAA,375
TTCGGACCGAACTGTA,375
TTCTCCACAGGGTCAG,375
AAATCTTTTCTAAAAC,374
ACAACCAGTGCACCTT,374
ACGTAATGTGCCCTGT,374
ATAAAAGATTAATCAG,374
ATAAACTCATAGCCGA,374
GAAGCCCATACATGGC,374
GGTCAACTCATAAGAA,374
GTAAGACATCACAACG,374
TCAGGGGGGTACACCC,374
TCCATGTTATCGAATC,374
TGAGTAACTTGCTACC,374
AAGAAGAAAAAAATTC,373
AAGGACAACCTCTAAA,373
ACAATATTAACTAGCA,373
ACCGTGCAAGCCTAAA,373
ACTTTAGCAGCGGCTC,373
ATATATGAAGAATATC,373
CAGCCTTTCTTAATCA,373
CCCATTGACTCCTGTC,373
CTGCAACTGATTCATT,373
GAGTGTTAAACTTCAA,373
GGCTAAATTCATTCAG,373
TAGCCCTAAATCGTTG,373
TCGGGAAATCGCTTTC,373
TTCCAGCGTAAACAAT,373
AAAGGAAGACAATCAA,372
ACCACAGAACCTATGA,372
ATCGGGATTCAACCGA,372
GAATTCCCCGTTCTTA,372
GATAAAACAAAAACGC,372
GATTAAAGCTATAGCA,372
GCCTTATCAGTACAAG,372
TAGAACCCTGAGTCTA,372
TGACAGCTGGCTCCAC,372
TGCTCCAACTACTTAG,372
ACCAACCAACAGAAAG,371
AGTGCACGCAGACGCT,371
ATGTCTTTGTCGCCTG,371
CAGCAACAACCTAAAA,371
CATACAATCAAGCTAT,371
CGAACCAGCGGAGATT,371
GATCGATTCGAGAATA,371
TCCCATATTTATAAAA,371
TTGTACCAAAGATGAA,371
TTTAACTAGTAATATC,371
AATGTCACGCATGAGT,370
ACACTCGACTTCTCGT,370
CGACAAGAAGGCACAT,370
GTAGAGCGAGTAATGA,370
TACCATGGGACATAAA,370
TATGGTATACTTCGAA,370
TGAAACATGAGATCAA,370
TTATATTCATTCTCAC,370
TTCACACAAGAATGGC,370
AAAACTAGCGGGATGA,369
AACACCTTACCCAGCA,369
AACAGAATTAATATGC,369
AAGCCCAAAACAAAGA,369
AATCGAAAGTGCAACA,369
ACACATCTCGTGTCTC,369
ACACCAATCCTGACTA,369
AGAACCAAAATGATGC,369
CACTCCAGGTCCATAG,369
CAGCCTCTGGTTACCT,369
GATACGAACGGATCTG,369
GATATTTAAACAAACG,369
GGCCCGAGCATATACT,369
GTCTAACCCCAAGGTG,369
TATGAACCGTCACGAG,369
TGTAGCGTGAACAGCT,369
TTAAAGCCCCAATACG,369
TTGCACTTAACATGTT,369
AATAAATCATAGGATT,368
AATCCCCAATAGACTT,368
AATTATGCTGCCTTTA,368
ACACTCAGCAACTCTT,368
ACCAAATATCATTTAA,368
ACGAGTGAGCTTTTCT,368
AGCGTCGTGCCAAGTC,368
CACGATTACCTACATA,368
CCAGATCATTGGAGTC,368
CCATAGCACCTACAAG,368
CGAGGTGTGGCAATAT,368
CTCCCCGGGCCGGAAA,368
GTAAATAAGCTGAACA,368
TATTTCGTCATGTGGT,368
TCCCACGCAAACTACT,368
AAACTCTGAGGTAAAG,367
AACCATAGACAGTGTC,367
AATAAAGCAGACCTCA,367
AATCCGCGCACGGAGC,367
AGACATTCAAAAACTA,367
CATACATGGCTAGTTG,367
CCTACACGTACCTCAA,367
GAGGTATATGGCGAAT,367
GCGTAAACTAATATGT,367
TAAAACTGTCGAACCA,367
TCACAACCATTACGTC,367
TCATGTTCCTCAGACG,367
TTACTTTCAGCTGACA,367
AACAGCCGTGGGGACG,366
AACGAGTACATAATTT,366
ATATGAATAAAGAGTT,366
GAACAGAGAGTATCCT,366
GTCCCAATCCTAGCCA,366
GTTAAAAAAAAAATAT,366
TAATGTCAAGAGTCCA,366
AAATGCACACATGTGC,365
AAGGTACAGTGCAGAG,365
ACCCATACATGCATTC,365
ACTTACGGCGGCTATC,365
ATTTTTGATGAAGTTG,365
CCAAATCAAGGTCTCA,365
CCCCATACCACCTCAA,365
GCCAAGCAATGCACTA,365
GGCAGCTATAGAAGCA,365
GTACACAAGTCGTATG,365
TACCAATGCGAGAAGA,365
TAGTTAAAAAGAAGCC,365
TATCCATGACGTAATC,365
TGTCTAAAACTAAGAG,365
TTACTCGACTATGTAA,365
TTTAAAATTATTACAG,365
AGCATAAAAAAGACCG,364
AGGACACACTGCGAAA,364
ATCATTGAATGTTAAC,364
ATCGAACAAAAGACAC,364
CCCTAGGGGGGGCCTG,364
CGGATAAACGCTAGCA,364
GGCCTAACGGAGATTT,364
GGGTATTCGGAGAGCA,364
GTCAATAACAGGAGCT,364
TATAAACCCACTACTG,364
ACGAATATAAATAAGC,363
ACTGCCGAAATTATTA,363
ATTGGTAATAAAACTA,363
GGAGTGTACAAGATTA,363
TAACCACCCTAGCTAA,363
ACACAAACTTAGATTT,362
ACATAAAGAATACGAA,362
ACCTTATGGGTCCTGT,362
AGACTACGGCTCTTCG,362
AGATATCTAATGGCGG,362
CAAATAAGCCGCGGTT,362
CTAGGACTGGAGACGC,362
GAATGTCATAAAATCA,362
TATTAACTGAAAAAGC,362
TGAATTTTAGAAATTC,362
TGACTAAGTCTAACCT,362
TTGCTTATCATTTATG,362
AAAAAACCAGCATGGT,361
AAGTGTTAGTTTACAC,361
ACAGCGGCGTAGATGT,361
AGAGACATGCCAGAAC,361
ATTAAACCATGTACTA,361
CAAAAAAGATCAATCA,361
CAAAAACAAAATCCCA,361
CAAATATATTTCAGTC,361
CACCACGATATCGGGA,361
CCATAAAACTGATCAC,361
CCGAAAGAGACGGCTT,361
CCGACCTACGAAGGCT,361
CTCTCTTAAGGACGCC,361
CTTGCCTTTATCATTA,361
GATGGGGACGACTATA,361
TAGGACTAAAGATATT,361
AAGATTTCTAACAAAA,360
AAGTCAGAGTGCGGGA,360
AGGTATCTCAATTATA,360
CCTGAAGAAAAAAACC,360
CTGATATGAAATGAAT,360
GAACCGGGCAGAAGCA,360
GATAAGGCAAAAAGAC,360
TAAAAACAAGTTGAAT,360
TACGTTTCACACAACA,360
TATATAAATCTAAATC,360
TCCGACTTAAAACTAT,360
TGAGTTGAAGGATGCG,360
AAAAGCCACCAACTCT,359
AACCCCTCAACTGATA,359
ACGTTATCCGACGATT,359
CCCACGATCCATACAT,359
CGCTGCATGGTTCGCC,359
GGATATAACCTAGGCG,359
TACAAGAGTAAACCAT,359
TGCAATGACAATACAA,359
TTGAACAAGATTCCAA,359
TTGGCGACAGTATACT,359
AAACAGGTATTGTAAA,358
ACCTCAAAAAAACAGA,358
AGGTATATCCTATGTC,358
ATGGATTAGCTCCTAA,358
ATGTATCAAAAACGAG,358
CAAAAAATAGACATAG,358
CCGTTCAAGTCACAAA,358
CTAGAGTACAGCCCAA,358
CTGAGCCGGTGCCCGA,358
GTAGAGTCAACAAGAG,358
TAAAGATAACAGTGAT,358
TAATCGAGTAGCTGGA,358
TACAAACAGGATCCTA,358
TACTGTTGCTGTCGTG,358
TAGCACACAGTCAGTG,358
TAGCGCAATAGGGCAT,358
TTTTCAAAGAGAAAAC,358
AATGTTCGAGATCCTA,357
AGCACGCATTGCTTAT,357
AGCTCCTAAAAATCTA,357
CCAGAGATCTAATCTT,357
CCTATTCCTGGCCGCA,357
GACAACATGATAATGA,357
GCCAACTTCCAATATG,357
TAACATATTACAACAC,357
TCAAAACACCGAATTT,357
AAACCCGCGTAAATAT,356
AAAGTAAGGTAATGAT,356
ACATGATCGTGGACTT,356
AGAGACAAAGTCAGAA,356
ATAAACACCGTAGAAA,356
ATTACTTATTGCGTCA,356
ATTGAGAATGATGGGA,356
GAACTGCCTCCGATAC,356
GATAACAGCCTATGAA,356
GATTTTAATTCGGCCC,356
TAACACGTTACACTAC,356
TCATTCGTTTAATGTC,356
TGGTTCAGGAACTAAT,356
TTTAGAAGGAAATCAC,356
AACCACTAATAAGAAC,355
AAGATACAAATACATG,355
ATAATTACTGTAGGAC,355
ATTTTAAAAGTTAGGC,355
CAATCCCTAAGCATTT,355
CTCTAGTGCCATAAGT,355
CTGGGTGAAGTCAAAG,355
GAATGAAAGTGCACAT,355
GACCATCACCCGTTCA,355
GTTTTTCGCTAGAATA,355
TAAATCCTTAGCTCAA,355
TAACGGATATTTCTCC,355
TGTTAAGAATATGGGA,355
TTTTGATAAACATATA,355
AATTATCTAGGCGAGA,354
ACTCTAAAAGAGGCCA,354
AGGAGAATGCAAGTCG,354
ATCTGGTCCGTCCTCG,354
ATGCGCAATATTGCAG,354
CAATCCAACCAGAATC,354
GACCTTATAATCTCAG,354
GATGAAACGACATCAA,354
TAGCAACTACTCTAAA,354
TCGTCGATTAAAAAAA,354
TTGTGACCATAGAAAA,354
TTTTACCTTGTCATAG,354
TTTTATTCAATAGGAA,354
AAAACTCTGTCATTTG,353
AAACAACACGTACCAT,353
AACAAAATTACAGAAA,353
ACGCAAACCCTACCCT,353
AGGGAGAGAATCTTAA,353
AGTACCCGTTAAAAAT,353
ATAGGATGATTGTATG,353
CCAGCGTAAGGAGCTG,353
GCAAGGTCTGATATCG,353
GGGAAAATAACATGAT,353
TAGTTAGTGAAGTGGG,353
TGGAATAAAGGCGAAA,353
TTACGATATCTGATAA,353
AACTCAAAAGCGGATT,352
AAGAATCAAAAAAAAA,352
AATATAACTAGTACAA,352
ACGGCCGGTGTCTTAC,352
AGACCCACTAACTTTA,352
CGAGGCCAGCTTCAAA,352
CTACAAAAAGCACACA,352
GCGAACAGGAATTACG,352
TACATGATCTCATTTG,352
TAGATTTATCTTGTAA,352
TCCGGCACACAGCAAA,352
TGGATGTAATGAGCAA,352
ATCTTTTACAATCCGC,351
CATTAACATACAACTT,351
CCATATTATAGCCGGC,351
CGGTGAGGTACAATAG,351
GGAACAATGCACTAAT,351
GTTTCGGCGTAAACCC,351
TAAAGAATTGGTCTTT,351
TATAGTTGGGAACGAA,351
TATCAGTGGACACTAA,351
TGAAACTCGTAAAGAA,351
AAAACAAATAGAAAAC,350
AAGACTACCGGGCTCA,350
ACAACATCATAGCAAA,350
ATATAAACAGGTATAA,350
ATGAAATGATATTTGA,350
ATGGGAATGTATAATA,350
CGAATTAAGAAGCTGC,350
GATGCCATAAAAAGAA,350
TTAGTATCAGAGCGTA,350
AAAAACAAGGAAGTGA,349
AAATATTTTGAAATTG,349
AATAGTAACTTACACC,349
ACCTTGTAAACAAATC,349
ACTGGTAGCTTTAGGT,349
AGCCTACAAATACCCG,349
ATACCGTATGGTTCCA,349
ATATATTAGCAATAAC,349
ATTGAGTGCATAAAAG,349
CCACTTAAGAGAATTA,349
CCGGACAATGCATAAG,349
CTAAAAATGCTTAGGT,349
GAAGACAAAACCTACT,349
TGATGTCACGAAGTAA,349
TTATGGGAATATTACC,349
AAACGAATTAGTTTCT,348
AAGGGGCCACCACGAG,348
AGTATGCGACCAAGAA,348
CAAAAATCTACCCAGA,348
CACCAATTGTATACAA,348
CTACCCTATAAATAAC,348
GCGATTAAGTCTAGTT,348
TACCCAAAGAACAGGA,348
TATCTACGGCGCCAAA,348
TGATCAACACCGTGAC,348
TTAATGTCGCCTGGGA,348
AGTTCAAAGATTATAC,347
ATGTAAAACCCCCGGA,347
GGAGACCAAGGATCAG,347
GGTTAGAATATTCCCA,347
TACTTCCAGAACGCAT,347
TATTCACCAACACCCG,347
TCACAAACCATAGGCC,347
TGCGAAGCGCCGAAAC,347
AAAGGTCTATACAAAA,346
AATTATATAACATTTT,346
ATGAGATCGGATCTAT,346
CACGTGGTAAAAACCT,346
CATAAAATAATAACAC,346
CGAGTCTCGATATTAA,346
CTGGCCTTACATATTG,346
GACGTCAGCTATGAAC,346
GATGTGACGCAAGCCC,346
GCAGCACTACGCACGT,346
GGAGCACAAATCAACG,346
GGTCATAACTTTGCTG,346
GTTTTCAATAGACGAA,346
TACTCCCATACTGCGA,346
TCAACCTGGTCTCAAC,346
AAACGGACGTCGTGCA,345
AACCTGGGTTTGAAGG,345
AATGACGGATGCTTAG,345
ACCACTATATAAGAAA,345
ATGGGCAATTAACTCA,345
CCCCTCCAGACGCCCG,345
GAGGTCATGTGACCTC,345
GTTAATCTGACCTTGA,345
TACAGCCGCCCAACCC,345
TACCTTAATGCTAGGT,345
TCTTGCCCTACAACTA,345
TTGCTGGAATGACGCC,345
ATAAAAGTTCTGCAGA,344
ATCATTCAGGTATATT,344
CTTATCTTAAATATTA,344
GATTGCGAGCTACGCA,344
TACAAGACCATACCTT,344
TCCCTTGTCGGCTATG,344
TGATGAACGTAGACAT,344
TTGATCATGATAGGCT,344
AAATGAAAGACAAGAT,343
AAGGCAACACAGCAAT,343
CGAACTTAGGAACACA,343
CTAAATGCTGAGGGCA,343
GGCCCAAAATTATTTT,343
GTTGGCTTTAGATAAC,343
TCCCCAGTAAGAATAT,343
TTGAAGAGAGTTACTA,343
TTTCAACCTCCCTCCG,343
AACAACAGAATGACGA,342
AAGCTTAAGTTATAGC,342
ACATGTGAATAAGATT,342
AGACGTATAGCTCGCA,342
AGCTCACAAGGCTTCC,342
CCCTGGTAATGTTTTA,342
CCTATGCGCCAGCGAA,342
GCAATTGAGCTATGTA,342
TCACAAAACCCAAACC,342
TGCTAGTAGCTTGATA,342
AAAAAAACACATCTTT,341
AAAGACAAGTTGCCTT,341
AAAGTATATTGTTCCA,341
AACAGATTCAATGTTA,341
AATCAAGCCATGATAT,341
AATGATATAACAGGGA,341
AGAGTTAAAGACTCTA,341
AGTGACATATGGGCCA,341
ATAATACAAATATTCA,341
ATATTTGCTCGATAAT,341
CCTTTAGAATTAGGCT,341
CGGATAAATACTTCTA,341
GCACACGTCCTATCCA,341
AAACAGACTCACAAGG,340
AAAGAAACCTGAAAAG,340
AATACTGTACACCAAA,340
AGAACAAAGCGTGGAC,340
ATAATCATATCGGGAG,340
ATACCTTCCACCACTT,340
CATCGGATCTCCAAAA,340
CCACTATTGTCTGCAA,340
CGAGTCATAGTGCACC,340
CGCCAGCTCGTCCTTA,340
CTAGAAGGGGAATGCT,340
GAATGGATATACTTCA,340
TAACATGTGTTATAAT,340
TAAGATGAATAATACA,340
TCACTTTCAGCTATGG,340
TGAAAACGATCTGCAA,340
AAAAGGATATAAGGAG,339
AGGGCCGAAAATACAT,339
ATGCTGAACACTGTGA,339
ATTTCTAGAGGACAAC,339
CTATATTTCGTGCGTA,339
GGACCAATCTTGTAAA,339
TCATAGGGGCTCCATA,339
TGAGAAAAGACGCAAT,339
TGCTTCTTAAATCTAG,339
AAAGCGATTCTGGGTT,338
AACGGAGAGGTAAGGT,338
AACTAAGAAAACGGCA,338
ACTCATAAAGTCGCAT,338
AGCGCAAGAGCAGTTC,338
AGGGTTAGAGGTACCT,338
ATGTGCGTTCTTTTTC,338
ATTATTCCTCGGTTGC,338
CCAACTATTCGGGGTC,338
CGCAAGAAAGGGCTTG,338
GAACCTCAACGACCCT,338
AGAATGACCCTAACTG,337
AGTTAACATTACCGCC,337
AGTTATATTCGTGCGT,337
CATCAATGAAGGGTGG,337
CGGATAGCCCACCTTC,337
CTACATTTTATGTAAA,337
CTCGATCGATTTGGAA,337
CTTCCGCTAGAACGTG,337
TCCCCTTAAAAGCGTT,337
TGCTTGTAAAACTTGA,337
TGGATATTTATAGAAG,337
TTAAAAAAATGACAAA,337
AAACCATGCGAACATA,336
AACGAAGCTCCCCAAA,336
ACCTTCTGAGGGATTG,336
AGGAAGAAAGAAACTT,336
AGTGTAAATGACGTAT,336
CAGAGTCCTAGCGTGA,336
CATTACACCCTTTTAT,336
CGAGTCTCAAGAAGAA,336
CTTCGCGTGAAACAAG,336
GAGACATTATTTTATT,336
GTATAAGTAATCGTGT,336
TCAAACACAACCCAAG,336
AACAGCTAGAATAAGG,335
ACAATCCAAGAATGGA,335
ATTTTTAAAACTAGCA,335
CAAAGCTAAAGTGTAA,335
CAAATACTCCCTGCTG,335
CCGCTGATACGACATA,335
CGAAATAAACGTATGA,335
CGATGGGAGAATAACG,335
CTACTTTCCCCAAACG,335
GCTTTGTAGGATTTGT,335
TCGCCGCGTACCCCGT,335
TGTAGAAATAGAAACC,335
TTACAGCGCTACCCTT,335
AAAATGTTAAATCAAA,334
AAGAATACCGTTTGCC,334
ATCCCAGCATGATAAG,334
ATGGTCCATCTTACGA,334
CAACTCCAGTACTTAG,334
CTGACACCGCCCCGTC,334
GAACTCCCATTCAAGA,334
GGAGCACACACATGCA,334
GTAGGAACCAGTGATT,334
TCCTTGAAATGACCAC,334
TTAATAAGAACAAAAG,334
TTCTTTACCCAAAAAT,334
TTTTACTCCAAACACT,334
AAGACTGAAAGAATCT,333
AATCAGACAGGATTGA,333
ACCACCCCAGATTCAT,333
ACTACGTTATAATAAA,333
AGTACAATATTCTTCC,333
CGAAGCCCCCGGTCTT,333
CTGTCTTGATATCGAG,333
GAGCCTATCTTATCAA,333
GGACGGACAAAATGGT,333
TATAGAAACTTACCAG,333
TGGGGTACCCATCATT,333
AAGAACACATGTAATT,332
AGAGTACTTCAATTTT,332
AGTACATATAGCACAA,332
ATACATAGTGGAATTC,332
GCAGCTACGTTGTACT,332
GTGAATAACTCTATAT,332
TAACCTCTGCCAAAGA,332
TACAAGGTTCATCAAG,332
TGCCGTCCCAGAAAAT,332
TTATGCCCTAAGATCA,332
TTCATTGCGGTTGATA,332
AAGACCACCGAACGTT,331
ATGACAGACTAAAGAA,331
ATGGGTTAAATTGAAC,331
CAGAAATACATGATTA,331
GAGTTCGATGAGAGAA,331
GCAGGCGGAAGTAGAA,331
GGATATCATTTTCCTT,331
GTTCCGACAAATTAAA,331
TATTGAACTGGCAATT,331
TTTAACAAGTTCATAA,331
AAATGAGTACAGTGAG,330
AATAAATGTGGCCTCT,330
ACAGACACACCTGCTC,330
ACTGTCATTTTAGACT,330
ATAGAATTGCATAGTC,330
ATTGCAGCCAAGACAT,330
CCTCCCTTAAACAACA,330
CGTAGTAGATCTCAAG,330
GATTCTCGCATAACAC,330
GGTATCTCCCACTGAT,330
TATAGTACTAGGCTCA,330
TGTGTGAGGTGAGGTG,330
AAGAGAAAATTCCACT,329
CATCACCAATAAATTG,329
CATGCGACCAGGGGTT,329
CCCCGTATCGATGCCG,329
GAGAATATATTGCAAT,329
GAGTCAAAATGTAACG,329
GCATGACAGACCCCGG,329
GCCCCCCCTCTGCGTC,329
TAGACTACGCTGAAAG,329
TGTTGACACGAATAAC,329
TTAACGCTGGGATGTA,329
AAGAACGGTCATTCAA,328
ATCAGCAAAGTTACCA,328
CACACTCCGTCAAATT,328
CGAAATCAACCCCAGA,328
CGAGCCACTGTGCTTC,328
GATTGTCAAACATCGA,328
GTGGAAACAACATCAA,328
TAACCGAGGGTCTATT,328
TGAAGTGGAAATACTA,328
ACCTCAGGTCCATTGG,327
ACGGGCGACATGACGG,327
ACTATTAGACCGCTTT,327
AGGATCCACTAACGGA,327
ATAAAGGACAAGACCT,327
ATATTGCCCTTTCAAT,327
CTATAAGAAACAAGAA,327
GACTAGCTTTCACAAA,327
TTCGCATCTGCTAAAT,327
ACAAGAAAACAACAAC,326
ACGAATAGTCGATGCG,326
ACTTAACCCAAGTGAC,326
ATAAGGAGAACCTAAC,326
ATACAACCGAAGGGGA,326
ATCGATCTTCGATCCC,326
ATGCACCGCTATTTCG,326
CATGATTTCGCCCGCC,326
CCAAAATCCAATTTCT,326
CGTTAATAAACAGCTC,326
GATATCGCGAAAGCAA,326
GATGAAAAACCATTTG,326
TACCCTGTCGCGGGCC,326
TGAACATAAGACACGA,326
AATCGATAACTTATTT,325
AGTGTATTCTAAACAT,325
ATTTTATAGTACCTCG,325
CTATATCCACAAGAAT,325
CTTTAAGACTATTCTT,325
GACATATGCTAGAGAA,325
TCGCACCAGTTATGGT,325
AAAAGTATGAACAGAG,324
ATAAAGAGGCAATTGC,324
CACGAGAAGCTCTTAC,324
CTAACCAATGACTTAA,324
GAATAGACGGTGACAA,324
GATTCGGGAAGAAAAG,324
GTTTAGGCGAGCAAAC,324
TACGTTGTGTGTCCAA,324
TAGAAATATTAGCAAA,324
TCACCAACCCGCTCGT,324
AAACACCCGGATGCAT,323
ACTATCATCTTCAAAG,323
AGTAGTCGATGGTGGA,323
ATAAAACAATAGTTTA,323
ATCCAACCATGAGCAT,323
ATTTTTTAAAAGACAA,323
CAAGTGAGAAACTCTG,323
CTAACAAAGACGGAGA,323
GCCCTACTATTGGCCA,323
TGTATTCCACAAACAC,323
AGAGCAGATAACATAA,322
AGTAAACGCCCTGATC,322
ATACAGAACCGAACAA,322
ATGGTCAGACGGAGAT,322
CATACTGCAATAGGTA,322
CATTGTATAGTAGAAT,322
CGCAATGACCAAAATA,322
CTGCTACATATACGTG,322
GATGAGTACGAAGTAA,322
AAATAAACAGTTAATG,321
ACGAAAAAGATAATAA,321
AGGACAATATACCCAA,321
ATATACCCCAAGTGCC,321
CCAAATAAATCGCAAG,321
CCCGCCCATCGTAGGA,321
GAACAAAATCACGAAA,321
TCACTTTAAGTTAGCT,321
TTAAATGTGCCTGGGA,321
TTTACTTAACGAGATG,321
AACACGGGAGAAACCA,320
AACCACTTCAGCCATT,320
ACTAACATCCACGGCA,320
ATGATTGAATAATCAA,320
ATGTATCGAATAGAGG,320
CAATCTTTCATAGAAC,320
CTAATGCGCATATCCT,320
GACATAGTGCTAACTC,320
TCTTTCACATACAAAA,320
TTTGATCCATTCTAGT,320
ATAAAAAAAACGCCAA,319
ATTATTAACACTAACC,319
GGTAGCACATTTAAAT,319
GTTTGGATAGACCAGA,319
TTCATTAAACAGATCC,319
AAACCTTTACGCAAAC,318
ACTGCATTGTTCCCAA,318
AGGCCTAAGCCTCCAA,318
ATACATTTTCGGAAGA,318
ATGGAGACGTTCAACT,318
CGAACGCTACTATAGT,318
CGCAGCGAGATTAGAG,318
GAGACGACCTTGACAA,318
AAAATACTTTAAGGAT,317
AACGACCGTATAAGAC,317
ACGCCAAATCGGTGCG,317
ATATAACTAGCGAACC,317
ATTTGAATGAGCTTTA,317
CATTTATCTCGATAAA,317
CGTGCATATGGTAGTT,317
GGCCGTAAAGGATAAG,317
TGAGGTTGCATTATTG,317
TGCGCCTAAAAAGAGA,317
TTAAATGAGGGGTATC,317
TTCAAAGAAGTATTAC,317
AAAACTTTCAGAGTCC,316
AAACGTACATCAGCTA,316
AACAAAACATGAACGT,316
CAACTTGCAGACTAGA,316
CACAAAGGGAATCCAT,316
CAGAGAAGAAGGGTGA,316
GAGGCTGAAACCAGCG,316
GTGAAATAACAGATCG,316
GTTAAATAAAATAAAA,316
TCCCCTCCAATGGCAG,316
CACAATATCAATCTAT,315
CATTACAGACACTAAC,315
GACTGAGTAAGATTAG,315
GAGCCACGGGCGCTAA,315
TCAAGAACCAAGTTGT,315
TCCTAGATCCCACTTT,315
AACAAGATGAGACCAT,314
AAGACAGTCATCCTAA,314
AGAAACAGCATGAAAT,314
AGATGTACAGGAGCAA,314
CATAAAAACTTCTACC,314
CCAAAATAACCATAAA,314
GTCCTCTATATATCAA,314
TTTAAGGGGGTACTAT,314
AATCCGAACCACAAAC,313
CAAGATGGCCCAGGTC,313
CCAAAACCCCTAATCC,313
CCGAGGCACCCGGGCT,313
CGAAATGCGCAAAGAA,313
GATAGAGGATAGCAAT,313
GCCGGAATCGACTGGT,313
GGAACATTAATAACAC,313
TATAGTCTTGTTCGGG,313
TGGGATAACGTAAATA,313
AATGGGACTACTTTAC,312
ACAAACGTATCCTTGC,312
AGTTACCACAGAACAT,312
CGATTGGGAAGTCGCA,312
CTCTCTCACAGAACTG,312
CTGATAAATGCGCAAC,312
GGGAAATCTTTAAGAA,312
GTCGGTGTCTAATATA,312
GTTAAGCACACAAGTC,312
TGAGACTAGGTCCTTA,312
TGCAAGAATAGATGTG,312
TTCCCATAAAACATCC,312
AAGAAAATACCGATCA,311
AGGAGGGTTTAAAACT,311
AGTGAGCTTTAGTGAA,311
ATGCGTCAAGGCGCCT,311
CTATGCAGAATCTCAA,311
GCTAATGATATCAAAC,311
GGTTACCCAAAATTAG,311
TCTAATCCCTATGTAA,311
TGAATCGTTCTAACTA,311
TGTAATGTACAAGGCC,311
AGGCCAACCCAATGCA,310
ATGCATAGGCATGATA,310
ATTAACATGCGATTTG,310
CATTGTATACAGGTTT,310
CCCTCCGATTTCCATG,310
CGAGTCTAATAACGAT,310
CTAAAGGACACTGGCA,310
CTTCGCCAATGATGCT,310
GAACATGCTTTGGTAG,310
TTAAAACATAAAACGA,310
AAGAAACATGTTCCTG,309
AATCTATCAGATATGA,309
AGTTAGCCCCATCAAT,309
ATCGCGACATGGCTAC,309
GGCATAAGCAAGTCAA,309
GGCGCGAAAGAGCCCT,309
AACCCCAAAAACAATA,308
CAAAACTTAATTAGAG,308
CAATAACCAATTCCCC,308
CACAGTCGCTAGGGGA,308
CATATAATAACGGGGA,308
CATTGTGTACGTAACC,308
CTCAAAATGCGGCAAG,308
CTCAATTTGAGTAAGG,308
GAAATGTTAACCCAAG,308
GTTTTCTTAGACTAGG,308
TAGAAATCCCCCAATA,308
ACGTAAACTTTACCCC,307
AGAGTGATACTACAGG,307
CAAGAGGTTTCACTTT,307
CAGTACACAGTTAGCT,307
TACTAGTGCTGATTTA,307
TACTTACCCAACCTCC,307
TAGGTGATAATTAGAC,307
TGCCCACAAGATAAAA,307
TTTTTAAAGAACACCA,307
AAAAAACGAATATCAA,306
AATAAAGAACGGACTC,306
AATACCTTTTGGCAAT,306
ACGTGGTAATGTATAT,306
AGCGCCAATAAACCCT,306
CAGAACTGCACTGAGA,306
GAAATTCCCATATCAG,306
TGAACCGACGTAAAAA,306
AAACAAGGAAAGGTCA,305
AATTATCGCGTGAGCA,305
ACCATACGTATATACA,305
CTAATAACTATACAGA,305
GATTGGATACAAAAGT,305
AAAAAATAAATATAAT,304
AAAGGCTATCGTTACA,304
AAGGGTCAATTCCTGA,304
ACAAATACTCCTAGAG,304
CCGACCATATGAATAC,304
CGAGCTAGAAACGAAG,304
GGTAGTGGGTCAGAAC,304
TAACACATCCACTTAT,304
TATATACGGGTTTGGG,304
ATTAGTAAGAGACAAT,303
CTTAACCCTACTAACG,303
GAATCTACAGTCGCTG,303
GACGCGATGATGAACT,303
GAGACAAAAACGATAA,303
GCACAAGAAGCCCGCG,303
GGATTCATTTGACGGC,303
TACATTTGAAAAAAAA,303
TTAAAGGGAAGCAACC,303
TTACATTCCGTACTAC,303
AAATTGCAAAATTTTT,302
AGTCGAAATAATCAGG,302
CGAAGTTTACAGCAAT,302
CTTCCTCATGTGCTGT,302
GAGTTAAATAAACATT,302
GTAATCGTACACGATG,302
TGGGATCGGTCAACCC,302
AGTCCAATAAACGAAA,301
CAACCACTTTAATCTT,301
CGACAAATGAAACTGC,301
GGTAGAATGTTCTGAA,301
GGTTATTGCGAATTAA,301
GTGAAGAGACATCTGA,301
TATGCGAAAATTACCA,301
AAGGTATACACCAAAA,300
ACGTACTTAACCTAAG,300
AGAAATGAGGCCCAAA,300
AGGTCATAAGATACCA,300
CTTTTACACCAGTGCA,300
GATCAACCAGTACTAG,300
TTGAATGGACGAGAAG,300
AATGTTATAACGAATT,299
ACAGTCCCTTAGGTAA,299
ACGTAGAGTAGTTTGG,299
AGTTCCGTTTTCTATG,299
ATCAGAAAAGTGTATT,299
CACAGAAAGCAAGATT,299
GGCTAGCAGGACGTTA,299
TAAAGAATACTCGCCC,299
TACGATTAGCTACCAT,299
TATAGCTAAATCACTA,299
TGAGGATACTAAACCA,299
AGTACTGGGAGCCGAG,298
ATGCGAGAATCCACCT,298
CGCCTATTTGAAGGGA,298
GCTACTAAACCGTAGG,298
TGTAACTGCAATAGGT,298
TTAACAATACCCACAA,298
TTTCGGCTACACAAGT,298
AAAGTTATTAGGGCAG,297
AAATCCCGCTTTCATC,297
AATAGTATTTATGCAT,297
CATTAATCATAGGCTG,297
CGGATTTTACATAGCG,297
CTTTATAAGATTAGAG,297
GAAAAGTGCAACAAGG,297
GCCCCAGGAAGACAAT,297
TAATATCCGCATGTAA,297
TATAAGCGAGATACGG,297
TTCTGAGAATCTCCGC,297
AAGGCCTTAGACGTCA,296
ACCTACGAGTATCCCA,296
ATATCCACCTTTACGA,296
ATCATCATGCGACACA,296
ATTGTGTAATCAACCC,296
CAAGAAATTCAAATCC,296
CCAGTAAGAGTCACAT,296
GCGGATCATTTACTAC,296
GGAATCTTGGTGTACC,296
TATCATTCAAACGATA,296
TGCCCTGTATAGTCAA,296
TTAGTTGCATCAAAAC,296
ATACATAACTTTATGC,295
CATTTTACTTGCAGTT,295
CGGTTGATAGTATTAA,295
GACTGTTAATTAAAAT,295
GGATTATTCCCCTTCA,295
TAACTATCTCGCTCAG,295
ACCAAAACACTAATCT,294
ACGCTACTCTTAGAGG,294
CAACCTACCCCAAAAC,294
CACTCCTGGCATAACA,294
CTGTAGAAACTACGGT,294
TACATGTACACGTGCA,294
TCGCAGACACCCGTAG,294
TGTGGACGCTCAAATA,294
TTTTCTCACAACTTCC,294
AAACCACATGTTAAAG,293
AAGACGTACGGCCAAA,293
AATAAACTAAATCCCT,293
ACGGTCTCTTTATCTC,293
CTAAACCTTAAGAGTC,293
GACCACAGGTGACCCA,293
GCAAAACGAACACCAA,293
GCCATGGAAAAAAAGA,293
GCGAAAATTAAAAGGT,293
TACGAACCTAAATGCA,293
TCTATAGCATGACACA,293
TTAATCACAGCAGTAT,293
TTTATAAACCACCATA,293
AAGAGTGAACGAGCTC,292
AGTATCCAGGTTTATA,292
ATCTGTTACCCAGAAG,292
CAAAAACGAACTTACC,292
CAAGATACAATCCTAA,292
CAATTGGCAAGACTAA,292
CGTTAGTTTTACTATA,292
GTTTGTAAACAATGGT,292
AAATTATAAATATAAC,291
AACGCCCACGAGTAAG,291
AAGTAAACGTAAAGTT,291
AGCATATTAATCTAGG,291
GATTTTACTAGAAATT,291
GCAATATAAAAACACA,291
TAAAGGAAGCATAGCG,291
TAATAAATAATTCCGA,291
TTCCTACTCTGTTACA,291
AAACGGCCTGATGGCA,290
AACGAAAGTAACTGCA,290
ACTACGCCGCAGTGCA,290
ATGAAATATCTAAATT,290
CATAACATGAAAACAG,290
GGCTTTGGGACTTTAT,290
TAACTAAAAAAGGGAA,290
AAGACACCATCGCGAC,289
ACAAAAAGATAATTGC,289
AGCTACGAATATGATA,289
AGGTCTTAATATAACC,289
GAGAAAAATTACAAAA,289
GTAGCATATCACGTCA,289
GTCATAATTTTAAATT,289
TAATGAACAGGATTCA,289
ACCGGGCAAAATACAG,288
AGTAGATAGTGAACTT,288
ATTATTACACGGGCAG,288
CAAAGCCAACATTTAC,288
GGAAAAAGTCAGACCA,288
GGAAAAGATTTCGCCT,288
GTCTTCGGTATAACAA,288
TACCGATTGATTATAT,288
TCTAAAGAGTTTATCG,288
TTCACAGCAAGTTTGA,288
AAGCTACACAGACACC,287
ACAGACAAGAAAGCAT,287
ACTTATACAAGAGACT,287
AGTGCAAATATAAGGG,287
ATAGACATATAAGACA,287
ATTCGACCACCTAGAG,287
CGCTGTTAGGAGCAAT,287
GGAGCTCAGTTGCACT,287
GGCCGTACATCAGTAG,287
TACAACATAAAACTCA,287
TAGGTTCTAGGTGGAA,287
TAGTAGACAGAATACA,287
TATTCGATGCACAGCG,287
AAAAAGTATTAAACGA,286
ACATACTCACCAACTC,286
ACCACCTTAAACGTTA,286
ATAAGAGTTTTACGAA,286
CCATGTAGAACGGTGG,286
CTCTCTGCACTTCCCC,286
GAGCCTCACTATGAAT,286
GCCGAAAAGATTTACT,286
TTAATGAGATGATCCT,286
TTATACTTCTGGAATC,286
TTGCTCGCGGCACTTC,286
GAGCAAGCCAAAAATA,285
GGCCAACACAAGTATC,285
GTATATTGCACCTAGC,285
TCTCAGTTACACGGTT,285
TGTTGCACATACAAAC,285
AACAATTTATATCAGA,284
AACGATTAAGAGTAGA,284
ACCAGTACAGTAAATT,284
ATTACGTTTACTAGTT,284
CACGACGGTTTAATAA,284
GACATGTTTTCATCCT,284
GTAGATGATACCTACA,284
TGGGGTTTAAAGCTTT,284
AAACTAAGGTTCAGAA,283
AAAGTTCACAACAGTA,283
AAGAACATACCAGGCT,283
AGTATTGCTACCTACT,283
ATGACGTTACCCGGAT,283
ATTATCTCGGCTAGTA,283
CCATAATTCCCCACCT,283
CCCAGAATTTCTAAAG,283
CGAATCAATATACCCA,283
TCTCAGTAGAACCGCC,283
AAAAGCGGGATGTACT,282
ACAATAAATTTTGAAC,282
AGATAGTATGTACTTG,282
AGGCCACCTACGATAA,282
ATCAGCCCTACGAACC,282
CGAAAAAGACAAAACC,282
CGATGCAATAGCGAAG,282
GCCCGAAAGGCGGCGT,282
TATTAGCTGAAGACAA,282
TCCTCGTACATCATAA,282
TCTGAAACCTCTAAGT,282
AACGCTTCACACGAAT,281
CAAGTTGCCTATGTTC,281
CACCCTATTTATACTC,281
CATCCATGCGATAATT,281
CTCAAAGTAAAAGAAA,281
GAAGTGTACGTAAGGC,281
GGACTATTGATCGCGC,281
GTCTTTGCGCCATGTG,281
TAATAGGAAATATAAC,281
TCATCGATCGTATAAC,281
ACTCACCCTTCAGGCT,280
AGAGCTCCAAAATGAA,280
ATCACCTGGACATTAG,280
CAGTTGAGGATTGAGG,280
CATTGACATGGCAGCA,280
CTTTAGGCTGACTTTC,280
TAGGAGTAAGGCGCGC,280
TCGAATAGGCAATTTA,280
TCGGAACAGAACTGAA,280
TTCAACGTACTTAAAT,280
AATAAGAACTAAAGAT,279
ACCCGTGATAGCGACG,279
ACTTGGGGGGCTGTCA,279
CACCAGCGCAGCAGGC,279
CGGCATAGCCGGCCTC,279
CTAACCCTGGCAACCT,279
TAACGCAATATATGAT,279
TGCCAAAAGGATTGCA,279
TGTAGGAGAAGTCGTG,279
TTGAAACAAATACTTG,279
TTGGCGACTTCAAAAT,279
TTTCACAAGTTGTTAA,279
ACACAAGCTGTTCATT,278
AGCCTTCTTGGCTTTC,278
ATAACAATAATAACTT,278
CACACACACCCAAAAG,278
CAGTAAAAATCATTCG,278
CATTAAGAGATAATGA,278
CTAGAAGATGGGCCAT,278
GTTCATGCGGTTATAT,278
TATGACTATGTCATCC,278
TCATGTGCACCATTGA,278
TCCTAAGACTGGGCCT,278
ACTCTTCAACTTACCA,277
CTTGAGTATCAGCTGT,277
GATTGTGTCGTTGAGG,277
TAAATCAAATCGAATC,277
TGCACCATAAATGAAA,277
TTGATTGACACTAAGC,277
AAATTACGGGTCGGGC,276
ACACATTTTAACGGAT,276
CGAGGCTAGGAATTAA,276
CTTTAACGTTATATGT,276
GGAAATCAATTACGGA,276
TCCAATCAGTGCTACC,276
AAAAGAGTTAATCCAA,275
AGGATAACACAGTGCC,275
ATAACGACGCTTTCAC,275
ATAAGGTACAAACTCC,275
ATATACCTAAAATGGA,275
CTCTCTAGCTTTTAGT,275
GTCTATCAAATACGTC,275
AAGAACCGTACTTACG,274
ACTCGTTCATATTACA,274
AGAGGCGTATATCGCC,274
CACAGGAATGTCACGT,274
CCCCCGTCTTTTAAGG,274
CCTAACTCTCAGACTT,274
GAACACACCTCATTCA,274
GCCCTAATAAAATAAA,274
GTTCCGCTAAGGATCT,274
GTTCTAAGCCCCAATT,274
TAAATCATGATGTCTT,274
TAGATTATTGGAGTCC,274
TCTGTTAATCTCATTT,274
TGCGCCATCGTGAATG,274
TTAGGTAAACCCCACT,274
AAATTCTAATTTTTTG,273
ACATAAGAAGTATACT,273
ATAAAAGAGAAAAACC,273
ATTTAAACAGTTACTT,273
CCACCGGAGCACAACT,273
CGACGTACTTCCGTGA,273
GATTTCTTGGGTAAGG,273
GCGCCAAGTACCGTAA,273
GGAATGAAGGTACAAA,273
AACGAGAACTGATAGT,272
AATGAGCCTTCGGAAA,272
AATTGGTTCGTTATAA,272
CCATACGGAGTGACTA,272
CTTTTTATAATGGACC,272
GAAGTACACTCCACAT,272
TATAGCTCTGGACTTG,272
TCGCACACATCACAAA,272
TTATGCTAATCAATCA,272
TTCATAAGCCCGTCCA,272
AATTCCAAACTAGCCA,271
ACTAGTCCTAATGTAA,271
CATATTAGTTAAGAAC,271
CTTACTCCCACCACTC,271
GCAGAAACGGGAATAT,271
GCATACCCGGCGTGTT,271
TAACCGTTAAAAGTGT,271
TTCCGTCAAGTGAAGA,271
ATCATAGGTAGAGGCG,270
ATTAATGAAAAATGAT,270
CCACCCTCATTGAATG,270
CTCCTCCACTGTTACC,270
TAACACCCACCACTTG,270
TATGAAATGGCAATAA,270
TCTGGCACAACCATTA,270
TTTAATCTATAAGATT,270
AAATAACTTGCCTACG,269
AATTAATAGAACCGGA,269
ACCGCTGACTCAGATT,269
CAGGGACATAACATAA,269
GTCAATAAAAGATACC,269
TAATATACAAGGCCCG,269
TATAGAGGAATCTGGA,269
AGATAAATCTTTCACA,268
GAAGTACTATTATAAA,268
GACAATTAATCTTTAA,268
GCATGACACGATGTAG,268
TTACAATCTCATTGAG,268
ACTAACAACCATCTAC,267
AGCGTGTACTCAGATG,267
CAAGACGGCCGTTAAG,267
CCCCACGTAATGAAGA,267
CTCACTAAAATAACCG,267
GACGCATCATATAAAC,267
GTACAGTGATTACAGG,267
ACATGGTCACAGAATT,266
AGTAATATTCGTTGGT,266
ATATGACTCCGAGGTC,266
ATCTGAGTTTATGAGT,266
ATTCGACTGGGATTAA,266
CAACTATATCCCAACA,266
CCTATAATCTTCCAGC,266
CCTATTATAAATTATT,266
CGAGGCTCAGTGAGAC,266
CTGGGACGATATATCA,266
GGAACTCAACAGGAAA,266
GTCCGAAAAACCAAAT,266
TATCAAAACAGCGTAA,266
TCAAATCACTCTAACG,266
TTAAAACTCTGTTAAT,266
AAAGCAGAAAGCAACT,265
AAGCATGTGGAGTTAA,265
ATAGACTGCAATAAGT,265
CTAGTCTTTACAATCG,265
GCATCCATCTGCCACA,265
GTACTTCTCCAAAAGA,265
GTAGTAGTATCAAGCG,265
TCAAGCGCGGGTGAAC,265
TTATACCAGCGGATTA,265
AAAAGACAGGGACATG,264
AAATGAACCCTGCTAT,264
ACGTGTTTTACCTGCT,264
CAATGCAAAGATGAAG,264
CAGACGTAGTTAAACT,264
CATGAGCTAACTGCCA,264
CGACGACTAATGTCCT,264
GAAAAAGACACCTTTA,264
TTGACACAAGGTGTGT,264
TTGTCAAACTTACACT,264
AAATAGTAAGTAACCG,263
ACAATTCCACAACGTA,263
GAACTCTGGATTATAT,263
GATACAAGCATGGGAA,263
GATGTTTACCAGGCTT,263
GGACCCGTTTTCGCAG,263
TAAATGGGTTAACATA,263
TATAGCAACGAATCAG,263
TCCTAACATGCTCAGA,263
TCTCCAAACATCGAAG,263
TTTATGGGCATACGGC,263
AAAAGATAAACGCCTG,262
ACATGTTTTCCAGGGC,262
GCAACAATCTGCAATT,262
GCATAACACTACGACT,262
GTACCTATTAATCCAC,262
TAGAATAGGCTTGAAC,262
TGCTGCCTTAATATGT,262
TTTTAGCGTGAAGGCA,262
CTTAATCACACGAAAC,261
GATCAAGATACGTTGC,261
GCAGATCGACTACGAC,261
GGGAAAGTCCACATTT,261
TGCAGGCAAAAATGAA,261
ATTTCCGCAAATGGCC,260
GGAGTCAATCATATTA,260
TCGCCTCAGTTCTATG,260
TGAAAACATTTAAACC,260
ACCCATACTGTAACCT,259
GTACATAGTGTAGTGT,259
TTCTACTAGACAACGC,259
AATAATCGATACAGAA,258
CCCCAAAAAAGATTGA,258
GGACCGCATTCGCCTT,258
GTAACATCATACAAGT,258
GTAAGGCATTAAAAAA,258
TAAATACGAGAGTCAC,258
TAGCGATTGAGTATTA,258
TTTTACCTTAAATTCT,258
AAAATTGCTGATGCCT,257
ACGCTGAATATGGTAA,257
ATAAAATGTACAATAT,257
CATTAACCCCATAAAT,257
CGCGGAAATTACTACC,257
CGTTAAAAGAACATCT,257
GATGAGAGAAGATGTG,257
GCCCGAAGTGCTAAGG,257
GTTTTGATAATTGTGA,257
AGATATCCTGCTAAAA,256
GTGTAGAATGGAGTGG,256
TAATTCAGATCACGCT,256
TGATTTTGGACAATAA,256
TTAAATATTACAGACT,256
ACCTCGATGACATACC,255
AGTGCGACCAGCGCAG,255
CAAAGGCCACGCAGTA,255
CCAATGAGGACATACA,255
CGCCAATAACAGGCGA,255
GCTTCGACTGTTTAAA,255
GGACGAACCCTCCTAA,255
TAATTTCGCAGACCCA,255
TTGCTATACCTATTTT,255
CTGATATCACTCATGC,254
TCCGTTCTCGCAAACT,254
TCGATGTCCCTTCAGG,254
AAAAGCTGTATAATTC,253
AAACTAACACTGTAGC,253
AGTATAGATCTGCTAT,253
CCACCAAAGCTCAGTA,253
GAACATAGCCAGGGCC,253
GTCACGGGCTCGTTAT,253
TCCGATGTATAATAAA,253
TCGGTTAGCACCCAAG,253
TTTAGCGACTAAAGAC,253
AAAATCGCCTAACAAT,252
ATAAACTGTCCAGGAC,252
ATAGTACATCACGAAT,252
CAATGTTCTTGCCAGC,252
CAGGCAATAAATATCC,252
GAAGAAGTATACAGAC,252
TTCAAAACGATAATTA,252
AAACCATATAAACATC,251
AACAAGCGCATAGATA,251
AACCTAAAACCACAAA,251
AATCCAAATGTGCCCC,251
AGTACTATCGAATTAA,251
ATATCGTTCCGCACTC,251
CAAAGGTCCCCTAGCT,251
CCGATCACGTGTAACT,251
CGTAATTAATTCTGTC,251
CTCTTTCCCTAGAACA,251
CTTCCTCATAACTATC,251
GAGATTAGACTCTCGA,251
GGCCTATTATTGTGCC,251
GTATAATAAGACTGAA,251
AAAAAATACCGAGACC,250
AAAAATCGAAAACTCC,250
AGTATTTTACATTTAA,250
CATATCTAGTACCAAC,250
CTCGAGCGTTCACATA,250
GAAGAATATCATATTA,250
TCGCCGAAAGGAAGAC,250
AACTTATCCAATCAAT,249
ACGCTAAGCTCAAACT,249
AGCATAGTTGACCAAA,249
CAGTCCAATTTATCAA,249
CGGAACGCTCAAATAA,249
CTCAACTATACGTATA,249
GATACTCAGTTGATAC,249
TAGAAAGGAGTTAACA,249
TTATTGTTCTTAGGAA,249
AATTGAGTAAAATAAT,248
ATACAGTAGAATCAAA,248
CAAGAGTCATTTCCCT,248
CCAGTTTAAAGACAGA,248
CTAAAAAACTTGTAAA,248
GACATGGGCCGAAAAC,248
TCCCTAAAACACCAAA,248
TGATTATAACTCCTTA,248
CATACTAACGACCTCA,247
GTCTGTTAATGGGATG,247
TAACTCACCATTCCAG,247
TAGCTCCCCCCAGATC,247
TAGCTCTTACATGCAT,247
TCAATTATTACAGATC,247
TTACTACATTGTTAAG,247
AGAATACAACAGAAAC,246
CAACCCGACCTAGCTG,246
CACCATTAAAGTGGCG,246
CATTTAGTAATATAAG,246
GCGATTATCGTCATAA,246
GTAAAGAACGTCCCGC,246
TCTACCCAATTACTAG,246
AAAATAAATTTTAATT,245
AACCCACTAAGATTGC,245
ATCCACAACATGGTGT,245
CAGATCTGATATATAC,245
CATAATTACATACCAT,245
GCGTTATGCCTATACA,245
GCGTTGCCCGTCATGA,245
TATAACTAAATCTTAA,245
TATAATTCTTGAGAAG,245
TTAAAATGCCCGCTCG,245
TTAACAATTTAAATCA,245
AATTACAAGGACAAGT,244
CACTGGATTTTTGTGA,244
CCACTTGACATGATTG,244
GTCTGTGTCACAATGC,244
TATTATCGCAAATCCG,244
AGAATTTATTTGAACT,243
CATTCCTAAGCGGCAA,243
CTGAGTAAATGAAAAA,243
AGTTTAATTACAACTA,242
ATAAACGATGAGTAGT,242
GTTCTTTCGTCAAACC,242
TATGAACGTTATTTTA,242
TCATCAAACCACGACA,242
ACAAACCTCCAATTAA,241
ACTAGGATGATACCCC,241
CTACCCCCCCTAACGG,241
CTCTCGCTGACTCAAC,241
CTTCACCCAGCCTAAA,241
GGTGATGAATTCTTGT,241
TAAACTCCATCTAATT,241
TTTCTCATCATCTAGT,241
ACGCATATGTGTTTCC,240
ATATAAAACCGTACGG,240
GATAAATTTGACTTAT,240
TCCCCGTAAACTTATA,240
TGGTATCGTCGGACCA,240
ACTTAAGCTCATCATA,239
AGCAGCACAAAAGGCT,239
ATATAAGTAGAATTGT,239
CTACTTGTATTAACCT,239
CTTCTGAAACAGATTT,239
GTAGTAATCCATCGCT,239
TACATAGTCCATGTTA,239
TTGAAAATATTCGCAA,239
AAATATCGAATCTCTA,238
ACGATCCATGGCCGGA,238
ATGCTATACAATAGAA,238
CAAACCATATACTACA,238
CCGTTGGAAATACGTC,238
GGATTTAAAATACGAT,238
GGTGGGCGACCTAGTA,238
TGCGCTGGTCTTCACT,238
AAAAAGATAATAGCAA,237
AACTATCGGACCGTTC,237
AATCCGAGTTAACCTG,237
ATAGTGGTATCCCAAA,237
ATCAAGAGATACCGCA,237
ATGTGATTACCAGAAC,237
TAAAATACCATACTGT,237
TAGTATAAACGGCAAT,237
TATGAATCCGGAAGAC,237
TGACTCTCTGCCTTTA,237
AAGCAAAAAAGACATT,236
ACACTAAAATTAACAG,236
ACAGAGGCTCGGGTGA,236
ATAAATATGTCATACC,236
CGACGGGATTCACAGT,236
GCCTAGGCCGTAAACC,236
GTGTTATACCAATCAA,236
TACGAGATGGTGTCAG,236
TAGTTGGAACCTCTAT,236
TCTCGCACCGCGTTTA,236
TGTTGAACACATTAGA,236
AATCCAATTTTGTCCA,235
ACGTAAAGCAGCTAAG,235
CACCTATATTAATTAC,235
TATATTACCTCAGTGC,235
TATGCTCGCCTTCAGC,235
ACTTCGAATTAGCGTA,234
CAGTACAATTAAGGTG,234
CATTGGGATCTATAAT,234
GAAATGACATTATGGA,234
TATTCAAAACTTATGT,234
AAGGTAGTCGGTCCAT,233
AATTAGATAATCATGA,233
CTTAAATGGCTCGGTA,233
GACCGATTTCAGAACC,233
TTCGCTAACTAAAATT,233
AAGGAATATACTCCTT,232
AATAATTACAGAACAG,232
ACGGTAGTCCCAGAGA,232
CGTAACCCAGACCTAA,232
GAAGCTTTATTTGAAA,232
GGAAACCTAAATCGTG,232
TACTAGACGCGGGTAA,232
TCTATCGGTGGTGCAT,232
TCTTTTGCCAACTTTT,232
ATACTGTGCAACATTA,231
ATATATACTGACGGTA,231
CAATAGTTATATTAGA,231
GGATACTGTCTTTGCT,231
GTGCCGACTCTCAACG,231
TCGTAGAACACAGAGA,231
TGAAATATGCTCAATA,231
TTAGTAACGTCACTCC,231
AACGTACTTCAATCTA,230
ATGATGGATCGAAAAG,230
CCGCATTATTATCGTT,230
CCTAATGGAGATTCAA,230
GAATTGTTAAAACCAA,230
GGTCACTACATGTCAT,230
TACATCATGATAAAGC,230
AACCTAGAACCAGGCT,229
AGCAAATACCTTTTAC,229
ATAACGTCTTTCAAAA,229
ATATACCCTAATAAGT,229
ATATTCCATACAATCG,229
ATTAAATAAACAAATG,229
CAAAGACCCTAAAAAA,229
CACTAGAACCACGAAG,229
GAGTGACAATGAGGCA,229
GGAGTAAGTTACTTGG,229
GGGATCCGGACCAATT,229
GTACAAATTCTATAGT,229
TAAAAAGATAGGTAAA,229
TCTAGAAAACTACCTT,229
TTAAATAGAAAAAGCC,229
TTTACTGAGGATAGTC,229
ACTGAACGTACGCAAC,228
CCCCGTTAAATGGCGG,228
TCGCCAATTCACACCC,228
CACAAGTAAAGCAACA,227
CCTTCAACTTTATCTA,227
CGTTTACTGCAACGGG,227
CTATACTACAAGCACA,227
CTCGCTAATTTCCGAC,227
TAGAGCGGGCCTACCC,227
AAAGGACGGGTTTACA,226
AACCGTAATCAAATTA,226
AATACAAAATTCAAAC,226
AGTCACTACATACAAT,226
CACAAAACATCTAACA,226
CAGGTGCAGCCTTGGA,226
GACGTTTATGGACTAT,226
TATACTCTTATCATTT,226
TTTAGAAAACCTTCTA,226
ACCCGCGATGACTCCA,225
AGACCCATTCGAACAT,225
GTATGCTGCTGTCCAG,225
TGAAATGCCGCATCAA,225
TGTGTGATCCCTAATA,225
AGTTTCCCCGCTAAAG,224
TGAAACCCTACGAATA,224
ACAATCAACCACTCTT,223
ACAGAATAAAGAATGA,223
CAACTTCTAAAACGAT,223
CATGAATCTGCATTTA,223
CATGTCCACCGAAATC,223
CGTAACTCTGCGTAAG,223
CTCGTCGAATGAAAGT,223
GACTCTATAGCTCTAA,223
GAGGGGTACATGGGGA,223
GATCTCTGACACCCTG,223
TTTACCCAGGAACACT,223
ACTTTTATATCTCTTA,222
AGAACCTCACGGGAAT,222
AGACCATAGCACCATA,222
ATCAAGTGTTAGTAAA,222
CTTCCTCCGAGATAAT,222
TACAAACATAAAACCA,222
ACTAGAGGTCGGAAAA,221
TTAAAAAATCGTTATA,221
AAAGTCGTTCTTAGCG,220
AATACGCTCCGTAAAT,220
ACTGAAGAGGTCGCAG,220
ATACACACAGAACAAG,220
ATGAAATTTACATAAT,220
CGCCAAATAATTATAT,220
GAAACCCTCGCGGAAA,220
GAATATTTAATAGCAA,220
GAGTTTGTAAATTAGC,220
GCTCGCATACGCAAGT,220
TCATAAGAGCGTGCAA,220
TGCAAATAACCTGACC,220
CGAAAGGATTAAATGT,219
CGGTTTCATGCACTAA,219
CTAAGATACTACGAAA,219
CTTAATCTGAAAAATT,219
GAATCAAGAGTCACTA,219
GATAGGAACCAATTGC,219
TGAAGCGACCGTCACC,219
TGAGAAAAGACTTCAT,219
AGTGTTACAAAGCGAG,218
CCCGACCATATTATTG,218
TAAGAAATCAAGTCTT,218
TATCTTTCTTCAACTA,218
AAAAAACTTAACCGAA,217
AACATAAAAGGCCGAG,217
AATGCTTAAGAATCGA,217
AGTGTTTAAAAAAGAT,217
CCGGTAATCTCTATCT,217
CTATACACTCCATCAG,217
GAAACTAGGGTAAGGC,217
TCGCGCTATCCACGGG,217
TCTATACTAGTGGACG,217
TTATGGAGAAATTAAT,217
TTCGTTCACATCATGG,217
ATCGTATACGCTATTC,216
CAAACACTTCTAATAC,216
CTGTATAGCAACATGA,216
TATTTACGAGATACAG,216
TCTCAGTTGCAGAGCT,216
AAGGACACTCATAGAG,215
AGCGCCTGCTAGTGGC,215
AGGTTCTACCGTGATT,215
GCCATTGGTAACTGAG,215
GGTACAATTGACGAGA,215
TACAAACCAAGTAATA,215
TGTCACCGATGCAGAT,215
ACACTACCCAACGGAC,214
ACGTATAACAACTCAT,214
ATGAAAAGATCAGAAG,214
GAGCACATAAAGAAAG,214
GCACTTTTGATCGTGC,214
GCATGGGTTAAATAAT,214
TGTCACCATATGGAAA,214
TTCTAATGATCCATAT,214
TTTGGAATCCCAAAAA,214
ACCGCTGCGTGGTATC,213
ATCTCCACAAAAAAAC,213
CACAGGACCAAAGGAC,213
TAATCAATAAAATATT,213
TCAATGTGATGAAAAA,213
TCATGAATACCGGCTT,213
AATTAAGGAAAATAGA,212
AGCGCGCACAGCCGGA,212
ATTAAAACAACAACAA,212
ATTATATACCTAAAAC,212
GAGATCGACTCTACCT,212
GATCATGTAATCATTT,212
TCATAATTCTTCTTAA,212
TGAATGGTTAGTTTTC,212
TGACGCATATTGGCCT,212
TTTAAATCCTATAAAT,212
AAGAATAGGAAAGTTG,211
ACGCAACTCTTGACCA,211
CGCACAAAACACTTAT,211
GAAAAACTCTAACGAA,211
TCGAATCTATAACATT,211
TCGCTTTCTCACCTGC,211
ACGATATAGGTAGGCA,210
CTAGACCCACAGTTAA,210
GAATACTAATCCACAC,210
GAGGGAAATAAAAATT,210
TGTGACATTTACAGGC,210
AATTCATTTGGGTTGT,209
AGTGACGTTCCGATCT,209
CCCTTCTATATTCCCA,209
CGGCCACATCGTGGAA,209
CTTATAGCAGAATTAT,209
GAAATCTTAGGACTAG,209
TCATATCGCGATCATT,209
TCTCATGCAAAATTTC,209
TGTCAATAAGACCCTT,209
ACAGCGGGCATTAATC,208
CATGACTTATAATATG,208
GATGGCTATGCGGGCG,208
GCCATCAAAGATCTAA,208
GTAAATAGTATGTTCT,208
TTTCCCAATATATTGC,208
AAACGAACACATCAGC,207
ATAGGGAACAACTAAG,207
CGCCGACAATTGCGAA,207
GTCTAAAACACTGTTT,207
TAAACCGTTTAAGTAT,207
TACGTTATTACGTATA,207
TTAGCCAAAAACATCA,207
TTTACAAGTTCGGAAT,207
TTTCAGCCGCAGTCGC,207
ACGCTCAATGAGATAA,206
CCATACTTTAAACGTA,206
GAAAGTAGAAGCGATC,206
GAAGCGGATGTAAGAT,206
GGTAATAGTTACTATC,206
GTATTAGACATTTTTT,206
TAATTTAAACCGTGTG,206
TATAACAAATACCCCG,206
TTTATTTCAGGTTGAA,206
AGCGCTACGCCGCCAT,205
AGTCAGGCCAGCACAC,205
CCGATGTGAGTCTCAA,205
TGAGGCAATGTTACCC,205
CAGAAAGAGTAGTACA,204
GAACAACGTACTGTGT,204
GCACCCCAATAACCCC,204
TCTATGCCGGGCCTTT,204
TGTATCTCGAATCCTG,204
TTGACAGGCGTCAAAA,204
AAAAGATTCAATATTG,203
ATGCTAGACCTTCACA,203
GGTTTATCAATTTATT,203
AGCAATTCTCACAAAC,202
CAGGAGTAGCCGGTGA,202
CCAACACTCCACATAG,202
GAAACGGAACCTAATT,202
GACAAATTTAATCATA,202
GGCCTAACCCTGACAT,202
GTATTAAGTAAGCACG,202
TCATTTAAATTACCGG,202
AAAAGCTACAGGTCAA,201
AATACTCAGAAATCAT,201
AGTTAGCGGTCGTCAA,201
ATAAAACGAAAGTCAC,201
ATTAATAACCATAATT,201
CGAAGAGGTAGAGCGG,201
GAATTGCTATAATCGG,201
TATTTGCCAGACAAAA,201
ACTCGTTATCACTAGC,200
ATTAAACACAATAATA,200
CACCTCAATAAACTTC,200
CGTACAAAATTGTTCA,200
GACACGGGGGCATATA,200
TATCTACAGGAAGGAG,200
TGGTGCTACAAGCGAT,200
TTCCCCCGCAGGTCAC,200
AAAAACTTTAATTTGA,199
AAATTAGCCCCTGTTC,199
AACAAAAAACTTGCTG,199
AGAGCACAGCTATATA,199
CATCCAAATACCCAAC,199
CCCGTTAATGTTTATA,199
CTTCAAAATACATACT,199
GCTCTAGACTCTACCA,199
TAACTCCAAGTACCCA,199
TAGAAGATAAGAGTAT,199
TCGGTCATGATTTCTA,199
TTTCCAGAAACAAACA,199
ATAGAAGTGTTGCAGT,198
GAACGGAAGGACCGGA,198
GAAGAATTGTCTCTTC,198
AAGAAGTCTATATTTC,197
CAACCAAAACAACACG,197
GACAAGCATTCTTCCT,197
GAGCTGAAAATCAAAA,197
GGCCATATAACCGACG,197
TTCGGCTTTAAACCTA,197
ACGGACAGGAAGAGAC,196
TCGTGTAGGGTTATAC,196
ACTTCAAACCTACCCT,195
AGAGATATTATATACC,195
ATCATTAAAAACTGAC,195
CAAACATGTTAGTCTG,195
GGCGAATACAGGAGTG,195
TATAGACGAAATTACA,195
TGCGGAACTTATTATC,195
TGTTATCATAACCCAT,195
CATGCACATTGGTGAG,194
CCTCAGACAAATTTTG,194
CGATCAGAACAAACCA,194
AACCTGAATTACCAAA,193
CCAAGCCTAAAATTCA,193
GGAGAAGAACCCACTT,193
GGATGTAATTGGCCAT,193
TAATAAGTTATTTGTA,193
TATGAATTGAGGGTAC,193
TGATATTCTCAAAGGT,193
TGTACGTAAAATCAAA,193
TTCTTTCCCAGGGTAT,193
AAACCTTAAGCCGCCG,192
AAATCCCCATAATGAC,192
CCTAATTTAATGTTCG,192
GGGCTACACCAAACGG,192
TCAGATTCAGCCTATG,192
AAACCGACATAACAAG,191
AACACAGTGTAAGGAG,191
AATAGAACTAATCGGA,191
ACCGAGACATACTAGA,191
ACCGTTATCAAACACA,191
TTATCGCCCAGATTAG,191
AACTGTTCCTCTCATA,190
ACCGATTATCAGATCA,190
ATGATCTAAATTTGAG,190
CAGAAAACTCGATCAA,190
CATTTCGCCCCGTCTC,190
GCGCCGAAGTCCATAG,190
GGAGAACCAATCGTCA,190
GGCAAGAAACTCCCAG,190
TAATTCAAACAAATAT,190
TATCAATAAGGTATAC,190
TCGGACCCTAAGCGTG,190
AAAGTTAAGGCAATCT,189
ACGCGTACATGATCGC,189
ACGTACGAACCTGACA,189
AGAAAACAGCGTCATT,189
GAATGCCAGGAGTAAA,189
GGAAGTAAGAATCACC,189
AATTTTTGCCCATACG,188
AGCATCATCCACTATT,188
AGTATGCTATACTAAT,188
ATAAGTGACGTATATC,188
GCCAAAAATTTCCCTG,188
GCGACGGCAACTATTT,188
TGCAGTTACGTGCACA,188
TGTGCTGTTCCCCAAT,188
TTACGTTATGCGAACG,188
CTTGACCGGAAACTAC,187
TAATGAGATTGTATTA,187
AAAGAAAATACCGGAA,186
AAGAATACATTACGAA,186
ACCCACTGTCACAACA,186
ATCCTGACAGACAGTT,186
CATACCATTGGAGTTA,186
CGCCGATAAAATCATT,186
TATACTAACCAGTAAT,186
TCTGACAAACTAGAGA,186
AAGGTGGTTACTGATA,185
CATACACTTACCCATG,185
CCCACTCCACTTCTTC,185
TCTAGAACTATGCCGT,185
AACCTATAACTCAAGC,184
ACAGTTAGAAAGCTAT,184
ACTGCCAATTTCCAGG,184
GGCAATGGCTCTTTCG,184
TCAAGAAGATTCGGAA,184
ATATCAGTCCTACTAA,183
CCGCCCTGAGCGCGGA,183
TAATCCTGGATGGGTA,183
AACCGGATCAAGTAAG,182
ACCGAACTCTTAAGAA,182
ACTAAAATAAAACGAT,182
CGCTAAAAGAATGTTC,182
CTTGACTCGCATGGTC,182
TAGTAAAACGACGAAC,182
TCAATCGAATAAAAAC,182
TGAAATGTCGTAGTCA,182
TTACTTAGCAGAGTAA,182
AATCTCCTAAAAATCG,181
CCAACCAGTGCGAGCA,181
CCAATCAACATGTATA,181
CCATTAATTAAGGATC,181
CGAATTCATGACGAAA,181
TACGCATACATCTGTG,181
AACCAAACAAGTTATA,180
AGCCAACAATATCATC,180
ATAACGACCTGTAATT,180
CTACCTCAATAATTAT,180
GGGACAGAACCCAACA,180
GTGAAGCCAAGTACCC,180
TCCATATTAATTAACG,180
AATGTAATTTTAACAT,179
ACCTTGGTGCTTGTAT,179
AGGTCCCTAAAGCCAG,179
ATATACCGTAACTACT,179
ATGAAGCGTTATTATA,179
CAGTTCTCCTGAGGAC,179
GCTTCGATTTAAACCT,179
GTGTACGACAAGATAC,179
CTTGAAATGTTTAAAA,178
GCTCTGAAATAACTGA,178
GTGCACCTTAGTAAAA,178
AAGTAATTATCAATAA,177
AATAAAAGTGATAGTT,177
CAACGTTAGCTAGGTT,177
CTGTACGCACAACATT,177
GACAGATTCCTCTATT,177
TACGTTAACGAAATAA,177
TCCGAACGAGACTTAG,177
AAGTCTTATGAATACA,176
ACAAGTGCATAGATTA,176
ACGGGTCTCCAGATTT,176
CGATACCCAATAGACG,176
GACAATAAAACAGTAT,176
TAATTAACCGGTCCTG,176
TGAAGTTCGTAATGTG,176
ACATAACTGGGGCTAA,175
CGAAGAACGACAGCAT,175
CGTTCGGTGATGTTTA,175
TAGAATTGCAAGTAAG,175
TCTCTTATAAATCCGC,175
TTTTAGAATGATAGAG,175
ACTTCACGATCCGTGC,174
AGAAAAACAAAGATAT,174
ATCTTTCACGTCTTCT,174
ATTAGGACAGTACCTA,174
ATTTAATAGACTCACA,174
CAAAAATGATCAAATT,174
CGCTTCATTGCCACAT,174
ATAAAATTATAAAATA,173
ATACCAGAAGTGAAAC,173
ATTGAAGAACGATAAA,173
GAGAATCAAAGGTTTA,173
GGACGTCGAATATCAA,173
TAGACCCACGCTGTGC,173
TTTCCAATATCTTAAT,173
ACCCTTTAAAGCTATA,172
AGGCAGGCCACCCTCT,172
CGACCGGCGATCAAAG,172
AAAAAATAGTTTATTA,171
AAGATGAAAAATGAAG,171
CTATCTATCTGAGACC,171
GATTACTCGAGAATCA,171
TATACTATTAAGAAAT,171
CATACTTATTCGCAAC,170
CCGATGGATCCCACAA,170
CTTGTGAAGTAACCGG,170
GTCACATGGATTGCTG,170
TAACATCATAAAGAAA,170
TAGACCTACCTAAATT,170
AAACTAAATTCAACAT,169
AATCCCCAACGTTATA,169
ACTCTATGATCGCACT,169
CTAGCGAGTGAATAAC,169
GACACAACTCACCTAC,169
TCGGGCCAACACCGCC,169
TTCAAACTGAAAAAGA,169
AATAGCCACATCATGA,168
AGGCCCACGTAATTGT,168
TGCCAGGAAGTGACCA,168
CATTAAGGTAACGAAT,167
GTACACCGATATAATC,167
TCACGGGCAACAACCT,167
TGATAAACAGATAAAT,167
TGTGTAACCCTCCACC,167
TTAAGACCAATTAGTT,167
AGAATAAAGTTAATAC,166
CGACATGAACTAACAT,166
CGAGTGGATGGGAAGA,166
GCCGATTCCTAACAGA,166
GGATGCCACGTAAATC,166
GGTCCTTGACTAGGCA,166
TAAAGACAACGGGAAA,166
TACTAAGTTTAAACGG,166
TTAGACCAGGTGCACT,166
AGCATAATGTACAGTA,165
ATACGGAGAACTATGA,165
CACCCAATGCATGACA,165
CCGGCTGAAGGAATAA,165
CTTCTTCTGCTGAAAA,165
GATTGTAACCACAATA,165
GGAGTGCGCTGATGAG,165
TAAAGCAATAATGCAA,165
TATAGAGATCAATGAA,165
TATCGAGCATAAATTC,165
CAAGGTAGAAACACTA,164
CGATTGCTTGAAATGA,164
GAGTCATTCCTGTGTA,164
GTACAAACCTCGAAGA,164
ATGGCATGTAAGAGCG,163
CACGTGACAAGTTATA,163
GTATACATACAGTAAC,163
TCTAACCTATCAATGA,163
TTATAGAAAAAAAACT,163
ACCCATACTGGATAAG,162
AGCTATTCTGTTATGC,162
CCCACATATACCCATA,162
CCGACTCGGTTTAATC,162
CGTAAATTCAGAATAC,162
TAGGTCATTATTGCAA,162
AAACATCACTAATATC,161
AATGACTATAAAGAGG,161
AGACCCATGAAAATGA,161
CAGACAAAGAACTACC,161
GATGGGGTCGTGAATT,161
TATAGGACATCCGACT,161
TTGAATTAAGGTAATA,161
GGAGATCACACCCGCC,160
TAATGTCGACGTTTAG,160
TGACGAGCCAACGGGT,160
TGACGTTAGGTGGCGA,160
AATAGAAGGTAAGAAT,159
AGACAAATGAACTTGC,159
ATCAACAGAGACAATC,159
ATTGTATGACACAATA,159
CAAGCAACAGAATCCA,159
GGAAAAGCGTTCCCGA,159
GTGTATACAGGGTCAA,159
TTCCGAACTAATGCAC,159
AAACAACCAGGCAGAA,158
ACAGCTATCTAAATAC,158
ACTGTGTGTTGAAAGC,158
CGAAACGTGAAATCGG,158
CTCGCTACGCTGATTC,158
TAATCTACACCATACT,158
ATATTTACTACGTACC,157
GCCTAAACATTAAGGA,157
TAGTGTACAGATACCA,157
TGAGAATCCACAAAAC,157
TGCCCCATTGACTTGC,157
TACGAATACTGTAGCG,156
TAGGAGAGCATATTAA,156
AAAACTAGGGCCACAC,155
AAAACTCGCGCCGATC,155
AATGTCTAACAGAACA,155
CCTTCGATTCATTGAC,155
CGACTCTTGTAAATAA,155
CGTCGACAATTGAAGA,155
GAACGAACGCAACTTT,155
GATAGTTAAAGGCACT,155
GGAATTTGCCCGCATT,155
GGCTTGATATTTACTA,155
TAGAGAACATCCTCAT,155
TCATCAATTTATAGTA,155
AACAAGAGAACAAATA,154
CATCTCTTTATTTACT,154
CTGATTGGCACTACCC,154
TACACCCTTAAACGGG,154
AACTTGTAACCTCAGG,153
ATGTGGGCATATCTAC,153
CACGCCCAAAAAACAT,153
CCTACATAACATCGAC,153
GAGTGACGAGTCGTTA,153
GCGTTGATCGAAATTG,153
TATTATTCGGTACAAG,153
TCTATTTAAATAAAAT,153
GGTACAGCAAGGTTAT,152
GTTCGCTGGACTTGTA,152
TTGTACCAAATGGAGT,152
AGTTAACACAATGTAC,151
ATGATTCTACCTCCGA,151
CCCTTAAAAACTTCCA,151
TAGTAACTAAAAACAC,151
TTAAGTGCTGGTAAAT,151
ATAGCTGAGTACCAAT,150
CGCCCTTATATTTTGA,150
GATGTTACTGCACTCA,150
TTCAAACGTTCACTAA,150
AAATGAATGCGTAGGA,149
AATAGTTCAACTCGAT,149
CCTACCATAATACTTT,149
CTAGCTTGAACCGGTA,149
TACTCCAGACTCAATT,149
TCTAATCAAGCCAATG,149
AACTTCGCTATGGGGA,148
AATGGCACGGAGAGGT,148
AGGCTTCAACAGACCA,148
ATAATCAAGAGCAAAT,148
CTAAGTTAGAGTCCTT,148
GATCAGAATTTAGAAG,148
GCATATAGTAAAAGCC,148
TGATAGTTACAAAACG,148
TTAAGGTAACGCGCTT,148
AGGGTTGCTTGAGACG,147
CAGTTAAGACGGTAAA,147
CGGCGACAGATAAAAT,147
CTGAAAAAGGAATGGA,147
TACTCAACAATGCAAC,147
TTATCCAAAAATCTGA,147
AAAATATAGAAGAAGT,146
AGAGTCAAATGTAAAA,146
GTAATAGAATGCATTT,146
TAAGGGTGTAATACAC,146
TGTATGTATGTATCAT,146
TTTTCTGTTAATACTA,146
GAATGCTATTTTCTAA,145
TTTAATGTCCAGACAC,145
AGCTCGCCGGCCAAAA,144
ATAACCAAAAACACAA,144
ATAGTTTAAACAATTG,144
AAAATTTAAAGGACCA,143
AATGAAGCTTCTAAAT,143
CCATTAAAGTGAATCG,143
CTCTACGTGTATACAC,143
GATGGATGTTCTAATT,143
TTAAACCCGTCTTATC,143
AAGTTGAATATCCCAC,142
AATGCGTAAACTTATG,142
ACACAATACCGAAAAG,142
CATAACACGTTCGTTT,142
TAAGCAGTAGTATGAC,142
TAGACTAGGTCAATAC,142
TTAATCATACATGAAA,142
CAACCGACCGGATTGT,141
CAAGGTCATCGCGAGA,141
CTAACCTGGAGGATGC,141
TAAATAAAAAGCATGA,141
TACGATCGCCCAGACT,141
TGTCTAAATTTGGATT,141
TTATTGGTGACACGAT,141
ACAACACCGATTTATG,140
ATATGCGAATCCGACT,140
CTCTCCAAAATGTGAC,140
GAAAGCTAAGAATAAG,140
TGCCACATACTACAAC,140
CAATTCTCGACCCAGA,139
CGTATGCCATAACGTG,139
TATGTTATATAAGACA,139
CTTCAAACTACTACCC,138
AACATCATTTCGACGA,137
CGCACAAAAAAGAAAA,137
GATGACTCAGTTCCTA,137
GGGAGCTTTCTTAATT,137
TCTACCATACGATGGA,137
TTTATCTAAAACGGAC,137
ACCAGGTTATTGCTCG,136
CATAAGCAAGATACCG,136
CTCGCATTGATCTGAT,136
GGATTGGACCGATGCA,136
TAGTTTAGTGTACAAC,136
TCAATAGGGCGTAGTA,136
GATACTACCTTCGGGG,135
GGACCTAACACGTAAC,135
TACGTCCTCTCTACTG,135
TAGTTCAATACCCTAA,135
GGGGTGTAAGAAATAA,134
TACACACTGACAAAGA,134
AAATCTATGGTTTACG,133
AACTATCCTGAACAAA,133
TAACAAGCAAAATGCC,133
TTAACAGTTCGACTCC,133
AATTTATCTGCGACTC,132
CCTACGTTACGGATAT,132
GAAAATTAATCTAAGA,132
TAAACATGAATAAAGC,132
CTCCTACAACACAGCA,131
GATCCTGAACCTCAGA,131
TTACTACATTAATTAT,131
AAGTGTAATAACGAGG,130
ACTAGTCTGTGATCAA,130
ATAACGAAATACAGAA,130
ATGACATTCGGAATAC,130
CGTCCAAGTCTAAGAA,130
AGAAAGACAAAGGTAC,129
ATAAGGAAAACACAGT,129
ACTTACAAATTACACC,128
AGTTGCAGCCCCTATA,128
CTTAACATAAAAATTT,128
TAAATGCGCTTGTCAC,128
TTGACAATTCGCTTTT,128
TTGGTGGCGCTTCTTA,128
TTGTTGTCCATGTGGC,128
ACACATTAATAACTGA,127
ATCGATGACAGCCTAT,127
GACGACCGGATCCGAT,127
TAATGCTCTTTAAGAC,127
TCTTTGTTATGATACC,127
CTTACTACAAGAGTAG,126
GCATTCAAAACGGGTA,126
GTGTACTATAACAAAA,126
TATAGAAAGTAAATCC,126
AAATTGATCTGTCAAT,125
AATAACAAATGGCCCG,125
AGTAACCAAGTATTGT,125
ATACATACAGTGGGGC,125
CCACTTATAAAGTCCA,125
CCACAGCAAAGATATG,124
CCCCCACCAATTCATC,124
CGACGGTCTTTTCGAA,124
CTCAGTTATGGGATGC,124
TAAATCCTTTCAAAAG,124
TTACTGAAAGCAGAGA,124
CAGCAAGCAAATGCCA,123
CAGCTGTCTTAACTGA,123
CTAGAGCACTGTTCGA,123
GAGTTAAATCATGCAA,123
AATGATGTCCATGACA,122
CAAATTAGGGCCAAGC,122
CGTAATAGCATAAATA,122
GAGCGAACTCAGTCTT,122
GTACTGTAGAAATTAA,122
TAATTAATATGTAGTG,122
TCATCAGATAAAGTGC,122
ACTTTATGCATGTGCA,121
AACGAAAGTGGTATCA,120
ATCGGATATGTGTTAA,120
GAATAGCAGTGGAATA,120
TATGAGGCATATTCGA,120
TCAGCGATGTGTTTTT,120
TGACATAGACTAATAA,120
GAACATAGGATTACCA,119
GTAGCCGGTCAAATAA,119
TCGCCGAGAGACTAAA,118
AAAACCTAAGGCTAAC,117
CACCGATCTATATATG,117
GAACGAATTCTCTATA,117
TAAAGGTACACGATTC,117
TAAATAAGAAGCAATC,117
AATATTGTAAAACCTT,116
ATCATGGCTGCAGCAA,115
CATTACTCTGTTACTC,115
CTTACCGACCAAGGCA,115
GTACTGAAGCGTTCTG,115
TACAAAACTAAAATAT,115
TCACACTTGCGTAAGC,115
TCTAGCCTTGGGCTAT,115
ATTCTGCCTCTAAGAA,114
CAAGTAACCAGGAAGT,114
CGTAGTTACATTGCCG,114
TATAGGATTACACCGA,114
AACCGGTCCCTAAGAT,113
GTGGGAATACTGCTAT,113
AGCAAAGAAGTGACTA,112
ATTAACGGAATATCAA,112
TAAGCGCGTACTTTAA,112
GAACAGTGCCAGTTAA,111
GCAGAACGAAAAACTG,111
TAACTTTCTGCCGAGA,111
TACCTCGCATTTGCTT,111
TAGGGCTCCGAATTTG,111
GGCCAGAACCGTTCAT,110
TTCACCTTCCAATTTG,110
AATTTCGTGTATGACT,109
ATTACCACGTAGACGG,109
CGTACCACATACTGGT,109
ATACAGACCACCCCGT,108
ATCACGATATATATCA,108
TTACATGTGAATAAAA,108
AACTAACACCTCACAG,107
ATTTCTATCGCAGAAA,106
CCGACACTTAGGGCAC,106
ATTATAACATTGGCCA,105
CGAATGTACCAATAGT,105
AACACATCTAGTACTG,104
AACGCTCGCAAGTCGA,104
GCAAGGTTTACTAGCA,104
AGGATTTTGAATAGCG,103
GACCACCGCCTCGAAA,103
GACCCTACTCAGAGCC,103
AACAATATATAAACGA,102
AATTACACCCAACAAA,102
ATACCTACCTCAAGTA,102
GAAAAAATCAGCGAAG,102
GTCTCTTGTGGTAAAC,102
TGACTAGGAGAGCGTC,102
TTCGGCCTCATCGTGT,102
CCACTAATCACCGGAT,101
CTAACAAGAGTTATTC,101
CTTAAAAAAACATGTC,101
GGTCGCATTGGATATC,101
GTTCAACAGTTAATTC,101
ACACGTCTAGATCAAT,100
CCCGATAGTGTTCAGA,100
GATAAACCTATATTAC,100
GTATCGTCAGATCAGC,100
TAATTTACCCGGGCGC,100
ACCGCTCCGTTCAGAA,99
ATCTGGCGGGTAAAGA,99
ATTGTTTGCCATATCT,99
GAGAATGTATAGAGAC,99
GTGCATCTATATAAAT,99
GTGGTCTTTAAAAACA,99
GAAACAAAGACGTTAT,98
TTCCATAGCCAAAAAG,98
AAAAGCGCACCAATAA,97
ATAGGTACGCGTAACG,97
AACCTCGTAAAATGTT,96
AAGAAACATAGATAAA,96
AAGCCTATACGCTTCT,96
ATAATTAAAGTCCCAT,96
ATTTCGTAGGTGCAGT,96
CAACCTAATCAAGGCT,96
CCAGGATAAAACTCAT,96
CGCGTCCACCTACAAA,96
GGTTTTTAGTTCTGTA,96
TATAAGGAGTAAAACT,96
AAAAAGTAATGATGAT,95
AAAATTTGTCCAATAT,95
AAAGTGCTTCACCCAC,95
AAATAACGACGCTACG,95
AGAATGGAATACTAAA,95
CAAAGTAACAAATTAC,95
GTGCATGCAAATGACG,95
TGACAATACTTTATGG,95
AAAAACGAGCCCAACA,94
CGTTACTCCTGGAATC,93
TAACCACGTCACCGCA,93
TGTCTGCACCCATTGG,93
TGTTTCTACGGGCCTG,93
TTGCACGGCTTATGTT,93
CTATAGATCATGGCAA,92
GTCCCACCCCTCTACA,92
TTATGCCAATCTGACT,92
TTGGATACACCCTTGG,92
AGGTCCAAATCGTGAA,91
CAAATTGTACAGATAA,91
CTTACCGATACGACAC,91
AAGCCCATGAATCTGA,90
GAGTACCATGGATATA,90
TCCGGGTCGCGACTAT,90
AGGATATCTCTAATTA,89
TAATAATAACATTATC,89
TCGTAAGAAGCTACTA,88
AACTTAGTCAAGAGAA,87
AGCTCCCCCAATTTGC,87
CACCCTACACATCCTT,86
GAATCACAATCAAACA,86
ACTGATACCTGCCAGA,85
AAATAAGCGCTCTGTT,84
AGCGATACGACGCGAA,84
ATCCAATCTAGCTAAA,84
CCGCCTGCATAAGCTA,84
GCGGTGTATTGTAAGA,84
AAAATACATGTTGTGC,83
ACAATACGTAATTGGA,83
GTTGGAACGCAAGATA,83
ACTATATACTCGGAAA,82
GTCACACATTACGGGC,82
TAAAGATAAATCACAT,82
TCTGTATTGATAACTT,81
TACCTGTCAGAATAAC,80
CTAAAACGCTCATAAA,78
TCAACGCCCCAACAAC,77
TGTCTGTTATGCTCCA,77
AGACTATATGTCAGAG,76
CACATTCTAAGCATAC,76
CTACCCCTCTAACCTG,76
GTAATGCCGGACTCAT,76
AGGCGAAACCCGCCCA,75
ATACAACAAACAGACG,75
CGAGTGAGACTTCCGC,75
TACGTCGTAAAGAAGT,75
TCGGTGCCAATTACGT,75
AAGAGCACTAAAAGAA,74
AATTAATAGTCGCAAA,73
GTTAGCCGTCTCCCGG,73
GTTATTTAACTTTACA,73
TCAGACATAATCCAGA,73
AGAGTTCTATACAGGA,72
ATTAAACAATACAGTG,72
GGCATCAACGGTTAAT,71
TTAGCGAACCAGAGGT,71
AACGAACTAACTAAAA,70
ATGAAATTCCAGAGCA,70
TAAGTACTTGAAGGTC,70
AGGACCACCTACCACT,69
ATGTGTTGTGACTGAG,69
ATTCGAAACTGCCTTA,69
CATCACAGCTATACAG,69
CTCCGTGGTGGACTCC,69
TACGGACCGTCAAGAT,69
CGTCTCCCAAGCCGTC,68
GAACAAACTTCGCTAT,68
CAGGATTTTACCAAGG,67
CCAACAACTTGAAGCT,67
TTGATTATTTTAGAGA,67
GATCTCATCATAGTAG,66
TTTTGACACCATAACC,66
ATCATGAGCCTTCAAA,65
GAAAAATCCCTGGTGA,65
GAACTCAAAAACTCTC,65
GTTAAGGCCAAAATAT,65
TTAGTCAAATTTGTCC,65
TTCCTGAGTGCCACCC,65
CAGGCAAATTTCGCAA,64
AACACAGCAGTGCAAA,63
CCATTCGATCACAGGT,63
GACCAGAAATTAGGCA,63
GAGGTCAAGGCCTACA,63
TAAATATAACCAAAAC,62
TGCGATAGTAACAAGT,62
TATAGAAGTCTAAATT,61
TCCAACAACTATCCAA,61
ACAGTAGCGTGGAAGA,60
TATCACTCTCACGCTT,60
TCAACTTATTTTTACT,60
AGGCAACAAACCTTGA,59
ATCTAACACGTGTATC,59
TACACTACACAAATAA,59
TTCAAGTTTCTACGAG,59
CTACTGGATTATATAT,58
GATTTCGTAGAAATGT,58
TCGATCCCGAGGCGGC,58
TTAATACGACTACAAA,58
GGCTAGAGTTTGATCA,57
TAAAACAGGAGATTTC,57
TGGACTCTGTTGGAAC,57
ACATAAGTTTCACTCA,56
CTAACCCTGAGATCAC,56
GATCGGGATATTACTT,55
GGCCGAGGGACAGACT,55
AAAAGTTCTAACAAGT,54
AATAACTTAACCACTC,54
ACTTAATATGGCCCAA,54
TAACCAATAACAGAAT,54
AAACCACTTAACGAAC,53
ACCTTTGTTGGACAAC,53
CACCCCAACCACGTGA,53
CATAAACTAAACCGGT,53
CCAAATCCCAGATGAC,53
CGACTGGCTCTGCAAG,53
CGGAGCCATTAAACGA,53
GAGATCAGTTCAACTA,53
GGACAAAGTTGTCTGC,52
ATGTAACTCGTAAATA,50
CGGTGCTTGTTAAACC,50
TTATGAGCTTTGAACA,50
AATCTGATGCATACTA,49
CAAATTAGTACTGATA,49
TGCGTCAGATTAGATC,49
TACGGCCGCGCTTTTT,48
GACCGAGCCAAATCAG,47
AGAATCCGATACGTCT,46
CGTATACATGGGGATG,46
GTGTATAAACAAATAC,45
ATGACCCCGACAGACC,44
GGAATCGTACAATACC,44
TGGTATTCAAACGTGT,43
TTGATTTCAAGCGAGT,43
ACTGTGCTATTTTGGC,42
AGAAAAATAATACATA,41
AGAAATAACAAACGTT,41
AAAGATTAAGTACCCA,40
GACGAGCTACAAACCA,40
TCGTACTATAATGCTA,40
AACCCAAATTGACTTA,39
AATATCACTTCCTCTG,39
ACAGTACTCTTTCAGG,39
ACATTCTCAACGCTGC,39
ATGTCCACCCAATCAC,39
CACTTTTGGGTCCATG,39
CTTCGGTCCTTTTTTA,39
CCATGGAACACCCATA,38
AAAAACCATAATATAG,37
AAGACTTGGGCAAAAT,37
CCCCGAGGAAAATAAA,37
TCATAACATCTATATA,37
AAAGACCACTTTCCTT,36
CCGAGTCACAAAGAGG,36
GCTTCCCAATCAAAGA,36
TATATTGATAAGGAGG,35
TTTCCGAGAAAATCCT,35
GAAATTTATCCGTTCC,34
GTAAGAATTATTTCAA,34
TAAATAAACAACCCAG,33
CGTTCTTAAGCAAATA,32
TCGCAATCCCGCAGTA,32
TTGTCATAAATAACAA,31
AAAAAAAAATTCATAA,30
AACGCTCCAAGTAAGG,30
ATCTCATTTTTGTTCT,30
CTATATCCGTGTCTAT,30
AAAACCTACAAGTTAC,29
CCCACCTACATACTAT,29
GCCCGAATAGAAAAGC,29
AATTATTTGACAGATC,28
ACAGCTAAGGAAAACT,28
TAGTGATAGTGGATTG,28
TTTTGCCACTAATTGA,28
AAAAAAATTCCCGGAG,27
ACAAGTAATAAAAACG,27
ACACGGATTCACCCGT,27
ATATATAGTCTGTTAC,27
CAATACGACCCCATAC,27
CATAGATATGATTACG,27
CTAAGAGCGTTAGGAA,27
CCCAAAGATAATAATT,26
CAGGAACAGGTGCACA,25
GCATAAAACATAAACA,25
GTCCGACTAAACCTAA,25
CCAATAGGACCGGCAA,24
GATTAAAATAGTGGTT,24
GAATTCAGAATTTAAA,23
ACCAGCAAGTGACACC,22
ATATCATTAAGCCAGG,22
ATCCTAGCTGGGAATA,22
CCCTGTATGGTACAGA,22
AACAGCCGCTTGTTGA,21
CAAGATTATAGTCGTG,21
CACCCTGAACCTCGTA,21
CCAAAACCTACGCAAG,21
GATTAACCGTATTCAC,21
TCGAAAAGTGACCATA,21
TGCAGGCCCTTTTTGA,21
ACCAAAAGACCCAAAA,20
ATCATATCACAGTAAA,20
ATCTCAGTAGGTTTTT,20
CTGAGCCGGAGTGAGA,20
TAACTGATAAACGATT,20
TAGGATTCTTCACGAC,20
GACGATCGCAAATGAG,19
AAGGGATTAGCTACAA,18
AGAGGCCTTTACATAT,18
CAACCGAATGCCCTGA,18
CTTACATCGAAAGGCA,18
TAACAGTCCAAAACAC,18
TCATAAATAAAACATC,18
CACTGCTAGTGGTTAT,17
TAATAAGCAGACCATC,17
TGTCCGATTTTAACAA,17
CAGACAAACTAGAATT,16
GAAAATATATTATAGT,16
ACACTTTCACTCCTAC,15
ATCCGAAAAAGATAAA,15
TCTTTTTGTTTGGAAC,15
AGAGATTTAACCAGCG,14
ATACACACTACTGAAC,14
GAAGATGAGTCATCAC,14
ATCTCCCTGATACACT,13
CCCCTAAAACAGTAAT,13
GTGGATGGGGCCCAGC,13
AAAAACTATTCTGCTC,12
ACTCGCATTAAAAAAC,12
AGTCTGTCCTATATTA,12
ATAAAAACAAAAACAC,12
CAAACTGACCATTAGC,12
GATACCTTCAATTTTG,12
GTATGAATATACACAA,12
GTGCCTAGTAAAAAGA,12
TCTTCGCGATAAACAC,12
ACCTCATACAAGAACT,11
ATGGAGATTAAGGCTT,11
CATCCTACGTCCTGGT,11
GCCCAATTCTGAAGGA,11
GTCTCAATATTGTCAA,11
GTTCTCCACACAAGCA,11
TCTCATATAATAATAA,11
TTTCGTAACATTAAGT,11
AATCTTCCAAATGAGT,10
ACCTACATGGCATATC,10
AGTAGGTCAATTTACA,10
CTACACCTTGTCATAC,10
GAAATTGATAATGCCT,10
TAACAAATGTAAAAAC,10
TAACGCTAAGCTGACC,10
TCTCCAGGGCATCTCG,10
AACACTCAACAATCAT,9
ACTGGAGGCATTCATT,9
ATAGCCCGAAACTGAA,9
ATCACATATAGGCGTG,9
CAGGATACAATGCGTT,9
CATTCTCAACAGGTTC,9
GATCCATATCCGACCG,9
TATAGACCGGCTTTGC,9
ACATTCAACCCACGAA,8
AGCATGTCCAAGCACG,8
CAAACTTGAAGACCGT,8
CAGTTATAGTGATCTA,8
GAACAAATTTTGCAGA,8
GCAGGTAGACAACTAA,8
GTAATATATATTTTAG,8
GTGGAAATTACCGGAC,8
TAAGCAAACCGCAATA,8
TACTATCACAGACCGT,8
TGGAGTTAGCTTGAAA,8
TTATAAAAGAGGCGTG,8
AAAATCATAAACAGAG,7
AAGATGAAACCGAGCA,7
AATGACAAGACAAATT,7
AGCCACTAAAAGAACA,7
AGGGATTCCTTATGTT,7
AGTTAACAAAGAAAAT,7
ATATTATGGACATTGC,7
CCGACAATAACAGAAA,7
CGAAATTTAAAGACCT,7
GACGTTAAGTTCAAAT,7
GGGCCTACGAATACAC,7
TAGTAGCTCTCTCAAA,7
TGATCATACACACAGA,7
TTGGTCAGAGTTTTCT,7
AAACAACGTCCTTATA,6
ATCAAGTTAACTAATC,6
CACTAGAAACGCTAAT,6
CCCAAAGACTTTCCTT,6
GATGGGTAGATGATAT,6
GTGATACTGCAGAGAA,6
GTGCTGGCAGCACAGG,6
TAGAGATATTTATTAC,6
TCAACCCTAAAGCGCA,6
TTATATTCCCTAGTTA,6
TTATGCCATCACTCCC,6
TTTACTGATCTCATGG,6
ACCTTTGGTCACAAAC,5
AGGCCCCTAGAAATAG,5
CACTGAAACAAAGCAT,5
CCACGTACTGCACCAT,5
GATCTGAGCATTTAAA,5
GCGGGATTAAAAATCA,5
GTGAAACCTAACAACT,5
GTGCCAGAATATTCAA,5
TAATACGAGTGTGGAA,5
TCCACCTAGCTCCATC,5
AAAACAAGAAAAAGTA,4
AGAGTCCTGTCTTACA,4
ATTGCTTGTGAACTAT,4
ATTTGCAGTGATCATC,4
CATTGAGAACAGCAAT,4
CGCCGGACTTCATGTG,4
CGTCCTCTTCACAAAT,4
TAAGTGCTAAAAGTAT,4
TCAAGAAATACACGTT,4
TCACAAATCGGATTAA,4
TGTCCCAAACAGATTA,4
TTGTGGAAATACATTA,4
AACAAATTTGCCGTTT,3
AAGAATGTCTCATGAA,3
ATGCACGTTAGATGTT,3
ATTGTCTATAGCAAGC,3
CGGATCACAAGAAGTC,3
CGTAACGGACCAAAAT,3
CTATAGCGTAAAACAG,3
GAAAAAACGCAATTTT,3
TAAGTCAATATCGATA,3
TATTGTCTTTTTTACA,3
TCAGAAGAACATAGAT,3
TGAAAATGATAATACA,3
TGTCTAATTCATTCGT,3
TTCTGCAAAGAGCTAA,3
AACTGGAAGATTCACT,2
AATACTTTAAAAACAT,2
ACCCCCCTACGACCCA,2
CATTTAACATATCCCG,2
CTGAAATGATGTCCGA,2
CTGAATGCTTCAGAGA,2
GAAACCTTTCCAACCC,2
GAATCTGGCATTCTCG,2
GACGATAGCTTAGTCT,2
GAGCATCTCCTTTAAA,2
GCAACTCTCACGTGGC,2
TATATTCTTGGACACT,2
TCACACAAGTCATCAG,2
TCACCATAGTACCTAC,2
TCCTAGAATTAAACAT,2
TGACACCATGGTGAAT,2
TGCTCTATATTTCGCT,2
TGTTCCTGCAACTAGT,2
TTACGAAACAACTATT,2
TTGCCGACCTGCTCTA,2
TTGTACAATATGATCA,2
AAAAAGCGTACCACGA,1
AAAACAAAGCGTAGAT,1
AAATGCCTGTTCTACC,1
AAATTCGAATTACATA,1
AAGAGGCCACAACAGA,1
AATCCAAATGCCAAAC,1
ACTTTTCTGTTATATA,1
AGAGAGCCCAACACAA,1
AGCCTCAGCAGAAAAT,1
AGTATTTGTTTACGCG,1
ATAATCTCAGAGATTT,1
ATTCTACCAAGAAAGA,1
ATTGGCCAACACCGGG,1
CCCCCGTGATCCTTAG,1
CTAAAAAAAGCACCAT,1
GAGCCAACTTAATTAC,1
GCTGGAATGCAAGCAA,1
GGAGGATGCCACTGAC,1
GGCGATATTGTAAAGA,1
GTAGCATTCCACGACA,1
TAAAAAAAAGAAAAGC,1
TAAACTGACTAATTCA,1
TACCACCCGAAAGACT,1
TATATATAATCCACAA,1
TCAGTTCTATTCGGCA,1
TCGCAAATGAAAAATG,1
TGGCAATTCCAATAAG,1
AAAAAATAACAGCTAG,0
AAAAACAACCTAGGTA,0
AAAAATGCATACCTTT,0
AAAACAGAATACGTCC,0
AAAAGAGAGAACCGAA,0
AAAAGTAAAAAAAATT,0
AAACAACCTCGGATGC,0
AAACGTGGTCTAGAAA,0
AAACTACGTATTACCA,0
AAAGATAAACCAGCGC,0
AAAGGTCACGACTGAT,0
AAATCAATCCGAGACG,0
AAATGATAGCTATGTC,0
AAATGCCACACGCTAG,0
AAATTACCTAAGTAAG,0
AAATTTTGGTACAACA,0
AACCCAAAAGGTCCGA,0
AACCCACTTCCCATGG,0
AACCGAACAGAAGCAT,0
AACCGGTATAATTATT,0
AACGAATGTGTCGTAC,0
AACGTTTGCTAATTTT,0
AACTGGTCTAACTTAT,0
AAGAATAGATCCATTC,0
AAGATAACACGAAAGT,0
AAGATGCTTATAACGA,0
AAGCAAAAGCAATGAA,0
AAGCAAACATCATGCC,0
AAGCAGGTTGTAGGCG,0
AAGCTCTCTTTTTTTT,0
AAGGTAATTCAAGATG,0
AAGTGAGAATCTGGCT,0
AAGTTTAAACTCTCAA,0
AATACCTACATTAAGT,0
AATACTCTCTGATTTT,0
AATAGTAAGTGCCAGA,0
AATAGTACTAACACCC,0
AATAGTGTGTAGTCGG,0
AATCGCGCGAAATTTT,0
AATGAAATTGGAATCA,0
AATTAGGAATGAAAAT,0
AATTATTTAACACTGT,0
AATTCCGCTAGCCCTT,0
ACAAAGTAACAAACTT,0
ACAAATGGAAACAACC,0
ACAACTACCAAAACCT,0
ACAATTATAAAACAAA,0
ACACAAGGCGAAAAGT,0
ACACCCTCAATAAAAG,0
ACACCTAAGGACAAAC,0
ACATACAAACTACTAC,0
ACATCCCCAAACAATT,0
ACATCGGAAGGTTTGC,0
ACATTTATACTGCTAA,0
ACCAAAAAAAAACGAG,0
ACCATACACCGCCATG,0
ACCATTGAAAATGGAT,0
ACCATTTAATACCCTT,0
ACCCAAGTTACCAAGA,0
ACCCATCGGATCCTAG,0
ACCGATTGCATAATAA,0
ACCTTATGCCCTGACT,0
ACGACAAGAAGACCCA,0
ACGCATAAAGGATCCG,0
ACGCTAAGCACGTGAT,0
ACGTGATATTCCCACA,0
ACTACGCTAGGTTAGC,0
ACTCACATATGATAGT,0
ACTCATCCAAAGCAAT,0
ACTCCACTAAATGAAG,0
ACTTTATGCTCAAGAA,0
AGAAAACAGTGAACGG,0
AGAACTTATAAATATT,0
AGAATACATTGGAACT,0
AGACCATACTGGTTAA,0
AGATAAAGACCTAAAC,0
AGATCCGGTATGTGTT,0
AGCAAATTCACAAGCA,0
AGCGGCAAGCATTGCC,0
AGCTGGTATAAAATAT,0
AGGAAGGGGCTAACCC,0
AGGTACGAGGAACAAG,0
AGTGACGAGTCGACAA,0
ATAAGGAGGTCTCGCC,0
ATAATGAAGTGACTGG,0
ATACAGAACACTGCGG,0
ATACCAAAAGGTTAAC,0
ATACGATAATACAGAC,0
ATACGCAACACGAGAC,0
ATACGGTCGCGTCTAT,0
ATACTATGATTAGCTA,0
ATAGGTACCAACTTTC,0
ATAGTAGTGTAGTATT,0
ATATACCTTCACTTAC,0
ATATAGAAGAGCATCT,0
ATATATTAAGCTTCAA,0
ATATCCATTCATCAAT,0
ATCAAACTCAGATGGT,0
ATCACCTTCCGAATAA,0
ATCTCAAAAAAAAAAG,0
ATCTTACAAAGCTTTA,0
ATGAAGACTAGTCCGG,0
ATGACAAAAAAAAAAA,0
ATGAGGATCTGACCGT,0
ATGATAGGGTTTTACT,0
ATGCGAGCTTGAGTCC,0
ATGTTCAAAAAAAATT,0
ATTACCAACATGATGA,0
ATTATTACTCCCCACT,0
ATTTAGCGAAGCAAAA,0
ATTTCCGGAGGACACG,0
ATTTGCCTCATCCTGA,0
CAAAAAAAACCCCAAG,0
CAAAAATGTGGTTGGT,0
CAAACTTGCGCTATAT,0
CAAATCACCGCTAAGA,0
CAACGTGGAATGAACA,0
CAAGACTGAACCATTA,0
CAATTAGTTTACATAT,0
CAATTATACCTCTAAA,0
CACCCGGTCCTGTGTA,0
CACCGAATCTGGACTA,0
CACGCTACCCACAAAC,0
CAGCTATATAGCACGA,0
CAGTGAAGGTTATGAA,0
CATACATTTAAAAGAT,0
CATCTACCGTCCCACC,0
CATTACGCATAAAAAG,0
CCAAATGATGAACGAT,0
CCAATACTAGGGTAAT,0
CCACGGCATTGCACTC,0
CCAGCACACAAAACAA,0
CCAGCGACCTGCAAGC,0
CCAGGGCATACGAGAC,0
CCATAAACTAAACGCG,0
CCATAACCTCCCTATC,0
CCATCCAACCTCAAGT,0
CCATGTTAGTATAAAT,0
CCCCGCAAAAAAAACG,0
CCCGTTACAAAAAAAT,0
CCCTAAGGTTGCTAGC,0
CCCTGCGCATGCTAAC,0
CCGGGATCCTATTGTC,0
CCGTAAATCATCAGGT,0
CCTGAAACTACCACTC,0
CCTGGATATCATTACA,0
CCTTTTCTCTTAAAAT,0
CGACACTCCAATGCCT,0
CGACATTCCTTTCATT,0
CGACGAACCGAAGATA,0
CGAGGCCACGTACACA,0
CGATGGAAGACTTATG,0
CGCCCACTTTGGTGAC,0
CGCGAAAATCATACTG,0
CGCGATAATCTGATGT,0
CGCTAAATACGACAAA,0
CGGTCTAGAGCCTAAG,0
CGGTGAACGCCTGAAA,0
CGTCGATTAAAAAAAA,0
CGTTCGAAAACGCAAT,0
CTACGGCTCAAAACCG,0
CTAGAAAAAAAAAAAT,0
CTAGACCACTAGAAAT,0
CTAGAGTCCTTAGCAT,0
CTAGATACAATCTTTT,0
CTAGATCACCGCACAT,0
CTAGATTAATTAAGGA,0
CTAGCAGCGGGATAAA,0
CTAGTTTCTAAGATTT,0
CTATCCTAGCCAGTAG,0
CTATTCTTATTTAAAA,0
CTCAGTGGCAAAAATG,0
CTCCGCAATATTCGGA,0
CTCTGGAGAATTACAC,0
CTGAGTATTTTTTTTT,0
CTGATTCTGCATATTG,0
CTGTTAATTCATGAAA,0
CTTCACATTCCGGAAT,0
CTTGATAACGTCCGGG,0
CTTGCAAGGAGACGCG,0
CTTTAAGTCTACTTGT,0
GAAGCTTGTAGCATGT,0
GAATCCCGAGTATGCG,0
GAATGGTGGTAGTACA,0
GAATTATGATCCAACA,0
GACAAAAAATCACAAA,0
GACAATAAAAAAAAAC,0
GACGAACTTGAACATG,0
GACTCAGTTATATATT,0
GAGAAGAACGACCGAG,0
GAGTCGAAAAAACCAA,0
GATACCGCCATTCCCG,0
GATAGGATGCCGTAAC,0
GATATGAAAAATAAGA,0
GATGCAAGGAACCTAA,0
GATGGTCATTGATTCT,0
GATTAGAAAATACAAA,0
GATTGACCCCACAACT,0
GCAATATAGGCTGATT,0
GCACCTTGGAAAGAAA,0
GCCATCGGGCGAGGGC,0
GCCCAAACCGCGATAG,0
GCCTCACTATACACCA,0
GCGAAACGAAACTTCT,0
GCGTTCACCCAACCTA,0
GGAGGGGGGGACATCA,0
GGAGTACTCCTCTCGG,0
GGATTAGGAAGATCCT,0
GGCACTAATCAAAAAG,0
GGCCCACCTCCAGTAA,0
GGCTTTTGGTCGTAAT,0
GGGCAATCAAGACTAA,0
GGTAGGTGTTCCCATC,0
GGTCTCTAAAGTTCGA,0
GTACAAATATTAAAAG,0
GTACTAGATTTCCTAG,0
GTAGTACTTTCGAACC,0
GTATAACTCGACAAAA,0
GTCTATCAGAGATCGA,0
GTGAAAAAAAACGCTT,0
GTGAACAAAGTTAAAT,0
GTGGAAAATTTAGAAA,0
GTGGTGAACAGTAAAT,0
GTTGTCTAGACTGTGA,0
GTTTAGGATGACATGG,0
TAAAAAAAAAAAAATG,0
TAAAAACATGACCTCT,0
TAAATACCCAAATGCA,0
TAAATCCTAGATATTA,0
TAAATCCTCTAAAGAG,0
TAAGGCGCAGGCACCA,0
TAAGTGGAGCCCTACC,0
TAATACAAGGGTTTTA,0
TAATACATGAACCCCT,0
TAATCAAATAATTCCC,0
TACAACAACCAAAACC,0
TACGATTGCCCTGTGT,0
TACTAACGTGGGTCAA,0
TACTGATGCCACTATC,0
TAGCCTAATCTACTGT,0
TAGGGTAACTAAAAGA,0
TATAAAGGTTCAAAGC,0
TATACTAGACGAAAAT,0
TATATATATCTTGCTT,0
TATATCTGCAAAACAA,0
TATCAGGAAGAGCAAA,0
TCAACTCGAGAGAGAC,0
TCACAAATTACTTTCG,0
TCACCGCTAGAATAAA,0
TCACTAATAGTCATCA,0
TCAGGGTTTAAAACCC,0
TCATACACGTCCACTA,0
TCATCTCTCACATATT,0
TCATGAAAATCAAAAG,0
TCATGTGTACCAAACA,0
TCCATTATACGACTAC,0
TCCTTCACCTAAAAAG,0
TCGGAAAACCCGATTT,0
TCTAAAATAACCGTGA,0
TCTAGTATTAATACAC,0
TCTAGTTATCCTTAGA,0
TCTCAAGAACAAAGAC,0
TCTCATTTCTTGAGGG,0
TCTCTCCCAAATAATT,0
TCTGCAAGTTGACTCG,0
TCTTCCAGGCCCAGTA,0
TCTTGACGTCTAAAAC,0
TCTTTACGGACTGTGT,0
TGAAATAATATTCATA,0
TGAACTCCTCGATCCA,0
TGATTACACCAGGGAC,0
TGCTCAATAATCCAAA,0
TGCTTAAACCCAAAAA,0
TGTCACTTCGACCGAT,0
TGTCGGGAGAACTAAA,0
TGTGGAGCCACTAAAA,0
TGTTAGGTAAATGACG,0
TGTTCATACAGTGACA,0
TTAAAAAAAAAAATAT,0
TTAAAAAAAAAACTAT,0
TTAAATTATATAGGTA,0
TTAAGCTCAAATATAT,0
TTACAGATTCATATGA,0
TTACTAAAAGATATAC,0
TTACTCAATCCTCACG,0
TTAGCCGACAGCTTTA,0
TTATATAAGAAAAAAC,0
TTATTAAAGCCAAAAA,0
TTCAAACGGTGATTGT,0
TTCAATGGATAAAATA,0
TTCAGCTGTGGGGCCA,0
TTGAAAACTAAGAGAG,0
TTGACAGGACTGATAG,0
TTGCCATACAACTTCG,0
TTTCAGAGTATGCAAA,0
TTTGTTACTCACTTTG,0
