site,wildtype,mutant,human sera escape,sequential_site,region
26,Q,A,-0.0585,1,region_I
26,Q,C,0.09149,1,region_I
26,Q,D,0.1265,1,region_I
26,Q,E,-0.2221,1,region_I
26,Q,F,0.4284,1,region_I
26,Q,G,0.2994,1,region_I
26,Q,H,-0.6524,1,region_I
26,Q,I,-0.2072,1,region_I
26,Q,K,-0.285,1,region_I
26,Q,L,0.2485,1,region_I
26,Q,M,0.3064,1,region_I
26,Q,N,0.02215,1,region_I
26,Q,P,-0.09559,1,region_I
26,Q,R,-0.1089,1,region_I
26,Q,S,-0.6183,1,region_I
26,Q,T,0.08963,1,region_I
26,Q,V,-0.05768,1,region_I
26,Q,W,-0.4498,1,region_I
26,Q,Y,0.1756,1,region_I
27,N,A,-0.4976,2,region_I
27,N,C,-0.3673,2,region_I
27,N,D,-0.507,2,region_I
27,N,E,-0.03592,2,region_I
27,N,F,-0.1678,2,region_I
27,N,G,-0.03295,2,region_I
27,N,H,-0.1615,2,region_I
27,N,I,-0.2239,2,region_I
27,N,K,-0.3503,2,region_I
27,N,L,-0.3055,2,region_I
27,N,M,-0.3372,2,region_I
27,N,Q,-0.199,2,region_I
27,N,R,0.3438,2,region_I
27,N,S,0.04131,2,region_I
27,N,T,0.3346,2,region_I
27,N,V,-0.5994,2,region_I
27,N,W,-0.4705,2,region_I
27,N,Y,-0.17,2,region_I
28,I,A,-0.2499,3,region_I
28,I,C,-0.4083,3,region_I
28,I,D,-0.05085,3,region_I
28,I,F,0.2299,3,region_I
28,I,G,-0.447,3,region_I
28,I,H,-0.3454,3,region_I
28,I,K,-0.2406,3,region_I
28,I,L,0.1881,3,region_I
28,I,M,0.008317,3,region_I
28,I,N,-0.07738,3,region_I
28,I,P,-0.0395,3,region_I
28,I,Q,0.1447,3,region_I
28,I,R,-0.3889,3,region_I
28,I,S,-0.43,3,region_I
28,I,T,0.05131,3,region_I
28,I,V,-0.08275,3,region_I
28,I,W,0.4914,3,region_I
29,T,A,-0.3515,4,region_I
29,T,C,-0.04215,4,region_I
29,T,D,-0.04751,4,region_I
29,T,E,-0.07989,4,region_I
29,T,F,-0.4368,4,region_I
29,T,G,-0.03637,4,region_I
29,T,I,-0.5653,4,region_I
29,T,K,0.3251,4,region_I
29,T,L,-0.3385,4,region_I
29,T,M,-0.3454,4,region_I
29,T,N,-0.3049,4,region_I
29,T,P,-0.4341,4,region_I
29,T,Q,-0.1452,4,region_I
29,T,R,-0.03232,4,region_I
29,T,S,0.04345,4,region_I
29,T,V,-0.5646,4,region_I
29,T,W,-0.2435,4,region_I
30,E,A,0.2658,5,region_I
30,E,D,-0.7689,5,region_I
30,E,F,-0.5866,5,region_I
30,E,G,-0.217,5,region_I
30,E,H,-0.3016,5,region_I
30,E,I,0.07011,5,region_I
30,E,K,-0.533,5,region_I
30,E,L,-0.2681,5,region_I
30,E,M,-0.003662,5,region_I
30,E,N,0.05278,5,region_I
30,E,P,-0.1549,5,region_I
30,E,Q,-0.1845,5,region_I
30,E,R,0.315,5,region_I
30,E,S,-0.1491,5,region_I
30,E,T,-0.3276,5,region_I
30,E,V,0.2413,5,region_I
30,E,W,-0.06617,5,region_I
31,E,A,-0.2654,6,region_I
31,E,C,-0.01221,6,region_I
31,E,D,0.08365,6,region_I
31,E,F,-0.0996,6,region_I
31,E,G,-0.3865,6,region_I
31,E,H,-0.1676,6,region_I
31,E,K,0.1302,6,region_I
31,E,L,-0.5091,6,region_I
31,E,M,0.001757,6,region_I
31,E,N,0.2903,6,region_I
31,E,P,-0.1021,6,region_I
31,E,Q,-0.05517,6,region_I
31,E,R,-0.3283,6,region_I
31,E,S,0.1135,6,region_I
31,E,T,-0.4987,6,region_I
31,E,V,-0.1156,6,region_I
31,E,W,0.03261,6,region_I
31,E,Y,0.1129,6,region_I
32,F,A,-0.4098,7,region_I
32,F,C,-0.4622,7,region_I
32,F,D,-0.7928,7,region_I
32,F,E,-0.2181,7,region_I
32,F,G,-0.2944,7,region_I
32,F,H,-0.3652,7,region_I
32,F,I,-0.3785,7,region_I
32,F,K,-0.5471,7,region_I
32,F,L,-0.503,7,region_I
32,F,M,-0.05452,7,region_I
32,F,N,-0.5165,7,region_I
32,F,P,-0.7264,7,region_I
32,F,Q,-0.2727,7,region_I
32,F,R,-0.3313,7,region_I
32,F,S,-0.6623,7,region_I
32,F,T,-0.5113,7,region_I
32,F,V,-0.3443,7,region_I
32,F,W,-0.231,7,region_I
32,F,Y,-0.03496,7,region_I
33,Y,A,-0.04083,8,region_I
33,Y,C,-0.7852,8,region_I
33,Y,D,-0.03057,8,region_I
33,Y,E,-0.1751,8,region_I
33,Y,F,-0.4054,8,region_I
33,Y,G,-0.4522,8,region_I
33,Y,H,-0.06813,8,region_I
33,Y,I,-0.2397,8,region_I
33,Y,K,-0.6035,8,region_I
33,Y,M,-0.09268,8,region_I
33,Y,N,-0.15,8,region_I
33,Y,P,-0.7841,8,region_I
33,Y,Q,-0.1424,8,region_I
33,Y,R,0.05395,8,region_I
33,Y,S,-0.02465,8,region_I
33,Y,T,-0.1823,8,region_I
33,Y,V,-0.1085,8,region_I
33,Y,W,0.4296,8,region_I
34,Q,A,0.1702,9,region_I
34,Q,C,-0.1266,9,region_I
34,Q,D,-0.1869,9,region_I
34,Q,E,0.01322,9,region_I
34,Q,F,-0.0836,9,region_I
34,Q,G,0.4142,9,region_I
34,Q,H,-0.3463,9,region_I
34,Q,I,0.05641,9,region_I
34,Q,K,0.125,9,region_I
34,Q,L,-0.7483,9,region_I
34,Q,P,0.06352,9,region_I
34,Q,R,0.06607,9,region_I
34,Q,S,0.07737,9,region_I
34,Q,T,-0.1101,9,region_I
34,Q,V,-0.2662,9,region_I
34,Q,W,-0.2681,9,region_I
34,Q,Y,-0.2698,9,region_I
35,S,A,-0.04724,10,region_I
35,S,C,-0.3917,10,region_I
35,S,D,-0.05861,10,region_I
35,S,E,-0.2372,10,region_I
35,S,F,-0.2367,10,region_I
35,S,G,-0.2572,10,region_I
35,S,H,-0.3056,10,region_I
35,S,I,-0.07867,10,region_I
35,S,L,-0.2018,10,region_I
35,S,M,0.005932,10,region_I
35,S,N,-0.3917,10,region_I
35,S,P,-0.02864,10,region_I
35,S,Q,0.06633,10,region_I
35,S,T,0.02107,10,region_I
35,S,V,-0.2438,10,region_I
35,S,W,-0.09682,10,region_I
35,S,Y,-0.4991,10,region_I
36,T,A,-0.3139,11,region_I
36,T,C,-0.03135,11,region_I
36,T,D,-0.3594,11,region_I
36,T,E,-0.1889,11,region_I
36,T,F,-0.131,11,region_I
36,T,G,-0.427,11,region_I
36,T,H,-0.2542,11,region_I
36,T,I,-0.6684,11,region_I
36,T,K,0.04022,11,region_I
36,T,L,0.1087,11,region_I
36,T,M,-0.3694,11,region_I
36,T,N,-0.4668,11,region_I
36,T,P,0.0804,11,region_I
36,T,R,-0.09832,11,region_I
36,T,S,-0.1945,11,region_I
36,T,V,0.1053,11,region_I
36,T,W,-0.228,11,region_I
36,T,Y,-0.2507,11,region_I
37,C,A,-0.3941,12,region_I
37,C,D,-0.3326,12,region_I
37,C,E,-0.2306,12,region_I
37,C,F,-0.5352,12,region_I
37,C,G,-0.3396,12,region_I
37,C,I,-0.3445,12,region_I
37,C,K,-0.108,12,region_I
37,C,M,-0.08263,12,region_I
37,C,N,-0.7315,12,region_I
37,C,P,0.1606,12,region_I
37,C,R,-0.3921,12,region_I
37,C,S,-0.2963,12,region_I
37,C,T,-0.2266,12,region_I
37,C,V,-0.2128,12,region_I
37,C,W,-0.8579,12,region_I
37,C,Y,-0.6269,12,region_I
38,S,A,-0.003925,13,region_I
38,S,G,-0.1872,13,region_I
38,S,H,-0.7499,13,region_I
38,S,I,-0.5818,13,region_I
38,S,L,-0.09098,13,region_I
38,S,M,-0.4656,13,region_I
38,S,N,-0.4113,13,region_I
38,S,P,-0.2011,13,region_I
38,S,Q,-0.643,13,region_I
38,S,R,-0.4661,13,region_I
38,S,T,-0.4195,13,region_I
38,S,V,-0.1094,13,region_I
38,S,Y,-0.2489,13,region_I
39,A,C,0.04987,14,region_I
39,A,D,-0.1743,14,region_I
39,A,F,-0.0443,14,region_I
39,A,G,-0.04639,14,region_I
39,A,H,-0.4332,14,region_I
39,A,I,0.3113,14,region_I
39,A,K,-0.3447,14,region_I
39,A,L,-0.6458,14,region_I
39,A,M,-0.2096,14,region_I
39,A,N,-0.1752,14,region_I
39,A,R,-0.1122,14,region_I
39,A,S,-0.08402,14,region_I
39,A,T,-0.1291,14,region_I
39,A,V,-0.08508,14,region_I
39,A,W,-0.1297,14,region_I
39,A,Y,-0.3834,14,region_I
40,V,A,-0.4064,15,region_I
40,V,C,-0.3695,15,region_I
40,V,D,0.1145,15,region_I
40,V,E,-0.4484,15,region_I
40,V,F,0.07558,15,region_I
40,V,H,-0.1735,15,region_I
40,V,I,-0.2727,15,region_I
40,V,K,-0.05215,15,region_I
40,V,L,-0.1279,15,region_I
40,V,M,0.09202,15,region_I
40,V,N,-0.44,15,region_I
40,V,P,0.0676,15,region_I
40,V,Q,0.1314,15,region_I
40,V,R,-0.3132,15,region_I
40,V,T,-0.2294,15,region_I
40,V,W,0.03921,15,region_I
40,V,Y,0.02923,15,region_I
41,S,A,-0.692,16,region_I
41,S,C,-0.3446,16,region_I
41,S,D,-0.1541,16,region_I
41,S,F,-0.5992,16,region_I
41,S,G,-0.5209,16,region_I
41,S,H,-0.115,16,region_I
41,S,I,-0.6412,16,region_I
41,S,K,-0.2756,16,region_I
41,S,L,-0.2128,16,region_I
41,S,M,-0.2381,16,region_I
41,S,N,-0.7318,16,region_I
41,S,P,-0.2311,16,region_I
41,S,Q,-0.3447,16,region_I
41,S,R,-1.168,16,region_I
41,S,T,0.0839,16,region_I
41,S,V,-0.1616,16,region_I
41,S,W,-0.541,16,region_I
41,S,Y,-0.08475,16,region_I
42,K,A,-0.1306,17,region_I
42,K,C,-0.2553,17,region_I
42,K,D,-0.3548,17,region_I
42,K,E,0.2066,17,region_I
42,K,F,0.233,17,region_I
42,K,G,-0.03087,17,region_I
42,K,H,0.04633,17,region_I
42,K,I,0.01447,17,region_I
42,K,L,-0.1299,17,region_I
42,K,M,-0.1602,17,region_I
42,K,N,-0.3434,17,region_I
42,K,Q,-0.2949,17,region_I
42,K,R,-0.04979,17,region_I
42,K,S,0.1451,17,region_I
42,K,T,-0.03984,17,region_I
42,K,V,0.2593,17,region_I
42,K,W,-0.2598,17,region_I
42,K,Y,-0.2883,17,region_I
43,G,A,-0.4229,18,region_I
43,G,C,-0.5625,18,region_I
43,G,D,-0.4573,18,region_I
43,G,E,-0.3475,18,region_I
43,G,F,-0.1567,18,region_I
43,G,H,-0.08428,18,region_I
43,G,K,-0.9039,18,region_I
43,G,M,-0.2064,18,region_I
43,G,N,-0.03276,18,region_I
43,G,P,-0.4356,18,region_I
43,G,Q,-0.4132,18,region_I
43,G,R,-0.4198,18,region_I
43,G,S,-0.4531,18,region_I
43,G,V,0.1879,18,region_I
43,G,W,-0.5081,18,region_I
43,G,Y,-0.5427,18,region_I
44,Y,A,-0.1927,19,region_I
44,Y,C,-0.5527,19,region_I
44,Y,D,-0.2295,19,region_I
44,Y,E,-0.1852,19,region_I
44,Y,F,-0.1615,19,region_I
44,Y,G,-0.2968,19,region_I
44,Y,H,-0.2996,19,region_I
44,Y,I,-0.1992,19,region_I
44,Y,K,0.1472,19,region_I
44,Y,L,-0.542,19,region_I
44,Y,M,-0.05247,19,region_I
44,Y,N,-0.4187,19,region_I
44,Y,P,-0.5252,19,region_I
44,Y,Q,0.0756,19,region_I
44,Y,S,-0.2931,19,region_I
44,Y,T,-0.2464,19,region_I
44,Y,V,0.1973,19,region_I
44,Y,W,-0.09843,19,region_I
45,L,A,0.1166,20,region_I
45,L,C,0.127,20,region_I
45,L,D,-0.082,20,region_I
45,L,E,-0.3015,20,region_I
45,L,F,0.1614,20,region_I
45,L,G,-0.216,20,region_I
45,L,H,0.1597,20,region_I
45,L,I,-0.2517,20,region_I
45,L,K,-0.146,20,region_I
45,L,M,-0.2444,20,region_I
45,L,N,0.08245,20,region_I
45,L,P,-0.2754,20,region_I
45,L,Q,0.03133,20,region_I
45,L,R,-0.1089,20,region_I
45,L,S,0.08027,20,region_I
45,L,T,-0.3016,20,region_I
45,L,V,0.04648,20,region_I
45,L,W,-0.2913,20,region_I
45,L,Y,-0.00592,20,region_I
46,S,A,-0.1656,21,region_III
46,S,C,-0.2928,21,region_III
46,S,D,-0.5425,21,region_III
46,S,E,-0.442,21,region_III
46,S,F,-0.3164,21,region_III
46,S,G,-0.3643,21,region_III
46,S,H,-0.6325,21,region_III
46,S,I,-1.015,21,region_III
46,S,K,0.1222,21,region_III
46,S,L,-0.1828,21,region_III
46,S,M,-0.2537,21,region_III
46,S,N,-0.7564,21,region_III
46,S,Q,-0.281,21,region_III
46,S,R,-0.09717,21,region_III
46,S,T,-0.3463,21,region_III
46,S,V,0.1177,21,region_III
46,S,W,-0.05207,21,region_III
46,S,Y,-0.5173,21,region_III
47,A,C,-0.1419,22,region_III
47,A,D,-0.8882,22,region_III
47,A,E,-0.009634,22,region_III
47,A,F,-0.2836,22,region_III
47,A,G,-0.02883,22,region_III
47,A,H,-0.471,22,region_III
47,A,I,0.08453,22,region_III
47,A,L,-0.1754,22,region_III
47,A,M,-0.1189,22,region_III
47,A,N,0.1283,22,region_III
47,A,Q,-0.09143,22,region_III
47,A,R,0.2328,22,region_III
47,A,S,0.05988,22,region_III
47,A,T,-0.5721,22,region_III
47,A,V,0.02029,22,region_III
47,A,W,-0.7462,22,region_III
47,A,Y,-0.4621,22,region_III
48,L,A,-0.2207,23,region_III
48,L,C,0.1019,23,region_III
48,L,D,-0.4392,23,region_III
48,L,E,-0.4598,23,region_III
48,L,F,-0.3259,23,region_III
48,L,G,-0.5401,23,region_III
48,L,I,-0.3246,23,region_III
48,L,K,-0.3079,23,region_III
48,L,M,0.08761,23,region_III
48,L,N,0.05355,23,region_III
48,L,P,-0.2871,23,region_III
48,L,R,-0.2473,23,region_III
48,L,T,-0.079,23,region_III
48,L,V,-0.2494,23,region_III
48,L,W,-0.08317,23,region_III
48,L,Y,-0.4781,23,region_III
49,R,A,-0.05178,24,region_III
49,R,C,-0.06787,24,region_III
49,R,D,-0.3326,24,region_III
49,R,E,-0.1671,24,region_III
49,R,G,0.2756,24,region_III
49,R,H,-0.0498,24,region_III
49,R,I,-0.2548,24,region_III
49,R,K,-0.3524,24,region_III
49,R,L,-0.3021,24,region_III
49,R,M,-0.00285,24,region_III
49,R,N,-0.3537,24,region_III
49,R,P,0.08098,24,region_III
49,R,Q,-0.323,24,region_III
49,R,S,0.2306,24,region_III
49,R,T,-0.6165,24,region_III
49,R,V,-0.01116,24,region_III
49,R,W,-0.2188,24,region_III
49,R,Y,-0.2426,24,region_III
50,T,C,-0.4191,25,region_III
50,T,D,-0.325,25,region_III
50,T,E,-0.8084,25,region_III
50,T,F,-0.3928,25,region_III
50,T,G,-0.256,25,region_III
50,T,H,-0.2239,25,region_III
50,T,I,-0.6224,25,region_III
50,T,K,0.118,25,region_III
50,T,L,0.4193,25,region_III
50,T,M,0.0851,25,region_III
50,T,N,-0.2717,25,region_III
50,T,P,-0.1878,25,region_III
50,T,R,-0.504,25,region_III
50,T,S,-0.5539,25,region_III
50,T,V,-0.258,25,region_III
50,T,W,-0.7652,25,region_III
50,T,Y,-0.461,25,region_III
51,G,C,-0.5624,26,region_III
51,G,D,-0.7309,26,region_III
51,G,E,-0.2923,26,region_III
51,G,F,-0.3266,26,region_III
51,G,H,-0.7307,26,region_III
51,G,I,-0.2845,26,region_III
51,G,M,-0.4664,26,region_III
51,G,P,-0.2009,26,region_III
51,G,Q,-0.7039,26,region_III
51,G,R,-0.1041,26,region_III
51,G,S,-0.4095,26,region_III
51,G,T,-0.1984,26,region_III
51,G,V,0.01298,26,region_III
51,G,W,-0.5443,26,region_III
51,G,Y,-0.6241,26,region_III
52,W,A,0.07855,27,region_III
52,W,C,0.01541,27,region_III
52,W,D,-0.2577,27,region_III
52,W,E,-0.03982,27,region_III
52,W,L,-0.7627,27,region_III
52,W,M,-0.1465,27,region_III
52,W,N,-0.06385,27,region_III
52,W,P,-0.0505,27,region_III
52,W,Q,-0.472,27,region_III
52,W,R,-0.1451,27,region_III
52,W,T,-0.1481,27,region_III
52,W,V,-0.2781,27,region_III
52,W,Y,-0.09595,27,region_III
53,Y,A,0.01795,28,region_III
53,Y,C,-0.0582,28,region_III
53,Y,D,-0.4074,28,region_III
53,Y,E,-0.00659,28,region_III
53,Y,F,0.0201,28,region_III
53,Y,G,-0.02218,28,region_III
53,Y,H,0.3573,28,region_III
53,Y,I,-0.5991,28,region_III
53,Y,K,-0.2105,28,region_III
53,Y,M,0.3138,28,region_III
53,Y,N,-0.3317,28,region_III
53,Y,P,-0.1097,28,region_III
53,Y,Q,-0.1163,28,region_III
53,Y,R,-0.365,28,region_III
53,Y,S,-0.4644,28,region_III
53,Y,T,0.188,28,region_III
53,Y,V,0.3092,28,region_III
54,T,A,0.3062,29,region_III
54,T,C,-0.1381,29,region_III
54,T,D,-0.1652,29,region_III
54,T,E,-0.02493,29,region_III
54,T,G,-0.2018,29,region_III
54,T,I,0.1716,29,region_III
54,T,K,-0.2872,29,region_III
54,T,L,0.08174,29,region_III
54,T,M,0.0875,29,region_III
54,T,N,-0.1107,29,region_III
54,T,P,-0.05288,29,region_III
54,T,Q,0.1027,29,region_III
54,T,S,-0.0873,29,region_III
54,T,V,0.06487,29,region_III
54,T,W,-0.09262,29,region_III
54,T,Y,0.2465,29,region_III
55,S,A,0.09163,30,region_V
55,S,C,0.3258,30,region_V
55,S,E,-0.09924,30,region_V
55,S,F,0.05923,30,region_V
55,S,G,0.1782,30,region_V
55,S,H,-0.282,30,region_V
55,S,I,-0.7301,30,region_V
55,S,K,-0.5283,30,region_V
55,S,L,0.2056,30,region_V
55,S,M,-0.3156,30,region_V
55,S,N,0.1317,30,region_V
55,S,P,0.1151,30,region_V
55,S,Q,-0.4458,30,region_V
55,S,R,-0.545,30,region_V
55,S,T,0.4397,30,region_V
55,S,V,0.5646,30,region_V
55,S,W,0.02797,30,region_V
55,S,Y,-0.0301,30,region_V
56,V,A,-0.1888,31,region_V
56,V,C,-0.5173,31,region_V
56,V,D,-0.2293,31,region_V
56,V,E,0.02039,31,region_V
56,V,F,-0.188,31,region_V
56,V,G,-0.4411,31,region_V
56,V,I,-0.3912,31,region_V
56,V,K,-0.5253,31,region_V
56,V,L,-0.5228,31,region_V
56,V,M,-0.778,31,region_V
56,V,N,-0.1852,31,region_V
56,V,P,-0.1011,31,region_V
56,V,R,-0.4464,31,region_V
56,V,S,-0.3189,31,region_V
56,V,T,-0.3183,31,region_V
56,V,W,-0.7471,31,region_V
56,V,Y,-0.2224,31,region_V
57,I,A,0.1321,32,region_V
57,I,C,-0.1596,32,region_V
57,I,D,-0.5756,32,region_V
57,I,E,0.05768,32,region_V
57,I,F,-0.1481,32,region_V
57,I,G,-0.3878,32,region_V
57,I,H,-0.4837,32,region_V
57,I,K,-0.4607,32,region_V
57,I,L,-0.1103,32,region_V
57,I,M,-0.4832,32,region_V
57,I,N,-0.1062,32,region_V
57,I,P,-0.2111,32,region_V
57,I,Q,-0.3777,32,region_V
57,I,R,0.0633,32,region_V
57,I,S,-0.08305,32,region_V
57,I,T,-0.09494,32,region_V
57,I,V,-0.1247,32,region_V
57,I,W,-1.098,32,region_V
58,T,A,-0.5188,33,region_V
58,T,C,-0.1693,33,region_V
58,T,D,-0.05203,33,region_V
58,T,E,-0.06106,33,region_V
58,T,F,-0.03019,33,region_V
58,T,G,-0.4375,33,region_V
58,T,I,-0.08467,33,region_V
58,T,K,-0.05602,33,region_V
58,T,L,0.4121,33,region_V
58,T,M,0.17,33,region_V
58,T,N,-0.7565,33,region_V
58,T,P,-0.4558,33,region_V
58,T,Q,-0.225,33,region_V
58,T,R,0.2209,33,region_V
58,T,S,-0.1153,33,region_V
58,T,V,-0.053,33,region_V
58,T,W,-0.0984,33,region_V
58,T,Y,-0.4354,33,region_V
59,I,A,-0.09242,34,region_V
59,I,C,-0.1705,34,region_V
59,I,D,-0.1278,34,region_V
59,I,E,-0.09575,34,region_V
59,I,F,0.05117,34,region_V
59,I,G,0.1455,34,region_V
59,I,H,-0.07486,34,region_V
59,I,K,-0.3591,34,region_V
59,I,L,0.1242,34,region_V
59,I,M,-0.05869,34,region_V
59,I,N,-0.379,34,region_V
59,I,P,-0.3396,34,region_V
59,I,Q,-0.2452,34,region_V
59,I,R,-0.008983,34,region_V
59,I,S,-0.01515,34,region_V
59,I,T,-0.263,34,region_V
59,I,V,0.1552,34,region_V
59,I,W,-0.07225,34,region_V
59,I,Y,0.4437,34,region_V
60,E,A,-0.0324,35,region_V
60,E,C,-0.7321,35,region_V
60,E,D,0.2302,35,region_V
60,E,F,-0.3043,35,region_V
60,E,G,-0.2684,35,region_V
60,E,H,0.118,35,region_V
60,E,I,-0.2014,35,region_V
60,E,K,-0.4788,35,region_V
60,E,L,-0.0894,35,region_V
60,E,M,0.03138,35,region_V
60,E,N,0.2446,35,region_V
60,E,P,-0.2122,35,region_V
60,E,Q,-0.3314,35,region_V
60,E,R,-0.2451,35,region_V
60,E,S,-0.0978,35,region_V
60,E,T,-0.2416,35,region_V
60,E,V,0.4255,35,region_V
60,E,W,-0.6186,35,region_V
60,E,Y,0.01225,35,region_V
61,L,A,-0.1815,36,region_V
61,L,C,0.01555,36,region_V
61,L,D,-0.09382,36,region_V
61,L,E,-0.3739,36,region_V
61,L,F,0.09608,36,region_V
61,L,G,-0.02516,36,region_V
61,L,K,-0.1989,36,region_V
61,L,M,-0.2096,36,region_V
61,L,N,0.04995,36,region_V
61,L,P,-0.187,36,region_V
61,L,Q,-0.3098,36,region_V
61,L,R,0.0683,36,region_V
61,L,S,-0.01975,36,region_V
61,L,T,-0.3512,36,region_V
61,L,V,-0.2658,36,region_V
61,L,W,-0.05835,36,region_V
61,L,Y,0.09562,36,region_V
62,S,A,-0.08575,37,region_V
62,S,C,-0.6421,37,region_V
62,S,D,-0.4834,37,region_V
62,S,E,-0.4697,37,region_V
62,S,F,-0.4702,37,region_V
62,S,G,-0.3094,37,region_V
62,S,H,-0.4443,37,region_V
62,S,I,-1.004,37,region_V
62,S,K,-0.08202,37,region_V
62,S,L,-0.5956,37,region_V
62,S,M,-0.7337,37,region_V
62,S,N,-0.6269,37,region_V
62,S,P,-0.2554,37,region_V
62,S,Q,-0.2026,37,region_V
62,S,R,-0.1259,37,region_V
62,S,T,0.08812,37,region_V
62,S,V,-0.3849,37,region_V
62,S,W,-0.3551,37,region_V
62,S,Y,-0.4269,37,region_V
63,N,A,0.3101,38,region_0
63,N,C,-0.2944,38,region_0
63,N,D,0.1606,38,region_0
63,N,E,0.106,38,region_0
63,N,F,0.3991,38,region_0
63,N,G,-0.5839,38,region_0
63,N,H,-0.1561,38,region_0
63,N,I,0.3245,38,region_0
63,N,K,-0.1078,38,region_0
63,N,L,0.1678,38,region_0
63,N,M,0.01008,38,region_0
63,N,P,-0.3366,38,region_0
63,N,Q,-0.685,38,region_0
63,N,R,-0.3158,38,region_0
63,N,S,0.1503,38,region_0
63,N,T,-0.3083,38,region_0
63,N,V,0.3003,38,region_0
63,N,W,-0.4261,38,region_0
63,N,Y,0.03156,38,region_0
64,I,A,0.2436,39,region_0
64,I,C,-0.373,39,region_0
64,I,D,-0.3622,39,region_0
64,I,E,-0.1899,39,region_0
64,I,F,0.3162,39,region_0
64,I,G,-0.4907,39,region_0
64,I,H,-0.1793,39,region_0
64,I,K,0.0424,39,region_0
64,I,L,0.1422,39,region_0
64,I,M,-0.1895,39,region_0
64,I,N,-0.2585,39,region_0
64,I,P,0.3789,39,region_0
64,I,Q,-0.1665,39,region_0
64,I,R,-0.2833,39,region_0
64,I,S,-0.4572,39,region_0
64,I,T,-0.05056,39,region_0
64,I,V,0.02798,39,region_0
64,I,W,-0.4268,39,region_0
64,I,Y,0.262,39,region_0
65,K,A,0.4637,40,region_0
65,K,C,-0.4209,40,region_0
65,K,D,0.2216,40,region_0
65,K,E,0.2521,40,region_0
65,K,F,0.09538,40,region_0
65,K,G,0.2125,40,region_0
65,K,H,0.1559,40,region_0
65,K,I,0.1262,40,region_0
65,K,L,-0.8162,40,region_0
65,K,M,-0.08734,40,region_0
65,K,N,0.02679,40,region_0
65,K,P,-0.03944,40,region_0
65,K,Q,-0.1327,40,region_0
65,K,R,-0.4248,40,region_0
65,K,S,-0.02809,40,region_0
65,K,T,0.3861,40,region_0
65,K,V,-0.3423,40,region_0
65,K,W,-0.2345,40,region_0
65,K,Y,-0.3002,40,region_0
66,E,A,-0.2393,41,region_0
66,E,C,-0.1505,41,region_0
66,E,D,-0.3348,41,region_0
66,E,F,-0.3195,41,region_0
66,E,G,-0.13,41,region_0
66,E,H,-0.4395,41,region_0
66,E,I,-0.02773,41,region_0
66,E,K,-0.4416,41,region_0
66,E,L,-1.071,41,region_0
66,E,M,-0.144,41,region_0
66,E,N,0.2092,41,region_0
66,E,P,-0.1814,41,region_0
66,E,Q,-0.3445,41,region_0
66,E,R,-0.4081,41,region_0
66,E,S,-0.4887,41,region_0
66,E,T,0.0644,41,region_0
66,E,V,-0.2402,41,region_0
66,E,W,-0.4838,41,region_0
66,E,Y,-0.373,41,region_0
67,N,A,0.5123,42,region_0
67,N,C,-0.3784,42,region_0
67,N,D,0.5338,42,region_0
67,N,E,0.3383,42,region_0
67,N,F,-0.1605,42,region_0
67,N,G,0.08949,42,region_0
67,N,H,0.1009,42,region_0
67,N,I,0.3662,42,region_0
67,N,K,-0.08318,42,region_0
67,N,L,-0.5728,42,region_0
67,N,M,-0.1043,42,region_0
67,N,P,-0.3402,42,region_0
67,N,Q,0.2328,42,region_0
67,N,R,-0.0945,42,region_0
67,N,S,0.09319,42,region_0
67,N,T,0.4904,42,region_0
67,N,V,0.02042,42,region_0
67,N,W,-0.2485,42,region_0
67,N,Y,0.2566,42,region_0
68,K,A,-0.2446,43,region_0
68,K,C,-0.1105,43,region_0
68,K,D,0.2619,43,region_0
68,K,E,-0.01784,43,region_0
68,K,F,0.3632,43,region_0
68,K,G,-0.01617,43,region_0
68,K,H,0.01457,43,region_0
68,K,I,0.4524,43,region_0
68,K,L,0.2261,43,region_0
68,K,M,0.3936,43,region_0
68,K,N,-0.02913,43,region_0
68,K,P,0.6026,43,region_0
68,K,Q,0.005113,43,region_0
68,K,R,-0.02808,43,region_0
68,K,S,-0.002462,43,region_0
68,K,T,0.1152,43,region_0
68,K,V,0.7664,43,region_0
68,K,W,0.1016,43,region_0
68,K,Y,-0.2825,43,region_0
69,C,A,-0.4877,44,region_0
69,C,D,-0.4675,44,region_0
69,C,E,-0.06782,44,region_0
69,C,F,-0.5922,44,region_0
69,C,G,-0.3095,44,region_0
69,C,H,-0.8474,44,region_0
69,C,I,-0.3051,44,region_0
69,C,K,-0.0628,44,region_0
69,C,L,-0.4456,44,region_0
69,C,M,-0.7873,44,region_0
69,C,N,-0.2568,44,region_0
69,C,P,-0.09457,44,region_0
69,C,Q,-0.2271,44,region_0
69,C,R,-1.238,44,region_0
69,C,S,-0.4963,44,region_0
69,C,T,0.1677,44,region_0
69,C,V,-0.2729,44,region_0
69,C,W,-0.8044,44,region_0
69,C,Y,-0.5767,44,region_0
70,N,A,-0.1427,45,region_0
70,N,C,-0.2053,45,region_0
70,N,D,0.2267,45,region_0
70,N,E,-0.3047,45,region_0
70,N,F,-0.522,45,region_0
70,N,G,-0.08218,45,region_0
70,N,H,-0.3528,45,region_0
70,N,K,-0.4131,45,region_0
70,N,L,0.1248,45,region_0
70,N,M,-0.1617,45,region_0
70,N,Q,-0.0004775,45,region_0
70,N,R,-0.09463,45,region_0
70,N,S,-0.4006,45,region_0
70,N,T,-0.3803,45,region_0
70,N,V,-0.1331,45,region_0
70,N,W,-0.6197,45,region_0
70,N,Y,-0.7534,45,region_0
71,G,A,-0.3147,46,region_0
71,G,C,-0.3564,46,region_0
71,G,D,-0.3306,46,region_0
71,G,F,-0.2365,46,region_0
71,G,H,0.01516,46,region_0
71,G,I,-0.4939,46,region_0
71,G,K,-0.09664,46,region_0
71,G,L,-0.2396,46,region_0
71,G,M,-0.3688,46,region_0
71,G,N,-0.3821,46,region_0
71,G,P,-0.4002,46,region_0
71,G,Q,-0.3693,46,region_0
71,G,R,0.1303,46,region_0
71,G,S,0.1092,46,region_0
71,G,T,0.1402,46,region_0
71,G,V,-0.1123,46,region_0
71,G,W,-0.3654,46,region_0
71,G,Y,-0.2971,46,region_0
72,T,A,-0.233,47,region_0
72,T,C,-0.2937,47,region_0
72,T,E,0.1384,47,region_0
72,T,F,-0.2092,47,region_0
72,T,G,-0.1181,47,region_0
72,T,I,-0.3546,47,region_0
72,T,K,-0.505,47,region_0
72,T,L,-0.3086,47,region_0
72,T,M,-0.3434,47,region_0
72,T,N,-0.2423,47,region_0
72,T,P,0.0396,47,region_0
72,T,Q,-0.07205,47,region_0
72,T,R,0.1203,47,region_0
72,T,S,0.1055,47,region_0
72,T,V,-0.2384,47,region_0
72,T,W,-0.3601,47,region_0
72,T,Y,-0.3811,47,region_0
73,D,A,-0.1218,48,region_0
73,D,C,-0.7243,48,region_0
73,D,E,0.1037,48,region_0
73,D,F,-0.6183,48,region_0
73,D,G,-0.2402,48,region_0
73,D,H,0.3055,48,region_0
73,D,I,-0.2092,48,region_0
73,D,K,-0.4333,48,region_0
73,D,L,-0.2781,48,region_0
73,D,M,0.07512,48,region_0
73,D,N,0.139,48,region_0
73,D,P,-0.2056,48,region_0
73,D,R,-0.3438,48,region_0
73,D,S,0.05525,48,region_0
73,D,T,-0.0876,48,region_0
73,D,V,-0.3558,48,region_0
73,D,W,-0.3374,48,region_0
73,D,Y,-0.7301,48,region_0
74,A,C,-0.3495,49,region_0
74,A,D,-0.3047,49,region_0
74,A,E,-0.4015,49,region_0
74,A,F,-0.6231,49,region_0
74,A,G,-0.5169,49,region_0
74,A,H,-0.2656,49,region_0
74,A,K,0.1925,49,region_0
74,A,L,-0.2295,49,region_0
74,A,P,-0.01022,49,region_0
74,A,Q,0.101,49,region_0
74,A,R,0.02075,49,region_0
74,A,S,-0.377,49,region_0
74,A,T,0.001204,49,region_0
74,A,V,-0.3106,49,region_0
74,A,W,-0.02361,49,region_0
74,A,Y,-0.1361,49,region_0
75,K,A,-0.1885,50,region_0
75,K,D,0.003938,50,region_0
75,K,E,-0.5898,50,region_0
75,K,F,-0.4994,50,region_0
75,K,G,-0.7776,50,region_0
75,K,H,0.08777,50,region_0
75,K,I,-0.1838,50,region_0
75,K,L,-0.4771,50,region_0
75,K,M,-0.2285,50,region_0
75,K,N,-0.7423,50,region_0
75,K,Q,-0.3753,50,region_0
75,K,R,0.1671,50,region_0
75,K,S,-0.5838,50,region_0
75,K,T,0.07825,50,region_0
75,K,V,-0.08593,50,region_0
75,K,W,-0.6188,50,region_0
75,K,Y,-0.1635,50,region_0
76,V,A,-0.04382,51,region_0
76,V,C,-0.1666,51,region_0
76,V,D,0.0316,51,region_0
76,V,E,-0.01296,51,region_0
76,V,F,-0.4367,51,region_0
76,V,G,-0.3288,51,region_0
76,V,H,-0.19,51,region_0
76,V,I,-0.05209,51,region_0
76,V,K,0.01434,51,region_0
76,V,L,-0.2644,51,region_0
76,V,M,-0.05028,51,region_0
76,V,N,0.4477,51,region_0
76,V,P,-0.3927,51,region_0
76,V,Q,-0.084,51,region_0
76,V,R,-0.164,51,region_0
76,V,S,0.3741,51,region_0
76,V,T,0.05583,51,region_0
76,V,W,0.03009,51,region_0
76,V,Y,-0.4551,51,region_0
77,K,A,-0.4243,52,region_0
77,K,C,-0.1246,52,region_0
77,K,D,-0.4982,52,region_0
77,K,E,-0.652,52,region_0
77,K,F,-0.1313,52,region_0
77,K,G,-0.1757,52,region_0
77,K,H,-0.3717,52,region_0
77,K,I,-0.5003,52,region_0
77,K,L,0.1273,52,region_0
77,K,M,-0.2898,52,region_0
77,K,N,-0.6295,52,region_0
77,K,Q,-0.5654,52,region_0
77,K,R,0.05075,52,region_0
77,K,S,-0.07073,52,region_0
77,K,T,-0.2222,52,region_0
77,K,V,0.00156,52,region_0
77,K,W,-0.1664,52,region_0
77,K,Y,-0.8484,52,region_0
78,L,C,-0.609,53,region_0
78,L,E,-0.2253,53,region_0
78,L,F,-0.818,53,region_0
78,L,G,0.002975,53,region_0
78,L,H,-0.208,53,region_0
78,L,I,-0.8953,53,region_0
78,L,K,-0.1443,53,region_0
78,L,M,-0.3375,53,region_0
78,L,P,-0.4845,53,region_0
78,L,Q,-0.1009,53,region_0
78,L,R,-0.4019,53,region_0
78,L,T,-0.1151,53,region_0
78,L,V,0.02018,53,region_0
78,L,Y,0.05602,53,region_0
79,I,A,-0.2861,54,region_0
79,I,C,-0.09515,54,region_0
79,I,D,-0.2908,54,region_0
79,I,E,-0.3595,54,region_0
79,I,F,0.07845,54,region_0
79,I,G,-0.5515,54,region_0
79,I,H,-0.4671,54,region_0
79,I,K,0.01045,54,region_0
79,I,L,0.3932,54,region_0
79,I,M,0.2047,54,region_0
79,I,N,0.05149,54,region_0
79,I,P,-0.356,54,region_0
79,I,Q,-0.1146,54,region_0
79,I,R,-0.4917,54,region_0
79,I,T,-0.3256,54,region_0
79,I,V,-0.4224,54,region_0
79,I,W,0.2747,54,region_0
79,I,Y,-0.03175,54,region_0
80,N,A,-0.3931,55,region_0
80,N,C,-0.4056,55,region_0
80,N,D,-0.3488,55,region_0
80,N,E,-0.452,55,region_0
80,N,F,-0.1917,55,region_0
80,N,G,-0.07998,55,region_0
80,N,H,-0.2475,55,region_0
80,N,I,-0.04497,55,region_0
80,N,K,-1.038,55,region_0
80,N,L,0.08345,55,region_0
80,N,M,-0.07271,55,region_0
80,N,P,-0.1127,55,region_0
80,N,Q,-0.0108,55,region_0
80,N,R,0.2462,55,region_0
80,N,S,-0.1203,55,region_0
80,N,T,-0.4246,55,region_0
80,N,V,-0.2406,55,region_0
80,N,W,0.1018,55,region_0
80,N,Y,-0.2788,55,region_0
81,Q,A,0.2476,56,region_0
81,Q,C,0.3924,56,region_0
81,Q,E,0.2954,56,region_0
81,Q,F,-0.179,56,region_0
81,Q,G,-0.3737,56,region_0
81,Q,H,0.1734,56,region_0
81,Q,I,0.06711,56,region_0
81,Q,K,-0.08039,56,region_0
81,Q,L,0.3607,56,region_0
81,Q,M,0.3348,56,region_0
81,Q,N,-0.1258,56,region_0
81,Q,P,0.0119,56,region_0
81,Q,R,0.03522,56,region_0
81,Q,S,0.1163,56,region_0
81,Q,T,-0.159,56,region_0
81,Q,V,0.4031,56,region_0
81,Q,W,0.323,56,region_0
81,Q,Y,0.2606,56,region_0
82,E,C,-0.4873,57,region_0
82,E,D,-0.8313,57,region_0
82,E,F,0.0298,57,region_0
82,E,K,-0.5608,57,region_0
82,E,L,0.2963,57,region_0
82,E,M,-0.2699,57,region_0
82,E,P,-0.03856,57,region_0
82,E,Q,-0.06003,57,region_0
82,E,R,0.06252,57,region_0
82,E,S,-0.3305,57,region_0
82,E,W,-0.4718,57,region_0
82,E,Y,-0.4221,57,region_0
83,L,A,-0.161,58,region_0
83,L,C,-0.7137,58,region_0
83,L,E,0.003058,58,region_0
83,L,F,-0.07575,58,region_0
83,L,G,-0.499,58,region_0
83,L,H,-0.02175,58,region_0
83,L,I,0.3512,58,region_0
83,L,K,0.2279,58,region_0
83,L,M,0.03382,58,region_0
83,L,N,-0.4887,58,region_0
83,L,P,-0.3427,58,region_0
83,L,Q,-0.3827,58,region_0
83,L,R,-0.4143,58,region_0
83,L,S,-0.1879,58,region_0
83,L,T,-0.8068,58,region_0
83,L,V,-0.4392,58,region_0
83,L,W,0.03295,58,region_0
83,L,Y,-0.4858,58,region_0
84,D,A,-0.3845,59,region_0
84,D,C,-0.0387,59,region_0
84,D,E,-0.3043,59,region_0
84,D,F,-0.2031,59,region_0
84,D,G,-0.2159,59,region_0
84,D,H,-0.08572,59,region_0
84,D,I,-0.0691,59,region_0
84,D,M,-0.4484,59,region_0
84,D,N,-0.2586,59,region_0
84,D,P,-0.1404,59,region_0
84,D,Q,-0.07295,59,region_0
84,D,R,-0.1882,59,region_0
84,D,S,0.08718,59,region_0
84,D,T,-0.1356,59,region_0
84,D,V,0.1561,59,region_0
84,D,W,-0.4416,59,region_0
84,D,Y,-0.1797,59,region_0
85,K,A,0.06227,60,region_0
85,K,C,-0.7069,60,region_0
85,K,D,-0.06086,60,region_0
85,K,E,0.3466,60,region_0
85,K,F,0.2181,60,region_0
85,K,G,-0.03318,60,region_0
85,K,H,-0.0416,60,region_0
85,K,I,0.3353,60,region_0
85,K,L,-0.2133,60,region_0
85,K,N,-0.1575,60,region_0
85,K,P,-0.2969,60,region_0
85,K,Q,-0.2115,60,region_0
85,K,R,-0.4018,60,region_0
85,K,S,-0.06077,60,region_0
85,K,T,-0.03767,60,region_0
85,K,V,-0.2589,60,region_0
85,K,W,-0.3785,60,region_0
85,K,Y,0.3206,60,region_0
86,Y,C,-0.7048,61,region_0
86,Y,D,0.1745,61,region_0
86,Y,E,-0.5618,61,region_0
86,Y,F,0.1245,61,region_0
86,Y,G,0.163,61,region_0
86,Y,H,-0.1932,61,region_0
86,Y,I,-0.2685,61,region_0
86,Y,K,-0.1288,61,region_0
86,Y,L,-0.6667,61,region_0
86,Y,N,-0.3564,61,region_0
86,Y,P,-0.579,61,region_0
86,Y,Q,-0.8182,61,region_0
86,Y,R,-0.4426,61,region_0
86,Y,S,-0.353,61,region_0
86,Y,T,-0.7003,61,region_0
86,Y,V,-0.2475,61,region_0
86,Y,W,-0.6624,61,region_0
87,K,A,0.1824,62,region_0
87,K,C,0.113,62,region_0
87,K,D,0.377,62,region_0
87,K,E,0.34,62,region_0
87,K,F,-0.1056,62,region_0
87,K,G,0.08418,62,region_0
87,K,H,0.05835,62,region_0
87,K,I,0.3019,62,region_0
87,K,L,0.0988,62,region_0
87,K,M,-0.06401,62,region_0
87,K,N,0.0569,62,region_0
87,K,P,-0.1844,62,region_0
87,K,Q,-0.2716,62,region_0
87,K,R,0.2504,62,region_0
87,K,S,-0.05875,62,region_0
87,K,T,0.1815,62,region_0
87,K,V,0.2368,62,region_0
87,K,W,-0.171,62,region_0
87,K,Y,0.2756,62,region_0
88,N,A,0.1424,63,region_0
88,N,D,0.1265,63,region_0
88,N,E,0.2942,63,region_0
88,N,G,0.3181,63,region_0
88,N,H,-0.1743,63,region_0
88,N,K,-0.3154,63,region_0
88,N,L,-0.03433,63,region_0
88,N,Q,-0.01054,63,region_0
88,N,R,0.1827,63,region_0
88,N,S,-0.161,63,region_0
88,N,T,-0.22,63,region_0
88,N,V,-0.05755,63,region_0
89,A,C,-0.1957,64,region_0
89,A,D,-0.5131,64,region_0
89,A,E,-0.05415,64,region_0
89,A,F,-0.1522,64,region_0
89,A,G,-0.1656,64,region_0
89,A,H,-0.1628,64,region_0
89,A,I,-0.4299,64,region_0
89,A,K,-0.2418,64,region_0
89,A,L,-0.4349,64,region_0
89,A,M,-0.1258,64,region_0
89,A,N,-0.3317,64,region_0
89,A,P,-0.4865,64,region_0
89,A,Q,-0.4032,64,region_0
89,A,R,-0.02914,64,region_0
89,A,S,-0.2761,64,region_0
89,A,T,-1.03,64,region_0
89,A,V,-1.071,64,region_0
89,A,W,-0.3023,64,region_0
89,A,Y,-3.4e-06,64,region_0
90,V,A,0.1259,65,region_0
90,V,E,0.0675,65,region_0
90,V,F,0.06599,65,region_0
90,V,G,-0.5522,65,region_0
90,V,H,-0.4224,65,region_0
90,V,I,0.2929,65,region_0
90,V,K,0.02073,65,region_0
90,V,L,-0.1146,65,region_0
90,V,M,0.09509,65,region_0
90,V,N,0.1158,65,region_0
90,V,P,-0.2624,65,region_0
90,V,Q,0.06382,65,region_0
90,V,R,0.4879,65,region_0
90,V,S,0.05798,65,region_0
90,V,W,-0.2048,65,region_0
90,V,Y,0.3075,65,region_0
91,T,A,-0.07978,66,region_0
91,T,C,0.4541,66,region_0
91,T,D,0.2326,66,region_0
91,T,E,0.6754,66,region_0
91,T,G,0.2953,66,region_0
91,T,H,-0.02476,66,region_0
91,T,I,-0.07894,66,region_0
91,T,K,-0.05173,66,region_0
91,T,L,0.07629,66,region_0
91,T,M,0.01078,66,region_0
91,T,N,-0.06711,66,region_0
91,T,P,-0.6648,66,region_0
91,T,R,-0.2662,66,region_0
91,T,S,0.2466,66,region_0
91,T,V,0.2343,66,region_0
91,T,W,0.5642,66,region_0
91,T,Y,0.1763,66,region_0
92,E,A,-0.4968,67,region_0
92,E,C,-0.7959,67,region_0
92,E,D,-0.4038,67,region_0
92,E,F,-0.1929,67,region_0
92,E,G,-0.04492,67,region_0
92,E,I,-0.5541,67,region_0
92,E,K,-0.04093,67,region_0
92,E,L,-0.0963,67,region_0
92,E,P,-0.3525,67,region_0
92,E,Q,-0.02678,67,region_0
92,E,R,-0.3896,67,region_0
92,E,V,-0.4717,67,region_0
92,E,W,-0.4451,67,region_0
93,L,A,-0.01426,68,region_0
93,L,C,-0.313,68,region_0
93,L,D,-0.4123,68,region_0
93,L,E,0.399,68,region_0
93,L,F,0.01539,68,region_0
93,L,G,-0.0926,68,region_0
93,L,H,0.08835,68,region_0
93,L,I,0.07452,68,region_0
93,L,K,-0.5621,68,region_0
93,L,M,0.3157,68,region_0
93,L,N,-0.243,68,region_0
93,L,P,-0.4621,68,region_0
93,L,Q,-0.01515,68,region_0
93,L,R,-0.259,68,region_0
93,L,S,0.3503,68,region_0
93,L,V,-0.8168,68,region_0
93,L,Y,-0.4954,68,region_0
94,Q,A,-0.5672,69,region_0
94,Q,C,-0.1859,69,region_0
94,Q,D,0.273,69,region_0
94,Q,E,0.2513,69,region_0
94,Q,F,0.2451,69,region_0
94,Q,H,-0.5128,69,region_0
94,Q,K,-0.05303,69,region_0
94,Q,L,-0.04995,69,region_0
94,Q,M,0.4239,69,region_0
94,Q,N,-0.07965,69,region_0
94,Q,R,-0.5206,69,region_0
94,Q,S,0.1307,69,region_0
94,Q,T,-0.07005,69,region_0
94,Q,W,-0.04093,69,region_0
94,Q,Y,0.04762,69,region_0
95,L,C,-0.1681,70,region_0
95,L,F,-0.487,70,region_0
95,L,G,-0.2017,70,region_0
95,L,I,-0.03434,70,region_0
95,L,P,-0.216,70,region_0
95,L,R,0.1302,70,region_0
95,L,S,0.2804,70,region_0
96,L,E,0.2647,71,region_0
96,L,F,-0.078,71,region_0
96,L,H,-0.05063,71,region_0
96,L,K,-0.1676,71,region_0
96,L,M,0.05415,71,region_0
96,L,N,0.04267,71,region_0
96,L,P,-0.4935,71,region_0
96,L,S,-0.1206,71,region_0
96,L,T,0.1217,71,region_0
96,L,W,0.07485,71,region_0
97,M,A,0.2721,72,none
97,M,C,0.274,72,none
97,M,D,-0.1399,72,none
97,M,E,-0.008925,72,none
97,M,F,0.1114,72,none
97,M,G,0.01636,72,none
97,M,H,-0.1279,72,none
97,M,I,-0.4147,72,none
97,M,K,-0.1444,72,none
97,M,N,0.001322,72,none
97,M,P,-0.1649,72,none
97,M,R,0.2369,72,none
97,M,S,0.09592,72,none
97,M,T,0.1463,72,none
97,M,V,-0.2856,72,none
97,M,W,0.07643,72,none
97,M,Y,0.2672,72,none
98,Q,A,0.2301,73,none
98,Q,C,0.3266,73,none
98,Q,D,0.2774,73,none
98,Q,E,0.3732,73,none
98,Q,F,0.1804,73,none
98,Q,G,-0.0858,73,none
98,Q,H,-0.1907,73,none
98,Q,I,0.07142,73,none
98,Q,K,0.0156,73,none
98,Q,L,-0.2553,73,none
98,Q,M,0.01752,73,none
98,Q,N,0.641,73,none
98,Q,P,-0.8026,73,none
98,Q,R,-0.2195,73,none
98,Q,S,0.2825,73,none
98,Q,T,-0.1246,73,none
98,Q,V,0.2015,73,none
98,Q,W,0.04318,73,none
98,Q,Y,0.1137,73,none
99,S,A,-0.178,74,none
99,S,C,-0.1712,74,none
99,S,D,-0.1776,74,none
99,S,E,-0.2453,74,none
99,S,F,-0.6355,74,none
99,S,G,-0.3241,74,none
99,S,H,-0.09867,74,none
99,S,I,-0.8912,74,none
99,S,L,0.08839,74,none
99,S,M,-0.1896,74,none
99,S,N,-0.9196,74,none
99,S,P,0.0458,74,none
99,S,R,-0.2619,74,none
99,S,T,0.148,74,none
99,S,V,0.1255,74,none
99,S,W,-0.1918,74,none
99,S,Y,-0.05977,74,none
100,T,A,0.1357,75,none
100,T,C,-0.2065,75,none
100,T,D,-0.2942,75,none
100,T,F,0.1081,75,none
100,T,H,0.1111,75,none
100,T,I,-0.1592,75,none
100,T,K,0.3384,75,none
100,T,L,0.5879,75,none
100,T,M,0.2024,75,none
100,T,N,-0.006625,75,none
100,T,P,-0.8144,75,none
100,T,Q,-0.1046,75,none
100,T,R,0.1565,75,none
100,T,S,0.135,75,none
100,T,Y,-0.6514,75,none
101,T,A,0.1525,76,none
101,T,C,-0.08872,76,none
101,T,D,-0.3084,76,none
101,T,E,-0.3513,76,none
101,T,F,-0.03384,76,none
101,T,G,-0.04239,76,none
101,T,H,0.2231,76,none
101,T,I,-0.4634,76,none
101,T,K,-0.002092,76,none
101,T,L,0.1731,76,none
101,T,M,-0.109,76,none
101,T,N,-0.2291,76,none
101,T,P,-0.1763,76,none
101,T,Q,0.0212,76,none
101,T,R,-0.345,76,none
101,T,S,-0.1892,76,none
101,T,V,0.05316,76,none
101,T,W,-0.258,76,none
101,T,Y,-0.02249,76,none
102,A,D,-0.01924,77,none
102,A,E,-0.2094,77,none
102,A,F,0.2219,77,none
102,A,G,-0.01556,77,none
102,A,H,0.2922,77,none
102,A,I,0.1051,77,none
102,A,K,0.09545,77,none
102,A,L,-0.5076,77,none
102,A,M,0.3236,77,none
102,A,N,0.1012,77,none
102,A,Q,0.1985,77,none
102,A,R,0.2111,77,none
102,A,S,-0.06632,77,none
102,A,T,0.05448,77,none
102,A,V,-0.3263,77,none
102,A,W,-0.2241,77,none
102,A,Y,-0.02535,77,none
103,A,C,-0.171,78,none
103,A,D,-0.02418,78,none
103,A,E,-0.2143,78,none
103,A,F,-0.0005325,78,none
103,A,G,0.07272,78,none
103,A,H,-0.245,78,none
103,A,I,-0.2241,78,none
103,A,K,-0.05757,78,none
103,A,L,0.0893,78,none
103,A,M,0.01959,78,none
103,A,N,-0.3786,78,none
103,A,R,0.02641,78,none
103,A,S,0.07572,78,none
103,A,T,0.1384,78,none
103,A,V,-0.01605,78,none
103,A,W,0.2076,78,none
103,A,Y,-0.007715,78,none
104,N,A,-0.3478,79,none
104,N,C,0.09284,79,none
104,N,D,0.08549,79,none
104,N,E,0.02935,79,none
104,N,F,0.09321,79,none
104,N,G,0.2833,79,none
104,N,H,-0.06949,79,none
104,N,I,-0.1068,79,none
104,N,K,-0.08409,79,none
104,N,M,-0.2255,79,none
104,N,Q,0.09816,79,none
104,N,R,-0.256,79,none
104,N,S,-0.2454,79,none
104,N,T,0.5876,79,none
104,N,V,0.3345,79,none
104,N,W,-0.06373,79,none
104,N,Y,-0.06552,79,none
105,N,A,-0.4709,80,none
105,N,C,-0.4864,80,none
105,N,D,0.5478,80,none
105,N,E,-0.1212,80,none
105,N,F,0.1538,80,none
105,N,G,-0.1501,80,none
105,N,H,0.2227,80,none
105,N,I,0.1452,80,none
105,N,K,0.1812,80,none
105,N,L,-0.2515,80,none
105,N,M,0.2142,80,none
105,N,P,0.5234,80,none
105,N,Q,-0.4569,80,none
105,N,R,0.09202,80,none
105,N,S,0.1298,80,none
105,N,T,-0.2587,80,none
105,N,V,-0.07545,80,none
105,N,W,0.5495,80,none
105,N,Y,0.0404,80,none
106,R,A,-0.3791,81,none
106,R,C,-0.00366,81,none
106,R,D,-0.1572,81,none
106,R,E,0.09325,81,none
106,R,F,-0.06038,81,none
106,R,G,0.04172,81,none
106,R,H,-0.1084,81,none
106,R,I,-0.1071,81,none
106,R,K,-0.1982,81,none
106,R,L,0.3688,81,none
106,R,M,0.02702,81,none
106,R,N,-0.1239,81,none
106,R,P,-0.03185,81,none
106,R,Q,0.0025,81,none
106,R,S,-0.3158,81,none
106,R,T,0.04337,81,none
106,R,V,-0.2573,81,none
106,R,W,-0.05535,81,none
106,R,Y,-0.1065,81,none
107,A,C,-0.2367,82,none
107,A,D,0.1306,82,none
107,A,E,0.07259,82,none
107,A,F,-0.4464,82,none
107,A,G,0.127,82,none
107,A,H,0.2377,82,none
107,A,I,-0.2054,82,none
107,A,K,-0.2484,82,none
107,A,L,-0.2768,82,none
107,A,M,-0.254,82,none
107,A,N,-0.04926,82,none
107,A,Q,-0.4243,82,none
107,A,R,-0.1641,82,none
107,A,S,-0.3908,82,none
107,A,T,0.5211,82,none
107,A,V,0.05318,82,none
107,A,W,-0.03042,82,none
107,A,Y,-0.07206,82,none
108,R,A,-0.02654,83,none
108,R,C,-0.0379,83,none
108,R,D,0.06583,83,none
108,R,E,0.3105,83,none
108,R,F,0.1976,83,none
108,R,G,0.0006925,83,none
108,R,H,0.05247,83,none
108,R,I,0.1715,83,none
108,R,K,-0.02577,83,none
108,R,L,0.1045,83,none
108,R,M,0.2117,83,none
108,R,N,-0.1386,83,none
108,R,P,0.03753,83,none
108,R,Q,-0.03885,83,none
108,R,S,0.05022,83,none
108,R,T,0.152,83,none
108,R,V,0.09914,83,none
108,R,W,-0.3194,83,none
108,R,Y,0.1849,83,none
109,R,D,0.1304,84,none
109,R,E,-0.1434,84,none
109,R,F,-0.771,84,none
109,R,G,-0.5358,84,none
109,R,H,-0.3015,84,none
109,R,I,-0.5298,84,none
109,R,K,-0.2608,84,none
109,R,L,-0.3947,84,none
109,R,M,-0.5211,84,none
109,R,N,-0.3163,84,none
109,R,P,-0.3911,84,none
109,R,Q,-0.1339,84,none
109,R,S,-0.496,84,none
109,R,T,-0.2283,84,none
109,R,V,-0.09552,84,none
109,R,W,-0.7714,84,none
109,R,Y,-0.4676,84,none
110,E,A,-0.2287,85,none
110,E,C,-0.1804,85,none
110,E,D,-0.2913,85,none
110,E,F,-0.3746,85,none
110,E,G,-0.4743,85,none
110,E,H,0.04993,85,none
110,E,I,-0.5587,85,none
110,E,K,0.0006,85,none
110,E,L,-0.2295,85,none
110,E,M,-0.4559,85,none
110,E,N,0.1233,85,none
110,E,P,-0.2222,85,none
110,E,Q,0.1127,85,none
110,E,R,0.5646,85,none
110,E,S,0.02806,85,none
110,E,T,0.06331,85,none
110,E,V,-0.2391,85,none
110,E,W,-0.07164,85,none
110,E,Y,0.4021,85,none
111,L,A,-0.5418,86,none
111,L,C,-0.09132,86,none
111,L,D,0.1399,86,none
111,L,E,0.1899,86,none
111,L,F,-0.000732,86,none
111,L,G,-0.03103,86,none
111,L,H,0.1616,86,none
111,L,I,0.4339,86,none
111,L,K,-0.519,86,none
111,L,M,-0.04245,86,none
111,L,N,0.2104,86,none
111,L,P,-0.05937,86,none
111,L,Q,0.07535,86,none
111,L,R,0.2156,86,none
111,L,S,-0.3595,86,none
111,L,T,0.1311,86,none
111,L,V,-0.119,86,none
111,L,W,0.219,86,none
111,L,Y,0.09387,86,none
112,P,A,0.2214,87,none
112,P,C,-0.05132,87,none
112,P,D,-0.02989,87,none
112,P,E,-0.05143,87,none
112,P,F,0.2543,87,none
112,P,G,-0.106,87,none
112,P,H,-0.06992,87,none
112,P,I,-0.0567,87,none
112,P,K,0.2882,87,none
112,P,L,-0.2962,87,none
112,P,M,-0.1505,87,none
112,P,N,-0.3932,87,none
112,P,Q,-0.123,87,none
112,P,R,-0.3099,87,none
112,P,S,0.07941,87,none
112,P,T,-0.2353,87,none
112,P,V,-0.5708,87,none
112,P,W,0.09642,87,none
112,P,Y,0.381,87,none
113,R,A,-0.1567,88,none
113,R,C,-0.145,88,none
113,R,D,0.3396,88,none
113,R,E,0.02317,88,none
113,R,F,-0.1925,88,none
113,R,G,-0.1151,88,none
113,R,H,-0.0861,88,none
113,R,I,0.1187,88,none
113,R,K,-0.07389,88,none
113,R,L,0.1091,88,none
113,R,M,-0.05701,88,none
113,R,N,0.1082,88,none
113,R,P,-0.09515,88,none
113,R,Q,-0.03168,88,none
113,R,S,-0.1837,88,none
113,R,T,-0.07209,88,none
113,R,V,0.1499,88,none
113,R,W,-0.1248,88,none
113,R,Y,0.05401,88,none
114,F,A,0.1428,89,none
114,F,C,-0.00578,89,none
114,F,D,0.05811,89,none
114,F,E,0.2807,89,none
114,F,G,0.2543,89,none
114,F,H,0.08913,89,none
114,F,I,0.06215,89,none
114,F,K,0.3887,89,none
114,F,L,-0.2545,89,none
114,F,M,0.1583,89,none
114,F,N,0.2345,89,none
114,F,P,-0.1515,89,none
114,F,Q,-0.1307,89,none
114,F,R,0.1299,89,none
114,F,S,0.1554,89,none
114,F,T,-0.04508,89,none
114,F,V,-0.3336,89,none
114,F,W,0.1188,89,none
114,F,Y,-0.05207,89,none
115,M,A,0.157,90,none
115,M,C,0.269,90,none
115,M,D,0.1678,90,none
115,M,E,0.04696,90,none
115,M,F,-0.205,90,none
115,M,G,0.4441,90,none
115,M,H,0.2455,90,none
115,M,I,-0.06657,90,none
115,M,K,0.172,90,none
115,M,L,0.01156,90,none
115,M,N,0.09377,90,none
115,M,P,0.1305,90,none
115,M,Q,0.06346,90,none
115,M,R,-0.02156,90,none
115,M,T,-0.05015,90,none
115,M,V,-0.2178,90,none
115,M,W,0.1791,90,none
115,M,Y,0.2071,90,none
116,N,A,0.01772,91,none
116,N,C,0.3423,91,none
116,N,D,0.04272,91,none
116,N,E,0.02295,91,none
116,N,F,0.2806,91,none
116,N,G,0.09715,91,none
116,N,H,-0.03276,91,none
116,N,I,-0.1154,91,none
116,N,K,0.3231,91,none
116,N,L,-0.05659,91,none
116,N,M,-0.02053,91,none
116,N,P,0.3911,91,none
116,N,Q,0.192,91,none
116,N,R,-0.3181,91,none
116,N,T,-0.06964,91,none
116,N,V,0.06877,91,none
116,N,W,0.2283,91,none
116,N,Y,-0.4472,91,none
117,Y,A,-0.2221,92,none
117,Y,C,0.5395,92,none
117,Y,D,0.04126,92,none
117,Y,E,0.08459,92,none
117,Y,F,0.2654,92,none
117,Y,G,-0.1184,92,none
117,Y,H,-0.1009,92,none
117,Y,I,0.06323,92,none
117,Y,K,-0.4073,92,none
117,Y,M,-0.1765,92,none
117,Y,N,0.0006,92,none
117,Y,P,0.2025,92,none
117,Y,Q,-0.2265,92,none
117,Y,R,0.02521,92,none
117,Y,S,0.06281,92,none
117,Y,T,0.132,92,none
117,Y,V,0.1018,92,none
117,Y,W,-0.2362,92,none
118,T,A,0.2607,93,none
118,T,C,0.0658,93,none
118,T,D,-0.312,93,none
118,T,F,-0.3644,93,none
118,T,G,-0.3054,93,none
118,T,H,-0.3273,93,none
118,T,I,0.1205,93,none
118,T,K,0.07965,93,none
118,T,L,0.01623,93,none
118,T,M,0.6443,93,none
118,T,N,0.1881,93,none
118,T,P,0.1347,93,none
118,T,Q,0.1729,93,none
118,T,R,0.00088,93,none
118,T,S,0.1252,93,none
118,T,V,-0.3747,93,none
118,T,W,-0.1825,93,none
118,T,Y,-0.05197,93,none
119,L,A,0.0837,94,none
119,L,C,0.1421,94,none
119,L,D,0.05722,94,none
119,L,E,-0.01432,94,none
119,L,F,0.26,94,none
119,L,G,0.07159,94,none
119,L,H,0.4163,94,none
119,L,I,0.3771,94,none
119,L,K,0.09281,94,none
119,L,M,-0.3922,94,none
119,L,N,0.2121,94,none
119,L,P,-0.07472,94,none
119,L,Q,0.07629,94,none
119,L,R,-0.2801,94,none
119,L,S,0.323,94,none
119,L,T,-0.03409,94,none
119,L,V,-0.1333,94,none
119,L,W,0.2657,94,none
119,L,Y,-0.01179,94,none
120,N,A,0.2659,95,none
120,N,C,-0.02269,95,none
120,N,D,0.244,95,none
120,N,F,-0.09995,95,none
120,N,G,0.1484,95,none
120,N,H,0.1587,95,none
120,N,I,-0.04751,95,none
120,N,K,0.1063,95,none
120,N,L,-0.04673,95,none
120,N,M,-0.1712,95,none
120,N,P,-0.2976,95,none
120,N,Q,0.5041,95,none
120,N,R,-0.07395,95,none
120,N,S,-0.003759,95,none
120,N,T,0.07776,95,none
120,N,V,0.4467,95,none
120,N,W,-0.2424,95,none
120,N,Y,0.1403,95,none
121,N,A,-0.02389,96,none
121,N,C,-0.06563,96,none
121,N,D,0.1958,96,none
121,N,E,-0.2679,96,none
121,N,F,0.2314,96,none
121,N,G,-0.1784,96,none
121,N,H,0.1987,96,none
121,N,I,0.08568,96,none
121,N,K,-0.3674,96,none
121,N,L,0.5281,96,none
121,N,M,-0.2797,96,none
121,N,P,0.2393,96,none
121,N,Q,-0.02951,96,none
121,N,R,0.1359,96,none
121,N,S,0.07307,96,none
121,N,T,-0.004325,96,none
121,N,V,-0.004198,96,none
121,N,W,0.2242,96,none
121,N,Y,0.1093,96,none
122,T,A,0.1229,97,none
122,T,C,-0.07382,97,none
122,T,D,-0.206,97,none
122,T,E,0.08621,97,none
122,T,F,0.1841,97,none
122,T,G,0.2289,97,none
122,T,H,-0.1609,97,none
122,T,I,-0.04851,97,none
122,T,K,0.001082,97,none
122,T,L,0.1825,97,none
122,T,M,-0.1496,97,none
122,T,N,-0.1959,97,none
122,T,P,0.03956,97,none
122,T,Q,0.2957,97,none
122,T,R,-0.6297,97,none
122,T,S,0.1392,97,none
122,T,V,0.1088,97,none
122,T,W,-0.09031,97,none
122,T,Y,-0.2833,97,none
123,K,A,0.26,98,none
123,K,C,0.4105,98,none
123,K,D,0.108,98,none
123,K,E,0.429,98,none
123,K,F,-0.2749,98,none
123,K,G,0.1349,98,none
123,K,H,0.1753,98,none
123,K,I,1.75e-06,98,none
123,K,L,-0.321,98,none
123,K,M,0.03267,98,none
123,K,N,-0.09937,98,none
123,K,P,0.128,98,none
123,K,Q,-0.06581,98,none
123,K,R,-0.1455,98,none
123,K,S,-0.5495,98,none
123,K,T,0.1083,98,none
123,K,V,-0.1734,98,none
123,K,W,0.09559,98,none
123,K,Y,-0.2162,98,none
124,K,A,-0.08977,99,none
124,K,C,0.2715,99,none
124,K,D,-0.04975,99,none
124,K,E,0.1001,99,none
124,K,F,0.02479,99,none
124,K,G,-0.04912,99,none
124,K,H,-0.1966,99,none
124,K,I,-0.242,99,none
124,K,L,0.07566,99,none
124,K,M,0.3228,99,none
124,K,N,-0.05096,99,none
124,K,P,0.1279,99,none
124,K,Q,-0.1332,99,none
124,K,R,-0.03249,99,none
124,K,S,-0.01855,99,none
124,K,T,-0.2319,99,none
124,K,V,-0.07745,99,none
124,K,W,-0.07035,99,none
124,K,Y,-0.2893,99,none
125,T,A,-0.3535,100,none
125,T,C,0.1321,100,none
125,T,D,-0.2495,100,none
125,T,E,0.2356,100,none
125,T,F,-0.05051,100,none
125,T,G,-0.1143,100,none
125,T,H,-0.2009,100,none
125,T,I,-0.01116,100,none
125,T,K,-0.1237,100,none
125,T,L,0.144,100,none
125,T,M,-0.04457,100,none
125,T,N,-0.2328,100,none
125,T,P,-0.1363,100,none
125,T,Q,0.03625,100,none
125,T,R,0.05882,100,none
125,T,S,0.1911,100,none
125,T,V,0.08622,100,none
125,T,W,0.1926,100,none
125,T,Y,-0.05843,100,none
126,N,A,-0.09879,101,none
126,N,C,0.292,101,none
126,N,D,0.001578,101,none
126,N,E,0.2458,101,none
126,N,F,-0.06282,101,none
126,N,G,0.1628,101,none
126,N,H,0.1946,101,none
126,N,I,0.3673,101,none
126,N,K,0.1443,101,none
126,N,L,0.0419,101,none
126,N,M,0.1496,101,none
126,N,P,0.1017,101,none
126,N,Q,-0.1124,101,none
126,N,R,-0.2431,101,none
126,N,S,-0.3995,101,none
126,N,T,0.03248,101,none
126,N,V,-0.4527,101,none
126,N,W,0.03684,101,none
126,N,Y,-0.1771,101,none
127,V,A,0.2393,102,none
127,V,C,-0.2446,102,none
127,V,D,-0.2598,102,none
127,V,E,-0.2685,102,none
127,V,F,-0.1603,102,none
127,V,G,0.2504,102,none
127,V,H,0.09979,102,none
127,V,I,-0.07497,102,none
127,V,K,0.1164,102,none
127,V,L,0.05931,102,none
127,V,M,0.1613,102,none
127,V,N,-0.3442,102,none
127,V,P,0.08359,102,none
127,V,Q,-0.3551,102,none
127,V,R,-0.08727,102,none
127,V,S,0.06418,102,none
127,V,T,-0.2934,102,none
127,V,W,-0.0259,102,none
127,V,Y,-0.3025,102,none
128,T,A,0.07836,103,none
128,T,C,0.08224,103,none
128,T,D,0.1722,103,none
128,T,E,0.1383,103,none
128,T,G,-0.2061,103,none
128,T,H,-0.0644,103,none
128,T,I,-0.00625,103,none
128,T,K,-0.09905,103,none
128,T,L,0.04217,103,none
128,T,M,-0.05465,103,none
128,T,N,0.2517,103,none
128,T,P,-0.0534,103,none
128,T,Q,-0.2215,103,none
128,T,R,-0.07056,103,none
128,T,S,-0.3646,103,none
128,T,V,-0.3357,103,none
128,T,W,-0.1151,103,none
128,T,Y,-0.2938,103,none
129,L,A,0.1346,104,none
129,L,C,-0.2084,104,none
129,L,D,-0.2445,104,none
129,L,E,0.03216,104,none
129,L,F,-0.1038,104,none
129,L,G,-0.1147,104,none
129,L,H,-0.133,104,none
129,L,I,-0.4715,104,none
129,L,K,0.2421,104,none
129,L,M,-0.2881,104,none
129,L,N,0.05035,104,none
129,L,P,-0.1037,104,none
129,L,Q,0.2985,104,none
129,L,R,-0.03919,104,none
129,L,S,-0.575,104,none
129,L,T,0.2679,104,none
129,L,V,0.1816,104,none
129,L,W,0.2532,104,none
129,L,Y,0.1391,104,none
130,S,A,0.3704,105,none
130,S,C,-0.3059,105,none
130,S,D,-0.3053,105,none
130,S,E,-0.1854,105,none
130,S,F,-0.1602,105,none
130,S,G,0.0443,105,none
130,S,H,0.1967,105,none
130,S,I,0.02375,105,none
130,S,K,0.2548,105,none
130,S,L,0.2585,105,none
130,S,M,0.03823,105,none
130,S,N,-0.2194,105,none
130,S,P,0.04707,105,none
130,S,Q,0.02832,105,none
130,S,R,-0.04125,105,none
130,S,T,-0.1258,105,none
130,S,V,0.1337,105,none
130,S,W,0.00069,105,none
130,S,Y,0.1195,105,none
131,K,A,0.2165,106,none
131,K,C,0.1863,106,none
131,K,D,0.04211,106,none
131,K,E,-0.223,106,none
131,K,F,0.1597,106,none
131,K,G,0.1723,106,none
131,K,H,0.2466,106,none
131,K,I,0.0125,106,none
131,K,L,0.1218,106,none
131,K,M,0.02472,106,none
131,K,N,0.06963,106,none
131,K,P,-0.4983,106,none
131,K,Q,0.05413,106,none
131,K,R,-0.1518,106,none
131,K,S,0.1123,106,none
131,K,T,-0.1293,106,none
131,K,V,0.2708,106,none
131,K,W,-0.1825,106,none
131,K,Y,0.03207,106,none
132,K,A,-0.2224,107,none
132,K,C,-0.0813,107,none
132,K,D,-0.03193,107,none
132,K,E,-0.1459,107,none
132,K,G,0.006415,107,none
132,K,H,-0.0516,107,none
132,K,I,0.141,107,none
132,K,L,-0.2275,107,none
132,K,M,0.03719,107,none
132,K,N,0.01432,107,none
132,K,P,0.2939,107,none
132,K,Q,-0.3014,107,none
132,K,R,-0.6378,107,none
132,K,S,-0.1022,107,none
132,K,T,-0.0273,107,none
132,K,V,-0.07742,107,none
132,K,W,-0.07908,107,none
132,K,Y,-0.06515,107,none
133,R,A,-0.1959,108,none
133,R,C,-0.3464,108,none
133,R,D,-0.02795,108,none
133,R,E,-0.08918,108,none
133,R,F,-0.7083,108,none
133,R,G,0.2529,108,none
133,R,H,-0.2232,108,none
133,R,I,-0.2718,108,none
133,R,K,-0.02625,108,none
133,R,L,-0.4067,108,none
133,R,N,0.1484,108,none
133,R,P,-0.5077,108,none
133,R,Q,-0.4008,108,none
133,R,S,-0.3343,108,none
133,R,T,-0.0962,108,none
133,R,V,-0.5838,108,none
133,R,W,-1.092,108,none
133,R,Y,-0.3075,108,none
134,K,A,-0.3003,109,none
134,K,C,0.2364,109,none
134,K,E,-0.2101,109,none
134,K,F,-0.2112,109,none
134,K,G,-0.005237,109,none
134,K,H,-0.1524,109,none
134,K,I,0.07254,109,none
134,K,L,0.2537,109,none
134,K,M,-0.2554,109,none
134,K,N,0.2752,109,none
134,K,P,0.03273,109,none
134,K,Q,-0.1189,109,none
134,K,R,0.06075,109,none
134,K,S,-0.2136,109,none
134,K,T,-0.296,109,none
134,K,V,0.3894,109,none
134,K,W,-0.3269,109,none
134,K,Y,0.2603,109,none
135,R,C,-0.2665,110,none
135,R,E,0.1249,110,none
135,R,F,-0.7204,110,none
135,R,G,0.3004,110,none
135,R,H,-0.221,110,none
135,R,I,-0.2731,110,none
135,R,K,0.03126,110,none
135,R,L,-0.33,110,none
135,R,M,-0.04085,110,none
135,R,N,-0.7479,110,none
135,R,Q,-0.2467,110,none
135,R,S,-0.4286,110,none
135,R,T,-0.0409,110,none
135,R,V,0.6826,110,none
135,R,W,0.001024,110,none
135,R,Y,0.01199,110,none
136,R,A,-0.4024,111,none
136,R,D,-0.2697,111,none
136,R,E,-0.4794,111,none
136,R,G,0.001475,111,none
136,R,H,-0.5418,111,none
136,R,I,-0.4094,111,none
136,R,K,-0.00495,111,none
136,R,L,-0.6926,111,none
136,R,M,-0.3308,111,none
136,R,P,-0.3883,111,none
136,R,Q,-1.442,111,none
136,R,T,-0.4239,111,none
136,R,W,-0.01454,111,none
136,R,Y,-0.5,111,none
137,F,A,0.4122,112,none
137,F,C,-0.1127,112,none
137,F,D,-0.1042,112,none
137,F,E,-0.01464,112,none
137,F,G,-0.3373,112,none
137,F,H,-0.1814,112,none
137,F,I,-0.2201,112,none
137,F,K,-0.2024,112,none
137,F,L,-0.2421,112,none
137,F,M,-0.9259,112,none
137,F,N,-0.2662,112,none
137,F,P,-0.1414,112,none
137,F,Q,0.3645,112,none
137,F,S,-0.134,112,none
137,F,V,-0.6302,112,none
137,F,W,-0.4377,112,none
137,F,Y,0.1246,112,none
138,L,C,-0.2489,113,none
138,L,E,-0.5076,113,none
138,L,F,-0.6056,113,none
138,L,G,-0.5077,113,none
138,L,H,0.03178,113,none
138,L,I,-0.3108,113,none
138,L,M,-0.04934,113,none
138,L,N,-0.69,113,none
138,L,P,-0.0935,113,none
138,L,R,-0.8306,113,none
138,L,S,-0.6318,113,none
138,L,V,-0.2191,113,none
138,L,W,-0.6117,113,none
138,L,Y,-0.08505,113,none
139,G,A,-0.1516,114,none
139,G,C,-0.4256,114,none
139,G,D,-0.5957,114,none
139,G,E,-0.4212,114,none
139,G,F,-0.2218,114,none
139,G,H,-0.2039,114,none
139,G,I,-0.4129,114,none
139,G,K,-0.3017,114,none
139,G,L,-0.5176,114,none
139,G,M,-0.572,114,none
139,G,N,-0.3792,114,none
139,G,P,-0.538,114,none
139,G,Q,-0.01254,114,none
139,G,R,-0.4007,114,none
139,G,S,0.09673,114,none
139,G,T,-0.1061,114,none
139,G,V,-0.6953,114,none
139,G,W,-0.6286,114,none
139,G,Y,-0.2465,114,none
140,F,A,-0.549,115,none
140,F,C,-0.3499,115,none
140,F,E,-0.1538,115,none
140,F,L,-0.2164,115,none
140,F,M,-0.5467,115,none
140,F,P,-0.2466,115,none
140,F,Q,-0.5145,115,none
140,F,S,-0.1295,115,none
140,F,T,0.2708,115,none
140,F,V,-0.009987,115,none
140,F,W,0.04498,115,none
140,F,Y,0.02398,115,none
141,L,A,-0.2431,116,none
141,L,D,-0.3076,116,none
141,L,E,-0.2308,116,none
141,L,F,-0.1832,116,none
141,L,G,-0.079,116,none
141,L,H,-0.1559,116,none
141,L,I,-0.523,116,none
141,L,K,-0.6903,116,none
141,L,M,-0.4431,116,none
141,L,P,-0.128,116,none
141,L,Q,-0.2184,116,none
141,L,R,-0.3245,116,none
141,L,S,-0.1447,116,none
141,L,T,-0.06848,116,none
141,L,V,-0.5664,116,none
141,L,W,-0.1891,116,none
141,L,Y,-0.3909,116,none
142,L,A,-0.6082,117,none
142,L,D,-0.7025,117,none
142,L,E,-0.4494,117,none
142,L,F,-0.4664,117,none
142,L,H,-0.8145,117,none
142,L,I,-0.5318,117,none
142,L,K,-0.04858,117,none
142,L,M,-0.4645,117,none
142,L,N,-0.5188,117,none
142,L,P,-0.3847,117,none
142,L,Q,-0.4451,117,none
142,L,R,-0.3363,117,none
142,L,S,-0.06438,117,none
142,L,T,-0.08387,117,none
142,L,V,-0.4335,117,none
142,L,W,-0.1549,117,none
142,L,Y,-0.6065,117,none
143,G,A,0.06543,118,none
143,G,C,-0.7315,118,none
143,G,D,-0.9395,118,none
143,G,E,-0.1278,118,none
143,G,F,0.042,118,none
143,G,H,-0.04788,118,none
143,G,I,0.03377,118,none
143,G,K,-0.1663,118,none
143,G,M,-0.7674,118,none
143,G,N,-0.2506,118,none
143,G,Q,-0.4113,118,none
143,G,R,-0.6702,118,none
143,G,S,-0.6074,118,none
143,G,T,-0.5089,118,none
143,G,V,0.1698,118,none
143,G,Y,-0.358,118,none
144,V,A,-0.3203,119,none
144,V,F,-0.8397,119,none
144,V,G,-0.6341,119,none
144,V,I,0.008237,119,none
144,V,K,-0.1679,119,none
144,V,L,0.2306,119,none
144,V,M,-0.2205,119,none
144,V,N,-0.2777,119,none
144,V,P,-0.08743,119,none
144,V,Q,-0.1813,119,none
144,V,S,-0.1934,119,none
144,V,T,-0.09103,119,none
144,V,W,-0.1937,119,none
144,V,Y,-0.5705,119,none
145,G,C,-0.8656,120,none
145,G,D,-0.8679,120,none
145,G,E,-0.3675,120,none
145,G,K,-0.6359,120,none
145,G,L,-0.1443,120,none
145,G,M,-0.6065,120,none
145,G,N,0.1226,120,none
145,G,P,0.33,120,none
145,G,Q,-0.733,120,none
145,G,R,-0.6127,120,none
145,G,S,-0.8242,120,none
145,G,T,-0.7499,120,none
145,G,V,-0.4014,120,none
145,G,W,-0.4483,120,none
146,S,A,-0.1766,121,region_V
146,S,D,-0.7808,121,region_V
146,S,E,-0.02279,121,region_V
146,S,F,-0.3237,121,region_V
146,S,G,-0.2295,121,region_V
146,S,H,-0.3533,121,region_V
146,S,I,-0.6413,121,region_V
146,S,M,0.06742,121,region_V
146,S,N,0.1263,121,region_V
146,S,P,-0.3826,121,region_V
146,S,T,-0.03942,121,region_V
146,S,V,-0.07692,121,region_V
146,S,W,-0.1798,121,region_V
146,S,Y,-0.1022,121,region_V
147,A,C,0.07483,122,region_V
147,A,D,-0.8089,122,region_V
147,A,E,-0.2038,122,region_V
147,A,F,-0.1864,122,region_V
147,A,G,-0.276,122,region_V
147,A,H,-0.1324,122,region_V
147,A,I,-0.08325,122,region_V
147,A,K,-0.1238,122,region_V
147,A,L,-0.5058,122,region_V
147,A,M,0.178,122,region_V
147,A,N,-0.6926,122,region_V
147,A,Q,-0.6569,122,region_V
147,A,S,-0.1419,122,region_V
147,A,T,-0.0412,122,region_V
147,A,V,-0.2052,122,region_V
147,A,W,0.1147,122,region_V
147,A,Y,-0.7257,122,region_V
148,I,A,0.1099,123,region_V
148,I,D,-0.05711,123,region_V
148,I,E,-0.3472,123,region_V
148,I,F,0.2301,123,region_V
148,I,G,-0.06757,123,region_V
148,I,K,0.4137,123,region_V
148,I,L,-0.244,123,region_V
148,I,M,0.1012,123,region_V
148,I,N,-1.086,123,region_V
148,I,P,-0.2235,123,region_V
148,I,Q,-0.6985,123,region_V
148,I,R,-0.4825,123,region_V
148,I,S,-0.043,123,region_V
148,I,T,-0.2326,123,region_V
148,I,V,0.2048,123,region_V
148,I,W,-0.7612,123,region_V
148,I,Y,-0.3378,123,region_V
149,A,C,-0.3209,124,region_V
149,A,D,-0.4473,124,region_V
149,A,E,-0.1773,124,region_V
149,A,F,0.1071,124,region_V
149,A,G,-0.3128,124,region_V
149,A,K,-0.45,124,region_V
149,A,L,-0.2753,124,region_V
149,A,M,-0.0299,124,region_V
149,A,P,-0.3349,124,region_V
149,A,Q,-0.0268,124,region_V
149,A,S,-0.2064,124,region_V
149,A,T,-0.7953,124,region_V
149,A,V,-1.333,124,region_V
149,A,W,-0.1945,124,region_V
149,A,Y,-0.292,124,region_V
150,S,A,0.01368,125,region_V
150,S,C,-0.1162,125,region_V
150,S,D,-0.1078,125,region_V
150,S,F,0.295,125,region_V
150,S,G,-0.2067,125,region_V
150,S,I,-0.8272,125,region_V
150,S,K,-0.06588,125,region_V
150,S,L,-0.09389,125,region_V
150,S,M,0.1361,125,region_V
150,S,N,-0.8295,125,region_V
150,S,P,-0.2898,125,region_V
150,S,Q,0.01067,125,region_V
150,S,T,-0.6103,125,region_V
150,S,V,-0.3702,125,region_V
150,S,W,-0.4261,125,region_V
150,S,Y,-0.2969,125,region_V
151,G,A,-0.1348,126,region_V
151,G,C,-0.8294,126,region_V
151,G,D,-0.8128,126,region_V
151,G,E,0.03589,126,region_V
151,G,F,-0.2596,126,region_V
151,G,H,-0.725,126,region_V
151,G,I,-0.314,126,region_V
151,G,K,-0.2764,126,region_V
151,G,L,-0.4974,126,region_V
151,G,M,-0.7114,126,region_V
151,G,N,-0.1898,126,region_V
151,G,P,-0.5816,126,region_V
151,G,Q,-0.266,126,region_V
151,G,R,-0.5425,126,region_V
151,G,S,-0.3954,126,region_V
151,G,T,-0.1837,126,region_V
151,G,V,-0.7023,126,region_V
151,G,W,-0.4969,126,region_V
151,G,Y,-0.183,126,region_V
152,I,A,-0.2008,127,region_V
152,I,C,-0.1321,127,region_V
152,I,D,-0.1812,127,region_V
152,I,E,-0.308,127,region_V
152,I,G,-0.3094,127,region_V
152,I,H,-0.1087,127,region_V
152,I,K,-0.8267,127,region_V
152,I,L,-0.1189,127,region_V
152,I,M,0.2394,127,region_V
152,I,N,-0.5444,127,region_V
152,I,P,-0.5228,127,region_V
152,I,Q,0.0931,127,region_V
152,I,R,-0.1399,127,region_V
152,I,S,-0.1596,127,region_V
152,I,T,0.05062,127,region_V
152,I,V,-0.0431,127,region_V
152,I,W,-0.01913,127,region_V
152,I,Y,-0.132,127,region_V
153,A,C,-0.07939,128,region_V
153,A,D,-0.7904,128,region_V
153,A,F,-0.6266,128,region_V
153,A,G,-0.2293,128,region_V
153,A,H,-0.5948,128,region_V
153,A,I,-0.2199,128,region_V
153,A,K,-0.13,128,region_V
153,A,L,-0.5804,128,region_V
153,A,M,-0.4302,128,region_V
153,A,N,-0.3027,128,region_V
153,A,P,-0.2877,128,region_V
153,A,S,-0.08426,128,region_V
153,A,T,-0.3199,128,region_V
153,A,V,-0.06328,128,region_V
153,A,W,-0.06535,128,region_V
153,A,Y,-0.3804,128,region_V
154,V,A,-0.2749,129,region_V
154,V,C,0.08175,129,region_V
154,V,D,-0.8885,129,region_V
154,V,E,-0.4712,129,region_V
154,V,F,-0.03705,129,region_V
154,V,G,-0.4178,129,region_V
154,V,H,-0.5397,129,region_V
154,V,I,0.2336,129,region_V
154,V,K,-0.1201,129,region_V
154,V,L,-0.6583,129,region_V
154,V,M,-0.14,129,region_V
154,V,Q,-0.1538,129,region_V
154,V,R,-0.2217,129,region_V
154,V,S,0.07227,129,region_V
154,V,T,-0.1583,129,region_V
154,V,W,-0.6629,129,region_V
154,V,Y,-0.3935,129,region_V
155,S,A,0.0244,130,region_V
155,S,D,0.0739,130,region_V
155,S,F,-0.2974,130,region_V
155,S,G,0.3342,130,region_V
155,S,I,-0.41,130,region_V
155,S,K,-0.1031,130,region_V
155,S,M,-0.07615,130,region_V
155,S,N,0.1047,130,region_V
155,S,P,-0.4803,130,region_V
155,S,R,-0.2567,130,region_V
155,S,T,0.1547,130,region_V
155,S,V,-0.1772,130,region_V
155,S,W,-0.4707,130,region_V
155,S,Y,-0.4442,130,region_V
156,K,A,-0.5306,131,region_V
156,K,C,-0.4265,131,region_V
156,K,D,-0.04246,131,region_V
156,K,E,-0.03857,131,region_V
156,K,F,-0.2282,131,region_V
156,K,G,0.1746,131,region_V
156,K,H,-0.449,131,region_V
156,K,I,-0.5621,131,region_V
156,K,L,0.1755,131,region_V
156,K,M,-0.233,131,region_V
156,K,N,0.1018,131,region_V
156,K,P,-0.6089,131,region_V
156,K,R,-0.3839,131,region_V
156,K,S,-0.2178,131,region_V
156,K,T,-0.5796,131,region_V
156,K,V,-0.1871,131,region_V
156,K,W,0.04875,131,region_V
156,K,Y,0.04118,131,region_V
157,V,A,-0.2147,132,region_V
157,V,C,0.05524,132,region_V
157,V,D,-0.1884,132,region_V
157,V,E,0.1451,132,region_V
157,V,F,-0.7101,132,region_V
157,V,G,0.07245,132,region_V
157,V,H,-0.09834,132,region_V
157,V,I,-0.658,132,region_V
157,V,K,-0.0912,132,region_V
157,V,L,-0.2084,132,region_V
157,V,M,-1.084,132,region_V
157,V,N,-0.4332,132,region_V
157,V,P,-0.2886,132,region_V
157,V,Q,-0.8545,132,region_V
157,V,R,-0.4124,132,region_V
157,V,S,-0.0837,132,region_V
157,V,T,-0.1639,132,region_V
157,V,W,-0.448,132,region_V
157,V,Y,-0.0952,132,region_V
158,L,M,-0.2541,133,region_V
158,L,P,-0.3543,133,region_V
159,H,A,0.1186,134,region_V
159,H,C,0.3594,134,region_V
159,H,D,-0.5088,134,region_V
159,H,F,0.01989,134,region_V
159,H,G,-0.0423,134,region_V
159,H,I,0.1837,134,region_V
159,H,L,0.1974,134,region_V
159,H,M,0.1184,134,region_V
159,H,N,0.1203,134,region_V
159,H,P,-0.2087,134,region_V
159,H,Q,0.1323,134,region_V
159,H,R,-0.1046,134,region_V
159,H,S,-0.1137,134,region_V
159,H,T,0.07756,134,region_V
159,H,V,0.01338,134,region_V
159,H,W,0.008148,134,region_V
159,H,Y,-0.1163,134,region_V
160,L,A,-0.04309,135,region_V
160,L,C,-0.7359,135,region_V
160,L,D,-0.6998,135,region_V
160,L,E,-0.3263,135,region_V
160,L,F,-0.06,135,region_V
160,L,G,-0.08607,135,region_V
160,L,H,0.0769,135,region_V
160,L,I,0.1907,135,region_V
160,L,K,0.01,135,region_V
160,L,M,-0.4692,135,region_V
160,L,N,-0.03505,135,region_V
160,L,P,-0.05728,135,region_V
160,L,Q,-0.4751,135,region_V
160,L,R,-0.6628,135,region_V
160,L,S,-0.5207,135,region_V
160,L,T,-0.124,135,region_V
160,L,V,0.01465,135,region_V
160,L,W,-0.2574,135,region_V
160,L,Y,-0.1785,135,region_V
161,E,A,-0.1209,136,region_V
161,E,C,-0.8571,136,region_V
161,E,D,-0.17,136,region_V
161,E,F,-0.2923,136,region_V
161,E,G,-0.3948,136,region_V
161,E,H,0.2607,136,region_V
161,E,I,-0.06707,136,region_V
161,E,K,0.344,136,region_V
161,E,M,-0.3259,136,region_V
161,E,N,-0.1244,136,region_V
161,E,P,0.2563,136,region_V
161,E,Q,0.08816,136,region_V
161,E,R,-0.1326,136,region_V
161,E,S,0.06675,136,region_V
161,E,T,0.1193,136,region_V
161,E,V,-0.2808,136,region_V
161,E,W,-0.2606,136,region_V
162,G,A,0.05815,137,region_V
162,G,C,-0.2233,137,region_V
162,G,D,-0.4741,137,region_V
162,G,E,-0.532,137,region_V
162,G,F,-0.7321,137,region_V
162,G,H,-0.00144,137,region_V
162,G,K,0.03458,137,region_V
162,G,L,-0.6966,137,region_V
162,G,M,-0.09777,137,region_V
162,G,N,0.03471,137,region_V
162,G,P,-0.185,137,region_V
162,G,Q,-0.01572,137,region_V
162,G,R,-0.0871,137,region_V
162,G,S,-0.05203,137,region_V
162,G,T,0.3532,137,region_V
162,G,V,-0.8294,137,region_V
162,G,W,-1.115,137,region_V
162,G,Y,-0.3853,137,region_V
163,E,A,0.451,138,region_V
163,E,C,-0.6911,138,region_V
163,E,D,0.14,138,region_V
163,E,F,-0.1343,138,region_V
163,E,G,-0.2383,138,region_V
163,E,H,-0.4281,138,region_V
163,E,I,-0.3619,138,region_V
163,E,K,-0.5701,138,region_V
163,E,L,-0.843,138,region_V
163,E,M,-0.07467,138,region_V
163,E,N,0.1967,138,region_V
163,E,P,0.2316,138,region_V
163,E,Q,-0.3813,138,region_V
163,E,R,-0.1885,138,region_V
163,E,S,0.5315,138,region_V
163,E,T,-0.03733,138,region_V
163,E,V,-0.3972,138,region_V
163,E,W,-0.435,138,region_V
163,E,Y,-0.5108,138,region_V
164,V,A,0.1736,139,region_V
164,V,C,-0.5112,139,region_V
164,V,D,-0.08837,139,region_V
164,V,E,-0.2792,139,region_V
164,V,F,-0.2744,139,region_V
164,V,G,-0.554,139,region_V
164,V,H,-0.4427,139,region_V
164,V,I,0.2505,139,region_V
164,V,K,-0.1612,139,region_V
164,V,L,-0.4645,139,region_V
164,V,M,-0.2473,139,region_V
164,V,N,-0.2373,139,region_V
164,V,P,0.000975,139,region_V
164,V,Q,-0.3052,139,region_V
164,V,R,-0.4378,139,region_V
164,V,S,-0.1552,139,region_V
164,V,T,-0.1579,139,region_V
164,V,W,-0.3319,139,region_V
164,V,Y,-0.9875,139,region_V
165,N,A,-0.01202,140,region_V
165,N,C,-0.2961,140,region_V
165,N,D,-0.1507,140,region_V
165,N,E,0.2026,140,region_V
165,N,F,-0.4458,140,region_V
165,N,G,-0.2032,140,region_V
165,N,H,0.3897,140,region_V
165,N,I,-0.5363,140,region_V
165,N,K,-0.1191,140,region_V
165,N,L,0.09748,140,region_V
165,N,M,-0.09508,140,region_V
165,N,P,-0.2035,140,region_V
165,N,Q,0.1503,140,region_V
165,N,R,0.2459,140,region_V
165,N,S,-0.08865,140,region_V
165,N,T,0.03532,140,region_V
165,N,V,0.08207,140,region_V
165,N,W,-0.564,140,region_V
165,N,Y,-0.0731,140,region_V
166,K,C,-0.6214,141,region_V
166,K,D,-0.6087,141,region_V
166,K,E,-0.3143,141,region_V
166,K,F,-0.5438,141,region_V
166,K,G,-0.5948,141,region_V
166,K,H,-0.2567,141,region_V
166,K,I,-0.094,141,region_V
166,K,L,-0.04305,141,region_V
166,K,M,-0.1359,141,region_V
166,K,N,-0.2539,141,region_V
166,K,P,-0.2908,141,region_V
166,K,Q,-0.3258,141,region_V
166,K,R,-0.2685,141,region_V
166,K,S,-0.1232,141,region_V
166,K,T,-0.0497,141,region_V
166,K,V,-0.2169,141,region_V
166,K,W,-0.1387,141,region_V
166,K,Y,-0.4714,141,region_V
167,I,A,-0.1033,142,region_V
167,I,C,-0.192,142,region_V
167,I,E,-0.2383,142,region_V
167,I,F,-0.2989,142,region_V
167,I,H,-0.171,142,region_V
167,I,K,-0.4326,142,region_V
167,I,L,0.1495,142,region_V
167,I,M,-0.1976,142,region_V
167,I,N,0.5068,142,region_V
167,I,P,-0.9609,142,region_V
167,I,Q,-0.02758,142,region_V
167,I,R,-0.0613,142,region_V
167,I,S,-0.3669,142,region_V
167,I,V,-0.2549,142,region_V
167,I,W,-0.4259,142,region_V
167,I,Y,-0.3744,142,region_V
168,K,A,0.1104,143,region_V
168,K,C,0.07379,143,region_V
168,K,D,0.1018,143,region_V
168,K,E,0.3549,143,region_V
168,K,F,-0.02265,143,region_V
168,K,G,-0.1605,143,region_V
168,K,H,0.3209,143,region_V
168,K,I,-0.2239,143,region_V
168,K,L,-0.2589,143,region_V
168,K,M,-0.06201,143,region_V
168,K,N,0.1423,143,region_V
168,K,P,-0.6747,143,region_V
168,K,Q,0.646,143,region_V
168,K,R,-0.2743,143,region_V
168,K,S,0.2408,143,region_V
168,K,T,-0.2336,143,region_V
168,K,V,-0.2083,143,region_V
168,K,W,-0.7196,143,region_V
168,K,Y,0.06738,143,region_V
169,S,A,0.1585,144,region_V
169,S,C,-0.1657,144,region_V
169,S,D,-0.02975,144,region_V
169,S,E,-0.04161,144,region_V
169,S,F,0.2333,144,region_V
169,S,G,-0.07565,144,region_V
169,S,H,0.04405,144,region_V
169,S,I,0.1536,144,region_V
169,S,K,0.1043,144,region_V
169,S,L,-0.1589,144,region_V
169,S,M,0.1106,144,region_V
169,S,N,0.05855,144,region_V
169,S,P,-0.8122,144,region_V
169,S,Q,0.08471,144,region_V
169,S,R,0.2939,144,region_V
169,S,T,0.05305,144,region_V
169,S,V,-0.098,144,region_V
169,S,W,-0.3385,144,region_V
169,S,Y,-0.006049,144,region_V
170,A,C,-0.6919,145,region_V
170,A,D,-0.7159,145,region_V
170,A,E,-0.361,145,region_V
170,A,F,0.3657,145,region_V
170,A,G,-0.3024,145,region_V
170,A,H,-0.009005,145,region_V
170,A,I,-0.6783,145,region_V
170,A,K,-0.4347,145,region_V
170,A,L,-0.426,145,region_V
170,A,M,-0.0507,145,region_V
170,A,N,-0.2837,145,region_V
170,A,P,-0.3194,145,region_V
170,A,Q,0.01155,145,region_V
170,A,R,-0.3452,145,region_V
170,A,S,-0.1792,145,region_V
170,A,T,-0.453,145,region_V
170,A,V,-0.4717,145,region_V
170,A,Y,0.1436,145,region_V
171,L,A,-0.05439,146,region_V
171,L,C,-0.2215,146,region_V
171,L,D,-0.2486,146,region_V
171,L,E,-0.4931,146,region_V
171,L,F,-0.5281,146,region_V
171,L,G,-0.1718,146,region_V
171,L,H,-0.2509,146,region_V
171,L,I,-0.01876,146,region_V
171,L,K,-0.2018,146,region_V
171,L,M,-0.3154,146,region_V
171,L,N,-0.01708,146,region_V
171,L,P,-0.2861,146,region_V
171,L,Q,-0.185,146,region_V
171,L,R,-0.795,146,region_V
171,L,S,-0.0933,146,region_V
171,L,T,0.1736,146,region_V
171,L,V,0.1115,146,region_V
171,L,W,-0.5417,146,region_V
171,L,Y,-0.2192,146,region_V
172,L,A,0.1364,147,region_V
172,L,C,-0.2054,147,region_V
172,L,D,0.1881,147,region_V
172,L,E,0.4325,147,region_V
172,L,F,-0.4121,147,region_V
172,L,G,0.09869,147,region_V
172,L,H,0.09767,147,region_V
172,L,I,0.055,147,region_V
172,L,K,-0.03277,147,region_V
172,L,M,0.05631,147,region_V
172,L,N,0.05258,147,region_V
172,L,P,-0.6177,147,region_V
172,L,Q,-0.1198,147,region_V
172,L,R,-0.1672,147,region_V
172,L,S,-0.000155,147,region_V
172,L,T,-0.1041,147,region_V
172,L,V,0.03882,147,region_V
172,L,W,-0.3496,147,region_V
172,L,Y,-0.02133,147,region_V
173,S,A,0.07303,148,region_V
173,S,C,-0.4131,148,region_V
173,S,D,-0.4693,148,region_V
173,S,E,-0.6922,148,region_V
173,S,F,0.1416,148,region_V
173,S,G,-0.06277,148,region_V
173,S,H,0.3664,148,region_V
173,S,I,-0.05788,148,region_V
173,S,K,0.2466,148,region_V
173,S,L,-0.1465,148,region_V
173,S,M,0.1456,148,region_V
173,S,N,0.3111,148,region_V
173,S,P,-0.7121,148,region_V
173,S,Q,-0.2007,148,region_V
173,S,R,-0.6661,148,region_V
173,S,T,0.3236,148,region_V
173,S,V,-0.006093,148,region_V
173,S,W,0.1693,148,region_V
173,S,Y,-0.1514,148,region_V
174,T,A,-0.2516,149,region_V
174,T,C,-0.6594,149,region_V
174,T,D,0.09873,149,region_V
174,T,E,0.1246,149,region_V
174,T,G,-0.349,149,region_V
174,T,H,-0.3172,149,region_V
174,T,I,-0.2612,149,region_V
174,T,K,-0.3943,149,region_V
174,T,L,-0.2586,149,region_V
174,T,M,-0.2436,149,region_V
174,T,N,0.1989,149,region_V
174,T,P,-0.2315,149,region_V
174,T,Q,0.041,149,region_V
174,T,R,-0.241,149,region_V
174,T,S,-0.2125,149,region_V
174,T,V,-0.2738,149,region_V
174,T,W,-0.004275,149,region_V
174,T,Y,0.3792,149,region_V
175,N,A,-0.4887,150,region_V
175,N,C,-0.4674,150,region_V
175,N,D,-0.1461,150,region_V
175,N,E,0.2776,150,region_V
175,N,H,-0.2554,150,region_V
175,N,I,-0.4154,150,region_V
175,N,K,-0.349,150,region_V
175,N,L,-0.09309,150,region_V
175,N,M,-0.2148,150,region_V
175,N,P,-0.3586,150,region_V
175,N,Q,-0.2261,150,region_V
175,N,R,-0.4173,150,region_V
175,N,S,0.2384,150,region_V
175,N,T,-0.3655,150,region_V
175,N,V,-0.0541,150,region_V
175,N,W,-0.06143,150,region_V
175,N,Y,-0.3506,150,region_V
176,K,A,0.0645,151,region_V
176,K,C,-0.4762,151,region_V
176,K,D,-0.02352,151,region_V
176,K,E,-0.2076,151,region_V
176,K,F,0.4538,151,region_V
176,K,G,-0.4536,151,region_V
176,K,H,-0.1326,151,region_V
176,K,I,-0.2128,151,region_V
176,K,L,0.387,151,region_V
176,K,M,-0.4836,151,region_V
176,K,N,-0.2755,151,region_V
176,K,P,-0.6982,151,region_V
176,K,Q,-0.1441,151,region_V
176,K,R,0.2478,151,region_V
176,K,S,0.07837,151,region_V
176,K,T,-0.1729,151,region_V
176,K,V,-0.2627,151,region_V
176,K,W,-0.4291,151,region_V
176,K,Y,-0.3428,151,region_V
177,A,C,-0.6533,152,region_V
177,A,D,-0.2465,152,region_V
177,A,E,-0.6383,152,region_V
177,A,F,-0.2244,152,region_V
177,A,G,0.1373,152,region_V
177,A,H,-0.3332,152,region_V
177,A,I,-0.5041,152,region_V
177,A,K,0.1284,152,region_V
177,A,L,-0.3322,152,region_V
177,A,M,-0.4416,152,region_V
177,A,N,-0.1061,152,region_V
177,A,P,-0.4486,152,region_V
177,A,R,-0.2468,152,region_V
177,A,S,-0.6006,152,region_V
177,A,T,-0.1495,152,region_V
177,A,V,-0.2099,152,region_V
177,A,W,-0.3709,152,region_V
177,A,Y,-0.3081,152,region_V
178,V,A,0.1921,153,region_V
178,V,C,-0.3795,153,region_V
178,V,D,-0.2436,153,region_V
178,V,E,-0.3627,153,region_V
178,V,F,-0.2627,153,region_V
178,V,H,0.1403,153,region_V
178,V,I,0.1707,153,region_V
178,V,K,-0.2693,153,region_V
178,V,L,0.2559,153,region_V
178,V,M,0.1577,153,region_V
178,V,N,-0.7724,153,region_V
178,V,P,-0.08737,153,region_V
178,V,Q,-0.03189,153,region_V
178,V,S,-0.06531,153,region_V
178,V,T,0.08736,153,region_V
178,V,W,-0.506,153,region_V
178,V,Y,-0.1701,153,region_V
179,V,A,-0.6298,154,region_V
179,V,C,-0.3064,154,region_V
179,V,D,-0.00834,154,region_V
179,V,E,-0.3016,154,region_V
179,V,F,-0.754,154,region_V
179,V,G,-0.2273,154,region_V
179,V,H,-0.09635,154,region_V
179,V,I,0.5344,154,region_V
179,V,K,-0.2097,154,region_V
179,V,L,-0.3901,154,region_V
179,V,M,-0.633,154,region_V
179,V,N,-0.3053,154,region_V
179,V,P,-0.327,154,region_V
179,V,Q,-0.3878,154,region_V
179,V,R,-0.2366,154,region_V
179,V,S,-0.4238,154,region_V
179,V,T,-0.5496,154,region_V
179,V,W,-0.07537,154,region_V
179,V,Y,0.02498,154,region_V
180,S,A,0.3164,155,region_V
180,S,C,-1.069,155,region_V
180,S,D,-0.1411,155,region_V
180,S,E,-0.1056,155,region_V
180,S,F,-0.7864,155,region_V
180,S,G,0.1961,155,region_V
180,S,H,-0.3057,155,region_V
180,S,I,-0.7803,155,region_V
180,S,L,-0.4273,155,region_V
180,S,M,-0.6993,155,region_V
180,S,N,0.1026,155,region_V
180,S,P,-0.1048,155,region_V
180,S,Q,0.1586,155,region_V
180,S,R,0.09937,155,region_V
180,S,T,-0.08423,155,region_V
180,S,V,-0.09577,155,region_V
180,S,W,0.1514,155,region_V
180,S,Y,-0.4025,155,region_V
181,L,A,-0.5646,156,region_V
181,L,C,-0.5122,156,region_V
181,L,D,-0.2705,156,region_V
181,L,E,-0.6487,156,region_V
181,L,F,-0.1088,156,region_V
181,L,G,-0.3617,156,region_V
181,L,H,-0.1023,156,region_V
181,L,K,-0.3809,156,region_V
181,L,M,-0.353,156,region_V
181,L,N,-0.3782,156,region_V
181,L,P,-0.4197,156,region_V
181,L,Q,0.06753,156,region_V
181,L,S,-0.1119,156,region_V
181,L,T,-0.8849,156,region_V
181,L,V,-0.6847,156,region_V
181,L,W,-0.461,156,region_V
181,L,Y,-0.4951,156,region_V
182,S,A,0.08705,157,region_V
182,S,C,-0.5257,157,region_V
182,S,D,-0.2865,157,region_V
182,S,E,-0.2653,157,region_V
182,S,F,-0.7887,157,region_V
182,S,G,-0.59,157,region_V
182,S,H,-0.07297,157,region_V
182,S,I,-0.1198,157,region_V
182,S,K,0.3294,157,region_V
182,S,L,-0.1729,157,region_V
182,S,M,-0.1523,157,region_V
182,S,N,0.2462,157,region_V
182,S,P,-0.3796,157,region_V
182,S,Q,-0.07711,157,region_V
182,S,R,0.126,157,region_V
182,S,T,0.0429,157,region_V
182,S,V,0.2713,157,region_V
182,S,W,-0.3423,157,region_V
182,S,Y,-0.1223,157,region_V
183,N,C,-0.02088,158,region_V
183,N,D,-0.3557,158,region_V
183,N,E,-0.4137,158,region_V
183,N,F,-0.187,158,region_V
183,N,G,-0.08775,158,region_V
183,N,H,-0.8611,158,region_V
183,N,I,-0.1562,158,region_V
183,N,K,-0.1913,158,region_V
183,N,L,-0.592,158,region_V
183,N,M,-0.03782,158,region_V
183,N,P,-0.1365,158,region_V
183,N,Q,0.08281,158,region_V
183,N,R,-0.3143,158,region_V
183,N,S,0.1275,158,region_V
183,N,T,-0.04383,158,region_V
183,N,V,-0.2467,158,region_V
183,N,W,-0.282,158,region_V
183,N,Y,-0.02296,158,region_V
184,G,A,-0.502,159,region_V
184,G,C,-0.4868,159,region_V
184,G,D,-0.1762,159,region_V
184,G,E,-0.4693,159,region_V
184,G,F,-0.09653,159,region_V
184,G,H,-0.4242,159,region_V
184,G,I,0.1777,159,region_V
184,G,L,-0.2969,159,region_V
184,G,M,-0.2955,159,region_V
184,G,N,-0.7133,159,region_V
184,G,P,-0.5155,159,region_V
184,G,Q,-0.2183,159,region_V
184,G,R,-1.079,159,region_V
184,G,S,0.1021,159,region_V
184,G,T,-0.2339,159,region_V
184,G,V,-0.3705,159,region_V
184,G,W,0.02727,159,region_V
184,G,Y,-0.1822,159,region_V
185,V,A,-0.5231,160,region_V
185,V,C,-0.1202,160,region_V
185,V,E,0.2153,160,region_V
185,V,F,-0.2351,160,region_V
185,V,G,0.5353,160,region_V
185,V,H,0.1128,160,region_V
185,V,I,0.08137,160,region_V
185,V,L,0.1482,160,region_V
185,V,M,0.0998,160,region_V
185,V,N,0.3621,160,region_V
185,V,P,-0.2843,160,region_V
185,V,Q,0.1857,160,region_V
185,V,R,-0.2728,160,region_V
185,V,S,-0.1275,160,region_V
185,V,T,-0.1011,160,region_V
185,V,W,-0.09096,160,region_V
185,V,Y,-0.06535,160,region_V
186,S,A,-0.141,161,region_V
186,S,C,-0.6462,161,region_V
186,S,D,-0.2834,161,region_V
186,S,F,-0.4753,161,region_V
186,S,G,-0.3743,161,region_V
186,S,H,-0.3455,161,region_V
186,S,I,0.2778,161,region_V
186,S,K,-0.9538,161,region_V
186,S,L,-0.08733,161,region_V
186,S,M,-0.5951,161,region_V
186,S,P,-0.2158,161,region_V
186,S,Q,-0.3423,161,region_V
186,S,R,-0.3204,161,region_V
186,S,T,-0.4348,161,region_V
186,S,V,0.1613,161,region_V
186,S,W,-0.1175,161,region_V
186,S,Y,-0.1977,161,region_V
187,V,A,-0.6226,162,region_V
187,V,C,-0.165,162,region_V
187,V,D,-0.4826,162,region_V
187,V,E,-0.3607,162,region_V
187,V,F,-0.4795,162,region_V
187,V,G,-0.6889,162,region_V
187,V,H,-0.5352,162,region_V
187,V,I,-0.3014,162,region_V
187,V,K,-0.3561,162,region_V
187,V,L,-0.1457,162,region_V
187,V,M,-0.3697,162,region_V
187,V,N,-0.1123,162,region_V
187,V,P,-0.6749,162,region_V
187,V,Q,-0.4417,162,region_V
187,V,R,0.01516,162,region_V
187,V,S,0.1363,162,region_V
187,V,T,0.1843,162,region_V
187,V,W,-0.1998,162,region_V
187,V,Y,-0.2158,162,region_V
188,L,A,-0.09055,163,region_V
188,L,C,-0.4455,163,region_V
188,L,D,-0.4695,163,region_V
188,L,E,-0.2005,163,region_V
188,L,F,-0.2365,163,region_V
188,L,G,-0.3904,163,region_V
188,L,H,-0.1445,163,region_V
188,L,I,-0.3855,163,region_V
188,L,K,-0.059,163,region_V
188,L,M,-0.719,163,region_V
188,L,P,-0.2104,163,region_V
188,L,Q,-0.3907,163,region_V
188,L,R,-0.02673,163,region_V
188,L,S,-0.2379,163,region_V
188,L,T,-0.03252,163,region_V
188,L,V,0.1537,163,region_V
188,L,W,-0.1984,163,region_V
188,L,Y,0.4296,163,region_V
189,T,A,0.09303,164,region_V
189,T,C,-0.4959,164,region_V
189,T,D,-0.4416,164,region_V
189,T,E,-0.2648,164,region_V
189,T,F,0.2808,164,region_V
189,T,G,-0.0168,164,region_V
189,T,H,0.04594,164,region_V
189,T,I,-0.06311,164,region_V
189,T,K,-0.743,164,region_V
189,T,L,-0.1871,164,region_V
189,T,M,-0.2342,164,region_V
189,T,N,-0.4995,164,region_V
189,T,P,-0.2667,164,region_V
189,T,Q,-0.4988,164,region_V
189,T,R,-0.4316,164,region_V
189,T,S,-0.3354,164,region_V
189,T,V,0.2077,164,region_V
189,T,W,-0.4366,164,region_V
189,T,Y,-0.127,164,region_V
190,S,A,-0.03645,165,region_V
190,S,D,-0.3287,165,region_V
190,S,E,0.261,165,region_V
190,S,F,0.04686,165,region_V
190,S,G,-0.9539,165,region_V
190,S,H,0.09674,165,region_V
190,S,I,-0.9832,165,region_V
190,S,K,-0.1627,165,region_V
190,S,L,-0.1177,165,region_V
190,S,M,-0.3768,165,region_V
190,S,N,-0.3804,165,region_V
190,S,P,-0.5607,165,region_V
190,S,Q,0.07846,165,region_V
190,S,R,0.0368,165,region_V
190,S,T,0.06198,165,region_V
190,S,V,-0.06523,165,region_V
190,S,W,0.4853,165,region_V
190,S,Y,-0.6482,165,region_V
191,K,A,-0.03207,166,region_V
191,K,C,-0.3577,166,region_V
191,K,D,-0.2925,166,region_V
191,K,E,-0.001183,166,region_V
191,K,F,-0.2413,166,region_V
191,K,I,-0.3671,166,region_V
191,K,M,-0.04758,166,region_V
191,K,N,-0.8137,166,region_V
191,K,P,-0.09635,166,region_V
191,K,Q,0.1842,166,region_V
191,K,R,-0.2213,166,region_V
191,K,S,0.2428,166,region_V
191,K,T,-0.02553,166,region_V
191,K,V,-0.06567,166,region_V
191,K,W,-0.1434,166,region_V
191,K,Y,-0.3394,166,region_V
192,V,A,-0.08395,167,region_V
192,V,C,-0.1206,167,region_V
192,V,E,-0.8117,167,region_V
192,V,F,-0.5581,167,region_V
192,V,H,-0.4705,167,region_V
192,V,I,0.1293,167,region_V
192,V,K,-0.1289,167,region_V
192,V,L,-0.3347,167,region_V
192,V,M,-0.9984,167,region_V
192,V,P,-0.6365,167,region_V
192,V,Q,0.1296,167,region_V
192,V,R,-0.3122,167,region_V
192,V,S,-0.7139,167,region_V
192,V,W,-0.1177,167,region_V
193,L,A,0.08331,168,region_V
193,L,C,-0.1423,168,region_V
193,L,D,-0.473,168,region_V
193,L,E,0.2233,168,region_V
193,L,F,-0.1948,168,region_V
193,L,G,-0.2476,168,region_V
193,L,H,0.3423,168,region_V
193,L,I,0.002225,168,region_V
193,L,K,0.03395,168,region_V
193,L,M,-0.07297,168,region_V
193,L,N,-0.1738,168,region_V
193,L,P,-0.546,168,region_V
193,L,Q,0.01267,168,region_V
193,L,R,-0.6366,168,region_V
193,L,S,0.2703,168,region_V
193,L,T,-0.3527,168,region_V
193,L,V,0.1585,168,region_V
193,L,W,0.09891,168,region_V
193,L,Y,0.1158,168,region_V
194,D,E,-0.2062,169,region_V
194,D,F,-0.09438,169,region_V
194,D,G,-0.3867,169,region_V
194,D,H,-0.5166,169,region_V
194,D,I,-0.08725,169,region_V
194,D,K,-0.439,169,region_V
194,D,L,-0.06302,169,region_V
194,D,M,-0.5137,169,region_V
194,D,N,-0.09713,169,region_V
194,D,P,-0.4864,169,region_V
194,D,Q,-0.2236,169,region_V
194,D,R,-0.3659,169,region_V
194,D,S,-0.07762,169,region_V
194,D,T,-0.6838,169,region_V
194,D,W,-0.1284,169,region_V
194,D,Y,-0.9637,169,region_V
195,L,A,-0.8457,170,region_0
195,L,C,-0.1199,170,region_0
195,L,D,-0.006235,170,region_0
195,L,E,-0.5768,170,region_0
195,L,F,-0.5027,170,region_0
195,L,G,-0.3524,170,region_0
195,L,H,-0.09227,170,region_0
195,L,I,-0.07468,170,region_0
195,L,K,-0.6477,170,region_0
195,L,M,-0.5228,170,region_0
195,L,N,-0.4648,170,region_0
195,L,P,-0.5117,170,region_0
195,L,Q,-0.1899,170,region_0
195,L,R,-0.01517,170,region_0
195,L,S,-0.5681,170,region_0
195,L,T,-0.3387,170,region_0
195,L,V,0.0007,170,region_0
195,L,W,-0.6301,170,region_0
195,L,Y,-0.4409,170,region_0
196,K,A,0.1799,171,region_0
196,K,D,-0.08865,171,region_0
196,K,E,-0.4263,171,region_0
196,K,F,-0.3448,171,region_0
196,K,G,-0.2898,171,region_0
196,K,H,-0.1237,171,region_0
196,K,I,-0.5022,171,region_0
196,K,L,-0.5265,171,region_0
196,K,M,-0.1927,171,region_0
196,K,N,-0.5931,171,region_0
196,K,P,-0.322,171,region_0
196,K,Q,0.09977,171,region_0
196,K,R,0.1847,171,region_0
196,K,S,-0.6342,171,region_0
196,K,T,-0.3882,171,region_0
196,K,V,-0.7315,171,region_0
196,K,W,-0.05338,171,region_0
196,K,Y,-0.7538,171,region_0
197,N,A,0.0878,172,region_0
197,N,C,-0.3074,172,region_0
197,N,D,0.07295,172,region_0
197,N,E,0.03,172,region_0
197,N,F,0.2321,172,region_0
197,N,G,-0.1445,172,region_0
197,N,H,0.01603,172,region_0
197,N,I,-0.1,172,region_0
197,N,K,0.1121,172,region_0
197,N,L,0.09639,172,region_0
197,N,M,-0.1065,172,region_0
197,N,P,-0.3319,172,region_0
197,N,Q,-0.1878,172,region_0
197,N,R,-0.03039,172,region_0
197,N,S,-0.01477,172,region_0
197,N,T,-0.06948,172,region_0
197,N,V,-0.1684,172,region_0
197,N,W,0.04589,172,region_0
197,N,Y,-0.2507,172,region_0
198,Y,A,-0.2128,173,region_0
198,Y,C,-0.1138,173,region_0
198,Y,D,-0.7405,173,region_0
198,Y,E,-0.4768,173,region_0
198,Y,F,0.1789,173,region_0
198,Y,G,-0.7372,173,region_0
198,Y,H,-0.3187,173,region_0
198,Y,I,-0.1718,173,region_0
198,Y,K,-0.121,173,region_0
198,Y,L,-0.6679,173,region_0
198,Y,M,-0.7582,173,region_0
198,Y,N,-0.7009,173,region_0
198,Y,P,-0.4641,173,region_0
198,Y,Q,-0.2102,173,region_0
198,Y,R,-0.3544,173,region_0
198,Y,S,-0.5967,173,region_0
198,Y,T,-0.6165,173,region_0
198,Y,V,-0.3473,173,region_0
198,Y,W,-0.07777,173,region_0
199,I,A,-0.1707,174,region_0
199,I,C,-0.1297,174,region_0
199,I,D,-0.5638,174,region_0
199,I,E,-0.6253,174,region_0
199,I,F,-0.4122,174,region_0
199,I,G,-0.4576,174,region_0
199,I,H,-0.7595,174,region_0
199,I,L,-0.05112,174,region_0
199,I,M,-0.473,174,region_0
199,I,N,-0.5805,174,region_0
199,I,P,-0.2079,174,region_0
199,I,Q,-0.06148,174,region_0
199,I,R,-0.4398,174,region_0
199,I,S,-0.1984,174,region_0
199,I,T,-0.6121,174,region_0
199,I,V,-0.4527,174,region_0
199,I,W,0.01072,174,region_0
199,I,Y,-0.4194,174,region_0
200,D,A,-0.7609,175,region_0
200,D,C,-0.3445,175,region_0
200,D,E,-0.5085,175,region_0
200,D,F,-0.2216,175,region_0
200,D,G,-0.5612,175,region_0
200,D,H,-0.01956,175,region_0
200,D,I,-0.2195,175,region_0
200,D,K,-0.6815,175,region_0
200,D,L,-0.3479,175,region_0
200,D,M,-0.08,175,region_0
200,D,N,-0.4319,175,region_0
200,D,P,-0.5243,175,region_0
200,D,Q,-0.2213,175,region_0
200,D,R,-0.4418,175,region_0
200,D,S,-0.3096,175,region_0
200,D,T,-0.1011,175,region_0
200,D,V,-0.329,175,region_0
200,D,W,-0.1303,175,region_0
200,D,Y,-0.5559,175,region_0
201,K,A,0.08276,176,region_0
201,K,C,0.1174,176,region_0
201,K,D,-0.1506,176,region_0
201,K,E,0.1228,176,region_0
201,K,F,-0.08568,176,region_0
201,K,G,-0.06964,176,region_0
201,K,H,-0.536,176,region_0
201,K,I,0.01963,176,region_0
201,K,L,-0.1506,176,region_0
201,K,M,-0.01924,176,region_0
201,K,N,-0.1955,176,region_0
201,K,P,-0.1857,176,region_0
201,K,Q,-0.04215,176,region_0
201,K,R,0.1089,176,region_0
201,K,S,-0.4499,176,region_0
201,K,T,-0.1134,176,region_0
201,K,V,-0.3715,176,region_0
201,K,W,0.1142,176,region_0
201,K,Y,0.1374,176,region_0
202,Q,A,-0.3276,177,region_0
202,Q,C,0.2331,177,region_0
202,Q,D,-0.1467,177,region_0
202,Q,E,-0.1576,177,region_0
202,Q,F,0.2231,177,region_0
202,Q,G,-0.1801,177,region_0
202,Q,H,-0.07127,177,region_0
202,Q,I,-0.3341,177,region_0
202,Q,K,-0.2665,177,region_0
202,Q,L,-0.01498,177,region_0
202,Q,M,-0.478,177,region_0
202,Q,N,0.08499,177,region_0
202,Q,P,-0.3796,177,region_0
202,Q,R,-0.2581,177,region_0
202,Q,S,0.05727,177,region_0
202,Q,T,0.03755,177,region_0
202,Q,V,0.3346,177,region_0
202,Q,W,-0.07357,177,region_0
202,Q,Y,0.2635,177,region_0
203,L,A,0.3692,178,region_0
203,L,C,-0.6987,178,region_0
203,L,E,0.122,178,region_0
203,L,F,-0.8855,178,region_0
203,L,G,0.0512,178,region_0
203,L,H,-0.3354,178,region_0
203,L,I,-0.203,178,region_0
203,L,K,-0.9541,178,region_0
203,L,M,-0.04558,178,region_0
203,L,N,-0.06292,178,region_0
203,L,P,-0.01914,178,region_0
203,L,Q,-0.2476,178,region_0
203,L,R,0.1563,178,region_0
203,L,S,-0.1039,178,region_0
203,L,T,-0.08506,178,region_0
203,L,V,0.03377,178,region_0
203,L,W,0.08233,178,region_0
203,L,Y,0.03415,178,region_0
204,L,A,-0.03522,179,region_0
204,L,C,-0.1195,179,region_0
204,L,D,-0.02116,179,region_0
204,L,E,-0.4254,179,region_0
204,L,F,-0.06067,179,region_0
204,L,G,-0.1361,179,region_0
204,L,H,-0.4528,179,region_0
204,L,I,0.107,179,region_0
204,L,K,-0.04582,179,region_0
204,L,M,0.2664,179,region_0
204,L,N,-0.3219,179,region_0
204,L,P,-0.2397,179,region_0
204,L,Q,-0.1651,179,region_0
204,L,R,0.03572,179,region_0
204,L,S,-0.3082,179,region_0
204,L,T,-0.2361,179,region_0
204,L,V,0.04547,179,region_0
204,L,W,0.0584,179,region_0
204,L,Y,0.1749,179,region_0
205,P,A,-0.5795,180,region_0
205,P,C,-0.7043,180,region_0
205,P,D,-0.08769,180,region_0
205,P,E,-0.6411,180,region_0
205,P,F,0.1208,180,region_0
205,P,G,-0.00175,180,region_0
205,P,H,-0.2887,180,region_0
205,P,I,-0.1365,180,region_0
205,P,K,-0.2307,180,region_0
205,P,L,-0.7582,180,region_0
205,P,M,-0.3416,180,region_0
205,P,N,-0.1219,180,region_0
205,P,Q,-0.2345,180,region_0
205,P,R,0.1141,180,region_0
205,P,S,-0.345,180,region_0
205,P,T,-0.3255,180,region_0
205,P,V,-0.2716,180,region_0
205,P,W,-0.2564,180,region_0
205,P,Y,-0.1049,180,region_0
206,I,A,0.4072,181,region_0
206,I,C,-0.7929,181,region_0
206,I,D,-0.1259,181,region_0
206,I,E,0.1383,181,region_0
206,I,F,0.02495,181,region_0
206,I,G,-0.2755,181,region_0
206,I,H,0.1185,181,region_0
206,I,K,0.07408,181,region_0
206,I,L,0.2879,181,region_0
206,I,M,0.1973,181,region_0
206,I,N,0.2359,181,region_0
206,I,P,0.1681,181,region_0
206,I,Q,0.1176,181,region_0
206,I,R,-0.3613,181,region_0
206,I,S,0.3184,181,region_0
206,I,T,0.09011,181,region_0
206,I,V,-0.3186,181,region_0
206,I,W,-0.1057,181,region_0
206,I,Y,0.04043,181,region_0
207,V,A,-0.5364,182,region_0
207,V,D,0.2058,182,region_0
207,V,E,-0.08432,182,region_0
207,V,F,0.03342,182,region_0
207,V,G,-0.3453,182,region_0
207,V,H,0.3703,182,region_0
207,V,I,-0.4011,182,region_0
207,V,K,-0.3004,182,region_0
207,V,L,0.1152,182,region_0
207,V,M,-0.1504,182,region_0
207,V,N,0.2911,182,region_0
207,V,P,-0.0006005,182,region_0
207,V,Q,-0.09477,182,region_0
207,V,R,-0.04968,182,region_0
207,V,S,-0.3106,182,region_0
207,V,T,0.07136,182,region_0
207,V,W,0.4142,182,region_0
207,V,Y,-0.4116,182,region_0
208,N,A,-0.3943,183,region_0
208,N,C,-0.05112,183,region_0
208,N,D,-0.1393,183,region_0
208,N,E,0.0409,183,region_0
208,N,F,-0.4021,183,region_0
208,N,G,-0.1191,183,region_0
208,N,H,-0.1943,183,region_0
208,N,I,-0.117,183,region_0
208,N,K,-0.02572,183,region_0
208,N,L,-0.3067,183,region_0
208,N,M,0.1334,183,region_0
208,N,P,0.1416,183,region_0
208,N,Q,-0.04943,183,region_0
208,N,R,-0.01965,183,region_0
208,N,S,0.02003,183,region_0
208,N,T,0.07898,183,region_0
208,N,V,0.0987,183,region_0
208,N,W,-0.0872,183,region_0
208,N,Y,-0.2686,183,region_0
209,K,A,-0.12,184,region_0
209,K,C,0.0705,184,region_0
209,K,D,-0.0812,184,region_0
209,K,E,0.2541,184,region_0
209,K,F,-0.3576,184,region_0
209,K,G,0.01484,184,region_0
209,K,I,-0.06858,184,region_0
209,K,L,-0.241,184,region_0
209,K,M,-0.1603,184,region_0
209,K,N,0.4914,184,region_0
209,K,P,-0.5689,184,region_0
209,K,Q,0.03067,184,region_0
209,K,R,-0.3233,184,region_0
209,K,S,-0.04445,184,region_0
209,K,T,-0.3269,184,region_0
209,K,V,-0.000982,184,region_0
209,K,W,-0.4924,184,region_0
209,K,Y,-0.2254,184,region_0
210,Q,A,-0.2448,185,region_0
210,Q,C,-0.5816,185,region_0
210,Q,D,-0.5517,185,region_0
210,Q,E,-0.2558,185,region_0
210,Q,F,-0.085,185,region_0
210,Q,G,-0.1173,185,region_0
210,Q,H,-0.5756,185,region_0
210,Q,I,-0.07653,185,region_0
210,Q,K,0.3464,185,region_0
210,Q,L,-0.023,185,region_0
210,Q,M,-0.1769,185,region_0
210,Q,N,0.1728,185,region_0
210,Q,P,-0.05449,185,region_0
210,Q,R,-0.4983,185,region_0
210,Q,S,0.1648,185,region_0
210,Q,T,0.3834,185,region_0
210,Q,V,0.1076,185,region_0
210,Q,W,-1.02,185,region_0
210,Q,Y,-0.3244,185,region_0
211,S,A,0.05184,186,region_0
211,S,C,-0.8579,186,region_0
211,S,D,0.07605,186,region_0
211,S,E,0.01388,186,region_0
211,S,F,-0.4139,186,region_0
211,S,G,-0.01062,186,region_0
211,S,H,-0.0349,186,region_0
211,S,I,0.02431,186,region_0
211,S,K,0.3144,186,region_0
211,S,L,0.1661,186,region_0
211,S,M,-0.1489,186,region_0
211,S,N,0.4072,186,region_0
211,S,P,-0.5701,186,region_0
211,S,Q,-0.1437,186,region_0
211,S,R,-0.09207,186,region_0
211,S,T,0.023,186,region_0
211,S,V,0.1167,186,region_0
211,S,W,-0.3061,186,region_0
211,S,Y,0.2075,186,region_0
212,C,A,-0.5814,187,region_0
212,C,D,-0.336,187,region_0
212,C,E,-0.506,187,region_0
212,C,F,-1.219,187,region_0
212,C,G,-0.4458,187,region_0
212,C,H,-0.7699,187,region_0
212,C,I,0.9432,187,region_0
212,C,K,-0.7434,187,region_0
212,C,L,-0.6519,187,region_0
212,C,M,-0.4752,187,region_0
212,C,N,-0.6956,187,region_0
212,C,P,-1.178,187,region_0
212,C,Q,-0.3018,187,region_0
212,C,R,-0.4185,187,region_0
212,C,S,-0.6063,187,region_0
212,C,T,-1.261,187,region_0
212,C,V,-0.4104,187,region_0
212,C,W,-0.5887,187,region_0
212,C,Y,-0.6313,187,region_0
213,R,A,-0.2161,188,region_0
213,R,C,-0.04418,188,region_0
213,R,D,0.07824,188,region_0
213,R,E,0.2067,188,region_0
213,R,F,-0.3234,188,region_0
213,R,G,-0.021,188,region_0
213,R,H,-0.1638,188,region_0
213,R,I,-0.07003,188,region_0
213,R,K,0.3157,188,region_0
213,R,L,-0.2707,188,region_0
213,R,M,-0.1596,188,region_0
213,R,N,-0.1474,188,region_0
213,R,P,0.1155,188,region_0
213,R,Q,-0.3169,188,region_0
213,R,S,0.04771,188,region_0
213,R,T,0.2365,188,region_0
213,R,V,0.1067,188,region_0
213,R,Y,-0.2383,188,region_0
214,I,A,-0.4367,189,region_0
214,I,F,-0.1423,189,region_0
214,I,K,-0.2223,189,region_0
214,I,L,-0.1841,189,region_0
214,I,M,0.1454,189,region_0
214,I,P,0.0153,189,region_0
214,I,Q,-0.2121,189,region_0
214,I,S,-0.2105,189,region_0
214,I,T,-0.1551,189,region_0
214,I,V,0.06008,189,region_0
214,I,Y,-0.05948,189,region_0
215,S,A,0.1365,190,region_0
215,S,C,-0.1627,190,region_0
215,S,D,-0.18,190,region_0
215,S,E,0.3019,190,region_0
215,S,F,0.1379,190,region_0
215,S,G,-0.06013,190,region_0
215,S,I,-0.1162,190,region_0
215,S,K,0.451,190,region_0
215,S,L,-0.05376,190,region_0
215,S,M,0.2996,190,region_0
215,S,N,0.1527,190,region_0
215,S,P,-0.1845,190,region_0
215,S,R,-0.4856,190,region_0
215,S,T,-0.1527,190,region_0
215,S,V,-0.00319,190,region_0
215,S,W,-0.02128,190,region_0
215,S,Y,-0.4162,190,region_0
216,N,A,0.08897,191,region_0
216,N,C,0.1297,191,region_0
216,N,D,-0.1325,191,region_0
216,N,E,-0.3378,191,region_0
216,N,F,-0.1474,191,region_0
216,N,G,-0.05518,191,region_0
216,N,H,-0.346,191,region_0
216,N,I,-0.1804,191,region_0
216,N,K,0.3085,191,region_0
216,N,L,-0.2235,191,region_0
216,N,M,-0.3456,191,region_0
216,N,P,-0.6082,191,region_0
216,N,Q,0.1579,191,region_0
216,N,R,0.3209,191,region_0
216,N,S,-0.2521,191,region_0
216,N,T,-0.02429,191,region_0
216,N,V,0.3654,191,region_0
216,N,W,-0.4487,191,region_0
216,N,Y,0.2208,191,region_0
217,I,A,-0.1712,192,region_0
217,I,C,0.01865,192,region_0
217,I,D,-0.09627,192,region_0
217,I,E,-0.3279,192,region_0
217,I,F,-0.3595,192,region_0
217,I,G,-0.205,192,region_0
217,I,H,-0.6201,192,region_0
217,I,K,-0.5632,192,region_0
217,I,L,0.05398,192,region_0
217,I,M,0.006125,192,region_0
217,I,N,-0.3493,192,region_0
217,I,P,-0.08922,192,region_0
217,I,R,-0.6598,192,region_0
217,I,S,-0.4191,192,region_0
217,I,T,-0.6999,192,region_0
217,I,V,-0.0821,192,region_0
217,I,W,0.08992,192,region_0
217,I,Y,-0.4174,192,region_0
218,E,A,-0.009455,193,region_0
218,E,D,-0.4711,193,region_0
218,E,F,-0.3574,193,region_0
218,E,G,-0.6512,193,region_0
218,E,H,-0.6927,193,region_0
218,E,I,-0.09,193,region_0
218,E,K,-1.184,193,region_0
218,E,L,-0.00355,193,region_0
218,E,M,0.3309,193,region_0
218,E,N,-0.6006,193,region_0
218,E,Q,-0.02207,193,region_0
218,E,R,-0.3162,193,region_0
218,E,T,-0.2108,193,region_0
218,E,V,0.14,193,region_0
218,E,W,-0.3957,193,region_0
218,E,Y,-0.2184,193,region_0
219,T,A,-0.2781,194,region_0
219,T,C,-0.156,194,region_0
219,T,D,-0.1199,194,region_0
219,T,E,-0.4113,194,region_0
219,T,F,0.5269,194,region_0
219,T,H,-0.7215,194,region_0
219,T,I,-0.03087,194,region_0
219,T,K,0.1043,194,region_0
219,T,L,-0.06092,194,region_0
219,T,M,-0.03318,194,region_0
219,T,P,0.2378,194,region_0
219,T,Q,-0.1961,194,region_0
219,T,R,-0.6794,194,region_0
219,T,S,-0.3755,194,region_0
219,T,V,-0.2493,194,region_0
219,T,W,-0.02703,194,region_0
220,V,A,-0.273,195,region_0
220,V,D,-0.6145,195,region_0
220,V,E,-0.6047,195,region_0
220,V,F,-0.2767,195,region_0
220,V,G,-0.5432,195,region_0
220,V,H,-0.2913,195,region_0
220,V,I,0.1374,195,region_0
220,V,K,-0.5371,195,region_0
220,V,L,-0.3989,195,region_0
220,V,M,-0.3202,195,region_0
220,V,N,-0.1599,195,region_0
220,V,P,-0.1522,195,region_0
220,V,Q,-0.6229,195,region_0
220,V,R,-0.4188,195,region_0
220,V,S,-0.3177,195,region_0
220,V,T,-0.1821,195,region_0
220,V,W,0.06335,195,region_0
220,V,Y,-0.2484,195,region_0
221,I,A,-0.3028,196,region_0
221,I,C,-0.7593,196,region_0
221,I,E,-0.3311,196,region_0
221,I,F,-0.519,196,region_0
221,I,G,-0.3947,196,region_0
221,I,K,-0.3834,196,region_0
221,I,L,-0.1595,196,region_0
221,I,M,0.05025,196,region_0
221,I,N,-0.5309,196,region_0
221,I,P,-0.2121,196,region_0
221,I,Q,-0.8302,196,region_0
221,I,R,-0.6369,196,region_0
221,I,S,0.01488,196,region_0
221,I,V,0.3044,196,region_0
221,I,W,-0.5698,196,region_0
221,I,Y,0.2283,196,region_0
222,E,A,0.07458,197,region_0
222,E,C,0.124,197,region_0
222,E,D,-0.2662,197,region_0
222,E,F,0.1063,197,region_0
222,E,G,-0.3126,197,region_0
222,E,H,-0.2225,197,region_0
222,E,I,-0.6692,197,region_0
222,E,K,-1.068,197,region_0
222,E,L,-0.291,197,region_0
222,E,M,0.0661,197,region_0
222,E,N,-0.3944,197,region_0
222,E,P,-0.0657,197,region_0
222,E,Q,0.004685,197,region_0
222,E,R,-0.1859,197,region_0
222,E,T,-0.1014,197,region_0
222,E,V,-0.5758,197,region_0
222,E,W,-0.04382,197,region_0
222,E,Y,-0.6948,197,region_0
223,F,A,-0.14,198,region_0
223,F,C,-0.0762,198,region_0
223,F,D,-0.3563,198,region_0
223,F,E,-0.3333,198,region_0
223,F,G,-0.4016,198,region_0
223,F,H,-0.4639,198,region_0
223,F,I,-0.1976,198,region_0
223,F,K,-0.489,198,region_0
223,F,L,-0.3268,198,region_0
223,F,M,-0.09633,198,region_0
223,F,N,-0.0901,198,region_0
223,F,P,0.0123,198,region_0
223,F,Q,-0.1539,198,region_0
223,F,R,0.03648,198,region_0
223,F,S,-0.2719,198,region_0
223,F,T,0.3658,198,region_0
223,F,V,-0.02191,198,region_0
223,F,W,-0.2203,198,region_0
223,F,Y,0.006958,198,region_0
224,Q,A,0.00383,199,region_0
224,Q,C,-0.288,199,region_0
224,Q,D,-0.3468,199,region_0
224,Q,E,0.1384,199,region_0
224,Q,F,-0.0918,199,region_0
224,Q,G,-0.1873,199,region_0
224,Q,H,-0.7265,199,region_0
224,Q,I,-0.1901,199,region_0
224,Q,K,-0.143,199,region_0
224,Q,L,-0.8018,199,region_0
224,Q,M,0.3272,199,region_0
224,Q,N,-0.5456,199,region_0
224,Q,P,-0.1199,199,region_0
224,Q,R,-0.3897,199,region_0
224,Q,S,-0.2897,199,region_0
224,Q,T,0.002394,199,region_0
224,Q,V,-0.1259,199,region_0
224,Q,W,-0.2371,199,region_0
224,Q,Y,-0.4933,199,region_0
225,Q,A,-0.0397,200,region_0
225,Q,C,-0.2581,200,region_0
225,Q,D,-0.04392,200,region_0
225,Q,E,0.26,200,region_0
225,Q,F,0.3962,200,region_0
225,Q,G,-0.3322,200,region_0
225,Q,H,-0.08223,200,region_0
225,Q,I,-0.4426,200,region_0
225,Q,K,-0.5569,200,region_0
225,Q,L,0.09996,200,region_0
225,Q,M,0.2089,200,region_0
225,Q,N,0.1033,200,region_0
225,Q,P,-0.3939,200,region_0
225,Q,R,-0.6191,200,region_0
225,Q,S,0.4127,200,region_0
225,Q,T,0.3044,200,region_0
225,Q,V,0.27,200,region_0
225,Q,W,-0.1352,200,region_0
225,Q,Y,0.3337,200,region_0
226,K,A,0.1532,201,region_0
226,K,C,-0.08571,201,region_0
226,K,D,-0.198,201,region_0
226,K,E,-0.2566,201,region_0
226,K,F,0.1057,201,region_0
226,K,G,-0.3854,201,region_0
226,K,I,0.4939,201,region_0
226,K,L,0.1285,201,region_0
226,K,M,0.2221,201,region_0
226,K,N,-0.02529,201,region_0
226,K,R,-0.03914,201,region_0
226,K,S,0.06753,201,region_0
226,K,T,-0.07833,201,region_0
226,K,V,0.1379,201,region_0
226,K,W,-0.1327,201,region_0
226,K,Y,0.02041,201,region_0
227,N,C,-0.1722,202,region_0
227,N,D,-0.5022,202,region_0
227,N,E,-0.4604,202,region_0
227,N,F,-0.1979,202,region_0
227,N,G,-0.5161,202,region_0
227,N,H,-0.183,202,region_0
227,N,I,-0.6337,202,region_0
227,N,K,-0.01533,202,region_0
227,N,M,-0.2909,202,region_0
227,N,P,-0.09136,202,region_0
227,N,Q,-0.2509,202,region_0
227,N,R,-0.5365,202,region_0
227,N,S,-0.3467,202,region_0
227,N,T,-0.4905,202,region_0
227,N,V,-0.1479,202,region_0
227,N,W,-0.3144,202,region_0
227,N,Y,-0.5737,202,region_0
228,N,A,0.04017,203,none
228,N,C,-0.3915,203,none
228,N,D,-0.01441,203,none
228,N,E,0.1092,203,none
228,N,F,-0.07657,203,none
228,N,G,-0.1684,203,none
228,N,H,0.009902,203,none
228,N,I,0.3424,203,none
228,N,K,-0.5484,203,none
228,N,L,0.2,203,none
228,N,M,0.2817,203,none
228,N,P,-0.3747,203,none
228,N,Q,0.4895,203,none
228,N,R,0.3196,203,none
228,N,S,0.3461,203,none
228,N,T,0.02019,203,none
228,N,V,0.1843,203,none
228,N,W,0.008447,203,none
228,N,Y,-0.5787,203,none
229,R,A,0.1936,204,none
229,R,C,-0.4101,204,none
229,R,D,-0.3175,204,none
229,R,E,-0.6866,204,none
229,R,G,-0.4193,204,none
229,R,H,-0.1573,204,none
229,R,I,0.01605,204,none
229,R,K,-0.4488,204,none
229,R,L,-0.2118,204,none
229,R,M,-0.7452,204,none
229,R,N,-0.05878,204,none
229,R,P,-0.3363,204,none
229,R,Q,-0.109,204,none
229,R,S,-0.5207,204,none
229,R,T,0.05785,204,none
229,R,V,-0.288,204,none
229,R,W,-0.2709,204,none
229,R,Y,-0.4589,204,none
230,L,A,-0.8127,205,none
230,L,C,-0.1664,205,none
230,L,D,-0.04105,205,none
230,L,E,-0.5757,205,none
230,L,F,0.3803,205,none
230,L,G,-0.184,205,none
230,L,H,-0.5757,205,none
230,L,K,-0.2653,205,none
230,L,M,-0.3761,205,none
230,L,N,-0.1117,205,none
230,L,P,0.05832,205,none
230,L,Q,-0.526,205,none
230,L,R,-0.5786,205,none
230,L,S,-0.6479,205,none
230,L,T,-0.5041,205,none
230,L,V,-0.01665,205,none
230,L,W,-0.3783,205,none
230,L,Y,0.1706,205,none
231,L,A,0.2565,206,none
231,L,C,-0.4301,206,none
231,L,D,-0.1232,206,none
231,L,E,-0.008367,206,none
231,L,F,-0.4519,206,none
231,L,H,-0.387,206,none
231,L,I,-0.1711,206,none
231,L,K,-0.4499,206,none
231,L,M,-0.3218,206,none
231,L,P,-0.3846,206,none
231,L,Q,-0.1843,206,none
231,L,R,-0.6373,206,none
231,L,T,-0.1248,206,none
231,L,V,-0.08114,206,none
231,L,W,-0.5583,206,none
231,L,Y,-0.614,206,none
232,E,C,-0.3386,207,none
232,E,D,0.5651,207,none
232,E,F,-0.2805,207,none
232,E,G,-0.4842,207,none
232,E,H,-0.1223,207,none
232,E,I,-0.473,207,none
232,E,K,-1.115,207,none
232,E,L,-0.5606,207,none
232,E,M,0.2043,207,none
232,E,N,-0.1526,207,none
232,E,P,-0.4401,207,none
232,E,Q,0.0854,207,none
232,E,S,0.1055,207,none
232,E,T,-0.1804,207,none
232,E,V,-0.4862,207,none
232,E,W,0.03599,207,none
232,E,Y,-0.3622,207,none
233,I,A,-0.2142,208,none
233,I,C,-0.1704,208,none
233,I,D,0.2902,208,none
233,I,E,-0.1179,208,none
233,I,F,-0.538,208,none
233,I,G,-0.7479,208,none
233,I,H,-0.3852,208,none
233,I,K,-0.7654,208,none
233,I,L,-0.258,208,none
233,I,M,-0.0324,208,none
233,I,N,-0.8572,208,none
233,I,P,-0.4906,208,none
233,I,Q,-0.2084,208,none
233,I,R,-0.3978,208,none
233,I,S,0.2323,208,none
233,I,T,-0.1516,208,none
233,I,V,0.1439,208,none
233,I,W,-0.1219,208,none
233,I,Y,-0.3704,208,none
234,T,A,0.388,209,none
234,T,C,-0.05692,209,none
234,T,D,-0.277,209,none
234,T,E,-0.5099,209,none
234,T,F,-0.1841,209,none
234,T,G,-0.006798,209,none
234,T,H,-0.1848,209,none
234,T,I,-0.8726,209,none
234,T,K,-0.7002,209,none
234,T,L,0.1481,209,none
234,T,N,0.4885,209,none
234,T,P,-0.4494,209,none
234,T,R,-0.03093,209,none
234,T,S,0.3106,209,none
234,T,V,-0.251,209,none
234,T,W,0.1524,209,none
234,T,Y,-0.129,209,none
235,R,C,-0.929,210,none
235,R,D,-0.5352,210,none
235,R,E,0.2292,210,none
235,R,F,0.3846,210,none
235,R,G,0.1551,210,none
235,R,H,0.357,210,none
235,R,I,0.03088,210,none
235,R,K,0.1233,210,none
235,R,L,0.3523,210,none
235,R,M,0.3537,210,none
235,R,N,0.005925,210,none
235,R,P,-0.2233,210,none
235,R,Q,0.6344,210,none
235,R,S,-0.02448,210,none
235,R,T,0.043,210,none
235,R,V,-0.2503,210,none
235,R,W,-0.1259,210,none
235,R,Y,0.4392,210,none
236,E,A,0.0274,211,none
236,E,C,-0.6194,211,none
236,E,D,-0.5571,211,none
236,E,F,-0.1629,211,none
236,E,G,0.07687,211,none
236,E,H,-0.34,211,none
236,E,I,-0.2854,211,none
236,E,K,-0.9163,211,none
236,E,L,-0.1694,211,none
236,E,M,-0.5514,211,none
236,E,N,-0.2038,211,none
236,E,P,-0.3677,211,none
236,E,Q,-0.0329,211,none
236,E,R,-0.3806,211,none
236,E,T,-0.2019,211,none
236,E,V,-0.569,211,none
236,E,W,-0.2617,211,none
237,F,C,-0.1709,212,none
237,F,D,-0.1072,212,none
237,F,E,-0.3879,212,none
237,F,G,-0.5349,212,none
237,F,I,-0.288,212,none
237,F,K,-0.1477,212,none
237,F,L,-0.9092,212,none
237,F,M,0.05068,212,none
237,F,N,-0.6848,212,none
237,F,P,0.02441,212,none
237,F,Q,-0.1842,212,none
237,F,R,-0.4122,212,none
237,F,S,-0.3989,212,none
237,F,T,-0.3514,212,none
237,F,V,0.09088,212,none
237,F,W,-0.1408,212,none
237,F,Y,0.04911,212,none
238,S,A,0.005875,213,none
238,S,C,-0.1317,213,none
238,S,D,0.1943,213,none
238,S,E,-0.3539,213,none
238,S,F,-0.4603,213,none
238,S,G,-0.03098,213,none
238,S,H,-0.304,213,none
238,S,I,-0.7588,213,none
238,S,M,-0.6201,213,none
238,S,N,0.02599,213,none
238,S,P,-0.4376,213,none
238,S,Q,-0.2177,213,none
238,S,R,-0.2312,213,none
238,S,T,-0.5213,213,none
238,S,W,-0.02324,213,none
238,S,Y,-0.04618,213,none
239,V,A,-0.1652,214,none
239,V,C,-0.2219,214,none
239,V,D,0.2216,214,none
239,V,E,0.2787,214,none
239,V,F,-0.04515,214,none
239,V,G,-0.199,214,none
239,V,H,0.143,214,none
239,V,I,-0.1753,214,none
239,V,K,0.03442,214,none
239,V,L,-0.503,214,none
239,V,M,0.3565,214,none
239,V,Q,-0.1367,214,none
239,V,R,-0.4959,214,none
239,V,S,0.2656,214,none
239,V,T,-0.3619,214,none
239,V,W,0.2535,214,none
239,V,Y,-0.4251,214,none
240,N,A,0.5131,215,none
240,N,C,0.137,215,none
240,N,D,0.0926,215,none
240,N,E,0.4427,215,none
240,N,F,0.07492,215,none
240,N,G,0.4829,215,none
240,N,H,0.2617,215,none
240,N,I,-0.4984,215,none
240,N,K,-0.1252,215,none
240,N,L,0.2913,215,none
240,N,M,0.2148,215,none
240,N,P,-0.222,215,none
240,N,Q,0.3085,215,none
240,N,R,-0.2879,215,none
240,N,S,-0.1062,215,none
240,N,T,0.2475,215,none
240,N,V,-0.3394,215,none
240,N,W,0.1822,215,none
240,N,Y,0.2706,215,none
241,A,C,-0.003897,216,none
241,A,D,-0.7362,216,none
241,A,F,-0.1391,216,none
241,A,G,-0.08972,216,none
241,A,H,0.0002507,216,none
241,A,I,-0.08511,216,none
241,A,K,-0.102,216,none
241,A,L,0.2404,216,none
241,A,M,0.1459,216,none
241,A,N,-0.4837,216,none
241,A,P,-0.111,216,none
241,A,Q,-0.465,216,none
241,A,R,-0.0997,216,none
241,A,S,-0.1058,216,none
241,A,T,-0.1929,216,none
241,A,V,0.009825,216,none
241,A,Y,-0.3114,216,none
242,G,C,-1.129,217,none
242,G,D,0.07928,217,none
242,G,E,-0.3168,217,none
242,G,F,0.05153,217,none
242,G,H,0.11,217,none
242,G,I,0.1137,217,none
242,G,K,-0.2892,217,none
242,G,L,-0.2678,217,none
242,G,M,-0.818,217,none
242,G,N,-0.6938,217,none
242,G,P,-0.3016,217,none
242,G,Q,-0.152,217,none
242,G,R,-0.04015,217,none
242,G,S,-0.6832,217,none
242,G,V,-0.4528,217,none
242,G,W,-0.4525,217,none
243,V,A,-0.2028,218,none
243,V,C,0.1481,218,none
243,V,D,-0.1905,218,none
243,V,E,-0.5787,218,none
243,V,G,0.255,218,none
243,V,H,0.02312,218,none
243,V,I,-0.2378,218,none
243,V,K,-0.3414,218,none
243,V,L,-0.5411,218,none
243,V,M,-0.4309,218,none
243,V,N,-0.3384,218,none
243,V,Q,-0.3255,218,none
243,V,R,-0.1501,218,none
243,V,S,-0.0412,218,none
243,V,T,-0.1511,218,none
243,V,W,-0.2747,218,none
243,V,Y,-0.008767,218,none
244,T,A,0.1093,219,none
244,T,C,0.02644,219,none
244,T,D,-0.04558,219,none
244,T,E,0.3004,219,none
244,T,F,-0.5075,219,none
244,T,G,-0.1279,219,none
244,T,I,0.5176,219,none
244,T,K,-0.2152,219,none
244,T,L,0.2659,219,none
244,T,M,0.4891,219,none
244,T,N,0.1074,219,none
244,T,P,-0.4376,219,none
244,T,Q,0.1331,219,none
244,T,R,-0.6347,219,none
244,T,S,-0.1446,219,none
244,T,V,-0.1201,219,none
244,T,W,0.2066,219,none
244,T,Y,-0.1454,219,none
245,T,A,-0.3539,220,none
245,T,C,-0.1553,220,none
245,T,D,-0.4908,220,none
245,T,E,-0.3924,220,none
245,T,F,-0.738,220,none
245,T,G,-0.096,220,none
245,T,H,-0.1686,220,none
245,T,I,-0.06663,220,none
245,T,K,0.2434,220,none
245,T,M,0.01207,220,none
245,T,N,-0.2093,220,none
245,T,P,-0.2407,220,none
245,T,Q,-0.03711,220,none
245,T,R,-0.2424,220,none
245,T,S,0.1817,220,none
245,T,V,0.3156,220,none
245,T,W,-0.2655,220,none
245,T,Y,-0.2948,220,none
246,P,A,0.04518,221,none
246,P,C,-0.3916,221,none
246,P,D,-0.2858,221,none
246,P,E,-0.09872,221,none
246,P,F,0.1542,221,none
246,P,G,0.0578,221,none
246,P,H,-0.02316,221,none
246,P,I,-0.7341,221,none
246,P,K,-0.09126,221,none
246,P,L,-0.6349,221,none
246,P,M,-0.4623,221,none
246,P,N,-0.2754,221,none
246,P,Q,-0.0429,221,none
246,P,R,-0.217,221,none
246,P,S,0.3163,221,none
246,P,T,-0.2215,221,none
246,P,V,-0.7187,221,none
246,P,W,-0.3067,221,none
246,P,Y,0.08159,221,none
247,V,A,0.1608,222,none
247,V,C,0.06698,222,none
247,V,E,-0.6494,222,none
247,V,F,-0.2171,222,none
247,V,G,-0.2725,222,none
247,V,H,0.05381,222,none
247,V,K,-0.2127,222,none
247,V,L,-0.07086,222,none
247,V,M,-0.02014,222,none
247,V,N,-0.502,222,none
247,V,P,-0.1127,222,none
247,V,Q,0.2239,222,none
247,V,R,-0.3376,222,none
247,V,S,0.1173,222,none
247,V,T,0.05468,222,none
247,V,W,-0.1076,222,none
247,V,Y,0.0779,222,none
248,S,A,0.2155,223,none
248,S,C,-0.19,223,none
248,S,D,-0.571,223,none
248,S,E,-0.3646,223,none
248,S,F,-0.4838,223,none
248,S,G,0.05478,223,none
248,S,H,-0.6236,223,none
248,S,I,-0.4545,223,none
248,S,K,-0.7608,223,none
248,S,L,-0.1701,223,none
248,S,M,-0.2031,223,none
248,S,N,-0.3148,223,none
248,S,P,-0.6666,223,none
248,S,Q,-0.2827,223,none
248,S,R,0.1683,223,none
248,S,T,-0.1673,223,none
248,S,V,-0.5172,223,none
248,S,W,-0.2482,223,none
248,S,Y,-0.04905,223,none
249,T,A,-0.6658,224,none
249,T,C,-0.156,224,none
249,T,F,0.06243,224,none
249,T,G,-0.06052,224,none
249,T,H,-0.5226,224,none
249,T,I,-0.5458,224,none
249,T,L,0.2484,224,none
249,T,M,-0.002955,224,none
249,T,N,-0.4098,224,none
249,T,P,-0.09545,224,none
249,T,Q,-0.8881,224,none
249,T,R,-0.457,224,none
249,T,S,-0.01622,224,none
249,T,V,-0.336,224,none
249,T,W,0.0151,224,none
249,T,Y,-0.395,224,none
250,Y,A,0.3041,225,none
250,Y,C,-0.1992,225,none
250,Y,D,-0.3149,225,none
250,Y,E,-0.747,225,none
250,Y,F,0.1869,225,none
250,Y,G,-0.3375,225,none
250,Y,H,-0.1806,225,none
250,Y,I,0.3016,225,none
250,Y,K,-0.1201,225,none
250,Y,L,-0.03598,225,none
250,Y,M,-0.1192,225,none
250,Y,N,0.02145,225,none
250,Y,P,-0.0849,225,none
250,Y,Q,-0.0008675,225,none
250,Y,R,-0.398,225,none
250,Y,S,-0.2491,225,none
250,Y,T,-0.1271,225,none
250,Y,V,-0.3362,225,none
250,Y,W,-0.08621,225,none
251,M,A,-0.3341,226,none
251,M,C,-0.5915,226,none
251,M,D,-0.4468,226,none
251,M,E,-0.1384,226,none
251,M,F,-0.6535,226,none
251,M,G,-0.5672,226,none
251,M,H,-0.3469,226,none
251,M,I,0.007052,226,none
251,M,K,-0.6522,226,none
251,M,L,0.1257,226,none
251,M,N,-0.1105,226,none
251,M,P,-0.08547,226,none
251,M,Q,0.2098,226,none
251,M,R,-0.5466,226,none
251,M,T,-0.3841,226,none
251,M,V,-0.7207,226,none
251,M,W,-0.2417,226,none
251,M,Y,-0.4871,226,none
252,L,A,-0.01485,227,none
252,L,C,0.05987,227,none
252,L,D,0.1801,227,none
252,L,E,-0.2076,227,none
252,L,F,-0.4542,227,none
252,L,G,-0.6311,227,none
252,L,H,-0.2854,227,none
252,L,I,0.1831,227,none
252,L,K,-0.4653,227,none
252,L,M,-0.5849,227,none
252,L,N,-0.205,227,none
252,L,P,-0.2656,227,none
252,L,Q,-0.01625,227,none
252,L,R,-0.3013,227,none
252,L,S,-0.1528,227,none
252,L,T,-0.3076,227,none
252,L,V,-0.05348,227,none
252,L,W,-0.8312,227,none
253,T,A,-0.07836,228,none
253,T,C,-0.456,228,none
253,T,D,-0.09344,228,none
253,T,E,0.5114,228,none
253,T,F,-0.4954,228,none
253,T,G,-0.1469,228,none
253,T,H,0.03815,228,none
253,T,I,-0.247,228,none
253,T,K,-0.2895,228,none
253,T,L,0.1002,228,none
253,T,M,0.02438,228,none
253,T,N,-0.2976,228,none
253,T,P,-0.1512,228,none
253,T,Q,0.1227,228,none
253,T,R,-0.2005,228,none
253,T,S,0.1291,228,none
253,T,V,-0.2752,228,none
253,T,W,-0.2503,228,none
253,T,Y,-0.1682,228,none
254,N,A,0.2563,229,region_II
254,N,C,-0.4911,229,region_II
254,N,E,-0.7294,229,region_II
254,N,F,-0.2215,229,region_II
254,N,G,0.1569,229,region_II
254,N,H,-0.06278,229,region_II
254,N,I,-0.1858,229,region_II
254,N,K,-0.1054,229,region_II
254,N,L,-0.008648,229,region_II
254,N,M,-0.1512,229,region_II
254,N,P,-0.2579,229,region_II
254,N,Q,0.07619,229,region_II
254,N,S,0.5874,229,region_II
254,N,T,-0.303,229,region_II
254,N,V,-0.06932,229,region_II
254,N,W,0.2571,229,region_II
254,N,Y,0.2334,229,region_II
255,S,A,-0.2779,230,region_II
255,S,C,0.1749,230,region_II
255,S,D,-0.06291,230,region_II
255,S,E,-0.1358,230,region_II
255,S,F,0.2761,230,region_II
255,S,G,0.2355,230,region_II
255,S,H,-0.1568,230,region_II
255,S,I,0.4444,230,region_II
255,S,K,0.1076,230,region_II
255,S,L,0.09593,230,region_II
255,S,M,0.01243,230,region_II
255,S,N,0.09181,230,region_II
255,S,P,-0.6873,230,region_II
255,S,Q,0.1831,230,region_II
255,S,R,-0.03019,230,region_II
255,S,T,0.08363,230,region_II
255,S,V,-0.02957,230,region_II
255,S,W,-0.198,230,region_II
255,S,Y,0.3027,230,region_II
256,E,A,-0.4025,231,region_II
256,E,C,-0.3497,231,region_II
256,E,D,-0.8687,231,region_II
256,E,F,-0.3396,231,region_II
256,E,G,0.19,231,region_II
256,E,H,-0.5392,231,region_II
256,E,I,-0.3121,231,region_II
256,E,K,-0.4166,231,region_II
256,E,M,-0.098,231,region_II
256,E,N,-0.4445,231,region_II
256,E,P,-0.252,231,region_II
256,E,Q,-0.794,231,region_II
256,E,R,-0.1304,231,region_II
256,E,S,-0.06302,231,region_II
256,E,T,-0.08332,231,region_II
256,E,V,-0.2086,231,region_II
256,E,W,-0.2625,231,region_II
256,E,Y,-0.3269,231,region_II
257,L,A,-0.167,232,region_II
257,L,C,0.009,232,region_II
257,L,D,-0.2595,232,region_II
257,L,E,-0.869,232,region_II
257,L,F,0.3234,232,region_II
257,L,H,-0.5874,232,region_II
257,L,I,0.2758,232,region_II
257,L,M,-0.1283,232,region_II
257,L,N,-0.4072,232,region_II
257,L,P,-0.4394,232,region_II
257,L,Q,-0.7083,232,region_II
257,L,R,-0.3268,232,region_II
257,L,S,0.009925,232,region_II
257,L,T,0.3296,232,region_II
257,L,V,-0.09405,232,region_II
257,L,Y,0.1173,232,region_II
258,L,A,-0.1063,233,region_II
258,L,C,-0.04274,233,region_II
258,L,D,-0.309,233,region_II
258,L,E,-0.2174,233,region_II
258,L,F,0.1437,233,region_II
258,L,G,-0.2253,233,region_II
258,L,H,-0.02493,233,region_II
258,L,I,0.0453,233,region_II
258,L,K,0.2586,233,region_II
258,L,M,-0.00124,233,region_II
258,L,N,-0.005555,233,region_II
258,L,P,-0.4379,233,region_II
258,L,Q,0.09704,233,region_II
258,L,R,0.01821,233,region_II
258,L,S,0.0303,233,region_II
258,L,T,-0.4043,233,region_II
258,L,V,-0.01194,233,region_II
258,L,W,0.005345,233,region_II
258,L,Y,0.1513,233,region_II
259,S,A,-0.1956,234,region_II
259,S,C,-0.1547,234,region_II
259,S,D,0.08218,234,region_II
259,S,E,-0.2841,234,region_II
259,S,F,-0.2053,234,region_II
259,S,G,-0.09452,234,region_II
259,S,H,-0.05008,234,region_II
259,S,I,-0.07542,234,region_II
259,S,K,-0.1264,234,region_II
259,S,L,-0.2078,234,region_II
259,S,M,-0.01276,234,region_II
259,S,N,-0.1448,234,region_II
259,S,P,-0.5615,234,region_II
259,S,Q,0.1129,234,region_II
259,S,R,0.04355,234,region_II
259,S,T,-0.1903,234,region_II
259,S,V,-0.1922,234,region_II
259,S,W,-0.1933,234,region_II
259,S,Y,0.1313,234,region_II
260,L,A,-0.1562,235,region_II
260,L,C,-0.2558,235,region_II
260,L,E,0.1271,235,region_II
260,L,F,-0.1382,235,region_II
260,L,G,-0.6556,235,region_II
260,L,H,-0.3617,235,region_II
260,L,M,-0.1083,235,region_II
260,L,P,-0.5473,235,region_II
260,L,Q,-0.01591,235,region_II
260,L,S,-0.3261,235,region_II
260,L,V,-0.198,235,region_II
260,L,W,-0.3254,235,region_II
260,L,Y,-0.3938,235,region_II
261,I,A,0.2019,236,region_II
261,I,C,-0.06467,236,region_II
261,I,E,-0.2659,236,region_II
261,I,F,-0.5624,236,region_II
261,I,G,-0.3886,236,region_II
261,I,H,-0.4508,236,region_II
261,I,K,-0.6836,236,region_II
261,I,L,0.0293,236,region_II
261,I,M,0.0378,236,region_II
261,I,N,-0.2737,236,region_II
261,I,P,-0.06995,236,region_II
261,I,Q,-0.2718,236,region_II
261,I,R,-0.3364,236,region_II
261,I,S,-0.7298,236,region_II
261,I,T,-0.1951,236,region_II
261,I,V,-0.1476,236,region_II
261,I,W,-0.013,236,region_II
262,N,A,0.1941,237,region_II
262,N,C,-0.3301,237,region_II
262,N,D,0.04245,237,region_II
262,N,E,-0.06381,237,region_II
262,N,F,-0.2487,237,region_II
262,N,G,-0.03128,237,region_II
262,N,H,-0.1274,237,region_II
262,N,I,-0.2031,237,region_II
262,N,K,0.01143,237,region_II
262,N,L,0.2251,237,region_II
262,N,M,0.1357,237,region_II
262,N,Q,0.04152,237,region_II
262,N,R,0.2455,237,region_II
262,N,S,0.1061,237,region_II
262,N,T,-0.0154,237,region_II
262,N,V,0.4397,237,region_II
262,N,W,-0.1544,237,region_II
262,N,Y,-0.357,237,region_II
263,D,A,-0.181,238,region_II
263,D,C,-0.01625,238,region_II
263,D,E,0.06929,238,region_II
263,D,F,0.2146,238,region_II
263,D,G,-0.4354,238,region_II
263,D,H,-0.4082,238,region_II
263,D,I,-0.5737,238,region_II
263,D,L,0.1874,238,region_II
263,D,M,0.2576,238,region_II
263,D,N,0.03847,238,region_II
263,D,P,-0.2703,238,region_II
263,D,Q,0.01631,238,region_II
263,D,R,-0.7654,238,region_II
263,D,S,0.6388,238,region_II
263,D,T,0.2506,238,region_II
263,D,V,0.5735,238,region_II
263,D,W,-0.01128,238,region_II
263,D,Y,0.1424,238,region_II
264,M,A,-0.1536,239,region_II
264,M,C,-0.3272,239,region_II
264,M,D,0.2504,239,region_II
264,M,E,-0.496,239,region_II
264,M,F,-0.4377,239,region_II
264,M,G,-0.293,239,region_II
264,M,H,-0.5173,239,region_II
264,M,I,0.2446,239,region_II
264,M,K,-0.5918,239,region_II
264,M,L,0.3446,239,region_II
264,M,N,-0.4094,239,region_II
264,M,P,-0.5237,239,region_II
264,M,R,-0.229,239,region_II
264,M,S,-0.2255,239,region_II
264,M,T,0.1832,239,region_II
264,M,V,-0.2096,239,region_II
264,M,W,0.01165,239,region_II
264,M,Y,-0.768,239,region_II
265,P,A,-0.31,240,region_II
265,P,C,-0.3422,240,region_II
265,P,D,-0.1591,240,region_II
265,P,E,-0.183,240,region_II
265,P,F,-0.2328,240,region_II
265,P,G,-0.246,240,region_II
265,P,H,-0.4898,240,region_II
265,P,I,0.03053,240,region_II
265,P,K,-0.4205,240,region_II
265,P,L,-0.5771,240,region_II
265,P,M,-0.1009,240,region_II
265,P,N,-0.4869,240,region_II
265,P,Q,-0.05196,240,region_II
265,P,R,0.2742,240,region_II
265,P,S,-0.0921,240,region_II
265,P,T,-0.3519,240,region_II
265,P,V,0.04245,240,region_II
265,P,W,-0.1537,240,region_II
265,P,Y,-0.01452,240,region_II
266,I,A,-0.07786,241,region_II
266,I,C,-0.2237,241,region_II
266,I,E,0.2226,241,region_II
266,I,F,-0.1159,241,region_II
266,I,G,-0.1342,241,region_II
266,I,K,-0.4182,241,region_II
266,I,L,-0.366,241,region_II
266,I,M,0.01441,241,region_II
266,I,N,-0.7926,241,region_II
266,I,P,-0.5062,241,region_II
266,I,Q,-0.07028,241,region_II
266,I,R,-0.1382,241,region_II
266,I,S,-0.5465,241,region_II
266,I,T,0.08593,241,region_II
266,I,V,-0.06206,241,region_II
266,I,Y,-0.2017,241,region_II
267,T,E,-0.2846,242,region_II
267,T,F,-0.4026,242,region_II
267,T,H,-0.04943,242,region_II
267,T,I,-0.1634,242,region_II
267,T,L,-0.3198,242,region_II
267,T,M,-0.1911,242,region_II
267,T,N,-0.767,242,region_II
267,T,P,-0.2296,242,region_II
267,T,Q,-0.1268,242,region_II
267,T,R,-0.1728,242,region_II
267,T,V,-0.4699,242,region_II
267,T,W,-0.1981,242,region_II
267,T,Y,0.6516,242,region_II
268,N,C,-0.4399,243,region_II
268,N,D,-0.2191,243,region_II
268,N,E,-0.402,243,region_II
268,N,F,0.08897,243,region_II
268,N,G,-0.03069,243,region_II
268,N,H,0.05639,243,region_II
268,N,I,-0.3397,243,region_II
268,N,K,-0.8166,243,region_II
268,N,L,0.4258,243,region_II
268,N,M,-0.00601,243,region_II
268,N,P,0.2589,243,region_II
268,N,Q,0.1148,243,region_II
268,N,R,0.1127,243,region_II
268,N,S,-0.4551,243,region_II
268,N,T,-0.1425,243,region_II
268,N,V,-0.004252,243,region_II
268,N,W,0.5908,243,region_II
268,N,Y,0.5896,243,region_II
269,D,A,0.1024,244,region_II
269,D,C,-0.01809,244,region_II
269,D,E,0.2085,244,region_II
269,D,F,-0.0841,244,region_II
269,D,G,-0.1941,244,region_II
269,D,H,0.1522,244,region_II
269,D,I,-0.1969,244,region_II
269,D,K,-0.1985,244,region_II
269,D,L,-0.3003,244,region_II
269,D,M,-0.3282,244,region_II
269,D,N,-1.043,244,region_II
269,D,Q,-0.1766,244,region_II
269,D,R,-0.4948,244,region_II
269,D,S,-0.06905,244,region_II
269,D,T,0.8041,244,region_II
269,D,V,-0.09327,244,region_II
269,D,W,-0.4331,244,region_II
269,D,Y,-0.7415,244,region_II
270,Q,A,-0.3008,245,region_II
270,Q,C,-0.3085,245,region_II
270,Q,E,-0.182,245,region_II
270,Q,F,-0.3635,245,region_II
270,Q,G,0.1797,245,region_II
270,Q,H,-1.019,245,region_II
270,Q,I,-0.204,245,region_II
270,Q,K,-0.228,245,region_II
270,Q,L,-0.2038,245,region_II
270,Q,M,-0.1648,245,region_II
270,Q,N,-0.07587,245,region_II
270,Q,P,0.2655,245,region_II
270,Q,R,-0.8747,245,region_II
270,Q,S,-0.4182,245,region_II
270,Q,V,0.1132,245,region_II
270,Q,W,-0.3995,245,region_II
270,Q,Y,-0.7541,245,region_II
271,K,A,-0.3169,246,region_II
271,K,C,-0.1543,246,region_II
271,K,D,-0.4066,246,region_II
271,K,E,-0.3034,246,region_II
271,K,F,-0.25,246,region_II
271,K,G,-0.3841,246,region_II
271,K,H,-0.2006,246,region_II
271,K,I,-0.3755,246,region_II
271,K,L,-0.2096,246,region_II
271,K,M,0.1146,246,region_II
271,K,N,-0.5319,246,region_II
271,K,P,-0.06688,246,region_II
271,K,Q,0.001942,246,region_II
271,K,R,0.3219,246,region_II
271,K,S,-0.0984,246,region_II
271,K,T,-0.7772,246,region_II
271,K,V,-0.343,246,region_II
271,K,W,-0.141,246,region_II
271,K,Y,-0.2181,246,region_II
272,K,A,-0.09787,247,region_II
272,K,C,-0.2675,247,region_II
272,K,D,-0.2283,247,region_II
272,K,E,-0.4197,247,region_II
272,K,F,-0.1185,247,region_II
272,K,G,-0.08858,247,region_II
272,K,H,-0.2284,247,region_II
272,K,I,0.2777,247,region_II
272,K,L,0.1993,247,region_II
272,K,M,0.06365,247,region_II
272,K,N,-0.0617,247,region_II
272,K,Q,0.105,247,region_II
272,K,R,-0.1154,247,region_II
272,K,S,0.545,247,region_II
272,K,T,0.1829,247,region_II
272,K,V,0.2076,247,region_II
272,K,W,0.1709,247,region_II
272,K,Y,0.1269,247,region_II
273,L,C,-0.1033,248,region_II
273,L,D,-0.0791,248,region_II
273,L,E,0.06343,248,region_II
273,L,F,-0.1686,248,region_II
273,L,G,-0.1699,248,region_II
273,L,H,0.0494,248,region_II
273,L,K,-0.4438,248,region_II
273,L,M,-0.08333,248,region_II
273,L,N,0.06105,248,region_II
273,L,P,-0.2906,248,region_II
273,L,Q,-0.117,248,region_II
273,L,R,-0.371,248,region_II
273,L,S,0.00595,248,region_II
273,L,T,-0.5698,248,region_II
273,L,V,-0.2399,248,region_II
273,L,W,-0.3205,248,region_II
273,L,Y,0.3496,248,region_II
274,M,A,0.2269,249,region_II
274,M,C,-0.1244,249,region_II
274,M,D,-0.1832,249,region_II
274,M,E,-1.008,249,region_II
274,M,F,-0.3322,249,region_II
274,M,G,0.06663,249,region_II
274,M,I,-0.3123,249,region_II
274,M,K,-0.2717,249,region_II
274,M,L,-0.1966,249,region_II
274,M,N,-0.07003,249,region_II
274,M,P,-0.03735,249,region_II
274,M,Q,-0.2064,249,region_II
274,M,R,-0.6497,249,region_II
274,M,S,-0.02434,249,region_II
274,M,T,-0.4204,249,region_II
274,M,V,-0.1997,249,region_II
274,M,W,-0.2194,249,region_II
275,S,A,-0.01084,250,region_II
275,S,C,0.3304,250,region_II
275,S,D,0.03282,250,region_II
275,S,E,0.03154,250,region_II
275,S,F,-0.05573,250,region_II
275,S,G,-0.1805,250,region_II
275,S,H,-0.3584,250,region_II
275,S,I,-0.257,250,region_II
275,S,K,-0.0105,250,region_II
275,S,L,0.09465,250,region_II
275,S,M,0.05726,250,region_II
275,S,N,-0.3099,250,region_II
275,S,P,-0.4356,250,region_II
275,S,Q,-0.2084,250,region_II
275,S,R,-0.3003,250,region_II
275,S,T,0.3291,250,region_II
275,S,V,-0.1804,250,region_II
275,S,W,-0.1617,250,region_II
275,S,Y,-0.09113,250,region_II
276,N,A,0.2227,251,region_II
276,N,C,-0.1255,251,region_II
276,N,D,-0.3529,251,region_II
276,N,E,0.1674,251,region_II
276,N,F,0.2387,251,region_II
276,N,G,-0.1299,251,region_II
276,N,H,0.05114,251,region_II
276,N,I,0.3979,251,region_II
276,N,K,0.1863,251,region_II
276,N,L,0.1373,251,region_II
276,N,M,0.1517,251,region_II
276,N,Q,-0.1068,251,region_II
276,N,R,0.2087,251,region_II
276,N,S,0.00664,251,region_II
276,N,T,-0.05332,251,region_II
276,N,V,-0.06501,251,region_II
276,N,W,0.1073,251,region_II
276,N,Y,-0.2926,251,region_II
277,N,A,-0.09623,252,region_II
277,N,C,-0.1216,252,region_II
277,N,D,-0.1524,252,region_II
277,N,E,0.01965,252,region_II
277,N,F,-0.1637,252,region_II
277,N,G,-0.04771,252,region_II
277,N,H,-0.305,252,region_II
277,N,I,-0.05641,252,region_II
277,N,K,-0.2474,252,region_II
277,N,L,-0.2268,252,region_II
277,N,M,-0.1096,252,region_II
277,N,P,-0.2726,252,region_II
277,N,Q,-0.08999,252,region_II
277,N,R,-0.2253,252,region_II
277,N,S,-0.1526,252,region_II
277,N,T,0.1383,252,region_II
277,N,V,0.07117,252,region_II
277,N,W,-0.431,252,region_II
277,N,Y,0.2659,252,region_II
278,V,A,-0.0579,253,none
278,V,C,0.1214,253,none
278,V,D,-0.3216,253,none
278,V,E,-0.1733,253,none
278,V,F,-0.1064,253,none
278,V,G,0.1712,253,none
278,V,H,0.0686,253,none
278,V,I,0.1982,253,none
278,V,K,-0.7124,253,none
278,V,L,0.3053,253,none
278,V,M,0.2242,253,none
278,V,N,-0.5973,253,none
278,V,P,0.2195,253,none
278,V,Q,-0.1236,253,none
278,V,R,-0.7996,253,none
278,V,S,-0.1643,253,none
278,V,W,-0.7725,253,none
278,V,Y,-0.525,253,none
279,Q,A,-0.03995,254,none
279,Q,C,-0.1378,254,none
279,Q,D,0.0494,254,none
279,Q,E,-0.5041,254,none
279,Q,G,-0.1983,254,none
279,Q,I,-0.5868,254,none
279,Q,K,0.1233,254,none
279,Q,L,-0.6404,254,none
279,Q,M,-0.1001,254,none
279,Q,N,-0.08505,254,none
279,Q,R,-0.3095,254,none
279,Q,S,-0.2611,254,none
279,Q,T,-0.2195,254,none
279,Q,V,-0.1985,254,none
279,Q,W,-0.1962,254,none
279,Q,Y,-0.2208,254,none
280,I,A,-0.5008,255,none
280,I,C,-0.08022,255,none
280,I,D,-0.0788,255,none
280,I,E,-0.2197,255,none
280,I,F,0.2518,255,none
280,I,G,-0.1107,255,none
280,I,H,-0.5021,255,none
280,I,K,-0.0614,255,none
280,I,L,-0.1528,255,none
280,I,M,-0.3939,255,none
280,I,N,-0.2471,255,none
280,I,P,-0.611,255,none
280,I,Q,-0.1829,255,none
280,I,R,-0.1313,255,none
280,I,S,-0.4833,255,none
280,I,T,-0.6508,255,none
280,I,V,0.06293,255,none
280,I,W,0.1833,255,none
280,I,Y,-0.4502,255,none
281,V,A,-0.008145,256,none
281,V,C,-0.4408,256,none
281,V,D,-0.8307,256,none
281,V,E,-0.2475,256,none
281,V,F,-1.212,256,none
281,V,G,-0.2315,256,none
281,V,H,-0.4754,256,none
281,V,I,-0.7168,256,none
281,V,K,0.000975,256,none
281,V,L,0.1409,256,none
281,V,M,-0.1813,256,none
281,V,N,-0.2104,256,none
281,V,P,-0.2883,256,none
281,V,Q,-0.4117,256,none
281,V,R,-0.3556,256,none
281,V,S,-0.3721,256,none
281,V,T,-0.4236,256,none
281,V,W,0.09767,256,none
281,V,Y,0.1509,256,none
282,R,C,-0.2015,257,none
282,R,G,-0.9232,257,none
282,R,H,-0.2178,257,none
282,R,I,-0.777,257,none
282,R,K,-0.4234,257,none
282,R,L,-0.9941,257,none
282,R,M,-0.0578,257,none
282,R,N,-0.2318,257,none
282,R,P,-0.2743,257,none
282,R,Q,0.07384,257,none
282,R,S,-0.00517,257,none
282,R,T,-0.1527,257,none
282,R,W,-0.3086,257,none
282,R,Y,-0.1724,257,none
283,Q,A,0.09192,258,none
283,Q,C,0.1061,258,none
283,Q,D,-0.008475,258,none
283,Q,E,0.1531,258,none
283,Q,F,0.03443,258,none
283,Q,G,0.1233,258,none
283,Q,H,-0.1415,258,none
283,Q,I,0.1534,258,none
283,Q,K,-0.1921,258,none
283,Q,L,-0.08169,258,none
283,Q,M,-0.01423,258,none
283,Q,N,-0.2332,258,none
283,Q,P,-0.5846,258,none
283,Q,R,-0.1889,258,none
283,Q,S,-0.1615,258,none
283,Q,T,0.2026,258,none
283,Q,V,-0.2785,258,none
283,Q,W,0.4008,258,none
283,Q,Y,0.2687,258,none
284,Q,A,-0.1581,259,none
284,Q,C,-0.1387,259,none
284,Q,F,0.047,259,none
284,Q,G,-0.4371,259,none
284,Q,H,0.1024,259,none
284,Q,I,-0.2456,259,none
284,Q,K,-0.4951,259,none
284,Q,L,-0.5112,259,none
284,Q,M,-0.0965,259,none
284,Q,N,-0.4923,259,none
284,Q,P,0.2535,259,none
284,Q,R,-0.2074,259,none
284,Q,S,-0.7603,259,none
284,Q,T,-0.2328,259,none
284,Q,V,-0.4592,259,none
284,Q,W,-0.08283,259,none
284,Q,Y,-0.4286,259,none
285,S,A,-0.1346,260,none
285,S,C,-0.5639,260,none
285,S,D,-0.4477,260,none
285,S,E,-0.228,260,none
285,S,F,-0.001228,260,none
285,S,G,-0.2301,260,none
285,S,H,-0.1261,260,none
285,S,I,-0.3635,260,none
285,S,L,-0.5507,260,none
285,S,M,0.4129,260,none
285,S,N,-0.4071,260,none
285,S,Q,-0.1174,260,none
285,S,R,-0.5314,260,none
285,S,T,-0.133,260,none
285,S,V,-0.291,260,none
285,S,W,0.0717,260,none
285,S,Y,-0.1439,260,none
286,Y,C,-0.1012,261,none
286,Y,D,0.0296,261,none
286,Y,E,-0.6173,261,none
286,Y,F,-0.3828,261,none
286,Y,G,0.1204,261,none
286,Y,H,-0.2264,261,none
286,Y,I,-0.0684,261,none
286,Y,M,-0.04495,261,none
286,Y,N,0.2127,261,none
286,Y,P,-0.4083,261,none
286,Y,Q,-0.7074,261,none
286,Y,R,-0.2904,261,none
286,Y,T,-0.435,261,none
286,Y,V,-0.438,261,none
286,Y,W,-0.6293,261,none
287,S,A,-0.05439,262,region_V
287,S,C,-0.03039,262,region_V
287,S,D,-0.4367,262,region_V
287,S,E,-0.5758,262,region_V
287,S,F,-0.1627,262,region_V
287,S,G,0.2274,262,region_V
287,S,H,-0.1277,262,region_V
287,S,I,-0.3629,262,region_V
287,S,K,-0.1518,262,region_V
287,S,L,-0.2401,262,region_V
287,S,M,-0.4751,262,region_V
287,S,N,-0.5806,262,region_V
287,S,R,-0.6076,262,region_V
287,S,T,-0.2483,262,region_V
287,S,V,0.01142,262,region_V
287,S,W,-0.6442,262,region_V
287,S,Y,-0.1668,262,region_V
288,I,A,-0.415,263,region_V
288,I,C,-0.09065,263,region_V
288,I,D,-0.5672,263,region_V
288,I,E,-0.2113,263,region_V
288,I,F,-0.01318,263,region_V
288,I,G,-0.3509,263,region_V
288,I,H,-0.6946,263,region_V
288,I,L,0.1188,263,region_V
288,I,N,-0.4741,263,region_V
288,I,P,0.5769,263,region_V
288,I,Q,-0.2806,263,region_V
288,I,R,-0.3134,263,region_V
288,I,S,-0.1829,263,region_V
288,I,T,0.1326,263,region_V
288,I,V,-0.06926,263,region_V
288,I,W,-0.2565,263,region_V
288,I,Y,0.2403,263,region_V
289,M,A,-0.05403,264,region_V
289,M,C,-0.1612,264,region_V
289,M,D,-0.2353,264,region_V
289,M,E,-0.5956,264,region_V
289,M,F,-0.05355,264,region_V
289,M,G,-0.3325,264,region_V
289,M,H,0.1828,264,region_V
289,M,I,-0.338,264,region_V
289,M,K,-0.6522,264,region_V
289,M,P,-0.34,264,region_V
289,M,Q,0.3992,264,region_V
289,M,R,-0.05563,264,region_V
289,M,S,-0.1566,264,region_V
289,M,T,-0.3091,264,region_V
289,M,V,-0.3308,264,region_V
289,M,W,-0.2504,264,region_V
289,M,Y,-0.0855,264,region_V
290,S,A,0.1008,265,region_V
290,S,C,0.1101,265,region_V
290,S,E,-0.3676,265,region_V
290,S,F,-0.3178,265,region_V
290,S,G,-0.08285,265,region_V
290,S,I,-0.5597,265,region_V
290,S,K,-0.2093,265,region_V
290,S,L,-0.2341,265,region_V
290,S,M,-0.3392,265,region_V
290,S,N,-0.1641,265,region_V
290,S,P,-0.2932,265,region_V
290,S,Q,-0.5581,265,region_V
290,S,R,-0.2268,265,region_V
290,S,V,-0.6158,265,region_V
290,S,W,-0.8013,265,region_V
290,S,Y,-0.2297,265,region_V
291,I,A,-0.12,266,region_V
291,I,C,-0.05783,266,region_V
291,I,D,-0.1212,266,region_V
291,I,E,0.257,266,region_V
291,I,F,-0.2224,266,region_V
291,I,H,-0.4124,266,region_V
291,I,K,-0.3406,266,region_V
291,I,L,-0.02353,266,region_V
291,I,M,-0.4091,266,region_V
291,I,N,0.2825,266,region_V
291,I,P,-0.4315,266,region_V
291,I,Q,-0.4546,266,region_V
291,I,R,-0.5147,266,region_V
291,I,S,-0.2928,266,region_V
291,I,T,-0.2264,266,region_V
291,I,V,0.2398,266,region_V
291,I,W,-0.1753,266,region_V
291,I,Y,-0.2476,266,region_V
292,I,C,0.125,267,region_V
292,I,D,0.306,267,region_V
292,I,E,-0.3174,267,region_V
292,I,F,0.4309,267,region_V
292,I,G,0.07959,267,region_V
292,I,H,-0.3073,267,region_V
292,I,K,-0.0332,267,region_V
292,I,L,0.4116,267,region_V
292,I,M,-0.06333,267,region_V
292,I,N,-0.03571,267,region_V
292,I,P,-0.3058,267,region_V
292,I,Q,0.4594,267,region_V
292,I,R,-0.2609,267,region_V
292,I,S,-0.2756,267,region_V
292,I,T,0.1022,267,region_V
292,I,V,-0.02468,267,region_V
292,I,W,0.2623,267,region_V
292,I,Y,-0.101,267,region_V
293,K,A,-0.2775,268,region_V
293,K,C,-0.223,268,region_V
293,K,D,-0.0303,268,region_V
293,K,E,0.0662,268,region_V
293,K,F,0.1073,268,region_V
293,K,G,-0.4051,268,region_V
293,K,H,-0.1583,268,region_V
293,K,I,0.05648,268,region_V
293,K,L,0.07718,268,region_V
293,K,M,0.02035,268,region_V
293,K,N,-0.7298,268,region_V
293,K,P,-0.4563,268,region_V
293,K,Q,-0.3352,268,region_V
293,K,R,0.02638,268,region_V
293,K,S,-0.3323,268,region_V
293,K,T,0.02847,268,region_V
293,K,V,0.153,268,region_V
293,K,W,-0.1605,268,region_V
293,K,Y,-0.0971,268,region_V
294,E,C,0.2713,269,region_V
294,E,D,0.2231,269,region_V
294,E,F,-0.1995,269,region_V
294,E,G,-0.05802,269,region_V
294,E,H,-0.5393,269,region_V
294,E,I,-0.01535,269,region_V
294,E,K,-0.3257,269,region_V
294,E,L,-0.4074,269,region_V
294,E,M,-0.1921,269,region_V
294,E,N,0.2877,269,region_V
294,E,Q,0.4879,269,region_V
294,E,R,-0.2855,269,region_V
294,E,S,0.1592,269,region_V
294,E,T,-0.1275,269,region_V
294,E,V,-0.3365,269,region_V
294,E,W,0.2406,269,region_V
294,E,Y,-0.06607,269,region_V
295,E,A,-0.2449,270,region_V
295,E,C,0.192,270,region_V
295,E,D,0.4167,270,region_V
295,E,F,-0.3181,270,region_V
295,E,G,0.07387,270,region_V
295,E,I,0.09132,270,region_V
295,E,K,-0.7066,270,region_V
295,E,L,-0.2653,270,region_V
295,E,M,0.02836,270,region_V
295,E,P,-0.5331,270,region_V
295,E,Q,0.09692,270,region_V
295,E,R,-0.2264,270,region_V
295,E,S,-0.4079,270,region_V
295,E,T,-0.3701,270,region_V
295,E,V,-0.2154,270,region_V
295,E,W,-0.02322,270,region_V
295,E,Y,-0.01115,270,region_V
296,V,A,-0.4728,271,region_V
296,V,C,-0.06628,271,region_V
296,V,E,-0.9779,271,region_V
296,V,F,-0.3582,271,region_V
296,V,G,-0.3179,271,region_V
296,V,H,-0.1029,271,region_V
296,V,I,-0.4336,271,region_V
296,V,K,-0.4808,271,region_V
296,V,L,-0.02088,271,region_V
296,V,M,-0.04315,271,region_V
296,V,N,-0.3085,271,region_V
296,V,P,-0.141,271,region_V
296,V,Q,-0.3948,271,region_V
296,V,R,-0.8063,271,region_V
296,V,T,0.1271,271,region_V
296,V,W,-0.08005,271,region_V
297,L,A,0.3254,272,region_V
297,L,C,0.1667,272,region_V
297,L,E,-0.1277,272,region_V
297,L,F,-0.2296,272,region_V
297,L,G,-0.5922,272,region_V
297,L,I,0.2305,272,region_V
297,L,K,-0.6958,272,region_V
297,L,M,-0.355,272,region_V
297,L,N,-0.0181,272,region_V
297,L,P,0.0394,272,region_V
297,L,Q,-0.9368,272,region_V
297,L,R,-0.4631,272,region_V
297,L,V,-0.1569,272,region_V
298,A,C,-0.3838,273,region_V
298,A,D,-0.5618,273,region_V
298,A,E,-0.3626,273,region_V
298,A,F,0.002873,273,region_V
298,A,G,0.03341,273,region_V
298,A,H,-0.6628,273,region_V
298,A,I,-0.07483,273,region_V
298,A,K,-0.0795,273,region_V
298,A,L,-0.1335,273,region_V
298,A,M,-0.1603,273,region_V
298,A,N,-0.1036,273,region_V
298,A,P,-0.6542,273,region_V
298,A,Q,-0.01777,273,region_V
298,A,R,-0.5132,273,region_V
298,A,S,-0.9899,273,region_V
298,A,T,-1.42,273,region_V
298,A,V,-0.1214,273,region_V
298,A,W,-0.05997,273,region_V
298,A,Y,0.1183,273,region_V
299,Y,A,-0.1386,274,region_V
299,Y,C,0.2833,274,region_V
299,Y,D,-0.2406,274,region_V
299,Y,E,-0.3659,274,region_V
299,Y,F,0.07065,274,region_V
299,Y,H,-0.3855,274,region_V
299,Y,I,-0.04307,274,region_V
299,Y,K,-0.661,274,region_V
299,Y,L,-0.4536,274,region_V
299,Y,M,-0.5003,274,region_V
299,Y,N,-0.5779,274,region_V
299,Y,P,-0.4496,274,region_V
299,Y,Q,-0.5359,274,region_V
299,Y,R,-0.4309,274,region_V
299,Y,S,-0.1608,274,region_V
299,Y,T,-0.006985,274,region_V
299,Y,V,-0.6597,274,region_V
299,Y,W,-0.4118,274,region_V
300,V,A,0.2529,275,region_V
300,V,C,-0.2994,275,region_V
300,V,D,-0.4221,275,region_V
300,V,E,-0.2989,275,region_V
300,V,F,-0.3017,275,region_V
300,V,G,-0.3677,275,region_V
300,V,H,-0.4723,275,region_V
300,V,I,0.145,275,region_V
300,V,K,-0.1581,275,region_V
300,V,L,-1.141,275,region_V
300,V,M,-0.149,275,region_V
300,V,N,-0.2486,275,region_V
300,V,P,-0.3651,275,region_V
300,V,Q,-0.3761,275,region_V
300,V,R,-0.4818,275,region_V
300,V,S,-0.4674,275,region_V
300,V,T,-0.4593,275,region_V
300,V,W,-0.5137,275,region_V
300,V,Y,0.02074,275,region_V
301,V,A,0.1607,276,region_III
301,V,C,0.1526,276,region_III
301,V,D,-0.5798,276,region_III
301,V,E,-0.2891,276,region_III
301,V,F,-0.3033,276,region_III
301,V,H,-0.6737,276,region_III
301,V,I,0.1286,276,region_III
301,V,K,-0.4093,276,region_III
301,V,L,0.1078,276,region_III
301,V,M,0.00062,276,region_III
301,V,N,-0.0804,276,region_III
301,V,P,-0.1304,276,region_III
301,V,Q,-0.3716,276,region_III
301,V,R,-0.4416,276,region_III
301,V,S,0.02298,276,region_III
301,V,T,0.1184,276,region_III
301,V,W,-0.2373,276,region_III
301,V,Y,-0.007792,276,region_III
302,Q,C,-0.1193,277,region_III
302,Q,D,-0.5411,277,region_III
302,Q,E,-0.8985,277,region_III
302,Q,F,-0.4453,277,region_III
302,Q,G,-0.0554,277,region_III
302,Q,H,-0.03061,277,region_III
302,Q,I,-0.2311,277,region_III
302,Q,K,-0.4526,277,region_III
302,Q,L,-0.07708,277,region_III
302,Q,M,-0.2657,277,region_III
302,Q,N,-0.2757,277,region_III
302,Q,P,0.545,277,region_III
302,Q,R,-0.2792,277,region_III
302,Q,S,-0.1446,277,region_III
302,Q,T,-0.1623,277,region_III
302,Q,V,-0.347,277,region_III
302,Q,W,-0.1889,277,region_III
302,Q,Y,-0.08496,277,region_III
303,L,A,-0.129,278,region_III
303,L,C,-0.2812,278,region_III
303,L,D,-0.6964,278,region_III
303,L,E,0.1808,278,region_III
303,L,F,-0.03195,278,region_III
303,L,G,-0.1442,278,region_III
303,L,H,-0.07355,278,region_III
303,L,K,-0.5693,278,region_III
303,L,M,-0.0606,278,region_III
303,L,N,-0.3958,278,region_III
303,L,P,-0.4902,278,region_III
303,L,Q,-0.2251,278,region_III
303,L,R,-0.3897,278,region_III
303,L,S,-0.01667,278,region_III
303,L,T,0.1693,278,region_III
303,L,V,0.1348,278,region_III
303,L,W,0.362,278,region_III
303,L,Y,-0.6111,278,region_III
304,P,A,-0.3669,279,region_III
304,P,C,-0.4408,279,region_III
304,P,D,0.1935,279,region_III
304,P,E,-0.6422,279,region_III
304,P,F,0.2667,279,region_III
304,P,G,-0.2542,279,region_III
304,P,H,-0.2128,279,region_III
304,P,I,-0.1593,279,region_III
304,P,K,-0.1209,279,region_III
304,P,L,-0.3476,279,region_III
304,P,M,0.06211,279,region_III
304,P,N,-0.386,279,region_III
304,P,Q,-0.1035,279,region_III
304,P,R,-0.1496,279,region_III
304,P,S,-0.8881,279,region_III
304,P,T,0.0181,279,region_III
304,P,V,-0.1563,279,region_III
304,P,W,-0.2306,279,region_III
304,P,Y,-0.2776,279,region_III
305,L,A,-0.08832,280,region_III
305,L,C,-0.02665,280,region_III
305,L,D,-0.3026,280,region_III
305,L,E,-0.4196,280,region_III
305,L,F,0.112,280,region_III
305,L,G,-0.05179,280,region_III
305,L,H,-0.04579,280,region_III
305,L,I,0.04027,280,region_III
305,L,K,-0.0853,280,region_III
305,L,M,-0.4269,280,region_III
305,L,N,-0.1637,280,region_III
305,L,P,-0.4084,280,region_III
305,L,Q,-0.1933,280,region_III
305,L,R,-0.09444,280,region_III
305,L,S,-0.244,280,region_III
305,L,T,-0.3113,280,region_III
305,L,V,-0.219,280,region_III
305,L,W,0.1643,280,region_III
305,L,Y,-0.4128,280,region_III
306,Y,C,0.1495,281,region_III
306,Y,D,-0.2974,281,region_III
306,Y,E,-0.3042,281,region_III
306,Y,F,0.06911,281,region_III
306,Y,G,0.2169,281,region_III
306,Y,H,-0.5775,281,region_III
306,Y,I,0.1415,281,region_III
306,Y,K,-0.02899,281,region_III
306,Y,L,-0.4921,281,region_III
306,Y,M,0.0528,281,region_III
306,Y,N,-0.3064,281,region_III
306,Y,P,-1.152,281,region_III
306,Y,Q,-0.3718,281,region_III
306,Y,R,0.04817,281,region_III
306,Y,S,-0.1053,281,region_III
306,Y,T,0.09425,281,region_III
306,Y,V,-0.327,281,region_III
306,Y,W,-0.09995,281,region_III
307,G,A,0.01027,282,region_III
307,G,C,-1.193,282,region_III
307,G,D,-0.3725,282,region_III
307,G,E,-0.1199,282,region_III
307,G,F,-0.1518,282,region_III
307,G,H,-0.3546,282,region_III
307,G,I,-0.3747,282,region_III
307,G,K,-0.5621,282,region_III
307,G,L,-0.3757,282,region_III
307,G,M,-0.06142,282,region_III
307,G,N,0.1645,282,region_III
307,G,P,-0.06835,282,region_III
307,G,Q,-0.02455,282,region_III
307,G,R,-0.1846,282,region_III
307,G,S,-0.01171,282,region_III
307,G,T,-0.2041,282,region_III
307,G,V,-0.573,282,region_III
307,G,W,-0.0619,282,region_III
307,G,Y,-0.9087,282,region_III
308,V,A,-0.2459,283,region_III
308,V,C,-0.1005,283,region_III
308,V,D,-0.4575,283,region_III
308,V,E,-0.3469,283,region_III
308,V,F,-0.6152,283,region_III
308,V,G,0.02837,283,region_III
308,V,H,-0.4924,283,region_III
308,V,I,-0.3722,283,region_III
308,V,K,-0.4105,283,region_III
308,V,L,-0.9242,283,region_III
308,V,M,-0.2447,283,region_III
308,V,N,-0.1675,283,region_III
308,V,P,-0.5644,283,region_III
308,V,Q,-0.9655,283,region_III
308,V,R,-0.3197,283,region_III
308,V,T,0.01243,283,region_III
308,V,W,-0.5903,283,region_III
308,V,Y,0.09152,283,region_III
309,I,A,-0.09115,284,region_III
309,I,C,-0.2818,284,region_III
309,I,D,-0.3836,284,region_III
309,I,E,0.01908,284,region_III
309,I,F,-0.05482,284,region_III
309,I,G,-0.09984,284,region_III
309,I,H,-0.5319,284,region_III
309,I,K,-0.5604,284,region_III
309,I,L,0.2893,284,region_III
309,I,M,-0.1412,284,region_III
309,I,N,-0.6786,284,region_III
309,I,P,-0.2473,284,region_III
309,I,R,-0.3833,284,region_III
309,I,S,-0.8464,284,region_III
309,I,T,-0.4299,284,region_III
309,I,V,-0.4708,284,region_III
309,I,W,-0.03215,284,region_III
309,I,Y,-0.385,284,region_III
310,D,A,-0.3505,285,region_III
310,D,E,0.05382,285,region_III
310,D,F,-0.00974,285,region_III
310,D,G,0.03739,285,region_III
310,D,H,-0.04512,285,region_III
310,D,I,0.2488,285,region_III
310,D,K,-0.7641,285,region_III
310,D,L,-0.06202,285,region_III
310,D,M,-0.1764,285,region_III
310,D,N,-0.5142,285,region_III
310,D,P,-0.084,285,region_III
310,D,Q,-0.2691,285,region_III
310,D,R,-0.1512,285,region_III
310,D,S,-0.1213,285,region_III
310,D,T,-0.09038,285,region_III
310,D,V,-0.3068,285,region_III
310,D,W,0.06653,285,region_III
310,D,Y,-0.2563,285,region_III
311,T,A,-0.3396,286,region_III
311,T,C,-0.3633,286,region_III
311,T,D,-0.4141,286,region_III
311,T,F,-0.04533,286,region_III
311,T,H,0.1785,286,region_III
311,T,I,-0.4547,286,region_III
311,T,K,-0.5295,286,region_III
311,T,L,-0.2848,286,region_III
311,T,M,-0.3049,286,region_III
311,T,N,-0.4078,286,region_III
311,T,P,-0.5165,286,region_III
311,T,Q,-0.492,286,region_III
311,T,R,-0.6872,286,region_III
311,T,S,-0.2885,286,region_III
311,T,V,-0.4098,286,region_III
311,T,W,-0.7025,286,region_III
312,P,A,-0.2635,287,region_III
312,P,C,-0.1777,287,region_III
312,P,D,-0.009393,287,region_III
312,P,E,-0.3763,287,region_III
312,P,G,0.01929,287,region_III
312,P,H,0.1205,287,region_III
312,P,I,-0.2842,287,region_III
312,P,K,-0.191,287,region_III
312,P,L,0.07859,287,region_III
312,P,M,-0.2992,287,region_III
312,P,N,-0.4633,287,region_III
312,P,Q,-0.2461,287,region_III
312,P,R,-0.2377,287,region_III
312,P,S,0.03407,287,region_III
312,P,T,-0.6314,287,region_III
312,P,V,-0.004465,287,region_III
312,P,W,-0.4721,287,region_III
312,P,Y,-0.2688,287,region_III
313,C,A,0.3604,288,region_I
313,C,D,0.01094,288,region_I
313,C,E,-0.295,288,region_I
313,C,F,0.06375,288,region_I
313,C,H,-0.2396,288,region_I
313,C,I,-0.926,288,region_I
313,C,K,0.1706,288,region_I
313,C,L,-0.53,288,region_I
313,C,M,-0.3044,288,region_I
313,C,N,-1.145,288,region_I
313,C,P,-0.1976,288,region_I
313,C,Q,-0.2081,288,region_I
313,C,R,-0.6247,288,region_I
313,C,S,-0.06265,288,region_I
313,C,T,-0.18,288,region_I
313,C,V,-0.3856,288,region_I
313,C,W,-0.1186,288,region_I
313,C,Y,-0.3412,288,region_I
314,W,A,-0.06958,289,region_I
314,W,C,0.1348,289,region_I
314,W,D,0.2777,289,region_I
314,W,E,-0.1151,289,region_I
314,W,F,-0.3953,289,region_I
314,W,G,-0.2407,289,region_I
314,W,H,0.05942,289,region_I
314,W,I,-0.08768,289,region_I
314,W,K,-0.7553,289,region_I
314,W,L,-0.5775,289,region_I
314,W,M,-0.4624,289,region_I
314,W,N,0.07525,289,region_I
314,W,P,-0.5538,289,region_I
314,W,Q,-0.05593,289,region_I
314,W,R,-0.3189,289,region_I
314,W,S,-0.06618,289,region_I
314,W,T,-0.6415,289,region_I
314,W,V,-0.2469,289,region_I
314,W,Y,-0.1547,289,region_I
315,K,A,0.002525,290,region_I
315,K,C,-0.6179,290,region_I
315,K,D,-0.7287,290,region_I
315,K,E,-0.2007,290,region_I
315,K,F,0.02274,290,region_I
315,K,G,-0.5078,290,region_I
315,K,H,-0.4607,290,region_I
315,K,I,-0.4165,290,region_I
315,K,L,-0.481,290,region_I
315,K,M,-0.5593,290,region_I
315,K,N,-0.7982,290,region_I
315,K,P,-0.02467,290,region_I
315,K,Q,-0.3915,290,region_I
315,K,R,-0.9342,290,region_I
315,K,S,-0.2884,290,region_I
315,K,T,-0.6015,290,region_I
315,K,V,-0.05323,290,region_I
315,K,W,-0.6255,290,region_I
315,K,Y,-0.3002,290,region_I
316,L,A,-0.1377,291,region_I
316,L,D,-0.02623,291,region_I
316,L,E,-0.2622,291,region_I
316,L,F,-0.1585,291,region_I
316,L,G,0.0694,291,region_I
316,L,H,-0.1957,291,region_I
316,L,I,-0.04588,291,region_I
316,L,K,-0.01259,291,region_I
316,L,M,-0.2246,291,region_I
316,L,N,0.1588,291,region_I
316,L,P,-0.4666,291,region_I
316,L,Q,-0.4852,291,region_I
316,L,T,0.1013,291,region_I
316,L,V,0.2036,291,region_I
316,L,W,-0.1856,291,region_I
316,L,Y,0.216,291,region_I
317,H,A,-0.2848,292,region_I
317,H,C,-0.6715,292,region_I
317,H,D,-0.1452,292,region_I
317,H,E,-0.7891,292,region_I
317,H,F,0.1038,292,region_I
317,H,G,-0.7514,292,region_I
317,H,I,-0.7682,292,region_I
317,H,K,-0.3012,292,region_I
317,H,L,-0.2936,292,region_I
317,H,M,-0.7832,292,region_I
317,H,N,-0.5227,292,region_I
317,H,P,-0.1793,292,region_I
317,H,Q,-0.4333,292,region_I
317,H,R,-0.8592,292,region_I
317,H,S,-0.2007,292,region_I
317,H,T,-0.4121,292,region_I
317,H,V,-0.4402,292,region_I
317,H,W,-0.1579,292,region_I
317,H,Y,-0.02395,292,region_I
318,T,A,-0.1778,293,region_I
318,T,C,-0.5775,293,region_I
318,T,D,-0.6067,293,region_I
318,T,E,-0.9713,293,region_I
318,T,F,-0.1957,293,region_I
318,T,H,-0.1334,293,region_I
318,T,I,-0.4539,293,region_I
318,T,K,-0.5825,293,region_I
318,T,L,-0.2752,293,region_I
318,T,M,-0.1692,293,region_I
318,T,N,-0.5806,293,region_I
318,T,P,-0.3806,293,region_I
318,T,Q,-0.2555,293,region_I
318,T,R,-0.3789,293,region_I
318,T,S,-0.1185,293,region_I
318,T,W,-0.3631,293,region_I
319,S,A,-0.2328,294,region_I
319,S,C,-0.6891,294,region_I
319,S,D,-0.2706,294,region_I
319,S,E,-0.8026,294,region_I
319,S,F,-0.1378,294,region_I
319,S,G,-0.08747,294,region_I
319,S,H,0.5327,294,region_I
319,S,I,-0.3517,294,region_I
319,S,K,-0.4021,294,region_I
319,S,L,-0.06628,294,region_I
319,S,M,-0.2033,294,region_I
319,S,N,-0.05835,294,region_I
319,S,P,-0.4085,294,region_I
319,S,R,-0.3214,294,region_I
319,S,T,-0.691,294,region_I
319,S,V,-0.5738,294,region_I
319,S,W,-0.429,294,region_I
319,S,Y,-0.3984,294,region_I
320,P,A,0.2028,295,none
320,P,C,-0.4124,295,none
320,P,D,-0.2326,295,none
320,P,E,-0.3628,295,none
320,P,F,-0.5311,295,none
320,P,G,-0.4557,295,none
320,P,H,-1.297,295,none
320,P,I,-0.1208,295,none
320,P,K,-0.1285,295,none
320,P,L,-0.1066,295,none
320,P,M,-0.0481,295,none
320,P,N,-0.03005,295,none
320,P,Q,-0.5055,295,none
320,P,R,-0.3518,295,none
320,P,S,-0.3616,295,none
320,P,T,-0.5525,295,none
320,P,V,0.09104,295,none
320,P,W,-0.5732,295,none
321,L,A,-0.1165,296,none
321,L,C,0.006755,296,none
321,L,D,-0.5397,296,none
321,L,E,-0.03835,296,none
321,L,F,-0.2843,296,none
321,L,G,-0.276,296,none
321,L,H,-0.4707,296,none
321,L,I,-0.9696,296,none
321,L,K,-0.1412,296,none
321,L,M,0.2075,296,none
321,L,N,-0.3936,296,none
321,L,P,-0.008862,296,none
321,L,Q,0.03655,296,none
321,L,R,-0.3067,296,none
321,L,S,0.1635,296,none
321,L,T,-0.2096,296,none
321,L,V,-0.1086,296,none
321,L,W,-0.1619,296,none
321,L,Y,-0.275,296,none
322,C,A,-0.01088,297,none
322,C,D,-0.5464,297,none
322,C,E,-0.5301,297,none
322,C,F,-0.4737,297,none
322,C,G,-0.1894,297,none
322,C,H,0.1265,297,none
322,C,I,-0.4458,297,none
322,C,K,-0.1786,297,none
322,C,L,-0.2942,297,none
322,C,M,-0.1642,297,none
322,C,N,-0.1424,297,none
322,C,P,-0.474,297,none
322,C,Q,0.24,297,none
322,C,R,-0.1294,297,none
322,C,S,-0.026,297,none
322,C,T,-0.2792,297,none
322,C,V,-0.3138,297,none
322,C,W,-0.1308,297,none
322,C,Y,-0.4491,297,none
323,T,A,-0.3492,298,none
323,T,C,-0.3138,298,none
323,T,D,-0.2922,298,none
323,T,E,-0.3984,298,none
323,T,F,-0.05688,298,none
323,T,G,-0.3439,298,none
323,T,H,-0.3199,298,none
323,T,I,-0.9884,298,none
323,T,K,-0.2189,298,none
323,T,L,0.02858,298,none
323,T,M,-0.4511,298,none
323,T,N,-0.003273,298,none
323,T,P,0.0864,298,none
323,T,Q,0.07672,298,none
323,T,R,0.01112,298,none
323,T,S,-0.2827,298,none
323,T,V,-0.3828,298,none
323,T,W,-0.3941,298,none
323,T,Y,-0.2304,298,none
324,T,A,-0.03955,299,none
324,T,C,0.1237,299,none
324,T,D,-0.3947,299,none
324,T,E,-0.2726,299,none
324,T,F,0.05037,299,none
324,T,G,-0.8812,299,none
324,T,H,-0.1964,299,none
324,T,I,0.2433,299,none
324,T,K,0.1253,299,none
324,T,L,-0.1399,299,none
324,T,M,-0.3137,299,none
324,T,N,-0.7366,299,none
324,T,P,-0.2763,299,none
324,T,Q,-0.1679,299,none
324,T,R,-0.303,299,none
324,T,S,-0.01168,299,none
324,T,V,0.1385,299,none
324,T,W,-0.7169,299,none
324,T,Y,0.7925,299,none
325,N,A,0.2344,300,none
325,N,C,0.3566,300,none
325,N,D,0.1982,300,none
325,N,E,-0.1555,300,none
325,N,F,-0.2972,300,none
325,N,G,0.03408,300,none
325,N,H,-0.3167,300,none
325,N,I,0.02459,300,none
325,N,K,0.1125,300,none
325,N,L,0.2301,300,none
325,N,M,-0.2539,300,none
325,N,P,0.2443,300,none
325,N,Q,-0.4073,300,none
325,N,R,0.2979,300,none
325,N,S,0.01461,300,none
325,N,T,0.09504,300,none
325,N,V,-0.0424,300,none
325,N,W,0.1806,300,none
325,N,Y,-0.3839,300,none
326,T,A,-0.2928,301,none
326,T,C,-0.1412,301,none
326,T,D,0.2497,301,none
326,T,E,-0.1732,301,none
326,T,F,0.2562,301,none
326,T,G,0.08439,301,none
326,T,H,-0.2943,301,none
326,T,I,-0.2312,301,none
326,T,K,0.02305,301,none
326,T,L,-0.131,301,none
326,T,M,0.1915,301,none
326,T,N,0.24,301,none
326,T,P,-0.2374,301,none
326,T,Q,-0.1291,301,none
326,T,R,-0.09543,301,none
326,T,S,0.0614,301,none
326,T,V,-0.01457,301,none
326,T,W,0.05216,301,none
326,T,Y,-0.114,301,none
327,K,A,0.3319,302,none
327,K,C,-0.1937,302,none
327,K,D,0.06305,302,none
327,K,E,-0.1675,302,none
327,K,F,0.1962,302,none
327,K,G,0.1077,302,none
327,K,H,0.07469,302,none
327,K,I,0.1213,302,none
327,K,L,0.1213,302,none
327,K,M,-0.3979,302,none
327,K,N,0.138,302,none
327,K,P,0.1189,302,none
327,K,Q,0.0173,302,none
327,K,R,0.06142,302,none
327,K,S,-0.07827,302,none
327,K,T,-0.2734,302,none
327,K,V,0.1328,302,none
327,K,W,-0.1342,302,none
327,K,Y,-0.0964,302,none
328,E,A,0.0149,303,none
328,E,C,0.1291,303,none
328,E,D,0.1097,303,none
328,E,F,-0.1712,303,none
328,E,G,0.1991,303,none
328,E,H,-0.2996,303,none
328,E,K,-0.1305,303,none
328,E,L,0.2049,303,none
328,E,M,0.1662,303,none
328,E,N,0.04888,303,none
328,E,P,0.1141,303,none
328,E,Q,0.1413,303,none
328,E,R,0.1678,303,none
328,E,S,-0.3443,303,none
328,E,T,0.2194,303,none
328,E,V,0.0293,303,none
328,E,W,0.01099,303,none
328,E,Y,-0.4032,303,none
329,G,A,0.1389,304,none
329,G,C,-0.2584,304,none
329,G,D,0.05774,304,none
329,G,E,-0.2823,304,none
329,G,F,0.318,304,none
329,G,H,0.5307,304,none
329,G,I,0.4837,304,none
329,G,K,-0.3008,304,none
329,G,L,-0.2113,304,none
329,G,M,-0.4098,304,none
329,G,N,-0.2632,304,none
329,G,P,0.4236,304,none
329,G,Q,0.2188,304,none
329,G,R,0.1127,304,none
329,G,S,-0.2506,304,none
329,G,T,0.03525,304,none
329,G,V,0.1597,304,none
329,G,W,0.2075,304,none
329,G,Y,0.2797,304,none
330,S,A,0.3247,305,none
330,S,C,-0.4632,305,none
330,S,D,-0.2428,305,none
330,S,E,0.1465,305,none
330,S,F,-0.1885,305,none
330,S,G,0.01737,305,none
330,S,H,-0.2597,305,none
330,S,I,-0.4305,305,none
330,S,K,0.3186,305,none
330,S,L,0.3579,305,none
330,S,M,-0.02989,305,none
330,S,N,-0.278,305,none
330,S,P,-0.0025,305,none
330,S,Q,-0.07254,305,none
330,S,R,0.3596,305,none
330,S,T,-0.2318,305,none
330,S,V,-0.298,305,none
330,S,W,-0.01903,305,none
330,S,Y,-0.4148,305,none
331,N,A,0.02494,306,none
331,N,C,-0.6343,306,none
331,N,D,-0.7808,306,none
331,N,E,-0.2989,306,none
331,N,F,-0.4233,306,none
331,N,G,-0.1491,306,none
331,N,H,-0.209,306,none
331,N,I,-0.0683,306,none
331,N,K,-0.09872,306,none
331,N,L,-0.187,306,none
331,N,M,-0.3431,306,none
331,N,P,0.1946,306,none
331,N,Q,-0.3643,306,none
331,N,R,-0.1699,306,none
331,N,S,-0.1705,306,none
331,N,T,-0.544,306,none
331,N,V,-0.1176,306,none
331,N,W,-0.4969,306,none
331,N,Y,-0.3294,306,none
332,I,C,-0.02515,307,none
332,I,E,-0.226,307,none
332,I,F,-0.1657,307,none
332,I,H,-0.511,307,none
332,I,K,-0.1744,307,none
332,I,L,-0.6583,307,none
332,I,M,-0.6051,307,none
332,I,N,0.2809,307,none
332,I,Q,-0.6141,307,none
332,I,R,-0.1988,307,none
332,I,S,0.2382,307,none
332,I,T,0.0894,307,none
332,I,V,-0.464,307,none
332,I,W,-0.5474,307,none
332,I,Y,-0.3914,307,none
333,C,A,-0.1046,308,none
333,C,D,-0.2016,308,none
333,C,E,0.02642,308,none
333,C,F,-0.5528,308,none
333,C,H,-0.1106,308,none
333,C,I,-0.3148,308,none
333,C,K,0.3155,308,none
333,C,L,-0.07157,308,none
333,C,M,-0.1285,308,none
333,C,N,-0.4339,308,none
333,C,P,0.113,308,none
333,C,Q,0.131,308,none
333,C,R,-0.4022,308,none
333,C,S,-0.2416,308,none
333,C,T,-0.2181,308,none
333,C,V,0.1084,308,none
333,C,W,-0.1793,308,none
333,C,Y,-0.6507,308,none
334,L,A,-0.3241,309,none
334,L,D,-0.2726,309,none
334,L,E,-0.1942,309,none
334,L,F,-0.3581,309,none
334,L,G,-0.5554,309,none
334,L,H,-0.5604,309,none
334,L,I,0.2074,309,none
334,L,K,-0.2551,309,none
334,L,M,-0.2928,309,none
334,L,N,-0.2404,309,none
334,L,P,-0.08552,309,none
334,L,Q,-0.1937,309,none
334,L,R,-0.1674,309,none
334,L,S,-0.09949,309,none
334,L,T,-0.346,309,none
334,L,V,0.03923,309,none
334,L,Y,-0.5142,309,none
335,T,A,-0.4165,310,none
335,T,C,-0.334,310,none
335,T,D,-0.2137,310,none
335,T,E,-0.6874,310,none
335,T,F,-0.3281,310,none
335,T,G,-0.2797,310,none
335,T,H,-0.1231,310,none
335,T,I,-1.065,310,none
335,T,K,-0.4958,310,none
335,T,L,-0.207,310,none
335,T,N,-0.3803,310,none
335,T,P,-0.9318,310,none
335,T,Q,-0.4852,310,none
335,T,R,0.4779,310,none
335,T,S,-0.1111,310,none
335,T,V,-0.2644,310,none
335,T,W,-0.5924,310,none
335,T,Y,-0.1754,310,none
336,R,A,0.07552,311,none
336,R,C,-0.4891,311,none
336,R,D,-0.7298,311,none
336,R,E,-0.165,311,none
336,R,F,-0.7478,311,none
336,R,G,-0.05873,311,none
336,R,H,-0.1552,311,none
336,R,I,-0.6088,311,none
336,R,K,-0.7172,311,none
336,R,M,-0.2935,311,none
336,R,N,-0.0436,311,none
336,R,P,-0.4315,311,none
336,R,S,-0.1513,311,none
336,R,V,-0.1149,311,none
336,R,W,0.1404,311,none
337,T,A,-0.0725,312,none
337,T,C,-0.4822,312,none
337,T,D,-0.1368,312,none
337,T,E,-0.5228,312,none
337,T,F,0.05922,312,none
337,T,G,-0.2798,312,none
337,T,H,-0.3973,312,none
337,T,I,-0.1347,312,none
337,T,K,-0.3702,312,none
337,T,L,-0.3997,312,none
337,T,M,-0.4922,312,none
337,T,N,-0.4204,312,none
337,T,P,-0.2968,312,none
337,T,R,0.1049,312,none
337,T,S,-0.3649,312,none
337,T,V,-0.1165,312,none
337,T,W,-0.7032,312,none
337,T,Y,-0.3911,312,none
338,D,A,-0.3501,313,none
338,D,C,-0.1444,313,none
338,D,E,-0.391,313,none
338,D,F,0.05958,313,none
338,D,G,-0.3878,313,none
338,D,H,-0.2488,313,none
338,D,I,-0.5374,313,none
338,D,K,-0.1557,313,none
338,D,L,0.06607,313,none
338,D,M,-0.5038,313,none
338,D,N,-1.284,313,none
338,D,P,-0.6313,313,none
338,D,Q,-0.3465,313,none
338,D,R,-0.1779,313,none
338,D,T,-0.4265,313,none
338,D,V,-0.1901,313,none
338,D,W,-0.4916,313,none
338,D,Y,-0.7541,313,none
339,R,A,-0.2832,314,none
339,R,C,-0.1245,314,none
339,R,D,-0.09358,314,none
339,R,E,-0.4729,314,none
339,R,F,-0.6401,314,none
339,R,G,-0.6831,314,none
339,R,I,0.298,314,none
339,R,L,-0.4176,314,none
339,R,M,-0.05548,314,none
339,R,P,-0.01111,314,none
339,R,Q,-0.04745,314,none
339,R,S,0.2649,314,none
339,R,T,-0.6281,314,none
339,R,V,-0.736,314,none
339,R,W,-0.5468,314,none
339,R,Y,-0.2208,314,none
340,G,A,-0.158,315,none
340,G,C,-0.4027,315,none
340,G,D,-0.4222,315,none
340,G,E,-0.8847,315,none
340,G,F,-0.2043,315,none
340,G,H,-0.2827,315,none
340,G,I,-0.09162,315,none
340,G,K,-0.3709,315,none
340,G,L,-0.1433,315,none
340,G,M,-0.2899,315,none
340,G,N,0.03003,315,none
340,G,P,-0.259,315,none
340,G,Q,-0.3212,315,none
340,G,R,0.04563,315,none
340,G,S,-0.5606,315,none
340,G,T,-0.1981,315,none
340,G,V,-0.3463,315,none
340,G,W,-0.1117,315,none
341,W,A,-0.4226,316,none
341,W,C,-0.1633,316,none
341,W,D,-0.2861,316,none
341,W,E,-0.3196,316,none
341,W,F,-0.3279,316,none
341,W,G,-0.6361,316,none
341,W,H,-0.3691,316,none
341,W,L,-1.034,316,none
341,W,M,-0.1116,316,none
341,W,N,0.0851,316,none
341,W,P,0.02823,316,none
341,W,Q,-0.03497,316,none
341,W,R,-0.6993,316,none
341,W,S,-0.5996,316,none
341,W,T,-0.5121,316,none
341,W,Y,-0.2037,316,none
342,Y,A,-0.1105,317,none
342,Y,C,0.04405,317,none
342,Y,F,0.26,317,none
342,Y,G,-0.3166,317,none
342,Y,H,0.3534,317,none
342,Y,I,-0.4,317,none
342,Y,K,-0.1445,317,none
342,Y,L,-0.1042,317,none
342,Y,M,-0.5316,317,none
342,Y,N,0.1579,317,none
342,Y,P,-0.2022,317,none
342,Y,Q,-0.09815,317,none
342,Y,R,-0.5933,317,none
342,Y,T,-0.0558,317,none
342,Y,V,0.009392,317,none
342,Y,W,-0.3812,317,none
343,C,A,-0.6007,318,none
343,C,D,-0.3787,318,none
343,C,E,-0.2263,318,none
343,C,F,-0.01007,318,none
343,C,G,-0.2562,318,none
343,C,H,-0.3678,318,none
343,C,I,-0.1632,318,none
343,C,K,-0.1778,318,none
343,C,L,-0.2684,318,none
343,C,M,0.0456,318,none
343,C,N,-0.09195,318,none
343,C,P,-0.3575,318,none
343,C,Q,-0.6109,318,none
343,C,R,-0.525,318,none
343,C,S,-0.488,318,none
343,C,T,-0.5899,318,none
343,C,V,-0.3035,318,none
343,C,W,-0.09058,318,none
343,C,Y,-0.7706,318,none
344,D,A,-0.2646,319,none
344,D,C,0.3042,319,none
344,D,E,0.1194,319,none
344,D,F,0.277,319,none
344,D,G,-0.1227,319,none
344,D,H,0.4387,319,none
344,D,I,-0.06777,319,none
344,D,K,0.5095,319,none
344,D,L,-0.2416,319,none
344,D,M,0.2596,319,none
344,D,N,0.3047,319,none
344,D,P,-0.5473,319,none
344,D,Q,0.2783,319,none
344,D,R,-0.1836,319,none
344,D,S,-0.06159,319,none
344,D,T,0.2472,319,none
344,D,V,-0.09075,319,none
344,D,W,-0.06548,319,none
344,D,Y,-0.0177,319,none
345,N,A,-0.3585,320,region_III
345,N,C,-0.7578,320,region_III
345,N,D,-0.1135,320,region_III
345,N,E,-0.1189,320,region_III
345,N,F,-0.4749,320,region_III
345,N,G,-0.09513,320,region_III
345,N,H,-0.5672,320,region_III
345,N,I,-0.1103,320,region_III
345,N,K,-0.4872,320,region_III
345,N,L,-0.2266,320,region_III
345,N,M,-0.6869,320,region_III
345,N,P,-0.2388,320,region_III
345,N,Q,-0.5832,320,region_III
345,N,S,-0.2042,320,region_III
345,N,V,-0.2565,320,region_III
345,N,W,-0.03152,320,region_III
345,N,Y,-0.1166,320,region_III
346,A,D,-1.135,321,region_III
346,A,E,-0.5726,321,region_III
346,A,F,-0.2247,321,region_III
346,A,G,-0.3705,321,region_III
346,A,I,-0.2309,321,region_III
346,A,K,0.05122,321,region_III
346,A,L,-0.2589,321,region_III
346,A,M,-0.1432,321,region_III
346,A,N,-0.5035,321,region_III
346,A,Q,-0.2019,321,region_III
346,A,R,-0.1367,321,region_III
346,A,S,-0.306,321,region_III
346,A,T,-0.5991,321,region_III
346,A,V,-0.5927,321,region_III
346,A,W,-0.3324,321,region_III
346,A,Y,0.3523,321,region_III
347,G,A,-0.2568,322,region_III
347,G,C,-0.0854,322,region_III
347,G,D,0.4001,322,region_III
347,G,E,-0.2733,322,region_III
347,G,H,-0.7717,322,region_III
347,G,I,-0.3497,322,region_III
347,G,K,0.1213,322,region_III
347,G,L,0.1755,322,region_III
347,G,M,-0.06254,322,region_III
347,G,N,-0.1183,322,region_III
347,G,P,-0.3929,322,region_III
347,G,Q,-0.1271,322,region_III
347,G,R,-0.08643,322,region_III
347,G,S,-0.7438,322,region_III
347,G,T,-0.5692,322,region_III
347,G,V,0.1872,322,region_III
347,G,W,-0.07695,322,region_III
347,G,Y,-0.03723,322,region_III
348,S,A,-0.518,323,region_III
348,S,C,-0.2767,323,region_III
348,S,D,-0.3926,323,region_III
348,S,E,-0.6815,323,region_III
348,S,F,-0.3797,323,region_III
348,S,G,-0.5535,323,region_III
348,S,H,-0.2353,323,region_III
348,S,I,-0.1124,323,region_III
348,S,K,-0.3571,323,region_III
348,S,L,-0.125,323,region_III
348,S,M,-0.3897,323,region_III
348,S,N,-0.5676,323,region_III
348,S,P,-0.7774,323,region_III
348,S,Q,-0.5635,323,region_III
348,S,R,-0.1152,323,region_III
348,S,T,0.07964,323,region_III
348,S,V,-0.03707,323,region_III
348,S,W,-0.223,323,region_III
348,S,Y,-0.4101,323,region_III
349,V,A,0.1903,324,region_III
349,V,C,-0.5333,324,region_III
349,V,E,-0.5358,324,region_III
349,V,F,-0.126,324,region_III
349,V,G,-0.3521,324,region_III
349,V,H,-0.4229,324,region_III
349,V,I,0.0115,324,region_III
349,V,K,-0.1503,324,region_III
349,V,L,0.02851,324,region_III
349,V,M,-0.3834,324,region_III
349,V,N,-0.4117,324,region_III
349,V,P,0.008177,324,region_III
349,V,Q,0.0586,324,region_III
349,V,R,-0.03192,324,region_III
349,V,S,-0.3227,324,region_III
349,V,T,-0.1856,324,region_III
349,V,W,0.008915,324,region_III
349,V,Y,-0.3498,324,region_III
350,S,A,-0.5855,325,region_III
350,S,C,-0.1102,325,region_III
350,S,D,-0.4001,325,region_III
350,S,E,-0.812,325,region_III
350,S,F,0.0817,325,region_III
350,S,G,-0.2333,325,region_III
350,S,H,-1.137,325,region_III
350,S,I,-0.3701,325,region_III
350,S,K,-0.7855,325,region_III
350,S,L,-0.4072,325,region_III
350,S,M,-0.2235,325,region_III
350,S,N,0.0856,325,region_III
350,S,P,-1.048,325,region_III
350,S,Q,0.1024,325,region_III
350,S,R,-0.5051,325,region_III
350,S,T,-0.4114,325,region_III
350,S,V,-0.2085,325,region_III
350,S,W,-0.4195,325,region_III
350,S,Y,-0.5105,325,region_III
351,F,C,-0.3938,326,region_III
351,F,E,-0.3983,326,region_III
351,F,H,-0.5119,326,region_III
351,F,I,-0.05838,326,region_III
351,F,K,-0.9024,326,region_III
351,F,L,0.0293,326,region_III
351,F,M,-0.2657,326,region_III
351,F,N,-0.113,326,region_III
351,F,Q,-0.1157,326,region_III
351,F,R,-0.4125,326,region_III
351,F,S,-0.4365,326,region_III
351,F,T,-0.5121,326,region_III
351,F,Y,0.2156,326,region_III
352,F,C,-0.1568,327,region_III
352,F,D,-0.3608,327,region_III
352,F,H,-0.00955,327,region_III
352,F,I,-0.5239,327,region_III
352,F,L,-0.349,327,region_III
352,F,M,0.06473,327,region_III
352,F,N,-0.2395,327,region_III
352,F,P,-0.6706,327,region_III
352,F,S,0.0168,327,region_III
352,F,T,-0.1389,327,region_III
352,F,V,-0.1417,327,region_III
352,F,W,0.06838,327,region_III
352,F,Y,-0.4741,327,region_III
353,P,A,-0.7267,328,none
353,P,C,-0.7419,328,none
353,P,D,-0.05958,328,none
353,P,E,-0.005045,328,none
353,P,F,0.1187,328,none
353,P,H,-1.054,328,none
353,P,I,0.06482,328,none
353,P,K,-0.4299,328,none
353,P,L,-0.3614,328,none
353,P,M,-0.1091,328,none
353,P,N,-0.4907,328,none
353,P,Q,-0.06342,328,none
353,P,R,-0.318,328,none
353,P,S,-0.7904,328,none
353,P,T,-0.3758,328,none
353,P,V,-0.2941,328,none
353,P,W,-0.3438,328,none
353,P,Y,-0.5847,328,none
354,Q,A,0.113,329,none
354,Q,C,-0.07635,329,none
354,Q,D,-0.1887,329,none
354,Q,E,-0.0362,329,none
354,Q,F,-0.3678,329,none
354,Q,H,-0.8054,329,none
354,Q,I,-0.08481,329,none
354,Q,K,0.01034,329,none
354,Q,L,0.5371,329,none
354,Q,M,0.06155,329,none
354,Q,N,-0.0684,329,none
354,Q,P,-0.357,329,none
354,Q,R,0.2672,329,none
354,Q,S,-0.08503,329,none
354,Q,T,-0.00739,329,none
354,Q,V,0.1483,329,none
354,Q,W,-0.2759,329,none
354,Q,Y,-0.9731,329,none
355,A,C,-0.1957,330,none
355,A,D,-0.6694,330,none
355,A,E,-0.2506,330,none
355,A,F,-0.1431,330,none
355,A,G,0.245,330,none
355,A,H,0.4191,330,none
355,A,I,0.05312,330,none
355,A,K,-0.02062,330,none
355,A,L,0.1117,330,none
355,A,M,-0.2434,330,none
355,A,P,0.3349,330,none
355,A,Q,-0.3189,330,none
355,A,R,-0.1342,330,none
355,A,S,-0.05236,330,none
355,A,T,0.1991,330,none
355,A,V,-0.1972,330,none
355,A,W,-0.2544,330,none
355,A,Y,-0.139,330,none
356,E,A,-0.135,331,none
356,E,C,-0.2742,331,none
356,E,D,0.008247,331,none
356,E,F,-0.0831,331,none
356,E,G,0.1026,331,none
356,E,H,-0.2139,331,none
356,E,I,0.1771,331,none
356,E,K,-0.3027,331,none
356,E,L,0.1719,331,none
356,E,M,0.1523,331,none
356,E,N,0.1209,331,none
356,E,P,-0.02284,331,none
356,E,Q,0.2156,331,none
356,E,R,-0.2548,331,none
356,E,S,0.3152,331,none
356,E,T,0.03479,331,none
356,E,V,0.1152,331,none
356,E,W,-0.05429,331,none
356,E,Y,0.1575,331,none
357,T,A,0.06589,332,none
357,T,C,-0.707,332,none
357,T,D,0.2566,332,none
357,T,E,-0.3512,332,none
357,T,F,0.1273,332,none
357,T,G,0.1437,332,none
357,T,H,-0.2766,332,none
357,T,I,-0.7011,332,none
357,T,K,-0.3416,332,none
357,T,L,0.1006,332,none
357,T,M,-0.2759,332,none
357,T,N,-0.307,332,none
357,T,P,0.09438,332,none
357,T,Q,-0.2477,332,none
357,T,R,-0.4717,332,none
357,T,S,0.1673,332,none
357,T,V,-0.2217,332,none
357,T,W,-0.0426,332,none
357,T,Y,-0.1353,332,none
358,C,A,-0.4015,333,none
358,C,D,-0.07667,333,none
358,C,E,-0.1969,333,none
358,C,F,-0.7848,333,none
358,C,G,-0.1371,333,none
358,C,H,-0.5249,333,none
358,C,I,-0.4365,333,none
358,C,K,-0.2049,333,none
358,C,L,0.003425,333,none
358,C,M,-0.1754,333,none
358,C,N,-0.3598,333,none
358,C,P,0.3269,333,none
358,C,Q,-0.1585,333,none
358,C,R,-0.5345,333,none
358,C,S,-0.5912,333,none
358,C,T,-0.08057,333,none
358,C,W,-0.3081,333,none
358,C,Y,-0.7379,333,none
359,K,A,-0.6675,334,none
359,K,C,-0.4558,334,none
359,K,D,0.3772,334,none
359,K,E,-0.1614,334,none
359,K,F,0.2227,334,none
359,K,G,-0.06828,334,none
359,K,H,-0.1904,334,none
359,K,I,-0.2697,334,none
359,K,L,0.09097,334,none
359,K,M,0.2342,334,none
359,K,N,-0.3498,334,none
359,K,P,-0.3058,334,none
359,K,Q,-0.7373,334,none
359,K,R,0.02309,334,none
359,K,S,-0.07114,334,none
359,K,T,-0.2888,334,none
359,K,V,-0.2868,334,none
359,K,W,-0.04684,334,none
359,K,Y,0.1595,334,none
360,V,A,-0.1213,335,none
360,V,D,-0.063,335,none
360,V,E,-0.3049,335,none
360,V,F,0.1981,335,none
360,V,G,0.08725,335,none
360,V,H,0.2302,335,none
360,V,I,-0.2625,335,none
360,V,K,-0.1679,335,none
360,V,L,0.5849,335,none
360,V,M,0.527,335,none
360,V,P,0.00047,335,none
360,V,Q,0.08558,335,none
360,V,R,0.4163,335,none
360,V,S,-0.009005,335,none
360,V,T,-0.1187,335,none
360,V,W,-0.06825,335,none
360,V,Y,0.08312,335,none
361,Q,A,0.18,336,none
361,Q,C,0.1836,336,none
361,Q,D,-0.5935,336,none
361,Q,E,-0.6747,336,none
361,Q,F,-0.3215,336,none
361,Q,G,-0.1344,336,none
361,Q,H,0.1915,336,none
361,Q,I,0.2724,336,none
361,Q,K,-0.0009,336,none
361,Q,L,-0.1662,336,none
361,Q,M,0.01153,336,none
361,Q,N,-0.1213,336,none
361,Q,P,-0.4782,336,none
361,Q,R,0.07388,336,none
361,Q,S,0.0242,336,none
361,Q,T,-0.181,336,none
361,Q,V,0.05296,336,none
361,Q,Y,-0.2466,336,none
362,S,A,-0.08668,337,none
362,S,C,-0.06736,337,none
362,S,D,-0.3924,337,none
362,S,E,-0.09132,337,none
362,S,F,0.2485,337,none
362,S,G,-0.009827,337,none
362,S,H,-0.3513,337,none
362,S,I,0.1764,337,none
362,S,K,0.2702,337,none
362,S,L,0.1739,337,none
362,S,M,0.2021,337,none
362,S,N,0.04881,337,none
362,S,P,-0.231,337,none
362,S,Q,0.2186,337,none
362,S,R,-0.02642,337,none
362,S,T,-0.09252,337,none
362,S,V,0.1739,337,none
362,S,W,0.1541,337,none
362,S,Y,-0.3931,337,none
363,N,A,0.2113,338,none
363,N,C,0.07272,338,none
363,N,D,-0.194,338,none
363,N,E,-0.1121,338,none
363,N,F,-0.1842,338,none
363,N,G,0.02,338,none
363,N,H,0.0968,338,none
363,N,I,0.1304,338,none
363,N,K,-0.1915,338,none
363,N,L,-0.07989,338,none
363,N,M,0.0704,338,none
363,N,Q,-0.2086,338,none
363,N,R,0.1115,338,none
363,N,S,0.02758,338,none
363,N,T,-0.009555,338,none
363,N,V,0.09956,338,none
363,N,Y,-0.1648,338,none
364,R,A,-0.6298,339,none
364,R,C,-0.1462,339,none
364,R,D,-0.2521,339,none
364,R,E,0.1613,339,none
364,R,F,-0.2431,339,none
364,R,G,-0.4185,339,none
364,R,I,-0.2622,339,none
364,R,K,-0.7634,339,none
364,R,L,-0.043,339,none
364,R,M,0.2312,339,none
364,R,N,-0.2461,339,none
364,R,Q,-0.4515,339,none
364,R,S,-0.4051,339,none
364,R,T,-0.04039,339,none
364,R,V,-0.1403,339,none
364,R,W,-0.3623,339,none
364,R,Y,0.1484,339,none
365,V,A,0.1052,340,none
365,V,C,-0.0045,340,none
365,V,D,-0.3018,340,none
365,V,E,-0.3252,340,none
365,V,G,-0.3966,340,none
365,V,H,-0.4555,340,none
365,V,I,-0.1524,340,none
365,V,K,-0.4725,340,none
365,V,L,-0.3075,340,none
365,V,M,-0.6062,340,none
365,V,N,-0.4008,340,none
365,V,P,0.2386,340,none
365,V,Q,0.03829,340,none
365,V,R,-0.4507,340,none
365,V,S,-0.2818,340,none
365,V,T,-0.1739,340,none
365,V,W,-0.5228,340,none
365,V,Y,-0.04263,340,none
366,F,A,-0.2535,341,none
366,F,C,-0.2055,341,none
366,F,D,-1.093,341,none
366,F,E,-0.4734,341,none
366,F,G,-0.7861,341,none
366,F,H,-0.7955,341,none
366,F,I,-0.08491,341,none
366,F,K,-0.00825,341,none
366,F,L,-0.2833,341,none
366,F,M,0.2964,341,none
366,F,N,-0.7417,341,none
366,F,P,-0.2184,341,none
366,F,Q,0.2232,341,none
366,F,R,-0.2347,341,none
366,F,S,-0.4286,341,none
366,F,T,-0.5255,341,none
366,F,V,-0.4185,341,none
366,F,W,-0.07075,341,none
366,F,Y,-0.03273,341,none
367,C,A,0.2446,342,region_III
367,C,D,-0.0841,342,region_III
367,C,E,-0.4125,342,region_III
367,C,F,-0.2554,342,region_III
367,C,G,-0.2826,342,region_III
367,C,H,-0.6731,342,region_III
367,C,I,-0.3201,342,region_III
367,C,K,-0.4842,342,region_III
367,C,M,-0.533,342,region_III
367,C,N,-0.3018,342,region_III
367,C,P,-0.2443,342,region_III
367,C,Q,-0.1013,342,region_III
367,C,R,-0.3972,342,region_III
367,C,S,-0.3028,342,region_III
367,C,T,0.1647,342,region_III
367,C,V,-0.6139,342,region_III
367,C,W,-0.0921,342,region_III
367,C,Y,-0.8838,342,region_III
368,D,C,-0.2999,343,region_III
368,D,E,-0.00765,343,region_III
368,D,F,-0.4411,343,region_III
368,D,G,-0.6806,343,region_III
368,D,H,-0.1544,343,region_III
368,D,I,-0.1521,343,region_III
368,D,K,-0.2687,343,region_III
368,D,L,-0.5646,343,region_III
368,D,M,-0.6891,343,region_III
368,D,N,-0.227,343,region_III
368,D,P,-0.4,343,region_III
368,D,R,-0.7,343,region_III
368,D,S,-0.1215,343,region_III
368,D,T,-0.6839,343,region_III
368,D,V,-0.4544,343,region_III
368,D,W,-0.0185,343,region_III
368,D,Y,-0.4005,343,region_III
369,T,A,-0.3555,344,region_III
369,T,C,-0.1544,344,region_III
369,T,E,-0.1631,344,region_III
369,T,F,-0.6956,344,region_III
369,T,G,-0.5265,344,region_III
369,T,H,-0.6085,344,region_III
369,T,I,-0.5936,344,region_III
369,T,L,-0.1299,344,region_III
369,T,M,-0.5006,344,region_III
369,T,N,-0.7017,344,region_III
369,T,P,-0.07928,344,region_III
369,T,Q,0.06164,344,region_III
369,T,R,-0.4211,344,region_III
369,T,S,0.6135,344,region_III
369,T,V,-0.3708,344,region_III
369,T,W,0.0212,344,region_III
369,T,Y,-0.3846,344,region_III
370,M,A,-0.00985,345,region_III
370,M,C,-0.44,345,region_III
370,M,D,-0.2397,345,region_III
370,M,E,-0.1195,345,region_III
370,M,F,-0.4297,345,region_III
370,M,G,-0.01868,345,region_III
370,M,H,-0.07807,345,region_III
370,M,I,-0.7385,345,region_III
370,M,K,-0.2068,345,region_III
370,M,L,-0.1426,345,region_III
370,M,N,-0.286,345,region_III
370,M,P,-0.3792,345,region_III
370,M,Q,-0.0617,345,region_III
370,M,R,-0.4659,345,region_III
370,M,T,-0.5548,345,region_III
370,M,V,0.0563,345,region_III
370,M,W,-0.2139,345,region_III
370,M,Y,-0.3291,345,region_III
371,N,A,0.01297,346,region_III
371,N,C,-0.6356,346,region_III
371,N,D,0.1728,346,region_III
371,N,E,0.3333,346,region_III
371,N,F,0.1646,346,region_III
371,N,G,0.04674,346,region_III
371,N,H,0.1652,346,region_III
371,N,I,-0.9016,346,region_III
371,N,K,0.05447,346,region_III
371,N,L,-0.1038,346,region_III
371,N,M,0.3996,346,region_III
371,N,P,-0.07291,346,region_III
371,N,Q,0.03366,346,region_III
371,N,R,0.04741,346,region_III
371,N,S,-0.2794,346,region_III
371,N,T,0.05209,346,region_III
371,N,V,-0.3742,346,region_III
371,N,W,0.2084,346,region_III
371,N,Y,0.1283,346,region_III
372,S,A,-0.1917,347,region_III
372,S,C,-0.2092,347,region_III
372,S,D,-0.4953,347,region_III
372,S,E,0.2204,347,region_III
372,S,F,-0.414,347,region_III
372,S,G,-0.5427,347,region_III
372,S,H,0.2473,347,region_III
372,S,I,-0.7665,347,region_III
372,S,K,-0.6156,347,region_III
372,S,N,-0.975,347,region_III
372,S,Q,-0.09982,347,region_III
372,S,R,-1.345,347,region_III
372,S,T,-0.1233,347,region_III
372,S,V,-0.1719,347,region_III
372,S,W,-0.5247,347,region_III
372,S,Y,-0.1771,347,region_III
373,L,A,-0.306,348,region_III
373,L,C,-0.4435,348,region_III
373,L,D,-0.3448,348,region_III
373,L,F,-0.4563,348,region_III
373,L,G,0.02737,348,region_III
373,L,H,-0.5695,348,region_III
373,L,I,-0.1384,348,region_III
373,L,K,0.2132,348,region_III
373,L,M,-0.233,348,region_III
373,L,P,-0.4289,348,region_III
373,L,S,-0.6887,348,region_III
373,L,T,-0.4868,348,region_III
373,L,V,-0.7994,348,region_III
373,L,W,0.05064,348,region_III
374,T,A,-0.3082,349,region_III
374,T,C,-0.3062,349,region_III
374,T,D,-0.3142,349,region_III
374,T,E,-0.5713,349,region_III
374,T,F,-0.5023,349,region_III
374,T,H,-0.1656,349,region_III
374,T,I,-0.8984,349,region_III
374,T,L,-0.6387,349,region_III
374,T,M,-0.2846,349,region_III
374,T,N,-0.9416,349,region_III
374,T,P,-0.5837,349,region_III
374,T,R,-0.2623,349,region_III
374,T,S,-0.234,349,region_III
374,T,V,-0.3106,349,region_III
374,T,W,-0.1396,349,region_III
374,T,Y,-0.4596,349,region_III
375,L,A,0.2722,350,region_III
375,L,C,-0.005925,350,region_III
375,L,D,-0.3662,350,region_III
375,L,F,0.1614,350,region_III
375,L,H,-0.7516,350,region_III
375,L,I,-0.4145,350,region_III
375,L,M,-0.133,350,region_III
375,L,N,-0.6875,350,region_III
375,L,P,-1.28,350,region_III
375,L,Q,-0.2746,350,region_III
375,L,R,-0.3387,350,region_III
375,L,S,-0.4199,350,region_III
375,L,T,-0.4765,350,region_III
375,L,V,0.06324,350,region_III
375,L,W,0.04677,350,region_III
376,P,A,0.129,351,region_III
376,P,C,-0.1483,351,region_III
376,P,D,0.1323,351,region_III
376,P,E,0.2463,351,region_III
376,P,G,-0.1282,351,region_III
376,P,H,-0.294,351,region_III
376,P,I,-0.2801,351,region_III
376,P,K,-0.4056,351,region_III
376,P,L,-0.2844,351,region_III
376,P,M,-0.1,351,region_III
376,P,N,-0.6385,351,region_III
376,P,Q,0.184,351,region_III
376,P,R,-0.713,351,region_III
376,P,S,0.2495,351,region_III
376,P,T,-0.3387,351,region_III
376,P,V,-0.006962,351,region_III
376,P,Y,-0.487,351,region_III
377,S,A,0.5368,352,region_III
377,S,C,-0.02664,352,region_III
377,S,D,-0.3087,352,region_III
377,S,E,-0.2116,352,region_III
377,S,F,0.08101,352,region_III
377,S,G,-0.1543,352,region_III
377,S,H,-0.01596,352,region_III
377,S,I,0.0525,352,region_III
377,S,K,0.02914,352,region_III
377,S,L,0.2958,352,region_III
377,S,M,-0.3145,352,region_III
377,S,N,-0.1964,352,region_III
377,S,P,0.0238,352,region_III
377,S,Q,0.02764,352,region_III
377,S,R,-0.4496,352,region_III
377,S,T,-0.2801,352,region_III
377,S,V,0.336,352,region_III
377,S,W,0.121,352,region_III
377,S,Y,-0.389,352,region_III
378,E,A,0.08346,353,region_III
378,E,C,-0.4192,353,region_III
378,E,D,0.02633,353,region_III
378,E,F,-0.7344,353,region_III
378,E,G,-0.4485,353,region_III
378,E,H,-0.3443,353,region_III
378,E,I,-0.4283,353,region_III
378,E,K,-0.2628,353,region_III
378,E,L,-0.3164,353,region_III
378,E,M,-0.4711,353,region_III
378,E,N,-0.2793,353,region_III
378,E,P,-0.6393,353,region_III
378,E,Q,-0.08851,353,region_III
378,E,R,-0.1461,353,region_III
378,E,S,-0.4837,353,region_III
378,E,T,-0.7581,353,region_III
378,E,V,-0.3371,353,region_III
378,E,W,-0.976,353,region_III
378,E,Y,-0.2396,353,region_III
379,V,A,-0.179,354,region_I
379,V,C,-0.1361,354,region_I
379,V,D,-0.2476,354,region_I
379,V,E,-0.377,354,region_I
379,V,F,-0.2574,354,region_I
379,V,G,-0.04625,354,region_I
379,V,I,-0.4629,354,region_I
379,V,K,-0.2975,354,region_I
379,V,L,-0.3682,354,region_I
379,V,M,-1.117,354,region_I
379,V,N,-0.02887,354,region_I
379,V,P,-0.4879,354,region_I
379,V,Q,-0.3796,354,region_I
379,V,R,-0.5189,354,region_I
379,V,S,-0.7774,354,region_I
379,V,W,-0.104,354,region_I
379,V,Y,-0.5838,354,region_I
380,N,A,-0.02808,355,region_I
380,N,C,-0.2077,355,region_I
380,N,D,0.1377,355,region_I
380,N,E,0.08222,355,region_I
380,N,F,-0.4797,355,region_I
380,N,G,0.1614,355,region_I
380,N,H,-0.3836,355,region_I
380,N,I,0.01137,355,region_I
380,N,K,0.3542,355,region_I
380,N,L,-0.1793,355,region_I
380,N,M,-0.4001,355,region_I
380,N,Q,-0.1926,355,region_I
380,N,R,-0.04302,355,region_I
380,N,S,0.08937,355,region_I
380,N,T,-0.3906,355,region_I
380,N,V,0.1993,355,region_I
380,N,W,0.223,355,region_I
380,N,Y,-0.02517,355,region_I
381,L,A,-0.09674,356,region_I
381,L,C,-0.216,356,region_I
381,L,D,0.4979,356,region_I
381,L,E,-0.04,356,region_I
381,L,F,-0.121,356,region_I
381,L,G,-0.526,356,region_I
381,L,H,-0.458,356,region_I
381,L,K,-0.5969,356,region_I
381,L,M,-0.7164,356,region_I
381,L,N,-0.1564,356,region_I
381,L,P,-0.5066,356,region_I
381,L,Q,-0.1909,356,region_I
381,L,R,-0.6188,356,region_I
381,L,S,-0.2821,356,region_I
381,L,T,-0.1483,356,region_I
381,L,V,-0.3373,356,region_I
381,L,W,0.1739,356,region_I
381,L,Y,-0.0785,356,region_I
382,C,A,-0.4936,357,region_I
382,C,D,-0.4933,357,region_I
382,C,E,-0.4854,357,region_I
382,C,F,0.1284,357,region_I
382,C,G,-0.09043,357,region_I
382,C,H,-0.3325,357,region_I
382,C,I,-0.5829,357,region_I
382,C,K,-0.4741,357,region_I
382,C,L,-0.8553,357,region_I
382,C,N,-0.1079,357,region_I
382,C,P,-0.1047,357,region_I
382,C,Q,-0.5074,357,region_I
382,C,R,-0.03107,357,region_I
382,C,S,-0.1967,357,region_I
382,C,V,0.029,357,region_I
382,C,W,0.0347,357,region_I
382,C,Y,-0.7421,357,region_I
383,N,A,-0.2406,358,region_I
383,N,C,-0.8588,358,region_I
383,N,D,-0.4518,358,region_I
383,N,E,-0.1533,358,region_I
383,N,F,-0.218,358,region_I
383,N,G,-0.3702,358,region_I
383,N,H,0.4695,358,region_I
383,N,I,-0.2939,358,region_I
383,N,K,-0.06102,358,region_I
383,N,L,-0.263,358,region_I
383,N,M,-0.04524,358,region_I
383,N,P,-0.6007,358,region_I
383,N,Q,-0.4407,358,region_I
383,N,R,0.00905,358,region_I
383,N,S,0.3384,358,region_I
383,N,V,-0.4965,358,region_I
383,N,W,0.05878,358,region_I
384,V,A,0.4364,359,region_I
384,V,C,-0.07839,359,region_I
384,V,D,0.2044,359,region_I
384,V,E,0.05521,359,region_I
384,V,F,0.3498,359,region_I
384,V,G,-0.2774,359,region_I
384,V,H,-0.2657,359,region_I
384,V,I,0.438,359,region_I
384,V,K,-0.1094,359,region_I
384,V,L,0.06768,359,region_I
384,V,M,0.3126,359,region_I
384,V,N,-0.2047,359,region_I
384,V,P,0.1491,359,region_I
384,V,Q,-0.002516,359,region_I
384,V,R,-0.1855,359,region_I
384,V,S,-0.2389,359,region_I
384,V,T,-0.2549,359,region_I
384,V,W,-0.232,359,region_I
384,V,Y,0.02431,359,region_I
385,D,A,-0.01989,360,region_I
385,D,C,-0.4213,360,region_I
385,D,E,0.241,360,region_I
385,D,F,0.1129,360,region_I
385,D,I,0.236,360,region_I
385,D,K,-0.01328,360,region_I
385,D,L,-0.04723,360,region_I
385,D,M,-0.477,360,region_I
385,D,N,-0.01112,360,region_I
385,D,P,-0.1351,360,region_I
385,D,Q,-0.2277,360,region_I
385,D,R,-0.1625,360,region_I
385,D,S,-0.04015,360,region_I
385,D,T,0.1585,360,region_I
385,D,V,-0.1186,360,region_I
385,D,W,-0.4779,360,region_I
385,D,Y,-0.5646,360,region_I
386,I,A,-0.1974,361,region_I
386,I,C,-0.3217,361,region_I
386,I,D,-0.6037,361,region_I
386,I,E,-0.3406,361,region_I
386,I,G,-0.1806,361,region_I
386,I,H,-0.4078,361,region_I
386,I,K,-0.1915,361,region_I
386,I,L,-0.6194,361,region_I
386,I,M,-0.2043,361,region_I
386,I,N,-0.187,361,region_I
386,I,P,-0.5071,361,region_I
386,I,R,0.08587,361,region_I
386,I,T,-0.2196,361,region_I
386,I,V,0.2175,361,region_I
386,I,W,-0.4254,361,region_I
386,I,Y,-0.2049,361,region_I
387,F,A,-0.02341,362,region_I
387,F,C,-0.5039,362,region_I
387,F,D,-0.3664,362,region_I
387,F,E,0.1861,362,region_I
387,F,G,0.005425,362,region_I
387,F,H,-0.3765,362,region_I
387,F,I,-0.3198,362,region_I
387,F,K,-0.1306,362,region_I
387,F,L,-0.376,362,region_I
387,F,M,-0.7153,362,region_I
387,F,N,-0.1777,362,region_I
387,F,P,-0.4754,362,region_I
387,F,Q,-0.1175,362,region_I
387,F,R,-0.2981,362,region_I
387,F,S,-0.4978,362,region_I
387,F,T,-0.289,362,region_I
387,F,V,-0.13,362,region_I
387,F,W,-0.05191,362,region_I
387,F,Y,-0.05368,362,region_I
388,N,C,-0.5183,363,region_I
388,N,D,-0.03492,363,region_I
388,N,E,-0.2403,363,region_I
388,N,F,0.0002229,363,region_I
388,N,G,-0.07102,363,region_I
388,N,H,-0.2928,363,region_I
388,N,I,-0.1874,363,region_I
388,N,K,-0.03453,363,region_I
388,N,L,-0.5724,363,region_I
388,N,M,-0.9189,363,region_I
388,N,P,-0.1505,363,region_I
388,N,Q,0.1426,363,region_I
388,N,R,-0.2732,363,region_I
388,N,S,-0.04538,363,region_I
388,N,T,-0.1326,363,region_I
388,N,V,-0.1415,363,region_I
388,N,W,-0.0625,363,region_I
388,N,Y,0.01671,363,region_I
389,P,A,-0.01485,364,region_I
389,P,C,-0.4705,364,region_I
389,P,D,-0.06638,364,region_I
389,P,E,-0.07905,364,region_I
389,P,F,-0.2402,364,region_I
389,P,G,0.421,364,region_I
389,P,H,-0.3382,364,region_I
389,P,I,-0.004483,364,region_I
389,P,K,-0.2996,364,region_I
389,P,L,-0.1105,364,region_I
389,P,M,0.1058,364,region_I
389,P,N,-0.1986,364,region_I
389,P,Q,-0.06856,364,region_I
389,P,R,-0.296,364,region_I
389,P,S,-0.05483,364,region_I
389,P,T,0.1007,364,region_I
389,P,V,-0.2959,364,region_I
389,P,W,-0.5312,364,region_I
389,P,Y,-0.1978,364,region_I
390,K,A,0.07179,365,region_I
390,K,C,-0.1691,365,region_I
390,K,D,0.08267,365,region_I
390,K,E,0.1087,365,region_I
390,K,F,-0.3246,365,region_I
390,K,G,0.02703,365,region_I
390,K,H,-0.1532,365,region_I
390,K,I,-0.3507,365,region_I
390,K,L,0.1079,365,region_I
390,K,M,0.2344,365,region_I
390,K,N,-0.01887,365,region_I
390,K,P,-0.5693,365,region_I
390,K,Q,-0.1238,365,region_I
390,K,R,0.04488,365,region_I
390,K,S,0.06525,365,region_I
390,K,T,-0.07456,365,region_I
390,K,V,0.2968,365,region_I
390,K,W,-0.06918,365,region_I
390,K,Y,0.6121,365,region_I
391,Y,A,-0.1467,366,none
391,Y,C,-0.2243,366,none
391,Y,D,-0.1967,366,none
391,Y,E,-0.3126,366,none
391,Y,F,-0.421,366,none
391,Y,H,-0.3863,366,none
391,Y,I,-0.5492,366,none
391,Y,M,-0.134,366,none
391,Y,N,-1.114,366,none
391,Y,P,-0.3579,366,none
391,Y,Q,-0.3649,366,none
391,Y,R,-0.106,366,none
391,Y,S,-0.1863,366,none
391,Y,T,-0.4072,366,none
391,Y,V,-0.3891,366,none
391,Y,W,-0.4867,366,none
392,D,A,-0.2713,367,none
392,D,C,-0.5057,367,none
392,D,E,-0.4145,367,none
392,D,F,-0.2253,367,none
392,D,G,0.03175,367,none
392,D,H,-0.507,367,none
392,D,I,-0.5922,367,none
392,D,L,-0.6116,367,none
392,D,M,0.0637,367,none
392,D,N,-0.5883,367,none
392,D,P,-0.01332,367,none
392,D,Q,-0.5203,367,none
392,D,R,-0.1463,367,none
392,D,T,-0.356,367,none
392,D,V,-0.5168,367,none
392,D,W,-0.5818,367,none
392,D,Y,-0.2328,367,none
393,C,A,-0.3569,368,none
393,C,D,-0.4477,368,none
393,C,E,-0.2171,368,none
393,C,F,-0.6883,368,none
393,C,G,-0.3652,368,none
393,C,H,-0.1518,368,none
393,C,I,-0.1246,368,none
393,C,K,-0.2818,368,none
393,C,L,-0.1494,368,none
393,C,N,-0.1955,368,none
393,C,P,-0.5414,368,none
393,C,Q,-0.1843,368,none
393,C,R,-0.5485,368,none
393,C,S,-0.08941,368,none
393,C,T,-0.6438,368,none
393,C,V,-0.3387,368,none
393,C,W,-0.9672,368,none
393,C,Y,-0.6951,368,none
394,K,A,-0.06219,369,none
394,K,C,-0.4241,369,none
394,K,D,-0.3114,369,none
394,K,E,-0.2759,369,none
394,K,G,-0.08743,369,none
394,K,H,-0.2905,369,none
394,K,L,-0.2452,369,none
394,K,M,0.0666,369,none
394,K,N,-0.3507,369,none
394,K,P,0.06093,369,none
394,K,Q,-0.3822,369,none
394,K,R,-0.3862,369,none
394,K,T,-0.2893,369,none
394,K,V,-0.3258,369,none
394,K,W,-0.4926,369,none
394,K,Y,-0.5965,369,none
395,I,A,-0.4669,370,none
395,I,C,-0.4569,370,none
395,I,D,-0.2589,370,none
395,I,E,-0.4204,370,none
395,I,F,-0.7849,370,none
395,I,G,-0.2518,370,none
395,I,H,-0.3367,370,none
395,I,K,-0.3886,370,none
395,I,L,-0.3149,370,none
395,I,M,-0.7023,370,none
395,I,N,-0.7268,370,none
395,I,P,-0.2122,370,none
395,I,Q,-0.1315,370,none
395,I,R,-0.2507,370,none
395,I,S,-0.6448,370,none
395,I,V,0.02907,370,none
395,I,W,-0.4963,370,none
395,I,Y,0.0491,370,none
396,M,D,-0.4827,371,none
396,M,E,-0.08225,371,none
396,M,F,0.1088,371,none
396,M,G,-0.2711,371,none
396,M,I,-0.138,371,none
396,M,K,-0.0982,371,none
396,M,L,-0.2499,371,none
396,M,N,-0.3882,371,none
396,M,P,-0.6683,371,none
396,M,Q,-0.2769,371,none
396,M,R,-0.6003,371,none
396,M,S,-0.1672,371,none
396,M,T,-0.7722,371,none
396,M,V,-0.3656,371,none
396,M,W,-0.2859,371,none
396,M,Y,-0.6068,371,none
397,T,A,0.04235,372,none
397,T,C,-0.7012,372,none
397,T,E,-0.4896,372,none
397,T,F,-0.218,372,none
397,T,G,-0.237,372,none
397,T,H,-1.025,372,none
397,T,I,-0.6399,372,none
397,T,K,-0.4018,372,none
397,T,L,-0.8748,372,none
397,T,N,-0.5832,372,none
397,T,P,0.04995,372,none
397,T,V,-0.4021,372,none
397,T,W,-0.087,372,none
397,T,Y,-0.4561,372,none
398,S,A,-0.671,373,none
398,S,C,-0.1874,373,none
398,S,D,-0.2135,373,none
398,S,E,-0.608,373,none
398,S,F,-0.2942,373,none
398,S,G,0.01471,373,none
398,S,H,-0.2951,373,none
398,S,K,0.0187,373,none
398,S,L,-0.4421,373,none
398,S,M,-0.2127,373,none
398,S,P,-0.452,373,none
398,S,Q,-0.6372,373,none
398,S,R,0.05487,373,none
398,S,T,0.2176,373,none
398,S,V,-0.1226,373,none
398,S,W,-0.2208,373,none
398,S,Y,-0.2659,373,none
399,K,C,-0.3967,374,none
399,K,E,-0.3319,374,none
399,K,F,-0.2274,374,none
399,K,G,-0.2104,374,none
399,K,H,-0.1145,374,none
399,K,I,-0.3206,374,none
399,K,L,-0.7165,374,none
399,K,M,-0.05282,374,none
399,K,N,-0.7853,374,none
399,K,P,-0.2583,374,none
399,K,Q,-0.1483,374,none
399,K,R,-0.2044,374,none
399,K,S,-0.4946,374,none
399,K,V,-0.07986,374,none
399,K,W,-0.6049,374,none
399,K,Y,-1.216,374,none
400,T,A,-0.5041,375,none
400,T,D,-0.2844,375,none
400,T,E,-0.0632,375,none
400,T,F,-0.7758,375,none
400,T,G,-0.2646,375,none
400,T,I,-0.8478,375,none
400,T,K,-0.7638,375,none
400,T,L,-0.3749,375,none
400,T,M,-0.2512,375,none
400,T,N,-0.3456,375,none
400,T,P,-0.07409,375,none
400,T,Q,-0.2337,375,none
400,T,S,-0.03674,375,none
400,T,V,-0.3063,375,none
400,T,W,-0.004105,375,none
400,T,Y,-0.6317,375,none
401,D,A,-0.3217,376,none
401,D,C,-0.2184,376,none
401,D,E,-0.6561,376,none
401,D,G,-0.08182,376,none
401,D,I,0.2299,376,none
401,D,K,-0.03048,376,none
401,D,M,-0.02368,376,none
401,D,N,-0.3326,376,none
401,D,P,-0.4089,376,none
401,D,Q,-0.3634,376,none
401,D,R,-0.4401,376,none
401,D,S,-0.7898,376,none
401,D,T,-0.5677,376,none
401,D,V,0.05603,376,none
401,D,W,-0.336,376,none
401,D,Y,-0.3171,376,none
402,V,A,-0.05182,377,none
402,V,C,-0.2903,377,none
402,V,D,-0.4404,377,none
402,V,E,-0.2194,377,none
402,V,F,-0.6333,377,none
402,V,G,-0.1083,377,none
402,V,I,0.02235,377,none
402,V,K,-0.2903,377,none
402,V,L,-0.1753,377,none
402,V,M,-0.208,377,none
402,V,N,-0.6558,377,none
402,V,Q,-0.4373,377,none
402,V,R,-0.1383,377,none
402,V,S,-0.7022,377,none
402,V,T,-0.2767,377,none
402,V,W,0.2653,377,none
402,V,Y,-0.01123,377,none
403,S,A,0.02368,378,none
403,S,C,0.123,378,none
403,S,D,-0.5583,378,none
403,S,E,-0.408,378,none
403,S,F,-0.6094,378,none
403,S,G,0.0428,378,none
403,S,I,-0.26,378,none
403,S,K,-0.5069,378,none
403,S,L,-0.6002,378,none
403,S,M,-0.5196,378,none
403,S,Q,-0.6915,378,none
403,S,R,-0.5293,378,none
403,S,T,-0.01318,378,none
403,S,W,-0.5939,378,none
403,S,Y,-0.6214,378,none
404,S,A,-0.1766,379,none
404,S,C,-0.5423,379,none
404,S,D,-0.2595,379,none
404,S,F,-0.2563,379,none
404,S,G,-0.5894,379,none
404,S,I,-0.6707,379,none
404,S,K,-0.2455,379,none
404,S,L,-0.2033,379,none
404,S,N,-0.407,379,none
404,S,P,-0.01722,379,none
404,S,Q,-0.499,379,none
404,S,R,0.08645,379,none
404,S,T,-0.27,379,none
404,S,V,-0.7426,379,none
404,S,W,-0.4093,379,none
405,S,A,-0.04707,380,none
405,S,C,-0.3111,380,none
405,S,E,-0.2518,380,none
405,S,F,-0.3944,380,none
405,S,G,-0.1125,380,none
405,S,I,0.07336,380,none
405,S,K,-0.2939,380,none
405,S,L,-0.039,380,none
405,S,M,0.01242,380,none
405,S,P,0.05922,380,none
405,S,Q,-0.4144,380,none
405,S,R,0.06536,380,none
405,S,T,0.318,380,none
405,S,V,-0.2163,380,none
405,S,W,0.2558,380,none
405,S,Y,-0.9967,380,none
406,V,A,-0.5735,381,none
406,V,C,-0.158,381,none
406,V,D,0.06471,381,none
406,V,E,-0.3679,381,none
406,V,F,0.09055,381,none
406,V,G,-0.08302,381,none
406,V,H,-0.07242,381,none
406,V,I,-0.06309,381,none
406,V,K,-0.2724,381,none
406,V,L,-0.2039,381,none
406,V,M,-0.3129,381,none
406,V,P,-0.466,381,none
406,V,Q,-0.1307,381,none
406,V,R,0.1598,381,none
406,V,S,-0.1261,381,none
406,V,W,-0.5038,381,none
406,V,Y,-0.2142,381,none
407,I,A,-0.521,382,none
407,I,C,0.1184,382,none
407,I,D,-0.0109,382,none
407,I,E,-0.4593,382,none
407,I,F,-1.176,382,none
407,I,G,-0.4721,382,none
407,I,H,0.1807,382,none
407,I,K,-0.4267,382,none
407,I,L,0.001948,382,none
407,I,M,-0.09331,382,none
407,I,N,-0.3207,382,none
407,I,P,-0.4167,382,none
407,I,Q,-0.696,382,none
407,I,R,-0.6359,382,none
407,I,S,-0.1021,382,none
407,I,T,-0.2479,382,none
407,I,V,-0.3358,382,none
407,I,W,-0.631,382,none
408,T,A,-1.014,383,none
408,T,C,0.2505,383,none
408,T,D,-0.1346,383,none
408,T,E,-0.3028,383,none
408,T,F,-0.3837,383,none
408,T,G,0.04936,383,none
408,T,H,0.001025,383,none
408,T,I,-0.3837,383,none
408,T,K,0.09157,383,none
408,T,L,-0.05639,383,none
408,T,M,0.2707,383,none
408,T,N,-0.3056,383,none
408,T,P,-0.00519,383,none
408,T,Q,-0.1408,383,none
408,T,R,-0.1301,383,none
408,T,S,-0.1111,383,none
408,T,V,0.2768,383,none
408,T,W,-0.1083,383,none
408,T,Y,-0.2288,383,none
409,S,A,-0.3588,384,none
409,S,C,-0.3699,384,none
409,S,D,0.2866,384,none
409,S,E,-0.1955,384,none
409,S,F,-0.2263,384,none
409,S,G,-0.537,384,none
409,S,H,-0.2426,384,none
409,S,I,-0.2789,384,none
409,S,K,0.003787,384,none
409,S,L,-0.3453,384,none
409,S,M,0.2371,384,none
409,S,N,-0.1147,384,none
409,S,P,0.1544,384,none
409,S,R,-0.4301,384,none
409,S,T,0.0086,384,none
409,S,V,-0.07971,384,none
409,S,W,-0.2646,384,none
409,S,Y,0.0255,384,none
410,L,A,-0.2726,385,none
410,L,C,-0.7709,385,none
410,L,D,-0.2913,385,none
410,L,E,-0.3335,385,none
410,L,F,-0.6342,385,none
410,L,G,-0.1595,385,none
410,L,H,-0.1918,385,none
410,L,I,-0.1582,385,none
410,L,M,0.312,385,none
410,L,N,-0.3009,385,none
410,L,P,-0.231,385,none
410,L,Q,-0.6707,385,none
410,L,R,-0.7231,385,none
410,L,S,-0.5781,385,none
410,L,T,-0.3357,385,none
410,L,V,0.03463,385,none
410,L,W,-0.2035,385,none
410,L,Y,0.07577,385,none
411,G,A,-0.3845,386,none
411,G,C,-0.7019,386,none
411,G,D,0.1663,386,none
411,G,E,-0.3025,386,none
411,G,F,-0.09828,386,none
411,G,H,-0.5726,386,none
411,G,I,0.0635,386,none
411,G,K,-0.09043,386,none
411,G,N,-0.09528,386,none
411,G,P,-0.6141,386,none
411,G,Q,-0.1165,386,none
411,G,R,-0.4633,386,none
411,G,S,-0.06613,386,none
411,G,T,-0.6752,386,none
411,G,V,-0.2456,386,none
411,G,W,-0.7185,386,none
411,G,Y,-0.5934,386,none
412,A,C,-0.3543,387,none
412,A,D,-0.5819,387,none
412,A,E,-0.6581,387,none
412,A,F,-0.5137,387,none
412,A,G,-0.03873,387,none
412,A,I,-0.3152,387,none
412,A,K,-0.1652,387,none
412,A,L,-0.3401,387,none
412,A,M,-0.3658,387,none
412,A,N,-0.471,387,none
412,A,P,0.239,387,none
412,A,Q,-0.05235,387,none
412,A,R,-0.4933,387,none
412,A,S,0.07993,387,none
412,A,T,-0.1946,387,none
412,A,V,-0.3329,387,none
412,A,W,0.003265,387,none
412,A,Y,-0.4272,387,none
413,I,A,-0.4679,388,none
413,I,C,-0.2818,388,none
413,I,D,-0.3396,388,none
413,I,E,-0.4061,388,none
413,I,F,-0.8867,388,none
413,I,G,-0.2105,388,none
413,I,H,-0.4208,388,none
413,I,K,-0.1139,388,none
413,I,L,-0.1912,388,none
413,I,M,0.08373,388,none
413,I,N,-0.2557,388,none
413,I,P,-0.5472,388,none
413,I,Q,-0.6198,388,none
413,I,R,-0.8304,388,none
413,I,T,-0.182,388,none
413,I,V,-0.189,388,none
413,I,W,0.1198,388,none
413,I,Y,-0.4733,388,none
414,V,A,-0.5854,389,none
414,V,C,-0.6885,389,none
414,V,E,-0.517,389,none
414,V,F,-0.7583,389,none
414,V,H,-0.6613,389,none
414,V,I,-0.4454,389,none
414,V,L,-0.1468,389,none
414,V,M,-0.1096,389,none
414,V,N,-0.09187,389,none
414,V,P,0.001058,389,none
414,V,Q,0.1714,389,none
414,V,R,-0.1746,389,none
414,V,S,0.05158,389,none
414,V,T,-0.1106,389,none
414,V,Y,-0.304,389,none
415,S,A,-0.1451,390,none
415,S,C,-0.007553,390,none
415,S,D,-0.5463,390,none
415,S,E,-0.098,390,none
415,S,F,-0.1248,390,none
415,S,G,-0.1524,390,none
415,S,H,-0.2628,390,none
415,S,I,-0.05303,390,none
415,S,K,-0.3779,390,none
415,S,L,-0.4152,390,none
415,S,M,-0.648,390,none
415,S,N,0.06517,390,none
415,S,P,-0.7043,390,none
415,S,Q,0.009165,390,none
415,S,R,-0.362,390,none
415,S,V,-0.2044,390,none
415,S,W,-0.6939,390,none
415,S,Y,-1.08,390,none
416,C,A,-0.1057,391,none
416,C,D,-0.6744,391,none
416,C,E,-0.4,391,none
416,C,F,-0.6224,391,none
416,C,G,-0.1517,391,none
416,C,H,-0.4345,391,none
416,C,I,-0.4522,391,none
416,C,K,-0.348,391,none
416,C,L,-0.3843,391,none
416,C,M,-0.2363,391,none
416,C,N,-0.267,391,none
416,C,P,-0.4337,391,none
416,C,Q,-0.0711,391,none
416,C,R,-0.2368,391,none
416,C,S,0.1222,391,none
416,C,T,-0.4119,391,none
416,C,V,-0.441,391,none
416,C,W,-0.5733,391,none
416,C,Y,-0.1977,391,none
417,Y,A,-0.1755,392,none
417,Y,C,-0.07352,392,none
417,Y,D,0.123,392,none
417,Y,E,-0.1304,392,none
417,Y,F,-0.2886,392,none
417,Y,G,-0.513,392,none
417,Y,H,-0.7585,392,none
417,Y,K,-0.3386,392,none
417,Y,M,-0.2295,392,none
417,Y,N,-0.5081,392,none
417,Y,P,-0.3155,392,none
417,Y,Q,-0.3176,392,none
417,Y,R,0.09709,392,none
417,Y,T,-0.44,392,none
417,Y,V,-0.2165,392,none
417,Y,W,-0.4592,392,none
418,G,A,-0.238,393,none
418,G,C,-0.6531,393,none
418,G,D,-0.3831,393,none
418,G,E,0.3943,393,none
418,G,F,-1.063,393,none
418,G,H,0.02629,393,none
418,G,I,-0.0275,393,none
418,G,K,-0.08683,393,none
418,G,L,-0.06278,393,none
418,G,M,-0.4062,393,none
418,G,P,-0.1229,393,none
418,G,Q,0.123,393,none
418,G,R,0.495,393,none
418,G,S,-0.1303,393,none
418,G,T,-0.09298,393,none
418,G,V,-0.3344,393,none
418,G,Y,-0.02763,393,none
419,K,A,-0.3115,394,none
419,K,E,0.4315,394,none
419,K,F,-0.07581,394,none
419,K,G,0.2484,394,none
419,K,H,-0.04815,394,none
419,K,I,-0.1585,394,none
419,K,L,-0.1805,394,none
419,K,M,0.4929,394,none
419,K,N,-0.5824,394,none
419,K,P,0.09512,394,none
419,K,Q,-0.01646,394,none
419,K,R,-0.2973,394,none
419,K,S,-0.1785,394,none
419,K,T,0.1499,394,none
419,K,V,-0.4917,394,none
419,K,W,-0.9323,394,none
419,K,Y,-0.3067,394,none
420,T,A,-0.6699,395,none
420,T,C,-0.1821,395,none
420,T,D,-0.3529,395,none
420,T,E,-1.025,395,none
420,T,F,-0.5189,395,none
420,T,G,-0.3859,395,none
420,T,I,0.5411,395,none
420,T,K,-0.0678,395,none
420,T,L,0.1222,395,none
420,T,M,-0.6999,395,none
420,T,N,0.2923,395,none
420,T,Q,-0.6682,395,none
420,T,R,-0.08675,395,none
420,T,V,0.3691,395,none
420,T,W,-0.01598,395,none
420,T,Y,-0.08727,395,none
421,K,A,0.1296,396,none
421,K,C,-0.03179,396,none
421,K,E,-0.3311,396,none
421,K,F,-0.2732,396,none
421,K,H,-0.05432,396,none
421,K,I,0.1218,396,none
421,K,L,0.4079,396,none
421,K,M,0.3509,396,none
421,K,N,-0.4681,396,none
421,K,Q,0.4494,396,none
421,K,R,0.4856,396,none
421,K,S,0.5377,396,none
421,K,T,-0.06533,396,none
421,K,W,0.01324,396,none
421,K,Y,0.04846,396,none
422,C,D,-0.09575,397,region_IV
422,C,F,-0.5343,397,region_IV
422,C,G,-0.2763,397,region_IV
422,C,H,-0.1115,397,region_IV
422,C,I,0.3754,397,region_IV
422,C,K,-0.5847,397,region_IV
422,C,N,-0.3806,397,region_IV
422,C,P,-0.06363,397,region_IV
422,C,R,-0.4169,397,region_IV
422,C,S,-0.4078,397,region_IV
422,C,T,-0.3881,397,region_IV
422,C,W,-0.3769,397,region_IV
422,C,Y,-1.024,397,region_IV
423,T,A,0.4048,398,region_IV
423,T,C,-0.5323,398,region_IV
423,T,D,-0.2877,398,region_IV
423,T,F,-0.2052,398,region_IV
423,T,G,0.4138,398,region_IV
423,T,H,-0.0849,398,region_IV
423,T,I,-0.3329,398,region_IV
423,T,K,-0.6385,398,region_IV
423,T,M,-0.039,398,region_IV
423,T,P,0.1777,398,region_IV
423,T,Q,-0.03277,398,region_IV
423,T,R,-0.5992,398,region_IV
423,T,S,-0.2426,398,region_IV
423,T,V,-0.1612,398,region_IV
423,T,W,0.03273,398,region_IV
423,T,Y,-0.4903,398,region_IV
424,A,C,-0.07748,399,region_IV
424,A,D,-0.9659,399,region_IV
424,A,E,-0.3543,399,region_IV
424,A,F,-0.3914,399,region_IV
424,A,G,-0.4403,399,region_IV
424,A,H,-0.4484,399,region_IV
424,A,I,0.04942,399,region_IV
424,A,K,0.01708,399,region_IV
424,A,L,0.07415,399,region_IV
424,A,M,0.007667,399,region_IV
424,A,N,-0.1664,399,region_IV
424,A,Q,-0.8024,399,region_IV
424,A,R,-0.705,399,region_IV
424,A,S,-0.3851,399,region_IV
424,A,T,-0.9364,399,region_IV
424,A,V,-0.6611,399,region_IV
424,A,W,-0.4398,399,region_IV
424,A,Y,-0.03068,399,region_IV
425,S,A,0.06062,400,region_IV
425,S,C,-0.0751,400,region_IV
425,S,D,-0.2728,400,region_IV
425,S,E,-0.04967,400,region_IV
425,S,F,0.0934,400,region_IV
425,S,G,0.1527,400,region_IV
425,S,H,-0.19,400,region_IV
425,S,I,-0.1941,400,region_IV
425,S,K,-0.963,400,region_IV
425,S,L,-0.3895,400,region_IV
425,S,M,-0.4549,400,region_IV
425,S,N,0.04621,400,region_IV
425,S,P,-0.1905,400,region_IV
425,S,Q,0.04485,400,region_IV
425,S,R,-0.3427,400,region_IV
425,S,T,0.01406,400,region_IV
425,S,V,-0.7279,400,region_IV
425,S,W,-0.7641,400,region_IV
425,S,Y,-0.3825,400,region_IV
426,N,C,-0.6066,401,region_IV
426,N,D,0.1469,401,region_IV
426,N,E,0.03459,401,region_IV
426,N,F,-0.08015,401,region_IV
426,N,G,-0.8173,401,region_IV
426,N,H,-0.3018,401,region_IV
426,N,I,0.02413,401,region_IV
426,N,K,-0.3255,401,region_IV
426,N,M,-0.5594,401,region_IV
426,N,P,-0.8334,401,region_IV
426,N,Q,0.08219,401,region_IV
426,N,R,-0.695,401,region_IV
426,N,S,-0.6687,401,region_IV
426,N,T,0.5016,401,region_IV
426,N,V,-0.7026,401,region_IV
426,N,W,-0.8444,401,region_IV
426,N,Y,0.1815,401,region_IV
427,K,A,-0.2097,402,region_IV
427,K,C,-0.3396,402,region_IV
427,K,E,-0.6307,402,region_IV
427,K,F,0.02198,402,region_IV
427,K,G,-0.07318,402,region_IV
427,K,H,-0.7696,402,region_IV
427,K,I,-0.08482,402,region_IV
427,K,L,0.04611,402,region_IV
427,K,M,-0.34,402,region_IV
427,K,N,0.2221,402,region_IV
427,K,P,-0.371,402,region_IV
427,K,Q,0.07055,402,region_IV
427,K,R,0.2331,402,region_IV
427,K,S,-0.1171,402,region_IV
427,K,T,-0.5643,402,region_IV
427,K,W,-0.4167,402,region_IV
427,K,Y,-0.2809,402,region_IV
428,N,C,-0.01905,403,region_IV
428,N,D,-0.5316,403,region_IV
428,N,F,-0.6828,403,region_IV
428,N,G,-0.6217,403,region_IV
428,N,H,-0.4547,403,region_IV
428,N,I,0.08233,403,region_IV
428,N,K,-0.7336,403,region_IV
428,N,M,-0.7101,403,region_IV
428,N,P,-0.1406,403,region_IV
428,N,Q,-0.5838,403,region_IV
428,N,R,-0.1904,403,region_IV
428,N,S,-0.1743,403,region_IV
428,N,T,-0.2616,403,region_IV
428,N,V,-0.6596,403,region_IV
428,N,W,-0.3688,403,region_IV
428,N,Y,-0.4171,403,region_IV
429,R,A,0.3911,404,region_IV
429,R,C,-0.07733,404,region_IV
429,R,D,-0.4504,404,region_IV
429,R,F,-0.899,404,region_IV
429,R,G,-0.3871,404,region_IV
429,R,H,-0.1371,404,region_IV
429,R,I,-0.5473,404,region_IV
429,R,K,-0.1826,404,region_IV
429,R,L,-0.6365,404,region_IV
429,R,M,0.008755,404,region_IV
429,R,N,0.2183,404,region_IV
429,R,P,0.3505,404,region_IV
429,R,Q,-0.5103,404,region_IV
429,R,S,-0.3977,404,region_IV
429,R,T,-0.1021,404,region_IV
429,R,V,-0.5026,404,region_IV
429,R,W,-0.6183,404,region_IV
429,R,Y,-0.0247,404,region_IV
430,G,A,-0.3259,405,region_IV
430,G,C,-0.3362,405,region_IV
430,G,D,-0.9718,405,region_IV
430,G,F,-0.1605,405,region_IV
430,G,H,-0.4423,405,region_IV
430,G,I,-0.5146,405,region_IV
430,G,K,-0.3515,405,region_IV
430,G,L,-0.6295,405,region_IV
430,G,N,-0.03065,405,region_IV
430,G,P,-0.09108,405,region_IV
430,G,R,-0.2247,405,region_IV
430,G,S,-0.4442,405,region_IV
430,G,T,-0.7884,405,region_IV
430,G,V,-1.312,405,region_IV
430,G,W,-0.3818,405,region_IV
430,G,Y,-0.1801,405,region_IV
431,I,A,-0.0442,406,region_IV
431,I,C,-0.2426,406,region_IV
431,I,D,-0.1671,406,region_IV
431,I,F,0.04808,406,region_IV
431,I,G,-0.06417,406,region_IV
431,I,H,-0.8657,406,region_IV
431,I,K,-0.3113,406,region_IV
431,I,L,-0.6139,406,region_IV
431,I,M,-0.4761,406,region_IV
431,I,N,-0.6108,406,region_IV
431,I,P,-0.4589,406,region_IV
431,I,Q,-0.3769,406,region_IV
431,I,R,-0.548,406,region_IV
431,I,S,-0.6381,406,region_IV
431,I,T,-0.524,406,region_IV
431,I,V,0.0741,406,region_IV
431,I,W,-0.5089,406,region_IV
431,I,Y,-0.2414,406,region_IV
432,I,C,-0.2179,407,region_IV
432,I,D,-0.4248,407,region_IV
432,I,E,-0.1874,407,region_IV
432,I,F,-0.6729,407,region_IV
432,I,G,0.03215,407,region_IV
432,I,H,-1.004,407,region_IV
432,I,K,-0.8547,407,region_IV
432,I,L,-0.2825,407,region_IV
432,I,M,-0.737,407,region_IV
432,I,N,-0.4328,407,region_IV
432,I,P,0.0951,407,region_IV
432,I,Q,-0.4894,407,region_IV
432,I,R,-0.2921,407,region_IV
432,I,S,0.05325,407,region_IV
432,I,T,-0.7463,407,region_IV
432,I,V,-0.08632,407,region_IV
432,I,W,-0.222,407,region_IV
432,I,Y,-0.2127,407,region_IV
433,K,A,-0.292,408,region_IV
433,K,D,-0.4085,408,region_IV
433,K,E,-0.2675,408,region_IV
433,K,F,-0.05776,408,region_IV
433,K,G,-0.3667,408,region_IV
433,K,H,-0.1532,408,region_IV
433,K,I,-0.07673,408,region_IV
433,K,L,-0.0494,408,region_IV
433,K,M,-0.3435,408,region_IV
433,K,N,-0.296,408,region_IV
433,K,P,-0.63,408,region_IV
433,K,Q,-0.08838,408,region_IV
433,K,R,-0.2756,408,region_IV
433,K,S,-0.01081,408,region_IV
433,K,T,-0.3666,408,region_IV
433,K,V,-0.167,408,region_IV
433,K,Y,0.02984,408,region_IV
434,T,A,-0.02436,409,region_IV
434,T,C,-0.3178,409,region_IV
434,T,D,0.1558,409,region_IV
434,T,E,0.01736,409,region_IV
434,T,F,-0.279,409,region_IV
434,T,I,-0.17,409,region_IV
434,T,K,-0.73,409,region_IV
434,T,L,0.7022,409,region_IV
434,T,M,-0.4171,409,region_IV
434,T,N,-0.05783,409,region_IV
434,T,P,-0.63,409,region_IV
434,T,R,-0.2475,409,region_IV
434,T,S,-0.2319,409,region_IV
434,T,V,-0.2349,409,region_IV
434,T,W,-0.004052,409,region_IV
434,T,Y,-0.2575,409,region_IV
435,F,A,-0.1161,410,region_IV
435,F,D,-0.04733,410,region_IV
435,F,E,-0.1736,410,region_IV
435,F,G,-0.4866,410,region_IV
435,F,H,-0.758,410,region_IV
435,F,I,-0.4571,410,region_IV
435,F,K,-0.4407,410,region_IV
435,F,L,-0.2094,410,region_IV
435,F,M,-0.0813,410,region_IV
435,F,N,-0.2189,410,region_IV
435,F,Q,-0.6796,410,region_IV
435,F,R,-0.1511,410,region_IV
435,F,S,-0.2844,410,region_IV
435,F,T,-0.5613,410,region_IV
435,F,V,-0.3159,410,region_IV
435,F,W,-0.4792,410,region_IV
435,F,Y,-0.4513,410,region_IV
436,S,A,-0.4151,411,region_IV
436,S,C,0.2571,411,region_IV
436,S,D,-0.3258,411,region_IV
436,S,F,-0.2149,411,region_IV
436,S,G,0.1355,411,region_IV
436,S,H,0.04372,411,region_IV
436,S,I,-0.3086,411,region_IV
436,S,K,-0.6606,411,region_IV
436,S,L,-0.1044,411,region_IV
436,S,M,0.1279,411,region_IV
436,S,N,-0.1214,411,region_IV
436,S,P,0.2131,411,region_IV
436,S,Q,0.1191,411,region_IV
436,S,R,-0.04643,411,region_IV
436,S,T,0.3194,411,region_IV
436,S,V,0.03982,411,region_IV
436,S,W,0.1986,411,region_IV
437,N,A,-0.1633,412,region_IV
437,N,C,-0.1563,412,region_IV
437,N,D,-0.04722,412,region_IV
437,N,E,-0.3037,412,region_IV
437,N,F,-0.1372,412,region_IV
437,N,G,-0.1269,412,region_IV
437,N,H,-0.2059,412,region_IV
437,N,I,-0.1558,412,region_IV
437,N,K,-0.1382,412,region_IV
437,N,L,0.3783,412,region_IV
437,N,M,0.1463,412,region_IV
437,N,P,0.09787,412,region_IV
437,N,Q,-0.3571,412,region_IV
437,N,S,-0.1014,412,region_IV
437,N,T,0.1006,412,region_IV
437,N,V,-0.3499,412,region_IV
437,N,W,-0.1029,412,region_IV
437,N,Y,-0.125,412,region_IV
438,G,A,-0.1634,413,region_IV
438,G,C,-0.7078,413,region_IV
438,G,D,-0.8606,413,region_IV
438,G,E,-0.3445,413,region_IV
438,G,F,0.1753,413,region_IV
438,G,H,-0.5958,413,region_IV
438,G,K,-0.3846,413,region_IV
438,G,N,-0.09342,413,region_IV
438,G,P,-0.6121,413,region_IV
438,G,Q,0.2489,413,region_IV
438,G,R,-0.695,413,region_IV
438,G,S,-0.6071,413,region_IV
438,G,T,-0.5573,413,region_IV
438,G,V,-0.8241,413,region_IV
438,G,W,-0.2794,413,region_IV
439,C,A,-0.282,414,region_IV
439,C,D,-0.2265,414,region_IV
439,C,E,-0.941,414,region_IV
439,C,F,-0.3504,414,region_IV
439,C,G,-0.06061,414,region_IV
439,C,H,-0.3586,414,region_IV
439,C,I,-0.3832,414,region_IV
439,C,K,0.4374,414,region_IV
439,C,L,-0.4435,414,region_IV
439,C,M,-0.103,414,region_IV
439,C,N,-0.0445,414,region_IV
439,C,P,-0.314,414,region_IV
439,C,Q,0.1249,414,region_IV
439,C,R,-0.5862,414,region_IV
439,C,T,-0.2197,414,region_IV
439,C,V,-0.7667,414,region_IV
439,C,W,-0.4421,414,region_IV
439,C,Y,-0.3426,414,region_IV
440,D,A,0.1409,415,region_IV
440,D,C,-0.4734,415,region_IV
440,D,E,-0.5622,415,region_IV
440,D,F,-0.4122,415,region_IV
440,D,G,-0.3452,415,region_IV
440,D,H,-0.2834,415,region_IV
440,D,I,0.2159,415,region_IV
440,D,K,-0.2058,415,region_IV
440,D,L,-0.3644,415,region_IV
440,D,M,-0.124,415,region_IV
440,D,N,-0.3938,415,region_IV
440,D,P,-0.4346,415,region_IV
440,D,Q,-0.3997,415,region_IV
440,D,R,-0.04174,415,region_IV
440,D,S,0.1054,415,region_IV
440,D,T,-0.1147,415,region_IV
440,D,W,-0.5425,415,region_IV
440,D,Y,-0.44,415,region_IV
441,Y,C,-0.192,416,region_IV
441,Y,D,-0.08381,416,region_IV
441,Y,E,-0.07562,416,region_IV
441,Y,F,-0.1673,416,region_IV
441,Y,G,-0.738,416,region_IV
441,Y,H,-0.2288,416,region_IV
441,Y,I,-0.6622,416,region_IV
441,Y,K,-0.05151,416,region_IV
441,Y,L,0.08591,416,region_IV
441,Y,N,-0.9201,416,region_IV
441,Y,P,-0.2762,416,region_IV
441,Y,Q,-0.0258,416,region_IV
441,Y,R,-0.3415,416,region_IV
441,Y,S,-0.3684,416,region_IV
441,Y,T,0.125,416,region_IV
441,Y,V,-0.1701,416,region_IV
441,Y,W,-0.3798,416,region_IV
442,V,C,-0.2817,417,region_IV
442,V,E,-0.5273,417,region_IV
442,V,F,-0.267,417,region_IV
442,V,G,-0.1859,417,region_IV
442,V,H,-0.00689,417,region_IV
442,V,K,-0.397,417,region_IV
442,V,L,-0.4777,417,region_IV
442,V,M,-0.3478,417,region_IV
442,V,N,-0.0971,417,region_IV
442,V,P,-0.2302,417,region_IV
442,V,Q,0.03148,417,region_IV
442,V,R,-0.2159,417,region_IV
442,V,S,-0.095,417,region_IV
442,V,T,-0.2003,417,region_IV
442,V,W,-0.1723,417,region_IV
442,V,Y,-0.3075,417,region_IV
443,S,A,0.1198,418,region_IV
443,S,C,-0.4415,418,region_IV
443,S,D,0.1275,418,region_IV
443,S,E,-0.09115,418,region_IV
443,S,F,-0.08982,418,region_IV
443,S,G,-0.1896,418,region_IV
443,S,H,0.2519,418,region_IV
443,S,I,-0.3381,418,region_IV
443,S,M,0.05377,418,region_IV
443,S,N,0.0724,418,region_IV
443,S,P,-0.1139,418,region_IV
443,S,Q,-0.01932,418,region_IV
443,S,R,-0.2648,418,region_IV
443,S,T,0.1819,418,region_IV
443,S,V,-0.08534,418,region_IV
443,S,W,0.008522,418,region_IV
443,S,Y,-0.2102,418,region_IV
444,N,C,-0.308,419,region_IV
444,N,D,0.252,419,region_IV
444,N,E,-0.2081,419,region_IV
444,N,F,-0.5335,419,region_IV
444,N,G,-0.1732,419,region_IV
444,N,H,-0.2562,419,region_IV
444,N,I,0.07485,419,region_IV
444,N,K,-0.7289,419,region_IV
444,N,L,-0.4299,419,region_IV
444,N,M,-0.5661,419,region_IV
444,N,P,-0.02388,419,region_IV
444,N,Q,-0.3146,419,region_IV
444,N,R,0.1989,419,region_IV
444,N,S,-0.08018,419,region_IV
444,N,T,-0.4053,419,region_IV
444,N,V,-0.4824,419,region_IV
444,N,W,-0.07702,419,region_IV
445,K,A,0.1037,420,region_IV
445,K,C,0.1378,420,region_IV
445,K,D,0.09781,420,region_IV
445,K,E,-0.3428,420,region_IV
445,K,F,0.1686,420,region_IV
445,K,G,-0.232,420,region_IV
445,K,I,0.05759,420,region_IV
445,K,L,0.582,420,region_IV
445,K,M,0.321,420,region_IV
445,K,N,-0.5279,420,region_IV
445,K,P,-0.4591,420,region_IV
445,K,Q,0.3454,420,region_IV
445,K,R,0.01969,420,region_IV
445,K,S,0.1176,420,region_IV
445,K,T,-0.3918,420,region_IV
445,K,V,-0.239,420,region_IV
445,K,W,-0.03881,420,region_IV
445,K,Y,-0.2175,420,region_IV
446,G,A,0.1668,421,region_IV
446,G,C,-0.3172,421,region_IV
446,G,D,-0.1328,421,region_IV
446,G,E,-0.03186,421,region_IV
446,G,F,-0.1871,421,region_IV
446,G,H,0.2074,421,region_IV
446,G,I,-0.5106,421,region_IV
446,G,K,-0.3593,421,region_IV
446,G,L,-0.2706,421,region_IV
446,G,M,-0.2956,421,region_IV
446,G,N,-0.00305,421,region_IV
446,G,P,-0.1775,421,region_IV
446,G,R,-0.125,421,region_IV
446,G,S,-0.3558,421,region_IV
446,G,T,-0.2193,421,region_IV
446,G,V,0.1688,421,region_IV
446,G,W,0.4246,421,region_IV
446,G,Y,-0.1037,421,region_IV
447,V,A,-0.3346,422,region_IV
447,V,C,-0.4542,422,region_IV
447,V,D,0.4909,422,region_IV
447,V,E,-0.4749,422,region_IV
447,V,G,-0.3111,422,region_IV
447,V,H,-0.2815,422,region_IV
447,V,I,-0.1208,422,region_IV
447,V,K,-0.2469,422,region_IV
447,V,L,-0.1347,422,region_IV
447,V,M,-0.8631,422,region_IV
447,V,N,0.1112,422,region_IV
447,V,P,0.101,422,region_IV
447,V,Q,-0.104,422,region_IV
447,V,R,0.04026,422,region_IV
447,V,S,-0.5307,422,region_IV
447,V,T,-0.1478,422,region_IV
447,V,W,-0.08388,422,region_IV
447,V,Y,-0.4111,422,region_IV
448,D,A,-0.3646,423,region_IV
448,D,C,-0.5663,423,region_IV
448,D,E,0.003357,423,region_IV
448,D,F,-0.04558,423,region_IV
448,D,G,-0.5243,423,region_IV
448,D,K,-0.4211,423,region_IV
448,D,L,-0.3828,423,region_IV
448,D,M,-0.5639,423,region_IV
448,D,N,-0.515,423,region_IV
448,D,P,-0.6511,423,region_IV
448,D,Q,-0.1688,423,region_IV
448,D,R,-0.3978,423,region_IV
448,D,S,-0.4261,423,region_IV
448,D,T,0.189,423,region_IV
448,D,W,-0.1105,423,region_IV
448,D,Y,-0.2499,423,region_IV
449,T,A,-0.2387,424,region_IV
449,T,C,-0.6526,424,region_IV
449,T,D,-0.2094,424,region_IV
449,T,E,-0.2588,424,region_IV
449,T,F,-0.05427,424,region_IV
449,T,G,-0.7526,424,region_IV
449,T,H,-0.2031,424,region_IV
449,T,I,-0.4175,424,region_IV
449,T,K,0.2223,424,region_IV
449,T,L,-0.3791,424,region_IV
449,T,M,-0.6166,424,region_IV
449,T,N,0.1331,424,region_IV
449,T,P,-0.155,424,region_IV
449,T,Q,-0.05337,424,region_IV
449,T,S,0.2906,424,region_IV
449,T,V,-0.07463,424,region_IV
449,T,W,0.007863,424,region_IV
449,T,Y,0.2827,424,region_IV
450,V,A,-0.1008,425,region_IV
450,V,C,-0.3171,425,region_IV
450,V,D,-0.2695,425,region_IV
450,V,E,-0.1496,425,region_IV
450,V,F,-0.1011,425,region_IV
450,V,G,-0.2077,425,region_IV
450,V,K,-0.1199,425,region_IV
450,V,L,-0.4888,425,region_IV
450,V,M,-0.5796,425,region_IV
450,V,N,0.025,425,region_IV
450,V,P,-0.216,425,region_IV
450,V,Q,-0.1583,425,region_IV
450,V,R,-0.3873,425,region_IV
450,V,S,-0.3005,425,region_IV
450,V,T,-0.5352,425,region_IV
450,V,W,0.001105,425,region_IV
450,V,Y,0.1586,425,region_IV
451,S,A,0.1891,426,region_IV
451,S,C,-0.3306,426,region_IV
451,S,D,0.2554,426,region_IV
451,S,E,0.1024,426,region_IV
451,S,G,0.1444,426,region_IV
451,S,H,-0.3881,426,region_IV
451,S,I,-0.08169,426,region_IV
451,S,K,-0.2215,426,region_IV
451,S,L,-0.4735,426,region_IV
451,S,M,-0.08381,426,region_IV
451,S,N,-0.6657,426,region_IV
451,S,P,-0.3341,426,region_IV
451,S,Q,-0.7107,426,region_IV
451,S,R,-0.7114,426,region_IV
451,S,T,0.08766,426,region_IV
451,S,V,-0.1302,426,region_IV
451,S,W,-0.1675,426,region_IV
451,S,Y,-0.09638,426,region_IV
452,V,A,0.08454,427,region_IV
452,V,C,0.291,427,region_IV
452,V,D,-0.01077,427,region_IV
452,V,E,-0.1751,427,region_IV
452,V,F,-0.5837,427,region_IV
452,V,G,0.1385,427,region_IV
452,V,H,0.07068,427,region_IV
452,V,I,0.1299,427,region_IV
452,V,K,-0.04473,427,region_IV
452,V,L,-0.2649,427,region_IV
452,V,M,-0.6265,427,region_IV
452,V,N,-0.8431,427,region_IV
452,V,P,-0.3957,427,region_IV
452,V,R,-0.3588,427,region_IV
452,V,S,-0.474,427,region_IV
452,V,T,0.1726,427,region_IV
452,V,W,-0.4592,427,region_IV
452,V,Y,-0.0967,427,region_IV
453,G,A,-0.1102,428,region_IV
453,G,C,-0.6232,428,region_IV
453,G,D,-1.446,428,region_IV
453,G,E,-0.4252,428,region_IV
453,G,I,-0.2595,428,region_IV
453,G,L,-0.0917,428,region_IV
453,G,P,-0.3007,428,region_IV
453,G,Q,-0.1494,428,region_IV
453,G,R,-0.4721,428,region_IV
453,G,S,-0.369,428,region_IV
453,G,T,-0.3518,428,region_IV
453,G,V,-0.5366,428,region_IV
453,G,W,-0.1949,428,region_IV
454,N,D,-0.4624,429,region_IV
454,N,E,-0.4075,429,region_IV
454,N,F,0.03938,429,region_IV
454,N,G,-0.6401,429,region_IV
454,N,H,-0.3948,429,region_IV
454,N,I,0.07465,429,region_IV
454,N,K,-0.3706,429,region_IV
454,N,L,0.2154,429,region_IV
454,N,P,-0.1525,429,region_IV
454,N,Q,-0.1306,429,region_IV
454,N,S,-0.4932,429,region_IV
454,N,T,-0.4591,429,region_IV
454,N,V,-0.1739,429,region_IV
454,N,W,-0.4299,429,region_IV
454,N,Y,-0.3908,429,region_IV
455,T,A,-0.4083,430,region_IV
455,T,C,-0.2042,430,region_IV
455,T,E,-0.06657,430,region_IV
455,T,F,-0.2215,430,region_IV
455,T,G,-0.2996,430,region_IV
455,T,H,0.08447,430,region_IV
455,T,I,-0.4857,430,region_IV
455,T,K,-0.6738,430,region_IV
455,T,L,-0.249,430,region_IV
455,T,M,-0.1586,430,region_IV
455,T,N,-0.3683,430,region_IV
455,T,Q,-0.01702,430,region_IV
455,T,S,-0.3078,430,region_IV
455,T,V,0.3328,430,region_IV
455,T,Y,-0.1364,430,region_IV
456,L,A,-0.3565,431,region_IV
456,L,C,0.2013,431,region_IV
456,L,D,-0.01193,431,region_IV
456,L,E,0.2909,431,region_IV
456,L,F,-0.1195,431,region_IV
456,L,G,-0.2136,431,region_IV
456,L,H,0.007961,431,region_IV
456,L,I,0.1556,431,region_IV
456,L,K,-0.00903,431,region_IV
456,L,M,0.186,431,region_IV
456,L,N,0.3402,431,region_IV
456,L,P,0.1517,431,region_IV
456,L,Q,0.01367,431,region_IV
456,L,R,0.1023,431,region_IV
456,L,T,-0.3332,431,region_IV
456,L,V,0.2697,431,region_IV
456,L,W,0.002375,431,region_IV
456,L,Y,-0.2863,431,region_IV
457,Y,C,-0.3589,432,region_IV
457,Y,E,-0.2294,432,region_IV
457,Y,F,0.2127,432,region_IV
457,Y,H,-0.1903,432,region_IV
457,Y,I,0.2571,432,region_IV
457,Y,K,-0.3814,432,region_IV
457,Y,L,0.1364,432,region_IV
457,Y,M,0.1385,432,region_IV
457,Y,N,-0.1736,432,region_IV
457,Y,Q,-0.376,432,region_IV
457,Y,R,-0.07975,432,region_IV
457,Y,S,0.2797,432,region_IV
457,Y,T,-0.3352,432,region_IV
457,Y,V,-0.1432,432,region_IV
457,Y,W,0.2818,432,region_IV
458,Y,C,-0.1733,433,region_IV
458,Y,F,-0.08098,433,region_IV
458,Y,H,-0.4564,433,region_IV
458,Y,N,0.2238,433,region_IV
458,Y,R,-0.5011,433,region_IV
459,V,A,0.1279,434,region_IV
459,V,C,-0.371,434,region_IV
459,V,D,-0.3573,434,region_IV
459,V,E,-0.03787,434,region_IV
459,V,F,-0.1739,434,region_IV
459,V,G,0.05166,434,region_IV
459,V,H,-0.3765,434,region_IV
459,V,I,0.2098,434,region_IV
459,V,L,0.1487,434,region_IV
459,V,M,-1.083,434,region_IV
459,V,N,-0.04007,434,region_IV
459,V,P,-0.3407,434,region_IV
459,V,Q,-0.3553,434,region_IV
459,V,S,-0.2169,434,region_IV
459,V,T,-0.1271,434,region_IV
459,V,W,-0.6391,434,region_IV
459,V,Y,0.2679,434,region_IV
460,N,A,-0.2792,435,region_IV
460,N,C,-0.7149,435,region_IV
460,N,D,-0.4904,435,region_IV
460,N,E,-0.0714,435,region_IV
460,N,F,-0.3225,435,region_IV
460,N,G,-0.0494,435,region_IV
460,N,H,-0.6425,435,region_IV
460,N,I,-0.5023,435,region_IV
460,N,K,-0.7808,435,region_IV
460,N,L,-0.2114,435,region_IV
460,N,M,-0.7496,435,region_IV
460,N,P,-0.252,435,region_IV
460,N,Q,-0.177,435,region_IV
460,N,R,-0.2497,435,region_IV
460,N,S,-0.5808,435,region_IV
460,N,T,-0.2841,435,region_IV
460,N,V,0.09483,435,region_IV
460,N,W,-0.153,435,region_IV
460,N,Y,-0.3261,435,region_IV
461,K,A,-0.3045,436,region_IV
461,K,C,-0.236,436,region_IV
461,K,E,-0.3425,436,region_IV
461,K,F,-0.7633,436,region_IV
461,K,G,0.2621,436,region_IV
461,K,H,-0.12,436,region_IV
461,K,I,0.119,436,region_IV
461,K,L,-0.09887,436,region_IV
461,K,M,-0.2496,436,region_IV
461,K,N,-0.5594,436,region_IV
461,K,R,-0.2631,436,region_IV
461,K,S,0.1555,436,region_IV
461,K,T,-0.1842,436,region_IV
461,K,V,-0.4799,436,region_IV
461,K,W,-0.5596,436,region_IV
461,K,Y,-0.8356,436,region_IV
462,Q,A,0.3326,437,region_IV
462,Q,C,-0.3014,437,region_IV
462,Q,D,-0.03554,437,region_IV
462,Q,E,0.05127,437,region_IV
462,Q,F,0.338,437,region_IV
462,Q,G,0.3725,437,region_IV
462,Q,H,0.1285,437,region_IV
462,Q,I,-0.1095,437,region_IV
462,Q,K,0.0705,437,region_IV
462,Q,M,-0.008015,437,region_IV
462,Q,N,0.0113,437,region_IV
462,Q,P,-0.04905,437,region_IV
462,Q,R,-0.15,437,region_IV
462,Q,S,-0.1121,437,region_IV
462,Q,T,-0.4458,437,region_IV
462,Q,W,-0.02765,437,region_IV
462,Q,Y,0.02398,437,region_IV
463,E,A,-0.0233,438,region_IV
463,E,C,-0.007198,438,region_IV
463,E,D,0.005893,438,region_IV
463,E,F,-0.4365,438,region_IV
463,E,G,-0.1879,438,region_IV
463,E,H,0.01495,438,region_IV
463,E,I,0.2903,438,region_IV
463,E,K,-0.5004,438,region_IV
463,E,L,-0.1264,438,region_IV
463,E,M,-0.1531,438,region_IV
463,E,N,-0.1652,438,region_IV
463,E,P,-0.04704,438,region_IV
463,E,Q,0.3132,438,region_IV
463,E,R,-0.3891,438,region_IV
463,E,S,-0.1627,438,region_IV
463,E,T,-0.1494,438,region_IV
463,E,V,-0.1308,438,region_IV
463,E,W,0.1751,438,region_IV
463,E,Y,0.1999,438,region_IV
464,G,A,-0.3454,439,region_IV
464,G,C,-0.7481,439,region_IV
464,G,D,-0.4725,439,region_IV
464,G,E,-0.6769,439,region_IV
464,G,F,-0.5018,439,region_IV
464,G,I,-0.5886,439,region_IV
464,G,K,-0.6288,439,region_IV
464,G,L,-0.06962,439,region_IV
464,G,M,-0.3701,439,region_IV
464,G,P,-0.3452,439,region_IV
464,G,Q,-0.3323,439,region_IV
464,G,R,-0.05885,439,region_IV
464,G,S,-0.4317,439,region_IV
464,G,T,-0.4014,439,region_IV
464,G,V,-0.3449,439,region_IV
464,G,W,-0.2532,439,region_IV
464,G,Y,-0.3997,439,region_IV
465,K,A,0.05518,440,region_IV
465,K,C,-0.6823,440,region_IV
465,K,D,-0.02196,440,region_IV
465,K,E,-0.2114,440,region_IV
465,K,F,-0.2846,440,region_IV
465,K,G,0.2739,440,region_IV
465,K,H,-0.2812,440,region_IV
465,K,I,0.006428,440,region_IV
465,K,L,-0.4083,440,region_IV
465,K,M,0.01495,440,region_IV
465,K,N,-0.2232,440,region_IV
465,K,Q,0.0193,440,region_IV
465,K,R,-0.4527,440,region_IV
465,K,S,-0.08794,440,region_IV
465,K,T,-0.05737,440,region_IV
465,K,V,-0.0873,440,region_IV
465,K,W,-0.02636,440,region_IV
465,K,Y,0.01405,440,region_IV
466,S,A,0.2,441,region_IV
466,S,D,-0.4322,441,region_IV
466,S,E,-0.3076,441,region_IV
466,S,F,-0.4037,441,region_IV
466,S,G,-0.3438,441,region_IV
466,S,H,-0.1472,441,region_IV
466,S,I,-0.2843,441,region_IV
466,S,K,-0.1825,441,region_IV
466,S,L,-0.0042,441,region_IV
466,S,M,-0.2452,441,region_IV
466,S,N,0.2717,441,region_IV
466,S,P,-0.5237,441,region_IV
466,S,Q,0.0089,441,region_IV
466,S,R,-0.3547,441,region_IV
466,S,T,-0.1178,441,region_IV
466,S,V,0.06646,441,region_IV
466,S,W,-0.3353,441,region_IV
466,S,Y,-0.839,441,region_IV
467,L,A,-0.09842,442,region_IV
467,L,C,-0.3989,442,region_IV
467,L,D,-0.6686,442,region_IV
467,L,E,0.006085,442,region_IV
467,L,F,-0.1152,442,region_IV
467,L,G,-0.085,442,region_IV
467,L,K,-0.2372,442,region_IV
467,L,M,0.0531,442,region_IV
467,L,P,-0.3403,442,region_IV
467,L,Q,0.1044,442,region_IV
467,L,R,-0.1429,442,region_IV
467,L,S,-0.4015,442,region_IV
467,L,T,0.5997,442,region_IV
467,L,V,-0.07721,442,region_IV
467,L,W,0.3693,442,region_IV
467,L,Y,0.1549,442,region_IV
468,Y,C,-0.1697,443,region_IV
468,Y,D,-0.4091,443,region_IV
468,Y,E,-0.3822,443,region_IV
468,Y,F,-0.124,443,region_IV
468,Y,H,-0.1229,443,region_IV
468,Y,I,-0.5039,443,region_IV
468,Y,K,-0.3818,443,region_IV
468,Y,L,0.07517,443,region_IV
468,Y,M,0.1696,443,region_IV
468,Y,N,0.06685,443,region_IV
468,Y,P,-0.2139,443,region_IV
468,Y,R,-0.4734,443,region_IV
468,Y,S,-0.4523,443,region_IV
468,Y,T,-0.3993,443,region_IV
468,Y,V,-0.04502,443,region_IV
468,Y,W,-0.2181,443,region_IV
469,V,A,-0.2873,444,region_IV
469,V,C,-0.2237,444,region_IV
469,V,D,-0.1365,444,region_IV
469,V,E,-0.3432,444,region_IV
469,V,F,-0.1597,444,region_IV
469,V,G,0.03418,444,region_IV
469,V,H,0.06905,444,region_IV
469,V,I,-0.1227,444,region_IV
469,V,K,-0.07555,444,region_IV
469,V,L,-0.06892,444,region_IV
469,V,M,-0.01936,444,region_IV
469,V,N,0.008855,444,region_IV
469,V,P,-0.07475,444,region_IV
469,V,Q,0.3645,444,region_IV
469,V,R,-0.01022,444,region_IV
469,V,S,-0.07087,444,region_IV
469,V,T,-0.01778,444,region_IV
469,V,W,0.02862,444,region_IV
469,V,Y,0.1806,444,region_IV
470,K,A,-0.3123,445,region_IV
470,K,C,0.1276,445,region_IV
470,K,D,0.0599,445,region_IV
470,K,E,-0.07894,445,region_IV
470,K,F,-0.1071,445,region_IV
470,K,G,-0.3412,445,region_IV
470,K,H,-0.01758,445,region_IV
470,K,I,0.1612,445,region_IV
470,K,L,-0.4201,445,region_IV
470,K,M,-0.1677,445,region_IV
470,K,N,-0.2238,445,region_IV
470,K,P,-0.1234,445,region_IV
470,K,Q,-0.2828,445,region_IV
470,K,R,-0.1562,445,region_IV
470,K,S,-0.4287,445,region_IV
470,K,T,-0.112,445,region_IV
470,K,V,0.2094,445,region_IV
470,K,W,-0.1642,445,region_IV
470,K,Y,0.0909,445,region_IV
471,G,A,0.3251,446,region_IV
471,G,C,-0.4651,446,region_IV
471,G,D,-0.3844,446,region_IV
471,G,E,-0.2463,446,region_IV
471,G,F,0.2414,446,region_IV
471,G,H,0.192,446,region_IV
471,G,I,-0.0217,446,region_IV
471,G,K,0.06045,446,region_IV
471,G,L,0.05568,446,region_IV
471,G,M,0.2079,446,region_IV
471,G,N,-0.3123,446,region_IV
471,G,P,-0.4508,446,region_IV
471,G,Q,-0.5429,446,region_IV
471,G,R,-0.5661,446,region_IV
471,G,S,0.1082,446,region_IV
471,G,T,0.0057,446,region_IV
471,G,V,-0.3162,446,region_IV
471,G,W,-0.2818,446,region_IV
471,G,Y,-0.09464,446,region_IV
472,E,A,-0.1667,447,none
472,E,C,0.1992,447,none
472,E,D,-0.3864,447,none
472,E,F,-0.5248,447,none
472,E,G,-0.04302,447,none
472,E,H,-0.2509,447,none
472,E,I,-0.3865,447,none
472,E,K,0.06636,447,none
472,E,L,-0.2178,447,none
472,E,M,-0.3529,447,none
472,E,N,-0.104,447,none
472,E,P,-0.008947,447,none
472,E,Q,-0.001945,447,none
472,E,R,-0.1629,447,none
472,E,S,-0.1018,447,none
472,E,T,-0.4893,447,none
472,E,V,-0.07179,447,none
472,E,W,0.3089,447,none
472,E,Y,-0.1798,447,none
473,P,A,-0.2035,448,none
473,P,C,-0.3358,448,none
473,P,D,-0.6642,448,none
473,P,E,-0.681,448,none
473,P,F,-0.6109,448,none
473,P,H,-0.7619,448,none
473,P,I,-0.5476,448,none
473,P,L,-0.8558,448,none
473,P,M,-0.533,448,none
473,P,N,0.1174,448,none
473,P,Q,-0.369,448,none
473,P,R,-0.6245,448,none
473,P,S,-0.0667,448,none
473,P,T,-0.2068,448,none
473,P,W,-0.2807,448,none
473,P,Y,-0.2695,448,none
474,I,A,-0.4493,449,none
474,I,C,0.00135,449,none
474,I,D,0.3201,449,none
474,I,E,-0.01756,449,none
474,I,F,0.08432,449,none
474,I,G,0.9947,449,none
474,I,H,0.0941,449,none
474,I,K,-0.3098,449,none
474,I,L,-0.746,449,none
474,I,M,-0.5607,449,none
474,I,N,-0.4977,449,none
474,I,P,-0.2295,449,none
474,I,Q,-0.2533,449,none
474,I,R,0.03188,449,none
474,I,S,-0.1497,449,none
474,I,T,-0.6662,449,none
474,I,V,0.0929,449,none
474,I,Y,-0.2063,449,none
475,I,A,-0.565,450,none
475,I,D,-0.3272,450,none
475,I,E,-0.4049,450,none
475,I,F,-0.2888,450,none
475,I,G,-0.1514,450,none
475,I,H,0.1839,450,none
475,I,M,-0.1779,450,none
475,I,N,-0.2316,450,none
475,I,P,-0.05235,450,none
475,I,Q,-0.2319,450,none
475,I,R,-0.2901,450,none
475,I,S,0.05315,450,none
475,I,T,0.09752,450,none
475,I,V,-0.5604,450,none
475,I,W,-0.5911,450,none
475,I,Y,-0.1616,450,none
476,N,A,0.2654,451,none
476,N,C,-0.2057,451,none
476,N,D,-0.05227,451,none
476,N,E,-0.1228,451,none
476,N,F,-0.1585,451,none
476,N,G,0.02563,451,none
476,N,H,0.03276,451,none
476,N,I,-0.1977,451,none
476,N,K,0.2226,451,none
476,N,L,0.3732,451,none
476,N,M,0.1182,451,none
476,N,P,-0.6071,451,none
476,N,Q,0.06968,451,none
476,N,R,-0.00445,451,none
476,N,S,0.05392,451,none
476,N,T,0.0706,451,none
476,N,V,0.2989,451,none
476,N,W,0.1684,451,none
476,N,Y,0.8761,451,none
477,F,A,-0.3303,452,none
477,F,E,-0.4299,452,none
477,F,G,-0.1026,452,none
477,F,H,-0.2775,452,none
477,F,I,-0.229,452,none
477,F,K,-0.5442,452,none
477,F,L,-0.1518,452,none
477,F,M,-0.4712,452,none
477,F,N,0.2387,452,none
477,F,P,-0.8002,452,none
477,F,Q,-0.0646,452,none
477,F,R,0.3541,452,none
477,F,S,-0.01736,452,none
477,F,T,-0.3292,452,none
477,F,V,-0.2376,452,none
477,F,W,-0.1153,452,none
477,F,Y,-0.1069,452,none
478,Y,A,-0.5758,453,none
478,Y,C,-0.1228,453,none
478,Y,D,-0.2628,453,none
478,Y,E,-0.6815,453,none
478,Y,F,-0.3164,453,none
478,Y,G,-0.04432,453,none
478,Y,H,-0.6895,453,none
478,Y,K,-0.6624,453,none
478,Y,L,-0.3045,453,none
478,Y,N,-0.5522,453,none
478,Y,P,-0.3877,453,none
478,Y,Q,-0.2738,453,none
478,Y,R,-0.1159,453,none
478,Y,T,-0.1212,453,none
478,Y,V,-0.2898,453,none
478,Y,W,-0.5323,453,none
479,D,A,-0.5099,454,none
479,D,C,-0.07662,454,none
479,D,E,0.01518,454,none
479,D,F,-0.6076,454,none
479,D,G,-0.209,454,none
479,D,H,-0.533,454,none
479,D,I,-0.03942,454,none
479,D,K,-0.0579,454,none
479,D,L,-0.06175,454,none
479,D,N,0.08116,454,none
479,D,P,0.03925,454,none
479,D,Q,-0.4927,454,none
479,D,R,-0.1922,454,none
479,D,S,-0.7442,454,none
479,D,V,-0.817,454,none
479,D,W,-0.2046,454,none
479,D,Y,-1.009,454,none
480,P,A,0.2856,455,none
480,P,C,0.08226,455,none
480,P,D,-0.128,455,none
480,P,E,-0.2893,455,none
480,P,F,-0.1634,455,none
480,P,G,-0.00427,455,none
480,P,H,-0.6046,455,none
480,P,I,0.06985,455,none
480,P,K,-0.09989,455,none
480,P,L,-0.3687,455,none
480,P,M,0.2245,455,none
480,P,N,-0.1706,455,none
480,P,Q,0.0558,455,none
480,P,R,0.1115,455,none
480,P,S,0.2393,455,none
480,P,T,-0.05565,455,none
480,P,V,0.05378,455,none
480,P,W,-0.2123,455,none
480,P,Y,-0.05412,455,none
481,L,A,-0.1246,456,none
481,L,C,-0.07012,456,none
481,L,D,-0.07855,456,none
481,L,E,-0.2703,456,none
481,L,F,-0.1256,456,none
481,L,G,-0.1714,456,none
481,L,H,0.1264,456,none
481,L,I,0.5554,456,none
481,L,K,-0.3094,456,none
481,L,M,-0.2752,456,none
481,L,N,-0.1361,456,none
481,L,P,-0.1595,456,none
481,L,Q,0.4095,456,none
481,L,R,0.1197,456,none
481,L,S,-0.0509,456,none
481,L,T,0.1808,456,none
481,L,V,-0.06304,456,none
481,L,W,0.06569,456,none
481,L,Y,-0.04017,456,none
482,V,A,-0.2715,457,none
482,V,C,-0.06572,457,none
482,V,F,-0.1457,457,none
482,V,G,-0.7674,457,none
482,V,H,-0.04979,457,none
482,V,I,0.3775,457,none
482,V,L,0.1237,457,none
482,V,M,-0.1377,457,none
482,V,N,-0.3344,457,none
482,V,Q,-0.1422,457,none
482,V,R,0.1129,457,none
482,V,S,0.4136,457,none
482,V,T,-0.7817,457,none
482,V,W,-0.2551,457,none
482,V,Y,0.0163,457,none
483,F,A,-0.08515,458,none
483,F,C,-0.07892,458,none
483,F,E,-0.2028,458,none
483,F,G,-0.5923,458,none
483,F,K,-0.114,458,none
483,F,L,-0.3432,458,none
483,F,M,-0.7816,458,none
483,F,P,0.01898,458,none
483,F,R,-0.4655,458,none
483,F,T,-0.3068,458,none
483,F,V,0.05532,458,none
483,F,Y,0.2716,458,none
484,P,C,0.3407,459,none
484,P,D,-0.01656,459,none
484,P,E,-0.2851,459,none
484,P,F,-0.7614,459,none
484,P,H,-0.9281,459,none
484,P,I,-0.7763,459,none
484,P,L,-0.6936,459,none
484,P,M,-0.3037,459,none
484,P,Q,-0.5234,459,none
484,P,R,0.2075,459,none
484,P,S,-0.5117,459,none
484,P,T,-0.4685,459,none
484,P,V,-0.4775,459,none
484,P,W,-0.2145,459,none
485,S,G,0.2789,460,none
485,S,I,-0.08665,460,none
485,S,N,-0.09133,460,none
485,S,R,-0.3538,460,none
486,D,A,0.3767,461,none
486,D,E,0.2093,461,none
486,D,F,-0.1293,461,none
486,D,G,0.3888,461,none
486,D,H,-0.3812,461,none
486,D,L,-0.02608,461,none
486,D,N,0.06788,461,none
486,D,R,0.2812,461,none
486,D,S,0.2824,461,none
486,D,T,-0.1145,461,none
486,D,V,-0.127,461,none
486,D,Y,-0.5055,461,none
487,E,A,0.1471,462,none
487,E,C,0.1286,462,none
487,E,D,-0.2006,462,none
487,E,F,0.1358,462,none
487,E,G,0.4652,462,none
487,E,H,-0.151,462,none
487,E,I,0.2079,462,none
487,E,K,-0.07773,462,none
487,E,M,0.125,462,none
487,E,N,-0.3663,462,none
487,E,P,0.4599,462,none
487,E,Q,0.1495,462,none
487,E,R,-0.353,462,none
487,E,S,0.5378,462,none
487,E,T,0.1844,462,none
487,E,V,0.01942,462,none
487,E,W,-0.02044,462,none
487,E,Y,7.5e-05,462,none
488,F,A,-0.1195,463,none
488,F,C,-0.5673,463,none
488,F,D,-0.2581,463,none
488,F,E,0.0753,463,none
488,F,G,0.1583,463,none
488,F,H,-0.383,463,none
488,F,I,-0.502,463,none
488,F,K,-0.6565,463,none
488,F,L,-0.2866,463,none
488,F,M,-0.348,463,none
488,F,N,-0.6795,463,none
488,F,P,-0.2426,463,none
488,F,Q,0.1056,463,none
488,F,R,-0.3299,463,none
488,F,S,-0.5604,463,none
488,F,T,-0.2626,463,none
488,F,V,-0.2079,463,none
488,F,W,-0.2687,463,none
488,F,Y,-0.1389,463,none
489,D,A,-0.6765,464,none
489,D,C,-0.4712,464,none
489,D,E,0.0124,464,none
489,D,F,-0.4976,464,none
489,D,G,0.1542,464,none
489,D,H,-0.2195,464,none
489,D,I,-0.4583,464,none
489,D,K,-0.3289,464,none
489,D,L,-0.5554,464,none
489,D,M,-0.8727,464,none
489,D,N,-0.7565,464,none
489,D,P,-0.0061,464,none
489,D,Q,-0.4935,464,none
489,D,R,-0.6752,464,none
489,D,S,-0.5137,464,none
489,D,T,-0.5586,464,none
489,D,V,-0.1284,464,none
489,D,W,-0.7062,464,none
489,D,Y,-0.3735,464,none
490,A,C,-0.249,465,none
490,A,D,-0.5633,465,none
490,A,F,-0.07487,465,none
490,A,G,-0.332,465,none
490,A,H,-0.6263,465,none
490,A,I,-0.3628,465,none
490,A,K,-0.1559,465,none
490,A,M,-0.05985,465,none
490,A,N,-0.5105,465,none
490,A,Q,-0.1272,465,none
490,A,R,-0.4203,465,none
490,A,S,0.05351,465,none
490,A,T,-0.1596,465,none
490,A,V,-0.2846,465,none
490,A,Y,-0.1876,465,none
491,S,A,-0.4143,466,none
491,S,C,-0.3348,466,none
491,S,D,-0.1551,466,none
491,S,E,-0.4462,466,none
491,S,F,-0.5093,466,none
491,S,G,-0.5271,466,none
491,S,H,-0.6754,466,none
491,S,I,-0.05473,466,none
491,S,K,-0.04442,466,none
491,S,N,-0.417,466,none
491,S,P,-0.7627,466,none
491,S,Y,-0.8195,466,none
492,I,A,-0.1742,467,none
492,I,C,-0.1304,467,none
492,I,D,-0.07218,467,none
492,I,E,-0.3267,467,none
492,I,H,-0.5104,467,none
492,I,L,-0.2843,467,none
492,I,M,-0.2716,467,none
492,I,P,-0.3701,467,none
492,I,Q,-0.2905,467,none
492,I,R,-0.2209,467,none
492,I,S,-0.2241,467,none
492,I,V,-0.3287,467,none
492,I,W,-0.6883,467,none
492,I,Y,-0.4246,467,none
493,S,A,0.1749,468,none
493,S,C,-0.5502,468,none
493,S,D,0.03385,468,none
493,S,E,0.05077,468,none
493,S,F,0.04523,468,none
493,S,G,-0.2471,468,none
493,S,H,0.3233,468,none
493,S,K,0.1495,468,none
493,S,L,0.1315,468,none
493,S,M,0.227,468,none
493,S,N,0.04115,468,none
493,S,P,-0.9168,468,none
493,S,Q,0.1709,468,none
493,S,R,-0.0162,468,none
493,S,T,-0.6154,468,none
493,S,V,-0.3857,468,none
493,S,Y,0.9212,468,none
494,Q,C,-0.5681,469,none
494,Q,D,-0.5554,469,none
494,Q,E,0.041,469,none
494,Q,F,0.1369,469,none
494,Q,H,-0.4713,469,none
494,Q,I,-0.6871,469,none
494,Q,K,-0.283,469,none
494,Q,M,0.3252,469,none
494,Q,N,-0.4587,469,none
494,Q,P,0.0363,469,none
494,Q,R,-0.3732,469,none
494,Q,S,-0.1083,469,none
494,Q,T,-0.3128,469,none
494,Q,V,-0.06495,469,none
494,Q,Y,-0.1353,469,none
495,V,A,-0.6309,470,none
495,V,C,-0.3815,470,none
495,V,E,-0.2921,470,none
495,V,I,-0.09906,470,none
495,V,K,-0.4887,470,none
495,V,L,-0.4295,470,none
495,V,M,-0.6173,470,none
495,V,P,-0.6316,470,none
495,V,Q,-0.7532,470,none
495,V,R,-0.4163,470,none
495,V,S,-0.4646,470,none
495,V,W,-0.4865,470,none
495,V,Y,-0.3524,470,none
496,N,A,-0.1606,471,none
496,N,C,-0.4194,471,none
496,N,E,0.1839,471,none
496,N,F,0.1211,471,none
496,N,G,-0.4474,471,none
496,N,H,-0.1462,471,none
496,N,I,-0.6693,471,none
496,N,K,-0.1126,471,none
496,N,M,-0.2608,471,none
496,N,Q,-0.0987,471,none
496,N,R,0.104,471,none
496,N,S,-0.3284,471,none
496,N,T,-0.0349,471,none
496,N,V,-0.4097,471,none
496,N,W,-0.2209,471,none
496,N,Y,-0.3492,471,none
497,E,A,-0.3752,472,none
497,E,C,-0.2654,472,none
497,E,D,-0.1998,472,none
497,E,G,-0.3235,472,none
497,E,H,-0.348,472,none
497,E,I,-0.06323,472,none
497,E,K,-0.5487,472,none
497,E,L,-0.1715,472,none
497,E,M,-0.4723,472,none
497,E,N,0.07854,472,none
497,E,P,-0.6179,472,none
497,E,Q,-0.3542,472,none
497,E,S,0.08894,472,none
497,E,T,-0.3138,472,none
497,E,V,-0.1703,472,none
497,E,W,-0.5193,472,none
497,E,Y,-0.03975,472,none
498,K,A,0.1662,473,none
498,K,C,-0.7354,473,none
498,K,D,-0.4276,473,none
498,K,E,-0.3323,473,none
498,K,F,-0.3512,473,none
498,K,G,-0.35,473,none
498,K,H,-0.2153,473,none
498,K,I,0.1359,473,none
498,K,L,-0.3932,473,none
498,K,M,-0.185,473,none
498,K,N,-0.5865,473,none
498,K,P,0.02058,473,none
498,K,R,-0.3921,473,none
498,K,S,-0.1246,473,none
498,K,T,-0.3864,473,none
498,K,V,-0.1428,473,none
499,I,A,-0.2172,474,none
499,I,C,0.2044,474,none
499,I,D,-0.2678,474,none
499,I,E,-0.1193,474,none
499,I,F,-0.618,474,none
499,I,G,-0.3704,474,none
499,I,M,0.1717,474,none
499,I,N,-0.151,474,none
499,I,P,-0.4181,474,none
499,I,S,-0.09813,474,none
499,I,T,-0.2354,474,none
499,I,V,-0.2984,474,none
499,I,W,-0.4435,474,none
499,I,Y,-0.1751,474,none
500,N,A,-0.4576,475,none
500,N,C,-0.183,475,none
500,N,D,-0.4779,475,none
500,N,E,-0.672,475,none
500,N,F,-0.1916,475,none
500,N,H,-0.1918,475,none
500,N,I,-0.1584,475,none
500,N,K,-0.2054,475,none
500,N,M,-0.1119,475,none
500,N,P,-0.6136,475,none
500,N,Q,-0.1427,475,none
500,N,R,-0.07967,475,none
500,N,S,-0.1933,475,none
500,N,T,0.1871,475,none
500,N,W,-0.02454,475,none
500,N,Y,-0.121,475,none
501,Q,A,0.3586,476,none
501,Q,C,-0.2887,476,none
501,Q,D,-0.01185,476,none
501,Q,E,-0.3027,476,none
501,Q,F,-0.1365,476,none
501,Q,H,-0.2446,476,none
501,Q,I,0.02612,476,none
501,Q,K,-0.1754,476,none
501,Q,L,-0.3851,476,none
501,Q,M,0.01027,476,none
501,Q,N,-0.0959,476,none
501,Q,R,-0.3986,476,none
501,Q,S,-0.06332,476,none
501,Q,T,-0.1356,476,none
501,Q,V,-0.2585,476,none
501,Q,W,-0.09489,476,none
501,Q,Y,0.3216,476,none
502,S,A,-0.2798,477,none
502,S,E,-0.5636,477,none
502,S,F,-0.3217,477,none
502,S,G,-0.4145,477,none
502,S,H,-0.4654,477,none
502,S,I,-0.6849,477,none
502,S,K,-0.5269,477,none
502,S,L,0.04827,477,none
502,S,N,-0.03715,477,none
502,S,R,-0.5474,477,none
502,S,T,0.1782,477,none
502,S,V,-0.2904,477,none
502,S,W,-0.1855,477,none
502,S,Y,-0.5394,477,none
503,L,A,-0.731,478,none
503,L,E,-0.2854,478,none
503,L,F,0.04975,478,none
503,L,G,-0.783,478,none
503,L,H,-0.4921,478,none
503,L,I,-0.07598,478,none
503,L,K,-0.1702,478,none
503,L,M,-0.2504,478,none
503,L,N,-0.3205,478,none
503,L,P,-0.2192,478,none
503,L,Q,-0.2533,478,none
503,L,R,-0.224,478,none
503,L,T,-0.4134,478,none
503,L,V,-0.2021,478,none
503,L,W,-0.2049,478,none
503,L,Y,-0.1327,478,none
504,A,C,-0.7571,479,none
504,A,D,-0.4332,479,none
504,A,E,0.04048,479,none
504,A,F,-0.07915,479,none
504,A,G,-0.2813,479,none
504,A,H,0.1035,479,none
504,A,I,0.01508,479,none
504,A,K,-0.03982,479,none
504,A,L,0.00376,479,none
504,A,M,-0.06361,479,none
504,A,Q,0.07264,479,none
504,A,R,-0.07235,479,none
504,A,S,-0.3357,479,none
504,A,T,-0.3013,479,none
504,A,V,-0.2264,479,none
504,A,W,0.03427,479,none
504,A,Y,0.1988,479,none
505,F,A,-0.5087,480,none
505,F,C,-0.1866,480,none
505,F,D,-0.2312,480,none
505,F,E,0.01195,480,none
505,F,G,-0.06388,480,none
505,F,H,-0.3472,480,none
505,F,K,-0.6059,480,none
505,F,L,-0.446,480,none
505,F,M,-0.2113,480,none
505,F,N,-0.3053,480,none
505,F,P,-0.6176,480,none
505,F,Q,-0.1832,480,none
505,F,R,-0.3243,480,none
505,F,S,-0.2886,480,none
505,F,T,-0.06814,480,none
505,F,V,-0.2166,480,none
505,F,W,0.1525,480,none
505,F,Y,-0.4825,480,none
506,I,A,-0.1644,481,none
506,I,C,-0.06972,481,none
506,I,D,-0.1512,481,none
506,I,E,-0.6702,481,none
506,I,F,-0.4113,481,none
506,I,H,-0.2264,481,none
506,I,L,-0.2661,481,none
506,I,M,0.2533,481,none
506,I,N,0.07103,481,none
506,I,P,-0.7831,481,none
506,I,Q,-0.1553,481,none
506,I,S,0.0438,481,none
506,I,T,-0.1134,481,none
506,I,V,-0.2778,481,none
506,I,W,-0.2512,481,none
506,I,Y,-0.3403,481,none
507,R,C,-0.3939,482,none
507,R,E,-0.5471,482,none
507,R,F,-0.1662,482,none
507,R,G,0.1218,482,none
507,R,H,-0.08091,482,none
507,R,I,-0.4458,482,none
507,R,K,0.01146,482,none
507,R,L,0.2738,482,none
507,R,M,-0.3303,482,none
507,R,N,-0.07265,482,none
507,R,Q,0.17,482,none
507,R,S,-0.1111,482,none
507,R,T,-0.1003,482,none
507,R,V,-0.2714,482,none
507,R,W,0.06902,482,none
507,R,Y,-0.1034,482,none
508,K,A,-0.469,483,none
508,K,C,-0.5703,483,none
508,K,D,-0.3753,483,none
508,K,E,-0.06545,483,none
508,K,F,-0.01351,483,none
508,K,G,-0.7425,483,none
508,K,H,-0.3362,483,none
508,K,I,-0.5567,483,none
508,K,L,-0.0568,483,none
508,K,M,-0.5443,483,none
508,K,N,-0.4003,483,none
508,K,P,-0.498,483,none
508,K,Q,-0.07989,483,none
508,K,S,0.09278,483,none
508,K,V,-0.1724,483,none
508,K,W,-0.6208,483,none
508,K,Y,-0.3928,483,none
509,S,A,0.06755,484,none
509,S,C,-0.201,484,none
509,S,D,-0.1658,484,none
509,S,E,0.0346,484,none
509,S,F,-0.2466,484,none
509,S,G,0.2653,484,none
509,S,I,-0.9552,484,none
509,S,K,-0.2214,484,none
509,S,L,-0.3112,484,none
509,S,M,0.1449,484,none
509,S,N,-0.005862,484,none
509,S,Q,0.3587,484,none
509,S,R,-0.6434,484,none
509,S,T,0.4338,484,none
509,S,V,0.03177,484,none
509,S,W,-0.1474,484,none
509,S,Y,-0.2584,484,none
510,D,A,-0.09567,485,none
510,D,C,-0.1195,485,none
510,D,E,0.2358,485,none
510,D,F,-0.7271,485,none
510,D,G,0.1583,485,none
510,D,I,0.139,485,none
510,D,K,0.2297,485,none
510,D,L,-0.03872,485,none
510,D,M,-0.4093,485,none
510,D,N,-0.123,485,none
510,D,P,-0.3611,485,none
510,D,Q,-0.08564,485,none
510,D,R,-0.1596,485,none
510,D,S,-0.2314,485,none
510,D,T,-0.2677,485,none
510,D,V,-0.2518,485,none
510,D,W,-0.6093,485,none
510,D,Y,-1.572,485,none
511,E,A,-0.07747,486,none
511,E,C,-0.5198,486,none
511,E,D,-0.2673,486,none
511,E,F,-0.3394,486,none
511,E,G,-0.08388,486,none
511,E,H,-0.4889,486,none
511,E,I,-0.3488,486,none
511,E,K,-0.9402,486,none
511,E,L,-0.4264,486,none
511,E,M,-0.1078,486,none
511,E,N,0.1444,486,none
511,E,P,-0.3416,486,none
511,E,Q,-0.2202,486,none
511,E,R,0.1721,486,none
511,E,S,-0.07612,486,none
511,E,T,0.01215,486,none
511,E,W,0.05269,486,none
511,E,Y,-0.1619,486,none
512,L,C,-0.1858,487,none
512,L,D,-0.7031,487,none
512,L,F,-0.1983,487,none
512,L,H,-0.1999,487,none
512,L,I,0.1386,487,none
512,L,K,-0.9532,487,none
512,L,M,-0.595,487,none
512,L,P,-0.03463,487,none
512,L,Q,-0.5298,487,none
512,L,R,-0.491,487,none
512,L,V,0.1766,487,none
512,L,W,-0.1198,487,none
513,L,A,-0.2169,488,none
513,L,C,-0.06842,488,none
513,L,D,-0.01217,488,none
513,L,E,-0.3429,488,none
513,L,F,0.2657,488,none
513,L,G,-0.3157,488,none
513,L,H,-0.1288,488,none
513,L,I,-0.01792,488,none
513,L,K,-0.1946,488,none
513,L,M,0.1233,488,none
513,L,N,-0.1286,488,none
513,L,P,-0.2524,488,none
513,L,Q,-0.3509,488,none
513,L,R,-0.156,488,none
513,L,S,-0.3657,488,none
513,L,T,-0.3922,488,none
513,L,V,-0.462,488,none
513,L,W,0.07902,488,none
513,L,Y,0.04283,488,none
514,H,A,0.1759,489,none
514,H,D,0.02623,489,none
514,H,E,0.2118,489,none
514,H,F,0.2001,489,none
514,H,G,0.0212,489,none
514,H,I,0.09612,489,none
514,H,K,0.2215,489,none
514,H,L,0.356,489,none
514,H,M,0.2921,489,none
514,H,N,0.1212,489,none
514,H,P,-0.4267,489,none
514,H,Q,0.04114,489,none
514,H,R,-0.5545,489,none
514,H,S,-0.1893,489,none
514,H,T,0.1304,489,none
514,H,V,0.08188,489,none
514,H,W,-0.1927,489,none
514,H,Y,-0.0991,489,none
515,H,C,-0.5595,490,none
515,H,D,0.08475,490,none
515,H,E,0.3241,490,none
515,H,F,-0.2797,490,none
515,H,I,0.05618,490,none
515,H,K,-0.1003,490,none
515,H,L,0.2164,490,none
515,H,M,0.1664,490,none
515,H,N,-0.5736,490,none
515,H,Q,0.4274,490,none
515,H,R,0.1234,490,none
515,H,S,0.02492,490,none
515,H,T,0.172,490,none
515,H,W,0.04314,490,none
515,H,Y,0.01795,490,none
516,V,A,-0.5113,491,none
516,V,C,-0.806,491,none
516,V,D,0.4005,491,none
516,V,E,0.02388,491,none
516,V,F,-0.5416,491,none
516,V,G,0.0234,491,none
516,V,H,-0.2875,491,none
516,V,I,0.08267,491,none
516,V,K,0.1061,491,none
516,V,L,-0.06376,491,none
516,V,M,-0.3111,491,none
516,V,N,-0.4009,491,none
516,V,P,-0.2721,491,none
516,V,Q,-0.1562,491,none
516,V,R,-0.3576,491,none
516,V,S,-0.3019,491,none
516,V,T,-0.2629,491,none
516,V,W,-0.8019,491,none
516,V,Y,-0.1148,491,none
517,N,A,0.06778,492,none
517,N,D,-0.2282,492,none
517,N,E,0.4004,492,none
517,N,F,-0.003368,492,none
517,N,G,-0.1275,492,none
517,N,I,-0.2381,492,none
517,N,K,-0.3525,492,none
517,N,L,-0.3717,492,none
517,N,M,-0.1731,492,none
517,N,P,-0.4261,492,none
517,N,Q,0.06383,492,none
517,N,R,0.08009,492,none
517,N,S,-0.07287,492,none
517,N,T,0.0992,492,none
517,N,V,0.1227,492,none
517,N,W,-0.1858,492,none
517,N,Y,-0.08604,492,none
518,A,D,0.01953,493,none
518,A,E,0.4233,493,none
518,A,F,-0.5008,493,none
518,A,G,-0.1375,493,none
518,A,H,-0.3457,493,none
518,A,I,0.2714,493,none
518,A,K,0.01822,493,none
518,A,L,0.00955,493,none
518,A,M,-0.01062,493,none
518,A,N,-0.07595,493,none
518,A,P,-0.4456,493,none
518,A,Q,0.2548,493,none
518,A,R,-0.3132,493,none
518,A,S,-0.08431,493,none
518,A,T,-0.337,493,none
518,A,V,0.02818,493,none
518,A,W,0.2975,493,none
518,A,Y,-0.3997,493,none
519,G,C,-0.1423,494,none
519,G,D,-0.1978,494,none
519,G,E,0.08363,494,none
519,G,F,-0.01767,494,none
519,G,H,0.1007,494,none
519,G,I,-0.00173,494,none
519,G,K,-0.003785,494,none
519,G,L,-0.08986,494,none
519,G,M,0.06498,494,none
519,G,N,0.3977,494,none
519,G,P,0.04688,494,none
519,G,Q,0.3392,494,none
519,G,S,-0.01108,494,none
519,G,T,0.01009,494,none
519,G,V,-0.05219,494,none
519,G,W,0.02334,494,none
519,G,Y,-0.1595,494,none
520,K,A,-0.2127,495,none
520,K,C,-0.2649,495,none
520,K,D,-0.3611,495,none
520,K,E,0.1421,495,none
520,K,F,0.03177,495,none
520,K,G,-0.1366,495,none
520,K,H,-0.07305,495,none
520,K,I,-0.02559,495,none
520,K,L,-0.04786,495,none
520,K,M,0.02035,495,none
520,K,N,-0.03462,495,none
520,K,Q,0.1615,495,none
520,K,R,0.2402,495,none
520,K,S,0.00023,495,none
520,K,T,0.2096,495,none
520,K,V,-0.7535,495,none
520,K,W,-0.3582,495,none
520,K,Y,-0.1499,495,none
521,S,A,0.06715,496,none
521,S,C,0.2774,496,none
521,S,D,-0.02122,496,none
521,S,E,-0.2022,496,none
521,S,F,-0.0427,496,none
521,S,G,0.0202,496,none
521,S,H,-0.01072,496,none
521,S,I,0.1258,496,none
521,S,K,0.1379,496,none
521,S,L,0.2879,496,none
521,S,M,0.07306,496,none
521,S,N,0.1286,496,none
521,S,P,-0.0624,496,none
521,S,Q,0.1641,496,none
521,S,R,0.0426,496,none
521,S,T,-0.2222,496,none
521,S,V,0.008,496,none
521,S,W,-0.1106,496,none
521,S,Y,-0.02213,496,none
522,T,A,-0.1927,497,none
522,T,C,0.04702,497,none
522,T,D,-0.2623,497,none
522,T,E,0.05976,497,none
522,T,F,0.2331,497,none
522,T,G,-0.349,497,none
522,T,H,-0.1114,497,none
522,T,I,0.241,497,none
522,T,K,0.2576,497,none
522,T,L,-0.145,497,none
522,T,M,0.02019,497,none
522,T,N,-0.1359,497,none
522,T,P,-0.5541,497,none
522,T,Q,-0.1315,497,none
522,T,R,-0.08245,497,none
522,T,S,-0.1291,497,none
522,T,V,0.1791,497,none
522,T,W,0.285,497,none
522,T,Y,-0.02536,497,none
523,T,A,-0.09352,498,none
523,T,D,-0.1202,498,none
523,T,E,-0.3241,498,none
523,T,F,0.02125,498,none
523,T,H,-0.3078,498,none
523,T,I,0.3277,498,none
523,T,L,0.2585,498,none
523,T,M,0.02948,498,none
523,T,N,-0.2375,498,none
523,T,Q,0.165,498,none
523,T,R,-0.1997,498,none
523,T,S,-0.002123,498,none
523,T,W,0.2435,498,none
523,T,Y,-0.05539,498,none
524,N,A,-0.3148,499,none
524,N,C,0.4331,499,none
524,N,D,-0.2559,499,none
524,N,E,-0.3,499,none
524,N,F,-0.1897,499,none
524,N,G,-0.6992,499,none
524,N,H,-0.2136,499,none
524,N,I,-0.2824,499,none
524,N,K,-0.2046,499,none
524,N,L,0.1405,499,none
524,N,M,0.0774,499,none
524,N,P,-0.3961,499,none
524,N,Q,0.1339,499,none
524,N,R,-0.2112,499,none
524,N,S,-0.2233,499,none
524,N,T,-0.1317,499,none
524,N,V,-0.2141,499,none
524,N,W,-0.1482,499,none
524,N,Y,0.164,499,none
525,I,A,-0.01121,500,none
525,I,C,-0.3487,500,none
525,I,D,-0.5422,500,none
525,I,E,0.2711,500,none
525,I,F,-0.188,500,none
525,I,G,-0.1111,500,none
525,I,H,0.2259,500,none
525,I,K,-0.05407,500,none
525,I,L,0.1975,500,none
525,I,N,-0.8975,500,none
525,I,P,-0.4195,500,none
525,I,R,-0.06822,500,none
525,I,S,-0.262,500,none
525,I,T,-0.08722,500,none
525,I,V,-0.1612,500,none
525,I,Y,0.3149,500,none
526,M,A,-0.1781,501,none
526,M,C,-0.4732,501,none
526,M,D,-0.1337,501,none
526,M,F,0.05974,501,none
526,M,G,-0.03985,501,none
526,M,H,-0.2258,501,none
526,M,I,0.05558,501,none
526,M,K,-0.5244,501,none
526,M,L,0.3826,501,none
526,M,Q,-0.26,501,none
526,M,R,-0.08827,501,none
526,M,S,0.01479,501,none
526,M,T,0.1817,501,none
526,M,V,-0.2115,501,none
526,M,W,-0.3169,501,none
526,M,Y,-0.519,501,none
527,I,A,0.4144,502,none
527,I,C,0.02175,502,none
527,I,D,-0.5671,502,none
527,I,E,-0.4322,502,none
527,I,F,0.1292,502,none
527,I,K,-0.5735,502,none
527,I,L,0.0799,502,none
527,I,M,-0.2,502,none
527,I,P,-0.2978,502,none
527,I,Q,-0.0154,502,none
527,I,R,-0.09547,502,none
527,I,S,-0.1324,502,none
527,I,T,0.07155,502,none
527,I,V,-0.295,502,none
527,I,W,0.02077,502,none
527,I,Y,-0.2587,502,none
528,T,A,-0.1161,503,none
528,T,C,-0.2862,503,none
528,T,E,-0.06747,503,none
528,T,F,0.0921,503,none
528,T,G,0.2375,503,none
528,T,H,-0.684,503,none
528,T,I,-0.1556,503,none
528,T,K,-0.3286,503,none
528,T,L,0.06085,503,none
528,T,N,-0.291,503,none
528,T,Q,-0.03155,503,none
528,T,R,-0.172,503,none
528,T,S,0.05204,503,none
528,T,V,-0.04585,503,none
528,T,W,0.07182,503,none
528,T,Y,-0.08443,503,none
529,T,A,-0.2535,504,none
529,T,C,0.1004,504,none
529,T,E,-0.159,504,none
529,T,I,-0.3608,504,none
529,T,K,0.4935,504,none
529,T,L,-0.1762,504,none
529,T,M,-0.1654,504,none
529,T,P,0.07205,504,none
529,T,R,-0.4015,504,none
529,T,V,0.1937,504,none
529,T,Y,0.01145,504,none
26,Q,Q,0,1,region_I
27,N,N,0,2,region_I
28,I,I,0,3,region_I
29,T,T,0,4,region_I
30,E,E,0,5,region_I
31,E,E,0,6,region_I
32,F,F,0,7,region_I
33,Y,Y,0,8,region_I
34,Q,Q,0,9,region_I
35,S,S,0,10,region_I
36,T,T,0,11,region_I
37,C,C,0,12,region_I
38,S,S,0,13,region_I
39,A,A,0,14,region_I
40,V,V,0,15,region_I
41,S,S,0,16,region_I
42,K,K,0,17,region_I
43,G,G,0,18,region_I
44,Y,Y,0,19,region_I
45,L,L,0,20,region_I
46,S,S,0,21,region_III
47,A,A,0,22,region_III
48,L,L,0,23,region_III
49,R,R,0,24,region_III
50,T,T,0,25,region_III
51,G,G,0,26,region_III
52,W,W,0,27,region_III
53,Y,Y,0,28,region_III
54,T,T,0,29,region_III
55,S,S,0,30,region_V
56,V,V,0,31,region_V
57,I,I,0,32,region_V
58,T,T,0,33,region_V
59,I,I,0,34,region_V
60,E,E,0,35,region_V
61,L,L,0,36,region_V
62,S,S,0,37,region_V
63,N,N,0,38,region_0
64,I,I,0,39,region_0
65,K,K,0,40,region_0
66,E,E,0,41,region_0
67,N,N,0,42,region_0
68,K,K,0,43,region_0
69,C,C,0,44,region_0
70,N,N,0,45,region_0
71,G,G,0,46,region_0
72,T,T,0,47,region_0
73,D,D,0,48,region_0
74,A,A,0,49,region_0
75,K,K,0,50,region_0
76,V,V,0,51,region_0
77,K,K,0,52,region_0
78,L,L,0,53,region_0
79,I,I,0,54,region_0
80,N,N,0,55,region_0
81,Q,Q,0,56,region_0
82,E,E,0,57,region_0
83,L,L,0,58,region_0
84,D,D,0,59,region_0
85,K,K,0,60,region_0
86,Y,Y,0,61,region_0
87,K,K,0,62,region_0
88,N,N,0,63,region_0
89,A,A,0,64,region_0
90,V,V,0,65,region_0
91,T,T,0,66,region_0
92,E,E,0,67,region_0
93,L,L,0,68,region_0
94,Q,Q,0,69,region_0
95,L,L,0,70,region_0
96,L,L,0,71,region_0
97,M,M,0,72,none
98,Q,Q,0,73,none
99,S,S,0,74,none
100,T,T,0,75,none
101,T,T,0,76,none
102,A,A,0,77,none
103,A,A,0,78,none
104,N,N,0,79,none
105,N,N,0,80,none
106,R,R,0,81,none
107,A,A,0,82,none
108,R,R,0,83,none
109,R,R,0,84,none
110,E,E,0,85,none
111,L,L,0,86,none
112,P,P,0,87,none
113,R,R,0,88,none
114,F,F,0,89,none
115,M,M,0,90,none
116,N,N,0,91,none
117,Y,Y,0,92,none
118,T,T,0,93,none
119,L,L,0,94,none
120,N,N,0,95,none
121,N,N,0,96,none
122,T,T,0,97,none
123,K,K,0,98,none
124,K,K,0,99,none
125,T,T,0,100,none
126,N,N,0,101,none
127,V,V,0,102,none
128,T,T,0,103,none
129,L,L,0,104,none
130,S,S,0,105,none
131,K,K,0,106,none
132,K,K,0,107,none
133,R,R,0,108,none
134,K,K,0,109,none
135,R,R,0,110,none
136,R,R,0,111,none
137,F,F,0,112,none
138,L,L,0,113,none
139,G,G,0,114,none
140,F,F,0,115,none
141,L,L,0,116,none
142,L,L,0,117,none
143,G,G,0,118,none
144,V,V,0,119,none
145,G,G,0,120,none
146,S,S,0,121,region_V
147,A,A,0,122,region_V
148,I,I,0,123,region_V
149,A,A,0,124,region_V
150,S,S,0,125,region_V
151,G,G,0,126,region_V
152,I,I,0,127,region_V
153,A,A,0,128,region_V
154,V,V,0,129,region_V
155,S,S,0,130,region_V
156,K,K,0,131,region_V
157,V,V,0,132,region_V
158,L,L,0,133,region_V
159,H,H,0,134,region_V
160,L,L,0,135,region_V
161,E,E,0,136,region_V
162,G,G,0,137,region_V
163,E,E,0,138,region_V
164,V,V,0,139,region_V
165,N,N,0,140,region_V
166,K,K,0,141,region_V
167,I,I,0,142,region_V
168,K,K,0,143,region_V
169,S,S,0,144,region_V
170,A,A,0,145,region_V
171,L,L,0,146,region_V
172,L,L,0,147,region_V
173,S,S,0,148,region_V
174,T,T,0,149,region_V
175,N,N,0,150,region_V
176,K,K,0,151,region_V
177,A,A,0,152,region_V
178,V,V,0,153,region_V
179,V,V,0,154,region_V
180,S,S,0,155,region_V
181,L,L,0,156,region_V
182,S,S,0,157,region_V
183,N,N,0,158,region_V
184,G,G,0,159,region_V
185,V,V,0,160,region_V
186,S,S,0,161,region_V
187,V,V,0,162,region_V
188,L,L,0,163,region_V
189,T,T,0,164,region_V
190,S,S,0,165,region_V
191,K,K,0,166,region_V
192,V,V,0,167,region_V
193,L,L,0,168,region_V
194,D,D,0,169,region_V
195,L,L,0,170,region_0
196,K,K,0,171,region_0
197,N,N,0,172,region_0
198,Y,Y,0,173,region_0
199,I,I,0,174,region_0
200,D,D,0,175,region_0
201,K,K,0,176,region_0
202,Q,Q,0,177,region_0
203,L,L,0,178,region_0
204,L,L,0,179,region_0
205,P,P,0,180,region_0
206,I,I,0,181,region_0
207,V,V,0,182,region_0
208,N,N,0,183,region_0
209,K,K,0,184,region_0
210,Q,Q,0,185,region_0
211,S,S,0,186,region_0
212,C,C,0,187,region_0
213,R,R,0,188,region_0
214,I,I,0,189,region_0
215,S,S,0,190,region_0
216,N,N,0,191,region_0
217,I,I,0,192,region_0
218,E,E,0,193,region_0
219,T,T,0,194,region_0
220,V,V,0,195,region_0
221,I,I,0,196,region_0
222,E,E,0,197,region_0
223,F,F,0,198,region_0
224,Q,Q,0,199,region_0
225,Q,Q,0,200,region_0
226,K,K,0,201,region_0
227,N,N,0,202,region_0
228,N,N,0,203,none
229,R,R,0,204,none
230,L,L,0,205,none
231,L,L,0,206,none
232,E,E,0,207,none
233,I,I,0,208,none
234,T,T,0,209,none
235,R,R,0,210,none
236,E,E,0,211,none
237,F,F,0,212,none
238,S,S,0,213,none
239,V,V,0,214,none
240,N,N,0,215,none
241,A,A,0,216,none
242,G,G,0,217,none
243,V,V,0,218,none
244,T,T,0,219,none
245,T,T,0,220,none
246,P,P,0,221,none
247,V,V,0,222,none
248,S,S,0,223,none
249,T,T,0,224,none
250,Y,Y,0,225,none
251,M,M,0,226,none
252,L,L,0,227,none
253,T,T,0,228,none
254,N,N,0,229,region_II
255,S,S,0,230,region_II
256,E,E,0,231,region_II
257,L,L,0,232,region_II
258,L,L,0,233,region_II
259,S,S,0,234,region_II
260,L,L,0,235,region_II
261,I,I,0,236,region_II
262,N,N,0,237,region_II
263,D,D,0,238,region_II
264,M,M,0,239,region_II
265,P,P,0,240,region_II
266,I,I,0,241,region_II
267,T,T,0,242,region_II
268,N,N,0,243,region_II
269,D,D,0,244,region_II
270,Q,Q,0,245,region_II
271,K,K,0,246,region_II
272,K,K,0,247,region_II
273,L,L,0,248,region_II
274,M,M,0,249,region_II
275,S,S,0,250,region_II
276,N,N,0,251,region_II
277,N,N,0,252,region_II
278,V,V,0,253,none
279,Q,Q,0,254,none
280,I,I,0,255,none
281,V,V,0,256,none
282,R,R,0,257,none
283,Q,Q,0,258,none
284,Q,Q,0,259,none
285,S,S,0,260,none
286,Y,Y,0,261,none
287,S,S,0,262,region_V
288,I,I,0,263,region_V
289,M,M,0,264,region_V
290,S,S,0,265,region_V
291,I,I,0,266,region_V
292,I,I,0,267,region_V
293,K,K,0,268,region_V
294,E,E,0,269,region_V
295,E,E,0,270,region_V
296,V,V,0,271,region_V
297,L,L,0,272,region_V
298,A,A,0,273,region_V
299,Y,Y,0,274,region_V
300,V,V,0,275,region_V
301,V,V,0,276,region_III
302,Q,Q,0,277,region_III
303,L,L,0,278,region_III
304,P,P,0,279,region_III
305,L,L,0,280,region_III
306,Y,Y,0,281,region_III
307,G,G,0,282,region_III
308,V,V,0,283,region_III
309,I,I,0,284,region_III
310,D,D,0,285,region_III
311,T,T,0,286,region_III
312,P,P,0,287,region_III
313,C,C,0,288,region_I
314,W,W,0,289,region_I
315,K,K,0,290,region_I
316,L,L,0,291,region_I
317,H,H,0,292,region_I
318,T,T,0,293,region_I
319,S,S,0,294,region_I
320,P,P,0,295,none
321,L,L,0,296,none
322,C,C,0,297,none
323,T,T,0,298,none
324,T,T,0,299,none
325,N,N,0,300,none
326,T,T,0,301,none
327,K,K,0,302,none
328,E,E,0,303,none
329,G,G,0,304,none
330,S,S,0,305,none
331,N,N,0,306,none
332,I,I,0,307,none
333,C,C,0,308,none
334,L,L,0,309,none
335,T,T,0,310,none
336,R,R,0,311,none
337,T,T,0,312,none
338,D,D,0,313,none
339,R,R,0,314,none
340,G,G,0,315,none
341,W,W,0,316,none
342,Y,Y,0,317,none
343,C,C,0,318,none
344,D,D,0,319,none
345,N,N,0,320,region_III
346,A,A,0,321,region_III
347,G,G,0,322,region_III
348,S,S,0,323,region_III
349,V,V,0,324,region_III
350,S,S,0,325,region_III
351,F,F,0,326,region_III
352,F,F,0,327,region_III
353,P,P,0,328,none
354,Q,Q,0,329,none
355,A,A,0,330,none
356,E,E,0,331,none
357,T,T,0,332,none
358,C,C,0,333,none
359,K,K,0,334,none
360,V,V,0,335,none
361,Q,Q,0,336,none
362,S,S,0,337,none
363,N,N,0,338,none
364,R,R,0,339,none
365,V,V,0,340,none
366,F,F,0,341,none
367,C,C,0,342,region_III
368,D,D,0,343,region_III
369,T,T,0,344,region_III
370,M,M,0,345,region_III
371,N,N,0,346,region_III
372,S,S,0,347,region_III
373,L,L,0,348,region_III
374,T,T,0,349,region_III
375,L,L,0,350,region_III
376,P,P,0,351,region_III
377,S,S,0,352,region_III
378,E,E,0,353,region_III
379,V,V,0,354,region_I
380,N,N,0,355,region_I
381,L,L,0,356,region_I
382,C,C,0,357,region_I
383,N,N,0,358,region_I
384,V,V,0,359,region_I
385,D,D,0,360,region_I
386,I,I,0,361,region_I
387,F,F,0,362,region_I
388,N,N,0,363,region_I
389,P,P,0,364,region_I
390,K,K,0,365,region_I
391,Y,Y,0,366,none
392,D,D,0,367,none
393,C,C,0,368,none
394,K,K,0,369,none
395,I,I,0,370,none
396,M,M,0,371,none
397,T,T,0,372,none
398,S,S,0,373,none
399,K,K,0,374,none
400,T,T,0,375,none
401,D,D,0,376,none
402,V,V,0,377,none
403,S,S,0,378,none
404,S,S,0,379,none
405,S,S,0,380,none
406,V,V,0,381,none
407,I,I,0,382,none
408,T,T,0,383,none
409,S,S,0,384,none
410,L,L,0,385,none
411,G,G,0,386,none
412,A,A,0,387,none
413,I,I,0,388,none
414,V,V,0,389,none
415,S,S,0,390,none
416,C,C,0,391,none
417,Y,Y,0,392,none
418,G,G,0,393,none
419,K,K,0,394,none
420,T,T,0,395,none
421,K,K,0,396,none
422,C,C,0,397,region_IV
423,T,T,0,398,region_IV
424,A,A,0,399,region_IV
425,S,S,0,400,region_IV
426,N,N,0,401,region_IV
427,K,K,0,402,region_IV
428,N,N,0,403,region_IV
429,R,R,0,404,region_IV
430,G,G,0,405,region_IV
431,I,I,0,406,region_IV
432,I,I,0,407,region_IV
433,K,K,0,408,region_IV
434,T,T,0,409,region_IV
435,F,F,0,410,region_IV
436,S,S,0,411,region_IV
437,N,N,0,412,region_IV
438,G,G,0,413,region_IV
439,C,C,0,414,region_IV
440,D,D,0,415,region_IV
441,Y,Y,0,416,region_IV
442,V,V,0,417,region_IV
443,S,S,0,418,region_IV
444,N,N,0,419,region_IV
445,K,K,0,420,region_IV
446,G,G,0,421,region_IV
447,V,V,0,422,region_IV
448,D,D,0,423,region_IV
449,T,T,0,424,region_IV
450,V,V,0,425,region_IV
451,S,S,0,426,region_IV
452,V,V,0,427,region_IV
453,G,G,0,428,region_IV
454,N,N,0,429,region_IV
455,T,T,0,430,region_IV
456,L,L,0,431,region_IV
457,Y,Y,0,432,region_IV
458,Y,Y,0,433,region_IV
459,V,V,0,434,region_IV
460,N,N,0,435,region_IV
461,K,K,0,436,region_IV
462,Q,Q,0,437,region_IV
463,E,E,0,438,region_IV
464,G,G,0,439,region_IV
465,K,K,0,440,region_IV
466,S,S,0,441,region_IV
467,L,L,0,442,region_IV
468,Y,Y,0,443,region_IV
469,V,V,0,444,region_IV
470,K,K,0,445,region_IV
471,G,G,0,446,region_IV
472,E,E,0,447,none
473,P,P,0,448,none
474,I,I,0,449,none
475,I,I,0,450,none
476,N,N,0,451,none
477,F,F,0,452,none
478,Y,Y,0,453,none
479,D,D,0,454,none
480,P,P,0,455,none
481,L,L,0,456,none
482,V,V,0,457,none
483,F,F,0,458,none
484,P,P,0,459,none
485,S,S,0,460,none
486,D,D,0,461,none
487,E,E,0,462,none
488,F,F,0,463,none
489,D,D,0,464,none
490,A,A,0,465,none
491,S,S,0,466,none
492,I,I,0,467,none
493,S,S,0,468,none
494,Q,Q,0,469,none
495,V,V,0,470,none
496,N,N,0,471,none
497,E,E,0,472,none
498,K,K,0,473,none
499,I,I,0,474,none
500,N,N,0,475,none
501,Q,Q,0,476,none
502,S,S,0,477,none
503,L,L,0,478,none
504,A,A,0,479,none
505,F,F,0,480,none
506,I,I,0,481,none
507,R,R,0,482,none
508,K,K,0,483,none
509,S,S,0,484,none
510,D,D,0,485,none
511,E,E,0,486,none
512,L,L,0,487,none
513,L,L,0,488,none
514,H,H,0,489,none
515,H,H,0,490,none
516,V,V,0,491,none
517,N,N,0,492,none
518,A,A,0,493,none
519,G,G,0,494,none
520,K,K,0,495,none
521,S,S,0,496,none
522,T,T,0,497,none
523,T,T,0,498,none
524,N,N,0,499,none
525,I,I,0,500,none
526,M,M,0,501,none
527,I,I,0,502,none
528,T,T,0,503,none
529,T,T,0,504,none
