site,wildtype,mutant,Nirsevimab-IgG escape,Nirsevimab-Fab escape,Clesrovimab-IgG escape,Clesrovimab-Fab escape,cell entry,sequential_site,region
26,Q,A,0.07728,0.0334,0.04637,0.15,-0.4539,1,region_I
26,Q,C,0.03152,0.1098,0.2596,0.03478,-0.9919,1,region_I
26,Q,D,0.1003,-0.0865,0.1285,0.14,-0.4602,1,region_I
26,Q,E,0.03585,0.3797,-0.01033,-0.01679,-0.5377,1,region_I
26,Q,F,-0.3544,-0.5316,-0.09013,-0.09902,-0.9896,1,region_I
26,Q,G,0.08093,0.1458,-0.03157,-0.1529,-2.542,1,region_I
26,Q,H,-0.2895,-0.7944,-0.2192,-0.1233,-1.179,1,region_I
26,Q,I,0.08554,-0.04366,0.2746,0.1414,0.1924,1,region_I
26,Q,K,-0.7166,-0.416,-0.1995,0.1095,-1.989,1,region_I
26,Q,L,0.04955,-0.4788,-0.08622,-0.2629,-0.5022,1,region_I
26,Q,M,-0.04742,-0.02871,-0.1502,0.3519,-0.1043,1,region_I
26,Q,N,-0.2266,-0.1504,-0.07259,-0.1966,-0.2437,1,region_I
26,Q,P,0.3519,-0.4734,0.228,-0.3318,-1.583,1,region_I
26,Q,Q,0,0,0,0,0,1,region_I
26,Q,R,-0.2356,0.03691,-0.06428,0.1274,-1.849,1,region_I
26,Q,S,0.02449,-1.07,-0.4806,-0.2668,-1.448,1,region_I
26,Q,T,-0.1209,0.03815,0.3052,-0.2747,-1.421,1,region_I
26,Q,V,0.1116,0.6694,0.08597,0.07708,-0.314,1,region_I
26,Q,W,-0.02563,-0.04323,-0.09909,-0.4928,-1.288,1,region_I
26,Q,Y,-0.206,-0.09198,0.09092,0.03742,-0.5802,1,region_I
27,N,A,-0.5812,0.3496,-0.09237,-1.151,-2.474,2,region_I
27,N,C,-0.4996,-0.7126,-0.786,-0.9717,-3.271,2,region_I
27,N,D,-0.04457,-0.2805,-0.5441,-0.6895,-2,2,region_I
27,N,E,-0.3003,0.0293,-0.08518,-0.3582,-1.643,2,region_I
27,N,F,,,,,-2.763,2,region_I
27,N,G,-0.4472,-0.08163,0.0328,-0.2762,-1.443,2,region_I
27,N,H,-0.09287,-0.1459,-0.0713,-0.5767,-1.983,2,region_I
27,N,I,-0.217,-0.3446,-0.0693,-0.2931,-1.472,2,region_I
27,N,K,0.4029,0.4871,0.6848,-0.05288,-1.876,2,region_I
27,N,L,-0.3728,,-0.05109,-1.036,-2.236,2,region_I
27,N,M,0.2264,-1.226,-0.1324,-0.4051,-2.073,2,region_I
27,N,N,0,0,0,0,0,2,region_I
27,N,P,,,,,-1.624,2,region_I
27,N,Q,-0.3981,,-0.08391,-0.7143,-1.876,2,region_I
27,N,R,0.7247,-0.454,0.06209,-0.05013,-2.524,2,region_I
27,N,S,-0.2206,-0.1292,0.08273,-0.619,-2.737,2,region_I
27,N,T,-0.2314,0.09678,0.1335,-0.8739,-1.132,2,region_I
27,N,V,0.2363,-0.3186,0.1445,-1.111,-1.654,2,region_I
27,N,W,-0.545,-1.229,-0.09961,-0.966,-2.271,2,region_I
27,N,Y,-0.5514,,-0.1534,,-2.414,2,region_I
28,I,A,-0.07973,,,-0.8207,-3.151,3,region_I
28,I,C,-0.6153,-0.3598,-0.1901,0.2517,-3.322,3,region_I
28,I,D,0.5341,,0.01591,-0.4177,-3.242,3,region_I
28,I,E,-0.09777,,,,-2.613,3,region_I
28,I,F,0.1858,0.04229,-0.03465,-0.08048,-0.1343,3,region_I
28,I,G,-0.6352,-1.005,,,-3.199,3,region_I
28,I,H,,,-0.2639,-0.8043,-2.888,3,region_I
28,I,I,0,0,0,0,0,3,region_I
28,I,K,-0.2655,0.05514,0.2065,-0.05873,-3.455,3,region_I
28,I,L,0.1075,0.0474,-0.004237,0.1013,0.0193,3,region_I
28,I,M,0.09673,0.238,0.2019,0.259,-0.2132,3,region_I
28,I,N,0.04612,-0.2479,-0.03516,0.1914,-3.28,3,region_I
28,I,P,-0.582,-0.472,-0.1633,-0.07247,-2.655,3,region_I
28,I,Q,0.01714,0.009147,-0.1357,0.2489,-2.204,3,region_I
28,I,R,-0.6563,-1.477,-0.1512,-0.7293,-3.204,3,region_I
28,I,S,-0.5382,-0.4581,-0.2298,0.1198,-3.319,3,region_I
28,I,T,0.09462,-1.379,0.1085,-0.0503,-1.624,3,region_I
28,I,V,0.09755,0.04371,0.2479,0.3835,-0.3072,3,region_I
28,I,W,0.09237,-0.1607,-0.08339,0.1219,-1.123,3,region_I
28,I,Y,,,1.153,,-0.1145,3,region_I
29,T,A,-0.2174,-1.485,-0.2547,-0.5402,-2.529,4,region_I
29,T,C,,,,,-3.186,4,region_I
29,T,D,-0.2098,-0.162,0.1541,-0.1199,-2.056,4,region_I
29,T,E,-0.1878,-0.005513,-0.1507,-0.9293,-1.661,4,region_I
29,T,F,-0.3375,,0.03019,-0.9637,-3.251,4,region_I
29,T,G,,-0.872,-0.2615,,-3.271,4,region_I
29,T,H,,,0.1532,,-2.903,4,region_I
29,T,I,-0.3069,-0.2535,-0.195,-1.412,-2.737,4,region_I
29,T,K,,0.03813,0.3605,-0.4243,-2.883,4,region_I
29,T,L,0.5369,,-0.1763,-0.6844,-3.008,4,region_I
29,T,M,-0.6141,,0.2051,-0.7947,-2.91,4,region_I
29,T,N,-0.6782,-0.35,0.1807,-0.4802,-2.685,4,region_I
29,T,P,,,,-0.07863,-3.196,4,region_I
29,T,Q,-0.348,-0.169,-0.03905,0.02678,-1.958,4,region_I
29,T,R,0.3726,-0.4982,0.08416,-0.2039,-1.21,4,region_I
29,T,S,0.07769,-0.05938,0.05723,0.3301,-0.009815,4,region_I
29,T,T,0,0,0,0,0,4,region_I
29,T,V,0.09328,-0.2011,-0.143,-0.9292,-2.24,4,region_I
29,T,W,0.1936,-0.06301,-0.2539,-0.8001,-3.122,4,region_I
29,T,Y,-0.9686,-0.3113,-0.04266,-0.9765,-2.88,4,region_I
30,E,A,,-0.2223,-0.06754,-0.2513,-3.437,5,region_I
30,E,C,,-0.9741,0.514,-0.485,-3.249,5,region_I
30,E,D,-0.02462,-0.8497,0.1577,-0.06847,-3.089,5,region_I
30,E,E,0,0,0,0,0,5,region_I
30,E,F,0.1609,,0.02854,-0.3803,-3.511,5,region_I
30,E,G,-0.5828,-0.9905,-0.5376,-0.09365,-3.343,5,region_I
30,E,H,0.06669,-0.009718,-0.3844,-0.9401,-3.184,5,region_I
30,E,I,0.0159,-0.1107,0.04654,-0.8731,-3.046,5,region_I
30,E,K,-0.01109,-0.7764,0.3306,-0.3946,-3.433,5,region_I
30,E,L,-0.9738,-1.571,,0.1792,-3.274,5,region_I
30,E,M,-0.3879,,0.01472,-1.031,-2.997,5,region_I
30,E,N,,,-0.02281,,-3.125,5,region_I
30,E,P,-0.1482,-1.094,-0.02723,0.04819,-3.159,5,region_I
30,E,Q,-0.4937,-0.6542,-0.04553,-0.5886,-3.271,5,region_I
30,E,R,-0.4225,-0.2831,0.0611,-0.05272,-3.183,5,region_I
30,E,S,-0.5141,-1.676,0.003418,-0.6006,-3.386,5,region_I
30,E,T,0.02402,-0.5387,0.01052,-0.6618,-3.407,5,region_I
30,E,V,-0.9253,0.7746,0.5408,-0.4135,-3.314,5,region_I
30,E,W,-0.3651,-0.1801,0.0904,-0.9181,-3.361,5,region_I
30,E,Y,,,-0.762,,-3.173,5,region_I
31,E,A,-0.01923,0.03978,-0.1489,-0.03708,-2.477,6,region_I
31,E,C,0.2709,-0.1275,0.1189,0.3589,-1.228,6,region_I
31,E,D,-0.01488,,0.06408,-0.06173,-0.1572,6,region_I
31,E,E,0,0,0,0,0,6,region_I
31,E,F,0.1443,-0.376,-0.08773,0.02396,-1.77,6,region_I
31,E,G,0.1728,-0.2311,-0.0385,-0.5707,-3.371,6,region_I
31,E,H,0.3405,-0.002659,0.2173,-0.221,-1.606,6,region_I
31,E,I,,,,,-2.827,6,region_I
31,E,K,0.3335,0.3953,0.2946,0.003127,-1.394,6,region_I
31,E,L,-0.7443,-0.9557,-0.004968,-0.4434,-2.297,6,region_I
31,E,M,0.2096,,,,-0.6997,6,region_I
31,E,N,0.4737,0.5281,-0.03527,-0.9917,-1.3,6,region_I
31,E,P,-0.09016,0.2838,,,-3.145,6,region_I
31,E,Q,-0.06175,0.1009,0.3163,-0.2017,-0.8645,6,region_I
31,E,R,-0.02087,-0.1277,0.7238,-0.3254,-1.537,6,region_I
31,E,S,0.0117,-0.0567,0.1339,-0.3128,-1.016,6,region_I
31,E,T,-0.4662,-0.09304,0.2427,-0.08535,-0.9155,6,region_I
31,E,V,0.008578,0.07401,0.0003599,0.08346,-1.177,6,region_I
31,E,W,0.0804,0.2291,0.09655,-0.024,-2.306,6,region_I
31,E,Y,-0.01898,0.1034,-0.06951,-0.3885,-1.232,6,region_I
32,F,A,,-0.006253,,-0.6613,-3.386,7,region_I
32,F,C,0.06349,,0.2119,-0.4832,-3.333,7,region_I
32,F,D,-1.138,-1.157,0.3564,-0.2679,-3.478,7,region_I
32,F,E,-0.1144,0.5978,-0.1003,-0.9299,-3.279,7,region_I
32,F,F,0,0,0,0,0,7,region_I
32,F,G,-0.3028,,,,-3.389,7,region_I
32,F,H,,-0.8779,,,-3.431,7,region_I
32,F,I,-0.131,-0.4123,-0.000715,-0.06065,-3.405,7,region_I
32,F,K,-0.5178,-0.7687,0.6708,-1.14,-3.358,7,region_I
32,F,L,-0.1935,-1.135,0.05285,-0.03935,-3.287,7,region_I
32,F,M,-0.4636,-0.168,0.01856,,-3.349,7,region_I
32,F,N,0.5597,,-0.02739,,-3.375,7,region_I
32,F,P,-1.352,-0.4441,-0.2433,-0.6552,-3.364,7,region_I
32,F,Q,0.1905,-0.6547,-0.132,-1.277,-3.405,7,region_I
32,F,R,0.05968,-0.7577,0.04516,,-3.4,7,region_I
32,F,S,-0.2439,-0.431,0.1412,-0.264,-2.984,7,region_I
32,F,T,-0.382,-1.802,-0.3051,-0.07845,-3.062,7,region_I
32,F,V,,,,,-3.466,7,region_I
32,F,W,-0.005419,,-0.2438,,-3.121,7,region_I
32,F,Y,,-0.5951,0.04071,-0.04838,-0.3406,7,region_I
33,Y,A,0.4811,-0.1252,0.1571,-0.1745,-1.841,8,region_I
33,Y,C,-0.4466,0.203,0.3107,-0.02597,-3.164,8,region_I
33,Y,D,-0.539,-1.736,-0.07533,-0.3084,-2.309,8,region_I
33,Y,E,0.1115,-1.09,0.4776,0.1564,-2.845,8,region_I
33,Y,F,-0.1953,,-0.05481,0.1015,0.2368,8,region_I
33,Y,G,-0.2901,,,0.253,-3.099,8,region_I
33,Y,H,-0.02729,-0.239,-0.2117,-0.004301,0.05892,8,region_I
33,Y,I,-0.1884,,0.03312,,-0.3191,8,region_I
33,Y,K,0.2273,-0.02135,-0.07312,-0.3216,-2.423,8,region_I
33,Y,L,,,,,-0.8852,8,region_I
33,Y,M,0.08232,0.097,0.2345,0.4492,-0.069,8,region_I
33,Y,N,-0.2571,0.01725,-0.08441,0.356,-0.9566,8,region_I
33,Y,P,-0.3247,,0.02953,-0.1158,-3.378,8,region_I
33,Y,Q,-0.4724,0.06824,0.01092,0.08755,-0.7189,8,region_I
33,Y,R,-0.09152,-0.1728,0.3039,-0.1826,-1.141,8,region_I
33,Y,S,-0.05553,0.2603,-0.003093,0.2842,-0.6429,8,region_I
33,Y,T,0.008056,0.4477,0.2076,0.1693,-2.239,8,region_I
33,Y,V,-0.02133,0.3676,0.1703,-0.1488,-2.082,8,region_I
33,Y,W,0.1821,0.1531,-0.1345,-0.1253,-0.7159,8,region_I
33,Y,Y,0,0,0,0,0,8,region_I
34,Q,A,0.08025,0.06668,0.186,0.0747,-0.4764,9,region_I
34,Q,C,-0.4473,-0.6371,-0.2971,-0.8341,-3.419,9,region_I
34,Q,D,-0.3056,-0.7322,-0.1269,-0.03255,-3.312,9,region_I
34,Q,E,-0.3529,-0.1142,0.08533,0.3691,-0.3804,9,region_I
34,Q,F,,-1.838,-0.3522,,-2.881,9,region_I
34,Q,G,0.09701,-0.07212,0.2029,-0.02394,-1.829,9,region_I
34,Q,H,-0.1185,-0.4617,-0.3101,-0.4155,-1.564,9,region_I
34,Q,I,-0.8122,,-0.1491,,-3.093,9,region_I
34,Q,K,0.2076,-0.02906,-0.07244,-0.287,-0.779,9,region_I
34,Q,L,0.1635,-0.1932,0.04718,-0.3017,-2.2,9,region_I
34,Q,N,-0.2092,-0.574,-0.4659,,-3.106,9,region_I
34,Q,P,-0.2577,-1.161,-0.1672,0.3464,-3.311,9,region_I
34,Q,Q,0,0,0,0,0,9,region_I
34,Q,R,0.4089,0.04572,0.02836,0.1227,-0.009057,9,region_I
34,Q,S,-0.1082,-0.1244,-0.2282,0.1109,-0.2364,9,region_I
34,Q,T,-0.1921,1.038,0.4766,0.04711,-3.189,9,region_I
34,Q,V,-0.05852,-0.7152,0.1409,0.2181,-2.542,9,region_I
34,Q,W,0.3411,0.07035,-0.1312,0.1571,-3.301,9,region_I
34,Q,Y,0.05634,,0.1029,-0.6137,-1.655,9,region_I
35,S,A,0.19,0.01536,0.001377,-0.1918,0.117,10,region_I
35,S,C,-0.414,-0.9407,0.06774,-0.3193,-2.6,10,region_I
35,S,D,0.1877,-0.3527,-0.02812,-0.03304,-0.4961,10,region_I
35,S,E,-0.2199,0.01003,0.08619,0.4719,-0.8266,10,region_I
35,S,F,-0.4975,-0.4965,0.1302,-0.1269,-2.985,10,region_I
35,S,G,0.02327,0.09791,-0.2681,0.08673,-1.089,10,region_I
35,S,H,-0.3176,-0.4078,-0.08483,0.2628,-2.784,10,region_I
35,S,I,-0.0808,-0.4122,-0.3593,-0.2962,-3.321,10,region_I
35,S,K,,,,,-2.626,10,region_I
35,S,L,-0.5927,0.01214,-0.08586,-0.5903,-3.339,10,region_I
35,S,M,-0.0627,,,,-2.317,10,region_I
35,S,N,0.2639,,-0.2926,,-1.563,10,region_I
35,S,P,-0.04584,0.8298,-0.123,0.05558,-1.119,10,region_I
35,S,Q,-0.3142,0.4383,-0.04148,-0.2304,-0.9307,10,region_I
35,S,R,,,,,-0.9163,10,region_I
35,S,S,0,0,0,0,0,10,region_I
35,S,T,-0.2809,0.2013,-0.01814,-0.2683,-1.76,10,region_I
35,S,V,0.04517,,-0.2058,-0.1466,-2.886,10,region_I
35,S,W,-0.2221,-1.015,-0.1523,0.3526,-3.272,10,region_I
35,S,Y,-0.2165,0.1128,-0.01247,-0.2608,-1.631,10,region_I
36,T,A,-0.3863,-0.2211,0.08785,0.006404,-3.297,11,region_I
36,T,C,,,,,-3.1,11,region_I
36,T,D,-0.5368,,,,-3.309,11,region_I
36,T,E,,,,,-3.245,11,region_I
36,T,F,0.5613,-0.3285,-0.2383,-0.1431,-3.338,11,region_I
36,T,G,-0.223,0.3237,0.4166,0.02654,-3.104,11,region_I
36,T,H,-0.6331,,,,-3.402,11,region_I
36,T,I,-0.2852,-0.426,-0.2769,-0.3606,-3.219,11,region_I
36,T,K,-0.1178,-0.6094,0.00834,-0.9377,-3.141,11,region_I
36,T,L,,,,,-3.215,11,region_I
36,T,M,-0.4676,-0.7632,-0.2325,-0.1642,-3.258,11,region_I
36,T,N,-0.6368,-0.01405,-0.3119,0.1763,-3.346,11,region_I
36,T,P,-0.01719,-1.372,0.6479,-0.8735,-3.111,11,region_I
36,T,Q,,,,,-3.391,11,region_I
36,T,R,,,,-1.283,-3.118,11,region_I
36,T,S,-0.2778,,-0.1579,-0.5721,-0.9152,11,region_I
36,T,T,0,0,0,0,0,11,region_I
36,T,V,-0.3298,-0.02055,-0.1065,-0.467,-2.736,11,region_I
36,T,W,-0.8143,,-0.05523,-0.2941,-3.325,11,region_I
36,T,Y,-0.3736,,-0.2406,-0.1403,-3.36,11,region_I
37,C,A,-0.2698,,0.01286,-1.09,-3.332,12,region_I
37,C,C,0,0,0,0,0,12,region_I
37,C,D,-0.7478,,-0.1233,-0.6845,-3.243,12,region_I
37,C,E,,,,,-3.425,12,region_I
37,C,F,-0.1732,-0.1833,-0.09849,-0.8007,-3.364,12,region_I
37,C,G,0.3959,0.6446,0.06286,0.1003,-3.233,12,region_I
37,C,H,,,,,-2.731,12,region_I
37,C,I,-0.9471,,,-0.4884,-3.317,12,region_I
37,C,K,-0.6404,-0.4846,0.2833,-0.13,-3.282,12,region_I
37,C,L,,,-0.03678,,-3.266,12,region_I
37,C,M,-0.03466,,,,-3.231,12,region_I
37,C,N,-0.4415,-1.241,-0.367,-0.6051,-3.336,12,region_I
37,C,P,0.4168,-0.2234,0.0444,0.3098,-3.221,12,region_I
37,C,R,-0.3584,-0.3158,-0.2017,-0.8799,-3.283,12,region_I
37,C,S,-0.3158,-0.02551,0.1493,0.2071,-3.308,12,region_I
37,C,T,-0.2006,-0.3662,-0.09067,-0.2985,-3.257,12,region_I
37,C,V,,,-0.1135,-0.4501,-3.285,12,region_I
37,C,W,-0.5027,,-0.2432,0.1701,-3.445,12,region_I
37,C,Y,-0.3074,-1.618,-0.347,-0.7995,-3.36,12,region_I
38,S,A,0.127,0.3331,0.4121,-0.147,-1.049,13,region_I
38,S,C,,,,,-3.196,13,region_I
38,S,D,,-0.9767,-0.2961,,-1.876,13,region_I
38,S,F,,,,,-3.282,13,region_I
38,S,G,0.322,-0.3074,0.04046,-0.9248,-3.125,13,region_I
38,S,H,-0.6103,,0.2889,-0.6071,-3.316,13,region_I
38,S,I,-0.4871,-1.091,0.06734,-1.217,-3.42,13,region_I
38,S,K,,,,-0.03879,-3.264,13,region_I
38,S,L,-0.01438,,,0.244,-3.188,13,region_I
38,S,M,-0.5819,,-0.009759,,-3.054,13,region_I
38,S,N,-0.3221,0.09449,-0.2359,-0.7957,-3.388,13,region_I
38,S,P,,,-0.3602,-0.8017,-3.224,13,region_I
38,S,Q,0.09956,-1.727,-0.009951,-0.692,-3.071,13,region_I
38,S,R,-0.2567,0.09695,-0.1033,-0.7234,-3.385,13,region_I
38,S,S,0,0,0,0,0,13,region_I
38,S,T,-0.2647,-0.5755,-0.07884,-0.2463,-3.295,13,region_I
38,S,V,0.5576,-1.017,0.463,-0.2097,-3.438,13,region_I
38,S,W,,,,,-3.024,13,region_I
38,S,Y,0.2783,-0.8216,0.2931,0.3775,-3.447,13,region_I
39,A,A,0,0,0,0,0,14,region_I
39,A,C,0.02095,-0.06257,0.04159,0.2386,-0.6038,14,region_I
39,A,D,-0.009206,0.09455,-0.09934,0.4849,-3.39,14,region_I
39,A,E,,-1.565,-0.246,-0.5146,-3.353,14,region_I
39,A,F,0.6312,-0.8286,0.1109,0.156,-3.369,14,region_I
39,A,G,0.2788,-0.1855,0.1587,-0.3603,-1.708,14,region_I
39,A,H,-0.9236,,,,-3.2,14,region_I
39,A,I,-0.5041,,-0.4459,-0.7044,-3.286,14,region_I
39,A,K,-0.4821,-0.4457,-0.1059,-0.2459,-3.131,14,region_I
39,A,L,-0.1871,-0.001027,-0.1322,-0.09647,-3.399,14,region_I
39,A,M,,,,-1.053,-1.586,14,region_I
39,A,N,0.4668,0.1603,0.02143,-0.4344,-3.369,14,region_I
39,A,P,-0.1381,,,,-3.38,14,region_I
39,A,Q,,,,,-1.905,14,region_I
39,A,R,-0.3119,,-0.003513,-0.3484,-3.193,14,region_I
39,A,S,0.02322,0.04073,-0.128,0.05795,-0.4385,14,region_I
39,A,T,0.1775,0.2669,0.06622,0.2344,-1.804,14,region_I
39,A,V,0.353,0.02323,0.1148,-0.06563,-0.8896,14,region_I
39,A,W,-0.3147,-1.526,0.1922,-0.8711,-3.455,14,region_I
39,A,Y,0.0009077,,0.1343,-0.8455,-2.814,14,region_I
40,V,A,-0.08032,0.01245,0.0797,-0.1901,-1.027,15,region_I
40,V,C,0.05699,-0.1558,-0.1688,-0.2053,-3.398,15,region_I
40,V,D,-0.144,,-0.07338,-0.1499,-3.127,15,region_I
40,V,E,-0.4639,-1.861,-1.153,,-3.407,15,region_I
40,V,F,,,0.1819,,-3.384,15,region_I
40,V,G,,,,,-3.115,15,region_I
40,V,H,-0.3318,,-0.1235,-0.7195,-3.394,15,region_I
40,V,I,-0.1075,-0.4463,0.09718,-0.1918,-0.4275,15,region_I
40,V,K,-0.4074,0.3264,-0.1156,0.2874,-3.176,15,region_I
40,V,L,0.01553,,-0.1065,0.09874,-1.051,15,region_I
40,V,M,-0.09947,-0.2172,0.06997,0.04308,-0.3639,15,region_I
40,V,N,-0.1473,-1.183,-0.03387,-0.7173,-3.425,15,region_I
40,V,P,,,0.3034,,-3.342,15,region_I
40,V,Q,-0.1878,,-0.1706,-0.05726,-2.359,15,region_I
40,V,R,0.4066,0.1567,0.1743,-0.2617,-2.808,15,region_I
40,V,S,,,,,-3.192,15,region_I
40,V,T,0.3282,-0.8018,-0.2735,-0.143,-0.8121,15,region_I
40,V,V,0,0,0,0,0,15,region_I
40,V,W,-0.1398,,0.3574,-1.296,-3.449,15,region_I
40,V,Y,-1.09,,,,-2.832,15,region_I
41,S,A,-0.01223,-1.796,-0.1413,-0.051,-0.7378,16,region_I
41,S,C,0.5832,-0.175,-0.01881,-0.5265,-3.241,16,region_I
41,S,D,-0.4371,-0.7816,0.3684,-0.556,-3.429,16,region_I
41,S,E,,-1.166,-0.5257,-0.8778,-3.28,16,region_I
41,S,F,,-2.036,-0.2656,-1.709,-3.47,16,region_I
41,S,G,-0.1583,-1.284,-0.02207,0.05709,-3.301,16,region_I
41,S,H,-0.1468,,0.2759,,-3.401,16,region_I
41,S,I,-0.6175,-0.06379,0.3057,0.1085,-3.113,16,region_I
41,S,K,0.4097,-1.048,0.1304,-0.8042,-3.375,16,region_I
41,S,L,-0.2173,-1.56,-0.4841,-0.02243,-3.292,16,region_I
41,S,M,-0.5805,0.2604,-0.562,-0.11,-3.329,16,region_I
41,S,N,-0.5511,-0.7758,-0.2357,-0.4692,-3.304,16,region_I
41,S,P,0.04136,-2.031,-0.3386,0.6004,-2.925,16,region_I
41,S,Q,,,,-0.1342,-3.215,16,region_I
41,S,R,-0.115,,-0.1498,-0.1869,-3.348,16,region_I
41,S,S,0,0,0,0,0,16,region_I
41,S,T,0.1091,0.01425,-0.1718,-0.1451,-0.8556,16,region_I
41,S,V,0.1195,,0.2907,-0.4514,-2.652,16,region_I
41,S,W,-0.0583,-0.1917,0.2922,0.2698,-3.208,16,region_I
41,S,Y,,,,,-3.135,16,region_I
42,K,A,0.04458,0.05388,0.09387,0.5689,-0.1777,17,region_I
42,K,C,-0.2246,-0.1158,0.3181,0.2678,-3.088,17,region_I
42,K,D,-0.04331,-0.3437,-0.165,,-3.434,17,region_I
42,K,E,0.03892,0.05869,0.04204,0.3597,0.0008,17,region_I
42,K,F,-0.08165,-0.04104,-0.1738,0.1623,0.2156,17,region_I
42,K,G,0.002583,,,-0.05572,-0.6408,17,region_I
42,K,H,-0.05059,-0.4047,0.202,0.1141,-0.2157,17,region_I
42,K,I,-0.1464,-0.1701,-0.1283,0.2227,-0.07161,17,region_I
42,K,K,0,0,0,0,0,17,region_I
42,K,L,0.2063,0.0213,0.17,-0.1779,-0.4457,17,region_I
42,K,M,-0.1745,-0.1709,-0.04592,-0.08682,-0.3178,17,region_I
42,K,N,-0.05238,0.2441,-0.6434,-0.05581,-0.09881,17,region_I
42,K,P,,,,-0.7858,-3.247,17,region_I
42,K,Q,-0.02463,0.2348,-0.03148,-0.1735,0.3645,17,region_I
42,K,R,-0.111,0.1053,-0.1436,-0.1517,0.4053,17,region_I
42,K,S,0.04123,0.05599,0.0241,0.3232,0.6918,17,region_I
42,K,T,-0.03076,,0.1058,0.4399,0.07205,17,region_I
42,K,V,0.02319,-0.4619,-0.04612,0.2739,-0.4301,17,region_I
42,K,W,-0.4843,,-0.1878,-0.04097,-1.548,17,region_I
42,K,Y,-0.01112,-1.055,-0.1131,0.5015,0.3849,17,region_I
43,G,A,-0.2758,-0.3574,0.4645,-0.5767,-3.426,18,region_I
43,G,C,-0.1555,-0.03222,-0.3754,-0.6707,-3.372,18,region_I
43,G,D,-0.4677,-0.3727,-0.1142,-0.2584,-3.377,18,region_I
43,G,E,,-0.5281,-0.1998,-0.8124,-3.493,18,region_I
43,G,F,0.2275,-1.23,-0.01463,-0.5858,-3.106,18,region_I
43,G,G,0,0,0,0,0,18,region_I
43,G,H,,,,,-3.413,18,region_I
43,G,I,,,,,-3.288,18,region_I
43,G,K,-0.2421,-0.08611,0.165,-0.6643,-3.022,18,region_I
43,G,L,,,,,-3.284,18,region_I
43,G,M,-0.4975,-0.3894,0.4181,0.5677,-3.253,18,region_I
43,G,N,0.1951,-0.1277,-0.02248,0.3375,-0.5926,18,region_I
43,G,P,-0.5447,-0.1021,,,-3.355,18,region_I
43,G,Q,0.4127,,0.07709,-0.7011,-3.333,18,region_I
43,G,R,-0.5159,,0.5112,-0.1631,-3.181,18,region_I
43,G,S,-0.4714,-1.759,0.2029,0.0669,-3.33,18,region_I
43,G,T,,,,,-3.083,18,region_I
43,G,V,0.1047,-0.4723,0.4245,-0.2975,-3.301,18,region_I
43,G,W,-1.212,,-0.4824,,-3.335,18,region_I
43,G,Y,-0.2064,-0.3815,-0.02784,-0.06012,-3.426,18,region_I
44,Y,A,0.5,-0.08355,0.3096,-0.1394,-3.324,19,region_I
44,Y,C,-0.7741,-1.687,-0.09565,-0.2571,-3.194,19,region_I
44,Y,D,-0.1224,,,-0.6107,-3.315,19,region_I
44,Y,E,0.1339,-1.463,,-0.3861,-3.151,19,region_I
44,Y,F,-0.02859,-0.06849,-0.142,-0.1526,-1.003,19,region_I
44,Y,G,,,,,-3.445,19,region_I
44,Y,H,-0.167,-0.6024,0.3305,-0.2933,-3.342,19,region_I
44,Y,I,-0.7256,-1.404,-0.08349,-0.4822,-3.377,19,region_I
44,Y,K,-0.08377,-0.1842,0.75,-0.02946,-3.296,19,region_I
44,Y,L,,,0.2223,,-3.404,19,region_I
44,Y,M,-0.578,0.266,-0.05616,-0.7464,-3.449,19,region_I
44,Y,N,1.109,,,-0.6978,-3.408,19,region_I
44,Y,P,-1.2,-0.4951,0.5486,0.09988,-3.273,19,region_I
44,Y,Q,,,0.3022,-0.3481,-3.272,19,region_I
44,Y,R,,,,,-3.506,19,region_I
44,Y,S,-0.4701,,-0.05283,,-3.104,19,region_I
44,Y,T,-0.2886,-0.783,-0.1962,-1.01,-3.38,19,region_I
44,Y,V,-0.77,-0.1251,0.4691,-0.1608,-3.236,19,region_I
44,Y,W,-0.1397,-0.3177,0.2287,0.07274,-1.412,19,region_I
44,Y,Y,0,0,0,0,0,19,region_I
45,L,A,-0.1224,-0.4434,-0.03027,0.5526,-0.3689,20,region_I
45,L,C,-0.3644,-0.005922,-0.04724,0.1256,-1.425,20,region_I
45,L,D,0.07759,-0.2544,-0.09405,0.1655,-0.2803,20,region_I
45,L,E,-0.08317,-0.19,-0.1972,-0.03786,0.1119,20,region_I
45,L,F,0.02045,0.06362,0.08748,0.08972,0.4286,20,region_I
45,L,G,-1.202,-1.871,,-0.6136,-2.99,20,region_I
45,L,H,0.04027,-0.2748,0.2494,-0.1724,-1.424,20,region_I
45,L,I,0.1405,-0.1018,0.4077,0.0508,-0.5156,20,region_I
45,L,K,-0.06497,-0.06886,0.3283,-0.4885,-2.406,20,region_I
45,L,L,0,0,0,0,0,20,region_I
45,L,M,-0.1225,0.2269,0.1758,-0.08979,-0.6222,20,region_I
45,L,N,-0.2672,0.09078,0.1623,0.1226,-0.298,20,region_I
45,L,P,0.07182,-0.384,-0.4922,-0.8752,-3.104,20,region_I
45,L,Q,-0.0977,-0.2545,-0.05573,-0.3156,-0.28,20,region_I
45,L,R,-0.6305,-0.8827,0.6041,0.03594,-3.107,20,region_I
45,L,S,0.1123,-0.9824,0.2508,0.1172,-0.379,20,region_I
45,L,T,-0.8938,-0.05238,0.06647,-0.1754,-0.7078,20,region_I
45,L,V,-0.06846,-0.0136,0.3363,0.1616,-0.2688,20,region_I
45,L,W,0.02478,0.1457,-0.08827,0.1483,0.2251,20,region_I
45,L,Y,-0.1577,0.1589,0.07209,0.4046,-0.1566,20,region_I
46,S,A,-0.4768,-0.08041,0.1242,0.3124,-2.771,21,region_III
46,S,C,-0.2344,-0.523,-0.1962,-1.013,-3.51,21,region_III
46,S,D,0.7639,-0.3394,-0.04103,-1.167,-3.489,21,region_III
46,S,E,-0.261,-0.8009,-0.008072,-0.4049,-3.438,21,region_III
46,S,F,0.5352,-0.09617,0.714,-0.4894,-3.208,21,region_III
46,S,G,-0.05854,-0.3183,0.08855,0.02127,-3.408,21,region_III
46,S,H,-0.5995,,,-0.5457,-3.109,21,region_III
46,S,I,-0.8749,-1.539,0.01794,-0.9321,-3.402,21,region_III
46,S,K,-0.2188,,-0.03288,-1.655,-3.205,21,region_III
46,S,L,-0.04754,0.009079,-0.2326,-0.351,-3.522,21,region_III
46,S,M,-0.02227,-0.5786,-0.2575,0.09932,-3.257,21,region_III
46,S,N,-0.1683,0.5754,-0.01887,0.0294,-3.227,21,region_III
46,S,P,,,,,-3.334,21,region_III
46,S,Q,-0.1706,-0.6879,0.2927,-0.1566,-2.894,21,region_III
46,S,R,-0.3514,-0.2512,0.4162,-0.501,-3.119,21,region_III
46,S,S,0,0,0,0,0,21,region_III
46,S,T,0.5415,,,-0.4903,-3.245,21,region_III
46,S,V,,,,,-3.247,21,region_III
46,S,W,0.7967,-1.276,-0.2107,,-3.388,21,region_III
46,S,Y,0.07624,-1.349,-0.09805,-0.02299,-3.098,21,region_III
47,A,A,0,0,0,0,0,22,region_III
47,A,C,-0.1565,-0.1838,0.1714,0.1915,-1.357,22,region_III
47,A,D,0.2752,-0.02589,0.1037,0.1901,-3.358,22,region_III
47,A,E,-0.2206,-0.6756,-0.3735,0.2022,-3.41,22,region_III
47,A,F,0.269,-0.6527,-0.1126,-0.8649,-3.429,22,region_III
47,A,G,-0.2163,0.0523,0.3006,-0.0403,-1.115,22,region_III
47,A,H,-0.3029,,-0.4038,0.1843,-3.361,22,region_III
47,A,I,-0.1812,,-0.5928,-0.9783,-3.452,22,region_III
47,A,K,,,-0.01921,,-2.833,22,region_III
47,A,L,-0.2045,-0.4719,0.5031,-0.1339,-3.3,22,region_III
47,A,M,,,1.313,,-2.974,22,region_III
47,A,N,,-1.724,-0.4965,,-2.62,22,region_III
47,A,Q,-0.9915,,-0.1129,-0.01547,-3.35,22,region_III
47,A,R,,,,,-2.992,22,region_III
47,A,S,0.001155,-0.005401,0.5637,0.1691,-1.507,22,region_III
47,A,T,-0.05481,-1.096,-0.1965,-0.01518,-3.494,22,region_III
47,A,V,-0.05158,-0.005494,-0.1537,-0.1333,-0.4915,22,region_III
47,A,W,-0.6246,-1.505,-0.1733,-0.5761,-3.365,22,region_III
47,A,Y,-0.4853,-1.024,-0.06931,-0.776,-3.263,22,region_III
48,L,A,,-0.2937,,0.1864,-3.455,23,region_III
48,L,C,-0.4254,-1.277,-0.1327,-0.8736,-3.388,23,region_III
48,L,D,,,,-0.2621,-3.367,23,region_III
48,L,E,,-1.528,-0.1763,0.222,-3.429,23,region_III
48,L,F,-0.447,-0.9741,0.3292,,-3.229,23,region_III
48,L,G,-0.2796,-0.7408,-0.4077,-0.3274,-3.306,23,region_III
48,L,H,,,,,-3.38,23,region_III
48,L,I,-0.2478,-0.3289,0.2613,0.08072,-2.583,23,region_III
48,L,K,-0.4144,-0.2386,-0.07323,-0.05271,-3.264,23,region_III
48,L,L,0,0,0,0,0,23,region_III
48,L,M,0.2181,-0.1271,0.01749,0.2037,-1.26,23,region_III
48,L,N,0.03544,-0.1013,0.4747,0.5482,-3.428,23,region_III
48,L,P,0.4131,-0.2893,-0.03684,-0.05051,-3.438,23,region_III
48,L,Q,,-0.3109,0.5998,-0.3049,-3.168,23,region_III
48,L,R,-0.6155,-0.3851,-0.2876,-0.2542,-2.929,23,region_III
48,L,S,,,,,-3.461,23,region_III
48,L,T,,,,,-3.45,23,region_III
48,L,V,,,-0.03759,,-3.468,23,region_III
48,L,W,-0.2917,,0.7951,-0.4449,-3.225,23,region_III
48,L,Y,,,,,-3.407,23,region_III
49,R,A,-0.04505,0.286,0.2124,0.04229,-1.207,24,region_III
49,R,C,0.08206,0.3925,0.2446,-0.142,-1.648,24,region_III
49,R,D,-0.07816,,-0.4049,,-3.3,24,region_III
49,R,E,-0.2141,0.4737,-0.1151,-0.834,-3.352,24,region_III
49,R,F,0.1564,,,-0.2939,-3.289,24,region_III
49,R,G,0.4824,0.06404,0.1748,0.4275,-1.246,24,region_III
49,R,H,-0.3665,0.002799,-0.02761,0.6138,-2.052,24,region_III
49,R,I,0.2984,0.8117,0.6993,0.7224,-2.832,24,region_III
49,R,K,0.1223,-0.06622,-0.4192,0.2525,-1.492,24,region_III
49,R,L,-0.2365,-0.6427,-0.06409,0.4472,-1.221,24,region_III
49,R,M,-0.4351,-0.4956,-0.3662,0.02807,-1.612,24,region_III
49,R,N,0.5642,0.09229,0.4722,0.32,-2.829,24,region_III
49,R,P,-0.7662,-0.2452,-0.2546,-0.7478,-3.477,24,region_III
49,R,Q,-0.6442,-0.2777,0.1328,-0.1497,-2.441,24,region_III
49,R,R,0,0,0,0,0,24,region_III
49,R,S,0.1421,0.1067,0.06002,0.3765,-2.188,24,region_III
49,R,T,-0.4587,0.08159,-0.04062,-0.06797,-3.274,24,region_III
49,R,V,-0.01414,0.2706,0.6656,0.1315,-1.187,24,region_III
49,R,W,-1.063,-1.172,-0.2721,0.01508,-3.436,24,region_III
49,R,Y,-1.351,-0.7445,-0.1537,0.1661,-3.378,24,region_III
50,T,A,,,,,-3.361,25,region_III
50,T,C,-1.293,-1.058,-0.1708,-0.8516,-3.433,25,region_III
50,T,D,-0.3568,-1.173,0.7432,-0.6029,-3.513,25,region_III
50,T,E,-0.6758,-2.013,-0.8016,,-3.489,25,region_III
50,T,F,0.6542,,-0.1283,0.05519,-3.29,25,region_III
50,T,G,,0.4453,-0.02116,,-3.413,25,region_III
50,T,H,,,-0.04397,,-3.401,25,region_III
50,T,I,-0.4457,0.2961,0.1172,0.239,-3.327,25,region_III
50,T,K,,,0.2407,-1.022,-3.421,25,region_III
50,T,L,-0.1089,-0.04697,0.991,0.2546,-3.492,25,region_III
50,T,M,,,,-0.01236,-3.211,25,region_III
50,T,N,0.1782,0.2303,0.5662,0.06978,-2.617,25,region_III
50,T,P,0.1657,-0.7937,0.00649,-0.18,-3.246,25,region_III
50,T,Q,,,,,-3.408,25,region_III
50,T,R,0.08698,0.7977,0.132,0.1654,-3.385,25,region_III
50,T,S,-0.4164,-1.198,-0.1409,-0.4333,-2.291,25,region_III
50,T,T,0,0,0,0,0,25,region_III
50,T,V,-0.4857,-0.367,-0.08172,-0.703,-2.55,25,region_III
50,T,W,-0.03867,-0.3706,0.3839,-0.5973,-2.615,25,region_III
50,T,Y,,,-0.5788,,-3.46,25,region_III
51,G,C,-0.4627,-0.6037,-0.3034,0.5427,-3.442,26,region_III
51,G,D,-0.6467,-0.6159,-0.294,-0.5215,-3.5,26,region_III
51,G,E,-0.7837,-0.1838,0.06795,-1.145,-3.514,26,region_III
51,G,F,-0.4991,,0.1961,-0.8518,-3.457,26,region_III
51,G,G,0,0,0,0,0,26,region_III
51,G,H,,,,-0.5046,-3.29,26,region_III
51,G,I,-0.6785,,0.1044,-0.348,-3.389,26,region_III
51,G,K,,,,,-3.205,26,region_III
51,G,M,-0.2214,0.6166,,-0.3519,-2.766,26,region_III
51,G,N,,0.2288,-0.2934,,-3.304,26,region_III
51,G,P,-0.6509,0.07269,0.0316,,-3.104,26,region_III
51,G,Q,,,-0.3166,,-3.09,26,region_III
51,G,R,,,-0.2604,,-3.431,26,region_III
51,G,S,-0.5215,-0.3037,-0.1672,0.08536,-2.192,26,region_III
51,G,T,,,-0.2076,,-3.123,26,region_III
51,G,V,-0.0907,-0.02786,0.03931,-0.3413,-3.298,26,region_III
51,G,W,-0.3569,-0.2993,-0.2928,0.06819,-3.256,26,region_III
51,G,Y,-0.4758,,-0.2581,-1.128,-2.606,26,region_III
52,W,A,-0.5674,-0.9298,0.06093,,-2.95,27,region_III
52,W,C,-0.04361,-1.32,0.1127,0.08842,-3.336,27,region_III
52,W,D,-0.01661,-0.8735,0.2756,0.1367,-3.302,27,region_III
52,W,E,-0.8925,-0.5623,0.4371,-0.07073,-3.307,27,region_III
52,W,F,-0.1649,,-0.253,0.2582,-2.712,27,region_III
52,W,G,,,,,-3.234,27,region_III
52,W,H,-0.3794,,,,-3.145,27,region_III
52,W,I,,,,,-3.218,27,region_III
52,W,K,,,,,-3.268,27,region_III
52,W,L,-0.2557,-0.8307,-0.1366,-0.6431,-3.474,27,region_III
52,W,M,,,,-0.2598,-3.405,27,region_III
52,W,N,,,,0.06696,-3.405,27,region_III
52,W,P,,,-0.05559,-0.03454,-3.221,27,region_III
52,W,Q,-0.07483,-1.77,0.02094,-0.8824,-3.283,27,region_III
52,W,R,0.0763,0.1338,0.3464,-0.2005,-3.26,27,region_III
52,W,S,-0.4888,,-0.1395,-1.073,-3.439,27,region_III
52,W,T,,,,,-3.263,27,region_III
52,W,V,0.3804,-0.3663,0.5555,,-3.156,27,region_III
52,W,W,0,0,0,0,0,27,region_III
52,W,Y,-0.2184,0.05238,-0.198,-0.7427,-1.528,27,region_III
53,Y,A,0.2072,-0.4804,-0.101,-0.4166,-2.359,28,region_III
53,Y,C,-0.1139,0.2921,0.3799,0.06513,-2.077,28,region_III
53,Y,D,,,,,-3.394,28,region_III
53,Y,F,0.03769,-0.1021,0.2907,0.4628,0.8459,28,region_III
53,Y,G,-0.1344,0.6438,0.2322,-0.3157,-2.697,28,region_III
53,Y,H,0.07019,-0.1866,0.006679,-0.232,0.1835,28,region_III
53,Y,I,,,0.8124,0.01148,-3.317,28,region_III
53,Y,K,-0.4394,-0.2168,0.04912,,-3.342,28,region_III
53,Y,L,,,,,-3.489,28,region_III
53,Y,M,0.1213,0.002953,0.3708,0.2937,0.4064,28,region_III
53,Y,N,-0.521,,-0.6669,-0.4088,-3.412,28,region_III
53,Y,P,,,0.01844,-0.3945,-3.179,28,region_III
53,Y,Q,0.2729,0.02928,0.2958,0.04233,-0.4795,28,region_III
53,Y,R,,,,,-2.834,28,region_III
53,Y,S,-0.2428,-0.1201,-0.08775,-0.5214,-0.5116,28,region_III
53,Y,T,0.05811,0.082,0.319,0.004071,-1.072,28,region_III
53,Y,V,0.2807,-0.03568,0.5119,0.2655,-1.889,28,region_III
53,Y,Y,0,0,0,0,0,28,region_III
54,T,A,-0.09395,0.06181,0.3493,-0.1049,-2.664,29,region_III
54,T,C,-0.3764,,1.004,,-3.156,29,region_III
54,T,D,0.1723,,,,-2.974,29,region_III
54,T,E,0.2815,0.0898,0.2383,0.4685,-1.442,29,region_III
54,T,F,,,0.05054,-0.3967,-3.32,29,region_III
54,T,G,-0.4328,,-0.4936,-0.424,-3.466,29,region_III
54,T,H,,,,,-3.096,29,region_III
54,T,I,-0.0265,0.2584,0.5781,0.3599,-1.31,29,region_III
54,T,K,0.0465,0.02238,-0.02698,-0.5616,-3.011,29,region_III
54,T,L,-0.05596,0.3345,0.1401,-0.0605,-1.089,29,region_III
54,T,M,-0.1297,0.2711,0.439,-0.03497,-2.122,29,region_III
54,T,N,0.05181,-1.585,0.009452,-0.9377,-2.984,29,region_III
54,T,P,-0.06497,,,,-3.333,29,region_III
54,T,Q,-0.2723,-0.2002,0.787,0.1486,-1.901,29,region_III
54,T,R,-0.526,,,,-3.043,29,region_III
54,T,S,0.4873,-0.01189,0.165,0.9071,-2.805,29,region_III
54,T,T,0,0,0,0,0,29,region_III
54,T,V,-0.06725,-0.04145,0.24,-0.1016,-0.157,29,region_III
54,T,W,-0.3975,-0.06506,0.121,-0.7681,-3.29,29,region_III
54,T,Y,0.04754,-0.175,0.109,-0.4065,-3.478,29,region_III
55,S,A,-0.02457,0.05161,-0.002927,0.1,0.1051,30,region_V
55,S,C,0.06485,-0.06262,0.21,0.4452,-0.409,30,region_V
55,S,E,-0.06507,-0.7447,-0.09263,-0.2797,-2.668,30,region_V
55,S,F,-0.3504,-0.176,-0.2892,0.04599,-0.6585,30,region_V
55,S,G,-0.01936,0.2803,0.04859,-0.2058,-0.1732,30,region_V
55,S,H,-0.3039,-0.1124,-0.08436,-0.4904,-2.859,30,region_V
55,S,I,-0.8468,-0.3678,0.7856,-1.01,-3.242,30,region_V
55,S,K,-0.2321,-0.1058,-0.2747,-0.1387,-3.143,30,region_V
55,S,L,0.3745,-1.846,-0.3043,,-3.471,30,region_V
55,S,M,0.05911,-1.564,-0.08061,-0.7327,-3.279,30,region_V
55,S,N,-0.09239,-0.7307,-0.2921,-0.2869,-1.007,30,region_V
55,S,P,-0.1177,0.1862,0.08996,-0.2735,-0.712,30,region_V
55,S,Q,-0.7799,-0.8122,0.2906,-0.4973,-3.221,30,region_V
55,S,R,-0.6978,0.3243,0.2659,0.1314,-3.102,30,region_V
55,S,S,0,0,0,0,0,30,region_V
55,S,T,0.2949,0.3502,0.2751,0.3549,0.0397,30,region_V
55,S,V,0.09129,-0.007279,0.4714,0.774,-1.49,30,region_V
55,S,W,-0.178,-1.684,0.01451,,-3.314,30,region_V
55,S,Y,-0.2987,0.142,-0.02398,0.05551,-1.769,30,region_V
56,V,A,-0.4371,-0.7431,0.1527,-0.6261,-3.194,31,region_V
56,V,C,-0.2926,-0.94,0.1915,-0.5522,-3.051,31,region_V
56,V,D,-0.1344,-0.07766,0.1956,-0.01182,-3.103,31,region_V
56,V,E,0.1946,0.3008,0.2433,-0.09904,-3.022,31,region_V
56,V,F,-0.04743,0.2199,-0.04794,-0.9271,-2.894,31,region_V
56,V,G,-0.4163,-1.082,-0.6472,0.004186,-2.986,31,region_V
56,V,H,,,,,-3.296,31,region_V
56,V,I,-0.1,0.03041,-0.1303,0.06825,-0.1166,31,region_V
56,V,K,-0.7352,-0.7365,-0.1109,-0.002395,-2.976,31,region_V
56,V,L,0.09239,-0.523,-0.3725,-0.3041,-2.003,31,region_V
56,V,M,-0.3449,-0.4353,0.09095,-0.4142,-2.912,31,region_V
56,V,N,-0.004182,-0.1626,0.4809,0.07858,-3.093,31,region_V
56,V,P,-0.01364,-0.02694,0.1491,0.1912,-3.063,31,region_V
56,V,Q,,,,,-2.961,31,region_V
56,V,R,0.113,-1.693,-0.6865,-0.58,-3.131,31,region_V
56,V,S,-0.1923,-0.09732,-0.3129,-0.8404,-2.978,31,region_V
56,V,T,-0.2053,-0.3385,-0.1937,-0.2219,-2.859,31,region_V
56,V,V,0,0,0,0,0,31,region_V
56,V,W,-0.731,-0.332,-0.09333,-0.0373,-3.083,31,region_V
56,V,Y,0.07838,-0.507,-0.1397,-0.143,-2.788,31,region_V
57,I,A,0.1125,0.0406,-0.01957,0.1983,-0.06224,32,region_V
57,I,C,-0.09763,-0.06246,-0.04738,-0.1215,-1.49,32,region_V
57,I,D,-0.593,-0.2049,0.835,-0.922,-3.33,32,region_V
57,I,E,-0.2935,,-0.449,,-3.364,32,region_V
57,I,F,-0.0447,-1.329,-0.1274,-0.632,-2.963,32,region_V
57,I,G,0.2949,,-0.02966,-0.5505,-3.271,32,region_V
57,I,H,-0.4311,-0.2866,-0.04083,-0.6136,-2.319,32,region_V
57,I,I,0,0,0,0,0,32,region_V
57,I,K,-0.4393,-0.1094,-0.3296,-0.7407,-2.889,32,region_V
57,I,L,0.2668,-0.1981,0.01632,-0.05564,-0.45,32,region_V
57,I,M,0.1584,-1.082,-0.1351,-0.6327,-1.562,32,region_V
57,I,N,-0.09636,-0.04246,0.0396,0.02647,-2.274,32,region_V
57,I,P,,,0.02129,,-3.341,32,region_V
57,I,Q,-0.8716,0.3627,-0.3639,-0.7854,-2.333,32,region_V
57,I,R,0.4003,0.09726,0.04182,-0.02405,-2.779,32,region_V
57,I,S,-0.1872,-0.01128,0.1267,-0.6513,-2.107,32,region_V
57,I,T,-0.002136,-0.2104,-0.1287,-0.3309,-1.672,32,region_V
57,I,V,-0.1307,0.061,-0.2423,0.01397,0.2379,32,region_V
57,I,W,-0.2248,,-0.01744,-0.8138,-3.325,32,region_V
58,T,A,-0.2414,-0.003173,-0.3343,0.03075,-0.5741,33,region_V
58,T,C,0.1068,0.1761,0.3724,0.2931,-0.1892,33,region_V
58,T,D,0.2557,-0.1955,0.1015,0.5481,-2.825,33,region_V
58,T,E,-0.3232,,-0.425,-0.7634,-1.688,33,region_V
58,T,F,-0.3194,-0.07163,0.4453,-0.412,-2.079,33,region_V
58,T,G,-0.059,-0.07314,-0.04912,0.05532,-1.97,33,region_V
58,T,H,0.4532,,0.02942,-0.5423,-3.103,33,region_V
58,T,I,-0.1073,-0.7011,0.08145,-0.2218,-2.667,33,region_V
58,T,K,-0.09715,0.02874,-0.1304,-0.5831,-2.551,33,region_V
58,T,L,-0.4081,,-0.04265,0.09766,-2.523,33,region_V
58,T,M,-0.01462,0.05885,0.06538,0.04721,-0.2124,33,region_V
58,T,N,0.06526,-1.153,0.3062,-0.4909,-2.381,33,region_V
58,T,P,-0.09125,-0.2541,-0.2103,-0.5876,-2.95,33,region_V
58,T,Q,-0.2973,0.1152,0.2531,0.09414,-1.272,33,region_V
58,T,R,0.08629,0.3596,0.2211,0.9177,-2.432,33,region_V
58,T,S,-0.03088,,-0.1081,-0.1966,-1.376,33,region_V
58,T,T,0,0,0,0,0,33,region_V
58,T,V,-0.04068,,0.2021,0.1833,-1.389,33,region_V
58,T,W,-0.4266,-0.2647,-0.1318,-0.1644,-3.012,33,region_V
58,T,Y,-0.01068,-0.08776,-0.331,-1.013,-1.683,33,region_V
59,I,A,0.03042,-0.3281,0.1008,-0.04792,-0.2608,34,region_V
59,I,C,-0.07193,-4.65e-05,-0.02999,-0.8623,-2.602,34,region_V
59,I,D,-0.6187,,,,-3.033,34,region_V
59,I,E,-0.1865,-0.5271,0.09603,-0.1692,-2.75,34,region_V
59,I,F,0.0662,0.2618,0.4745,0.1875,0.3039,34,region_V
59,I,G,-0.2356,0.2007,0.2356,0.09132,-1.607,34,region_V
59,I,H,0.2645,-0.3673,-0.2438,-0.004575,-2.514,34,region_V
59,I,I,0,0,0,0,0,34,region_V
59,I,K,-0.01874,-0.9293,0.3366,0.5348,-3.317,34,region_V
59,I,L,0.314,,0.209,-0.6874,-1.613,34,region_V
59,I,M,-0.1141,0.3176,-0.059,-0.144,-0.1359,34,region_V
59,I,N,-0.2695,-0.4095,-0.1843,-0.8778,-3.2,34,region_V
59,I,P,-0.1003,,-0.1403,-1.029,-3.112,34,region_V
59,I,Q,-0.4009,0.2043,-0.3632,-0.2592,-2.785,34,region_V
59,I,R,-0.7862,,-0.05904,-0.3804,-3.091,34,region_V
59,I,S,0.8796,,,-0.125,-2.89,34,region_V
59,I,T,-0.4487,,-0.1207,,-3.088,34,region_V
59,I,V,-0.2214,0.1679,0.2227,-0.06426,-0.08442,34,region_V
59,I,W,0.3407,-0.8184,0.3085,-0.03167,-3.031,34,region_V
59,I,Y,-0.06949,0.08873,-0.08348,0.268,-0.09898,34,region_V
60,E,A,-0.04323,-0.1592,0.02342,0.07853,0.03073,35,region_V
60,E,C,-0.5567,-0.9327,-0.489,-0.4593,-1.424,35,region_V
60,E,D,0.01888,0.01883,0.1607,0.1589,0.412,35,region_V
60,E,E,0,0,0,0,0,35,region_V
60,E,F,-0.1911,-0.8244,-0.2664,-0.0596,-3.128,35,region_V
60,E,G,-0.05365,-0.002496,-0.06136,-0.3248,0.6684,35,region_V
60,E,H,-0.006949,-0.137,-0.1716,0.05173,0.02502,35,region_V
60,E,I,0.1253,0.2799,-0.1439,0.8916,-1.688,35,region_V
60,E,K,0.4765,-0.1382,-0.03815,0.003045,-1.157,35,region_V
60,E,L,,,-0.1445,,-3.249,35,region_V
60,E,M,-0.08392,-0.6073,0.251,-0.02201,-1.929,35,region_V
60,E,N,0.001844,-0.1734,-0.3355,-0.3133,-0.9506,35,region_V
60,E,P,-0.2272,-0.5635,-0.1291,0.01301,-0.1,35,region_V
60,E,Q,-0.1489,-0.05914,-0.3257,-0.002127,-0.1297,35,region_V
60,E,R,-0.206,0.9537,0.1783,0.01726,-2.172,35,region_V
60,E,S,-0.19,0.03803,-0.03165,-0.1097,-0.05773,35,region_V
60,E,T,0.1492,-0.3207,0.1377,-0.1011,-1.294,35,region_V
60,E,V,0.1596,0.4094,0.1356,0.2572,-0.7914,35,region_V
60,E,W,-0.04531,,-0.08607,-0.06495,-1.866,35,region_V
60,E,Y,-0.05478,-0.2138,-0.0712,-0.1166,-0.7615,35,region_V
61,L,A,-0.1012,-0.04217,-0.1286,0.2821,-3.269,36,region_V
61,L,C,0.4774,0.4541,0.5137,0.3691,-3.055,36,region_V
61,L,D,-0.04745,-0.2178,0.1587,0.3832,-2.724,36,region_V
61,L,E,-0.6156,-1.523,-0.1786,-0.9338,-3.151,36,region_V
61,L,F,0.1452,-0.1961,0.1117,-0.06549,-0.04435,36,region_V
61,L,G,-0.331,-1.333,-0.9583,-1.018,-2.185,36,region_V
61,L,H,,,,-1.289,-3.184,36,region_V
61,L,I,,,,,-0.07734,36,region_V
61,L,K,-0.2319,,-0.5944,,-2.617,36,region_V
61,L,L,0,0,0,0,0,36,region_V
61,L,M,-0.09505,0.3878,-0.2056,0.1919,-0.5519,36,region_V
61,L,N,-0.2185,-0.07303,0.4386,-0.4365,-2.604,36,region_V
61,L,P,0.08475,-0.5069,-0.0231,-0.08976,-2.735,36,region_V
61,L,Q,-0.3141,-0.09986,-0.2228,0.4459,-2.581,36,region_V
61,L,R,0.419,-0.09816,0.1935,0.6464,-2.461,36,region_V
61,L,S,0.1391,-1.24,0.12,-0.009505,-3.09,36,region_V
61,L,T,-0.7162,-1.565,-0.1617,0.06684,-2.758,36,region_V
61,L,V,-0.1066,-0.07005,-0.2188,0.06061,0.569,36,region_V
61,L,W,-0.3714,0.09084,-0.0192,-0.2012,-0.852,36,region_V
61,L,Y,0.113,-0.02897,0.03582,0.268,0.5922,36,region_V
62,S,A,-0.001912,0.1962,0.02775,-0.1173,-0.3047,37,region_V
62,S,C,-0.2396,-1.047,0.04505,0.08175,-2.051,37,region_V
62,S,D,-0.4187,1.198,0.002447,-1.129,-3.258,37,region_V
62,S,E,,,0.5467,-0.5997,-3.468,37,region_V
62,S,F,-0.04447,-1.242,0.0008094,-0.7475,-3.342,37,region_V
62,S,G,-0.3007,-0.2748,-0.2038,-0.2923,-1.226,37,region_V
62,S,H,0.3698,-0.8515,-0.3284,-1.977,-2.592,37,region_V
62,S,I,-0.3076,-0.198,-0.01909,-0.2009,-3.277,37,region_V
62,S,K,0.2951,0.1633,-0.2006,-0.3795,-1.252,37,region_V
62,S,L,-0.005286,-1.093,0.1062,-1.151,-3.397,37,region_V
62,S,M,0.1248,-0.5566,0.2342,-1.305,-2.457,37,region_V
62,S,N,-0.3563,-0.01993,-0.1597,-0.5104,-3.071,37,region_V
62,S,P,-0.09192,-0.009324,0.06823,0.04627,-2.51,37,region_V
62,S,Q,-0.6002,-0.9197,-0.01071,,-3.155,37,region_V
62,S,R,-0.152,1.174,-0.145,-0.2042,-0.04933,37,region_V
62,S,S,0,0,0,0,0,37,region_V
62,S,T,-0.1401,-0.2514,0.01957,-0.1313,0.04433,37,region_V
62,S,V,0.1771,-0.4008,-0.1284,-0.851,-2.419,37,region_V
62,S,W,0.335,-0.8817,0.06815,-0.5123,-3.383,37,region_V
62,S,Y,-0.1539,0.0684,-0.1969,-0.1875,-1.913,37,region_V
63,N,A,0.005914,0.2891,0.1675,0.1139,0.1334,38,region_0
63,N,C,-0.1326,-0.01655,-0.4356,-0.4253,-0.7695,38,region_0
63,N,D,0.08371,0.2411,0.02968,0.1439,0.6756,38,region_0
63,N,E,0.1729,-0.131,-0.005566,0.2067,0.9068,38,region_0
63,N,F,0.05021,0.1072,0.1779,0.3774,1.088,38,region_0
63,N,G,0.1671,-0.03048,-0.2379,-0.3928,-0.7601,38,region_0
63,N,H,-0.2651,-0.1472,-0.1938,-0.033,-0.7298,38,region_0
63,N,I,0.3543,0.2528,-0.1502,0.115,1.071,38,region_0
63,N,K,0.01983,-0.2063,0.3204,-0.2433,-0.9713,38,region_0
63,N,L,0.007319,0.04414,-0.8802,-0.08057,-0.2427,38,region_0
63,N,M,0.002924,-0.07631,0.05556,0.03841,0.2757,38,region_0
63,N,N,0,0,0,0,0,38,region_0
63,N,P,0.04217,-0.6287,0.2858,-1.131,-2.12,38,region_0
63,N,Q,-0.1187,-0.6284,-0.2564,-0.6619,-0.8176,38,region_0
63,N,R,0.09811,-0.146,0.03958,-0.02881,-1.595,38,region_0
63,N,S,-0.2596,-0.2988,0.03046,0.2636,0.2175,38,region_0
63,N,T,-0.03749,-0.08738,0.0774,0.0877,-0.7396,38,region_0
63,N,V,0.1972,0.3021,0.03957,0.1098,0.00717,38,region_0
63,N,W,-0.01506,-0.365,-0.3226,-0.6015,-1.446,38,region_0
63,N,Y,-0.1745,-0.2892,-0.08671,-0.4792,0.3269,38,region_0
64,I,A,0.1483,0.7786,-0.04711,-0.2237,-0.7225,39,region_0
64,I,C,-0.1524,-0.5411,-0.1013,-0.1235,-2.525,39,region_0
64,I,D,,-0.6538,0.01643,0.2039,-2.883,39,region_0
64,I,E,-0.5204,1.164,-0.1401,-0.7492,-2.247,39,region_0
64,I,F,0.03027,0.8439,0.29,0.0392,-0.1875,39,region_0
64,I,G,0.07906,0.2076,-0.4609,-0.8715,-2.418,39,region_0
64,I,H,0.1745,2.09,0.06668,-0.1493,-1.147,39,region_0
64,I,I,0,0,0,0,0,39,region_0
64,I,K,-0.008729,0.2166,0.4528,-0.7752,-2.441,39,region_0
64,I,L,-0.07495,0.02087,-0.04138,0.0414,0.01172,39,region_0
64,I,M,-0.1457,-1.182,-0.4297,-0.0051,-1.134,39,region_0
64,I,N,-0.1054,,-0.2352,-0.6394,-2.172,39,region_0
64,I,P,0.1558,0.3958,0.3128,-0.166,-1.814,39,region_0
64,I,Q,0.4837,1.464,-0.2931,-0.115,-1.13,39,region_0
64,I,R,0.3149,0.2798,-0.05539,-0.4533,-2.641,39,region_0
64,I,S,-0.08501,1.555,-0.07904,-0.115,-1.985,39,region_0
64,I,T,-0.0449,1.621,-0.2156,0.115,-0.6788,39,region_0
64,I,V,0.09352,-0.1242,0.02974,0.3616,-0.053,39,region_0
64,I,W,-0.2607,0.6952,-0.03776,0.0036,-0.8317,39,region_0
64,I,Y,0.1102,1.601,0.09375,0.3681,-0.6054,39,region_0
65,K,A,0.2582,0.5259,-0.4798,-0.001131,-0.1562,40,region_0
65,K,C,-0.3923,-0.7899,-0.1844,-0.4042,-1.567,40,region_0
65,K,D,-0.1371,1.058,-0.3492,-0.2208,0.5003,40,region_0
65,K,E,0.05041,0.3,-0.1699,0.0003064,0.9141,40,region_0
65,K,F,0.005787,0.001524,-0.01835,-0.3526,0.3212,40,region_0
65,K,G,-0.0463,0.8308,-0.1235,0.08382,0.7132,40,region_0
65,K,H,-0.1562,0.2056,-0.1667,-0.2617,-0.1175,40,region_0
65,K,I,-0.02517,0.09901,-0.02467,-0.02279,0.2071,40,region_0
65,K,K,0,0,0,0,0,40,region_0
65,K,L,-0.2236,-0.2399,-0.312,-0.1658,-0.7585,40,region_0
65,K,M,0.01174,0.05141,0.04788,-0.2671,0.2303,40,region_0
65,K,N,-0.04433,-0.06136,-0.2336,-0.1703,0.5143,40,region_0
65,K,P,-0.0108,1.344,-0.3167,-0.05324,0.3819,40,region_0
65,K,Q,-0.2438,-0.2594,-0.1602,-0.2423,0.4763,40,region_0
65,K,R,-0.1597,0.05232,-0.08463,-0.2766,-0.4156,40,region_0
65,K,S,0.03648,0.09071,-0.01509,0.1047,0.3847,40,region_0
65,K,T,-0.09261,0.3097,0.07174,0.3071,1.007,40,region_0
65,K,V,-0.2593,-0.5617,-0.3712,-0.7291,-0.4503,40,region_0
65,K,W,-0.1929,-0.2799,-0.4757,-0.3791,-0.1292,40,region_0
65,K,Y,-0.2296,0.301,-0.2208,-0.675,-0.6514,40,region_0
66,E,A,0.07727,-0.439,0.008094,0.158,-1.894,41,region_0
66,E,C,,-0.8527,0.1705,,-3.431,41,region_0
66,E,D,0.153,-0.1686,-0.1026,-0.1212,0.02769,41,region_0
66,E,E,0,0,0,0,0,41,region_0
66,E,F,-0.1656,-0.117,-0.08626,-0.155,-1.577,41,region_0
66,E,G,0.1088,-0.08563,-0.01613,0.07715,-0.5629,41,region_0
66,E,H,0.1046,0.1105,0.2314,-0.008915,-0.78,41,region_0
66,E,I,-0.2684,-0.8994,-0.1705,-0.8679,-2.166,41,region_0
66,E,K,-0.3382,-0.4559,0.1229,-0.004311,-2.843,41,region_0
66,E,L,-0.2374,-1.319,0.02713,-1.151,-2.482,41,region_0
66,E,M,-0.4434,-0.06948,-0.07742,-0.4823,-1.513,41,region_0
66,E,N,-0.1282,-0.09237,-0.01164,-0.1122,-0.8916,41,region_0
66,E,P,-0.607,-0.3404,-0.03732,0.4045,-2.108,41,region_0
66,E,Q,-0.3599,-0.7319,-0.194,-0.8947,-1.282,41,region_0
66,E,R,-0.7968,-1.081,-0.05154,-0.04149,-2.845,41,region_0
66,E,S,0.28,-0.7459,-0.0734,-0.03583,-0.4958,41,region_0
66,E,T,-0.1484,-0.4005,0.05603,-0.2172,-1.25,41,region_0
66,E,V,0.1065,-0.3947,-0.4199,-0.106,-1.018,41,region_0
66,E,W,0.1574,-0.7434,-0.0884,-0.4655,-1.416,41,region_0
66,E,Y,0.02606,-0.06254,-0.07319,-0.2598,-0.7561,41,region_0
67,N,A,0.4441,1.167,-0.1139,0.5069,0.4364,42,region_0
67,N,C,-0.3891,0.5545,-0.102,0.07704,-0.7328,42,region_0
67,N,D,0.2245,0.4241,0.01906,-0.007863,0.1429,42,region_0
67,N,E,0.008547,1.518,0.2375,0.1188,1.107,42,region_0
67,N,F,-0.5103,0.3197,-0.1404,0.1213,-2.409,42,region_0
67,N,G,-0.2371,0.5228,-0.02601,-0.09101,-0.6859,42,region_0
67,N,H,0.2285,0.2405,-0.2671,0.2655,0.1023,42,region_0
67,N,I,-0.118,0.1473,-0.268,0.1206,-1.192,42,region_0
67,N,K,0.3529,0.2207,-0.157,-0.09446,-0.2881,42,region_0
67,N,L,0.005869,0.6572,0.1061,-0.03291,-2.571,42,region_0
67,N,M,-0.1174,0.517,-0.1523,-0.004736,-0.2116,42,region_0
67,N,N,0,0,0,0,0,42,region_0
67,N,P,0.1296,-0.3847,-0.0003526,-0.1454,-0.05468,42,region_0
67,N,Q,0.1971,0.5555,0.3533,0.3738,0.3475,42,region_0
67,N,R,0.08678,-0.1705,-0.325,-0.1398,-0.3904,42,region_0
67,N,S,0.08394,0.3216,0.2418,0.2088,0.3017,42,region_0
67,N,T,-0.001042,1.381,0.1824,0.138,0.9456,42,region_0
67,N,V,-0.1682,0.5,0.2308,-0.01364,-0.01958,42,region_0
67,N,W,0.4031,-0.07491,-0.3144,-0.4551,-2.057,42,region_0
67,N,Y,0.1792,1.301,-0.1709,0.1077,-0.3508,42,region_0
68,K,A,0.07671,1.185,0.008125,0.03137,0.5805,43,region_0
68,K,C,,-0.8737,-0.3035,-1.136,-3.139,43,region_0
68,K,D,0.3706,0.4697,-0.2328,-0.1049,-0.342,43,region_0
68,K,E,0.3612,1.242,-0.3315,-0.3512,-0.1321,43,region_0
68,K,F,0.4668,1.514,0.05682,0.3016,0.1255,43,region_0
68,K,G,0.1431,0.2927,-0.2465,-0.05094,0.5133,43,region_0
68,K,H,0.1965,0.1051,-0.2404,-0.08,-0.2008,43,region_0
68,K,I,0.3596,2.41,0.2571,0.4291,-0.2383,43,region_0
68,K,K,0,0,0,0,0,43,region_0
68,K,L,0.4402,1.976,0.01772,0.07829,-0.1943,43,region_0
68,K,M,0.235,0.5066,-0.0162,0.04858,-0.3861,43,region_0
68,K,N,-0.1856,0.4795,-0.04701,-0.1277,0.2586,43,region_0
68,K,P,0.3476,3.09,0.2275,0.4094,-0.576,43,region_0
68,K,Q,-0.06868,0.5786,0.08171,0.3042,0.942,43,region_0
68,K,R,-0.0377,0.2327,-0.2297,-0.0145,-0.1329,43,region_0
68,K,S,0.1737,0.7023,-0.01,-0.1014,0.3096,43,region_0
68,K,T,0.1301,0.9574,0.1496,-0.3478,0.1394,43,region_0
68,K,V,0.6517,2.236,0.09806,-0.04696,-0.1433,43,region_0
68,K,W,0.08224,1.96,-0.1952,-0.2988,-0.6125,43,region_0
68,K,Y,0.1496,1.637,-0.4568,-0.01941,-0.4603,43,region_0
69,C,A,-0.403,-0.2997,-0.1745,0.006791,-2.994,44,region_0
69,C,C,0,0,0,0,0,44,region_0
69,C,D,-0.01962,-0.7962,-0.4756,-0.1881,-2.851,44,region_0
69,C,E,-0.1688,-0.4631,0.4874,-0.04742,-3.322,44,region_0
69,C,F,-0.3467,-0.8707,-0.3658,-0.4588,-3.373,44,region_0
69,C,G,-0.4492,-1.997,-0.5374,0.0165,-3.307,44,region_0
69,C,H,-0.8101,-0.87,-0.4293,-0.04576,-2.978,44,region_0
69,C,I,-0.7116,-1.43,-0.1102,-0.06181,-2.973,44,region_0
69,C,K,-0.5842,-0.2166,-0.06686,0.017,-2.96,44,region_0
69,C,L,-0.5451,-1.182,-0.4518,-0.5832,-3.234,44,region_0
69,C,M,0.2173,0.03735,-0.3201,-0.925,-3.349,44,region_0
69,C,N,-0.4844,-1.218,0.6451,0.03907,-3.145,44,region_0
69,C,P,0.008089,-1.533,-0.0791,0.009293,-3.218,44,region_0
69,C,Q,-0.8276,,0.178,0.03517,-3.29,44,region_0
69,C,R,-0.6208,,-0.4204,-0.833,-3.223,44,region_0
69,C,S,-0.4493,-1.248,-0.03276,0.147,-2.835,44,region_0
69,C,T,-0.1188,-0.6702,-0.4768,0.1429,-2.97,44,region_0
69,C,V,0.1268,-0.5455,-0.293,0.19,-3.458,44,region_0
69,C,W,-0.6909,-0.1518,0.1275,-1.029,-3.234,44,region_0
69,C,Y,-0.4311,-0.7881,-0.4375,-0.3537,-3.314,44,region_0
70,N,A,-0.09723,-0.5894,-0.08002,-0.1336,-2.024,45,region_0
70,N,C,-0.1112,,0.1489,-0.3914,-3.125,45,region_0
70,N,D,0.2551,-0.146,0.3917,0.0006054,-1.39,45,region_0
70,N,E,0.4972,,-0.2564,0.2635,-2.697,45,region_0
70,N,F,0.1396,-0.9483,-0.2289,-0.6374,-2.324,45,region_0
70,N,G,0.1971,0.03554,0.1794,-0.02653,-2.149,45,region_0
70,N,H,-0.4547,-1.162,-0.4111,-0.2971,-1.664,45,region_0
70,N,K,-0.003608,-0.3448,-0.187,-0.1625,-1.696,45,region_0
70,N,L,0.05267,-0.08952,0.03384,-0.2167,-2.093,45,region_0
70,N,M,,,,,-2.787,45,region_0
70,N,N,0,0,0,0,0,45,region_0
70,N,Q,0.4465,-0.2974,-0.001147,0.05242,-2.005,45,region_0
70,N,R,-0.8181,0.2829,-0.2609,-0.2105,-2.247,45,region_0
70,N,S,-0.1958,-1.15,-0.2539,-0.5164,-2.29,45,region_0
70,N,T,-0.108,,-0.09514,-0.6544,-1.787,45,region_0
70,N,V,0.01837,0.1952,-0.1422,-0.1063,-1.99,45,region_0
70,N,W,,,,,-3.13,45,region_0
70,N,Y,,,0.1322,,-2.977,45,region_0
71,G,A,-0.6295,,-0.03476,,-0.8755,46,region_0
71,G,C,-0.2637,0.3164,-0.1619,-0.1879,-3.377,46,region_0
71,G,D,-0.1672,0.08321,-0.2405,0.008647,0.3848,46,region_0
71,G,F,0.3908,-0.2257,-0.3083,-0.5143,-2.187,46,region_0
71,G,G,0,0,0,0,0,46,region_0
71,G,H,0.04806,0.05826,-0.1123,-0.3039,-0.5292,46,region_0
71,G,I,0.01449,-0.3415,0.1231,-0.274,-0.9398,46,region_0
71,G,K,0.6753,0.9752,-0.07232,-0.04658,0.6582,46,region_0
71,G,L,-0.3381,-0.2408,-0.5739,-0.8773,-1.184,46,region_0
71,G,M,-0.3489,-0.2266,-0.1502,-0.6072,-1.703,46,region_0
71,G,N,-0.0697,-0.004091,0.1219,-0.9025,-1.017,46,region_0
71,G,P,-0.3837,-1.016,0.2708,0.3735,-2.36,46,region_0
71,G,Q,-0.2505,-0.1273,-0.322,-0.4393,-1.111,46,region_0
71,G,R,0.8483,0.8654,-0.08202,0.1123,0.6229,46,region_0
71,G,S,0.07058,0.1195,0.2878,0.2446,0.4921,46,region_0
71,G,T,0.07309,-0.1305,0.03002,0.2386,-0.2326,46,region_0
71,G,V,-0.1113,-0.2374,0.1047,-0.5792,-0.3771,46,region_0
71,G,W,-0.5483,,0.5975,-0.01496,-2.951,46,region_0
71,G,Y,-0.1153,0.01893,0.03992,-0.5918,-1.627,46,region_0
72,T,A,0.3581,-0.3989,-0.04883,0.02827,-2.498,47,region_0
72,T,C,,,,-0.9092,-0.9889,47,region_0
72,T,D,,,,,-1.593,47,region_0
72,T,E,0.139,,,,-2.849,47,region_0
72,T,F,0.004866,-0.4785,-0.1416,0.007351,-2.287,47,region_0
72,T,G,,,,,-2.623,47,region_0
72,T,H,,,,,-2.377,47,region_0
72,T,I,-0.5816,0.5307,0.2581,-1.453,-2.806,47,region_0
72,T,K,-0.2154,-0.1927,-0.2386,-0.3562,-2.18,47,region_0
72,T,L,0.1051,-0.1879,-0.0005014,-0.009496,-2.668,47,region_0
72,T,M,-0.03042,,-0.1715,0.09324,-2.398,47,region_0
72,T,N,0.1471,-0.1267,-0.5427,-0.6956,-2.583,47,region_0
72,T,P,0.01246,-0.9707,0.1169,-0.2171,-2.479,47,region_0
72,T,Q,0.2996,-0.3447,-0.08908,-0.5917,-2.697,47,region_0
72,T,R,-0.2736,-0.1831,-0.164,-0.1678,-2.139,47,region_0
72,T,S,-0.05848,-0.1469,-0.3461,-0.2625,-0.4551,47,region_0
72,T,T,0,0,0,0,0,47,region_0
72,T,V,,,,,-2.941,47,region_0
72,T,W,0.4637,-0.613,-0.1269,0.3703,-2.969,47,region_0
72,T,Y,-0.3135,,-0.04718,-1.439,-3.017,47,region_0
73,D,A,0.4298,-0.02085,-0.3419,0.06251,-0.4679,48,region_0
73,D,C,-0.1717,-2.063,-0.4112,,-3.292,48,region_0
73,D,D,0,0,0,0,0,48,region_0
73,D,E,-0.4102,,0.04724,-0.8681,-0.268,48,region_0
73,D,F,0.05638,-0.2409,-0.1553,-0.176,-2.546,48,region_0
73,D,G,,,,-0.06447,0.3361,48,region_0
73,D,H,-0.1752,-0.61,-0.4789,-0.5585,-0.8877,48,region_0
73,D,I,,-0.4958,-0.01051,-1.123,-2.068,48,region_0
73,D,K,0.08939,1.069,-0.04132,-0.3322,-1.115,48,region_0
73,D,L,0.3483,0.662,-0.1418,-0.348,-2.185,48,region_0
73,D,M,0.01076,0.05287,-0.0419,-0.09839,-1.605,48,region_0
73,D,N,0.6208,1.389,-0.2611,-0.03488,-0.05127,48,region_0
73,D,P,0.241,0.3255,-0.04689,-0.2267,-2.005,48,region_0
73,D,R,,-0.6291,-0.1587,-0.6429,-2.14,48,region_0
73,D,S,0.5588,1.305,-0.138,-0.482,0.3642,48,region_0
73,D,T,0.2673,1.616,-0.3961,-0.4809,-0.1406,48,region_0
73,D,V,-0.0145,,-0.07674,-0.3609,-2.066,48,region_0
73,D,W,,-0.2936,-0.1972,-0.4258,-3.008,48,region_0
73,D,Y,-0.1825,-0.0326,-0.6673,-0.5101,-2.458,48,region_0
74,A,A,0,0,0,0,0,49,region_0
74,A,C,,,,,-3.171,49,region_0
74,A,D,0.1377,-0.9346,-0.2111,-0.9716,-3.053,49,region_0
74,A,E,-0.2486,-0.3023,-0.09262,-0.7231,-2.741,49,region_0
74,A,F,-0.5551,-0.9233,0.2281,-0.4434,-3.248,49,region_0
74,A,G,,,-0.2693,,-1.617,49,region_0
74,A,H,0.2671,-0.3117,-0.0716,-0.0709,-0.9912,49,region_0
74,A,K,0.5507,0.9987,-0.04325,0.06215,0.9673,49,region_0
74,A,L,0.1697,-0.03624,-0.02783,-0.1075,0.1094,49,region_0
74,A,N,,,,,-2.886,49,region_0
74,A,P,-0.02391,0.04584,0.05778,-0.3552,-0.3332,49,region_0
74,A,Q,0.001166,0.01004,0.02924,-0.08733,0.08303,49,region_0
74,A,R,0.4067,,,,0.6851,49,region_0
74,A,S,-0.01294,-0.09211,-0.3016,0.03192,-0.4355,49,region_0
74,A,T,0.01127,0.3608,0.02513,0.01378,0.5425,49,region_0
74,A,V,-0.1169,0.2424,0.07211,0.1835,0.2804,49,region_0
74,A,W,0.3006,0.1451,0.00961,0.09151,-1.959,49,region_0
74,A,Y,-0.2643,,-0.101,,-3.248,49,region_0
75,K,A,0.6512,-0.517,-0.01905,-0.266,-2.55,50,region_0
75,K,C,,,,,-2.933,50,region_0
75,K,D,,,,,-3.465,50,region_0
75,K,E,0.4972,,-0.3882,-1.339,-3.43,50,region_0
75,K,F,-0.09296,-1.064,-0.1509,-1.051,-2.413,50,region_0
75,K,G,-1.193,-0.9138,-0.07176,-1.073,-3.433,50,region_0
75,K,H,-0.1303,-0.605,0.3107,0.6672,-3.359,50,region_0
75,K,I,-0.2771,-0.04141,-0.04281,-0.3561,-0.3698,50,region_0
75,K,K,0,0,0,0,0,50,region_0
75,K,L,-0.03352,0.04498,-0.2583,-0.183,-1.045,50,region_0
75,K,M,-0.2499,-0.6911,-0.4509,-0.1004,-2.03,50,region_0
75,K,N,-0.6111,-1.256,-0.6256,-0.6055,-3.561,50,region_0
75,K,Q,0.214,-1.993,-0.1979,-0.4891,-3.165,50,region_0
75,K,R,-0.04639,-0.03282,-0.08767,0.06783,0.388,50,region_0
75,K,S,-0.503,-2.114,-0.2304,-1.508,-3.204,50,region_0
75,K,T,0.008449,-1.638,-0.6308,,-2.207,50,region_0
75,K,V,-0.008401,-0.06125,-0.4715,-0.3145,-0.4022,50,region_0
75,K,W,-0.5126,0.1047,0.06685,-0.1408,-3.154,50,region_0
75,K,Y,,,,,-3.199,50,region_0
76,V,A,-0.2494,0.3672,-0.09268,0.2905,-1.474,51,region_0
76,V,C,-0.7563,,,-0.6222,-3.33,51,region_0
76,V,D,-0.165,0.06562,-0.441,-0.2577,0.005215,51,region_0
76,V,E,-0.2284,-0.02796,-0.1009,0.06612,1.013,51,region_0
76,V,F,-0.0591,-0.8132,-0.1478,-0.7273,-0.7272,51,region_0
76,V,G,0.06998,-0.4281,0.07329,-0.02758,-0.2135,51,region_0
76,V,H,-0.009905,-0.3307,-0.1292,-1.118,-1.667,51,region_0
76,V,I,-0.3402,0.01297,0.03203,0.1482,-0.1286,51,region_0
76,V,K,0.1995,0.3359,-0.1652,-0.451,-2.024,51,region_0
76,V,L,-0.007683,-0.2517,0.03826,-0.4975,-0.1082,51,region_0
76,V,M,-0.1019,0.1668,-0.027,0.1664,-0.5786,51,region_0
76,V,N,-0.5426,-1.096,-0.04355,-0.5536,-1.993,51,region_0
76,V,P,-0.5799,-1.67,-0.03752,,-3.188,51,region_0
76,V,Q,0.03713,0.1039,-0.1974,-0.0516,-0.3794,51,region_0
76,V,R,-0.5822,-0.6145,-0.1978,,-1.55,51,region_0
76,V,S,-0.3512,0.06502,0.08933,0.04306,-0.3679,51,region_0
76,V,T,-0.1082,-1.029,0.05159,-0.1224,-0.5169,51,region_0
76,V,V,0,0,0,0,0,51,region_0
76,V,W,-0.173,-0.0485,0.07411,0.03043,-0.0808,51,region_0
76,V,Y,,,,-1.039,-2.258,51,region_0
77,K,A,-0.09715,-1.597,-0.8871,-0.3387,-0.5283,52,region_0
77,K,C,-0.7062,,-0.1166,,-3.189,52,region_0
77,K,D,0.08931,0.174,0.1732,-0.3038,-2.844,52,region_0
77,K,E,0.1238,0.241,-0.07015,-0.3994,-0.5038,52,region_0
77,K,F,-0.9494,-0.1902,-0.1818,-0.2503,-2.786,52,region_0
77,K,G,0.01261,-0.04342,-0.3455,-0.08853,-0.7737,52,region_0
77,K,H,-0.4091,,,-0.3179,-1.332,52,region_0
77,K,I,-0.4267,-0.5656,-0.3042,-0.3323,-2.809,52,region_0
77,K,K,0,0,0,0,0,52,region_0
77,K,L,-0.0089,-0.3372,0.5219,-0.1246,-2.505,52,region_0
77,K,M,-0.4896,-0.8041,-0.2899,-0.1013,-0.7327,52,region_0
77,K,N,-0.3111,-0.2537,-0.6517,-0.7538,-1.545,52,region_0
77,K,Q,-0.2588,-0.6659,-0.1171,-0.385,-1.26,52,region_0
77,K,R,-0.3528,0.0942,-0.02145,-0.09761,0.2859,52,region_0
77,K,S,-0.09978,,-0.1778,-0.894,-2.914,52,region_0
77,K,T,-0.3072,-0.4422,-0.07905,0.7109,-1.478,52,region_0
77,K,V,-0.1459,-0.03359,-0.09486,-0.08946,-1.573,52,region_0
77,K,W,-0.4582,-0.2784,0.02075,0.1756,0.0207,52,region_0
77,K,Y,-0.6101,-0.4678,0.01586,-0.06031,-2.151,52,region_0
78,L,A,,,,-0.6576,-3.416,53,region_0
78,L,C,0.1089,,0.02942,-0.8507,-3.333,53,region_0
78,L,D,,,,,-2.626,53,region_0
78,L,E,,,-0.264,-0.9922,-3.436,53,region_0
78,L,F,0.002468,-1.242,0.4198,-0.9244,-3.368,53,region_0
78,L,G,-0.1572,0.5593,-0.1658,-0.3182,-3.227,53,region_0
78,L,H,-0.196,,,,-3.344,53,region_0
78,L,I,,,,,-2.502,53,region_0
78,L,K,,,-0.007174,0.2701,-3.497,53,region_0
78,L,L,0,0,0,0,0,53,region_0
78,L,M,-0.1225,-0.3682,-0.1822,-0.2703,-2.239,53,region_0
78,L,N,,,-0.2552,,-3.399,53,region_0
78,L,P,-0.6561,-1.429,-0.667,-0.4743,-3.263,53,region_0
78,L,Q,-0.629,,-0.1682,-1.07,-2.803,53,region_0
78,L,R,,,-0.06389,,-3.506,53,region_0
78,L,T,-0.519,,,,-3.511,53,region_0
78,L,V,-0.08131,-1.1,0.3573,,-2.69,53,region_0
78,L,W,,,,,-3.133,53,region_0
78,L,Y,-0.2024,-2.232,-0.2346,-0.6112,-3.385,53,region_0
79,I,A,-0.1433,-0.06182,-0.4078,-0.3626,-2.715,54,region_0
79,I,C,-0.3199,,-0.7481,-0.4681,-3.345,54,region_0
79,I,D,-0.2382,0.3943,-0.1828,-0.8393,-3.127,54,region_0
79,I,E,-0.2787,0.2825,0.8334,-0.1041,-3.216,54,region_0
79,I,F,-0.2266,0.08721,0.3122,-0.09727,-0.4889,54,region_0
79,I,G,,,0.2446,-0.4349,-3.135,54,region_0
79,I,H,-0.01235,-0.05817,0.02202,0.000978,-3.32,54,region_0
79,I,I,0,0,0,0,0,54,region_0
79,I,K,-0.1738,-0.5292,-0.1165,-0.3921,-3.062,54,region_0
79,I,L,-0.2929,-0.01673,0.3166,0.2098,0.3246,54,region_0
79,I,M,0.03568,-0.1017,0.3127,0.5152,0.3146,54,region_0
79,I,N,-0.1978,-0.6151,-0.02841,-1.578,-3.138,54,region_0
79,I,P,-0.5574,,-0.3055,,-3.022,54,region_0
79,I,Q,,,,,-3.125,54,region_0
79,I,R,,,0.2185,-1.261,-2.986,54,region_0
79,I,S,-1.118,,,,-2.84,54,region_0
79,I,T,-0.4273,-0.2173,0.04206,-1.054,,54,region_0
79,I,V,-0.006429,-0.858,,,-0.5209,54,region_0
79,I,W,0.2986,-0.1287,-0.153,-0.06953,-0.6753,54,region_0
79,I,Y,-0.2177,-0.03089,-0.1106,-0.0436,0.3714,54,region_0
80,N,A,-0.2622,-0.4923,-0.1461,0.1599,0.01625,55,region_0
80,N,C,-1.127,,,,-3.328,55,region_0
80,N,D,-0.1271,0.1317,-0.1904,-0.5728,-3.007,55,region_0
80,N,E,-0.1165,-0.1624,-0.1067,-0.7975,-1.551,55,region_0
80,N,F,0.08312,0.1308,0.0647,0.1819,-0.1812,55,region_0
80,N,G,-0.1545,-0.05893,0.05914,0.1198,-0.5132,55,region_0
80,N,H,0.3366,-0.3213,-0.05173,-0.4158,-0.7496,55,region_0
80,N,I,-0.3845,-0.04585,0.04037,-0.03124,0.237,55,region_0
80,N,K,-0.6695,-0.5775,-0.1909,-1.286,-1.005,55,region_0
80,N,L,-0.186,0.06048,0.2166,0.6233,-0.9645,55,region_0
80,N,M,-0.2277,0.2423,0.002818,0.5335,-0.4599,55,region_0
80,N,N,0,0,0,0,0,55,region_0
80,N,P,,,0.1923,,-3.202,55,region_0
80,N,Q,0.05062,-0.3957,-0.1718,0.08386,-0.8535,55,region_0
80,N,R,-0.0186,-0.2561,0.0771,0.1076,-0.6675,55,region_0
80,N,S,-0.1368,-0.1292,-0.01818,0.07458,0.4728,55,region_0
80,N,T,-0.002657,0.0794,-0.2574,-0.5229,-1.475,55,region_0
80,N,V,-0.247,0.157,0.132,0.03424,-0.3679,55,region_0
80,N,W,0.158,-0.02578,0.1013,-0.03192,-0.9602,55,region_0
80,N,Y,-3.252e-05,0.03547,-0.00582,-0.1404,-0.6954,55,region_0
81,Q,A,0.1697,-0.09747,0.1173,-0.1585,0.2043,56,region_0
81,Q,C,-0.1791,-0.03348,0.1459,0.1353,0.2721,56,region_0
81,Q,E,-0.145,-0.2013,0.04777,0.3085,0.3448,56,region_0
81,Q,F,-0.3621,-0.2952,0.3212,0.2301,1.139,56,region_0
81,Q,G,-0.07839,-0.6753,-0.1671,-0.065,-0.4751,56,region_0
81,Q,H,-0.07613,0.1853,0.468,0.704,1.3,56,region_0
81,Q,I,0.5365,,,-0.355,-0.4526,56,region_0
81,Q,K,-0.3943,0.08205,0.02054,-0.2465,-0.3591,56,region_0
81,Q,L,0.1381,0.07528,0.1099,0.316,0.8717,56,region_0
81,Q,M,0.09377,-0.002002,0.06614,0.2741,0.7282,56,region_0
81,Q,N,-0.03198,-0.1402,-0.09196,0.1633,0.4961,56,region_0
81,Q,P,-0.1198,0.3277,-0.2533,-0.5953,-3.111,56,region_0
81,Q,Q,0,0,0,0,0,56,region_0
81,Q,R,0.2618,-0.2659,0.06497,0.2605,-0.5761,56,region_0
81,Q,S,-0.1952,-0.1913,0.03712,0.02374,-0.294,56,region_0
81,Q,T,-0.02029,0.1116,0.01281,-0.002428,0.4968,56,region_0
81,Q,V,-0.1405,0.2555,0.3054,0.3321,0.936,56,region_0
81,Q,W,-0.2245,-0.1717,0.05461,0.762,-0.6771,56,region_0
81,Q,Y,-0.08938,-0.04869,0.1277,0.5277,0.8864,56,region_0
82,E,A,,,,,-3.163,57,region_0
82,E,C,,,-0.3488,-1.266,-3.42,57,region_0
82,E,D,0.01913,,-0.1716,0.08461,-3.239,57,region_0
82,E,E,0,0,0,0,0,57,region_0
82,E,F,-0.005837,,,,-3.127,57,region_0
82,E,G,,,,,-3.131,57,region_0
82,E,H,,,,,-3.362,57,region_0
82,E,I,,,,,-3.428,57,region_0
82,E,K,0.2985,0.3491,-0.2599,-0.08587,-2.905,57,region_0
82,E,L,,,-0.08311,-1.118,-2.729,57,region_0
82,E,M,,0.09986,-0.1571,-0.3364,-3.29,57,region_0
82,E,N,,,,,-3.12,57,region_0
82,E,P,-0.1236,0.1802,0.1986,0.01307,-3.013,57,region_0
82,E,Q,,,,0.1833,-2.091,57,region_0
82,E,R,0.06155,1.067,0.09857,0.2919,-3.216,57,region_0
82,E,S,,,,,-3.17,57,region_0
82,E,T,-0.8341,,0.0465,,-3.03,57,region_0
82,E,W,-0.57,,,,-3.261,57,region_0
82,E,Y,,-0.7158,0.1166,,-3.353,57,region_0
83,L,A,-0.06797,-0.03683,-0.03601,-0.8744,-3.132,58,region_0
83,L,C,-0.693,-0.7167,-0.2632,-0.243,-3.242,58,region_0
83,L,D,,,-0.3263,-0.4123,-2.813,58,region_0
83,L,E,0.8116,,0.1778,-0.5369,-3.375,58,region_0
83,L,F,0.02226,-0.5845,-0.02313,0.004404,1.009,58,region_0
83,L,G,-0.1743,0.1384,0.4374,-0.8703,-2.962,58,region_0
83,L,H,-0.7947,-1.391,-0.1563,-0.01289,-3.048,58,region_0
83,L,I,-0.1109,-0.01511,-0.1334,0.1305,-0.2042,58,region_0
83,L,K,-0.48,,-0.1334,0.2038,-3.204,58,region_0
83,L,L,0,0,0,0,0,58,region_0
83,L,M,0.138,0.4653,0.07377,0.08046,0.0476,58,region_0
83,L,N,-0.7619,,-0.2735,-0.4365,-3.199,58,region_0
83,L,P,0.3176,0.5268,0.05115,-0.3445,-3.276,58,region_0
83,L,Q,,,,,-2.835,58,region_0
83,L,R,-0.7028,-1.524,-0.2003,-1.075,-2.985,58,region_0
83,L,S,,-1.101,-0.1446,,-3.38,58,region_0
83,L,T,0.06481,-0.5058,-0.2323,0.1592,-2.833,58,region_0
83,L,V,0.03011,-0.408,-0.143,-0.2208,-1.746,58,region_0
83,L,W,-0.2804,0.06063,-0.1468,-0.129,-0.3435,58,region_0
83,L,Y,-0.5286,-0.8066,-0.3569,-1.357,-3.343,58,region_0
84,D,A,0.08132,-0.003366,0.05313,-0.3289,-1.296,59,region_0
84,D,C,0.3555,-0.5436,0.04735,0.123,-0.8114,59,region_0
84,D,D,0,0,0,0,0,59,region_0
84,D,E,-0.04335,0.06761,-0.005253,0.5043,-0.2158,59,region_0
84,D,F,0.2051,0.2243,0.1419,-0.5076,-1.643,59,region_0
84,D,G,-0.1021,0.2821,-0.3383,-0.4052,-1.05,59,region_0
84,D,H,0.005435,-0.2632,-0.09557,-0.04189,-1.181,59,region_0
84,D,I,-0.103,,-0.05269,-0.3199,-0.5725,59,region_0
84,D,K,,,,-0.4219,-2.61,59,region_0
84,D,L,,,,,-1.017,59,region_0
84,D,M,-0.1738,-0.4921,-0.2697,-0.9525,-1.007,59,region_0
84,D,N,0.1306,0.07509,-0.07942,-0.4533,-0.6124,59,region_0
84,D,P,-0.1446,,-0.05324,-0.7039,-3.07,59,region_0
84,D,Q,,-0.5714,,,-1.295,59,region_0
84,D,R,-0.06261,-0.05963,-0.1662,-0.5658,-3.103,59,region_0
84,D,S,0.04982,-0.06966,0.3204,-0.1368,-0.6752,59,region_0
84,D,T,0.08896,0.01189,0.3078,0.1422,-0.2529,59,region_0
84,D,V,-0.02115,0.07076,-0.01659,-0.05805,-0.3861,59,region_0
84,D,W,0.1715,,0.3606,-0.01028,-2.356,59,region_0
84,D,Y,-0.1432,-0.0946,-0.02043,-0.08493,-1.18,59,region_0
85,K,A,-0.236,-0.1272,-0.1421,0.1953,-0.2496,60,region_0
85,K,C,-0.1507,-0.2546,-0.1341,-0.334,-1.983,60,region_0
85,K,D,-0.2332,0.0246,0.04427,0.09065,1.618,60,region_0
85,K,E,-0.1233,-0.04291,0.2896,0.3087,1.091,60,region_0
85,K,F,-0.2048,-0.3495,-0.07102,-0.4973,0.2563,60,region_0
85,K,G,,,,,-2.59,60,region_0
85,K,H,0.1218,-0.323,-0.03143,0.1732,0.7205,60,region_0
85,K,I,-0.3279,-0.1134,0.3105,0.03985,-2.947,60,region_0
85,K,K,0,0,0,0,0,60,region_0
85,K,L,-0.1751,-0.2879,-0.3639,-0.315,-2.521,60,region_0
85,K,M,,-2.551,-0.02851,,-2.474,60,region_0
85,K,N,-0.1733,0.1587,-0.06174,-0.07453,0.6553,60,region_0
85,K,P,0.07215,-0.9284,0.05963,0.04301,-3.329,60,region_0
85,K,Q,-0.09881,-0.1745,0.04493,-0.2028,0.3127,60,region_0
85,K,R,0.007003,-0.1274,-0.3142,-0.1968,-1.348,60,region_0
85,K,S,-0.01287,-0.4136,-0.1787,-0.1139,-0.145,60,region_0
85,K,T,-0.7777,-0.4028,-0.2171,-0.6662,-2.373,60,region_0
85,K,V,-0.2043,-0.5386,0.08185,-0.3749,-2.728,60,region_0
85,K,W,0.02435,0.2026,0.06161,-0.1834,-1.675,60,region_0
85,K,Y,-0.08438,-0.01621,0.008945,0.5015,1.539,60,region_0
86,Y,A,,,,,-3.096,61,region_0
86,Y,C,-0.6015,,-0.07012,0.01327,-3.439,61,region_0
86,Y,D,-0.2601,-0.6379,0.295,-0.3943,-2.654,61,region_0
86,Y,E,-1.055,-1.577,-0.3632,,-3.259,61,region_0
86,Y,F,-0.04591,-0.5212,-0.05874,-0.4425,-3.203,61,region_0
86,Y,G,-0.3669,-0.2886,-0.1597,-0.5495,-3.433,61,region_0
86,Y,H,-0.008272,-0.7701,-0.1155,-0.9874,-2.596,61,region_0
86,Y,I,-0.4046,-1.214,0.9735,-0.6722,-1.89,61,region_0
86,Y,K,-0.1513,-0.871,0.02944,-0.8141,-3.232,61,region_0
86,Y,L,-0.9769,-0.1519,-0.08154,0.1134,-2.794,61,region_0
86,Y,M,,,,,-3.077,61,region_0
86,Y,N,-0.2564,0.7492,0.3981,0.1745,-3.228,61,region_0
86,Y,P,0.2594,0.09364,-0.3575,-0.04984,-3.01,61,region_0
86,Y,Q,-1.033,,-0.3387,-0.5936,-3.263,61,region_0
86,Y,R,-0.151,-0.02229,-0.1032,-0.5846,-2.923,61,region_0
86,Y,S,-0.9574,,-0.2688,,-3.443,61,region_0
86,Y,T,-0.6479,,0.9288,,-3.229,61,region_0
86,Y,V,,,,,-2.856,61,region_0
86,Y,W,-0.8674,,-0.04692,-0.5343,-3.05,61,region_0
86,Y,Y,0,0,0,0,0,61,region_0
87,K,A,-0.2879,-0.03866,-0.1073,-0.2515,-0.02711,62,region_0
87,K,C,-0.1272,-0.1886,-0.021,0.3738,0.6713,62,region_0
87,K,D,0.1421,0.04432,-0.04038,0.3769,0.9845,62,region_0
87,K,E,0.6,0.1475,0.08222,0.3407,0.4347,62,region_0
87,K,F,-0.05638,,0.2774,,-0.7753,62,region_0
87,K,G,-0.07333,0.02095,0.1202,0.08257,-0.3449,62,region_0
87,K,H,-0.3052,0.003288,-0.06887,-0.1778,-0.8481,62,region_0
87,K,I,0.05851,0.1125,0.06716,0.2684,-0.3715,62,region_0
87,K,K,0,0,0,0,0,62,region_0
87,K,L,-0.1802,-0.09232,-0.1034,0.2069,0.03305,62,region_0
87,K,M,0.001879,0.02749,0.7067,0.3501,1.215,62,region_0
87,K,N,-0.1254,0.3159,-0.03129,0.232,0.9435,62,region_0
87,K,P,-0.257,-1.125,-0.2505,-0.06602,-3.396,62,region_0
87,K,Q,,,-0.1021,,0.7103,62,region_0
87,K,R,0.005971,-0.1899,-0.1656,-0.2464,-0.9984,62,region_0
87,K,S,-0.06021,0.1008,0.03508,0.04425,0.3238,62,region_0
87,K,T,-0.1498,0.02778,0.0422,0.09296,0.5432,62,region_0
87,K,V,0.169,0.2256,0.09645,0.4751,0.5689,62,region_0
87,K,W,-0.05405,-0.5266,-0.2473,-0.2913,-1.463,62,region_0
87,K,Y,-0.1946,0.01494,0.4224,0.2968,0.4099,62,region_0
88,N,A,0.1796,0.2408,0.2601,-0.0529,0.4644,63,region_0
88,N,C,,,,,-1.268,63,region_0
88,N,D,-0.05721,0.2023,0.2306,0.213,0.5624,63,region_0
88,N,E,0.1689,0.159,0.09847,0.099,0.3947,63,region_0
88,N,G,-1.2e-05,0.3602,0.4055,-0.2156,0.3875,63,region_0
88,N,H,0.08842,,,0.1624,-2.194,63,region_0
88,N,K,-0.05715,,0.3763,-0.03932,-2.925,63,region_0
88,N,L,0.3058,-0.06524,0.1029,0.06312,-1.171,63,region_0
88,N,M,,,,,-2.496,63,region_0
88,N,N,0,0,0,0,0,63,region_0
88,N,P,,,,,-2.633,63,region_0
88,N,Q,0.1494,0.1027,-0.0208,0.2271,-0.4856,63,region_0
88,N,R,-0.2685,-0.2668,0.1026,-0.1183,-1.891,63,region_0
88,N,S,,,-0.05313,-0.135,0.195,63,region_0
88,N,T,0.07033,-0.06918,-0.005528,0.02723,1.028,63,region_0
88,N,V,,0.2719,0.08137,-0.06983,-1.193,63,region_0
88,N,W,-1.216,,,,-3.015,63,region_0
89,A,A,0,0,0,0,0,64,region_0
89,A,C,0.2263,-0.02262,0.05408,-0.1501,-0.4553,64,region_0
89,A,D,0.05541,-0.4999,0.05961,-0.7012,-3.293,64,region_0
89,A,E,-0.09558,0.1755,0.126,-0.5628,-3.297,64,region_0
89,A,F,,,-0.2703,,-3.404,64,region_0
89,A,G,,-1.836,-0.1652,,-3.074,64,region_0
89,A,H,0.1183,,,1.492,-3.131,64,region_0
89,A,I,,,,,-3.22,64,region_0
89,A,K,-0.3086,,-0.03571,-0.1572,-3.018,64,region_0
89,A,L,-0.9594,,-0.3,-0.07788,-3.452,64,region_0
89,A,M,-0.4618,,0.4647,,-3.149,64,region_0
89,A,N,,-1.46,-0.2809,-0.9692,-3.45,64,region_0
89,A,P,-0.6614,-1.237,-0.2301,0.07651,-2.982,64,region_0
89,A,Q,-0.2032,-1.392,-0.2402,0.4671,-3.127,64,region_0
89,A,R,-0.4198,,-0.08297,-0.02005,-3.364,64,region_0
89,A,S,-0.04003,-0.2297,0.267,-0.3401,-3.053,64,region_0
89,A,T,-0.7839,-0.8747,-0.3801,-0.9391,-3.484,64,region_0
89,A,V,-0.2212,,-0.02161,-0.6512,-3.421,64,region_0
89,A,W,-0.5701,-0.3865,-0.1245,-0.4532,-3.387,64,region_0
89,A,Y,,,,,-3.053,64,region_0
90,V,A,-0.118,0.2446,-0.09289,-0.3962,-1.16,65,region_0
90,V,C,,,0.4698,,-0.485,65,region_0
90,V,D,,,,,-3.154,65,region_0
90,V,E,-0.3133,-0.0947,0.03758,-0.2761,-1.405,65,region_0
90,V,F,-0.02985,-0.2568,-0.02132,-0.2536,1.035,65,region_0
90,V,G,-0.09226,-1.448,-0.5715,-0.7576,-3.178,65,region_0
90,V,H,,,,,-1.081,65,region_0
90,V,I,0.1383,-0.1084,-0.09976,0.195,0.5218,65,region_0
90,V,K,-0.4703,0.453,-0.02662,-0.5197,-2.378,65,region_0
90,V,L,-0.2409,-0.318,-0.2454,0.2623,-0.3171,65,region_0
90,V,M,-0.2775,-0.04074,-0.06103,0.0244,0.5542,65,region_0
90,V,N,0.1509,0.01039,-0.09307,-0.105,-0.6715,65,region_0
90,V,P,-0.1033,0.1181,0.05051,0.3485,-3.042,65,region_0
90,V,Q,-0.05407,0.5433,0.065,0.2543,-0.498,65,region_0
90,V,R,0.1134,0.07995,0.03868,0.3187,-2.155,65,region_0
90,V,S,,,,,-3.123,65,region_0
90,V,T,,,,,-3.156,65,region_0
90,V,V,0,0,0,0,0,65,region_0
90,V,W,-0.06011,-0.1865,-0.1108,0.09389,0.7722,65,region_0
90,V,Y,-0.1914,0.05487,-0.06985,0.5401,0.2815,65,region_0
91,T,A,0.02628,0.5391,-0.00842,0.1801,-0.7176,66,region_0
91,T,C,0.1216,-0.8004,0.06265,-0.1342,-0.1013,66,region_0
91,T,D,-0.115,-0.02479,0.1908,0.07175,0.5421,66,region_0
91,T,E,,,0.1104,0.7858,0.9476,66,region_0
91,T,G,0.05593,-0.2135,-0.1728,-0.1254,-0.266,66,region_0
91,T,H,-0.1922,-0.04027,-0.05187,-0.3356,-0.2912,66,region_0
91,T,I,-0.1032,0.06679,0.4524,0.2089,-0.1292,66,region_0
91,T,K,-0.3482,,,,-0.128,66,region_0
91,T,L,-0.0642,-0.004491,-0.03358,0.0488,-0.2135,66,region_0
91,T,M,0.1542,-0.08434,0.0443,-0.5846,-0.3869,66,region_0
91,T,N,0.1631,0.07182,0.1042,0.04047,-0.06584,66,region_0
91,T,P,-0.02845,-0.8677,-0.0109,0.2106,-3.047,66,region_0
91,T,Q,,,,,-0.9734,66,region_0
91,T,R,0.1518,-0.0403,0.08778,-0.1127,0.08214,66,region_0
91,T,S,-0.01931,-0.1466,0.08101,0.1338,-0.09705,66,region_0
91,T,T,0,0,0,0,0,66,region_0
91,T,V,0.1603,0.1616,0.1207,0.006946,-0.0572,66,region_0
91,T,W,0.1822,-0.02256,0.1373,0.2485,-0.3355,66,region_0
91,T,Y,0.1142,-0.01487,0.3794,0.06752,-0.09173,66,region_0
92,E,A,-0.8888,-2.761,-0.1646,0.01111,-3.438,67,region_0
92,E,C,0.8654,,-0.1385,-0.2376,-3.468,67,region_0
92,E,D,-0.2534,,0.04718,0.8957,-3.503,67,region_0
92,E,E,0,0,0,0,0,67,region_0
92,E,F,-1.158,,0.09126,-1.29,-3.498,67,region_0
92,E,G,,,,,-3.405,67,region_0
92,E,H,,,,,-3.364,67,region_0
92,E,I,-1.084,,-0.05462,,-3.476,67,region_0
92,E,K,-0.699,-1.204,-0.3704,-0.2819,-3.463,67,region_0
92,E,L,-0.5078,,0.6559,,-3.454,67,region_0
92,E,M,,,,,-3.473,67,region_0
92,E,N,-1.076,-0.973,0.1015,-0.4879,-3.365,67,region_0
92,E,P,-0.2058,-0.2764,-0.2958,-0.0332,-3.204,67,region_0
92,E,Q,0.1898,,0.08026,-0.4971,-3.026,67,region_0
92,E,R,,,-0.02944,,-3.479,67,region_0
92,E,S,,,,,-2.874,67,region_0
92,E,T,,,-0.2351,,-3.501,67,region_0
92,E,V,,,,0.1675,-3.455,67,region_0
92,E,W,,,-0.222,-0.8752,-3.409,67,region_0
92,E,Y,,,,,-3.261,67,region_0
93,L,A,-0.2272,-0.1227,-0.2206,-0.04449,-0.8382,68,region_0
93,L,C,-0.0315,,-0.005826,-1.055,-1.748,68,region_0
93,L,D,,,,-0.4571,-3.072,68,region_0
93,L,E,0.06101,0.3196,-0.3436,-0.3481,-3.419,68,region_0
93,L,F,-0.3732,-0.1438,0.08533,-0.1145,-3.352,68,region_0
93,L,G,-0.5168,-0.3983,0.03925,-0.9711,-3.003,68,region_0
93,L,H,-0.6003,0.08925,0.001807,-0.1999,-2.873,68,region_0
93,L,I,0.02538,-0.08407,-0.6108,,-2.466,68,region_0
93,L,K,0.4585,,0.5948,-0.797,-3.076,68,region_0
93,L,L,0,0,0,0,0,68,region_0
93,L,M,-0.01445,0.3202,0.2589,0.1161,-0.6855,68,region_0
93,L,N,-0.08476,,-0.1885,-0.4154,-3.085,68,region_0
93,L,P,-0.447,-0.7221,0.01013,0.1317,-3.029,68,region_0
93,L,Q,,,,,-3.028,68,region_0
93,L,R,0.01621,-0.03775,-0.3626,-0.1977,-3.043,68,region_0
93,L,S,,-1.517,0.02207,,-2.446,68,region_0
93,L,V,-0.4591,-0.0553,-0.333,-0.8623,-3.042,68,region_0
93,L,W,,,,,-3.164,68,region_0
93,L,Y,0.1337,-0.2316,-0.234,-0.4885,-3.252,68,region_0
94,Q,A,0.2795,0.05044,-0.1815,-0.07261,-0.06767,69,region_0
94,Q,C,-0.05097,,-0.007561,,-0.2784,69,region_0
94,Q,D,0.1256,0.2229,0.09489,0.1128,0.9124,69,region_0
94,Q,E,0.03282,0.03525,0.2052,0.06572,0.9653,69,region_0
94,Q,F,0.1758,0.4959,0.3214,0.4052,-1.033,69,region_0
94,Q,H,-0.1693,-0.632,0.002953,-0.2691,-1.859,69,region_0
94,Q,K,0.2564,-0.0903,0.2033,0.2883,-0.4064,69,region_0
94,Q,L,,,,,-1.484,69,region_0
94,Q,M,0.05496,-0.02934,0.000788,0.1091,0.3837,69,region_0
94,Q,N,,,,0.02601,-1.137,69,region_0
94,Q,Q,0,0,0,0,0,69,region_0
94,Q,R,-0.1061,-0.1634,-0.06694,0.1381,-1.146,69,region_0
94,Q,S,,,,,0.8828,69,region_0
94,Q,T,0.002623,0.2259,-0.4458,0.2506,-0.6334,69,region_0
94,Q,W,-0.4477,,-0.222,,-1.035,69,region_0
94,Q,Y,,,,,-1.143,69,region_0
95,L,A,-0.1665,,,,-0.7106,70,region_0
95,L,C,-0.06095,0.2013,0.0694,-0.06812,-1.38,70,region_0
95,L,F,0.07569,-0.6059,-0.1119,-0.3094,-2,70,region_0
95,L,G,,,,,-2.513,70,region_0
95,L,I,0.4853,0.1917,0.3332,0.2715,-0.08153,70,region_0
95,L,L,0,0,0,0,0,70,region_0
95,L,P,,,0.05549,-1.14,-3.312,70,region_0
95,L,R,0.02848,,0.6509,0.3385,-0.6947,70,region_0
95,L,S,-0.3989,0.4581,0.3958,0.4801,-0.7872,70,region_0
95,L,V,,,,,-1.058,70,region_0
96,L,E,,-0.1562,,-0.6506,-1.307,71,region_0
96,L,F,,,,,-0.3519,71,region_0
96,L,H,,,,,-3.409,71,region_0
96,L,K,0.07107,,,,-3.265,71,region_0
96,L,L,0,0,0,0,0,71,region_0
96,L,M,-0.491,-0.3023,-0.3134,-0.5111,-1.15,71,region_0
96,L,N,-0.1162,,-0.08733,-0.3834,-1.837,71,region_0
96,L,P,-0.6829,-1.077,-0.2628,-0.6657,-3.33,71,region_0
96,L,Q,,,,,-1.75,71,region_0
96,L,R,,,,,-3.15,71,region_0
96,L,S,-0.2198,-0.3793,0.08581,,-1.944,71,region_0
96,L,T,-0.3287,,0.2177,,-2.399,71,region_0
96,L,W,-0.345,,,,-2.122,71,region_0
96,L,Y,-0.06324,,,-1.079,-3.223,71,region_0
97,M,A,0.1451,-0.2132,0.05081,-0.03873,-0.7239,72,none
97,M,C,-0.003004,-0.3193,0.08154,0.08115,-0.6792,72,none
97,M,D,-0.4483,-1.142,0.08143,-0.4623,-1.948,72,none
97,M,E,-0.02452,0.2514,0.04749,,-2.929,72,none
97,M,F,-0.2801,-0.1407,-0.04457,-0.3711,-0.2994,72,none
97,M,G,-0.1451,-0.2612,0.09684,0.06907,-1.309,72,none
97,M,H,-0.1645,,,,-2.609,72,none
97,M,I,-0.4452,-0.438,-0.3858,0.0203,-2.393,72,none
97,M,K,,,-0.1217,,-3.449,72,none
97,M,M,0,0,0,0,0,72,none
97,M,N,,,,,-0.445,72,none
97,M,P,-0.7036,,-0.1094,,-3.202,72,none
97,M,R,-0.00439,-0.2097,0.04652,0.9957,-3.242,72,none
97,M,S,-0.01276,-0.1548,-0.03031,-0.4789,-0.5917,72,none
97,M,T,0.08425,-0.07058,0.093,0.09199,-1.748,72,none
97,M,V,-0.04586,0.01252,0.1816,0.04424,-0.1149,72,none
97,M,W,0.1552,0.3242,0.6631,0.8335,-1.284,72,none
97,M,Y,0.1981,0.4528,0.7479,0.3269,-1.316,72,none
98,Q,A,-0.4518,-0.01106,-0.08663,-0.2304,-0.3289,73,none
98,Q,C,0.1017,0.02189,0.244,0.3616,-0.5235,73,none
98,Q,D,0.06436,0.1948,-0.009203,0.5778,0.5598,73,none
98,Q,E,-0.06332,-0.4064,0.1085,-0.05986,0.277,73,none
98,Q,F,0.1028,0.1421,0.1558,0.3858,0.7,73,none
98,Q,G,0.1554,0.01942,0.01519,,0.3851,73,none
98,Q,H,0.05502,0.02335,0.02154,0.147,-0.1902,73,none
98,Q,I,0.0332,0.1917,0.1927,0.2755,0.1011,73,none
98,Q,K,-0.0671,-0.08748,-0.1374,0.4264,-0.4563,73,none
98,Q,L,-0.3129,-0.02426,-0.04392,0.6527,-1.241,73,none
98,Q,M,-0.06788,0.2193,0.06839,0.1359,0.4856,73,none
98,Q,N,0.02494,0.09133,0.3447,0.5289,1.575,73,none
98,Q,P,-0.6019,0.136,-0.1357,-0.1923,-1.779,73,none
98,Q,Q,0,0,0,0,0,73,none
98,Q,R,-0.09706,-0.3508,0.2836,0.2204,-1.151,73,none
98,Q,S,-0.05999,0.09382,-0.2853,-0.05739,-0.01597,73,none
98,Q,T,0.06123,-0.006843,-0.06887,-0.2188,0.1326,73,none
98,Q,V,0.003344,0.08024,0.01865,0.1608,-0.1727,73,none
98,Q,W,-0.01883,0.02152,-0.04889,0.167,0.299,73,none
98,Q,Y,0.2114,0.1005,-0.1069,0.05871,-0.4171,73,none
99,S,A,-0.1496,-0.7215,0.1274,-0.4761,-0.4042,74,none
99,S,C,-0.1147,-0.392,-0.004801,0.5663,-2.741,74,none
99,S,D,0.08942,-0.56,-0.04029,-0.4967,-2.778,74,none
99,S,E,0.08667,-0.3607,0.008191,-0.1943,-2.24,74,none
99,S,F,0.07652,0.01423,0.2862,-0.1965,-2.69,74,none
99,S,G,-0.07554,-0.1355,-0.2482,-0.4178,-1.917,74,none
99,S,H,0.007356,-1.092,-0.2732,-0.8413,-2.854,74,none
99,S,I,-0.06321,0.5693,-0.1593,-0.4677,-2.695,74,none
99,S,K,,,0.3171,,-3.308,74,none
99,S,L,-0.07877,-0.4305,-0.1623,-0.2232,-2.551,74,none
99,S,M,0.1684,-0.6367,-0.07252,0.1425,-0.3302,74,none
99,S,N,-1.034,-1.632,-0.3824,-1.196,-3.372,74,none
99,S,P,0.0396,-0.221,0.1882,-0.181,-3.111,74,none
99,S,Q,-0.9711,,-0.1194,,-2.584,74,none
99,S,R,0.5056,-0.6288,-0.008437,-0.6843,-3.328,74,none
99,S,S,0,0,0,0,0,74,none
99,S,T,0.2233,-0.3147,0.07704,0.1271,-1.814,74,none
99,S,V,0.1901,-0.5342,-0.08113,-0.2518,-3.014,74,none
99,S,W,0.06803,-0.3341,0.123,0.02317,-2.03,74,none
99,S,Y,0.5244,-0.1598,0.3755,-0.1896,-2.716,74,none
100,T,A,0.1297,0.08369,-0.1972,0.07454,0.0759,75,none
100,T,C,-0.93,,,,-0.6794,75,none
100,T,D,-0.1856,0.0266,0.02944,-0.02289,-0.7954,75,none
100,T,F,0.3511,-0.02487,-0.04671,0.1976,0.02175,75,none
100,T,H,-0.4165,-0.4884,0.01669,-0.3892,-0.3932,75,none
100,T,I,0.3983,-0.06625,0.5717,0.2415,-0.4843,75,none
100,T,K,0.1441,0.03029,0.469,0.07858,-0.04718,75,none
100,T,L,0.06234,0.04591,-0.244,0.3351,-1.027,75,none
100,T,M,-0.2086,-0.6766,-0.2616,0.4832,-2.481,75,none
100,T,N,-0.02365,-0.1185,-0.08158,0.03231,0.5771,75,none
100,T,P,-0.9834,-1.053,-0.1596,-0.9088,-3.034,75,none
100,T,Q,-0.07824,0.07338,0.2243,0.8298,-0.702,75,none
100,T,R,-0.03024,-0.04658,0.1067,0.2838,-0.8778,75,none
100,T,S,-0.1184,-0.3668,-0.02514,-0.01751,0.4899,75,none
100,T,T,0,0,0,0,0,75,none
100,T,Y,0.002648,-0.1885,-0.4931,0.06541,-0.06042,75,none
101,T,A,0.08692,-0.1799,-0.06401,-0.09087,-1.477,76,none
101,T,C,-0.07633,0.001463,-0.1275,-0.3141,-0.6446,76,none
101,T,D,-0.2239,-0.2006,-0.3466,0.3193,-1.405,76,none
101,T,E,0.05479,-0.05053,-0.1989,-0.1278,-0.2652,76,none
101,T,F,0.0596,-0.08805,0.09331,0.08134,0.0787,76,none
101,T,G,-0.002737,-0.06194,-0.3311,-0.04185,0.2689,76,none
101,T,H,0.08878,0.03108,0.1581,0.1851,0.115,76,none
101,T,I,-0.006291,-0.2888,0.06354,-0.07631,-0.4177,76,none
101,T,K,0.1576,-0.1224,-0.03619,-0.05045,-0.6548,76,none
101,T,L,0.06081,0.03044,0.1323,0.1967,-0.1282,76,none
101,T,M,0.02244,0.02995,0.1105,-0.1491,-0.4986,76,none
101,T,N,0.3941,0.07567,0.2736,0.2592,-0.1437,76,none
101,T,P,-0.05499,-1.065,-0.2837,-0.4424,-2.736,76,none
101,T,Q,0.03219,0.00594,0.04682,0.2943,-0.1346,76,none
101,T,R,0.1018,-0.5338,-0.2907,-0.2885,-1.139,76,none
101,T,S,-0.4265,,-0.4301,,-0.9931,76,none
101,T,T,0,0,0,0,0,76,none
101,T,V,0.04717,-0.05836,-0.09637,0.01387,-0.1398,76,none
101,T,W,0.0386,0.1209,0.02971,0.02787,-0.8406,76,none
101,T,Y,-0.4184,,,,0.0947,76,none
102,A,A,0,0,0,0,0,77,none
102,A,D,-0.1056,-0.1885,-0.3228,-0.1013,0.1134,77,none
102,A,E,-0.1281,-0.03039,-0.2672,0.0393,0.3645,77,none
102,A,F,0.01802,-0.4154,-0.146,0.283,-0.6672,77,none
102,A,G,-0.09712,-0.5222,0.02301,0.1547,-0.6559,77,none
102,A,H,-0.1276,-0.2065,-0.09045,-0.07776,-0.1142,77,none
102,A,I,-0.1571,-0.4168,-0.01613,-0.3048,-1.254,77,none
102,A,K,0.1239,0.2478,0.2777,0.04739,-0.6295,77,none
102,A,L,-0.0388,-0.01282,-0.1332,-0.4645,-0.9681,77,none
102,A,M,-0.1961,-0.6259,-0.572,-0.5735,-1.435,77,none
102,A,N,-0.07645,0.09756,0.07395,-0.1035,-0.2016,77,none
102,A,Q,0.1169,0.2596,0.2902,0.4317,0.9433,77,none
102,A,R,0.1993,-0.09997,-0.07055,0.0276,-0.6067,77,none
102,A,S,-0.09065,0.1496,0.005826,-1.039,-0.621,77,none
102,A,T,-0.105,-0.2512,-0.2173,-0.007961,-0.4364,77,none
102,A,V,-0.02058,-0.1377,0.09085,-0.2449,-1.212,77,none
102,A,W,0.1538,0.04395,0.0004802,-0.1563,-0.8877,77,none
102,A,Y,0.1685,-0.07803,-0.04939,-0.26,0.06601,77,none
103,A,A,0,0,0,0,0,78,none
103,A,C,-0.2386,0.08329,0.1862,-0.04865,-0.04457,78,none
103,A,D,-0.1136,-0.2664,-0.1824,-0.008381,0.00048,78,none
103,A,E,-0.0518,0.07408,-0.03684,0.05947,0.3083,78,none
103,A,F,0.0887,0.05843,0.1005,-0.04486,-0.08607,78,none
103,A,G,-0.02348,-0.3885,-0.3209,-0.3351,-0.5072,78,none
103,A,H,-0.08222,0.4506,0.1524,0.06093,-0.0816,78,none
103,A,I,0.1423,-0.8371,-0.1809,0.2807,-0.7915,78,none
103,A,K,0.2028,0.2769,0.1459,0.4383,-0.2043,78,none
103,A,L,-0.2139,,0.3809,,-0.9409,78,none
103,A,M,0.1139,-0.196,-0.09899,-0.03708,0.119,78,none
103,A,N,-0.2919,0.1613,-0.247,0.09308,0.04652,78,none
103,A,R,0.2762,-0.1354,0.1854,-0.2244,-0.5971,78,none
103,A,S,0.03311,-0.05786,-0.004016,0.01111,0.03988,78,none
103,A,T,-0.0857,0.2215,-0.134,0.2412,0.3177,78,none
103,A,V,0.02294,-0.1699,0.1083,0.08791,-0.785,78,none
103,A,W,0.1638,0.06562,0.02326,0.5622,-1.274,78,none
103,A,Y,0.05671,-0.1716,-0.1481,0.04035,0.8682,78,none
104,N,A,0.0744,0.01786,-0.3152,0.06822,-0.4108,79,none
104,N,C,0.03179,0.1181,0.2622,0.1275,0.6777,79,none
104,N,D,-0.06008,0.02482,-0.2038,0.08572,0.5558,79,none
104,N,E,0.2484,-0.4332,-0.04995,-0.1688,-1.116,79,none
104,N,F,-0.0427,,0.08161,-0.1613,-1.53,79,none
104,N,G,0.07529,0.04546,0.3628,0.01607,0.3921,79,none
104,N,H,-0.1091,-0.2007,-0.01583,0.003002,0.1172,79,none
104,N,I,0.1417,-0.1697,0.02138,-0.01287,-1.171,79,none
104,N,K,0.08096,-0.1503,-0.1306,0.1634,-0.3391,79,none
104,N,L,0.05156,,,,-2.214,79,none
104,N,M,-0.1713,-0.08579,-0.001196,-0.1993,-1.256,79,none
104,N,N,0,0,0,0,0,79,none
104,N,P,,,,,-3.14,79,none
104,N,Q,-0.007757,-0.3309,0.4198,-0.1225,-0.0795,79,none
104,N,R,0.002813,-0.1779,0.3378,0.01027,-1.028,79,none
104,N,S,-0.344,0.04183,-0.03398,-0.2261,-0.9858,79,none
104,N,T,-0.1187,-0.2094,0.3667,0.3817,-0.4247,79,none
104,N,V,-0.2066,-0.215,-0.001279,-0.5759,-0.1892,79,none
104,N,W,0.1609,-0.2938,0.3537,-0.2155,-1.826,79,none
104,N,Y,0.1537,0.1222,-0.06181,-0.3822,-0.688,79,none
105,N,A,-0.4953,,-0.07917,-0.06205,-0.9032,80,none
105,N,C,-0.1705,-0.5954,0.243,0.4093,-1.013,80,none
105,N,D,0.06751,-0.01032,0.03162,0.06431,0.4532,80,none
105,N,E,0.08653,-0.1656,-0.02739,-0.9669,0.1649,80,none
105,N,F,0.06062,-0.0373,-0.2405,-0.04533,-0.2484,80,none
105,N,G,-0.06134,0.02746,0.1575,-0.2378,0.00945,80,none
105,N,H,0.06857,0.09959,0.1325,-0.06421,-0.09559,80,none
105,N,I,0.05316,0.01571,-0.04873,0.1081,0.4808,80,none
105,N,K,0.1285,0.01343,0.2076,-0.1403,0.08124,80,none
105,N,L,0.1071,0.1979,0.1685,-0.06044,0.1067,80,none
105,N,M,-0.0268,0.1053,-0.004518,0.1327,-0.2833,80,none
105,N,N,0,0,0,0,0,80,none
105,N,P,-0.07294,,0.153,0.3023,-0.5046,80,none
105,N,Q,-0.3958,-0.01459,-0.197,0.5881,-0.8215,80,none
105,N,R,0.1378,-0.3873,0.0007203,-0.002825,-0.5746,80,none
105,N,S,0.2142,0.03989,0.1943,-0.1536,-0.5306,80,none
105,N,T,-0.1017,0.005392,0.02216,-0.09813,-0.5945,80,none
105,N,V,-0.07,0.03003,0.1731,-0.1224,0.04303,80,none
105,N,W,0.1304,0.05327,,0.1711,0.2039,80,none
105,N,Y,0.04059,0.07283,0.08885,0.09553,0.2364,80,none
106,R,A,-0.2986,-0.4973,0.4143,-0.2727,-3.345,81,none
106,R,C,-0.2421,-0.1678,0.2494,0.2556,-2.533,81,none
106,R,D,,,,,-3.24,81,none
106,R,E,0.4016,-0.1959,0.6866,0.1848,-1.944,81,none
106,R,F,0.007824,0.329,0.2386,0.2219,-0.4905,81,none
106,R,G,-0.053,,,0.7647,-3.479,81,none
106,R,H,-0.3991,-0.8479,-0.1299,0.2351,-0.4864,81,none
106,R,I,-0.1983,0.05713,-0.04799,0.06341,-0.2859,81,none
106,R,K,0.2755,0.124,0.2794,0.03067,0.196,81,none
106,R,L,0.2176,-0.009166,0.05984,0.022,0.1094,81,none
106,R,M,0.1166,0.08684,0.0533,0.1804,0.2135,81,none
106,R,N,-0.02294,0.1286,-0.08083,-0.02645,-1.933,81,none
106,R,P,-0.2072,-0.06225,0.1332,0.4359,-0.3634,81,none
106,R,Q,-0.02158,0.04342,0.2629,0.1293,-0.6038,81,none
106,R,R,0,0,0,0,0,81,none
106,R,S,,-1.805,,,-3.481,81,none
106,R,T,0.5919,,0.26,-0.3285,-3.452,81,none
106,R,V,0.2816,0.2921,0.1003,0.4622,0.9972,81,none
106,R,W,-0.07231,0.2303,0.7591,-0.1648,-2.728,81,none
106,R,Y,0.03847,0.02941,0.06697,0.8173,-0.4198,81,none
107,A,A,0,0,0,0,0,82,none
107,A,C,0.1749,,0.01738,-0.4327,-2.106,82,none
107,A,D,0.09804,0.2026,-0.0102,0.0968,0.2818,82,none
107,A,E,0.09319,-0.272,-0.04684,0.02635,-0.1111,82,none
107,A,F,0.02455,-0.4899,-0.0695,-0.4181,-1.112,82,none
107,A,G,0.1134,-0.1795,0.2531,0.3728,0.1753,82,none
107,A,H,0.228,,0.1804,0.06273,-0.4105,82,none
107,A,I,0.05115,0.01264,-0.01454,-0.1727,-0.6158,82,none
107,A,K,-0.06034,-0.7564,-0.02439,0.1954,0.3105,82,none
107,A,L,,,,,-0.9509,82,none
107,A,M,0.02725,-0.202,-0.1899,-0.5135,-0.7781,82,none
107,A,N,0.1328,-0.229,-0.1904,-0.08861,0.3641,82,none
107,A,Q,-0.106,,,,,82,none
107,A,R,0.007545,-0.8029,-0.2895,-0.07296,0.6039,82,none
107,A,S,-0.02006,-0.1358,-0.2227,-0.541,-0.5384,82,none
107,A,T,0.5718,0.2008,0.6649,0.3754,-0.962,82,none
107,A,V,-0.09716,0.309,0.03592,0.03154,0.2871,82,none
107,A,W,-0.0317,0.3227,-0.05557,-0.5522,-0.04505,82,none
107,A,Y,-0.0443,-0.2737,-0.2085,-0.02749,-0.06379,82,none
108,R,A,-0.2683,,-0.084,-0.2528,0.2349,83,none
108,R,C,-0.197,,-0.3193,-0.09809,-2.977,83,none
108,R,D,-0.06551,0.1244,0.6047,0.4993,-0.4698,83,none
108,R,E,-0.0873,-0.02496,-0.03053,0.004154,0.2155,83,none
108,R,F,-0.1191,0.04469,0.1223,0.5594,-0.413,83,none
108,R,G,-0.2538,0.044,0.3191,0.02912,-0.9072,83,none
108,R,H,-0.2019,-0.1585,0.02761,-0.03985,0.09205,83,none
108,R,I,0.08907,-0.03126,-0.09856,-0.03212,-0.1512,83,none
108,R,K,0.04881,-0.04356,0.1672,-0.05724,0.5792,83,none
108,R,L,0.1209,-0.07364,-0.1255,0.08729,-0.0616,83,none
108,R,M,0.1874,0.08783,0.2522,0.1763,0.0064,83,none
108,R,N,-0.101,0.005621,0.09793,0.1173,-0.07215,83,none
108,R,P,-0.06495,0.0335,0.05617,0.1907,-0.3242,83,none
108,R,Q,-0.04791,-0.2474,0.3163,0.1788,0.1674,83,none
108,R,R,0,0,0,0,0,83,none
108,R,S,,,,-0.3047,0.3685,83,none
108,R,T,0.02098,0.2808,0.239,0.1058,0.06874,83,none
108,R,V,0.08027,-0.004049,0.04121,0.2012,0.3691,83,none
108,R,W,0.004245,0.2257,0.2527,0.1764,-1.933,83,none
108,R,Y,0.06019,0.3088,-0.08449,-0.1977,-0.0023,83,none
109,R,A,,,,,-3.214,84,none
109,R,C,,,,,-3.151,84,none
109,R,D,,,0.4549,,-3.458,84,none
109,R,E,-1.106,0.2056,-0.01068,0.1457,-3.338,84,none
109,R,F,-0.3858,,0.02176,,-3.48,84,none
109,R,G,-0.451,-0.5233,0.8461,-0.1287,-3.51,84,none
109,R,H,-0.4805,-0.03998,-0.02421,-0.3343,-2.918,84,none
109,R,I,-0.2879,-0.7558,0.8769,-1.226,-3.478,84,none
109,R,K,0.06906,0.1951,-0.0151,0.0397,-0.02257,84,none
109,R,L,,,,,-3.486,84,none
109,R,M,-0.3595,-0.5444,-0.3521,-0.467,-3.445,84,none
109,R,N,,,-0.3599,,-3.212,84,none
109,R,P,,,,-0.07292,-3.482,84,none
109,R,Q,-0.9838,,,,-3.415,84,none
109,R,R,0,0,0,0,0,84,none
109,R,S,,-2.883,-0.2873,,-3.377,84,none
109,R,T,,,,,-3.409,84,none
109,R,V,-0.91,,,-1.863,-3.495,84,none
109,R,W,-0.9981,,-0.01661,0.3957,-3.494,84,none
109,R,Y,,,,,-3.216,84,none
110,E,A,-0.5611,-0.1206,-0.167,-0.7482,-0.7791,85,none
110,E,C,0.1273,0.04262,-0.1525,0.1741,-0.4159,85,none
110,E,D,-0.1499,0.5537,-0.03017,-0.4622,0.08255,85,none
110,E,E,0,0,0,0,0,85,none
110,E,F,0.1478,0.03745,-0.4464,-0.1431,-0.04485,85,none
110,E,G,0.3592,-1.892,-0.2425,-1.127,-0.5166,85,none
110,E,H,0.08251,-0.6144,0.06414,0.1507,0.0676,85,none
110,E,I,,,-0.2458,-0.1418,-3.353,85,none
110,E,K,0.1548,-0.6641,0.1232,-0.5493,-3.186,85,none
110,E,L,0.02749,-0.1046,0.06573,0.02801,-3.45,85,none
110,E,M,-0.3148,0.213,-0.08826,-0.1598,-0.1182,85,none
110,E,N,0.1284,-0.006908,0.02166,0.01279,0.182,85,none
110,E,P,,,,,-3.469,85,none
110,E,Q,-0.08962,0.03505,0.02094,-0.1443,-0.08719,85,none
110,E,R,0.1422,0.117,0.05277,-0.05159,-0.401,85,none
110,E,S,0.178,0.3185,0.1344,0.1311,-0.3199,85,none
110,E,T,-0.2626,-0.1688,0.171,0.1269,0.2046,85,none
110,E,V,0.323,-0.913,-0.07344,-0.2853,-3.438,85,none
110,E,W,-0.01945,0.2016,-0.1663,-0.254,-0.7189,85,none
110,E,Y,0.1983,0.06424,0.08758,0.1617,0.2083,85,none
111,L,A,-0.114,0.5393,-0.2045,-0.2329,0.1329,86,none
111,L,C,-0.03114,-0.181,-0.01461,0.3414,0.112,86,none
111,L,D,0.07565,0.235,0.06842,-0.1223,-0.0522,86,none
111,L,E,0.01068,-0.1584,-0.303,0.2385,-0.0644,86,none
111,L,F,0.08556,,,,0.1907,86,none
111,L,G,,,,,-0.3848,86,none
111,L,H,0.1995,-0.1975,0.1058,0.02287,0.6119,86,none
111,L,I,0.2522,0.4232,0.2695,0.2037,-0.3942,86,none
111,L,K,-0.6262,-1.583,-0.3142,-0.06281,-1.067,86,none
111,L,L,0,0,0,0,0,86,none
111,L,M,-0.02428,0.01197,-0.03863,0.08785,-0.08049,86,none
111,L,N,0.1562,0.05679,0.1407,0.08129,0.1325,86,none
111,L,P,0.02526,-0.1214,-0.1896,-0.3025,-0.4286,86,none
111,L,Q,0.1058,0.3689,0.05776,0.2191,0.07108,86,none
111,L,R,0.08554,-0.1421,0.01813,0.1425,0.3126,86,none
111,L,S,-0.007267,0.1107,-0.06752,-0.2788,-0.8833,86,none
111,L,T,0.001748,0.02265,0.0128,0.02674,-0.0853,86,none
111,L,V,0.2565,0.02052,0.1055,0.1055,0.2613,86,none
111,L,W,0.07876,0.04371,-0.2447,0.2411,-0.1396,86,none
111,L,Y,0.03149,0.04551,0.2153,-0.1082,0.3686,86,none
112,P,A,-0.03108,0.1221,-0.1111,0.02321,-0.03218,87,none
112,P,C,0.208,-0.03357,0.1357,-0.05705,-0.7964,87,none
112,P,D,-0.04468,0.04622,0.09229,0.03151,0.4232,87,none
112,P,E,0.007494,-0.0559,-0.05911,0.1468,0.2481,87,none
112,P,F,0.2615,-0.0666,0.1935,-0.04843,-0.6339,87,none
112,P,G,0.0807,-0.03454,0.03489,-0.02631,-0.07165,87,none
112,P,H,0.1186,-0.01086,0.1294,0.1135,-0.0189,87,none
112,P,I,0.07992,0.2072,0.1302,-0.5189,-0.1797,87,none
112,P,K,-0.0291,-0.1178,-0.03353,0.06719,-0.2725,87,none
112,P,L,0.2282,-0.2545,-0.4455,-0.1765,-0.2515,87,none
112,P,N,-0.01847,-1.313,-0.1742,-0.5662,-0.2529,87,none
112,P,P,0,0,0,0,0,87,none
112,P,Q,0.1167,-0.01635,-0.01027,-0.1101,-0.1427,87,none
112,P,R,0.2474,-0.05908,-0.05145,0.1025,-0.793,87,none
112,P,S,0.2077,-0.1427,-0.01636,-0.2105,0.2378,87,none
112,P,T,-0.1097,0.1719,0.04541,0.06092,0.1186,87,none
112,P,V,0.1449,0.2543,0.238,-0.007149,-0.8643,87,none
112,P,W,0.1475,-0.04735,0.0397,0.0939,0.2481,87,none
112,P,Y,0.3753,-0.04257,-0.0243,-0.1068,-0.3389,87,none
113,R,A,-0.0999,0.02167,0.03811,-0.1409,-0.01213,88,none
113,R,C,-0.05822,-0.2214,0.01557,-0.2132,0.6547,88,none
113,R,D,0.107,-0.02167,0.01074,0.1712,0.1597,88,none
113,R,E,0.2093,0.08195,0.2099,-0.1673,-0.2572,88,none
113,R,F,-0.02437,0.03116,-0.1683,-0.2091,0.0786,88,none
113,R,G,-0.07365,-0.1747,0.1235,-0.04152,0.1317,88,none
113,R,H,0.03237,-0.1441,0.4459,-0.01243,-0.643,88,none
113,R,I,-0.1246,0.08327,-0.0651,-0.09396,0.2053,88,none
113,R,K,-0.008362,-0.04998,-0.005925,0.3027,0.1449,88,none
113,R,L,0.2776,0.181,-0.02731,-0.1797,0.02765,88,none
113,R,M,0.0007548,-0.03243,0.1823,0.05466,0.4301,88,none
113,R,N,-0.177,-0.02881,0.1102,-0.2034,0.4051,88,none
113,R,P,-0.1394,0.05219,-0.0494,-0.1857,0.03873,88,none
113,R,Q,-0.07566,-0.3,0.121,0.08378,-0.02184,88,none
113,R,R,0,0,0,0,0,88,none
113,R,S,-0.1899,0.09926,0.06358,-0.04916,0.1154,88,none
113,R,T,-0.1778,-0.1316,-0.2268,-0.1702,-0.311,88,none
113,R,V,0.1486,0.1489,-0.05861,-0.08104,-0.00625,88,none
113,R,W,-0.3218,-0.282,-0.08541,-0.00538,-0.1808,88,none
113,R,Y,-0.06169,-0.1735,0.1496,0.07772,0.7831,88,none
114,F,A,-0.09546,-0.01721,0.05759,-0.04374,0.2566,89,none
114,F,C,0.006881,-0.01321,-0.1392,-0.1673,-0.1749,89,none
114,F,D,0.05282,0.07701,0.2517,0.09237,0.7337,89,none
114,F,E,-0.09794,-0.08237,-0.2462,-0.07328,-0.4096,89,none
114,F,F,0,0,0,0,0,89,none
114,F,G,0.01693,0.2903,0.1385,0.07982,0.1611,89,none
114,F,H,0.01973,,,,-1.136,89,none
114,F,I,-0.1936,0.02894,-0.1353,0.2013,0.5544,89,none
114,F,K,0.2862,0.1161,0.1909,0.02161,0.2066,89,none
114,F,L,0.08977,-0.2843,0.2161,-0.02534,-0.1493,89,none
114,F,M,-0.1229,0.3282,0.01558,0.1326,-0.4244,89,none
114,F,N,-0.1116,0.04407,-0.135,0.1122,0.2606,89,none
114,F,P,,,,-0.04511,0.3051,89,none
114,F,Q,0.03744,0.08857,-0.09248,-0.4739,-0.6394,89,none
114,F,R,0.02711,0.1079,0.05717,0.2144,0.2591,89,none
114,F,S,0.03238,0.03856,0.1046,0.2357,0.4291,89,none
114,F,T,-0.01021,0.109,-0.09714,0.05207,0.09818,89,none
114,F,V,-0.3895,,-0.3447,,-0.1194,89,none
114,F,W,0.02696,0.004811,-0.02173,0.192,0.1681,89,none
114,F,Y,0.02758,-0.1529,-0.07139,0.03659,0.3488,89,none
115,M,A,0.03906,0.005817,-0.08217,0.00349,0.2779,90,none
115,M,C,-0.02612,0.1448,-0.03129,0.1014,-0.72,90,none
115,M,D,0.0155,,-0.2356,-0.1888,-0.3735,90,none
115,M,E,0.04201,-0.1193,0.09602,-0.1092,0.1579,90,none
115,M,F,-0.1198,0.122,-0.07542,-0.1063,-0.5282,90,none
115,M,G,0.1407,0.02627,0.00937,0.2056,0.2686,90,none
115,M,H,-0.1099,0.2541,0.2122,0.0193,0.2497,90,none
115,M,I,-0.05682,-0.1365,0.09122,0.01119,-0.07823,90,none
115,M,K,0.04905,0.2364,0.03689,0.1345,0.1888,90,none
115,M,L,-0.07061,-0.1096,-0.1169,0.0161,0.3936,90,none
115,M,M,0,0,0,0,0,90,none
115,M,N,-0.3874,-0.4154,0.0009705,0.2291,0.198,90,none
115,M,P,0.04819,-0.1192,-0.02796,0.1909,-0.01015,90,none
115,M,Q,0.06594,0.1007,0.01953,0.3177,0.1594,90,none
115,M,R,0.2617,-0.1287,-0.02688,-0.01225,-0.3026,90,none
115,M,T,0.04391,-0.3803,0.09108,-0.1065,0.3721,90,none
115,M,V,-0.1552,-0.3815,-0.2356,-0.2986,-0.3465,90,none
115,M,W,0.1277,-0.1044,-0.01455,0.05894,0.1797,90,none
115,M,Y,0.114,0.02312,0.04071,-0.15,-0.1965,90,none
116,N,A,-0.03942,-0.1859,0.01341,-0.3191,-0.4808,91,none
116,N,C,-0.04428,0.6395,-0.2089,0.3672,-0.8832,91,none
116,N,D,-0.1179,-0.1867,0.1207,-0.04862,-0.03885,91,none
116,N,E,-0.3093,-0.6166,-0.2696,0.05725,-0.1404,91,none
116,N,F,0.131,0.4544,-0.06486,0.09173,0.308,91,none
116,N,G,-0.09306,-0.09734,-0.1328,-0.02274,0.5251,91,none
116,N,H,,,,,-0.08783,91,none
116,N,I,-0.279,-0.0318,0.02719,-0.05006,-0.03465,91,none
116,N,K,0.0008501,0.5038,-0.1004,0.05177,0.4107,91,none
116,N,L,0.2538,-0.2026,0.3331,-0.2222,-0.4052,91,none
116,N,M,0.2502,0.1076,-0.01333,-0.003399,0.4684,91,none
116,N,N,0,0,0,0,0,91,none
116,N,P,0.1943,0.03325,-0.00572,0.1427,0.5449,91,none
116,N,Q,-0.1603,-0.1366,0.1101,-0.06725,-0.5108,91,none
116,N,R,0.09381,-0.1673,0.0489,0.199,-0.7516,91,none
116,N,S,,,,,-0.1579,91,none
116,N,T,0.1246,-0.6977,-0.05869,0.172,-0.03418,91,none
116,N,V,0.1162,0.03883,0.1728,0.1236,-0.06135,91,none
116,N,W,0.1849,-0.0889,0.003389,0.3206,0.05385,91,none
116,N,Y,-0.1732,0.19,0.4967,-0.3349,-0.8949,91,none
117,Y,A,-0.05829,-0.08995,0.09669,-0.08206,0.3937,92,none
117,Y,C,-0.236,-0.456,-0.04244,-0.1441,-0.7235,92,none
117,Y,D,0.07066,0.1928,0.06567,0.0831,0.1458,92,none
117,Y,E,-0.09291,-0.004285,-0.1207,-0.1198,0.5553,92,none
117,Y,F,0.04134,0.01906,-0.04738,0.1469,0.2199,92,none
117,Y,G,0.02009,0.08933,-0.2561,-0.1776,-0.2965,92,none
117,Y,H,-0.1493,0.01265,0.05875,0.07859,-0.3416,92,none
117,Y,I,0.02327,-0.01985,0.02786,0.06712,0.5396,92,none
117,Y,K,0.1541,-0.4468,-0.1381,-0.0187,-0.6187,92,none
117,Y,L,,,,0.2081,-0.8854,92,none
117,Y,M,0.07133,0.0141,-0.07824,-0.2909,-0.2235,92,none
117,Y,N,-0.04955,-0.08569,-0.1064,0.1076,-0.3871,92,none
117,Y,P,0.05383,-0.04115,-0.3879,0.1549,0.1557,92,none
117,Y,Q,0.2749,,-0.2344,-0.09032,-0.4068,92,none
117,Y,R,-0.09894,-0.06266,0.03169,0.1872,-0.129,92,none
117,Y,S,0.06389,-0.1406,0.02383,-0.1491,0.1141,92,none
117,Y,T,0.05623,0.1642,0.03726,0.2277,0.3285,92,none
117,Y,V,0.1402,-0.1252,-0.05415,0.4201,0.3754,92,none
117,Y,W,-0.02904,0.5904,-0.01206,0.009188,-0.1264,92,none
117,Y,Y,0,0,0,0,0,92,none
118,T,A,-0.005574,-0.09573,-0.3453,-0.03297,0.5539,93,none
118,T,C,-0.1211,0.3276,0.0291,-0.154,0.5996,93,none
118,T,D,0.005573,-0.174,0.1291,0.3285,0.561,93,none
118,T,E,,,,,0.4531,93,none
118,T,F,-0.1651,-0.001466,-0.3495,0.07058,0.3519,93,none
118,T,G,-0.03114,0.04397,0.01345,0.06965,-0.05345,93,none
118,T,H,-0.2164,,,-0.1659,-1.265,93,none
118,T,I,-0.2555,0.2938,0.1492,-0.03829,-0.3982,93,none
118,T,K,-0.09438,0.03435,0.1442,-0.1073,-0.306,93,none
118,T,L,-0.006189,-0.1306,0.2524,0.2498,1.073,93,none
118,T,M,0.407,-0.04885,0.09968,-0.1033,0.2069,93,none
118,T,N,0.1337,0.01256,0.06873,0.04588,0.242,93,none
118,T,P,-0.02159,0.02834,0.05026,-0.2972,-0.4944,93,none
118,T,Q,0.04523,0.05655,0.3462,0.1638,0.3467,93,none
118,T,R,0.01263,-0.3697,0.1826,0.005474,-0.9081,93,none
118,T,S,-0.1839,,0.08381,0.4508,-0.09815,93,none
118,T,T,0,0,0,0,0,93,none
118,T,V,-0.1282,-1.202,-0.001126,-0.01528,-0.2795,93,none
118,T,W,0.05451,-0.6185,0.08528,0.6054,-0.2816,93,none
118,T,Y,0.0973,-0.1023,-0.3185,0.3063,-0.2928,93,none
119,L,A,-0.251,,-0.4027,-0.2627,-0.7634,94,none
119,L,C,-0.03735,0.2733,0.2701,-0.05487,0.3206,94,none
119,L,D,-0.02552,-0.3614,0.2122,-0.04723,-0.08315,94,none
119,L,E,-0.02066,-0.254,0.1001,-0.3576,-0.06438,94,none
119,L,F,-0.2039,-0.5294,-0.1481,-0.1127,-0.1176,94,none
119,L,G,-0.2289,0.05617,0.01459,-0.04521,-0.4204,94,none
119,L,H,0.2318,0.08959,0.03353,0.1393,0.2003,94,none
119,L,I,0.07036,0.09183,0.03698,-0.09518,0.04168,94,none
119,L,K,-0.111,-0.1467,0.08882,0.1309,-0.3819,94,none
119,L,L,0,0,0,0,0,94,none
119,L,M,-0.1618,-0.1997,-0.1449,0.1337,0.3217,94,none
119,L,N,0.1596,0.1756,0.03431,-0.3829,0.116,94,none
119,L,P,-0.01394,0.03769,0.07839,0.1744,-0.3528,94,none
119,L,Q,-0.154,0.5337,0.07737,0.2155,-0.0201,94,none
119,L,R,-0.3247,0.005225,-0.1822,-0.08197,0.01992,94,none
119,L,S,0.08243,0.617,0.1167,-0.08102,-0.2309,94,none
119,L,T,-0.08683,-0.5635,-0.1042,-0.04965,-0.03596,94,none
119,L,V,-0.3509,-0.01759,-0.2065,-0.415,-0.1467,94,none
119,L,W,0.2514,-0.04919,-0.1637,-0.1282,-0.0848,94,none
119,L,Y,0.09298,-0.03544,0.07009,0.0337,0.2947,94,none
120,N,A,-0.253,,-0.2112,-0.4419,0.5184,95,none
120,N,C,-0.1384,0.122,0.3089,0.2362,,95,none
120,N,D,-0.1051,-0.02283,0.09498,-0.006154,-0.1977,95,none
120,N,E,,,,,0.07626,95,none
120,N,F,-0.1863,-0.78,-0.127,-0.4078,-0.5662,95,none
120,N,G,0.01833,0.3187,0.1403,-0.03038,0.2264,95,none
120,N,H,0.172,0.01163,0.1656,-0.2079,0.9967,95,none
120,N,I,0.1013,0.05037,0.1718,0.06315,0.02405,95,none
120,N,K,-0.1191,-0.1182,0.2289,0.0665,0.2333,95,none
120,N,L,0.0121,0.0633,-0.1198,-0.01287,0.2453,95,none
120,N,M,0.09028,0.4411,0.05498,,-1.68,95,none
120,N,N,0,0,0,0,0,95,none
120,N,P,0.02268,,-0.0601,-0.03947,-1.813,95,none
120,N,Q,0.06814,-0.04148,0.2671,0.1321,0.2461,95,none
120,N,R,-0.02679,,0.08978,-0.4206,0.4922,95,none
120,N,S,-0.1415,0.334,0.1778,-0.1945,-0.1871,95,none
120,N,T,-0.006567,,-0.1704,0.4613,0.2783,95,none
120,N,V,0.0162,0.3049,0.2519,-0.1452,0.3967,95,none
120,N,W,-0.3463,,-0.1545,-0.1511,0.3459,95,none
120,N,Y,-0.05243,0.05061,0.06061,0.1575,0.6668,95,none
121,N,A,-0.009672,-0.01374,-0.0988,-0.9106,-0.5419,96,none
121,N,C,0.191,-0.1589,0.05645,0.08589,-0.3037,96,none
121,N,D,0.04939,0.531,0.309,0.09086,0.2534,96,none
121,N,E,,,,,-0.7321,96,none
121,N,F,-0.01538,0.09578,0.233,0.0676,0.5695,96,none
121,N,G,0.0618,-0.1788,-0.09229,0.1543,0.06521,96,none
121,N,H,-0.03699,-0.01962,-0.05733,0.3205,0.3587,96,none
121,N,I,-0.0344,-0.1253,0.3889,-0.5743,-0.278,96,none
121,N,K,0.1572,-0.06237,0.002863,0.09609,-0.06089,96,none
121,N,L,0.03895,-0.04126,0.03759,0.004016,0.3421,96,none
121,N,M,-0.2565,0.08668,0.1159,0.1536,0.6111,96,none
121,N,N,0,0,0,0,0,96,none
121,N,P,-0.05535,,0.1987,0.1015,0.6666,96,none
121,N,Q,-0.1095,0.07596,-0.1775,0.009038,-0.4976,96,none
121,N,R,0.2069,0.02457,0.1163,0.1881,0.5601,96,none
121,N,S,-0.04042,0.2994,-0.2266,0.06959,0.6821,96,none
121,N,T,-0.106,0.01807,0.1119,-0.04184,-0.4931,96,none
121,N,V,-0.02221,,0.4898,0.2331,-0.5036,96,none
121,N,W,0.01402,0.04599,-0.6071,-0.3758,-0.7891,96,none
121,N,Y,-0.1,0.09857,0.1051,0.22,0.1502,96,none
122,T,A,-0.05096,0.06199,0.03002,0.5007,0.4088,97,none
122,T,C,0.0643,0.1617,0.2013,0.13,0.1764,97,none
122,T,D,-0.007358,-0.02109,-0.1508,0.0361,-0.00938,97,none
122,T,E,-0.3487,-0.3253,-0.2479,-0.3522,-0.6367,97,none
122,T,F,0.002812,-0.1219,-0.04401,-0.2035,-0.0167,97,none
122,T,G,0.2099,0.09544,0.1863,0.1615,0.06137,97,none
122,T,H,-0.1145,-0.06523,0.1352,0.4183,-0.03845,97,none
122,T,I,-0.168,-0.1351,0.1188,0.01697,-0.2853,97,none
122,T,K,-0.04799,-0.1251,-0.2512,-0.1927,-0.1968,97,none
122,T,L,-0.02343,0.3301,-0.4727,0.001201,0.3082,97,none
122,T,M,-0.3176,-0.2112,-0.1048,-0.06792,-0.4052,97,none
122,T,N,-0.04448,0.01663,0.008922,0.2218,-0.5744,97,none
122,T,P,0.0836,0.2378,0.2742,-0.07857,0.2077,97,none
122,T,Q,0.04174,0.02145,-0.09741,-0.2454,-0.0629,97,none
122,T,R,-0.3971,-0.1421,-0.01651,-0.01872,-0.2175,97,none
122,T,S,-0.02716,0.1407,0.07404,0.03664,0.02729,97,none
122,T,T,0,0,0,0,0,97,none
122,T,V,0.02166,-0.1149,0.1876,-0.05534,-0.1616,97,none
122,T,W,0.07126,0.02818,0.0552,0.1189,-0.9928,97,none
122,T,Y,0.04166,-0.2756,0.01676,-0.1954,0.04065,97,none
123,K,A,0.003817,-0.04935,-0.1019,0.3275,0.5396,98,none
123,K,C,0.005807,0.03,-0.4201,-0.1895,0.6556,98,none
123,K,D,0.08044,-0.1986,0.05754,-0.1383,0.06385,98,none
123,K,E,-0.03335,,,-0.2657,0.272,98,none
123,K,F,0.04617,0.3349,0.1959,0.1218,-0.1605,98,none
123,K,G,0.08847,0.2058,0.04927,-0.004288,-0.0719,98,none
123,K,H,-0.07168,0.0738,0.08669,-0.1661,0.5461,98,none
123,K,I,-0.04733,-0.0324,-0.1556,-0.6275,0.0769,98,none
123,K,K,0,0,0,0,0,98,none
123,K,L,-0.03145,-0.02589,-0.0451,-0.05748,-0.06683,98,none
123,K,M,-0.02538,-0.1284,-0.09797,0.003785,-0.5739,98,none
123,K,N,-0.1797,0.02271,-0.02919,0.002937,-0.1637,98,none
123,K,P,-0.1981,0.06899,0.07809,0.09647,0.2564,98,none
123,K,Q,-0.06288,-0.08272,0.08611,-0.1859,0.1077,98,none
123,K,R,0.04506,0.008025,0.1198,-0.08349,0.2788,98,none
123,K,S,0.1817,0.07195,0.06323,-0.03938,0.09504,98,none
123,K,T,0.0413,0.008422,-0.1696,-0.04515,0.3926,98,none
123,K,V,-0.07763,-0.3527,-0.05656,-0.5568,-0.2308,98,none
123,K,W,0.09478,-1.097,0.1122,0.0001824,-0.5104,98,none
123,K,Y,0.06019,0.005867,-0.03535,-0.00484,0.3604,98,none
124,K,A,0.08698,-0.1412,0.009843,-0.007301,-0.2031,99,none
124,K,C,0.1898,0.005177,0.3018,0.0186,0.1738,99,none
124,K,D,-0.05299,-0.1094,0.00616,0.1108,0.4285,99,none
124,K,E,-0.09959,0.27,0.1512,0.1121,0.4317,99,none
124,K,F,0.0115,0.06499,0.2211,-0.1855,-0.7187,99,none
124,K,G,0.05939,-0.03697,-0.03291,0.2837,-0.1467,99,none
124,K,H,-0.04583,0.02535,-0.3905,-0.115,0.2017,99,none
124,K,I,0.06204,-0.06914,0.0666,0.01176,0.1829,99,none
124,K,K,0,0,0,0,0,99,none
124,K,L,0.07932,0.05208,-0.06078,-0.03007,-0.03436,99,none
124,K,M,-0.09229,-0.05704,-0.05203,0.1014,0.3919,99,none
124,K,N,-0.08878,0.2588,-0.0613,-0.08944,0.1363,99,none
124,K,P,0.007823,-0.09965,0.1332,0.01017,0.4454,99,none
124,K,Q,0.01806,0.01347,-0.1091,0.1814,0.04835,99,none
124,K,R,0.3119,0.02833,0.006168,0.02818,0.252,99,none
124,K,S,0.177,-0.1666,0.1531,-0.2602,0.2941,99,none
124,K,T,-0.2481,-0.4067,0.04035,0.1967,-0.2614,99,none
124,K,V,-0.07905,0.2307,0.007437,0.3135,-0.3474,99,none
124,K,W,0.08212,0.05891,0.08661,0.002188,-0.08804,99,none
124,K,Y,-0.09049,-0.01576,-0.159,-0.03777,-0.1005,99,none
125,T,A,0.03379,0.4717,0.02165,-0.1577,-0.6057,100,none
125,T,C,0.1492,0.01576,-0.329,0.06861,0.8289,100,none
125,T,D,-0.2627,-0.08036,-0.1577,-0.1876,-0.8609,100,none
125,T,E,0.06983,0.2788,0.09518,0.09466,-0.05911,100,none
125,T,F,0.01986,-0.003787,0.1287,-0.1255,-0.2341,100,none
125,T,G,-0.07459,0.04313,0.1121,-0.1306,-0.1021,100,none
125,T,H,0.06898,-0.08035,-0.05327,-0.2748,-0.2319,100,none
125,T,I,-0.04865,0.01875,0.1944,0.2214,-0.5902,100,none
125,T,K,-0.03001,0.004788,-0.08815,-0.09948,-0.7574,100,none
125,T,L,-0.02315,-0.07015,0.07581,-0.003015,0.4635,100,none
125,T,M,-0.1259,-0.5291,-0.003292,-0.6425,-0.57,100,none
125,T,N,-0.1032,0.07195,-0.105,0.1747,-0.311,100,none
125,T,P,-0.1708,-0.1013,0.2904,-0.3652,-0.2872,100,none
125,T,Q,-0.005527,-0.04407,0.04907,-0.05316,0.116,100,none
125,T,R,-0.02204,-0.5012,-0.1497,-0.2348,-0.1928,100,none
125,T,S,0.1741,-0.0496,0.08251,-0.001772,0.5589,100,none
125,T,T,0,0,0,0,0,100,none
125,T,V,0.287,,0.0284,0.3999,-0.1183,100,none
125,T,W,0.01007,0.1039,0.198,0.02656,0.0922,100,none
125,T,Y,-0.02029,0.2634,0.04892,0.09224,-0.1575,100,none
126,N,A,-0.004677,-0.03456,-0.08186,0.2007,0.1047,101,none
126,N,C,0.07024,-0.006182,-0.04171,-0.09926,-0.8599,101,none
126,N,D,-0.01162,-0.03723,0.02304,0.02684,-0.0754,101,none
126,N,E,0.4915,-0.03382,0.1232,-0.1415,0.4102,101,none
126,N,F,-0.04353,-0.02427,0.08368,-0.1058,-0.6005,101,none
126,N,G,0.04222,0.2735,0.1902,0.1069,0.1413,101,none
126,N,H,0.1312,0.439,0.1276,0.01127,0.3865,101,none
126,N,I,0.1196,-0.002618,0.02648,-0.07908,0.1043,101,none
126,N,K,0.2434,-0.008988,-0.1055,-0.3496,-0.791,101,none
126,N,L,0.03818,0.1213,0.02419,0.1577,-0.07032,101,none
126,N,M,-0.1588,-0.1651,0.2078,-0.1384,-0.1454,101,none
126,N,N,0,0,0,0,0,101,none
126,N,P,0.1047,-0.01898,-0.02014,-0.06851,-0.131,101,none
126,N,Q,0.002971,-0.1165,0.178,0.02286,-0.1042,101,none
126,N,R,0.1337,0.2747,0.02568,-0.0006678,-0.2834,101,none
126,N,S,-0.01108,-0.1239,-0.1174,-0.1711,-0.162,101,none
126,N,T,0.0671,-0.3309,0.1665,-0.09588,-0.00845,101,none
126,N,V,0.1286,-0.4579,-0.2743,-0.4927,-1.056,101,none
126,N,W,-0.29,0.0735,0.02773,0.5496,-0.8231,101,none
126,N,Y,-0.1848,-0.006624,-0.1696,-0.1719,0.2097,101,none
127,V,A,-0.08708,-0.07412,-0.06447,0.03793,-0.6697,102,none
127,V,C,-0.09247,-0.05304,-0.0716,0.07035,0.5472,102,none
127,V,D,0.2819,-0.4884,0.2026,-0.2375,-1.516,102,none
127,V,E,0.02089,-0.1572,-0.06717,0.1136,-0.2339,102,none
127,V,F,-0.1379,0.01281,0.2451,-0.03099,-0.106,102,none
127,V,G,0.285,-0.0137,-0.04972,-0.04119,0.3764,102,none
127,V,H,-0.066,0.05027,0.1103,0.2187,0.5208,102,none
127,V,I,-0.05905,0.3039,0.2401,-0.1841,-0.2798,102,none
127,V,K,0.1259,,-0.09909,-0.2192,-0.3018,102,none
127,V,L,0.0517,0.2571,0.04125,0.04674,0.3272,102,none
127,V,M,-0.0552,0.02821,-0.004357,-0.02536,0.5747,102,none
127,V,N,0.1507,-0.4002,-0.008008,-0.001145,-0.3865,102,none
127,V,P,0.03578,-0.3134,0.1744,-0.3085,-1.284,102,none
127,V,Q,,,-0.008038,,,102,none
127,V,R,-0.1371,-0.484,-0.04448,-0.3409,-0.6688,102,none
127,V,S,-0.2882,0.4083,-0.5239,-0.1542,-0.6507,102,none
127,V,T,0.0357,-0.006067,0.1712,0.04703,-0.5326,102,none
127,V,V,0,0,0,0,0,102,none
127,V,W,-0.00466,0.0146,-0.1421,-0.08699,-0.4521,102,none
127,V,Y,0.1791,-0.3432,-0.002478,-0.04572,-0.1931,102,none
128,T,A,0.1018,0.3641,0.1177,-0.1504,0.2913,103,none
128,T,C,-0.136,,-0.3179,-0.1698,-0.3412,103,none
128,T,D,-0.04986,0.07491,0.1655,0.04453,-0.472,103,none
128,T,E,0.2086,0.4859,0.2024,0.1081,-0.102,103,none
128,T,F,,,,,-0.8482,103,none
128,T,G,-0.4579,,0.1123,,-0.7949,103,none
128,T,H,0.1644,0.2027,0.01652,-0.08308,-0.6849,103,none
128,T,I,-0.0491,0.3614,-0.04791,0.3815,0.08493,103,none
128,T,K,0.1428,0.1809,-0.04017,-0.142,-0.5554,103,none
128,T,L,0.1496,0.1107,0.0651,0.1929,-0.1043,103,none
128,T,M,-0.08536,-0.3519,0.2536,-0.2325,-0.3731,103,none
128,T,N,-0.0919,0.1142,-0.0146,-0.05191,-0.03718,103,none
128,T,P,-0.2651,0.192,0.1262,0.03994,-0.4576,103,none
128,T,Q,0.1881,-0.007775,-0.1608,0.1069,0.05218,103,none
128,T,R,0.003668,0.1112,0.2855,-0.3059,-0.3531,103,none
128,T,S,0.1874,-0.8914,-0.09478,0.1664,-0.5416,103,none
128,T,T,0,0,0,0,0,103,none
128,T,V,0.04009,,-0.02363,0.2581,-0.1333,103,none
128,T,W,0.307,-0.6859,0.001515,-0.2559,0.4603,103,none
128,T,Y,0.2084,-0.01725,-0.1018,-0.197,-0.5087,103,none
129,L,A,-0.1992,0.3931,0.08877,-0.008911,0.5495,104,none
129,L,C,-0.01176,-0.3053,-0.2392,-0.04333,-0.3373,104,none
129,L,D,,-0.282,0.05009,-0.1031,-1.656,104,none
129,L,E,0.2481,-0.06682,0.2611,0.2617,-0.1624,104,none
129,L,F,-0.1301,0.1107,0.2706,-0.3306,-0.2747,104,none
129,L,G,-0.08084,-0.03204,0.2869,-0.07989,-0.729,104,none
129,L,H,0.2821,0.06295,-0.08849,0.04291,-0.4041,104,none
129,L,I,-0.05288,-0.1058,-0.03629,0.06939,-0.1972,104,none
129,L,K,0.05973,,-0.007636,-0.02576,-0.4438,104,none
129,L,L,0,0,0,0,0,104,none
129,L,M,0.04918,0.01531,-0.009295,0.09108,-0.05238,104,none
129,L,N,-0.1655,0.03027,0.04765,-0.05714,-0.4098,104,none
129,L,P,-0.09379,0.08482,0.02128,0.02212,-1.073,104,none
129,L,Q,-0.03401,0.1626,-0.1175,0.3012,-0.2302,104,none
129,L,R,0.1173,0.2071,0.06096,0.06701,-0.4248,104,none
129,L,S,-0.9857,,,-0.008079,-1.362,104,none
129,L,T,0.06836,-0.01196,0.2984,0.5153,0.05415,104,none
129,L,V,0.2002,0.04142,-0.001413,0.05997,0.0425,104,none
129,L,W,0.2262,-0.07313,0.3113,0.1288,-0.2776,104,none
129,L,Y,0.09444,-0.1756,0.001389,-0.04258,-0.7006,104,none
130,S,A,0.1268,0.2465,-0.1648,-0.1323,-0.2697,105,none
130,S,C,0.00891,0.01815,0.1389,-0.1132,0.2805,105,none
130,S,D,0.05859,-0.1373,-0.03442,-0.1817,-0.2439,105,none
130,S,E,-0.04907,0.07465,0.1713,-0.01962,-0.1039,105,none
130,S,F,0.104,0.1292,-0.1262,0.0431,0.1235,105,none
130,S,G,0.1172,-0.03631,0.08693,-0.1841,0.1312,105,none
130,S,H,-0.1179,-0.1949,-0.07849,0.07167,-0.8131,105,none
130,S,I,0.06633,-0.02764,0.04673,0.07927,0.2531,105,none
130,S,K,0.008382,-0.02608,0.08896,0.03339,-0.09268,105,none
130,S,L,-0.02311,-0.05917,0.07268,-0.07914,0.7752,105,none
130,S,M,0.1083,-0.0829,0.1386,0.1325,0.1494,105,none
130,S,N,0.1899,-0.07434,-0.256,0.02091,-1.087,105,none
130,S,P,0.007114,-0.1008,-0.06039,-0.09797,0.2257,105,none
130,S,Q,0.1118,-0.2591,-0.05798,0.09002,-0.5761,105,none
130,S,R,0.0406,0.09829,0.158,-0.03578,-0.9801,105,none
130,S,S,0,0,0,0,0,105,none
130,S,T,0.05676,0.1552,0.0549,0.08034,0.08283,105,none
130,S,V,0.1078,0.07707,0.2696,0.2917,0.1708,105,none
130,S,W,0.1251,0.08574,-0.191,-0.04544,-1.188,105,none
130,S,Y,0.1426,0.1202,0.06027,0.06598,-0.373,105,none
131,K,A,-0.01428,-0.7392,-0.2125,-0.1074,-0.3034,106,none
131,K,C,0.07335,0.01371,0.001566,-0.0257,-0.08421,106,none
131,K,D,-0.0684,-0.02588,0.5214,-0.2101,-0.9156,106,none
131,K,E,-0.5684,-0.5329,0.149,-0.4121,-1.208,106,none
131,K,F,0.06822,0.02559,-0.1271,0.1449,0.7474,106,none
131,K,G,0.1871,0.1114,0.08313,-0.292,-0.2069,106,none
131,K,H,0.251,0.07514,0.07547,-0.06682,0.1877,106,none
131,K,I,0.2578,0.5455,0.5022,-0.01589,0.3713,106,none
131,K,K,0,0,0,0,0,106,none
131,K,L,0.03309,-1.167,-0.8247,0.2959,-0.7221,106,none
131,K,M,0.04062,0.2337,0.03034,-0.1795,0.5266,106,none
131,K,N,-0.1543,0.0001398,-0.04009,-0.04999,0.4695,106,none
131,K,P,0.1284,0.01347,-0.1054,0.05096,-0.5116,106,none
131,K,Q,-0.2643,-0.2905,0.2109,0.05534,-0.9011,106,none
131,K,R,-0.02014,-0.1725,-0.1762,0.007458,-0.05035,106,none
131,K,S,0.1842,0.2963,0.06847,-0.03,5.05e-05,106,none
131,K,T,0.0006407,-0.05811,-0.2589,-0.3067,-0.5525,106,none
131,K,V,-0.0411,0.03217,0.06891,0.02531,0.1635,106,none
131,K,W,0.1484,,-0.1016,-0.2428,-0.9148,106,none
131,K,Y,-0.08111,0.0431,-0.1899,0.01626,0.04081,106,none
132,K,A,0.1522,0.05212,0.2717,0.2058,-0.366,107,none
132,K,C,-0.09457,0.4012,-0.1471,-0.01313,-1.046,107,none
132,K,D,0.0002638,-0.01486,-0.08489,0.06223,-0.3987,107,none
132,K,E,0.1212,0.1317,-0.3324,-0.2701,-0.4107,107,none
132,K,F,,,0.06414,,-0.9172,107,none
132,K,G,-0.00569,0.09454,-0.02298,0.09507,0.3305,107,none
132,K,H,-0.1132,0.002089,-0.1806,-0.02781,-0.1511,107,none
132,K,I,0.1467,-0.8312,-0.275,-0.213,-0.5037,107,none
132,K,K,0,0,0,0,0,107,none
132,K,L,-0.2169,-0.1607,0.3924,0.3469,-0.1981,107,none
132,K,M,-0.03408,-0.08766,-0.2011,0.2457,-0.1452,107,none
132,K,N,-0.1175,-0.02608,-0.01894,0.1462,-0.4632,107,none
132,K,P,-0.01246,0.04572,0.02952,0.2146,0.2677,107,none
132,K,Q,-0.109,0.1981,-0.004565,0.01583,-0.3485,107,none
132,K,R,-0.2932,-0.007081,0.07741,-0.1778,0.1417,107,none
132,K,S,0.2304,-0.1696,-0.1521,-0.03585,-0.737,107,none
132,K,T,0.005153,0.05133,0.1275,0.102,-0.2853,107,none
132,K,V,-0.1637,-0.2967,-0.09275,-0.03059,-0.3267,107,none
132,K,W,0.0151,-0.03133,0.1639,0.1018,-0.219,107,none
132,K,Y,0.2654,0.09265,0.1427,0.3388,-0.2794,107,none
133,R,A,,,-0.02059,,-3.477,108,none
133,R,C,0.1605,-0.1193,0.254,-0.7459,-3.433,108,none
133,R,D,,,0.5545,-0.07062,-3.442,108,none
133,R,E,,,-0.006643,,-3.437,108,none
133,R,F,-0.8391,,,-1.023,-3.451,108,none
133,R,G,,,0.257,0.295,-3.398,108,none
133,R,H,0.004754,,,-0.6532,-3.221,108,none
133,R,I,-0.2593,0.4089,-0.1258,-0.1921,-2.998,108,none
133,R,K,-0.105,-0.5661,0.07771,-0.3863,-2.881,108,none
133,R,L,-0.09903,-0.843,-0.2172,-0.1143,-3.071,108,none
133,R,M,,,,,-2.902,108,none
133,R,N,-0.4244,,-0.3087,-0.003786,-3.498,108,none
133,R,P,-0.1327,,-0.1216,,-3.491,108,none
133,R,Q,0.2403,0.2639,-0.1109,-0.5252,-3.417,108,none
133,R,R,0,0,0,0,0,108,none
133,R,S,-0.1919,,-0.02289,,-3.133,108,none
133,R,T,,,,,-3.375,108,none
133,R,V,-0.2477,-0.2628,-0.2584,-0.6441,-2.968,108,none
133,R,W,-0.3973,-0.9391,0.06125,-0.8059,-3.364,108,none
133,R,Y,0.1139,,-0.09895,-0.6366,-3.369,108,none
134,K,A,-0.1113,-0.4517,-0.03185,-0.06472,-0.8125,109,none
134,K,C,0.237,-0.4128,0.3028,-0.2427,-0.984,109,none
134,K,D,0.1494,,,,-0.7661,109,none
134,K,E,0.005378,0.09875,0.09208,0.1226,-0.4417,109,none
134,K,F,-0.0962,-0.02985,-0.04517,0.01847,-1.001,109,none
134,K,G,-0.003322,0.01052,0.04403,0.002376,0.01277,109,none
134,K,H,-0.06331,-0.2943,-0.1846,0.009743,-0.5839,109,none
134,K,I,-0.05317,-0.1167,0.1577,-0.1213,-0.9609,109,none
134,K,K,0,0,0,0,0,109,none
134,K,L,-0.02011,-0.3845,0.2636,-0.2944,-1.123,109,none
134,K,M,0.1698,0.04833,,,-0.6653,109,none
134,K,N,0.07439,-0.0971,0.1519,-0.1205,-0.5556,109,none
134,K,P,0.08114,-0.1559,-0.06241,0.03892,-0.2919,109,none
134,K,Q,,,-0.007716,0.1965,-0.0092,109,none
134,K,R,-0.1007,0.0936,-0.1625,0.1198,0.1598,109,none
134,K,S,-0.2537,-0.1521,0.07017,-0.1981,-0.8165,109,none
134,K,T,-0.1719,0.2395,0.0389,0.00896,-0.965,109,none
134,K,V,-0.05762,0.3705,0.05318,0.07566,-1.439,109,none
134,K,W,0.03742,0.1324,0.05496,-0.1384,-1.8,109,none
134,K,Y,0.3036,0.05806,0.2179,0.103,-0.3113,109,none
135,R,A,,,0.1905,0.09969,-0.7986,110,none
135,R,C,-0.6653,,0.2403,-0.8119,-2.31,110,none
135,R,D,,,,,-3.273,110,none
135,R,E,0.1591,-0.1755,0.413,-0.1187,-1.256,110,none
135,R,F,-0.1199,-0.1318,-0.7636,-1.02,-3.245,110,none
135,R,G,0.3583,-0.04713,-0.1734,0.0004119,-1.417,110,none
135,R,H,,,-0.07675,,-3.373,110,none
135,R,I,0.1814,0.1946,-0.1361,-0.2138,-1.759,110,none
135,R,K,0.006901,-0.04719,-0.269,-0.5196,-0.4698,110,none
135,R,L,-0.6887,-0.7392,-0.253,-0.6284,-2.465,110,none
135,R,M,0.2529,-0.1848,-0.04546,-0.01844,-1.712,110,none
135,R,N,,-1.856,,-1.328,-3.168,110,none
135,R,P,,,,-0.9643,-0.4336,110,none
135,R,Q,0.132,-0.5064,-0.6836,-0.2832,-1.068,110,none
135,R,R,0,0,0,0,0,110,none
135,R,S,-0.0919,-0.4269,-0.1265,0.02735,-1.024,110,none
135,R,T,0.1261,0.03906,0.1369,-0.004808,-0.1667,110,none
135,R,V,0.1529,-0.1085,0.5571,-0.007937,-0.2177,110,none
135,R,W,,,,,-3.478,110,none
135,R,Y,-0.3283,,,-0.04841,-2.102,110,none
136,R,A,,-1.215,-0.3187,-0.482,-3.016,111,none
136,R,C,-0.171,-0.03287,0.08192,,-3.411,111,none
136,R,D,-0.827,-1.623,0.1724,-0.4545,-3.375,111,none
136,R,E,-0.5982,,-0.07485,-0.6061,-2.98,111,none
136,R,G,-0.06723,0.1111,,-0.5999,-2.846,111,none
136,R,H,-0.9175,,0.4083,-0.6018,-2.992,111,none
136,R,I,0.1259,,0.09244,-0.6495,-3.448,111,none
136,R,K,,-0.4818,-0.1662,-1.131,-3.409,111,none
136,R,L,-0.6909,-1.658,0.02648,-1.008,-3.463,111,none
136,R,M,,,,,-3.445,111,none
136,R,N,,,,,-3.132,111,none
136,R,P,-0.1945,,-0.1061,,-3.466,111,none
136,R,Q,-0.7074,-1.063,0.3239,-0.487,-3.504,111,none
136,R,R,0,0,0,0,0,111,none
136,R,S,,,,,-3.26,111,none
136,R,T,-0.6845,-0.9289,-0.1807,-0.81,-3.386,111,none
136,R,V,,,,,-3.373,111,none
136,R,W,-0.1018,-0.8242,-0.2644,0.08638,-3.493,111,none
136,R,Y,-1.047,,-0.07333,-1.049,-3.294,111,none
137,F,A,-0.516,,-0.07881,-0.8889,-3.473,112,none
137,F,C,-0.3483,-0.4786,0.6114,-0.9745,-3.437,112,none
137,F,D,,,,,-3.503,112,none
137,F,E,,,-0.2424,-0.2658,-3.434,112,none
137,F,F,0,0,0,0,0,112,none
137,F,G,-0.2711,,-0.03531,,-3.47,112,none
137,F,H,-0.8053,-1.79,0.1805,-0.392,-3.234,112,none
137,F,I,-0.2104,-0.1512,0.1939,0.2958,-3.172,112,none
137,F,K,-0.7768,-2.008,0.1181,-0.08016,-3.428,112,none
137,F,L,-0.276,-1.809,0.1795,0.5633,-3.298,112,none
137,F,M,0.1316,-1.802,-0.3542,-0.214,-3.208,112,none
137,F,N,-0.7698,-1.545,0.03502,-0.7461,-3.42,112,none
137,F,P,-0.9644,,-0.321,,-3.399,112,none
137,F,Q,,,,,-3.421,112,none
137,F,R,,,-0.3542,,-3.428,112,none
137,F,S,,,-0.08198,,-3.478,112,none
137,F,T,,,,,-3.336,112,none
137,F,V,,,-0.2716,0.02287,-3.371,112,none
137,F,W,,-0.2393,0.6469,-0.2577,-2.929,112,none
137,F,Y,0.009483,-0.7628,-0.06006,-0.6472,-1.777,112,none
138,L,A,,,,,-3.482,113,none
138,L,C,-0.05301,-0.5417,,-0.7503,-3.474,113,none
138,L,D,,,,,-3.172,113,none
138,L,E,,,,,-3.449,113,none
138,L,F,-0.8979,-1.388,-0.1986,-0.3014,-3.247,113,none
138,L,G,-0.8422,-1.542,-0.06108,,-3.423,113,none
138,L,H,,,,,-2.668,113,none
138,L,I,,,-0.08432,-0.8372,-3.404,113,none
138,L,K,,,,,-3.464,113,none
138,L,L,0,0,0,0,0,113,none
138,L,M,0.009427,-0.2487,-0.09329,-0.1677,-0.2596,113,none
138,L,N,-0.6754,,-0.1036,-0.3593,-3.034,113,none
138,L,P,-0.384,-1.893,0.6288,-0.3531,-3.318,113,none
138,L,Q,-0.2063,,-0.04524,,-3.3,113,none
138,L,R,,,,,-3.119,113,none
138,L,S,,-0.4721,0.02115,-0.5737,-3.25,113,none
138,L,T,,,,,-3.42,113,none
138,L,V,-0.6734,,-0.1191,-0.669,-3.311,113,none
138,L,W,-0.7109,-0.7045,-0.5,-0.2969,-1.198,113,none
138,L,Y,,,,-0.8365,-2.434,113,none
139,G,A,0.008638,0.01755,-0.0082,-0.07302,0.1049,114,none
139,G,C,-0.06414,-0.7283,-0.2363,-0.8417,-3.427,114,none
139,G,D,-0.3419,-0.6871,-0.187,-0.4575,-1.224,114,none
139,G,E,-0.386,-0.1916,-0.4298,-0.3328,-2.24,114,none
139,G,F,,,,,-3.166,114,none
139,G,G,0,0,0,0,0,114,none
139,G,H,-0.2333,-0.3474,-0.3692,0.05804,-1.105,114,none
139,G,I,-0.1617,-1.232,0.01257,-0.836,-3.458,114,none
139,G,K,-0.288,-0.6561,-0.009657,-0.5414,-2.649,114,none
139,G,L,,,-0.1826,-1.236,-3.317,114,none
139,G,M,0.0813,-0.8738,-0.466,,-3.359,114,none
139,G,N,-0.3382,-0.3756,-0.3549,-0.7588,-2.577,114,none
139,G,P,-0.6108,-1.499,-0.1633,-0.1825,-3.487,114,none
139,G,Q,-0.2951,-0.218,-0.03631,-0.2769,-0.3908,114,none
139,G,R,-0.02712,-1.6,-0.1504,0.146,-1.986,114,none
139,G,S,-0.1094,-0.2694,-0.09025,0.162,0.1938,114,none
139,G,T,-0.1027,-0.1914,-0.2558,0.3336,-1.398,114,none
139,G,V,-0.5006,-0.8964,-0.008947,-0.6615,-3.317,114,none
139,G,W,-0.5255,,0.2245,,-2.781,114,none
139,G,Y,0.4003,-0.8001,-0.2079,-0.4219,-3.143,114,none
140,F,A,-0.7294,,0.1643,,-3.468,115,none
140,F,C,-1.02,,0.06023,,-3.103,115,none
140,F,D,,,,,-3.495,115,none
140,F,E,0.6976,,-0.07139,,-3.471,115,none
140,F,F,0,0,0,0,0,115,none
140,F,H,,,,,-2.769,115,none
140,F,I,,,,,-3.01,115,none
140,F,K,,,,,-3.212,115,none
140,F,L,-0.4669,-1.532,0.652,-0.1882,-3.434,115,none
140,F,M,-1.104,,-0.2293,,-3.458,115,none
140,F,N,0.01833,,,,-3.484,115,none
140,F,P,,,,,-3.208,115,none
140,F,Q,-0.006631,-0.2751,0.07612,-0.9694,-3.398,115,none
140,F,R,,,,,-3.252,115,none
140,F,S,0.02831,,-0.1155,,-3.466,115,none
140,F,T,,,0.01139,,-3.195,115,none
140,F,V,-0.7117,-1.082,0.2243,-0.7501,-3.416,115,none
140,F,W,0.1969,0.01403,0.04413,-0.1447,-0.9804,115,none
140,F,Y,0.03757,-0.05173,0.4551,-0.1893,-0.1215,115,none
141,L,A,,-1.436,0.1848,-1.013,-3.454,116,none
141,L,C,-0.7709,,,,-3.256,116,none
141,L,D,,,,,-3.413,116,none
141,L,E,-0.7314,,,,-3.425,116,none
141,L,F,-0.1371,-0.5864,-0.2918,-0.7392,-2.622,116,none
141,L,G,-0.4683,,,,-3.5,116,none
141,L,H,-0.5324,-0.1343,-0.0409,-0.6995,-3.482,116,none
141,L,I,,,-0.07785,,-3.367,116,none
141,L,K,-0.4937,,0.3462,,-3.247,116,none
141,L,L,0,0,0,0,0,116,none
141,L,M,-0.2155,-0.1791,-0.2989,-0.4423,-1.566,116,none
141,L,N,,,-0.2281,,-3.457,116,none
141,L,P,,,0.7056,-1.319,-3.539,116,none
141,L,Q,-0.5374,,-0.3509,-1.324,-3.474,116,none
141,L,R,0.8496,,0.5399,-0.2039,-2.613,116,none
141,L,S,1.168,-1.675,0.09229,-0.8285,-3.381,116,none
141,L,T,,,,-0.4506,-3.446,116,none
141,L,V,0.437,-0.31,-0.2507,-0.0003344,-3.286,116,none
141,L,W,0.2016,-0.5475,-0.1752,-0.5273,-1.623,116,none
141,L,Y,0.3075,,-0.1828,-0.7589,-2.15,116,none
142,L,A,,,,,-3.26,117,none
142,L,C,,-1.799,-0.1381,-0.6944,-3.308,117,none
142,L,D,,,,,-3.086,117,none
142,L,E,-0.9045,,0.103,,-3.352,117,none
142,L,F,-0.3117,-1.318,-0.2784,-1.219,-3.475,117,none
142,L,G,,,,,-3.178,117,none
142,L,H,-0.9915,-1.699,0.4462,-0.7795,-3.253,117,none
142,L,I,,,-0.328,-0.1588,-3.382,117,none
142,L,K,-0.04863,,-0.3508,,-3.157,117,none
142,L,L,0,0,0,0,0,117,none
142,L,M,-0.4916,-0.5791,-0.3742,-1.306,-3.119,117,none
142,L,N,,,,,-3.421,117,none
142,L,P,-0.9695,,-0.07973,-0.9193,-3.361,117,none
142,L,Q,,,,,-3.439,117,none
142,L,R,,,,-1.097,-3.018,117,none
142,L,S,-0.5249,,0.6767,,-3.213,117,none
142,L,T,,-0.1947,0.1134,0.1554,-3.391,117,none
142,L,V,-0.07348,-0.7333,-0.178,-1.02,-3.191,117,none
142,L,W,-0.1361,-0.5142,-0.04529,-0.2322,-1.941,117,none
142,L,Y,0.04432,,-0.1913,0.743,-3.445,117,none
143,G,A,0.6272,-1.448,-0.3857,0.307,-3.469,118,none
143,G,C,-0.6188,-1.329,-0.2934,-0.9289,-3.428,118,none
143,G,D,-0.7653,-0.2345,0.2261,-1.224,-3.521,118,none
143,G,E,,,,,-3.301,118,none
143,G,F,,,,,-3.224,118,none
143,G,G,0,0,0,0,0,118,none
143,G,H,1.583,,,,-3.417,118,none
143,G,I,,,0.0677,-0.1132,-3.309,118,none
143,G,K,-0.85,-1.163,-0.04056,,-3.408,118,none
143,G,L,,,,,-3.168,118,none
143,G,M,-0.689,-1.64,-0.6392,-1.1,-3.19,118,none
143,G,N,-0.45,-0.8286,-0.03955,-0.7263,-3.366,118,none
143,G,P,-0.774,,,,-1.022,118,none
143,G,Q,0.1407,-0.7382,0.2156,-0.9303,-3.36,118,none
143,G,R,-0.07852,,0.5035,,-3.022,118,none
143,G,S,-0.847,-0.2463,-0.3124,-0.7031,-3.064,118,none
143,G,T,0.04277,-1.199,-0.1395,-0.5061,-3.378,118,none
143,G,V,0.02751,-1.678,0.6529,-0.2476,-3.425,118,none
143,G,W,,,,,-3.387,118,none
143,G,Y,-1.059,,0.07144,,-3.511,118,none
144,V,A,0.03958,-0.3447,-0.1491,-0.5729,-0.7303,119,none
144,V,C,,,,,-2.433,119,none
144,V,F,-0.8357,-1.533,-0.5566,0.2471,-2.732,119,none
144,V,G,-0.3117,-0.5249,-0.02019,-0.9521,-3.17,119,none
144,V,H,,,,,-3.042,119,none
144,V,I,-0.09427,0.06981,-0.02407,0.2161,-0.6334,119,none
144,V,K,-0.6016,-0.8431,0.1762,,-2.572,119,none
144,V,L,-0.2747,-0.09146,-0.1358,-1.027,-2.05,119,none
144,V,M,-0.1911,-0.1779,-0.5777,0.08536,0.00537,119,none
144,V,N,-0.1766,,,-0.6801,-3.036,119,none
144,V,P,0.4351,,,,-3.417,119,none
144,V,Q,-0.4967,0.5822,-0.05871,-0.1653,-2.422,119,none
144,V,R,,,,,-2.756,119,none
144,V,S,-0.1712,-0.3327,-0.04017,-0.1303,-0.07477,119,none
144,V,T,0.0009704,-0.3824,-0.2669,-0.09918,-0.4975,119,none
144,V,V,0,0,0,0,0,119,none
144,V,W,-0.2627,0.7047,-0.05753,-0.8486,-3.264,119,none
144,V,Y,-0.3368,-0.2207,-0.2583,-0.406,-2.686,119,none
145,G,A,,,,,-3.354,120,none
145,G,C,-0.1885,-0.7996,0.03982,-0.6427,-3.446,120,none
145,G,D,-0.1024,-1.522,0.08433,-0.09069,-3.444,120,none
145,G,E,-0.2044,-1.252,0.668,-0.7483,-3.498,120,none
145,G,F,,,,-0.3669,-3.1,120,none
145,G,G,0,0,0,0,0,120,none
145,G,I,-1.643,,,,-1.933,120,none
145,G,K,,,-0.03381,,-3.368,120,none
145,G,L,,,,,-3.273,120,none
145,G,M,-0.105,-0.5019,0.4773,-1.081,-3.352,120,none
145,G,N,-0.1821,,-0.1143,-0.751,-3.45,120,none
145,G,P,-0.7102,-0.6766,-0.298,-0.6225,-2.47,120,none
145,G,Q,-0.5669,-0.4747,0.2564,-0.811,-3.394,120,none
145,G,R,-0.6414,,,-1.759,-2.888,120,none
145,G,S,-0.3714,-1.308,-0.08542,-0.2164,-3.455,120,none
145,G,T,-1.139,-0.8079,,,-3.493,120,none
145,G,V,-0.5709,-0.2865,-0.3699,-0.4052,-3.462,120,none
145,G,W,-0.4339,0.2483,-0.04246,-1.06,-3.494,120,none
145,G,Y,,,-0.2278,,-3.463,120,none
146,S,A,,,,,-3.061,121,region_V
146,S,C,,,,,-2.562,121,region_V
146,S,D,-0.6909,-1.793,-0.2388,0.2383,-3.124,121,region_V
146,S,E,,,,,-2.325,121,region_V
146,S,F,-0.4825,0.414,0.1895,-0.07494,-2.972,121,region_V
146,S,G,-0.4756,-1.363,0.2333,-0.7311,-3.487,121,region_V
146,S,H,-0.2581,-0.8531,-0.3485,-0.3126,-0.7407,121,region_V
146,S,I,-0.1092,-0.3733,-0.1142,-0.6597,-3.446,121,region_V
146,S,K,,,,-1.87,-0.6979,121,region_V
146,S,L,,,,,-3.396,121,region_V
146,S,M,0.31,-0.1553,-0.003521,-0.07058,-1.726,121,region_V
146,S,N,0.003637,-0.0615,0.1349,0.2809,-0.1715,121,region_V
146,S,P,,,,,-3.051,121,region_V
146,S,Q,,,0.003092,,-3.058,121,region_V
146,S,R,,,,-1.387,-1.412,121,region_V
146,S,S,0,0,0,0,0,121,region_V
146,S,T,-0.5961,-0.6593,-0.1141,-0.6171,-3.019,121,region_V
146,S,V,-0.4794,,,-0.7221,-2.177,121,region_V
146,S,W,0.1727,0.2029,0.06803,0.3092,-2.375,121,region_V
146,S,Y,-0.00813,0.3245,-0.01336,0.07326,-1.973,121,region_V
147,A,A,0,0,0,0,0,122,region_V
147,A,C,,-0.6904,-0.1475,,-2.376,122,region_V
147,A,D,-0.704,-1.503,,-0.3267,-3.224,122,region_V
147,A,E,-0.2887,-0.9102,0.04117,-0.4936,-2.155,122,region_V
147,A,F,-0.7989,-0.5803,0.1864,-0.3704,-3.263,122,region_V
147,A,G,-0.06882,-1.174,0.1195,-0.1433,-3.011,122,region_V
147,A,H,,,0.1109,,-2.66,122,region_V
147,A,I,,-1.35,0.4763,,-1.563,122,region_V
147,A,K,,,,,-2.055,122,region_V
147,A,L,0.6658,,-0.01739,-0.24,-2.982,122,region_V
147,A,M,-0.5302,-1.008,-0.691,-0.738,-3.104,122,region_V
147,A,N,-0.4406,-1.376,-0.1879,-0.2127,-0.8459,122,region_V
147,A,P,,,,-0.881,-3.141,122,region_V
147,A,Q,-0.3074,-1.089,-0.04549,-0.294,-1.274,122,region_V
147,A,R,,,,,-1.979,122,region_V
147,A,S,-0.1085,-0.3349,-0.1646,-0.2604,-0.2366,122,region_V
147,A,T,-0.2568,-0.2421,0.1158,0.00115,-0.3247,122,region_V
147,A,V,-0.1557,-0.4221,0.01657,0.1212,-0.8229,122,region_V
147,A,W,-0.2434,-0.7099,0.227,-0.6738,-2.909,122,region_V
147,A,Y,-0.1101,,0.1641,0.1345,-2.503,122,region_V
148,I,A,0.1014,-0.1062,0.1028,-0.07975,-2.537,123,region_V
148,I,C,,,,,-2.634,123,region_V
148,I,D,,,,,-3.054,123,region_V
148,I,E,-0.1439,,-0.2472,,-3.321,123,region_V
148,I,F,0.3243,0.05885,0.1725,-0.01077,-2.045,123,region_V
148,I,G,-0.3135,-0.935,-0.2347,-0.844,-3.424,123,region_V
148,I,H,,,,,-3.482,123,region_V
148,I,I,0,0,0,0,0,123,region_V
148,I,K,-0.2912,-0.7366,-0.2741,-0.5464,-2.827,123,region_V
148,I,L,-0.005754,-0.09201,0.07845,0.07572,-0.9171,123,region_V
148,I,M,-0.06923,0.3277,-0.06186,-0.07961,-2.218,123,region_V
148,I,N,-0.728,-0.2455,-0.4627,-1.02,-3.489,123,region_V
148,I,P,,,-0.09955,,-3.385,123,region_V
148,I,Q,-0.4323,-1.163,-0.1751,-0.2628,-3.39,123,region_V
148,I,R,-0.5017,0.2854,0.2758,0.3879,-3.223,123,region_V
148,I,S,-0.3991,-0.7432,-0.004688,-0.157,-3.345,123,region_V
148,I,T,-0.6017,-0.6637,-0.188,0.2672,-2.635,123,region_V
148,I,V,0.2362,0.0859,-0.3898,0.08563,0.3645,123,region_V
148,I,W,-0.4704,-0.1621,-0.0164,-0.133,-2.396,123,region_V
148,I,Y,-0.2288,-0.3264,0.0811,-0.1147,-2.832,123,region_V
149,A,A,0,0,0,0,0,124,region_V
149,A,C,0.06768,,-0.151,,-3.397,124,region_V
149,A,D,-0.8419,-0.5026,0.4847,-0.7952,-3.136,124,region_V
149,A,E,,,,,-3.277,124,region_V
149,A,F,-0.8846,-1.252,-0.2319,-0.6641,-3.458,124,region_V
149,A,G,-0.001401,-0.7653,-0.02259,,-3.328,124,region_V
149,A,H,,,,,-3.099,124,region_V
149,A,I,,,,,-3.194,124,region_V
149,A,K,,,,,-3.343,124,region_V
149,A,L,,-0.00905,-0.1614,-0.2432,-3.442,124,region_V
149,A,M,,,,,-3.381,124,region_V
149,A,P,-0.5298,,-0.003821,-0.08741,-3.46,124,region_V
149,A,Q,,,-0.2152,,-3.458,124,region_V
149,A,R,,,,,-3.381,124,region_V
149,A,S,-0.5626,-0.349,-0.6684,-1.638,-3.264,124,region_V
149,A,T,-0.3534,-0.2637,-0.4056,-0.3535,-3.366,124,region_V
149,A,V,-0.04639,-0.6926,0.5896,-0.5437,-3.488,124,region_V
149,A,W,0.9917,-1.015,0.8495,-0.403,-3.256,124,region_V
149,A,Y,,,,,-3.196,124,region_V
150,S,A,-0.02795,-0.1787,-0.0981,0.4186,-0.6429,125,region_V
150,S,C,-0.2645,0.2716,-0.08179,-0.03589,-0.9259,125,region_V
150,S,D,,,-0.05345,,0.5141,125,region_V
150,S,E,-0.8594,-0.5076,,-0.1864,-2.938,125,region_V
150,S,F,,,-0.2258,,-3.374,125,region_V
150,S,G,0.1932,-0.3478,0.01964,0.1166,-3.38,125,region_V
150,S,I,0.3566,-0.2269,-0.3031,-1.115,-2.713,125,region_V
150,S,K,,,,,-1.737,125,region_V
150,S,L,0.2321,-0.07073,-0.2191,-0.6677,-2.42,125,region_V
150,S,M,0.03623,0.1128,0.02388,-0.5218,-1.922,125,region_V
150,S,N,-0.6914,-0.1652,-0.1695,-0.7711,-3.152,125,region_V
150,S,P,-0.02427,-0.9014,0.1851,-0.6918,-3.099,125,region_V
150,S,Q,,,,,-3.242,125,region_V
150,S,R,,,-0.1592,,-0.7063,125,region_V
150,S,S,0,0,0,0,0,125,region_V
150,S,T,0.3718,-0.3448,-0.1689,-0.5924,-3.212,125,region_V
150,S,V,-0.3355,-1.214,-0.2445,,-3.418,125,region_V
150,S,W,-0.1306,-0.1701,0.3282,-0.6422,-3.019,125,region_V
150,S,Y,-0.05462,-0.4448,0.2183,-0.2057,-2.823,125,region_V
151,G,A,-0.753,,0.03031,0.03394,-3.391,126,region_V
151,G,C,-0.06602,-1.171,-0.4926,-0.6636,-3.302,126,region_V
151,G,D,0.392,-1.176,-0.1911,0.1052,-3.36,126,region_V
151,G,E,0.2953,-0.5545,0.4396,-0.09773,-3.309,126,region_V
151,G,F,-0.7427,,,-0.283,-3.197,126,region_V
151,G,G,0,0,0,0,0,126,region_V
151,G,H,-0.7437,-0.5928,0.05465,-0.8929,-3.258,126,region_V
151,G,I,-0.01489,-0.1531,-0.035,0.09381,-2.95,126,region_V
151,G,K,-0.998,-0.1687,-0.3013,-0.05778,-3.194,126,region_V
151,G,L,-0.558,,-0.2824,-0.7421,-2.975,126,region_V
151,G,M,-0.1604,,0.08374,-0.3819,-2.87,126,region_V
151,G,N,-0.6369,,-0.1021,,-3.227,126,region_V
151,G,P,-0.5247,,-0.1442,,-3.354,126,region_V
151,G,Q,-0.6105,,,-0.04709,-3.411,126,region_V
151,G,R,0.07503,,,,-3.354,126,region_V
151,G,S,-0.5103,-0.02876,-0.01716,-0.02533,-3.399,126,region_V
151,G,T,-0.4244,,-0.2689,-0.3144,-3.348,126,region_V
151,G,V,-0.1594,-0.5245,-0.2199,-0.224,-3.322,126,region_V
151,G,W,-0.1343,,-0.8012,-0.6036,-3.027,126,region_V
151,G,Y,,,0.03295,-0.1639,-3.088,126,region_V
152,I,A,-0.2592,0.7113,0.02325,0.06117,-0.4949,127,region_V
152,I,C,-0.3437,-0.01617,0.8007,0.128,-1.301,127,region_V
152,I,D,-0.2824,,-0.1422,-0.3225,-3.046,127,region_V
152,I,E,-0.4634,-0.9815,-0.02897,-0.3715,-2.556,127,region_V
152,I,G,-0.1278,,,,-2.66,127,region_V
152,I,H,0.0188,-0.2346,0.1046,-0.05168,-1.23,127,region_V
152,I,I,0,0,0,0,0,127,region_V
152,I,K,-0.3101,-0.9709,-0.3113,-0.01857,-2.822,127,region_V
152,I,L,0.03537,-0.09093,0.2329,-0.03881,-0.4597,127,region_V
152,I,M,-0.08918,0.3129,0.04709,0.2592,-0.1752,127,region_V
152,I,N,0.2243,-0.3263,0.08454,-0.2227,-2.451,127,region_V
152,I,P,-1.122,,-0.1075,-1.652,-3.378,127,region_V
152,I,Q,-0.3438,,0.1502,-0.03975,-1.914,127,region_V
152,I,R,-0.9633,,0.1034,0.2073,-2.197,127,region_V
152,I,S,-0.3876,-0.03911,-0.1632,0.3339,-2.574,127,region_V
152,I,T,-0.2394,0.1189,-0.09633,0.1682,-0.7125,127,region_V
152,I,V,-0.1247,-0.1936,0.0197,-0.3687,-0.7909,127,region_V
152,I,W,0.315,,0.009684,0.4144,0.3999,127,region_V
152,I,Y,-0.1377,-0.01025,0.07343,0.006651,-0.5577,127,region_V
153,A,A,0,0,0,0,0,128,region_V
153,A,C,-0.1579,,-0.124,,-3.003,128,region_V
153,A,D,0.2445,-1.803,0.06661,-1.363,-3.01,128,region_V
153,A,E,,,-0.3905,,-3.423,128,region_V
153,A,F,-0.08876,-0.05034,-0.2681,0.04,-3.096,128,region_V
153,A,G,-0.6381,-1.328,-0.2863,-0.9204,-2.298,128,region_V
153,A,H,,,,,-3.351,128,region_V
153,A,I,-0.8059,-0.0565,0.0003321,-0.03762,-2.889,128,region_V
153,A,K,-0.6669,-1.01,-0.176,-0.5015,-2.76,128,region_V
153,A,L,-0.5873,0.1053,-0.7187,-0.8856,-3.468,128,region_V
153,A,M,0.1176,-1.481,-0.07917,-0.1999,-3.424,128,region_V
153,A,N,-0.4731,,-0.2529,-0.677,-3.029,128,region_V
153,A,P,-0.6703,,-0.1249,-0.4952,-3.143,128,region_V
153,A,Q,,,-0.05627,,-3.043,128,region_V
153,A,R,,,,,-2.909,128,region_V
153,A,S,0.02932,-0.06605,0.03227,-0.1755,-0.1572,128,region_V
153,A,T,-0.02483,-0.02111,-0.2172,-0.4923,-1.026,128,region_V
153,A,V,-0.2148,0.4754,-0.02154,-0.483,-2.383,128,region_V
153,A,W,-0.1162,0.05574,-0.1752,-0.7815,-2.898,128,region_V
153,A,Y,-0.1305,-0.05976,-0.3527,-1.163,-2.729,128,region_V
154,V,A,,-1.164,,,-3.141,129,region_V
154,V,C,-0.01227,0.009299,0.1871,-0.08511,-0.8045,129,region_V
154,V,D,-0.7233,-1.07,-0.003996,-0.919,-3.245,129,region_V
154,V,E,-0.2294,-1.321,-0.2326,-0.08816,-3.168,129,region_V
154,V,F,-0.4577,-1.034,-0.191,0.0254,-3.371,129,region_V
154,V,G,-0.7361,-0.4918,-0.1968,-0.1971,-3.228,129,region_V
154,V,H,-0.4958,-0.3882,-0.2034,-0.639,-2.553,129,region_V
154,V,I,0.08147,-0.2739,0.05456,-0.04529,0.3632,129,region_V
154,V,K,-0.2878,-0.556,-0.01032,-0.4158,-3.193,129,region_V
154,V,L,-0.1064,0.294,-0.1278,-0.8613,-1.883,129,region_V
154,V,M,-0.1012,-0.4834,0.04497,-0.3006,-3.41,129,region_V
154,V,N,-0.3018,-1.27,0.5834,,-2.917,129,region_V
154,V,P,,,,,-3.102,129,region_V
154,V,Q,,-1.427,-0.2137,,-1.354,129,region_V
154,V,R,0.1198,-1.124,-0.454,-0.1544,-3.213,129,region_V
154,V,S,,-0.1079,-0.3162,-0.0416,-2.849,129,region_V
154,V,T,-0.1226,-0.1568,-0.01719,-0.1238,-2.248,129,region_V
154,V,V,0,0,0,0,0,129,region_V
154,V,W,0.04974,-0.4502,-0.2158,0.379,-3.16,129,region_V
154,V,Y,0.4842,,,0.05487,-3.125,129,region_V
155,S,A,0.006189,0.1739,-0.1102,0.1539,0.2868,130,region_V
155,S,C,,,-0.6199,,-2.462,130,region_V
155,S,D,-0.1051,-0.424,0.04102,-0.0753,-3.381,130,region_V
155,S,E,,,,,-2.641,130,region_V
155,S,F,0.01469,-0.6805,-0.388,-0.1803,-3.272,130,region_V
155,S,G,-0.01962,-0.1674,0.5564,-0.4435,-1.372,130,region_V
155,S,H,,,,-0.6585,-3.13,130,region_V
155,S,I,,,,,-2.765,130,region_V
155,S,K,-0.0838,-0.3624,-0.04048,-0.2115,-1.562,130,region_V
155,S,M,-0.1589,0.2337,0.2286,0.03717,-1.409,130,region_V
155,S,N,,0.1259,0.1642,-0.3779,-2.369,130,region_V
155,S,P,0.3891,0.2777,-0.01596,0.1065,-3.311,130,region_V
155,S,R,,,-0.01791,,-1.339,130,region_V
155,S,S,0,0,0,0,0,130,region_V
155,S,T,-0.02049,-0.2306,-0.2868,-0.09314,-1.673,130,region_V
155,S,V,-0.1515,-0.3083,-0.2359,-0.4793,-2.169,130,region_V
155,S,W,,,,,-2.844,130,region_V
155,S,Y,0.02841,-0.6164,-0.5818,-0.5998,-3.314,130,region_V
156,K,A,-0.2169,-0.8127,-0.07614,-0.531,-2.258,131,region_V
156,K,C,-0.04723,-0.7058,0.1165,-0.2828,-2.983,131,region_V
156,K,D,-0.1326,,0.02769,,-2.633,131,region_V
156,K,E,-0.4166,,-0.2033,,-2.122,131,region_V
156,K,F,-0.5749,-0.2018,0.1541,-0.05204,-3.093,131,region_V
156,K,G,-0.08718,-0.481,-0.07735,0.0002412,-2.017,131,region_V
156,K,H,-0.287,,-0.02086,,-0.7868,131,region_V
156,K,I,-1.257,-0.4442,0.2843,-0.6573,-2.843,131,region_V
156,K,K,0,0,0,0,0,131,region_V
156,K,L,-0.4285,-0.8732,-0.3103,-0.6727,-3.09,131,region_V
156,K,M,-0.1434,-0.2366,0.0428,0.3579,-2.439,131,region_V
156,K,N,-0.2226,0.02632,-0.09161,0.2889,-0.6377,131,region_V
156,K,P,-0.4971,-0.1115,0.3484,-0.3466,-3.233,131,region_V
156,K,Q,0.008841,,-0.169,,-0.5467,131,region_V
156,K,R,0.2034,0.2105,0.01751,0.4724,-0.2328,131,region_V
156,K,S,-0.2887,-0.3837,-0.05502,0.4217,-0.8388,131,region_V
156,K,T,-0.4037,-1.629,-0.1641,,-1.239,131,region_V
156,K,V,-0.2472,,-0.04854,,-3.223,131,region_V
156,K,W,-0.1604,-0.5896,0.08457,-0.8688,-3.106,131,region_V
156,K,Y,0.1337,-0.1975,0.4209,-0.0614,-2.009,131,region_V
157,V,A,-0.005956,-0.3089,0.05548,0.1443,0.438,132,region_V
157,V,C,-0.1875,-0.008248,-0.04147,-0.1684,0.6259,132,region_V
157,V,D,-0.1503,0.2247,0.08615,0.1672,-1.529,132,region_V
157,V,E,-0.1591,-0.5796,-0.1323,0.03177,-2.792,132,region_V
157,V,F,,-0.9691,,-1.108,-3.407,132,region_V
157,V,G,-0.04113,-0.5062,-0.09069,-0.3195,-1.161,132,region_V
157,V,H,-0.6427,-0.6864,0.349,-0.9638,-3.462,132,region_V
157,V,I,0.1433,-0.594,-0.1478,-0.02758,-2.491,132,region_V
157,V,K,-0.588,,-0.4198,-1.591,-3.462,132,region_V
157,V,L,-0.4948,-1.548,1.084,0.3089,-3.222,132,region_V
157,V,M,-0.3767,-0.2426,-0.4786,-0.429,-3.478,132,region_V
157,V,N,-0.2148,0.04805,0.07854,-0.6029,-0.8178,132,region_V
157,V,P,,,,,-3.412,132,region_V
157,V,Q,,,-0.6624,-0.2842,-2.641,132,region_V
157,V,R,-1.212,-1.521,-0.2811,,-3.519,132,region_V
157,V,S,-0.3754,0.08718,-0.305,-0.08091,0.0842,132,region_V
157,V,T,0.05754,-0.3472,-0.142,0.1183,-0.4575,132,region_V
157,V,V,0,0,0,0,0,132,region_V
157,V,W,,,-0.353,,-3.425,132,region_V
157,V,Y,-0.5508,,-0.2302,0.2058,-3.443,132,region_V
158,L,L,0,0,0,0,0,133,region_V
158,L,M,-0.3717,-0.0695,-0.07076,,-1.742,133,region_V
158,L,P,-0.06947,,0.1537,-0.3829,-2.85,133,region_V
159,H,A,0.04537,-0.0056,0.1024,0.3778,1.1,134,region_V
159,H,C,-0.1592,0.1158,0.5767,0.2944,-0.3517,134,region_V
159,H,D,0.109,-0.4296,-0.4378,-0.3731,-1.57,134,region_V
159,H,F,0.008809,0.06937,-0.04856,0.01216,0.1221,134,region_V
159,H,G,0.02985,,-0.202,0.1931,0.0523,134,region_V
159,H,H,0,0,0,0,0,134,region_V
159,H,I,0.1719,0.2807,-0.5111,0.02392,0.492,134,region_V
159,H,K,0.167,0.177,-0.03495,,-0.6375,134,region_V
159,H,L,0.1152,0.203,0.2066,0.5598,1.013,134,region_V
159,H,M,-0.1454,0.3015,0.002805,-0.1398,0.2027,134,region_V
159,H,N,-0.1169,0.5866,0.02811,0.1178,-0.106,134,region_V
159,H,P,,,,,-3.07,134,region_V
159,H,Q,-0.1256,0.2713,0.4425,0.2423,-0.2051,134,region_V
159,H,R,-0.018,-0.05418,-0.122,0.1796,-1.003,134,region_V
159,H,S,-0.1745,0.274,0.106,0.2608,-0.3422,134,region_V
159,H,T,0.1865,0.003826,0.2248,-0.2172,0.1938,134,region_V
159,H,V,0.1563,0.3553,0.06426,0.4142,0.5654,134,region_V
159,H,W,-0.1688,-0.2083,0.4244,-0.01144,-0.2657,134,region_V
159,H,Y,0.1091,0.01103,-0.2653,0.04984,0.8121,134,region_V
160,L,A,0.02444,-0.2504,-0.07457,-0.07104,-0.1191,135,region_V
160,L,C,-0.2347,-0.3764,0.1474,-0.06116,-2.467,135,region_V
160,L,D,0.2194,,-0.2311,-0.3718,-2.651,135,region_V
160,L,E,-0.2192,-0.6702,0.03311,-0.04331,-1.639,135,region_V
160,L,F,-0.1249,,-0.1088,-0.07274,-0.9132,135,region_V
160,L,G,0.2211,-0.5396,-0.1646,-0.5753,-2.256,135,region_V
160,L,H,-0.3199,,-0.1408,-0.2028,-1.79,135,region_V
160,L,I,0.07129,0.01203,-0.0915,-0.4736,-0.3898,135,region_V
160,L,K,-0.4273,-1.219,-0.2184,-0.1923,-2.148,135,region_V
160,L,L,0,0,0,0,0,135,region_V
160,L,M,-0.08001,0.1215,-0.2215,0.04624,-0.3176,135,region_V
160,L,N,-0.1696,-0.1446,0.2505,-0.01294,-0.6119,135,region_V
160,L,P,0.02139,0.07007,0.4093,-0.3491,-3.173,135,region_V
160,L,Q,-0.06543,0.6222,-0.1618,-0.08071,-0.8376,135,region_V
160,L,R,-0.1495,-1.29,-0.175,-0.4429,-2.795,135,region_V
160,L,S,-0.5365,0.1173,0.09844,-0.4222,-1.639,135,region_V
160,L,T,-0.2743,-0.221,0.08685,-0.246,-1.138,135,region_V
160,L,V,0.1105,-0.1815,0.03172,-0.304,0.2402,135,region_V
160,L,W,-0.2004,-0.9039,-0.08389,-0.06223,-1.371,135,region_V
160,L,Y,-0.08204,-0.2211,-0.01158,-0.2174,-0.8373,135,region_V
161,E,A,0.03553,-0.4872,-0.08528,0.09809,-0.7143,136,region_V
161,E,C,-0.05448,-0.08659,-0.02431,-0.5423,-3.096,136,region_V
161,E,D,-0.1456,-0.2175,0.02364,-0.5239,-0.1835,136,region_V
161,E,E,0,0,0,0,0,136,region_V
161,E,F,-0.7186,-1.746,0.1664,-0.9256,-3.05,136,region_V
161,E,G,-0.05936,-0.3879,-0.01134,0.09213,-0.5896,136,region_V
161,E,H,0.2084,0.02406,0.2206,-0.004803,0.0051,136,region_V
161,E,I,-0.2862,-0.4405,-0.08717,-0.1828,-3.328,136,region_V
161,E,K,0.2762,0.04609,0.02899,0.8926,-0.8383,136,region_V
161,E,M,-0.09572,-0.4077,-0.3222,-0.8927,-2.893,136,region_V
161,E,N,-0.1553,-0.05201,-0.08113,0.2572,-1.048,136,region_V
161,E,P,0.1247,-0.3451,0.05022,-0.1059,-1.099,136,region_V
161,E,Q,-0.3804,-0.9237,0.4423,0.4292,-0.1127,136,region_V
161,E,R,0.000267,-0.1496,0.0103,0.5408,-1.768,136,region_V
161,E,S,0.1462,0.037,0.05562,0.1543,0.1905,136,region_V
161,E,T,0.1426,-0.5263,0.1538,-0.06176,-0.8416,136,region_V
161,E,V,-0.04548,0.2252,0.3224,-0.5662,-2.186,136,region_V
161,E,W,-0.4219,-0.06469,0.1397,-0.3634,-3.265,136,region_V
161,E,Y,,,,,-1.179,136,region_V
162,G,A,0.1018,-0.1619,0.07941,0.09896,-0.6329,137,region_V
162,G,C,0.02343,-1.348,-0.1076,0.03376,-3.406,137,region_V
162,G,D,-0.3444,-0.1492,-0.08158,-0.8081,-1.352,137,region_V
162,G,E,-0.1563,0.1227,0.2893,-0.1548,-1.672,137,region_V
162,G,F,-0.2036,-0.2848,-0.07438,-0.4128,-2.276,137,region_V
162,G,G,0,0,0,0,0,137,region_V
162,G,H,0.07819,0.3616,-0.2021,-0.1413,-0.9877,137,region_V
162,G,K,-0.01346,-1.52,-0.0818,0.3364,-1.292,137,region_V
162,G,L,-0.3071,-1.883,-0.2913,-0.9234,-2.419,137,region_V
162,G,M,0.06833,-0.2304,-0.0136,-0.5885,-1.862,137,region_V
162,G,N,-0.07425,0.0371,0.2171,0.05933,-0.7514,137,region_V
162,G,P,-0.05962,0.08872,-0.04521,-0.5006,-2.526,137,region_V
162,G,Q,0.2057,-0.5048,-0.02981,-0.2945,-1.47,137,region_V
162,G,R,-0.1156,-0.1393,0.2566,0.04829,-1.793,137,region_V
162,G,S,0.1024,-0.1554,-0.08842,-0.3272,-1.051,137,region_V
162,G,T,-0.1625,,0.05021,,-1.72,137,region_V
162,G,V,-0.2272,-0.1751,-0.6346,-0.6267,-2.869,137,region_V
162,G,W,-0.1919,0.1375,-0.02808,-0.3892,-3.398,137,region_V
162,G,Y,-0.0474,-0.5182,-0.02613,-0.5559,-2.194,137,region_V
163,E,A,0.2052,0.08817,0.2334,-0.02794,-2.348,138,region_V
163,E,C,-0.04615,-1.72,-0.1619,-0.4023,-3.269,138,region_V
163,E,D,-0.08824,0.01049,0.04116,-0.2087,-1.953,138,region_V
163,E,E,0,0,0,0,0,138,region_V
163,E,F,0.003953,-0.9111,0.3123,-0.5107,-2.888,138,region_V
163,E,G,-0.3881,-0.3293,0.01007,-0.4754,-3.19,138,region_V
163,E,H,-0.4596,-0.2413,0.9775,-0.4658,-2.845,138,region_V
163,E,I,-0.4825,,-0.1938,,-3.455,138,region_V
163,E,K,-0.8215,-0.2643,0.1286,-0.7077,-3.308,138,region_V
163,E,L,0.3796,-1.437,0.06663,-0.2366,-3.093,138,region_V
163,E,M,-0.004143,-1.056,0.009295,-0.8118,-3.433,138,region_V
163,E,N,-0.1173,-0.06141,0.05868,0.5689,-2.813,138,region_V
163,E,P,0.0445,,0.6839,0.1529,-3.003,138,region_V
163,E,Q,0.2451,-0.3279,0.2625,0.007002,-1.614,138,region_V
163,E,R,-0.6832,-0.3731,0.1996,-0.8806,-3.369,138,region_V
163,E,S,0.2593,-0.0797,-0.1242,1.298,-0.6547,138,region_V
163,E,T,0.2273,-0.5879,0.06658,-0.01303,-2.865,138,region_V
163,E,V,-0.5383,-1.601,0.0384,-0.01829,-3.359,138,region_V
163,E,W,-0.06377,-1.023,-0.2884,-0.1196,-3.105,138,region_V
163,E,Y,-0.4586,-0.8351,0.231,0.1258,-3.359,138,region_V
164,V,A,-0.1298,0.05337,0.1159,-0.5304,0.2811,139,region_V
164,V,C,,,-0.2675,,-2.412,139,region_V
164,V,D,-0.2596,-0.06535,-0.1714,-0.08049,-3.308,139,region_V
164,V,E,,,-0.09125,-0.00421,-3.005,139,region_V
164,V,F,-0.1315,0.2134,0.1315,-0.5012,-3.281,139,region_V
164,V,G,-1.28,-0.2824,-0.1248,-1.154,-3.025,139,region_V
164,V,H,-0.2915,-0.1514,-0.02595,0.07523,-2.407,139,region_V
164,V,I,-0.2095,-0.1258,0.2327,-0.8829,-0.7134,139,region_V
164,V,K,-0.4779,-0.6155,-0.4573,-0.06703,-3.173,139,region_V
164,V,L,-0.1158,-0.008377,0.2647,-0.0274,-1.553,139,region_V
164,V,M,0.08036,-0.458,0.1067,-0.5684,-2.614,139,region_V
164,V,N,-0.5698,-0.3333,0.07429,-0.3421,-3.178,139,region_V
164,V,P,,,-0.08541,,-3.32,139,region_V
164,V,Q,,,-0.2008,-0.538,-3.232,139,region_V
164,V,R,-0.6512,-0.08401,-0.03464,-1.197,-3.26,139,region_V
164,V,S,-0.2672,,0.009403,0.1416,-1.478,139,region_V
164,V,T,-0.1593,-0.5283,0.1414,-0.2627,-1.191,139,region_V
164,V,V,0,0,0,0,0,139,region_V
164,V,W,0.07954,-1.262,-0.1371,0.3074,-3.502,139,region_V
164,V,Y,-0.7225,-0.06685,-0.2684,-0.478,-2.888,139,region_V
165,N,A,-0.07136,-0.1559,-0.187,0.2247,-0.7765,140,region_V
165,N,C,-0.1673,0.04477,-0.03064,-0.3942,-0.02954,140,region_V
165,N,D,,,,,-0.1915,140,region_V
165,N,E,0.04611,-0.4238,0.07812,-0.2072,-0.4564,140,region_V
165,N,F,0.0756,0.03585,-0.15,0.3157,-0.969,140,region_V
165,N,G,0.2002,-0.0653,0.1387,-0.03299,-0.4379,140,region_V
165,N,H,-0.1294,0.01361,0.2869,0.2161,0.134,140,region_V
165,N,I,-0.4337,-0.3062,0.2592,,-0.9261,140,region_V
165,N,K,-0.01454,-0.6807,-0.03537,0.1183,-1.484,140,region_V
165,N,L,-0.04196,-0.002628,0.01926,-0.1069,0.25,140,region_V
165,N,M,0.263,-0.02945,-0.1927,-0.08898,-0.0084,140,region_V
165,N,N,0,0,0,0,0,140,region_V
165,N,P,0.01783,-0.8263,-0.1309,,-0.4135,140,region_V
165,N,Q,-0.1218,0.08358,0.005254,0.07236,0.2006,140,region_V
165,N,R,0.1739,0.00526,0.07504,0.01335,-0.3443,140,region_V
165,N,S,0.2078,-0.3434,-0.1711,-0.05452,-0.1392,140,region_V
165,N,T,0.1325,-0.3997,-0.01029,-0.1228,0.1935,140,region_V
165,N,V,,,,,-0.5718,140,region_V
165,N,W,0.154,-0.4424,-0.03507,-0.5727,-0.3657,140,region_V
165,N,Y,0.03454,0.09474,0.1228,-0.07597,0.2791,140,region_V
166,K,C,,-0.1606,,-0.6707,-3.054,141,region_V
166,K,D,0.6265,-0.1679,-0.1527,0.1967,-2.963,141,region_V
166,K,E,-0.614,-0.02255,0.07407,-0.035,-3.271,141,region_V
166,K,F,-0.1997,-0.4167,-0.175,0.0228,-3.291,141,region_V
166,K,G,-0.3257,-0.2871,1.12,-0.04389,-3.191,141,region_V
166,K,H,-0.2294,-1.044,0.05152,-0.1011,-0.8586,141,region_V
166,K,I,-0.1289,-0.321,-0.1683,-0.177,-2.27,141,region_V
166,K,K,0,0,0,0,0,141,region_V
166,K,L,0.04209,-0.2531,-0.03938,-0.2186,-2.203,141,region_V
166,K,M,0.5341,-0.1302,0.04205,-0.3504,-2.536,141,region_V
166,K,N,0.1463,0.2346,-0.3296,-0.3292,-1.055,141,region_V
166,K,P,0.01913,,-0.2697,-0.3796,-2.982,141,region_V
166,K,Q,-0.02448,0.219,-0.1303,-0.2633,-1.635,141,region_V
166,K,R,0.06804,0.1761,-0.1223,-0.683,-2.003,141,region_V
166,K,S,-0.5863,-0.6275,-0.1819,-0.803,-2.256,141,region_V
166,K,T,-0.01432,-0.3787,0.3111,-0.1349,-1.561,141,region_V
166,K,V,0.1091,-0.3269,-0.1053,-0.09466,-1.873,141,region_V
166,K,W,-0.1875,-1.219,0.01881,-0.4388,-2.645,141,region_V
166,K,Y,-0.02545,0.02063,,-0.8444,-3.16,141,region_V
167,I,A,-0.2095,-0.5931,-0.1334,-0.5111,-3.168,142,region_V
167,I,C,-0.4907,,,,-3.288,142,region_V
167,I,D,,,,-0.6698,-3.195,142,region_V
167,I,E,0.2587,-1.244,0.3453,-0.5324,-3.169,142,region_V
167,I,F,-0.2176,-0.5506,-0.1561,-0.2517,-1.687,142,region_V
167,I,H,-0.3509,-0.004817,-0.1188,,-2.896,142,region_V
167,I,I,0,0,0,0,0,142,region_V
167,I,K,,-1.516,-0.2761,-0.7348,-3.126,142,region_V
167,I,L,-0.2094,0.04155,-0.09797,-0.01916,-0.09124,142,region_V
167,I,M,0.1814,0.1858,0.2573,-0.3089,-1.649,142,region_V
167,I,N,-0.2332,,-0.1276,-0.1852,-2.478,142,region_V
167,I,P,-0.613,,,,-3.242,142,region_V
167,I,Q,-0.1296,-0.09624,0.1065,-0.3094,-2.822,142,region_V
167,I,R,-0.1773,0.187,-0.06005,0.06891,-3.131,142,region_V
167,I,S,-0.4756,0.2622,0.02639,0.1618,-3.147,142,region_V
167,I,T,-0.1445,,7.122e-05,0.04432,-3.059,142,region_V
167,I,V,-0.3099,-0.4638,-0.1175,0.1962,-0.2784,142,region_V
167,I,W,-0.5302,0.355,-0.03982,-1.111,-2.962,142,region_V
167,I,Y,-0.04088,-1.791,-0.008017,-0.1338,-3.231,142,region_V
168,K,A,-0.1103,-0.4903,0.1941,-0.2371,-1.327,143,region_V
168,K,C,0.2895,0.1549,0.5627,-0.1803,-1.702,143,region_V
168,K,D,0.07583,-0.04959,0.06983,-0.6205,-3.186,143,region_V
168,K,E,0.1408,0.03799,0.394,0.01773,-1.312,143,region_V
168,K,F,,-0.2301,0.2953,,-3.325,143,region_V
168,K,G,-0.345,-0.9286,-0.1846,-0.2234,-2.657,143,region_V
168,K,H,-0.3088,-0.2638,-0.04141,-0.02804,0.0701,143,region_V
168,K,I,-0.1321,0.3939,0.3002,0.6851,-2.562,143,region_V
168,K,K,0,0,0,0,0,143,region_V
168,K,L,-0.4758,-0.9411,0.2612,-0.4951,-2.524,143,region_V
168,K,M,-0.1985,0.6388,-0.1729,-0.4427,-2.062,143,region_V
168,K,N,-0.1037,0.263,0.277,0.1735,-0.979,143,region_V
168,K,P,-0.3146,-0.3145,-0.1726,,-2.933,143,region_V
168,K,Q,-0.1342,0.09597,-0.09297,0.1762,-0.9416,143,region_V
168,K,R,0.1503,-0.3059,0.2077,0.02718,-1.163,143,region_V
168,K,S,0.177,0.115,0.4218,-0.1345,-0.9366,143,region_V
168,K,T,-0.5183,,-0.03599,-0.03016,-0.8857,143,region_V
168,K,V,0.3349,0.2505,0.04857,-0.1517,-1.78,143,region_V
168,K,W,-0.6637,-0.2671,-0.2361,0.1748,-2.995,143,region_V
168,K,Y,0.1298,0.1085,-0.01286,0.8031,-2.335,143,region_V
169,S,A,-0.0818,0.341,-0.02319,0.1921,0.4784,144,region_V
169,S,C,-0.4472,-1.884,-0.07191,-1.201,-3.39,144,region_V
169,S,D,0.1228,0.3989,-0.0769,-0.05554,0.4881,144,region_V
169,S,E,0.1573,0.1863,-0.00827,-0.3698,0.5609,144,region_V
169,S,F,-0.01603,0.04526,0.04252,0.4407,0.5522,144,region_V
169,S,G,-0.118,-0.5964,0.04013,-0.04114,-0.2914,144,region_V
169,S,H,-0.0001704,-0.263,-0.0274,0.06062,-0.07627,144,region_V
169,S,I,-0.01225,-0.8472,-0.1726,-0.1687,-1.008,144,region_V
169,S,K,0.07172,0.1399,0.08509,-0.009311,-0.2164,144,region_V
169,S,L,0.05057,0.0631,-0.1282,0.1727,-0.05511,144,region_V
169,S,M,-0.1316,0.07068,-0.273,0.1777,-0.1569,144,region_V
169,S,N,-0.02363,0.04033,0.03312,-0.06506,-0.05079,144,region_V
169,S,P,0.2005,-1.005,-0.4824,0.1263,-3.022,144,region_V
169,S,Q,0.1107,0.04033,0.1294,-0.1374,0.2849,144,region_V
169,S,R,-0.09701,-0.09697,0.4857,0.04258,-0.4447,144,region_V
169,S,S,0,0,0,0,0,144,region_V
169,S,T,-0.04339,-0.5402,-0.07805,-0.01781,-0.2404,144,region_V
169,S,V,0.03885,-1.158,0.01577,0.004758,-0.2248,144,region_V
169,S,W,0.08264,-0.1719,0.1992,0.01712,-1.253,144,region_V
169,S,Y,0.1041,-0.05013,0.08757,0.1161,0.08629,144,region_V
170,A,A,0,0,0,0,0,145,region_V
170,A,C,0.3183,-0.2766,-0.2472,-0.1366,-2.245,145,region_V
170,A,D,-0.4702,-1.359,-0.06236,-0.7159,-3.087,145,region_V
170,A,E,0.1477,-1.001,0.1783,-0.7949,-2.998,145,region_V
170,A,F,0.02826,-0.1866,0.239,-0.5132,-3.219,145,region_V
170,A,G,0.3723,-0.5791,-0.197,,-0.6463,145,region_V
170,A,H,-0.3254,-0.4954,0.1536,0.06831,-1.875,145,region_V
170,A,I,-0.4686,-0.6882,-0.2286,-0.1024,-2.858,145,region_V
170,A,K,0.04924,-0.3895,-0.1156,-0.5339,-2.424,145,region_V
170,A,L,0.1086,-0.1632,0.3328,-0.7654,-2.889,145,region_V
170,A,M,0.1191,-0.09957,0.0435,-0.157,-1.905,145,region_V
170,A,N,-0.518,-0.5036,-0.1303,-0.1632,-2.021,145,region_V
170,A,P,-0.1119,,-0.1761,-0.9111,-3.477,145,region_V
170,A,Q,-0.1726,-0.2187,-0.5176,-0.3515,-1.669,145,region_V
170,A,R,-0.1265,-0.827,-0.2713,-1.333,-1.711,145,region_V
170,A,S,-0.3247,-0.08843,-0.02484,-0.8734,-0.3988,145,region_V
170,A,T,-0.3587,0.06432,-0.06948,-0.4541,-2.26,145,region_V
170,A,V,0.1335,-0.7422,-0.3441,-0.3593,-2.031,145,region_V
170,A,W,,,-0.3596,,-3.292,145,region_V
170,A,Y,0.1833,-1.091,0.1317,-0.6626,-2.958,145,region_V
171,L,A,-0.17,0.0283,0.3185,-0.02093,-3.213,146,region_V
171,L,C,,,0.428,,-3.162,146,region_V
171,L,D,0.06648,-0.06006,0.1759,-0.08066,-3.231,146,region_V
171,L,E,,,,,-3.053,146,region_V
171,L,F,-0.1755,-0.221,0.01037,-0.7435,-2.655,146,region_V
171,L,G,-0.6072,,0.3076,-0.1366,-3.24,146,region_V
171,L,H,-0.03217,0.08768,-0.6767,0.1585,-2.635,146,region_V
171,L,I,0.2096,0.1108,0.07769,0.2007,-0.6731,146,region_V
171,L,K,-0.2947,-0.006492,-0.0158,-0.1886,-3.082,146,region_V
171,L,L,0,0,0,0,0,146,region_V
171,L,M,0.02201,-0.08826,-0.0555,0.002742,-0.5612,146,region_V
171,L,N,,,0.07515,,-3.293,146,region_V
171,L,P,-0.4189,,-0.3502,-0.9924,-2.856,146,region_V
171,L,Q,-0.07652,-0.2914,-0.08557,-0.5424,-1.486,146,region_V
171,L,R,-0.5958,,-0.04388,-0.7118,-3.471,146,region_V
171,L,S,,,-0.1755,,-3.356,146,region_V
171,L,T,-0.0506,0.06581,0.01501,0.01323,-0.2268,146,region_V
171,L,V,-0.04676,-0.1856,0.007934,0.11,-0.6723,146,region_V
171,L,W,-0.4802,0.0549,-0.2011,0.06573,-3.168,146,region_V
171,L,Y,-0.6582,-0.4066,-0.1207,-0.7444,-3,146,region_V
172,L,A,-0.163,-0.04001,-0.2,0.07742,0.1864,147,region_V
172,L,C,-0.16,-0.7954,0.1383,0.09895,-0.9893,147,region_V
172,L,D,-0.01713,0.01303,0.03942,0.251,-0.0032,147,region_V
172,L,E,0.07862,0.06785,-0.1986,-0.02457,-0.1038,147,region_V
172,L,F,0.0229,0.1625,-0.4472,-0.1524,-0.2263,147,region_V
172,L,G,0.09581,0.1949,0.1463,-0.1233,-0.0652,147,region_V
172,L,H,0.06313,0.07333,-0.04859,-0.002387,0.1352,147,region_V
172,L,I,0.1119,-0.2317,0.01413,0.04176,-0.06112,147,region_V
172,L,K,0.2621,-0.09686,-0.1307,0.05965,-0.01163,147,region_V
172,L,L,0,0,0,0,0,147,region_V
172,L,M,0.03918,0.188,0.01373,0.02235,0.4148,147,region_V
172,L,N,0.7766,-0.1853,0.02728,-0.4407,-2.324,147,region_V
172,L,P,-0.01442,0.07364,-0.1726,-0.1055,-3.24,147,region_V
172,L,Q,-0.05477,-0.4253,0.3234,0.02355,-0.6977,147,region_V
172,L,R,0.1218,-0.07906,0.03386,-0.04634,-0.6191,147,region_V
172,L,S,-0.1459,-0.2799,0.2259,0.06034,0.2216,147,region_V
172,L,T,-0.04361,-0.2201,-0.1339,-0.1201,-0.2253,147,region_V
172,L,V,0.1849,0.05652,0.1245,0.07924,0.738,147,region_V
172,L,W,0.2703,-0.6015,-0.3751,,0.1613,147,region_V
172,L,Y,-0.106,-0.2037,-0.1068,-0.01891,-0.5737,147,region_V
173,S,A,-0.03178,0.09384,0.04565,-0.01222,-0.2601,148,region_V
173,S,C,0.4478,,0.1119,-1.158,-3.503,148,region_V
173,S,D,-0.1551,0.4914,0.1917,0.1547,0.6499,148,region_V
173,S,E,-0.0674,0.006675,-0.0579,0.3218,-1.062,148,region_V
173,S,F,0.1084,-0.0822,0.1251,0.1147,-0.5657,148,region_V
173,S,G,-0.07937,0.03855,0.07433,0.002457,0.1698,148,region_V
173,S,H,-0.02351,-0.06794,0.05951,-0.2155,0.1729,148,region_V
173,S,I,0.2966,-0.04582,-0.1631,-0.06213,-0.739,148,region_V
173,S,K,0.3045,-0.2157,-0.1915,0.2166,-0.941,148,region_V
173,S,L,-0.1104,0.08717,0.08472,0.08369,-0.3468,148,region_V
173,S,M,0.07967,0.03764,0.3305,0.1868,-0.06361,148,region_V
173,S,N,-0.08008,0.06302,-0.1422,0.2894,0.1985,148,region_V
173,S,P,-0.2383,-1.045,-0.2639,-0.9448,-1.704,148,region_V
173,S,Q,-0.3326,-0.1854,-0.146,-0.3562,-0.7948,148,region_V
173,S,R,-0.1339,-0.2453,0.04137,-0.8603,-0.5505,148,region_V
173,S,S,0,0,0,0,0,148,region_V
173,S,T,-0.1173,0.4689,0.2049,-0.001836,0.6832,148,region_V
173,S,V,-0.05489,,0.1479,0.1991,-0.1543,148,region_V
173,S,W,0.4238,0.01813,-0.09271,-0.01429,-0.6676,148,region_V
173,S,Y,-0.1674,-0.2151,0.1204,0.01202,-0.1382,148,region_V
174,T,A,-0.04799,-0.1377,0.1477,-0.1944,-0.7441,149,region_V
174,T,C,-0.3323,-2.182,-0.2854,-0.0194,-3.355,149,region_V
174,T,D,0.002578,-0.03616,0.005762,-0.1155,-1.004,149,region_V
174,T,E,-0.1097,-0.01461,0.1654,0.1325,-0.4887,149,region_V
174,T,F,-0.5605,-2.24,-0.3343,,-2.495,149,region_V
174,T,G,-0.2751,,-0.01149,-0.5445,-0.3629,149,region_V
174,T,H,-0.1274,0.2232,-0.1858,-0.3706,-1.233,149,region_V
174,T,I,0.3707,-0.991,-0.2046,-0.1804,-2.832,149,region_V
174,T,K,0.07382,-0.2077,0.1055,-0.4477,-1.21,149,region_V
174,T,L,-0.501,-1.827,-0.1521,0.1891,-3.013,149,region_V
174,T,M,-0.6746,0.05138,-0.279,-0.5016,-1.842,149,region_V
174,T,N,0.03468,-0.06292,0.116,-0.1606,0.1523,149,region_V
174,T,P,0.1498,-0.9417,0.5882,-0.125,-3.135,149,region_V
174,T,Q,0.07979,-0.1944,0.2072,0.208,-0.1523,149,region_V
174,T,R,-0.1494,-0.5511,0.05518,0.07022,-1.065,149,region_V
174,T,S,0.01422,0.03776,-0.1548,0.1052,-0.2651,149,region_V
174,T,T,0,0,0,0,0,149,region_V
174,T,V,-0.1833,-0.9286,-0.2732,0.1007,-1.037,149,region_V
174,T,W,-0.2685,-0.1236,0.01039,0.4036,-3.135,149,region_V
174,T,Y,-0.1382,-0.1186,-0.06605,-0.01455,-0.945,149,region_V
175,N,A,0.06734,-0.06335,-0.06029,-0.5821,-2.239,150,region_V
175,N,C,0.08488,0.03326,-0.05302,0.03858,-2.874,150,region_V
175,N,D,-0.1347,-0.3057,-0.09259,-0.06327,-0.3491,150,region_V
175,N,E,0.1325,-0.3624,-0.1376,,,150,region_V
175,N,F,,,-0.3872,,-2.548,150,region_V
175,N,H,-0.1655,-0.1475,0.01184,0.2487,-0.4679,150,region_V
175,N,I,-0.7888,-0.0476,0.01105,-0.4129,-2.821,150,region_V
175,N,K,-0.03004,-0.4936,-0.02807,-1.094,-1.54,150,region_V
175,N,L,-0.2884,-0.709,0.131,-0.3993,-3.044,150,region_V
175,N,M,-0.2144,-0.2898,-0.2285,0.07388,-3.112,150,region_V
175,N,N,0,0,0,0,0,150,region_V
175,N,P,-0.1939,-0.1856,-0.1044,-0.0357,-2.31,150,region_V
175,N,Q,-0.03757,-1.132,0.01092,-1.014,-0.4632,150,region_V
175,N,R,,,,,-2.354,150,region_V
175,N,S,0.06562,-0.04592,0.2009,0.053,0.3,150,region_V
175,N,T,-0.04915,0.4425,0.1022,-0.1478,-0.7476,150,region_V
175,N,V,0.04842,-0.01314,-0.145,-0.1063,-3.123,150,region_V
175,N,W,-0.3501,-0.8528,-0.1988,0.01629,-3.356,150,region_V
175,N,Y,-0.7305,-0.8778,-0.116,-0.9045,-3.226,150,region_V
176,K,A,,,,-0.1309,-1.671,151,region_V
176,K,C,0.111,-0.0935,-0.1395,0.2745,-2.494,151,region_V
176,K,D,,,,,-0.9632,151,region_V
176,K,E,-0.2832,-0.9808,0.003539,-0.418,-3.219,151,region_V
176,K,F,-0.8586,-0.529,-0.204,0.1541,-3.114,151,region_V
176,K,G,-0.03306,-1.277,-0.3047,0.3477,-3.324,151,region_V
176,K,H,0.1329,-0.157,0.2714,-0.09908,-1.902,151,region_V
176,K,I,-0.1168,,,,-3.464,151,region_V
176,K,K,0,0,0,0,0,151,region_V
176,K,L,,-0.9812,0.7506,,-3.272,151,region_V
176,K,M,-0.9349,-1.532,,-0.3819,-3.454,151,region_V
176,K,N,-0.1789,0.0838,-0.008519,-0.161,-3.053,151,region_V
176,K,P,-1.076,,,,-3.431,151,region_V
176,K,Q,0.4015,-0.4948,0.1004,-0.5596,-3.314,151,region_V
176,K,R,0.1009,0.2582,0.3487,-0.1773,-0.8636,151,region_V
176,K,S,-0.5965,-0.9739,-0.04074,-0.8318,-1.998,151,region_V
176,K,T,-0.5702,0.2069,0.08278,-0.6959,-3.349,151,region_V
176,K,V,-0.7087,-0.5827,0.2801,,-3.492,151,region_V
176,K,W,-0.1939,0.05422,-0.02959,0.02383,-3.102,151,region_V
176,K,Y,-0.3373,,0.02512,-1.063,-3.328,151,region_V
177,A,A,0,0,0,0,0,152,region_V
177,A,C,-0.6184,-0.6922,0.1128,-0.6287,-2.45,152,region_V
177,A,D,-0.1672,-0.5766,-0.05976,-0.3561,-3.03,152,region_V
177,A,E,-0.7317,-0.02127,-0.05628,0.09118,-3.196,152,region_V
177,A,F,-0.4711,,-0.4796,-0.8696,-3.236,152,region_V
177,A,G,-0.4807,-0.2254,-0.1099,0.06751,-0.4036,152,region_V
177,A,H,-0.3781,-0.3879,-0.1308,-0.9286,-2.734,152,region_V
177,A,I,-0.3057,-1.236,-0.252,0.2807,-3.149,152,region_V
177,A,K,0.008574,,0.2201,-0.357,-3.247,152,region_V
177,A,L,-0.6349,-0.2408,-0.1875,-0.4946,-3.12,152,region_V
177,A,M,,,,,-2.809,152,region_V
177,A,N,-0.4122,-0.7712,0.03736,-0.278,0.1188,152,region_V
177,A,P,,,,-0.4971,-3.226,152,region_V
177,A,Q,,,,,-2.13,152,region_V
177,A,R,-0.2469,-1.283,0.2064,-0.5655,-2.579,152,region_V
177,A,S,-0.3949,-0.7844,-0.004823,0.04939,-2.204,152,region_V
177,A,T,-0.629,-0.7328,-0.5963,-1.256,-3.277,152,region_V
177,A,V,0.2216,-0.1372,-0.1048,0.1782,-2.237,152,region_V
177,A,W,,0.1022,,,-3.232,152,region_V
177,A,Y,-0.5424,-0.7092,-0.1518,-0.849,-2.977,152,region_V
178,V,A,-0.01058,-0.1934,0.05647,-0.1705,-0.6387,153,region_V
178,V,C,0.1687,-0.2398,0.2732,-0.6727,-3.083,153,region_V
178,V,D,-0.6911,-1.334,-0.2085,-0.1982,-2.8,153,region_V
178,V,E,-0.4483,-1.315,0.06368,-0.7407,-3.165,153,region_V
178,V,F,-0.1709,-0.6675,0.02247,-0.3325,-1.708,153,region_V
178,V,G,,,,,-3.034,153,region_V
178,V,H,-0.03515,-0.03213,-0.3005,-0.103,0.0013,153,region_V
178,V,I,0.07911,-0.1558,-0.04019,-0.06464,-0.3184,153,region_V
178,V,K,-0.2566,-0.4235,-0.3705,-0.2508,-2.017,153,region_V
178,V,L,0.05805,-0.2918,-0.2044,-0.1546,0.1166,153,region_V
178,V,M,0.05054,0.6641,0.1639,-0.05713,-0.1214,153,region_V
178,V,N,,,0.01072,,-3.474,153,region_V
178,V,P,,,,,-3.051,153,region_V
178,V,Q,-0.01625,-0.05242,-0.04619,0.1317,-0.1827,153,region_V
178,V,S,-0.2274,-0.04731,-0.1239,-0.1036,-0.6633,153,region_V
178,V,T,-0.09015,0.655,0.04817,0.3838,0.928,153,region_V
178,V,V,0,0,0,0,0,153,region_V
178,V,W,0.05752,-0.3254,-0.02483,-0.0658,-0.7438,153,region_V
178,V,Y,-0.09126,-0.1055,-0.3329,0.03591,-1.049,153,region_V
179,V,A,-0.03447,-0.5441,-0.1835,-0.7522,-2.744,154,region_V
179,V,C,0.1117,0.05773,0.04972,-0.4729,-1.597,154,region_V
179,V,D,-0.6249,,-0.1163,-0.1612,-2.001,154,region_V
179,V,E,-0.05078,-0.06429,,-0.04882,-3.267,154,region_V
179,V,F,-0.4065,-1.227,-0.2452,0.109,-3.274,154,region_V
179,V,G,-0.4909,,0.4355,0.08963,-2.874,154,region_V
179,V,H,-0.2424,,,-1.114,-3.265,154,region_V
179,V,I,0.1843,-0.01893,0.07068,0.2584,-0.0991,154,region_V
179,V,K,-0.7007,-1.595,-0.1659,-0.3576,-2.975,154,region_V
179,V,L,0.07565,-0.3468,-0.214,-0.1934,-1.649,154,region_V
179,V,M,0.148,-0.8908,-0.2133,-0.2417,-3.322,154,region_V
179,V,N,-0.2399,0.3052,-0.1151,-0.07123,-3.054,154,region_V
179,V,P,-0.05759,-0.2029,0.4315,-1.834e-05,-3.205,154,region_V
179,V,Q,-0.316,,-0.03834,-0.2405,-3.071,154,region_V
179,V,R,-0.3917,,-0.4097,-0.3468,-3.133,154,region_V
179,V,S,-0.4714,-0.8049,-0.08203,-0.7754,-3.189,154,region_V
179,V,T,-0.233,-1.293,-0.06825,-0.9088,-2.919,154,region_V
179,V,V,0,0,0,0,0,154,region_V
179,V,W,-0.5446,-1.395,-0.2357,-0.7698,-2.923,154,region_V
179,V,Y,,,0.08442,,-3.298,154,region_V
180,S,A,,,,,0.1265,155,region_V
180,S,C,-0.2919,-1.8,-0.1893,,-3.496,155,region_V
180,S,D,0.3621,0.2847,-0.1144,-0.2497,-2.058,155,region_V
180,S,E,-0.05954,0.5773,-0.5121,-0.2649,-2.204,155,region_V
180,S,F,-0.9405,-0.5364,0.02494,-0.7208,-3.38,155,region_V
180,S,G,0.03237,0.2637,0.01419,0.1093,-0.9659,155,region_V
180,S,H,-0.7003,-1.388,-0.4351,-1.232,-3.179,155,region_V
180,S,I,-0.591,-1.699,-0.4186,,-3.493,155,region_V
180,S,K,-0.03734,,-0.00996,-0.1114,-3.425,155,region_V
180,S,L,-0.3165,,-0.3508,-1.392,-3.267,155,region_V
180,S,M,0.3199,-0.9274,-0.4151,-0.1439,-3.197,155,region_V
180,S,N,-0.4337,-0.4102,-0.279,0.1848,-1.613,155,region_V
180,S,P,-0.148,0.009701,-0.4853,-0.05523,-1.48,155,region_V
180,S,Q,0.296,0.0213,0.4156,0.2463,-0.4721,155,region_V
180,S,R,-0.2345,-0.4384,0.2393,0.8987,-3.452,155,region_V
180,S,S,0,0,0,0,0,155,region_V
180,S,T,-0.3897,-1.305,0.1135,-0.8813,-3.523,155,region_V
180,S,V,,,,,-3.163,155,region_V
180,S,W,0.3105,-0.424,-0.01113,0.07188,-1.616,155,region_V
180,S,Y,0.09334,-0.5348,0.2894,0.3236,-2.69,155,region_V
181,L,A,,,0.04212,-0.8088,-3.359,156,region_V
181,L,C,-0.857,,-0.2818,-0.5369,-3.29,156,region_V
181,L,D,-0.1462,,0.4257,0.02081,-3.175,156,region_V
181,L,E,-0.2092,0.08706,-0.3219,0.01841,-3.085,156,region_V
181,L,F,-0.5414,-0.0962,-0.1787,-0.2212,-1.64,156,region_V
181,L,G,-0.2875,-0.4467,-0.1775,-0.6932,-3.302,156,region_V
181,L,H,0.4969,0.1947,-0.5906,-1.179,-2.903,156,region_V
181,L,I,,,,,-2.921,156,region_V
181,L,K,-0.7503,-0.7343,-0.01888,-1.353,-2.63,156,region_V
181,L,L,0,0,0,0,0,156,region_V
181,L,M,-0.2865,-0.1398,-0.07742,-0.2925,-2.035,156,region_V
181,L,N,-0.7795,-0.5944,-0.5335,-0.5342,-3.363,156,region_V
181,L,P,0.02497,0.09158,0.6133,0.03068,-3.16,156,region_V
181,L,Q,0.2824,-0.4978,-0.3593,-0.2922,-2.985,156,region_V
181,L,R,-1.399,,,,-3.453,156,region_V
181,L,S,-0.4342,0.01043,-0.6226,0.1791,-3.06,156,region_V
181,L,T,-0.3811,-1.224,-0.08399,0.4554,-3.386,156,region_V
181,L,V,-0.462,-1.033,-0.1839,-1.158,-3.067,156,region_V
181,L,W,-0.3974,0.003325,0.07621,-0.6498,-3.106,156,region_V
181,L,Y,0.2402,-0.2807,-0.5991,-0.322,-2.012,156,region_V
182,S,A,-0.00456,-0.05268,-0.3295,0.1819,-0.174,157,region_V
182,S,C,,,0.2222,-0.1662,-3.428,157,region_V
182,S,D,0.147,0.4792,0.06829,0.6302,-1.261,157,region_V
182,S,E,0.0501,-0.03944,0.2136,0.6792,-0.7286,157,region_V
182,S,F,-0.1329,-0.3383,-0.5144,-0.01346,-3.28,157,region_V
182,S,G,-0.6039,,0.01744,,-2.766,157,region_V
182,S,H,0.0566,-0.02373,0.002659,-0.3694,-1.545,157,region_V
182,S,I,-0.09544,-0.1435,-0.02923,-0.3462,-3.33,157,region_V
182,S,K,0.1552,0.01264,-0.1241,0.6959,-0.01025,157,region_V
182,S,L,-0.2128,-0.8027,-0.3756,0.2479,-3.038,157,region_V
182,S,M,-0.04746,,-0.01791,-0.06249,-2.74,157,region_V
182,S,N,0.2437,0.1814,0.03479,-0.2495,0.01917,157,region_V
182,S,P,-0.4176,,-0.1741,0.05209,-2.994,157,region_V
182,S,Q,-0.2419,-0.351,-0.1146,0.3298,-0.1811,157,region_V
182,S,R,-0.01797,0.3171,0.06786,0.1968,-0.3314,157,region_V
182,S,S,0,0,0,0,0,157,region_V
182,S,T,-0.1202,0.1949,0.3439,0.2852,-0.3891,157,region_V
182,S,V,-0.2683,0.3706,-0.1737,0.1724,-2.769,157,region_V
182,S,W,-0.09967,-1.236,0.4851,0.01266,-3.189,157,region_V
182,S,Y,0.291,-0.489,-0.0165,-0.1414,-3.189,157,region_V
183,N,A,0.1421,-0.08946,-0.2348,0.4203,-1.721,158,region_V
183,N,C,-0.05231,,-0.1291,,-1.842,158,region_V
183,N,D,0.0007059,0.1001,0.3588,0.09779,-1.495,158,region_V
183,N,E,-0.5825,-0.09102,-0.0245,-0.01229,-1.925,158,region_V
183,N,F,-0.1026,,-0.2883,-0.4769,-2.809,158,region_V
183,N,G,-0.2338,-0.6252,0.03813,-0.4111,-1.76,158,region_V
183,N,H,0.1309,-0.2934,-0.3955,-0.3812,-2.511,158,region_V
183,N,I,-0.08576,-1.405,-0.08497,-0.7192,-2.999,158,region_V
183,N,K,-0.145,,0.1787,0.3308,-1.882,158,region_V
183,N,L,-0.01397,0.01696,-0.283,-0.2447,-2.403,158,region_V
183,N,M,0.09545,0.1794,-0.1193,-0.01461,-0.8672,158,region_V
183,N,N,0,0,0,0,0,158,region_V
183,N,P,-0.6298,,,-0.5911,-3.351,158,region_V
183,N,Q,-0.2652,0.04597,-0.09865,-0.01354,-1.5,158,region_V
183,N,R,0.01176,0.1271,-0.01443,0.4139,-2.049,158,region_V
183,N,S,-0.2193,-0.6338,-0.2086,0.0861,-0.1511,158,region_V
183,N,T,0.2242,0.2867,0.1966,0.3146,-0.8704,158,region_V
183,N,V,0.2376,-0.1861,-0.1205,0.03059,-3.088,158,region_V
183,N,W,0.1656,0.4193,0.3499,0.2075,-2.135,158,region_V
183,N,Y,0.003096,,,,-1.42,158,region_V
184,G,A,,,,,-3.465,159,region_V
184,G,C,0.3403,0.04962,0.0842,0.1236,-3.368,159,region_V
184,G,D,-0.06859,-0.7408,0.1346,0.7248,-3.103,159,region_V
184,G,E,-0.3814,-0.907,0.03604,-0.4477,-3.356,159,region_V
184,G,F,0.1154,0.4304,-0.07179,-0.4266,-2.728,159,region_V
184,G,G,0,0,0,0,0,159,region_V
184,G,H,1.003,-1.034,0.7125,-0.5955,-3.196,159,region_V
184,G,I,0.07807,0.06334,0.1739,0.731,-2.951,159,region_V
184,G,K,,,,,-2.94,159,region_V
184,G,L,-0.1911,-0.3173,-0.0495,0.1705,-2.99,159,region_V
184,G,M,-0.7198,-0.4289,-0.514,-0.142,-3.154,159,region_V
184,G,N,,,-0.0551,0.0895,-3.499,159,region_V
184,G,P,0.02971,,-0.2145,,-3.202,159,region_V
184,G,Q,-0.378,-0.7852,-0.04638,0.1521,-3.22,159,region_V
184,G,R,-0.7221,-0.3694,0.07877,-0.5389,-3.29,159,region_V
184,G,S,-0.3157,-0.4182,0.104,-0.1919,-2.204,159,region_V
184,G,T,-0.2572,-0.05139,0.07277,0.1502,-3.11,159,region_V
184,G,V,-0.05086,0.2181,-0.2733,-0.4874,-2.978,159,region_V
184,G,W,-0.2609,0.0437,0.1836,0.684,-2.311,159,region_V
184,G,Y,,-0.4788,-0.2582,,-2.87,159,region_V
185,V,A,-0.4332,-0.03236,-0.02783,-0.7308,-1.653,160,region_V
185,V,C,-0.4689,-0.8012,-0.05317,-0.4006,-1.912,160,region_V
185,V,E,0.06553,0.1106,0.05342,0.4076,-0.4075,160,region_V
185,V,F,0.2247,-0.07371,0.2672,0.2905,-0.02497,160,region_V
185,V,G,0.04957,0.1899,0.02604,0.06504,-1.2,160,region_V
185,V,H,-0.2736,0.09298,0.01675,0.1075,-1.45,160,region_V
185,V,I,-0.1646,0.2604,-0.08037,0.02753,0.2192,160,region_V
185,V,K,,,,,-3.161,160,region_V
185,V,L,0.2218,0.1217,-0.007323,4.047e-05,-0.4828,160,region_V
185,V,M,-0.0659,0.116,-0.2676,0.0001021,-0.1594,160,region_V
185,V,N,,,-0.1824,,-1.163,160,region_V
185,V,P,,,-0.07815,-0.6334,-3.218,160,region_V
185,V,Q,0.3013,0.0009746,0.1444,0.04313,-1.053,160,region_V
185,V,R,-0.387,,0.2698,-0.02604,-1.961,160,region_V
185,V,S,0.1234,,,,-3.014,160,region_V
185,V,T,-0.05532,,,-1.695,-3.44,160,region_V
185,V,V,0,0,0,0,0,160,region_V
185,V,W,-0.427,-0.5588,-0.09772,0.1153,-2.454,160,region_V
185,V,Y,0.0769,0.02821,0.3663,0.729,-0.1724,160,region_V
186,S,A,0.142,0.05716,-0.0407,0.0334,-1.135,161,region_V
186,S,C,,,0.727,0.1863,-3.476,161,region_V
186,S,D,-0.1334,-0.1667,-0.003918,-0.369,-2.38,161,region_V
186,S,E,,,-0.4079,-1.153,-3.43,161,region_V
186,S,F,-0.7103,-1.688,-0.1568,-0.3185,-3.449,161,region_V
186,S,G,-0.01235,-0.191,0.1394,-0.3347,-1.026,161,region_V
186,S,H,-0.1307,,-0.01191,,-3.493,161,region_V
186,S,I,0.3448,0.5906,0.03792,,-3.398,161,region_V
186,S,K,-0.6656,-1.331,-0.06549,-0.7654,-3.491,161,region_V
186,S,L,-0.7608,,-0.04485,,-3.276,161,region_V
186,S,M,-0.474,-1.306,-0.1857,-0.06357,-3.343,161,region_V
186,S,N,,,,,-3.383,161,region_V
186,S,P,-0.18,,-0.1748,-0.5862,-1.583,161,region_V
186,S,Q,0.5286,-0.1889,0.4449,0.007807,-3.418,161,region_V
186,S,R,0.1957,,-0.2865,-0.1799,-3.336,161,region_V
186,S,S,0,0,0,0,0,161,region_V
186,S,T,-0.2217,-1.064,0.01033,0.3934,-2.534,161,region_V
186,S,V,,,0.2192,,-3.321,161,region_V
186,S,W,,,-0.149,,-3.438,161,region_V
186,S,Y,-0.26,-0.4136,0.7391,-0.1579,-2.904,161,region_V
187,V,A,-0.01844,-0.08784,-0.222,-0.4468,-1.041,162,region_V
187,V,C,-0.09636,-0.03055,0.1282,-0.02392,-0.6347,162,region_V
187,V,D,0.008035,-0.7258,0.01385,-0.7769,-3.334,162,region_V
187,V,E,-0.2118,-0.07606,-0.4011,0.1121,-3.022,162,region_V
187,V,F,,,,,-3.189,162,region_V
187,V,G,-0.7729,,-0.5706,-0.7835,-3.268,162,region_V
187,V,H,-0.1216,-0.269,-0.2659,,-3.05,162,region_V
187,V,I,0.2476,-0.3138,0.08121,-0.1291,-0.7752,162,region_V
187,V,K,-0.9741,-1.671,-0.2538,,-3.182,162,region_V
187,V,L,-0.07437,0.4514,-0.2216,0.00528,-1.748,162,region_V
187,V,M,-0.323,-0.3027,-0.327,-0.2362,-1.866,162,region_V
187,V,N,-0.0939,-0.2373,-0.3012,-0.1246,-3.198,162,region_V
187,V,P,-0.3519,-0.579,0.01984,-0.5618,-3.19,162,region_V
187,V,Q,-0.6157,-0.3771,-0.04437,0.1241,-2.679,162,region_V
187,V,R,-0.189,-0.3702,-0.1222,-0.256,-2.841,162,region_V
187,V,S,,-1.478,-0.2109,-0.4274,-3.101,162,region_V
187,V,T,0.06766,-0.06905,0.2228,0.0927,-1.032,162,region_V
187,V,V,0,0,0,0,0,162,region_V
187,V,W,-0.6484,-0.02298,-0.1152,-0.5112,-2.499,162,region_V
187,V,Y,-0.5385,0.1796,0.08293,-0.05756,-2.667,162,region_V
188,L,A,-0.1224,0.1464,0.1157,-0.2641,-1.593,163,region_V
188,L,C,-0.1708,-0.8742,-0.03928,-0.5892,-1.732,163,region_V
188,L,D,,,,-0.9618,-3.407,163,region_V
188,L,E,-0.9333,,-0.2863,-0.9801,-2.928,163,region_V
188,L,F,0.06756,-0.5972,-0.09498,-0.005304,-0.8348,163,region_V
188,L,G,,,-0.004625,,-3.113,163,region_V
188,L,H,,,-0.09387,0.003736,-1.134,163,region_V
188,L,I,0.03811,-0.0491,0.1697,-0.4256,-0.8573,163,region_V
188,L,K,,,,-0.2489,-3.4,163,region_V
188,L,L,0,0,0,0,0,163,region_V
188,L,M,-0.2386,0.2104,-0.6516,0.1058,0.4737,163,region_V
188,L,N,,,0.008507,,-3.405,163,region_V
188,L,P,-0.3715,0.00583,-0.3005,-0.6923,-2.721,163,region_V
188,L,Q,-0.1163,-0.9379,-0.04297,-0.7276,-1.417,163,region_V
188,L,R,-0.2099,,0.04869,-0.9579,-2.603,163,region_V
188,L,S,0.1581,-0.04175,-0.04437,-0.4492,-1.208,163,region_V
188,L,T,0.005658,-0.153,0.08979,-0.04165,-0.4007,163,region_V
188,L,V,0.2128,-0.4919,-0.2874,0.07526,0.1755,163,region_V
188,L,W,-0.09799,-0.3064,-0.2058,0.04964,-1.128,163,region_V
188,L,Y,0.07108,-0.09497,0.1938,-0.0191,-1.131,163,region_V
189,T,A,0.1838,0.1583,0.103,0.3141,0.0272,164,region_V
189,T,C,-1.087,,-0.1349,-1.22,-2.189,164,region_V
189,T,D,,-0.6224,,-0.1577,-2.973,164,region_V
189,T,E,0.1173,,-0.1,-0.3738,-3.091,164,region_V
189,T,F,0.06163,-0.03108,0.09265,0.3256,0.408,164,region_V
189,T,G,,1.359,-0.176,0.04884,-1.78,164,region_V
189,T,H,-0.4525,,-0.08074,0.8474,-3.413,164,region_V
189,T,I,-0.09309,-0.3334,-0.1031,0.1737,-0.9842,164,region_V
189,T,K,-0.1564,-0.4014,-0.3188,-0.6539,-2.784,164,region_V
189,T,L,0.3034,0.0112,0.03998,0.001129,-2.657,164,region_V
189,T,M,-0.09624,0.006287,0.07265,-0.2461,-0.2208,164,region_V
189,T,N,0.1357,-0.07603,0.1224,-0.5479,-2.854,164,region_V
189,T,P,0.03274,-0.4584,-0.07818,-0.07877,-3.196,164,region_V
189,T,Q,-0.4859,-0.7708,-0.1111,-0.09871,-2.445,164,region_V
189,T,R,-0.8322,-0.2988,0.3498,,-3.016,164,region_V
189,T,S,-0.3343,,-0.1109,-0.8168,-1.271,164,region_V
189,T,T,0,0,0,0,0,164,region_V
189,T,V,-0.05426,-0.2135,0.1797,0.1127,-1.838,164,region_V
189,T,W,-0.1704,-1.211,0.1099,0.6823,-3.031,164,region_V
189,T,Y,-0.9086,0.06054,-0.1756,-0.7813,-3.096,164,region_V
190,S,A,0.263,-0.101,0.07012,0.5259,-1.292,165,region_V
190,S,D,-0.2061,-0.9697,-0.2017,-0.9398,-3.058,165,region_V
190,S,E,0.2512,-0.2403,0.006781,-0.1997,-1.002,165,region_V
190,S,F,,,-0.2893,-0.7578,-3.416,165,region_V
190,S,G,-0.07724,-0.1074,-0.3143,-0.7695,-2.186,165,region_V
190,S,H,-0.191,-0.005049,-0.01066,0.2536,0.6502,165,region_V
190,S,I,0.02069,-0.533,0.08083,-0.1931,-3.524,165,region_V
190,S,K,-0.1014,,-0.1392,,-1.154,165,region_V
190,S,L,0.09435,,-0.2479,,-3.466,165,region_V
190,S,M,-0.7503,,-0.743,-0.3628,-3.398,165,region_V
190,S,N,0.1628,0.2285,-0.0956,0.1015,-0.02125,165,region_V
190,S,P,-0.6168,-0.1169,-0.2039,-0.6243,-3.197,165,region_V
190,S,Q,-0.01146,-0.2579,0.03146,0.1944,0.2811,165,region_V
190,S,R,0.0795,0.06993,0.5569,0.2106,-0.7193,165,region_V
190,S,S,0,0,0,0,0,165,region_V
190,S,T,-0.1952,0.06863,0.3391,0.4308,0.3834,165,region_V
190,S,V,0.1964,-0.1069,-0.05801,-0.2111,-3.06,165,region_V
190,S,W,,0.2807,0.7139,0.1405,-1.856,165,region_V
190,S,Y,-0.2108,,-0.1828,,-3.431,165,region_V
191,K,A,-0.3401,-0.0765,-0.1571,-0.03498,-2.916,166,region_V
191,K,C,0.06732,-0.2508,-0.3203,-0.09747,-1.488,166,region_V
191,K,D,-0.05626,-1.12,0.1235,0.2221,-3.034,166,region_V
191,K,E,-0.6952,-0.852,0.07883,0.01913,-1.981,166,region_V
191,K,F,-0.2181,-0.6307,-0.1108,-0.07114,-2.816,166,region_V
191,K,G,,,,,-3.018,166,region_V
191,K,I,-0.02067,-1.418,-0.2468,,-3.154,166,region_V
191,K,K,0,0,0,0,0,166,region_V
191,K,L,,,,,-2.03,166,region_V
191,K,M,0.2009,0.1886,0.02059,-0.4032,-1.504,166,region_V
191,K,N,-0.1181,-0.2537,-0.3578,-0.04564,-1.788,166,region_V
191,K,P,-0.719,-0.8806,0.1123,-0.06404,-2.67,166,region_V
191,K,Q,-0.02294,0.0765,0.0753,0.1167,-1.105,166,region_V
191,K,R,0.04534,-0.06823,0.2532,0.1585,0.3606,166,region_V
191,K,S,0.03967,-0.0291,0.3086,-0.06316,-0.6852,166,region_V
191,K,T,0.1237,-0.03502,0.1722,-0.7462,-1.534,166,region_V
191,K,V,-0.4378,-1.797,0.2035,-0.02898,-1.905,166,region_V
191,K,W,-0.6304,0.01698,-0.0323,-0.03782,-3.248,166,region_V
191,K,Y,0.1811,-1.093,-0.1029,-0.1483,-3.062,166,region_V
192,V,A,0.05062,-1.357,0.3283,-0.1502,-3.194,167,region_V
192,V,C,-0.1899,0.01671,-0.2532,-0.2402,-3.171,167,region_V
192,V,E,-0.5367,-1.545,0.005332,-0.6482,-3.172,167,region_V
192,V,F,0.005783,0.005206,-0.135,-0.4248,-3.301,167,region_V
192,V,G,-1.081,-1.126,-0.2972,-1.128,-3.333,167,region_V
192,V,H,0.0078,,-0.3613,-0.7548,-2.869,167,region_V
192,V,I,-0.05187,0.02981,-0.1646,0.0187,-0.08411,167,region_V
192,V,K,-0.07851,0.24,-0.1261,-0.5831,-2.679,167,region_V
192,V,L,0.3818,-0.04095,0.02705,-0.3533,-2.55,167,region_V
192,V,M,-0.04612,-0.537,-0.1968,-0.6952,-3.143,167,region_V
192,V,N,,,-0.04689,,-3.151,167,region_V
192,V,P,-0.2677,0.0007098,-0.1697,-0.2518,-3.176,167,region_V
192,V,Q,0.09241,,-0.1938,-0.3592,-3.215,167,region_V
192,V,R,-0.4217,-0.7532,-0.5136,-0.1035,-3.038,167,region_V
192,V,S,-0.04208,-1.781,0.9347,,-3.197,167,region_V
192,V,T,0.6896,,0.03075,,-3.325,167,region_V
192,V,V,0,0,0,0,0,167,region_V
192,V,W,0.2507,0.0002126,0.1442,-0.6063,-3.194,167,region_V
192,V,Y,,,-0.1455,0.4095,-3.109,167,region_V
193,L,A,0.04238,0.31,-0.1038,0.0955,-0.1585,168,region_V
193,L,C,-0.06073,,-0.008895,,-0.1217,168,region_V
193,L,D,-0.09421,0.1542,-0.02668,,1.164,168,region_V
193,L,E,-0.07618,0.03255,-0.1906,0.1586,0.6624,168,region_V
193,L,F,0.3564,0.2274,-0.1621,0.0567,-1.021,168,region_V
193,L,G,-0.0748,-0.5841,0.08686,0.05342,0.1944,168,region_V
193,L,H,0.2201,0.156,0.5421,0.7895,1.467,168,region_V
193,L,I,-0.001578,,-0.1132,-0.7333,-2.971,168,region_V
193,L,K,-0.3024,-0.2638,-0.3765,-0.5366,-2.873,168,region_V
193,L,L,0,0,0,0,0,168,region_V
193,L,M,0.05667,0.2912,0.001044,0.03508,-0.4685,168,region_V
193,L,N,-0.2509,0.4368,-0.008301,-0.1193,0.1951,168,region_V
193,L,P,-0.2034,-0.4318,-0.3592,-2.472,-1.494,168,region_V
193,L,Q,0.08536,0.1616,-0.0638,-0.4034,-0.6253,168,region_V
193,L,R,-0.09072,-1.425,-0.3903,,-3.08,168,region_V
193,L,S,-0.1061,0.539,0.02588,0.1916,0.6627,168,region_V
193,L,T,0.03266,-1.067,-0.02534,0.133,-0.6559,168,region_V
193,L,V,-0.07899,,,,-1.175,168,region_V
193,L,W,-0.003439,-0.145,0.4929,0.1604,0.1949,168,region_V
193,L,Y,0.1519,0.09858,-0.1677,0.5319,-0.3932,168,region_V
194,D,A,,,,,-3.334,169,region_V
194,D,C,,,,-0.2693,-3.107,169,region_V
194,D,D,0,0,0,0,0,169,region_V
194,D,E,0.005579,-1.123,-0.531,0.4064,-3.132,169,region_V
194,D,F,-0.1255,,0.2795,-0.407,-3.411,169,region_V
194,D,G,,,-0.2581,-0.4278,-3.467,169,region_V
194,D,H,-0.502,-0.5969,-0.04743,-0.5784,-3.171,169,region_V
194,D,I,,,,,-3.213,169,region_V
194,D,K,0.3484,-0.5249,0.09787,-1.109,-3.25,169,region_V
194,D,L,-0.2547,,,,-3.337,169,region_V
194,D,M,-0.2882,-1.466,-0.156,-0.7624,-3.367,169,region_V
194,D,N,-0.008902,-0.6164,-0.0638,-0.1783,-1.393,169,region_V
194,D,P,-0.5843,-0.02745,-0.09625,0.07582,-3.229,169,region_V
194,D,Q,-0.01613,-0.4477,-0.0584,-0.4611,-3.042,169,region_V
194,D,R,-0.07291,-1.014,0.0836,-0.1566,-3.225,169,region_V
194,D,S,0.02813,-1.018,-0.03777,-0.6477,-1.76,169,region_V
194,D,T,-0.765,-1.562,-0.2992,-0.9141,-3.095,169,region_V
194,D,V,,,,,-0.7638,169,region_V
194,D,W,0.1116,-0.07159,0.1519,0.1747,-3.142,169,region_V
194,D,Y,-0.692,-1.287,0.1638,-0.7665,-3.303,169,region_V
195,L,A,-0.4829,,-0.3422,-0.4391,-3.21,170,region_0
195,L,C,0.1504,-0.3206,0.2049,0.006053,-2.372,170,region_0
195,L,D,-0.5719,0.08108,-0.03646,0.4338,-2.854,170,region_0
195,L,E,-0.5792,-0.9754,-0.05814,0.0499,-3.114,170,region_0
195,L,F,,,,,-3.465,170,region_0
195,L,G,0.7911,-0.7367,-0.09942,-0.06825,-1.605,170,region_0
195,L,H,,,-0.1739,,-2.917,170,region_0
195,L,I,-0.03791,-0.5787,-0.2522,0.2851,-0.5544,170,region_0
195,L,K,-0.5096,-0.8122,-0.2635,-0.5274,-2.869,170,region_0
195,L,L,0,0,0,0,0,170,region_0
195,L,M,-0.3594,-0.4002,-0.1632,-0.1852,-0.9507,170,region_0
195,L,N,-0.3237,-0.7238,-0.2862,-0.4517,-3.071,170,region_0
195,L,P,-0.1332,-0.1048,0.001927,-0.0509,-2.972,170,region_0
195,L,Q,-0.7462,-0.1749,-0.1735,-0.9608,-3.102,170,region_0
195,L,R,-0.1002,-0.4113,0.002849,-0.1565,-2.523,170,region_0
195,L,S,-0.3537,-1.862,-0.06312,-0.4958,-2.99,170,region_0
195,L,T,,,,-0.5586,-3.345,170,region_0
195,L,V,0.1847,,0.07775,,-3.331,170,region_0
195,L,W,-0.4679,,-0.003845,-0.7861,-3.405,170,region_0
195,L,Y,0.09632,-0.8601,-0.07444,-0.898,-2.95,170,region_0
196,K,A,0.02612,-0.7523,0.06876,-0.05271,-1.23,171,region_0
196,K,D,,,-0.06255,,-3.333,171,region_0
196,K,E,-0.4442,-0.2113,0.07458,0.05188,-3.455,171,region_0
196,K,F,-0.6421,-0.9871,-0.2527,-1.17,-3.242,171,region_0
196,K,G,0.02155,-0.3664,-0.1377,0.3062,-0.4058,171,region_0
196,K,H,-0.3231,,-0.006343,,-1.746,171,region_0
196,K,I,-0.7828,-0.07729,-0.1131,-0.04746,-3.135,171,region_0
196,K,K,0,0,0,0,0,171,region_0
196,K,L,-0.2287,-1.732,-0.1379,-0.4719,-2.984,171,region_0
196,K,M,-0.5627,-0.8252,0.1642,-0.1329,-3.169,171,region_0
196,K,N,-0.6027,-0.1167,-0.2627,-1.191,-3.476,171,region_0
196,K,P,-0.5441,-1.122,-0.03257,-0.03318,-3.141,171,region_0
196,K,Q,-0.2849,0.2088,-0.01471,-0.2204,-2.427,171,region_0
196,K,R,0.001929,-0.09122,-0.05332,0.1078,-0.7346,171,region_0
196,K,S,-0.7682,-1.958,-0.158,-0.2786,-3.407,171,region_0
196,K,T,-0.5787,-1.792,-0.1169,-0.3062,-3.223,171,region_0
196,K,V,-0.3449,0.394,-0.03405,-0.521,-2.861,171,region_0
196,K,W,-0.3309,-0.7729,-0.4201,-0.5702,-2.777,171,region_0
196,K,Y,-0.2346,-0.9041,-0.1561,-0.8416,-3.264,171,region_0
197,N,A,0.05733,0.03691,-0.07033,0.07992,-0.2803,172,region_0
197,N,C,0.1342,0.1282,-0.1012,-0.00583,-0.5207,172,region_0
197,N,D,0.02804,0.3185,-0.01301,0.06884,0.4257,172,region_0
197,N,E,0.006097,0.3992,0.1908,0.04735,0.2904,172,region_0
197,N,F,0.2593,0.311,-0.1178,-0.2712,-1.127,172,region_0
197,N,G,0.04949,-0.005269,0.166,0.01591,0.0859,172,region_0
197,N,H,0.05554,-0.0151,-0.02424,0.1923,-0.5038,172,region_0
197,N,I,0.2914,0.08015,0.1705,0.1797,-0.5689,172,region_0
197,N,K,-0.01174,0.01387,-0.1581,0.1528,-1.009,172,region_0
197,N,L,0.0826,0.02159,-0.3962,-0.07204,-1.334,172,region_0
197,N,M,0.06723,0.2832,-0.07331,-0.09803,-0.1847,172,region_0
197,N,N,0,0,0,0,0,172,region_0
197,N,P,-1.152,-1.536,-0.4997,-1.893,-3.205,172,region_0
197,N,Q,-0.03802,-0.2163,-0.3201,0.02972,-0.6653,172,region_0
197,N,R,-0.0384,-0.1941,-0.1733,-0.13,-0.9206,172,region_0
197,N,S,-0.066,0.3952,0.1088,0.2713,0.3729,172,region_0
197,N,T,0.00888,-0.4379,-0.1756,0.05695,0.17,172,region_0
197,N,V,-0.08526,-0.1421,-0.3384,-0.3148,-1.615,172,region_0
197,N,W,,,0.4092,0.3663,0.07164,172,region_0
197,N,Y,0.1437,0.7825,-0.1889,-0.3492,-0.8649,172,region_0
198,Y,A,-0.7211,-1.358,-0.01069,-0.7109,-3.211,173,region_0
198,Y,C,-0.05994,0.2984,-0.601,,-3.439,173,region_0
198,Y,D,-0.06199,-0.2568,0.8094,-0.3601,-3.421,173,region_0
198,Y,E,-0.2106,-2.365,-0.04277,-1.38,-3.324,173,region_0
198,Y,F,0.02536,-0.009121,0.5943,-0.2266,-1.126,173,region_0
198,Y,G,-0.1448,-1.222,0.02406,,-3.519,173,region_0
198,Y,H,-0.3026,-1.839,-0.4128,-0.08975,-3.53,173,region_0
198,Y,I,-1.089,-1.365,-0.09992,,-3.25,173,region_0
198,Y,K,-0.3398,-0.4201,0.6956,-0.2408,-3.174,173,region_0
198,Y,L,0.08539,-1.434,0.001842,-0.37,-3.43,173,region_0
198,Y,M,0.02733,-2.236,-0.1958,-0.5405,-3.502,173,region_0
198,Y,N,-0.9798,,-0.3909,-1.218,-3.52,173,region_0
198,Y,P,-0.5609,,-0.3286,,-3.478,173,region_0
198,Y,Q,-0.7175,-0.645,0.3368,-0.000938,-3.495,173,region_0
198,Y,R,-0.3629,-0.4307,-0.5065,0.3129,-3.418,173,region_0
198,Y,S,-0.1918,-1.934,-0.04934,-1.161,-3.502,173,region_0
198,Y,T,-0.7,-1.039,-0.308,-1.124,-3.373,173,region_0
198,Y,V,-0.8017,-0.2476,0.03593,-0.1911,-3.354,173,region_0
198,Y,W,0.2999,0.0244,0.09232,-0.1373,-1.384,173,region_0
198,Y,Y,0,0,0,0,0,173,region_0
199,I,A,-0.4781,,-0.2137,,-3.127,174,region_0
199,I,C,-0.7703,-0.8334,-0.005737,-0.314,-3.181,174,region_0
199,I,D,-1.033,,-0.2918,,-3.396,174,region_0
199,I,E,-0.5399,-1.947,-0.2818,0.2365,-3.12,174,region_0
199,I,F,-0.03898,0.0429,-0.004064,0.158,-0.1795,174,region_0
199,I,G,-0.03017,-0.983,-0.1224,-0.3639,-3.446,174,region_0
199,I,H,-1.068,,-0.2178,,-3.32,174,region_0
199,I,I,0,0,0,0,0,174,region_0
199,I,K,,,,-0.4872,-3.458,174,region_0
199,I,L,-0.05018,-0.006849,0.03637,0.06331,0.5058,174,region_0
199,I,M,-0.2788,-0.03807,-0.08525,-0.2197,-0.3727,174,region_0
199,I,N,-0.8678,-0.9183,-0.1967,-0.7221,-3.245,174,region_0
199,I,P,-0.9559,-1.134,-0.04645,-0.3729,-3.525,174,region_0
199,I,Q,,,,,-3.061,174,region_0
199,I,R,-0.3694,-0.0386,0.8179,-1.061,-3.341,174,region_0
199,I,S,-0.4595,0.04204,0.07161,0.08678,-3.251,174,region_0
199,I,T,-0.33,,-0.2625,-0.7683,-3.317,174,region_0
199,I,V,0.08591,-0.6811,-0.242,0.08848,-3.156,174,region_0
199,I,W,-0.5243,,-0.1592,-0.3793,-3.324,174,region_0
199,I,Y,0.08075,,0.1489,-0.2898,-3.165,174,region_0
200,D,A,0.4483,-0.3498,-0.368,-0.7772,-2.51,175,region_0
200,D,C,0.5662,-0.927,0.4134,-0.9901,-3.389,175,region_0
200,D,D,0,0,0,0,0,175,region_0
200,D,E,-0.09237,0.4513,0.2827,-0.2156,-0.21,175,region_0
200,D,F,0.1063,0.3769,0.0709,-0.3035,-3.143,175,region_0
200,D,G,-0.1985,-0.7321,0.2979,-0.8698,-3.235,175,region_0
200,D,H,-0.06164,-0.381,0.1411,-0.598,-2.165,175,region_0
200,D,I,0.01332,-0.2492,-0.3854,-0.8845,-2.046,175,region_0
200,D,K,-0.3284,-0.7447,0.09234,-0.6983,-2.998,175,region_0
200,D,L,-0.3153,-0.4272,-0.1588,-0.3697,-2.683,175,region_0
200,D,M,0.5138,-0.7045,-0.3868,-0.3323,-2.397,175,region_0
200,D,N,-0.01328,-0.2997,0.1505,-0.02087,-0.4272,175,region_0
200,D,P,0.408,-0.2327,-0.4374,-0.3221,-3.466,175,region_0
200,D,Q,0.07336,-0.0413,-0.406,-0.2143,-1.077,175,region_0
200,D,R,-0.2167,-0.9386,-0.3781,-0.6635,-3.044,175,region_0
200,D,S,0.1398,-0.2813,-0.3247,0.1242,-1.725,175,region_0
200,D,T,0.2935,-0.09647,-0.3676,-0.0165,-1.663,175,region_0
200,D,V,0.1557,-0.418,0.05663,-0.06923,-1.732,175,region_0
200,D,W,,-0.3517,-0.2245,,-3.301,175,region_0
200,D,Y,-0.2282,-0.3588,-0.3521,-0.4097,-3.274,175,region_0
201,K,A,0.4825,1.516,0.1025,-0.09988,-0.2203,176,region_0
201,K,C,0.5042,1.153,0.2861,-0.006699,-1.241,176,region_0
201,K,D,0.33,1.455,-0.002476,-0.0277,-0.4918,176,region_0
201,K,E,0.475,2.474,-0.08021,-0.06745,0.1545,176,region_0
201,K,F,-0.05276,0.2682,0.05934,0.2183,0.2055,176,region_0
201,K,G,0.1731,1.72,-0.0707,-0.133,-0.6142,176,region_0
201,K,H,-0.06155,1.217,0.09861,-0.03385,-0.07669,176,region_0
201,K,I,0.2132,1.835,-0.1921,0.0395,-0.7129,176,region_0
201,K,K,0,0,0,0,0,176,region_0
201,K,L,-0.1316,0.7125,-0.09856,0.04256,0.1314,176,region_0
201,K,M,-0.2491,0.487,0.0832,0.04782,0.4643,176,region_0
201,K,N,-0.1852,0.0459,-0.05974,-0.04269,0.3849,176,region_0
201,K,P,-0.1327,-0.06208,0.2911,0.2903,-3.211,176,region_0
201,K,Q,0.1873,0.8058,0.05522,-0.001097,-0.5064,176,region_0
201,K,R,0.02848,0.3267,-0.399,-0.1674,-0.3126,176,region_0
201,K,S,0.3165,1.799,0.004131,-0.1153,-0.06765,176,region_0
201,K,T,0.2427,2.044,0.001413,0.3483,0.2089,176,region_0
201,K,V,0.1782,1.8,-0.1289,-0.2433,-1.146,176,region_0
201,K,W,0.3727,1.298,0.09488,-0.09908,-0.5521,176,region_0
201,K,Y,,0.1955,-0.02167,-0.01313,-0.2819,176,region_0
202,Q,A,-0.3061,-0.3362,-0.2348,-0.128,-0.5204,177,region_0
202,Q,C,0.1395,0.6835,0.4064,0.2499,-0.7755,177,region_0
202,Q,D,-0.3923,-0.4166,-0.1754,-1.071,-0.134,177,region_0
202,Q,E,0.007554,0.06077,-0.4226,0.02856,0.7994,177,region_0
202,Q,F,-0.2405,0.4517,,0.5415,-1.671,177,region_0
202,Q,G,,,0.1343,-0.5897,-2.593,177,region_0
202,Q,H,0.1848,0.4033,-0.1068,-0.01437,-0.3306,177,region_0
202,Q,I,0.6883,0.2731,-0.04083,-0.2529,-1.907,177,region_0
202,Q,K,0.1144,-0.136,-0.01528,-0.1814,-0.2306,177,region_0
202,Q,L,0.3076,-0.4206,-0.02001,0.2222,-2.425,177,region_0
202,Q,M,0.06139,-0.1082,-0.4546,-0.138,-1.61,177,region_0
202,Q,N,0.09055,0.1382,-0.02271,0.005104,0.2486,177,region_0
202,Q,P,-0.2649,-1.504,0.05053,-0.3544,-3.275,177,region_0
202,Q,Q,0,0,0,0,0,177,region_0
202,Q,R,0.562,0.1606,-0.1305,-0.2118,-0.4328,177,region_0
202,Q,S,0.1236,0.4225,-0.0664,-0.05925,-0.2991,177,region_0
202,Q,T,0.2092,0.1614,0.07701,0.01892,0.5942,177,region_0
202,Q,V,0.2889,0.3283,0.139,0.1746,-0.566,177,region_0
202,Q,W,0.4676,0.6642,-0.05368,0.6509,-1.203,177,region_0
202,Q,Y,0.05606,0.4405,0.05837,0.263,-1.07,177,region_0
203,L,A,-0.6354,-1.016,-0.0105,-0.1283,-3.441,178,region_0
203,L,C,-0.4064,-0.1547,0.9583,-0.152,-3.321,178,region_0
203,L,D,,,,,-3.053,178,region_0
203,L,E,,0.6389,-0.07666,-0.7276,-3.151,178,region_0
203,L,F,-0.2001,-0.906,-0.2591,-1.147,-2.555,178,region_0
203,L,G,,-0.6354,0.3335,-0.5895,-3.204,178,region_0
203,L,H,0.339,0.2523,-0.03849,0.1189,-3.436,178,region_0
203,L,I,-0.11,0.6518,0.3332,0.4098,-0.3035,178,region_0
203,L,K,-0.4706,,-0.3274,0.1234,-3.016,178,region_0
203,L,L,0,0,0,0,0,178,region_0
203,L,M,,,-0.01085,,-3.418,178,region_0
203,L,N,-0.5869,,-0.2977,-0.7425,-3.408,178,region_0
203,L,P,-0.2388,-0.305,0.08039,-0.4202,-3.359,178,region_0
203,L,Q,0.5156,,-0.05344,-0.2065,-3.26,178,region_0
203,L,R,-0.0904,,,,-3.423,178,region_0
203,L,S,,,0.05115,-0.6318,-3.268,178,region_0
203,L,T,-0.2443,0.04824,-0.09008,0.8337,-3.259,178,region_0
203,L,V,0.06159,0.1538,0.06335,-0.07168,0.7041,178,region_0
203,L,W,-0.4742,-1.747,-0.01193,-0.1966,-3.218,178,region_0
203,L,Y,-0.8187,,0.1424,-1.046,-3.446,178,region_0
204,L,A,0.2705,1.727,-0.302,-0.03284,-0.2464,179,region_0
204,L,C,-0.5425,,-0.1773,-0.7977,-3.401,179,region_0
204,L,D,0.5524,,,-0.386,-1.898,179,region_0
204,L,E,0.4028,,0.1233,-0.441,-2.438,179,region_0
204,L,F,-0.1019,0.3754,-0.4637,-0.1727,-0.6188,179,region_0
204,L,G,0.2572,1.689,-0.06366,-0.1835,-1.736,179,region_0
204,L,H,0.7605,2.046,-0.1895,-0.3308,-2.182,179,region_0
204,L,I,-0.06039,0.9454,-0.2134,-0.1251,-0.2577,179,region_0
204,L,K,1.024,2.142,-0.2301,-0.08193,-0.8706,179,region_0
204,L,L,0,0,0,0,0,179,region_0
204,L,M,0.1479,0.02059,-0.0686,0.05167,-1.355,179,region_0
204,L,N,-0.1795,1.631,-0.438,-0.4044,-2.33,179,region_0
204,L,P,-0.4202,-0.5083,-0.1617,-0.9954,-3.365,179,region_0
204,L,Q,0.6371,,-0.3396,-0.04495,-1.821,179,region_0
204,L,R,1.231,1.913,0.1288,-0.07859,-0.6217,179,region_0
204,L,S,0.2521,2.02,0.2474,-0.6128,-0.6974,179,region_0
204,L,T,-0.2175,1.499,-0.1717,-0.1357,-1.595,179,region_0
204,L,V,0.04816,0.1198,-0.2639,-0.5839,-0.6786,179,region_0
204,L,W,0.7263,0.7322,-0.01374,-0.5464,-0.1364,179,region_0
204,L,Y,-0.1176,0.2197,-0.1588,-0.3888,-1.067,179,region_0
205,P,A,0.3711,-0.4326,-0.1055,-0.2307,-2.153,180,region_0
205,P,C,-0.6358,,-0.1241,-0.4771,-3.251,180,region_0
205,P,D,1.353,1.054,-0.1821,-0.1327,-0.8112,180,region_0
205,P,E,0.7825,2.648,-0.5261,-1.208,-0.672,180,region_0
205,P,F,0.377,2.082,0.01642,-0.4859,-2.225,180,region_0
205,P,G,1.002,2.528,0.03217,-0.08496,-0.89,180,region_0
205,P,H,0.4709,0.5007,-0.08581,-0.1771,-2.178,180,region_0
205,P,I,-0.7144,-0.1137,0.487,0.1982,-2.117,180,region_0
205,P,K,0.2577,1.962,-0.294,-0.333,-1.401,180,region_0
205,P,L,-0.07607,-0.4184,-0.0875,0.1048,-2.349,180,region_0
205,P,M,0.5018,0.743,-0.2618,-0.515,-2.776,180,region_0
205,P,N,0.1856,2.337,-0.1713,-0.27,-1.844,180,region_0
205,P,P,0,0,0,0,0,180,region_0
205,P,Q,0.03812,,-0.6527,-0.334,-2.183,180,region_0
205,P,R,0.5295,2.145,0.01053,-0.2991,-1.135,180,region_0
205,P,S,0.4674,1.805,-0.4639,-0.1416,-1.829,180,region_0
205,P,T,0.0262,0.249,-0.05225,-0.2516,-1.154,180,region_0
205,P,V,-0.1961,0.05821,-0.06706,0.07384,-2.194,180,region_0
205,P,W,0.8498,-0.1773,-0.147,-0.1644,-2.442,180,region_0
205,P,Y,0.4492,1.987,0.05887,-0.1991,-1.857,180,region_0
206,I,A,0.7442,0.7016,-0.2437,0.08159,-0.5065,181,region_0
206,I,C,-0.4139,-0.2944,0.4179,-0.8179,-3.434,181,region_0
206,I,D,0.8869,1.604,-0.2213,0.04393,-0.3572,181,region_0
206,I,E,0.04321,1.241,0.03079,0.2141,-0.1431,181,region_0
206,I,F,0.1257,-0.2457,0.1149,0.05575,-1.183,181,region_0
206,I,G,0.1642,1.522,-0.2822,-0.3942,-1.906,181,region_0
206,I,H,0.6275,0.5132,0.04702,0.02803,0.0286,181,region_0
206,I,I,0,0,0,0,0,181,region_0
206,I,K,1.207,1.444,0.06745,0.2018,0.7535,181,region_0
206,I,L,-0.07722,0.8435,0.03614,0.2872,0.2277,181,region_0
206,I,M,0.4165,0.5877,0.2581,-0.3386,-0.2375,181,region_0
206,I,N,0.2774,-0.01931,-0.234,-0.05912,-0.6583,181,region_0
206,I,P,0.7842,1.662,-0.3496,-0.2716,-2.137,181,region_0
206,I,Q,0.5292,0.9363,0.04532,0.5891,-0.456,181,region_0
206,I,R,1.196,0.7581,-0.1298,-0.1787,0.2978,181,region_0
206,I,S,0.5146,0.008189,-0.08155,-0.06994,-0.5265,181,region_0
206,I,T,0.4066,0.6149,-0.05455,0.07959,-0.4148,181,region_0
206,I,V,0.1927,0.04986,0.08914,0.09495,-0.5087,181,region_0
206,I,W,-0.07033,0.38,0.177,-0.1314,-1.19,181,region_0
206,I,Y,0.5459,0.541,0.1026,-0.1119,-0.6588,181,region_0
207,V,A,0.4379,0.01624,-0.4409,-0.5672,-1.762,182,region_0
207,V,C,,-1.463,-0.2516,,-3.295,182,region_0
207,V,D,-0.1942,,-0.09969,0.1282,-1.801,182,region_0
207,V,E,1.18,2.196,-0.257,-0.3825,-1.661,182,region_0
207,V,F,0.2535,0.02087,0.4746,0.2033,-0.2762,182,region_0
207,V,G,0.8638,0.2625,-0.2994,0.2487,-1.476,182,region_0
207,V,H,0.8857,0.568,0.09235,-0.6819,-1.727,182,region_0
207,V,I,,,0.1044,-0.8968,-0.9338,182,region_0
207,V,K,0.3765,-0.2258,-0.2199,-0.38,-1.836,182,region_0
207,V,L,-0.05642,-0.2761,0.0939,0.0536,-0.9106,182,region_0
207,V,M,-0.04693,-0.08428,0.352,0.1084,-0.31,182,region_0
207,V,N,1.394,1.072,-0.02769,-0.3091,-1.302,182,region_0
207,V,P,,,0.01619,-0.7824,-3.381,182,region_0
207,V,Q,0.1075,0.5874,-0.1572,0.004157,-1.171,182,region_0
207,V,R,0.04121,,-0.5036,-0.05513,-1.623,182,region_0
207,V,S,0.8527,0.571,-0.286,-0.03335,-0.7157,182,region_0
207,V,T,0.5346,0.7807,-0.007852,-0.4497,-0.9951,182,region_0
207,V,V,0,0,0,0,0,182,region_0
207,V,W,-0.1326,0.1463,0.4325,0.0426,-0.6821,182,region_0
207,V,Y,-0.3517,0.1832,0.06273,-0.05161,-1.798,182,region_0
208,N,A,0.2468,2.046,0.271,-0.01423,-0.2499,183,region_0
208,N,C,-0.3489,,-0.6431,-0.8872,-3.33,183,region_0
208,N,D,1.227,2.457,-0.09888,-0.08983,0.1595,183,region_0
208,N,E,1.259,1.201,-0.2116,-0.002183,-0.0563,183,region_0
208,N,F,0.1254,1.187,-0.2559,-0.1298,-0.9943,183,region_0
208,N,G,0.2298,1.604,-0.04636,0.05344,-0.495,183,region_0
208,N,H,1.423,,-0.1321,-0.3671,-0.9609,183,region_0
208,N,I,1.027,2.429,0.03059,-0.07329,-1.251,183,region_0
208,N,K,1.15,1.939,-0.05528,0.2412,-0.8096,183,region_0
208,N,L,1.244,2.011,0.189,-0.1012,-0.4213,183,region_0
208,N,M,1.074,2.604,-0.05238,0.2991,-0.01364,183,region_0
208,N,N,0,0,0,0,0,183,region_0
208,N,P,0.4624,-0.3798,-0.07562,-1.178,-2.74,183,region_0
208,N,Q,0.7288,,0.02105,,0.5841,183,region_0
208,N,R,0.9497,2.119,-0.107,-0.13,-0.8027,183,region_0
208,N,S,0.03548,1.423,0.1494,0.1009,0.2219,183,region_0
208,N,T,0.4,2.133,-0.01397,0.004365,0.1294,183,region_0
208,N,V,0.3431,2.644,0.1168,0.07328,0.1593,183,region_0
208,N,W,0.7568,1.884,0.1476,-0.2013,-1.037,183,region_0
208,N,Y,1.008,2.258,0.2843,0.0659,-0.9173,183,region_0
209,K,A,0.3698,1.384,-0.5252,0.3457,0.4263,184,region_0
209,K,C,,,,,-3.026,184,region_0
209,K,D,1.349,2.711,-0.3218,0.1125,0.01745,184,region_0
209,K,E,0.2504,2.414,-0.1341,-0.192,0.2513,184,region_0
209,K,F,0.07672,0.9117,-0.2802,-0.2835,-2.709,184,region_0
209,K,G,0.2663,1.794,-0.04689,0.01884,-0.01557,184,region_0
209,K,I,0.5946,0.6177,-0.1651,-0.1454,-0.05476,184,region_0
209,K,K,0,0,0,0,0,184,region_0
209,K,L,0.1006,1.362,-0.1756,-0.3589,-0.8545,184,region_0
209,K,M,-0.1803,1.15,0.1628,0.0536,-0.1242,184,region_0
209,K,N,1.639,3.133,-0.4115,0.1726,1.314,184,region_0
209,K,P,0.8695,1.797,-0.4289,-0.4251,-1.502,184,region_0
209,K,Q,0.4357,1.159,-0.07597,-0.1386,0.469,184,region_0
209,K,R,-0.2505,0.03756,-0.2199,-0.003801,0.2708,184,region_0
209,K,S,0.4164,1.625,-0.1018,-0.01655,0.4005,184,region_0
209,K,T,0.44,1.772,-0.194,-0.1251,0.2031,184,region_0
209,K,W,0.1578,0.7572,-0.2017,-0.6041,-0.6722,184,region_0
209,K,Y,0.857,1.664,-0.3002,-0.2495,-1.89,184,region_0
210,Q,A,0.2632,-0.03653,0.2332,-0.1141,0.1789,185,region_0
210,Q,C,-0.9778,-1.877,-0.3175,-0.8977,-3.421,185,region_0
210,Q,D,0.1599,0.02177,-0.5951,0.002172,-0.3582,185,region_0
210,Q,E,0.02977,0.289,0.0342,-0.06799,0.394,185,region_0
210,Q,F,-0.3101,-0.4444,-0.3029,-0.2709,-1.599,185,region_0
210,Q,G,-0.111,-0.3902,0.07913,-0.07069,-0.2818,185,region_0
210,Q,H,-0.04246,-0.07509,-0.4665,-0.2329,-0.5729,185,region_0
210,Q,I,0.1557,-0.1112,-0.1605,-0.1378,-0.4197,185,region_0
210,Q,K,0.1892,0.137,0.2128,0.08573,-1.115,185,region_0
210,Q,L,-0.005578,0.05769,0.1408,0.2806,-0.8042,185,region_0
210,Q,M,-0.2451,-1.787,-0.01907,-0.371,-0.494,185,region_0
210,Q,N,0.07012,-0.1322,0.01024,0.05837,0.3908,185,region_0
210,Q,P,-0.5365,-0.5335,-0.01246,0.1314,-2.577,185,region_0
210,Q,Q,0,0,0,0,0,185,region_0
210,Q,R,0.2135,,0.28,-0.1272,-2.292,185,region_0
210,Q,S,-0.05792,0.09164,0.129,0.1105,0.6729,185,region_0
210,Q,T,1.308,2.639,-0.006979,0.05066,0.3902,185,region_0
210,Q,V,0.0663,0.01222,0.05144,-0.0348,-0.2651,185,region_0
210,Q,W,-0.536,-1.259,-0.05691,-0.5553,-2.003,185,region_0
210,Q,Y,-0.0081,-0.08252,-0.5649,-0.1648,-1.044,185,region_0
211,S,A,-0.1928,-0.04776,0.1621,0.0125,0.01635,186,region_0
211,S,C,-0.3506,-0.6995,0.04341,-0.3619,-2.032,186,region_0
211,S,D,-0.4556,0.2676,-0.3092,0.02769,0.6765,186,region_0
211,S,E,-0.1605,0.395,-0.1686,0.002088,0.713,186,region_0
211,S,F,-0.01273,-0.522,-0.0218,-0.3115,-0.6776,186,region_0
211,S,G,-0.1235,-0.1219,0.1016,0.1767,-0.1572,186,region_0
211,S,H,-0.1171,-0.1583,-0.1194,-0.04545,-0.598,186,region_0
211,S,I,0.06407,-0.2749,-0.02774,-0.2427,-0.7771,186,region_0
211,S,K,0.3683,-0.04009,-0.3097,0.2537,-0.5734,186,region_0
211,S,L,-0.2724,0.1778,0.2767,-0.5641,-1.204,186,region_0
211,S,M,-0.1676,0.1244,0.04757,-0.09943,-0.8326,186,region_0
211,S,N,0.0866,-0.01387,0.07089,-0.09857,-0.2647,186,region_0
211,S,P,-0.4681,-1.763,-0.2911,-0.389,-3.226,186,region_0
211,S,Q,-0.4166,-0.01801,-0.1491,-0.5188,-0.3167,186,region_0
211,S,R,0.657,1.008,0.06878,0.1152,-0.2258,186,region_0
211,S,S,0,0,0,0,0,186,region_0
211,S,T,0.2189,-0.04586,-0.03081,0.02787,0.518,186,region_0
211,S,V,0.1343,0.2864,0.1645,-0.01925,-0.2853,186,region_0
211,S,W,0.1135,-0.1972,-0.1132,-0.197,-1.089,186,region_0
211,S,Y,-0.2049,2.185,0.6337,0.3256,-2.435,186,region_0
212,C,A,-0.00968,-1.194,-0.4232,-0.08541,-2.631,187,region_0
212,C,C,0,0,0,0,0,187,region_0
212,C,D,,-1.178,0.01562,-0.05534,-2.851,187,region_0
212,C,E,0.06308,-0.5713,-0.1056,-0.5783,-2.516,187,region_0
212,C,F,-0.9166,-2.195,-0.3901,-0.8764,-3.27,187,region_0
212,C,G,-0.02006,-0.6024,-0.09449,0.2244,-2.71,187,region_0
212,C,H,-0.4011,-0.8676,0.1326,,-3.345,187,region_0
212,C,I,-0.991,0.653,-0.1218,-0.9499,-3.188,187,region_0
212,C,K,1.475,-0.7613,-0.5771,-0.5454,-3.165,187,region_0
212,C,L,-0.304,-0.6778,0.04046,-0.5762,-3.405,187,region_0
212,C,M,-0.2148,-0.4646,-0.1347,-0.338,-3.087,187,region_0
212,C,N,0.3449,-0.1362,-0.2778,-0.6734,-3.131,187,region_0
212,C,P,-0.3141,,-0.1141,-1.086,-2.973,187,region_0
212,C,Q,-1.366,,-0.01362,-0.375,-3.448,187,region_0
212,C,R,-0.5526,-0.4116,-0.01439,-0.2965,-3.259,187,region_0
212,C,S,-0.2923,-0.3884,0.09864,0.2655,-2.494,187,region_0
212,C,T,-0.9175,-1.574,-0.6392,-1.214,-3.218,187,region_0
212,C,V,0.3623,0.3553,-0.02678,-0.5014,-3.3,187,region_0
212,C,W,0.1492,-0.8688,0.1222,-0.8307,-3.135,187,region_0
212,C,Y,-0.3782,-0.6698,-0.2934,-0.3417,-3.095,187,region_0
213,R,A,-0.1148,-0.02913,-0.04755,0.1261,0.2284,188,region_0
213,R,C,-1.084,,,-0.04596,-3.187,188,region_0
213,R,D,0.1731,0.4575,-0.1808,-0.3492,0.4758,188,region_0
213,R,E,0.3294,0.6334,0.04182,0.06895,1.063,188,region_0
213,R,F,-0.2457,-0.3986,-0.2411,0.1699,0.079,188,region_0
213,R,G,-0.1451,-0.06433,-0.1448,0.129,-0.4589,188,region_0
213,R,H,-0.3288,-0.1927,0.1257,-0.3359,-0.7786,188,region_0
213,R,I,-0.06699,0.3115,-0.2927,0.2338,0.4723,188,region_0
213,R,K,0.1947,0.08964,0.3306,0.1326,-0.5269,188,region_0
213,R,L,-0.1018,0.05172,-0.09978,0.03246,0.4199,188,region_0
213,R,M,-0.02828,0.01007,-0.1769,0.2025,0.1823,188,region_0
213,R,N,,0.8522,0.6592,1.579,-3.45,188,region_0
213,R,P,-0.5993,,,0.224,-3.066,188,region_0
213,R,Q,-0.2708,0.01837,-0.2408,0.1548,0.1996,188,region_0
213,R,R,0,0,0,0,0,188,region_0
213,R,S,-0.512,0.623,0.0185,0.1508,-1.079,188,region_0
213,R,T,0.01012,0.4593,0.233,0.34,-0.2108,188,region_0
213,R,V,-0.1593,0.2076,0.1919,0.2468,0.1599,188,region_0
213,R,Y,-0.2115,0.0265,0.02973,0.1044,-0.3867,188,region_0
214,I,A,-0.162,-0.2558,-0.1348,-0.04019,-3.151,189,region_0
214,I,C,,,,,-3.473,189,region_0
214,I,D,,,,,-3.441,189,region_0
214,I,F,-0.1622,0.4356,0.7038,0.4186,-1.358,189,region_0
214,I,G,,,,,-3.268,189,region_0
214,I,H,,,,,-3.135,189,region_0
214,I,I,0,0,0,0,0,189,region_0
214,I,K,0.0008039,,0.0605,-0.8958,-2.912,189,region_0
214,I,L,0.154,0.7711,-0.1247,0.142,-0.2368,189,region_0
214,I,M,0.07292,0.2119,0.1034,0.02452,-0.2527,189,region_0
214,I,N,,-1.718,-0.5231,,-3.349,189,region_0
214,I,P,,,,,-3.375,189,region_0
214,I,Q,,,-0.1105,,-2.765,189,region_0
214,I,S,-0.4121,-1.584,0.2093,0.02601,-3.28,189,region_0
214,I,T,0.2824,-0.2271,-0.134,0.2868,-1.417,189,region_0
214,I,V,0.1186,0.2337,-0.03386,0.1003,-0.08287,189,region_0
214,I,W,,,,,-3.458,189,region_0
214,I,Y,-0.4422,-0.6235,-0.09015,0.04852,-2.808,189,region_0
215,S,A,-0.09017,0.1301,0.06784,0.099,0.0466,190,region_0
215,S,C,,,,,-2.919,190,region_0
215,S,D,-0.1311,0.1855,-0.03386,0.1085,0.7996,190,region_0
215,S,E,0.04944,0.4218,-0.1009,0.2165,0.4619,190,region_0
215,S,F,0.2302,-0.05848,0.8665,0.1662,-1.605,190,region_0
215,S,G,0.3499,-0.1736,-0.2061,0.2713,-0.195,190,region_0
215,S,H,,,,,0.06067,190,region_0
215,S,I,-0.7382,-0.6356,-0.203,-0.1131,-1.66,190,region_0
215,S,K,1.359,1.571,-0.1151,-0.06407,0.312,190,region_0
215,S,L,-0.2976,-0.1777,0.2839,0.1239,-1.134,190,region_0
215,S,M,-0.2239,0.3431,0.3789,0.09906,-0.856,190,region_0
215,S,N,0.07596,-0.02841,0.06915,0.2452,-0.3067,190,region_0
215,S,P,,,,,-3.401,190,region_0
215,S,Q,-0.1304,0.001798,-0.04596,,0.7598,190,region_0
215,S,R,0.7934,0.78,0.2198,-0.3175,-0.4405,190,region_0
215,S,S,0,0,0,0,0,190,region_0
215,S,T,-0.1721,0.03617,0.2766,0.3277,0.2999,190,region_0
215,S,V,-0.05783,0.1862,0.2517,0.06524,-1.651,190,region_0
215,S,W,0.04868,0.01393,-0.03457,-0.1528,-1.057,190,region_0
215,S,Y,0.2361,,,,-1.54,190,region_0
216,N,A,0.01998,0.1368,0.04395,-0.1888,-0.9115,191,region_0
216,N,C,-0.3219,-1.273,0.4525,-0.1893,-2.497,191,region_0
216,N,D,-0.2465,-0.07743,-0.1428,-0.2198,-0.1427,191,region_0
216,N,E,-0.07842,-0.02094,-0.2113,-0.2553,-0.6704,191,region_0
216,N,F,0.04405,-0.0311,-0.01217,-0.7484,-0.7966,191,region_0
216,N,G,0.01857,-0.01728,0.03898,-0.401,-0.4782,191,region_0
216,N,H,0.09594,-0.1704,-0.292,0.0323,0.1474,191,region_0
216,N,I,-0.3909,-0.5105,0.5223,-0.3076,-3.218,191,region_0
216,N,K,1.018,1.317,0.0707,0.1436,0.5302,191,region_0
216,N,L,-0.07828,-0.5975,0.1216,-0.04671,-1.375,191,region_0
216,N,M,-0.07005,0.05277,0.2759,-0.2936,-0.917,191,region_0
216,N,N,0,0,0,0,0,191,region_0
216,N,P,-0.8894,-1.79,-0.003628,-1.144,-3.446,191,region_0
216,N,Q,-0.03051,-0.1321,0.0524,-0.1766,0.3008,191,region_0
216,N,R,0.7134,1.213,0.2412,0.1295,-0.311,191,region_0
216,N,S,-0.1218,0.08428,-0.3991,-0.07185,-0.4431,191,region_0
216,N,T,-0.3652,-0.7867,0.04059,0.05856,-1.417,191,region_0
216,N,V,0.08374,,-0.161,-0.6273,-3.317,191,region_0
216,N,W,0.1608,-0.8918,-0.1072,0.041,-3.428,191,region_0
216,N,Y,-0.2621,-0.3003,-0.08471,-0.8092,-1.547,191,region_0
217,I,A,-1.401,-1.454,-0.243,-0.06557,-3.289,192,region_0
217,I,C,0.1268,-0.7716,-0.07611,-0.7959,-3.082,192,region_0
217,I,D,,,-0.1317,,-3.452,192,region_0
217,I,E,,,,-0.0794,-3.475,192,region_0
217,I,F,,0.1049,0.3884,1.076,-3.17,192,region_0
217,I,G,,,-0.005827,-0.00946,-3.411,192,region_0
217,I,H,,,,,-3.383,192,region_0
217,I,I,0,0,0,0,0,192,region_0
217,I,K,-1.481,-0.6078,-0.1553,-0.682,-3.498,192,region_0
217,I,L,0.09151,-0.1596,-0.006572,0.2503,0.512,192,region_0
217,I,M,0.1909,-0.5539,0.5423,0.595,-3.071,192,region_0
217,I,N,,,-0.03293,,-3.468,192,region_0
217,I,P,-0.04088,-1.607,0.3956,,-3.445,192,region_0
217,I,Q,,,,,-3.152,192,region_0
217,I,R,-0.7484,-0.003767,,,-3.394,192,region_0
217,I,S,-0.7049,-0.9742,-0.2459,,-3.433,192,region_0
217,I,T,-1.152,-0.2465,-0.2403,-0.6621,-1.866,192,region_0
217,I,V,0.1495,0.07634,-0.04873,-0.1025,0.647,192,region_0
217,I,W,0.04414,,,-1.105,-3.415,192,region_0
217,I,Y,-0.6932,-0.07347,1.017,,-3.396,192,region_0
218,E,A,-0.04915,-0.6006,-0.04214,-0.2598,-3.13,193,region_0
218,E,C,0.4332,-0.03787,-0.08233,,-3.03,193,region_0
218,E,D,-0.4011,0.7964,0.05224,-0.5626,-3.508,193,region_0
218,E,E,0,0,0,0,0,193,region_0
218,E,F,0.07354,-0.4637,-0.3525,-0.0324,-2.747,193,region_0
218,E,G,-0.5725,,,0.08665,-3.427,193,region_0
218,E,H,0.1849,-0.5862,0.3209,0.02958,-3.396,193,region_0
218,E,I,0.1389,1.284,-0.1025,0.1604,-2.463,193,region_0
218,E,K,-0.7673,-1.696,-0.1738,-0.1955,-3.508,193,region_0
218,E,L,0.8188,-0.02785,0.1606,0.4189,-2.228,193,region_0
218,E,M,-0.3667,-0.5749,-0.1279,-0.2308,-2.526,193,region_0
218,E,N,,-0.6091,-0.1924,-1.08,-3.46,193,region_0
218,E,P,,,,,-3.491,193,region_0
218,E,Q,-0.1449,-0.5767,-0.2723,-0.1824,-3.361,193,region_0
218,E,R,,,-0.2328,,-3.485,193,region_0
218,E,S,,,,,-3.468,193,region_0
218,E,T,-0.4145,-1.61,0.04208,-0.1732,-3.474,193,region_0
218,E,V,-0.2103,-0.2846,-0.1651,-0.03275,-2.639,193,region_0
218,E,W,-0.2299,-0.1348,-0.005667,-0.8876,-3.184,193,region_0
218,E,Y,0.6226,0.3241,0.2014,0.3949,-1.445,193,region_0
219,T,A,-0.05355,-0.1584,-0.1197,0.03536,-3.143,194,region_0
219,T,C,0.04311,,,,-2.978,194,region_0
219,T,D,-0.002221,-0.1507,-0.007839,-0.2214,-1.096,194,region_0
219,T,E,0.5605,-0.3635,0.1985,-0.4084,-2.445,194,region_0
219,T,F,0.4764,-0.2356,-0.1288,0.1642,-1.581,194,region_0
219,T,G,,,,,-3.179,194,region_0
219,T,H,-0.6767,,-0.4144,-0.5458,-2.523,194,region_0
219,T,I,0.1171,0.0282,-0.0831,0.08958,-0.2494,194,region_0
219,T,K,0.6868,-0.1643,-0.3498,-0.02608,-0.8729,194,region_0
219,T,L,-0.0425,-0.07038,0.01802,-0.23,-0.67,194,region_0
219,T,M,0.1606,-0.2519,-0.04398,-0.2294,-0.3441,194,region_0
219,T,N,,,0.7029,,-3.211,194,region_0
219,T,P,-0.3322,-0.8318,0.8093,0.3054,-3.405,194,region_0
219,T,Q,0.3233,-0.1327,-0.3673,-0.1341,-1.691,194,region_0
219,T,R,0.02687,-0.9582,-0.2259,-0.4776,-2.513,194,region_0
219,T,S,-0.05884,-0.9177,-0.1488,-0.5467,-2.455,194,region_0
219,T,T,0,0,0,0,0,194,region_0
219,T,V,0.04807,0.09764,0.329,0.03377,-0.1324,194,region_0
219,T,W,-0.991,-1.008,-0.1089,-0.2635,-3.437,194,region_0
220,V,A,-0.01063,-0.2689,0.3502,0.06082,-3.197,195,region_0
220,V,C,,-0.8286,-0.1987,,-3.442,195,region_0
220,V,D,-0.2442,0.6037,-0.318,-1.336,-2.961,195,region_0
220,V,E,-0.7246,-1.453,-0.5913,0.04434,-3.188,195,region_0
220,V,F,0.3098,-1.483,0.03719,-0.5252,-2.723,195,region_0
220,V,G,,,-0.0908,-0.07665,-3.362,195,region_0
220,V,H,-0.9006,-1.184,-0.3666,0.1114,-3.256,195,region_0
220,V,I,-0.03744,-0.3247,-0.1428,-0.05513,-0.05807,195,region_0
220,V,K,-0.2221,-0.6694,0.3673,0.05173,-3.111,195,region_0
220,V,L,-0.2206,-0.2768,-0.2443,-0.09305,-0.6391,195,region_0
220,V,M,-0.2647,-1.321,0.1714,-0.6868,-3.243,195,region_0
220,V,N,0.0574,-0.2632,-0.05581,-0.3929,-3.409,195,region_0
220,V,P,-0.1329,-1.57,-0.1646,,-3.427,195,region_0
220,V,Q,-0.1928,-0.4255,-0.2134,0.4593,-3.417,195,region_0
220,V,R,0.04551,-0.07883,-0.3176,,-3.239,195,region_0
220,V,S,-0.108,-1.65,0.003305,-1.065,-3.234,195,region_0
220,V,T,-0.04683,0.3761,0.2118,0.2054,-3.181,195,region_0
220,V,V,0,0,0,0,0,195,region_0
220,V,W,-0.08861,,0.04316,0.6789,-2.417,195,region_0
220,V,Y,0.1187,-0.2575,-0.1063,-0.2892,-2.701,195,region_0
221,I,A,0.5429,-0.703,-0.02387,-0.6047,-3.44,196,region_0
221,I,C,-0.6251,,-0.1227,-0.3838,-3.45,196,region_0
221,I,D,-0.511,,,,-2.849,196,region_0
221,I,E,-0.3532,,-0.06232,,-3.269,196,region_0
221,I,F,0.297,-0.6259,-0.2612,-0.1794,-1.981,196,region_0
221,I,G,-0.05491,,0.2388,-0.8872,-3.431,196,region_0
221,I,H,,,,,-3.167,196,region_0
221,I,I,0,0,0,0,0,196,region_0
221,I,K,,,-0.03255,,-3.529,196,region_0
221,I,L,0.1964,0.4467,0.2446,-0.1474,0.411,196,region_0
221,I,M,0.02926,0.1751,0.2941,0.2423,-0.08108,196,region_0
221,I,N,,,0.2217,,-3.466,196,region_0
221,I,P,-0.533,-0.8404,-0.3828,-1.101,-3.308,196,region_0
221,I,Q,,,-0.1406,,-3.383,196,region_0
221,I,R,,,0.306,-0.7421,-3.222,196,region_0
221,I,S,-0.3269,0.4242,-0.2504,1.071,-3.371,196,region_0
221,I,T,,,,,-3.256,196,region_0
221,I,V,0.2952,-1.78,-0.07177,-0.7146,-1.501,196,region_0
221,I,W,-0.2704,-1.289,-0.02313,-0.2061,-3.503,196,region_0
221,I,Y,,-1.475,-0.3944,-0.8467,-3.417,196,region_0
222,E,A,-0.2347,-0.213,-0.03232,0.2092,-2.12,197,region_0
222,E,C,-0.4958,-0.706,0.006891,0.004811,-2.168,197,region_0
222,E,D,-0.1944,-1.071,-0.2109,-0.8665,-2.545,197,region_0
222,E,E,0,0,0,0,0,197,region_0
222,E,F,0.05069,-0.4693,-0.1437,-0.07113,-1.316,197,region_0
222,E,G,-0.4839,-0.5329,-0.00717,-0.4708,-3.17,197,region_0
222,E,H,0.266,-1.091,0.03385,-0.5777,-3.163,197,region_0
222,E,I,-0.3904,-0.9797,-0.1943,-0.6392,-1.826,197,region_0
222,E,K,-0.5282,-2.021,-0.2108,-0.2729,-3.503,197,region_0
222,E,L,0.3855,-0.02072,0.06941,-0.07466,-1.014,197,region_0
222,E,M,0.02987,-0.1909,-0.1202,0.3296,-0.0101,197,region_0
222,E,N,0.3931,-0.9352,-0.09503,,-2.974,197,region_0
222,E,P,-0.6096,,-0.2258,-0.2916,-3.202,197,region_0
222,E,Q,0.1851,0.06773,0.06467,0.09849,-1.361,197,region_0
222,E,R,,,-0.3296,-0.8279,-3.389,197,region_0
222,E,S,,,,,-3.016,197,region_0
222,E,T,-0.4465,0.3804,-0.08874,0.04816,-1.152,197,region_0
222,E,V,-0.2649,-0.08942,0.03376,-0.4129,-1.669,197,region_0
222,E,W,-0.04787,-0.2129,-0.3697,-0.1987,-2.028,197,region_0
222,E,Y,0.3521,0.01764,0.04621,0.03718,-1.587,197,region_0
223,F,A,0.7462,0.07486,0.3155,0.2019,-3.128,198,region_0
223,F,C,-0.5219,,-0.2409,-0.1,-2.941,198,region_0
223,F,D,-0.2528,-0.5321,0.009632,-0.2728,-3.084,198,region_0
223,F,E,0.07375,-0.09684,-0.126,-0.8138,-2.857,198,region_0
223,F,F,0,0,0,0,0,198,region_0
223,F,G,0.1789,-0.7485,-0.09631,-0.8403,-3.304,198,region_0
223,F,H,-0.7957,-0.1399,-0.2185,-0.5008,-2.962,198,region_0
223,F,I,,-1.98,-0.3146,-1.217,-3.294,198,region_0
223,F,K,-0.2212,-0.06402,-0.06004,-0.2833,-2.73,198,region_0
223,F,L,-0.4723,-1.789,-0.008809,-0.5492,-1.536,198,region_0
223,F,M,-0.07371,-0.03578,0.01471,-0.06639,-2.554,198,region_0
223,F,N,0.0526,-0.6369,-0.198,0.1145,-2.768,198,region_0
223,F,P,-0.3904,0.5585,0.04668,0.2271,-3.175,198,region_0
223,F,Q,-0.6223,-0.314,-0.02473,0.05337,-2.825,198,region_0
223,F,R,-0.05466,,-0.05359,-0.5405,-3.062,198,region_0
223,F,S,-0.1002,0.458,0.181,0.08062,-2.9,198,region_0
223,F,T,0.2163,,0.2781,-0.538,-3.099,198,region_0
223,F,V,0.7218,0.09339,-0.05172,,-3.453,198,region_0
223,F,W,0.637,-0.2628,0.195,0.1022,-2.882,198,region_0
223,F,Y,-0.3308,-0.1947,-0.2588,-0.9701,-3.43,198,region_0
224,Q,A,0.01597,0.03604,0.1066,-0.1774,-0.4503,199,region_0
224,Q,C,-0.1344,-0.836,0.04224,-0.05127,-2.958,199,region_0
224,Q,D,-0.7286,-1.637,-0.3966,-0.5513,-3.241,199,region_0
224,Q,E,-0.2835,-0.5475,-0.03848,0.07757,-2.159,199,region_0
224,Q,F,0.07371,-0.3751,0.3467,-0.8089,-2.905,199,region_0
224,Q,G,0.3523,-0.874,-0.2249,-0.0375,-2.349,199,region_0
224,Q,H,-0.1065,-0.2496,-0.4859,-0.2491,-1.768,199,region_0
224,Q,I,-0.5247,-0.1324,-0.3993,0.28,-2.571,199,region_0
224,Q,K,0.1164,-0.547,-0.1183,-0.4041,-3.046,199,region_0
224,Q,L,-0.3971,-1.543,0.2915,-0.2687,-3.115,199,region_0
224,Q,M,0.2058,0.3437,0.1868,0.2398,-0.2131,199,region_0
224,Q,N,-0.07571,-0.2552,0.01579,-0.1507,-2.421,199,region_0
224,Q,P,-0.4502,-0.05484,-0.1281,-0.2368,-2.909,199,region_0
224,Q,Q,0,0,0,0,0,199,region_0
224,Q,R,0.2205,-0.9965,0.3886,-0.6917,-3.31,199,region_0
224,Q,S,0.2415,0.5322,-0.03452,0.003607,-0.7739,199,region_0
224,Q,T,0.2171,0.01123,0.06946,0.01616,-1.84,199,region_0
224,Q,V,0.006743,0.2926,-0.02584,-0.1043,-2.771,199,region_0
224,Q,W,-0.5364,-1.393,-0.002474,-0.269,-1.964,199,region_0
224,Q,Y,-0.2669,,-0.1805,-0.1081,-1.825,199,region_0
225,Q,A,0.06047,-0.05817,0.0577,-0.02488,-1.045,200,region_0
225,Q,C,-0.4181,,-0.07179,-1.192,-3.389,200,region_0
225,Q,D,0.2196,-0.7747,0.6292,0.317,-2.987,200,region_0
225,Q,E,0.0728,0.1153,0.5979,0.1287,-0.8322,200,region_0
225,Q,F,0.2355,0.0331,-0.01042,0.3389,0.3854,200,region_0
225,Q,G,-0.2226,-0.6164,0.1643,-0.3469,-2.74,200,region_0
225,Q,H,-0.1773,-0.1914,-0.07558,0.04361,-0.6769,200,region_0
225,Q,I,0.116,-1.629,-0.04209,-0.1879,-2.131,200,region_0
225,Q,K,-0.3326,-1.021,-0.05314,-0.9886,-3.477,200,region_0
225,Q,L,0.257,0.04921,0.07793,0.04374,0.3035,200,region_0
225,Q,M,0.1267,0.1467,0.4263,0.3146,0.1001,200,region_0
225,Q,N,0.04439,-0.3813,-0.0908,-0.09788,-0.3638,200,region_0
225,Q,P,,-0.853,-0.03897,,-3.461,200,region_0
225,Q,Q,0,0,0,0,0,200,region_0
225,Q,R,-0.8773,-1.8,0.06133,-0.3073,-3.458,200,region_0
225,Q,S,-0.03659,-0.1854,0.07257,0.4121,-0.9166,200,region_0
225,Q,T,0.118,-0.08974,0.117,0.3409,-1.864,200,region_0
225,Q,V,0.1429,0.03764,-0.1018,0.04898,-1.238,200,region_0
225,Q,W,-0.1337,0.08015,0.05006,-0.1191,-0.7679,200,region_0
225,Q,Y,0.1652,0.2684,0.09671,0.2319,0.7674,200,region_0
226,K,A,,,,,-0.7587,201,region_0
226,K,C,-0.03684,-0.3913,0.02567,-0.08501,-0.7892,201,region_0
226,K,D,,-1.53,,,-3.45,201,region_0
226,K,E,-0.1596,-0.1781,-0.1644,-0.2702,-0.6527,201,region_0
226,K,F,-0.1838,0.02482,0.2953,0.01093,-0.0204,201,region_0
226,K,G,-0.3006,,0.3879,-0.5749,-3.253,201,region_0
226,K,I,0.172,0.03868,0.45,0.2941,0.2553,201,region_0
226,K,K,0,0,0,0,0,201,region_0
226,K,L,0.05448,-0.3968,0.154,,-0.08515,201,region_0
226,K,M,-0.1395,0.09759,0.379,0.247,-0.1924,201,region_0
226,K,N,-0.2082,-0.07645,-0.32,-0.0008981,-0.0526,201,region_0
226,K,R,-0.01121,0.03313,-0.07895,-0.05049,0.1134,201,region_0
226,K,S,,-0.1257,0.05893,,-1.988,201,region_0
226,K,T,-0.2046,-0.4333,-0.1054,-0.07281,0.456,201,region_0
226,K,V,0.2054,0.3136,0.1691,0.387,-0.06363,201,region_0
226,K,W,-0.2193,-0.09106,0.2256,0.1852,0.6037,201,region_0
226,K,Y,-0.1198,0.06318,0.1784,0.2572,-0.8708,201,region_0
227,N,A,,,,,-3.404,202,region_0
227,N,C,,,,,-3.387,202,region_0
227,N,D,-0.5002,-0.9777,-0.1252,-0.4359,-3.444,202,region_0
227,N,E,-0.6882,,,-0.7137,-3.359,202,region_0
227,N,F,,-1.582,-0.03838,-0.4173,-3.188,202,region_0
227,N,G,-0.4348,-1.566,-0.5241,-1.184,-3.253,202,region_0
227,N,H,-0.8025,-0.5875,-0.06737,-0.6703,-2.5,202,region_0
227,N,I,,-1.843,,-0.4956,-3.403,202,region_0
227,N,K,0.03778,-0.555,-0.03076,0.3836,-2.921,202,region_0
227,N,L,,,,,-3.314,202,region_0
227,N,M,-1.086,-0.701,-0.2064,-1.077,-3.468,202,region_0
227,N,N,0,0,0,0,0,202,region_0
227,N,P,0.06567,0.6287,0.3257,-0.9685,-3.153,202,region_0
227,N,Q,,,,,-3.304,202,region_0
227,N,R,-0.2738,-0.8005,0.4948,-0.6146,-3.28,202,region_0
227,N,S,-0.5555,-0.8226,0.3486,-0.3291,-3.049,202,region_0
227,N,T,,,-0.2326,,-3.441,202,region_0
227,N,V,,,,,-3.463,202,region_0
227,N,W,0.3885,-2.046,-0.1735,-0.4753,-3.167,202,region_0
227,N,Y,-0.06174,-0.2914,-0.1464,-0.05247,-3.303,202,region_0
228,N,A,0.3932,-0.04212,-0.3295,-0.02228,-0.4397,203,none
228,N,C,-0.2459,-1.183,-0.4972,-0.3112,-2.378,203,none
228,N,D,-0.09018,-0.7045,-0.1748,0.1284,0.6177,203,none
228,N,E,0.3674,-0.07132,0.3946,0.8337,1.063,203,none
228,N,F,-0.16,,0.2711,-0.06277,-0.6974,203,none
228,N,G,-0.05934,-0.1461,-0.1052,0.001629,-0.826,203,none
228,N,H,-0.1354,-0.1842,0.1397,-0.1795,-0.2044,203,none
228,N,I,-0.5427,0.7342,0.3333,0.962,-2.077,203,none
228,N,K,-0.5929,-2.246,-0.1094,-0.523,-3.332,203,none
228,N,L,-0.004708,0.5328,0.4578,0.6605,-2.146,203,none
228,N,M,-0.03248,0.4621,0.02933,0.2327,0.3424,203,none
228,N,N,0,0,0,0,0,203,none
228,N,P,-0.2033,0.512,-0.3049,-0.4708,-3.165,203,none
228,N,Q,0.1448,0.2335,0.1934,0.4414,-0.02835,203,none
228,N,R,-0.03023,0.3493,0.7679,-0.001607,-1.361,203,none
228,N,S,-0.07047,0.008913,0.07344,-0.05221,0.603,203,none
228,N,T,-0.04662,0.2808,0.06678,0.01319,0.7994,203,none
228,N,V,0.09434,0.07735,0.3032,0.3804,0.83,203,none
228,N,W,0.2599,-0.9963,-0.06492,-0.4738,-0.6991,203,none
228,N,Y,0.04826,-0.5098,-0.1059,-0.1041,-1.155,203,none
229,R,A,0.1055,-0.1876,0.4131,-0.5702,-2.987,204,none
229,R,C,-0.03557,-0.3785,-0.2509,-0.04424,-3.076,204,none
229,R,D,-0.06865,,-0.1712,-0.1037,-3.155,204,none
229,R,E,0.2518,-0.7389,0.1671,-0.3277,-3.384,204,none
229,R,G,-0.6252,-0.9577,-0.1206,0.2152,-3.251,204,none
229,R,H,-0.3901,-1.213,-0.4233,-1.263,-3.147,204,none
229,R,I,-0.3415,-1.108,0.04537,0.2544,-3.314,204,none
229,R,K,-0.3001,-1.06,-0.4434,-0.4591,-3.289,204,none
229,R,L,0.1589,-0.2945,0.4072,-0.024,-3.032,204,none
229,R,M,-0.5475,-1.284,-0.3841,-0.09835,-3.333,204,none
229,R,N,0.03536,-0.225,0.1155,0.008585,-2.901,204,none
229,R,P,-0.5326,-0.1659,0.3781,0.21,-3.161,204,none
229,R,Q,-0.2065,,,0.2092,-3.033,204,none
229,R,R,0,0,0,0,0,204,none
229,R,S,-0.488,0.03247,0.5609,-0.05434,-3.353,204,none
229,R,T,-0.2054,0.5244,0.2712,0.05748,-3.282,204,none
229,R,V,-0.3564,0.1496,0.671,-0.2463,-3.027,204,none
229,R,W,-0.658,-0.3763,-0.1926,0.5144,-3.3,204,none
229,R,Y,-0.66,-1.575,0.07155,-0.3064,-3.391,204,none
230,L,A,0.035,-1.324,0.2845,-0.125,-2.962,205,none
230,L,C,-0.2581,,-0.04535,-0.8559,-3.436,205,none
230,L,D,-0.3264,-1.255,-0.02361,-0.1762,-2.96,205,none
230,L,E,,,,,-3.443,205,none
230,L,F,0.05076,-0.01621,0.1691,0.5828,0.514,205,none
230,L,G,0.09991,-0.3872,-0.2157,-0.5866,-3.106,205,none
230,L,H,-0.7017,-0.5957,-0.2626,-0.01135,-3.427,205,none
230,L,I,-0.3329,,-0.1904,,-3.099,205,none
230,L,K,,-0.08778,,,-3.234,205,none
230,L,L,0,0,0,0,0,205,none
230,L,M,0.04117,-0.1751,-0.02918,0.03113,-2.2,205,none
230,L,N,,,,-0.5557,-3.241,205,none
230,L,P,-0.08338,-1.108,0.09931,-0.1514,-3.173,205,none
230,L,Q,-0.3799,-0.791,0.3045,-0.1395,-3.109,205,none
230,L,R,-0.3451,0.02715,-0.003796,-0.1996,-3.103,205,none
230,L,S,-0.3136,-0.2525,0.01327,-0.4098,-3.221,205,none
230,L,T,0.1928,,-0.02317,-0.5861,-3.414,205,none
230,L,V,0.8366,-0.3547,0.4603,0.1687,-3.148,205,none
230,L,W,-0.1591,-0.1298,0.002152,0.3908,-2.95,205,none
230,L,Y,,,-0.05364,,-3.074,205,none
231,L,A,-0.3326,,-0.2107,,-3.437,206,none
231,L,C,0.02806,0.09105,-0.1546,-0.214,-2.442,206,none
231,L,D,,,-0.04988,,-3.208,206,none
231,L,E,-0.4568,-1.538,-0.2395,-0.8747,-3.239,206,none
231,L,F,-0.5786,,-0.1741,-0.5719,-3.291,206,none
231,L,H,-0.004188,-1.666,0.2315,-0.4377,-3.374,206,none
231,L,I,0.1368,-0.1391,-0.1761,-0.2591,-1.161,206,none
231,L,K,0.01405,-0.5038,0.5727,-0.1177,-3.337,206,none
231,L,L,0,0,0,0,0,206,none
231,L,M,0.1671,-2.026,-0.002871,-0.3414,-3.187,206,none
231,L,N,,,,,-3.212,206,none
231,L,P,-0.04521,-0.453,0.08375,0.09918,-3.273,206,none
231,L,Q,-0.1596,-0.2686,-0.464,-0.3347,-2.067,206,none
231,L,R,,0.7978,-0.2228,-0.2396,-3.458,206,none
231,L,T,,,-0.01124,,-3.321,206,none
231,L,V,-0.2376,,0.01421,-0.06122,-1.074,206,none
231,L,W,,,-0.2822,,-3.475,206,none
231,L,Y,-0.2055,-1.02,-0.06665,-0.7524,-3.438,206,none
232,E,C,0.2696,,-0.1316,-1.14,-3.433,207,none
232,E,D,-0.05249,0.2255,0.3788,0.4996,0.2576,207,none
232,E,E,0,0,0,0,0,207,none
232,E,F,0.2833,-0.0927,0.6666,0.0347,-2.89,207,none
232,E,G,-0.707,-0.2099,-0.2345,-0.3749,-3.439,207,none
232,E,H,-0.1882,-0.2751,-0.02262,-0.6759,-2.936,207,none
232,E,I,-0.5223,-0.9889,-0.03831,-1.036,-3.26,207,none
232,E,K,-0.4653,-1.192,0.1738,-1.078,-3.53,207,none
232,E,L,-0.1375,-0.2224,0.03,-0.1033,-3.268,207,none
232,E,M,-0.2163,-0.1247,-0.1394,0.1673,,207,none
232,E,N,,,-0.3824,,-3.232,207,none
232,E,P,0.6486,-1.014,-0.2173,0.3843,-2.993,207,none
232,E,Q,0.003871,0.2705,0.4689,0.04789,-1.538,207,none
232,E,R,,,,,-3.463,207,none
232,E,S,-0.4107,,0.06847,-0.1058,-2.813,207,none
232,E,T,-0.3145,-0.5522,-0.3534,-0.1955,-2.88,207,none
232,E,V,-0.1303,0.4862,0.2036,-0.2577,-3.469,207,none
232,E,W,-0.5167,-0.5831,0.2966,0.1415,-2.742,207,none
232,E,Y,0.2449,0.3109,0.4325,-0.2352,-2.071,207,none
233,I,A,-0.1839,-0.5396,,-0.3071,-2.961,208,none
233,I,C,-0.1141,-0.3107,0.03707,-0.1456,-3.159,208,none
233,I,D,-0.4658,-0.1531,0.3725,-0.4101,-3.088,208,none
233,I,E,-0.3839,-0.1538,0.5542,-0.3866,-3.096,208,none
233,I,F,-0.2536,-0.2278,-0.2527,-0.1793,-3.151,208,none
233,I,G,-0.4503,-0.4345,-0.01823,0.2532,-3.243,208,none
233,I,H,0.005849,-0.009756,0.6985,0.1597,-3.098,208,none
233,I,I,0,0,0,0,0,208,none
233,I,K,-0.8318,-0.6768,0.4589,-0.5323,-3.318,208,none
233,I,L,-0.01609,0.05764,0.2941,-0.05898,-0.9634,208,none
233,I,M,-0.2157,0.1577,0.1333,-0.8997,-1.323,208,none
233,I,N,-1.377,-0.329,-0.1006,-1.106,-3.005,208,none
233,I,P,-0.8487,-1.641,-0.1197,-0.9535,-3.228,208,none
233,I,Q,-0.4194,-0.3729,0.3117,0.212,-3.002,208,none
233,I,R,-0.1505,-0.5494,0.1049,-0.2915,-3.219,208,none
233,I,S,-0.05443,-1.01,0.3276,-0.3144,-3.304,208,none
233,I,T,-0.2848,0.143,-0.07812,-0.1946,-3.207,208,none
233,I,V,-0.08991,-0.07919,0.388,-0.01149,-0.3505,208,none
233,I,W,,,0.02796,,-3.436,208,none
233,I,Y,0.1758,-0.6138,-0.07647,0.03991,-3.37,208,none
234,T,A,-0.2897,-0.09995,0.03791,0.5715,0.1469,209,none
234,T,C,,-1.115,-0.4063,-0.03713,-2.98,209,none
234,T,D,-0.5843,-0.8739,0.1642,-0.2043,-2.742,209,none
234,T,E,-0.1622,-0.2614,-0.131,-0.1988,-0.7921,209,none
234,T,F,-0.1471,-1.162,-0.1631,-0.9296,-3.457,209,none
234,T,G,-0.4579,-0.1872,-0.1971,0.1068,-0.4068,209,none
234,T,H,-0.4125,-0.7086,0.07912,-0.3047,-0.7548,209,none
234,T,I,-0.7227,-0.9158,0.19,-0.7367,-3.336,209,none
234,T,K,-0.9001,-0.8809,-0.2674,-0.3637,-3.373,209,none
234,T,L,,,,,-3.36,209,none
234,T,M,,,0.00302,,-2.058,209,none
234,T,N,0.2684,-0.1423,0.1226,0.2154,-1.095,209,none
234,T,P,-0.1971,-0.6189,,-0.5242,-3.38,209,none
234,T,Q,,,,,-3.23,209,none
234,T,R,-0.3677,-1.523,-0.3571,-0.1879,-3.508,209,none
234,T,S,-0.1392,0.07472,-0.03793,0.6636,-0.1802,209,none
234,T,T,0,0,0,0,0,209,none
234,T,V,,,-0.238,,-3.367,209,none
234,T,W,-0.2988,-0.8028,0.1097,0.5296,-2.261,209,none
234,T,Y,-0.05871,-0.2785,-0.2476,-0.3537,-2.194,209,none
235,R,A,,,0.1577,,-3.393,210,none
235,R,C,-0.01094,-1.116,-0.4392,-0.5042,-3.405,210,none
235,R,D,,-1.507,-0.5019,-0.1889,-2.542,210,none
235,R,E,-0.1205,-0.2947,0.714,0.6715,-1.178,210,none
235,R,F,-0.4324,-0.06005,0.4153,0.6402,-1.845,210,none
235,R,G,0.1282,0.004351,0.1831,0.2197,-0.7965,210,none
235,R,H,-0.0157,0.212,0.1346,0.4106,0.1133,210,none
235,R,I,0.1458,-0.5675,0.1268,0.2954,-2.624,210,none
235,R,K,-0.06755,0.08066,0.1729,0.5043,0.4684,210,none
235,R,L,0.1374,0.1534,0.5371,0.3713,-0.2628,210,none
235,R,M,0.1523,-0.003687,0.1488,1.215,-1.069,210,none
235,R,N,0.6371,-0.1708,0.3033,0.12,-1.912,210,none
235,R,P,-0.3017,-0.3479,-0.3619,-1.113,-3.333,210,none
235,R,Q,0.1401,0.4356,0.637,0.5856,0.872,210,none
235,R,R,0,0,0,0,0,210,none
235,R,S,-0.213,-0.2593,0.331,0.3527,-3.021,210,none
235,R,T,0.1908,0.08792,0.1902,0.1348,0.1204,210,none
235,R,V,0.1586,0.007123,0.295,0.3061,-1.226,210,none
235,R,W,-0.1628,-0.5099,0.1927,0.2227,-1.364,210,none
235,R,Y,-0.666,0.02746,0.2418,0.4619,-1.291,210,none
236,E,A,-0.2691,,,-0.1399,-3.45,211,none
236,E,C,-0.2937,-1.158,-0.2015,0.1236,-3.476,211,none
236,E,D,-0.4031,-1.202,0.1934,0.199,-3.362,211,none
236,E,E,0,0,0,0,0,211,none
236,E,F,-0.821,-0.5735,-0.2909,-1.38,-3.171,211,none
236,E,G,,-1.514,,,-3.414,211,none
236,E,H,-0.2965,-0.1748,-0.2654,,-3.322,211,none
236,E,I,-0.0424,-0.2554,-0.05771,0.1121,-3.378,211,none
236,E,K,-0.01365,-0.5527,-0.3452,-0.9042,-3.147,211,none
236,E,L,0.2519,,,,-3.258,211,none
236,E,M,-0.3946,,,,-3.306,211,none
236,E,N,-0.6071,-0.6073,0.5271,-0.09133,-3.142,211,none
236,E,P,-0.4314,-0.8284,0.0484,0.2216,-3.192,211,none
236,E,Q,-0.04315,0.00513,0.1969,-0.1057,-1.449,211,none
236,E,R,-0.8734,-0.1123,-0.02059,-0.5074,-3.349,211,none
236,E,T,-0.05163,,0.9312,-0.2207,-3.468,211,none
236,E,V,-0.4568,-1.489,-0.3466,-0.5989,-3.362,211,none
236,E,W,0.1304,-0.3703,-0.5493,-0.9223,-3.272,211,none
236,E,Y,0.1498,-0.9401,-0.09175,,-3.316,211,none
237,F,A,,,-0.102,,-3.426,212,none
237,F,C,-0.2172,-0.0314,-0.05927,0.05732,-3.223,212,none
237,F,D,-0.1048,-0.5593,-0.07866,-0.3436,-3.383,212,none
237,F,E,-0.352,-1.124,-0.1351,-0.5741,-3.342,212,none
237,F,F,0,0,0,0,0,212,none
237,F,G,-0.2715,-1.804,-0.2305,-0.468,-3.118,212,none
237,F,H,-0.3316,,0.09241,0.1284,-3.142,212,none
237,F,I,-0.448,-0.458,-0.2263,0.4759,-3.417,212,none
237,F,K,-0.2299,-0.9263,0.3171,0.1782,-3.315,212,none
237,F,L,0.282,-1.12,-0.05222,-1.073,-3.393,212,none
237,F,M,0.4621,0.008783,-0.2095,-0.3488,-3.402,212,none
237,F,N,-0.3716,-1.174,-0.1742,-0.4003,-3.4,212,none
237,F,P,,,,,-3.343,212,none
237,F,Q,-0.8877,-1.078,-0.19,-0.4482,-3.298,212,none
237,F,R,0.1988,-0.6876,-0.1315,-0.2204,-3.069,212,none
237,F,S,0.02168,-0.1606,-0.1755,0.06305,-3.085,212,none
237,F,T,-0.8037,,,,-3.292,212,none
237,F,V,-0.4655,-0.3775,-0.3925,-1.386,-3.477,212,none
237,F,W,-0.28,-0.8718,-0.05567,-0.8728,-3.211,212,none
237,F,Y,-0.3774,0.07822,0.1177,0.299,-1.3,212,none
238,S,A,0.03087,0.02151,0.07134,0.1117,-0.2177,213,none
238,S,C,0.1842,0.03976,-0.2029,0.08173,-1.973,213,none
238,S,D,-0.332,-0.1254,0.7016,-0.2832,-2.781,213,none
238,S,E,-0.8412,0.0339,0.1085,-0.5283,-3.263,213,none
238,S,F,-1.311,,-0.06092,,-3.389,213,none
238,S,G,-0.2323,0.2307,0.04712,-0.45,-0.7822,213,none
238,S,H,-0.2736,,0.9055,0.02421,-3.273,213,none
238,S,I,-0.3357,-1.889,-0.5061,-0.6479,-3.327,213,none
238,S,K,,,,,-3.354,213,none
238,S,M,-0.5196,,0.09132,0.2258,-3.308,213,none
238,S,N,-0.01839,-0.1052,-0.07629,-0.035,-0.1693,213,none
238,S,P,-0.4981,-0.6794,-0.2872,-0.8473,-3.192,213,none
238,S,Q,0.1001,-0.1961,0.2876,0.3186,-0.7342,213,none
238,S,R,-0.07547,-0.06074,0.8721,-0.1799,-3.5,213,none
238,S,S,0,0,0,0,0,213,none
238,S,T,-0.9468,-1.199,0.2339,-0.1729,-3.193,213,none
238,S,V,,,,-0.007472,-3.224,213,none
238,S,W,-0.9682,,,,-3.489,213,none
238,S,Y,,,-0.2275,,-3.406,213,none
239,V,A,,,,0.2942,-1.068,214,none
239,V,C,-0.1881,-0.2975,-0.2361,-0.2214,-0.8653,214,none
239,V,D,-0.09218,-1.076,0.5543,0.3145,-1.901,214,none
239,V,E,0.003862,-0.0437,0.1421,0.3256,-1.465,214,none
239,V,F,0.04399,0.08123,-0.2021,-0.4969,-1.499,214,none
239,V,G,-0.1481,,0.3987,-0.2688,-2.682,214,none
239,V,H,-0.1274,-0.4859,0.09534,0.336,-0.3135,214,none
239,V,I,-0.04251,,-0.1732,-0.1785,-0.6402,214,none
239,V,K,-0.3293,-0.6196,0.1041,0.02993,-2.475,214,none
239,V,L,0.341,0.2654,0.1939,0.4174,-1.023,214,none
239,V,M,0.1633,-0.2658,0.1617,0.1546,-0.232,214,none
239,V,N,,,,-0.2091,-3.303,214,none
239,V,P,,,-0.1234,,-3.364,214,none
239,V,Q,-0.02938,-1.519,-0.1846,-0.8025,-1.446,214,none
239,V,R,0.1983,-1.636,0.1314,-0.01407,-1.485,214,none
239,V,S,0.02519,0.1202,0.45,0.3435,-0.08219,214,none
239,V,T,-0.1275,0.06272,-0.1394,0.03099,-0.2077,214,none
239,V,V,0,0,0,0,0,214,none
239,V,W,-0.5378,-0.8323,-0.278,-0.3024,-2.869,214,none
239,V,Y,-0.2418,,,,-2.296,214,none
240,N,A,0.2448,0.04805,0.2174,0.3757,1.34,215,none
240,N,C,0.1009,0.3258,0.4151,0.6095,1.439,215,none
240,N,D,0.1829,-0.1104,0.2504,0.6201,-0.9379,215,none
240,N,E,0.1608,0.1895,0.1563,0.1123,-0.03585,215,none
240,N,F,0.1106,-0.1077,0.06233,0.05164,0.1373,215,none
240,N,G,0.05651,0.1167,0.5292,0.8752,0.5088,215,none
240,N,H,-0.05888,0.2952,0.2167,0.1898,0.938,215,none
240,N,I,,,,,-3.229,215,none
240,N,K,-0.03652,0.5347,0.136,0.03034,-0.698,215,none
240,N,L,0.03721,-0.3146,0.4509,0.3082,-2.572,215,none
240,N,M,0.04211,0.2823,-0.161,0.09214,0.4203,215,none
240,N,N,0,0,0,0,0,215,none
240,N,P,-0.6162,,,-0.01391,-3.189,215,none
240,N,Q,0.04319,0.0255,0.09045,0.4119,1.053,215,none
240,N,R,-0.1488,-0.2958,0.286,-0.08306,-0.3812,215,none
240,N,S,0.02256,0.05766,0.1772,0.1203,0.5705,215,none
240,N,T,0.1906,0.2336,0.1887,0.5034,0.4163,215,none
240,N,V,0.5073,0.8869,0.09268,0.2946,-0.6775,215,none
240,N,W,0.1695,0.2357,0.07596,0.0973,-0.4144,215,none
240,N,Y,0.1963,0.08056,0.2713,0.4163,0.6652,215,none
241,A,A,0,0,0,0,0,216,none
241,A,C,0.002443,-0.01716,-0.008574,-0.4249,-0.8891,216,none
241,A,D,-0.003836,-0.3527,0.01751,-0.4192,-2.643,216,none
241,A,E,,,,,-3.485,216,none
241,A,F,,,,,-3.459,216,none
241,A,G,0.1897,-0.2761,0.2161,-0.001932,-2.366,216,none
241,A,H,0.04717,,,,-3.463,216,none
241,A,I,-0.08731,-0.1369,0.09208,-0.1346,-0.8048,216,none
241,A,K,0.07072,,0.221,-0.09018,-3.506,216,none
241,A,L,-0.07186,,0.06353,0.1246,-2.402,216,none
241,A,M,-0.6078,-0.328,0.09095,-0.06047,-2.31,216,none
241,A,N,-0.7044,,,,-3.02,216,none
241,A,P,,,0.001027,,-3.205,216,none
241,A,Q,-1.104,-1.828,-0.02361,,-3.449,216,none
241,A,R,-0.2468,,-0.2827,-0.06214,-3.447,216,none
241,A,S,0.5692,0.03096,0.6453,0.1371,-2.456,216,none
241,A,T,0.05037,-0.2406,-0.3474,0.1482,-0.9778,216,none
241,A,V,-0.11,0.3097,0.2254,0.05161,0.5887,216,none
241,A,W,,,-0.4417,,-3.227,216,none
241,A,Y,-0.3594,,,,-3.349,216,none
242,G,C,0.2945,-1.417,0.009575,-0.6001,-3.47,217,none
242,G,D,-0.1834,0.2371,0.1189,-0.09705,-2.929,217,none
242,G,E,,0.1793,-0.05123,0.1168,-3.309,217,none
242,G,F,,,-0.2057,,-3.429,217,none
242,G,G,0,0,0,0,0,217,none
242,G,H,,-0.2714,0.1496,,-3.38,217,none
242,G,I,-0.2885,-0.9147,-0.0959,0.7753,-2.808,217,none
242,G,K,,,-0.151,-0.7951,-3.444,217,none
242,G,L,-0.9409,,0.4204,-0.5888,-3.381,217,none
242,G,M,0.07002,-1.072,0.09177,-0.9458,-3.143,217,none
242,G,N,-0.5017,-0.5403,0.06014,-0.8105,-3.248,217,none
242,G,P,-0.6533,,,,-3.486,217,none
242,G,Q,-0.006892,-0.3991,-0.0701,0.1141,-3.429,217,none
242,G,R,0.05218,-1.46,0.2041,-0.5424,-3.103,217,none
242,G,S,-0.2053,-0.1644,-0.8652,-0.4954,-3.478,217,none
242,G,T,,,,,-3.426,217,none
242,G,V,-0.3483,-0.2363,0.0231,-0.7148,-3.196,217,none
242,G,W,,,,,-3.175,217,none
242,G,Y,,,,,-3.204,217,none
243,V,A,0.3247,-0.2063,0.5469,-0.5765,-1.079,218,none
243,V,C,0.1958,-0.2887,0.05645,0.1167,0.2754,218,none
243,V,D,-0.08404,-1.003,-0.5655,-0.01951,-3.236,218,none
243,V,E,-0.139,-1.428,-0.5032,-0.8026,-3.423,218,none
243,V,F,,,,,-0.4046,218,none
243,V,G,,-1.733,,,-3.364,218,none
243,V,H,-0.2607,-0.1604,0.2656,0.1572,-2.347,218,none
243,V,I,,,,,0.3377,218,none
243,V,K,-0.2178,-1.018,0.2049,-0.2311,-2.889,218,none
243,V,L,-0.6644,-0.9289,-0.3722,0.3531,-3.204,218,none
243,V,M,-0.172,-0.7701,-0.146,-0.5888,-3.216,218,none
243,V,N,-0.1681,0.5742,0.1132,-1.346,-3.388,218,none
243,V,Q,-0.17,-0.03912,-0.01357,-0.09627,-2.886,218,none
243,V,R,-0.6893,-0.7383,0.07156,-0.1123,-3.048,218,none
243,V,S,0.02326,-0.219,0.1714,-0.9793,-2.635,218,none
243,V,T,0.01032,-1.066,0.006541,-0.04467,-1.409,218,none
243,V,V,0,0,0,0,0,218,none
243,V,W,0.1355,-0.223,0.1922,-0.09788,-1.784,218,none
243,V,Y,,,,-0.008075,-1.796,218,none
244,T,A,0.2092,0.2531,0.2191,0.3437,0.8143,219,none
244,T,C,-0.0025,-0.06575,-0.1238,0.01712,0.7513,219,none
244,T,D,-0.09685,-0.2216,-0.178,-0.08687,-3.371,219,none
244,T,E,0.09975,0.1321,0.93,0.7683,0.5423,219,none
244,T,F,-0.198,-1.625,0.4171,-0.2434,-3.276,219,none
244,T,G,-0.2793,-0.3595,0.06173,0.2184,-0.007361,219,none
244,T,H,-0.5158,-1.632,0.06323,-0.03406,-1.706,219,none
244,T,I,0.0237,0.0804,0.3193,0.3719,-0.03689,219,none
244,T,K,0.151,0.4222,0.008341,-0.2969,-1.389,219,none
244,T,L,0.08778,0.1785,0.4799,0.3673,-0.7516,219,none
244,T,M,0.1001,0.3222,0.719,0.3925,0.07425,219,none
244,T,N,0.09182,0.05258,0.6358,0.3043,-1.601,219,none
244,T,P,-0.6572,-0.6758,-0.626,-0.5137,-3.514,219,none
244,T,Q,-0.2375,-0.258,0.396,0.9235,0.08292,219,none
244,T,R,-0.4532,-1.243,0.1746,-0.2701,-3.109,219,none
244,T,S,0.3001,0.2674,-0.1095,0.2768,0.2445,219,none
244,T,T,0,0,0,0,0,219,none
244,T,V,,,0.1055,,-0.9483,219,none
244,T,W,-0.4758,-0.2139,-0.4111,-0.1443,-2.987,219,none
244,T,Y,-0.3778,0.6573,0.3877,-0.3916,-3.169,219,none
245,T,A,-0.005792,-0.09464,-0.2881,,-1.303,220,none
245,T,C,0.1205,-0.1256,-0.002272,-0.4171,0.1168,220,none
245,T,D,-0.464,-0.7089,-0.04238,-0.5585,-3.198,220,none
245,T,E,-0.7102,-1.465,0.09044,-1.11,-3.077,220,none
245,T,F,0.09244,-0.7292,0.152,-0.3367,-1.74,220,none
245,T,G,0.04658,0.1037,0.02895,-0.008727,-0.3999,220,none
245,T,H,-0.04156,-0.01668,0.2475,-0.007895,0.4827,220,none
245,T,I,0.1211,-0.1261,0.1203,-0.03211,0.01911,220,none
245,T,K,-0.2368,0.1191,-0.002675,0.08941,0.619,220,none
245,T,M,-0.07449,-0.4881,-0.09838,0.0148,-0.3042,220,none
245,T,N,0.0245,-0.1908,0.07379,0.1602,0.4249,220,none
245,T,P,-0.1818,,-0.03588,-0.2087,-3.247,220,none
245,T,Q,0.3673,-0.4567,0.03351,0.2988,0.1751,220,none
245,T,R,0.04452,-0.07082,0.1965,0.1849,0.1019,220,none
245,T,S,0.1497,0.2244,0.03696,0.1981,0.434,220,none
245,T,T,0,0,0,0,0,220,none
245,T,V,-0.05572,-0.2168,0.03746,0.0452,-0.0598,220,none
245,T,W,-0.4085,-0.5673,0.4329,-0.1465,-2.875,220,none
245,T,Y,-0.08315,-0.3299,-0.02041,-0.06887,-0.8718,220,none
246,P,A,0.3718,0.2571,0.4582,0.01227,-2.263,221,none
246,P,C,-0.3253,0.5399,-0.09938,-0.08605,-3.378,221,none
246,P,D,-0.2225,0.277,0.7894,-0.1414,-3.157,221,none
246,P,E,-0.002063,,0.1087,,-3.388,221,none
246,P,F,-0.08472,-0.9521,0.3363,0.608,-3.321,221,none
246,P,G,0.08801,0.01812,-0.04454,0.5389,-2.309,221,none
246,P,H,-0.01287,-0.2074,0.443,0.2369,-0.9247,221,none
246,P,I,-0.7022,,-0.3722,,-3.197,221,none
246,P,K,0.2166,-0.08736,0.215,-0.08883,-2.083,221,none
246,P,L,-0.3071,,0.0623,-0.3528,-3.283,221,none
246,P,M,0.5967,-0.9685,0.1539,0.2619,-2.733,221,none
246,P,N,-0.156,,-0.000332,,-3.225,221,none
246,P,P,0,0,0,0,0,221,none
246,P,Q,-0.08158,-0.08943,0.1549,-0.2628,-1.813,221,none
246,P,R,0.208,0.2745,0.08097,0.3072,-2.122,221,none
246,P,S,-0.04172,-0.0776,0.1916,0.1329,-2.016,221,none
246,P,T,-0.2659,0.09468,-0.08011,0.1164,-2.383,221,none
246,P,V,-0.1927,-0.351,-0.1096,-0.4778,-2.929,221,none
246,P,W,-0.2097,,-0.05306,-0.04813,-3.494,221,none
246,P,Y,-0.1914,-0.9079,-0.00617,0.478,-3.155,221,none
247,V,A,0.001217,-0.4997,0.01574,0.3872,-1.279,222,none
247,V,C,0.001728,-0.01839,-0.1827,0.2536,-0.3374,222,none
247,V,D,-0.172,0.1096,-0.2817,,-3.311,222,none
247,V,E,-0.05227,-1.134,0.2985,0.1596,-3.08,222,none
247,V,F,-0.8466,-0.7006,-0.6942,-0.6999,-3.245,222,none
247,V,G,,,,-0.5276,-3.172,222,none
247,V,H,-0.2506,0.1021,-0.02457,-0.8101,-3.111,222,none
247,V,I,,,0.007048,,0.2271,222,none
247,V,K,-0.6987,-0.462,0.3947,,-3.34,222,none
247,V,L,-0.008061,0.1282,-0.1285,-0.02846,0.05273,222,none
247,V,M,0.02415,0.1025,-0.04242,0.3552,0.6812,222,none
247,V,N,-0.4444,-1.069,-0.272,-0.9142,-3.332,222,none
247,V,P,,,,,-3.385,222,none
247,V,Q,-0.7564,-0.04725,0.1503,0.3073,-3.36,222,none
247,V,R,,-1.489,-0.1896,-0.9114,-3.25,222,none
247,V,S,-0.2853,-0.3822,0.3127,-0.0183,-3.194,222,none
247,V,T,0.2426,0.2798,0.3315,-0.0766,-0.6025,222,none
247,V,V,0,0,0,0,0,222,none
247,V,W,-0.1107,-0.2598,0.2288,0.1037,-3.319,222,none
247,V,Y,,-1.882,,0.1548,-3.167,222,none
248,S,A,-0.07517,,-0.2477,,-3.455,223,none
248,S,C,,,,-0.2934,-3.431,223,none
248,S,D,,,,,-3.416,223,none
248,S,E,0.1951,-0.8835,0.65,-0.2045,-3.471,223,none
248,S,F,-0.4807,-0.6421,-0.1043,-0.821,-3.351,223,none
248,S,G,,,,,-0.1472,223,none
248,S,H,-0.8826,-0.5751,-0.1895,-0.9379,-3.399,223,none
248,S,I,-0.3692,-0.4548,0.124,,-3.215,223,none
248,S,K,-0.5835,-0.5131,0.05976,-1.095,-3.46,223,none
248,S,L,-0.2658,-1.353,-0.2059,-0.212,-3.348,223,none
248,S,M,0.06975,-1.041,0.1405,-0.5902,-3.386,223,none
248,S,N,-0.3391,,0.08929,-0.1198,-3.01,223,none
248,S,P,,-0.6568,-0.309,,-3.248,223,none
248,S,Q,-0.1614,-3.002,-0.7048,0.2104,-3.433,223,none
248,S,R,0.145,,0.02893,-0.4457,-3.426,223,none
248,S,S,0,0,0,0,0,223,none
248,S,T,-0.6776,,,-0.6475,-3.092,223,none
248,S,V,-0.1195,,-0.2301,-0.9456,-3.245,223,none
248,S,W,-0.06643,,0.02259,0.1142,-2.949,223,none
248,S,Y,-0.4027,-0.7149,-0.03171,-0.1309,-3.26,223,none
249,T,A,-0.4064,0.1039,-0.4263,0.2292,-2.447,224,none
249,T,C,-0.01705,-1.187,-0.2796,-0.1579,-3.406,224,none
249,T,D,,,,,-3.462,224,none
249,T,E,,,,,-3.429,224,none
249,T,F,0.07674,-0.4107,-0.08325,0.146,-1.234,224,none
249,T,G,-0.2776,-0.1805,0.1622,-0.3421,-3.46,224,none
249,T,H,,,-0.3117,-1.372,-3.471,224,none
249,T,I,-0.07825,-0.2021,-0.001562,-0.703,-2.303,224,none
249,T,K,,,,,-3.442,224,none
249,T,L,0.0833,0.2548,0.3499,0.1771,0.4644,224,none
249,T,M,0.3328,-0.1731,-0.00813,0.331,-1.732,224,none
249,T,N,-0.05072,-0.6711,0.4118,-0.2948,-2.704,224,none
249,T,P,-0.2387,0.04376,-0.2056,-0.1845,-1.584,224,none
249,T,Q,-0.2675,,,-1.029,-3.522,224,none
249,T,R,-0.2359,-0.9715,0.04095,0.1456,-3.417,224,none
249,T,S,0.01813,0.6651,0.2796,0.3172,-1.119,224,none
249,T,T,0,0,0,0,0,224,none
249,T,V,-0.01925,,0.01488,-0.4219,-3.259,224,none
249,T,W,0.06325,-0.1003,-0.3358,-0.3954,-2.607,224,none
249,T,Y,0.2183,-0.4741,0.2099,0.1778,-2.876,224,none
250,Y,A,-0.04219,-0.3026,0.1207,-0.002609,-2.556,225,none
250,Y,C,-0.3064,-1.257,-0.4094,-0.08889,-3.485,225,none
250,Y,D,-0.3062,-1.054,0.8437,-0.4213,-2.93,225,none
250,Y,E,-0.04682,-0.7086,0.245,-1.057,-3.014,225,none
250,Y,F,0.007772,-0.04396,0.04516,-0.2054,-0.231,225,none
250,Y,G,,-0.6244,-0.1041,-0.2584,-3.222,225,none
250,Y,H,0.2559,-0.1429,0.2475,0.3995,-1.109,225,none
250,Y,I,0.0291,-0.2638,0.1188,0.2252,-2.2,225,none
250,Y,K,0.0667,-0.4549,-0.1118,-0.2103,-2.628,225,none
250,Y,L,-0.2063,-0.4039,-0.1805,-0.02827,-1.738,225,none
250,Y,M,0.0235,-0.07224,0.01345,0.4513,-0.0433,225,none
250,Y,N,-0.04402,-0.4893,0.1296,-0.03366,-0.6966,225,none
250,Y,P,,,-0.301,-0.5529,-3.403,225,none
250,Y,Q,-0.09848,-0.3894,-0.2483,-0.1867,-1.066,225,none
250,Y,R,-0.2015,-1.172,0.006519,0.08835,-3.215,225,none
250,Y,S,0.1317,-0.4989,0.05421,-0.2278,-2.735,225,none
250,Y,T,-0.4663,-0.5156,-0.0838,-0.1273,-3.236,225,none
250,Y,V,,-1.364,-0.6699,,-3.398,225,none
250,Y,W,-0.7523,-0.2472,0.8466,-0.4461,-2.8,225,none
250,Y,Y,0,0,0,0,0,225,none
251,M,A,-0.08771,0.4226,-0.2278,-0.4725,-2.261,226,none
251,M,C,0.4282,-0.5891,0.2458,-0.2144,-3.233,226,none
251,M,D,-0.174,-0.5296,-0.04785,0.6659,-3.147,226,none
251,M,E,-0.578,-0.1399,0.421,0.2529,-3.082,226,none
251,M,F,0.05414,-0.1263,0.1288,-0.2457,-3.467,226,none
251,M,G,-0.02071,-0.2561,0.7077,-0.7683,-3.442,226,none
251,M,H,-0.2389,-0.008324,-0.3836,-0.03501,-2.909,226,none
251,M,I,0.03492,-0.1015,0.2906,0.1278,-0.997,226,none
251,M,K,-0.4772,,-0.1425,-0.8515,-2.942,226,none
251,M,L,0.2637,-0.2359,0.1714,0.06991,-1.58,226,none
251,M,M,0,0,0,0,0,226,none
251,M,N,-0.2547,,-0.4164,-0.2075,-3.285,226,none
251,M,P,-0.3849,-1.276,0.2425,-0.102,-3.172,226,none
251,M,Q,0.01339,-0.1183,0.4058,-0.04104,-1.829,226,none
251,M,R,-0.6187,0.1268,-0.4525,0.1015,-3.131,226,none
251,M,S,,,,,-3.351,226,none
251,M,T,-0.2692,1.222,0.3748,-0.5613,-3.191,226,none
251,M,V,0.09013,-1.487,-0.4508,-0.1928,-2.245,226,none
251,M,W,-0.5196,,0.007797,-0.5338,-3.25,226,none
251,M,Y,-0.6374,-0.2332,-0.07549,-0.08267,-3.328,226,none
252,L,A,0.001422,0.05382,0.06178,0.211,-0.4399,227,none
252,L,C,0.08994,-0.1114,0.03094,0.003412,-1.829,227,none
252,L,D,0.1009,-0.9033,0.07924,-0.01265,-3.162,227,none
252,L,E,,,,,-3.38,227,none
252,L,F,0.03007,,0.0006715,-0.2752,-3.427,227,none
252,L,G,-0.3403,-0.8043,0.1169,-0.4737,-2.874,227,none
252,L,H,0.6077,0.1729,-0.2316,-0.3809,-3.363,227,none
252,L,I,0.05463,0.2885,0.2069,-0.02478,-0.5631,227,none
252,L,K,-0.7972,-0.07567,-0.002449,-0.7977,-3.252,227,none
252,L,L,0,0,0,0,0,227,none
252,L,M,-0.1619,,-0.09864,-0.1081,-1.058,227,none
252,L,N,-0.03393,-1.002,0.107,0.08404,-3.056,227,none
252,L,P,-0.739,-1.166,-0.3408,-0.536,-3.337,227,none
252,L,Q,0.5677,-0.6521,-0.2041,-0.1653,-3.38,227,none
252,L,R,-0.1067,-0.1249,0.1145,0.004489,-3.098,227,none
252,L,S,-0.1968,-0.455,0.1786,-0.1301,-3.457,227,none
252,L,T,0.2178,-0.6526,-0.2073,-0.1019,-3.117,227,none
252,L,V,0.06101,0.04832,0.1472,-0.01825,-0.2795,227,none
252,L,W,0.4488,,0.9842,-0.7653,-3.179,227,none
252,L,Y,,,,,-3.451,227,none
253,T,A,0.3406,0.07543,0.1361,0.03776,-0.2568,228,none
253,T,C,0.07333,-0.3261,0.3362,0.2244,-3.123,228,none
253,T,D,0.02997,0.1851,0.02961,-0.5922,-1.573,228,none
253,T,E,-0.07605,-0.02651,0.1574,0.1823,0.0988,228,none
253,T,F,-0.5623,-1.797,-0.6504,-0.4,-3.393,228,none
253,T,G,-0.05198,0.2635,-0.2339,0.01464,-0.6559,228,none
253,T,H,0.2485,0.2878,0.5117,-0.007787,0.3967,228,none
253,T,I,-0.5131,-0.254,-0.3335,-0.6715,-3.381,228,none
253,T,K,-0.08139,-0.235,-0.07929,-0.5516,-0.9249,228,none
253,T,L,,-0.01187,0.2213,,-1.933,228,none
253,T,M,0.03569,,,-0.2009,-0.2612,228,none
253,T,N,-0.2625,-0.6069,-0.5847,-0.03485,-2.737,228,none
253,T,P,-0.4605,,-0.6388,-1.664,-3.292,228,none
253,T,Q,-0.1217,-0.1189,0.04242,0.05108,-0.01515,228,none
253,T,R,-0.1826,-0.1219,-0.2837,-0.9927,-1.544,228,none
253,T,S,0.1744,0.03666,0.2855,0.06639,0.2699,228,none
253,T,T,0,0,0,0,0,228,none
253,T,V,,-0.6448,-0.07978,,-3.421,228,none
253,T,W,-0.6026,-0.4932,0.1094,-0.1227,-3.463,228,none
253,T,Y,-0.3032,-0.723,-0.1813,-0.5604,-2.593,228,none
254,N,A,0.414,0.3112,0.5006,0.1488,-0.4779,229,region_II
254,N,C,-0.1539,-0.3566,0.2071,-0.3218,-3.241,229,region_II
254,N,D,,,,,-3.46,229,region_II
254,N,E,,,-0.2292,-1.064,-3.391,229,region_II
254,N,F,0.1904,-0.1196,0.2189,0.008136,-3.269,229,region_II
254,N,G,-0.1214,-0.0008007,0.1537,0.06855,-0.1527,229,region_II
254,N,H,0.2214,-0.4158,-0.4577,0.07506,-1.157,229,region_II
254,N,I,-1.163,,0.3323,-0.8015,-3.375,229,region_II
254,N,K,-0.02179,-1.575,-0.01276,0.06408,-3.482,229,region_II
254,N,L,-0.7953,-0.9756,-0.7443,-0.4537,-3.295,229,region_II
254,N,M,0.1544,0.06375,0.8678,-0.1958,-1.752,229,region_II
254,N,N,0,0,0,0,0,229,region_II
254,N,P,,,,,-3.34,229,region_II
254,N,Q,-0.1512,,0.2153,-0.1192,-0.7051,229,region_II
254,N,R,-0.008573,,,,-3.444,229,region_II
254,N,S,-0.08925,-0.6169,0.2947,0.3022,-1.268,229,region_II
254,N,T,-0.3988,-0.1131,0.464,-0.5232,-3.482,229,region_II
254,N,V,,-1.461,0.007318,-0.8079,-3.489,229,region_II
254,N,W,-0.4758,-1.172,0.4695,0.2299,-3.236,229,region_II
254,N,Y,0.1386,,0.6093,0.08882,-1.066,229,region_II
255,S,A,-0.1867,-0.3825,0.002091,-0.05268,0.5955,230,region_II
255,S,C,0.3762,0.2375,0.4874,0.5549,-0.831,230,region_II
255,S,D,-0.2612,0.3464,0.07851,0.02765,-0.2326,230,region_II
255,S,E,-0.1787,-0.1385,0.06545,0.3814,-1.148,230,region_II
255,S,F,0.06266,0.08712,0.1225,-0.004581,0.5358,230,region_II
255,S,G,-0.02947,-0.08242,0.03645,0.08358,-0.0041,230,region_II
255,S,H,-0.0721,-0.3421,-0.08158,-0.2516,0.02938,230,region_II
255,S,I,-0.1011,-0.2178,0.1773,0.1997,-0.2026,230,region_II
255,S,K,0.02545,0.04624,0.1114,0.1115,-0.5983,230,region_II
255,S,L,0.2871,0.527,0.4138,0.2696,0.2453,230,region_II
255,S,M,-0.254,-0.6251,0.009337,0.3409,-0.4717,230,region_II
255,S,N,-0.03844,0.3499,-0.4046,0.2172,0.3199,230,region_II
255,S,P,,,,,-3.503,230,region_II
255,S,Q,0.01591,-0.2604,0.2007,0.04362,0.5531,230,region_II
255,S,R,0.04451,0.3661,0.1886,0.09776,-0.4942,230,region_II
255,S,S,0,0,0,0,0,230,region_II
255,S,T,-0.002052,0.1095,0.1468,-0.007865,0.2488,230,region_II
255,S,V,0.4501,0.008578,0.1256,-0.0287,0.08215,230,region_II
255,S,W,0.04703,-0.09319,-0.03342,0.04307,0.1799,230,region_II
255,S,Y,0.07045,-0.3094,-0.02092,,-0.2928,230,region_II
256,E,A,-0.2443,-0.7865,0.08108,-0.5627,-3.258,231,region_II
256,E,C,-0.9222,0.1382,-0.03557,0.0206,-3.076,231,region_II
256,E,D,-0.00105,-0.2743,-0.02045,-0.09011,-2.256,231,region_II
256,E,E,0,0,0,0,0,231,region_II
256,E,F,-0.1029,-1.315,-0.06789,-0.7778,-3.321,231,region_II
256,E,G,0.3346,-0.03621,-0.2341,0.2025,-3.277,231,region_II
256,E,H,,,,,-3.293,231,region_II
256,E,I,0.3046,-0.1838,0.09546,-0.5877,-3.138,231,region_II
256,E,K,-0.2399,-0.4994,0.222,-0.3113,-3.166,231,region_II
256,E,L,-0.2872,-0.06493,-0.2804,,-2.822,231,region_II
256,E,M,-0.0327,,-0.01699,-0.252,-3.005,231,region_II
256,E,N,-0.1837,0.1317,0.4955,0.2681,-3.426,231,region_II
256,E,P,-0.4768,-1.352,-0.6347,-0.2929,-3.191,231,region_II
256,E,Q,-0.0318,-1.022,-0.2942,-0.3118,-3.125,231,region_II
256,E,R,-0.1729,-0.3028,0.3155,-0.9808,-2.889,231,region_II
256,E,S,-0.004371,-0.8873,0.02279,-0.09717,-3.218,231,region_II
256,E,T,-0.8126,-1.465,-0.1334,-0.8539,-3.274,231,region_II
256,E,V,0.03571,-0.299,-0.629,-0.01905,-3.341,231,region_II
256,E,W,,,-0.2055,,-2.883,231,region_II
256,E,Y,-0.7597,-0.2674,-0.2436,-0.1026,-3.33,231,region_II
257,L,A,0.3058,-0.02563,0.1008,-0.2251,-2.176,232,region_II
257,L,C,-0.7025,-0.4335,-0.1634,-0.5034,-2.754,232,region_II
257,L,D,0.0769,,0.1803,0.1138,-2.956,232,region_II
257,L,E,0.3831,-0.0204,-0.3049,-0.6242,-3.421,232,region_II
257,L,F,0.298,-0.02057,0.2346,-0.04632,-0.6218,232,region_II
257,L,G,,,-0.1544,0.04808,-3.189,232,region_II
257,L,H,-0.6114,0.03359,-0.1418,-0.5574,-3.365,232,region_II
257,L,I,0.1288,0.05331,-0.02727,0.4602,0.3542,232,region_II
257,L,K,,,,,-3.431,232,region_II
257,L,L,0,0,0,0,0,232,region_II
257,L,M,-0.03777,-0.1002,0.05412,0.1908,0.169,232,region_II
257,L,N,-0.8654,-1.159,0.1629,0.07996,-3.096,232,region_II
257,L,P,-0.9987,,,-0.418,-3.113,232,region_II
257,L,Q,-0.4456,-0.6332,-0.2787,0.2793,-3.248,232,region_II
257,L,R,-0.4015,-0.03604,0.06067,-0.2135,-3.154,232,region_II
257,L,S,,,-0.06516,,-3.406,232,region_II
257,L,T,-0.4642,-0.542,0.02545,0.05307,-2.998,232,region_II
257,L,V,-0.01103,-0.09356,-0.2614,-0.433,0.4958,232,region_II
257,L,W,,,,-1.253,-3.013,232,region_II
257,L,Y,-0.02416,0.0936,-0.1006,0.04094,-0.3836,232,region_II
258,L,A,0.1253,0.04194,-0.307,-0.04482,-0.976,233,region_II
258,L,C,-0.09044,,-0.03782,-0.05096,-2.219,233,region_II
258,L,D,-0.6918,-1.405,-0.1135,-0.3187,-1.793,233,region_II
258,L,E,0.1008,-0.03982,-0.08429,0.009387,-1.805,233,region_II
258,L,F,0.1995,0.03148,0.4022,0.5693,-0.1284,233,region_II
258,L,G,0.1626,-0.01445,-0.06541,0.07996,-1.308,233,region_II
258,L,H,0.2548,0.1727,0.05388,-0.4045,-1.217,233,region_II
258,L,I,-0.06889,-0.4815,-0.2298,-0.3905,-0.3197,233,region_II
258,L,K,0.3663,0.01115,-0.01958,-0.1487,-0.2832,233,region_II
258,L,L,0,0,0,0,0,233,region_II
258,L,M,0.003129,0.2032,-0.3499,-0.002738,0.2695,233,region_II
258,L,N,-0.1705,-0.05523,0.1714,0.08983,-0.1924,233,region_II
258,L,P,-0.7651,-0.1347,-0.0334,-0.4709,-3.42,233,region_II
258,L,Q,0.1159,0.5503,0.09034,-0.05648,0.4345,233,region_II
258,L,R,-0.09059,0.1429,0.377,-0.01161,-1.532,233,region_II
258,L,S,0.01695,0.06747,-0.3877,-0.04919,-0.9271,233,region_II
258,L,T,,,,,-2.369,233,region_II
258,L,V,0.001527,-0.1164,0.3713,-0.1128,-1.156,233,region_II
258,L,W,-0.000199,-0.3916,0.02022,0.2403,-0.4104,233,region_II
258,L,Y,-0.06095,-0.1614,0.2543,0.2518,0.5029,233,region_II
259,S,A,-0.01539,0.003235,0.0167,0.04414,0.1756,234,region_II
259,S,C,0.03572,-0.4082,-0.05867,-0.048,-0.8607,234,region_II
259,S,D,0.08878,0.2019,0.05572,0.1328,0.1386,234,region_II
259,S,E,0.02016,-0.1604,-0.001951,-0.01595,0.502,234,region_II
259,S,F,-0.3165,,,,-2.716,234,region_II
259,S,G,0.06254,0.04666,-0.01362,0.1878,0.3654,234,region_II
259,S,H,-0.2979,-0.05349,-0.1435,-0.1649,-0.5427,234,region_II
259,S,I,0.2053,0.1315,-0.1874,0.08941,-0.7223,234,region_II
259,S,K,-0.07367,-0.1496,0.1142,0.1747,-1.184,234,region_II
259,S,L,-0.2269,-0.1029,0.07905,0.01216,-0.2657,234,region_II
259,S,M,-0.1663,-0.1679,-0.4356,0.1219,0.9093,234,region_II
259,S,N,-0.1449,0.03898,0.03369,0.0618,0.06587,234,region_II
259,S,P,-0.5924,,-0.0009817,-0.7224,-3.266,234,region_II
259,S,Q,-0.2082,-0.1158,-0.1035,-0.1359,-0.193,234,region_II
259,S,R,-0.05655,0.1839,0.3651,-0.1751,-0.8033,234,region_II
259,S,S,0,0,0,0,0,234,region_II
259,S,T,-0.4068,-0.04736,-0.03666,0.07653,-0.5997,234,region_II
259,S,V,-0.03306,-0.03901,-0.0895,-0.4616,0.09173,234,region_II
259,S,W,-0.2558,-0.5926,-0.1905,-0.2482,-0.9208,234,region_II
259,S,Y,-0.03824,-0.03061,0.1133,-0.1081,0.01027,234,region_II
260,L,A,-0.03291,-0.3321,-0.268,-0.6336,-1.228,235,region_II
260,L,C,-0.1005,0.069,-0.1968,-0.3065,-2.012,235,region_II
260,L,D,,,,,-3.179,235,region_II
260,L,E,-0.08984,-1.156,-0.2717,-0.1234,-1.497,235,region_II
260,L,F,-0.2976,-0.1874,0.02602,-0.0399,-0.6748,235,region_II
260,L,G,-0.4422,,0.2174,,-3.386,235,region_II
260,L,H,0.02137,0.3156,,-0.3387,-1.882,235,region_II
260,L,L,0,0,0,0,0,235,region_II
260,L,M,-0.2056,,-0.1233,,0.1518,235,region_II
260,L,P,-0.1971,-0.6331,0.3367,-1.006,-3.179,235,region_II
260,L,Q,0.1078,-0.3768,-0.5311,0.1807,-0.999,235,region_II
260,L,S,-0.14,,-0.1747,-0.913,-1.659,235,region_II
260,L,V,-0.03519,-0.03571,-0.222,-0.07321,0.7441,235,region_II
260,L,W,-0.5813,-1.453,-0.2625,-1.344,-3.435,235,region_II
260,L,Y,0.2471,-0.1069,-0.3655,-0.05038,-2.062,235,region_II
261,I,A,-0.1011,-0.03439,0.1716,-0.3508,-3.445,236,region_II
261,I,C,-0.822,-0.4779,0.007064,-0.5448,-3.491,236,region_II
261,I,D,,,,,-3.34,236,region_II
261,I,E,,,-0.2394,-0.7839,-2.616,236,region_II
261,I,F,0.3867,-0.3919,0.4464,-1.123,-2.258,236,region_II
261,I,G,-0.4447,-1.58,-0.2915,-0.3902,-3.28,236,region_II
261,I,H,-0.4354,-0.5122,0.06561,-0.6106,-3.34,236,region_II
261,I,I,0,0,0,0,0,236,region_II
261,I,K,-0.1643,0.08541,0.1567,-0.2543,-3.374,236,region_II
261,I,L,0.1491,-0.4764,0.1155,0.338,-0.7885,236,region_II
261,I,M,-0.01564,-0.5646,0.3895,-0.2504,-1.362,236,region_II
261,I,N,-0.01001,0.01651,0.3817,-0.1861,-3.285,236,region_II
261,I,P,-0.3557,-0.003785,0.2801,0.2467,-3.388,236,region_II
261,I,Q,-0.1075,-1.219,0.2219,-0.4613,-3.455,236,region_II
261,I,R,-0.09241,-0.4475,0.01228,0.133,-3.298,236,region_II
261,I,S,,,-0.09916,-0.5211,-3.453,236,region_II
261,I,T,0.1101,-0.874,-0.007837,-0.2232,-3.224,236,region_II
261,I,V,0.04665,-0.1529,-0.07297,-0.1847,0.1101,236,region_II
261,I,W,0.1423,-0.325,-0.02813,0.294,-3.367,236,region_II
262,N,A,0.00657,-0.02223,0.08645,0.1027,-0.3186,237,region_II
262,N,C,-0.1198,0.1352,-0.6486,-0.3811,-1.454,237,region_II
262,N,D,-0.1804,-0.2718,0.2452,0.09601,-1.567,237,region_II
262,N,E,0.2164,-0.06137,0.244,0.1274,-0.8756,237,region_II
262,N,F,-0.2129,-0.006857,0.007243,0.4128,-1.695,237,region_II
262,N,G,0.009858,-0.3147,-0.004477,0.04271,-0.356,237,region_II
262,N,H,0.1473,-0.0386,0.1985,-0.1556,-0.7365,237,region_II
262,N,I,-0.4335,-0.09545,-0.09145,-0.09274,-1.257,237,region_II
262,N,K,0.1442,0.004631,0.4221,0.1955,-0.9576,237,region_II
262,N,L,0.303,-0.1318,0.2208,0.2801,-0.08933,237,region_II
262,N,M,-0.3509,-0.1795,0.3185,0.1992,-0.5862,237,region_II
262,N,N,0,0,0,0,0,237,region_II
262,N,P,,,,-0.8111,-3.186,237,region_II
262,N,Q,-0.03917,0.1164,0.3078,0.0467,-0.2469,237,region_II
262,N,R,0.2196,0.0928,0.2669,0.03804,-0.1051,237,region_II
262,N,S,0.1704,0.05163,-0.007611,0.2158,-0.6209,237,region_II
262,N,T,-0.3046,-0.4354,0.1954,-0.03118,-0.6371,237,region_II
262,N,V,-0.4891,-0.1635,0.387,0.02049,-0.6286,237,region_II
262,N,W,-0.09107,-0.9004,0.09101,-0.0259,-1.656,237,region_II
262,N,Y,0.09412,-0.1266,-0.5362,0.2777,-0.3196,237,region_II
263,D,A,-0.04586,0.4138,-0.1949,-0.3105,-1.861,238,region_II
263,D,C,0.06274,-0.1268,-0.07571,-0.0807,-0.8918,238,region_II
263,D,D,0,0,0,0,0,238,region_II
263,D,E,0.0888,-0.008772,-0.08299,0.05489,0.2292,238,region_II
263,D,F,0.1341,-0.08729,0.07185,0.3425,0.065,238,region_II
263,D,G,0.186,-0.2072,0.1248,-0.05272,-1.659,238,region_II
263,D,H,-0.004541,0.06924,-0.09954,-0.2639,-1.019,238,region_II
263,D,I,-0.6266,-1.793,0.3462,0.02006,-1.655,238,region_II
263,D,K,,,,,-3.194,238,region_II
263,D,L,0.2493,-0.2475,0.2896,0.1434,-1.465,238,region_II
263,D,M,0.3231,-0.04403,0.2417,0.1355,-1.45,238,region_II
263,D,N,0.07145,-0.4122,-0.1119,-0.1051,-1.606,238,region_II
263,D,P,-0.1941,-0.7847,-0.06049,,-3.41,238,region_II
263,D,Q,0.05856,,-0.02538,-0.1968,-0.3689,238,region_II
263,D,R,0.02756,-1.751,0.07859,-0.5009,-3.066,238,region_II
263,D,S,0.07707,-1.08,0.2311,-0.2629,-2.045,238,region_II
263,D,T,0.2956,0.03709,0.1436,0.07018,-0.3655,238,region_II
263,D,V,-0.132,0.3001,0.01931,0.05005,-0.2291,238,region_II
263,D,W,0.3378,0.3073,0.5787,0.1501,-1.519,238,region_II
263,D,Y,0.1335,0.03484,-0.2047,-0.003077,0.03895,238,region_II
264,M,A,0.2535,-0.1365,-0.2851,0.0174,-2.56,239,region_II
264,M,C,-0.3693,-0.9158,-0.1781,-0.4233,-2.778,239,region_II
264,M,D,8.28e-05,0.5404,0.2807,0.2068,-2.867,239,region_II
264,M,E,-0.5454,-1.203,-0.1319,-0.4193,-3.394,239,region_II
264,M,F,0.1213,-0.1883,0.04452,-0.1788,-1.592,239,region_II
264,M,G,0.0407,-1.477,0.0203,-0.2273,-3.518,239,region_II
264,M,H,0.01717,-0.2621,-0.2401,-0.2544,-3.403,239,region_II
264,M,I,-0.0151,-0.223,0.2449,0.3284,-0.9991,239,region_II
264,M,K,-0.8272,-0.5686,-0.9187,-0.3285,-3.405,239,region_II
264,M,L,0.05662,0.06582,0.1863,0.1472,-1.248,239,region_II
264,M,M,0,0,0,0,0,239,region_II
264,M,N,-0.4013,,-0.3362,-0.3657,-3.372,239,region_II
264,M,P,-0.6169,-0.8778,0.6723,-0.5313,-3.372,239,region_II
264,M,Q,,,0.1554,-0.1604,-3.191,239,region_II
264,M,R,-0.3213,-0.1323,0.1943,0.08733,-3.29,239,region_II
264,M,S,-0.9662,-0.4346,0.3178,-1.457,-3.447,239,region_II
264,M,T,0.2265,-1.234,-0.0175,-0.2101,-3.29,239,region_II
264,M,V,-0.2219,-0.03294,0.1837,-0.03024,-2.924,239,region_II
264,M,W,-0.009984,-0.0166,0.6024,0.1568,-3.212,239,region_II
264,M,Y,-0.06371,,-0.09351,-0.5738,-3.39,239,region_II
265,P,A,0.1053,,0.1278,,-1.299,240,region_II
265,P,C,0.3647,-1.81,-0.2437,-0.3711,-3.381,240,region_II
265,P,D,,,1.206,-0.3745,-3.303,240,region_II
265,P,E,-0.7461,,-0.08905,0.1165,-3.356,240,region_II
265,P,F,-0.3651,,-0.07328,-0.5842,-3.005,240,region_II
265,P,G,0.2421,0.4137,0.2584,-0.05305,-1.474,240,region_II
265,P,H,-0.2691,0.1424,0.07071,0.09133,-1.274,240,region_II
265,P,I,0.2178,,-0.01295,-0.2617,-2.391,240,region_II
265,P,K,-0.3945,-0.8346,0.7822,-0.7672,-3.41,240,region_II
265,P,L,0.08003,-0.1817,0.2185,0.2191,-3.127,240,region_II
265,P,M,,-0.1191,-0.1118,,-3.002,240,region_II
265,P,N,-0.5606,,1.006,,-3.405,240,region_II
265,P,P,0,0,0,0,0,240,region_II
265,P,Q,-0.3948,-0.2154,0.07767,0.13,0.4538,240,region_II
265,P,R,-0.01804,-0.1368,0.1526,0.1521,-1.354,240,region_II
265,P,S,-0.0188,-0.3607,0.2083,0.0123,-1.509,240,region_II
265,P,T,0.08667,-0.2787,0.195,-0.2359,-1.748,240,region_II
265,P,V,0.1087,-0.289,0.2548,-0.4543,-1.132,240,region_II
265,P,W,0.0591,0.1419,-0.3614,-0.2542,-3.134,240,region_II
265,P,Y,0.2081,-0.2456,-0.01965,-0.07695,-2.245,240,region_II
266,I,A,-0.05125,0.08709,0.0455,0.1568,-0.8679,241,region_II
266,I,C,-0.2041,,-0.08968,,-0.7752,241,region_II
266,I,D,,,,,-3.429,241,region_II
266,I,E,-0.853,-1.041,-0.1024,-0.0195,-3.101,241,region_II
266,I,F,,,-0.5369,-0.4265,-3.45,241,region_II
266,I,G,-0.5086,-0.3324,-0.02105,0.4447,-2.314,241,region_II
266,I,H,,,,,-3.256,241,region_II
266,I,I,0,0,0,0,0,241,region_II
266,I,K,-0.812,-0.4973,-0.6431,-0.8012,-3.405,241,region_II
266,I,L,-0.002267,-0.2898,-0.1423,-0.1898,-1.314,241,region_II
266,I,M,0.1718,-0.4291,-0.0673,-0.1002,-0.1918,241,region_II
266,I,N,-0.07616,-0.186,0.007522,-0.1068,-2.359,241,region_II
266,I,P,0.2358,-0.3258,0.4737,0.007342,-3.255,241,region_II
266,I,Q,0.3676,0.1471,-0.0884,0.1221,-2.333,241,region_II
266,I,R,-0.4859,-0.5619,,-0.7756,-3.441,241,region_II
266,I,S,-0.4308,,-0.3356,,-1.721,241,region_II
266,I,T,0.4092,0.07631,0.2385,0.1107,-0.4852,241,region_II
266,I,V,0.02012,0.03948,-0.01347,-0.2346,0.2183,241,region_II
266,I,W,,,,,-3.446,241,region_II
266,I,Y,-0.8308,0.177,-0.08794,-0.2435,-3.463,241,region_II
267,T,A,-1.353,,0.9767,,-3.438,242,region_II
267,T,C,,,,,-3.383,242,region_II
267,T,D,,,,,-3.487,242,region_II
267,T,E,-0.2183,-0.08365,-0.5212,0.7365,-3.498,242,region_II
267,T,F,-0.2469,-0.9195,1.023,-0.08394,-1.026,242,region_II
267,T,G,,,,,-2.244,242,region_II
267,T,H,0.05377,0.2209,1.26,-0.167,-3.464,242,region_II
267,T,I,-0.6984,-1.027,0.1202,-0.894,-3.396,242,region_II
267,T,K,,,,,-3.473,242,region_II
267,T,L,-0.2396,,-0.02536,,-3.327,242,region_II
267,T,M,-0.4077,-1.834,,,-3.431,242,region_II
267,T,N,0.2485,-1.784,0.1262,0.0194,-3.512,242,region_II
267,T,P,-0.08017,-0.6742,-0.02733,0.06811,-3.497,242,region_II
267,T,Q,,,,,-3.252,242,region_II
267,T,R,,,0.08411,,-3.449,242,region_II
267,T,S,,,,,-3.402,242,region_II
267,T,T,0,0,0,0,0,242,region_II
267,T,V,-0.335,-0.6573,-0.2454,-0.5139,-3.388,242,region_II
267,T,W,-0.4086,-0.05696,0.1751,0.1599,-0.8209,242,region_II
267,T,Y,-0.1523,0.005835,0.6521,0.8186,0.5404,242,region_II
268,N,A,,,,,-3.192,243,region_II
268,N,C,-0.3703,0.1375,-0.04899,0.03563,-3.03,243,region_II
268,N,D,-0.3016,-1.549,0.8096,0.1162,-2.678,243,region_II
268,N,E,-0.4484,-1.071,0.5896,-0.1938,-2.992,243,region_II
268,N,F,0.07607,0.0404,0.4639,0.06518,-0.7523,243,region_II
268,N,G,-0.344,0.1126,0.06816,0.1593,-3.456,243,region_II
268,N,H,0.05107,0.3952,0.429,0.003745,-1.154,243,region_II
268,N,I,-0.01256,-1.269,0.07173,0.07691,-1.686,243,region_II
268,N,K,0.0732,-0.4132,0.3538,-0.3077,-3.51,243,region_II
268,N,L,0.01893,0.4334,0.2441,0.4675,-0.05103,243,region_II
268,N,M,-0.07987,0.06516,0.2015,0.1718,-1.451,243,region_II
268,N,N,0,0,0,0,0,243,region_II
268,N,P,0.4579,-0.03684,0.02268,-0.03984,-0.663,243,region_II
268,N,Q,-0.07074,-0.01516,0.2664,0.07779,-0.7873,243,region_II
268,N,R,-0.02868,,0.8351,0.06079,-3.416,243,region_II
268,N,S,-1.046,-0.004187,0.2708,-0.2577,-3.412,243,region_II
268,N,T,-0.01353,,0.5412,-0.0009472,-3.193,243,region_II
268,N,V,,,,,-1.598,243,region_II
268,N,W,-0.0883,0.0467,0.7785,0.9564,-0.8042,243,region_II
268,N,Y,0.1927,0.1659,0.5389,1.183,-1.214,243,region_II
269,D,A,0.4125,0.02446,0.277,0.1989,-1.909,244,region_II
269,D,C,0.3054,-0.7848,0.02399,-0.03092,-1.973,244,region_II
269,D,D,0,0,0,0,0,244,region_II
269,D,E,0.1013,0.02254,0.1291,0.2296,-2.859,244,region_II
269,D,F,0.08924,-0.642,0.1715,-0.7007,-3.321,244,region_II
269,D,G,-0.9174,,,,-3.409,244,region_II
269,D,H,1.072,,0.497,0.003797,-3.492,244,region_II
269,D,I,-0.0928,,0.4268,-0.3961,-3.479,244,region_II
269,D,K,,,,,-3.447,244,region_II
269,D,L,-0.2417,0.01589,0.1382,-0.2083,-2.619,244,region_II
269,D,M,-0.1393,-0.5818,0.1268,-0.5757,-3.046,244,region_II
269,D,N,-0.9596,-1.363,-0.2939,-1.117,-3.32,244,region_II
269,D,P,,,,,-3.466,244,region_II
269,D,Q,,,-0.05719,,-3.448,244,region_II
269,D,R,-0.8283,-0.5886,0.3978,-1.168,-3.49,244,region_II
269,D,S,0.1499,-0.006842,-0.08319,-0.4099,-3.375,244,region_II
269,D,T,,,0.02112,-0.5912,-3.393,244,region_II
269,D,V,,-1.614,0.1329,-1.213,-3.344,244,region_II
269,D,W,,,0.01453,,-3.33,244,region_II
269,D,Y,-0.3218,-0.3731,-0.3923,-1.08,-3.433,244,region_II
270,Q,A,0.516,0.1543,-0.09659,-0.07615,-2.886,245,region_II
270,Q,C,-0.5139,-0.8897,0.4312,-0.4904,-2.3,245,region_II
270,Q,E,-0.594,,,,-3.449,245,region_II
270,Q,F,-1.071,-1.404,-0.5706,,-3.477,245,region_II
270,Q,G,-0.07711,0.2947,-0.1945,-0.2629,-2.212,245,region_II
270,Q,H,-0.7684,-1.014,-0.1413,-0.6056,-3.478,245,region_II
270,Q,I,-0.4969,-1.114,0.007827,0.1604,-3.477,245,region_II
270,Q,K,-0.03757,-0.2719,0.3671,-0.2774,-3.375,245,region_II
270,Q,L,-1.15,-1.118,0.1091,-0.6641,-3.442,245,region_II
270,Q,M,-0.2063,,-0.01273,-0.1326,-3.316,245,region_II
270,Q,N,-0.4005,-0.1419,-0.04387,-0.4238,-2.454,245,region_II
270,Q,P,,,0.2285,-0.5682,-3.186,245,region_II
270,Q,Q,0,0,0,0,0,245,region_II
270,Q,R,0.006976,,-0.06005,-0.8742,-3.483,245,region_II
270,Q,S,-1.008,,,,-3.429,245,region_II
270,Q,V,0.38,0.08913,0.8242,-0.01648,-0.9564,245,region_II
270,Q,W,0.5632,0.07399,-0.07727,-0.5361,-3.38,245,region_II
270,Q,Y,,,,,-3.491,245,region_II
271,K,A,-0.1953,-0.1446,-0.02665,-0.05649,-1.751,246,region_II
271,K,C,0.05002,-1.692,0.3014,-0.9765,-3.298,246,region_II
271,K,D,0.5384,-1.431,-0.0008876,0.1757,-3.372,246,region_II
271,K,E,-1.512,,-0.02885,-0.04009,-3.373,246,region_II
271,K,F,,,0.1239,,-3.305,246,region_II
271,K,G,-0.1097,-0.9754,-0.05832,-0.2986,-3.26,246,region_II
271,K,H,0.00307,-0.2182,0.657,-0.1593,-3.242,246,region_II
271,K,I,-0.01567,-0.8944,-0.2234,0.08999,-3.455,246,region_II
271,K,K,0,0,0,0,0,246,region_II
271,K,L,,,0.5458,,-3.468,246,region_II
271,K,M,-0.2857,0.1828,0.03452,0.1059,-1.512,246,region_II
271,K,N,-0.6058,-1.059,-0.298,-0.8544,-3.452,246,region_II
271,K,P,0.149,-0.9813,-0.0316,-0.07467,-3.323,246,region_II
271,K,Q,-0.04269,-0.3088,0.2438,0.4454,-2.03,246,region_II
271,K,R,-0.09738,-0.05538,0.1701,0.1071,-0.3295,246,region_II
271,K,S,-0.01151,-1.462,-0.2458,-0.5696,-3.095,246,region_II
271,K,T,-0.01093,-0.2872,0.5621,,-3.476,246,region_II
271,K,V,0.3827,-0.8612,-0.04351,-0.2997,-3.367,246,region_II
271,K,W,-0.9742,,,,-3.415,246,region_II
271,K,Y,-0.8104,,0.2786,-0.4508,-3.425,246,region_II
272,K,A,-0.02734,-0.08873,-0.1752,-0.006723,0.323,247,region_II
272,K,C,0.09055,-1.096,0.3701,-0.3003,-0.5998,247,region_II
272,K,D,-0.08778,0.0458,-0.1046,0.2021,-0.769,247,region_II
272,K,E,0.07069,-0.03377,-0.4715,0.2062,-0.01905,247,region_II
272,K,F,-0.08014,,0.1665,0.3232,0.5713,247,region_II
272,K,G,-0.2476,-0.4479,-0.08124,0.1747,0.5759,247,region_II
272,K,H,-0.3906,-0.008796,0.07709,0.007137,-1.059,247,region_II
272,K,I,0.08416,0.1396,0.07503,0.1193,0.08006,247,region_II
272,K,K,0,0,0,0,0,247,region_II
272,K,L,0.04803,-0.4182,0.209,0.03375,0.4924,247,region_II
272,K,M,-0.09272,0.1011,0.009048,0.03245,1.055,247,region_II
272,K,N,-0.1586,0.07107,-0.03947,0.000158,-0.1875,247,region_II
272,K,P,,,,,-3.297,247,region_II
272,K,Q,-0.000691,0.2366,-0.1608,-0.09135,-0.3443,247,region_II
272,K,R,-0.1356,-0.1446,-0.03804,0.08448,0.2823,247,region_II
272,K,S,-0.3971,0.2028,0.4028,-0.06024,-0.1317,247,region_II
272,K,T,-0.02731,0.1258,-0.03191,-0.1903,-0.05053,247,region_II
272,K,V,0.2043,0.3961,0.05322,0.03693,0.4317,247,region_II
272,K,W,-0.06793,-0.1373,0.06781,0.1181,1.177,247,region_II
272,K,Y,-0.008377,0.04875,0.1444,0.1813,0.4758,247,region_II
273,L,C,0.1565,0.01612,-0.03364,0.1957,-0.4445,248,region_II
273,L,D,-0.8399,,-0.6247,,-3.409,248,region_II
273,L,E,0.1597,-0.04108,0.3502,0.05487,-2.711,248,region_II
273,L,F,0.4562,-0.4842,0.7611,1.413,-3.466,248,region_II
273,L,G,-0.02321,,0.366,-1.015,-3.43,248,region_II
273,L,H,0.1966,,-0.09825,,-2.055,248,region_II
273,L,K,,,-0.4343,-0.9127,-3.396,248,region_II
273,L,L,0,0,0,0,0,248,region_II
273,L,M,0.02759,-0.1193,0.09482,-0.02248,-1.601,248,region_II
273,L,N,-0.2674,,0.5601,-0.4026,-3.362,248,region_II
273,L,P,,,,,-3.321,248,region_II
273,L,Q,0.1142,-0.2998,-0.8001,-0.5883,-1.513,248,region_II
273,L,R,0.01738,-0.2702,0.1752,0.4984,-2.905,248,region_II
273,L,S,-0.3624,-1.228,-0.04232,-0.6832,-3.03,248,region_II
273,L,T,0.01502,0.3404,0.1252,0.08559,-0.5975,248,region_II
273,L,V,0.02912,-0.0008105,-0.588,-0.2321,-0.4681,248,region_II
273,L,W,,,,-0.04952,-3.519,248,region_II
273,L,Y,0.2601,0.04051,0.00894,-0.3596,-2.378,248,region_II
274,M,A,-0.03367,-0.549,0.3115,0.03591,-1.75,249,region_II
274,M,C,0.2296,-0.5196,-0.09948,-0.01667,-1.609,249,region_II
274,M,D,,,-0.1137,0.1133,-3.305,249,region_II
274,M,E,-0.6529,-1.864,,-1.104,-3.497,249,region_II
274,M,F,0.5359,-1.612,0.08435,-0.3398,-3.494,249,region_II
274,M,G,0.1312,0.05899,0.2919,0.1979,-3.238,249,region_II
274,M,H,,,,,-1.858,249,region_II
274,M,I,0.06426,-0.5367,0.1261,0.02885,-2.139,249,region_II
274,M,K,-0.5012,-0.02016,-0.106,-0.7785,-3.389,249,region_II
274,M,L,0.1126,-0.2523,0.2188,-0.007782,-3.437,249,region_II
274,M,M,0,0,0,0,0,249,region_II
274,M,N,-0.4761,,,0.001667,-3.435,249,region_II
274,M,P,0.4629,-1.115,0.7964,,-2.946,249,region_II
274,M,Q,0.3735,-0.3457,-0.021,-0.4863,-2.858,249,region_II
274,M,R,,,,,-3.079,249,region_II
274,M,S,-0.06047,-0.4667,0.4263,-0.08368,-3.055,249,region_II
274,M,T,0.06755,-0.09458,-0.2768,-0.1117,-2.629,249,region_II
274,M,V,0.08929,0.06479,0.2632,0.2042,-2.143,249,region_II
274,M,W,-0.9212,,-0.2303,,-3.406,249,region_II
274,M,Y,,,,,-2.136,249,region_II
275,S,A,-0.08222,,,,0.2918,250,region_II
275,S,C,-0.1735,0.01678,-0.02177,0.1098,0.3843,250,region_II
275,S,D,0.2284,0.006183,0.1126,0.04741,-1.332,250,region_II
275,S,E,0.03877,,,,-1.212,250,region_II
275,S,F,0.2679,0.1486,0.2428,0.3072,-0.2324,250,region_II
275,S,G,0.1828,-0.06782,0.01985,0.01288,-0.2717,250,region_II
275,S,H,-0.0734,-0.5443,0.01612,0.08787,-0.6599,250,region_II
275,S,I,-0.101,-0.2349,-0.2069,-0.01157,-0.182,250,region_II
275,S,K,0.4571,0.06469,-0.1528,-0.08802,-0.4815,250,region_II
275,S,L,-0.09298,-0.3439,0.06966,-0.2762,0.1747,250,region_II
275,S,M,0.04892,0.07864,-0.1732,0.1349,1.189,250,region_II
275,S,N,0.04902,-0.1998,-0.1227,-0.1724,-0.7725,250,region_II
275,S,P,-0.8602,-1.21,-0.4827,-0.6769,-3.354,250,region_II
275,S,Q,0.01197,-0.0112,-0.03145,-0.05641,-0.1507,250,region_II
275,S,R,0.1683,0.1299,0.1731,0.02545,-0.7325,250,region_II
275,S,S,0,0,0,0,0,250,region_II
275,S,T,0.2503,0.196,0.2047,-0.3129,-0.216,250,region_II
275,S,V,0.1911,-0.05051,-0.2398,0.06984,-0.5663,250,region_II
275,S,W,0.002961,-0.3046,0.01996,0.03334,-0.4579,250,region_II
275,S,Y,0.1035,0.01809,0.04994,0.1115,0.295,250,region_II
276,N,A,-0.1099,0.2147,0.03646,-0.1033,-0.1895,251,region_II
276,N,C,-0.107,0.1272,-0.0546,0.1321,-0.2097,251,region_II
276,N,D,0.251,0.1719,-0.3278,-0.1474,-0.4747,251,region_II
276,N,E,-0.3131,-0.2205,-0.03201,-0.1928,0.00398,251,region_II
276,N,F,0.1441,0.2096,0.0983,0.3444,0.319,251,region_II
276,N,G,0.1479,0.3108,0.2877,0.05825,0.4148,251,region_II
276,N,H,-0.0374,-0.116,0.1456,0.0739,0.2692,251,region_II
276,N,I,-0.09604,0.02588,0.1404,0.1584,0.5122,251,region_II
276,N,K,0.02284,0.2537,0.2513,0.3597,0.341,251,region_II
276,N,L,0.1092,0.1638,0.19,0.1572,1.5,251,region_II
276,N,M,-0.09238,-0.09477,0.02367,0.0611,0.4603,251,region_II
276,N,N,0,0,0,0,0,251,region_II
276,N,P,-0.3294,,0.2467,,-2.518,251,region_II
276,N,Q,-0.4703,-0.9609,0.0481,0.364,-0.1742,251,region_II
276,N,R,0.2212,0.02221,0.1573,0.5404,0.2323,251,region_II
276,N,S,-0.1556,0.06364,0.001667,0.1366,0.6604,251,region_II
276,N,T,0.07792,0.1435,0.1472,0.1689,0.1708,251,region_II
276,N,V,0.04838,0.1419,-0.09739,-0.3578,0.7425,251,region_II
276,N,W,0.2446,0.3437,0.1406,-0.008729,0.5394,251,region_II
276,N,Y,-0.2065,-0.1953,0.1829,0.1303,-0.09959,251,region_II
277,N,A,-0.1914,-0.3792,-0.5124,-0.4484,0.3166,252,region_II
277,N,C,-0.03252,0.1087,-0.08848,-0.5385,-1.974,252,region_II
277,N,D,-0.3867,-0.4163,-0.05985,-0.3067,-3.01,252,region_II
277,N,E,-0.3968,,,-0.6763,-3.455,252,region_II
277,N,F,-0.2676,-0.1533,0.4481,-0.1456,-1.449,252,region_II
277,N,G,-0.1479,-0.4611,-0.1762,-0.1289,-0.1213,252,region_II
277,N,H,0.1887,0.2095,-0.09717,0.2798,0.278,252,region_II
277,N,I,0.03048,-1.512,-0.2808,-0.8202,-3.381,252,region_II
277,N,K,0.2648,0.2733,-0.1314,0.02472,-1.941,252,region_II
277,N,L,0.06247,,,,-3.04,252,region_II
277,N,M,0.3131,0.02592,-0.01525,-0.1369,0.013,252,region_II
277,N,N,0,0,0,0,0,252,region_II
277,N,P,-0.5478,,-0.2328,,-3.19,252,region_II
277,N,Q,0.2393,0.1108,-0.2683,0.125,-0.7008,252,region_II
277,N,R,-0.1093,,,-1.078,-2.925,252,region_II
277,N,S,-0.06155,-0.413,-0.01225,-0.05135,-1.265,252,region_II
277,N,T,0.0664,-0.2133,0.01478,0.09911,-0.6108,252,region_II
277,N,V,0.248,-0.6019,0.08606,-0.5959,-2.899,252,region_II
277,N,W,-0.2195,-0.8256,0.4279,0.3967,-3.367,252,region_II
277,N,Y,-0.4608,-0.003455,-0.3502,,-1.846,252,region_II
278,V,A,-0.1746,-0.04283,-0.2955,0.01102,-0.3891,253,none
278,V,C,0.2188,-0.1266,0.08839,0.1077,-0.7208,253,none
278,V,D,,,,-1.047,-3.494,253,none
278,V,E,,,,,-3.493,253,none
278,V,F,,,,,-3.413,253,none
278,V,G,-0.07431,-0.3794,0.01497,-0.07046,-1.724,253,none
278,V,H,-0.883,-1.529,-0.2095,,-2.697,253,none
278,V,I,0.03822,,0.05996,0.7905,-0.5106,253,none
278,V,K,-0.5608,-0.5746,-0.448,-0.9144,-3.133,253,none
278,V,L,-0.5092,0.04919,-0.2301,0.2105,-3.163,253,none
278,V,M,0.05209,0.3588,0.4542,-0.03978,-1.67,253,none
278,V,N,-0.4999,,-0.3745,-1.164,-3.242,253,none
278,V,P,-0.0685,0.02959,0.2744,0.2828,0.9721,253,none
278,V,Q,0.2673,,-0.5411,,-3.018,253,none
278,V,R,0.06854,-0.0268,-0.2969,0.1756,-0.7144,253,none
278,V,S,0.5654,-0.1929,0.01249,0.129,-3.251,253,none
278,V,T,,,0.2439,,-1.519,253,none
278,V,V,0,0,0,0,0,253,none
278,V,W,,,-0.3458,,-3.504,253,none
278,V,Y,,,0.8659,,-3.013,253,none
279,Q,A,-0.1385,,-0.05383,0.1727,-2.745,254,none
279,Q,C,0.04351,-0.1589,0.1881,0.0979,-2.114,254,none
279,Q,D,-0.4137,,-0.2136,,-3.402,254,none
279,Q,E,-0.5706,-0.7557,0.2623,,-3.425,254,none
279,Q,F,,-1.956,-0.09148,,-3.26,254,none
279,Q,G,0.2635,-1.4,0.3291,0.2569,-3.293,254,none
279,Q,H,,,,0.0629,-2.333,254,none
279,Q,I,-0.3426,-0.8853,0.1608,-0.3933,-2.877,254,none
279,Q,K,-0.429,-0.92,-0.107,-0.1456,-3.303,254,none
279,Q,L,-1.151,-2.031,0.4089,-0.289,-3.333,254,none
279,Q,M,-0.01699,0.06874,0.07422,-0.01424,-0.2744,254,none
279,Q,N,-0.004014,-0.04039,0.4286,-0.00068,-2.196,254,none
279,Q,P,,,,,-3.249,254,none
279,Q,Q,0,0,0,0,0,254,none
279,Q,R,-0.6276,-0.8587,-0.16,-0.3727,-3.482,254,none
279,Q,S,-0.03918,0.0237,0.09545,0.3682,-3.273,254,none
279,Q,T,,,,,-3.47,254,none
279,Q,V,-0.4701,-0.5634,-0.3991,-0.04405,-0.8275,254,none
279,Q,W,-0.1108,0.3748,0.1198,,-1.835,254,none
279,Q,Y,,-0.1496,-0.1286,0.07395,-3.114,254,none
280,I,A,,,0.1587,-0.6565,-3.377,255,none
280,I,C,-0.4414,-0.5887,0.4311,,-3.396,255,none
280,I,D,,-1.356,-0.3117,-0.09694,-3.402,255,none
280,I,E,,,,-0.02115,-3.471,255,none
280,I,F,-0.1832,-0.06758,0.1519,-0.1655,-1.351,255,none
280,I,G,,,,,-3.438,255,none
280,I,H,-0.4174,-0.457,0.003797,-0.3583,-2.604,255,none
280,I,I,0,0,0,0,0,255,none
280,I,K,,,0.2884,-1.272,-3.476,255,none
280,I,L,-0.02267,-0.07866,-0.07308,-0.4303,-0.6031,255,none
280,I,M,-0.1882,-0.7442,-0.04165,-0.01452,-3.343,255,none
280,I,N,-0.3439,-0.05885,-0.1521,-0.3988,-3.377,255,none
280,I,P,,,,,-3.484,255,none
280,I,Q,-0.1089,-0.3195,0.09381,0.1075,-3.159,255,none
280,I,R,0.1543,0.07425,1.228,0.5658,-2.513,255,none
280,I,S,-0.6193,-1.397,-0.1323,-0.503,-3.478,255,none
280,I,T,-0.4339,-0.1636,-0.2168,-1.33,-3.228,255,none
280,I,V,0.2279,0.0405,-0.1177,0.08935,-0.4344,255,none
280,I,W,0.2269,0.0127,0.2826,1.069,-1.725,255,none
280,I,Y,-0.1063,0.1613,-0.3196,0.002627,-1.8,255,none
281,V,A,0.09444,0.104,0.1456,0.05152,-1.203,256,none
281,V,C,,,,0.07431,-3.075,256,none
281,V,D,-0.7082,-1.075,-0.1584,-0.8316,-3.285,256,none
281,V,E,0.07133,-0.2134,-0.08474,0.03789,-3.37,256,none
281,V,F,0.4536,-1.105,0.344,-0.6753,-3.265,256,none
281,V,G,-0.4248,-0.5615,-0.3928,0.2283,-3.441,256,none
281,V,H,-0.06818,,0.1294,-0.707,-3.085,256,none
281,V,I,-0.2625,-0.4999,-0.003199,-0.1519,-0.6993,256,none
281,V,K,0.2349,0.4204,0.3867,1.018,-3.035,256,none
281,V,L,-0.1363,0.02957,-0.01822,-0.03791,-1.339,256,none
281,V,M,0.01563,0.09152,0.08132,0.1575,-0.313,256,none
281,V,N,,,,,-3.258,256,none
281,V,P,0.2998,-0.9401,-0.09636,-0.4302,-3.378,256,none
281,V,Q,,,0.08977,0.02562,-3.412,256,none
281,V,R,0.2437,-0.8468,-0.1451,-0.4127,-3.292,256,none
281,V,S,0.131,-0.8703,-0.06317,-0.395,-3.22,256,none
281,V,T,-0.0258,-0.04052,0.3615,0.171,-1.84,256,none
281,V,V,0,0,0,0,0,256,none
281,V,W,-0.6042,,-0.2417,,-3.296,256,none
281,V,Y,0.007792,-0.3559,0.07499,0.2819,-3.154,256,none
282,R,A,,,,,-3.365,257,none
282,R,C,-0.423,-0.189,0.2011,0.4821,-3.062,257,none
282,R,D,,,,-1.253,-3.023,257,none
282,R,E,,,,,-3.008,257,none
282,R,F,0.1061,0.002752,0.1401,,-3.09,257,none
282,R,G,0.2918,-1.273,0.4045,-0.758,-3.101,257,none
282,R,H,,,,,-3.458,257,none
282,R,I,-0.3012,-1.538,-0.1511,-1,-3.323,257,none
282,R,K,0.3993,-0.138,-0.5705,-0.192,-3.2,257,none
282,R,L,,-0.7705,-0.2447,-0.8803,-3.33,257,none
282,R,M,-0.01032,,,-0.8861,-3.341,257,none
282,R,N,-0.2951,,0.4038,,-3.01,257,none
282,R,P,-0.4136,,,,-3.096,257,none
282,R,Q,-0.09796,0.2922,0.7432,0.2043,-3.33,257,none
282,R,R,0,0,0,0,0,257,none
282,R,S,-0.2811,-1.043,0.01439,-0.3357,-3.33,257,none
282,R,T,0.1255,-0.08047,0.1951,-0.2131,-3.368,257,none
282,R,V,,,,-0.6817,-3.245,257,none
282,R,W,0.3077,,,-0.1037,-2.959,257,none
282,R,Y,-0.3331,,-0.2709,-0.7606,-3.446,257,none
283,Q,A,-0.1103,-0.1814,-0.03367,0.2959,-1.089,258,none
283,Q,C,-0.1818,-0.05579,-0.04872,0.09843,-0.9169,258,none
283,Q,D,-0.1396,,,-0.9848,-3.489,258,none
283,Q,E,,-0.3516,0.1338,-0.3025,-3.428,258,none
283,Q,F,-0.7185,-0.1557,0.2477,,-1.581,258,none
283,Q,G,-0.1951,-0.2747,-0.04059,-0.09128,0.5482,258,none
283,Q,H,0.07707,0.1096,0.3667,-0.2203,-0.8496,258,none
283,Q,I,0.1588,0.1721,0.5537,0.1835,-1.249,258,none
283,Q,K,-0.2754,-0.0364,0.2422,0.2141,-1.195,258,none
283,Q,L,-0.02102,0.01313,-0.006718,0.2889,0.666,258,none
283,Q,M,0.05653,-0.1114,-0.02509,-0.5631,-0.3655,258,none
283,Q,N,-0.525,-0.8042,-0.5126,,-3.458,258,none
283,Q,P,,,,,-3.394,258,none
283,Q,Q,0,0,0,0,0,258,none
283,Q,R,-0.03603,0.007348,0.258,-0.01189,-1.22,258,none
283,Q,S,-0.5872,-0.3473,-0.1191,-0.2831,-1.207,258,none
283,Q,T,-0.1761,-0.07019,0.01779,0.04295,-0.08825,258,none
283,Q,V,-0.3143,-0.2823,-0.07219,-0.6174,-1.277,258,none
283,Q,W,-0.05892,0.1422,0.6099,0.03817,-2.192,258,none
283,Q,Y,-0.1245,-0.07499,0.2281,0.1857,-1.446,258,none
284,Q,A,-0.1786,0.4452,-0.3223,-0.3904,-0.8466,259,none
284,Q,C,0.1425,0.4644,-0.06018,0.06092,-1.581,259,none
284,Q,F,-0.107,-0.1165,-0.1118,0.1907,0.6647,259,none
284,Q,G,-0.1017,-0.1467,-0.1911,-0.1311,-0.633,259,none
284,Q,H,-0.3043,0.1202,0.5531,0.4116,0.3933,259,none
284,Q,I,-0.08609,,,,1.058,259,none
284,Q,K,0.003531,-0.1372,-0.2538,0.2017,-0.4093,259,none
284,Q,L,0.0173,-0.2868,-0.1896,0.006384,-0.8948,259,none
284,Q,M,0.04261,0.2752,0.2579,0.2189,-0.7451,259,none
284,Q,N,-0.09776,0.07548,-0.3482,-0.07578,-0.5135,259,none
284,Q,P,,,0.2433,,-2.381,259,none
284,Q,Q,0,0,0,0,0,259,none
284,Q,R,-0.4707,,-0.3527,,-1.207,259,none
284,Q,S,0.1552,,-0.1441,0.08198,-1.463,259,none
284,Q,T,0.1716,-0.2106,-0.07292,-0.2644,-1.574,259,none
284,Q,V,0.43,-1.413,-0.2284,-1.23,-1.651,259,none
284,Q,W,-0.192,-0.3203,-0.2939,0.2444,-0.9442,259,none
284,Q,Y,-0.1519,-0.1266,-0.1907,0.1651,-0.07103,259,none
285,S,A,0.211,,-0.1521,-0.2542,-0.4355,260,none
285,S,C,-0.1379,-0.9457,0.1423,-0.6829,-2.284,260,none
285,S,D,-0.3506,-0.9762,,-0.6888,-3.29,260,none
285,S,E,-0.9063,-0.9281,-0.48,-0.8627,-3.187,260,none
285,S,F,-0.1559,,0.512,-0.2033,-3.109,260,none
285,S,G,-0.324,0.3509,-0.004783,0.3074,-0.1456,260,none
285,S,H,-0.473,0.3449,-0.005466,0.3576,-3.167,260,none
285,S,I,-0.7187,-0.5448,-0.384,0.1401,-3.436,260,none
285,S,L,-0.1422,-0.02009,-0.14,-0.6832,-3.211,260,none
285,S,M,0.2622,-0.4387,0.4999,1.03,-1.488,260,none
285,S,N,-0.02931,-0.1366,-0.1413,-0.3341,-3.269,260,none
285,S,Q,-0.08089,-0.1166,-0.3112,-0.6344,-3.405,260,none
285,S,R,0.2485,-0.1356,0.409,-0.06225,-3.232,260,none
285,S,S,0,0,0,0,0,260,none
285,S,T,-0.1637,-0.812,0.4031,-0.4039,-2.334,260,none
285,S,V,-0.009297,-1.079,0.5562,-0.8975,-2.997,260,none
285,S,W,,,,-0.8202,-3.24,260,none
285,S,Y,,-0.6062,-0.01276,,-2.529,260,none
286,Y,A,,,,,-3.212,261,none
286,Y,C,-1.202,,-0.04741,-0.804,-3.233,261,none
286,Y,D,0.1299,-0.9656,-0.05345,0.2011,-3.183,261,none
286,Y,E,-0.6824,-0.9731,-0.1661,,-2.983,261,none
286,Y,F,-0.0101,-0.08149,0.1732,-0.6452,-0.6649,261,none
286,Y,G,-0.5327,-0.9048,0.7251,-0.5132,-3.119,261,none
286,Y,H,-0.1851,-0.1813,-0.02118,-0.2954,-1.551,261,none
286,Y,I,-0.4723,-0.6271,-0.06234,-0.1861,-3.419,261,none
286,Y,K,,,,,-2.974,261,none
286,Y,L,-1.227,,-0.3065,,-3.4,261,none
286,Y,M,-0.3154,0.1343,-0.2181,-0.002183,-3.096,261,none
286,Y,N,-0.02557,-0.5573,0.4463,0.1257,-3.055,261,none
286,Y,P,,,,,-3.316,261,none
286,Y,Q,,-1.738,-0.2396,0.1675,-2.998,261,none
286,Y,R,0.3895,0.06682,-0.09857,0.06466,-3.322,261,none
286,Y,S,,,,,-3.258,261,none
286,Y,T,-0.8433,0.2669,0.01408,-0.3542,-3.542,261,none
286,Y,V,-0.2355,,,-0.95,-3.473,261,none
286,Y,W,-0.1987,-0.4128,-0.07787,0.1451,-0.5941,261,none
286,Y,Y,0,0,0,0,0,261,none
287,S,A,-0.00668,0.02029,0.09803,0.07506,-0.0763,262,region_V
287,S,C,-0.122,-0.08258,0.3208,0.06768,-0.2627,262,region_V
287,S,D,,,-0.3711,,-3.472,262,region_V
287,S,E,-0.4838,0.1105,-0.07065,-0.4316,-3.428,262,region_V
287,S,F,-0.3426,-0.3013,-0.02626,0.08923,-3.048,262,region_V
287,S,G,0.2001,0.2226,-0.01524,0.06105,-0.1224,262,region_V
287,S,H,-0.3565,0.2426,-0.02513,-0.1679,-2.828,262,region_V
287,S,I,-0.06825,0.009829,-0.2903,-0.4478,-3.278,262,region_V
287,S,K,-0.1296,,-0.02315,-0.7673,-2.966,262,region_V
287,S,L,,-0.6879,-0.08612,,-3.42,262,region_V
287,S,M,-0.03465,0.2385,0.4574,-0.6586,-3.175,262,region_V
287,S,N,-0.3794,0.08667,0.005396,-0.2828,-3.168,262,region_V
287,S,Q,,,,,-3.143,262,region_V
287,S,R,-0.3153,-0.183,-0.2474,-0.1578,-3.397,262,region_V
287,S,S,0,0,0,0,0,262,region_V
287,S,T,0.2471,-0.487,-0.2485,-0.1466,-0.2963,262,region_V
287,S,V,-0.4806,-0.8048,0.3688,-0.5828,-1.117,262,region_V
287,S,W,-0.5824,-0.504,0.005393,-1.146,-3.364,262,region_V
287,S,Y,0.1888,0.008939,0.1928,-0.116,-3.259,262,region_V
288,I,A,-0.2264,-0.9939,0.04544,0.3523,-3.319,263,region_V
288,I,C,0.05238,-0.3942,0.4186,-0.6101,-3.134,263,region_V
288,I,D,0.1661,-0.03854,-0.2631,-0.4132,-3.376,263,region_V
288,I,E,0.3876,-0.1349,-0.1743,0.6355,-3.391,263,region_V
288,I,F,,-1.136,-0.01265,,-3.173,263,region_V
288,I,G,-0.8509,-0.4039,,,-3.141,263,region_V
288,I,H,0.08532,0.4239,-0.25,-0.2855,-2.331,263,region_V
288,I,I,0,0,0,0,0,263,region_V
288,I,K,,,,,-2.986,263,region_V
288,I,L,0.1875,0.4647,-0.07285,0.07236,-0.3166,263,region_V
288,I,M,,,-0.6251,0.0553,-2.217,263,region_V
288,I,N,-0.4034,,0.656,-0.0287,-3.29,263,region_V
288,I,P,-0.2768,-1.061,-0.1009,-0.6473,-3.464,263,region_V
288,I,Q,-0.1767,-0.8722,-0.1637,-0.4847,-2.999,263,region_V
288,I,R,-0.4247,-0.05964,-0.1379,-0.0003317,-3.148,263,region_V
288,I,S,-0.2128,-0.09287,0.03648,-0.02419,-3.09,263,region_V
288,I,T,-0.6815,0.0952,0.1762,0.008258,-3.197,263,region_V
288,I,V,-0.3903,,-0.2076,-0.512,-1.922,263,region_V
288,I,W,-0.3217,0.1972,-0.1626,-0.6659,-3.254,263,region_V
288,I,Y,-0.05917,,1.543,,-2.974,263,region_V
289,M,A,-0.1215,,-0.1614,,-2.683,264,region_V
289,M,C,,,,,-3.416,264,region_V
289,M,D,-0.1569,,0.05741,-0.1153,-3.071,264,region_V
289,M,E,-0.3522,-1.634,-0.21,-0.6907,-3.175,264,region_V
289,M,F,0.08415,,0.2365,,-3.325,264,region_V
289,M,G,-0.1572,-0.9292,0.1649,-0.4262,-3.335,264,region_V
289,M,H,-0.1851,-0.3311,-0.1202,-0.144,-1.482,264,region_V
289,M,I,0.01299,-0.4603,0.01437,-0.6076,-3.213,264,region_V
289,M,K,-0.4425,-0.1688,-0.4635,-0.6001,-3.391,264,region_V
289,M,L,,,,,-3.188,264,region_V
289,M,M,0,0,0,0,0,264,region_V
289,M,N,,,0.1228,,-2.406,264,region_V
289,M,P,-0.8665,-1.659,-0.3124,-0.6011,-3.054,264,region_V
289,M,Q,-0.3169,,-0.02817,,-2.84,264,region_V
289,M,R,-0.3093,-0.008588,-0.1955,0.1436,-3.377,264,region_V
289,M,S,-0.204,,-0.1961,-0.2052,-2.91,264,region_V
289,M,T,-0.5908,-0.4608,0.004155,-0.09835,-3.197,264,region_V
289,M,V,0.235,-1.553,-0.2144,-0.6376,-3.333,264,region_V
289,M,W,0.2492,,-0.001693,0.1869,-1.396,264,region_V
289,M,Y,-0.0931,-0.05586,-0.01907,0.3667,-0.5132,264,region_V
290,S,A,-0.01459,0.06151,0.06684,-0.01183,0.0728,265,region_V
290,S,C,0.2268,-0.08748,0.4872,-0.1034,-3.039,265,region_V
290,S,E,-0.03495,-0.4297,-0.2606,-1.09,-3.029,265,region_V
290,S,F,-0.5297,-1.526,-0.1786,-0.6234,-3.292,265,region_V
290,S,G,-0.06741,0.1465,-0.2781,0.1188,1.105,265,region_V
290,S,H,-0.2528,,,-0.8789,-2.909,265,region_V
290,S,I,,,,,-3.142,265,region_V
290,S,K,-0.378,,-0.1129,-0.1499,-3.075,265,region_V
290,S,L,-0.5212,,,-1.093,-3.097,265,region_V
290,S,M,0.18,0.523,0.01455,0.02335,-3.189,265,region_V
290,S,N,-0.6228,0.007229,0.5921,-0.655,-3.086,265,region_V
290,S,P,0.8318,-0.08673,-0.1911,-0.2521,-2.717,265,region_V
290,S,Q,-0.1096,-0.6326,-0.4956,-0.2721,-3.338,265,region_V
290,S,R,,-1.794,,,-3.038,265,region_V
290,S,S,0,0,0,0,0,265,region_V
290,S,T,,,,-1.799,-3.139,265,region_V
290,S,V,-0.5166,-0.1036,-0.4138,-0.06758,-3.135,265,region_V
290,S,W,-0.4927,-1.025,-0.242,-1.431,-3.228,265,region_V
290,S,Y,-0.3454,-0.2523,0.06134,-1.192,-3.141,265,region_V
291,I,A,0.02436,-0.1784,-0.1475,-0.1467,-1.018,266,region_V
291,I,C,0.1632,-0.07717,-0.1478,-0.3988,-1.36,266,region_V
291,I,D,-0.05673,-1.067,0.3947,-0.3745,-2.933,266,region_V
291,I,E,0.297,-0.6883,0.1875,0.0267,-3.412,266,region_V
291,I,F,-0.1157,-0.7346,0.1415,0.03877,-2.024,266,region_V
291,I,G,,,,,-3.135,266,region_V
291,I,H,-0.04359,-0.3472,-0.4955,-0.02265,-2.889,266,region_V
291,I,I,0,0,0,0,0,266,region_V
291,I,K,-0.2606,-0.569,-0.007652,-0.8035,-3.024,266,region_V
291,I,L,-0.08313,-0.06397,0.1712,-0.1557,-1.325,266,region_V
291,I,M,0.03195,-0.8444,0.01801,-0.5667,-1.636,266,region_V
291,I,N,-0.05591,1.032,0.4853,0.173,-3.111,266,region_V
291,I,P,0.3325,0.2624,0.06401,-0.5646,-3.189,266,region_V
291,I,Q,,,,-0.03191,-2.863,266,region_V
291,I,R,-0.2976,-0.1358,-0.1074,-0.001786,-3.032,266,region_V
291,I,S,-0.01741,0.1166,-0.1584,-0.04345,-2.293,266,region_V
291,I,T,0.2415,-1.679,-0.009133,0.0005539,-1.254,266,region_V
291,I,V,0.06807,0.07787,0.09886,0.199,-0.2802,266,region_V
291,I,W,-0.2742,-0.1648,-0.07459,-0.06715,-2.742,266,region_V
291,I,Y,,-1.008,0.2337,,-0.6969,266,region_V
292,I,C,0.08624,0.12,0.1423,0.7394,-0.9639,267,region_V
292,I,D,-0.04033,0.07245,0.43,-0.144,-2.788,267,region_V
292,I,E,-0.02651,0.6115,0.3062,-0.8323,-3.226,267,region_V
292,I,F,0.4026,0.07634,0.3478,0.3926,-0.7127,267,region_V
292,I,G,0.1323,-0.03799,0.4813,0.4617,-3.306,267,region_V
292,I,H,-0.006078,,-0.02671,-0.5497,-2.603,267,region_V
292,I,I,0,0,0,0,0,267,region_V
292,I,K,,-0.5203,-0.1236,,-3.408,267,region_V
292,I,L,0.02825,0.2994,0.03517,0.2197,-0.9792,267,region_V
292,I,M,-0.1078,-0.0441,0.2115,-0.03884,-0.7632,267,region_V
292,I,N,-0.7037,-0.3588,-0.3225,-0.006243,-2.941,267,region_V
292,I,P,-0.5255,,,-0.8191,-3.035,267,region_V
292,I,Q,0.01496,0.5295,0.5249,0.4445,-0.3999,267,region_V
292,I,R,-1.121,0.1145,-0.2518,-0.9094,-3.022,267,region_V
292,I,S,-0.5734,-0.1339,-0.1291,0.3826,-3.262,267,region_V
292,I,T,-0.1466,0.1701,0.1237,0.2777,-0.2749,267,region_V
292,I,V,-0.3398,0.1302,-0.1823,-0.07115,0.0094,267,region_V
292,I,W,0.03074,-0.04074,0.2508,0.08603,-0.3523,267,region_V
292,I,Y,0.0203,0.465,-0.255,,-1.123,267,region_V
293,K,A,-0.02101,-0.07826,-0.0985,0.1097,-0.8336,268,region_V
293,K,C,0.3585,-0.5463,-0.1863,-0.1887,-0.8196,268,region_V
293,K,D,0.2114,0.2535,0.6114,0.3577,-0.9966,268,region_V
293,K,E,0.0905,-0.3617,0.1319,0.414,-1.247,268,region_V
293,K,F,-0.1259,,0.4092,,-1.018,268,region_V
293,K,G,-0.5194,,-0.01337,,-0.5947,268,region_V
293,K,H,0.002999,,-0.2503,,-2.26,268,region_V
293,K,I,-0.01743,-0.07586,-0.1963,0.1559,-0.189,268,region_V
293,K,K,0,0,0,0,0,268,region_V
293,K,L,0.03808,-0.0002812,0.06918,0.3247,0.1367,268,region_V
293,K,M,-0.02556,0.136,0.113,-0.00507,0.2412,268,region_V
293,K,N,-0.3164,-0.3266,-0.2198,-0.3799,-2.152,268,region_V
293,K,P,0.4907,-1.28,0.2516,-0.1389,-3.098,268,region_V
293,K,Q,-0.3319,,0.1016,-0.1659,-1.578,268,region_V
293,K,R,-0.3561,-0.04373,-0.2781,-0.08223,-0.2377,268,region_V
293,K,S,0.1306,-0.8691,-0.02773,-0.189,-1.451,268,region_V
293,K,T,0.305,-0.4571,0.09337,0.03449,-1.327,268,region_V
293,K,V,-0.07235,-0.1603,0.04142,-0.01706,0.07445,268,region_V
293,K,W,-0.01933,-0.2636,-0.5865,-0.4191,-1.731,268,region_V
293,K,Y,-0.02504,0.6429,0.04115,0.1583,-0.09259,268,region_V
294,E,C,0.1429,0.1201,-0.1151,0.2345,0.08339,269,region_V
294,E,D,0.2373,-0.206,-0.01607,0.4527,0.06776,269,region_V
294,E,E,0,0,0,0,0,269,region_V
294,E,F,-0.4256,-0.4583,-0.09994,-0.2202,-0.9764,269,region_V
294,E,G,-0.01767,0.132,0.07773,0.3986,-1.147,269,region_V
294,E,H,-0.2353,0.5639,-0.03426,,-2.097,269,region_V
294,E,I,-0.2237,-1.58,0.02542,0.0976,-3.062,269,region_V
294,E,K,-0.09166,-0.5273,-0.2249,-0.2666,-2.846,269,region_V
294,E,L,-0.564,-0.6881,-0.001246,-0.2494,-1.241,269,region_V
294,E,M,-0.263,-0.2213,-0.03751,-0.08034,-0.7801,269,region_V
294,E,N,-0.1234,-0.06991,-0.03425,0.3552,-0.3004,269,region_V
294,E,Q,-0.04456,-0.1701,-0.4212,0.2451,-0.1847,269,region_V
294,E,R,-0.402,-1.513,-0.3516,-0.3149,-3.152,269,region_V
294,E,S,-0.1116,0.147,-0.1904,-0.03469,-0.0167,269,region_V
294,E,T,-0.1403,-0.05541,0.38,-0.1772,-1.338,269,region_V
294,E,V,-0.1073,-0.2681,0.4047,-0.3263,-2.538,269,region_V
294,E,W,0.01137,-0.2833,-0.1097,-0.009133,-0.6855,269,region_V
294,E,Y,-0.0001124,,,,-1.154,269,region_V
295,E,A,-0.01266,,-0.6541,-0.257,-0.553,270,region_V
295,E,C,,,-0.2171,0.2742,-1.798,270,region_V
295,E,D,0.09101,0.0335,0.134,0.1443,-0.131,270,region_V
295,E,E,0,0,0,0,0,270,region_V
295,E,F,-0.536,,0.2017,0.1393,-1.409,270,region_V
295,E,G,0.0182,-0.2267,0.1532,-0.0467,-0.4611,270,region_V
295,E,I,0.2325,,0.4074,-0.06076,-3.351,270,region_V
295,E,K,-0.3293,-1.635,-0.56,-0.8706,-3.509,270,region_V
295,E,L,-0.1492,-0.2354,0.07497,-0.41,-1.583,270,region_V
295,E,M,-0.005616,-0.4094,0.1532,0.1103,-0.922,270,region_V
295,E,N,,,,,-1.777,270,region_V
295,E,P,0.1552,-1.8,-0.0376,0.2756,-2.92,270,region_V
295,E,Q,-0.09437,0.05453,0.2458,-0.08776,-0.7487,270,region_V
295,E,R,,,0.006386,0.5037,-3.373,270,region_V
295,E,S,-0.3937,0.0233,0.061,-0.247,-0.9771,270,region_V
295,E,T,,,-0.05309,,-1.544,270,region_V
295,E,V,-1.052,-0.7584,-0.03065,0.02272,-3.429,270,region_V
295,E,W,,,-0.04124,0.09518,-1.966,270,region_V
295,E,Y,-0.706,-0.7138,-0.188,0.01574,-2.606,270,region_V
296,V,A,-0.4685,-0.1479,0.2153,0.1725,-2.897,271,region_V
296,V,C,-0.01633,-0.2047,0.02705,-0.005163,-0.5542,271,region_V
296,V,D,-0.008248,-1.601,-0.3178,-1.364,-3.438,271,region_V
296,V,E,-0.2296,-0.4795,-0.5877,-0.6874,-2.899,271,region_V
296,V,F,0.1558,-0.1846,0.001326,-0.06519,-1.311,271,region_V
296,V,G,-0.9049,,-0.1143,-0.6161,-3.079,271,region_V
296,V,H,-0.3316,,0.09398,0.1546,-3.255,271,region_V
296,V,I,-0.02869,0.149,0.03506,-0.1446,0.2667,271,region_V
296,V,K,-0.1661,0.1065,-0.09686,-0.02434,-3.24,271,region_V
296,V,L,-0.1694,0.05514,-0.06004,-0.1034,-0.1649,271,region_V
296,V,M,0.02871,-0.5911,-0.4865,-0.5408,-0.3572,271,region_V
296,V,N,0.1004,0.05318,-0.01013,0.008907,-2.577,271,region_V
296,V,P,-0.4541,-0.02807,-0.03435,0.06064,-3.175,271,region_V
296,V,Q,-0.3362,-0.1568,-0.1764,-0.02939,-2.653,271,region_V
296,V,R,-0.2199,-1.566,-0.286,-1.326,-2.874,271,region_V
296,V,S,,,-0.06016,,-3.222,271,region_V
296,V,T,-0.16,0.06562,-0.08876,-0.1241,-0.3365,271,region_V
296,V,V,0,0,0,0,0,271,region_V
296,V,W,-0.05572,,-0.2129,,-2.16,271,region_V
296,V,Y,,0.2592,0.4778,,-1.031,271,region_V
297,L,A,-0.04383,0.0245,0.5865,-0.3216,-0.9458,272,region_V
297,L,C,-0.09033,-0.07972,0.216,0.2251,-0.9645,272,region_V
297,L,D,,,,,-3.182,272,region_V
297,L,E,-1.085,0.1172,0.6014,0.7718,-3.187,272,region_V
297,L,F,-0.2421,-0.146,0.05258,-0.2496,-1.566,272,region_V
297,L,G,0.461,0.2855,0.3985,0.4023,-3.406,272,region_V
297,L,H,,,,,-2.909,272,region_V
297,L,I,0.007142,0.1533,0.2243,-0.2666,-0.7383,272,region_V
297,L,K,-0.2026,-0.5528,-0.03633,0.3585,-3.356,272,region_V
297,L,L,0,0,0,0,0,272,region_V
297,L,M,-0.2056,-0.1948,-0.07801,-0.3202,-1.262,272,region_V
297,L,N,-0.01126,-0.1494,-0.01167,-0.7703,-3.32,272,region_V
297,L,P,0.227,-1.293,0.5307,-0.3701,-3.076,272,region_V
297,L,Q,0.7966,-0.06199,-0.02131,-0.2612,-3.205,272,region_V
297,L,R,-0.4434,,0.08375,-0.147,-3.231,272,region_V
297,L,S,,,-0.4078,,-3.377,272,region_V
297,L,T,,,,,-3.22,272,region_V
297,L,V,0.06407,-0.004089,0.3753,0.2574,-0.7938,272,region_V
297,L,W,,,,,-3.288,272,region_V
297,L,Y,,,,,-3.272,272,region_V
298,A,A,0,0,0,0,0,273,region_V
298,A,C,0.2287,-0.05046,0.0166,0.09762,-0.3673,273,region_V
298,A,D,-0.5544,0.08855,-0.384,-0.3829,-3.216,273,region_V
298,A,E,0.3468,-0.3844,-0.3787,0.01834,-2.756,273,region_V
298,A,F,-0.9354,-0.3727,,,-3.436,273,region_V
298,A,G,0.03989,0.05467,0.3579,0.1688,0.4188,273,region_V
298,A,H,-0.6456,-0.7193,-0.08014,-0.06767,-3.421,273,region_V
298,A,I,-0.5792,-0.02432,-0.06079,-1.084,-3.014,273,region_V
298,A,K,-0.5361,,0.1543,0.08074,-2.926,273,region_V
298,A,L,-0.2764,-0.2841,-0.2006,-0.5787,-2.29,273,region_V
298,A,M,-0.2589,-0.6363,-0.2863,-0.01481,-1.502,273,region_V
298,A,N,-0.7956,,-0.1078,,-2.399,273,region_V
298,A,P,-0.499,,-0.2663,-0.31,-3.353,273,region_V
298,A,Q,-0.579,-0.1115,-0.5269,0.09752,-2.958,273,region_V
298,A,R,-1.73,-1.036,,-0.3858,-3.334,273,region_V
298,A,S,-0.7574,-0.6971,-0.5692,-0.6809,-3.247,273,region_V
298,A,T,-0.6555,-0.5465,-0.6387,-0.3125,-3.284,273,region_V
298,A,V,-0.1782,-0.0389,-0.7294,-0.2087,-3.228,273,region_V
298,A,W,-0.4592,-1.116,1.136,-0.8538,-3.308,273,region_V
298,A,Y,-1.092,,,,-3.442,273,region_V
299,Y,A,-0.2884,-0.2905,-0.1352,1.826,-3.503,274,region_V
299,Y,C,-0.3755,0.4615,-0.2355,0.1092,-3.402,274,region_V
299,Y,D,-0.7125,-1.033,0.3193,-0.1009,-3.032,274,region_V
299,Y,E,0.314,-0.6062,-0.2215,0.1929,-3.278,274,region_V
299,Y,F,-0.3616,-0.2852,-0.1136,0.1107,-0.599,274,region_V
299,Y,H,0.04008,,0.4709,0.6716,-3.049,274,region_V
299,Y,I,0.07344,-0.2839,0.2575,-1.026,-3.322,274,region_V
299,Y,K,-0.07993,,0.2092,-0.3073,-2.491,274,region_V
299,Y,L,-0.1309,,-0.4506,-0.8928,-3.328,274,region_V
299,Y,M,-0.2461,-0.4411,-0.2962,-0.1175,-3.152,274,region_V
299,Y,N,-0.0229,-0.2354,-0.07176,-0.5105,-3.225,274,region_V
299,Y,P,-0.07473,-0.1485,0.08512,0.0832,-3.167,274,region_V
299,Y,Q,-0.148,-0.1202,-0.2734,-0.2181,-3.248,274,region_V
299,Y,R,,,-0.1358,,-3.148,274,region_V
299,Y,S,0.3977,-0.6844,0.2709,0.8582,-3.359,274,region_V
299,Y,T,-0.002798,0.043,-0.1135,-0.6622,-3.345,274,region_V
299,Y,V,-0.549,-0.03806,0.3346,-0.008178,-3.454,274,region_V
299,Y,W,-0.09985,-0.5604,-0.3176,0.1327,-0.6193,274,region_V
299,Y,Y,0,0,0,0,0,274,region_V
300,V,A,-0.5978,-0.06246,0.4293,,-3.241,275,region_V
300,V,C,0.5074,-0.1589,-0.05073,-0.4004,-3.34,275,region_V
300,V,D,-0.2682,,-0.2924,-0.5936,-2.862,275,region_V
300,V,E,,-1.804,-0.1285,,-3.231,275,region_V
300,V,F,-0.557,,0.08203,-1.016,-3.17,275,region_V
300,V,G,-0.271,,-0.1224,-0.9952,-3.127,275,region_V
300,V,H,-0.4761,-0.4755,-0.08635,-0.1215,-3.118,275,region_V
300,V,I,0.1075,0.01518,0.06456,-0.1929,-1.47,275,region_V
300,V,K,-0.7982,-0.792,-0.261,-0.3968,-3.331,275,region_V
300,V,L,-0.6758,0.1605,-0.3021,-0.3351,-3.469,275,region_V
300,V,M,-0.2297,-1.339,-0.3624,-0.3092,-3.405,275,region_V
300,V,N,-0.3592,-0.8334,-0.2654,-1.414,-2.845,275,region_V
300,V,P,-0.658,-1.684,-0.2619,,-3.19,275,region_V
300,V,Q,,,,,-2.753,275,region_V
300,V,R,-1.033,,-0.1376,-0.403,-2.884,275,region_V
300,V,S,,-0.2205,-0.4756,,-3.154,275,region_V
300,V,T,0.1243,-0.6982,0.3444,-0.2934,-2.848,275,region_V
300,V,V,0,0,0,0,0,275,region_V
300,V,W,-0.01528,-0.2196,-0.02006,,-3.13,275,region_V
300,V,Y,-0.1403,0.02859,0.02995,-0.1289,-2.941,275,region_V
301,V,A,0.08054,0.003913,,-0.8513,-1.796,276,region_III
301,V,C,-0.0467,-0.03188,-0.2969,-0.3191,-2.311,276,region_III
301,V,D,-0.03045,-0.2978,-0.07476,-0.1392,-3.242,276,region_III
301,V,E,-0.7312,-1.564,-0.6638,-0.8087,-3.279,276,region_III
301,V,F,-0.1704,0.3419,-0.06418,-0.307,-3.189,276,region_III
301,V,G,,,,,-3.296,276,region_III
301,V,H,-0.2996,-0.02391,0.0495,-0.6761,-3.144,276,region_III
301,V,I,-0.2202,-0.2642,-0.05398,-0.5109,-0.2059,276,region_III
301,V,K,-0.3731,-0.4925,0.2869,-0.06057,-3.386,276,region_III
301,V,L,0.1338,0.09478,0.2741,0.1194,-0.3655,276,region_III
301,V,M,-0.03348,0.01378,-0.08038,0.4157,-0.2175,276,region_III
301,V,N,0.1766,0.9499,-0.1945,0.1397,-3.046,276,region_III
301,V,P,0.3191,,0.3281,-0.2846,-3.397,276,region_III
301,V,Q,-0.01701,,-0.07765,-0.08862,-3.188,276,region_III
301,V,R,-0.2726,-0.2608,-0.08593,0.03326,-3.347,276,region_III
301,V,S,,,0.1454,-0.9032,-3.307,276,region_III
301,V,T,-0.01556,0.1268,0.1185,0.1855,-0.6018,276,region_III
301,V,V,0,0,0,0,0,276,region_III
301,V,W,-0.668,-0.3256,-0.1613,0.0188,-3.471,276,region_III
301,V,Y,,,0.595,,-2.867,276,region_III
302,Q,C,,,0.7887,,-3.469,277,region_III
302,Q,D,,,,,-3.471,277,region_III
302,Q,E,0.3732,,,,-3.428,277,region_III
302,Q,F,-0.354,-0.8699,-0.02335,-0.01478,-3.294,277,region_III
302,Q,G,-1.121,,-0.04442,,-3.343,277,region_III
302,Q,H,-0.1335,0.6558,-0.1781,-0.7864,-2.964,277,region_III
302,Q,I,,,,,-3.403,277,region_III
302,Q,K,-0.4003,-0.8826,-0.6219,-0.3287,-3.121,277,region_III
302,Q,L,,,,,-3.449,277,region_III
302,Q,M,-0.1884,-0.1433,-0.06522,-0.1517,-3.08,277,region_III
302,Q,N,-0.5555,,,,-3.02,277,region_III
302,Q,P,-0.1469,-0.3089,-0.5675,0.112,-3.442,277,region_III
302,Q,Q,0,0,0,0,0,277,region_III
302,Q,R,-0.4137,0.1104,0.1795,-0.1864,-3.231,277,region_III
302,Q,S,,,-0.1327,-0.7905,-3.337,277,region_III
302,Q,T,,,,,-3.475,277,region_III
302,Q,V,-0.03648,,0.6519,0.8059,-3.508,277,region_III
302,Q,W,-0.2249,-0.7987,0.004376,-0.1318,-2.647,277,region_III
302,Q,Y,-0.8841,,,,-3.244,277,region_III
303,L,A,-0.1619,-0.1136,0.722,0.0004905,-1.753,278,region_III
303,L,C,0.3761,-0.1197,0.4416,0.126,-2.819,278,region_III
303,L,D,,,0.2231,-0.5717,-3.231,278,region_III
303,L,E,0.28,0.3783,0.7219,0.6421,-3.091,278,region_III
303,L,F,-0.2022,-0.2181,0.501,,-3.231,278,region_III
303,L,G,-1.188,-1.958,0.2436,-0.7679,-3.236,278,region_III
303,L,H,-0.4364,,1.158,0.6796,-3.293,278,region_III
303,L,K,-0.04121,-0.6542,-0.1135,-0.5968,-3.311,278,region_III
303,L,L,0,0,0,0,0,278,region_III
303,L,M,-0.1607,0.09671,0.1638,-0.03128,-0.993,278,region_III
303,L,N,,,,,-3.349,278,region_III
303,L,P,-0.7191,-1.187,-0.09482,-0.5695,-3.253,278,region_III
303,L,Q,,,,,-3.479,278,region_III
303,L,R,-0.3766,0.05066,0.8422,0.183,-3.148,278,region_III
303,L,S,-0.0112,-0.5381,0.1023,0.1221,-2.931,278,region_III
303,L,T,0.0156,-0.05853,0.1748,0.0526,-1.826,278,region_III
303,L,V,-0.0452,-0.2373,0.08892,-0.2216,-0.4792,278,region_III
303,L,W,,,-0.4039,-0.04846,-3.464,278,region_III
303,L,Y,-0.6619,,0.107,-0.6603,-3.462,278,region_III
304,P,A,-0.5709,-1.013,-0.07917,-0.6305,-2.542,279,region_III
304,P,C,-0.7332,-1.254,-0.2798,-0.9691,-3.256,279,region_III
304,P,D,-0.2092,-0.1896,-0.01258,0.05124,-2.906,279,region_III
304,P,E,-0.352,-0.09049,0.03724,-0.8577,-3.213,279,region_III
304,P,F,-0.3051,,-0.139,-0.9086,-2.903,279,region_III
304,P,G,,,,,-3.364,279,region_III
304,P,H,-0.1187,0.2337,-0.5531,-0.2047,-3.207,279,region_III
304,P,I,-0.1288,-0.3911,-0.102,-0.3065,-3.154,279,region_III
304,P,K,-0.3381,-1.385,-0.8558,-0.4755,-3.407,279,region_III
304,P,L,0.0493,-0.4809,-0.4053,-0.9419,-3.044,279,region_III
304,P,M,-0.246,,0.2877,-0.06179,-3.284,279,region_III
304,P,N,-0.2713,-0.744,-0.2666,-0.781,-3.003,279,region_III
304,P,P,0,0,0,0,0,279,region_III
304,P,Q,-0.5057,-2.264,-0.2685,-0.5778,-3.338,279,region_III
304,P,R,-0.4783,-1.639,0.06374,-0.08883,-3.163,279,region_III
304,P,S,-0.1273,-0.8686,-0.3014,-0.412,-3.306,279,region_III
304,P,T,-0.2179,0.2689,0.2119,-0.6607,-3.329,279,region_III
304,P,V,0.03596,0.06906,-0.007898,-0.1168,-3.367,279,region_III
304,P,W,-0.7321,-0.9147,-0.1556,0.6117,-3.125,279,region_III
304,P,Y,-0.2808,-0.7338,-0.3597,-0.7509,-3.356,279,region_III
305,L,A,-0.5342,-0.7265,0.1042,-0.6456,-3.208,280,region_III
305,L,C,-0.6014,-1.244,-0.1055,-0.4892,-2.258,280,region_III
305,L,D,-0.4611,-1.593,0.3129,-0.5568,-3.478,280,region_III
305,L,E,,0.02788,-0.07551,0.3312,-2.04,280,region_III
305,L,F,-0.1026,-0.3451,0.003355,0.1587,-1.333,280,region_III
305,L,G,-0.9087,,0.02516,-0.2808,-3.512,280,region_III
305,L,H,-0.1543,-0.1973,-0.04633,0.2585,-0.6492,280,region_III
305,L,I,0.03822,0.01298,0.2938,0.407,0.1842,280,region_III
305,L,K,-0.00756,,,,-1.77,280,region_III
305,L,L,0,0,0,0,0,280,region_III
305,L,M,-0.2562,-0.1518,-0.2672,-0.2038,-0.4605,280,region_III
305,L,N,-0.248,-0.02617,0.46,-0.4562,-3.169,280,region_III
305,L,P,-0.2932,0.06875,-0.1811,-0.1181,-3.076,280,region_III
305,L,Q,-0.5117,,-0.1243,-0.1593,-0.9152,280,region_III
305,L,R,-0.7478,,0.1425,,-2.629,280,region_III
305,L,S,-0.09875,-0.344,-0.4959,-0.04145,-2.034,280,region_III
305,L,T,-0.4769,-0.3515,-0.01789,0.01388,-1.504,280,region_III
305,L,V,-0.2314,-0.06077,-0.005573,-0.003985,-0.127,280,region_III
305,L,W,,,,0.2622,0.1756,280,region_III
305,L,Y,0.1003,-0.199,0.02006,0.01056,-0.6384,280,region_III
306,Y,C,-0.8281,-0.6257,0.03941,-0.7061,-3.394,281,region_III
306,Y,D,-0.5879,-0.653,-0.09441,-0.6245,-3.211,281,region_III
306,Y,E,-0.3062,-0.1419,0.04383,0.2078,-3.218,281,region_III
306,Y,F,0.08957,0.005911,0.2499,0.08598,-0.6603,281,region_III
306,Y,G,,,,0.2622,-3.132,281,region_III
306,Y,H,-0.1821,-1.378,-0.5632,0.1666,-3.4,281,region_III
306,Y,I,-0.9447,-0.7058,-0.06733,,-2.773,281,region_III
306,Y,K,-0.1672,-0.466,0.06431,-0.1268,-3.077,281,region_III
306,Y,L,0.03431,-0.06047,-0.3103,0.03397,-1.56,281,region_III
306,Y,M,-0.1372,-0.5073,0.2545,0.1982,-0.9696,281,region_III
306,Y,N,,,-0.1575,-0.6186,-3.345,281,region_III
306,Y,P,-0.6349,-0.8899,-0.156,-0.0872,-3.24,281,region_III
306,Y,Q,-0.4405,0.6567,0.01963,-0.4173,-3.274,281,region_III
306,Y,R,0.5497,-0.6811,-0.1308,-0.4396,-3.314,281,region_III
306,Y,S,0.1685,-0.5359,1.236,-0.3444,-3.287,281,region_III
306,Y,T,,,-0.0277,,-3.438,281,region_III
306,Y,V,-0.464,-1.302,-0.1371,0.5586,-3.273,281,region_III
306,Y,W,0.07241,-0.04633,-0.08819,-0.003851,0.2718,281,region_III
306,Y,Y,0,0,0,0,0,281,region_III
307,G,A,0.1881,-0.4133,-0.1248,-0.7466,-0.7511,282,region_III
307,G,C,-0.6696,-1.564,0.1934,-0.7827,-3.377,282,region_III
307,G,D,-0.5516,-1.447,-0.3005,-0.2558,-3.455,282,region_III
307,G,E,-0.2018,-0.1318,0.1428,0.07803,-2.9,282,region_III
307,G,F,-0.1072,-0.5638,-0.1127,-0.4314,-3.406,282,region_III
307,G,G,0,0,0,0,0,282,region_III
307,G,H,-0.7837,-0.1619,-0.02806,-0.5997,-1.417,282,region_III
307,G,I,-0.008631,-1.311,-0.3234,-0.4604,-3.426,282,region_III
307,G,K,-0.3899,,-0.1448,0.03649,-2.609,282,region_III
307,G,L,-0.2393,0.1314,-0.05763,-0.2406,-1.813,282,region_III
307,G,M,-0.1049,-0.2779,-0.2677,0.05338,-1.157,282,region_III
307,G,N,-0.1831,0.4833,0.2455,0.0653,-1.163,282,region_III
307,G,P,-0.5709,,,,-3.397,282,region_III
307,G,Q,-0.12,-0.2352,0.3009,0.5875,-1.169,282,region_III
307,G,R,0.09556,0.02875,0.1971,0.1373,-1.859,282,region_III
307,G,S,0.00186,-0.2415,0.03044,-0.2933,-1.337,282,region_III
307,G,T,-0.2272,-0.5097,-0.04052,0.05247,-1.115,282,region_III
307,G,V,-0.7596,-1.092,0.08629,-0.2824,-3.4,282,region_III
307,G,W,0.7307,,0.7993,-0.3396,-3.378,282,region_III
307,G,Y,-0.1842,,-0.03005,-0.4779,-3.363,282,region_III
308,V,A,-0.2198,-0.034,0.3832,0.2131,-2.687,283,region_III
308,V,C,-0.01563,,-0.2081,-0.7734,-3.423,283,region_III
308,V,D,-0.7154,,-0.3682,-0.517,-3.476,283,region_III
308,V,E,-0.02154,-0.5709,0.3772,-0.8223,-3.396,283,region_III
308,V,F,-0.462,,-0.5008,0.2636,-3.508,283,region_III
308,V,G,-0.6548,-0.0488,0.1173,,-3.186,283,region_III
308,V,H,-1.004,,-0.306,-0.4873,-3.446,283,region_III
308,V,I,-0.1227,-1.063,0.6936,0.4078,-3.492,283,region_III
308,V,K,-0.9741,-1.728,0.3341,0.3345,-3.522,283,region_III
308,V,L,0.01322,-1.678,-0.128,-0.9754,-3.467,283,region_III
308,V,M,-0.2423,-1.056,-0.3865,0.1328,-3.51,283,region_III
308,V,N,,,-0.1232,,-3.445,283,region_III
308,V,P,,,-0.2294,-1.089,-3.347,283,region_III
308,V,Q,-0.3364,-1.472,0.413,-0.3041,-3.469,283,region_III
308,V,R,,,,,-3.205,283,region_III
308,V,T,-0.1879,-0.09744,0.6997,0.03332,-3.409,283,region_III
308,V,V,0,0,0,0,0,283,region_III
308,V,W,-0.1244,-0.3504,-0.2116,-0.798,-3.49,283,region_III
308,V,Y,0.1434,,-0.247,-1.049,-3.426,283,region_III
309,I,A,,,,,-2.042,284,region_III
309,I,C,0.01495,,0.8439,,-3.445,284,region_III
309,I,D,-0.698,,0.09391,,-3.477,284,region_III
309,I,E,-0.7239,,-0.1876,0.3137,-3.481,284,region_III
309,I,F,-0.04185,,,,-3.49,284,region_III
309,I,G,,,0.1135,-0.4108,-3.401,284,region_III
309,I,H,-0.7807,,0.3506,,-3.508,284,region_III
309,I,I,0,0,0,0,0,284,region_III
309,I,K,,,,,-3.488,284,region_III
309,I,L,0.346,,-0.008464,-0.09096,-3.471,284,region_III
309,I,M,,,,,-3.099,284,region_III
309,I,N,-0.4218,-0.8172,0.06165,0.09046,-3.212,284,region_III
309,I,P,-0.3873,-1.523,-0.1305,-0.5292,-3.403,284,region_III
309,I,Q,,,,-0.4026,-3.523,284,region_III
309,I,R,,,-0.02114,,-3.518,284,region_III
309,I,S,,,-0.1863,-0.9901,-3.47,284,region_III
309,I,T,,,-0.05238,,-3.232,284,region_III
309,I,V,0.06607,-0.4978,0.03078,,-3.413,284,region_III
309,I,W,,,,,-3.518,284,region_III
309,I,Y,,,,,-3.481,284,region_III
310,D,A,-0.2165,,0.2992,-0.163,-3.446,285,region_III
310,D,C,,,,-0.5265,-3.257,285,region_III
310,D,D,0,0,0,0,0,285,region_III
310,D,E,0.07729,0.1974,-0.08552,0.04061,-1.105,285,region_III
310,D,F,,,,,-3.268,285,region_III
310,D,G,0.2366,-0.2478,-0.04088,-0.3939,-3.462,285,region_III
310,D,H,-0.5271,0.08888,0.2541,,-3.407,285,region_III
310,D,I,0.4563,-0.1285,0.08251,0.009621,-3.244,285,region_III
310,D,K,-0.7666,-0.8259,-0.1302,-0.2818,-3.271,285,region_III
310,D,L,0.1652,,0.06363,,-3.417,285,region_III
310,D,M,-0.2743,-0.2501,-0.3817,-0.2655,-3.269,285,region_III
310,D,N,-0.4411,-0.2892,0.3274,-1.064,-3.376,285,region_III
310,D,P,,,-0.146,,-3.405,285,region_III
310,D,Q,-0.1121,-0.1886,0.08305,0.2368,-3.396,285,region_III
310,D,R,-0.07854,,0.2255,-0.08645,-3.282,285,region_III
310,D,S,,,,,-3.41,285,region_III
310,D,T,-0.2087,0.8651,-0.01976,0.04006,-3.413,285,region_III
310,D,V,-0.5011,-0.6539,-0.1984,-0.01308,-3.179,285,region_III
310,D,W,,-0.4468,-0.3096,0.9468,-3.292,285,region_III
310,D,Y,-0.4502,-0.09482,-0.1488,-0.3261,-3.427,285,region_III
311,T,A,-0.4808,-0.8384,-0.02969,-0.4213,-3.447,286,region_III
311,T,C,,-1.441,0.1113,-0.4387,-3.498,286,region_III
311,T,D,,,0.7857,,-3.234,286,region_III
311,T,E,,,,,-3.399,286,region_III
311,T,F,0.2147,-0.3457,-0.2128,-0.5701,-3.498,286,region_III
311,T,G,-0.06105,,,-0.3705,-3.045,286,region_III
311,T,H,,,0.5591,,-3.309,286,region_III
311,T,I,0.2559,-0.4359,0.01691,-1.099,-3.516,286,region_III
311,T,K,,,,,-3.461,286,region_III
311,T,L,0.3537,,-0.0214,0.08411,-3.32,286,region_III
311,T,M,-0.04858,-1.664,-0.2404,-0.7368,-3.449,286,region_III
311,T,N,0.2271,0.1539,0.9782,0.06461,-3.367,286,region_III
311,T,P,-0.1995,-1.262,0.528,-0.8601,-3.118,286,region_III
311,T,Q,-0.6218,,-0.2663,,-3.46,286,region_III
311,T,R,,,,,-3.481,286,region_III
311,T,S,-0.5526,-0.2993,0.8291,0.3955,-3.43,286,region_III
311,T,T,0,0,0,0,0,286,region_III
311,T,V,-0.4173,-1.103,-0.3267,-0.5982,-3.508,286,region_III
311,T,W,-0.0424,-2.082,0.07789,,-3.444,286,region_III
311,T,Y,,,,,-3.484,286,region_III
312,P,A,,,-0.1179,,-0.3257,287,region_III
312,P,C,-0.3537,-0.1256,0.2453,-0.03965,-2.01,287,region_III
312,P,D,-0.08296,-0.2214,-0.1559,0.1105,0.4657,287,region_III
312,P,E,-0.1723,0.4961,-0.3277,0.2015,-0.2276,287,region_III
312,P,F,0.3598,0.09748,-0.1686,-0.2431,-0.9143,287,region_III
312,P,G,-0.03189,0.0759,0.07996,0.04345,0.9204,287,region_III
312,P,H,-0.07478,-0.408,-0.2906,-0.1607,0.6421,287,region_III
312,P,I,-0.0866,-0.3521,-0.1383,-0.2796,-1.447,287,region_III
312,P,K,0.03516,-0.3578,0.04779,-0.0853,-0.4154,287,region_III
312,P,L,-0.1183,-0.1349,-0.03417,-0.07883,-0.6624,287,region_III
312,P,M,-0.09983,-0.6325,-0.4211,-0.08476,-0.7991,287,region_III
312,P,N,-0.1218,-0.7115,-0.05868,-0.2436,-0.1369,287,region_III
312,P,P,0,0,0,0,0,287,region_III
312,P,Q,-0.1023,0.01984,-0.1358,-0.3293,0.2228,287,region_III
312,P,R,-0.2011,-1.277,-0.1156,-0.3039,-0.9776,287,region_III
312,P,S,-0.1416,0.02369,-0.1121,-0.1548,0.1825,287,region_III
312,P,T,-0.001769,-0.1655,-0.4636,-0.03383,-0.3136,287,region_III
312,P,V,-0.084,-0.186,-0.06823,0.1537,-1.33,287,region_III
312,P,W,0.1905,-0.1899,-0.1434,-0.08528,-0.3265,287,region_III
312,P,Y,-0.03201,-0.1001,-0.1583,0.02553,-0.7339,287,region_III
313,C,A,-0.2293,,-0.2163,-0.516,-3.207,288,region_I
313,C,C,0,0,0,0,0,288,region_I
313,C,D,0.06354,-0.2465,0.4381,-0.1082,-3.349,288,region_I
313,C,E,0.3239,,0.3672,-1.403,-3.393,288,region_I
313,C,F,-0.3304,-0.4641,0.5093,-0.3541,-3.369,288,region_I
313,C,G,-1.17,,,,-2.869,288,region_I
313,C,H,-0.1647,-0.5476,0.05944,-0.1902,-3.171,288,region_I
313,C,I,-0.3116,,-0.1897,-0.4802,-3.302,288,region_I
313,C,K,,,,,-3.16,288,region_I
313,C,L,-0.5418,-0.2887,-0.1252,-0.02516,-3.475,288,region_I
313,C,M,-0.8963,,,,-2.88,288,region_I
313,C,N,0.1469,0.08662,0.2558,-0.3825,-3.377,288,region_I
313,C,P,-0.03061,-0.7846,0.03313,-0.2936,-3.162,288,region_I
313,C,Q,-0.1065,,-0.1901,-0.255,-3.292,288,region_I
313,C,R,-0.2064,-0.5546,-0.1,-0.5362,-3.381,288,region_I
313,C,S,0.08117,-0.6971,0.5395,-0.4835,-3.196,288,region_I
313,C,T,-0.1612,-0.5019,0.09183,-0.5936,-3.296,288,region_I
313,C,V,-0.7088,-0.6799,-0.0452,-0.03763,-3.283,288,region_I
313,C,W,-0.3331,-0.3815,-0.1478,0.05814,-3.235,288,region_I
313,C,Y,-0.4918,0.06302,0.7709,0.08056,-2.971,288,region_I
314,W,A,-0.4216,-0.7711,0.1004,-0.629,-2.131,289,region_I
314,W,C,0.04953,,-0.1262,,-3.05,289,region_I
314,W,D,0.3345,,,,-3.274,289,region_I
314,W,E,-0.02611,-0.4291,-0.1781,-0.3089,-2.926,289,region_I
314,W,F,-0.5364,,-0.5432,-0.6038,-1.805,289,region_I
314,W,G,-0.12,-0.2505,0.01669,0.03808,-3.3,289,region_I
314,W,H,-0.07387,0.05951,0.02526,0.06574,-0.5284,289,region_I
314,W,I,0.4863,-0.5316,-0.3615,-0.52,-2.697,289,region_I
314,W,K,0.1683,-0.3356,-0.3895,-0.6541,-2.862,289,region_I
314,W,L,0.1941,-0.5877,0.06459,-0.9094,-2.63,289,region_I
314,W,M,-0.189,-0.6385,-0.4649,-0.1141,-1.876,289,region_I
314,W,N,0.1451,-0.528,-0.1201,0.1845,-2.811,289,region_I
314,W,P,-0.3963,0.1232,0.2808,-0.2581,-3.133,289,region_I
314,W,Q,0.06769,0.02479,-0.08687,-0.4412,-0.7391,289,region_I
314,W,R,-0.2699,-0.09654,-0.03371,-0.286,-2.492,289,region_I
314,W,S,0.02759,0.2628,-0.1147,-0.8616,-2.268,289,region_I
314,W,T,0.3008,-0.2023,0.5223,-0.731,-1.67,289,region_I
314,W,V,0.2037,-0.1237,-0.3577,-0.3833,-2.381,289,region_I
314,W,W,0,0,0,0,0,289,region_I
314,W,Y,-0.1383,-0.2848,-0.1722,-0.02779,-1.123,289,region_I
315,K,A,-0.1155,,-0.2611,,-3,290,region_I
315,K,C,-0.6037,,-0.1834,-1.425,-3.31,290,region_I
315,K,D,-0.4163,,-0.2625,-0.06339,-3.356,290,region_I
315,K,E,-0.05232,-0.1583,0.3846,-0.6908,-3.094,290,region_I
315,K,F,-0.7627,-1.548,0.01609,-0.1932,-3.373,290,region_I
315,K,G,,,,,-3.432,290,region_I
315,K,H,-0.7973,-0.08079,-0.3924,-0.1813,-2.465,290,region_I
315,K,I,,,,-0.4664,-2.67,290,region_I
315,K,K,0,0,0,0,0,290,region_I
315,K,L,0.3587,-0.7292,-0.2586,-0.9467,-2.288,290,region_I
315,K,M,-0.06863,-1.52,-0.1856,-0.4331,-3.17,290,region_I
315,K,N,-0.617,-0.84,-0.1846,-0.647,-2.527,290,region_I
315,K,P,0.005598,-0.7306,0.122,-0.572,-3.425,290,region_I
315,K,Q,-0.3021,-1.113,-0.1474,-0.4612,-1.684,290,region_I
315,K,R,-0.09868,-0.8693,-0.3775,-0.303,-1.917,290,region_I
315,K,S,,,-0.1458,,-3.408,290,region_I
315,K,T,-0.5264,-1.5,-0.1462,-1.082,-3.481,290,region_I
315,K,V,-0.1798,-1.801,-0.151,-0.6205,-3.311,290,region_I
315,K,W,-0.4331,-0.04857,-0.3969,-0.6915,-1.684,290,region_I
315,K,Y,-0.3698,-1.035,-0.1621,-0.6522,-1.289,290,region_I
316,L,A,-0.2653,,0.007188,,-3.062,291,region_I
316,L,C,,-1.129,,,-2.753,291,region_I
316,L,D,-0.5179,-0.2442,-0.05018,-0.3791,-3.25,291,region_I
316,L,E,0.06559,,0.4147,-0.2659,-3.365,291,region_I
316,L,F,0.2671,-0.2379,0.204,-0.367,-3.303,291,region_I
316,L,G,-0.407,-0.5602,0.006856,-0.974,-3.13,291,region_I
316,L,H,-0.2148,-0.4308,-0.4957,0.07365,-3.218,291,region_I
316,L,I,0.1041,-0.1184,0.1187,0.08394,0.5903,291,region_I
316,L,K,0.0334,-0.03619,0.09464,-0.3039,-3.328,291,region_I
316,L,L,0,0,0,0,0,291,region_I
316,L,M,-0.3634,-0.7714,0.02052,-0.02471,-1.224,291,region_I
316,L,N,-1.098,-0.6189,-0.1331,-0.7412,-3.221,291,region_I
316,L,P,-0.4334,-0.5326,-0.1486,-0.8107,-3.277,291,region_I
316,L,Q,-0.4216,-0.3566,-0.03795,-0.1207,-0.8583,291,region_I
316,L,R,-0.1884,-1.735,-0.2104,0.3898,-3.402,291,region_I
316,L,S,,,-0.2605,,-2.589,291,region_I
316,L,T,-0.0407,0.1851,0.243,0.169,0.2275,291,region_I
316,L,V,-0.1293,-0.1065,0.03338,0.07174,-0.2048,291,region_I
316,L,W,-0.03523,-1.624,0.2663,-0.9659,-3.304,291,region_I
316,L,Y,,,0.1608,,-3.245,291,region_I
317,H,A,-0.03126,-0.09019,-0.1167,-0.08028,-0.4562,292,region_I
317,H,C,-0.6062,,-0.2321,-0.5986,-3.081,292,region_I
317,H,D,-0.1703,-0.4755,0.04019,-0.2586,-2.382,292,region_I
317,H,E,-0.8261,,-0.3594,-1.188,-3.322,292,region_I
317,H,F,-0.01412,,,,-0.8673,292,region_I
317,H,G,0.2392,-1.28,0.01219,-0.3094,-3.388,292,region_I
317,H,H,0,0,0,0,0,292,region_I
317,H,I,,,,,-3.275,292,region_I
317,H,K,-0.3569,-0.03363,-0.1244,-0.5991,-3.346,292,region_I
317,H,L,-0.1819,-0.6207,-0.6817,-0.4286,-2.994,292,region_I
317,H,M,-0.1887,-0.4873,-0.3964,-0.07135,-0.8006,292,region_I
317,H,N,0.05461,-0.5404,-0.02795,-0.6108,-0.7483,292,region_I
317,H,P,-0.5848,0.2448,-0.1176,-0.342,-3.457,292,region_I
317,H,Q,-0.05292,-0.1787,0.02782,0.09211,0.2036,292,region_I
317,H,R,-0.3155,0.01759,-0.6502,-0.9948,-3.242,292,region_I
317,H,S,-0.04283,-0.3531,-0.02723,-0.1367,-0.7671,292,region_I
317,H,T,-0.2408,-0.8102,0.1756,-0.9745,-3.404,292,region_I
317,H,V,,,0.02238,-1.022,-3.407,292,region_I
317,H,W,0.2023,0.08718,0.004287,0.009601,-0.9443,292,region_I
317,H,Y,0.07154,-0.1381,-0.3442,0.205,-0.4066,292,region_I
318,T,A,-0.09253,-1.073,0.04904,-0.7118,-3.353,293,region_I
318,T,C,-0.393,-0.139,0.1287,-0.3479,-3.465,293,region_I
318,T,D,0.06013,-1.128,-0.1316,-0.1255,-3.418,293,region_I
318,T,E,-0.4556,-1.463,-0.3952,-0.5293,-3.315,293,region_I
318,T,F,-0.1796,-1.257,-0.1245,-0.7391,-3.292,293,region_I
318,T,G,,,,,-3.387,293,region_I
318,T,H,-0.2053,-0.5457,-0.1384,-0.3352,-3.343,293,region_I
318,T,I,-0.9571,-0.6015,0.1591,-0.4519,-3.429,293,region_I
318,T,K,-0.5054,,,,-3.207,293,region_I
318,T,L,0.438,-0.01165,0.4392,-0.01961,-2.938,293,region_I
318,T,M,-0.1119,0.3343,0.2721,-0.4642,-3.338,293,region_I
318,T,N,0.2001,-0.7893,-0.2878,-0.8619,-3.504,293,region_I
318,T,P,-0.06237,-0.178,-0.1347,-0.2128,-3.406,293,region_I
318,T,Q,-0.6549,-0.8987,-0.1886,-0.8279,-3.035,293,region_I
318,T,R,-1.085,-1.217,-0.6788,0.1069,-3.243,293,region_I
318,T,S,0.01704,-0.1871,0.03549,-0.1539,-0.4028,293,region_I
318,T,T,0,0,0,0,0,293,region_I
318,T,V,,,,,-2.967,293,region_I
318,T,W,-0.2463,-0.2658,-0.3655,-0.1141,-3.219,293,region_I
318,T,Y,,,,,-3.258,293,region_I
319,S,A,-0.0699,-0.4702,-0.05766,-0.2244,-1.653,294,region_I
319,S,C,-0.4632,-1.28,-0.1006,-0.1607,-3.043,294,region_I
319,S,D,,-0.2833,-0.01588,-0.6779,-3.147,294,region_I
319,S,E,-0.4082,-0.7437,-0.1802,-1.073,-3.439,294,region_I
319,S,F,-0.1673,-0.0731,-0.002058,-0.1766,-3.309,294,region_I
319,S,G,-0.1202,-0.1061,-0.1423,0.0276,-1.248,294,region_I
319,S,H,0.2416,-0.4248,0.697,-0.2187,-3.222,294,region_I
319,S,I,-0.5014,-0.1464,-0.05651,0.1174,-3.363,294,region_I
319,S,K,-0.2774,-0.05145,0.3314,-0.8472,-3.258,294,region_I
319,S,L,,-1.039,-0.0582,-0.9317,-3.183,294,region_I
319,S,M,0.3473,,0.2985,0.1845,-3.375,294,region_I
319,S,N,-0.003442,-0.2256,0.01998,-0.176,-0.7283,294,region_I
319,S,P,-0.3242,-0.01031,0.3189,-0.08354,-3.337,294,region_I
319,S,Q,,,,,-3.295,294,region_I
319,S,R,-0.1225,-0.2739,0.09201,0.1044,-1.145,294,region_I
319,S,S,0,0,0,0,0,294,region_I
319,S,T,-0.5198,-1.213,-0.2388,-0.2443,-3.176,294,region_I
319,S,V,0.2112,,-0.43,,-3.417,294,region_I
319,S,W,-0.1019,-1.195,0.01486,-0.1751,-3.409,294,region_I
319,S,Y,-0.09898,-0.3525,-0.5,-0.6542,-3.396,294,region_I
320,P,A,-0.2408,-0.3642,-0.3393,-0.1787,-0.6237,295,none
320,P,C,,,-0.03204,,-3.1,295,none
320,P,D,-0.9828,,0.8894,0.05501,-3.459,295,none
320,P,E,-0.4426,-0.7796,-0.7067,-0.02924,-3.407,295,none
320,P,F,0.03944,-0.2358,-0.1448,-0.4451,-1.832,295,none
320,P,G,-0.372,-0.4795,0.03446,-0.8956,-2.822,295,none
320,P,H,-0.1501,-1.02,-0.513,-0.7792,-3.149,295,none
320,P,I,-0.1457,-0.3691,-0.09266,-0.6656,-3.139,295,none
320,P,K,-0.4803,,-0.06902,-0.0641,-2.562,295,none
320,P,L,-0.1354,0.0355,0.1173,-0.1119,-2.571,295,none
320,P,M,0.03304,-0.3062,-0.1498,-0.2344,-2.01,295,none
320,P,N,-0.01538,-0.2196,-0.05827,-0.2883,-1.632,295,none
320,P,P,0,0,0,0,0,295,none
320,P,Q,-0.3803,-0.413,-0.3,-0.1849,-2.492,295,none
320,P,R,-0.2606,-1.202,0.2172,-0.5212,-3.165,295,none
320,P,S,-0.1956,-0.7148,-0.3,-0.2824,-0.8702,295,none
320,P,T,-0.2949,-0.4006,-0.2668,-0.1339,-1.857,295,none
320,P,V,0.02084,-0.7294,-0.1039,-0.378,-2.998,295,none
320,P,W,0.08868,-0.2891,-0.002765,-0.6912,-3.492,295,none
320,P,Y,-0.987,,-0.8034,-0.01236,-3.188,295,none
321,L,A,-0.2071,,-0.2099,-1.167,-3.397,296,none
321,L,C,0.3171,,0.5761,0.006923,-3.216,296,none
321,L,D,-0.3259,,-0.2147,-0.3721,-3.448,296,none
321,L,E,-1.128,0.06788,-0.5126,,-3.243,296,none
321,L,F,,,,,-3.2,296,none
321,L,G,0.1713,-0.01299,0.4094,-0.7556,-3.081,296,none
321,L,H,-0.3391,,-0.4869,-0.2449,-3.314,296,none
321,L,I,-0.7573,-0.8964,-0.2895,-0.4297,-2.229,296,none
321,L,K,,,-0.2602,,-3.128,296,none
321,L,L,0,0,0,0,0,296,none
321,L,M,-0.1526,-0.1992,0.00828,0.02094,-1.663,296,none
321,L,N,-0.6475,-0.133,0.7328,-0.1899,-3.198,296,none
321,L,P,0.07878,-1.395,-0.3276,-0.8233,-3.437,296,none
321,L,Q,0.2216,0.2853,0.09121,0.04869,-0.3051,296,none
321,L,R,-0.4609,-1.075,-0.3248,-0.7354,-3.175,296,none
321,L,S,0.2052,,-0.1071,-0.08702,-2.458,296,none
321,L,T,-0.4478,,-0.07716,-0.161,-3.135,296,none
321,L,V,0.3232,-1.147,-0.1297,-0.2978,-2.579,296,none
321,L,W,,,,-0.02621,-1.638,296,none
321,L,Y,-0.5305,-0.4524,-0.6779,-1.061,-3.313,296,none
322,C,A,-0.2069,0.3292,-0.03393,-0.2348,-3.143,297,none
322,C,C,0,0,0,0,0,297,none
322,C,D,-0.2305,-0.1234,0.3148,0.04446,-3.045,297,none
322,C,E,,-1.039,-0.05406,,-3.35,297,none
322,C,F,-1.123,0.04576,-0.1901,-0.177,-3.348,297,none
322,C,G,0.3742,-1.071,-0.2713,-0.5051,-3.337,297,none
322,C,H,-0.9398,,,-0.8639,-3.149,297,none
322,C,I,-0.2255,-0.1016,-0.2355,-0.03676,-2.998,297,none
322,C,K,-0.2191,0.1595,0.2006,-0.3954,-3.292,297,none
322,C,L,-0.8755,,,-0.06183,-3.217,297,none
322,C,M,-0.3315,-0.4176,0.2945,-0.3026,-3.159,297,none
322,C,N,-0.8105,-0.5871,-0.3695,-0.5045,-3.119,297,none
322,C,P,0.1948,-0.1632,0.6442,,-3.194,297,none
322,C,Q,-0.3173,-1.452,0.3387,-0.3187,-3.33,297,none
322,C,R,-0.004356,-1.304,-0.1534,-0.433,-3.449,297,none
322,C,S,-0.5679,,0.06031,-0.04341,-3.303,297,none
322,C,T,0.2046,0.2987,0.01694,0.0332,-3.276,297,none
322,C,V,-0.09005,0.2983,-0.3395,-0.397,-3.228,297,none
322,C,W,-0.1504,-1.78,0.2277,-0.4226,-3.253,297,none
322,C,Y,-0.7069,-1.234,-0.5439,-0.6671,-3.333,297,none
323,T,A,0.06624,-0.3481,-0.06909,-0.2889,-2.042,298,none
323,T,C,-0.4972,0.2286,-0.3895,0.1858,-3.462,298,none
323,T,D,0.02236,,-0.03611,-1.688,-3.179,298,none
323,T,E,-0.07395,-0.0114,0.007509,-0.4821,-3.357,298,none
323,T,F,-0.0302,-1.625,0.03888,,-3.254,298,none
323,T,G,-0.4359,-0.1415,-0.2226,1.156,-2.601,298,none
323,T,H,0.3908,-1.767,-0.3668,-1.12,-3.256,298,none
323,T,I,-0.1186,-1.281,-0.3278,-1.981,-3.241,298,none
323,T,K,0.187,-1.039,-0.3907,-0.6801,-3.227,298,none
323,T,L,-0.02716,-0.467,0.3185,-0.6322,-3.434,298,none
323,T,M,-0.3099,,0.1455,,-2.982,298,none
323,T,N,0.3562,-0.197,0.05439,0.01188,-2.971,298,none
323,T,P,0.3089,-2.155,-0.3439,0.2162,-3.259,298,none
323,T,Q,-0.1342,-0.0802,-0.05835,0.01763,-1.395,298,none
323,T,R,-0.1444,-0.4198,-0.2424,-0.5857,-2.976,298,none
323,T,S,0.03151,-0.1487,-0.08022,-0.09419,-0.277,298,none
323,T,T,0,0,0,0,0,298,none
323,T,V,0.1158,-1.057,-0.3484,,-3.421,298,none
323,T,W,-0.3298,-1.489,0.4808,-0.04665,-3.444,298,none
323,T,Y,-1.088,0.4183,-0.2026,-0.3872,-3.458,298,none
324,T,A,0.04857,-0.2548,0.3033,-0.4438,-1.482,299,none
324,T,C,0.2375,-0.5789,-0.2078,-0.144,-2.177,299,none
324,T,D,0.1188,,,,-3.159,299,none
324,T,E,-0.4562,-0.7963,0.6596,-0.5337,-3.418,299,none
324,T,F,0.1645,-0.08132,0.03301,0.09053,-0.7867,299,none
324,T,G,0.3653,-0.1534,0.1543,-0.7785,-2.735,299,none
324,T,H,-0.1222,0.01435,-0.2494,-0.2987,-1.442,299,none
324,T,I,0.06777,0.004708,0.04254,0.009329,-0.1145,299,none
324,T,K,-0.1477,0.1211,-0.03786,-0.4635,-2.718,299,none
324,T,L,-0.07166,-0.9244,-0.2803,-0.1319,-1.249,299,none
324,T,M,-0.08892,-0.5535,0.004965,-0.4654,-2.82,299,none
324,T,N,-0.3731,,,-0.1794,-3.455,299,none
324,T,P,0.2046,-0.1439,-0.6219,-0.02052,-3.38,299,none
324,T,Q,-0.002358,-0.5421,-0.01127,-0.6292,-2.142,299,none
324,T,R,0.009087,-0.5836,0.03668,-0.137,-1.447,299,none
324,T,S,0.2247,0.03552,-0.1881,0.5226,-0.2256,299,none
324,T,T,0,0,0,0,0,299,none
324,T,V,0.09568,0.2053,-0.001057,-0.0007194,0.3948,299,none
324,T,W,-0.1994,-0.6236,-0.2883,-0.8563,-2.95,299,none
324,T,Y,0.3368,0.2219,0.3422,0.07185,-0.9758,299,none
325,N,A,-0.1246,0.07908,0.0784,0.01427,-0.2122,300,none
325,N,C,0.2148,0.241,0.1815,-0.07092,-1.125,300,none
325,N,D,0.053,-0.02907,0.0262,0.05544,0.1044,300,none
325,N,E,0.05744,-0.02474,0.00366,-0.1502,0.2186,300,none
325,N,F,-0.2272,-0.1236,,,-0.09116,300,none
325,N,G,0.1045,-0.0536,-0.04992,0.05321,-0.3692,300,none
325,N,H,-0.1075,-0.2528,-0.2779,-0.794,-1.432,300,none
325,N,I,0.05183,0.07219,0.01539,-0.1449,-0.2571,300,none
325,N,K,0.1856,-0.04936,0.3637,-0.4059,-0.868,300,none
325,N,L,0.1274,-0.02184,0.3922,0.3071,-1.164,300,none
325,N,M,0.3643,0.1253,0.0584,0.0004222,-0.1342,300,none
325,N,N,0,0,0,0,0,300,none
325,N,P,0.5148,0.04678,0.07069,0.0155,-2.147,300,none
325,N,Q,-0.3541,-0.05342,-0.3872,-0.04402,-0.548,300,none
325,N,R,-0.1475,0.01828,0.02852,0.2087,-0.2737,300,none
325,N,S,-0.1196,-0.03505,0.222,0.2364,-0.01015,300,none
325,N,T,0.3989,0.1834,0.3638,0.05487,0.2822,300,none
325,N,V,0.01114,0.2665,0.05247,-0.1742,-0.7269,300,none
325,N,W,0.06597,0.08047,-0.02143,0.07499,0.2872,300,none
325,N,Y,0.008962,0.2473,-0.1395,-0.2186,0.3834,300,none
326,T,A,-0.002005,0.08521,0.0902,-0.3288,-0.1104,301,none
326,T,C,,,,,-3.204,301,none
326,T,D,-0.3006,-0.1655,0.3985,-0.2203,0.03938,301,none
326,T,E,0.02763,0.331,0.1972,0.02911,0.9537,301,none
326,T,F,-0.02426,-0.007144,-0.02654,0.1153,0.8276,301,none
326,T,G,0.1339,0.1941,0.1925,0.3301,0.2658,301,none
326,T,H,-0.28,0.01787,-0.07166,-0.5445,-0.9004,301,none
326,T,I,-0.02304,0.1923,-0.147,0.05439,0.2218,301,none
326,T,K,0.3321,0.2972,0.1774,0.2036,-1.539,301,none
326,T,L,-0.2893,-0.3637,-0.1866,-0.1358,-0.3215,301,none
326,T,M,-0.0181,-0.116,0.02972,-0.05243,-0.00367,301,none
326,T,N,0.1601,-0.1168,0.2368,0.04539,-0.576,301,none
326,T,P,-0.107,0.09113,-0.02017,-0.199,-0.5343,301,none
326,T,Q,-0.2181,0.05317,0.1586,0.1195,-0.1821,301,none
326,T,R,0.2148,-0.1612,-0.09019,-0.3271,-0.9974,301,none
326,T,S,0.04735,0.01055,0.2652,-0.1144,-0.1947,301,none
326,T,T,0,0,0,0,0,301,none
326,T,V,-0.009726,0.152,0.09728,-0.02185,-0.1497,301,none
326,T,W,0.05142,0.1793,0.01343,0.02296,0.1304,301,none
326,T,Y,-0.1267,0.01701,-0.112,-0.002773,0.1512,301,none
327,K,A,-0.02806,0.01973,0.05759,0.09573,0.8154,302,none
327,K,C,,,,-0.9614,-3.413,302,none
327,K,D,-0.06119,-0.707,-0.1704,0.1128,-0.2098,302,none
327,K,E,0.006863,-0.2437,0.05313,0.1438,0.7388,302,none
327,K,F,-0.0375,0.1779,0.013,-0.273,0.004775,302,none
327,K,G,0.05361,-0.05483,0.03497,0.02392,0.5864,302,none
327,K,H,0.3057,0.1183,0.2687,-0.05765,0.1909,302,none
327,K,I,0.1067,-0.0297,0.02817,0.1552,0.7562,302,none
327,K,K,0,0,0,0,0,302,none
327,K,L,0.04028,0.06126,-0.07896,0.09886,0.3615,302,none
327,K,M,0.4302,-0.5868,-0.2057,-0.04839,-0.537,302,none
327,K,N,0.1035,-0.001832,0.1207,0.05319,0.1523,302,none
327,K,P,-0.007446,0.009145,0.0006449,-0.1644,-0.7458,302,none
327,K,Q,0.05676,-0.05396,-0.379,-0.04334,-0.5216,302,none
327,K,R,0.1133,-0.06484,-0.3002,0.1254,0.2838,302,none
327,K,S,-0.6862,-0.7253,-0.2424,-0.7172,-3.431,302,none
327,K,T,,-0.7162,-0.28,-0.9111,-3.375,302,none
327,K,V,0.05085,0.2954,0.05056,0.2298,0.9027,302,none
327,K,W,0.1029,-0.04546,-0.02662,0.384,1.019,302,none
327,K,Y,0.1546,0.5489,0.09995,0.01781,0.7079,302,none
328,E,A,0.01996,-0.03299,0.4095,0.1542,-1.643,303,none
328,E,C,0.2404,-0.3027,0.1113,-0.2642,-2.309,303,none
328,E,D,0.03049,0.0511,-0.003499,0.1411,-0.7503,303,none
328,E,E,0,0,0,0,0,303,none
328,E,F,-0.4327,0.2463,-0.09282,-0.09522,-1.655,303,none
328,E,G,0.3334,0.149,0.3711,0.3957,-0.8215,303,none
328,E,H,-0.5255,-0.06433,-0.02476,-0.1535,-2.682,303,none
328,E,I,,,,,-2.045,303,none
328,E,K,-0.001637,0.2661,0.5182,0.4025,-2.286,303,none
328,E,L,0.07577,0.2284,0.1046,0.246,-0.9236,303,none
328,E,M,0.08847,0.2161,0.2793,0.4422,-2.628,303,none
328,E,N,,,,,-3.353,303,none
328,E,P,-0.1303,-0.4796,0.4035,0.1436,-2.072,303,none
328,E,Q,0.03736,0.04379,0.6134,0.2078,-0.5285,303,none
328,E,R,-0.5352,0.07077,0.2138,0.4271,-2.451,303,none
328,E,S,-0.08742,,-0.1485,0.3821,-1.917,303,none
328,E,T,0.2398,0.4084,0.4066,0.06085,-1.142,303,none
328,E,V,-0.0474,-0.8975,0.3663,-0.4007,-1.548,303,none
328,E,W,0.3035,0.0194,0.3987,0.3413,-1.506,303,none
328,E,Y,-0.2234,,0.283,,-1.052,303,none
329,G,A,-0.06455,-0.03538,-0.1415,-0.05464,-0.1533,304,none
329,G,C,0.01565,-0.02191,0.2146,-0.3562,-2.382,304,none
329,G,D,0.07186,-0.5151,0.1083,-0.4374,-1.187,304,none
329,G,E,-0.01928,0.1414,-0.005452,-0.364,-0.7292,304,none
329,G,F,0.02475,0.2964,0.2173,0.1187,0.1758,304,none
329,G,G,0,0,0,0,0,304,none
329,G,H,0.08752,-0.03334,0.00957,0.03283,-0.572,304,none
329,G,I,0.2686,0.04397,0.01913,0.3827,-0.4383,304,none
329,G,K,0.017,0.07601,0.2419,0.07861,-0.8626,304,none
329,G,L,-0.1973,0.04308,0.03743,0.0977,-0.4704,304,none
329,G,M,0.1674,-0.5623,0.09681,-0.281,-0.8876,304,none
329,G,N,0.5623,-0.5494,-0.06837,0.1144,-0.776,304,none
329,G,P,-0.02352,0.4487,0.5678,0.3273,0.1013,304,none
329,G,Q,-0.09766,-0.08905,0.07325,0.19,-0.168,304,none
329,G,R,-0.05142,-0.152,0.01932,0.1327,-0.6808,304,none
329,G,S,-0.05477,-0.1379,0.2473,0.08054,-0.534,304,none
329,G,T,0.02058,0.04053,-0.2203,0.03522,-0.2063,304,none
329,G,V,0.07322,0.2619,-0.1746,-0.2162,-0.8379,304,none
329,G,W,-0.6937,-0.2164,-0.06151,-0.1653,-0.6162,304,none
329,G,Y,-0.04284,-0.0653,0.01905,0.2691,0.01075,304,none
330,S,A,-0.1315,-0.3371,0.0826,-0.006955,0.02336,305,none
330,S,C,0.1548,0.06568,-0.1756,-0.1092,-1.558,305,none
330,S,D,0.08346,-0.2248,-0.3367,-0.2278,-1.101,305,none
330,S,E,0.2535,-0.06673,0.1721,0.08444,-2.135,305,none
330,S,F,0.1111,-0.09483,-0.05941,-0.2304,-0.4763,305,none
330,S,G,-0.01621,-0.08267,0.05042,-0.06825,-0.4431,305,none
330,S,H,-0.1326,-0.06303,0.2157,0.1004,-1.349,305,none
330,S,I,-0.1454,-0.2862,-0.07689,-0.1275,-1.77,305,none
330,S,K,-0.1823,-0.1577,0.2419,-0.2769,-1.07,305,none
330,S,L,0.06838,0.02531,0.08655,0.09585,-0.6822,305,none
330,S,M,0.3059,,-0.007041,-0.07344,-0.155,305,none
330,S,N,-0.02376,0.04441,0.0251,0.0003086,-0.6066,305,none
330,S,P,-0.03969,-0.7394,-0.1129,-0.06151,-1.143,305,none
330,S,Q,-0.09691,-0.01767,-0.2352,-0.5439,-0.5512,305,none
330,S,R,0.2275,-0.1697,0.05391,0.05096,-1.107,305,none
330,S,S,0,0,0,0,0,305,none
330,S,T,-0.2578,0.0008705,-0.04501,0.1474,0.02919,305,none
330,S,V,0.158,-0.4932,-0.2046,0.02621,-1.195,305,none
330,S,W,0.05322,0.02967,-0.0912,-0.05932,-0.4883,305,none
330,S,Y,-0.1335,-0.03356,0.106,-0.2515,-0.8389,305,none
331,N,A,0.1498,0.003846,-0.02148,-0.1833,-0.6649,306,none
331,N,C,0.6837,-1.322,-0.1605,-1.371,-3.139,306,none
331,N,D,-0.198,-1.533,-0.4217,-1.117,-3.123,306,none
331,N,E,0.2907,0.01334,-0.01097,-0.2811,-2.084,306,none
331,N,F,,,0.01367,0.2402,-3.473,306,none
331,N,G,-0.03918,-0.9702,0.1037,-0.004798,-2.595,306,none
331,N,H,0.6908,0.2549,-0.1805,0.6941,-2.207,306,none
331,N,I,,-0.08635,-0.06997,,-3.12,306,none
331,N,K,-0.09276,-0.9346,0.1839,-0.3518,-2.681,306,none
331,N,L,-0.5525,,-0.2034,,-3.415,306,none
331,N,M,-0.09378,0.4596,-0.08043,,-3.461,306,none
331,N,N,0,0,0,0,0,306,none
331,N,P,-0.3112,-0.2578,0.1486,-0.05639,-0.9646,306,none
331,N,Q,-0.3739,,0.04134,-0.2698,-1.452,306,none
331,N,R,0.03162,,-0.2566,,-3.405,306,none
331,N,S,-0.05923,,-0.07935,-0.1652,-2.09,306,none
331,N,T,-0.453,-0.7813,-0.5553,-0.6438,-2.091,306,none
331,N,V,-0.1565,-0.0429,0.2081,-0.01209,-1.824,306,none
331,N,W,,,,,-3.435,306,none
331,N,Y,-0.05084,,,-0.2494,-3.466,306,none
332,I,A,,,,,-3.432,307,none
332,I,C,,-0.7569,,,-3.098,307,none
332,I,D,,,,,-2.944,307,none
332,I,E,-1.092,-0.6207,-0.2179,-0.9565,-3.325,307,none
332,I,F,,,,,-3.119,307,none
332,I,G,,,,,-3.333,307,none
332,I,H,-0.8869,,0.359,-0.1909,-3.361,307,none
332,I,I,0,0,0,0,0,307,none
332,I,K,-1.095,-0.8317,0.7279,-1.153,-3.345,307,none
332,I,L,-0.01139,-1.52,-0.2789,,-3.304,307,none
332,I,M,0.01603,-0.02032,-0.2118,-0.4761,-3.08,307,none
332,I,N,-0.2396,,-0.1808,-0.05263,-3.433,307,none
332,I,P,-1.087,,1.112,,-3.029,307,none
332,I,Q,-0.158,-1.289,0.09995,-0.7628,-3.385,307,none
332,I,R,1.09,,0.05956,,-2.921,307,none
332,I,S,-0.09463,-0.5325,-0.0329,-0.537,-2.995,307,none
332,I,T,0.1614,0.7358,0.08588,-0.5216,-3.493,307,none
332,I,V,-0.1335,-1.549,-0.1056,-0.2185,-1.9,307,none
332,I,W,0.1385,-0.7483,0.4217,-0.6528,-3.45,307,none
332,I,Y,-0.2092,,-0.2199,-0.145,-3.334,307,none
333,C,A,-0.6125,-0.7393,-0.2003,-0.5183,-3.155,308,none
333,C,C,0,0,0,0,0,308,none
333,C,D,0.0604,-0.9325,-0.07491,1.042,-2.865,308,none
333,C,E,-0.1683,-2.416,0.3599,-0.4046,-3.141,308,none
333,C,F,-0.319,-0.2522,-0.0957,-0.2608,-3.256,308,none
333,C,G,-0.2397,,,,-3.33,308,none
333,C,H,-0.04062,,0.5924,-0.02802,-3.364,308,none
333,C,I,0.3292,0.3846,0.1972,-0.2372,-3.212,308,none
333,C,K,-0.2552,,0.006964,-0.2051,-3.168,308,none
333,C,L,-0.1487,0.07519,-0.3364,-0.2714,-3.317,308,none
333,C,M,-0.02235,-1.488,0.1072,-1.042,-3.114,308,none
333,C,N,-0.1443,-0.2033,-0.0685,-0.5731,-2.974,308,none
333,C,P,0.005244,-0.5911,0.129,-0.1415,-3.463,308,none
333,C,Q,0.06238,-0.8661,0.4827,0.1258,-3.268,308,none
333,C,R,-0.0649,-0.342,0.6352,-0.3999,-3.038,308,none
333,C,S,-0.194,-0.2076,-0.2764,-0.6815,-3.201,308,none
333,C,T,0.1382,-1.265,0.3444,-0.5073,-3.33,308,none
333,C,V,-0.3521,-1.056,-0.1047,0.01183,-2.888,308,none
333,C,W,-0.2666,-0.1145,-0.2336,-0.2802,-3.396,308,none
333,C,Y,-0.478,-0.6055,-0.4188,0.05121,-2.918,308,none
334,L,A,-0.08232,-0.05951,0.5506,-0.2227,-3.361,309,none
334,L,C,,,,,-3.433,309,none
334,L,D,-0.2385,-0.1788,0.3468,-0.3082,-3.115,309,none
334,L,E,0.1634,-1.457,-0.3539,-0.02204,-3.367,309,none
334,L,F,1.126,-0.1106,0.486,-0.95,-3.234,309,none
334,L,G,-0.1963,-1.182,-0.3988,-0.595,-3.26,309,none
334,L,H,0.395,,0.1502,-0.001304,-2.067,309,none
334,L,I,-0.1109,-0.06472,-0.05603,-0.1186,0.9555,309,none
334,L,K,-0.3042,-0.3446,0.5444,0.2242,-2.858,309,none
334,L,L,0,0,0,0,0,309,none
334,L,M,-0.1003,-0.3388,-0.07424,0.08894,0.2203,309,none
334,L,N,-0.4496,0.147,0.007167,0.1364,-3.338,309,none
334,L,P,-0.3822,-0.4204,0.4667,-0.2045,-3.002,309,none
334,L,Q,-0.3472,-0.9874,0.6978,,-2.594,309,none
334,L,R,-0.08449,,0.06636,-0.5718,-3.168,309,none
334,L,S,-0.1826,,-0.1096,-0.5166,-3.503,309,none
334,L,T,0.2922,-0.6727,-0.05307,-0.03344,-3.311,309,none
334,L,V,0.01044,-0.2988,-0.03743,0.007279,-1.192,309,none
334,L,W,,,,,-3.354,309,none
334,L,Y,-0.2901,-1.128,0.03301,0.003772,-3.334,309,none
335,T,A,,,,-0.1033,-2.093,310,none
335,T,C,-0.367,-0.8651,0.06381,-0.3107,0.1167,310,none
335,T,D,-0.2829,-0.4256,-0.3821,-0.06465,-3.348,310,none
335,T,E,-0.08258,,0.08597,-0.8125,-3.178,310,none
335,T,F,-0.4963,-0.4572,-0.1488,-0.6458,-2.444,310,none
335,T,G,0.4508,-0.9733,-0.6801,-0.6528,-3.231,310,none
335,T,H,-0.06195,,0.3467,-0.1464,-2.642,310,none
335,T,I,0.0418,0.07013,-0.3554,-1.027,-1.912,310,none
335,T,K,-0.1596,-0.1025,-0.1061,-0.6973,-1.526,310,none
335,T,L,-0.22,-0.4539,0.02218,-0.2867,-1.03,310,none
335,T,M,,,,,-1.762,310,none
335,T,N,-0.2393,,-0.1851,-0.8621,-3.218,310,none
335,T,P,-0.0655,-1.357,-0.2365,-1.011,-3.404,310,none
335,T,Q,0.01664,-0.7762,-0.1774,-0.2991,-1.933,310,none
335,T,R,0.122,0.03821,0.7299,0.5094,0.2641,310,none
335,T,S,-0.5488,-0.1542,-0.09324,-0.3745,-2.844,310,none
335,T,T,0,0,0,0,0,310,none
335,T,V,-0.3232,-0.3545,-0.207,-0.3757,-1.667,310,none
335,T,W,-0.2635,0.6608,-0.255,0.3068,-0.6464,310,none
335,T,Y,,,,-0.1714,-3.42,310,none
336,R,A,-0.08278,,,-0.02393,-3.171,311,none
336,R,C,,-1.686,-0.1512,-0.3506,-3.195,311,none
336,R,D,,,,,-3.467,311,none
336,R,E,-0.5717,-1.168,-0.2627,-0.05893,-3.24,311,none
336,R,F,-0.786,-1.5,-0.09893,-0.5538,-3.487,311,none
336,R,G,-0.3381,-0.5064,0.3533,-0.193,-3.396,311,none
336,R,H,0.02512,-1.995,-0.215,,-3.328,311,none
336,R,I,-0.4013,-0.6005,-0.1035,-0.792,-3.483,311,none
336,R,K,-0.5509,-0.9035,-0.3235,-0.6899,-3.457,311,none
336,R,L,,,,,-3.434,311,none
336,R,M,-0.2811,,-0.05333,-0.4287,-3.436,311,none
336,R,N,,,,,-3.438,311,none
336,R,P,-0.7662,-1.169,0.2025,-0.6087,-3.28,311,none
336,R,R,0,0,0,0,0,311,none
336,R,S,-0.4535,-0.2022,0.3973,-0.2319,-3.321,311,none
336,R,T,,,,,-3.352,311,none
336,R,V,,,-0.1579,-0.5198,-3.111,311,none
336,R,W,-0.5457,-0.02118,-0.07996,-0.4312,-3.249,311,none
336,R,Y,,,,,-3.266,311,none
337,T,A,-0.6936,-1.524,0.09433,0.02526,-3.088,312,none
337,T,C,,,-0.2387,,-3.465,312,none
337,T,D,,-0.9878,-0.183,-0.8808,-3.431,312,none
337,T,E,-1.537,,-0.09337,-0.2068,-3.406,312,none
337,T,F,0.02532,-1.857,-0.2016,-0.672,-3.016,312,none
337,T,G,0.1279,,-0.2531,,-3.417,312,none
337,T,H,0.02341,,0.04543,-0.1644,-3.41,312,none
337,T,I,-0.1063,-0.173,0.02314,-0.5522,-1.659,312,none
337,T,K,-0.5189,-0.9618,0.3512,-0.7203,-3.452,312,none
337,T,L,0.01543,-0.4408,-0.2226,-0.2014,-2.9,312,none
337,T,M,-0.4026,-0.5696,0.3073,-0.1046,-2.029,312,none
337,T,N,-0.28,,1.336,-0.5126,-3.392,312,none
337,T,P,-1.084,,-0.06207,,-3.47,312,none
337,T,Q,,,,,-3.487,312,none
337,T,R,-0.1987,-1.344,0.007793,-0.9881,-3.477,312,none
337,T,S,-0.0618,-0.3949,-0.3128,0.08136,-1.207,312,none
337,T,T,0,0,0,0,0,312,none
337,T,V,-0.2872,,0.7077,,-3.34,312,none
337,T,W,-0.8115,-1.582,0.2789,-0.6288,-3.349,312,none
337,T,Y,0.411,-1.314,-0.06299,-0.5435,-3.427,312,none
338,D,A,0.01014,,-0.1948,-0.2663,-2.399,313,none
338,D,C,-0.6065,,-0.2585,-0.3043,-3.392,313,none
338,D,D,0,0,0,0,0,313,none
338,D,E,-0.3867,-1.735,-0.184,-0.8063,-3.24,313,none
338,D,F,-0.1538,-1.211,0.03173,-0.01181,-3.084,313,none
338,D,G,,,0.2641,-0.4243,-3.426,313,none
338,D,H,,,,-0.5821,-3.418,313,none
338,D,I,-0.1801,-1.475,0.07625,-0.615,-3.401,313,none
338,D,K,,,-0.1271,,-3.203,313,none
338,D,L,0.3546,,0.02995,-0.1983,-3.133,313,none
338,D,M,-0.7978,-1.584,,0.09086,-3.429,313,none
338,D,N,-0.7692,-0.005673,0.1787,0.2298,-3.315,313,none
338,D,P,-0.5531,-0.4166,-0.2257,,-3.3,313,none
338,D,Q,,0.2323,0.0591,-0.0894,-3.304,313,none
338,D,R,,-0.8114,-0.352,-0.237,-3.266,313,none
338,D,S,,,,,-3.042,313,none
338,D,T,-0.3764,-0.3754,0.4245,-0.7363,-3.296,313,none
338,D,V,-0.2922,-0.4263,,,-3.167,313,none
338,D,W,-0.5082,-1.557,-0.3534,-0.3675,-1.999,313,none
338,D,Y,-0.4812,-1.03,0.09002,-0.509,-2.47,313,none
339,R,A,0.1127,,-0.03257,-1.065,-3.418,314,none
339,R,C,,,-0.02327,-1.181,-3.479,314,none
339,R,D,,,-0.04074,,-3.269,314,none
339,R,E,-0.2126,,0.4628,,-3.502,314,none
339,R,F,-0.4236,-1.497,-0.2461,-1.386,-3.506,314,none
339,R,G,,-1.01,0.4291,-0.7308,-3.487,314,none
339,R,I,-0.6177,-0.59,0.506,-0.3431,-3.293,314,none
339,R,K,-0.5573,,-0.3161,,-3.333,314,none
339,R,L,-0.2646,,-0.152,0.1101,-3.517,314,none
339,R,M,-0.1962,-0.5936,1.159,,-3.49,314,none
339,R,N,,,,,-3.353,314,none
339,R,P,,,,,-3.423,314,none
339,R,Q,-1.042,-1.363,-0.2559,-0.3018,-3.464,314,none
339,R,R,0,0,0,0,0,314,none
339,R,S,0.04368,,0.955,,-3.429,314,none
339,R,T,0.6695,,0.0833,-0.6245,-3.494,314,none
339,R,V,-1.179,,-0.2655,-0.9013,-3.502,314,none
339,R,W,-0.1846,-1.113,0.544,-0.4096,-3.482,314,none
339,R,Y,-0.6092,,,-1.172,-3.436,314,none
340,G,A,0.6549,-0.0605,-0.4406,0.1998,-3.168,315,none
340,G,C,-0.2807,-1.32,-0.05693,-0.4208,-3.281,315,none
340,G,D,-0.3553,-0.1385,-0.3831,-1.812,-3.275,315,none
340,G,E,-0.2519,-0.3251,0.3123,-0.3768,-3.319,315,none
340,G,F,-0.1955,0.1562,-0.03567,-0.1358,-3.341,315,none
340,G,G,0,0,0,0,0,315,none
340,G,H,-0.4136,-1.58,-0.21,0.2807,-3.163,315,none
340,G,I,-0.8786,-0.6664,-0.3935,-0.5836,-3.389,315,none
340,G,K,-0.1719,-1.099,-0.2186,-0.2842,-3.337,315,none
340,G,L,0.3001,,,,-3.18,315,none
340,G,M,-0.4871,0.0378,-0.0251,0.2495,-3.29,315,none
340,G,N,-0.5123,0.09688,0.183,-1.084,-3.149,315,none
340,G,P,-0.4517,-0.2316,0.4377,0.3322,-3.22,315,none
340,G,Q,0.04734,0.4112,-0.02154,-0.1158,-3.173,315,none
340,G,R,-0.01643,0.04987,0.2012,-0.4033,-3.19,315,none
340,G,S,-0.546,-0.1256,-0.2166,-0.4281,-3.171,315,none
340,G,T,0.0113,-0.2681,0.06192,0.3305,-3.425,315,none
340,G,V,-0.364,-0.5592,-0.2048,0.1885,-3.314,315,none
340,G,W,-0.4459,-0.7774,0.06815,-0.659,-3.218,315,none
340,G,Y,,,,,-3.035,315,none
341,W,A,-0.1567,-0.06223,-0.1311,0.01426,-3.112,316,none
341,W,C,-0.3289,0.199,0.6397,0.6347,-3.213,316,none
341,W,D,0.4953,0.1704,0.3475,-0.9066,-3.234,316,none
341,W,E,-0.1261,,0.5874,0.2779,-3.193,316,none
341,W,F,-0.09071,-0.5206,-0.4392,-0.2592,-0.8463,316,none
341,W,G,-0.3623,,-0.3941,-0.1986,-3.086,316,none
341,W,H,-0.9936,-0.1764,-0.377,0.5249,-3.405,316,none
341,W,I,-0.5196,-2.153,-0.7332,,-3.008,316,none
341,W,K,,,,,-3.03,316,none
341,W,L,-0.3215,-1.054,-0.3512,-1.1,-3.446,316,none
341,W,M,0.0836,0.0272,-0.08261,-0.8053,-1.567,316,none
341,W,N,-0.619,0.1266,0.3668,-0.1202,-3.142,316,none
341,W,P,0.6504,-0.2527,0.3749,0.4499,-3.008,316,none
341,W,Q,0.08316,,-0.3603,-0.4219,-3.397,316,none
341,W,R,0.7396,0.1933,0.2744,-0.5182,-3.226,316,none
341,W,S,0.06422,0.4556,-0.2975,-0.2615,-3.407,316,none
341,W,T,-0.59,-1.81,0.1761,0.004292,-3.174,316,none
341,W,W,0,0,0,0,0,316,none
341,W,Y,-0.1026,-1.153,-0.1711,-0.3048,-2.066,316,none
342,Y,A,-0.3371,,-0.2094,,-3.426,317,none
342,Y,C,-0.6935,,-0.006158,-1.08,-3.305,317,none
342,Y,D,,-1.195,0.4559,-0.01603,-2.936,317,none
342,Y,E,,,,,-3.125,317,none
342,Y,F,0.1285,0.05219,0.1456,0.3902,0.678,317,none
342,Y,G,-0.6059,-0.7255,-0.1207,-0.2766,-3.119,317,none
342,Y,H,-0.1806,-0.07061,-0.08955,0.1486,1.131,317,none
342,Y,I,,-0.9866,,,-3.359,317,none
342,Y,K,,,,,-3.16,317,none
342,Y,L,-0.1719,-0.6662,-0.01814,-0.1156,-3.111,317,none
342,Y,M,-0.1609,-1.218,-0.06185,0.02066,-2.99,317,none
342,Y,N,-0.08164,,0.3691,-0.4326,-3.42,317,none
342,Y,P,-0.09269,-0.2819,-0.2282,-0.8191,-3.343,317,none
342,Y,Q,0.6033,,0.2838,,-3.328,317,none
342,Y,R,0.06086,-0.01235,-0.06754,-0.6942,-3.34,317,none
342,Y,S,,,,,-3.412,317,none
342,Y,T,-0.3791,-0.03034,-0.03874,-0.9715,-3.202,317,none
342,Y,V,-0.2684,,0.162,0.9323,-3.387,317,none
342,Y,W,0.4872,,0.6575,-0.3617,-3.234,317,none
342,Y,Y,0,0,0,0,0,317,none
343,C,A,-0.4493,-0.5927,-0.01541,-0.1362,-3.105,318,none
343,C,C,0,0,0,0,0,318,none
343,C,D,-0.1167,-0.2444,-0.1131,-0.1253,-3.298,318,none
343,C,E,-0.04159,-0.1398,-0.1507,-0.06318,-3.297,318,none
343,C,F,-1.002,-0.2012,-0.1302,-0.9493,-3.415,318,none
343,C,G,-0.6958,-0.964,0.7398,-0.7651,-3.325,318,none
343,C,H,-0.2264,0.8581,-0.1368,-0.5049,-3.308,318,none
343,C,I,-0.838,-2.121,0.0797,-0.2177,-3.388,318,none
343,C,K,-0.129,0.2708,-0.2543,-0.2477,-3.362,318,none
343,C,L,-0.257,0.7228,-0.3274,-0.8506,-3.196,318,none
343,C,M,-0.253,-1.73,0.3184,-1.423,-3.417,318,none
343,C,N,0.188,0.1712,-0.02859,,-2.662,318,none
343,C,P,-0.796,-1.065,-0.1125,-0.3646,-3.208,318,none
343,C,Q,-0.407,-0.9355,-0.1537,-0.08999,-3.234,318,none
343,C,R,-0.1969,0.04564,-0.04264,-0.09819,-3.181,318,none
343,C,S,-0.8976,0.4127,-0.359,-0.4045,-3.295,318,none
343,C,T,0.4487,-0.1081,1.016,-0.04794,-3.146,318,none
343,C,V,-0.5244,-1.229,-0.1234,-0.972,-3.49,318,none
343,C,W,,,0.08651,,-3.215,318,none
343,C,Y,0.1434,-0.1336,0.3237,0.06817,-3.301,318,none
344,D,A,-0.02489,0.02458,0.3871,-0.07712,-1.316,319,none
344,D,C,-0.1792,-0.9309,-0.1137,-0.8646,-2.626,319,none
344,D,D,0,0,0,0,0,319,none
344,D,E,-0.1641,0.01042,-0.01039,-0.2447,0.523,319,none
344,D,F,-0.615,-0.3281,-0.1312,0.03589,-2.286,319,none
344,D,G,0.705,-0.698,0.1101,0.02768,-2.766,319,none
344,D,H,0.04739,-0.1149,0.06755,0.01719,-1.055,319,none
344,D,I,-1.421,,-0.04982,,-3.324,319,none
344,D,K,0.3672,0.1382,0.2053,0.19,-2.771,319,none
344,D,L,0.2816,0.01774,0.2674,-0.1123,-2.26,319,none
344,D,M,0.03993,-0.876,0.1925,-0.6466,-2.232,319,none
344,D,N,0.1038,0.2307,0.199,0.01264,-1.052,319,none
344,D,P,-0.1117,0.1415,-0.1217,0.1862,-3.438,319,none
344,D,Q,0.1516,-0.06192,0.3386,0.09463,-1.567,319,none
344,D,R,-0.08492,0.008752,-0.1487,-0.552,-3.212,319,none
344,D,S,0.3281,0.04814,0.3997,-0.04079,-0.9004,319,none
344,D,T,0.2019,0.02866,0.1441,-0.2978,-2.248,319,none
344,D,V,-0.05631,-0.6564,0.3133,-0.6353,-3.115,319,none
344,D,W,-0.6452,,0.5372,-0.3414,-3.194,319,none
344,D,Y,0.04773,-0.8179,-0.3429,-0.1289,-2.853,319,none
345,N,A,,,,,-3.263,320,region_III
345,N,C,,,,,-3.431,320,region_III
345,N,D,0.01235,0.05082,0.06285,-0.2939,-0.8802,320,region_III
345,N,E,-0.1247,-0.3183,0.01766,-0.1549,-3.383,320,region_III
345,N,F,-0.7157,,-0.1062,-1.083,-3.457,320,region_III
345,N,G,-0.1594,,,,-3.374,320,region_III
345,N,H,-0.4059,,,,-3.501,320,region_III
345,N,I,0.1878,,-0.1626,,-3.429,320,region_III
345,N,K,-0.5432,-0.756,-0.3919,-0.2964,-3.494,320,region_III
345,N,L,0.00599,,1.434,,-3.413,320,region_III
345,N,M,-0.9013,0.02223,0.03512,-0.0226,-3.366,320,region_III
345,N,N,0,0,0,0,0,320,region_III
345,N,P,-0.1454,-0.4447,0.06817,0.3296,-3.398,320,region_III
345,N,Q,,,-0.3877,,-3.344,320,region_III
345,N,R,,,,,-3.391,320,region_III
345,N,S,0.2266,0.02028,-0.231,0.3076,-0.03414,320,region_III
345,N,T,,,,,-3.299,320,region_III
345,N,V,,,-0.1724,,-3.254,320,region_III
345,N,W,-0.8017,0.1317,0.02408,-0.3674,-3.437,320,region_III
345,N,Y,-0.1898,,0.3025,0.659,-3.226,320,region_III
346,A,A,0,0,0,0,0,321,region_III
346,A,C,-1.13,,-0.04558,,-3.14,321,region_III
346,A,D,-0.5749,,-0.4,-0.8101,-3.519,321,region_III
346,A,E,,,-0.02335,,-3.471,321,region_III
346,A,F,0.1761,,-0.07024,-0.8245,-3.508,321,region_III
346,A,G,-0.08283,0.3235,-0.04717,-0.1961,-1.938,321,region_III
346,A,H,,,,,-3.255,321,region_III
346,A,I,,-1.583,-0.1761,,-3.453,321,region_III
346,A,K,0.08671,,-0.02522,-0.05703,-3.346,321,region_III
346,A,L,-0.1019,,-0.01287,,-3.508,321,region_III
346,A,M,,,-0.08307,,-3.42,321,region_III
346,A,N,-0.05742,,,,-3.291,321,region_III
346,A,P,,,,,-3.28,321,region_III
346,A,Q,0.5679,-0.9335,-0.08645,-0.05493,-3.409,321,region_III
346,A,R,0.01346,-1.532,0.04504,,-3.463,321,region_III
346,A,S,0.1841,0.3644,0.2037,-0.3779,-3.228,321,region_III
346,A,T,-0.6741,-0.7716,0.2539,-0.8653,-3.498,321,region_III
346,A,V,-1.264,-1.102,0.2475,-0.05322,-3.531,321,region_III
346,A,W,-1.139,,-0.1963,-0.4854,-3.462,321,region_III
346,A,Y,,,-0.2282,,-3.503,321,region_III
347,G,A,-0.1313,0.05608,0.3015,-0.3022,-3.062,322,region_III
347,G,C,-0.6484,-0.4663,0.2168,-0.1343,-3.428,322,region_III
347,G,D,0.1289,0.2977,0.3269,0.1977,0.6946,322,region_III
347,G,E,-0.3631,-1.59,-0.004794,-0.2286,-2.572,322,region_III
347,G,F,,,,,-3.34,322,region_III
347,G,G,0,0,0,0,0,322,region_III
347,G,H,-0.368,-0.9829,-0.2609,-0.4878,-3.473,322,region_III
347,G,I,-0.7731,-0.9715,0.328,-0.7967,-3.449,322,region_III
347,G,K,-1.253,,,,-3.407,322,region_III
347,G,L,-1.107,0.2959,-0.05448,0.1373,-3.487,322,region_III
347,G,M,0.1908,-0.1646,0.02976,-0.2664,-3.388,322,region_III
347,G,N,0.2503,0.008617,0.1808,,-3.154,322,region_III
347,G,P,0.1262,-0.4065,0.7479,-0.01515,-3.465,322,region_III
347,G,Q,-0.2473,0.182,0.2431,-0.141,-3.503,322,region_III
347,G,R,,,,-0.8465,-3.32,322,region_III
347,G,S,-0.5851,-0.8541,-0.257,-0.625,-3.405,322,region_III
347,G,T,-0.8456,,-0.1135,,-3.473,322,region_III
347,G,V,-0.1285,0.1092,0.2671,-0.6322,-3.444,322,region_III
347,G,W,,,0.04681,,-3.447,322,region_III
347,G,Y,,,,,-3.478,322,region_III
348,S,A,-0.418,-0.5665,-0.1178,-0.3298,0.6045,323,region_III
348,S,C,-0.2476,-1.326,-0.1928,-1.036,-1.904,323,region_III
348,S,D,-0.3951,-0.5519,-0.5903,-0.6442,-0.09729,323,region_III
348,S,E,-0.2316,-0.9728,-0.3298,-0.06561,-0.9884,323,region_III
348,S,F,-0.2214,-0.07518,-0.1132,-0.1127,-0.663,323,region_III
348,S,G,-0.1802,-1.769,-0.2276,0.4507,-2.699,323,region_III
348,S,H,-0.177,-0.1493,0.06393,-0.06303,-2.365,323,region_III
348,S,I,-0.2462,-0.5817,0.1723,-0.3382,-2.514,323,region_III
348,S,K,0.2807,-0.2487,0.04277,0.1348,-2.749,323,region_III
348,S,L,-0.3178,0.05671,-0.284,0.2152,-0.6013,323,region_III
348,S,M,-0.5947,-0.2202,-0.4598,-0.2828,-0.9692,323,region_III
348,S,N,-0.1915,,-0.3943,-0.2671,-3.433,323,region_III
348,S,P,-0.4696,-1.696,-0.4001,-0.3894,-3.455,323,region_III
348,S,Q,-0.2715,-0.7235,-0.488,-0.4832,-1.617,323,region_III
348,S,R,0.009541,0.3251,0.1814,-0.179,-3.308,323,region_III
348,S,S,0,0,0,0,0,323,region_III
348,S,T,0.1936,-0.3788,0.2539,-0.1197,-2.046,323,region_III
348,S,V,-0.1171,-0.2072,-0.07014,-0.3449,-1.426,323,region_III
348,S,W,-0.2617,-0.2477,0.03625,0.475,-2.875,323,region_III
348,S,Y,-0.2105,-0.2692,-0.4096,-0.1483,-1.476,323,region_III
349,V,A,-0.04835,-0.1255,-0.0664,0.2632,0.8861,324,region_III
349,V,C,-0.4608,-0.0233,-0.03631,-0.4209,-3.267,324,region_III
349,V,D,,-0.09939,0.06054,,-3.302,324,region_III
349,V,E,-0.3025,-1.732,-0.3948,-0.5137,-1.11,324,region_III
349,V,F,-0.03989,-0.4875,0.1476,-0.369,-2.732,324,region_III
349,V,G,-0.3424,-0.1368,0.3147,-0.1323,-3.279,324,region_III
349,V,H,0.139,,0.3412,,-3.399,324,region_III
349,V,I,0.01751,-0.2493,0.1319,0.146,-0.4578,324,region_III
349,V,K,-0.4474,-0.2418,-0.114,-0.5667,-3.351,324,region_III
349,V,L,-0.02787,-0.2769,0.3446,-0.1765,-0.7127,324,region_III
349,V,M,-0.01374,-0.1127,0.04584,-0.3209,-1.383,324,region_III
349,V,N,-0.02836,-1.093,-0.09073,-0.4169,-3.136,324,region_III
349,V,P,-0.1017,,0.0532,,-3.324,324,region_III
349,V,Q,-0.1682,-0.02941,-0.07511,-0.6964,-3.103,324,region_III
349,V,R,-0.6118,-0.02869,-0.01674,-0.7513,-3.107,324,region_III
349,V,S,-0.1735,-0.5228,-0.3338,-0.1594,-0.7168,324,region_III
349,V,T,0.1845,0.04405,0.1049,-0.0817,-1.089,324,region_III
349,V,V,0,0,0,0,0,324,region_III
349,V,W,0.05917,-0.3379,1.002,,-3.078,324,region_III
349,V,Y,-0.1391,-0.1999,-0.1089,-0.08982,-1.63,324,region_III
350,S,A,0.1247,-1.008,0.03725,-0.6958,-3.147,325,region_III
350,S,C,0.1233,,0.6719,0.3686,-3.24,325,region_III
350,S,D,-0.07264,-0.111,-0.2639,-0.1655,-1.433,325,region_III
350,S,E,-0.1798,-0.9114,-0.2775,-1.209,-3.486,325,region_III
350,S,F,-0.08224,-0.5009,-0.307,-0.9887,-3.467,325,region_III
350,S,G,-0.06804,-0.2795,1.056,-0.3733,-3.185,325,region_III
350,S,H,-0.7154,-1.97,-0.1911,,-3.403,325,region_III
350,S,I,-0.03401,,-0.1065,-1.397,-3.434,325,region_III
350,S,K,,,-0.2469,-0.2149,-3.464,325,region_III
350,S,L,0.4515,-0.1027,-0.03789,-0.2781,-3.465,325,region_III
350,S,M,,,,-1.638,-3.42,325,region_III
350,S,N,-0.3161,0.001345,0.1778,0.2677,-2.446,325,region_III
350,S,P,-0.4747,-1.179,-0.4826,-1.071,-3.232,325,region_III
350,S,Q,-0.09085,-0.1757,-0.2508,-0.3412,-1.724,325,region_III
350,S,R,0.4397,,-0.1466,,-3.242,325,region_III
350,S,S,0,0,0,0,0,325,region_III
350,S,T,-0.7066,,-0.0283,,-3.481,325,region_III
350,S,V,,,-0.4643,,-3.438,325,region_III
350,S,W,-0.3633,-0.5412,0.4253,0.04676,-3.473,325,region_III
350,S,Y,0.6294,-1.599,-0.06301,-1.529,-3.506,325,region_III
351,F,C,-0.2347,-1.042,0.9857,-0.6486,-3.418,326,region_III
351,F,D,0.1228,,,,-3.03,326,region_III
351,F,E,-0.4661,-1.536,-0.2658,-0.5716,-3.091,326,region_III
351,F,F,0,0,0,0,0,326,region_III
351,F,G,,,,,-3.437,326,region_III
351,F,H,,,0.07752,,-3.216,326,region_III
351,F,I,-1.258,-1.723,-0.08845,-0.6939,-3.392,326,region_III
351,F,K,,,-0.404,,-3.247,326,region_III
351,F,L,-0.3022,-1.015,0.3293,-0.3976,-3.112,326,region_III
351,F,M,-0.2927,-0.01763,-0.1114,-0.2039,-0.7041,326,region_III
351,F,N,-0.2285,-1.023,0.7375,-0.5208,-3.488,326,region_III
351,F,P,,,0.04041,,-3.192,326,region_III
351,F,Q,-0.006182,,-0.1632,-0.4999,-3.44,326,region_III
351,F,R,-0.4729,-0.1137,0.6893,0.4219,-3.458,326,region_III
351,F,S,-1.072,-0.8737,-0.01072,,-3.412,326,region_III
351,F,T,,,0.06872,,-3.442,326,region_III
351,F,V,,,,,-3.036,326,region_III
351,F,W,,,,,-2.452,326,region_III
351,F,Y,0.01241,-0.5091,-0.2335,-0.1929,-0.7497,326,region_III
352,F,A,,,-0.1839,,-3.264,327,region_III
352,F,C,,,-0.3283,,-3.184,327,region_III
352,F,D,-0.5792,-0.226,-0.2549,-0.2646,-3.36,327,region_III
352,F,E,-0.4841,,,,-3.413,327,region_III
352,F,F,0,0,0,0,0,327,region_III
352,F,H,0.6215,-0.564,-0.3539,-0.6211,-2.404,327,region_III
352,F,I,-0.02693,0.0234,-0.4449,-0.4363,-2.67,327,region_III
352,F,K,-0.06249,,,,-2.002,327,region_III
352,F,L,-0.245,0.1796,-0.1733,0.1268,-3.186,327,region_III
352,F,M,0.3181,0.1399,-0.01477,-0.1449,-0.4183,327,region_III
352,F,N,,,,,-3.324,327,region_III
352,F,P,,,-0.2943,,-3.459,327,region_III
352,F,R,-0.4376,-1.096,-0.2531,,-3.151,327,region_III
352,F,S,-0.0004632,-1.959,-0.2462,-1.26,-3.473,327,region_III
352,F,T,-0.1832,-0.4401,0.05877,-0.1827,-3.149,327,region_III
352,F,V,-0.209,-0.5469,0.03822,-1.176,-2.61,327,region_III
352,F,W,-0.2183,0.1051,-0.3108,-0.3172,-0.7094,327,region_III
352,F,Y,-0.866,-0.3577,-0.04198,-0.9025,-3.146,327,region_III
353,P,A,-0.004793,,-0.1797,-0.7601,-3.36,328,none
353,P,C,0.4828,-0.8344,-0.431,-0.8702,-3.244,328,none
353,P,D,,,,,-3.423,328,none
353,P,E,,,,,-3.439,328,none
353,P,F,,-0.3875,-0.1638,-0.673,-3.482,328,none
353,P,G,,,,-0.9185,-3.25,328,none
353,P,H,-0.4635,-0.7578,-0.1295,-0.07846,-3.499,328,none
353,P,I,-0.8984,-0.9313,,,-3.459,328,none
353,P,K,-0.4391,-1.784,0.6139,-0.2643,-3.413,328,none
353,P,L,-0.7476,-0.9195,0.1953,-0.7157,-3.496,328,none
353,P,M,,,,,-3.374,328,none
353,P,N,-1.055,,0.1873,,-3.409,328,none
353,P,P,0,0,0,0,0,328,none
353,P,Q,-0.969,,,,-3.43,328,none
353,P,R,,-0.5901,0.5586,0.2581,-3.429,328,none
353,P,S,0.4193,-1.684,-0.2654,-0.2073,-3.387,328,none
353,P,T,-0.3559,-1.548,-0.9081,-1.103,-3.535,328,none
353,P,V,0.1352,-1.325,-0.3475,-0.003319,-3.439,328,none
353,P,W,0.2218,,,,-3.458,328,none
353,P,Y,-0.9425,,,,-3.41,328,none
354,Q,A,0.1247,0.05136,0.06622,-0.02254,-0.4283,329,none
354,Q,C,-0.2245,-0.02641,-0.1164,0.1601,-0.7566,329,none
354,Q,D,0.08229,,0.02894,0.1901,-0.8839,329,none
354,Q,E,-0.05487,-0.1418,-0.2602,-0.1513,-0.5312,329,none
354,Q,F,-0.5739,-0.9025,-0.2124,-0.3884,-2.663,329,none
354,Q,G,-0.4312,,,-0.5887,-2.425,329,none
354,Q,H,-0.1151,-0.2914,-0.2527,-0.4847,-1.244,329,none
354,Q,I,0.2604,-0.4072,-0.007714,0.1841,0.1269,329,none
354,Q,K,-0.01393,0.5211,0.1244,0.2162,0.2234,329,none
354,Q,L,0.08915,0.3774,0.3123,0.1939,0.1526,329,none
354,Q,M,-0.1412,0.1422,0.1141,0.2508,0.2244,329,none
354,Q,N,0.3814,-0.2519,0.1708,0.03684,-0.3566,329,none
354,Q,P,-0.4754,0.6336,-0.2375,-0.2223,-1.249,329,none
354,Q,Q,0,0,0,0,0,329,none
354,Q,R,0.09412,0.265,0.1676,0.06146,0.5975,329,none
354,Q,S,0.04135,-1.148,-0.2163,-0.6333,-0.7612,329,none
354,Q,T,0.03203,0.1376,0.2034,0.1459,-0.1592,329,none
354,Q,V,0.1457,0.07653,0.07228,-0.1068,0.364,329,none
354,Q,W,-0.04188,-0.4673,-0.2342,-0.07277,-2.544,329,none
354,Q,Y,-0.3291,,,-0.1728,-2.183,329,none
355,A,A,0,0,0,0,0,330,none
355,A,C,-0.1069,0.00987,-0.2782,-0.1126,-0.7265,330,none
355,A,D,-0.1564,-0.244,-0.3883,-0.4523,-1.499,330,none
355,A,E,-0.125,-0.2914,0.111,-0.011,-1.058,330,none
355,A,F,-0.09086,-0.2633,-0.08008,-0.4339,-0.7611,330,none
355,A,G,0.008348,-0.05261,0.571,-0.383,-0.6202,330,none
355,A,H,0.1789,0.08227,-0.06947,-0.332,-0.2865,330,none
355,A,I,-0.09563,0.08504,-0.3011,0.1011,-0.05525,330,none
355,A,K,-0.1378,-0.2417,-0.05954,-0.3967,-0.04496,330,none
355,A,L,0.0151,0.176,-0.027,0.03739,0.3525,330,none
355,A,M,-0.1172,-0.5744,-0.08331,-0.1643,-0.00672,330,none
355,A,N,,,,,-3.287,330,none
355,A,P,0.1328,0.2286,0.2023,0.2745,0.7069,330,none
355,A,Q,-0.1961,-0.2272,-0.0001561,-0.04383,-0.1693,330,none
355,A,R,-0.1436,-0.2439,-0.117,0.2245,-0.3727,330,none
355,A,S,-0.05548,0.1975,0.05639,-0.08043,0.04172,330,none
355,A,T,-0.08528,-0.1711,-0.2747,0.2873,-0.03126,330,none
355,A,V,0.05675,-0.1901,-0.2451,-0.02764,-0.2762,330,none
355,A,W,-0.0689,,0.06529,-0.1015,-0.4384,330,none
355,A,Y,0.2812,0.1694,-0.2603,-0.4347,-0.6282,330,none
356,E,A,0.09599,0.063,-0.1197,-0.1426,-0.1986,331,none
356,E,C,-0.3737,-0.9092,-0.1968,-0.6004,-2.138,331,none
356,E,D,0.1237,-0.0005994,-0.3244,0.2159,0.02537,331,none
356,E,E,0,0,0,0,0,331,none
356,E,F,0.03961,-0.3782,0.02769,-0.6317,-0.5551,331,none
356,E,G,-0.1838,-0.01501,-0.1546,0.3003,0.262,331,none
356,E,H,-0.03816,-0.2196,0.07723,-0.1449,-0.422,331,none
356,E,I,-0.004588,-0.1001,0.2411,0.1811,-0.8397,331,none
356,E,K,0.08225,-0.07705,-0.1957,-0.5715,-0.0413,331,none
356,E,L,0.3564,-0.1186,-0.4044,-0.1195,-1.136,331,none
356,E,M,0.01645,0.05696,0.04569,0.1481,-0.0426,331,none
356,E,N,0.2897,0.1431,0.04666,-0.0005618,0.3256,331,none
356,E,P,-0.0245,-0.1492,-0.1346,-0.1848,-0.1439,331,none
356,E,Q,0.1481,-0.6991,0.08161,-0.01819,-0.5786,331,none
356,E,R,-0.03429,-0.6086,-0.02469,0.01971,0.1547,331,none
356,E,S,-0.003159,-0.03075,-0.1898,0.01897,-0.0297,331,none
356,E,T,0.02687,-0.01259,0.1488,0.08474,-0.01825,331,none
356,E,V,0.09553,-0.2327,-0.1397,-0.2074,-0.5184,331,none
356,E,W,0.003562,-0.1801,0.1189,-0.2955,-0.4314,331,none
356,E,Y,0.03404,-0.5041,-0.3928,-0.2857,-0.6573,331,none
357,T,A,-0.05382,-0.4773,0.2074,-0.602,-1.333,332,none
357,T,C,-0.003185,-0.1766,-0.09779,-0.3833,-2.755,332,none
357,T,D,0.2031,-0.1474,0.2228,0.1329,0.1018,332,none
357,T,E,0.1068,-0.06638,0.09321,-0.3735,-2.702,332,none
357,T,F,0.1433,-0.1006,0.3938,0.1828,-0.3574,332,none
357,T,G,0.01345,-0.04343,0.08429,0.03537,-1.612,332,none
357,T,H,-0.1625,0.09285,0.3045,0.1011,-2.216,332,none
357,T,I,-0.2136,-0.4739,0.1941,-0.8603,-2.62,332,none
357,T,K,-0.4436,-0.2626,0.09648,-0.1291,-2.434,332,none
357,T,L,-0.1563,-0.4247,0.2443,-0.2525,-1.651,332,none
357,T,M,-0.06279,-1.193,-0.2289,-0.566,-2.728,332,none
357,T,N,0.03763,-0.3959,0.01739,-0.2902,-2.392,332,none
357,T,P,,-0.4398,0.2102,-0.464,-2.889,332,none
357,T,Q,-0.1242,,0.206,,-3.416,332,none
357,T,R,-0.01857,,0.01853,-0.5085,-3.011,332,none
357,T,S,0.1429,0.4284,-0.2133,0.01454,-0.209,332,none
357,T,T,0,0,0,0,0,332,none
357,T,V,-0.05966,0.04443,-0.2065,-0.4483,-0.474,332,none
357,T,W,-0.06664,0.3322,-0.1487,-0.4363,-1.784,332,none
357,T,Y,0.2351,-0.4857,0.1359,0.2129,-0.5816,332,none
358,C,A,,,-0.1424,,-3.447,333,none
358,C,C,0,0,0,0,0,333,none
358,C,D,-0.4046,-0.4073,0.2813,-0.1201,-3.126,333,none
358,C,E,0.1466,-0.4941,0.01469,0.4419,-2.976,333,none
358,C,F,-0.2043,-1.139,0.03706,-1.288,-3.265,333,none
358,C,G,0.02041,0.1512,0.007171,-0.5516,-3.141,333,none
358,C,H,0.1215,-0.1171,-0.1494,0.5566,-3.144,333,none
358,C,I,-0.3502,-0.2235,-0.4503,0.8351,-3.218,333,none
358,C,K,0.1975,,0.002905,-0.1839,-3.308,333,none
358,C,L,-0.6162,-1.102,0.2148,-0.2126,-3.363,333,none
358,C,M,-0.1029,,,,-3.264,333,none
358,C,N,-0.2522,-0.7789,-0.2454,-0.1258,-3.231,333,none
358,C,P,-0.4122,-0.06446,-0.01188,0.4319,-2.938,333,none
358,C,Q,,-0.9218,,-0.9625,-3.474,333,none
358,C,R,-0.5316,0.1429,0.09282,-0.5103,-3.331,333,none
358,C,S,-0.05736,,,-0.03749,-3.415,333,none
358,C,T,-1.005,-0.8735,-0.2912,-0.04327,-3.268,333,none
358,C,V,,,,,-2.992,333,none
358,C,W,-0.5789,-0.8744,-0.08974,-0.5193,-3.436,333,none
358,C,Y,-0.06271,-0.6081,0.1919,-0.4223,-3.392,333,none
359,K,A,-0.828,-0.89,-0.2753,-0.9514,-3.081,334,none
359,K,C,0.3168,-0.9485,0.2644,-0.403,-3.016,334,none
359,K,D,,,,,-3.407,334,none
359,K,E,-0.2807,-0.949,-0.1668,-0.3605,-3.436,334,none
359,K,F,-0.01978,0.01986,0.06188,0.09445,-0.33,334,none
359,K,G,-0.6917,-1.613,-0.05832,-0.6535,-3.486,334,none
359,K,H,-0.1347,0.03032,-0.05418,0.1576,-0.3741,334,none
359,K,I,-0.05113,-0.6235,-0.07192,0.05431,-1.113,334,none
359,K,K,0,0,0,0,0,334,none
359,K,L,0.1799,-0.1526,0.0863,0.1306,-0.8411,334,none
359,K,M,-0.07601,-0.02434,0.09191,0.07052,-0.3428,334,none
359,K,N,-0.4545,,0.06727,-0.5837,-3.268,334,none
359,K,P,0.1653,-0.6383,-0.09337,-0.3598,-3.436,334,none
359,K,Q,-0.4707,-2.133,-0.718,-0.7839,-2.896,334,none
359,K,R,-0.002356,0.1838,-0.09968,0.2371,-0.02575,334,none
359,K,S,-0.1824,-0.4452,0.2929,-0.4666,-2.925,334,none
359,K,T,-0.0812,0.06915,-0.1049,-0.1303,-2.415,334,none
359,K,V,-0.942,0.08189,-0.3113,0.1251,-3.176,334,none
359,K,W,-0.3233,-0.1773,0.08513,0.1115,-0.6351,334,none
359,K,Y,0.06724,-0.05285,0.1842,0.114,0.3182,334,none
360,V,A,0.1604,,-0.04907,-0.2439,-1.157,335,none
360,V,D,-0.1942,-0.3593,-0.1718,-0.3153,-1.334,335,none
360,V,E,-0.2006,-0.2463,-0.7003,-0.1329,-0.1882,335,none
360,V,F,-0.06758,-1.004,-0.07703,-0.1376,-2.04,335,none
360,V,G,0.064,-0.1112,-0.2542,-0.1344,-0.5783,335,none
360,V,H,-0.03889,0.03361,-0.0854,-0.0219,-0.3871,335,none
360,V,I,0.1156,,,,,335,none
360,V,K,0.06783,0.5612,0.295,0.2356,-0.0376,335,none
360,V,L,0.1604,0.01952,0.5541,0.3214,-0.2992,335,none
360,V,M,0.05304,0.2881,0.08002,0.07198,-0.4534,335,none
360,V,N,,,,,-3.22,335,none
360,V,P,0.03349,0.04061,-0.0008356,-0.07237,0.1435,335,none
360,V,Q,0.2359,-0.5757,-0.01688,0.05058,-0.01051,335,none
360,V,R,0.08962,0.01858,0.1254,0.03063,-0.3925,335,none
360,V,S,-0.01979,-0.03235,-0.2367,0.1081,-0.7964,335,none
360,V,T,0.1034,-0.01361,0.02086,-0.3439,-0.7655,335,none
360,V,V,0,0,0,0,0,335,none
360,V,W,-0.3169,-1.891,-1.111,-0.6804,-2.393,335,none
360,V,Y,-0.2352,-0.9868,-0.4243,-0.3571,-1.718,335,none
361,Q,A,0.1144,0.06693,0.3101,0.1703,0.9276,336,none
361,Q,C,-0.06789,0.1391,-0.009521,0.248,0.3532,336,none
361,Q,D,0.3197,-0.774,0.6061,-0.5114,-3.473,336,none
361,Q,E,,-1.324,0.2627,0.7533,-3.38,336,none
361,Q,F,,,,-0.5651,-2.007,336,none
361,Q,G,0.0713,-0.1947,0.08592,0.07941,-0.2014,336,none
361,Q,H,0.4546,-0.3272,-0.01107,0.1028,-1.319,336,none
361,Q,I,0.2402,0.4061,0.07202,0.5319,-0.2036,336,none
361,Q,K,-0.03664,-1.076,0.06052,-0.1089,-1.71,336,none
361,Q,L,0.1912,0.1648,0.269,0.3054,-1.282,336,none
361,Q,M,0.08831,0.7191,0.3694,0.7933,-1.181,336,none
361,Q,N,0.03487,0.1005,-0.1212,-0.7573,0.1691,336,none
361,Q,P,0.1197,-0.7044,-0.5277,0.02404,-3.271,336,none
361,Q,Q,0,0,0,0,0,336,none
361,Q,R,-0.5713,-0.1811,0.002506,-0.6765,-0.06166,336,none
361,Q,S,0.07358,0.003336,-0.1395,-0.3915,-0.961,336,none
361,Q,T,-0.04956,-0.01556,0.5244,-0.07188,0.07572,336,none
361,Q,V,0.009417,0.005749,0.1613,0.2405,-0.658,336,none
361,Q,Y,-0.5456,,,,-2.113,336,none
362,S,A,-0.2014,0.3516,-0.09762,-0.4647,-0.1829,337,none
362,S,C,-0.03099,,-0.1293,-0.4243,-2.298,337,none
362,S,D,-0.5467,,-0.2687,-0.6902,-2.404,337,none
362,S,E,-0.1624,-0.1347,-0.1299,-0.136,-1.217,337,none
362,S,F,0.09918,0.0005078,-0.1201,-0.02937,-0.45,337,none
362,S,G,-0.09648,-0.1578,0.4299,-0.5886,-0.08997,337,none
362,S,H,-0.03837,-0.2606,-0.08524,-0.09994,0.2349,337,none
362,S,I,0.1413,-0.005083,0.3049,0.04521,-0.1156,337,none
362,S,K,0.1017,-0.0631,-0.09033,-0.04166,-0.4194,337,none
362,S,L,0.1693,0.1114,-0.1197,0.2603,0.3909,337,none
362,S,M,-0.1953,0.2781,-0.09814,0.02063,0.03125,337,none
362,S,N,-0.2464,-0.1868,0.07278,-0.0336,0.08645,337,none
362,S,P,-0.2744,0.0002505,-0.1374,-0.1985,-2.431,337,none
362,S,Q,0.08714,0.03031,-0.08792,0.09113,0.4984,337,none
362,S,R,-0.4122,,0.05038,,-0.5607,337,none
362,S,S,0,0,0,0,0,337,none
362,S,T,0.01884,0.02952,0.1079,0.1784,0.2477,337,none
362,S,V,-0.1658,0.3203,-0.00244,0.119,0.2396,337,none
362,S,W,0.04595,0.05232,0.1105,-0.00884,-0.2575,337,none
362,S,Y,-0.1252,-0.00311,0.07168,-0.1073,-0.2457,337,none
363,N,A,-0.09126,-0.3998,-0.2656,-0.141,0.2296,338,none
363,N,C,-0.002798,-0.1585,0.01526,0.197,-0.6403,338,none
363,N,D,-0.1884,-0.1418,-0.2219,-0.1643,0.1202,338,none
363,N,E,-0.09751,-0.1888,-0.4847,-0.06605,0.3631,338,none
363,N,F,-0.1158,0.02817,-0.07452,0.03015,0.1631,338,none
363,N,G,0.04089,0.1678,0.03578,0.02893,-0.1308,338,none
363,N,H,-0.03624,-0.2397,0.1698,-0.1646,0.06385,338,none
363,N,I,-0.1905,-0.02402,0.2338,0.1324,-0.06488,338,none
363,N,K,-0.1361,-0.2271,-0.2803,-0.1337,-0.9902,338,none
363,N,L,-0.1579,,,,-1.23,338,none
363,N,M,-0.02925,,0.1276,,0.1569,338,none
363,N,N,0,0,0,0,0,338,none
363,N,Q,,,,,-0.1643,338,none
363,N,R,0.03227,-0.1785,0.442,0.4367,-0.1135,338,none
363,N,S,-0.001037,0.1384,-0.167,0.1557,0.4025,338,none
363,N,T,0.104,-0.02044,-0.1313,0.0385,-0.1353,338,none
363,N,V,0.06164,0.34,0.132,0.2327,0.6828,338,none
363,N,W,,-0.3394,,,0.5709,338,none
363,N,Y,-0.02372,-0.8293,0.1538,,0.5581,338,none
364,R,A,-0.4798,-0.7206,-0.04681,-0.4564,-3.402,339,none
364,R,C,-0.4494,0.06406,0.4814,0.4276,-3.303,339,none
364,R,D,0.00458,0.05655,0.38,-1.029,-3.471,339,none
364,R,E,-0.3424,-0.6443,-0.2762,-0.3672,-3.389,339,none
364,R,F,-0.171,-0.5532,-0.1505,-0.3447,-1.315,339,none
364,R,G,,-0.1721,-0.4031,,-3.384,339,none
364,R,H,,,,,-1.825,339,none
364,R,I,-0.2022,0.03968,0.05871,-0.04787,-0.7128,339,none
364,R,K,-0.8946,-1.035,-0.3692,-0.2944,-3.525,339,none
364,R,L,-0.1998,0.1691,0.2231,0.1643,-2.164,339,none
364,R,M,-0.1802,0.5885,0.3837,-0.09008,-2.111,339,none
364,R,N,-0.3065,-0.09298,-0.06264,-0.1937,-2.276,339,none
364,R,P,,,,,-3.234,339,none
364,R,Q,-0.2919,-0.00667,0.4052,-0.6095,-2.433,339,none
364,R,R,0,0,0,0,0,339,none
364,R,S,-0.2073,-1.028,-0.1464,-0.112,-3.03,339,none
364,R,T,-0.05561,0.02382,-0.04039,0.05431,-0.9631,339,none
364,R,V,-0.1339,0.1817,-0.2782,0.1708,-0.3143,339,none
364,R,W,0.2211,-0.3123,-0.4407,-0.1603,-1.049,339,none
364,R,Y,-0.06717,-0.01229,0.07991,0.2323,-0.214,339,none
365,V,A,0.0485,-0.3617,0.07081,,-0.4269,340,none
365,V,C,0.283,-0.1567,-0.3166,-0.03694,-0.645,340,none
365,V,D,-0.299,-0.6196,-0.2489,-0.3145,-3.212,340,none
365,V,E,-0.6471,-0.6952,1.066,-0.1664,-3.212,340,none
365,V,F,,,,,-3.486,340,none
365,V,G,-0.8785,,-0.1031,-0.865,-3.136,340,none
365,V,H,0.5951,-1.326,-0.04227,-0.5962,-3.418,340,none
365,V,I,-0.07051,-0.3781,-0.07769,-0.0173,-0.506,340,none
365,V,K,0.06444,-1.399,0.7838,0.1285,-3.298,340,none
365,V,L,0.1467,-0.2433,0.2341,0.308,-1.371,340,none
365,V,M,-0.3247,,0.146,-0.5698,-3.359,340,none
365,V,N,-0.3703,,-0.4101,-0.2461,-3.436,340,none
365,V,P,-0.5591,-0.3913,0.3536,-0.5411,-3.161,340,none
365,V,Q,,-1.797,0.07575,0.0909,-3.292,340,none
365,V,R,-0.4208,-0.2532,-0.2573,0.06058,-3.361,340,none
365,V,S,-0.4293,-0.1883,-0.3462,-0.4044,-3.385,340,none
365,V,T,,,,-0.8023,-3.387,340,none
365,V,V,0,0,0,0,0,340,none
365,V,W,0.1015,0.2883,0.359,0.05396,-3.135,340,none
365,V,Y,-0.4849,-1.364,-0.2456,-0.6953,-3.362,340,none
366,F,A,0.0965,-0.6035,-0.0563,,-3.208,341,none
366,F,C,,,,0.3155,-3.502,341,none
366,F,D,-0.3164,-0.8671,0.1126,-0.8917,-3.338,341,none
366,F,E,-0.04372,-0.4625,0.07931,-0.6027,-3.267,341,none
366,F,F,0,0,0,0,0,341,none
366,F,G,0.02439,-1.883,-0.01925,,-3.119,341,none
366,F,H,-0.4702,-0.7584,-0.09608,0.08379,-3.411,341,none
366,F,I,-0.1238,-0.6547,0.3595,-0.4999,-2.493,341,none
366,F,K,-0.08705,0.1067,0.02057,0.1418,-3.177,341,none
366,F,L,-0.286,-0.4764,-0.08113,-0.01033,-2.63,341,none
366,F,M,0.03796,-0.293,-0.1138,-0.3963,-2.622,341,none
366,F,N,-0.07364,-0.9499,-0.4692,-0.8359,-3.402,341,none
366,F,P,-0.5508,-1.347,-0.4909,-0.1233,-3.417,341,none
366,F,Q,-0.11,0.1297,,-0.5858,-3.011,341,none
366,F,R,-0.5171,-0.1057,0.01206,-0.1386,-3.353,341,none
366,F,S,-0.579,-0.3571,-0.3908,-0.6267,-3.385,341,none
366,F,T,-0.2902,-0.7085,-0.2361,,-3.13,341,none
366,F,V,-0.03191,-0.5411,0.1258,0.6261,-3.429,341,none
366,F,W,-0.1985,-0.2868,-0.2637,0.1296,-1.397,341,none
366,F,Y,-0.03575,-0.05525,-0.2775,0.108,-1.369,341,none
367,C,A,-0.08675,-0.821,-0.1349,-0.4198,-2.7,342,region_III
367,C,C,0,0,0,0,0,342,region_III
367,C,D,,,,,-1.51,342,region_III
367,C,E,,,0.1629,-0.3294,-3.212,342,region_III
367,C,F,-0.1311,-0.9632,-0.2136,-0.8387,-3.242,342,region_III
367,C,G,-0.1271,-0.7135,-0.3031,-0.72,-3.484,342,region_III
367,C,H,-0.03372,-0.7845,0.4679,-0.3039,-3.365,342,region_III
367,C,I,-0.176,-0.1739,-0.05567,-0.1343,-3.153,342,region_III
367,C,K,0.02791,-0.07887,0.0804,0.1058,-3.21,342,region_III
367,C,M,0.06098,-0.1135,-0.1688,-0.719,-3.409,342,region_III
367,C,N,0.1909,,-0.06589,-0.003546,-3.248,342,region_III
367,C,P,-0.1159,-1.712,-0.2857,-0.02884,-3.297,342,region_III
367,C,Q,-0.02392,-0.663,-0.203,-0.5585,-3.338,342,region_III
367,C,R,0.6547,0.2845,-0.03289,0.0004681,-3.173,342,region_III
367,C,S,-0.3915,-0.1133,-0.1405,-0.4058,-3.332,342,region_III
367,C,T,0.2196,0.1868,0.2667,-0.04234,-3.3,342,region_III
367,C,V,-0.7651,-1.852,-0.0098,-0.4141,-3.335,342,region_III
367,C,W,-0.04208,,-0.03001,-0.1991,-3.08,342,region_III
367,C,Y,-0.03727,-0.09669,0.3685,-0.4999,-3.133,342,region_III
368,D,A,,,,,-2.455,343,region_III
368,D,C,0.1817,-0.1769,0.2797,-0.3473,-3.37,343,region_III
368,D,D,0,0,0,0,0,343,region_III
368,D,E,0.03784,-0.8633,0.09771,-0.3372,-1.893,343,region_III
368,D,F,-0.4039,-0.532,-0.2183,-0.5206,-3.251,343,region_III
368,D,G,-0.4818,-0.07164,-0.2398,-0.527,-3.538,343,region_III
368,D,H,,,-0.1859,,-3.082,343,region_III
368,D,I,0.2371,-0.6277,0.9268,-0.6547,-3.349,343,region_III
368,D,K,,,0.4231,,-3.125,343,region_III
368,D,L,,,-0.07762,-0.06239,-3.423,343,region_III
368,D,M,0.0001701,-1.254,-0.5733,-0.4566,-3.442,343,region_III
368,D,N,-0.0163,-0.0377,-0.2337,-0.127,-0.7886,343,region_III
368,D,P,-0.3225,0.04649,-0.0471,-0.8501,-3.457,343,region_III
368,D,Q,,,,,-2.703,343,region_III
368,D,R,-0.1287,-0.269,1.002,-0.1004,-3.322,343,region_III
368,D,S,-0.04151,-1.38,0.2136,-0.4204,-3.444,343,region_III
368,D,T,-0.3332,,-0.07537,-0.7738,-3.423,343,region_III
368,D,V,-0.7003,-1.014,-0.1818,-0.3086,-3.468,343,region_III
368,D,W,,,-0.3329,-0.3109,-2.872,343,region_III
368,D,Y,-0.06331,-0.4703,-0.1208,-0.0181,-3.303,343,region_III
369,T,A,-0.7157,0.1485,0.02289,-0.3808,-3.495,344,region_III
369,T,C,0.2331,-0.5189,-0.07417,-0.1435,-1.583,344,region_III
369,T,D,,,,,-3.247,344,region_III
369,T,E,,,1.289,,-3.393,344,region_III
369,T,F,0.04253,,-0.1519,-0.2606,-3.511,344,region_III
369,T,G,,,0.1452,-0.09198,-3.463,344,region_III
369,T,H,-0.4133,-0.5954,-0.4499,0.4264,-3.454,344,region_III
369,T,I,-0.4062,0.0197,-0.06268,-0.363,-3.423,344,region_III
369,T,K,,,,,-3.52,344,region_III
369,T,L,-0.3365,-0.2789,-0.2264,0.01233,-2.587,344,region_III
369,T,M,-0.137,-0.1453,-0.01247,-0.4004,-3.022,344,region_III
369,T,N,-0.417,-0.07714,-0.08194,0.1001,-3.273,344,region_III
369,T,P,-0.02845,0.05202,0.08391,0.2094,-0.3287,344,region_III
369,T,Q,0.1482,0.7354,0.05325,0.4639,-2.436,344,region_III
369,T,R,,,0.9869,,-3.482,344,region_III
369,T,S,0.3873,0.3124,-0.03361,0.04418,-2.853,344,region_III
369,T,T,0,0,0,0,0,344,region_III
369,T,V,0.3493,0.1513,0.08385,0.3553,-2.855,344,region_III
369,T,W,-0.8455,0.2154,0.08718,-0.01998,-3.497,344,region_III
369,T,Y,,,,,-3.188,344,region_III
370,M,A,0.1702,0.0959,-0.2046,-0.03113,-0.7138,345,region_III
370,M,C,,,0.3858,,-3.35,345,region_III
370,M,D,-0.3675,-0.02826,0.1873,-0.1837,-2.644,345,region_III
370,M,E,-0.01145,-0.1331,-0.01373,-0.2387,-1.734,345,region_III
370,M,F,-0.6798,-0.6826,-0.1399,-0.5539,-3.226,345,region_III
370,M,G,0.04057,0.05405,-0.05617,0.1344,0.3312,345,region_III
370,M,H,-0.1724,-0.09342,-0.1438,-0.4748,-0.5977,345,region_III
370,M,I,-0.08591,-0.2584,0.2733,-0.4623,-2.259,345,region_III
370,M,K,-0.4271,-0.9093,0.1475,0.2717,-3.415,345,region_III
370,M,L,-0.1224,0.02402,0.2252,0.08917,-1.198,345,region_III
370,M,M,0,0,0,0,0,345,region_III
370,M,N,-0.01521,,-0.2964,,-3.418,345,region_III
370,M,P,-0.3627,,,,-3.392,345,region_III
370,M,Q,0.4901,-0.244,0.4665,-0.6079,-3.082,345,region_III
370,M,R,-0.5008,,-0.1188,-0.8133,-3.456,345,region_III
370,M,S,,,,,-1.548,345,region_III
370,M,T,0.1255,1.445,-0.1732,0.1286,-3.164,345,region_III
370,M,V,-0.9682,-1.57,-0.1134,-1.044,-3.273,345,region_III
370,M,W,-0.9378,1.109,0.1703,-0.3968,-3.242,345,region_III
370,M,Y,-0.497,-0.9832,-0.1022,-0.428,-3.423,345,region_III
371,N,A,0.1079,-0.1541,0.04065,-0.1409,0.7059,346,region_III
371,N,C,-0.03902,-0.2441,-0.3833,0.06932,-0.9161,346,region_III
371,N,D,0.07991,0.1135,-0.1637,0.01888,0.4077,346,region_III
371,N,E,-0.1449,-0.3895,0.03845,-0.04375,1.046,346,region_III
371,N,F,-0.3791,0.01517,0.04075,0.3151,-1.521,346,region_III
371,N,G,-0.0969,-0.2474,0.08697,0.1453,0.07646,346,region_III
371,N,H,0.06857,0.1505,0.06573,0.1003,0.3579,346,region_III
371,N,I,-0.4774,-0.5792,-0.1755,-0.7267,-3.016,346,region_III
371,N,K,0.02152,-0.0377,0.08104,-0.06606,0.8155,346,region_III
371,N,L,-0.08071,-0.07408,0.1991,-0.11,0.294,346,region_III
371,N,M,-0.1687,-0.254,0.2563,0.1598,0.9372,346,region_III
371,N,N,0,0,0,0,0,346,region_III
371,N,P,-0.07449,-0.3774,-0.05135,-0.05557,-0.6116,346,region_III
371,N,Q,-0.01884,0.1047,-0.08444,0.001326,0.8181,346,region_III
371,N,R,-0.03622,0.08528,0.1327,0.1101,0.2218,346,region_III
371,N,S,-0.1224,-0.4177,-0.0895,0.0951,0.08453,346,region_III
371,N,T,-0.2967,0.1678,-0.06341,0.3633,-0.7654,346,region_III
371,N,V,0.06225,-0.01585,0.328,-0.03112,-0.8788,346,region_III
371,N,W,-0.18,0.05734,0.02272,0.06181,0.1605,346,region_III
371,N,Y,0.004122,0.1574,0.06301,0.02027,-0.5709,346,region_III
372,S,A,,,-0.2393,,-3.149,347,region_III
372,S,C,,-2.1,0.1422,,-3.358,347,region_III
372,S,D,,-0.8812,-0.6574,-0.9474,-3.449,347,region_III
372,S,E,0.4048,,0.1456,-0.2176,-3.385,347,region_III
372,S,F,,,-0.2688,-1.079,-3.498,347,region_III
372,S,G,-0.1913,-0.3115,0.07511,-0.3328,-3.146,347,region_III
372,S,H,-0.4818,,1.43,,-3.394,347,region_III
372,S,I,-0.4968,-1.702,0.178,-0.4997,-3.543,347,region_III
372,S,K,-0.9607,,,,-3.444,347,region_III
372,S,L,-0.2906,,,-0.3864,-3.451,347,region_III
372,S,M,,,,,-3.479,347,region_III
372,S,N,-0.215,-0.3727,-0.3315,0.07531,-3.475,347,region_III
372,S,P,,,,,-3.463,347,region_III
372,S,Q,-0.7668,-0.09137,0.1164,0.0109,-3.412,347,region_III
372,S,R,-0.3806,-1.846,-0.5405,-1.069,-3.514,347,region_III
372,S,S,0,0,0,0,0,347,region_III
372,S,T,-0.6891,,,,-3.425,347,region_III
372,S,V,,,,,-3.493,347,region_III
372,S,W,-0.9007,-0.7444,0.3201,-0.8218,-3.307,347,region_III
372,S,Y,,,,,-3.394,347,region_III
373,L,A,-0.8619,,-0.03159,-0.1728,-3.316,348,region_III
373,L,C,,,0.1707,,-3.384,348,region_III
373,L,D,,,,,-3.401,348,region_III
373,L,E,,,,,-3.479,348,region_III
373,L,F,0.3275,-1.512,-0.2159,-0.2936,-2.736,348,region_III
373,L,G,-0.3772,-1.85,0.219,-0.459,-3.454,348,region_III
373,L,H,,-1.372,-0.1217,-0.5122,-3.469,348,region_III
373,L,I,0.09327,-0.05577,0.1284,-0.1461,-0.1295,348,region_III
373,L,K,0.03962,-1.537,0.01921,-0.3104,-3.454,348,region_III
373,L,L,0,0,0,0,0,348,region_III
373,L,M,0.09087,0.04024,0.2251,0.05587,0.5482,348,region_III
373,L,N,,,,,-3.407,348,region_III
373,L,P,-0.5131,-0.6309,0.0332,0.09213,-3.521,348,region_III
373,L,Q,,,,,-3.434,348,region_III
373,L,R,,,,,-3.459,348,region_III
373,L,S,,,-0.01425,,-3.47,348,region_III
373,L,T,-0.8659,,-0.006104,,-3.496,348,region_III
373,L,V,-0.3445,-0.9985,0.01101,-0.007761,-3.338,348,region_III
373,L,W,0.05337,0.309,-0.1354,0.07836,-3.434,348,region_III
373,L,Y,-0.2547,,,,-3.458,348,region_III
374,T,A,-0.63,-0.8171,-0.2558,-0.5399,-3.282,349,region_III
374,T,C,-0.2544,-0.5029,-0.1118,0.3355,-1.917,349,region_III
374,T,D,0.003029,-0.4761,-0.03429,-0.1105,-1.611,349,region_III
374,T,E,-0.3796,-0.6296,-0.2615,-0.2756,-2.745,349,region_III
374,T,F,-0.3336,-1.58,-0.1234,-0.9885,-3.497,349,region_III
374,T,G,-0.2931,,-0.0629,,-3.19,349,region_III
374,T,H,-0.03085,-0.1992,0.08036,-0.05445,-3.416,349,region_III
374,T,I,-0.7667,-0.8814,-0.0566,-0.05244,-3.19,349,region_III
374,T,K,,,,,-3.416,349,region_III
374,T,L,-0.958,,0.6885,-0.8372,-3.221,349,region_III
374,T,M,0.1296,-0.7302,-0.4232,-0.2931,-3.328,349,region_III
374,T,N,-0.000576,-0.3663,0.2324,-0.906,-3.164,349,region_III
374,T,P,,-1.686,0.0006184,-0.501,-3.292,349,region_III
374,T,R,-1.081,-0.1143,-0.1322,-1.033,-3.466,349,region_III
374,T,S,-0.1042,-0.1724,-0.007608,-0.007648,-1.965,349,region_III
374,T,T,0,0,0,0,0,349,region_III
374,T,V,-0.4796,0.007529,-0.1212,-0.4297,-3.456,349,region_III
374,T,W,-0.6981,,0.02914,,-3.138,349,region_III
374,T,Y,-0.9626,-0.5525,-0.1407,-0.5036,-2.992,349,region_III
375,L,A,,,-0.2448,-0.6447,-2.46,350,region_III
375,L,C,-0.3244,-0.06037,0.2772,0.5728,-3.154,350,region_III
375,L,D,-0.5859,,-0.03423,-1.456,-3.364,350,region_III
375,L,F,0.4994,0.1283,0.1753,0.1835,-0.9657,350,region_III
375,L,G,,,-0.3991,,-3.431,350,region_III
375,L,H,,-1.575,-0.1199,-0.7887,-3.424,350,region_III
375,L,I,0.05541,-0.4315,-0.01478,-0.1053,-0.8408,350,region_III
375,L,K,,,,,-3.058,350,region_III
375,L,L,0,0,0,0,0,350,region_III
375,L,M,-0.06001,-0.3078,-0.0563,0.07671,-0.3062,350,region_III
375,L,N,0.04252,-1.238,-0.3063,,-3.206,350,region_III
375,L,P,,-1.7,-0.1843,-1.217,-3.468,350,region_III
375,L,Q,0.1618,,-0.1765,0.4689,-2.977,350,region_III
375,L,R,-0.3589,-1.167,-0.1847,-1.114,-3.458,350,region_III
375,L,S,-0.04104,-1.211,0.6895,-0.9595,-3.193,350,region_III
375,L,T,0.3034,-1.801,-0.2333,-0.8618,-3.338,350,region_III
375,L,V,0.1411,,0.1246,0.007477,-1.902,350,region_III
375,L,W,0.1193,-0.01196,-0.01486,0.3325,0.5493,350,region_III
375,L,Y,,,,,-3.264,350,region_III
376,P,A,-0.3891,-0.03185,-0.01733,0.06291,-0.1361,351,region_III
376,P,C,-0.1999,-0.2904,-0.1586,-0.2175,-2.645,351,region_III
376,P,D,-0.07168,0.02483,-0.002784,0.1433,1.552,351,region_III
376,P,E,-0.2832,-0.0009225,0.2244,0.3744,1.369,351,region_III
376,P,F,,,0.8483,,-3.229,351,region_III
376,P,G,0.1143,-0.1332,0.06063,-0.2367,-1.136,351,region_III
376,P,H,-0.4027,-0.5907,-0.3725,-0.1329,-2.926,351,region_III
376,P,I,-0.523,-1.647,0.1018,-0.018,-1.833,351,region_III
376,P,K,-1.069,,-0.1588,-1.228,-2.755,351,region_III
376,P,L,-0.2482,-0.08299,0.05729,-0.06683,-2.229,351,region_III
376,P,M,-0.3073,-0.3725,0.1825,-0.2321,-1.119,351,region_III
376,P,N,-0.2858,-0.7868,-0.4241,-0.5626,-2.207,351,region_III
376,P,P,0,0,0,0,0,351,region_III
376,P,Q,-0.1657,-0.1596,-0.04034,0.05028,-0.2441,351,region_III
376,P,R,-0.479,-0.4888,-0.1818,-0.3032,-2.268,351,region_III
376,P,S,0.2153,0.08266,0.2424,0.1809,-0.1831,351,region_III
376,P,T,-0.3702,-0.4181,0.046,0.07831,-1.785,351,region_III
376,P,V,0.01865,-0.3195,-0.06009,-0.1666,-0.4646,351,region_III
376,P,W,,,,,-3.172,351,region_III
376,P,Y,,-0.3921,-0.3057,-0.3821,-3.235,351,region_III
377,S,A,-0.1265,-0.1088,-0.1131,-0.153,0.3624,352,region_III
377,S,C,-0.0158,0.0442,0.000263,0.09828,0.3549,352,region_III
377,S,D,-0.2072,0.2105,-0.1471,0.007471,-0.07732,352,region_III
377,S,E,-0.2949,0.05761,-0.3449,-0.05625,-0.5579,352,region_III
377,S,F,-0.01117,-0.2943,0.1046,0.1604,-1.092,352,region_III
377,S,G,-0.1614,-0.4665,0.04751,0.2713,-0.7201,352,region_III
377,S,H,-0.1954,-0.3457,-0.01742,0.08565,-1.067,352,region_III
377,S,I,-0.05986,0.5269,0.3093,0.2262,0.03985,352,region_III
377,S,K,-0.044,-0.02565,0.6475,-0.1054,-1.894,352,region_III
377,S,L,0.1091,0.02728,0.1323,0.2341,-0.339,352,region_III
377,S,M,0.2597,-0.1195,0.1317,-0.1838,-0.6179,352,region_III
377,S,N,-0.1524,0.5422,0.01626,-0.2889,-0.3006,352,region_III
377,S,P,-0.1838,0.487,0.1095,0.05339,-0.2188,352,region_III
377,S,Q,0.2041,0.2423,0.07074,0.1131,-0.6973,352,region_III
377,S,R,-0.1217,-0.4138,-0.01548,-0.3121,-1.815,352,region_III
377,S,S,0,0,0,0,0,352,region_III
377,S,T,0.1292,,-0.00251,,-0.393,352,region_III
377,S,V,-0.1663,-0.05104,-0.0566,-0.01703,-0.3836,352,region_III
377,S,W,-0.02437,-0.0434,0.04875,0.1886,-0.8014,352,region_III
377,S,Y,0.2112,,-0.06912,0.04911,-1.258,352,region_III
378,E,A,0.2413,-0.3676,0.1496,0.03025,-1.639,353,region_III
378,E,C,-0.2235,0.01177,-0.2094,-0.6887,-3.106,353,region_III
378,E,D,-0.08432,-0.03788,-0.2232,0.2064,0.01007,353,region_III
378,E,E,0,0,0,0,0,353,region_III
378,E,F,-0.1215,-0.07336,-0.5028,-0.5365,-3.136,353,region_III
378,E,G,-0.595,-2.131,0.0994,-0.3971,-3.038,353,region_III
378,E,H,-0.09311,0.2117,,-0.2446,-3.138,353,region_III
378,E,I,-0.301,-0.1164,-0.06326,-0.3254,-2.889,353,region_III
378,E,K,-0.5928,-1.689,0.07392,-1.255,-3.261,353,region_III
378,E,L,-0.3276,-1.73,0.6047,-0.4627,-2.938,353,region_III
378,E,M,0.1535,-0.5146,0.08477,-0.03577,-3.127,353,region_III
378,E,N,0.1034,,-0.2554,,-2.91,353,region_III
378,E,P,-0.9114,-1.747,-0.1637,-0.8674,-3.269,353,region_III
378,E,Q,0.008641,-0.2252,0.007998,-0.6025,-2.402,353,region_III
378,E,R,-0.3681,-1.377,-0.04405,-0.3868,-3.096,353,region_III
378,E,S,-0.1589,-1.863,-0.06234,0.1891,-3.015,353,region_III
378,E,T,-0.2854,-1.671,-0.5695,-1.014,-2.744,353,region_III
378,E,V,-0.1067,-0.9372,0.2532,-0.5394,-2.3,353,region_III
378,E,W,0.02955,-0.1055,-0.002049,0.009988,-3,353,region_III
378,E,Y,-0.06315,-0.1606,-0.09088,-0.3765,-2.788,353,region_III
379,V,A,-0.05891,-0.7962,0.05638,-0.01091,-0.409,354,region_I
379,V,C,0.2136,-0.01897,-0.1124,0.08531,-1.719,354,region_I
379,V,D,,,-0.1898,-0.01418,-3.436,354,region_I
379,V,E,0.01888,0.04113,-0.01049,-0.05222,-3.482,354,region_I
379,V,F,,,,-1.848,-3.433,354,region_I
379,V,G,-0.3429,,0.3096,,-3.322,354,region_I
379,V,H,-0.3534,,,,-2.653,354,region_I
379,V,I,-0.4532,-0.6444,-0.3982,-0.4656,-0.3389,354,region_I
379,V,K,-0.175,-1.174,0.1443,-0.5799,-2.793,354,region_I
379,V,L,-0.1784,-0.04916,-0.2998,-0.1735,-3.057,354,region_I
379,V,M,-0.7075,-1.947,-0.1317,-1.075,-3.151,354,region_I
379,V,N,-0.08111,-0.4558,0.56,,-3.354,354,region_I
379,V,P,-0.6061,0.017,0.2425,-0.01105,-3.171,354,region_I
379,V,Q,-0.00951,-0.3047,-0.2254,0.4541,-0.9967,354,region_I
379,V,R,0.4539,-1.212,-0.001864,,-3.154,354,region_I
379,V,S,-0.03863,-1.099,-0.01341,0.2244,-1.284,354,region_I
379,V,T,,,,,-2.183,354,region_I
379,V,V,0,0,0,0,0,354,region_I
379,V,W,-0.08665,-0.8732,-0.01691,-0.7501,-2.909,354,region_I
379,V,Y,-0.6365,,-0.3585,,-3.308,354,region_I
380,N,A,0.007481,0.1094,0.1235,0.3395,0.03316,355,region_I
380,N,C,-0.04711,-0.187,0.01476,-0.0316,0.1161,355,region_I
380,N,D,-0.1376,0.05676,-0.07508,0.08781,0.3148,355,region_I
380,N,E,-0.2602,,-0.3786,-0.7938,0.1174,355,region_I
380,N,F,-0.2084,-0.102,-0.3352,-0.2078,-0.501,355,region_I
380,N,G,0.1665,-0.01553,0.0184,-0.09006,0.639,355,region_I
380,N,H,-0.08853,-0.06919,-0.02043,-0.0925,-0.9755,355,region_I
380,N,I,-0.04511,-0.1165,-0.1336,-0.1322,0.071,355,region_I
380,N,K,0.1504,0.07765,0.1289,-0.03183,0.1993,355,region_I
380,N,L,,,,,-1.425,355,region_I
380,N,M,0.1642,-0.2405,-0.2514,-0.06025,-0.3543,355,region_I
380,N,N,0,0,0,0,0,355,region_I
380,N,P,,-0.8869,0.09668,,-2.064,355,region_I
380,N,Q,0.002931,-0.0276,-0.1378,0.04479,0.2051,355,region_I
380,N,R,-0.1231,-0.3112,0.065,0.08237,-0.8814,355,region_I
380,N,S,-0.08848,-0.1221,-0.1569,-0.07024,0.2133,355,region_I
380,N,T,-0.2195,-0.006788,-0.08463,0.03716,1.159,355,region_I
380,N,V,-0.04114,-0.1735,-0.01897,0.1041,0.3154,355,region_I
380,N,W,0.1714,-0.1382,0.004353,-0.09675,-0.5217,355,region_I
380,N,Y,0.007897,-0.4021,0.03919,-0.3687,-0.6229,355,region_I
381,L,A,-0.03556,-0.1199,7.96e-05,-0.3774,-0.7923,356,region_I
381,L,C,-0.4082,-1.009,-0.1626,-0.02379,-1.295,356,region_I
381,L,D,0.1541,-0.09364,,-0.1531,0.05616,356,region_I
381,L,E,0.004525,-0.09685,-0.04294,0.1335,1.364,356,region_I
381,L,F,-0.2263,-0.152,-0.2892,-0.2686,-0.4845,356,region_I
381,L,G,-0.4933,0.06593,-0.02545,-0.2073,-2.9,356,region_I
381,L,H,-0.2665,-0.6558,-0.1038,-0.2262,-0.8595,356,region_I
381,L,K,-0.1,,-0.5179,-0.02977,-3.114,356,region_I
381,L,L,0,0,0,0,0,356,region_I
381,L,M,-0.3862,-0.8081,-0.6853,-0.2781,-0.8525,356,region_I
381,L,N,-0.07285,-0.2606,-0.2651,-0.4611,-1.117,356,region_I
381,L,P,-0.253,0.4622,-0.07987,-0.1548,-3.346,356,region_I
381,L,Q,-0.1298,-0.4019,-0.2038,-0.2107,-1.208,356,region_I
381,L,R,0.2806,0.175,-0.2148,-0.2032,-3.006,356,region_I
381,L,S,0.079,0.04192,0.01281,0.03374,-0.24,356,region_I
381,L,T,-0.06988,-0.5807,-0.1215,0.05986,-0.5861,356,region_I
381,L,V,0.1918,-0.5461,0.0185,0.2208,-1.159,356,region_I
381,L,W,0.1598,0.08994,0.0531,-0.1624,-0.6171,356,region_I
381,L,Y,-0.1784,-0.1749,-0.09811,-0.1223,-0.4517,356,region_I
382,C,A,-0.03889,-1.488,-0.03196,-0.2126,-3.435,357,region_I
382,C,C,0,0,0,0,0,357,region_I
382,C,D,,,,,-3.264,357,region_I
382,C,E,-0.4222,-0.9729,-0.00579,-0.5353,-3.486,357,region_I
382,C,F,-0.8078,-2.088,-0.1965,-0.5484,-3.442,357,region_I
382,C,G,-0.7234,-1.207,-0.2785,-0.07824,-3.367,357,region_I
382,C,H,-0.06838,,0.2589,0.1867,-2.914,357,region_I
382,C,I,,,0.01035,-0.3692,-3.454,357,region_I
382,C,K,,,-0.2378,,-3.072,357,region_I
382,C,L,-0.1427,-1.364,-0.1726,-1.072,-3.444,357,region_I
382,C,M,0.2848,,,,-3.259,357,region_I
382,C,N,-0.4774,-0.8014,-0.2122,-0.3537,-3.123,357,region_I
382,C,P,,,-0.05564,,-3.147,357,region_I
382,C,Q,-0.4299,-0.3959,0.00952,-1.068,-3.38,357,region_I
382,C,R,0.3427,-0.6298,0.03865,0.02097,-3.409,357,region_I
382,C,S,-0.2246,-0.2424,-0.1169,0.3135,-3.323,357,region_I
382,C,T,,,,,-3.439,357,region_I
382,C,V,-0.09315,,-0.7203,-0.5857,-3.377,357,region_I
382,C,W,-0.614,,,,-3.197,357,region_I
382,C,Y,-0.8886,-2.203,-0.1286,-0.456,-3.458,357,region_I
383,N,A,0.03486,-1.418,-0.3994,0.1405,-3.326,358,region_I
383,N,C,-0.37,,-0.6189,-1.381,-3.468,358,region_I
383,N,D,0.7871,-1.799,0.08587,-0.09902,-3.447,358,region_I
383,N,E,0.005389,,1.248,-0.4383,-3.056,358,region_I
383,N,F,0.1287,-1.209,-0.08878,,-3.408,358,region_I
383,N,G,-0.3016,,-0.02594,-0.9238,-3.482,358,region_I
383,N,H,-0.05459,0.04502,0.5626,-0.2529,-3.183,358,region_I
383,N,I,-0.2801,-0.5624,-0.1356,-0.4573,-3.3,358,region_I
383,N,K,-0.02707,0.01616,0.4464,-0.6583,-3.016,358,region_I
383,N,L,-0.4226,-1.382,2.129,-0.6777,-3.451,358,region_I
383,N,M,-0.9916,-0.4711,-0.2458,-0.6172,-3.392,358,region_I
383,N,N,0,0,0,0,0,358,region_I
383,N,P,-0.579,-0.6275,-0.2266,-0.8386,-3.478,358,region_I
383,N,Q,-0.2499,-0.6801,-0.1494,-0.3677,-2.607,358,region_I
383,N,R,-0.5306,-0.9222,0.2481,-0.06855,-3.254,358,region_I
383,N,S,-0.599,-1.094,-0.1475,-0.6941,-3.188,358,region_I
383,N,T,,,-0.4229,-0.07575,-3.076,358,region_I
383,N,V,-0.1868,-0.9732,0.2138,-0.164,-3.483,358,region_I
383,N,W,0.03663,,0.2554,-0.5624,-3.202,358,region_I
383,N,Y,0.2521,,,,-3.097,358,region_I
384,V,A,-0.1541,0.1546,0.007671,0.1629,-0.3393,359,region_I
384,V,C,0.09576,-0.2063,0.05686,-0.2063,-0.8613,359,region_I
384,V,D,-0.1978,0.04026,0.1086,0.01019,0.07753,359,region_I
384,V,E,0.01219,0.05349,0.0409,0.1713,0.8047,359,region_I
384,V,F,-0.04349,-0.05465,-0.09128,-0.1094,-0.3678,359,region_I
384,V,G,-0.1055,-0.179,-0.169,-0.3005,-0.5706,359,region_I
384,V,H,-0.1739,-0.03931,0.07116,-0.308,-1.321,359,region_I
384,V,I,0.09186,-0.1938,0.2937,-0.01965,-0.2948,359,region_I
384,V,K,-0.4098,0.3945,-0.3023,-0.1999,-1.498,359,region_I
384,V,L,0.0008555,-0.1094,-0.03991,0.1987,-0.04315,359,region_I
384,V,M,0.08439,0.01562,-0.2244,0.5303,-0.7351,359,region_I
384,V,N,,,,,-1.117,359,region_I
384,V,P,-0.1177,0.682,0.5568,0.0605,-1.494,359,region_I
384,V,Q,0.2381,0.1244,-0.02232,0.08548,0.3232,359,region_I
384,V,R,-0.3325,0.2759,0.0847,-0.3289,-0.7427,359,region_I
384,V,S,-0.04563,0.1789,-0.04741,-0.4342,-0.18,359,region_I
384,V,T,0.008493,0.6617,0.06176,0.0574,-0.9473,359,region_I
384,V,V,0,0,0,0,0,359,region_I
384,V,W,0.02694,0.1178,-0.004283,-0.2024,-0.4363,359,region_I
384,V,Y,-0.06852,-0.178,0.1958,-0.05948,-0.2763,359,region_I
385,D,A,-0.8456,-0.02186,0.1182,,-2.131,360,region_I
385,D,C,-0.2373,-1.168,-0.01577,0.1006,-3.375,360,region_I
385,D,D,0,0,0,0,0,360,region_I
385,D,E,-0.01789,0.2793,-0.08151,-0.0498,-0.9824,360,region_I
385,D,F,-0.296,-0.8902,0.06935,-0.6415,-2.917,360,region_I
385,D,G,,,,,-3.356,360,region_I
385,D,I,0.2991,-0.8848,0.2697,0.003238,-3.286,360,region_I
385,D,K,-0.4051,-0.9567,-0.09064,0.1324,-2.489,360,region_I
385,D,L,0.7679,-0.034,0.4932,-0.3718,-3.495,360,region_I
385,D,M,0.04853,0.0304,-0.1855,-0.7444,-2.917,360,region_I
385,D,N,-0.277,0.1035,0.04895,-0.1085,-1.22,360,region_I
385,D,P,,,-0.2921,,-3.366,360,region_I
385,D,Q,-0.3556,0.1999,0.3495,-0.134,-2.005,360,region_I
385,D,R,0.2079,,0.3638,-0.7406,-2.687,360,region_I
385,D,S,-0.1276,-1.926,-0.4548,-0.003582,-3.197,360,region_I
385,D,T,-0.3199,,0.09327,-0.8514,-3.361,360,region_I
385,D,V,0.08869,,-0.01418,,-3.28,360,region_I
385,D,W,,,,,-1.667,360,region_I
385,D,Y,-0.2738,-0.2961,0.0256,-0.4451,-2.761,360,region_I
386,I,A,-0.7885,-0.6193,-0.2656,-0.3649,-3.186,361,region_I
386,I,C,0.03969,-0.008435,-0.1645,-0.07256,-3.317,361,region_I
386,I,D,-0.2854,-0.1981,-0.284,-0.5952,-3.277,361,region_I
386,I,E,0.5598,0.03739,-0.09109,-0.5124,-3.28,361,region_I
386,I,F,,,,,-3.257,361,region_I
386,I,G,-0.2528,-1.817,0.4365,-0.4334,-3.318,361,region_I
386,I,H,0.2642,-0.5102,-0.09827,-0.7741,-3.468,361,region_I
386,I,I,0,0,0,0,0,361,region_I
386,I,K,,-0.1227,0.3071,-0.1341,-3.137,361,region_I
386,I,L,-0.3071,-0.1679,-0.1426,-0.3451,-1.526,361,region_I
386,I,M,-0.1414,0.07336,0.262,0.2309,-0.9205,361,region_I
386,I,N,-0.2491,0.05251,-0.1343,0.2333,-3.171,361,region_I
386,I,P,-0.1752,-0.04394,-0.1116,-1.256,-3.316,361,region_I
386,I,Q,,,-0.16,,-2.824,361,region_I
386,I,R,-0.1255,,,-0.6615,-3.386,361,region_I
386,I,S,,,,-0.9706,-3.398,361,region_I
386,I,T,-0.6765,,,-1.209,-3.2,361,region_I
386,I,V,0.01508,0.03544,0.005062,-0.8074,-2.304,361,region_I
386,I,W,,,-0.3902,-0.2878,-3.496,361,region_I
386,I,Y,-0.0229,,,-0.661,-3.243,361,region_I
387,F,A,0.1745,-0.3525,-0.3237,-0.0665,-1.676,362,region_I
387,F,C,-0.3743,-1.703,-0.1871,-0.3031,-3.345,362,region_I
387,F,D,-0.3168,0.09929,0.311,-0.8498,-2.839,362,region_I
387,F,E,-0.01997,-0.1015,-0.1809,-0.3328,-1.301,362,region_I
387,F,F,0,0,0,0,0,362,region_I
387,F,G,-0.4169,-0.6012,-0.005474,-0.1304,-2.391,362,region_I
387,F,H,-0.3245,-0.2896,-0.2028,0.02032,-1.486,362,region_I
387,F,I,0.4538,-0.1004,-0.191,0.06337,-2.673,362,region_I
387,F,K,,0.3003,0.03478,-0.03147,-2.271,362,region_I
387,F,L,-0.2634,-0.9067,-0.06946,-0.3495,-2.172,362,region_I
387,F,M,-0.6472,-0.6176,-0.3957,-0.1288,-1.576,362,region_I
387,F,N,0.02805,-0.3321,0.4388,-0.5576,-1.352,362,region_I
387,F,P,-0.3092,-0.4634,-0.02534,-0.394,-3.436,362,region_I
387,F,Q,-0.1216,-1.247,-0.2832,-0.7557,-1.625,362,region_I
387,F,R,-0.05026,-0.5251,0.342,-0.1997,-2.528,362,region_I
387,F,S,-0.1912,-0.7757,-0.3414,-0.7766,-2.218,362,region_I
387,F,T,-0.04685,-0.02526,-0.01597,-0.4387,-2.63,362,region_I
387,F,V,0.2461,-0.08646,0.04888,-0.08045,-2.014,362,region_I
387,F,W,-0.2452,-0.2239,-0.3111,0.07639,-0.8488,362,region_I
387,F,Y,-0.1438,,,,-1.754,362,region_I
388,N,C,-0.7808,-1.737,0.1398,-0.3732,-3.449,363,region_I
388,N,D,-0.08317,0.09277,0.08273,-0.06217,-0.7123,363,region_I
388,N,E,,0.06219,0.1316,,-2.8,363,region_I
388,N,F,-0.3542,0.02941,0.0129,-0.4939,-3.419,363,region_I
388,N,G,-0.0828,-0.03935,0.1431,0.05881,-1.331,363,region_I
388,N,H,-0.1176,,-0.1459,-1.144,-1.532,363,region_I
388,N,I,-0.2257,-1.487,0.0372,-0.7427,-3.07,363,region_I
388,N,K,0.2204,-0.6938,-0.006173,-0.625,-3.361,363,region_I
388,N,L,-0.2923,,0.08179,-1.627,-3.266,363,region_I
388,N,M,-0.2704,-0.9812,-0.08614,-0.9657,-3.405,363,region_I
388,N,N,0,0,0,0,0,363,region_I
388,N,P,0.3966,0.1732,0.1535,0.3266,-3.2,363,region_I
388,N,Q,0.02423,-0.01633,0.1686,-0.3065,-1.42,363,region_I
388,N,R,-0.4461,,-0.2671,-1.928,-3.46,363,region_I
388,N,S,-0.1128,-1.247,-0.1487,-0.1137,-1.589,363,region_I
388,N,T,-0.497,-0.2841,0.04144,-0.09875,-1.013,363,region_I
388,N,V,0.1081,0.2088,0.2786,-0.2499,-2.857,363,region_I
388,N,W,,,0.0277,,-3.309,363,region_I
388,N,Y,0.3638,-1.306,-0.1306,-0.193,-3.205,363,region_I
389,P,A,-0.1933,0.1308,0.115,-0.3206,-1.6,364,region_I
389,P,C,-0.1971,-0.4827,-0.1279,0.02166,-2.561,364,region_I
389,P,D,-0.3193,0.2103,-0.1643,-0.2902,-0.2208,364,region_I
389,P,E,-0.08408,0.03823,0.06159,-0.007896,0.00018,364,region_I
389,P,F,-0.1711,,0.05951,1.007,-0.8258,364,region_I
389,P,G,-0.2054,0.2186,-0.2104,0.09414,-0.5187,364,region_I
389,P,H,-0.2049,-0.4889,-0.07677,-0.03625,-1.218,364,region_I
389,P,I,-0.3341,0.181,0.07746,0.05718,0.2251,364,region_I
389,P,K,0.08967,0.1988,0.2751,-0.08278,-1.986,364,region_I
389,P,L,-0.343,0.05475,0.185,0.2463,-0.5936,364,region_I
389,P,M,-0.1528,0.0173,0.0301,0.1728,-0.5774,364,region_I
389,P,N,-0.1111,0.2342,0.07604,-0.0139,-0.9934,364,region_I
389,P,P,0,0,0,0,0,364,region_I
389,P,Q,-0.1891,0.33,0.1097,0.04298,-0.185,364,region_I
389,P,R,-0.02379,-1.069,-0.2255,-0.9727,-1.262,364,region_I
389,P,S,-0.1769,-0.1885,-0.2921,0.03351,-1.042,364,region_I
389,P,T,-0.07747,-0.03187,0.01586,-0.05535,-0.4194,364,region_I
389,P,V,0.09844,0.04273,-0.07861,0.0186,-0.5605,364,region_I
389,P,W,-0.1851,-0.4474,0.206,-0.7535,-0.6918,364,region_I
389,P,Y,-0.4151,0.05715,0.3515,0.188,-0.4052,364,region_I
390,K,A,-0.01194,-0.01292,-0.0006081,0.1556,0.2285,365,region_I
390,K,C,0.0855,-1.442,-0.1222,-0.06141,-2.652,365,region_I
390,K,D,-0.1046,0.08843,-0.003328,0.2515,0.6907,365,region_I
390,K,E,-0.2945,0.02006,0.1498,0.1001,1.503,365,region_I
390,K,F,-0.318,0.5897,-0.05869,0.2531,-0.3291,365,region_I
390,K,G,-0.1223,0.05143,0.05727,0.2088,-0.5084,365,region_I
390,K,H,0.2438,-0.133,0.002417,-0.1535,0.1182,365,region_I
390,K,I,-0.1897,-0.1797,0.1864,-0.3165,-1.002,365,region_I
390,K,K,0,0,0,0,0,365,region_I
390,K,L,0.08164,0.2644,0.01653,0.2569,0.5709,365,region_I
390,K,M,-0.113,0.108,0.01246,0.2033,0.7277,365,region_I
390,K,N,0.2536,0.0843,-0.08554,0.264,0.4395,365,region_I
390,K,P,-0.5326,-1.829,-0.06944,0.2415,-3.319,365,region_I
390,K,Q,-0.1522,-0.09355,-0.3374,-0.09753,0.2567,365,region_I
390,K,R,0.2928,0.01086,0.1875,0.2723,0.4489,365,region_I
390,K,S,-0.103,0.003883,0.04244,0.1316,0.4473,365,region_I
390,K,T,-0.1008,-0.1592,0.112,-0.1399,-0.07026,365,region_I
390,K,V,-0.06515,0.09989,0.2008,0.1791,0.1382,365,region_I
390,K,W,-0.2805,0.3734,0.1128,0.1602,0.6357,365,region_I
390,K,Y,-0.02736,0.01027,0.04717,0.1243,-0.4407,365,region_I
391,Y,A,-0.1626,-0.6739,-0.156,0.3,-2.941,366,none
391,Y,C,-0.1246,-0.3962,-0.3243,-0.8335,-3.4,366,none
391,Y,D,0.1004,0.04908,-0.3692,-0.06313,-3.408,366,none
391,Y,E,,-0.7252,0.1352,-0.2033,-3.192,366,none
391,Y,F,0.01965,-0.127,-0.07122,0.09564,-0.4211,366,none
391,Y,H,-0.03859,-0.9343,0.02127,-0.08128,-1.593,366,none
391,Y,I,-0.3525,-0.7597,-0.266,-0.4414,-2.962,366,none
391,Y,K,,,-0.1486,-0.6375,-3.396,366,none
391,Y,M,0.31,,-0.5925,-0.2953,-3.228,366,none
391,Y,N,-0.132,,-0.1242,0.1294,-3.199,366,none
391,Y,P,-0.1966,-1.903,0.02126,-1.278,-3.345,366,none
391,Y,Q,-0.7994,-0.1148,0.2024,-0.3937,-3.252,366,none
391,Y,R,-0.2338,0.07181,-0.5027,-0.5063,-3.488,366,none
391,Y,S,,-0.1158,-0.4136,-0.8967,-2.543,366,none
391,Y,T,-0.04708,-1.547,-0.2707,-0.3851,-3.172,366,none
391,Y,V,-0.5228,-0.4464,-0.1409,-0.3329,-3.27,366,none
391,Y,W,-0.4413,-0.5087,0.3745,-0.9436,-1.575,366,none
391,Y,Y,0,0,0,0,0,366,none
392,D,A,,,-0.2445,,-3.144,367,none
392,D,C,,-1.419,-0.2479,,-3.226,367,none
392,D,D,0,0,0,0,0,367,none
392,D,E,-0.01975,-0.8335,0.186,,-3.301,367,none
392,D,F,-0.7485,-1.492,-0.3329,-0.05597,-3.343,367,none
392,D,G,-0.3133,-0.2042,0.01878,0.04841,-3.053,367,none
392,D,H,-0.6778,-0.5629,0.02996,-1.169,-3.152,367,none
392,D,I,-0.604,-1.562,,0.1519,-3.296,367,none
392,D,K,,,,,-3.074,367,none
392,D,L,,,-0.07018,-1.26,-3.377,367,none
392,D,M,0.1029,-0.6488,-0.5717,-0.1271,-2.933,367,none
392,D,N,-0.2532,-0.6847,-0.3856,-0.1622,-1.504,367,none
392,D,P,-0.2014,-0.4121,0.1671,0.2381,-3.258,367,none
392,D,Q,,,,-0.9416,-3.318,367,none
392,D,R,-0.07561,-0.7453,-0.116,-0.475,-3.223,367,none
392,D,S,,,-0.1871,,-3.188,367,none
392,D,T,-0.7387,-0.3076,-0.08848,-0.05118,-3.035,367,none
392,D,V,,,,-0.1945,-3.203,367,none
392,D,W,,,-0.2338,,-3.333,367,none
392,D,Y,-0.4836,-0.7379,0.2114,-0.2774,-3.297,367,none
393,C,A,,,,-1.883,-3.465,368,none
393,C,C,0,0,0,0,0,368,none
393,C,D,-0.03195,-1.805,-0.1417,0.06647,-3.357,368,none
393,C,E,0.2901,-1.657,-0.1103,-0.725,-3.226,368,none
393,C,F,0.1455,0.2767,0.58,-0.7169,-3.316,368,none
393,C,G,,-0.435,-0.1376,0.02318,-3.375,368,none
393,C,H,-0.197,,-0.01205,,-3.413,368,none
393,C,I,-0.3399,,0.554,,-3.162,368,none
393,C,K,-0.2303,,-0.3428,-0.7098,-3.431,368,none
393,C,L,,,,,-2.847,368,none
393,C,M,,,,-1.137,-3.422,368,none
393,C,N,-0.8951,-1.838,0.101,0.6512,-3.177,368,none
393,C,P,-0.07102,-0.298,0.06218,-0.1079,-3.319,368,none
393,C,Q,-0.5869,-0.1476,-0.04852,-0.2967,-3.385,368,none
393,C,R,-0.2257,,-0.02716,-0.8983,-3.12,368,none
393,C,S,0.2838,-0.5682,-0.4378,0.05819,-3.407,368,none
393,C,T,-0.5587,,-0.168,-0.8039,-3.487,368,none
393,C,V,,,,,-3.196,368,none
393,C,W,-0.5343,-0.6025,-0.1246,-0.01665,-3.133,368,none
393,C,Y,-1.243,,-0.9756,-0.5421,-3.454,368,none
394,K,A,-0.6383,,,-0.7184,-3.362,369,none
394,K,C,-0.3411,-1.698,-0.2181,-0.3628,-3.444,369,none
394,K,D,-0.8012,,,-1.096,-3.269,369,none
394,K,E,0.306,-1.513,-0.1204,-0.05655,-3.528,369,none
394,K,F,,,,,-3.202,369,none
394,K,G,-1.247,,-0.2626,-0.2634,-3.418,369,none
394,K,H,-0.2954,-0.04457,-0.1573,0.06469,-2.976,369,none
394,K,I,-0.9841,,0.09816,,-3.267,369,none
394,K,K,0,0,0,0,0,369,none
394,K,L,0.0456,-0.1911,0.539,-0.08127,-3.424,369,none
394,K,M,-0.0544,-0.1165,-0.09944,-0.09578,-1.251,369,none
394,K,N,-0.4261,-0.9391,-0.3116,-0.5937,-3.256,369,none
394,K,P,1.042,,0.01338,,-3.361,369,none
394,K,Q,,,-0.3151,,-3.309,369,none
394,K,R,0.2138,-1.386,0.0351,-0.5136,-2.734,369,none
394,K,S,,,,-0.9757,-3.457,369,none
394,K,T,-0.7296,-1.077,0.1801,-0.2285,-3.487,369,none
394,K,V,0.1338,,,,-3.456,369,none
394,K,W,-0.3008,-0.6569,0.2724,-0.136,-2.639,369,none
394,K,Y,-0.2127,-0.539,0.2532,-0.1771,-3.362,369,none
395,I,A,-0.1054,-1.094,-0.01594,0.1249,-3.393,370,none
395,I,C,,,-0.06213,,-3.176,370,none
395,I,D,-0.0512,-1.588,0.04223,-0.1825,-3.059,370,none
395,I,E,-0.08497,-0.7741,0.2805,0.2588,-3.479,370,none
395,I,F,0.07136,0.2033,0.2757,-0.4072,-3.284,370,none
395,I,G,-0.2132,,,,-2.181,370,none
395,I,H,-0.5107,,-0.1564,-0.1285,-3.194,370,none
395,I,I,0,0,0,0,0,370,none
395,I,K,0.5185,-0.8928,-0.09954,-0.1191,-3.233,370,none
395,I,L,-0.5307,,0.6827,,-1.993,370,none
395,I,M,0.3514,-0.8768,0.03189,0.004953,-2.869,370,none
395,I,N,-0.8509,-1.046e-06,0.2,-0.807,-3.456,370,none
395,I,P,-0.3786,-0.2123,-0.1262,0.2601,-3.181,370,none
395,I,Q,-0.1402,0.06582,0.1423,-0.2886,-3.246,370,none
395,I,R,-0.05357,,-0.2033,-0.3272,-3.337,370,none
395,I,S,-0.7928,-0.865,-0.2362,-0.2926,-3.289,370,none
395,I,T,-1.186,-1.849,-0.2347,-0.6572,-3.099,370,none
395,I,V,0.06873,-0.5036,-0.276,0.11,-0.8081,370,none
395,I,W,-0.3533,-0.3559,-0.316,-0.6073,-3.434,370,none
395,I,Y,,,,,-3.422,370,none
396,M,C,,,,,-3.191,371,none
396,M,D,-0.8694,,-0.1903,-0.4085,-3.507,371,none
396,M,E,,-1.697,-0.1254,-0.9551,-3.373,371,none
396,M,F,-0.114,,0.1155,-0.1706,-2.809,371,none
396,M,G,-0.2519,-0.5148,-0.3221,-0.2539,-2.05,371,none
396,M,H,,,-0.2505,,-3.018,371,none
396,M,I,-0.5083,-1.028,-0.2101,-0.8011,-3.507,371,none
396,M,K,0.1038,,0.3259,0.395,-2.002,371,none
396,M,L,-0.03759,-0.7887,0.1664,0.02086,-1.833,371,none
396,M,M,0,0,0,0,0,371,none
396,M,N,,,-0.2653,,-3.314,371,none
396,M,P,-0.4072,-1.084,-0.08981,-0.4134,-3.409,371,none
396,M,Q,0.2077,-0.5366,-0.09104,-0.8417,-2.271,371,none
396,M,R,-0.3107,-1.056,-0.004301,,-3.248,371,none
396,M,S,-0.109,-1.448,0.00877,-0.07999,-2.936,371,none
396,M,T,-0.3981,,-0.03696,,-3.44,371,none
396,M,V,-0.766,,-0.2613,0.6589,-3.447,371,none
396,M,W,0.1295,0.1525,-0.1126,-0.3007,-3.042,371,none
396,M,Y,-0.2077,-0.5142,0.06105,-0.5176,-2.589,371,none
397,T,A,0.4777,,0.1022,-0.7117,-3.458,372,none
397,T,C,-0.5772,,,,-3.252,372,none
397,T,D,,,0.1716,-0.3466,-3.396,372,none
397,T,E,,-0.6201,-0.00944,,-3.415,372,none
397,T,F,,-0.146,-0.7369,,-3.463,372,none
397,T,G,,,,,-3.314,372,none
397,T,H,,,,,-3.38,372,none
397,T,I,0.08249,-1.03,-0.4,-1.304,-3.448,372,none
397,T,K,-0.01734,-0.4108,0.9286,,-3.353,372,none
397,T,L,-0.9246,,0.4753,-1.177,-3.365,372,none
397,T,M,-1.271,,,,-3.325,372,none
397,T,N,-0.2113,-0.9266,-0.7277,-0.0705,-3.364,372,none
397,T,P,-0.1751,-0.4944,0.133,-0.02227,-0.4141,372,none
397,T,Q,,,,,-3.41,372,none
397,T,R,,,,,-3.18,372,none
397,T,S,,,-0.2724,-0.5331,-3.148,372,none
397,T,T,0,0,0,0,0,372,none
397,T,V,-0.5342,-1.408,0.1347,,-3.319,372,none
397,T,W,-0.5403,-0.2969,-0.4838,-0.621,-3.47,372,none
397,T,Y,0.3713,,,,-3.462,372,none
398,S,A,-0.3687,-0.2915,-0.1608,0.1004,-2.636,373,none
398,S,C,-0.3107,-0.4611,0.01783,-0.2269,-3.104,373,none
398,S,D,,,-0.2075,-0.0876,-3.17,373,none
398,S,E,-1.281,-1.795,-0.08483,-0.6756,-3.345,373,none
398,S,F,-0.7796,-1.119,-0.5037,-0.1495,-2.987,373,none
398,S,G,-0.05761,-0.1909,-0.2482,-0.6287,-0.4199,373,none
398,S,H,-0.1987,-0.2767,-0.02874,-0.1199,-1.737,373,none
398,S,I,,,-0.2023,,-3.148,373,none
398,S,K,-0.4286,-0.6592,0.3379,0.3818,-3.001,373,none
398,S,L,-0.1017,-0.5036,0.3135,-0.6784,-3.368,373,none
398,S,M,-0.1891,-0.1577,-0.01103,-0.3083,-2.171,373,none
398,S,N,,,,,-3.486,373,none
398,S,P,-0.6173,-3.406,-0.5413,,-3.45,373,none
398,S,Q,-0.02459,-0.873,0.08226,-0.9814,-3.107,373,none
398,S,R,-0.1929,-1.167,0.1389,-1.014,-3.38,373,none
398,S,S,0,0,0,0,0,373,none
398,S,T,-0.251,0.3323,0.1366,-0.01852,-0.6276,373,none
398,S,V,0.0346,,0.3686,,-3.209,373,none
398,S,W,-0.6451,-0.9001,-0.1416,-0.391,-3.187,373,none
398,S,Y,-0.1294,-0.05818,-0.09079,-0.8065,-2.458,373,none
399,K,A,,,,,-1.073,374,none
399,K,C,,-0.6206,0.1907,-0.1732,-3.407,374,none
399,K,D,,-0.9621,-0.22,-0.1355,-3.466,374,none
399,K,E,-0.4908,-1.199,-0.4316,-0.9598,-3.392,374,none
399,K,F,-0.4502,,0.1779,-0.9297,-3.447,374,none
399,K,G,-0.5789,-2.156,0.336,-0.9265,-3.1,374,none
399,K,H,-0.2241,0.6164,0.004862,-0.003482,-3.084,374,none
399,K,I,0.1405,-1.066,-0.3226,-0.3412,-1.69,374,none
399,K,K,0,0,0,0,0,374,none
399,K,L,-0.1143,-0.3522,0.1905,0.0361,-3.232,374,none
399,K,M,0.00881,-0.1385,0.1697,-0.1271,-2.41,374,none
399,K,N,0.3663,-2.3,-0.3331,-0.5264,-3.013,374,none
399,K,P,,-1.366,,-0.5878,-3.445,374,none
399,K,Q,0.08824,-0.06161,0.1965,0.05941,-1.506,374,none
399,K,R,-0.02589,-0.4915,0.2302,-0.6399,-1.356,374,none
399,K,S,,-0.1618,0.4815,-0.5759,-3.47,374,none
399,K,T,,,,,-3.05,374,none
399,K,V,-0.003627,-0.02968,0.02154,-0.3138,-2.954,374,none
399,K,W,,,,-0.5036,-3.465,374,none
399,K,Y,-0.3648,-0.974,0.7459,,-3.481,374,none
400,T,A,-0.2011,-0.681,-0.1811,-0.03334,-2.135,375,none
400,T,C,,,,,-3.239,375,none
400,T,D,-0.1722,,0.1586,-0.7643,-3.343,375,none
400,T,E,0.3478,,-0.1222,,-3.253,375,none
400,T,F,-0.09635,-0.06532,0.1234,-1.155,-3.168,375,none
400,T,G,-0.03401,-0.08516,0.2162,-0.9976,-3.458,375,none
400,T,H,-1.175,,0.3649,,-3.156,375,none
400,T,I,-0.0408,-0.7542,-0.5769,-1.582,-3.367,375,none
400,T,K,,,-0.5072,0.4201,-3.448,375,none
400,T,L,,-0.3731,0.03755,-0.6612,-3.422,375,none
400,T,M,0.1361,-0.5217,-0.1056,-0.5065,-2.6,375,none
400,T,N,-0.4081,-0.5631,0.5028,-0.5144,-3.305,375,none
400,T,P,,,0.4378,,-3.436,375,none
400,T,Q,-0.605,,,,-3.226,375,none
400,T,R,,,,,-3.463,375,none
400,T,S,-0.04589,0.1769,0.03479,0.08822,-1.01,375,none
400,T,T,0,0,0,0,0,375,none
400,T,V,0.3141,0.009658,0.3141,-0.4026,-3.295,375,none
400,T,W,-0.04497,-0.5866,0.3365,-0.2602,-3.306,375,none
400,T,Y,-0.1832,-0.7058,0.5511,-1.03,-2.263,375,none
401,D,A,-0.2714,-0.31,-0.1364,-0.3331,-2.13,376,none
401,D,C,-0.1533,-0.4433,0.02798,-0.2048,-1.609,376,none
401,D,D,0,0,0,0,0,376,none
401,D,E,-0.348,-1.435,,-0.5712,-3.12,376,none
401,D,G,,-1.212,-0.0927,-0.5099,-1.954,376,none
401,D,H,,,,,-3.427,376,none
401,D,I,-0.0934,-0.2835,-0.19,0.1839,-2.354,376,none
401,D,K,0.04675,-1.256,0.3227,-0.2642,-2.163,376,none
401,D,L,,,-0.2331,,-3.282,376,none
401,D,M,0.1343,,0.1505,-0.3555,-2.221,376,none
401,D,N,-0.6514,-0.914,0.135,0.6636,-3.417,376,none
401,D,P,,-1.732,-0.2359,-0.6349,-3.42,376,none
401,D,Q,-0.5675,,-0.09078,-1.056,-2.609,376,none
401,D,R,-0.09385,-0.7237,-0.3706,-0.5825,-2.159,376,none
401,D,S,0.02196,-0.3958,-0.4278,-0.3057,-2.123,376,none
401,D,T,-0.4056,-0.9635,0.02256,-0.588,-2.862,376,none
401,D,V,0.3046,0.2458,0.1626,-0.1992,-2.45,376,none
401,D,W,-0.1544,,0.05768,0.07968,-3.34,376,none
401,D,Y,-0.2714,-0.8193,-0.06803,-0.9242,-2.144,376,none
402,V,A,-0.9187,-0.7326,-0.03458,-0.692,-3.204,377,none
402,V,C,-0.08355,,-0.467,-0.3808,-3.474,377,none
402,V,D,,-1.237,-0.08843,-0.3518,-3.457,377,none
402,V,E,-0.1242,-1.132,0.02002,-0.2288,-3.487,377,none
402,V,F,-0.8639,-0.7215,-0.1282,-0.6482,-1.171,377,none
402,V,G,-1.173,-1.048,-0.02422,-0.6048,-3.438,377,none
402,V,H,-0.393,,-0.06666,-0.4744,-3.336,377,none
402,V,I,-0.05323,-0.2215,-0.2104,-0.04823,0.6875,377,none
402,V,K,-0.1359,,-0.08452,-0.2073,-3.448,377,none
402,V,L,-0.004757,-0.2081,-0.1039,0.01161,-0.4447,377,none
402,V,M,-0.02837,-0.1523,-0.1538,-0.2487,-0.9341,377,none
402,V,N,,,,-0.9731,-3.47,377,none
402,V,P,,,,,-3.422,377,none
402,V,Q,-0.5943,-1.217,0.1123,-0.5748,-3.349,377,none
402,V,R,,,,,-3.505,377,none
402,V,S,-0.05574,-0.5143,0.9847,0.1488,-3.364,377,none
402,V,T,-0.3035,,-0.05561,-0.8173,-3.281,377,none
402,V,V,0,0,0,0,0,377,none
402,V,W,-0.5098,-0.1025,0.6156,0.2084,-1.796,377,none
402,V,Y,-0.2043,0.01947,0.135,0.8015,-0.1772,377,none
403,S,A,0.03257,-0.08216,-0.04174,0.1557,-1.061,378,none
403,S,C,-0.6379,-0.007701,0.03424,-0.4497,-3.367,378,none
403,S,D,0.2931,-1.221,-0.1094,-0.1054,-3.372,378,none
403,S,E,-0.1925,-1.435,-0.1132,-0.5633,-3.452,378,none
403,S,F,-0.5842,-0.3013,0.1805,-0.8188,-3.406,378,none
403,S,G,-0.1911,-0.5695,-0.2522,0.2962,-1.891,378,none
403,S,H,,,0.2342,,-3.47,378,none
403,S,I,-0.8172,,,,-2.534,378,none
403,S,K,-0.2899,-0.8411,0.5331,-0.09807,-3.479,378,none
403,S,L,-0.08857,0.05305,0.03883,-0.5928,-3.106,378,none
403,S,M,-0.6377,,-0.2251,-0.4669,-3.178,378,none
403,S,N,,,-0.03638,,-3.349,378,none
403,S,P,-1.118,,,-1.735,-2.984,378,none
403,S,Q,-1.137,-0.7618,0.00964,-0.2282,-3.427,378,none
403,S,R,0.05698,-0.05587,0.4926,-0.2657,-3.418,378,none
403,S,S,0,0,0,0,0,378,none
403,S,T,-0.08989,-0.005894,0.04849,-0.1421,-0.6014,378,none
403,S,V,,,,,-3.444,378,none
403,S,W,-0.4006,,0.08674,-0.7303,-3.421,378,none
403,S,Y,-0.7888,0.133,0.04542,0.03269,-3.46,378,none
404,S,A,-0.1325,-0.07661,-0.3211,-0.3171,-1.599,379,none
404,S,C,-0.3853,-0.7071,-0.1509,-0.1678,-3.127,379,none
404,S,D,-0.5666,-1.55,0.2976,,-3.484,379,none
404,S,E,,,,,-3.449,379,none
404,S,F,-0.177,-0.2763,-0.1076,-0.4376,-2.895,379,none
404,S,G,-0.8248,-0.4514,-0.2433,-1.056,-3.167,379,none
404,S,H,,,-0.1442,-1.969,-3.377,379,none
404,S,I,-0.04272,-0.8987,0.1701,-0.4177,-2.189,379,none
404,S,K,-0.05839,-0.5767,-0.1056,-0.1739,-2.204,379,none
404,S,L,0.1307,,-0.1229,0.01012,-2.697,379,none
404,S,M,,,,-0.7212,-3.016,379,none
404,S,N,-0.4082,-0.8684,0.1584,-0.9966,-3.444,379,none
404,S,P,-0.8415,-0.7645,-0.19,-0.6366,-3.393,379,none
404,S,Q,0.04034,-0.3732,-0.01298,-0.3993,-3.33,379,none
404,S,R,-0.03649,-0.08889,-0.1795,-0.1843,-0.9706,379,none
404,S,S,0,0,0,0,0,379,none
404,S,T,-0.7087,-1.675,-0.06374,,-2.967,379,none
404,S,V,,,,,-2.221,379,none
404,S,W,,-1.573,-0.06654,-0.3036,-3.067,379,none
404,S,Y,,,-0.2629,,-3.075,379,none
405,S,A,-0.006306,0.2583,0.1415,-0.06102,-0.1174,380,none
405,S,C,-0.2069,-0.5683,-0.00723,-0.6376,-0.8555,380,none
405,S,D,,,,,-3.329,380,none
405,S,E,-0.1506,-0.443,0.4998,-0.494,-3.418,380,none
405,S,F,,,,,-3.405,380,none
405,S,G,-0.7929,-0.8028,-0.1013,-0.5471,-2.665,380,none
405,S,H,,,0.0007701,-0.8251,-3.277,380,none
405,S,I,-0.2566,-0.3445,-0.04434,0.1304,-1.426,380,none
405,S,K,-0.3919,-0.003593,-0.2385,0.4658,-3.383,380,none
405,S,L,-0.2098,-0.3693,0.4966,0.2317,-3.22,380,none
405,S,M,-0.01121,0.1644,1.73,0.7225,-2.652,380,none
405,S,N,-0.4559,,0.1745,-0.8864,-2.918,380,none
405,S,P,-0.05274,-0.06875,0.1195,-0.1974,-2.211,380,none
405,S,Q,-0.7494,-0.3017,0.7084,0.07902,-3.361,380,none
405,S,R,,,0.1799,,-3.377,380,none
405,S,S,0,0,0,0,0,380,none
405,S,T,0.07188,0.04087,-0.05796,-0.5672,-1.097,380,none
405,S,V,-0.4201,-0.2299,-0.1595,-0.1458,-1.742,380,none
405,S,W,0.2805,-0.02534,0.2747,0.9772,-2.13,380,none
405,S,Y,-0.8203,,,,-3.478,380,none
406,V,A,-0.2181,-0.1281,-0.04382,-0.6568,-1.383,381,none
406,V,C,-0.0336,-0.259,0.3128,-0.2408,-0.8229,381,none
406,V,D,-0.7934,-1.202,-0.7721,-0.4945,-3.401,381,none
406,V,E,0.3157,,,-0.624,-3.487,381,none
406,V,F,0.06585,-0.3598,-0.2126,0.05704,-1.688,381,none
406,V,G,-0.2447,-1.485,-0.2071,-0.4254,-3.037,381,none
406,V,H,0.09072,0.2077,0.1091,0.08763,-0.9444,381,none
406,V,I,0.1214,-0.03934,0.02638,-0.03765,0.2625,381,none
406,V,K,-0.4239,-0.974,,,-3.215,381,none
406,V,L,0.04158,,0.2987,-0.9682,-3.444,381,none
406,V,M,-0.1951,-0.1755,-0.4009,0.08555,-0.5032,381,none
406,V,N,-0.7859,,0.03837,,-2.974,381,none
406,V,P,,-0.4929,-0.1447,0.4383,-3.343,381,none
406,V,Q,-0.1426,-0.122,-0.2876,-0.1788,-0.5122,381,none
406,V,R,0.14,-0.8472,-0.3702,-0.2111,-3.046,381,none
406,V,S,-0.0849,-0.2266,-0.1513,-0.02315,0.1636,381,none
406,V,T,-0.8263,,-0.3927,-1.023,-2.718,381,none
406,V,V,0,0,0,0,0,381,none
406,V,W,-0.31,-0.9324,0.06657,0.04035,-3.305,381,none
406,V,Y,-0.0601,0.125,-0.08763,-0.02293,-0.9693,381,none
407,I,A,-0.0411,-1.41,0.08259,-0.8617,-3.127,382,none
407,I,C,-0.03525,-0.01318,0.2033,0.3778,-3.428,382,none
407,I,D,-0.3969,,-0.03574,-0.1653,-3.234,382,none
407,I,E,,,-0.8053,,-3.401,382,none
407,I,F,-1.043,-1.129,-0.1355,-1.564,-3.441,382,none
407,I,G,-0.1116,-0.04434,0.2669,0.1044,-3.359,382,none
407,I,H,-0.5647,-0.4518,-0.2802,-0.7609,-3.235,382,none
407,I,I,0,0,0,0,0,382,none
407,I,K,-0.1067,0.0145,-0.2977,-1.011,-3.449,382,none
407,I,L,-0.05453,-1.065,0.008691,0.04413,-3.253,382,none
407,I,M,0.1314,-0.1217,0.113,-0.3636,-1.227,382,none
407,I,N,-0.3838,0.3938,0.02662,-0.4846,-3.397,382,none
407,I,P,,,,,-3.283,382,none
407,I,Q,,,0.06724,,-3.261,382,none
407,I,R,-0.337,,-0.06217,-0.8014,-3.445,382,none
407,I,S,0.3307,-0.1542,-0.172,-0.6433,-2.433,382,none
407,I,T,0.1644,-0.2452,-0.383,-0.2528,-2.296,382,none
407,I,V,0.02663,-0.3328,-0.06998,0.1986,-1.632,382,none
407,I,W,-0.1368,-0.1383,0.3226,-0.57,-3.171,382,none
408,T,A,-0.08308,-1.213,-0.5475,0.1763,-3.325,383,none
408,T,C,0.255,-1.497,-0.04297,-0.579,-3.226,383,none
408,T,D,-0.2228,-0.207,0.1979,,-3.161,383,none
408,T,E,-0.3895,,0.3684,-0.4473,-3.094,383,none
408,T,F,-1.01,,-0.101,-0.1571,-3.343,383,none
408,T,G,-0.4387,-1.049,0.3931,-0.2306,-3.004,383,none
408,T,H,-0.3903,-0.3706,-0.3247,0.3449,-3.388,383,none
408,T,I,-0.6587,-1.519,-0.003605,-0.4083,-3.343,383,none
408,T,K,-0.8897,-0.6233,0.02496,-0.6683,-2.931,383,none
408,T,L,,,,,-3.202,383,none
408,T,M,0.2125,-0.934,0.08399,-0.3584,-3.12,383,none
408,T,N,-0.04787,-0.07251,-0.3623,0.08691,-3.357,383,none
408,T,P,0.1629,-0.8827,0.09664,-0.5337,-3.054,383,none
408,T,Q,-0.4081,0.08352,-0.1455,-0.5354,-3.154,383,none
408,T,R,-0.02152,0.6641,-0.08774,0.44,-3.324,383,none
408,T,S,0.001106,-0.604,-0.07937,-0.6059,-1.842,383,none
408,T,T,0,0,0,0,0,383,none
408,T,V,0.4064,-1.649,-0.2156,-0.6865,-3.452,383,none
408,T,W,-0.6358,-0.5865,0.03117,-0.9214,-3.251,383,none
408,T,Y,0.34,,-0.1354,-1.273,-3.313,383,none
409,S,A,0.03175,0.04159,0.1479,0.04627,0.1065,384,none
409,S,C,-0.2626,-0.1675,-0.08838,-0.05412,-0.4629,384,none
409,S,D,0.2298,0.06002,0.09922,0.2028,-0.7374,384,none
409,S,E,-0.2202,-0.15,-0.3174,-0.4414,-1.054,384,none
409,S,F,-0.04565,0.05147,-0.3519,-0.1392,-0.6465,384,none
409,S,G,0.07556,0.03442,-0.2654,-0.1549,-0.8339,384,none
409,S,H,0.2066,0.2892,-0.175,-0.04221,-1.403,384,none
409,S,I,0.07914,-0.001348,-0.1175,0.006893,-0.1675,384,none
409,S,K,-0.02586,-0.04183,0.04306,-0.1287,-0.4318,384,none
409,S,L,-0.09623,-0.2977,-0.06218,-0.294,-1.584,384,none
409,S,M,0.01326,0.05945,-0.01694,0.0584,-0.2181,384,none
409,S,N,0.1356,-0.1524,-0.09292,-0.1519,-0.5888,384,none
409,S,P,-0.3503,0.1279,0.06779,0.3192,-1.827,384,none
409,S,R,0.4795,-0.8668,-0.03771,-0.6216,-1.469,384,none
409,S,S,0,0,0,0,0,384,none
409,S,T,0.1437,0.02306,-0.2251,-0.03989,-1.283,384,none
409,S,V,0.05882,0.4078,-0.1063,-0.03512,-0.2617,384,none
409,S,W,-0.3963,-0.08959,-0.1329,0.5171,-2.11,384,none
409,S,Y,-0.2845,,-0.1002,0.1104,-1.325,384,none
410,L,A,0.2076,-0.1749,0.3302,-0.126,-3.195,385,none
410,L,C,-0.03135,-0.7683,-0.3121,0.06614,-2.886,385,none
410,L,D,-0.4947,-1.136,-0.2104,0.000387,-3.199,385,none
410,L,E,-0.4728,-0.00531,0.0427,-0.5604,-3.268,385,none
410,L,F,0.3758,,-0.2905,-1.407,-3.241,385,none
410,L,G,-0.9314,,-0.2511,-1.102,-3.25,385,none
410,L,H,-0.1561,,0.5576,-0.291,-3.125,385,none
410,L,I,-0.03081,0.1908,0.4272,0.1817,-0.7134,385,none
410,L,L,0,0,0,0,0,385,none
410,L,M,0.03258,0.3459,0.3681,0.2909,-0.2812,385,none
410,L,N,-0.1359,0.05722,0.2001,0.1046,-2.487,385,none
410,L,P,0.1933,-0.1571,0.3644,-0.04052,-3.24,385,none
410,L,Q,-0.2631,-1.193,0.2886,-0.4319,-3.029,385,none
410,L,R,0.6252,-0.7809,-0.01153,-0.2898,-3.264,385,none
410,L,S,-0.1322,0.1496,-0.2117,0.2828,-3.366,385,none
410,L,T,-0.03584,0.03427,0.0662,-0.7111,-3.2,385,none
410,L,V,0.2414,0.2652,0.357,0.2977,-0.6741,385,none
410,L,W,-0.2061,,0.1672,-0.09433,-3.388,385,none
410,L,Y,-0.04277,,-0.07942,-0.4563,-3.135,385,none
411,G,A,-0.6966,0.9856,0.4421,0.2712,-3.156,386,none
411,G,C,-0.2515,-1.287,-0.1682,0.07975,-3.093,386,none
411,G,D,-0.1173,0.05014,-0.03648,-0.01356,-3.071,386,none
411,G,E,0.1941,0.01195,-0.5485,0.2185,-3.328,386,none
411,G,F,-0.3441,-0.8164,-0.111,-0.4342,-3.468,386,none
411,G,G,0,0,0,0,0,386,none
411,G,H,-0.8311,-1.018,0.1465,-0.4891,-3.179,386,none
411,G,I,0.0504,-0.1503,0.256,-0.1071,-3.372,386,none
411,G,K,,,,,-3.143,386,none
411,G,L,,,0.4407,,-3.373,386,none
411,G,M,,,,,-3.149,386,none
411,G,N,0.1632,,,,-3.383,386,none
411,G,P,0.7602,,-0.2806,-0.8392,-3.288,386,none
411,G,Q,-0.0974,,,-0.01806,-3.16,386,none
411,G,R,0.00571,-0.3161,-0.1859,-0.08834,-3.289,386,none
411,G,S,0.06045,,0.004698,,-3.199,386,none
411,G,T,-0.2935,0.5668,-0.5416,-1.71,-3.127,386,none
411,G,V,-0.3686,-1.456,0.1165,-0.08638,-3.462,386,none
411,G,W,,,,,-3.119,386,none
411,G,Y,-0.7597,,0.7459,-0.248,-3.367,386,none
412,A,A,0,0,0,0,0,387,none
412,A,C,-0.7702,,-0.257,-0.6968,-2.417,387,none
412,A,D,0.4927,0.1483,0.1128,-0.353,-3.405,387,none
412,A,E,-0.03139,-0.2044,-0.006265,-0.4611,-3.333,387,none
412,A,F,-1.073,-1.583,-0.1874,-1.131,-3.414,387,none
412,A,G,0.5509,-0.5234,0.6253,-0.06918,-2.974,387,none
412,A,H,,,,,-3.177,387,none
412,A,I,,,0.05037,,-3.389,387,none
412,A,K,-0.3896,,-0.1238,,-3.2,387,none
412,A,L,-1.016,-0.6157,-0.355,0.8052,-3.275,387,none
412,A,M,0.6096,-0.06285,0.06128,0.5309,-3.37,387,none
412,A,N,,,-0.1218,-0.2138,-3.377,387,none
412,A,P,-0.03032,-0.05879,-0.1987,0.1052,-3.417,387,none
412,A,Q,-0.1971,-0.9204,0.1596,-0.1458,-3.224,387,none
412,A,R,-0.1232,-0.1542,-0.04592,-0.7584,-3.341,387,none
412,A,S,-0.1161,0.1026,-0.3666,-0.5171,-2.032,387,none
412,A,T,-0.2958,-0.5188,-0.07518,-0.308,-3.264,387,none
412,A,V,-0.01363,-0.8065,-0.1379,-0.6351,-2.683,387,none
412,A,W,-0.2457,,-0.4645,-0.4633,-3.411,387,none
412,A,Y,,,-0.07281,,-3.274,387,none
413,I,A,0.01073,0.3289,0.7468,0.08809,-3.381,388,none
413,I,C,-0.1483,-0.7839,-0.1128,-0.0215,-3.301,388,none
413,I,D,0.05238,-1.927,0.003168,-0.7212,-3.13,388,none
413,I,E,-0.9609,-1.227,-0.3214,,-3.167,388,none
413,I,F,-0.03004,-0.3649,-0.3298,-0.236,-3.478,388,none
413,I,G,,,-0.2946,,-2.837,388,none
413,I,H,0.1081,0.07681,-0.153,0.1475,-3.13,388,none
413,I,I,0,0,0,0,0,388,none
413,I,K,-0.2021,-0.2629,0.05878,-0.1099,-3.174,388,none
413,I,L,0.2552,-0.4761,-0.288,-0.8402,-0.8754,388,none
413,I,M,0.07439,0.07715,-0.03626,0.05612,0.0364,388,none
413,I,N,-0.6622,-0.7436,0.1123,-0.979,-3.345,388,none
413,I,P,-0.7044,-0.6592,-0.1047,-0.7475,-3.194,388,none
413,I,Q,,0.2174,,,-2.965,388,none
413,I,R,-0.1926,-0.003788,0.1703,-0.2236,-3.32,388,none
413,I,S,,,-0.2285,,-3.155,388,none
413,I,T,-0.4005,-0.4605,0.3285,-0.01701,-2.968,388,none
413,I,V,-0.1617,-0.09089,0.2282,0.1027,-0.2934,388,none
413,I,W,0.08886,-0.783,0.1227,-0.3633,-3.208,388,none
413,I,Y,-0.35,-0.5728,-0.2747,0.09852,-3.393,388,none
414,V,A,-0.3825,-0.9673,-0.3666,-0.03486,-3.38,389,none
414,V,C,0.1266,-0.09439,-0.4436,-0.187,-3.332,389,none
414,V,D,,,,,-3.177,389,none
414,V,E,-0.2926,-1.177,-0.09019,-0.3472,-3.155,389,none
414,V,F,0.1147,0.06744,-0.08345,0.1105,-3.197,389,none
414,V,G,,,,,-3.195,389,none
414,V,H,-0.09123,-0.1543,-0.07917,-0.4087,-3.218,389,none
414,V,I,0.1096,,-0.09642,-0.3484,0.2302,389,none
414,V,K,-0.5242,,-0.1875,-0.279,-3.215,389,none
414,V,L,-0.0579,0.03921,-0.03339,-0.09966,-1.865,389,none
414,V,M,-0.1142,0.2332,-0.1462,0.01659,0.3381,389,none
414,V,N,-0.2326,-0.7353,-0.2917,0.02714,-3.204,389,none
414,V,P,-0.1901,,-0.819,-0.5235,-3.124,389,none
414,V,Q,-0.1194,-1.385,-0.1066,0.04673,-3.083,389,none
414,V,R,0.7559,-0.1451,-0.0003899,-0.03862,-3.245,389,none
414,V,S,-0.8822,,0.202,,-2.972,389,none
414,V,T,,,-0.4693,-0.5617,-3.389,389,none
414,V,V,0,0,0,0,0,389,none
414,V,W,,,,,-3.229,389,none
414,V,Y,,,,-0.05787,-3.264,389,none
415,S,A,-0.1041,0.133,0.1135,-0.1024,-0.6767,390,none
415,S,C,0.02242,0.2961,-0.02875,-0.1237,-2.3,390,none
415,S,D,-0.3196,-0.9795,-0.018,-0.05501,-3.386,390,none
415,S,E,-0.2176,-0.4817,-0.1183,-0.5972,-3.216,390,none
415,S,F,-0.3984,-0.8335,-0.3207,-0.6105,-3.354,390,none
415,S,G,-0.3676,-0.1811,0.05163,0.1557,-0.9269,390,none
415,S,H,-0.3697,0.09684,-0.08304,0.1219,-3.328,390,none
415,S,I,0.02016,-0.0646,0.1856,0.09775,-3.375,390,none
415,S,K,,,,,-3.061,390,none
415,S,L,0.4109,-0.5344,-0.1335,-0.04961,-3.259,390,none
415,S,M,,,,,-3.471,390,none
415,S,N,0.8166,-1.29,0.1795,0.2431,-3.239,390,none
415,S,P,-0.2572,-0.00418,-0.1514,-0.9262,-3.423,390,none
415,S,Q,,,,,-3.28,390,none
415,S,R,0.0361,,,,-3.136,390,none
415,S,S,0,0,0,0,0,390,none
415,S,V,0.07049,0.1223,0.1346,-0.1251,-1.369,390,none
415,S,W,-0.8031,,-0.2673,-0.578,-3.401,390,none
415,S,Y,-0.065,-0.3641,0.2272,-0.7516,-3.121,390,none
416,C,A,-0.1082,-0.3363,-0.1358,0.05868,-3.399,391,none
416,C,C,0,0,0,0,0,391,none
416,C,D,-0.1806,-1.24,-0.2005,0.1859,-3.331,391,none
416,C,E,0.554,-0.2052,-0.4839,-1.215,-2.117,391,none
416,C,F,-0.1671,-0.4774,-0.1225,-0.7461,-3.409,391,none
416,C,G,-0.2814,-0.6502,0.4682,0.3537,-3.386,391,none
416,C,H,-0.2574,,,-0.6826,-3.395,391,none
416,C,I,0.2255,-0.07171,0.3051,-0.3337,-3.174,391,none
416,C,K,-0.2927,0.3688,0.1404,0.4403,-3.367,391,none
416,C,L,,-0.04031,-0.3116,0.03153,-2.687,391,none
416,C,M,-0.327,-0.07653,-0.2357,-0.2154,-3.329,391,none
416,C,N,-0.5077,-0.3269,-0.1376,-0.2962,-3.271,391,none
416,C,P,-0.6571,,-0.1948,,-2.957,391,none
416,C,Q,-0.03904,,0.547,0.09551,-3.2,391,none
416,C,R,0.396,-0.03004,0.354,0.1207,-3.042,391,none
416,C,S,-0.3694,-0.9426,-0.1502,-0.6933,-3.365,391,none
416,C,T,-0.1691,-1.09,-0.1654,-0.8008,-3.309,391,none
416,C,V,0.1124,,0.08965,-0.6695,-3.138,391,none
416,C,W,-0.2756,-1.683,0.1385,-0.7296,-3.08,391,none
416,C,Y,0.08772,-0.9241,-0.0977,-0.327,-3.045,391,none
417,Y,A,-0.1039,-0.0615,-0.05471,0.02242,-0.8663,392,none
417,Y,C,-0.8616,-0.3303,-0.03365,0.02885,-3.391,392,none
417,Y,D,,,-0.2808,,-3.415,392,none
417,Y,E,0.09858,-0.7652,-0.1041,0.006191,-3.234,392,none
417,Y,F,-0.01199,-0.1519,-0.1916,-0.1236,-2.07,392,none
417,Y,G,-0.222,,-0.3844,-0.08878,-3.138,392,none
417,Y,H,-0.1095,-0.6374,-0.2989,-1.202,-2.284,392,none
417,Y,I,,,,,-3.442,392,none
417,Y,K,-0.5174,0.6656,0.1838,0.2834,-3.329,392,none
417,Y,L,,,,,-3.34,392,none
417,Y,M,,,,,-3.364,392,none
417,Y,N,0.07204,-0.6242,-0.2801,-0.06321,-2.747,392,none
417,Y,P,,,-0.01372,,-3.393,392,none
417,Y,Q,-0.1044,0.2741,-0.109,-0.287,-2.825,392,none
417,Y,R,-0.5709,-0.3558,-0.1362,0.2837,-3.22,392,none
417,Y,S,,0.1087,-0.2577,,-3.052,392,none
417,Y,T,0.2309,-0.3981,-0.4358,-0.3129,-2.817,392,none
417,Y,V,-0.2633,,-0.1432,-0.9244,-3.243,392,none
417,Y,W,-0.5166,-0.9882,0.03761,-0.4036,-3.051,392,none
417,Y,Y,0,0,0,0,0,392,none
418,G,A,0.1134,-0.423,-0.2552,-0.3635,-1.575,393,none
418,G,C,-0.3716,-0.936,-0.3583,-0.4249,-3.376,393,none
418,G,D,0.04151,-0.8908,-0.1509,-0.5302,-3.019,393,none
418,G,E,-0.9112,-1.034,-0.03797,-0.5916,-3.029,393,none
418,G,F,0.0198,0.06247,0.1497,0.2017,-3.36,393,none
418,G,G,0,0,0,0,0,393,none
418,G,H,-0.4769,0.2486,0.0007699,-0.006987,-2.226,393,none
418,G,I,,,-0.1248,-0.591,-3.298,393,none
418,G,K,0.438,-0.1317,0.4355,-0.8005,-2.586,393,none
418,G,L,-0.09415,-1.295,0.2828,-0.1276,-2.167,393,none
418,G,M,,0.1056,-0.1964,0.1234,-2.825,393,none
418,G,N,,,,,-3.385,393,none
418,G,P,,,,,-2.544,393,none
418,G,Q,0.02028,-0.3964,0.07463,0.03674,-0.8851,393,none
418,G,R,0.1499,-0.02687,0.1107,-0.09773,-1.841,393,none
418,G,S,-0.4036,-0.1417,-0.01988,0.04855,-2.05,393,none
418,G,T,-0.5038,-1.278,0.04982,0.2297,-0.3135,393,none
418,G,V,-0.04599,-0.06237,0.08394,-0.1789,-1.914,393,none
418,G,W,,,,,-2.436,393,none
418,G,Y,,,,-1.095,-2.992,393,none
419,K,A,,,,,-0.8318,394,none
419,K,E,-0.06712,0.08031,0.2954,0.1912,0.5659,394,none
419,K,F,-0.2466,-0.01167,-0.2786,0.02868,0.1772,394,none
419,K,G,0.04008,0.5828,0.207,0.2851,0.01894,394,none
419,K,I,-0.3155,-0.5036,-0.03655,0.0742,0.1342,394,none
419,K,K,0,0,0,0,0,394,none
419,K,L,-0.02877,-0.3876,-0.2494,-0.2163,-0.2397,394,none
419,K,M,-0.1491,0.3653,-0.2079,0.05612,0.5355,394,none
419,K,N,-0.4078,-0.219,-0.2018,0.1169,-0.1473,394,none
419,K,P,-0.06594,-0.03873,-0.1335,-0.03499,0.4311,394,none
419,K,Q,-0.1406,-0.01918,-0.1545,-0.03315,-0.05457,394,none
419,K,R,-0.2327,-0.1627,-0.3873,-0.177,-0.5197,394,none
419,K,S,-0.1171,-0.001845,-0.01357,-0.05279,0.506,394,none
419,K,T,0.09181,-0.1108,-0.07502,0.1785,0.5095,394,none
419,K,V,0.1581,-0.3943,0.01297,-0.1663,0.6618,394,none
419,K,W,-0.2645,,-0.3974,-0.7448,-1.366,394,none
419,K,Y,-0.05106,-0.2838,-0.2954,-0.2955,-0.4927,394,none
420,T,A,-0.04026,-0.1236,-0.6438,-0.4399,-1.161,395,none
420,T,C,-0.2657,0.1148,0.4627,-0.4186,-2.247,395,none
420,T,D,-0.229,-0.152,-0.1655,-0.05893,-1.105,395,none
420,T,E,-0.5206,-0.3559,-0.1156,-0.5021,-3.034,395,none
420,T,F,-0.4237,-0.3996,-0.07647,0.3253,-1.914,395,none
420,T,G,-0.06368,-0.5159,-0.3369,-0.2251,-2.596,395,none
420,T,I,-0.02876,0.3858,0.3634,0.03714,0.112,395,none
420,T,K,,,-0.1703,-0.9158,-3.316,395,none
420,T,L,-0.2696,-0.1876,-0.02954,0.2555,-0.1652,395,none
420,T,M,-1.37,-1.082,-0.3382,,-2.85,395,none
420,T,N,-0.04628,-0.7538,-0.2566,-0.3213,-1.104,395,none
420,T,P,,,,,-1.203,395,none
420,T,Q,-0.3865,-0.3481,-0.231,-0.1582,-2.642,395,none
420,T,R,-0.6972,-1.511,0.06491,-0.005867,-3.462,395,none
420,T,S,,,,,-1.626,395,none
420,T,T,0,0,0,0,0,395,none
420,T,V,-0.1766,-0.02536,-0.005316,-0.2586,0.913,395,none
420,T,W,-0.2119,-0.04877,0.1255,0.09692,-1.683,395,none
420,T,Y,-0.1943,-0.3629,0.1139,0.0279,-2.107,395,none
421,K,A,-0.1935,,,,0.3426,396,none
421,K,C,-0.0489,-0.1773,0.07967,0.1642,-2.766,396,none
421,K,D,,,,,-3.16,396,none
421,K,E,0.01245,,0.2106,0.08956,-3.473,396,none
421,K,F,-0.1671,0.5384,0.05424,0.1125,-0.795,396,none
421,K,H,-0.506,,0.0474,0.1541,-0.9197,396,none
421,K,I,-0.3914,-0.2474,0.1378,0.592,0.9214,396,none
421,K,K,0,0,0,0,0,396,none
421,K,L,0.1341,0.2585,-0.1365,0.115,-0.4256,396,none
421,K,M,0.0546,0.1131,0.2461,1.133,0.3345,396,none
421,K,N,-0.3344,0.4306,-0.4347,-0.2354,-3.476,396,none
421,K,Q,-0.1829,0.1805,0.4488,0.9272,-1.204,396,none
421,K,R,-0.1594,-0.8825,0.5263,0.8106,-2.652,396,none
421,K,S,0.08999,0.1633,0.2807,0.4635,0.4628,396,none
421,K,T,-0.1918,0.06501,-0.2612,0.8778,-0.4383,396,none
421,K,W,-0.3923,,0.8358,,-0.6232,396,none
421,K,Y,-0.02067,-0.0478,0.4148,0.5838,0.3877,396,none
422,C,C,0,0,0,0,0,397,region_IV
422,C,D,0.1523,,-0.02647,-0.03072,-2.572,397,region_IV
422,C,F,-0.4395,-0.7787,-0.005956,-0.1483,-3.481,397,region_IV
422,C,G,-1.075,-1.319,-0.03683,-0.219,-3.404,397,region_IV
422,C,H,-0.1399,-0.9016,-0.1209,0.1196,-3.049,397,region_IV
422,C,I,0.0004666,-0.1919,0.2357,-0.07309,-3.323,397,region_IV
422,C,K,-0.3526,-1.289,-0.1317,0.06148,-3.506,397,region_IV
422,C,L,,,,,-1.397,397,region_IV
422,C,M,,,,,-3.166,397,region_IV
422,C,N,0.1674,-0.3794,-0.3481,0.03639,-3.415,397,region_IV
422,C,P,,,,,-3.277,397,region_IV
422,C,R,0.1258,,0.01786,-0.4013,-3.28,397,region_IV
422,C,S,-0.3628,,0.07751,-0.8766,-3.223,397,region_IV
422,C,T,-0.03203,-0.9171,-0.04701,-0.0791,-3.226,397,region_IV
422,C,V,,,,,-3.01,397,region_IV
422,C,W,0.1785,,-0.2284,-0.3313,-3.061,397,region_IV
422,C,Y,-0.1121,-0.2237,-0.07874,-0.1315,-3.509,397,region_IV
423,T,A,0.05868,0.2424,-0.08024,0.6421,0.5457,398,region_IV
423,T,C,-0.8387,-0.5431,-0.6809,-0.6379,-3.097,398,region_IV
423,T,D,-0.6984,-1.046,-0.1754,0.6933,-2.234,398,region_IV
423,T,F,,,,,-3.24,398,region_IV
423,T,G,,-0.9772,-0.007895,0.3293,-3.08,398,region_IV
423,T,H,,,,,-3.255,398,region_IV
423,T,I,-0.3371,-1.01,0.2358,0.01609,-2.854,398,region_IV
423,T,K,-0.4143,,0.1837,-0.9752,-3.401,398,region_IV
423,T,L,,,,,-3.253,398,region_IV
423,T,M,-0.407,-0.1452,0.2907,-0.5855,-2.022,398,region_IV
423,T,P,,0.5715,0.2987,0.1127,-3.192,398,region_IV
423,T,Q,0.09106,0.2639,0.1749,0.008387,-1.47,398,region_IV
423,T,R,-0.1057,,,,-3.426,398,region_IV
423,T,S,-0.3011,-0.01734,-0.05636,0.03818,-0.3366,398,region_IV
423,T,T,0,0,0,0,0,398,region_IV
423,T,V,-0.09911,0.6448,-0.0699,-0.5868,-0.1242,398,region_IV
423,T,W,0.09767,0.1911,0.9922,1.184,-2.66,398,region_IV
423,T,Y,,,-0.1161,,-3.115,398,region_IV
424,A,A,0,0,0,0,0,399,region_IV
424,A,C,0.2231,-0.4817,0.2135,0.09393,-2.014,399,region_IV
424,A,D,-0.05758,0.09509,-0.2312,-0.7488,-3.365,399,region_IV
424,A,E,,1.192,-0.09575,-0.3141,-3.421,399,region_IV
424,A,F,-0.1048,-1.399,-0.4407,-0.4064,-3.487,399,region_IV
424,A,G,,,-0.01542,0.4589,-1.794,399,region_IV
424,A,H,-0.05949,-0.2614,0.3335,-0.5464,-3.337,399,region_IV
424,A,I,-0.1775,-0.08752,0.02695,-0.3029,-3.457,399,region_IV
424,A,K,-0.6041,-0.6987,-0.5114,-0.7126,-3.337,399,region_IV
424,A,L,-0.4269,,0.6842,0.2485,-3.408,399,region_IV
424,A,M,0.09416,-1.288,-0.4029,,-3.124,399,region_IV
424,A,N,-0.02702,,0.1903,-0.6037,-3.212,399,region_IV
424,A,P,,,,,-3.121,399,region_IV
424,A,Q,-0.1018,-0.2302,0.3776,-0.1533,-3.341,399,region_IV
424,A,R,,,,,-3.401,399,region_IV
424,A,S,-0.06725,-0.8309,0.04134,-0.4419,-2.97,399,region_IV
424,A,T,0.1816,-0.5749,-0.4954,-0.2093,-3.175,399,region_IV
424,A,V,-0.6751,-0.5,0.06359,-0.7692,-2.759,399,region_IV
424,A,W,,,,,-3.258,399,region_IV
424,A,Y,-0.02614,-0.6679,-0.07711,-0.3874,-3.173,399,region_IV
425,S,A,-0.3964,0.02722,-0.1554,0.2069,-0.2824,400,region_IV
425,S,C,-0.1052,-1.271,-0.03476,-0.4976,-1.43,400,region_IV
425,S,D,-0.01764,-0.6443,0.2118,0.058,-2.219,400,region_IV
425,S,E,-0.06815,,,,-0.4658,400,region_IV
425,S,F,-0.1992,-0.2413,0.2685,0.2479,-2.662,400,region_IV
425,S,G,0.2366,-0.8977,0.3802,-0.1227,-1.445,400,region_IV
425,S,H,-0.1944,,0.3779,,-2.824,400,region_IV
425,S,I,-0.0238,-1.348,-0.01124,-0.6565,-1.942,400,region_IV
425,S,K,-0.7739,,-0.2035,,-3.399,400,region_IV
425,S,L,0.04785,-0.8587,-0.5399,-0.4862,-3.455,400,region_IV
425,S,M,-0.1817,,-0.4696,,-3.256,400,region_IV
425,S,N,0.1095,-0.03721,0.149,-0.144,0.1135,400,region_IV
425,S,P,-0.07037,-0.2978,0.2155,-1.324,-3.37,400,region_IV
425,S,Q,0.1874,0.02609,0.3606,0.3369,-0.9981,400,region_IV
425,S,R,-0.53,,-0.2559,,-3.14,400,region_IV
425,S,S,0,0,0,0,0,400,region_IV
425,S,T,-0.01379,-0.4041,-0.2806,-0.03327,-0.8303,400,region_IV
425,S,V,0.1566,-0.982,-0.4026,-0.3789,-2.486,400,region_IV
425,S,W,-0.2773,-1.018,-0.1703,-0.05693,-1.932,400,region_IV
425,S,Y,,,,,-3.239,400,region_IV
426,N,A,-0.05966,,0.5968,0.1975,-3.341,401,region_IV
426,N,C,-1.009,-1.099,0.4967,-0.8977,-3.249,401,region_IV
426,N,D,-0.3802,0.2063,1.509,2.461,-0.5095,401,region_IV
426,N,E,-0.2329,-0.3512,0.1395,0.1374,-2.513,401,region_IV
426,N,F,,,0.3561,,-3.288,401,region_IV
426,N,G,,,-0.08305,,-3.433,401,region_IV
426,N,H,-0.3425,-0.2595,-0.03112,0.6645,-1.438,401,region_IV
426,N,I,,,0.1819,,-3.053,401,region_IV
426,N,K,0.2536,-0.3764,0.2984,0.01294,-3.41,401,region_IV
426,N,L,,,,-0.5249,-3.457,401,region_IV
426,N,M,0.124,-0.2926,0.1212,-0.006751,-3.209,401,region_IV
426,N,N,0,0,0,0,0,401,region_IV
426,N,P,-0.143,-0.1937,-0.2983,-0.2517,-3.454,401,region_IV
426,N,Q,0.1542,,0.2268,0.6107,-2.1,401,region_IV
426,N,R,-0.5286,,-0.2061,,-3.361,401,region_IV
426,N,S,-0.4127,-0.732,0.3396,-0.03058,-3.527,401,region_IV
426,N,T,0.0729,0.5358,0.7734,1.117,-2.332,401,region_IV
426,N,V,-0.03413,-1.941,-0.171,-0.6575,-3.38,401,region_IV
426,N,W,-0.564,-0.5809,-0.08983,-0.07807,-3.463,401,region_IV
426,N,Y,-0.9074,-0.2306,-0.3349,-0.3714,-3.324,401,region_IV
427,K,A,-0.1369,0.1382,0.1635,0.4002,-0.9184,402,region_IV
427,K,C,-0.2489,0.01352,-0.4922,-0.4196,-2.759,402,region_IV
427,K,E,-0.6725,-0.3142,0.3017,-0.3666,-3.298,402,region_IV
427,K,F,-0.05197,-0.02222,0.06751,0.7169,-0.7186,402,region_IV
427,K,G,-0.4937,-1.081,0.07781,,-3.366,402,region_IV
427,K,H,-0.6719,-0.2244,-0.1625,-0.3105,-2.76,402,region_IV
427,K,I,-0.1428,-0.7894,0.1041,0.7247,-0.7148,402,region_IV
427,K,K,0,0,0,0,0,402,region_IV
427,K,L,-0.2607,,-0.04388,0.2153,-0.5932,402,region_IV
427,K,M,-0.4211,,0.2611,0.1705,0.1507,402,region_IV
427,K,N,0.09016,-0.04653,-0.05637,0.1873,-2.375,402,region_IV
427,K,P,-0.316,-0.5946,-0.1977,-0.06819,-1.307,402,region_IV
427,K,Q,-0.2066,,0.4463,0.1327,-0.7268,402,region_IV
427,K,R,0.2746,0.05848,0.5013,-0.1076,-2.319,402,region_IV
427,K,S,-0.2832,0.06148,0.5627,0.04125,-3.048,402,region_IV
427,K,T,-0.9327,-0.6117,-0.2552,0.3175,-3.21,402,region_IV
427,K,V,,,,,-2.348,402,region_IV
427,K,W,-0.6319,-1.572,-0.4488,0.1946,-0.676,402,region_IV
427,K,Y,-0.547,-0.8015,-0.04087,-0.08962,-1.226,402,region_IV
428,N,A,,,,,-3.444,403,region_IV
428,N,C,-1.125,0.06819,0.818,0.002173,-3.418,403,region_IV
428,N,D,-0.223,-0.7512,0.06401,-0.3546,-3.438,403,region_IV
428,N,E,,,,,-3.469,403,region_IV
428,N,F,,,,,-3.461,403,region_IV
428,N,G,,,,,-3.391,403,region_IV
428,N,H,,,,,-3.44,403,region_IV
428,N,I,-0.1116,-0.2715,-0.04146,,-3.469,403,region_IV
428,N,K,0.1439,,,,-3.485,403,region_IV
428,N,L,,,,,-3.013,403,region_IV
428,N,M,-0.6145,,0.1883,,-3.488,403,region_IV
428,N,N,0,0,0,0,0,403,region_IV
428,N,P,,,0.9292,,-3.502,403,region_IV
428,N,Q,-1.193,-2.358,-0.2206,,-3.495,403,region_IV
428,N,R,-0.8401,-1.614,0.03312,-0.2781,-3.429,403,region_IV
428,N,S,,,-0.01771,,-3.473,403,region_IV
428,N,T,,-0.9817,-0.244,-1.081,-3.487,403,region_IV
428,N,V,-0.1022,-0.6605,0.03955,-0.3607,-3.513,403,region_IV
428,N,W,-0.6972,-1.244,-0.2106,,-3.345,403,region_IV
428,N,Y,,,,,-3.378,403,region_IV
429,R,A,0.02047,,0.2158,,-3.181,404,region_IV
429,R,C,0.04817,,,,-3.378,404,region_IV
429,R,D,,,,,-3.474,404,region_IV
429,R,E,,,,,-3.442,404,region_IV
429,R,F,-1.001,,,-0.7761,-3.476,404,region_IV
429,R,G,-0.6269,-1.393,0.4496,-0.03454,-3.484,404,region_IV
429,R,H,,,-0.2385,-0.06764,-3.446,404,region_IV
429,R,I,,,-0.09787,,-3.298,404,region_IV
429,R,K,-0.2733,-0.07234,0.102,2.531,0.9351,404,region_IV
429,R,L,-0.763,-1.358,-0.1331,-0.9921,-3.556,404,region_IV
429,R,M,-0.1469,0.04433,0.3579,2.869,0.4104,404,region_IV
429,R,N,-0.5205,-0.3613,1.015,0.811,-2.7,404,region_IV
429,R,P,,0.1333,-0.03985,0.3075,-3.418,404,region_IV
429,R,Q,-0.2869,-0.4579,0.1311,1.772,0.8539,404,region_IV
429,R,R,0,0,0,0,0,404,region_IV
429,R,S,-0.3754,-0.2639,0.7433,2.435,-1.394,404,region_IV
429,R,T,-1.596,,-0.4011,,-3.476,404,region_IV
429,R,V,-0.6719,,-0.08337,-0.5599,-3.38,404,region_IV
429,R,W,0.1105,-2.22,-0.4092,-0.6305,-3.545,404,region_IV
429,R,Y,,,-0.2607,,-3.502,404,region_IV
430,G,A,,,-0.1399,-1.223,-3.432,405,region_IV
430,G,C,-0.3308,-0.08716,-0.2786,-0.1958,-3.462,405,region_IV
430,G,D,-0.4096,-1.288,0.7633,-1.357,-3.3,405,region_IV
430,G,E,,,,,-3.277,405,region_IV
430,G,F,-0.5977,,0.2136,0.3267,-3.536,405,region_IV
430,G,G,0,0,0,0,0,405,region_IV
430,G,H,-0.5634,-0.9453,0.2128,,-3.442,405,region_IV
430,G,I,-1.091,,-0.2334,-0.8852,-3.42,405,region_IV
430,G,K,-0.14,-1.448,-0.2128,-0.5069,-3.404,405,region_IV
430,G,L,0.5886,,-0.1804,0.8692,-3.454,405,region_IV
430,G,M,,,,,-3.45,405,region_IV
430,G,N,,,-0.452,,-3.409,405,region_IV
430,G,P,-0.758,-1.494,-0.09152,-0.9957,-3.327,405,region_IV
430,G,Q,,,,,-3.449,405,region_IV
430,G,R,,,-0.1708,-0.7713,-3.423,405,region_IV
430,G,S,-0.9437,0.8064,0.2971,-0.1283,-3.486,405,region_IV
430,G,T,-0.8216,-1.659,-0.04047,-1.665,-3.451,405,region_IV
430,G,V,0.02442,-1.314,0.03452,-0.6168,-3.496,405,region_IV
430,G,W,,,,,-3.418,405,region_IV
430,G,Y,-0.9439,,-0.1895,,-3.452,405,region_IV
431,I,A,-0.3086,-0.09573,,0.1721,-3.254,406,region_IV
431,I,C,-0.4315,-0.4168,-0.2326,-0.7623,-3.53,406,region_IV
431,I,D,-0.1984,0.3361,0.08429,0.02137,-3.279,406,region_IV
431,I,E,,,0.02481,,-3.438,406,region_IV
431,I,F,-0.02628,,-0.2535,-1.029,-3.498,406,region_IV
431,I,G,-0.1856,,0.006737,0.0616,-2.87,406,region_IV
431,I,H,,,-0.04584,,-3.5,406,region_IV
431,I,I,0,0,0,0,0,406,region_IV
431,I,K,-0.5798,-0.6957,-0.8706,,-3.453,406,region_IV
431,I,L,-0.1547,,-0.3593,-0.6989,-3.492,406,region_IV
431,I,M,-0.3888,-1.562,0.9079,-0.606,-3.468,406,region_IV
431,I,N,0.2231,-1.366,0.1904,0.1536,-3.45,406,region_IV
431,I,P,-0.5921,,-0.3983,-0.7197,-3.442,406,region_IV
431,I,Q,,,,0.4859,-3.486,406,region_IV
431,I,R,,,,,-2.95,406,region_IV
431,I,S,-0.2979,-0.567,-0.6679,-0.6221,-3.494,406,region_IV
431,I,T,-0.2783,-0.6234,-0.0051,-0.4629,-3.458,406,region_IV
431,I,V,-0.4694,0.05817,0.01889,-0.03001,-2.846,406,region_IV
431,I,W,-0.7417,,,-0.3928,-3.442,406,region_IV
431,I,Y,,,,,-3.442,406,region_IV
432,I,A,,,,,-3.418,407,region_IV
432,I,C,,-0.9075,-0.0655,0.03312,-3.287,407,region_IV
432,I,D,-0.9267,-0.8664,-0.09734,-0.3189,-3.359,407,region_IV
432,I,E,-0.5309,,0.09454,-0.04536,-3.454,407,region_IV
432,I,F,0.06739,-0.6187,-0.3788,-0.07466,-3.478,407,region_IV
432,I,G,-0.6421,0.1438,0.02414,-0.1045,-3.227,407,region_IV
432,I,H,0.07006,-0.6306,0.2405,0.06763,-3.481,407,region_IV
432,I,I,0,0,0,0,0,407,region_IV
432,I,K,,-0.8432,-0.331,-0.2062,-3.457,407,region_IV
432,I,L,0.4928,-0.7918,0.5024,0.1428,-2.151,407,region_IV
432,I,M,-0.06052,-0.9947,0.5807,,-3.325,407,region_IV
432,I,N,-0.03188,-0.5481,-0.5243,0.07879,-3.495,407,region_IV
432,I,P,0.1382,,-0.1115,-0.212,-3.031,407,region_IV
432,I,Q,-0.2185,-0.8473,0.5534,-0.224,-3.472,407,region_IV
432,I,R,-0.3946,-0.9868,0.1721,0.01367,-3.399,407,region_IV
432,I,S,,,0.31,,-3.252,407,region_IV
432,I,T,-0.5082,-1.61,0.2201,0.1094,-2.003,407,region_IV
432,I,V,-0.1484,0.2646,0.2384,0.3558,-0.3885,407,region_IV
432,I,W,-0.641,-0.3673,-0.2019,,-3.372,407,region_IV
432,I,Y,,,,,-3.195,407,region_IV
433,K,A,0.08636,0.06294,0.1785,1.17,-1.987,408,region_IV
433,K,C,-0.2587,-0.9302,-0.2154,-0.9962,-3.295,408,region_IV
433,K,D,-0.6269,-1.438,-0.186,-0.6915,-3.495,408,region_IV
433,K,E,0.19,-0.5213,0.317,1.354,-2.334,408,region_IV
433,K,F,0.0238,-0.05418,0.5123,1.674,-1.587,408,region_IV
433,K,G,0.09455,,,,-3.447,408,region_IV
433,K,H,0.004412,-0.2265,0.5614,2.088,-0.8248,408,region_IV
433,K,I,-0.1377,0.3099,0.4116,1.362,-1.079,408,region_IV
433,K,K,0,0,0,0,0,408,region_IV
433,K,L,-0.1925,-0.2303,-0.03767,0.6761,-1.466,408,region_IV
433,K,M,,0.0005078,-0.07612,0.5767,-2.596,408,region_IV
433,K,N,-0.06697,0.2806,0.2108,0.7334,-2.249,408,region_IV
433,K,P,,,,-1.193,-3.303,408,region_IV
433,K,Q,-0.03587,-0.2868,0.456,0.8673,-1.005,408,region_IV
433,K,R,-0.06531,0.03653,-0.1383,0.4222,-0.1528,408,region_IV
433,K,S,0.05392,0.05737,0.1112,-0.1541,-2.429,408,region_IV
433,K,T,0.01338,,-0.0107,1.604,-2.597,408,region_IV
433,K,V,-0.1922,-0.005247,0.08844,1.874,-0.3809,408,region_IV
433,K,W,-1.219,,,,-3.212,408,region_IV
433,K,Y,-0.2039,-0.2045,0.3889,0.4661,-1.25,408,region_IV
434,T,A,-0.2704,-0.1191,-0.2993,-0.4909,-0.08406,409,region_IV
434,T,C,0.2175,,0.03359,-1.009,-3.496,409,region_IV
434,T,D,-0.02907,-0.0533,0.03877,0.4562,1.214,409,region_IV
434,T,E,-0.03985,-0.4609,-0.09206,0.01583,0.3348,409,region_IV
434,T,F,-0.0006864,0.05398,-0.03737,0.03307,-3.183,409,region_IV
434,T,G,,,,,-2.447,409,region_IV
434,T,H,,,,,-3.2,409,region_IV
434,T,I,0.05459,-0.01292,0.09556,0.1546,-1.418,409,region_IV
434,T,K,-0.1015,,0.3428,-0.7551,-3.495,409,region_IV
434,T,L,-0.05711,0.1193,0.3673,1.216,1.122,409,region_IV
434,T,M,-0.04183,-0.6304,-0.2513,-0.38,0.1326,409,region_IV
434,T,N,,,-0.2301,-0.0284,-0.1034,409,region_IV
434,T,P,-0.1062,0.3982,-0.04076,0.2579,-3.122,409,region_IV
434,T,Q,,,,-1.018,-2.853,409,region_IV
434,T,R,,,,,-3.47,409,region_IV
434,T,S,-0.1705,,-0.3028,,-0.8606,409,region_IV
434,T,T,0,0,0,0,0,409,region_IV
434,T,V,,,-0.04027,0.06745,-1.544,409,region_IV
434,T,W,-0.1883,0.4799,0.1658,0.02183,-3.466,409,region_IV
434,T,Y,-0.4409,-0.02546,-0.2683,0.342,-0.4684,409,region_IV
435,F,A,-0.3511,-0.5001,-0.3561,0.001844,-3.191,410,region_IV
435,F,C,,,,,-2.946,410,region_IV
435,F,D,-0.7441,-0.146,0.7124,-0.7554,-3.144,410,region_IV
435,F,E,-0.3158,-0.8819,-0.1042,0.259,-3.332,410,region_IV
435,F,F,0,0,0,0,0,410,region_IV
435,F,G,-0.05209,,-0.2693,0.8671,-3.306,410,region_IV
435,F,H,0.4218,,-0.1672,-0.1654,-3.221,410,region_IV
435,F,I,0.3243,,-0.2018,,-2.859,410,region_IV
435,F,K,-0.525,-0.009322,-0.0667,0.2731,-3.365,410,region_IV
435,F,L,0.249,-0.9943,0.5381,0.5308,-1.849,410,region_IV
435,F,M,0.1341,-0.4314,-0.1107,0.3021,-1.435,410,region_IV
435,F,N,-0.2332,-1.016,-0.03339,-0.413,-3.109,410,region_IV
435,F,P,,,,,-3.183,410,region_IV
435,F,Q,0.03589,-1.213,0.6298,-0.1449,-3.173,410,region_IV
435,F,R,-0.2289,-0.456,0.07181,-0.4794,-3.46,410,region_IV
435,F,S,-0.4176,-0.3048,-0.1341,0.19,-3.356,410,region_IV
435,F,T,-0.6496,-1.506,-0.2886,-0.118,-3.434,410,region_IV
435,F,V,-0.7128,-0.6076,0.02956,-0.5621,-3.292,410,region_IV
435,F,W,-0.1273,,0.2814,-0.2476,-3.367,410,region_IV
435,F,Y,-0.6725,-0.3575,-0.1101,-0.2986,-3.383,410,region_IV
436,S,A,0.06782,0.3283,0.02892,-0.4118,0.486,411,region_IV
436,S,C,0.2807,0.5355,0.8531,1.015,-1.43,411,region_IV
436,S,D,-0.1629,-0.2534,-0.1269,0.02479,1.091,411,region_IV
436,S,F,0.36,,-0.002016,,-0.9949,411,region_IV
436,S,G,-0.02828,0.2299,-0.3029,0.09148,-0.5476,411,region_IV
436,S,H,-0.5056,0.3314,-0.5086,0.04212,-1.937,411,region_IV
436,S,I,-0.06382,-0.04084,0.1768,0.2236,-0.5471,411,region_IV
436,S,K,-0.5469,-0.1991,0.03279,-0.1532,-2.558,411,region_IV
436,S,L,0.1209,,-0.01422,0.03417,0.1404,411,region_IV
436,S,M,-0.04878,-0.2586,-0.04536,0.04676,0.3148,411,region_IV
436,S,N,-0.2163,-0.09509,0.02901,-0.2062,-0.1286,411,region_IV
436,S,P,-0.2924,,-0.2577,-0.00819,-0.4075,411,region_IV
436,S,Q,-0.06097,-0.153,0.3267,-0.1416,0.5538,411,region_IV
436,S,R,-0.2051,0.04731,0.6548,0.1326,-2.062,411,region_IV
436,S,S,0,0,0,0,0,411,region_IV
436,S,T,0.05986,0.04029,0.2976,0.3091,0.2871,411,region_IV
436,S,V,0.1961,0.08401,0.2903,0.4372,0.1142,411,region_IV
436,S,W,,,-0.2514,,-2.736,411,region_IV
437,N,A,0.06241,0.5742,0.2304,-0.1065,-0.2623,412,region_IV
437,N,C,,,-0.1567,,-3.408,412,region_IV
437,N,D,-0.2512,-0.6211,-0.1766,-0.9081,-2.907,412,region_IV
437,N,E,-0.3398,0.5251,-0.26,-0.5431,-1.352,412,region_IV
437,N,F,0.3406,0.5415,0.1199,0.05778,-2.145,412,region_IV
437,N,G,-0.02172,-0.03907,-0.371,-0.03941,-0.4464,412,region_IV
437,N,H,-0.3215,,0.3376,,-3.451,412,region_IV
437,N,I,-0.05751,0.3734,0.09409,0.1115,-2.115,412,region_IV
437,N,K,-0.1301,,0.2852,-0.01711,-3.328,412,region_IV
437,N,L,-0.0318,-0.1548,0.668,0.1523,-2.287,412,region_IV
437,N,M,0.2538,0.2958,0.1729,-0.2338,-1.559,412,region_IV
437,N,N,0,0,0,0,0,412,region_IV
437,N,P,0.2279,,0.1622,0.3358,-1.551,412,region_IV
437,N,Q,-0.131,0.642,0.02546,-0.2456,-1.405,412,region_IV
437,N,R,,,-0.05011,,-3.468,412,region_IV
437,N,S,-0.04976,0.1853,0.4117,-0.1325,-0.4224,412,region_IV
437,N,T,0.01547,0.3098,0.6351,0.1563,-0.5395,412,region_IV
437,N,V,0.247,-0.07778,0.08188,-0.1331,-1.736,412,region_IV
437,N,W,0.01983,-0.02857,0.2116,0.2069,-1.949,412,region_IV
437,N,Y,-0.01251,-0.1487,0.3171,-0.4994,-2.162,412,region_IV
438,G,A,-1.381,-1.666,0.7902,-0.2784,-3.248,413,region_IV
438,G,C,0.2098,-1.534,-0.1344,-1.523,-3.454,413,region_IV
438,G,D,0.06103,-0.4412,0.4913,-0.07465,-3.131,413,region_IV
438,G,E,0.04782,-0.8761,-0.02319,-0.7889,-3.461,413,region_IV
438,G,F,-0.03616,,0.002172,-0.3538,-2.889,413,region_IV
438,G,G,0,0,0,0,0,413,region_IV
438,G,H,,,,-0.6983,-3.208,413,region_IV
438,G,I,,,,,-3.212,413,region_IV
438,G,K,-0.1255,-0.4862,,-1.002,-3.359,413,region_IV
438,G,L,,,,,-2.147,413,region_IV
438,G,M,,,,,-3.372,413,region_IV
438,G,N,-0.7894,,-0.1436,-0.4663,-3.228,413,region_IV
438,G,P,-0.7892,-0.577,0.02396,-0.01172,-3.346,413,region_IV
438,G,Q,,-0.9752,0.3215,-1.381,-3.407,413,region_IV
438,G,R,,,0.2844,-1.463,-3.438,413,region_IV
438,G,S,-0.6058,-0.3606,0.3211,-0.7926,-3.415,413,region_IV
438,G,T,,,,,-3.389,413,region_IV
438,G,V,-0.02701,-0.6229,-0.04055,-0.7244,-3.429,413,region_IV
438,G,W,0.08104,0.4871,,0.06273,-3.143,413,region_IV
438,G,Y,,,,,-3.162,413,region_IV
439,C,A,,,-0.01656,0.198,-3.146,414,region_IV
439,C,C,0,0,0,0,0,414,region_IV
439,C,D,-0.4676,,,,-3.144,414,region_IV
439,C,E,0.1331,-0.3683,0.05754,0.04721,-3.306,414,region_IV
439,C,F,-0.5688,0.281,0.3857,-0.6248,-3.331,414,region_IV
439,C,G,-0.2126,-0.1308,1.197,0.2055,-3.276,414,region_IV
439,C,H,0.2768,,-0.05185,-0.5424,-3.257,414,region_IV
439,C,I,0.3588,-0.3627,-0.5191,0.08119,-3.221,414,region_IV
439,C,K,-0.5317,,-0.00661,-0.4651,-3.178,414,region_IV
439,C,L,-0.1135,-0.7476,-0.1071,-1.088,-3.397,414,region_IV
439,C,M,-0.2378,,0.1086,1.122,-3.166,414,region_IV
439,C,N,0.2808,-0.1633,0.03587,0.03452,-3.335,414,region_IV
439,C,P,-0.1472,0.09299,0.721,-0.03551,-3.333,414,region_IV
439,C,Q,0.3651,-0.2466,-0.2858,,-3.211,414,region_IV
439,C,R,-0.01896,-0.4228,0.05172,-0.2104,-3.274,414,region_IV
439,C,S,-1.249,,-0.5893,,-3.245,414,region_IV
439,C,T,0.07232,-0.03796,0.1604,0.472,-3.358,414,region_IV
439,C,V,-0.6979,,-0.04138,-0.7636,-3.321,414,region_IV
439,C,W,-0.04795,0.4808,,,-3.38,414,region_IV
439,C,Y,-0.1647,-1.382,-0.5447,0.185,-3.3,414,region_IV
440,D,A,0.1616,,-0.1909,0.3333,-3.042,415,region_IV
440,D,C,-0.9536,,-0.04379,-0.5566,-3.067,415,region_IV
440,D,D,0,0,0,0,0,415,region_IV
440,D,E,0.01315,-0.1487,-0.1614,-0.5664,-2.699,415,region_IV
440,D,F,,,0.3272,-0.3313,-3.406,415,region_IV
440,D,G,0.365,,-0.5049,-1.649,-0.8273,415,region_IV
440,D,H,-0.5537,,0.7053,0.5694,-3.245,415,region_IV
440,D,I,,-0.4118,0.3661,-0.3726,-3.456,415,region_IV
440,D,K,-0.2717,,0.0212,0.2593,-3.379,415,region_IV
440,D,L,-0.08834,-1.453,-0.1003,0.0069,-3.378,415,region_IV
440,D,M,0.1863,,0.4487,,-3.303,415,region_IV
440,D,N,0.2963,-0.828,0.245,-0.04389,-2.865,415,region_IV
440,D,P,-0.4645,-1.59,-0.3202,-0.4475,-3.322,415,region_IV
440,D,Q,,,-0.03085,,-2.841,415,region_IV
440,D,R,-0.1309,-0.2368,-0.1124,0.1088,-3.356,415,region_IV
440,D,S,0.4357,,0.3711,0.3783,-2.309,415,region_IV
440,D,T,0.1095,,0.03699,0.1051,-3.056,415,region_IV
440,D,V,,,,,-3.175,415,region_IV
440,D,W,,,-0.06201,,-3.326,415,region_IV
440,D,Y,-0.08599,,-0.2517,-0.6773,-3.447,415,region_IV
441,Y,A,-0.5643,,,,-3.319,416,region_IV
441,Y,C,-0.3662,-0.2007,-0.2978,-0.01199,-2.912,416,region_IV
441,Y,D,-0.7943,0.1143,-0.1319,,-3.282,416,region_IV
441,Y,E,-0.7872,-0.4474,0.06363,-0.6202,-3.191,416,region_IV
441,Y,F,0.2257,,0.1147,-0.04153,-1.942,416,region_IV
441,Y,G,-0.2042,,-0.3395,-0.7562,-3.389,416,region_IV
441,Y,H,0.5236,,-0.08386,-0.3951,-3.343,416,region_IV
441,Y,I,-0.9273,-1.502,0.008416,-0.2552,-3.378,416,region_IV
441,Y,K,-1.046,-1.377,-0.2897,-0.1889,-3.116,416,region_IV
441,Y,L,-0.1041,,-0.1029,-0.4071,-3.218,416,region_IV
441,Y,M,-0.2117,,,-0.1409,-3.082,416,region_IV
441,Y,N,-0.6585,,-0.303,-0.7328,-3.359,416,region_IV
441,Y,P,-0.7333,-0.07939,-0.2833,-0.01104,-3.409,416,region_IV
441,Y,Q,,-0.8128,-0.02527,-0.4595,-3.136,416,region_IV
441,Y,R,-0.4726,,0.2517,-0.08771,-3.399,416,region_IV
441,Y,S,-0.00287,0.5695,-0.172,-0.06843,-3.328,416,region_IV
441,Y,T,0.4001,-1.017,0.02714,0.1425,-3.348,416,region_IV
441,Y,V,0.05851,,0.02327,0.0753,-2.969,416,region_IV
441,Y,W,-0.09948,-0.9417,-0.09759,0.02742,-2.16,416,region_IV
441,Y,Y,0,0,0,0,0,416,region_IV
442,V,A,,,,,-1.59,417,region_IV
442,V,C,-0.758,-0.7323,-0.005616,-0.5897,-3.187,417,region_IV
442,V,E,-0.5422,-0.9987,-0.3674,-0.1962,-3.365,417,region_IV
442,V,F,-1.027,,-0.2492,,-3.277,417,region_IV
442,V,G,0.6815,,-0.06123,0.09065,-3.076,417,region_IV
442,V,H,,,,,-3.26,417,region_IV
442,V,I,,,,,-1.514,417,region_IV
442,V,K,-0.4599,,-0.2082,,-3.291,417,region_IV
442,V,L,-0.204,-0.2993,-0.3242,0.187,-1.771,417,region_IV
442,V,M,-0.2184,-0.4947,-0.556,-0.5138,-1.441,417,region_IV
442,V,N,0.03005,-0.4054,-0.02762,-0.6749,-3.382,417,region_IV
442,V,P,,,,,-3.406,417,region_IV
442,V,Q,-0.4393,-0.1123,0.4015,1.824,-1.664,417,region_IV
442,V,R,-0.5966,-0.568,-0.2264,-0.833,-3.265,417,region_IV
442,V,S,-0.1982,0.3442,0.1732,1.054,-1.761,417,region_IV
442,V,T,-0.2687,0.6503,-0.2795,1.127,-0.7708,417,region_IV
442,V,V,0,0,0,0,0,417,region_IV
442,V,W,-0.5355,-0.4633,-0.2418,-1.12,-3.164,417,region_IV
442,V,Y,,,0.5205,,-3.123,417,region_IV
443,S,A,0.029,0.09547,0.1649,1.1,-0.4054,418,region_IV
443,S,C,,,0.9863,,-1.313,418,region_IV
443,S,D,-0.1978,0.5436,0.4591,2.347,-1.286,418,region_IV
443,S,E,-0.09578,0.07538,-0.02459,1.253,-1.022,418,region_IV
443,S,F,0.06586,-0.001946,-0.1742,1.786,-0.1472,418,region_IV
443,S,G,0.1344,-0.06294,0.1789,1.684,0.03405,418,region_IV
443,S,H,-0.1015,0.07802,-0.2038,0.2976,0.2367,418,region_IV
443,S,I,-0.0498,0.2171,-0.03068,0.4622,-2.553,418,region_IV
443,S,K,,,,,-2.936,418,region_IV
443,S,L,,,,-0.066,-3.418,418,region_IV
443,S,M,0.1188,-0.4794,-0.001031,0.3004,-1.261,418,region_IV
443,S,N,-0.1105,0.007553,0.2136,-0.2882,-0.8518,418,region_IV
443,S,P,0.2059,-0.2542,1.327,3.09,-0.2052,418,region_IV
443,S,Q,-0.07051,-0.2605,0.07299,1.508,-0.9891,418,region_IV
443,S,R,-0.2944,-0.455,0.4561,0.7158,-2.45,418,region_IV
443,S,S,0,0,0,0,0,418,region_IV
443,S,T,-0.1585,-0.3079,-0.09253,-0.3267,-0.1679,418,region_IV
443,S,V,-0.3671,-1.098,-0.1586,1.916,-1.324,418,region_IV
443,S,W,-0.191,-0.1794,0.2466,2.309,-0.0533,418,region_IV
443,S,Y,-0.09295,0.2737,-0.07578,1.245,-1.008,418,region_IV
444,N,A,,,,,-1.097,419,region_IV
444,N,C,0.003037,0.3835,0.1456,0.004582,-2.386,419,region_IV
444,N,D,0.7554,-1.644,0.7174,-0.1775,-1.426,419,region_IV
444,N,E,-0.5773,,-0.7981,-0.6005,-3.306,419,region_IV
444,N,F,-0.8774,-0.8726,-0.3499,-1.271,-3.343,419,region_IV
444,N,G,-0.09511,-0.6002,0.07145,0.9813,-1.164,419,region_IV
444,N,H,-0.3047,0.03267,0.2991,0.6716,-1.984,419,region_IV
444,N,I,-0.3819,0.02592,0.02193,0.7114,-3.003,419,region_IV
444,N,K,-0.06781,-0.03622,-0.1178,-0.2628,-2.804,419,region_IV
444,N,L,-0.4678,,0.1312,,-3.185,419,region_IV
444,N,M,0.1468,-0.2199,0.4404,0.8438,-3.149,419,region_IV
444,N,N,0,0,0,0,0,419,region_IV
444,N,P,0.2736,,0.1152,0.7521,-3.197,419,region_IV
444,N,Q,-0.3272,,0.02903,,-0.8226,419,region_IV
444,N,R,-0.1029,0.3116,0.3284,-0.3083,-3.353,419,region_IV
444,N,S,-0.07532,-0.1039,-0.1291,0.6515,0.04092,419,region_IV
444,N,T,0.09891,-0.1527,-0.1633,-0.1028,-2.178,419,region_IV
444,N,V,-0.2098,,0.1436,-0.661,-2.963,419,region_IV
444,N,W,,,-0.3039,-0.8686,-3.277,419,region_IV
444,N,Y,,,,,-3.284,419,region_IV
445,K,A,0.03585,-0.3899,0.5485,1.805,-0.2437,420,region_IV
445,K,C,-0.2864,0.0751,0.7077,1.082,-2.359,420,region_IV
445,K,D,-0.4773,,0.2455,,-1.832,420,region_IV
445,K,E,-0.3135,-0.1846,0.6551,1.242,-1.245,420,region_IV
445,K,F,-0.06859,0.263,0.8141,2.162,-1.172,420,region_IV
445,K,G,-0.1297,-0.2893,0.8383,2.297,-0.03221,420,region_IV
445,K,I,-0.1626,0.5266,0.7289,1.3,-0.375,420,region_IV
445,K,K,0,0,0,0,0,420,region_IV
445,K,L,0.001914,0.4942,1.375,1.785,-1.655,420,region_IV
445,K,M,-0.01339,-0.1034,0.7137,1.339,0.1642,420,region_IV
445,K,N,-0.122,0.02399,0.8201,2.107,-0.6703,420,region_IV
445,K,P,-0.6997,,0.1277,0.06036,-2.764,420,region_IV
445,K,Q,-0.002474,0.711,0.4132,2.226,-0.7199,420,region_IV
445,K,R,0.01535,0.2483,0.02753,0.7436,0.1259,420,region_IV
445,K,S,0.1272,0.07171,0.4456,2.07,-0.8638,420,region_IV
445,K,T,-0.08712,-1.151,0.1013,1.926,-1.03,420,region_IV
445,K,V,-0.7134,-0.4932,0.3817,3.011,-0.5001,420,region_IV
445,K,W,-0.3409,,1.086,,-3.029,420,region_IV
445,K,Y,-0.1506,-0.8039,0.2893,2.156,-1.845,420,region_IV
446,G,A,0.002971,,0.5189,,-1.897,421,region_IV
446,G,C,-0.1194,,0.5869,0.9275,-3.1,421,region_IV
446,G,D,-0.2432,-0.1631,2.101,2.271,-1.069,421,region_IV
446,G,E,-0.5125,0.4003,1.277,0.9454,-2.141,421,region_IV
446,G,F,-0.07509,-0.2627,1.879,2.219,-1.014,421,region_IV
446,G,G,0,0,0,0,0,421,region_IV
446,G,H,-0.384,0.5692,0.9831,0.7106,-1.603,421,region_IV
446,G,I,-0.558,-0.5831,0.7019,0.5179,-2.308,421,region_IV
446,G,K,0.09599,-0.3106,1.113,2.391,-3.229,421,region_IV
446,G,L,-0.2202,0.1047,1.087,0.9311,-2.078,421,region_IV
446,G,M,-0.3302,0.03422,1.38,1.827,-0.6059,421,region_IV
446,G,N,0.06009,-1.111,1.386,0.4668,-1.592,421,region_IV
446,G,P,-0.1421,0.09601,0.632,1.56,-1.583,421,region_IV
446,G,R,-0.1571,0.5204,1.137,-0.04555,-3.451,421,region_IV
446,G,S,-0.369,-0.07431,0.4087,-0.5037,-3.33,421,region_IV
446,G,T,-0.5068,,,,-3.418,421,region_IV
446,G,V,-0.217,-0.5885,0.8856,0.3402,-2.343,421,region_IV
446,G,W,0.1819,0.07486,1.292,0.2952,-1.015,421,region_IV
446,G,Y,-0.2184,-0.6692,2.35,2.324,-1.949,421,region_IV
447,V,A,-0.139,-0.4714,0.3365,1.194,-1.829,422,region_IV
447,V,C,0.3262,-1.272,-0.2976,0.006931,-2.421,422,region_IV
447,V,D,-0.2895,-0.5251,0.2388,0.5192,-3.353,422,region_IV
447,V,E,0.266,-0.2485,-0.2636,,-3.356,422,region_IV
447,V,F,,,,,-2.117,422,region_IV
447,V,G,-0.09159,,-0.1415,-0.6267,-3.402,422,region_IV
447,V,H,-0.6134,-0.7019,0.2558,1.167,-2.745,422,region_IV
447,V,I,-0.01264,-0.2099,0.164,0.06798,-0.6039,422,region_IV
447,V,K,,-1.519,,,-3.208,422,region_IV
447,V,L,0.1648,-0.4563,-0.1807,-0.02916,-2.216,422,region_IV
447,V,M,-0.1215,-0.795,0.465,0.27,-2.837,422,region_IV
447,V,N,,-0.972,-0.1225,0.01227,-3.434,422,region_IV
447,V,P,-0.004636,0.6682,-0.322,-0.1526,-2.135,422,region_IV
447,V,Q,-0.9353,,-0.3015,-0.9116,-3.258,422,region_IV
447,V,R,-0.0871,-0.1569,-0.061,-0.3068,-3.383,422,region_IV
447,V,S,-0.1965,-0.3625,0.1388,0.3651,-3.122,422,region_IV
447,V,T,0.03981,-0.2734,-0.3521,0.9455,-0.8602,422,region_IV
447,V,V,0,0,0,0,0,422,region_IV
447,V,W,,,-0.1207,,-3.47,422,region_IV
447,V,Y,-0.4679,,0.2626,-0.4662,-3.431,422,region_IV
448,D,A,-0.9027,,0.09012,-0.342,-3.318,423,region_IV
448,D,C,,-0.06712,0.06949,,-3.206,423,region_IV
448,D,D,0,0,0,0,0,423,region_IV
448,D,E,-0.4298,0.3155,0.4321,0.7234,-2.15,423,region_IV
448,D,F,,,0.1171,,-3.309,423,region_IV
448,D,G,-0.2818,0.2027,-0.1708,-0.2805,-3.405,423,region_IV
448,D,H,,,,,-1.873,423,region_IV
448,D,I,,,,,-3.502,423,region_IV
448,D,K,-0.5148,-1.356,-0.2107,-1.03,-3.396,423,region_IV
448,D,L,,,,,-3.253,423,region_IV
448,D,M,-0.6399,,-0.338,-0.2949,-3.465,423,region_IV
448,D,N,-0.02727,0.09533,-0.2138,-0.3554,-3.398,423,region_IV
448,D,P,0.01586,,0.06026,-0.256,-3.239,423,region_IV
448,D,Q,,,-0.1379,,-3.431,423,region_IV
448,D,R,,,,,-3.107,423,region_IV
448,D,S,,-0.1487,0.1346,,-3.466,423,region_IV
448,D,T,-0.09774,-0.3546,0.1249,0.0005585,-3.39,423,region_IV
448,D,V,,,,,-3.179,423,region_IV
448,D,W,,,,-0.9166,-3.385,423,region_IV
448,D,Y,-0.2339,0.2489,-0.3734,-0.04172,-3.538,423,region_IV
449,T,A,0.4788,-0.2687,0.2599,0.2544,-1.952,424,region_IV
449,T,C,,-1.825,-0.324,-1.188,-2.781,424,region_IV
449,T,D,-0.8654,-0.2378,0.2726,-0.6331,-3.039,424,region_IV
449,T,E,-0.066,-0.4929,-0.1496,-0.1967,-2.817,424,region_IV
449,T,F,-0.4337,-0.3693,0.008488,-0.4722,-2.587,424,region_IV
449,T,G,-0.9672,-0.2212,-0.0921,0.2021,-3.091,424,region_IV
449,T,H,0.2884,-0.3961,-0.1136,0.3036,-2.018,424,region_IV
449,T,I,-0.04672,-0.5928,-0.153,-0.7357,-2.987,424,region_IV
449,T,K,0.4893,,0.3151,0.1099,-2.773,424,region_IV
449,T,L,-0.321,-0.7121,-0.1074,-0.02167,-3.244,424,region_IV
449,T,M,0.01547,-1.34,0.1217,,-3.432,424,region_IV
449,T,N,-0.04476,0.2287,-0.08196,-0.1712,-1.344,424,region_IV
449,T,P,,-0.8236,,0.4751,,424,region_IV
449,T,Q,0.2623,0.02991,0.0188,0.1527,-1.688,424,region_IV
449,T,R,,,,,-2.677,424,region_IV
449,T,S,-0.004056,0.0506,0.5247,0.4025,-1.264,424,region_IV
449,T,T,0,0,0,0,0,424,region_IV
449,T,V,,-0.449,-0.2265,-0.3667,-3.186,424,region_IV
449,T,W,-0.006728,-0.4555,0.1105,-0.3841,-0.9601,424,region_IV
449,T,Y,0.3153,-0.1118,0.2732,-0.3469,-2.683,424,region_IV
450,V,A,-0.6747,,0.5693,0.2578,-3.393,425,region_IV
450,V,C,,,-0.06274,-1.206,-3.234,425,region_IV
450,V,D,0.1832,0.6067,0.4637,-0.6065,-3.311,425,region_IV
450,V,E,-0.222,-0.7995,-0.2788,-0.7179,-3.281,425,region_IV
450,V,F,-0.3914,0.02213,0.1688,-0.3694,-3.45,425,region_IV
450,V,G,-1.085,-0.8648,-0.5442,-1.08,-3.256,425,region_IV
450,V,H,,,,,-3.138,425,region_IV
450,V,K,-1.533,,,,-2.99,425,region_IV
450,V,L,-0.3033,-0.2966,-0.305,0.2969,-1.504,425,region_IV
450,V,M,-0.2089,-0.9196,-0.07053,-0.223,-3.528,425,region_IV
450,V,N,,,,,-3.139,425,region_IV
450,V,P,,,,,-3.296,425,region_IV
450,V,Q,-0.9445,,0.3288,-0.4771,-3.363,425,region_IV
450,V,R,-0.5259,-0.008297,0.008154,0.6224,-3.13,425,region_IV
450,V,S,,,-0.2514,-0.297,-3.391,425,region_IV
450,V,T,-0.1596,-0.1678,-0.07363,0.5828,-3.233,425,region_IV
450,V,V,0,0,0,0,0,425,region_IV
450,V,W,-0.3812,,0.1422,-0.09551,-3.135,425,region_IV
450,V,Y,-0.3136,-1.032,-0.203,-0.2384,-2.708,425,region_IV
451,S,A,-0.0654,-0.0562,0.005807,0.2299,0.3395,426,region_IV
451,S,C,-0.9974,,-0.1571,-0.3158,-3.284,426,region_IV
451,S,D,-0.06207,-0.165,-0.008957,-0.08347,0.6781,426,region_IV
451,S,E,-0.2082,-0.1822,-0.2301,0.04335,0.1662,426,region_IV
451,S,G,-0.01029,-0.09652,0.08328,-0.1218,-0.5829,426,region_IV
451,S,H,-0.05897,-0.7505,0.2737,-0.6621,-2.414,426,region_IV
451,S,I,-0.283,-0.3335,0.1293,-0.5192,-1.381,426,region_IV
451,S,K,-0.1521,-0.6266,-0.1096,-1.12,-3.377,426,region_IV
451,S,L,-0.1222,-0.05473,0.7105,0.2194,-2.522,426,region_IV
451,S,M,0.06424,-0.1037,0.1268,-0.1092,-0.3778,426,region_IV
451,S,N,-0.2085,0.4695,0.05448,-0.9667,-1.252,426,region_IV
451,S,P,0.7604,-0.7015,0.522,0.06798,-3.067,426,region_IV
451,S,Q,-0.3634,-0.3813,-0.1322,-0.4087,-1.525,426,region_IV
451,S,R,-0.08196,0.5757,0.3612,-0.0406,-3.459,426,region_IV
451,S,S,0,0,0,0,0,426,region_IV
451,S,T,-0.1818,-0.1966,-0.1791,-0.3773,-0.1338,426,region_IV
451,S,V,-0.4388,-0.1428,-0.04988,0.2312,-0.9467,426,region_IV
451,S,W,-0.08259,,-0.1035,-0.8166,-3.111,426,region_IV
451,S,Y,0.2767,,0.3865,,-2.211,426,region_IV
452,V,A,-0.02543,0.2986,0.2805,0.3719,-3.274,427,region_IV
452,V,C,-0.3901,,-0.124,,-2.998,427,region_IV
452,V,D,-1.156,,-0.253,,-3.401,427,region_IV
452,V,E,-0.1482,0.1444,-0.2775,-1.234,-3.119,427,region_IV
452,V,F,0.08182,-1.475,-0.01461,-0.1828,-3.197,427,region_IV
452,V,G,-0.02807,-0.4827,0.4999,-0.3524,-3.074,427,region_IV
452,V,H,0.08239,-0.5198,0.06799,-0.2614,-3.271,427,region_IV
452,V,I,-0.3454,,,-0.03169,-2.518,427,region_IV
452,V,K,-0.5536,-0.7599,-0.1127,-0.1398,-3.109,427,region_IV
452,V,L,-0.7415,-1.243,-0.3656,-1.008,-3.107,427,region_IV
452,V,M,-0.3379,-1.912,-0.1889,-0.2712,-3.333,427,region_IV
452,V,N,-0.52,0.01659,-0.3092,-0.2021,-3.178,427,region_IV
452,V,P,,-0.2222,,-0.02725,-3.143,427,region_IV
452,V,Q,,,-0.1257,,-3.046,427,region_IV
452,V,R,-1.087,,,,-2.85,427,region_IV
452,V,S,-0.1732,,,,-3.242,427,region_IV
452,V,T,-0.2091,0.03633,0.3519,0.09023,-1.269,427,region_IV
452,V,V,0,0,0,0,0,427,region_IV
452,V,W,-0.2657,-0.9003,-0.06765,-0.3858,-3.369,427,region_IV
452,V,Y,-0.2252,0.1144,0.3443,-0.3515,-3.273,427,region_IV
453,G,A,-0.09044,-0.01695,0.1203,-0.7159,-3.399,428,region_IV
453,G,C,0.2256,-0.9477,0.5942,-0.1942,-3.361,428,region_IV
453,G,D,-0.7966,-1.531,0.08577,-0.01983,-3.468,428,region_IV
453,G,E,-0.7377,0.2299,0.3403,-0.2039,-3.455,428,region_IV
453,G,F,,,-0.2023,,-2.901,428,region_IV
453,G,G,0,0,0,0,0,428,region_IV
453,G,H,,,,,-2.684,428,region_IV
453,G,I,-0.02492,,0.02344,-0.1014,-3.452,428,region_IV
453,G,K,,,,,-3.248,428,region_IV
453,G,L,,,-0.2727,,-3.407,428,region_IV
453,G,M,0.06424,,-0.07083,,-3.215,428,region_IV
453,G,N,,,-0.2268,,-3.378,428,region_IV
453,G,P,,,,0.429,-3.101,428,region_IV
453,G,Q,,,,,-3.051,428,region_IV
453,G,R,-0.7731,-1.094,-0.06795,-0.007248,-3.269,428,region_IV
453,G,S,-0.2182,-0.651,,-0.3503,-3.489,428,region_IV
453,G,T,,,0.2596,,-3.186,428,region_IV
453,G,V,-0.1065,-0.6928,-0.5406,-0.4404,-3.364,428,region_IV
453,G,W,,-0.5203,-0.3139,-0.1037,-3.354,428,region_IV
453,G,Y,,,,,-3.104,428,region_IV
454,N,A,,,-0.1506,,-3.459,429,region_IV
454,N,C,,,,,-1.401,429,region_IV
454,N,D,-0.5818,,-0.3025,-1.247,-3.46,429,region_IV
454,N,E,,-1.412,-0.2359,-0.7135,-3.251,429,region_IV
454,N,F,,,,,-3.518,429,region_IV
454,N,G,-0.5699,,0.5209,-0.7785,-3.311,429,region_IV
454,N,H,,,-0.0289,-1.313,-3.511,429,region_IV
454,N,I,0.2655,,0.01627,,-3.465,429,region_IV
454,N,K,,,-0.2235,,-3.494,429,region_IV
454,N,L,-0.0228,,-0.1379,,-3.49,429,region_IV
454,N,M,,,,,-3.457,429,region_IV
454,N,N,0,0,0,0,0,429,region_IV
454,N,P,,,,,-3.437,429,region_IV
454,N,Q,0.2463,,-0.1837,0.09614,-3.436,429,region_IV
454,N,R,,,,,-3.474,429,region_IV
454,N,S,-0.3058,,-0.3528,0.2235,-3.482,429,region_IV
454,N,T,,,,,-3.462,429,region_IV
454,N,V,,,0.00943,-0.2436,-3.425,429,region_IV
454,N,W,,,,,-3.333,429,region_IV
454,N,Y,,,,,-3.515,429,region_IV
455,T,A,-0.797,-0.8502,-0.5954,-1.043,-3.12,430,region_IV
455,T,C,-0.1717,,0.4001,-0.08204,-1.614,430,region_IV
455,T,D,,,,,-3.167,430,region_IV
455,T,E,-0.00493,,-0.4771,-1.352,-3.419,430,region_IV
455,T,F,,-0.02931,,-1.022,-3.5,430,region_IV
455,T,G,-0.6088,-0.01069,-0.1653,-0.04769,-2.931,430,region_IV
455,T,H,,,,,-3.478,430,region_IV
455,T,I,-0.1056,0.07098,-0.2422,-0.4058,-0.2028,430,region_IV
455,T,K,,-1.54,0.551,,-3.483,430,region_IV
455,T,L,,,,,-3.103,430,region_IV
455,T,M,,,,-0.4583,-3.152,430,region_IV
455,T,N,-0.228,-1.555,-0.06097,-0.8085,-3.239,430,region_IV
455,T,P,-0.06122,,,,-2.034,430,region_IV
455,T,Q,-0.1419,0.03686,-0.3386,-0.02134,-1.674,430,region_IV
455,T,R,,,,,-3.123,430,region_IV
455,T,S,-0.01612,-0.2323,-0.1941,0.1557,-1.383,430,region_IV
455,T,T,0,0,0,0,0,430,region_IV
455,T,V,-0.03019,0.3501,0.5314,0.331,-1.261,430,region_IV
455,T,W,,,,,-3.439,430,region_IV
455,T,Y,,,-0.1221,,-3.452,430,region_IV
456,L,A,-0.8289,,,,-1.263,431,region_IV
456,L,C,-0.0923,-0.02596,0.1112,0.6717,1.33,431,region_IV
456,L,D,0.1006,-0.1356,-0.06692,0.1266,-0.1982,431,region_IV
456,L,E,0.1862,0.4201,0.4992,0.4886,-0.3549,431,region_IV
456,L,F,0.1635,-0.5593,0.01103,0.1256,-1.724,431,region_IV
456,L,G,0.03948,-0.04349,0.1288,0.6615,-0.4083,431,region_IV
456,L,H,0.1513,,0.07702,-0.03932,-1.457,431,region_IV
456,L,I,0.1504,0.1611,0.05817,0.3298,0.2018,431,region_IV
456,L,K,-0.1175,,0.07126,0.1958,-1.274,431,region_IV
456,L,L,0,0,0,0,0,431,region_IV
456,L,M,-0.1379,0.005288,0.05982,0.1689,-0.2361,431,region_IV
456,L,N,0.01493,,-0.1122,0.07598,0.2226,431,region_IV
456,L,P,-1.818,,0.0852,,-3.484,431,region_IV
456,L,Q,-0.0333,-0.1298,0.06081,0.2366,0.6786,431,region_IV
456,L,R,0.1333,0.1925,0.1488,0.3814,-1.128,431,region_IV
456,L,S,,,,,-3.409,431,region_IV
456,L,T,,,,,-3.447,431,region_IV
456,L,V,0.005369,0.1735,0.3921,0.2069,0.5917,431,region_IV
456,L,W,-0.08033,-1.363,-0.2632,-0.5952,-2.651,431,region_IV
456,L,Y,-0.2887,-0.3349,-0.1899,-0.549,-1.652,431,region_IV
457,Y,A,,,,,-2.228,432,region_IV
457,Y,C,,,,,-3.165,432,region_IV
457,Y,D,,,,-1.039,-3.449,432,region_IV
457,Y,E,-0.576,-0.01076,-0.0504,-0.09762,-3.059,432,region_IV
457,Y,F,0.1471,0.323,0.3345,0.1626,-0.5522,432,region_IV
457,Y,H,-0.2339,-0.3985,0.1577,-0.03687,-1.308,432,region_IV
457,Y,I,,,0.003741,,-0.7864,432,region_IV
457,Y,K,-0.4046,-0.8797,-0.2779,0.6886,-3.362,432,region_IV
457,Y,L,-0.1581,-0.7301,0.09453,0.3719,-1.802,432,region_IV
457,Y,M,,,0.8002,0.2477,-3.156,432,region_IV
457,Y,N,-0.1776,-0.2999,0.2382,0.05228,-0.224,432,region_IV
457,Y,Q,-0.1964,-1.156,-0.1261,-0.4774,-2.925,432,region_IV
457,Y,R,0.2448,,,,-3.181,432,region_IV
457,Y,S,-0.04161,-0.07019,0.5783,0.7036,-1.042,432,region_IV
457,Y,T,-0.1243,-0.4727,0.6853,0.02431,-1.796,432,region_IV
457,Y,V,-0.04329,-0.3699,0.6102,0.4351,-1.801,432,region_IV
457,Y,W,0.2406,0.5728,0.5251,0.1354,-0.4988,432,region_IV
457,Y,Y,0,0,0,0,0,432,region_IV
458,Y,C,,,-0.2265,,-3.321,433,region_IV
458,Y,D,,,,,-3.404,433,region_IV
458,Y,E,,,,,-2.737,433,region_IV
458,Y,F,,,,0.3825,-2.572,433,region_IV
458,Y,G,,,,,-3.416,433,region_IV
458,Y,H,,-1.39,,,-3.117,433,region_IV
458,Y,K,,,,,-3.138,433,region_IV
458,Y,L,,,,,-3.301,433,region_IV
458,Y,M,,,,,-3.433,433,region_IV
458,Y,N,-0.5187,-0.07807,0.6268,0.2369,-2.736,433,region_IV
458,Y,R,,,1.163,,-3.192,433,region_IV
458,Y,S,,,,,-3.261,433,region_IV
458,Y,W,,,,,-3.121,433,region_IV
458,Y,Y,0,0,0,0,0,433,region_IV
459,V,A,-0.4398,-1.447,0.05034,0.6538,-2.92,434,region_IV
459,V,C,-0.01242,-0.6085,1.403,-0.6732,-3.279,434,region_IV
459,V,D,-0.5054,,-0.2323,-0.03917,-3.155,434,region_IV
459,V,E,-1.226,,-0.347,,-3.2,434,region_IV
459,V,F,-0.05501,,0.06034,-1.517,-3.224,434,region_IV
459,V,G,-0.1444,-0.2493,0.0378,-0.2225,-3.37,434,region_IV
459,V,H,,-0.55,-0.2869,0.4321,-3.136,434,region_IV
459,V,I,0.121,-0.1713,-0.256,-0.4596,-1.161,434,region_IV
459,V,K,,,,,-3.192,434,region_IV
459,V,L,-0.2075,-0.3317,-0.01202,-0.173,-1.985,434,region_IV
459,V,M,-0.008396,-0.6095,-0.5358,-0.2212,-1.672,434,region_IV
459,V,N,-0.1271,-0.4025,-0.05819,-0.07869,-3.144,434,region_IV
459,V,P,-0.02144,,-0.06973,-0.86,-3.319,434,region_IV
459,V,Q,-0.3057,0.1247,-0.005772,-0.6692,-3.166,434,region_IV
459,V,S,0.7908,0.4693,0.04526,0.1104,,434,region_IV
459,V,T,-0.04378,0.3458,-0.1445,-0.1211,-3.271,434,region_IV
459,V,V,0,0,0,0,0,434,region_IV
459,V,W,-0.5086,,-0.555,,-3.181,434,region_IV
459,V,Y,-0.8188,,-0.08167,-0.3643,-3.2,434,region_IV
460,N,A,0.03922,-1.508,-0.2485,-0.8711,-3.439,435,region_IV
460,N,C,-0.3741,-0.08764,0.5296,-0.07548,-3.058,435,region_IV
460,N,D,,,,,-2.611,435,region_IV
460,N,E,-0.1888,-0.17,0.2678,-0.08575,-1.333,435,region_IV
460,N,F,-0.02943,-1.042,-0.3891,-0.6667,-2.25,435,region_IV
460,N,G,,,,-1.132,-3.432,435,region_IV
460,N,H,-0.05396,-0.1895,-0.4103,-0.3863,-2.371,435,region_IV
460,N,I,-0.2376,-0.88,-0.1132,-0.3342,-2.999,435,region_IV
460,N,K,-0.7838,,0.02691,-0.1066,-3.462,435,region_IV
460,N,L,-0.3426,0.5638,-0.3143,-0.5092,-2.14,435,region_IV
460,N,M,-0.01702,-0.8727,-0.1166,-1.364,-2.134,435,region_IV
460,N,N,0,0,0,0,0,435,region_IV
460,N,P,-0.03646,,-0.02902,-0.2643,-3.437,435,region_IV
460,N,Q,0.5193,,-0.07613,-0.6639,-2.703,435,region_IV
460,N,R,-0.6554,-1.853,-0.2451,-1.582,-3.132,435,region_IV
460,N,S,-0.09979,0.1981,0.1394,,-3.345,435,region_IV
460,N,T,,,-0.362,,-3.404,435,region_IV
460,N,V,0.2049,,-0.117,-0.1581,-2.996,435,region_IV
460,N,W,0.04856,-0.4975,-0.5221,0.0812,-0.3019,435,region_IV
460,N,Y,-0.04804,,,,-2.36,435,region_IV
461,K,A,0.396,,-0.2537,,-0.4479,436,region_IV
461,K,C,0.001716,-0.1202,-0.3074,0.1608,-0.9526,436,region_IV
461,K,D,,,,,-1.591,436,region_IV
461,K,E,-0.1406,-0.4002,-0.1852,0.02239,-2.609,436,region_IV
461,K,F,,,-0.2315,-0.8879,-2.026,436,region_IV
461,K,G,0.1148,0.29,-0.2401,-0.01186,-3.463,436,region_IV
461,K,H,0.3037,,,,-2.7,436,region_IV
461,K,I,-0.1379,-0.08391,-0.1017,0.3063,-0.7851,436,region_IV
461,K,K,0,0,0,0,0,436,region_IV
461,K,L,,,-0.2673,-0.5841,-3.128,436,region_IV
461,K,M,-0.1309,,-0.212,0.5098,-2.54,436,region_IV
461,K,N,-0.04286,-0.00734,0.1032,0.2963,-2.9,436,region_IV
461,K,P,,,,,-1.317,436,region_IV
461,K,Q,-0.7517,,,,-1.21,436,region_IV
461,K,R,-0.2018,-0.7307,-0.2053,-0.1809,-1.886,436,region_IV
461,K,S,-0.4319,-0.195,-0.1773,0.3548,-0.4638,436,region_IV
461,K,T,-0.05982,-0.6411,-0.2701,-0.3066,-1.458,436,region_IV
461,K,V,-0.2974,-0.4215,-0.2587,-0.1189,-0.4954,436,region_IV
461,K,W,-0.6595,,-0.2537,-0.9817,-2.747,436,region_IV
461,K,Y,-0.3646,-0.9339,-0.1702,-0.3645,-1.722,436,region_IV
462,Q,A,0.004121,0.2275,0.2497,-0.01116,0.1188,437,region_IV
462,Q,C,-0.7368,,-0.06314,-0.01014,-1.631,437,region_IV
462,Q,D,0.03507,0.2601,0.4221,0.483,-0.1385,437,region_IV
462,Q,E,-0.02663,-0.01475,0.1859,0.3686,1.237,437,region_IV
462,Q,F,0.05909,0.1907,0.1556,0.3752,0.3191,437,region_IV
462,Q,G,-0.01792,0.103,0.3436,-0.268,0.813,437,region_IV
462,Q,H,-0.01908,0.5471,0.1947,0.246,-0.01455,437,region_IV
462,Q,I,-0.1321,0.004217,0.007813,0.2635,-0.1607,437,region_IV
462,Q,K,-0.0266,-0.1397,-0.2495,0.03977,-0.9531,437,region_IV
462,Q,M,-0.153,0.1986,-0.05277,0.4057,0.3825,437,region_IV
462,Q,N,-0.2049,0.2462,0.1029,0.142,0.6733,437,region_IV
462,Q,P,0.1819,,,,-1.876,437,region_IV
462,Q,Q,0,0,0,0,0,437,region_IV
462,Q,R,-0.4186,,,,-1.441,437,region_IV
462,Q,S,-0.7293,0.2742,1.565,,-3.237,437,region_IV
462,Q,T,,,,,-3.474,437,region_IV
462,Q,W,-0.2686,,,,-0.06408,437,region_IV
462,Q,Y,0.07601,0.2333,0.3088,-0.04421,0.02525,437,region_IV
463,E,A,0.2489,-0.9376,-0.7633,-0.6058,-0.7102,438,region_IV
463,E,C,0.07907,0.1093,0.1907,0.6039,0.2377,438,region_IV
463,E,D,-0.001267,0.07127,-0.2358,0.05806,-0.1357,438,region_IV
463,E,E,0,0,0,0,0,438,region_IV
463,E,F,0.2884,0.3498,0.26,-0.146,-0.9764,438,region_IV
463,E,G,-0.1147,-0.02814,0.1727,0.1598,-1.518,438,region_IV
463,E,H,-0.05624,0.1452,-0.07523,-0.3893,-0.9001,438,region_IV
463,E,I,0.04135,0.0326,0.02746,-1.134,-0.8818,438,region_IV
463,E,K,-0.4404,-0.3925,-0.1158,-0.6433,-3.133,438,region_IV
463,E,L,-0.4706,0.03518,-0.01332,-0.6421,-1.478,438,region_IV
463,E,M,,-0.02047,,,-0.9411,438,region_IV
463,E,N,0.1207,-0.3063,-0.1592,-0.2624,-0.4668,438,region_IV
463,E,P,0.06042,0.13,-0.009096,-0.2352,-0.6872,438,region_IV
463,E,Q,0.2688,0.04446,-0.03097,-0.6429,-0.6505,438,region_IV
463,E,R,,,,,-1.965,438,region_IV
463,E,S,-0.6846,,-0.06477,,-1.264,438,region_IV
463,E,T,,,,,-0.7278,438,region_IV
463,E,V,0.4416,0.2294,-0.04618,-0.5325,-0.6443,438,region_IV
463,E,W,-0.01436,-0.4364,0.07723,-0.1527,-0.9621,438,region_IV
463,E,Y,0.01493,-0.06022,-0.1137,-0.00408,-0.9889,438,region_IV
464,G,A,-0.1848,-0.1181,0.964,0.0691,-3.037,439,region_IV
464,G,C,0.2321,-0.1254,-0.3343,-0.6142,-3.072,439,region_IV
464,G,D,-0.7162,-0.855,-0.07301,-0.6521,-3.324,439,region_IV
464,G,E,-0.379,-1.225,-0.2057,-0.2708,-3.462,439,region_IV
464,G,F,-0.4008,-1.489,0.2657,-0.0585,-3.243,439,region_IV
464,G,G,0,0,0,0,0,439,region_IV
464,G,H,,-1.122,0.2213,-0.5869,-3.364,439,region_IV
464,G,I,-0.01741,,-0.08439,-0.3945,-3.452,439,region_IV
464,G,K,,,,0.06791,-3.301,439,region_IV
464,G,L,,,,-0.1416,-2.989,439,region_IV
464,G,M,-0.5763,0.1295,-0.1498,-0.1957,-3.074,439,region_IV
464,G,N,,,,,-3.353,439,region_IV
464,G,P,-0.1677,-0.7365,0.6158,-0.111,-3.22,439,region_IV
464,G,Q,0.2443,0.6546,0.1425,-0.6874,-3.354,439,region_IV
464,G,R,-0.2197,-0.5903,0.2539,0.1383,-3.242,439,region_IV
464,G,S,-0.02865,0.2822,0.03052,0.5664,-3.302,439,region_IV
464,G,T,-0.9496,,-0.3849,,-3.275,439,region_IV
464,G,V,-0.7942,-1.196,-0.2408,-0.0998,-3.432,439,region_IV
464,G,W,-0.5148,-0.8643,-0.03318,-0.7265,-3.505,439,region_IV
464,G,Y,0.008052,,-0.3712,-0.3518,-3.418,439,region_IV
465,K,A,0.2106,0.7123,0.1252,-0.2157,0.3362,440,region_IV
465,K,C,0.016,,-0.05206,0.3197,-2.291,440,region_IV
465,K,D,-0.2241,0.0527,0.2461,0.3456,-0.7184,440,region_IV
465,K,E,0.005378,0.2344,0.7793,0.3219,-0.3728,440,region_IV
465,K,F,-0.01168,-0.2615,0.2113,0.4248,-0.1033,440,region_IV
465,K,G,0.1068,0.303,0.1211,0.0224,-0.3187,440,region_IV
465,K,H,0.02162,0.163,-0.09723,0.3814,-0.03803,440,region_IV
465,K,I,0.179,0.6653,-0.1072,-0.006708,-0.6869,440,region_IV
465,K,K,0,0,0,0,0,440,region_IV
465,K,L,-0.09161,-0.2409,0.3356,0.5478,-1.403,440,region_IV
465,K,M,0.0212,0.3296,0.1746,0.3936,0.107,440,region_IV
465,K,N,-0.3387,-0.0008774,-0.004228,-0.0009035,-0.1045,440,region_IV
465,K,Q,0.1233,0.1951,0.1239,0.4874,0.3967,440,region_IV
465,K,R,-0.1689,-0.02047,-0.1849,-0.1208,-0.7878,440,region_IV
465,K,S,0.003845,-0.03812,0.1552,0.2072,0.2013,440,region_IV
465,K,T,0.006529,0.3389,0.2392,0.307,0.02665,440,region_IV
465,K,V,-0.2072,-0.08248,0.1221,0.3792,-0.6534,440,region_IV
465,K,W,-0.2617,-0.06618,0.2435,0.1707,0.3462,440,region_IV
465,K,Y,-0.1195,0.1239,0.2362,0.1161,-0.1416,440,region_IV
466,S,A,-0.203,0.2354,0.01902,0.02465,0.3826,441,region_IV
466,S,D,-0.2917,-0.5707,0.2147,0.7225,-2.194,441,region_IV
466,S,E,0.05153,,,1.284,-1.36,441,region_IV
466,S,F,-0.2467,-0.678,-0.27,-0.3533,-1.377,441,region_IV
466,S,G,0.396,,0.03194,,-1.328,441,region_IV
466,S,H,0.3237,-0.1765,-0.01992,-0.4129,-0.3803,441,region_IV
466,S,I,0.07726,-0.4688,-0.1643,-0.3426,-0.3966,441,region_IV
466,S,K,0.08746,0.6008,-0.2547,-0.03156,-2.803,441,region_IV
466,S,L,0.1449,-0.1063,0.4784,-0.4395,-2.558,441,region_IV
466,S,M,-0.2505,-0.8028,-0.2562,-0.5736,-0.7618,441,region_IV
466,S,N,0.1119,0.1121,0.04881,0.2877,0.1873,441,region_IV
466,S,P,-0.07764,-0.4144,-0.253,-0.08264,-0.4152,441,region_IV
466,S,Q,0.2036,-0.137,0.05532,0.05313,0.2227,441,region_IV
466,S,R,,-0.7669,-0.2481,-1.113,-3.242,441,region_IV
466,S,S,0,0,0,0,0,441,region_IV
466,S,T,0.1571,,-0.2738,-0.354,-1.178,441,region_IV
466,S,V,0.02501,-0.02005,-0.1062,0.257,0.3416,441,region_IV
466,S,W,-0.1049,-0.8851,-0.2334,0.6821,-1.405,441,region_IV
466,S,Y,0.06961,-1.091,-0.1896,0.8008,-1.743,441,region_IV
467,L,A,-0.3881,,,,,442,region_IV
467,L,C,-0.2212,-0.05983,-0.08484,0.6994,0.05195,442,region_IV
467,L,D,-0.5384,-0.4852,-0.5087,0.09581,-0.9122,442,region_IV
467,L,E,-0.4672,-0.3105,0.2125,0.2232,-0.2637,442,region_IV
467,L,G,-0.8962,,-0.2888,,-2.467,442,region_IV
467,L,K,-0.3486,,0.0438,-0.5958,-1.036,442,region_IV
467,L,L,0,0,0,0,0,442,region_IV
467,L,M,-0.09411,0.1779,0.06106,-0.1899,-0.1441,442,region_IV
467,L,P,-0.3073,0.3523,0.0754,-0.001345,-3.099,442,region_IV
467,L,Q,-0.2122,-0.4297,0.3068,-0.1263,-0.5095,442,region_IV
467,L,R,,,,,-2.469,442,region_IV
467,L,S,-0.7045,,-0.2783,-0.3236,-0.7326,442,region_IV
467,L,T,-0.00476,0.04162,0.003622,0.282,-0.7907,442,region_IV
467,L,V,-0.1293,,0.04194,-0.07752,-0.4223,442,region_IV
467,L,W,0.05498,-0.1023,0.06858,0.04584,0.04678,442,region_IV
467,L,Y,-0.1393,-0.1317,0.5277,0.09719,-0.4641,442,region_IV
468,Y,A,,,,-1.012,-3.108,443,region_IV
468,Y,C,-0.2563,-0.9454,-0.2669,,-3.163,443,region_IV
468,Y,D,,,-0.05217,,-3.104,443,region_IV
468,Y,E,0.3556,,-0.1323,0.01946,-3.284,443,region_IV
468,Y,F,-0.03644,-0.701,-0.4505,-0.3847,-0.2724,443,region_IV
468,Y,G,,,,,-3.147,443,region_IV
468,Y,H,0.4534,-0.5713,-0.04652,-0.2296,-3.238,443,region_IV
468,Y,I,0.003096,-0.9324,-0.1292,-0.7633,-1.655,443,region_IV
468,Y,K,-0.3518,-0.0828,0.03809,-0.01356,-2.131,443,region_IV
468,Y,L,0.7508,0.07967,-0.03248,-0.5114,-2.391,443,region_IV
468,Y,M,-0.01048,-0.5731,0.2777,-0.699,-1.539,443,region_IV
468,Y,N,,,,,-3.188,443,region_IV
468,Y,P,0.04903,0.8396,-0.5615,-0.08066,-3.034,443,region_IV
468,Y,R,,,,,-3.128,443,region_IV
468,Y,S,-0.1227,,-0.2834,-0.732,-3.252,443,region_IV
468,Y,T,-0.8854,,-0.01881,-0.9692,-3.227,443,region_IV
468,Y,V,-0.1177,-0.0654,-0.1119,0.3597,-1.211,443,region_IV
468,Y,W,0.3098,-0.09933,-0.1136,-1.097,-2.396,443,region_IV
468,Y,Y,0,0,0,0,0,443,region_IV
469,V,A,-0.0009536,0.03488,0.8923,-0.1346,-1.573,444,region_IV
469,V,C,-0.1714,-0.02997,-0.06778,-0.04161,-2.005,444,region_IV
469,V,D,-0.228,-0.2323,0.3881,-0.07577,-3.021,444,region_IV
469,V,E,-0.277,-0.1336,-0.1982,0.6826,-2.043,444,region_IV
469,V,F,-0.06023,-0.6703,0.3752,0.1558,-1.109,444,region_IV
469,V,G,-0.3826,0.1302,0.2187,0.04042,-2.861,444,region_IV
469,V,H,0.09782,-0.144,0.01205,0.28,-0.6061,444,region_IV
469,V,I,0.08712,0.4239,0.0007499,0.1819,-0.1729,444,region_IV
469,V,K,-0.0612,-1.107,0.5016,-0.03086,-1.887,444,region_IV
469,V,L,-0.2828,-0.2542,0.1437,-0.1693,-1.033,444,region_IV
469,V,M,-0.1585,0.3709,-0.2064,-0.1545,-1.112,444,region_IV
469,V,N,-0.212,0.1327,0.3297,0.2148,-0.7256,444,region_IV
469,V,P,-0.3133,,,,-3.106,444,region_IV
469,V,Q,-0.264,0.2869,0.1205,-0.1682,-1.098,444,region_IV
469,V,R,,,,,-1.284,444,region_IV
469,V,S,0.0932,0.7025,0.393,-0.1019,-2.353,444,region_IV
469,V,T,0.08484,,,-0.2664,-1.669,444,region_IV
469,V,V,0,0,0,0,0,444,region_IV
469,V,W,-0.2143,-0.0141,,,-1.45,444,region_IV
469,V,Y,0.04575,0.7873,0.374,,-0.2621,444,region_IV
470,K,A,0.06021,0.06147,0.4312,-0.3069,-0.5142,445,region_IV
470,K,C,0.1751,-0.2986,0.732,,-1.421,445,region_IV
470,K,D,-0.357,0.003089,0.2367,1.7,-0.06403,445,region_IV
470,K,E,-0.2365,-0.2284,0.4216,2.344,-0.07003,445,region_IV
470,K,F,-0.2596,0.09598,-0.176,,-1.204,445,region_IV
470,K,G,-0.2125,0.02358,-0.439,0.77,-0.5593,445,region_IV
470,K,H,-0.1482,,,-0.05061,0.09067,445,region_IV
470,K,I,-0.0193,-0.1919,-0.02985,0.3654,0.9688,445,region_IV
470,K,K,0,0,0,0,0,445,region_IV
470,K,L,-0.06319,-0.2508,0.08519,0.6993,-0.3992,445,region_IV
470,K,M,-0.06883,-0.237,0.158,1.027,0.3618,445,region_IV
470,K,N,0.2036,-0.1209,0.135,0.861,0.2814,445,region_IV
470,K,P,-0.2746,-0.002248,0.3143,0.6309,-0.7954,445,region_IV
470,K,Q,-0.01035,0.1846,-0.008365,0.1337,-0.7092,445,region_IV
470,K,R,0.01925,-0.1066,0.1042,0.06912,-0.04979,445,region_IV
470,K,S,-0.1676,-0.03254,0.3478,0.5322,0.2444,445,region_IV
470,K,T,-0.2084,0.0001454,0.1231,1.262,-0.07574,445,region_IV
470,K,V,0.1526,-0.02726,0.2394,1.207,-0.02802,445,region_IV
470,K,W,0.02032,0.004055,0.1129,0.872,-0.8789,445,region_IV
470,K,Y,0.022,-0.203,0.1729,0.05156,-0.1032,445,region_IV
471,G,A,0.1248,-0.469,0.1305,0.3829,-1.005,446,region_IV
471,G,C,0.3601,,-0.04204,-0.1823,-3.23,446,region_IV
471,G,D,-0.08689,-1.525,-0.08087,-0.1017,-3.248,446,region_IV
471,G,E,-0.4407,-0.7823,-0.4759,0.01512,-3.244,446,region_IV
471,G,F,-0.9647,-0.7051,-0.1367,-0.2096,-3.373,446,region_IV
471,G,G,0,0,0,0,0,446,region_IV
471,G,H,-0.4979,,-0.356,0.07441,-3.416,446,region_IV
471,G,I,0.2589,,-0.1103,,-3.041,446,region_IV
471,G,K,-0.3388,-0.3736,-0.1873,-0.1987,-2.95,446,region_IV
471,G,L,0.0624,-1.055,-0.4264,,-3.242,446,region_IV
471,G,M,0.2855,0.1659,,,-3.38,446,region_IV
471,G,N,-0.4005,0.7208,-0.1757,0.3213,-3.221,446,region_IV
471,G,P,-0.2218,,-0.2109,-0.562,-3.212,446,region_IV
471,G,Q,-0.3821,-0.1435,0.04329,-0.2041,-2.485,446,region_IV
471,G,R,0.1095,-1.012,-0.2113,-0.3564,-3.255,446,region_IV
471,G,S,-0.2956,-1.269,0.2035,-0.02215,-0.8839,446,region_IV
471,G,T,-0.0123,-0.6154,0.09989,-0.4107,-3.38,446,region_IV
471,G,V,-0.302,-0.6715,-0.2499,-0.6855,-3.349,446,region_IV
471,G,W,,,,,-2.567,446,region_IV
471,G,Y,-0.8102,,-0.09007,-0.5645,-3.288,446,region_IV
472,E,A,0.05304,-0.3452,0.06764,-0.1849,-0.8966,447,none
472,E,C,-0.4865,-0.5281,-0.005227,-0.5221,-1.334,447,none
472,E,D,0.01828,,-0.02818,-0.2934,-0.009192,447,none
472,E,E,0,0,0,0,0,447,none
472,E,F,0.1463,0.0701,-0.1879,-0.1501,-0.2974,447,none
472,E,G,0.0247,-0.3835,-0.01618,-0.08248,-1.389,447,none
472,E,H,-0.25,-0.2457,-0.2747,-0.255,-0.6849,447,none
472,E,I,-0.2427,0.01192,-0.4593,-0.4713,-0.9424,447,none
472,E,K,0.05563,0.1045,0.07061,-0.1899,-0.9069,447,none
472,E,L,-0.2509,-0.01812,0.02979,-0.1224,-0.538,447,none
472,E,M,-0.29,-0.3278,-0.2659,-0.2023,0.293,447,none
472,E,N,-0.1835,-0.1262,0.2147,-0.7043,-0.1151,447,none
472,E,P,0.2794,0.3539,0.28,-0.1272,-1.619,447,none
472,E,Q,-0.00442,-0.0485,-0.02922,-0.2658,0.06846,447,none
472,E,R,-0.0742,0.01216,-0.1707,-0.6089,-1.772,447,none
472,E,S,0.01435,0.06482,-0.01934,-0.6471,-0.4498,447,none
472,E,T,-0.3611,-0.7396,-0.5053,0.1294,-0.84,447,none
472,E,V,0.04021,-0.07108,0.06854,-0.0212,-0.23,447,none
472,E,W,-0.3684,-0.3635,-0.4123,-0.47,-1.521,447,none
472,E,Y,-0.1028,-0.866,-0.2735,-0.01607,-0.4949,447,none
473,P,A,0.06401,0.01082,0.3316,0.1059,-0.817,448,none
473,P,C,-0.3217,-0.8765,-0.1853,-0.2146,-3.186,448,none
473,P,D,-0.9323,,-0.2295,-1.214,-3.196,448,none
473,P,E,0.1345,0.1447,0.1021,0.1213,-1.52,448,none
473,P,F,-1.247,,-0.267,-0.0008541,-3.503,448,none
473,P,G,,,,,-3.207,448,none
473,P,H,-0.5481,-0.7623,-0.2449,-0.4336,-3.121,448,none
473,P,I,0.1393,-0.1365,-0.0773,-0.1868,-3.474,448,none
473,P,K,-0.197,,-0.2591,,-3.154,448,none
473,P,L,-0.3575,-1.104,-0.6768,0.2726,-3.424,448,none
473,P,M,-0.6078,,,,-3.199,448,none
473,P,N,,,,,-3.021,448,none
473,P,P,0,0,0,0,0,448,none
473,P,Q,-0.129,-0.4504,0.2797,-0.2727,-3.426,448,none
473,P,R,-0.5052,-0.9369,-0.06622,-0.4405,-3.115,448,none
473,P,S,-0.3523,-0.3831,-0.3027,-0.7966,-3.239,448,none
473,P,T,0.1654,-0.8453,-0.08135,-0.1899,-3.075,448,none
473,P,V,,,,,-3.258,448,none
473,P,W,-0.1874,-2.445,-0.1051,-0.204,-3.391,448,none
473,P,Y,-0.5361,0.3132,0.2501,-0.6731,-3.29,448,none
474,I,A,-0.3449,-0.7739,0.9989,-0.4869,-3.428,449,none
474,I,C,0.4761,-0.3385,-0.048,-0.3214,-3.265,449,none
474,I,D,0.004006,0.1088,0.2956,-0.08059,-3.383,449,none
474,I,E,-0.05004,,,-0.2005,-3.386,449,none
474,I,F,0.1399,,0.46,-0.1223,-2.326,449,none
474,I,G,-0.1914,-0.8192,-0.03166,-0.08136,-3.446,449,none
474,I,H,-0.973,,0.0231,-0.3284,-2.898,449,none
474,I,I,0,0,0,0,0,449,none
474,I,K,0.1696,-2.064,0.01371,-0.7085,-3.332,449,none
474,I,L,0.06951,-0.6304,-0.4144,-0.3107,-3.249,449,none
474,I,M,-0.257,0.4838,0.007879,-0.2346,-2.894,449,none
474,I,N,-0.4129,,0.8354,-0.3377,-3.23,449,none
474,I,P,-0.1099,-0.8388,0.7171,-0.8421,-3.199,449,none
474,I,Q,0.005359,,0.05192,,-3.481,449,none
474,I,R,,,,,-3.165,449,none
474,I,S,-0.8865,-1.613,-0.1073,-1.225,-3.215,449,none
474,I,T,-0.07556,-1.026,-0.1916,-0.1846,-3.117,449,none
474,I,V,-0.2269,0.04587,-0.05108,0.2565,-1.062,449,none
474,I,W,,,0.002363,,-3.348,449,none
474,I,Y,-0.3895,-1.069,-0.1236,-0.4107,-3.279,449,none
475,I,A,-0.2985,,-0.8827,-0.6407,-3.357,450,none
475,I,C,,,0.7087,,-3.231,450,none
475,I,D,-0.08026,0.201,-0.2703,0.2199,-3.256,450,none
475,I,E,0.04478,-0.1824,0.007541,-0.05862,-3.236,450,none
475,I,F,-0.7144,-1.528,-0.2762,-0.8083,-3.457,450,none
475,I,G,-0.225,,0.3174,-0.4919,-3.116,450,none
475,I,H,-0.2296,0.4245,-0.1718,-0.3455,-3.085,450,none
475,I,I,0,0,0,0,0,450,none
475,I,L,,-0.832,,,-1.869,450,none
475,I,M,,,,,-3.314,450,none
475,I,N,0.1357,,-0.5336,-0.1771,-3.476,450,none
475,I,P,-0.2027,-1.187,-0.01589,-0.2704,-3.289,450,none
475,I,Q,,,,,-2.99,450,none
475,I,R,0.02275,,,,-3.297,450,none
475,I,S,-0.09021,,,-0.1632,-3.3,450,none
475,I,T,-0.5909,-1.275,-0.1415,-0.4773,-3.244,450,none
475,I,V,0.3477,,-0.1659,-0.4482,-2.325,450,none
475,I,W,,,,,-3.346,450,none
475,I,Y,-0.5598,-0.1796,0.1634,-0.1379,-3.333,450,none
476,N,A,0.3656,-0.8237,0.08386,0.1556,-0.4977,451,none
476,N,C,-0.06582,-1.105,-0.04935,-0.06305,-2.104,451,none
476,N,D,-0.3052,-0.01633,-0.07119,0.05136,-0.2384,451,none
476,N,E,-0.04507,0.1024,0.1351,0.2067,-0.768,451,none
476,N,F,-0.05282,-0.09147,-0.03622,-0.5174,-0.5653,451,none
476,N,G,-0.07871,-0.4089,0.04271,-0.05722,-0.3027,451,none
476,N,H,0.1346,0.0633,0.3854,0.07527,-0.07105,451,none
476,N,I,0.2621,0.2558,0.2431,0.164,-0.9043,451,none
476,N,K,-0.03645,-0.341,0.1103,0.03944,-0.5007,451,none
476,N,L,0.07405,-0.05901,-0.2323,-0.0111,-1.374,451,none
476,N,M,0.05852,0.01267,0.285,0.03561,-0.6354,451,none
476,N,N,0,0,0,0,0,451,none
476,N,P,,,,,-3.275,451,none
476,N,Q,-0.01206,-0.3418,0.0543,0.2375,-0.06725,451,none
476,N,R,0.0444,0.06254,-0.08418,,-0.171,451,none
476,N,S,-0.04192,0.3749,0.1051,0.08313,-0.237,451,none
476,N,T,0.1744,0.199,0.1529,0.2576,-1.068,451,none
476,N,V,-1.06,,-0.04203,0.06408,-1.05,451,none
476,N,W,0.009043,0.05529,-0.162,-0.05782,-1.2,451,none
476,N,Y,0.0148,-0.2179,0.1107,0.1449,-0.2044,451,none
477,F,A,-0.00658,0.0198,-0.1608,-0.1922,-1.764,452,none
477,F,C,,,,,-1.659,452,none
477,F,D,,,,,-3.328,452,none
477,F,E,0.2105,0.2749,-0.3796,-0.8635,-3.101,452,none
477,F,F,0,0,0,0,0,452,none
477,F,G,-0.5375,-0.2958,0.2334,-0.4895,-2.286,452,none
477,F,H,-0.1453,-0.01463,0.06982,0.179,-0.8622,452,none
477,F,I,0.07538,0.3572,-0.1523,0.02697,-1.555,452,none
477,F,K,-0.7517,-0.776,-0.08473,-0.1584,-2.214,452,none
477,F,L,-0.2881,-0.2304,0.02508,-0.2031,-1.18,452,none
477,F,M,0.5063,-0.4893,-0.002814,-0.1627,-1.446,452,none
477,F,N,0.03019,0.1886,0.00141,0.1405,-1.456,452,none
477,F,P,-0.6983,-0.314,-0.1856,-0.6778,-3.378,452,none
477,F,Q,-0.2859,,,,-2.359,452,none
477,F,R,-0.6832,,-0.1016,-0.496,-2.726,452,none
477,F,S,-0.5769,0.007516,-0.2441,,-1.702,452,none
477,F,T,-0.8346,-1.567,-0.247,,-2.844,452,none
477,F,V,-0.2442,0.02824,-0.1452,-0.478,-1.978,452,none
477,F,W,0.09591,0.1697,-0.02106,0.04524,-0.3638,452,none
477,F,Y,-0.2398,0.1908,-0.1472,-0.01379,-0.3581,452,none
478,Y,A,,,,,-3.433,453,none
478,Y,C,-1.255,,,,-3.059,453,none
478,Y,D,0.1018,-0.291,0.5837,0.2935,-2.478,453,none
478,Y,E,-0.3717,-1.301,0.4946,-0.7892,-3.439,453,none
478,Y,F,-0.5381,,-0.1726,,-2.571,453,none
478,Y,G,-0.4146,-0.4175,-0.003782,0.3612,-3.301,453,none
478,Y,H,-0.5739,-1.216,-0.1158,-1.347,-3.472,453,none
478,Y,I,,,,,-3.462,453,none
478,Y,K,0.01405,-0.1279,-0.02254,0.1127,-3.386,453,none
478,Y,L,-0.7571,,,,-3.457,453,none
478,Y,M,,,,,-3.456,453,none
478,Y,N,-0.4428,-1.177,-0.115,-0.2265,-3.345,453,none
478,Y,P,-0.2347,-0.8287,-0.07515,-0.108,-2.877,453,none
478,Y,Q,-0.4119,0.5756,0.009147,-0.2812,-3.457,453,none
478,Y,R,0.1729,,-0.2035,-0.5081,-3.231,453,none
478,Y,S,,,,,-3.281,453,none
478,Y,T,-0.4557,-0.09278,-0.07047,-0.08328,-2.878,453,none
478,Y,V,-0.3273,,-0.1717,-0.02873,-3.377,453,none
478,Y,W,-0.2963,0.2746,-0.1937,-0.2335,-3.176,453,none
478,Y,Y,0,0,0,0,0,453,none
479,D,A,,-0.5432,,,-3.395,454,none
479,D,C,-0.02865,,0.1519,-0.02835,-2.981,454,none
479,D,D,0,0,0,0,0,454,none
479,D,E,0.1313,-0.2079,-0.1469,-0.05688,-1.373,454,none
479,D,F,0.614,-0.03866,-0.006774,,-3.212,454,none
479,D,G,-0.2852,,0.7121,,-3.474,454,none
479,D,H,,-0.05419,0.7038,-0.2431,-3.377,454,none
479,D,I,-0.3085,-0.6477,-0.1199,0.2467,-3.407,454,none
479,D,K,,,,,-1.76,454,none
479,D,L,-0.3799,-0.643,-0.3169,,-3.263,454,none
479,D,N,-0.3464,0.3615,0.01033,-0.04943,-0.9245,454,none
479,D,P,-0.6031,-1.115,0.194,-0.7574,-1.998,454,none
479,D,Q,-0.3448,-0.2536,0.08278,,-3,454,none
479,D,R,-0.5378,-0.6149,0.01964,-0.3394,-3.114,454,none
479,D,S,0.3755,-1.265,-0.08435,-0.9134,-1.523,454,none
479,D,T,,,,,-3.432,454,none
479,D,V,,,,-1.029,-3.44,454,none
479,D,W,-0.6829,-1.268,0.1193,-0.8578,-3.237,454,none
479,D,Y,-0.3199,-0.153,,-1.424,-3.365,454,none
480,P,A,-0.003298,0.2781,0.1266,0.04767,-0.07126,455,none
480,P,C,-0.008901,0.1985,0.2232,-0.6085,-3.182,455,none
480,P,D,0.0674,-0.8863,,-0.1353,-3.439,455,none
480,P,E,-0.02961,-0.9587,-0.72,-0.9138,-3.259,455,none
480,P,F,-0.1107,-0.8659,0.1217,-1.185,-3.221,455,none
480,P,G,-0.1721,,-0.363,,-3.374,455,none
480,P,H,-0.2106,-0.2513,0.01995,-0.4779,-2.47,455,none
480,P,I,-0.07991,-0.07428,0.05443,0.08222,-1.381,455,none
480,P,K,-0.4481,-0.2245,0.239,-0.03849,-1.414,455,none
480,P,L,-0.4974,-0.1339,-0.08208,-0.6168,-2.88,455,none
480,P,M,-0.257,-0.2851,-0.04344,-0.1369,-2.353,455,none
480,P,N,0.3739,,-0.1516,-0.07029,-3.026,455,none
480,P,P,0,0,0,0,0,455,none
480,P,Q,0.04424,0.2046,0.1238,0.03997,-2.188,455,none
480,P,R,-0.2167,0.3285,0.1049,-0.3354,-1.349,455,none
480,P,S,0.02578,-0.9651,-0.04212,-0.5124,-1.847,455,none
480,P,T,-0.1772,-0.3564,-0.1332,-0.3414,-2.624,455,none
480,P,V,0.156,0.136,0.2987,0.06202,-0.5778,455,none
480,P,W,-0.5489,,0.2067,,-3.206,455,none
480,P,Y,-0.009419,0.1326,-0.1762,-0.01395,-2.531,455,none
481,L,A,0.05287,-0.39,-0.08748,-0.02014,0.009255,456,none
481,L,C,-0.0191,0.038,0.1356,-0.3051,-1.053,456,none
481,L,D,-0.01481,0.0604,0.09457,0.07044,0.1604,456,none
481,L,E,-0.06433,-0.1121,-0.1766,-0.4592,-0.3746,456,none
481,L,F,0.1009,,-0.2391,0.03246,0.3099,456,none
481,L,G,-0.2474,0.1997,0.001804,-0.1748,-0.06435,456,none
481,L,H,-0.1834,-0.1435,-0.3579,-0.2248,-0.6074,456,none
481,L,I,-0.01101,0.221,-0.08678,-0.07048,-0.302,456,none
481,L,K,,,,,-1.886,456,none
481,L,L,0,0,0,0,0,456,none
481,L,M,0.05228,-0.01181,-0.2481,0.04575,0.2356,456,none
481,L,N,0.1018,-0.6962,-0.1031,-0.1192,-0.1429,456,none
481,L,P,0.4982,-0.06237,0.08578,-0.3279,-1.75,456,none
481,L,Q,-0.04808,0.009237,-0.04946,-0.2423,0.2645,456,none
481,L,R,-0.06961,0.1028,-0.2717,-0.01303,-0.401,456,none
481,L,S,0.1217,-0.7307,0.1302,0.09158,0.816,456,none
481,L,T,-0.09992,0.2038,0.03284,0.3264,0.1859,456,none
481,L,V,0.2546,0.1412,0.03263,0.05812,0.2859,456,none
481,L,W,-0.05358,0.208,-0.1489,-0.09931,0.4958,456,none
481,L,Y,0.04084,0.07407,0.03417,-0.0264,0.4103,456,none
482,V,A,0.3721,0.4756,0.531,-0.1852,-3.309,457,none
482,V,C,-0.1703,-0.4857,0.04048,-0.05563,-1.849,457,none
482,V,D,-0.03679,,,,-3.471,457,none
482,V,E,,,,,-3.073,457,none
482,V,F,-0.1998,-0.4832,-0.03713,0.002098,0.4079,457,none
482,V,G,-0.7092,,0.1088,,-3.33,457,none
482,V,H,0.146,0.1746,-0.02806,-0.03476,0.1167,457,none
482,V,I,0.211,-0.02377,-0.1414,0.03079,-0.2948,457,none
482,V,L,0.009759,0.1266,0.3471,-0.1872,-0.4632,457,none
482,V,M,-0.1594,-0.4641,-0.2262,-0.08596,0.09685,457,none
482,V,N,-0.1297,-0.4651,-0.1548,-0.3499,-1.74,457,none
482,V,P,,,,,-3.164,457,none
482,V,Q,0.05604,-0.549,0.5021,0.1761,-2.798,457,none
482,V,R,,-0.8732,0.336,,-3.46,457,none
482,V,S,-0.5396,-0.2804,0.007109,-0.07896,-2.602,457,none
482,V,T,0.08494,,-0.3155,,-1.76,457,none
482,V,V,0,0,0,0,0,457,none
482,V,W,-0.1892,-0.001813,-0.05789,-0.392,0.3962,457,none
482,V,Y,0.4124,,0.3951,-0.2936,0.8216,457,none
483,F,A,-0.9564,,,,-3.417,458,none
483,F,C,-0.06246,,,-0.5382,-2.599,458,none
483,F,E,-0.2029,0.3034,0.08376,-0.7355,-3.075,458,none
483,F,F,0,0,0,0,0,458,none
483,F,G,,,,,-3.152,458,none
483,F,I,-0.552,,,-0.2776,-3.097,458,none
483,F,K,-0.497,-0.4498,0.2507,-0.128,-3.249,458,none
483,F,L,-0.1967,-1.393,0.09116,-0.2873,-3.458,458,none
483,F,M,-1.029,-1.691,-0.3033,-0.01885,-3.311,458,none
483,F,P,-0.6925,,,,-3.338,458,none
483,F,Q,-0.8194,,,,-3.222,458,none
483,F,R,-0.05297,-0.3742,0.02235,-0.5576,-3.373,458,none
483,F,T,-0.7651,,-0.08584,,-3.125,458,none
483,F,V,,,,,-3.2,458,none
483,F,Y,,,,,-0.1385,458,none
484,P,A,,,,,-3.329,459,none
484,P,C,-0.1086,-0.549,-0.218,-1.035,-3.064,459,none
484,P,D,,,,,-3.454,459,none
484,P,E,,,,,-3.204,459,none
484,P,F,,,,-0.2062,-3.203,459,none
484,P,G,,,,,-3.348,459,none
484,P,H,-0.03402,-0.9369,-0.2022,-0.7122,-3.486,459,none
484,P,I,0.2278,,0.2733,-0.5348,-3.457,459,none
484,P,K,,,,,-3.402,459,none
484,P,L,-0.1986,0.3595,-0.4117,0.1942,-3.3,459,none
484,P,M,1.133,,-0.0194,,,459,none
484,P,N,,,,,-3.53,459,none
484,P,P,0,0,0,0,0,459,none
484,P,Q,,,-0.1252,,-3.211,459,none
484,P,R,-0.3211,-1.817,-0.1272,,-3.192,459,none
484,P,S,-0.7175,-0.4454,-0.3667,-0.2374,-3.489,459,none
484,P,T,-0.06249,-1.09,0.2941,-0.4225,-3.456,459,none
484,P,V,,,,,-3.478,459,none
484,P,W,,-1.813,0.06008,-1.229,-3.428,459,none
484,P,Y,,,,,-3.453,459,none
485,S,G,-0.06592,,,-0.07073,1.045,460,none
485,S,I,-0.0569,-0.1298,-0.07386,0.2026,-0.3075,460,none
485,S,N,-0.2145,-0.4349,-0.01254,-0.08495,-2.144,460,none
485,S,R,-0.1095,,-0.3303,,-3.366,460,none
485,S,S,0,0,0,0,0,460,none
486,D,A,-0.07739,0.2016,0.2643,0.5012,1.075,461,none
486,D,D,0,0,0,0,0,461,none
486,D,E,-0.8298,,-0.2996,-0.8896,-3.422,461,none
486,D,F,-0.4898,-0.5064,-0.2543,-0.9584,-2.53,461,none
486,D,G,-0.3775,0.3078,0.2054,0.6647,1.222,461,none
486,D,H,,,-0.2344,,-0.9217,461,none
486,D,L,-0.3486,0.09282,-0.1198,-0.0578,0.1741,461,none
486,D,N,0.09291,0.03188,0.08048,-0.04551,0.02775,461,none
486,D,Q,0.4786,0.3784,0.02439,,-1.314,461,none
486,D,R,-0.04491,,0.03486,,-0.634,461,none
486,D,S,0.08375,0.1568,0.2867,0.371,0.3314,461,none
486,D,T,-0.1789,,0.1974,0.3305,-0.7326,461,none
486,D,V,-0.3074,-0.3122,-0.1271,0.004955,-0.8273,461,none
486,D,Y,-0.7662,-1.115,-0.1341,-0.4479,-3.202,461,none
487,E,A,0.1204,0.7338,0.2877,0.3767,-0.3305,462,none
487,E,C,-0.05338,0.00107,0.2096,0.4859,-0.4712,462,none
487,E,D,0.2758,-0.1241,0.2323,0.1626,-2.335,462,none
487,E,E,0,0,0,0,0,462,none
487,E,F,-0.2452,0.5619,0.4236,0.5015,-0.9713,462,none
487,E,G,-0.1762,0.4997,0.4198,0.5757,0.0484,462,none
487,E,H,-0.3109,0.5038,0.03567,-0.1401,-1.592,462,none
487,E,I,-0.08722,0.2067,-0.2134,-0.1875,0.01475,462,none
487,E,K,-0.1126,-0.02806,0.2244,0.1972,-2.003,462,none
487,E,M,-0.05738,0.2084,0.4784,0.09469,-0.8509,462,none
487,E,N,-0.01554,0.1001,0.3012,-0.4841,-2.147,462,none
487,E,P,0.2092,-0.4367,0.1157,0.08101,-2.863,462,none
487,E,Q,-0.3175,0.08723,0.2896,-0.169,-0.07885,462,none
487,E,R,-0.7825,-1.572,0.5347,-0.3984,-1.852,462,none
487,E,S,-0.1482,0.0989,0.3583,0.2418,-0.3479,462,none
487,E,T,0.2715,0.4116,0.2981,0.3676,-0.1821,462,none
487,E,V,-0.7582,,,-0.5575,-1.123,462,none
487,E,W,-0.1077,,0.4615,,-1.385,462,none
487,E,Y,0.2257,,0.01432,-0.07967,0.4577,462,none
488,F,A,0.06961,-0.7347,0.1334,-0.6658,-3.504,463,none
488,F,C,-0.7667,,-0.2993,-0.1774,-3.244,463,none
488,F,D,-0.6434,-0.09159,0.05308,-0.1931,-3.408,463,none
488,F,E,-0.4045,-0.7445,-1.386,-0.4978,-3.147,463,none
488,F,F,0,0,0,0,0,463,none
488,F,G,0.1581,-0.7344,-0.1127,-0.5553,-3.139,463,none
488,F,H,-0.5753,-0.9564,-0.8608,-0.7669,-1.631,463,none
488,F,I,-0.09603,-0.2331,-0.2765,-0.6079,-1.634,463,none
488,F,K,-0.01743,-0.08819,0.2201,-0.105,-1.309,463,none
488,F,L,-0.2906,-0.3064,-0.4997,-0.01635,-1.425,463,none
488,F,M,-0.07082,-0.2995,-0.3193,-0.06425,-1.234,463,none
488,F,N,-0.2292,-1.771,-0.08098,-1.136,-3.047,463,none
488,F,P,-0.3619,-1.228,-0.153,-0.5616,-3.248,463,none
488,F,Q,-0.1264,0.08796,0.03748,0.02283,-0.8004,463,none
488,F,R,-0.1965,-0.1951,-0.3244,-0.09512,-1.306,463,none
488,F,S,-1.184,,-0.03174,-0.5738,-3.041,463,none
488,F,T,0.1691,-0.2578,-0.2064,-0.6995,-2.715,463,none
488,F,V,-0.1271,-0.245,-0.3394,0.3824,-3.099,463,none
488,F,W,-0.2035,-0.6127,0.2111,0.2363,-1.159,463,none
488,F,Y,-0.1231,0.1718,0.4029,-0.8472,-1.716,463,none
489,D,A,-0.4545,-0.13,-0.3969,-0.1202,-2.657,464,none
489,D,C,-0.7665,-1.046,-0.2196,-0.6049,-2.859,464,none
489,D,D,0,0,0,0,0,464,none
489,D,E,-0.4736,-0.7095,0.2343,-0.9519,-3.425,464,none
489,D,F,-0.4518,-1.014,-0.3148,-0.0369,-1.812,464,none
489,D,G,-0.1391,-0.7329,-0.4811,,-2.877,464,none
489,D,H,-0.6914,-1.002,-0.8836,-0.6988,-1.868,464,none
489,D,I,-0.809,-0.4443,0.06867,-0.8363,-3.101,464,none
489,D,K,-1.058,,,-0.1806,-2.854,464,none
489,D,L,-0.2369,-0.9988,-0.4476,-0.8336,-3.035,464,none
489,D,M,-0.6521,-0.7817,-0.3114,-0.4966,-2.917,464,none
489,D,N,-0.4247,-1.734,-0.1948,-0.5953,-3.522,464,none
489,D,P,-0.1966,-0.9198,-0.603,0.03618,-1.14,464,none
489,D,Q,-0.08875,,-0.197,-0.4788,-1.683,464,none
489,D,R,-0.6066,-0.6384,-0.05487,-0.1512,-2.902,464,none
489,D,S,-0.6956,0.08001,0.08323,-0.002587,-3.104,464,none
489,D,T,-0.6751,-0.866,-0.3617,-0.3032,-2.306,464,none
489,D,V,-0.6116,-1.396,-0.0826,-1.042,-2.863,464,none
489,D,W,-0.6779,-0.5329,-0.1509,-0.1775,-2.933,464,none
489,D,Y,-0.7452,-0.7225,-0.1129,-0.2147,-2.079,464,none
490,A,A,0,0,0,0,0,465,none
490,A,C,-0.02106,-0.06605,-0.3002,-0.338,-0.1008,465,none
490,A,D,-0.945,-0.186,-0.06025,-0.6917,-3.292,465,none
490,A,E,,,,,-3.198,465,none
490,A,F,-0.4839,,0.4345,0.1712,-3.306,465,none
490,A,G,-0.2941,0.3117,-0.05848,,-0.69,465,none
490,A,H,,,-0.6895,-0.2304,-3.226,465,none
490,A,I,,,,-1.079,-3.03,465,none
490,A,K,-0.3858,,-0.3428,-1.084,-3.358,465,none
490,A,L,,-1.629,,,-3.387,465,none
490,A,M,0.005371,-0.08017,-0.1076,-0.1345,-2.844,465,none
490,A,N,0.1208,-0.3479,-0.2571,0.04644,-2.588,465,none
490,A,P,,,,,-3.308,465,none
490,A,Q,-0.3584,-1.466,0.4266,-0.6353,-3.141,465,none
490,A,R,,,0.6193,,-3.418,465,none
490,A,S,-0.01175,0.5042,0.4486,0.4357,0.09585,465,none
490,A,T,-0.2677,0.1497,0.1558,0.1872,-1.337,465,none
490,A,V,0.1619,-1.206,-0.4462,-0.3836,-2.546,465,none
490,A,W,,,,,-3.324,465,none
490,A,Y,,,,,-3.142,465,none
491,S,A,-0.361,0.1668,-0.04275,-0.5724,-3.385,466,none
491,S,C,,-0.7413,0.4138,,-3.449,466,none
491,S,D,-0.1073,,-0.36,,-3.346,466,none
491,S,E,,,,,-3.449,466,none
491,S,F,-0.3224,-0.2646,0.3091,-0.4606,-3.405,466,none
491,S,G,-0.06107,-0.6536,0.2865,-1.096,-3.192,466,none
491,S,H,-1.206,,-0.1825,-1.533,-3.276,466,none
491,S,I,-0.3401,,,,-3.327,466,none
491,S,K,-0.457,,,,-3.388,466,none
491,S,L,,,,,-3.089,466,none
491,S,M,,,,,-3.398,466,none
491,S,N,0.2722,0.3936,-0.04953,0.05058,-3.458,466,none
491,S,P,-0.2453,-1.131,-0.1303,-0.698,-3.381,466,none
491,S,R,,,-0.6987,,-3.353,466,none
491,S,S,0,0,0,0,0,466,none
491,S,T,,,,,-2.639,466,none
491,S,Y,-0.7264,-1.822,-1.238,-0.7911,-3.51,466,none
492,I,A,,,-0.1966,,-3.169,467,none
492,I,C,-0.06048,-0.989,0.2405,-0.1289,-2.909,467,none
492,I,D,-0.6133,,,-0.1604,-3.38,467,none
492,I,E,0.3359,-0.2968,0.0448,-0.9396,-3.439,467,none
492,I,F,,,-0.4502,,-3.116,467,none
492,I,H,-0.03797,,-0.04262,,-2.341,467,none
492,I,I,0,0,0,0,0,467,none
492,I,K,,,,,-3.417,467,none
492,I,L,-0.5711,-0.8904,-0.4317,-0.07744,-3.419,467,none
492,I,M,-0.162,-0.7697,-0.04672,-0.07298,-2.477,467,none
492,I,N,,,,,-3.375,467,none
492,I,P,,,,,-3.421,467,none
492,I,Q,0.04403,,0.004079,-0.6315,-3.496,467,none
492,I,R,-0.8345,,,-0.8863,-3.24,467,none
492,I,S,0.0877,,0.4851,,-3.237,467,none
492,I,T,-0.8381,,,,-3.265,467,none
492,I,V,0.2442,,-0.2397,-0.4695,-1.417,467,none
492,I,W,,,,,-3.253,467,none
492,I,Y,,0.01154,-0.09863,,-3.458,467,none
493,S,A,0.01954,0.1232,0.004945,0.2059,1.123,468,none
493,S,C,0.1384,-0.8283,-0.1934,-0.3062,-0.7494,468,none
493,S,D,0.06839,-0.008833,0.07403,0.2221,0.4234,468,none
493,S,E,0.007297,-0.1053,-0.003872,0.1751,0.188,468,none
493,S,F,-0.1966,-0.136,-0.1554,0.07455,-1.197,468,none
493,S,G,-0.03564,-0.04857,0.05049,0.2093,-1.261,468,none
493,S,H,-0.2649,-0.9113,-0.1151,-0.3651,-2.014,468,none
493,S,I,,,,,-1.627,468,none
493,S,K,-0.1733,0.6738,0.001502,-0.156,-1.688,468,none
493,S,L,0.01329,-0.1536,-0.06955,-0.06593,-0.6229,468,none
493,S,M,-0.2794,-0.3778,0.3231,-0.05632,-1.054,468,none
493,S,N,0.01419,0.1611,-0.06569,-0.4009,0.1135,468,none
493,S,P,-0.3169,,0.1812,-0.3283,-3.287,468,none
493,S,Q,0.09923,-0.008682,0.05371,0.03529,-0.3201,468,none
493,S,R,-0.3606,-1.407,0.01309,-0.354,-1.584,468,none
493,S,S,0,0,0,0,0,468,none
493,S,T,0.247,-1.105,-0.3809,-1.023,-1.404,468,none
493,S,V,-0.2927,0.002291,-0.3551,-0.9767,-1.359,468,none
493,S,Y,-0.1011,0.38,-0.1621,0.02158,-0.2747,468,none
494,Q,A,,,,,-2.803,469,none
494,Q,C,-0.1749,-0.08553,-0.2855,-0.8472,-3.152,469,none
494,Q,D,-0.7465,-0.8246,-0.2549,-1.07,-3.387,469,none
494,Q,E,-0.5505,-1.361,0.02262,-0.6506,-2.001,469,none
494,Q,F,-0.7671,-0.4812,-0.2128,-0.4547,-2.45,469,none
494,Q,G,,,,,-3.321,469,none
494,Q,H,-0.3085,-0.5883,-0.1091,-0.4832,-2.782,469,none
494,Q,I,-0.1255,-0.5532,-0.2316,-0.0643,-2.141,469,none
494,Q,K,-0.1922,-0.6468,-0.4858,-0.4422,-3.236,469,none
494,Q,M,-0.1986,-1.118,-0.2521,-0.1109,-0.9467,469,none
494,Q,N,-0.9944,-1.772,0.007623,-0.4568,-3.239,469,none
494,Q,P,-0.4484,-0.653,-0.1524,-0.802,-3.523,469,none
494,Q,Q,0,0,0,0,0,469,none
494,Q,R,-0.2404,-1.039,-0.4221,-0.1854,-2.744,469,none
494,Q,S,-0.151,-0.4731,-0.09383,-0.2429,-0.2937,469,none
494,Q,T,-0.2491,,-0.3063,-0.628,-1.063,469,none
494,Q,V,-0.1285,,,-0.4256,-0.5666,469,none
494,Q,W,,,,,-1.42,469,none
494,Q,Y,-0.4927,-0.1528,-0.005675,-0.2642,-2.728,469,none
495,V,A,-0.6555,,,,-3.375,470,none
495,V,C,-0.2847,0.1592,0.4358,-0.4983,-2.995,470,none
495,V,D,-0.3919,,,,-3.33,470,none
495,V,E,,,-0.4302,-0.3265,-3.398,470,none
495,V,F,,,,,-3.448,470,none
495,V,H,,,,,-3.393,470,none
495,V,I,-0.0932,-0.1365,-0.09092,-0.06494,0.0666,470,none
495,V,K,-1.075,-0.001938,-0.3902,-0.6428,-3.058,470,none
495,V,L,-0.5136,-0.07583,-0.02726,-0.09788,-2.236,470,none
495,V,M,0.1302,-1.431,-0.391,-1.13,-3.486,470,none
495,V,N,,,-0.1804,,-3.418,470,none
495,V,P,-1.073,,-0.1644,,-3.426,470,none
495,V,Q,,-1.791,,,-3.486,470,none
495,V,R,,,0.2085,-0.8714,-3.091,470,none
495,V,S,,,,,-3.442,470,none
495,V,V,0,0,0,0,0,470,none
495,V,W,-0.8299,-1.564,0.01601,-1.265,-3.471,470,none
495,V,Y,-1.149,,,,-3.163,470,none
496,N,A,-0.3446,-0.6268,0.2307,0.2855,-1.163,471,none
496,N,C,,,-0.3387,-1.045,-2.224,471,none
496,N,E,-0.1263,-0.02671,0.09341,0.2114,0.3274,471,none
496,N,F,-0.3095,-0.6451,-0.1243,-0.2005,-1.385,471,none
496,N,G,-0.4542,0.06786,,,-2.439,471,none
496,N,H,-0.3237,-0.7804,0.07618,,-0.7097,471,none
496,N,I,-1.067,,-0.2046,-1.34,-2.833,471,none
496,N,K,-0.5327,-0.935,0.00815,-0.9342,-2.343,471,none
496,N,M,0.1226,-0.7299,0.2769,-0.08897,-1.578,471,none
496,N,N,0,0,0,0,0,471,none
496,N,P,,,0.1003,,-3.362,471,none
496,N,Q,-0.251,-0.57,0.01828,0.2211,-1.215,471,none
496,N,R,-0.15,-0.009384,0.4638,0.01401,-1.954,471,none
496,N,S,-0.2139,-1.019,-0.361,-0.714,-0.8177,471,none
496,N,T,-0.3636,-0.1928,-0.3909,-0.4515,-1.448,471,none
496,N,V,-0.7132,-1.074,0.02095,,-2.804,471,none
496,N,W,-0.1226,-0.1241,-0.003742,0.2415,-0.4809,471,none
496,N,Y,-0.1736,0.06557,0.2021,-0.04621,-0.3204,471,none
497,E,A,-0.1402,-1.078,-0.1536,-0.3198,-1.419,472,none
497,E,C,,,,,-3.056,472,none
497,E,D,-0.2999,0.1087,0.1343,-0.3511,-0.982,472,none
497,E,E,0,0,0,0,0,472,none
497,E,F,,,,,-1.954,472,none
497,E,G,-0.08859,-0.48,-0.4795,-0.1736,-2.299,472,none
497,E,H,0.1338,0.044,0.08773,0.07239,-0.8311,472,none
497,E,I,0.06526,0.1083,-0.003522,0.09479,-1.81,472,none
497,E,K,-0.4814,-0.4338,-0.3418,-0.9773,-3.252,472,none
497,E,L,-0.1483,-0.5661,-0.002393,-0.3271,-2.215,472,none
497,E,M,-0.1553,-0.4705,-0.2003,-0.144,-2.191,472,none
497,E,N,0.04108,-0.1141,-0.1566,-0.4637,-1.962,472,none
497,E,P,,,0.1977,,-3.401,472,none
497,E,Q,0.03076,-0.3396,0.09368,0.04367,-1.43,472,none
497,E,R,-0.1672,,,,-3.043,472,none
497,E,S,0.006074,-0.01331,-0.08297,-0.2246,-1.167,472,none
497,E,T,,,-0.3235,,-1.804,472,none
497,E,V,-0.2713,-0.322,0.2683,-0.1927,-1.92,472,none
497,E,W,-0.3532,,-0.1773,-1.148,-1.735,472,none
497,E,Y,,,,0.08086,-1.007,472,none
498,K,A,-0.4287,-0.6097,0.001992,1.067,-3.183,473,none
498,K,C,,,-0.476,,-3.231,473,none
498,K,D,,,,,-3.332,473,none
498,K,E,-0.1079,-0.1664,0.06134,-1.192,-3.235,473,none
498,K,F,-0.4255,,,,-2.497,473,none
498,K,G,,-1.183,0.1915,,-3.29,473,none
498,K,H,-0.008448,-0.08307,-0.1977,-0.8772,-3.3,473,none
498,K,I,-0.3167,0.1375,-0.1114,-0.06871,-1.473,473,none
498,K,K,0,0,0,0,0,473,none
498,K,L,-0.3825,,-0.3619,,-1.257,473,none
498,K,M,0.3532,-1.831,0.07811,-0.2249,-2.926,473,none
498,K,N,-0.1171,0.5208,0.3826,-0.7078,-3.479,473,none
498,K,P,-0.7212,-0.6334,0.2923,0.4149,-3.49,473,none
498,K,R,-0.47,-0.6777,-0.09636,-0.9096,-2.409,473,none
498,K,S,-0.2963,-1.272,-0.5909,-1.308,-3.453,473,none
498,K,T,-0.3714,-0.1973,-0.2003,-0.1262,-3.472,473,none
498,K,V,,,,-0.7445,-3.354,473,none
498,K,W,,-0.2998,0.06704,,-3.452,473,none
498,K,Y,,,,,-3.465,473,none
499,I,A,,,,-1.557,-3.407,474,none
499,I,C,-1.088,,,,-3.396,474,none
499,I,D,,,-0.3832,,-3.189,474,none
499,I,E,-0.2802,,,,-3.183,474,none
499,I,F,,,-0.09078,,-3.487,474,none
499,I,G,-0.9698,,,,-3.351,474,none
499,I,H,,,,,-3.313,474,none
499,I,I,0,0,0,0,0,474,none
499,I,K,,,,,-3.34,474,none
499,I,L,,,,,-3.095,474,none
499,I,M,-0.5066,-1.129,-0.4312,-0.4384,-2.301,474,none
499,I,N,0.2457,-1.58,0.07695,,-3.421,474,none
499,I,P,-0.7595,-0.1555,0.08291,-1.236,-3.409,474,none
499,I,Q,,,,,-3.42,474,none
499,I,S,,,,,-3.447,474,none
499,I,T,-0.644,-1.313,0.6319,-0.4798,-3.486,474,none
499,I,V,,-0.06501,-0.3483,-0.1436,-1.921,474,none
499,I,W,,,,,-3.486,474,none
499,I,Y,-0.6758,,-0.07141,-1.378,-3.032,474,none
500,N,A,-0.2265,,0.02206,-0.1091,-2.846,475,none
500,N,C,,,,-0.2451,-2.404,475,none
500,N,D,-0.3837,,0.07,0.3281,-3.207,475,none
500,N,E,-0.2843,-0.6041,-0.2073,-0.01936,-2.587,475,none
500,N,F,-0.02335,-0.09957,0.433,-1.437,-3.287,475,none
500,N,G,,,,,-3.127,475,none
500,N,H,-0.2666,-1.669,0.0346,0.1346,-3.149,475,none
500,N,I,-0.6776,,0.3193,-0.1732,-3.369,475,none
500,N,K,0.01058,-0.3307,-0.3743,-0.5319,-3.226,475,none
500,N,L,,,,,-2.975,475,none
500,N,M,-0.7852,-0.1488,7.725e-05,0.06082,-3.439,475,none
500,N,N,0,0,0,0,0,475,none
500,N,P,-0.2449,-0.8828,0.2513,-0.5778,-3.425,475,none
500,N,Q,-0.5572,0.1045,0.2897,-0.5473,-2.65,475,none
500,N,R,,,,,-3.148,475,none
500,N,S,-0.08265,0.08648,0.1549,-0.1641,-3.356,475,none
500,N,T,-0.0749,,-0.06755,,-3.23,475,none
500,N,V,,,,,-3.115,475,none
500,N,W,-0.6098,-1.2,-0.06844,-0.4497,-3.444,475,none
500,N,Y,1.54,-1.422,-0.03356,,-3.203,475,none
501,Q,A,-0.2772,0.07169,-0.07955,-0.2026,-1.058,476,none
501,Q,C,0.07947,0.01554,-0.2155,-0.5462,-2.72,476,none
501,Q,D,-0.361,-0.08782,0.4019,0.1158,-1.607,476,none
501,Q,E,0.07845,-0.1692,0.05194,0.9639,-1.598,476,none
501,Q,F,-0.4802,-0.04751,-0.1337,,-0.1969,476,none
501,Q,G,0.0002582,,,,-1.018,476,none
501,Q,H,-0.1059,-0.07022,-0.4849,-0.2929,-0.7718,476,none
501,Q,I,-0.3505,-0.344,,,-1.53,476,none
501,Q,K,-0.1303,-0.03181,0.3271,0.4414,-1.435,476,none
501,Q,L,0.1703,-0.2709,-0.01752,-0.02454,-1.171,476,none
501,Q,M,0.07728,0.1289,0.1342,0.04503,-0.1404,476,none
501,Q,N,-0.15,-0.8065,-0.07846,-0.3973,-0.7212,476,none
501,Q,P,,,0.4268,,-3.431,476,none
501,Q,Q,0,0,0,0,0,476,none
501,Q,R,-0.1763,-0.07037,-0.2071,0.321,-0.1333,476,none
501,Q,S,-0.06027,0.7514,-0.5715,-0.3156,-1.541,476,none
501,Q,T,-0.05028,0.2725,-0.1329,0.1909,-1.039,476,none
501,Q,V,-0.1175,0.4487,0.03555,-0.1509,-1.03,476,none
501,Q,W,-0.1038,0.1195,0.2306,0.1648,0.03707,476,none
501,Q,Y,0.2725,0.3699,0.3643,0.1036,-0.6986,476,none
502,S,A,-0.05794,-1.175,0.08766,0.1989,-3.038,477,none
502,S,C,,,-0.4857,,-3.375,477,none
502,S,D,,,,,-3.434,477,none
502,S,E,-1.345,,-0.3001,,-3.508,477,none
502,S,F,0.4095,,0.04963,,-3.399,477,none
502,S,G,,,,,-3.431,477,none
502,S,H,,-1.295,-0.211,-0.1257,-3.147,477,none
502,S,I,-0.6696,-0.3713,0.2604,-0.7477,-3.425,477,none
502,S,K,-0.7516,-0.2104,0.1871,0.005487,-3.35,477,none
502,S,L,,-1.396,-0.1688,,-3.45,477,none
502,S,M,,,,,-2.834,477,none
502,S,N,0.6677,-0.3334,0.1705,0.06596,-3.244,477,none
502,S,P,,,-0.04806,,-3.482,477,none
502,S,Q,,,,,-2.974,477,none
502,S,R,-0.2788,-0.2596,-0.1347,-1.002,-3.211,477,none
502,S,S,0,0,0,0,0,477,none
502,S,T,0.04488,0.04462,0.3091,-0.05341,0.7598,477,none
502,S,V,0.2792,0.4645,-0.07459,-0.1572,-3.239,477,none
502,S,W,-0.3327,-0.8656,-0.3842,,-3.272,477,none
502,S,Y,-0.2027,-1.542,-0.2405,-0.7812,-3.282,477,none
503,L,A,,,,,-3.089,478,none
503,L,C,,,,,-3.144,478,none
503,L,D,,,,,-3.452,478,none
503,L,E,-0.1169,-0.5373,0.07206,0.6359,-3.182,478,none
503,L,F,-0.005023,,,-0.57,-3.36,478,none
503,L,G,,-1.405,0.1777,0.09293,-3.383,478,none
503,L,H,-0.5033,-0.5816,0.1466,-0.7022,-3.095,478,none
503,L,I,-0.007797,-0.5321,0.0001708,0.3227,-0.568,478,none
503,L,K,-0.585,-0.2627,-0.1307,-0.08501,-2.788,478,none
503,L,L,0,0,0,0,0,478,none
503,L,M,-0.2448,0.02609,-0.09908,0.1472,-1.681,478,none
503,L,N,-0.03028,,0.2446,-0.07996,-2.722,478,none
503,L,P,-0.6115,,0.1593,-0.701,-3.437,478,none
503,L,Q,0.2989,-0.1889,-0.05384,-0.03989,-3.059,478,none
503,L,R,-0.414,-0.3045,0.05205,-0.2733,-2.375,478,none
503,L,S,,,,,-3.435,478,none
503,L,T,,,,,-2.998,478,none
503,L,V,0.128,-0.1266,0.2028,-0.1999,-1.116,478,none
503,L,W,-0.1454,0.0498,-0.1775,-0.4627,-1.254,478,none
503,L,Y,0.1876,,0.005297,-0.7264,-0.8575,478,none
504,A,A,0,0,0,0,0,479,none
504,A,C,-0.9281,,0.2666,-0.1453,-3.185,479,none
504,A,D,-0.2386,0.1316,-0.2651,-0.5308,-1.061,479,none
504,A,E,-0.08476,0.2493,0.03739,-0.1031,-0.4532,479,none
504,A,F,-0.2607,-1.206,-0.2821,-0.2307,-0.4052,479,none
504,A,G,-0.03749,-0.4063,-0.1214,0.2848,-1.068,479,none
504,A,H,0.2045,0.4692,0.03764,0.01844,-0.9259,479,none
504,A,I,-0.1273,-0.3886,0.08401,-0.01509,-1.228,479,none
504,A,K,-0.3479,0.4618,-0.1236,0.002221,-0.5176,479,none
504,A,L,0.06154,0.03661,-0.1783,-0.1264,-1.757,479,none
504,A,M,-0.02314,-0.5935,0.03016,-0.03856,0.3932,479,none
504,A,N,,,,,-1.794,479,none
504,A,P,,,,,-3.024,479,none
504,A,Q,0.06666,,0.03757,0.9154,0.1527,479,none
504,A,R,0.00541,-0.2232,-0.009253,-0.164,-1.325,479,none
504,A,S,-0.1427,-0.1806,-0.09201,-0.271,0.1424,479,none
504,A,T,-0.04432,0.04448,-0.2831,0.1673,-0.3504,479,none
504,A,V,-0.1404,-0.1664,-0.04018,-0.546,-1.436,479,none
504,A,W,-0.2747,-0.5591,-0.03901,0.007229,-2.559,479,none
504,A,Y,-0.3398,0.03734,-0.3437,-0.2492,-0.8997,479,none
505,F,A,-0.5659,0.4001,-0.05303,0.04712,-1.626,480,none
505,F,C,-0.8519,-0.9128,-0.2326,-0.3562,-3.27,480,none
505,F,D,-0.4476,-0.7531,0.04686,-0.1047,-2.412,480,none
505,F,E,-0.3316,-0.8469,0.03985,-0.1385,-2.138,480,none
505,F,F,0,0,0,0,0,480,none
505,F,G,-0.274,-0.759,0.2262,0.1327,-2.601,480,none
505,F,H,-0.2486,-0.3309,-0.1524,-0.5116,-1.145,480,none
505,F,K,,,-0.3825,,-3.355,480,none
505,F,L,-0.5075,-0.5598,-0.002671,0.5214,-1.696,480,none
505,F,M,-0.3052,-0.03318,-0.01968,0.2852,-0.4882,480,none
505,F,N,-0.1728,-0.1612,0.105,0.177,-0.8635,480,none
505,F,P,-0.9439,-0.3771,0.3261,-1.036,-3.322,480,none
505,F,Q,0.1111,-0.4105,-0.003918,-0.06362,-0.9604,480,none
505,F,R,-0.639,0.01132,0.3026,0.1062,-2.334,480,none
505,F,S,-0.1391,-0.0176,-0.1064,-0.1302,-0.7211,480,none
505,F,T,-0.3239,-0.05512,0.0819,0.4323,-1.405,480,none
505,F,V,-0.8081,-0.67,0.208,-0.1905,-1.438,480,none
505,F,W,-0.1447,0.1616,0.154,0.4577,0.8479,480,none
505,F,Y,-0.347,-1.318,-0.2183,-0.3422,-1.268,480,none
506,I,A,0.1212,-2.093,-0.3554,-0.2207,-1.479,481,none
506,I,C,,,-0.1045,0.05948,-3.455,481,none
506,I,D,,,0.7828,,-2.641,481,none
506,I,E,-0.6516,0.02994,0.3722,-0.09252,-2.373,481,none
506,I,F,-0.3805,-0.0007745,0.08867,-0.7286,-1.802,481,none
506,I,G,-1.193,,,-0.5305,-3.159,481,none
506,I,H,-0.1969,-0.2443,-0.05341,-0.3334,-2.167,481,none
506,I,I,0,0,0,0,0,481,none
506,I,K,,,,,-3.049,481,none
506,I,L,-0.001989,0.05911,-0.1764,-0.105,-0.3559,481,none
506,I,M,0.3593,0.1576,0.3507,0.09741,-0.529,481,none
506,I,N,-0.3772,-0.08534,0.4062,0.5082,-1.603,481,none
506,I,P,,-1.699,0.1384,-1.325,-3,481,none
506,I,Q,-0.4312,,-0.06071,,-1.635,481,none
506,I,R,,,,,-2.179,481,none
506,I,S,0.4544,,0.4663,-0.105,-2.465,481,none
506,I,T,-0.6604,-0.4842,0.1606,-0.9568,-2.481,481,none
506,I,V,-0.008964,-0.4563,-0.3056,-0.5069,-0.6149,481,none
506,I,W,-0.309,,,-0.2774,-1.515,481,none
506,I,Y,0.02181,-0.9308,-0.2026,,-0.8024,481,none
507,R,C,-0.5155,-1.517,-0.1114,,-3.276,482,none
507,R,D,,,,,-3.147,482,none
507,R,E,0.2011,,-0.04553,-0.2414,-2.338,482,none
507,R,F,0.3976,-0.1496,0.1087,0.02137,-0.9639,482,none
507,R,G,0.3026,-0.05127,0.008359,-0.1017,-2.717,482,none
507,R,H,0.1968,-0.473,-0.1865,-0.1432,0.1363,482,none
507,R,I,0.05567,-0.2398,0.1077,-0.1047,-1.42,482,none
507,R,K,0.2203,0.1006,-0.263,0.05071,0.2134,482,none
507,R,L,-0.4319,1.271,-0.5351,-0.02174,0.513,482,none
507,R,M,-0.08975,0.05299,-0.02386,-0.1926,0.2314,482,none
507,R,N,-0.1723,-0.05632,0.1015,-0.09452,-1.115,482,none
507,R,P,,,,,-3.463,482,none
507,R,Q,0.02533,0.1681,-0.2264,0.1059,0.2769,482,none
507,R,R,0,0,0,0,0,482,none
507,R,S,0.009188,-1.625,-0.07552,0.1272,-0.5494,482,none
507,R,T,-0.4192,,-0.1011,-0.2266,-1.091,482,none
507,R,V,0.3311,,0.2643,0.1243,-1.886,482,none
507,R,W,,,-0.04192,-0.04158,-0.367,482,none
507,R,Y,-0.2663,-0.1642,0.3729,-0.0312,0.03238,482,none
508,K,A,0.1847,-0.06133,0.274,-0.4725,-1.619,483,none
508,K,C,,,-0.01685,-0.2767,-3.391,483,none
508,K,D,-0.5191,,,,-3.258,483,none
508,K,E,,-0.4702,0.01317,,-2.556,483,none
508,K,F,-0.1521,-0.06813,-0.124,-0.1939,-0.7261,483,none
508,K,G,0.08685,-1.289,0.126,-0.986,-2.856,483,none
508,K,H,-0.03869,,0.00615,-0.283,-1.983,483,none
508,K,I,-0.6719,-0.268,-0.108,,-1.699,483,none
508,K,K,0,0,0,0,0,483,none
508,K,L,-0.4504,,-0.2583,,-1.273,483,none
508,K,M,-0.3705,-0.4097,-0.2397,-0.6547,-2.442,483,none
508,K,N,-0.08299,-0.1376,-0.02605,-0.3956,-0.4315,483,none
508,K,P,,,-0.08606,,-3.436,483,none
508,K,Q,-0.06114,-0.01841,-0.1002,-0.07828,-0.9796,483,none
508,K,S,0.3366,0.08047,-0.04136,-0.2249,-1.268,483,none
508,K,T,,,,,-0.1746,483,none
508,K,V,-0.4163,-0.546,-0.4214,-0.252,-1.524,483,none
508,K,W,-0.2903,-0.08852,-0.2041,-0.101,-0.06607,483,none
508,K,Y,-0.3568,-0.5905,-0.1573,-0.1166,-1.547,483,none
509,S,A,0.1504,0.154,0.2794,0.02832,-1.006,484,none
509,S,C,-0.1471,-0.2522,-0.281,-0.1093,-2.479,484,none
509,S,D,0.1427,-1.539,-0.2146,0.1612,-2.843,484,none
509,S,E,0.3719,-0.3083,-0.02707,-0.8201,-2.827,484,none
509,S,F,-0.2251,0.05949,-0.06471,0.09202,0.5245,484,none
509,S,G,0.06329,0.394,-0.1043,0.0357,-0.59,484,none
509,S,H,-0.07704,,,,,484,none
509,S,I,-0.5462,-0.1465,-0.5199,0.05971,-2.046,484,none
509,S,K,0.1838,,1.213,-0.4771,-3.131,484,none
509,S,L,-0.2894,-0.2008,-0.1965,,-2.888,484,none
509,S,M,-0.1606,0.1488,0.04404,-0.6057,-1.765,484,none
509,S,N,-0.1689,0.6313,-0.135,-0.02654,0.1139,484,none
509,S,P,-0.6617,,,,-3.324,484,none
509,S,Q,-0.09089,0.2289,0.2313,-0.0593,-0.00935,484,none
509,S,R,-0.6186,-0.3973,-0.9179,-0.6017,-2.844,484,none
509,S,S,0,0,0,0,0,484,none
509,S,T,-0.00961,-0.05871,0.3249,0.3196,0.1915,484,none
509,S,V,0.005287,0.3106,0.1765,0.03369,-1.615,484,none
509,S,W,-0.2387,-0.1026,-0.06343,-0.2067,-0.6105,484,none
509,S,Y,-0.08523,0.05366,-0.1236,-0.1158,0.6147,484,none
510,D,A,-0.2742,-0.1137,0.05895,0.05204,-0.2413,485,none
510,D,C,-0.3989,,-0.147,-0.3269,-3.318,485,none
510,D,D,0,0,0,0,0,485,none
510,D,E,-0.1417,0.5519,-0.1449,0.03335,0.05149,485,none
510,D,F,,,,,-3.311,485,none
510,D,G,-0.1654,-1.908,-0.03119,-0.689,-3.165,485,none
510,D,H,,,,,-2.182,485,none
510,D,I,-0.02942,-0.9902,-0.08103,-0.2401,-2.883,485,none
510,D,K,,,,-0.05043,-2.672,485,none
510,D,L,-0.372,0.03046,-0.03538,-0.04707,-1.928,485,none
510,D,M,-0.2716,,-0.1885,,-2.577,485,none
510,D,N,-0.08483,-0.1084,-0.3541,-0.06683,-1.163,485,none
510,D,P,-0.322,,,,-3.246,485,none
510,D,Q,-0.2507,-0.09717,-0.06005,0.1216,-1.488,485,none
510,D,R,-0.5846,-1.692,0.07805,-0.555,-3.304,485,none
510,D,S,-0.0102,,0.05657,-0.18,-2.01,485,none
510,D,T,-0.03076,-0.1778,0.1196,0.2481,-1.573,485,none
510,D,V,-0.3833,-1.206,-0.05096,-0.3002,-2.048,485,none
510,D,W,-0.6774,-1.453,-0.2656,-1.241,-3.026,485,none
510,D,Y,-0.5958,-0.8147,0.08116,-0.3873,-2.993,485,none
511,E,A,0.04701,0.03628,0.3312,0.276,-1.273,486,none
511,E,C,-0.3577,,,,-3.363,486,none
511,E,D,-0.187,-0.1542,0.02915,-0.3798,-0.6595,486,none
511,E,E,0,0,0,0,0,486,none
511,E,F,-0.1949,-1.273,-0.03314,-0.5429,-1.862,486,none
511,E,G,,,0.2054,-0.6158,-3.28,486,none
511,E,H,0.1013,-1.103,-0.1798,-0.7679,-3.28,486,none
511,E,I,-0.2198,-0.2397,-0.4067,-0.3672,-2.417,486,none
511,E,K,-0.2195,-1.199,-0.06081,-1.006,-3.263,486,none
511,E,L,-0.5574,-0.3636,0.015,-0.09262,-1.024,486,none
511,E,M,-2.762e-05,0.451,-0.02792,0.005694,-0.3881,486,none
511,E,N,-0.0389,,,,-2.218,486,none
511,E,P,,,,,-3.365,486,none
511,E,Q,,,,,-0.9623,486,none
511,E,R,,,-0.1568,-1.366,-3.401,486,none
511,E,S,-0.2142,,0.02022,0.099,-0.4344,486,none
511,E,T,-0.2594,-0.6898,-0.0001062,-0.08884,-2.364,486,none
511,E,V,,,,-0.9506,-1.546,486,none
511,E,W,-0.01849,0.06992,-0.1815,-0.05895,-0.4747,486,none
511,E,Y,-0.1643,-0.1568,-0.05063,-0.808,-0.3164,486,none
512,L,A,,,,,-3.466,487,none
512,L,C,-0.27,-0.3954,0.1672,-0.06574,-3.014,487,none
512,L,D,-0.6741,,0.06818,,-3.438,487,none
512,L,E,,,,,-3.175,487,none
512,L,F,-0.3113,,-0.1881,-0.03551,-0.5124,487,none
512,L,G,-0.9526,,,-0.3043,-3.293,487,none
512,L,H,-0.5045,,0.842,,-3.447,487,none
512,L,I,0.04014,0.03351,0.2711,0.02737,0.2258,487,none
512,L,K,-1.118,-1.565,-0.2359,-1.352,-3.426,487,none
512,L,L,0,0,0,0,0,487,none
512,L,M,-0.2563,0.123,-0.2922,0.001791,-1.094,487,none
512,L,N,0.2433,,-0.07885,,-3.398,487,none
512,L,P,-0.8251,-0.9711,-0.04424,-1.279,-3.415,487,none
512,L,Q,,,,-0.9625,-3.458,487,none
512,L,R,-0.5354,,-0.5524,,-3.399,487,none
512,L,S,,,,,-3.333,487,none
512,L,T,,,,,-3.314,487,none
512,L,V,-0.1343,0.1061,0.2865,0.2658,-2.319,487,none
512,L,W,0.02005,-0.1802,0.1441,0.01368,-1.581,487,none
512,L,Y,-0.422,-0.9927,-0.1268,-0.684,-3.295,487,none
513,L,A,-0.235,-0.5831,-0.04618,-0.615,-1.599,488,none
513,L,C,-0.1632,-1.66,-0.255,-0.9475,-3.447,488,none
513,L,D,0.08586,-0.006081,-0.3045,-0.1336,-3.105,488,none
513,L,E,-0.04019,-0.9334,-0.2235,-0.07597,-0.9631,488,none
513,L,F,-0.07909,0.01585,0.01769,-0.01852,0.1479,488,none
513,L,G,0.1435,,-0.1426,-1.365,-3.491,488,none
513,L,H,-1.253,,-0.2096,-0.6226,-2.561,488,none
513,L,I,-0.7039,-0.3908,-0.1538,-0.01678,-0.6754,488,none
513,L,K,0.01264,-0.2082,0.02923,-0.1053,-2.438,488,none
513,L,L,0,0,0,0,0,488,none
513,L,M,-0.06272,-0.1116,0.04415,-0.1476,0.2248,488,none
513,L,N,-1.04,-0.1123,-0.1551,0.2341,-3.282,488,none
513,L,P,-0.01607,-0.6101,0.08007,-0.9619,-3.413,488,none
513,L,Q,0.1212,-0.09736,-0.1729,-0.1386,-0.6617,488,none
513,L,R,-0.267,-0.7121,0.2838,-0.06963,-2.939,488,none
513,L,S,0.04377,-0.7011,-0.3903,-0.2002,-2.768,488,none
513,L,T,0.0415,-1.24,-0.00144,-0.6176,-1.357,488,none
513,L,V,0.08553,-0.1941,-0.2409,-0.4463,-1.149,488,none
513,L,W,0.03315,-0.1155,0.4351,0.1526,1.223,488,none
513,L,Y,-0.1253,-0.03113,-0.02655,-0.09665,0.12,488,none
514,H,A,-0.03746,0.0484,-0.05613,0.2027,0.6412,489,none
514,H,C,,,,,-2.967,489,none
514,H,D,-0.1967,0.7934,-0.05642,0.1218,0.4307,489,none
514,H,E,0.03401,-0.1262,0.4594,0.04423,1.402,489,none
514,H,F,0.1107,-0.02249,-0.01296,-0.04359,0.7841,489,none
514,H,G,-0.4041,-0.1471,-0.01664,-0.2259,-0.8889,489,none
514,H,H,0,0,0,0,0,489,none
514,H,I,0.04131,-0.2074,0.1774,0.027,0.4033,489,none
514,H,K,,,0.2985,,0.04082,489,none
514,H,L,-0.1027,0.1612,-0.03062,0.2844,0.5962,489,none
514,H,M,-0.1287,0.3926,0.04179,0.2178,1.196,489,none
514,H,N,0.1497,0.7711,-0.2168,0.141,0.3721,489,none
514,H,P,0.4436,,,,-3.453,489,none
514,H,Q,0.09782,0.6367,-0.1422,0.1473,0.3136,489,none
514,H,R,0.1712,-0.2203,-0.1182,-0.3517,-0.9133,489,none
514,H,S,,,,0.2683,-0.3075,489,none
514,H,T,-0.04858,-0.1388,0.02455,0.09097,-0.2321,489,none
514,H,V,0.1464,-0.1082,-0.004,-0.5083,-0.1522,489,none
514,H,W,0.1429,,-0.05169,,-0.695,489,none
514,H,Y,0.1752,-0.08874,-0.1178,0.04355,0.4323,489,none
515,H,C,0.06905,-0.4426,-0.3918,-0.5273,-2.921,490,none
515,H,D,0.02961,,-0.05949,-0.01795,-0.8706,490,none
515,H,E,0.1749,-0.2193,0.1156,0.3981,0.7782,490,none
515,H,F,-0.2969,-1.736,-0.5709,-0.25,-0.2048,490,none
515,H,H,0,0,0,0,0,490,none
515,H,I,-0.01707,-0.08589,0.04553,0.2853,0.4186,490,none
515,H,K,0.1986,0.05229,0.2188,-0.3439,-0.4603,490,none
515,H,L,-0.08007,0.1703,-0.06793,0.1748,1.479,490,none
515,H,M,-0.04645,-0.5004,-0.03937,-0.03903,1.05,490,none
515,H,N,0.06613,-0.2025,0.01831,-0.04199,-0.7816,490,none
515,H,P,,,,,-3.41,490,none
515,H,Q,0.004086,0.2328,0.23,0.1414,0.875,490,none
515,H,R,0.1564,0.1354,0.05323,0.2379,-0.005925,490,none
515,H,S,0.2075,0.09586,-0.0986,-0.665,-0.2409,490,none
515,H,T,0.08885,0.1244,0.03202,0.06345,-0.2897,490,none
515,H,W,-0.2428,-0.2847,-0.002956,-0.1693,-0.03853,490,none
515,H,Y,-0.2423,-0.05161,-0.04879,0.1001,0.9924,490,none
516,V,A,-0.1411,-1.068,-0.09794,-0.9943,-3.253,491,none
516,V,C,-0.4705,-0.8484,-0.04234,-0.9303,-2.91,491,none
516,V,D,,,-0.1485,-0.904,-3.392,491,none
516,V,E,-0.1953,-1.819,0.4388,-0.5374,-3.492,491,none
516,V,F,-0.4739,-0.299,-0.3756,-0.3384,-0.3008,491,none
516,V,G,,,0.3025,,-3.418,491,none
516,V,H,,0.03543,-0.3734,,-3.421,491,none
516,V,I,0.08627,0.1314,0.03255,0.1106,1.3,491,none
516,V,K,0.1215,,0.3371,-0.8981,-3.131,491,none
516,V,L,-0.2407,-0.1262,0.04727,-0.2127,-0.6129,491,none
516,V,M,-0.09466,-0.283,0.2085,-0.2561,-0.0013,491,none
516,V,N,,,,,-3.494,491,none
516,V,P,,,0.4843,-0.1655,-3.51,491,none
516,V,Q,-1.012,,-0.03207,,-3.401,491,none
516,V,R,0.3666,,-0.2851,,-3.231,491,none
516,V,S,,,,,-3.337,491,none
516,V,T,,,-0.1603,,-3.285,491,none
516,V,V,0,0,0,0,0,491,none
516,V,W,-0.1664,-0.2633,-0.04692,-0.07367,-1.234,491,none
516,V,Y,-0.129,-0.1689,-0.3311,-0.3388,-0.8519,491,none
517,N,A,-0.08451,-0.05884,0.145,-0.2195,-0.5091,492,none
517,N,C,,,,,-3.168,492,none
517,N,D,0.04145,0.113,0.2293,-0.202,-0.5603,492,none
517,N,E,0.1183,0.1535,0.1917,0.124,0.7069,492,none
517,N,F,-0.09179,0.01656,-0.01639,-0.1987,-0.1439,492,none
517,N,G,-0.08638,,-0.04415,,-3.056,492,none
517,N,I,-0.2181,-0.2292,-0.02441,0.008137,0.403,492,none
517,N,K,-0.08623,-0.2497,-0.02747,-0.00882,-0.9473,492,none
517,N,L,-0.2906,-0.8764,-0.1697,0.06794,-0.1299,492,none
517,N,M,0.04254,0.1399,0.06529,0.2123,0.4172,492,none
517,N,N,0,0,0,0,0,492,none
517,N,P,0.2138,-0.02411,0.206,-0.3765,-3.478,492,none
517,N,Q,0.6083,,-0.01073,0.1684,0.6766,492,none
517,N,R,0.08046,-0.02523,-0.1559,-0.03418,-0.523,492,none
517,N,S,0.009589,0.06013,0.083,-0.05527,-0.8025,492,none
517,N,T,-0.01282,-0.1475,-0.06092,-0.0932,-0.4249,492,none
517,N,V,-0.04764,,0.0738,,0.282,492,none
517,N,W,-0.354,,0.002564,-0.4343,-0.6332,492,none
517,N,Y,-0.3509,0.07272,-0.1991,0.1401,-0.2828,492,none
518,A,A,0,0,0,0,0,493,none
518,A,C,,,-0.7379,,-1.808,493,none
518,A,D,-0.2266,-0.07887,-0.06774,0.1847,-0.5221,493,none
518,A,E,0.2394,0.04466,0.02511,-0.1085,0.4138,493,none
518,A,F,0.2688,-0.3116,-0.4944,-0.4129,-2.255,493,none
518,A,G,0.004544,,-0.1772,-1.418,-1.899,493,none
518,A,H,-0.1257,-0.2037,-0.1743,-0.3692,-1.629,493,none
518,A,I,-0.2726,-0.2345,-0.0862,-0.05676,-0.2974,493,none
518,A,K,-0.08281,0.04981,-0.01999,-0.09029,-0.3696,493,none
518,A,L,0.1632,-0.05537,0.6639,-0.1188,-0.5452,493,none
518,A,M,,,,,-0.2985,493,none
518,A,N,-0.3084,,0.3633,-0.3731,-0.2629,493,none
518,A,P,-0.8841,-2.061,-0.1802,-0.7828,-3.364,493,none
518,A,Q,-0.2411,0.05549,0.4274,0.2267,0.6118,493,none
518,A,R,-0.257,-0.09546,0.2951,-0.105,-0.2409,493,none
518,A,S,-0.1552,-0.5804,-0.1918,0.09941,-0.631,493,none
518,A,T,-0.1923,-0.3841,-0.2041,-0.07373,-0.8837,493,none
518,A,V,0.03567,0.2725,0.4064,-0.07522,-0.8342,493,none
518,A,W,-0.1362,-0.309,0.01755,-0.1443,0.03608,493,none
518,A,Y,,,,-0.04126,-2.446,493,none
519,G,C,-0.2478,-0.2593,0.1525,-0.05783,-1.567,494,none
519,G,D,0.009719,-0.04145,0.1812,0.09592,-0.543,494,none
519,G,E,-0.03446,,0.008871,,-0.8258,494,none
519,G,F,-0.08949,-0.01205,-0.05778,-0.0104,1.312,494,none
519,G,G,0,0,0,0,0,494,none
519,G,H,0.05161,-0.03058,0.07788,-0.2206,0.3818,494,none
519,G,I,-0.1214,-0.1362,-0.1451,,0.5323,494,none
519,G,K,-0.5107,,-0.0749,,-3.276,494,none
519,G,L,-0.1704,0.1433,-0.08619,0.4043,1.365,494,none
519,G,M,-0.09822,-0.07915,0.0731,-0.01193,1.123,494,none
519,G,N,0.1428,0.1406,0.219,0.08411,1.083,494,none
519,G,P,,,0.1861,,-3.457,494,none
519,G,Q,-0.05152,0.1378,0.3861,-0.1543,0.501,494,none
519,G,S,0.1065,0.2296,0.1344,-0.04194,0.7602,494,none
519,G,T,0.02404,0.03018,-0.05934,0.06966,0.1629,494,none
519,G,V,-0.03591,-0.08609,-0.001496,0.1302,0.9224,494,none
519,G,W,-0.2134,-0.2586,-0.003739,0.1442,1.496,494,none
519,G,Y,-0.06893,-0.04167,-0.2345,0.00929,1.172,494,none
520,K,A,0.01952,-0.0696,-0.08573,0.02128,-0.3249,495,none
520,K,C,-0.4817,-0.7517,-0.3576,-0.7791,-2.898,495,none
520,K,D,-0.9558,,,-1.009,-3.466,495,none
520,K,E,0.2864,-1.127,0.1099,-0.5516,-1.832,495,none
520,K,F,-0.2898,0.06723,-0.1102,0.3611,1.474,495,none
520,K,G,0.4024,-0.8558,0.0465,0.3916,-3.372,495,none
520,K,H,-0.2261,-1.116,-0.03077,-0.1769,-1.503,495,none
520,K,I,0.04092,-0.1431,0.02609,0.04872,0.3109,495,none
520,K,K,0,0,0,0,0,495,none
520,K,L,0.1404,-0.2545,-0.0505,0.247,1.308,495,none
520,K,M,-0.2266,0.007158,-0.1598,0.006093,0.6874,495,none
520,K,N,0.07796,-0.08333,-0.04966,-0.1013,-0.02667,495,none
520,K,P,-0.6671,,-0.1507,,-3.279,495,none
520,K,Q,-0.1799,-0.1222,-0.06232,0.1245,1.183,495,none
520,K,R,-0.1242,0.4161,0.458,0.1244,-0.9496,495,none
520,K,S,0.02448,-1.397,0.469,,-1.439,495,none
520,K,T,-0.2019,-0.398,0.4007,-0.2003,-0.4081,495,none
520,K,V,-0.03987,-0.5952,-0.5056,,-0.3341,495,none
520,K,W,-0.5218,-0.7873,,-0.8366,-1.788,495,none
520,K,Y,-0.05158,0.01542,0.1071,-0.4707,-1.742,495,none
521,S,A,0.1614,0.1653,0.3712,0.1904,-0.0416,496,none
521,S,C,-0.4257,,0.01891,-0.7195,-2.805,496,none
521,S,D,-0.1437,-0.6411,-0.06115,-0.06641,-1.963,496,none
521,S,E,0.06272,-0.00954,-0.07751,0.1989,0.1618,496,none
521,S,F,-0.05295,-0.09877,0.0745,0.1061,0.4017,496,none
521,S,G,-0.2274,,0.1684,0.0728,-1.631,496,none
521,S,H,-0.0572,0.1683,-0.1412,-0.006399,0.5521,496,none
521,S,I,-0.05373,-0.3415,0.1202,0.08804,0.6501,496,none
521,S,K,-0.0189,0.1938,0.01582,0.09322,0.4824,496,none
521,S,L,0.02327,0.01952,0.1748,0.1576,0.3489,496,none
521,S,M,-0.04544,-0.3553,0.02182,0.2223,0.2999,496,none
521,S,N,-0.2148,-0.1408,0.1813,-0.04953,0.03291,496,none
521,S,P,-0.7295,-1.566,-0.4784,-0.6328,-3.155,496,none
521,S,Q,-0.04394,0.1398,-0.03116,0.1766,0.02816,496,none
521,S,R,0.02091,0.4153,0.1805,0.06608,0.7542,496,none
521,S,S,0,0,0,0,0,496,none
521,S,T,-0.04071,-0.1096,0.2741,-0.2266,0.1953,496,none
521,S,V,0.4285,0.2886,0.0269,-0.07701,0.4788,496,none
521,S,W,0.02958,-0.1465,-0.06599,0.2184,0.336,496,none
521,S,Y,0.05568,-0.1189,-0.006139,0.1379,0.6521,496,none
522,T,A,0.2619,0.1394,0.3235,-0.27,-0.04953,497,none
522,T,C,-0.2673,0.1124,-0.1739,-0.6098,-2.658,497,none
522,T,D,-0.2062,,,,-2.828,497,none
522,T,E,0.1627,0.1043,0.1371,-0.03993,-0.2897,497,none
522,T,F,-0.08852,-0.2118,0.06073,-0.1134,0.1179,497,none
522,T,G,-0.05664,,-0.312,-1.204,-3.18,497,none
522,T,H,-0.23,-0.03704,0.01604,-0.3414,-1.635,497,none
522,T,I,0.05325,-0.192,-0.05247,0.2528,0.1683,497,none
522,T,K,-0.01471,0.4406,0.0501,0.07858,-0.9932,497,none
522,T,L,-0.03195,-0.07568,0.2002,-0.01904,0.1754,497,none
522,T,M,0.06944,0.06275,-0.04842,0.01205,0.5247,497,none
522,T,N,0.1618,-0.1793,0.1098,-0.03961,-1.597,497,none
522,T,P,-0.9185,-1.711,0.1361,-1.292,-3.343,497,none
522,T,Q,0.1345,-0.01276,0.0973,0.1192,-0.3518,497,none
522,T,R,-0.3551,-0.02814,-0.1294,-0.01009,-0.7308,497,none
522,T,S,-0.4029,-1.08,-0.1151,-1.038,-1.309,497,none
522,T,T,0,0,0,0,0,497,none
522,T,V,-0.1251,0.09615,0.256,0.2524,0.2073,497,none
522,T,W,-0.09665,-0.2659,0.1531,0.06349,-0.06885,497,none
522,T,Y,-0.2582,-0.08004,-0.0637,0.06374,0.3564,497,none
523,T,A,-0.1137,0.09679,0.05128,0.1594,0.05165,498,none
523,T,C,,,-0.396,,-2.33,498,none
523,T,D,-0.2434,0.01331,-0.2267,-0.3616,-1.638,498,none
523,T,E,0.01646,-0.723,-0.06241,-0.184,-2.732,498,none
523,T,F,-0.363,-0.09967,-0.1714,-0.3468,-0.562,498,none
523,T,H,0.3983,,-0.09679,-0.04302,-1.102,498,none
523,T,I,0.07275,-0.007423,0.1089,0.1596,0.7477,498,none
523,T,K,,,-0.202,,-3.1,498,none
523,T,L,0.01791,0.01879,0.3152,0.3017,0.5904,498,none
523,T,M,0.04418,0.1938,-0.05208,0.2808,0.832,498,none
523,T,N,0.006292,-0.1169,-0.112,-0.2208,-1.622,498,none
523,T,P,,,,,-3.163,498,none
523,T,Q,-0.109,,,0.151,0.5075,498,none
523,T,R,-0.2293,0.0006404,-0.1298,-0.3165,-2.226,498,none
523,T,S,,,-0.3199,,-1.106,498,none
523,T,T,0,0,0,0,0,498,none
523,T,V,,,-0.008893,-0.3712,-1.505,498,none
523,T,W,-0.04286,,-0.01337,-0.04804,-1.78,498,none
523,T,Y,-0.1203,0.102,0.1354,-0.7063,-0.8001,498,none
524,N,A,0.1784,-0.06302,-0.004101,0.2431,-0.2726,499,none
524,N,C,-0.2909,-0.01046,-0.001564,-0.1559,-1.926,499,none
524,N,D,-0.02418,-0.4565,0.1302,-0.03461,-0.1639,499,none
524,N,E,-0.2028,0.219,-0.1899,-0.5286,-2.025,499,none
524,N,F,-0.1745,-0.1591,-0.05594,0.005426,-0.4967,499,none
524,N,G,-0.03185,-0.9587,-0.05225,-0.6098,-2.232,499,none
524,N,H,-0.8731,-0.7412,,-0.1816,-0.4651,499,none
524,N,I,-0.09796,0.01539,-0.4415,-0.02095,0.00795,499,none
524,N,K,0.007166,0.2395,-0.03235,-0.08352,-0.01308,499,none
524,N,L,-0.02126,0.0004649,-0.1383,0.03415,0.2219,499,none
524,N,M,-0.6288,-0.3399,-0.07157,,-0.77,499,none
524,N,N,0,0,0,0,0,499,none
524,N,P,0.5577,-0.3193,0.3965,0.5788,-3.351,499,none
524,N,Q,0.08536,0.1156,0.2029,0.3524,0.1881,499,none
524,N,R,0.02206,0.1698,-0.1157,-0.07568,-0.8202,499,none
524,N,S,-0.028,-0.07004,0.2483,-0.4615,-1.077,499,none
524,N,T,0.1077,-0.1729,-0.1633,-0.4038,-0.461,499,none
524,N,V,-0.1074,-0.0593,0.06612,0.02304,-1.135,499,none
524,N,W,-0.1378,-0.2138,-0.2414,-0.03549,-0.07102,499,none
524,N,Y,-0.1016,0.642,-0.1141,-0.2553,-0.2175,499,none
525,I,A,-0.01763,,,,-1.211,500,none
525,I,C,-0.4627,-1.336,-0.1044,-0.1428,-3.082,500,none
525,I,D,-0.05588,-0.08761,,-0.9044,-3.483,500,none
525,I,E,0.2616,,0.06655,,-3.181,500,none
525,I,F,-0.9864,,-0.1932,-0.2503,-1.27,500,none
525,I,G,-0.0954,0.04224,-0.07354,-1.093,-3.422,500,none
525,I,H,,,0.1334,,-2.764,500,none
525,I,I,0,0,0,0,0,500,none
525,I,K,0.0365,0.1833,0.4087,0.00986,-0.9364,500,none
525,I,L,-0.04266,0.3031,0.5736,0.07206,-1.567,500,none
525,I,M,,,,-0.1874,-2.008,500,none
525,I,N,-0.2001,0.01509,-0.06075,-0.8545,-2.883,500,none
525,I,P,,,,,-3.385,500,none
525,I,R,0.07419,,,-0.5102,-1.251,500,none
525,I,S,-0.1661,-0.7625,0.05438,-0.794,-2.603,500,none
525,I,T,0.03634,0.04463,0.005419,-0.4205,-2.05,500,none
525,I,V,-0.2204,,,,-0.6859,500,none
525,I,Y,0.4149,0.2827,0.07303,-0.1475,-1.034,500,none
526,M,A,-0.2422,,-0.0918,,-0.9251,501,none
526,M,C,-0.2863,-0.02144,0.3555,0.05591,-1.621,501,none
526,M,D,,,0.1252,,-3.413,501,none
526,M,E,,,-0.1043,,-3.487,501,none
526,M,F,0.06768,-0.09293,-0.2479,-0.2879,-0.5025,501,none
526,M,G,,,0.04555,-0.3727,-3.343,501,none
526,M,H,,,,,-3.201,501,none
526,M,I,0.02172,0.2487,0.279,0.1919,0.3704,501,none
526,M,K,-0.4531,-0.6845,0.06119,-0.5458,-3.072,501,none
526,M,L,0.04911,,0.3192,0.2746,1.125,501,none
526,M,M,0,0,0,0,0,501,none
526,M,N,,,,,-3.455,501,none
526,M,P,,,,,-3.205,501,none
526,M,Q,-0.1945,,-0.2055,-0.4803,-3.007,501,none
526,M,R,0.04289,,-0.1222,,-3.394,501,none
526,M,S,-0.03119,-2.031,-0.3206,-1.813,-3.412,501,none
526,M,T,-0.3634,-1.927,-0.03334,-0.8547,-2.868,501,none
526,M,V,0.2772,0.08934,-0.07897,0.1743,0.5695,501,none
526,M,W,-0.335,0.09025,-0.4228,-0.8586,-1.987,501,none
526,M,Y,-0.07039,,0.009754,-0.4187,-1.278,501,none
527,I,A,0.3424,0.2367,0.3912,-0.1493,-2.588,502,none
527,I,C,0.0977,0.1799,0.04407,0.1608,-1.452,502,none
527,I,D,,,-0.3883,-0.9891,-3.379,502,none
527,I,E,-0.8657,-1.29,-0.1017,,-3.394,502,none
527,I,F,-0.06079,-0.09651,-0.01707,0.3279,0.5797,502,none
527,I,G,,,,,-2.309,502,none
527,I,H,,,,,-2.698,502,none
527,I,I,0,0,0,0,0,502,none
527,I,K,0.009207,,,,,502,none
527,I,L,0.03407,-0.1116,0.0944,0.1553,0.4275,502,none
527,I,M,-0.06902,0.2412,-0.06795,0.02893,-0.2139,502,none
527,I,P,-0.01113,,0.1402,-0.4058,-3.479,502,none
527,I,Q,0.07021,0.1471,-0.003052,-0.2559,-2.031,502,none
527,I,R,-1.045,-1.512,-0.03683,-0.6788,-2.83,502,none
527,I,S,0.1062,-1.837,-0.2316,-0.9776,-3.46,502,none
527,I,T,0.2072,-0.9767,-0.3106,,-2.949,502,none
527,I,V,-0.08673,-0.03205,-0.3201,,-0.7856,502,none
527,I,W,-0.1206,-0.0319,-0.09075,-0.1663,-1.054,502,none
527,I,Y,-0.07931,-0.7373,-0.3956,-0.702,-2.253,502,none
528,T,A,-0.03206,-0.173,-0.127,-0.6518,-0.2619,503,none
528,T,C,,,-0.01457,,-0.62,503,none
528,T,D,,,0.293,,-3.183,503,none
528,T,E,0.3741,-0.8731,-0.02629,-0.004782,-3.123,503,none
528,T,F,0.2641,-0.7737,-0.03182,0.2104,0.2132,503,none
528,T,G,-0.07857,-0.4655,-0.2161,-0.175,-0.8638,503,none
528,T,H,0.1379,,-0.1639,-0.3373,-2.268,503,none
528,T,I,-0.06961,-0.00324,0.2121,0.01608,0.4136,503,none
528,T,K,0.004405,,-0.2479,,-2.285,503,none
528,T,L,-0.06848,0.467,-0.1745,0.2753,0.7131,503,none
528,T,M,,,,,-0.2323,503,none
528,T,N,0.8525,-0.4625,-0.07042,0.03738,-1.536,503,none
528,T,P,,,,,-3.356,503,none
528,T,Q,,-0.3535,,,-2.761,503,none
528,T,R,-1.716,,-0.1793,,-2.871,503,none
528,T,S,-0.07518,-0.3875,-0.08627,-0.618,-0.3075,503,none
528,T,T,0,0,0,0,0,503,none
528,T,V,0.0591,0.2374,0.09161,0.2309,1.153,503,none
528,T,W,,,-0.04325,,,503,none
528,T,Y,0.1458,0.1538,0.119,0.2105,0.1107,503,none
529,T,A,-0.1867,0.06161,-0.4251,-0.0743,0.1788,504,none
529,T,C,,,-0.2655,,,504,none
529,T,E,,,,,-3.442,504,none
529,T,I,-0.05504,-0.4159,-0.4213,-0.002306,-0.0183,504,none
529,T,K,-0.3792,,0.372,0.008272,-3.408,504,none
529,T,L,-0.04681,-0.1348,-0.1252,0.1454,-0.1533,504,none
529,T,M,,,,,0.4041,504,none
529,T,P,0.08082,,1.184,0.4959,-3.419,504,none
529,T,R,,,,,-2.183,504,none
529,T,T,0,0,0,0,0,504,none
529,T,V,0.09136,,,0.1717,0.754,504,none
529,T,Y,-0.1035,,-0.03934,-0.3624,-2.864,504,none
