latent_phenotype_effect,functional_effect,times_seen,wildtype,site,mutant
-5.364,-3.089,18,Q,26,*
0.1025,0.1253,5,Q,26,A
-0.5156,-0.6587,5,Q,26,C
-0.4247,-0.5411,2,Q,26,D
-1.11,-1.394,1,Q,26,E
-1.176,-1.469,1,Q,26,F
-2.36,-2.474,4,Q,26,G
-0.4581,-0.5843,17,Q,26,H
-0.4832,-0.6167,6,Q,26,I
-1.922,-2.181,14,Q,26,K
0.418,0.4886,4,Q,26,L
0.1218,0.1485,8,Q,26,M
-0.1017,-0.1271,2,Q,26,N
-2.85,-2.706,7,Q,26,P
0,0,,Q,26,Q
-1.65,-1.952,7,Q,26,R
-1.047,-1.32,5,Q,26,S
-1.464,-1.775,3,Q,26,T
0.8633,0.9274,6,Q,26,V
-0.005805,-0.007185,1,Q,26,W
0.85,0.9157,7,Q,26,Y
-3.894,-2.97,6,N,27,A
-3.057,-2.779,7,N,27,C
-0.4031,-0.5133,8,N,27,D
-0.7619,-0.973,4,N,27,E
-0.9837,-1.246,2,N,27,F
-1.489,-1.8,7,N,27,G
-0.9386,-1.191,5,N,27,H
-1.32,-1.627,6,N,27,I
-1.241,-1.541,9,N,27,K
-0.7448,-0.9515,4,N,27,L
-2.089,-2.303,3,N,27,M
0,0,,N,27,N
-1.14,-1.428,1,N,27,P
-1.244,-1.544,5,N,27,Q
-2.44,-2.518,5,N,27,R
-3.149,-2.808,5,N,27,S
-0.07547,-0.09405,8,N,27,T
-1.015,-1.283,10,N,27,V
-2.153,-2.346,4,N,27,W
-0.3358,-0.4263,1,N,27,Y
-4.344,-3.025,7,I,28,*
-4.229,-3.013,5,I,28,A
-3.785,-2.952,8,I,28,C
-3.308,-2.852,3,I,28,D
-2.313,-2.447,2,I,28,E
0.3031,0.3607,1,I,28,F
-4.17,-3.006,4,I,28,G
-3.66,-2.93,4,I,28,H
0,0,,I,28,I
-2.986,-2.755,3,I,28,K
0.1398,0.1702,2,I,28,L
-0.03102,-0.03848,6,I,28,M
-2.257,-2.413,8,I,28,N
-2.856,-2.708,6,I,28,P
-1.643,-1.947,4,I,28,Q
-3.935,-2.976,4,I,28,R
-2.195,-2.374,3,I,28,S
-1.951,-2.203,3,I,28,T
0.3835,0.4508,7,I,28,V
-0.1826,-0.2295,3,I,28,W
-1.307,-1.613,3,I,28,Y
-0.8881,-1.13,7,T,29,A
-2.844,-2.703,4,T,29,C
-1.795,-2.079,5,T,29,D
-1.472,-1.783,8,T,29,E
-2.46,-2.529,6,T,29,F
1.085,1.109,2,T,29,G
-3.09,-2.789,2,T,29,H
-1.722,-2.017,19,T,29,I
-2.299,-2.438,5,T,29,K
-2.83,-2.698,5,T,29,L
-2.225,-2.393,5,T,29,M
-1.278,-1.581,6,T,29,N
-3.902,-2.971,3,T,29,P
-1.181,-1.474,2,T,29,Q
-0.4102,-0.5224,5,T,29,R
1.393,1.324,7,T,29,S
0,0,,T,29,T
-1.629,-1.933,5,T,29,V
-3.424,-2.88,6,T,29,W
-1.985,-2.229,4,T,29,Y
-5.198,-3.082,27,E,30,*
-3.441,-2.884,4,E,30,A
-2.896,-2.723,7,E,30,C
-2.312,-2.446,21,E,30,D
0,0,,E,30,E
-3.601,-2.919,6,E,30,F
-3.608,-2.92,5,E,30,G
-2.712,-2.649,4,E,30,H
-2.627,-2.611,3,E,30,I
-3.905,-2.971,15,E,30,K
-2.91,-2.728,4,E,30,L
-2.872,-2.714,5,E,30,M
-3.114,-2.797,3,E,30,P
-3.308,-2.852,3,E,30,Q
-2.342,-2.464,3,E,30,R
-3.69,-2.936,10,E,30,S
-4.027,-2.989,4,E,30,T
-3.998,-2.985,3,E,30,V
-4.637,-3.05,7,E,30,W
-3.389,-2.872,5,E,30,Y
-4.849,-3.064,18,E,31,*
-1.65,-1.952,5,E,31,A
-0.7526,-0.9614,4,E,31,C
-0.05441,-0.06766,4,E,31,D
0,0,,E,31,E
-1.897,-2.161,4,E,31,F
-3.589,-2.916,3,E,31,G
-1.452,-1.764,8,E,31,H
-1.294,-1.599,20,E,31,K
-0.7522,-0.9609,7,E,31,L
-0.1396,-0.1749,2,E,31,M
-1.076,-1.355,5,E,31,N
-4.014,-2.987,5,E,31,P
-0.3513,-0.4462,3,E,31,Q
-2.386,-2.489,6,E,31,R
0.5983,0.6776,7,E,31,S
0.0131,0.01618,8,E,31,T
-0.3779,-0.4807,7,E,31,V
-0.4583,-0.5846,6,E,31,W
-1.586,-1.894,5,E,31,Y
-1.728,-2.022,4,F,32,*
-4.027,-2.988,4,F,32,A
-2.698,-2.643,6,F,32,C
-4.201,-3.01,4,F,32,D
-3.333,-2.858,9,F,32,E
0,0,,F,32,F
-3.768,-2.949,5,F,32,G
-3.135,-2.803,2,F,32,H
-3.194,-2.821,6,F,32,I
-3.897,-2.97,5,F,32,K
-4.102,-2.998,16,F,32,L
-0.5999,-0.7672,2,F,32,M
-2.629,-2.612,4,F,32,N
-2.558,-2.578,2,F,32,P
-2.563,-2.581,11,F,32,Q
-3.626,-2.924,2,F,32,R
-3.666,-2.931,12,F,32,S
-5.383,-3.09,5,F,32,T
-3.684,-2.934,2,F,32,V
-3.583,-2.915,4,F,32,W
1.769,1.527,2,F,32,Y
-4.296,-3.02,6,Y,33,*
-1.185,-1.479,6,Y,33,A
-1.838,-2.114,9,Y,33,C
-0.8275,-1.055,3,Y,33,D
-1.856,-2.129,6,Y,33,E
-0.7154,-0.9144,1,Y,33,F
-3.147,-2.807,2,Y,33,G
0.5794,0.6586,6,Y,33,H
1.571,1.427,5,Y,33,I
-1.964,-2.213,9,Y,33,K
-3.65,-2.928,3,Y,33,L
0.7373,0.813,4,Y,33,M
-0.9461,-1.2,5,Y,33,N
-4.686,-3.054,6,Y,33,P
0.3003,0.3576,3,Y,33,Q
-0.4961,-0.6334,5,Y,33,R
0.02464,0.0304,3,Y,33,S
-1.357,-1.666,2,Y,33,T
-0.2952,-0.374,3,Y,33,V
-0.9121,-1.159,2,Y,33,W
0,0,,Y,33,Y
-2.627,-2.611,18,Q,34,*
0.1396,0.1699,2,Q,34,A
-1.936,-2.192,3,Q,34,C
-3.172,-2.814,5,Q,34,D
0.2078,0.2507,2,Q,34,E
-4.33,-3.024,3,Q,34,F
-1.699,-1.997,4,Q,34,G
-1.361,-1.67,9,Q,34,H
-3.54,-2.906,2,Q,34,I
2.17,1.687,13,Q,34,K
-0.6735,-0.8612,5,Q,34,L
0.6125,0.6919,2,Q,34,M
-2.17,-2.358,2,Q,34,N
-3.516,-2.901,2,Q,34,P
0,0,,Q,34,Q
-0.003727,-0.004612,5,Q,34,R
-0.1856,-0.2334,7,Q,34,S
-3.239,-2.833,3,Q,34,T
-1.454,-1.766,5,Q,34,V
-3.298,-2.849,4,Q,34,W
-2.061,-2.284,1,Q,34,Y
-0.9031,-1.148,5,S,35,A
-3.617,-2.922,1,S,35,C
-0.2503,-0.3161,4,S,35,D
-0.8678,-1.105,2,S,35,E
-1.834,-2.111,7,S,35,F
-0.3976,-0.5061,7,S,35,G
-0.9683,-1.227,5,S,35,H
-2.987,-2.756,3,S,35,I
-1.266,-1.569,2,S,35,K
-3.617,-2.922,1,S,35,L
-1.763,-2.052,3,S,35,M
-3.622,-2.923,2,S,35,N
-0.7954,-1.015,10,S,35,P
-0.005801,-0.007179,5,S,35,Q
3.419,1.938,2,S,35,R
0,0,,S,35,S
-1.787,-2.072,4,S,35,T
-1.228,-1.527,5,S,35,V
-4.137,-3.002,6,S,35,W
-0.9265,-1.177,14,S,35,Y
-0.3428,-0.4354,1,T,36,*
-3.368,-2.867,4,T,36,A
-2.63,-2.613,4,T,36,C
-2.499,-2.549,5,T,36,D
-3.943,-2.977,3,T,36,E
-3.348,-2.862,3,T,36,F
-2.769,-2.674,6,T,36,G
-3.563,-2.911,1,T,36,H
-3.465,-2.89,16,T,36,I
-3.372,-2.868,2,T,36,K
-3.165,-2.812,3,T,36,L
-2.766,-2.672,4,T,36,M
-4.055,-2.992,5,T,36,N
-3.016,-2.765,5,T,36,P
-3.451,-2.887,1,T,36,Q
-3.591,-2.917,1,T,36,R
-0.4488,-0.5723,3,T,36,S
0,0,,T,36,T
-1.932,-2.189,3,T,36,V
-4.52,-3.041,4,T,36,W
-2.783,-2.679,4,T,36,Y
-3.626,-2.923,4,C,37,*
-5.401,-3.09,5,C,37,A
0,0,,C,37,C
-3.597,-2.918,6,C,37,D
-3.851,-2.963,4,C,37,E
-2.255,-2.412,20,C,37,F
-5.665,-3.098,5,C,37,G
-5.562,-3.095,5,C,37,I
-3.239,-2.833,3,C,37,K
-3.623,-2.923,1,C,37,L
-4.285,-3.019,5,C,37,M
-3.892,-2.969,5,C,37,N
-2.626,-2.611,3,C,37,P
-4.941,-3.07,16,C,37,R
-3.562,-2.911,6,C,37,S
-4.055,-2.992,6,C,37,T
-4.326,-3.023,4,C,37,V
-4.699,-3.055,5,C,37,W
-4.897,-3.067,27,C,37,Y
-2.586,-2.592,3,S,38,A
-1.329,-1.637,1,S,38,C
-3.078,-2.786,1,S,38,D
-3.966,-2.98,3,S,38,F
-3.711,-2.939,12,S,38,G
-5.313,-3.087,6,S,38,H
-1.736,-2.029,19,S,38,I
-4.735,-3.057,6,S,38,K
-4.545,-3.043,3,S,38,L
-2.549,-2.574,3,S,38,M
-4.323,-3.023,11,S,38,N
-1.992,-2.234,2,S,38,P
-2.716,-2.651,8,S,38,Q
-4.025,-2.988,8,S,38,R
0,0,,S,38,S
-2.798,-2.685,3,S,38,T
-3.016,-2.766,3,S,38,V
-3.923,-2.974,6,S,38,W
-4.321,-3.023,4,S,38,Y
0,0,,A,39,A
3.423,1.939,2,A,39,C
-3.613,-2.921,15,A,39,D
-3.874,-2.966,6,A,39,E
-2.408,-2.5,7,A,39,F
-1.011,-1.278,7,A,39,G
-3.682,-2.934,6,A,39,H
-2.576,-2.587,3,A,39,I
-3.318,-2.854,4,A,39,K
-2.27,-2.421,4,A,39,L
-4.159,-3.005,7,A,39,M
-2.267,-2.419,5,A,39,N
-2.936,-2.738,3,A,39,P
-0.511,-0.6526,1,A,39,Q
-4.041,-2.99,3,A,39,R
0.1588,0.1928,19,A,39,S
-1.025,-1.295,18,A,39,T
-0.8277,-1.055,14,A,39,V
-4.309,-3.021,5,A,39,W
-3.882,-2.968,6,A,39,Y
-3.531,-2.904,4,V,40,*
-0.9359,-1.188,4,V,40,A
-3.387,-2.871,3,V,40,C
-3.135,-2.803,5,V,40,D
-3.467,-2.89,8,V,40,E
-3.819,-2.958,3,V,40,F
-2.579,-2.589,1,V,40,G
-3.223,-2.829,5,V,40,H
-0.5259,-0.672,4,V,40,I
-3.427,-2.881,4,V,40,K
-0.6402,-0.8187,6,V,40,L
-2.158,-2.349,22,V,40,M
-4.129,-3.001,6,V,40,N
-3.806,-2.956,3,V,40,P
-2.675,-2.633,3,V,40,Q
-2.595,-2.596,4,V,40,R
-2.79,-2.682,3,V,40,S
-0.5963,-0.7625,1,V,40,T
0,0,,V,40,V
-4.237,-3.014,5,V,40,W
-3.816,-2.957,2,V,40,Y
-0.4355,-0.5551,4,S,41,A
-2.602,-2.6,8,S,41,C
-3.091,-2.79,6,S,41,D
-3.616,-2.922,1,S,41,E
-1.892,-2.158,4,S,41,F
-2.484,-2.541,4,S,41,G
-3.343,-2.861,6,S,41,H
-2.837,-2.701,15,S,41,I
-5.598,-3.096,3,S,41,K
-3.051,-2.777,4,S,41,L
-2.693,-2.641,6,S,41,M
-3.575,-2.913,12,S,41,N
-3.794,-2.954,2,S,41,P
-0.8182,-1.043,1,S,41,Q
-4.282,-3.019,11,S,41,R
0,0,,S,41,S
-1.196,-1.492,2,S,41,T
-0.9936,-1.257,6,S,41,V
-3.707,-2.939,7,S,41,W
-1.859,-2.132,2,S,41,Y
-4.978,-3.072,8,K,42,*
-2.645,-2.62,3,K,42,C
-4.264,-3.017,3,K,42,D
-0.3756,-0.4776,6,K,42,E
-1.101,-1.384,4,K,42,F
0.2679,0.3205,2,K,42,H
-0.1557,-0.1953,3,K,42,I
0,0,,K,42,K
1.728,1.508,1,K,42,L
0.3178,0.3774,6,K,42,M
-1.321,-1.628,33,K,42,N
-2.613,-2.605,4,K,42,P
0.04613,0.05677,8,K,42,Q
1.342,1.291,8,K,42,R
-0.6632,-0.848,2,K,42,S
0.2593,0.3105,2,K,42,T
-0.4174,-0.5317,6,K,42,V
-0.6499,-0.8311,4,K,42,W
0.2221,0.2675,3,K,42,Y
-2.256,-2.412,5,G,43,A
-2.621,-2.609,18,G,43,C
-1.85,-2.124,11,G,43,D
-4.744,-3.058,8,G,43,E
-3.283,-2.845,2,G,43,F
0,0,,G,43,G
-1.99,-2.232,4,G,43,H
-0.5733,-0.733,1,G,43,I
-3.712,-2.939,8,G,43,K
-4.039,-2.99,2,G,43,L
-3.93,-2.975,2,G,43,M
-0.2821,-0.357,4,G,43,N
-3.733,-2.943,4,G,43,P
-2.428,-2.512,3,G,43,Q
-2.374,-2.481,4,G,43,R
-3.595,-2.917,8,G,43,S
-0.7091,-0.9064,3,G,43,T
-2.8,-2.686,13,G,43,V
-3.624,-2.923,4,G,43,W
-4.173,-3.007,4,G,43,Y
-4.444,-3.034,8,Y,44,*
0.1503,0.1827,1,Y,44,-
-2.609,-2.603,4,Y,44,A
-3.589,-2.916,5,Y,44,C
-3.348,-2.862,5,Y,44,D
-2.351,-2.469,3,Y,44,E
-0.5285,-0.6752,3,Y,44,F
-3.566,-2.911,1,Y,44,G
-3.111,-2.796,6,Y,44,H
-2.669,-2.63,4,Y,44,I
-1.239,-1.539,2,Y,44,K
-3.599,-2.918,4,Y,44,L
-3.494,-2.896,7,Y,44,M
-3.459,-2.889,2,Y,44,N
-3.844,-2.962,4,Y,44,P
-3.641,-2.926,2,Y,44,Q
-4.017,-2.987,3,Y,44,R
-2.896,-2.723,4,Y,44,S
-3.806,-2.956,3,Y,44,T
-3.618,-2.922,4,Y,44,V
-0.987,-1.25,5,Y,44,W
0,0,,Y,44,Y
-0.5786,-0.7398,2,L,45,A
-0.9167,-1.165,7,L,45,C
5.465,2.033,7,L,45,D
0.7732,0.8464,5,L,45,E
0.9268,0.9821,5,L,45,F
-4.628,-3.049,2,L,45,G
-1.318,-1.625,5,L,45,H
-0.7095,-0.9069,5,L,45,I
-1.865,-2.136,6,L,45,K
0,0,,L,45,L
-0.4636,-0.5915,20,L,45,M
1.412,1.335,3,L,45,N
-3.315,-2.854,9,L,45,P
-1.272,-1.576,5,L,45,Q
-2.403,-2.498,4,L,45,R
0.04823,0.05934,7,L,45,V
1.257,1.234,7,L,45,W
-0.4226,-0.5384,5,L,45,Y
-3.635,-2.925,4,S,46,*
-2.292,-2.434,4,S,46,A
-4.403,-3.031,4,S,46,C
-4.411,-3.031,5,S,46,D
-4.427,-3.033,6,S,46,E
-3.932,-2.975,8,S,46,F
-3.651,-2.928,5,S,46,G
-3.484,-2.894,6,S,46,H
-3.347,-2.862,13,S,46,I
-3.855,-2.963,3,S,46,K
-3.822,-2.958,3,S,46,L
-2.557,-2.578,5,S,46,M
-3.456,-2.888,13,S,46,N
-3.491,-2.896,4,S,46,P
-2.941,-2.74,6,S,46,Q
-1.858,-2.13,6,S,46,R
0,0,,S,46,S
-3.913,-2.972,4,S,46,T
-4.135,-3.002,3,S,46,V
-2.796,-2.685,2,S,46,W
-2.456,-2.526,7,S,46,Y
0,0,,A,47,A
-1.056,-1.331,4,A,47,C
-4.837,-3.064,12,A,47,D
-3.633,-2.925,6,A,47,E
-2.958,-2.745,7,A,47,F
0.2924,0.3485,2,A,47,G
-4.141,-3.003,4,A,47,H
-4.453,-3.035,5,A,47,I
-2.282,-2.428,2,A,47,K
-4.153,-3.004,6,A,47,L
1.596,1.441,2,A,47,M
-3.893,-2.969,3,A,47,N
-3.377,-2.869,1,A,47,P
-8.892,-3.124,1,A,47,Q
-0.8363,-1.066,1,A,47,R
-1.008,-1.274,9,A,47,S
-4.514,-3.04,15,A,47,T
-0.1107,-0.1384,13,A,47,V
-4.241,-3.014,9,A,47,W
-4.449,-3.035,5,A,47,Y
-2.661,-2.627,9,L,48,*
-3.445,-2.885,2,L,48,A
-4.016,-2.987,3,L,48,C
-3.844,-2.962,3,L,48,D
-4.037,-2.99,6,L,48,E
-4.612,-3.048,5,L,48,F
-4.136,-3.002,8,L,48,G
-3.591,-2.917,1,L,48,H
-2.3,-2.439,2,L,48,I
-4.338,-3.024,8,L,48,K
0,0,,L,48,L
-0.02894,-0.0359,13,L,48,M
-4.39,-3.029,8,L,48,N
-4.972,-3.071,11,L,48,P
-4.157,-3.005,4,L,48,Q
-2.088,-2.302,6,L,48,R
-4.115,-3,4,L,48,S
-3.447,-2.886,3,L,48,T
-7.11,-3.119,6,L,48,V
-3.739,-2.944,2,L,48,W
-3.809,-2.956,4,L,48,Y
-0.3269,-0.4148,4,R,49,A
-1.357,-1.666,7,R,49,C
-2.406,-2.499,3,R,49,D
-6.547,-3.114,5,R,49,E
-2.309,-2.444,4,R,49,F
0.1703,0.2065,9,R,49,G
-3.476,-2.892,1,R,49,H
-5.792,-3.102,12,R,49,I
-0.6863,-0.8775,22,R,49,K
-0.3916,-0.4984,4,R,49,L
-2.25,-2.408,5,R,49,M
-2.472,-2.535,3,R,49,N
-3.625,-2.923,4,R,49,P
-0.3192,-0.4048,3,R,49,Q
0,0,,R,49,R
-1.671,-1.971,5,R,49,S
-2.708,-2.648,5,R,49,T
0.3273,0.3881,5,R,49,V
-4.32,-3.023,6,R,49,W
-3.343,-2.861,7,R,49,Y
-4.456,-3.035,4,T,50,*
-1.721,-2.016,2,T,50,A
-4.044,-2.991,3,T,50,C
-4.565,-3.045,8,T,50,D
-3.649,-2.928,4,T,50,E
-3.975,-2.981,7,T,50,F
-3.632,-2.925,2,T,50,G
-4.056,-2.992,10,T,50,I
-4.311,-3.022,6,T,50,K
-4.33,-3.024,8,T,50,L
3.251,1.919,2,T,50,M
-1.725,-2.02,5,T,50,N
-0.3066,-0.3887,2,T,50,P
-3.627,-2.924,2,T,50,Q
0.4338,0.5058,5,T,50,R
-2.224,-2.392,7,T,50,S
0,0,,T,50,T
-2.758,-2.669,5,T,50,V
-3.657,-2.929,7,T,50,W
-3.92,-2.973,3,T,50,Y
-4.983,-3.072,20,G,51,C
-3.707,-2.939,18,G,51,D
-4.441,-3.034,4,G,51,E
-4.184,-3.008,5,G,51,F
0,0,,G,51,G
-3.747,-2.946,3,G,51,H
-3.039,-2.773,6,G,51,I
-4.546,-3.043,6,G,51,K
-3.617,-2.922,1,G,51,L
-4.387,-3.029,2,G,51,M
-2.482,-2.54,1,G,51,N
-3.497,-2.897,3,G,51,P
-1.591,-1.898,2,G,51,Q
-3.908,-2.972,3,G,51,R
-1.15,-1.439,15,G,51,S
-5.319,-3.087,3,G,51,T
-2.689,-2.639,14,G,51,V
-4.571,-3.045,8,G,51,W
-3.113,-2.797,2,G,51,Y
-4.07,-2.994,24,W,52,*
-2.841,-2.702,3,W,52,A
-2.174,-2.36,11,W,52,C
-2.971,-2.75,1,W,52,D
-4.596,-3.047,1,W,52,E
-3.523,-2.902,3,W,52,G
-3.009,-2.763,2,W,52,H
-2.585,-2.591,2,W,52,I
-3.88,-2.967,3,W,52,K
-4.721,-3.056,14,W,52,L
-3.791,-2.953,8,W,52,M
-3.896,-2.97,4,W,52,N
-3.445,-2.885,3,W,52,P
-1.5,-1.811,3,W,52,Q
-3.066,-2.782,8,W,52,R
-4.26,-3.016,4,W,52,S
-2.397,-2.495,2,W,52,T
-2.804,-2.688,2,W,52,V
0,0,,W,52,W
-3.613,-2.921,2,W,52,Y
-3.308,-2.852,5,Y,53,*
-1.465,-1.776,3,Y,53,A
-0.9058,-1.151,7,Y,53,C
-0.7306,-0.9336,2,Y,53,D
-0.5682,-0.7264,1,Y,53,E
0.6798,0.7581,4,Y,53,F
-1.833,-2.11,3,Y,53,G
0.01293,0.01597,6,Y,53,H
-4.146,-3.004,3,Y,53,I
-3.703,-2.938,6,Y,53,K
-1.35,-1.659,1,Y,53,L
3.827,1.974,1,Y,53,M
-3.904,-2.971,7,Y,53,N
-2.897,-2.724,3,Y,53,P
-0.8957,-1.139,4,Y,53,Q
-3.616,-2.922,1,Y,53,R
0.1375,0.1674,2,Y,53,S
-0.9214,-1.17,5,Y,53,T
-0.7186,-0.9185,3,Y,53,V
-0.1869,-0.235,2,Y,53,W
0,0,,Y,53,Y
-4.042,-2.99,5,T,54,*
-2.177,-2.362,3,T,54,A
-3.631,-2.925,2,T,54,C
-1.091,-1.372,3,T,54,D
-0.1143,-0.1429,4,T,54,E
-4.26,-3.016,9,T,54,F
-4.333,-3.024,5,T,54,G
-0.3643,-0.4631,10,T,54,I
-2.818,-2.693,4,T,54,K
-0.5531,-0.707,4,T,54,L
-0.9139,-1.161,9,T,54,M
-3.877,-2.967,4,T,54,N
-3.327,-2.857,5,T,54,P
-1.711,-2.007,6,T,54,Q
-2.891,-2.721,2,T,54,R
-2.848,-2.705,3,T,54,S
0,0,,T,54,T
-0.278,-0.3518,5,T,54,V
-3.299,-2.85,8,T,54,W
-3.89,-2.969,4,T,54,Y
0.03079,0.03795,6,S,55,A
-0.3758,-0.478,7,S,55,C
-3.39,-2.872,3,S,55,D
-1.128,-1.415,5,S,55,E
-1.028,-1.298,5,S,55,F
-0.05762,-0.07168,5,S,55,G
-6.868,-3.117,5,S,55,H
-4.375,-3.028,13,S,55,I
-5.362,-3.089,9,S,55,K
-4.534,-3.042,8,S,55,L
-2.749,-2.665,9,S,55,M
-1.804,-2.086,8,S,55,N
-0.5246,-0.6702,4,S,55,P
-4.076,-2.995,5,S,55,Q
-1.676,-1.976,12,S,55,R
0,0,,S,55,S
-0.07305,-0.09101,13,S,55,T
-0.9324,-1.184,8,S,55,V
-4.094,-2.997,4,S,55,W
-1.209,-1.506,7,S,55,Y
-3.258,-2.838,11,V,56,*
-3.208,-2.825,8,V,56,A
-2.745,-2.663,6,V,56,C
-3.596,-2.918,6,V,56,D
-2.072,-2.292,5,V,56,E
-3.391,-2.872,9,V,56,F
-1.271,-1.574,5,V,56,G
-0.5408,-0.6911,1,V,56,H
0.5939,0.6732,13,V,56,I
-3.777,-2.951,5,V,56,K
-1.344,-1.652,7,V,56,L
-2.856,-2.708,15,V,56,M
-3.13,-2.802,8,V,56,N
-3.895,-2.97,6,V,56,P
-2.994,-2.758,3,V,56,Q
-3.867,-2.965,6,V,56,R
-3.072,-2.784,7,V,56,S
-2.215,-2.386,11,V,56,T
0,0,,V,56,V
-3.594,-2.917,7,V,56,W
-2.199,-2.376,7,V,56,Y
0.5795,0.6586,5,I,57,A
-1.978,-2.223,5,I,57,C
-3.499,-2.897,5,I,57,D
-2.263,-2.416,4,I,57,E
-3.524,-2.903,6,I,57,F
-5.743,-3.1,6,I,57,G
-3.096,-2.791,5,I,57,H
0,0,,I,57,I
-1.987,-2.23,5,I,57,K
0.4528,0.5263,9,I,57,L
-1.207,-1.504,6,I,57,M
-1.664,-1.966,3,I,57,N
-4.365,-3.027,4,I,57,P
-1.679,-1.978,9,I,57,Q
-1.407,-1.718,5,I,57,R
-1.901,-2.164,7,I,57,S
-1.613,-1.918,5,I,57,T
3.075,1.895,5,I,57,V
-4.826,-3.063,3,I,57,W
-4.07,-2.994,9,T,58,*
-0.04781,-0.05942,4,T,58,A
-3.143,-2.806,8,T,58,D
-2.661,-2.627,4,T,58,E
-2.033,-2.264,4,T,58,F
-1.771,-2.058,4,T,58,G
-2.193,-2.372,1,T,58,H
-1.704,-2.001,14,T,58,I
-1.324,-1.632,10,T,58,K
-0.9178,-1.166,4,T,58,L
0.1237,0.1509,5,T,58,M
-1.655,-1.958,6,T,58,N
-3.776,-2.951,3,T,58,P
-0.3474,-0.4412,7,T,58,Q
-1.276,-1.58,5,T,58,R
-1.272,-1.575,2,T,58,S
0,0,,T,58,T
-0.9472,-1.202,3,T,58,V
-2.495,-2.547,5,T,58,W
-3.279,-2.844,3,T,58,Y
0.6457,0.7248,5,I,59,A
-3.724,-2.942,3,I,59,C
-1.751,-2.041,3,I,59,D
-0.8611,-1.097,6,I,59,E
-0.9895,-1.252,4,I,59,F
-0.7979,-1.018,8,I,59,G
-1.713,-2.008,2,I,59,H
0,0,,I,59,I
-3.473,-2.892,6,I,59,K
-0.1899,-0.2389,3,I,59,L
-0.128,-0.1603,3,I,59,M
-2.44,-2.518,6,I,59,N
-2.463,-2.53,5,I,59,P
-2.253,-2.41,5,I,59,Q
-2.663,-2.628,7,I,59,R
-2.268,-2.419,2,I,59,S
-3.101,-2.793,1,I,59,T
0.1007,0.1232,7,I,59,V
-2.01,-2.247,5,I,59,W
0.2802,0.3347,5,I,59,Y
-4.32,-3.023,22,E,60,*
3.446,1.941,4,E,60,A
-0.3546,-0.4506,3,E,60,C
0.635,0.7142,15,E,60,D
0,0,,E,60,E
-2.205,-2.38,2,E,60,F
-0.6801,-0.8696,4,E,60,G
0.7123,0.7893,9,E,60,H
-1.451,-1.763,6,E,60,I
-0.5279,-0.6744,12,E,60,K
-3.33,-2.857,2,E,60,L
-4.518,-3.041,8,E,60,M
-0.05964,-0.07421,3,E,60,N
-0.05866,-0.07298,6,E,60,P
-0.6763,-0.8648,2,E,60,Q
0.8272,0.8954,2,E,60,R
0.001732,0.002142,10,E,60,S
-1.643,-1.946,6,E,60,T
-0.667,-0.8529,9,E,60,V
-3.191,-2.82,4,E,60,W
-0.4919,-0.628,10,E,60,Y
-1.902,-2.166,3,L,61,A
-1.382,-1.692,3,L,61,C
-1.648,-1.95,5,L,61,D
-0.1828,-0.2299,6,L,61,F
-2.907,-2.727,3,L,61,G
-4.018,-2.987,3,L,61,H
-0.02125,-0.02634,4,L,61,I
-3.188,-2.819,3,L,61,K
0,0,,L,61,L
-0.452,-0.5764,11,L,61,M
-1.048,-1.322,2,L,61,N
-1.331,-1.639,9,L,61,P
-2.397,-2.495,14,L,61,Q
1.164,1.169,2,L,61,R
-6.412,-3.113,4,L,61,S
-1.788,-2.073,4,L,61,T
-0.09802,-0.1224,4,L,61,V
-1.025,-1.295,9,L,61,W
0.2306,0.2773,3,L,61,Y
-5.29,-3.086,12,S,62,*
-0.3695,-0.4697,7,S,62,A
-1.117,-1.402,6,S,62,C
-3.916,-2.973,6,S,62,D
-4.603,-3.048,10,S,62,E
-2.823,-2.695,8,S,62,F
-1.634,-1.938,15,S,62,G
-2.307,-2.443,12,S,62,H
-5.228,-3.084,13,S,62,I
-0.5755,-0.7358,4,S,62,K
-3.247,-2.836,14,S,62,L
-1.725,-2.019,3,S,62,M
-3.864,-2.965,13,S,62,N
-1.19,-1.485,14,S,62,P
-2.051,-2.277,3,S,62,Q
0.0882,0.108,18,S,62,R
0,0,,S,62,S
-0.103,-0.1287,5,S,62,T
-1.881,-2.149,10,S,62,V
-3.782,-2.952,10,S,62,W
-1.554,-1.864,9,S,62,Y
-2.58,-2.589,2,N,63,*
0.1373,0.1672,11,N,63,A
0.149,0.1811,9,N,63,C
0.1794,0.2172,8,N,63,D
2.572,1.8,2,N,63,E
3.824,1.974,9,N,63,F
-0.767,-0.9795,7,N,63,G
-0.1199,-0.15,6,N,63,H
1.502,1.389,5,N,63,I
-0.485,-0.6191,15,N,63,K
0.3272,0.388,9,N,63,L
0.5673,0.6462,3,N,63,M
0,0,,N,63,N
-2.918,-2.731,11,N,63,P
0.02248,0.02774,5,N,63,Q
-2.578,-2.588,6,N,63,R
-0.2021,-0.2545,12,N,63,S
-0.8064,-1.029,11,N,63,T
0.03586,0.04418,14,N,63,V
-0.8184,-1.044,9,N,63,W
-0.8479,-1.08,5,N,63,Y
-5.174,-3.081,9,I,64,*
-0.5021,-0.6412,4,I,64,A
-3.248,-2.836,5,I,64,C
-1.533,-1.843,3,I,64,D
-3.039,-2.773,3,I,64,E
-0.8205,-1.046,6,I,64,F
-1.327,-1.635,10,I,64,G
-1.038,-1.31,9,I,64,H
0,0,,I,64,I
-2.732,-2.658,9,I,64,K
0.244,0.2929,12,I,64,L
-0.9151,-1.163,7,I,64,M
-1.779,-2.065,12,I,64,N
0.3653,0.4307,5,I,64,P
-0.4262,-0.5431,4,I,64,Q
-2.221,-2.39,9,I,64,R
-0.9886,-1.251,8,I,64,S
1.192,1.189,10,I,64,T
0.4457,0.5186,5,I,64,V
-1.003,-1.269,4,I,64,W
-0.2578,-0.3258,8,I,64,Y
-3.765,-2.949,4,K,65,*
0.3933,0.4616,9,K,65,A
-1.362,-1.671,2,K,65,C
3.281,1.923,5,K,65,D
1.741,1.514,13,K,65,E
0.56,0.6388,4,K,65,F
-0.06123,-0.07619,8,K,65,G
-0.09466,-0.1182,6,K,65,H
0.01177,0.01454,7,K,65,I
0,0,,K,65,K
-0.6226,-0.7962,10,K,65,L
0.6362,0.7155,12,K,65,M
0.4823,0.5577,20,K,65,N
0.414,0.4843,8,K,65,P
0.7308,0.8068,9,K,65,Q
1.531,1.405,13,K,65,R
1.145,1.155,10,K,65,S
1.056,1.087,10,K,65,T
-2.396,-2.494,2,K,65,V
0.188,0.2274,11,K,65,W
-0.7471,-0.9545,6,K,65,Y
-2.777,-2.677,15,E,66,*
-0.4547,-0.58,6,E,66,A
-3.798,-2.954,3,E,66,C
-0.2829,-0.3581,5,E,66,D
0,0,,E,66,E
-0.5675,-0.7255,5,E,66,F
-1.106,-1.389,16,E,66,G
-0.5441,-0.6954,9,E,66,H
-2.092,-2.306,4,E,66,I
-2.806,-2.688,13,E,66,K
-2.166,-2.355,9,E,66,L
-0.7411,-0.9469,2,E,66,M
-1.228,-1.527,4,E,66,N
-1.37,-1.68,7,E,66,P
-0.7857,-1.003,5,E,66,Q
-1.851,-2.125,14,E,66,R
-0.5032,-0.6427,11,E,66,S
-0.8348,-1.064,9,E,66,T
-0.888,-1.13,10,E,66,V
-1.12,-1.405,9,E,66,W
-0.2491,-0.3146,6,E,66,Y
1.442,1.353,4,N,67,A
-0.7846,-1.002,4,N,67,C
1.335,1.286,6,N,67,D
3.119,1.901,4,N,67,E
-2.609,-2.603,6,N,67,F
-0.01318,-0.01632,5,N,67,G
0.6516,0.7306,7,N,67,H
-1.187,-1.481,5,N,67,I
-0.3214,-0.4077,12,N,67,K
-2.14,-2.338,6,N,67,L
-0.9057,-1.151,6,N,67,M
0,0,,N,67,N
0.2979,0.3548,9,N,67,P
2.606,1.808,7,N,67,Q
-0.02037,-0.02525,7,N,67,R
1.21,1.202,6,N,67,S
2.969,1.879,9,N,67,T
-0.5301,-0.6773,8,N,67,V
-1.422,-1.733,5,N,67,W
0.2178,0.2624,10,N,67,Y
-3.799,-2.955,15,K,68,*
0.5602,0.6389,9,K,68,A
-2.325,-2.454,3,K,68,C
-0.1735,-0.218,8,K,68,D
-0.5543,-0.7085,11,K,68,E
0.3468,0.41,6,K,68,F
0.5956,0.675,6,K,68,G
0.1634,0.1983,10,K,68,H
-0.01474,-0.01825,5,K,68,I
0,0,,K,68,K
0.243,0.2917,13,K,68,L
0.2535,0.3039,5,K,68,M
0.3763,0.4428,21,K,68,N
-0.04581,-0.05692,9,K,68,P
1.221,1.21,7,K,68,Q
0.2881,0.3436,18,K,68,R
2.452,1.771,6,K,68,S
1.282,1.251,6,K,68,T
0.3651,0.4304,9,K,68,V
-0.6864,-0.8776,9,K,68,W
0.8682,0.9317,7,K,68,Y
-4.527,-3.042,9,C,69,*
-1.477,-1.789,9,C,69,A
0,0,,C,69,C
-3.033,-2.771,10,C,69,D
-1.665,-1.966,5,C,69,E
-3.537,-2.905,13,C,69,F
-5.613,-3.097,9,C,69,G
-5.511,-3.094,2,C,69,H
-2.826,-2.697,4,C,69,I
-2.448,-2.522,8,C,69,K
-3.474,-2.892,11,C,69,L
-3.361,-2.865,8,C,69,M
-3.086,-2.788,7,C,69,N
-2.211,-2.384,7,C,69,P
-2.406,-2.499,5,C,69,Q
-2.362,-2.475,12,C,69,R
-5.405,-3.09,15,C,69,S
-2.469,-2.533,10,C,69,T
-3.319,-2.855,8,C,69,V
-4.409,-3.031,9,C,69,W
-3.899,-2.97,9,C,69,Y
-3.151,-2.808,5,N,70,*
-0.8074,-1.03,2,N,70,A
-3.647,-2.927,6,N,70,C
-0.7167,-0.9161,3,N,70,D
-1.784,-2.069,1,N,70,E
-2.03,-2.261,2,N,70,F
-1.942,-2.196,3,N,70,G
-0.2657,-0.336,4,N,70,H
-0.9014,-1.146,1,N,70,I
-2.378,-2.484,9,N,70,K
-0.6199,-0.7928,3,N,70,L
-1.82,-2.1,2,N,70,M
0,0,,N,70,N
-1.097,-1.379,2,N,70,P
-0.9563,-1.213,4,N,70,Q
-2.995,-2.759,2,N,70,R
-1.051,-1.325,10,N,70,S
0.2368,0.2845,1,N,70,T
-0.1044,-0.1305,3,N,70,V
-3.39,-2.872,3,N,70,W
-2.59,-2.594,3,N,70,Y
0.1836,0.2222,6,G,71,A
-2.684,-2.637,11,G,71,C
-1.433,-1.745,12,G,71,D
0.4081,0.4778,4,G,71,E
-0.7646,-0.9765,3,G,71,F
0,0,,G,71,G
-0.7566,-0.9664,5,G,71,H
-0.5799,-0.7414,3,G,71,I
0.6823,0.7606,3,G,71,K
-0.6905,-0.8828,8,G,71,L
-1.615,-1.92,3,G,71,M
0.6505,0.7296,2,G,71,N
-1.77,-2.058,5,G,71,P
-1.465,-1.777,5,G,71,Q
4.411,2.006,2,G,71,R
2.27,1.719,14,G,71,S
0.03085,0.03804,5,G,71,T
0.07203,0.08839,11,G,71,V
-1.02,-1.288,4,G,71,W
-3.444,-2.885,5,G,71,Y
-2.082,-2.298,5,T,72,*
-0.4591,-0.5856,3,T,72,A
-2.771,-2.674,5,T,72,C
-2.27,-2.42,2,T,72,E
-2.006,-2.244,6,T,72,F
-0.6292,-0.8047,3,T,72,G
-0.6533,-0.8355,8,T,72,I
-2.398,-2.495,4,T,72,K
-1.208,-1.505,5,T,72,L
-2.932,-2.736,3,T,72,M
-2.966,-2.748,8,T,72,N
-0.1088,-0.136,5,T,72,P
-2.148,-2.343,3,T,72,Q
-1.523,-1.834,2,T,72,R
-0.07032,-0.08759,1,T,72,S
0,0,,T,72,T
-3.039,-2.773,1,T,72,V
-1.125,-1.412,4,T,72,W
-3.184,-2.818,2,T,72,Y
1.551,1.416,1,D,73,A
-1.897,-2.161,1,D,73,C
0,0,,D,73,D
0.1021,0.1249,2,D,73,E
-2.233,-2.398,2,D,73,F
3.716,1.966,3,D,73,G
-0.5477,-0.7,6,D,73,H
-1.218,-1.516,4,D,73,I
3.598,1.956,4,D,73,K
-3.621,-2.922,1,D,73,L
-3.243,-2.834,3,D,73,M
0.3587,0.4233,15,D,73,N
-1.067,-1.344,8,D,73,P
-0.0783,-0.09759,1,D,73,Q
-0.8074,-1.03,3,D,73,R
1.09,1.114,1,D,73,T
-1.743,-2.035,3,D,73,V
-2.26,-2.415,3,D,73,W
-1.225,-1.524,13,D,73,Y
-2.432,-2.514,6,A,74,*
0,0,,A,74,A
-4.062,-2.993,4,A,74,C
-3.09,-2.789,3,A,74,D
-2.472,-2.535,13,A,74,E
-4.578,-3.046,3,A,74,F
-0.2217,-0.2795,6,A,74,H
1.255,1.233,3,A,74,I
3.88,1.978,2,A,74,K
-0.1066,-0.1332,3,A,74,L
-0.8671,-1.104,4,A,74,M
-2.953,-2.744,1,A,74,N
-1.365,-1.674,5,A,74,P
-0.4689,-0.5983,2,A,74,Q
2.412,1.76,2,A,74,R
-0.01891,-0.02344,13,A,74,S
0.5583,0.637,13,A,74,T
0.325,0.3856,12,A,74,V
-0.9878,-1.251,3,A,74,W
-1.733,-2.026,2,A,74,Y
-1.22,-1.519,1,K,75,-
-3.566,-2.912,5,K,75,A
-0.3273,-0.4153,1,K,75,C
-3.769,-2.95,3,K,75,D
-3.971,-2.981,5,K,75,E
-1.368,-1.678,6,K,75,F
-3.095,-2.791,10,K,75,G
-3.88,-2.967,4,K,75,H
-0.6517,-0.8334,4,K,75,I
0,0,,K,75,K
-2.475,-2.536,3,K,75,L
-1.638,-1.941,3,K,75,M
-7.004,-3.118,24,K,75,N
-4.712,-3.056,5,K,75,P
-4.182,-3.008,5,K,75,Q
1.539,1.409,5,K,75,R
-3.024,-2.768,3,K,75,S
-1.867,-2.138,2,K,75,T
3.503,1.947,6,K,75,V
-4.243,-3.015,7,K,75,W
-3.973,-2.981,3,K,75,Y
-1.16,-1.451,2,V,76,*
-2.017,-2.252,1,V,76,-
-1.55,-1.86,4,V,76,A
-3.15,-2.808,4,V,76,C
0.5025,0.5791,4,V,76,D
2.588,1.804,5,V,76,E
-0.2878,-0.3643,7,V,76,F
-0.269,-0.3402,2,V,76,G
-2.228,-2.395,2,V,76,H
1.307,1.268,2,V,76,I
-1.76,-2.049,5,V,76,K
-1.285,-1.59,11,V,76,L
-0.2985,-0.3782,11,V,76,M
-1.508,-1.818,4,V,76,N
-3.076,-2.785,4,V,76,P
-0.4046,-0.5152,9,V,76,Q
-0.3309,-0.42,5,V,76,R
-0.2301,-0.2903,6,V,76,S
-0.1954,-0.2459,1,V,76,T
0,0,,V,76,V
-0.3667,-0.4662,5,V,76,W
-1.802,-2.085,2,V,76,Y
-0.6125,-0.7833,3,K,77,A
-3.617,-2.922,2,K,77,C
-3.425,-2.881,5,K,77,D
-0.5719,-0.7312,6,K,77,E
-3.766,-2.949,3,K,77,F
-1.24,-1.54,4,K,77,G
-1.372,-1.682,2,K,77,H
-1.541,-1.851,6,K,77,I
0,0,,K,77,K
-1.955,-2.206,7,K,77,L
0.1622,0.1968,4,K,77,M
-0.9864,-1.249,7,K,77,N
-3.625,-2.923,2,K,77,P
-0.8438,-1.075,2,K,77,Q
0.3539,0.4179,2,K,77,R
-1.784,-2.07,6,K,77,S
-3.451,-2.887,2,K,77,T
-1.572,-1.881,7,K,77,V
0.6507,0.7298,6,K,77,W
-1.705,-2.002,5,K,77,Y
-2.77,-2.674,6,L,78,*
-4.03,-2.989,3,L,78,A
-2.575,-2.587,4,L,78,C
-4.369,-3.027,5,L,78,D
-3.878,-2.967,6,L,78,E
-4.033,-2.989,3,L,78,F
-4.003,-2.985,5,L,78,G
-2.856,-2.708,3,L,78,H
-4.243,-3.015,6,L,78,I
-4.249,-3.015,3,L,78,K
0,0,,L,78,L
-1.596,-1.903,20,L,78,M
-3.692,-2.936,2,L,78,N
-4.026,-2.988,9,L,78,P
-4.069,-2.994,7,L,78,Q
-4.868,-3.066,5,L,78,R
-3.002,-2.761,2,L,78,S
-4.821,-3.063,7,L,78,T
-2.123,-2.326,6,L,78,V
-2.809,-2.69,2,L,78,W
-4.114,-3,5,L,78,Y
-2.167,-2.355,4,I,79,A
-3.613,-2.921,5,I,79,C
-1.762,-2.051,3,I,79,D
-3.123,-2.8,10,I,79,E
0.5182,0.5955,1,I,79,F
-2.503,-2.551,3,I,79,G
-1.529,-1.839,4,I,79,H
0,0,,I,79,I
-2.115,-2.321,9,I,79,K
0.2,0.2415,7,I,79,L
1.46,1.364,7,I,79,M
-3.136,-2.804,6,I,79,N
-2.608,-2.603,3,I,79,P
-3.689,-2.935,4,I,79,Q
-3.124,-2.8,2,I,79,R
-0.3081,-0.3905,2,I,79,S
-3.599,-2.918,3,I,79,T
0.3733,0.4395,9,I,79,V
-5.625,-3.097,2,I,79,W
0.2194,0.2642,4,I,79,Y
-2.051,-2.277,5,N,80,*
1.159,1.165,4,N,80,A
-2.691,-2.64,2,N,80,C
-3.184,-2.818,5,N,80,D
-1.165,-1.457,2,N,80,E
-0.04463,-0.05545,6,N,80,F
-0.3915,-0.4982,8,N,80,G
-0.5014,-0.6402,5,N,80,H
0.4257,0.497,4,N,80,I
-0.7981,-1.018,5,N,80,K
-0.002279,-0.00282,4,N,80,L
-0.7654,-0.9775,3,N,80,M
0,0,,N,80,N
-2.261,-2.415,2,N,80,P
-1.369,-1.679,4,N,80,Q
-0.7135,-0.912,6,N,80,R
2.117,1.669,6,N,80,S
-1.225,-1.523,4,N,80,T
-0.7597,-0.9703,1,N,80,V
-0.8826,-1.123,8,N,80,W
-0.6419,-0.8209,3,N,80,Y
-3.919,-2.973,7,Q,81,*
0.7558,0.8302,5,Q,81,A
0.3919,0.46,3,Q,81,C
-0.7232,-0.9242,3,Q,81,D
0.3009,0.3582,3,Q,81,E
0.7801,0.8527,1,Q,81,F
1.397,1.326,3,Q,81,G
4.121,1.992,9,Q,81,H
0.3231,0.3834,2,Q,81,I
0.3661,0.4315,8,Q,81,K
1.949,1.606,11,Q,81,L
0.679,0.7574,6,Q,81,M
2.249,1.713,3,Q,81,N
-3.674,-2.933,2,Q,81,P
0,0,,Q,81,Q
-0.5094,-0.6505,8,Q,81,R
0.3457,0.4088,2,Q,81,S
-1.088,-1.368,2,Q,81,T
-0.0922,-0.1151,5,Q,81,V
-0.175,-0.2199,3,Q,81,W
2.365,1.747,9,Q,81,Y
-3.517,-2.901,21,E,82,*
-4.126,-3.001,1,E,82,A
-3.433,-2.883,3,E,82,C
-2.266,-2.418,12,E,82,D
0,0,,E,82,E
-2.874,-2.715,3,E,82,F
-3.632,-2.925,3,E,82,G
-4.451,-3.035,4,E,82,H
-3.458,-2.888,3,E,82,I
-1.135,-1.423,14,E,82,K
-3.624,-2.923,1,E,82,L
-2.352,-2.469,3,E,82,M
-3.619,-2.922,1,E,82,N
-3.22,-2.828,2,E,82,P
-2.629,-2.612,2,E,82,Q
-3.477,-2.892,3,E,82,R
-4.353,-3.026,3,E,82,S
-2.427,-2.511,2,E,82,T
-3.344,-2.861,3,E,82,W
-4.06,-2.993,2,E,82,Y
-2.954,-2.744,4,L,83,A
-3.307,-2.852,4,L,83,C
-2.56,-2.579,2,L,83,D
-3.041,-2.774,3,L,83,E
1.105,1.125,5,L,83,F
-2.042,-2.27,8,L,83,G
-2.632,-2.614,2,L,83,H
-0.01373,-0.017,4,L,83,I
0.6233,0.7027,2,L,83,K
0,0,,L,83,L
0.9412,0.9942,12,L,83,M
-3.621,-2.922,1,L,83,N
-3.369,-2.867,4,L,83,P
-3.746,-2.946,3,L,83,Q
-2.365,-2.477,8,L,83,R
-3.992,-2.984,3,L,83,S
-4.06,-2.993,7,L,83,T
-2.837,-2.701,5,L,83,V
-0.2814,-0.3562,4,L,83,W
-3.869,-2.966,6,L,83,Y
-3.609,-2.92,3,D,84,*
-0.6633,-0.8482,4,D,84,A
-0.1665,-0.2091,4,D,84,C
0,0,,D,84,D
0.03109,0.03832,7,D,84,E
-0.8678,-1.105,3,D,84,F
0.115,0.1404,6,D,84,G
-0.6039,-0.7723,6,D,84,H
-0.7126,-0.9109,1,D,84,I
-3.472,-2.891,3,D,84,K
-0.9854,-1.248,3,D,84,L
-0.652,-0.8338,4,D,84,M
-0.07139,-0.08892,16,D,84,N
-4.214,-3.011,2,D,84,P
-0.1622,-0.2036,2,D,84,Q
-2.965,-2.748,4,D,84,R
-0.05351,-0.06653,7,D,84,S
-0.5958,-0.7619,5,D,84,T
-0.3876,-0.4932,7,D,84,V
-1.463,-1.774,6,D,84,W
-0.4791,-0.6115,16,D,84,Y
0.5117,0.5887,4,K,85,A
-1.341,-1.649,4,K,85,C
3.334,1.929,4,K,85,D
1.271,1.244,4,K,85,E
1.677,1.483,2,K,85,F
-3.343,-2.861,3,K,85,G
-0.7303,-0.9332,2,K,85,H
-2.461,-2.529,8,K,85,I
0,0,,K,85,K
-1.282,-1.587,4,K,85,L
-3.192,-2.82,3,K,85,M
0.8406,0.9073,8,K,85,N
-5.123,-3.079,8,K,85,P
0.5779,0.657,6,K,85,Q
-1.371,-1.681,4,K,85,R
-0.3682,-0.4681,3,K,85,S
-2.531,-2.565,4,K,85,T
-1.369,-1.679,4,K,85,V
0.04363,0.05371,6,K,85,W
5.017,2.025,5,K,85,Y
-3.65,-2.928,3,Y,86,*
-3.407,-2.876,3,Y,86,A
-3.39,-2.872,4,Y,86,C
-2.043,-2.271,3,Y,86,D
-7.156,-3.119,6,Y,86,E
-4.382,-3.029,5,Y,86,F
-3.808,-2.956,3,Y,86,G
-1.437,-1.748,1,Y,86,H
-0.9316,-1.183,6,Y,86,I
-3.466,-2.89,6,Y,86,K
-5.094,-3.078,4,Y,86,L
-1.92,-2.18,2,Y,86,M
-3.876,-2.967,6,Y,86,N
-1.895,-2.16,7,Y,86,P
-4.173,-3.007,4,Y,86,Q
-2.292,-2.434,9,Y,86,R
-3.986,-2.983,4,Y,86,S
-4.402,-3.031,4,Y,86,T
-1.661,-1.962,4,Y,86,V
-3.547,-2.908,4,Y,86,W
0,0,,Y,86,Y
0.6351,0.7144,5,K,87,A
2.38,1.751,5,K,87,C
3.288,1.923,3,K,87,E
0.5719,0.6509,4,K,87,F
2.804,1.85,1,K,87,G
0.0182,0.02247,6,K,87,H
-0.7441,-0.9506,5,K,87,I
0,0,,K,87,K
-0.3606,-0.4582,5,K,87,L
3.973,1.984,2,K,87,M
2.393,1.755,19,K,87,N
-3.614,-2.921,2,K,87,P
-1.452,-1.764,2,K,87,Q
0.05836,0.07172,6,K,87,R
1.075,1.102,3,K,87,S
3.803,1.972,2,K,87,T
0.5654,0.6442,4,K,87,V
-0.6529,-0.835,3,K,87,W
-2.597,-2.597,4,K,87,Y
0.7642,0.8381,3,N,88,A
-1.716,-2.011,6,N,88,C
-0.07749,-0.09658,3,N,88,D
0.2205,0.2655,3,N,88,E
1.061,1.091,1,N,88,F
3.462,1.943,3,N,88,G
-2.216,-2.387,2,N,88,H
-1.205,-1.502,1,N,88,I
-3.444,-2.885,6,N,88,K
-1.825,-2.104,4,N,88,L
-0.1178,-0.1473,1,N,88,M
0,0,,N,88,N
-0.8476,-1.08,5,N,88,P
-2.965,-2.748,3,N,88,Q
-3.213,-2.826,4,N,88,R
0.9463,0.9985,2,N,88,S
2.604,1.808,2,N,88,T
-3.631,-2.924,1,N,88,W
-0.4954,-0.6326,2,N,88,Y
0,0,,A,89,A
0.6449,0.7241,5,A,89,C
-3.841,-2.961,7,A,89,D
-2.861,-2.71,3,A,89,E
-3.677,-2.933,3,A,89,F
-4.33,-3.024,5,A,89,G
-3.74,-2.944,3,A,89,H
-3.634,-2.925,3,A,89,I
-0.9067,-1.153,4,A,89,K
-3.979,-2.982,4,A,89,L
-3.698,-2.937,5,A,89,M
-4.063,-2.993,3,A,89,N
-2.504,-2.552,5,A,89,P
-2.446,-2.521,7,A,89,Q
-2.382,-2.486,11,A,89,R
-3.174,-2.815,22,A,89,S
-5.41,-3.09,14,A,89,T
-4.175,-3.007,8,A,89,V
-2.632,-2.614,3,A,89,W
-0.9275,-1.178,5,V,90,A
-0.705,-0.9013,1,V,90,C
-0.5513,-0.7046,7,V,90,E
2.365,1.747,5,V,90,F
-2.863,-2.711,4,V,90,G
-1.751,-2.041,2,V,90,H
-0.3128,-0.3966,4,V,90,I
-3.352,-2.863,3,V,90,K
2.244,1.711,4,V,90,L
0.6993,0.7769,16,V,90,M
0.1606,0.1949,6,V,90,N
-2.011,-2.248,4,V,90,P
-0.134,-0.1678,3,V,90,Q
-1.609,-1.915,2,V,90,R
-0.3641,-0.4628,1,V,90,S
-3.588,-2.916,1,V,90,T
0,0,,V,90,V
0.6092,0.6886,4,V,90,W
1.464,1.367,3,V,90,Y
0.02141,0.02643,6,T,91,A
-0.6124,-0.7832,2,T,91,C
0.2033,0.2455,7,T,91,D
1.432,1.347,1,T,91,E
0.001763,0.002181,4,T,91,G
-0.9916,-1.255,3,T,91,H
0.3782,0.445,9,T,91,I
-0.878,-1.117,1,T,91,K
0.4397,0.5121,3,T,91,L
0.7153,0.7921,7,T,91,M
0.7224,0.7989,11,T,91,N
-2.309,-2.444,8,T,91,P
2.073,1.653,1,T,91,Q
0.5583,0.637,5,T,91,R
0.05555,0.06829,2,T,91,S
0,0,,T,91,T
-0.115,-0.1438,5,T,91,V
0.5711,0.6501,3,T,91,W
0.3807,0.4477,2,T,91,Y
-2.884,-2.719,20,E,92,*
-3.721,-2.941,4,E,92,A
-4.227,-3.013,6,E,92,C
-5.839,-3.103,8,E,92,D
0,0,,E,92,E
-4.529,-3.042,8,E,92,F
-1.163,-1.455,2,E,92,G
-4.062,-2.993,4,E,92,H
-4.667,-3.052,5,E,92,I
-4.977,-3.072,10,E,92,K
-4.11,-2.999,4,E,92,L
-3.912,-2.972,2,E,92,M
-3.484,-2.894,1,E,92,N
-3.986,-2.983,5,E,92,P
-0.9936,-1.257,4,E,92,Q
-4.674,-3.053,5,E,92,R
-0.3313,-0.4204,1,E,92,S
-4.23,-3.013,4,E,92,T
-1.893,-2.158,3,E,92,V
-8.234,-3.123,5,E,92,W
-4.16,-3.005,3,E,92,Y
-0.3562,-0.4527,4,L,93,A
-1.069,-1.346,1,L,93,C
-3.525,-2.903,5,L,93,D
-2.874,-2.715,6,L,93,E
-3.888,-2.969,6,L,93,F
-1.209,-1.507,4,L,93,G
-2.155,-2.348,4,L,93,H
0.252,0.3021,1,L,93,I
-3.206,-2.824,8,L,93,K
0,0,,L,93,L
0.6107,0.6901,8,L,93,M
-2.08,-2.297,1,L,93,N
-4.198,-3.01,6,L,93,P
0.9289,0.9839,3,L,93,Q
-2.536,-2.568,4,L,93,R
-3.359,-2.865,3,L,93,S
-2.194,-2.373,2,L,93,V
-3.671,-2.932,2,L,93,W
-3.924,-2.974,3,L,93,Y
-3.26,-2.839,9,Q,94,*
1.548,1.415,2,Q,94,A
-1.188,-1.482,3,Q,94,C
1.047,1.08,3,Q,94,D
4,1.986,3,Q,94,E
-0.5863,-0.7496,4,Q,94,F
0.09866,0.1207,7,Q,94,G
-2.234,-2.398,26,Q,94,H
-0.3937,-0.5011,6,Q,94,K
-0.4145,-0.528,3,Q,94,L
-2.618,-2.607,3,Q,94,M
-0.5793,-0.7406,2,Q,94,N
-4.816,-3.062,3,Q,94,P
0,0,,Q,94,Q
-1.175,-1.469,8,Q,94,R
1.563,1.423,2,Q,94,S
1.562,1.422,6,Q,94,T
-0.6075,-0.7768,1,Q,94,W
-0.4899,-0.6254,2,Q,94,Y
-1.168,-1.46,3,L,95,A
-0.4359,-0.5556,3,L,95,C
-1.53,-1.84,20,L,95,F
-2.496,-2.548,3,L,95,G
-0.9908,-1.254,3,L,95,H
-0.06522,-0.08119,7,L,95,I
-3.112,-2.796,1,L,95,K
0,0,,L,95,L
-1.395,-1.706,1,L,95,P
0.5924,0.6717,1,L,95,Q
-1.141,-1.429,4,L,95,R
-0.09556,-0.1193,3,L,95,S
-0.1629,-0.2045,1,L,95,T
-0.6073,-0.7766,3,L,95,V
0.9543,1.005,1,L,95,W
-1.324,-1.632,2,L,96,A
0.2073,0.2501,1,L,96,C
-2.655,-2.624,4,L,96,D
-2.155,-2.348,5,L,96,E
0.3681,0.4337,2,L,96,F
-3.031,-2.771,1,L,96,G
-3.779,-2.951,2,L,96,H
-1.169,-1.461,6,L,96,I
-4.062,-2.993,4,L,96,K
0,0,,L,96,L
-0.8132,-1.037,8,L,96,M
-1.729,-2.023,4,L,96,N
-3.801,-2.955,10,L,96,P
-0.9048,-1.15,2,L,96,Q
-3.63,-2.924,1,L,96,R
-0.9322,-1.184,6,L,96,S
-0.1654,-0.2077,2,L,96,T
-3.62,-2.922,1,L,96,V
-2.509,-2.554,3,L,96,W
-3.512,-2.9,1,L,96,Y
0.1796,0.2175,3,M,97,A
0.5002,0.5767,3,M,97,C
-1.506,-1.817,4,M,97,D
-1.019,-1.288,1,M,97,E
0.02931,0.03614,6,M,97,F
-1.101,-1.384,5,M,97,G
-0.2196,-0.2769,2,M,97,H
-1.184,-1.478,23,M,97,I
-3.044,-2.775,3,M,97,K
-4.037,-2.99,2,M,97,L
0,0,,M,97,M
0.2756,0.3294,1,M,97,N
-3.086,-2.788,4,M,97,P
-1.025,-1.295,2,M,97,Q
-1.268,-1.571,4,M,97,R
0.9324,0.9868,6,M,97,S
0.1388,0.169,5,M,97,T
-3.369,-2.867,1,M,97,V
-0.7824,-0.9987,3,M,97,W
-0.2971,-0.3763,4,M,97,Y
-2.64,-2.617,12,Q,98,*
0.7598,0.834,3,Q,98,A
0.3622,0.4272,3,Q,98,C
1.242,1.224,2,Q,98,D
1.415,1.337,7,Q,98,E
1.653,1.47,4,Q,98,F
1.061,1.091,2,Q,98,G
0.6796,0.7579,19,Q,98,H
0.2891,0.3448,8,Q,98,I
-1.065,-1.342,15,Q,98,K
-4.287,-3.019,1,Q,98,L
1.374,1.312,2,Q,98,M
1.753,1.52,2,Q,98,N
-3.631,-2.924,3,Q,98,P
0,0,,Q,98,Q
-0.7784,-0.9937,7,Q,98,R
-0.2163,-0.2726,2,Q,98,S
-0.2681,-0.3391,2,Q,98,T
0.2863,0.3416,7,Q,98,V
5.194,2.028,4,Q,98,W
0.03429,0.04225,4,Q,98,Y
-2.056,-2.28,3,S,99,A
-1.093,-1.375,1,S,99,C
-3.641,-2.926,6,S,99,D
-1.666,-1.967,4,S,99,E
-3.11,-2.796,7,S,99,F
-1.645,-1.948,3,S,99,G
-3.613,-2.921,3,S,99,H
-2.369,-2.479,11,S,99,I
-3.482,-2.894,3,S,99,K
-1.509,-1.82,2,S,99,L
-0.4013,-0.5109,7,S,99,M
-3.651,-2.928,14,S,99,N
-2.188,-2.369,3,S,99,P
-0.9755,-1.236,3,S,99,Q
-2.612,-2.604,6,S,99,R
0,0,,S,99,S
-1.982,-2.227,4,S,99,T
-2.205,-2.38,8,S,99,V
-2.987,-2.756,3,S,99,W
-2.387,-2.489,6,S,99,Y
-0.4901,-0.6256,12,T,100,A
-0.3657,-0.4649,5,T,100,D
-0.1341,-0.168,6,T,100,F
-1.944,-2.198,2,T,100,G
-0.206,-0.2594,9,T,100,H
-2.347,-2.466,8,T,100,I
0.8498,0.9155,3,T,100,K
-0.5718,-0.731,7,T,100,L
-3.587,-2.916,2,T,100,M
0.3573,0.4218,23,T,100,N
-4.253,-3.016,14,T,100,P
-0.291,-0.3685,5,T,100,Q
-0.09326,-0.1164,4,T,100,R
0.7695,0.8429,5,T,100,S
0,0,,T,100,T
0.3285,0.3895,1,T,100,W
-0.3258,-0.4134,6,T,100,Y
-0.6268,-0.8016,4,T,101,A
-0.3778,-0.4805,4,T,101,C
-0.6933,-0.8863,3,T,101,D
0.1786,0.2163,8,T,101,E
0.9804,1.027,5,T,101,F
-0.7623,-0.9736,5,T,101,G
2.845,1.857,3,T,101,H
0.1438,0.175,16,T,101,I
-0.1308,-0.1638,5,T,101,K
1.191,1.188,2,T,101,L
-0.2421,-0.3057,5,T,101,M
0.6014,0.6808,10,T,101,N
-2.037,-2.267,4,T,101,P
-0.5654,-0.7228,5,T,101,Q
1.52,1.399,3,T,101,R
-0.5552,-0.7096,2,T,101,S
0,0,,T,101,T
-0.4038,-0.5141,4,T,101,V
-0.9882,-1.251,5,T,101,W
-0.8131,-1.037,3,T,101,Y
-0.1387,-0.1737,1,A,102,-
0,0,,A,102,A
-0.09368,-0.1169,1,A,102,C
-0.09888,-0.1235,17,A,102,D
1.053,1.085,5,A,102,E
-2.197,-2.375,3,A,102,F
-3.277,-2.844,1,A,102,G
-1.357,-1.666,1,A,102,H
-1.994,-2.235,2,A,102,I
-0.1161,-0.1452,5,A,102,K
-0.03417,-0.04241,2,A,102,L
-1.567,-1.876,5,A,102,M
-0.7043,-0.9004,6,A,102,N
1.415,1.337,2,A,102,P
3.07,1.894,3,A,102,Q
-0.4496,-0.5733,8,A,102,R
0.236,0.2836,12,A,102,S
-0.511,-0.6527,14,A,102,T
-0.9449,-1.199,10,A,102,V
-1.323,-1.63,2,A,102,W
0.436,0.5082,4,A,102,Y
0,0,,A,103,A
0.3734,0.4396,4,A,103,C
0.3027,0.3603,14,A,103,D
0.4684,0.5429,5,A,103,E
0.2062,0.2489,7,A,103,F
-0.3324,-0.4219,3,A,103,G
1.06,1.09,2,A,103,H
-3.416,-2.878,2,A,103,I
0.1434,0.1745,4,A,103,K
-0.1063,-0.1328,3,A,103,L
-0.04635,-0.05759,6,A,103,M
0.915,0.9721,8,A,103,N
0.6775,0.7559,2,A,103,P
-1.267,-1.57,2,A,103,Q
-0.2356,-0.2973,2,A,103,R
0.251,0.301,10,A,103,S
0.5282,0.6059,19,A,103,T
-0.3291,-0.4177,10,A,103,V
-3.615,-2.921,3,A,103,W
-0.7009,-0.896,2,A,103,Y
0.5423,0.6206,1,N,104,-
-0.1262,-0.158,3,N,104,A
1.53,1.405,5,N,104,C
2.462,1.773,4,N,104,D
-1.103,-1.386,7,N,104,E
-0.163,-0.2046,2,N,104,F
0.01307,0.01615,6,N,104,G
1.035,1.071,5,N,104,H
0.01383,0.01708,4,N,104,I
-0.6797,-0.8691,11,N,104,K
-2.054,-2.278,2,N,104,L
-2.112,-2.319,6,N,104,M
0,0,,N,104,N
-3.649,-2.928,3,N,104,P
0.8511,0.9167,5,N,104,Q
-1.062,-1.339,7,N,104,R
0.4448,0.5177,3,N,104,S
-0.4456,-0.5682,7,N,104,T
0.3908,0.4589,2,N,104,V
-1.758,-2.048,1,N,104,W
-0.1294,-0.162,8,N,104,Y
-0.01309,-0.01622,5,N,105,A
-1.117,-1.402,3,N,105,C
2.985,1.881,8,N,105,D
0.4398,0.5122,2,N,105,E
-0.1613,-0.2025,4,N,105,F
0.01625,0.02007,4,N,105,G
-0.06983,-0.08697,6,N,105,H
5.812,2.037,4,N,105,I
0.04615,0.0568,6,N,105,K
-0.134,-0.1678,4,N,105,L
-0.06388,-0.07951,4,N,105,M
0,0,,N,105,N
0.5097,0.5867,2,N,105,P
-0.7203,-0.9205,1,N,105,Q
-0.9261,-1.176,6,N,105,R
3.506,1.947,6,N,105,S
0.7576,0.8319,2,N,105,T
-0.1544,-0.1938,6,N,105,V
-0.2047,-0.2578,3,N,105,W
-0.2741,-0.3467,2,N,105,Y
-3.021,-2.767,9,R,106,A
-1.85,-2.124,6,R,106,C
-4.111,-2.999,4,R,106,D
-2.079,-2.296,4,R,106,E
-0.6231,-0.7969,5,R,106,F
-4.196,-3.009,3,R,106,G
-0.2177,-0.2745,4,R,106,H
1.243,1.225,3,R,106,I
-0.1741,-0.2187,3,R,106,K
0.1566,0.1902,17,R,106,L
-0.284,-0.3595,3,R,106,M
-2.525,-2.562,4,R,106,N
-0.4977,-0.6356,11,R,106,P
-1.619,-1.924,24,R,106,Q
0,0,,R,106,R
-3.834,-2.96,2,R,106,S
-4.352,-3.026,7,R,106,T
3.807,1.973,1,R,106,V
-3.265,-2.841,18,R,106,W
-0.5699,-0.7286,4,R,106,Y
0,0,,A,107,A
-2.179,-2.363,4,A,107,C
0.7297,0.8058,16,A,107,D
0.8195,0.8885,3,A,107,E
0.1597,0.1939,2,A,107,F
1.257,1.235,3,A,107,G
-0.3063,-0.3882,2,A,107,H
-0.5588,-0.7142,6,A,107,I
1.943,1.603,4,A,107,K
-0.2858,-0.3618,3,A,107,L
-0.2223,-0.2803,7,A,107,M
1.275,1.247,3,A,107,N
-0.09566,-0.1194,2,A,107,P
2.185,1.692,1,A,107,Q
2.808,1.85,3,A,107,R
-0.09453,-0.118,16,A,107,S
-0.6945,-0.8878,13,A,107,T
0.7709,0.8442,13,A,107,V
0.1108,0.1353,4,A,107,W
0.0492,0.06053,4,A,107,Y
2.515,1.787,2,R,108,A
-4.077,-2.995,3,R,108,C
-1.339,-1.647,5,R,108,D
-3.818,-2.958,3,R,108,E
0.1183,0.1444,4,R,108,F
-0.6882,-0.8799,5,R,108,G
-1.369,-1.679,2,R,108,H
1.88,1.577,2,R,108,I
0.1469,0.1786,5,R,108,K
0.08129,0.09964,22,R,108,L
0.6077,0.6871,4,R,108,M
0.2852,0.3403,3,R,108,N
0.008835,0.01092,4,R,108,P
-2.009,-2.246,10,R,108,Q
0,0,,R,108,R
0.4232,0.4943,3,R,108,S
-1.275,-1.579,4,R,108,T
0.1909,0.2308,4,R,108,V
-1.796,-2.08,17,R,108,W
0.5053,0.582,7,R,108,Y
-8.722,-3.124,1,R,109,*
-4.177,-3.007,4,R,109,A
-3.416,-2.879,2,R,109,C
-4.144,-3.003,4,R,109,D
-4.346,-3.025,7,R,109,E
-4.678,-3.053,8,R,109,F
-4.629,-3.05,6,R,109,G
-2.12,-2.324,6,R,109,H
-5.447,-3.092,18,R,109,I
0.35,0.4136,10,R,109,K
-4.014,-2.987,2,R,109,L
-4.125,-3.001,5,R,109,M
-4.011,-2.986,2,R,109,N
-4.049,-2.991,4,R,109,P
-4.417,-3.032,4,R,109,Q
0,0,,R,109,R
-3.617,-2.922,2,R,109,S
-4.772,-3.06,7,R,109,T
-3.514,-2.901,4,R,109,V
-3.702,-2.938,3,R,109,W
-4.561,-3.044,5,R,109,Y
-3.664,-2.931,14,E,110,*
-0.8864,-1.128,2,E,110,A
-0.193,-0.2429,3,E,110,C
-0.3864,-0.4917,11,E,110,D
0,0,,E,110,E
-0.8005,-1.021,3,E,110,F
-1.146,-1.436,4,E,110,G
0.8513,0.9169,6,E,110,H
-2.86,-2.709,3,E,110,I
-3.87,-2.966,13,E,110,K
-4.503,-3.039,4,E,110,L
0.4242,0.4954,2,E,110,M
0.2069,0.2496,6,E,110,N
-3.731,-2.943,4,E,110,P
1.506,1.391,5,E,110,Q
-0.0352,-0.04369,2,E,110,R
-0.3235,-0.4103,2,E,110,S
0.6678,0.7464,2,E,110,T
-3.859,-2.964,9,E,110,V
1.843,1.561,4,E,110,W
-0.6758,-0.8641,6,E,110,Y
-0.5436,-0.6947,1,L,111,A
-0.1626,-0.2041,4,L,111,C
-0.4147,-0.5282,4,L,111,D
0.1925,0.2327,3,L,111,E
1.181,1.181,1,L,111,F
-0.3209,-0.4071,2,L,111,G
1.554,1.418,4,L,111,H
0.5657,0.6446,5,L,111,I
-0.3429,-0.4355,2,L,111,K
0,0,,L,111,L
-0.7369,-0.9416,11,L,111,M
0.2671,0.3196,7,L,111,N
1.376,1.312,3,L,111,P
0.3593,0.424,14,L,111,Q
0.3347,0.3964,6,L,111,R
-2.461,-2.529,4,L,111,S
1.071,1.099,7,L,111,T
-0.5525,-0.7062,12,L,111,V
0.06971,0.08556,6,L,111,W
1.379,1.315,4,L,111,Y
1.011,1.052,4,P,112,A
-0.09528,-0.1189,7,P,112,C
2.794,1.848,3,P,112,D
1.248,1.228,4,P,112,E
-0.6749,-0.8629,4,P,112,F
-0.1898,-0.2388,2,P,112,G
1.779,1.532,6,P,112,H
-0.8068,-1.029,2,P,112,I
0.4155,0.4859,4,P,112,K
-0.4923,-0.6286,11,P,112,L
-0.2807,-0.3552,5,P,112,N
0,0,,P,112,P
1.11,1.129,4,P,112,Q
-0.2641,-0.3339,3,P,112,R
-0.6684,-0.8547,10,P,112,S
-0.1037,-0.1295,8,P,112,T
1.99,1.622,5,P,112,V
3.279,1.922,4,P,112,W
-0.6136,-0.7847,4,P,112,Y
-3.688,-2.935,1,R,113,*
-0.04651,-0.05779,5,R,113,A
0.7104,0.7875,5,R,113,C
0.6085,0.6879,5,R,113,D
-0.05969,-0.07426,4,R,113,E
-0.669,-0.8555,6,R,113,F
0.4726,0.5474,7,R,113,G
-0.3826,-0.4867,5,R,113,H
0.867,0.9307,13,R,113,I
0.5338,0.6118,11,R,113,K
-3.248,-2.836,2,R,113,L
0.6839,0.7621,6,R,113,M
1.607,1.446,4,R,113,N
0.1899,0.2296,5,R,113,P
-0.2506,-0.3165,5,R,113,Q
0,0,,R,113,R
0.4875,0.5633,4,R,113,S
0.01806,0.0223,3,R,113,T
0.5538,0.6324,8,R,113,V
0.5349,0.6129,3,R,113,W
0.974,1.021,6,R,113,Y
1.861,1.569,5,F,114,A
0.2208,0.2659,1,F,114,C
3.273,1.922,2,F,114,D
1.329,1.283,3,F,114,E
0,0,,F,114,F
-0.6264,-0.8011,4,F,114,G
-0.0392,-0.04868,2,F,114,H
-0.2603,-0.329,3,F,114,I
-0.3738,-0.4754,3,F,114,K
0.5665,0.6454,13,F,114,L
-1.193,-1.488,6,F,114,M
-0.0398,-0.04942,5,F,114,N
-0.5329,-0.6809,2,F,114,P
-1.859,-2.132,4,F,114,Q
6.976,2.044,4,F,114,R
0.09225,0.1129,5,F,114,S
1.236,1.22,7,F,114,T
-1.121,-1.406,2,F,114,V
-0.1109,-0.1386,2,F,114,W
2.087,1.658,4,F,114,Y
0.2353,0.2827,4,M,115,A
-0.3021,-0.3828,4,M,115,C
-1.454,-1.765,3,M,115,D
-0.2048,-0.258,3,M,115,E
-0.4138,-0.527,4,M,115,F
0.648,0.7271,4,M,115,G
1.09,1.113,8,M,115,H
-1.09,-1.371,25,M,115,I
1.025,1.062,4,M,115,K
2.012,1.63,5,M,115,L
0,0,,M,115,M
1.594,1.44,4,M,115,N
0.3346,0.3964,6,M,115,P
0.434,0.506,3,M,115,Q
-3.889,-2.969,3,M,115,R
-1.623,-1.928,2,M,115,S
0.5455,0.6238,3,M,115,T
-0.4969,-0.6344,3,M,115,V
1.247,1.228,1,M,115,W
1.552,1.417,4,M,115,Y
-0.7998,-1.021,4,N,116,A
1.528,1.403,2,N,116,C
-0.0484,-0.06016,6,N,116,D
0.182,0.2203,6,N,116,E
0.7734,0.8466,9,N,116,F
1.441,1.353,2,N,116,G
-0.2355,-0.2973,4,N,116,I
0.7142,0.7911,14,N,116,K
0.288,0.3435,4,N,116,L
4.587,2.013,2,N,116,M
0,0,,N,116,N
1.342,1.291,3,N,116,P
-0.3762,-0.4785,4,N,116,Q
0.05035,0.06194,5,N,116,R
-1.719,-2.014,1,N,116,S
1.112,1.13,2,N,116,T
1.42,1.34,7,N,116,V
1,1.043,7,N,116,W
-1.588,-1.896,3,N,116,Y
-4.841,-3.064,6,Y,117,*
0.1571,0.1908,1,Y,117,A
-0.01776,-0.022,7,Y,117,C
-0.2873,-0.3638,4,Y,117,D
-0.04421,-0.05492,4,Y,117,E
1.234,1.219,3,Y,117,F
0.1109,0.1355,6,Y,117,G
-0.6785,-0.8675,4,Y,117,H
-1.584,-1.892,3,Y,117,I
1.672,1.48,3,Y,117,K
0.283,0.3378,3,Y,117,L
2.074,1.654,3,Y,117,M
-0.08074,-0.1007,10,Y,117,N
0.2505,0.3004,8,Y,117,P
-2.195,-2.374,3,Y,117,Q
1.783,1.534,4,Y,117,R
0.8664,0.9301,3,Y,117,S
0.9876,1.033,6,Y,117,T
0.5697,0.6486,2,Y,117,V
0,0,,Y,117,Y
0.9925,1.037,2,T,118,A
-0.09169,-0.1144,1,T,118,C
-0.0073,-0.009037,2,T,118,D
1.598,1.442,2,T,118,F
-0.9029,-1.148,2,T,118,G
-1.885,-2.152,2,T,118,H
-0.06946,-0.08651,16,T,118,I
-0.8136,-1.038,10,T,118,K
1.043,1.077,4,T,118,L
-0.5439,-0.6952,5,T,118,M
0.1405,0.1709,6,T,118,N
0.4977,0.5741,2,T,118,P
1.36,1.303,4,T,118,Q
-0.4948,-0.6318,3,T,118,R
-0.4933,-0.6298,4,T,118,S
0,0,,T,118,T
0.3317,0.3931,3,T,118,V
-1.462,-1.773,6,T,118,W
-0.6044,-0.7728,1,T,118,Y
-0.3877,-0.4933,3,L,119,A
-0.009262,-0.01147,2,L,119,C
-0.6931,-0.8862,4,L,119,D
1.836,1.558,3,L,119,E
-0.3238,-0.4107,5,L,119,F
0.07707,0.09452,5,L,119,G
-0.114,-0.1425,6,L,119,H
0.2914,0.3474,3,L,119,I
-0.7314,-0.9346,4,L,119,K
0,0,,L,119,L
-0.8722,-1.11,3,L,119,M
-0.387,-0.4924,4,L,119,N
-0.1334,-0.1671,10,L,119,P
-0.05245,-0.06521,8,L,119,Q
1.902,1.586,1,L,119,R
-1.109,-1.393,2,L,119,S
-0.3671,-0.4667,5,L,119,T
0.5581,0.6368,5,L,119,V
-1.437,-1.749,4,L,119,W
0.3313,0.3926,2,L,119,Y
-0.8134,-1.037,3,N,120,A
-0.6055,-0.7743,1,N,120,C
4.237,1.998,1,N,120,D
-1.463,-1.775,1,N,120,E
0.199,0.2403,3,N,120,F
1.372,1.31,2,N,120,G
-1.713,-2.009,2,N,120,H
-0.03055,-0.0379,4,N,120,I
0.592,0.6713,7,N,120,K
0.8212,0.8901,4,N,120,L
0,0,,N,120,N
1.817,1.549,2,N,120,P
-3.618,-2.922,1,N,120,Q
-0.5974,-0.7638,1,N,120,R
-0.1606,-0.2016,4,N,120,S
-3.561,-2.911,3,N,120,T
-0.2223,-0.2804,2,N,120,V
0.4283,0.4999,4,N,120,W
1.325,1.28,4,N,120,Y
-0.1981,-0.2494,4,N,121,A
0.0133,0.01642,3,N,121,C
0.8436,0.9101,9,N,121,D
0.6495,0.7286,5,N,121,F
0.03118,0.03844,7,N,121,G
1.165,1.169,6,N,121,H
1.418,1.339,6,N,121,I
0.2927,0.3489,5,N,121,K
1.055,1.087,3,N,121,L
1.225,1.213,2,N,121,M
0,0,,N,121,N
2.045,1.643,3,N,121,P
-0.2769,-0.3503,8,N,121,Q
0.3669,0.4324,3,N,121,R
2.406,1.758,4,N,121,S
0.1593,0.1934,3,N,121,T
0.5131,0.5902,2,N,121,V
0.05236,0.06439,5,N,121,W
-0.2775,-0.3512,2,N,121,Y
0.4364,0.5086,5,T,122,A
0.5864,0.6656,6,T,122,C
0.3747,0.4411,8,T,122,D
-0.66,-0.844,5,T,122,E
-0.4124,-0.5252,7,T,122,F
0.1808,0.2189,3,T,122,G
-0.1628,-0.2044,4,T,122,H
-0.3596,-0.457,14,T,122,I
0.0471,0.05796,5,T,122,K
-0.01769,-0.02193,6,T,122,L
0.4219,0.4929,2,T,122,M
-0.5518,-0.7053,9,T,122,N
1.305,1.267,3,T,122,P
1.715,1.502,8,T,122,Q
0.8148,0.8843,4,T,122,R
0.4607,0.5347,4,T,122,S
0,0,,T,122,T
-0.9791,-1.24,7,T,122,V
-1.5,-1.811,4,T,122,W
-0.9577,-1.214,4,T,122,Y
-0.3549,-0.4509,2,K,123,A
0.708,0.7852,8,K,123,C
-0.8861,-1.127,1,K,123,D
-1.157,-1.448,3,K,123,E
0.2528,0.303,9,K,123,F
1.126,1.14,6,K,123,G
0.3382,0.4004,4,K,123,H
0.05383,0.06619,8,K,123,I
0,0,,K,123,K
-2.812,-2.691,2,K,123,L
0.177,0.2145,4,K,123,M
-0.8674,-1.104,6,K,123,N
-0.4395,-0.5602,5,K,123,P
-0.1365,-0.171,3,K,123,Q
0.1859,0.2249,6,K,123,R
0.6217,0.701,6,K,123,S
0.07401,0.0908,5,K,123,T
-0.7697,-0.9829,2,K,123,V
-0.4473,-0.5703,2,K,123,W
0.8045,0.8749,4,K,123,Y
0.1251,0.1526,7,K,124,A
0.8843,0.9457,4,K,124,C
1.53,1.404,8,K,124,D
1.138,1.15,3,K,124,E
-0.8078,-1.03,2,K,124,F
0.1126,0.1376,3,K,124,G
0.7809,0.8535,8,K,124,H
0.4655,0.5399,4,K,124,I
0,0,,K,124,K
0.9143,0.9715,2,K,124,L
2.317,1.733,4,K,124,M
0.3476,0.4109,10,K,124,N
-0.07254,-0.09036,8,K,124,P
-0.01021,-0.01264,3,K,124,Q
0.3323,0.3938,11,K,124,R
0.3019,0.3594,9,K,124,S
0.7802,0.8528,3,K,124,T
0.02223,0.02743,3,K,124,V
-0.164,-0.206,4,K,124,W
-0.2638,-0.3335,4,K,124,Y
-3.761,-2.948,3,T,125,A
0.2797,0.3341,4,T,125,C
-0.4698,-0.5994,3,T,125,D
-0.4722,-0.6026,2,T,125,E
0.2466,0.2959,1,T,125,F
0.1566,0.1903,5,T,125,G
0.1648,0.2,1,T,125,H
-0.6403,-0.8189,16,T,125,I
0.07828,0.09599,8,T,125,K
0.5062,0.583,5,T,125,L
-0.6367,-0.8143,2,T,125,M
-0.4152,-0.5289,4,T,125,N
-3.626,-2.923,2,T,125,P
0.4198,0.4906,7,T,125,Q
-0.9126,-1.16,4,T,125,R
0.6545,0.7334,11,T,125,S
0,0,,T,125,T
-1.02,-1.289,1,T,125,V
-0.1295,-0.1621,7,T,125,W
0.747,0.8221,7,T,125,Y
1.619,1.453,2,N,126,A
0.1746,0.2116,5,N,126,C
3.405,1.937,5,N,126,D
0.06965,0.08549,4,N,126,E
-0.8851,-1.126,4,N,126,F
0.2957,0.3523,7,N,126,G
0.8772,0.9396,4,N,126,H
0.6679,0.7466,8,N,126,I
-0.791,-1.009,15,N,126,K
0.1264,0.1541,6,N,126,L
-0.9031,-1.148,7,N,126,M
0,0,,N,126,N
2.724,1.834,4,N,126,P
0.2808,0.3353,3,N,126,Q
0.5059,0.5827,3,N,126,R
0.1867,0.2259,6,N,126,S
0.8967,0.9564,1,N,126,T
-0.3531,-0.4487,2,N,126,V
0.2666,0.319,2,N,126,W
0.8196,0.8886,5,N,126,Y
0.3499,0.4135,3,V,127,A
1.318,1.276,4,V,127,C
-1.087,-1.367,3,V,127,D
-0.3801,-0.4834,10,V,127,E
0.3268,0.3876,4,V,127,F
-0.1223,-0.1531,5,V,127,G
-0.06958,-0.08666,5,V,127,H
0.479,0.5543,4,V,127,I
1.051,1.083,3,V,127,K
0.6248,0.7042,16,V,127,L
0.5828,0.662,13,V,127,M
-0.9376,-1.19,3,V,127,N
-0.1935,-0.2435,3,V,127,P
0.3656,0.431,1,V,127,Q
-0.6288,-0.8042,3,V,127,R
-0.3512,-0.4461,7,V,127,S
-0.3095,-0.3923,7,V,127,T
0,0,,V,127,V
-0.2206,-0.2782,9,V,127,W
-0.4849,-0.6189,1,V,127,Y
-0.314,-0.3982,6,T,128,A
0.1299,0.1583,2,T,128,C
0.1635,0.1984,5,T,128,D
0.2057,0.2482,5,T,128,E
-0.1827,-0.2297,2,T,128,F
-0.7633,-0.9748,2,T,128,G
0.5397,0.6178,5,T,128,H
0.2478,0.2973,8,T,128,I
0.5093,0.5861,5,T,128,K
0.6867,0.7648,5,T,128,L
-0.3242,-0.4113,4,T,128,M
-0.4184,-0.533,5,T,128,N
-0.1692,-0.2126,5,T,128,P
0.1956,0.2364,2,T,128,Q
-0.6461,-0.8263,3,T,128,R
1.27,1.243,7,T,128,S
0,0,,T,128,T
-0.2981,-0.3777,3,T,128,V
0.814,0.8835,3,T,128,W
0.5748,0.6539,4,T,128,Y
1.18,1.18,1,L,129,*
0.9449,0.9973,4,L,129,A
-0.4837,-0.6174,5,L,129,C
-0.4605,-0.5874,4,L,129,D
1.295,1.26,4,L,129,E
0.153,0.1859,5,L,129,F
-0.5097,-0.651,10,L,129,G
-0.5891,-0.7533,3,L,129,H
0.7282,0.8044,6,L,129,I
0.2311,0.2779,3,L,129,K
0,0,,L,129,L
-0.7642,-0.9759,5,L,129,M
-0.3605,-0.4582,7,L,129,N
0.2094,0.2526,7,L,129,P
-0.3179,-0.4032,6,L,129,Q
-0.6725,-0.8599,11,L,129,R
-1.006,-1.272,3,L,129,S
-0.9363,-1.189,6,L,129,T
0.9553,1.006,6,L,129,V
0.4193,0.49,3,L,129,W
-0.229,-0.2889,3,L,129,Y
-1.429,-1.74,7,S,130,A
-1.788,-2.073,1,S,130,C
-0.3428,-0.4353,5,S,130,D
-0.1086,-0.1358,6,S,130,E
0.1396,0.1699,20,S,130,F
-2.127,-2.329,5,S,130,G
-0.8163,-1.041,6,S,130,H
0.5438,0.6221,7,S,130,I
-0.1919,-0.2415,5,S,130,K
2.558,1.797,2,S,130,L
0.07437,0.09124,5,S,130,M
-1.324,-1.631,3,S,130,N
0.5123,0.5893,11,S,130,P
-1.367,-1.677,5,S,130,Q
-1.087,-1.367,4,S,130,R
0,0,,S,130,S
0.7197,0.7963,5,S,130,T
0.05699,0.07005,4,S,130,V
-1.568,-1.877,5,S,130,W
0.4388,0.5112,11,S,130,Y
-0.6052,-0.7739,1,K,131,A
0.02343,0.02891,8,K,131,C
-0.6504,-0.8317,6,K,131,D
-0.8398,-1.07,8,K,131,E
3.194,1.912,8,K,131,F
-0.1249,-0.1563,6,K,131,G
0.08558,0.1049,6,K,131,H
0.04332,0.05333,4,K,131,I
0,0,,K,131,K
0.1262,0.1539,5,K,131,L
0.09469,0.1159,4,K,131,M
-0.1364,-0.1709,6,K,131,N
0.3417,0.4043,4,K,131,P
-2.133,-2.333,6,K,131,Q
-0.1655,-0.2078,5,K,131,R
-0.2576,-0.3255,4,K,131,S
-1.81,-2.091,3,K,131,T
1.122,1.138,5,K,131,V
-1.144,-1.433,3,K,131,W
0.4627,0.5369,5,K,131,Y
-0.4809,-0.6138,3,K,132,A
-0.1546,-0.194,4,K,132,C
-0.8178,-1.043,8,K,132,D
0.119,0.1452,4,K,132,E
0.09767,0.1195,4,K,132,F
0.8066,0.8769,2,K,132,G
-0.1605,-0.2014,5,K,132,H
-0.8551,-1.089,6,K,132,I
0,0,,K,132,K
-0.6758,-0.8641,8,K,132,L
0.4461,0.519,6,K,132,M
-1.549,-1.859,8,K,132,N
0.3592,0.4239,4,K,132,P
-0.02881,-0.03574,4,K,132,Q
-0.9071,-1.153,10,K,132,R
-0.8367,-1.066,5,K,132,S
4.937,2.023,6,K,132,T
-0.7161,-0.9153,3,K,132,V
-0.2591,-0.3275,7,K,132,W
-0.3142,-0.3984,6,K,132,Y
-3.501,-2.898,1,R,133,A
-3.412,-2.878,5,R,133,C
-3.84,-2.961,3,R,133,D
-3.628,-2.924,2,R,133,E
-3.478,-2.893,3,R,133,F
-3.629,-2.924,4,R,133,G
-3.261,-2.84,3,R,133,H
-3.629,-2.924,2,R,133,I
-2.021,-2.255,6,R,133,K
-5.957,-3.105,20,R,133,L
-4.717,-3.056,4,R,133,N
-3.713,-2.94,5,R,133,P
-3.062,-2.781,17,R,133,Q
0,0,,R,133,R
1.7,1.494,1,R,133,S
-4.076,-2.995,5,R,133,T
-3.5,-2.898,7,R,133,V
-3.745,-2.945,18,R,133,W
-2.84,-2.702,4,R,133,Y
-0.7719,-0.9856,7,K,134,A
-0.4117,-0.5243,6,K,134,C
-1.109,-1.393,2,K,134,D
-0.0692,-0.08618,6,K,134,E
-1.642,-1.945,3,K,134,F
0.02234,0.02756,4,K,134,G
-0.5758,-0.7361,4,K,134,H
-0.648,-0.8286,4,K,134,I
0,0,,K,134,K
-0.5936,-0.759,4,K,134,L
0.5671,0.646,1,K,134,M
-0.7953,-1.015,11,K,134,N
0.1659,0.2013,3,K,134,P
1.002,1.044,2,K,134,Q
7.299,2.045,6,K,134,R
-0.4133,-0.5264,5,K,134,S
-0.3312,-0.4204,2,K,134,T
-0.7256,-0.9273,6,K,134,V
-1.963,-2.213,5,K,134,W
-0.5939,-0.7594,3,K,134,Y
0.3757,0.4421,3,R,135,A
-3.089,-2.789,2,R,135,C
-0.4008,-0.5103,6,R,135,E
-2.949,-2.742,7,R,135,F
-0.5382,-0.6877,11,R,135,G
-3.524,-2.903,3,R,135,H
-0.9586,-1.215,9,R,135,I
-0.3182,-0.4036,10,R,135,K
-1.59,-1.897,1,R,135,L
-1.067,-1.345,8,R,135,M
-3.852,-2.963,6,R,135,N
0.4492,0.5224,3,R,135,P
-0.8987,-1.143,4,R,135,Q
0,0,,R,135,R
-0.3334,-0.4231,3,R,135,S
-0.23,-0.2901,5,R,135,T
2.68,1.825,3,R,135,V
-4.253,-3.016,7,R,135,W
-0.5099,-0.6512,1,R,135,Y
-2.825,-2.696,5,R,136,A
-2.265,-2.418,3,R,136,C
-3.991,-2.984,4,R,136,D
-3.534,-2.905,6,R,136,E
-3.618,-2.922,1,R,136,F
-2.904,-2.726,2,R,136,G
-3.514,-2.901,7,R,136,H
-3.735,-2.944,6,R,136,I
-3.64,-2.926,7,R,136,K
-3.183,-2.817,11,R,136,L
-4.804,-3.062,2,R,136,M
-3.76,-2.948,3,R,136,N
-4.805,-3.062,7,R,136,P
-4.929,-3.069,16,R,136,Q
0,0,,R,136,R
-3.806,-2.956,4,R,136,S
-4.06,-2.993,3,R,136,T
-3.79,-2.953,6,R,136,V
-3.329,-2.857,18,R,136,W
-3.052,-2.777,7,R,136,Y
-3.161,-2.811,4,F,137,A
-3.603,-2.919,8,F,137,C
-4.205,-3.01,3,F,137,D
-4.573,-3.045,6,F,137,E
0,0,,F,137,F
-4.161,-3.005,6,F,137,G
-4.003,-2.985,3,F,137,H
-3.526,-2.903,4,F,137,I
-3.652,-2.928,5,F,137,K
-2.723,-2.654,15,F,137,L
-3.749,-2.946,4,F,137,M
-4.687,-3.054,7,F,137,N
-3.754,-2.947,7,F,137,P
-3.617,-2.922,2,F,137,Q
-3.933,-2.975,5,F,137,R
-3.604,-2.919,1,F,137,S
-3.801,-2.955,2,F,137,T
-4.529,-3.042,7,F,137,V
-3.24,-2.834,4,F,137,W
-4.044,-2.991,1,F,137,Y
-4.26,-3.016,3,L,138,A
-4.283,-3.019,3,L,138,C
-2.22,-2.389,2,L,138,D
-4.053,-2.992,2,L,138,E
-3.556,-2.909,4,L,138,F
-3.232,-2.831,5,L,138,G
2.245,1.711,2,L,138,H
-3.799,-2.955,5,L,138,I
-4.068,-2.994,4,L,138,K
0,0,,L,138,L
0.45,0.5232,12,L,138,M
-3.467,-2.89,6,L,138,N
-1.915,-2.176,10,L,138,P
-3.477,-2.892,4,L,138,Q
-2.252,-2.41,2,L,138,R
-2.289,-2.432,4,L,138,S
-4.426,-3.033,5,L,138,T
-3.689,-2.935,7,L,138,V
-0.3378,-0.4288,7,L,138,W
-2.806,-2.688,4,L,138,Y
-0.8748,-1.113,8,G,139,A
-4.36,-3.027,14,G,139,C
-0.6118,-0.7824,23,G,139,D
-0.7628,-0.9742,5,G,139,E
0,0,,G,139,G
-0.9623,-1.22,3,G,139,H
-4.197,-3.009,4,G,139,I
-0.6818,-0.8717,6,G,139,K
-3.519,-2.902,3,G,139,L
-3.909,-2.972,6,G,139,M
-1.625,-1.93,3,G,139,N
-4.353,-3.026,5,G,139,P
2.302,1.729,2,G,139,Q
-0.5247,-0.6704,5,G,139,R
0.719,0.7957,10,G,139,S
0.1785,0.2162,2,G,139,T
-3.756,-2.947,13,G,139,V
-2.759,-2.669,2,G,139,W
-3.477,-2.893,5,G,139,Y
-4.006,-2.986,1,F,140,-
-4.256,-3.016,4,F,140,A
-4.346,-3.025,6,F,140,C
-4.283,-3.019,3,F,140,D
-4.263,-3.017,3,F,140,E
0,0,,F,140,F
-3.631,-2.924,2,F,140,G
-1.649,-1.952,2,F,140,H
-2.902,-2.725,3,F,140,I
-4.111,-2.999,4,F,140,K
-4.141,-3.003,13,F,140,L
-3.702,-2.938,3,F,140,M
-3.552,-2.909,4,F,140,N
-4.164,-3.006,3,F,140,P
-4.531,-3.042,6,F,140,Q
-3.566,-2.911,1,F,140,R
-4.585,-3.046,6,F,140,S
0.1363,0.166,1,F,140,T
-4.13,-3.002,4,F,140,V
-0.5241,-0.6696,6,F,140,W
-1.461,-1.772,3,F,140,Y
-3.65,-2.928,2,L,141,A
-5.012,-3.074,2,L,141,C
-3.982,-2.982,3,L,141,D
-4.006,-2.986,7,L,141,E
-1.856,-2.129,5,L,141,F
-4.259,-3.016,7,L,141,G
-4.019,-2.987,2,L,141,H
-3.352,-2.863,3,L,141,I
-1.512,-1.823,3,L,141,K
0,0,,L,141,L
-1.748,-2.039,16,L,141,M
-4.125,-3.001,3,L,141,N
-5.895,-3.104,6,L,141,P
-4.572,-3.045,9,L,141,Q
-3.628,-2.924,3,L,141,R
-2.754,-2.667,5,L,141,S
-4.162,-3.005,3,L,141,T
-3.195,-2.821,4,L,141,V
-2.984,-2.755,3,L,141,W
-0.8522,-1.086,3,L,141,Y
-4.419,-3.032,5,L,142,A
-4.041,-2.99,5,L,142,C
-3.662,-2.93,3,L,142,D
-3.971,-2.981,5,L,142,E
-4.03,-2.989,3,L,142,F
-3.133,-2.803,1,L,142,G
-4.401,-3.03,7,L,142,H
-4.104,-2.998,5,L,142,I
-3.483,-2.894,4,L,142,K
0,0,,L,142,L
-2.183,-2.366,7,L,142,M
-3.551,-2.908,3,L,142,N
-3.95,-2.978,4,L,142,P
-4.211,-3.011,4,L,142,Q
-1.763,-2.052,6,L,142,R
-3.6,-2.918,3,L,142,S
-5.329,-3.088,7,L,142,T
-2.211,-2.384,6,L,142,V
-0.9924,-1.256,4,L,142,W
-3.798,-2.954,4,L,142,Y
-3.847,-2.962,5,G,143,A
-5.112,-3.078,23,G,143,C
-4.565,-3.045,11,G,143,D
-4.249,-3.015,3,G,143,E
-5.858,-3.103,4,G,143,F
0,0,,G,143,G
-3.262,-2.84,5,G,143,H
-4.101,-2.998,6,G,143,I
-3.214,-2.826,5,G,143,K
-3.554,-2.909,2,G,143,L
-4.411,-3.031,9,G,143,M
-3.036,-2.772,4,G,143,N
-1.352,-1.66,3,G,143,P
-4.006,-2.986,6,G,143,Q
-3.75,-2.946,6,G,143,R
-3.799,-2.954,7,G,143,S
-2.298,-2.438,7,G,143,T
-5.06,-3.076,20,G,143,V
-3.629,-2.924,1,G,143,W
-5.647,-3.098,4,G,143,Y
-0.3969,-0.5052,6,V,144,A
-3.261,-2.839,3,V,144,C
-3.647,-2.928,2,V,144,D
-2.433,-2.514,7,V,144,F
-2.683,-2.637,7,V,144,G
-3.574,-2.913,1,V,144,H
0.4511,0.5244,3,V,144,I
-2.604,-2.601,3,V,144,K
-3.418,-2.879,9,V,144,L
1.008,1.049,25,V,144,M
-2.309,-2.444,3,V,144,N
-4.562,-3.044,8,V,144,P
0.08324,0.102,1,V,144,Q
2.9,1.867,6,V,144,S
0.1477,0.1796,6,V,144,T
0,0,,V,144,V
-3.618,-2.922,8,V,144,W
-1.032,-1.303,5,V,144,Y
-3.978,-2.982,2,G,145,A
-3.422,-2.88,8,G,145,C
-4.159,-3.005,27,G,145,D
-4.036,-2.99,8,G,145,E
-2.945,-2.741,1,G,145,F
0,0,,G,145,G
-5.152,-3.08,4,G,145,H
-0.8575,-1.092,1,G,145,I
-3.557,-2.91,3,G,145,K
-2.329,-2.456,2,G,145,L
-3.723,-2.942,6,G,145,M
-3.431,-2.882,5,G,145,N
-0.29,-0.3673,3,G,145,P
-3.784,-2.952,6,G,145,Q
-1.562,-1.871,3,G,145,R
-5.503,-3.094,10,G,145,S
-4.194,-3.009,7,G,145,T
-3.703,-2.938,11,G,145,V
-4.588,-3.046,7,G,145,W
-3.256,-2.838,1,G,145,Y
-1.502,-1.813,2,S,146,A
-0.3502,-0.4449,3,S,146,C
-2.81,-2.69,5,S,146,D
-2.198,-2.376,2,S,146,E
-3.31,-2.852,13,S,146,F
-4.866,-3.065,9,S,146,G
-0.2466,-0.3115,8,S,146,H
-2.899,-2.724,6,S,146,I
2.713,1.832,1,S,146,K
-2.276,-2.424,2,S,146,L
-1.346,-1.654,7,S,146,M
0.9414,0.9944,6,S,146,N
-4.534,-3.042,2,S,146,P
-0.8721,-1.11,2,S,146,Q
0,0,,S,146,S
-2.445,-2.521,5,S,146,T
-1.83,-2.108,3,S,146,V
-1.006,-1.272,6,S,146,W
-1.627,-1.932,14,S,146,Y
0,0,,A,147,A
-1.412,-1.723,5,A,147,C
-2.762,-2.67,5,A,147,D
-0.5738,-0.7336,2,A,147,E
-3.656,-2.929,7,A,147,F
-2.09,-2.304,2,A,147,G
-1.218,-1.516,1,A,147,H
-1.971,-2.219,2,A,147,I
-1.948,-2.201,6,A,147,K
-3.66,-2.93,3,A,147,L
-3.068,-2.783,8,A,147,M
0.1565,0.1901,3,A,147,N
-3.619,-2.922,1,A,147,P
-0.1936,-0.2436,6,A,147,Q
-2.222,-2.391,2,A,147,R
-0.2823,-0.3573,12,A,147,S
0.06216,0.07637,20,A,147,T
-0.7159,-0.9151,23,A,147,V
-3.12,-2.799,4,A,147,W
-2.445,-2.521,6,A,147,Y
-0.7516,-0.9601,5,I,148,A
-1.051,-1.326,1,I,148,C
-2.668,-2.63,4,I,148,D
-3.411,-2.877,4,I,148,E
-1.118,-1.403,5,I,148,F
-4.171,-3.006,5,I,148,G
-5.173,-3.081,4,I,148,H
0,0,,I,148,I
0.2144,0.2585,5,I,148,K
0.2211,0.2663,6,I,148,L
-0.333,-0.4227,4,I,148,M
-4.497,-3.039,8,I,148,N
-2.611,-2.604,1,I,148,P
-3.296,-2.849,8,I,148,Q
-2.842,-2.703,3,I,148,R
-2.778,-2.677,3,I,148,S
-0.7413,-0.9471,3,I,148,T
1.576,1.43,5,I,148,V
-1.318,-1.625,2,I,148,W
-0.8026,-1.024,7,I,148,Y
0,0,,A,149,A
-2.391,-2.491,4,A,149,C
-2.394,-2.493,13,A,149,D
-3.101,-2.793,3,A,149,E
-3.676,-2.933,5,A,149,F
-3.025,-2.769,3,A,149,G
-3.401,-2.875,4,A,149,I
-3.708,-2.939,6,A,149,L
-2.984,-2.755,5,A,149,M
-1.086,-1.366,2,A,149,N
-2.668,-2.63,3,A,149,P
-3.468,-2.89,1,A,149,Q
-2.767,-2.673,3,A,149,R
-4.653,-3.051,18,A,149,S
-3.009,-2.763,12,A,149,T
-4.808,-3.062,9,A,149,V
-4.212,-3.011,5,A,149,W
-2.805,-2.688,2,A,149,Y
-1.034,-1.305,3,S,150,A
0.04725,0.05814,5,S,150,C
-0.7871,-1.005,2,S,150,D
-3.433,-2.883,2,S,150,E
-2.657,-2.625,4,S,150,F
-6.173,-3.109,11,S,150,G
-2.201,-2.378,13,S,150,I
-3.62,-2.922,1,S,150,K
-0.41,-0.5222,3,S,150,L
-1.162,-1.453,5,S,150,M
-3.627,-2.924,12,S,150,N
-2.147,-2.343,5,S,150,P
-2.691,-2.64,3,S,150,Q
-0.8578,-1.093,1,S,150,R
0,0,,S,150,S
-3.524,-2.903,5,S,150,T
-3.813,-2.957,5,S,150,V
-2.911,-2.729,6,S,150,W
-2.13,-2.331,5,S,150,Y
-3.663,-2.93,8,G,151,A
-2.575,-2.587,14,G,151,C
-3.849,-2.963,14,G,151,D
-2.536,-2.568,4,G,151,E
-3.681,-2.934,3,G,151,F
0,0,,G,151,G
-3.128,-2.801,3,G,151,H
-2.199,-2.376,9,G,151,I
-0.7768,-0.9917,5,G,151,K
-2.1,-2.311,5,G,151,L
-1.632,-1.936,4,G,151,M
-2.529,-2.564,3,G,151,N
-3.763,-2.948,3,G,151,P
-2.914,-2.73,2,G,151,Q
-3.518,-2.901,3,G,151,R
-2.776,-2.676,7,G,151,S
-2.422,-2.509,7,G,151,T
-2.969,-2.749,13,G,151,V
-2.6,-2.599,4,G,151,W
-3.31,-2.852,5,G,151,Y
0.4199,0.4907,5,I,152,A
-0.3653,-0.4644,3,I,152,C
-1.685,-1.984,3,I,152,D
-0.8416,-1.072,2,I,152,E
-0.4516,-0.5759,2,I,152,F
-3.377,-2.869,4,I,152,G
-0.4193,-0.5341,4,I,152,H
0,0,,I,152,I
-1.579,-1.887,5,I,152,K
-0.1469,-0.1842,5,I,152,L
-0.3002,-0.3803,3,I,152,M
-5.135,-3.079,3,I,152,N
-3.455,-2.887,3,I,152,P
-0.4498,-0.5735,4,I,152,Q
-3.089,-2.789,5,I,152,R
-1.352,-1.661,3,I,152,S
1.248,1.228,6,I,152,T
-1.722,-2.017,6,I,152,V
-1.47,-1.781,3,I,152,W
0.558,0.6367,1,I,152,Y
0,0,,A,153,A
-2.174,-2.36,4,A,153,C
-1.273,-1.576,5,A,153,D
-2.53,-2.564,3,A,153,F
-1.64,-1.944,5,A,153,G
-2.04,-2.269,3,A,153,H
-2.702,-2.645,6,A,153,I
-4.855,-3.065,5,A,153,L
-4.38,-3.028,6,A,153,M
-2.366,-2.477,4,A,153,N
-3.612,-2.921,6,A,153,P
-1.991,-2.233,4,A,153,R
-0.2283,-0.288,12,A,153,S
-0.3696,-0.4699,24,A,153,T
-1.503,-1.814,18,A,153,V
-1.48,-1.791,3,A,153,W
-2.246,-2.406,1,A,153,Y
-2.646,-2.62,5,V,154,A
0.5999,0.6792,2,V,154,C
-2.372,-2.48,6,V,154,D
-2.59,-2.594,5,V,154,E
-3.254,-2.837,5,V,154,F
-3.603,-2.919,7,V,154,G
-2.571,-2.585,6,V,154,H
0.2661,0.3184,4,V,154,I
-2.115,-2.321,6,V,154,K
-3.043,-2.774,7,V,154,L
-3.416,-2.879,21,V,154,M
-3.668,-2.932,6,V,154,N
-1.347,-1.655,4,V,154,P
-1.811,-2.092,1,V,154,Q
-0.8323,-1.061,4,V,154,R
-0.7398,-0.9452,2,V,154,S
-0.7352,-0.9394,6,V,154,T
0,0,,V,154,V
-3.781,-2.952,8,V,154,W
-3.783,-2.952,2,V,154,Y
1.051,1.083,8,S,155,A
-1.117,-1.402,5,S,155,C
-3.446,-2.886,3,S,155,D
-2.189,-2.37,1,S,155,E
-3.971,-2.981,14,S,155,F
-1.019,-1.287,4,S,155,G
2.243,1.711,1,S,155,I
-1.31,-1.616,2,S,155,K
-1.143,-1.431,3,S,155,M
-0.8527,-1.086,2,S,155,N
-3.521,-2.902,6,S,155,P
2.265,1.718,1,S,155,Q
-0.882,-1.122,4,S,155,R
0,0,,S,155,S
-1.697,-1.994,5,S,155,T
-3.225,-2.83,2,S,155,V
-3.305,-2.851,3,S,155,W
-4.759,-3.059,9,S,155,Y
-0.2982,-0.3778,1,K,156,*
-2.618,-2.607,3,K,156,A
-1.161,-1.452,5,K,156,C
-4.131,-3.002,4,K,156,D
-0.6687,-0.8551,4,K,156,E
-2.684,-2.637,9,K,156,F
0.3285,0.3895,3,K,156,G
-2.413,-2.503,2,K,156,H
-3.802,-2.955,3,K,156,I
0,0,,K,156,K
-4.709,-3.055,3,K,156,L
-0.9085,-1.155,3,K,156,M
-0.1813,-0.228,24,K,156,N
-3.057,-2.779,7,K,156,P
-0.132,-0.1653,5,K,156,Q
0.1536,0.1867,11,K,156,R
-0.8115,-1.035,8,K,156,S
0.1387,0.1689,2,K,156,T
-2.985,-2.755,7,K,156,V
-3.732,-2.943,2,K,156,W
-1.298,-1.603,5,K,156,Y
0.1327,0.1617,4,V,157,A
-0.4678,-0.5969,2,V,157,C
-1.076,-1.355,7,V,157,D
-1.452,-1.763,8,V,157,E
-3.626,-2.923,2,V,157,F
-0.6123,-0.7831,7,V,157,G
-4.225,-3.013,5,V,157,H
-2.269,-2.42,3,V,157,I
-3.397,-2.874,4,V,157,K
-3.835,-2.96,4,V,157,L
-3.891,-2.969,18,V,157,M
-0.3719,-0.4729,5,V,157,N
-3.731,-2.943,3,V,157,P
-3.796,-2.954,7,V,157,Q
-5.138,-3.08,4,V,157,R
2.461,1.773,3,V,157,S
0.3295,0.3906,3,V,157,T
0,0,,V,157,V
-3.799,-2.954,2,V,157,W
-5.235,-3.084,4,V,157,Y
0,0,,L,158,L
-4.19,-3.009,5,L,158,M
1.92,1.594,3,L,158,P
1.289,1.256,3,H,159,A
0.3842,0.4516,2,H,159,C
-0.7831,-0.9996,7,H,159,D
-0.9313,-1.183,4,H,159,E
-0.2049,-0.2581,2,H,159,F
0.368,0.4336,2,H,159,G
0,0,,H,159,H
0.8536,0.9189,4,H,159,I
-0.2076,-0.2615,6,H,159,K
2.41,1.76,4,H,159,L
-0.5905,-0.7551,3,H,159,M
-0.3344,-0.4245,8,H,159,N
-2.698,-2.643,4,H,159,P
-1.153,-1.443,15,H,159,Q
-0.6637,-0.8487,5,H,159,R
0.399,0.4679,3,H,159,S
0.8457,0.9119,3,H,159,T
1.707,1.497,2,H,159,V
0.06015,0.07392,6,H,159,W
1.332,1.284,8,H,159,Y
-0.4325,-0.5512,5,L,160,A
-2.268,-2.419,5,L,160,C
-1.064,-1.341,3,L,160,D
-1.296,-1.602,7,L,160,E
-0.1719,-0.216,3,L,160,F
-1.216,-1.514,5,L,160,G
-1.145,-1.434,2,L,160,H
-0.24,-0.303,6,L,160,I
-2.084,-2.3,4,L,160,K
0,0,,L,160,L
-0.04339,-0.0539,11,L,160,M
-0.1819,-0.2287,7,L,160,N
-3.041,-2.774,9,L,160,P
-0.4742,-0.6051,8,L,160,Q
-4.871,-3.066,5,L,160,R
-1.488,-1.799,8,L,160,S
0.4991,0.5754,5,L,160,T
1.097,1.118,11,L,160,V
-0.9379,-1.19,3,L,160,W
-0.6353,-0.8125,5,L,160,Y
-5.756,-3.101,13,E,161,*
4.861,2.021,1,E,161,-
-0.3419,-0.4342,3,E,161,A
-1.926,-2.184,3,E,161,C
-0.1937,-0.2438,6,E,161,D
0,0,,E,161,E
-4.321,-3.023,8,E,161,F
-0.2186,-0.2755,4,E,161,G
-2.56,-2.579,4,E,161,H
-3.261,-2.839,6,E,161,I
-0.4795,-0.612,10,E,161,K
-2.557,-2.578,3,E,161,L
-3.51,-2.9,3,E,161,M
-1.172,-1.465,3,E,161,N
-0.142,-0.178,1,E,161,P
0.1162,0.1419,4,E,161,Q
-3.172,-2.814,3,E,161,R
0.03759,0.0463,4,E,161,S
-0.3613,-0.4592,4,E,161,T
-1.659,-1.961,3,E,161,V
-3.698,-2.937,5,E,161,W
-1.895,-2.16,3,E,161,Y
0.5275,0.6052,5,G,162,A
-1.493,-1.804,6,G,162,C
-1.302,-1.607,5,G,162,D
-0.8782,-1.118,8,G,162,E
-1.825,-2.103,4,G,162,F
0,0,,G,162,G
0.4288,0.5003,2,G,162,H
-3.33,-2.858,2,G,162,I
-0.7522,-0.9609,7,G,162,K
-2.361,-2.474,6,G,162,L
-1.056,-1.332,4,G,162,M
-0.6211,-0.7943,6,G,162,N
-1.502,-1.813,6,G,162,P
-0.7686,-0.9814,3,G,162,Q
-1.067,-1.344,10,G,162,R
-0.6102,-0.7803,6,G,162,S
-0.4424,-0.564,2,G,162,T
-2.667,-2.63,47,G,162,V
-3.994,-2.984,28,G,162,W
-1.807,-2.089,6,G,162,Y
-5.066,-3.076,28,E,163,*
-1.579,-1.887,5,E,163,A
-3.051,-2.777,8,E,163,C
-1.643,-1.946,20,E,163,D
0,0,,E,163,E
-1.978,-2.224,6,E,163,F
-2.782,-2.679,16,E,163,G
-3.092,-2.79,6,E,163,H
-4.249,-3.015,3,E,163,I
-3.169,-2.813,12,E,163,K
-4.067,-2.994,3,E,163,L
-3.647,-2.928,3,E,163,M
-2.176,-2.362,4,E,163,N
-2.144,-2.34,4,E,163,P
-1.253,-1.555,6,E,163,Q
-3.921,-2.974,7,E,163,R
0.4917,0.5677,2,E,163,S
-2.744,-2.663,6,E,163,T
-4.876,-3.066,10,E,163,V
-1.698,-1.996,12,E,163,W
-3.627,-2.924,11,E,163,Y
0.6213,0.7007,7,V,164,A
-3.06,-2.78,1,V,164,C
-6.796,-3.117,3,V,164,D
-2.615,-2.606,3,V,164,E
-3.651,-2.928,4,V,164,F
-3.577,-2.914,5,V,164,G
-1.031,-1.302,4,V,164,H
-1.059,-1.334,5,V,164,I
-2.536,-2.567,6,V,164,K
-1.219,-1.517,11,V,164,L
-2.406,-2.5,17,V,164,M
-3.394,-2.873,10,V,164,N
-4.083,-2.996,5,V,164,P
-2.931,-2.736,5,V,164,Q
-2.963,-2.747,11,V,164,R
-2.609,-2.603,3,V,164,S
-0.9852,-1.247,6,V,164,T
0,0,,V,164,V
-5.203,-3.082,3,V,164,W
-2.85,-2.706,6,V,164,Y
0.0005113,0.0006323,3,N,165,A
0.9087,0.9667,6,N,165,C
-0.7495,-0.9575,1,N,165,D
-0.5329,-0.6809,4,N,165,E
0.5522,0.6307,2,N,165,F
-0.06398,-0.07964,3,N,165,H
-3.601,-2.919,2,N,165,I
-0.277,-0.3505,6,N,165,K
0.5987,0.678,4,N,165,L
0.7396,0.8151,4,N,165,M
0,0,,N,165,N
-0.3552,-0.4513,1,N,165,P
0.3165,0.3759,6,N,165,Q
0.5923,0.6716,3,N,165,R
1.442,1.353,4,N,165,S
4.001,1.986,7,N,165,T
-0.866,-1.103,1,N,165,V
0.4621,0.5362,4,N,165,W
2.769,1.843,3,N,165,Y
-3.105,-2.794,1,K,166,A
-3.208,-2.825,5,K,166,C
-1.64,-1.943,8,K,166,D
-3.48,-2.893,2,K,166,E
-2.584,-2.591,11,K,166,F
-1.212,-1.51,3,K,166,G
-0.08307,-0.1036,4,K,166,H
-1.589,-1.896,6,K,166,I
0,0,,K,166,K
-1.871,-2.141,7,K,166,L
-1.78,-2.066,5,K,166,M
-1.892,-2.157,14,K,166,N
-3.002,-2.761,8,K,166,P
-1.248,-1.55,5,K,166,Q
-1.538,-1.848,7,K,166,R
1.636,1.462,1,K,166,S
-0.7612,-0.9721,7,K,166,T
-1.162,-1.454,5,K,166,V
-3.433,-2.882,7,K,166,W
-3.592,-2.917,3,K,166,Y
-2.49,-2.544,8,I,167,A
-4.099,-2.998,4,I,167,C
-3.513,-2.9,1,I,167,D
-2.509,-2.554,7,I,167,E
-1.117,-1.403,2,I,167,F
-0.1962,-0.2469,2,I,167,G
-1.965,-2.213,4,I,167,H
0,0,,I,167,I
-3.809,-2.956,6,I,167,K
0.3728,0.439,4,I,167,L
-1.925,-2.183,4,I,167,M
-2.357,-2.472,5,I,167,N
-1.198,-1.494,3,I,167,P
-2.979,-2.753,8,I,167,Q
-1.895,-2.16,8,I,167,R
-1.859,-2.131,5,I,167,S
-1.011,-1.278,5,I,167,T
-0.2756,-0.3487,6,I,167,V
-2.605,-2.601,10,I,167,W
-3.619,-2.922,1,I,167,Y
1.67,1.479,1,K,168,*
-0.6782,-0.8672,8,K,168,A
-0.5953,-0.7612,4,K,168,C
-3.368,-2.867,3,K,168,D
-0.6647,-0.85,10,K,168,E
-2.413,-2.503,1,K,168,F
-2.753,-2.667,7,K,168,G
-0.1394,-0.1747,2,K,168,H
-1.672,-1.973,5,K,168,I
0,0,,K,168,K
0.7142,0.7911,3,K,168,L
-2.491,-2.545,5,K,168,M
-0.7078,-0.9047,5,K,168,N
3.584,1.955,2,K,168,P
0.425,0.4962,7,K,168,Q
-0.7354,-0.9396,9,K,168,R
-1.207,-1.504,7,K,168,S
-0.8967,-1.14,3,K,168,T
-1.168,-1.461,8,K,168,V
-2.66,-2.627,4,K,168,W
-1.366,-1.676,4,K,168,Y
1.367,1.307,3,S,169,A
-4.277,-3.018,5,S,169,C
0.7864,0.8584,6,S,169,D
-0.5318,-0.6794,4,S,169,E
0.9238,0.9796,5,S,169,F
-0.2669,-0.3375,12,S,169,G
0.6138,0.6932,4,S,169,H
-0.7512,-0.9595,12,S,169,I
0.05404,0.06645,7,S,169,K
-0.7947,-1.014,3,S,169,L
-0.8681,-1.105,2,S,169,M
-0.7337,-0.9375,15,S,169,N
-3.419,-2.879,4,S,169,P
0.8376,0.9047,4,S,169,Q
-0.362,-0.4601,5,S,169,R
0,0,,S,169,S
-1.449,-1.76,1,S,169,T
-0.3371,-0.4279,4,S,169,V
-0.4101,-0.5223,7,S,169,W
0.5833,0.6625,5,S,169,Y
0,0,,A,170,A
-1.143,-1.431,5,A,170,C
-2.268,-2.42,7,A,170,D
-2.996,-2.759,5,A,170,E
-1.227,-1.526,5,A,170,F
0.4069,0.4765,2,A,170,G
-0.8695,-1.107,6,A,170,H
-2.321,-2.451,5,A,170,I
-1.562,-1.871,3,A,170,K
-2.155,-2.348,5,A,170,L
-0.5503,-0.7033,6,A,170,M
-1.797,-2.08,3,A,170,N
-3.411,-2.877,3,A,170,P
-0.8897,-1.132,5,A,170,Q
-1.958,-2.208,3,A,170,R
-0.5598,-0.7155,17,A,170,S
-0.9372,-1.19,12,A,170,T
-1.514,-1.825,10,A,170,V
-2.232,-2.397,1,A,170,W
-2.9,-2.725,2,A,170,Y
-4.016,-2.987,4,L,171,A
-3.633,-2.925,1,L,171,C
-1.6,-1.907,3,L,171,D
-1.412,-1.723,1,L,171,E
-3.621,-2.922,3,L,171,F
-3.504,-2.898,3,L,171,G
-3.297,-2.849,5,L,171,H
-0.8641,-1.1,6,L,171,I
-2.681,-2.636,4,L,171,K
0,0,,L,171,L
-0.4792,-0.6115,19,L,171,M
-2.817,-2.693,5,L,171,N
-2.541,-2.57,5,L,171,P
-1.275,-1.579,4,L,171,Q
-2.636,-2.615,6,L,171,R
-3.095,-2.791,4,L,171,S
-1.062,-1.339,2,L,171,T
-0.06634,-0.08259,6,L,171,V
-2.439,-2.517,5,L,171,W
-2.04,-2.269,2,L,171,Y
0.001758,0.002174,1,L,172,A
0.2296,0.2761,5,L,172,C
0.4003,0.4693,4,L,172,D
-0.2896,-0.3667,7,L,172,E
-0.2859,-0.362,17,L,172,F
1.024,1.062,5,L,172,G
0.5364,0.6144,5,L,172,H
-0.1927,-0.2424,8,L,172,I
0.6221,0.7014,3,L,172,K
0,0,,L,172,L
3.188,1.911,1,L,172,M
-1.781,-2.067,5,L,172,N
-2.057,-2.28,3,L,172,P
-0.632,-0.8082,3,L,172,Q
-0.04235,-0.05261,6,L,172,R
-0.541,-0.6914,2,L,172,S
1.379,1.315,4,L,172,T
1.017,1.056,4,L,172,V
0.4967,0.5729,6,L,172,W
0.6153,0.6947,1,L,172,Y
-0.01333,-0.01651,3,S,173,A
-4.004,-2.985,7,S,173,C
1.457,1.362,1,S,173,D
-0.6864,-0.8776,2,S,173,E
0.1847,0.2235,21,S,173,F
1.152,1.16,2,S,173,G
-0.1525,-0.1913,3,S,173,H
-0.7268,-0.9288,8,S,173,I
0.1251,0.1525,3,S,173,K
0.263,0.3149,6,S,173,L
-0.1818,-0.2286,7,S,173,M
1.023,1.061,7,S,173,N
-1.082,-1.362,7,S,173,P
-3.122,-2.8,1,S,173,Q
0.0551,0.06774,2,S,173,R
0,0,,S,173,S
1.223,1.211,5,S,173,T
1.332,1.285,1,S,173,V
-1.027,-1.297,6,S,173,W
-0.3172,-0.4023,13,S,173,Y
0.1756,0.2128,6,T,174,A
-3.51,-2.9,6,T,174,C
0.2879,0.3435,7,T,174,D
-0.09608,-0.12,6,T,174,E
-2.105,-2.314,3,T,174,F
-1.491,-1.802,3,T,174,H
-1.203,-1.499,8,T,174,I
-0.7579,-0.9681,5,T,174,K
-2.514,-2.557,4,T,174,L
-0.1383,-0.1733,2,T,174,M
-0.1348,-0.1689,11,T,174,N
-1.473,-1.784,3,T,174,P
0.63,0.7093,2,T,174,Q
-1.321,-1.628,5,T,174,R
-0.1403,-0.1758,5,T,174,S
0,0,,T,174,T
-1.512,-1.823,2,T,174,V
-1.921,-2.18,9,T,174,W
0.242,0.2906,2,T,174,Y
-0.9139,-1.161,8,N,175,A
-3.293,-2.848,7,N,175,C
-1.077,-1.355,6,N,175,D
-1.166,-1.457,2,N,175,E
-1.3,-1.606,6,N,175,F
-1.985,-2.229,1,N,175,G
0.195,0.2357,6,N,175,H
-1.616,-1.922,4,N,175,I
-0.9945,-1.258,6,N,175,K
-3.594,-2.917,3,N,175,L
-1.718,-2.013,5,N,175,M
0,0,,N,175,N
-2.522,-2.561,4,N,175,P
-0.1865,-0.2345,4,N,175,Q
-2.339,-2.462,3,N,175,R
-0.5187,-0.6627,5,N,175,S
0.06275,0.07708,7,N,175,T
-2.422,-2.508,2,N,175,W
-4.886,-3.067,11,N,175,Y
-1.936,-2.191,2,K,176,A
-3.002,-2.761,7,K,176,C
-4.197,-3.009,4,K,176,D
-3.698,-2.937,6,K,176,E
-3.502,-2.898,7,K,176,F
-3.445,-2.885,5,K,176,G
-1.251,-1.553,3,K,176,H
-4.25,-3.015,3,K,176,I
0,0,,K,176,K
-4.182,-3.008,4,K,176,L
-4.24,-3.014,5,K,176,M
-3.179,-2.816,28,K,176,N
-4.764,-3.059,9,K,176,P
-3.784,-2.952,6,K,176,Q
-0.197,-0.248,4,K,176,R
-1.332,-1.64,3,K,176,S
-2.632,-2.613,6,K,176,T
-5.909,-3.104,4,K,176,V
-3.333,-2.858,3,K,176,W
-3.353,-2.863,6,K,176,Y
0,0,,A,177,A
0.2027,0.2447,3,A,177,C
-2.356,-2.471,18,A,177,D
-2.222,-2.391,6,A,177,E
-4.402,-3.031,5,A,177,F
-1.799,-2.082,4,A,177,G
-2.772,-2.675,3,A,177,H
-3.423,-2.88,2,A,177,I
-2.224,-2.392,7,A,177,K
-2.385,-2.488,7,A,177,L
-2.735,-2.659,3,A,177,M
3.542,1.951,2,A,177,N
-3.812,-2.957,2,A,177,P
-1.635,-1.939,2,A,177,Q
-2.727,-2.656,8,A,177,R
-1.019,-1.287,19,A,177,S
-5.909,-3.104,17,A,177,T
-1.174,-1.467,8,A,177,V
-1.558,-1.867,1,A,177,W
-3.471,-2.891,3,A,177,Y
-0.4226,-0.5384,5,V,178,A
-1.735,-2.028,5,V,178,C
-4.109,-2.999,5,V,178,D
-3.804,-2.955,7,V,178,E
-1.223,-1.521,4,V,178,F
-1.727,-2.021,3,V,178,G
3.322,1.927,3,V,178,H
-0.08339,-0.104,21,V,178,I
-4.074,-2.995,3,V,178,K
0.1056,0.1291,11,V,178,L
0.1269,0.1547,5,V,178,M
-4.427,-3.033,5,V,178,N
-3.628,-2.924,2,V,178,P
-0.04684,-0.0582,3,V,178,Q
0.502,0.5785,3,V,178,R
0.2218,0.267,5,V,178,S
3.044,1.89,3,V,178,T
0,0,,V,178,V
-3.202,-2.823,4,V,178,Y
-2.35,-2.468,7,V,179,A
-1.066,-1.343,4,V,179,C
-2.759,-2.669,6,V,179,D
-2.014,-2.25,5,V,179,E
-2.652,-2.623,4,V,179,F
-2.198,-2.376,2,V,179,G
-2.907,-2.727,4,V,179,H
-0.7433,-0.9496,3,V,179,I
-2.259,-2.414,6,V,179,K
-1.949,-2.202,9,V,179,L
-3.475,-2.892,8,V,179,M
-3.052,-2.777,8,V,179,N
-3.585,-2.915,8,V,179,P
-0.653,-0.8351,2,V,179,Q
-2.526,-2.563,6,V,179,R
-3.011,-2.764,7,V,179,S
-1.618,-1.923,4,V,179,T
0,0,,V,179,V
-2.089,-2.303,6,V,179,W
-3.618,-2.922,2,V,179,Y
0.407,0.4766,1,S,180,A
-4.103,-2.998,5,S,180,C
-1.521,-1.831,8,S,180,D
-3.146,-2.807,6,S,180,E
-4.493,-3.039,10,S,180,F
0.9041,0.9628,5,S,180,G
-4.533,-3.042,5,S,180,H
-4.431,-3.033,5,S,180,I
-4.675,-3.053,10,S,180,K
-3.761,-2.948,6,S,180,L
-3.69,-2.935,3,S,180,M
-1.117,-1.402,3,S,180,N
-0.2247,-0.2834,6,S,180,P
0.3176,0.3772,7,S,180,Q
-3.721,-2.941,10,S,180,R
0,0,,S,180,S
-4.332,-3.024,5,S,180,T
-3.629,-2.924,4,S,180,V
-0.6775,-0.8663,6,S,180,W
-2.142,-2.339,13,S,180,Y
-2.066,-2.287,4,L,181,A
-3.219,-2.828,4,L,181,C
-2.739,-2.661,5,L,181,D
-4.777,-3.06,5,L,181,E
-0.2192,-0.2763,2,L,181,F
-4.309,-3.021,3,L,181,G
-1.243,-1.543,2,L,181,H
-2.874,-2.715,2,L,181,I
-3.045,-2.775,3,L,181,K
0,0,,L,181,L
-1.196,-1.492,7,L,181,M
-3.032,-2.771,7,L,181,N
-2.965,-2.748,5,L,181,P
-2.059,-2.282,4,L,181,Q
-3.632,-2.925,2,L,181,R
-2.475,-2.537,2,L,181,S
-1.726,-2.02,4,L,181,T
-1.798,-2.082,5,L,181,V
-2.806,-2.688,5,L,181,W
-1.26,-1.563,4,L,181,Y
-2.423,-2.509,2,S,182,A
-4.057,-2.992,3,S,182,C
-0.4139,-0.5272,6,S,182,D
-0.726,-0.9278,5,S,182,E
-4.618,-3.049,19,S,182,F
-2.594,-2.596,3,S,182,G
-1.504,-1.815,2,S,182,H
-3.531,-2.904,3,S,182,I
-0.6137,-0.7848,4,S,182,K
-2.74,-2.661,6,S,182,L
-2.027,-2.259,3,S,182,M
-0.2632,-0.3328,7,S,182,N
-4.051,-2.992,4,S,182,P
0.3438,0.4067,5,S,182,Q
-0.386,-0.4911,2,S,182,R
0,0,,S,182,S
-0.1646,-0.2067,4,S,182,T
-2.099,-2.31,5,S,182,V
-2.803,-2.687,4,S,182,W
-3.976,-2.981,11,S,182,Y
-0.5796,-0.741,4,N,183,A
-2.043,-2.271,4,N,183,C
-1.533,-1.844,3,N,183,D
-4.132,-3.002,3,N,183,E
-2.302,-2.44,3,N,183,F
-1.256,-1.558,3,N,183,G
-2.358,-2.472,4,N,183,H
-2.045,-2.272,2,N,183,I
-1.466,-1.777,11,N,183,K
-3.466,-2.89,6,N,183,L
-1.408,-1.719,5,N,183,M
0,0,,N,183,N
-4.011,-2.986,2,N,183,P
0.009127,0.01128,2,N,183,Q
-1.769,-2.057,3,N,183,R
0.6172,0.6966,6,N,183,S
-0.8457,-1.078,7,N,183,T
-0.8414,-1.072,4,N,183,V
-0.8546,-1.089,4,N,183,W
-0.6097,-0.7797,1,N,183,Y
-2.847,-2.705,15,G,184,*
-3.627,-2.924,4,G,184,C
-3.663,-2.931,3,G,184,D
-4.48,-3.038,16,G,184,E
-2.759,-2.669,8,G,184,F
0,0,,G,184,G
-1.943,-2.197,1,G,184,H
-1.777,-2.063,4,G,184,I
-3.62,-2.922,1,G,184,K
-1.787,-2.072,9,G,184,L
-2.007,-2.244,6,G,184,M
-5.604,-3.097,7,G,184,N
-2.034,-2.264,4,G,184,P
-3.985,-2.983,4,G,184,Q
-3.745,-2.945,16,G,184,R
-1.111,-1.395,3,G,184,S
-1.812,-2.093,6,G,184,T
-2.339,-2.462,20,G,184,V
-1.32,-1.627,5,G,184,W
-2.086,-2.301,3,G,184,Y
0.3898,0.4577,2,V,185,A
-1.041,-1.314,6,V,185,C
0.2802,0.3346,6,V,185,D
0.6253,0.7046,5,V,185,E
1.143,1.153,4,V,185,F
5.123,2.027,2,V,185,G
-3.401,-2.875,3,V,185,H
-0.6093,-0.7791,3,V,185,I
-2.143,-2.34,6,V,185,K
-0.9165,-1.165,6,V,185,L
0.2198,0.2647,17,V,185,M
-0.5246,-0.6703,1,V,185,N
-3.421,-2.88,1,V,185,P
-0.2716,-0.3435,3,V,185,Q
0.8037,0.8742,2,V,185,R
-2.264,-2.417,5,V,185,S
-4.011,-2.986,2,V,185,T
0,0,,V,185,V
-1.166,-1.458,5,V,185,W
-0.603,-0.7711,4,V,185,Y
-0.8284,-1.056,6,S,186,A
-3.602,-2.919,3,S,186,C
-1.982,-2.227,5,S,186,D
-3.466,-2.89,6,S,186,E
-4.381,-3.029,7,S,186,F
-0.4747,-0.6058,5,S,186,G
-4.039,-2.99,3,S,186,H
-3.993,-2.984,3,S,186,I
-4.3,-3.021,10,S,186,K
-4.219,-3.012,5,S,186,L
-3.059,-2.78,3,S,186,M
-3.63,-2.924,3,S,186,N
-1.55,-1.859,4,S,186,P
-3.833,-2.96,5,S,186,Q
-2.888,-2.72,6,S,186,R
0,0,,S,186,S
-1.963,-2.213,6,S,186,T
-3.985,-2.983,3,S,186,V
-3.514,-2.901,3,S,186,W
-3.104,-2.794,9,S,186,Y
-1.408,-1.719,6,V,187,A
-0.8542,-1.088,2,V,187,C
-2.382,-2.486,5,V,187,D
-2.16,-2.351,8,V,187,E
-4.317,-3.022,3,V,187,F
-2.083,-2.299,5,V,187,G
-2.38,-2.485,3,V,187,H
-1.35,-1.659,4,V,187,I
-0.3431,-0.4357,1,V,187,K
-1.158,-1.449,14,V,187,L
-1.033,-1.304,9,V,187,M
-4.033,-2.989,5,V,187,N
-3.515,-2.901,3,V,187,P
-3.608,-2.92,3,V,187,Q
-2.02,-2.254,7,V,187,R
-0.7604,-0.9712,2,V,187,S
-0.3378,-0.4289,2,V,187,T
0,0,,V,187,V
-1.513,-1.823,4,V,187,W
-1.402,-1.713,7,V,187,Y
-0.3667,-0.4662,4,L,188,A
0.09545,0.1168,1,L,188,C
-3.222,-2.829,4,L,188,D
-3.49,-2.895,6,L,188,E
-0.4419,-0.5634,5,L,188,F
-3.254,-2.837,2,L,188,G
-0.7658,-0.9779,3,L,188,H
-0.1944,-0.2447,5,L,188,I
-2.579,-2.589,5,L,188,K
0,0,,L,188,L
0.5458,0.6242,5,L,188,M
-3.621,-2.922,2,L,188,N
-2.95,-2.743,7,L,188,P
-1.237,-1.537,2,L,188,Q
-0.5167,-0.66,2,L,188,R
-0.9082,-1.154,4,L,188,S
-1.591,-1.898,3,L,188,T
3.058,1.892,4,L,188,V
-0.4577,-0.5839,8,L,188,W
-0.5413,-0.6917,2,L,188,Y
2.935,1.873,6,T,189,A
-0.1916,-0.241,2,T,189,C
-2.271,-2.422,1,T,189,D
-2.789,-2.681,3,T,189,E
0.9436,0.9963,5,T,189,F
-1.371,-1.681,4,T,189,G
-2.196,-2.375,4,T,189,H
0.2108,0.2542,17,T,189,I
0.4057,0.4751,1,T,189,K
-1.953,-2.205,4,T,189,L
-0.2786,-0.3526,9,T,189,M
-2.497,-2.548,11,T,189,N
-0.9856,-1.248,3,T,189,P
-3.048,-2.776,6,T,189,Q
-3.632,-2.925,2,T,189,R
-1.098,-1.38,5,T,189,S
0,0,,T,189,T
-0.9447,-1.199,6,T,189,V
-1.94,-2.195,5,T,189,W
-3.146,-2.807,2,T,189,Y
-0.7301,-0.933,2,S,190,A
-0.8887,-1.131,5,S,190,C
-3.276,-2.843,3,S,190,D
0.1332,0.1623,2,S,190,E
-4.25,-3.015,3,S,190,F
-1.243,-1.543,4,S,190,G
0.9446,0.997,5,S,190,H
-3.479,-2.893,12,S,190,I
-0.2211,-0.2788,1,S,190,K
0.9924,1.037,1,S,190,L
-2.266,-2.419,5,S,190,M
0.3805,0.4475,12,S,190,N
-2.764,-2.671,3,S,190,P
0.109,0.1331,7,S,190,Q
-0.7708,-0.9842,9,S,190,R
0,0,,S,190,S
-0.8195,-1.045,2,S,190,T
-3.098,-2.792,3,S,190,V
-2.167,-2.355,5,S,190,W
-3.566,-2.911,5,S,190,Y
-2.78,-2.678,2,K,191,A
-0.8212,-1.047,4,K,191,C
-3.86,-2.964,3,K,191,D
-3.528,-2.904,2,K,191,E
-2.122,-2.325,5,K,191,F
-2.62,-2.608,3,K,191,G
0,0,,K,191,K
-1.425,-1.736,1,K,191,L
-1.286,-1.591,3,K,191,M
-1.81,-2.091,17,K,191,N
-1.69,-1.989,8,K,191,P
-0.8983,-1.142,6,K,191,Q
0.4487,0.5218,6,K,191,R
0.442,0.5146,4,K,191,S
-0.6261,-0.8006,3,K,191,T
-2.492,-2.545,2,K,191,V
-3.739,-2.944,4,K,191,W
-3.013,-2.765,3,K,191,Y
-1.872,-2.141,5,V,192,A
-6.346,-3.112,5,V,192,C
-3.473,-2.892,1,V,192,D
-3.717,-2.94,4,V,192,E
-4.642,-3.051,8,V,192,F
-3.793,-2.954,3,V,192,G
-2.601,-2.599,4,V,192,H
-0.6995,-0.8943,6,V,192,I
-1.605,-1.912,3,V,192,K
-1.976,-2.222,7,V,192,L
-5.154,-3.08,10,V,192,M
-2.923,-2.733,1,V,192,N
-2.565,-2.582,6,V,192,P
-3.828,-2.959,2,V,192,Q
-2.661,-2.627,2,V,192,R
-4.951,-3.07,5,V,192,S
-1.538,-1.848,2,V,192,T
0,0,,V,192,V
-2.804,-2.688,6,V,192,W
1.169,1.172,2,L,193,A
1.04,1.075,2,L,193,D
5.349,2.031,5,L,193,E
-0.2405,-0.3037,3,L,193,F
-0.541,-0.6913,6,L,193,G
1.243,1.225,4,L,193,H
-1.661,-1.963,4,L,193,I
-2.415,-2.505,6,L,193,K
0,0,,L,193,L
0.2,0.2415,6,L,193,M
3.848,1.976,3,L,193,N
-1.655,-1.957,5,L,193,P
4.701,2.016,2,L,193,Q
-3.175,-2.815,4,L,193,R
2.848,1.858,3,L,193,S
0.8172,0.8864,1,L,193,T
-0.1234,-0.1544,3,L,193,V
0.5835,0.6626,3,L,193,W
-0.5735,-0.7332,7,L,193,Y
-1.942,-2.197,1,D,194,A
-0.2688,-0.34,1,D,194,C
0,0,,D,194,D
-2.277,-2.425,10,D,194,E
-3.001,-2.76,7,D,194,F
-3.198,-2.822,3,D,194,G
-5.079,-3.077,6,D,194,H
-2.82,-2.694,3,D,194,I
-2.687,-2.639,5,D,194,K
-4.235,-3.014,3,D,194,L
-2.763,-2.671,9,D,194,M
-0.7455,-0.9524,11,D,194,N
-2.303,-2.441,4,D,194,P
-2.986,-2.755,8,D,194,Q
-1.935,-2.191,6,D,194,R
-0.8927,-1.135,5,D,194,S
-2.346,-2.466,4,D,194,T
-3.74,-2.945,2,D,194,V
-2.981,-2.754,7,D,194,W
-4.073,-2.994,23,D,194,Y
-2.596,-2.597,5,L,195,A
-1.287,-1.591,6,L,195,C
-1.679,-1.978,2,L,195,D
-4.552,-3.044,2,L,195,E
-4.125,-3.001,6,L,195,F
-3.684,-2.935,4,L,195,G
-1.591,-1.898,5,L,195,H
-3.594,-2.917,3,L,195,I
-2.089,-2.303,4,L,195,K
0,0,,L,195,L
-1.286,-1.591,9,L,195,M
-1.977,-2.223,7,L,195,N
-2.246,-2.406,17,L,195,P
-1.777,-2.064,7,L,195,Q
-1.844,-2.12,6,L,195,R
-2.187,-2.369,10,L,195,S
-3.86,-2.964,3,L,195,T
-6.581,-3.115,4,L,195,V
-3.773,-2.95,5,L,195,W
-3.754,-2.947,6,L,195,Y
-3.006,-2.762,3,K,196,*
-1.874,-2.143,8,K,196,A
-3.923,-2.974,5,K,196,C
-4.382,-3.029,3,K,196,D
-4.702,-3.055,9,K,196,E
-3.672,-2.932,1,K,196,F
-0.3912,-0.4978,5,K,196,G
-2.036,-2.266,3,K,196,H
-2.137,-2.336,9,K,196,I
0,0,,K,196,K
-3.635,-2.925,11,K,196,L
-1.726,-2.02,10,K,196,M
-3.2,-2.822,16,K,196,N
-3.86,-2.964,13,K,196,P
-1.421,-1.732,9,K,196,Q
-0.1489,-0.1867,18,K,196,R
-4.259,-3.016,10,K,196,S
-3.817,-2.957,8,K,196,T
-2.581,-2.59,2,K,196,V
-2.265,-2.418,5,K,196,W
-2.839,-2.701,7,K,196,Y
-3.562,-2.911,2,N,197,*
0.5875,0.6667,5,N,197,A
-0.241,-0.3043,7,N,197,C
-0.2889,-0.3659,3,N,197,D
0.004186,0.005175,3,N,197,E
-0.4746,-0.6057,12,N,197,F
6.862,2.043,10,N,197,G
0.03386,0.04172,16,N,197,H
-0.3618,-0.4599,10,N,197,I
-0.8276,-1.055,9,N,197,K
-0.4368,-0.5568,5,N,197,L
-0.128,-0.1603,8,N,197,M
0,0,,N,197,N
-3.855,-2.964,7,N,197,P
-0.2731,-0.3454,5,N,197,Q
-1.042,-1.315,11,N,197,R
0.5051,0.5818,15,N,197,S
0.6071,0.6865,11,N,197,T
-2.135,-2.335,7,N,197,V
-0.381,-0.4846,5,N,197,W
-2.072,-2.291,6,N,197,Y
-2.624,-2.61,5,Y,198,*
-4.016,-2.987,3,Y,198,A
-3.633,-2.925,4,Y,198,C
-3.816,-2.957,5,Y,198,D
-2.571,-2.585,4,Y,198,E
-0.5885,-0.7525,4,Y,198,F
-4.036,-2.99,5,Y,198,G
-4.744,-3.058,11,Y,198,H
-3.754,-2.947,3,Y,198,I
-3.351,-2.863,11,Y,198,K
-4.905,-3.068,15,Y,198,L
-4.19,-3.009,8,Y,198,M
-4.931,-3.069,11,Y,198,N
-4.203,-3.01,3,Y,198,P
-4.32,-3.023,7,Y,198,Q
-2.458,-2.528,9,Y,198,R
-3.806,-2.956,14,Y,198,S
-3.952,-2.978,5,Y,198,T
-3.137,-2.804,10,Y,198,V
-0.3888,-0.4948,1,Y,198,W
0,0,,Y,198,Y
-4.061,-2.993,4,I,199,A
-2.814,-2.692,5,I,199,C
-3.929,-2.975,5,I,199,D
-4.404,-3.031,6,I,199,E
-0.2757,-0.3488,4,I,199,F
-3.681,-2.934,8,I,199,G
-4.233,-3.013,3,I,199,H
0,0,,I,199,I
-4.034,-2.989,4,I,199,K
0.06269,0.07701,10,I,199,L
-2.426,-2.51,6,I,199,N
-3.963,-2.98,6,I,199,P
-3.538,-2.906,3,I,199,Q
-2.759,-2.669,6,I,199,R
-3.589,-2.916,8,I,199,S
-4.617,-3.049,10,I,199,T
-2.238,-2.401,9,I,199,V
-4.284,-3.019,5,I,199,W
-2.86,-2.71,6,I,199,Y
-2.653,-2.623,4,D,200,*
-1.445,-1.757,9,D,200,A
-3.124,-2.8,9,D,200,C
0,0,,D,200,D
-0.9993,-1.264,8,D,200,E
-3.932,-2.975,3,D,200,F
-4.207,-3.011,7,D,200,G
-3.629,-2.924,1,D,200,H
-1.446,-1.758,6,D,200,I
-2.73,-2.657,9,D,200,K
-2.732,-2.658,12,D,200,L
-2.599,-2.598,7,D,200,M
0.08878,0.1087,18,D,200,N
-3.602,-2.919,5,D,200,P
-1.027,-1.297,5,D,200,Q
-2.223,-2.392,4,D,200,R
-1.319,-1.626,11,D,200,S
-0.9473,-1.202,5,D,200,T
-1.291,-1.596,5,D,200,V
-4.051,-2.992,2,D,200,W
-3.381,-2.87,12,D,200,Y
-1.717,-2.013,3,K,201,*
1.054,1.085,3,K,201,A
-1.148,-1.437,6,K,201,C
-0.08792,-0.1097,3,K,201,D
-0.2537,-0.3206,12,K,201,E
0.4416,0.5141,7,K,201,F
0.0473,0.0582,5,K,201,G
0.543,0.6212,3,K,201,H
-1.067,-1.345,6,K,201,I
0,0,,K,201,K
-0.3843,-0.489,9,K,201,L
1.073,1.1,7,K,201,M
0.7942,0.8656,9,K,201,N
-3.678,-2.933,8,K,201,P
0.2543,0.3048,4,K,201,Q
-0.8191,-1.045,10,K,201,R
0.02443,0.03014,10,K,201,S
0.01267,0.01565,6,K,201,T
-0.375,-0.4769,6,K,201,V
0.7382,0.8138,4,K,201,W
-0.05015,-0.06234,1,K,201,Y
-2.933,-2.737,18,Q,202,*
-0.1885,-0.2372,4,Q,202,A
-0.6646,-0.8499,3,Q,202,C
0.7533,0.8279,3,Q,202,D
-0.03899,-0.04841,12,Q,202,E
-1.386,-1.696,3,Q,202,F
-3.624,-2.923,3,Q,202,G
0.4247,0.4959,17,Q,202,H
-1.768,-2.056,2,Q,202,I
0.1174,0.1433,13,Q,202,K
-2.474,-2.536,16,Q,202,L
-1.755,-2.045,6,Q,202,M
0.05326,0.0655,8,Q,202,N
-4.087,-2.996,7,Q,202,P
0,0,,Q,202,Q
-0.8916,-1.134,11,Q,202,R
0.1132,0.1382,8,Q,202,S
2.911,1.869,5,Q,202,T
-0.0883,-0.1102,12,Q,202,V
-1.609,-1.915,6,Q,202,W
-0.8746,-1.113,2,Q,202,Y
-3.891,-2.969,4,L,203,A
-3.727,-2.942,6,L,203,C
-2.566,-2.582,2,L,203,D
-3.653,-2.929,6,L,203,E
-2.181,-2.365,8,L,203,F
-4.164,-3.006,6,L,203,G
-3.66,-2.93,5,L,203,H
-0.1457,-0.1826,11,L,203,I
-1.481,-1.793,5,L,203,K
0,0,,L,203,L
-3.15,-2.808,2,L,203,M
-3.558,-2.91,1,L,203,N
-2.774,-2.676,6,L,203,P
-1.642,-1.945,3,L,203,Q
-2.729,-2.657,3,L,203,R
-2.749,-2.665,2,L,203,S
-3.21,-2.825,1,L,203,T
0.1067,0.1304,4,L,203,V
-3.744,-2.945,3,L,203,W
-3.184,-2.818,2,L,203,Y
-2.827,-2.697,5,L,204,*
0.6361,0.7153,8,L,204,A
-2.826,-2.696,5,L,204,C
-0.8337,-1.063,2,L,204,D
-1.163,-1.454,5,L,204,E
0.2034,0.2456,3,L,204,F
-2.061,-2.284,8,L,204,G
-1.16,-1.451,7,L,204,H
0.5739,0.6529,6,L,204,I
-0.3023,-0.3831,9,L,204,K
0,0,,L,204,L
-0.4388,-0.5594,17,L,204,M
-2.234,-2.399,6,L,204,N
-3.512,-2.9,4,L,204,P
-1.282,-1.586,7,L,204,Q
0.06356,0.07807,8,L,204,R
1.381,1.316,7,L,204,S
-0.5821,-0.7443,5,L,204,T
-2.779,-2.678,1,L,204,V
0.9113,0.9689,4,L,204,W
5.051,2.025,3,L,204,Y
-1.66,-1.962,2,P,205,*
-1.929,-2.186,9,P,205,A
-3.902,-2.971,5,P,205,C
-0.5533,-0.7072,6,P,205,D
-0.1218,-0.1524,2,P,205,E
-2.444,-2.52,7,P,205,F
-1.15,-1.439,9,P,205,G
-5.336,-3.088,3,P,205,H
-1.234,-1.534,3,P,205,I
-0.9253,-1.175,5,P,205,K
-1.626,-1.931,18,P,205,L
-2.57,-2.584,3,P,205,M
-1.325,-1.633,5,P,205,N
0,0,,P,205,P
-2.321,-2.451,9,P,205,Q
-0.03754,-0.04661,10,P,205,R
-1.245,-1.546,23,P,205,S
-0.6132,-0.7842,12,P,205,T
-2.192,-2.372,8,P,205,V
-2.789,-2.682,5,P,205,W
-0.2637,-0.3333,5,P,205,Y
-1.332,-1.64,3,I,206,*
0.3794,0.4463,5,I,206,A
-3.433,-2.882,10,I,206,C
0.2626,0.3144,6,I,206,D
-0.5564,-0.7112,2,I,206,E
-0.2106,-0.2653,4,I,206,F
-0.1288,-0.1613,2,I,206,G
0.04288,0.05279,8,I,206,H
0,0,,I,206,I
2.726,1.834,5,I,206,K
0.1132,0.1383,7,I,206,L
-0.01545,-0.01915,7,I,206,M
-0.1786,-0.2245,6,I,206,N
-0.9806,-1.242,7,I,206,P
-1.47,-1.782,5,I,206,Q
0.649,0.7281,7,I,206,R
-0.7788,-0.9943,3,I,206,S
0.1259,0.1535,9,I,206,T
-0.1027,-0.1283,8,I,206,V
0.7863,0.8584,3,I,206,W
-0.1971,-0.248,8,I,206,Y
-0.405,-0.5157,8,V,207,A
-3.619,-2.922,1,V,207,C
-0.5889,-0.753,5,V,207,D
-0.3694,-0.4696,6,V,207,E
0.3566,0.4209,4,V,207,F
0.3953,0.4638,10,V,207,G
-0.9453,-1.199,4,V,207,H
-1.923,-2.182,2,V,207,I
-0.2661,-0.3365,3,V,207,K
-0.4171,-0.5313,7,V,207,L
-0.9541,-1.21,21,V,207,M
-1.035,-1.307,5,V,207,N
-3.472,-2.891,2,V,207,P
-0.708,-0.905,7,V,207,Q
-1.9,-2.164,7,V,207,R
0.6143,0.6936,3,V,207,S
0.5063,0.5831,6,V,207,T
0,0,,V,207,V
-0.6068,-0.776,3,V,207,W
-0.4,-0.5092,7,V,207,Y
-5.072,-3.076,3,N,208,*
-2.875,-2.715,5,N,208,A
-3.629,-2.924,3,N,208,C
0.634,0.7133,8,N,208,D
-0.5219,-0.6667,8,N,208,E
-3.457,-2.888,2,N,208,F
0.03726,0.0459,5,N,208,G
-0.848,-1.08,4,N,208,H
-0.4075,-0.5189,11,N,208,I
-2.883,-2.718,7,N,208,K
-0.5947,-0.7605,5,N,208,L
0.3528,0.4167,5,N,208,M
0,0,,N,208,N
-2.816,-2.692,8,N,208,P
2.092,1.66,2,N,208,Q
0.3698,0.4356,8,N,208,R
0.1617,0.1963,12,N,208,S
-0.06417,-0.07988,8,N,208,T
0.9136,0.9709,8,N,208,V
-0.485,-0.6191,6,N,208,W
-0.2836,-0.359,7,N,208,Y
1.748,1.518,5,K,209,A
-1.75,-2.041,2,K,209,C
-0.2204,-0.2779,4,K,209,D
1.197,1.192,3,K,209,E
-3.449,-2.886,2,K,209,F
0.4279,0.4994,8,K,209,G
0.1072,0.131,7,K,209,I
0,0,,K,209,K
-0.2734,-0.3458,3,K,209,L
-0.5438,-0.695,4,K,209,M
2.393,1.755,16,K,209,N
-0.4107,-0.5231,7,K,209,P
0.4482,0.5213,7,K,209,Q
1.598,1.442,4,K,209,R
1.637,1.462,2,K,209,S
-0.6536,-0.8358,10,K,209,T
-0.7975,-1.018,1,K,209,V
0.161,0.1954,3,K,209,W
-1.354,-1.663,6,K,209,Y
-6.245,-3.11,29,Q,210,*
1.318,1.276,7,Q,210,A
-3.715,-2.94,4,Q,210,C
-1.23,-1.529,9,Q,210,D
0.7211,0.7976,6,Q,210,E
-1.517,-1.828,5,Q,210,F
0.2695,0.3223,8,Q,210,G
-0.7503,-0.9585,14,Q,210,H
0.1101,0.1345,2,Q,210,I
2.855,1.859,4,Q,210,K
-0.6077,-0.7772,12,Q,210,L
-0.1804,-0.2268,9,Q,210,M
0.426,0.4973,7,Q,210,N
-1.053,-1.328,8,Q,210,P
0,0,,Q,210,Q
-0.9061,-1.152,12,Q,210,R
0.9982,1.041,12,Q,210,S
0.604,0.6833,10,Q,210,T
-0.3141,-0.3983,10,Q,210,V
-1.321,-1.628,2,Q,210,W
0.5404,0.6185,4,Q,210,Y
-0.6562,-0.8391,3,S,211,A
-1.243,-1.544,3,S,211,C
0.2069,0.2496,7,S,211,D
0.4725,0.5473,11,S,211,E
-0.4961,-0.6334,9,S,211,F
-0.8804,-1.12,13,S,211,G
-0.5566,-0.7114,3,S,211,H
-1.576,-1.884,5,S,211,I
0.8822,0.9439,7,S,211,K
-0.3189,-0.4044,8,S,211,L
-0.3433,-0.4359,4,S,211,M
-0.03388,-0.04205,15,S,211,N
-0.2083,-0.2624,1,S,211,P
1.231,1.217,13,S,211,R
0,0,,S,211,S
1.972,1.615,6,S,211,T
-0.362,-0.4601,9,S,211,V
0.2286,0.275,6,S,211,W
-1.158,-1.448,6,S,211,Y
-4.586,-3.046,10,C,212,*
-2.217,-2.388,8,C,212,A
0,0,,C,212,C
-0.7225,-0.9234,2,C,212,D
-1.472,-1.784,6,C,212,E
-3.013,-2.765,16,C,212,F
-1.866,-2.137,11,C,212,G
-3.46,-2.889,6,C,212,H
-4.005,-2.986,5,C,212,I
-1.354,-1.663,4,C,212,K
-2.181,-2.365,6,C,212,L
-3.394,-2.873,5,C,212,M
-3.744,-2.945,3,C,212,N
-3.996,-2.984,5,C,212,P
-2.232,-2.397,3,C,212,Q
-6.028,-3.107,12,C,212,R
-1.882,-2.15,14,C,212,S
-1.412,-1.723,4,C,212,T
-2.985,-2.755,7,C,212,V
-3.932,-2.975,4,C,212,W
-3.597,-2.918,17,C,212,Y
-3.63,-2.924,2,R,213,*
1.451,1.359,3,R,213,A
-3.604,-2.919,7,R,213,C
1.499,1.387,4,R,213,D
0.2989,0.3559,5,R,213,E
0.2334,0.2806,8,R,213,F
-0.592,-0.7569,15,R,213,G
-0.09713,-0.1213,3,R,213,H
0.3238,0.3842,12,R,213,I
-0.3424,-0.4348,12,R,213,K
0.6104,0.6898,4,R,213,L
0.09987,0.1222,6,R,213,M
-4.029,-2.989,3,R,213,N
-3.522,-2.902,2,R,213,P
0.01041,0.01286,2,R,213,Q
0,0,,R,213,R
-0.2456,-0.3101,3,R,213,S
0.1697,0.2057,8,R,213,T
0.2392,0.2873,10,R,213,V
0.6444,0.7235,5,R,213,W
-0.3698,-0.4702,5,R,213,Y
-4.084,-2.996,5,I,214,A
-3.965,-2.98,1,I,214,C
-3.998,-2.985,3,I,214,D
1.261,1.237,1,I,214,E
-0.7631,-0.9745,3,I,214,F
-3.428,-2.881,1,I,214,G
-1.075,-1.354,1,I,214,H
0,0,,I,214,I
-1.414,-1.725,2,I,214,K
-0.1614,-0.2026,3,I,214,L
-1.418,-1.729,5,I,214,M
-4.029,-2.989,4,I,214,N
-4.02,-2.988,3,I,214,P
-3.232,-2.832,3,I,214,Q
-1.13,-1.417,2,I,214,R
-3.378,-2.869,1,I,214,S
-3.19,-2.82,4,I,214,T
1.232,1.217,3,I,214,V
-3.885,-2.968,3,I,214,W
-1.884,-2.151,5,I,214,Y
0.3146,0.3738,4,S,215,A
-3.283,-2.845,1,S,215,C
0.3821,0.4493,2,S,215,D
3.782,1.971,2,S,215,E
-2.236,-2.4,3,S,215,F
0.6026,0.682,5,S,215,G
-0.6205,-0.7936,2,S,215,H
-1.511,-1.822,6,S,215,I
1.18,1.18,1,S,215,K
-1.834,-2.111,3,S,215,L
-0.1271,-0.159,3,S,215,M
-0.1421,-0.1781,9,S,215,N
-3.639,-2.926,2,S,215,P
1.091,1.114,5,S,215,Q
1.544,1.412,4,S,215,R
0,0,,S,215,S
-0.03885,-0.04824,6,S,215,T
-2.139,-2.337,7,S,215,V
-0.3176,-0.4028,3,S,215,W
-1.638,-1.942,3,S,215,Y
0.2422,0.2908,3,N,216,A
-1.145,-1.434,4,N,216,C
-0.4017,-0.5114,4,N,216,D
-0.5525,-0.7062,2,N,216,E
-0.563,-0.7197,4,N,216,F
-0.8848,-1.126,5,N,216,G
1.814,1.548,3,N,216,H
-2.061,-2.284,6,N,216,I
0.308,0.3663,4,N,216,K
-0.8266,-1.054,6,N,216,L
-0.1575,-0.1976,4,N,216,M
0,0,,N,216,N
-3.75,-2.946,7,N,216,P
1.249,1.229,5,N,216,Q
0.5107,0.5876,6,N,216,R
0.7267,0.803,3,N,216,S
-0.05128,-0.06376,4,N,216,T
-2.799,-2.686,4,N,216,V
-2.364,-2.476,3,N,216,W
-0.2703,-0.3418,3,N,216,Y
-3.547,-2.907,1,I,217,A
-3.058,-2.779,3,I,217,C
-3.613,-2.921,4,I,217,D
-4.171,-3.006,4,I,217,E
-3.422,-2.88,4,I,217,F
-3.895,-2.97,5,I,217,G
-2.999,-2.76,3,I,217,H
0,0,,I,217,I
-4.219,-3.012,4,I,217,K
-0.2146,-0.2704,4,I,217,L
-3.361,-2.865,4,I,217,M
-4.278,-3.018,4,I,217,N
-4.059,-2.993,3,I,217,P
-4.445,-3.034,4,I,217,Q
-3.495,-2.896,1,I,217,R
-3.925,-2.974,3,I,217,S
-2.528,-2.564,2,I,217,T
0.969,1.017,7,I,217,V
-3.092,-2.79,3,I,217,W
-4.136,-3.002,3,I,217,Y
-2.152,-2.346,16,E,218,*
-2.527,-2.563,3,E,218,A
2.599,1.807,1,E,218,C
-7.909,-3.123,15,E,218,D
0,0,,E,218,E
-1.768,-2.056,4,E,218,F
-3.878,-2.967,7,E,218,G
-2.994,-2.758,7,E,218,H
-2.099,-2.31,3,E,218,I
-3.767,-2.949,14,E,218,K
-0.7881,-1.006,2,E,218,L
-1.342,-1.65,7,E,218,M
-3.649,-2.928,3,E,218,N
-4.205,-3.01,1,E,218,P
-2.229,-2.396,1,E,218,Q
-4.21,-3.011,4,E,218,R
-3.621,-2.922,1,E,218,S
-3.638,-2.926,6,E,218,T
-2.045,-2.272,4,E,218,V
-3.978,-2.982,4,E,218,W
-0.1925,-0.2423,4,E,218,Y
-3.033,-2.771,7,T,219,A
-0.485,-0.6191,1,T,219,C
-1.22,-1.518,3,T,219,D
-1.735,-2.028,4,T,219,E
-1.038,-1.311,1,T,219,F
-3.513,-2.9,5,T,219,G
-1.579,-1.887,3,T,219,H
0.5679,0.6469,7,T,219,I
-0.01855,-0.02299,5,T,219,K
-0.2275,-0.2869,7,T,219,L
0.03805,0.04687,4,T,219,M
-2.654,-2.624,2,T,219,N
-3.825,-2.959,7,T,219,P
-0.8902,-1.132,4,T,219,Q
-3.641,-2.926,4,T,219,R
-2.088,-2.302,5,T,219,S
0,0,,T,219,T
-0.7066,-0.9033,5,T,219,V
-3.904,-2.971,2,T,219,W
-1.282,-1.586,1,T,219,Y
-4.08,-2.995,3,V,220,A
-4.419,-3.032,3,V,220,C
-2.618,-2.607,6,V,220,D
-2.79,-2.682,6,V,220,E
-2.396,-2.494,3,V,220,F
-3.655,-2.929,3,V,220,G
-2.427,-2.511,3,V,220,H
-0.5933,-0.7586,7,V,220,I
-3.743,-2.945,8,V,220,K
0.1769,0.2142,5,V,220,L
-5.077,-3.077,10,V,220,M
-7.482,-3.121,8,V,220,N
-3.083,-2.787,2,V,220,P
-3.885,-2.968,5,V,220,Q
-1.897,-2.161,4,V,220,R
-1.896,-2.161,2,V,220,S
-2.778,-2.677,4,V,220,T
0,0,,V,220,V
-3.657,-2.929,4,V,220,W
-3.783,-2.952,3,V,220,Y
-4.289,-3.019,9,I,221,A
-4.825,-3.063,8,I,221,C
-3.898,-2.97,6,I,221,D
-4.488,-3.038,4,I,221,E
-2.955,-2.745,5,I,221,F
-2.806,-2.689,5,I,221,G
0,0,,I,221,I
-4.053,-2.992,5,I,221,K
-3.733,-2.943,5,I,221,L
0.2427,0.2914,4,I,221,M
-3.786,-2.952,2,I,221,N
-3.309,-2.852,4,I,221,P
-4.051,-2.992,4,I,221,Q
-4.132,-3.002,6,I,221,R
-4.256,-3.016,8,I,221,S
-4.375,-3.028,4,I,221,T
-1.05,-1.324,8,I,221,V
-3.722,-2.941,6,I,221,W
-5.305,-3.087,7,I,221,Y
-6.522,-3.114,20,E,222,*
-1.232,-1.531,7,E,222,A
-0.4212,-0.5366,7,E,222,C
-2.064,-2.285,5,E,222,D
0,0,,E,222,E
-0.7525,-0.9612,5,E,222,F
-2.938,-2.739,6,E,222,G
-2.549,-2.574,7,E,222,H
-1.362,-1.671,5,E,222,I
-4.052,-2.992,15,E,222,K
-0.8924,-1.135,4,E,222,L
-0.1316,-0.1648,2,E,222,M
-2.431,-2.513,5,E,222,N
-4.073,-2.995,6,E,222,P
-1.381,-1.691,1,E,222,Q
-3.831,-2.96,3,E,222,R
-2.58,-2.589,2,E,222,S
-3.651,-2.928,2,E,222,T
-1.359,-1.668,6,E,222,V
-0.9729,-1.233,3,E,222,W
-0.657,-0.8402,4,E,222,Y
-3.863,-2.965,4,F,223,A
-2.821,-2.694,3,F,223,C
-2.402,-2.497,6,F,223,D
-3.109,-2.795,4,F,223,E
0,0,,F,223,F
-4.08,-2.995,2,F,223,G
-2.396,-2.494,8,F,223,H
-3.625,-2.923,3,F,223,I
-2.135,-2.334,8,F,223,K
-0.7374,-0.9422,5,F,223,L
-1.879,-2.148,7,F,223,M
-4.072,-2.994,5,F,223,N
-3.547,-2.908,4,F,223,P
-1.871,-2.141,4,F,223,Q
-3.167,-2.813,5,F,223,R
-2.556,-2.578,11,F,223,S
-3.691,-2.936,4,F,223,T
-4.179,-3.007,9,F,223,V
-1.13,-1.417,4,F,223,W
-2.951,-2.743,8,F,223,Y
-3.38,-2.87,4,Q,224,*
-1.637,-1.94,2,Q,224,A
-2.405,-2.499,4,Q,224,C
-3.45,-2.887,5,Q,224,D
-2.292,-2.434,7,Q,224,E
-3.621,-2.922,1,Q,224,F
-2.096,-2.308,4,Q,224,G
-2.525,-2.562,10,Q,224,H
-2.196,-2.375,4,Q,224,I
-3.008,-2.763,7,Q,224,K
-2.784,-2.679,3,Q,224,L
1.779,1.532,4,Q,224,M
-2.222,-2.391,1,Q,224,N
-1.898,-2.162,9,Q,224,P
0,0,,Q,224,Q
-4.788,-3.061,9,Q,224,R
-0.137,-0.1716,3,Q,224,S
-0.6399,-0.8184,5,Q,224,T
-1.82,-2.099,2,Q,224,V
-0.4335,-0.5525,2,Q,224,W
-0.4862,-0.6207,2,Q,224,Y
-3.103,-2.793,10,Q,225,*
-0.518,-0.6617,2,Q,225,A
-2.943,-2.74,1,Q,225,C
-2.267,-2.419,6,Q,225,D
-0.6545,-0.837,6,Q,225,E
0.2622,0.314,4,Q,225,F
-3.685,-2.935,3,Q,225,G
-0.9289,-1.18,22,Q,225,H
-0.7259,-0.9277,4,Q,225,I
-4.463,-3.036,15,Q,225,K
0.4575,0.5312,6,Q,225,L
0.9409,0.994,4,Q,225,M
-0.1527,-0.1915,1,Q,225,N
-3.621,-2.922,1,Q,225,P
0,0,,Q,225,Q
-3.719,-2.941,9,Q,225,R
-0.6875,-0.879,4,Q,225,S
-2.485,-2.542,6,Q,225,T
-0.7619,-0.9731,3,Q,225,V
-0.06737,-0.08389,4,Q,225,W
1.139,1.15,7,Q,225,Y
-0.6923,-0.8851,2,K,226,A
0.6614,0.7402,7,K,226,C
-4.601,-3.047,5,K,226,D
0.2577,0.3087,5,K,226,E
-0.06256,-0.07786,8,K,226,F
-3.658,-2.93,5,K,226,G
-1.107,-1.39,1,K,226,H
-0.2188,-0.2758,7,K,226,I
0,0,,K,226,K
0.08539,0.1046,3,K,226,L
-0.5125,-0.6546,6,K,226,M
0.8495,0.9152,12,K,226,N
-1.59,-1.897,1,K,226,P
-2.186,-2.368,1,K,226,Q
0.2886,0.3443,8,K,226,R
-1.072,-1.35,3,K,226,S
0.7667,0.8404,7,K,226,T
-0.05449,-0.06776,5,K,226,V
0.61,0.6894,3,K,226,W
-1.18,-1.473,4,K,226,Y
-3.783,-2.952,2,N,227,A
-3.624,-2.923,1,N,227,C
-6.915,-3.118,8,N,227,D
-2.434,-2.515,6,N,227,E
-3.039,-2.773,6,N,227,F
-1.341,-1.649,6,N,227,G
-4.109,-2.999,4,N,227,H
-3.831,-2.96,4,N,227,I
-2.472,-2.535,5,N,227,K
-1.098,-1.38,1,N,227,L
-3.809,-2.956,5,N,227,M
0,0,,N,227,N
-2.405,-2.499,3,N,227,P
-3.629,-2.924,4,N,227,Q
-3.539,-2.906,3,N,227,R
-3.771,-2.95,7,N,227,S
-2.261,-2.415,1,N,227,T
-3.83,-2.96,2,N,227,V
-2.934,-2.737,5,N,227,W
-1.769,-2.057,6,N,227,Y
-1.091,-1.372,2,N,228,A
-1.108,-1.392,2,N,228,C
0.4266,0.498,6,N,228,D
2.567,1.799,2,N,228,E
-1.173,-1.466,4,N,228,F
-0.8961,-1.14,6,N,228,G
0.6606,0.7394,6,N,228,H
-2.481,-2.54,6,N,228,I
-3.902,-2.971,9,N,228,K
-2.496,-2.547,3,N,228,L
0.6897,0.7676,2,N,228,M
0,0,,N,228,N
-2.562,-2.581,3,N,228,P
-0.7645,-0.9763,7,N,228,Q
-0.3787,-0.4817,3,N,228,R
1.141,1.152,7,N,228,S
0.8411,0.9078,5,N,228,T
0.8822,0.9439,1,N,228,V
0.8123,0.8821,6,N,228,W
-0.6761,-0.8646,7,N,228,Y
-1.985,-2.228,6,R,229,A
-2.132,-2.332,2,R,229,C
-3.765,-2.949,2,R,229,D
-2.206,-2.381,7,R,229,E
-3.483,-2.894,1,R,229,F
-3.562,-2.911,12,R,229,G
-1.697,-1.995,4,R,229,H
-7.4,-3.121,5,R,229,I
-2.764,-2.671,19,R,229,K
-2.076,-2.294,4,R,229,L
-3.902,-2.971,16,R,229,M
-2.747,-2.664,5,R,229,N
-3.087,-2.788,8,R,229,P
-1.771,-2.059,4,R,229,Q
0,0,,R,229,R
-6.888,-3.118,20,R,229,S
-1.866,-2.137,3,R,229,T
-2.424,-2.509,4,R,229,V
-3.721,-2.941,3,R,229,W
-2.797,-2.685,3,R,229,Y
-1.585,-1.893,4,L,230,A
-3.819,-2.958,3,L,230,C
-2.361,-2.474,4,L,230,D
-4.129,-3.001,4,L,230,E
3.13,1.903,9,L,230,F
-2.624,-2.61,4,L,230,G
-3.206,-2.824,6,L,230,H
0.02069,0.02554,1,L,230,I
-3.689,-2.935,3,L,230,K
0,0,,L,230,L
-1.275,-1.579,18,L,230,M
-0.7106,-0.9083,3,L,230,N
-1.746,-2.038,6,L,230,P
-2.883,-2.718,9,L,230,Q
-2.665,-2.629,3,L,230,R
-2.593,-2.595,8,L,230,S
-2.641,-2.618,9,L,230,T
-2.525,-2.562,3,L,230,V
-1.44,-1.752,6,L,230,W
-2.667,-2.629,2,L,230,Y
-3.971,-2.981,7,L,231,A
-1.537,-1.847,4,L,231,C
-4.101,-2.998,4,L,231,D
-4.031,-2.989,3,L,231,E
-3.21,-2.825,8,L,231,F
-2.958,-2.745,6,L,231,H
-1.241,-1.542,7,L,231,I
-3.484,-2.894,7,L,231,K
0,0,,L,231,L
-3.44,-2.884,15,L,231,M
-4.056,-2.992,3,L,231,N
-3.862,-2.965,14,L,231,P
-2.624,-2.61,4,L,231,Q
-3.623,-2.923,5,L,231,R
-3.111,-2.796,2,L,231,T
-4.34,-3.025,6,L,231,V
-4.557,-3.044,6,L,231,W
-3.464,-2.89,3,L,231,Y
-5.057,-3.076,12,E,232,*
-0.6337,-0.8104,3,E,232,A
-3.966,-2.98,6,E,232,C
-0.615,-0.7865,6,E,232,D
0,0,,E,232,E
-2.567,-2.583,8,E,232,F
-4.955,-3.07,10,E,232,G
-1.443,-1.755,5,E,232,H
-3.738,-2.944,3,E,232,I
-4.896,-3.067,14,E,232,K
-2.636,-2.615,4,E,232,L
-0.303,-0.384,3,E,232,M
-3.607,-2.92,3,E,232,N
-3.37,-2.868,3,E,232,P
-1.458,-1.77,10,E,232,Q
-3.877,-2.967,2,E,232,R
-3.332,-2.858,5,E,232,S
-3.092,-2.79,6,E,232,T
-4.378,-3.028,4,E,232,V
-1.522,-1.833,4,E,232,W
-1.688,-1.987,5,E,232,Y
-2.887,-2.72,5,I,233,A
-3.899,-2.97,4,I,233,C
-3.173,-2.815,3,I,233,D
-3.606,-2.92,6,I,233,E
-5.265,-3.085,6,I,233,F
-3.123,-2.8,6,I,233,G
-1.903,-2.166,6,I,233,H
0,0,,I,233,I
-2.802,-2.687,4,I,233,K
-0.219,-0.2761,4,I,233,L
-4.839,-3.064,1,I,233,M
-2.955,-2.744,3,I,233,N
-2.867,-2.712,3,I,233,P
-2.388,-2.49,7,I,233,Q
-2.522,-2.561,8,I,233,R
-3.067,-2.782,5,I,233,S
-2.803,-2.687,9,I,233,T
0.4143,0.4846,7,I,233,V
-3.735,-2.944,2,I,233,W
-3.672,-2.932,4,I,233,Y
2.419,1.762,2,T,234,A
-1.537,-1.847,5,T,234,C
-2.677,-2.634,2,T,234,D
-1.922,-2.181,5,T,234,E
-3.395,-2.873,7,T,234,F
-1.333,-1.641,4,T,234,G
0.008032,0.009926,8,T,234,H
-4.695,-3.054,10,T,234,I
-3.631,-2.925,2,T,234,K
-2.566,-2.582,2,T,234,L
-2.865,-2.712,5,T,234,M
0.454,0.5275,6,T,234,N
-3.888,-2.969,3,T,234,P
-4.979,-3.072,2,T,234,Q
-4.557,-3.044,6,T,234,R
-0.1849,-0.2326,5,T,234,S
0,0,,T,234,T
-4.069,-2.994,5,T,234,V
-0.4916,-0.6276,5,T,234,W
-1.017,-1.285,5,T,234,Y
-3.039,-2.773,1,R,235,A
-2.816,-2.693,10,R,235,C
-1.161,-1.452,2,R,235,D
-0.7707,-0.9841,3,R,235,E
-2.016,-2.252,5,R,235,F
-0.6855,-0.8765,5,R,235,G
0.1194,0.1457,14,R,235,H
-1.794,-2.078,2,R,235,I
0.0186,0.02296,7,R,235,K
-0.1216,-0.1522,15,R,235,L
-5.699,-3.099,5,R,235,N
-3.102,-2.793,6,R,235,P
0.7912,0.8628,7,R,235,Q
0,0,,R,235,R
-4.579,-3.046,28,R,235,S
0.1853,0.2242,5,R,235,T
-2.042,-2.27,11,R,235,V
-0.7809,-0.9969,6,R,235,W
-1.064,-1.34,5,R,235,Y
-3.832,-2.96,15,E,236,*
-4.114,-3,5,E,236,A
-3.844,-2.962,5,E,236,C
-3.759,-2.948,10,E,236,D
0,0,,E,236,E
-4.009,-2.986,4,E,236,F
-4.249,-3.015,3,E,236,G
-2.811,-2.691,2,E,236,H
-3.031,-2.771,5,E,236,I
-3.475,-2.892,15,E,236,K
-3.478,-2.893,3,E,236,L
-3.254,-2.837,3,E,236,M
-2.147,-2.343,6,E,236,N
-3.318,-2.855,5,E,236,P
-0.9769,-1.237,2,E,236,Q
-4.261,-3.016,7,E,236,R
-4.09,-2.997,4,E,236,T
-2.463,-2.53,5,E,236,V
-3.602,-2.919,7,E,236,W
-1.649,-1.952,1,E,236,Y
-3.635,-2.925,3,F,237,A
-2.356,-2.471,5,F,237,C
-4.879,-3.066,8,F,237,D
-3.13,-2.802,8,F,237,E
0,0,,F,237,F
-2.404,-2.498,5,F,237,G
-3.538,-2.906,4,F,237,H
-3.898,-2.97,7,F,237,I
-3.598,-2.918,4,F,237,K
-4.625,-3.049,13,F,237,L
-4.293,-3.02,8,F,237,M
-3.816,-2.957,8,F,237,N
-0.9909,-1.254,1,F,237,P
-3.817,-2.957,5,F,237,Q
-3.838,-2.961,6,F,237,R
-4.27,-3.017,4,F,237,S
-2.987,-2.756,4,F,237,T
-2.804,-2.688,5,F,237,V
-3.902,-2.971,5,F,237,W
-1.697,-1.995,4,F,237,Y
1.564,1.423,3,S,238,A
-0.4387,-0.5593,3,S,238,C
-1.972,-2.219,2,S,238,D
-4.097,-2.997,3,S,238,E
-4.059,-2.993,3,S,238,F
-0.8108,-1.034,2,S,238,G
-3.513,-2.9,5,S,238,H
-5.232,-3.084,15,S,238,I
-4.247,-3.015,3,S,238,K
-0.6852,-0.8761,4,S,238,L
-3.644,-2.927,3,S,238,M
0.8158,0.8851,8,S,238,N
-2.196,-2.375,4,S,238,P
0.8621,0.9264,1,S,238,Q
-3.988,-2.983,12,S,238,R
0,0,,S,238,S
-3.468,-2.891,3,S,238,T
-3.67,-2.932,2,S,238,V
-4.319,-3.022,3,S,238,W
-4.261,-3.016,3,S,238,Y
-0.2816,-0.3564,1,V,239,A
-0.01957,-0.02425,6,V,239,C
-2.584,-2.591,8,V,239,D
-0.9264,-1.176,1,V,239,E
0.1126,0.1375,6,V,239,F
-1.438,-1.749,4,V,239,G
-1.29,-1.595,1,V,239,H
-0.3948,-0.5025,19,V,239,I
-2.191,-2.372,9,V,239,K
-0.5681,-0.7262,3,V,239,L
-0.1513,-0.1897,5,V,239,M
-2.065,-2.287,4,V,239,N
-3.617,-2.922,1,V,239,P
-1.235,-1.535,3,V,239,Q
-1.128,-1.415,3,V,239,R
-0.3879,-0.4936,3,V,239,S
-0.5137,-0.6561,3,V,239,T
0,0,,V,239,V
-1.979,-2.225,4,V,239,W
-2.051,-2.277,4,V,239,Y
1.952,1.607,5,N,240,A
0.4912,0.5672,5,N,240,C
1.057,1.088,5,N,240,D
2.575,1.801,3,N,240,E
-0.2654,-0.3355,4,N,240,F
0.1969,0.2378,3,N,240,G
1.254,1.233,2,N,240,H
-2.602,-2.6,3,N,240,I
1.217,1.206,4,N,240,K
-1.873,-2.143,4,N,240,L
3.97,1.984,1,N,240,M
0,0,,N,240,N
-3.588,-2.916,4,N,240,P
1.247,1.228,2,N,240,Q
0.3854,0.4529,5,N,240,R
3.444,1.941,2,N,240,S
3.187,1.911,5,N,240,T
-1.991,-2.233,11,N,240,V
-0.265,-0.335,4,N,240,W
1.113,1.131,4,N,240,Y
0,0,,A,241,A
0.02508,0.03094,3,A,241,C
-1.936,-2.192,14,A,241,D
-1.879,-2.148,2,A,241,E
-4.266,-3.017,4,A,241,F
-2.019,-2.254,7,A,241,G
-3.625,-2.923,3,A,241,H
0.2516,0.3017,4,A,241,I
-3.994,-2.984,6,A,241,K
-0.8175,-1.043,3,A,241,L
-2.148,-2.343,5,A,241,M
-3.63,-2.924,1,A,241,P
-4.46,-3.036,7,A,241,Q
-4.434,-3.033,5,A,241,R
-1.783,-2.069,21,A,241,S
-0.7363,-0.9408,17,A,241,T
2.298,1.728,13,A,241,V
-3.16,-2.811,5,A,241,W
-4.049,-2.991,3,A,241,Y
-0.07263,-0.09048,4,G,242,A
-4.547,-3.043,22,G,242,C
-6.13,-3.108,19,G,242,D
-3.967,-2.98,3,G,242,E
-3.823,-2.958,3,G,242,F
0,0,,G,242,G
-1.324,-1.631,3,G,242,H
-2.388,-2.489,5,G,242,I
-4.011,-2.986,2,G,242,K
-3.617,-2.922,1,G,242,L
-4.292,-3.02,8,G,242,M
-2.536,-2.568,9,G,242,N
-12.81,-3.126,2,G,242,P
-3.261,-2.839,6,G,242,Q
-4.667,-3.052,8,G,242,R
-5.097,-3.078,15,G,242,S
-2.611,-2.604,14,G,242,V
-3.632,-2.925,2,G,242,W
-3.989,-2.983,5,G,242,Y
-1.234,-1.534,4,V,243,A
-0.1512,-0.1897,1,V,243,C
-1.439,-1.75,11,V,243,D
-2.896,-2.723,8,V,243,E
0.1632,0.198,1,V,243,F
-3.987,-2.983,4,V,243,G
-0.5654,-0.7227,5,V,243,H
-2.119,-2.324,2,V,243,I
-2.327,-2.455,8,V,243,K
-7.625,-3.122,21,V,243,L
-2.66,-2.626,30,V,243,M
-3.071,-2.784,4,V,243,N
-1.68,-1.979,1,V,243,P
-3.417,-2.879,7,V,243,Q
-2.656,-2.625,8,V,243,R
-2.875,-2.715,7,V,243,S
-0.5692,-0.7276,3,V,243,T
0,0,,V,243,V
0.3215,0.3816,4,V,243,W
-0.7299,-0.9328,2,V,243,Y
1.348,1.295,7,T,244,A
0.9206,0.9769,10,T,244,C
-4.13,-3.002,10,T,244,D
2.513,1.786,7,T,244,E
-3.345,-2.861,10,T,244,F
-0.1788,-0.2247,6,T,244,G
-0.5847,-0.7476,1,T,244,H
0.12,0.1464,23,T,244,I
-1.088,-1.369,8,T,244,K
-1.625,-1.93,7,T,244,L
-0.1899,-0.2388,6,T,244,M
-1.695,-1.993,25,T,244,N
-4.661,-3.052,20,T,244,P
0.9121,0.9696,2,T,244,Q
-3.534,-2.905,8,T,244,R
0.7824,0.8548,12,T,244,S
0,0,,T,244,T
-0.735,-0.9391,3,T,244,V
-3.101,-2.793,4,T,244,W
-2.657,-2.625,5,T,244,Y
0.08285,0.1015,6,T,245,C
-3.2,-2.823,5,T,245,D
-3.687,-2.935,4,T,245,E
-1.12,-1.406,9,T,245,F
0.9978,1.041,2,T,245,G
0.1632,0.198,7,T,245,H
0.05142,0.06324,18,T,245,I
-1.46,-1.772,4,T,245,K
-1.489,-1.8,2,T,245,L
0.435,0.5071,1,T,245,M
0.7728,0.846,7,T,245,N
-4.511,-3.04,5,T,245,P
0.2884,0.344,3,T,245,Q
-0.01782,-0.02208,1,T,245,R
0.7899,0.8616,4,T,245,S
0,0,,T,245,T
-0.8471,-1.079,2,T,245,V
-0.477,-0.6087,5,T,245,W
-0.9662,-1.225,7,T,245,Y
-3.302,-2.85,3,P,246,A
-3.901,-2.971,5,P,246,C
-3.5,-2.897,5,P,246,D
-4.057,-2.992,3,P,246,E
-4.241,-3.014,6,P,246,F
-0.6569,-0.8401,2,P,246,G
-0.1953,-0.2458,19,P,246,H
-3.124,-2.8,6,P,246,I
-2.295,-2.436,5,P,246,K
-4.999,-3.073,10,P,246,L
-1.508,-1.819,11,P,246,M
-4.244,-3.015,4,P,246,N
0,0,,P,246,P
-0.6382,-0.8161,2,P,246,Q
-1.033,-1.304,5,P,246,R
-0.4756,-0.607,7,P,246,S
-2.182,-2.365,30,P,246,T
-2.748,-2.665,5,P,246,V
-4.539,-3.043,9,P,246,W
-4.641,-3.05,5,P,246,Y
-1.794,-2.078,11,V,247,A
-0.5322,-0.6801,4,V,247,C
-1.19,-1.485,2,V,247,D
-2.624,-2.61,5,V,247,E
-2.953,-2.744,4,V,247,F
-3.615,-2.921,5,V,247,G
-1.651,-1.954,5,V,247,H
-0.168,-0.211,5,V,247,I
-2.64,-2.617,4,V,247,K
-0.0863,-0.1076,5,V,247,L
0.5755,0.6545,16,V,247,M
-3.636,-2.925,4,V,247,N
-3.738,-2.944,3,V,247,P
-2.791,-2.683,3,V,247,Q
0.8311,0.8989,2,V,247,R
-4.143,-3.003,4,V,247,S
0.3349,0.3967,2,V,247,T
0,0,,V,247,V
-1.846,-2.121,3,V,247,W
-3.426,-2.881,5,V,247,Y
-3.833,-2.96,3,S,248,A
-4.167,-3.006,5,S,248,C
-3.617,-2.922,1,S,248,D
-4.836,-3.064,9,S,248,E
-3.01,-2.763,14,S,248,F
2.688,1.826,3,S,248,G
-4.916,-3.068,10,S,248,H
-3.569,-2.912,4,S,248,I
-4.418,-3.032,9,S,248,K
-4.234,-3.014,10,S,248,L
-1.677,-1.977,7,S,248,M
-3.537,-2.905,4,S,248,N
-4.193,-3.009,5,S,248,P
-4.04,-2.99,7,S,248,Q
-4.532,-3.042,7,S,248,R
0,0,,S,248,S
-3.556,-2.909,5,S,248,T
-3.561,-2.911,4,S,248,V
-1.714,-2.009,6,S,248,W
-2.327,-2.455,17,S,248,Y
-1.892,-2.158,5,T,249,A
-5.708,-3.099,5,T,249,C
-3.806,-2.956,3,T,249,D
-4.359,-3.026,6,T,249,E
-0.4585,-0.5848,3,T,249,F
-3.421,-2.88,3,T,249,G
-4.032,-2.989,4,T,249,H
-1.695,-1.993,14,T,249,I
-4.101,-2.998,4,T,249,K
0.3066,0.3647,2,T,249,L
-1.684,-1.983,4,T,249,M
-2.94,-2.739,8,T,249,N
-0.783,-0.9996,5,T,249,P
-4.445,-3.034,6,T,249,Q
-3.787,-2.953,3,T,249,R
-0.9751,-1.235,5,T,249,S
0,0,,T,249,T
-3.96,-2.979,5,T,249,V
-1.59,-1.897,6,T,249,W
-3.082,-2.787,4,T,249,Y
-3.621,-2.923,3,Y,250,*
-1.157,-1.447,3,Y,250,A
-3.501,-2.898,4,Y,250,C
-2.253,-2.41,4,Y,250,D
-3.892,-2.969,5,Y,250,E
0.05723,0.07035,5,Y,250,F
-3.422,-2.88,3,Y,250,G
-1.212,-1.509,6,Y,250,H
-1.522,-1.833,4,Y,250,I
-2.332,-2.457,4,Y,250,K
-1.147,-1.437,1,Y,250,L
0.7858,0.858,4,Y,250,M
-0.5657,-0.7231,7,Y,250,N
-4.232,-3.013,4,Y,250,P
-0.3447,-0.4377,4,Y,250,Q
-3.066,-2.782,7,Y,250,R
-1.803,-2.086,3,Y,250,S
-3.466,-2.89,5,Y,250,T
-2.544,-2.572,3,Y,250,V
-2.474,-2.536,11,Y,250,W
0,0,,Y,250,Y
-2.049,-2.275,8,M,251,A
-3.037,-2.772,9,M,251,C
-2.29,-2.433,5,M,251,D
-3.586,-2.915,6,M,251,E
-3.661,-2.93,6,M,251,F
-4.052,-2.992,4,M,251,G
-2.081,-2.297,5,M,251,H
0.2601,0.3115,23,M,251,I
-3.066,-2.782,9,M,251,K
-0.5968,-0.7632,6,M,251,L
0,0,,M,251,M
-3.29,-2.847,2,M,251,N
-2.161,-2.352,5,M,251,P
-0.5334,-0.6816,2,M,251,Q
-2.836,-2.7,3,M,251,R
-3.618,-2.922,1,M,251,S
-3.991,-2.984,5,M,251,T
-1.139,-1.428,2,M,251,V
-2.762,-2.67,1,M,251,W
-2.436,-2.516,5,M,251,Y
-1.881,-2.149,5,L,252,A
0.06514,0.08,6,L,252,C
-2.936,-2.738,5,L,252,D
-3.689,-2.935,3,L,252,E
-4.097,-2.998,4,L,252,F
-3.509,-2.9,9,L,252,G
-3.804,-2.955,4,L,252,H
-0.379,-0.482,4,L,252,I
-2.169,-2.357,5,L,252,K
0,0,,L,252,L
0.1924,0.2326,15,L,252,M
-2.78,-2.678,8,L,252,N
-4.403,-3.031,9,L,252,P
-3.431,-2.882,5,L,252,Q
-5.202,-3.082,8,L,252,R
-4.125,-3.001,3,L,252,S
-3.115,-2.797,7,L,252,T
0.7514,0.8261,5,L,252,V
-2.821,-2.694,4,L,252,W
-5.685,-3.099,6,L,252,Y
-1.288,-1.593,2,T,253,A
-3.92,-2.973,8,T,253,C
-0.3048,-0.3863,4,T,253,D
-1.423,-1.734,5,T,253,E
-4.008,-2.986,4,T,253,F
-0.009387,-0.01162,2,T,253,G
1.225,1.212,4,T,253,H
-3.737,-2.944,10,T,253,I
-1.366,-1.675,7,T,253,K
-3.768,-2.949,2,T,253,L
0.6297,0.7091,2,T,253,M
-2.052,-2.277,12,T,253,N
-3.475,-2.892,5,T,253,P
0.6464,0.7256,5,T,253,Q
-0.7302,-0.9332,4,T,253,R
0.4264,0.4978,4,T,253,S
0,0,,T,253,T
-3.278,-2.844,8,T,253,V
-3.847,-2.962,8,T,253,W
-2.276,-2.425,5,T,253,Y
-0.3463,-0.4398,6,N,254,A
-3.995,-2.984,8,N,254,C
-4.484,-3.038,4,N,254,D
-4.607,-3.048,6,N,254,E
-2.236,-2.4,7,N,254,F
-0.4449,-0.5672,7,N,254,G
0.1908,0.2307,4,N,254,H
-4.338,-3.024,5,N,254,I
-4.73,-3.057,6,N,254,K
-4.07,-2.994,3,N,254,L
-2.492,-2.546,5,N,254,M
0,0,,N,254,N
-4.771,-3.059,7,N,254,P
-0.4977,-0.6355,2,N,254,Q
-4.251,-3.015,4,N,254,R
-0.4588,-0.5852,2,N,254,S
-4.418,-3.032,5,N,254,T
-4.335,-3.024,6,N,254,V
-3.094,-2.791,5,N,254,W
-0.8734,-1.112,3,N,254,Y
0.8101,0.88,4,S,255,A
0.1527,0.1856,2,S,255,C
-0.2556,-0.323,7,S,255,D
-0.6521,-0.834,7,S,255,E
0.2332,0.2804,3,S,255,F
0.7116,0.7887,9,S,255,G
1.653,1.47,3,S,255,H
0.697,0.7747,11,S,255,I
-0.283,-0.3582,3,S,255,K
0.9616,1.011,4,S,255,L
-1.319,-1.626,2,S,255,M
1.023,1.061,12,S,255,N
-4.249,-3.015,3,S,255,P
1.188,1.186,1,S,255,Q
0.1439,0.175,8,S,255,R
0,0,,S,255,S
0.8762,0.9387,4,S,255,T
1.503,1.389,4,S,255,V
0.8762,0.9387,4,S,255,W
0.1902,0.23,4,S,255,Y
-2.804,-2.688,19,E,256,*
-2.385,-2.488,2,E,256,A
-3.78,-2.951,3,E,256,C
-3.639,-2.926,8,E,256,D
0,0,,E,256,E
-2.865,-2.711,9,E,256,F
-2.547,-2.573,6,E,256,G
-3.62,-2.922,2,E,256,H
-3.978,-2.982,4,E,256,I
-1.988,-2.231,20,E,256,K
-2.61,-2.604,2,E,256,L
-1.5,-1.811,5,E,256,M
-4.193,-3.009,4,E,256,N
-3.507,-2.899,5,E,256,P
-4.039,-2.99,5,E,256,Q
-2.016,-2.251,5,E,256,R
-2.955,-2.744,5,E,256,S
-3.898,-2.97,3,E,256,T
-3.565,-2.911,10,E,256,V
-2.296,-2.436,3,E,256,W
-4.349,-3.025,4,E,256,Y
-2.237,-2.4,7,L,257,A
-3.578,-2.914,5,L,257,C
-1.883,-2.151,4,L,257,D
-4.047,-2.991,7,L,257,E
-0.5861,-0.7494,4,L,257,F
-4.289,-3.019,7,L,257,G
-4.059,-2.993,6,L,257,H
-0.03713,-0.0461,4,L,257,I
-3.163,-2.812,3,L,257,K
0,0,,L,257,L
0.7365,0.8122,9,L,257,M
-5.001,-3.073,3,L,257,N
0.58,0.6592,1,L,257,P
-4.268,-3.017,7,L,257,Q
-5.616,-3.097,12,L,257,R
-3.369,-2.867,5,L,257,T
4.092,1.991,1,L,257,V
-3.623,-2.923,2,L,257,W
-0.1428,-0.1789,9,L,257,Y
-0.9669,-1.225,6,L,258,A
-1.529,-1.839,4,L,258,C
-2.287,-2.431,4,L,258,D
-1.211,-1.508,4,L,258,E
-0.7653,-0.9773,12,L,258,F
-1.33,-1.638,4,L,258,G
-1.18,-1.473,5,L,258,H
0.1587,0.1927,3,L,258,K
0,0,,L,258,L
0.3061,0.3641,6,L,258,M
0.04923,0.06056,4,L,258,N
-4.115,-3,5,L,258,P
1.08,1.105,2,L,258,Q
-1.807,-2.089,5,L,258,R
-1.425,-1.737,7,L,258,S
-0.9557,-1.212,3,L,258,T
-0.216,-0.2723,2,L,258,V
-0.6342,-0.8111,5,L,258,W
-0.07685,-0.09577,4,L,258,Y
1.183,1.183,4,S,259,A
-0.3215,-0.4079,4,S,259,C
1.246,1.227,4,S,259,D
-0.8193,-1.045,5,S,259,E
-0.9288,-1.179,5,S,259,F
0.004332,0.005356,6,S,259,G
-0.1724,-0.2167,6,S,259,H
-0.7302,-0.9331,8,S,259,I
-0.367,-0.4666,9,S,259,K
0.5018,0.5783,2,S,259,L
2.119,1.67,5,S,259,M
-0.2173,-0.2739,13,S,259,N
-4.175,-3.007,7,S,259,P
-0.5208,-0.6654,2,S,259,Q
-1.198,-1.494,2,S,259,R
0,0,,S,259,S
-0.05392,-0.06705,2,S,259,T
0.1907,0.2306,1,S,259,V
-1.146,-1.435,5,S,259,W
1.002,1.044,6,S,259,Y
0.3403,0.4027,2,L,260,A
-0.9692,-1.228,4,L,260,C
-3.493,-2.896,4,L,260,D
-1.198,-1.493,4,L,260,E
0.5335,0.6114,2,L,260,F
-3.506,-2.899,5,L,260,G
-2.606,-2.602,2,L,260,H
0,0,,L,260,L
2.165,1.685,1,L,260,M
-2.026,-2.259,10,L,260,P
-0.2776,-0.3512,7,L,260,Q
-0.5856,-0.7488,1,L,260,S
-0.7145,-0.9132,3,L,260,T
-0.5227,-0.6678,1,L,260,V
-4.329,-3.023,5,L,260,W
-2.436,-2.516,4,L,260,Y
-3.96,-2.979,2,I,261,A
-4.387,-3.029,6,I,261,C
-0.3195,-0.4053,1,I,261,D
-2.124,-2.327,2,I,261,E
-1.403,-1.714,6,I,261,F
-3.02,-2.767,6,I,261,G
-4.331,-3.024,7,I,261,H
0,0,,I,261,I
-3.988,-2.983,5,I,261,K
-0.3922,-0.4992,5,I,261,L
-0.8989,-1.143,6,I,261,M
-3.224,-2.829,6,I,261,N
-1.745,-2.036,5,I,261,P
-4.348,-3.025,3,I,261,Q
-2.579,-2.589,4,I,261,R
-4.419,-3.032,9,I,261,S
-3.908,-2.972,5,I,261,T
1.489,1.381,6,I,261,V
-4.05,-2.992,2,I,261,W
-4.604,-3.048,6,I,261,Y
0.2192,0.2641,4,N,262,A
-0.3874,-0.4929,3,N,262,C
-2.639,-2.617,5,N,262,D
-0.9388,-1.192,10,N,262,E
-1.544,-1.854,5,N,262,F
0.2871,0.3425,3,N,262,G
0.1191,0.1453,4,N,262,H
0.05329,0.06554,7,N,262,I
2.475,1.777,2,N,262,K
-0.08461,-0.1055,5,N,262,L
0.767,0.8407,6,N,262,M
0,0,,N,262,N
-3.842,-2.961,5,N,262,P
0.3692,0.435,4,N,262,Q
0.7692,0.8427,4,N,262,R
0.2468,0.2961,3,N,262,S
-2.048,-2.274,5,N,262,T
0.3199,0.3798,6,N,262,V
-1.024,-1.293,3,N,262,W
-0.9236,-1.173,2,N,262,Y
-0.4286,-0.5462,2,D,263,A
-2.161,-2.351,3,D,263,C
0,0,,D,263,D
-0.5269,-0.6732,6,D,263,E
0.9485,1,5,D,263,F
-1.385,-1.695,5,D,263,G
-0.7295,-0.9322,5,D,263,H
-1.124,-1.41,3,D,263,I
-4.308,-3.021,4,D,263,K
-1.321,-1.628,10,D,263,L
-0.8498,-1.083,2,D,263,M
-1.362,-1.671,25,D,263,N
-2.971,-2.75,6,D,263,P
0.1326,0.1615,7,D,263,Q
-2.889,-2.721,6,D,263,R
-2.116,-2.322,4,D,263,S
-0.3385,-0.4298,3,D,263,T
1.184,1.183,4,D,263,V
-1.14,-1.429,4,D,263,W
2.172,1.688,5,D,263,Y
-2.93,-2.736,7,M,264,C
-2.456,-2.527,4,M,264,D
-6.291,-3.111,6,M,264,E
0.1671,0.2026,4,M,264,F
-5.11,-3.078,4,M,264,G
-2.881,-2.718,7,M,264,H
-0.5554,-0.7099,29,M,264,I
-4.163,-3.006,7,M,264,K
-0.9959,-1.26,4,M,264,L
0,0,,M,264,M
-7.109,-3.119,5,M,264,N
-3.388,-2.872,2,M,264,P
-3.661,-2.93,4,M,264,Q
-1.631,-1.936,5,M,264,R
-4.538,-3.042,5,M,264,S
-1.727,-2.021,3,M,264,T
-2.018,-2.253,6,M,264,V
-3.466,-2.89,8,M,264,W
-4.301,-3.021,6,M,264,Y
-0.2616,-0.3307,5,P,265,A
-3.094,-2.791,6,P,265,C
-4.011,-2.986,2,P,265,D
-4.309,-3.021,3,P,265,E
-3.631,-2.925,4,P,265,F
-1.091,-1.372,1,P,265,G
-1.368,-1.678,12,P,265,H
-1.202,-1.499,2,P,265,I
-3.589,-2.916,4,P,265,K
-2.604,-2.601,6,P,265,L
-3.565,-2.911,1,P,265,M
-3.642,-2.927,2,P,265,N
0,0,,P,265,P
-0.5582,-0.7135,2,P,265,Q
-1.5,-1.811,8,P,265,R
-0.8631,-1.099,19,P,265,S
-1.555,-1.865,15,P,265,T
-1.458,-1.769,2,P,265,V
-3.417,-2.879,5,P,265,W
-4.634,-3.05,4,P,265,Y
-0.08258,-0.103,7,I,266,A
0.5322,0.61,1,I,266,C
-4.012,-2.986,3,I,266,D
-2.55,-2.574,4,I,266,E
-3.592,-2.917,2,I,266,F
-0.8221,-1.048,3,I,266,G
-4.079,-2.995,3,I,266,H
0,0,,I,266,I
-1.615,-1.921,5,I,266,K
0.02222,0.02742,3,I,266,L
0.2256,0.2715,5,I,266,M
-1.958,-2.209,12,I,266,N
-4.116,-3,5,I,266,P
-2.232,-2.397,6,I,266,Q
-4.717,-3.056,7,I,266,R
-0.2294,-0.2894,4,I,266,S
-0.1682,-0.2112,11,I,266,T
-0.1152,-0.144,6,I,266,V
-4.514,-3.04,4,I,266,W
-3.924,-2.974,2,I,266,Y
-7.43,-3.121,1,T,267,*
-3.55,-2.908,2,T,267,A
-4.251,-3.015,5,T,267,C
-4.011,-2.986,2,T,267,D
-4.454,-3.035,7,T,267,E
-2.602,-2.599,4,T,267,F
-1.331,-1.639,1,T,267,G
-4.617,-3.049,6,T,267,H
-3.302,-2.85,10,T,267,I
-3.987,-2.983,3,T,267,K
-4.202,-3.01,5,T,267,L
-4.265,-3.017,6,T,267,M
-4.326,-3.023,12,T,267,N
-4.134,-3.002,6,T,267,P
-4.245,-3.015,5,T,267,Q
0.7517,0.8264,2,T,267,R
-3.765,-2.949,3,T,267,S
0,0,,T,267,T
-4.105,-2.998,8,T,267,V
-0.142,-0.1779,3,T,267,W
0.9095,0.9674,6,T,267,Y
-3.502,-2.898,4,N,268,A
-2.925,-2.734,4,N,268,C
-2.236,-2.4,7,N,268,E
-0.6475,-0.828,5,N,268,F
-5.596,-3.096,10,N,268,G
-1.059,-1.335,4,N,268,H
-0.9314,-1.183,5,N,268,I
-4.865,-3.065,10,N,268,K
0.2762,0.33,8,N,268,L
0.2657,0.3179,2,N,268,M
0,0,,N,268,N
-1.071,-1.349,2,N,268,P
-0.3055,-0.3872,5,N,268,Q
-3.798,-2.954,7,N,268,R
-3.88,-2.967,8,N,268,S
-2.703,-2.645,3,N,268,T
-0.7245,-0.9259,2,N,268,V
-0.5432,-0.6943,4,N,268,W
-0.9715,-1.231,5,N,268,Y
-2.637,-2.616,5,D,269,A
-1.408,-1.719,5,D,269,C
0,0,,D,269,D
-1.703,-2,8,D,269,E
-4.754,-3.058,4,D,269,F
-1.783,-2.069,2,D,269,G
-4.578,-3.046,10,D,269,H
-4.053,-2.992,3,D,269,I
-4.853,-3.065,7,D,269,K
-3.564,-2.911,5,D,269,L
-2.555,-2.577,5,D,269,M
-4.47,-3.037,13,D,269,N
-4.07,-2.994,3,D,269,P
-3.927,-2.975,3,D,269,Q
-4.576,-3.045,7,D,269,R
-3.779,-2.951,6,D,269,S
-0.09435,-0.1178,1,D,269,T
-4.677,-3.053,6,D,269,V
-3.343,-2.861,4,D,269,W
-5.01,-3.073,19,D,269,Y
-4.16,-3.005,10,Q,270,*
-1.256,-1.558,3,Q,270,A
-1.936,-2.192,7,Q,270,C
-4.015,-2.987,3,Q,270,D
-4.141,-3.003,4,Q,270,E
-4.369,-3.027,8,Q,270,F
-2.062,-2.284,8,Q,270,G
-4.9,-3.067,15,Q,270,H
-3.784,-2.952,6,Q,270,I
-3.535,-2.905,12,Q,270,K
-4.778,-3.06,8,Q,270,L
-2.562,-2.581,3,Q,270,M
-2.024,-2.257,2,Q,270,N
-3.533,-2.905,2,Q,270,P
0,0,,Q,270,Q
-4.509,-3.04,7,Q,270,R
-4.208,-3.011,4,Q,270,S
0.137,0.1668,2,Q,270,V
-3.81,-2.956,7,Q,270,W
-4.234,-3.014,3,Q,270,Y
-1.463,-1.774,4,K,271,A
-4.462,-3.036,8,K,271,C
-3.548,-2.908,4,K,271,D
-3.885,-2.968,7,K,271,E
-2.254,-2.411,1,K,271,F
-3.915,-2.973,8,K,271,G
-3.679,-2.934,4,K,271,H
-4.171,-3.006,4,K,271,I
0,0,,K,271,K
-3.83,-2.96,3,K,271,L
-0.4077,-0.5191,4,K,271,M
-6.96,-3.118,14,K,271,N
-3.522,-2.902,5,K,271,P
-1.306,-1.612,3,K,271,Q
-0.1121,-0.1401,6,K,271,R
-3.197,-2.822,3,K,271,S
-3.874,-2.966,7,K,271,T
-4.077,-2.995,9,K,271,V
-3.677,-2.933,5,K,271,W
-4.12,-3,7,K,271,Y
-1.961,-2.21,1,K,272,*
0.731,0.807,5,K,272,A
-0.37,-0.4705,4,K,272,C
-0.5309,-0.6784,3,K,272,D
1.078,1.104,4,K,272,E
0.3241,0.3845,3,K,272,F
0.1555,0.1889,1,K,272,G
0.0637,0.07824,7,K,272,H
0.1789,0.2167,12,K,272,I
0,0,,K,272,K
0.2239,0.2695,5,K,272,L
2.577,1.802,3,K,272,M
-0.3352,-0.4255,2,K,272,N
-3.525,-2.903,3,K,272,P
0.8406,0.9073,2,K,272,Q
1.556,1.419,5,K,272,R
1.013,1.053,5,K,272,T
0.8801,0.9421,2,K,272,V
2.918,1.87,2,K,272,W
0.4093,0.4791,4,K,272,Y
-0.1716,-0.2155,1,L,273,A
-0.5827,-0.745,1,L,273,C
-5.736,-3.1,6,L,273,D
-2.145,-2.341,2,L,273,E
-4.208,-3.011,5,L,273,F
-3.652,-2.928,5,L,273,G
-1.693,-1.991,6,L,273,H
-4.308,-3.021,6,L,273,K
0,0,,L,273,L
-1.595,-1.902,12,L,273,M
-4.055,-2.992,3,L,273,N
-3.644,-2.927,3,L,273,P
-1.353,-1.662,11,L,273,Q
-3.566,-2.911,3,L,273,R
-2.501,-2.55,4,L,273,S
-0.6442,-0.8238,5,L,273,T
-1.79,-2.075,3,L,273,V
-4.072,-2.994,6,L,273,W
-2.315,-2.448,5,L,273,Y
-0.8181,-1.043,5,M,274,C
-2.765,-2.672,5,M,274,D
-3.77,-2.95,3,M,274,E
-6.077,-3.107,3,M,274,F
-4.121,-3,7,M,274,G
-1.275,-1.579,2,M,274,H
-1.486,-1.798,25,M,274,I
-3.124,-2.8,4,M,274,K
-4.75,-3.058,6,M,274,L
0,0,,M,274,M
-3.014,-2.765,4,M,274,N
-2.34,-2.462,5,M,274,P
-2.383,-2.487,4,M,274,Q
-2.805,-2.688,1,M,274,R
-3.136,-2.804,2,M,274,S
-1.322,-1.629,4,M,274,T
-1.168,-1.461,5,M,274,V
-4.074,-2.995,6,M,274,W
-3.586,-2.916,3,M,274,Y
3.982,1.984,1,S,275,A
2.976,1.88,6,S,275,C
-0.3934,-0.5007,3,S,275,D
-0.01208,-0.01496,2,S,275,E
0.5933,0.6727,1,S,275,F
-0.6317,-0.8078,12,S,275,G
-1.881,-2.149,6,S,275,H
-0.3623,-0.4605,11,S,275,I
-0.7545,-0.9637,5,S,275,K
0.1983,0.2395,2,S,275,L
2.6,1.807,2,S,275,M
-0.2254,-0.2843,13,S,275,N
-3.827,-2.959,4,S,275,P
0.8541,0.9193,5,S,275,Q
0.009712,0.012,3,S,275,R
0,0,,S,275,S
0.1445,0.1758,5,S,275,T
-0.8853,-1.126,5,S,275,V
-0.2259,-0.2849,5,S,275,W
-0.2741,-0.3467,3,S,275,Y
0.0224,0.02764,2,N,276,A
-0.4051,-0.5158,5,N,276,C
-1.206,-1.502,4,N,276,D
0.3274,0.3882,4,N,276,E
0.05318,0.0654,6,N,276,F
0.3465,0.4096,4,N,276,G
0.9704,1.019,6,N,276,H
1.982,1.619,3,N,276,I
0.6519,0.731,10,N,276,K
3.69,1.964,5,N,276,L
-0.8152,-1.04,7,N,276,M
0,0,,N,276,N
2.611,1.809,1,N,276,P
-0.1247,-0.1561,4,N,276,Q
3.132,1.903,1,N,276,R
1.228,1.214,5,N,276,S
0.8521,0.9176,6,N,276,T
0.5635,0.6424,3,N,276,V
1.353,1.298,7,N,276,W
0.5845,0.6637,3,N,276,Y
0.4285,0.5,3,N,277,A
-1.859,-2.131,6,N,277,C
-2.984,-2.755,6,N,277,D
-4.418,-3.032,6,N,277,E
-0.9485,-1.203,3,N,277,F
0.4888,0.5646,5,N,277,G
-2.246,-2.406,3,N,277,H
-3.602,-2.919,5,N,277,I
-1.607,-1.913,13,N,277,K
-3.365,-2.866,9,N,277,L
2.574,1.801,1,N,277,M
0,0,,N,277,N
-1.837,-2.113,1,N,277,P
-0.863,-1.099,5,N,277,Q
-3.62,-2.922,1,N,277,R
-0.4358,-0.5556,10,N,277,S
-0.6602,-0.8443,6,N,277,T
-2.035,-2.265,6,N,277,V
-3.353,-2.863,6,N,277,W
-1.092,-1.374,4,N,277,Y
-1.937,-2.192,1,V,278,-
-0.06072,-0.07556,9,V,278,A
-0.2154,-0.2714,5,V,278,C
-4.532,-3.042,7,V,278,D
-4.243,-3.014,3,V,278,E
-4.059,-2.993,3,V,278,F
-1.304,-1.61,6,V,278,G
-3.435,-2.883,6,V,278,H
0.236,0.2836,2,V,278,I
-4.3,-3.021,3,V,278,K
-3.16,-2.811,7,V,278,L
-1.33,-1.638,26,V,278,M
-3.632,-2.925,6,V,278,N
1.008,1.049,4,V,278,P
-4.009,-2.986,3,V,278,Q
-0.1023,-0.1277,3,V,278,R
-3.25,-2.837,4,V,278,S
-1.389,-1.7,8,V,278,T
0,0,,V,278,V
-4.928,-3.069,9,V,278,W
-4.992,-3.072,5,V,278,Y
-3.268,-2.841,16,Q,279,*
2.478,1.777,1,Q,279,A
-3.238,-2.833,3,Q,279,C
-5.845,-3.103,3,Q,279,D
-6.573,-3.115,5,Q,279,E
-3.664,-2.931,2,Q,279,F
-4.615,-3.048,7,Q,279,G
-1.198,-1.494,1,Q,279,H
-2.018,-2.253,3,Q,279,I
-4.295,-3.02,9,Q,279,K
-4.447,-3.035,6,Q,279,L
0.1495,0.1817,6,Q,279,M
-1.01,-1.276,6,Q,279,N
-4.004,-2.985,1,Q,279,P
0,0,,Q,279,Q
-4.138,-3.003,5,Q,279,R
-3.982,-2.982,3,Q,279,S
-4.06,-2.993,4,Q,279,T
-0.5175,-0.6611,5,Q,279,V
-2.045,-2.272,3,Q,279,W
-3.338,-2.859,6,Q,279,Y
-3.814,-2.957,9,I,280,A
-2.591,-2.594,1,I,280,C
-3.968,-2.98,4,I,280,D
-4.293,-3.02,5,I,280,E
-0.1156,-0.1446,3,I,280,F
-3.987,-2.983,2,I,280,G
-2.312,-2.446,9,I,280,H
0,0,,I,280,I
-3.969,-2.981,3,I,280,K
-2.672,-2.632,4,I,280,L
-3.618,-2.922,3,I,280,M
-2.158,-2.35,5,I,280,N
-6.359,-3.112,3,I,280,P
-2.675,-2.633,7,I,280,Q
-2.162,-2.352,4,I,280,R
-4.046,-2.991,3,I,280,S
-2.294,-2.435,5,I,280,T
0.8197,0.8887,3,I,280,V
-0.6405,-0.8191,6,I,280,W
-1.878,-2.146,3,I,280,Y
-0.01917,-0.02375,7,V,281,A
-3.59,-2.916,3,V,281,C
-4.06,-2.993,8,V,281,D
-1.807,-2.089,4,V,281,E
-2.777,-2.677,19,V,281,F
-3.921,-2.974,4,V,281,G
-2.621,-2.609,4,V,281,H
-1.068,-1.345,14,V,281,I
-2.149,-2.344,3,V,281,K
-0.548,-0.7004,6,V,281,L
-0.03081,-0.03823,3,V,281,M
-3.134,-2.803,3,V,281,N
-2.304,-2.441,4,V,281,P
-4.414,-3.032,4,V,281,Q
-1.723,-2.017,3,V,281,R
-4.435,-3.034,6,V,281,S
-2.444,-2.52,4,V,281,T
0,0,,V,281,V
-3.447,-2.886,3,V,281,W
-4.106,-2.999,3,V,281,Y
-3.309,-2.852,2,R,282,A
-2.884,-2.719,8,R,282,C
-3.457,-2.888,2,R,282,D
-2.224,-2.393,2,R,282,E
-3.896,-2.97,3,R,282,F
-3.471,-2.891,8,R,282,G
-0.7177,-0.9172,1,R,282,H
-3.709,-2.939,9,R,282,I
-3.556,-2.909,13,R,282,K
-3.879,-2.967,8,R,282,L
-3.538,-2.906,6,R,282,M
-1.673,-1.974,1,R,282,N
-3.76,-2.948,2,R,282,P
-2.794,-2.684,9,R,282,Q
0,0,,R,282,R
-3.478,-2.893,2,R,282,S
-3.585,-2.915,5,R,282,T
-3.624,-2.923,3,R,282,V
0.1857,0.2247,1,R,282,W
-3.478,-2.893,4,R,282,Y
-3.337,-2.859,9,Q,283,*
-0.4618,-0.5891,9,Q,283,A
-0.7194,-0.9194,5,Q,283,C
-4.219,-3.012,6,Q,283,D
-4.018,-2.987,4,Q,283,E
-0.719,-0.9189,4,Q,283,F
1.344,1.292,3,Q,283,G
-0.7551,-0.9645,15,Q,283,H
-0.3859,-0.491,3,Q,283,I
-1.291,-1.596,8,Q,283,K
0.4583,0.5322,8,Q,283,L
-0.7664,-0.9787,4,Q,283,M
-3.661,-2.93,8,Q,283,N
-2.844,-2.703,4,Q,283,P
0,0,,Q,283,Q
-1.014,-1.282,7,Q,283,R
-0.8125,-1.036,6,Q,283,S
0.4898,0.5657,5,Q,283,T
-0.08611,-0.1074,3,Q,283,V
-2.15,-2.345,5,Q,283,W
-0.9285,-1.179,3,Q,283,Y
-2.906,-2.727,7,Q,284,*
-0.8566,-1.091,1,Q,284,A
0.3416,0.4042,2,Q,284,C
-0.2849,-0.3607,3,Q,284,D
-3.829,-2.959,2,Q,284,E
0.4038,0.4731,6,Q,284,F
0.6545,0.7335,3,Q,284,G
-0.4848,-0.6189,4,Q,284,H
-2.036,-2.266,3,Q,284,I
0.01991,0.02457,8,Q,284,K
-0.2779,-0.3516,2,Q,284,L
0.1906,0.2304,3,Q,284,M
1.517,1.397,3,Q,284,N
-2.573,-2.586,4,Q,284,P
0,0,,Q,284,Q
-0.984,-1.246,4,Q,284,S
-0.7749,-0.9893,3,Q,284,T
1.849,1.563,1,Q,284,V
0.4039,0.4732,4,Q,284,W
1.164,1.169,2,Q,284,Y
-0.3344,-0.4244,1,S,285,A
-2.223,-2.391,5,S,285,C
-2.084,-2.3,4,S,285,D
-3.638,-2.926,5,S,285,E
-2.677,-2.634,2,S,285,F
0.1624,0.1971,4,S,285,G
-1.94,-2.195,2,S,285,H
-3.239,-2.833,7,S,285,I
-2.07,-2.29,10,S,285,K
-3.364,-2.866,3,S,285,L
-1.917,-2.177,3,S,285,M
-3.649,-2.928,15,S,285,N
-2.448,-2.522,3,S,285,Q
-2.254,-2.411,11,S,285,R
0,0,,S,285,S
-1.607,-1.913,5,S,285,T
-2.369,-2.479,5,S,285,V
-2.293,-2.435,3,S,285,W
-3.576,-2.914,6,S,285,Y
-5.362,-3.089,3,Y,286,*
-4.092,-2.997,4,Y,286,A
-3.227,-2.83,4,Y,286,C
-3.889,-2.969,5,Y,286,D
-2.109,-2.317,6,Y,286,E
-0.9936,-1.257,4,Y,286,F
-2.522,-2.56,6,Y,286,G
-0.4719,-0.6021,10,Y,286,H
-2.926,-2.734,9,Y,286,I
-2.203,-2.379,3,Y,286,K
-3.18,-2.817,1,Y,286,L
-0.1506,-0.1889,2,Y,286,M
-3.605,-2.919,6,Y,286,N
-3.839,-2.961,3,Y,286,P
-2.47,-2.534,6,Y,286,Q
-3.253,-2.837,6,Y,286,R
-4.382,-3.029,3,Y,286,S
-0.8743,-1.113,3,Y,286,T
-3.824,-2.959,5,Y,286,V
1.01,1.051,7,Y,286,W
0,0,,Y,286,Y
-3.252,-2.837,1,S,287,*
0.6063,0.6857,4,S,287,A
-0.1133,-0.1417,5,S,287,C
-3.638,-2.926,2,S,287,D
-4.134,-3.002,8,S,287,E
-1.868,-2.138,4,S,287,F
2.739,1.837,5,S,287,G
-0.5814,-0.7433,3,S,287,H
-3.914,-2.973,17,S,287,I
-2.779,-2.678,4,S,287,K
-3.64,-2.926,4,S,287,L
-2.433,-2.514,3,S,287,M
-3.566,-2.912,20,S,287,N
-2.304,-2.441,4,S,287,P
-3.181,-2.817,9,S,287,R
0,0,,S,287,S
-0.7381,-0.9431,2,S,287,T
-1.716,-2.012,4,S,287,V
-3.791,-2.953,4,S,287,W
-1.852,-2.126,6,S,287,Y
-2.56,-2.58,4,I,288,A
-2.689,-2.639,4,I,288,C
-7.091,-3.119,6,I,288,D
-5.126,-3.079,3,I,288,E
-0.4889,-0.6242,1,I,288,F
-4.071,-2.994,3,I,288,G
-1.607,-1.913,3,I,288,H
0,0,,I,288,I
-2.475,-2.537,3,I,288,K
-0.2214,-0.2791,2,I,288,L
0.02089,0.02578,2,I,288,M
-4.441,-3.034,5,I,288,N
-4.328,-3.023,6,I,288,P
-2.259,-2.414,6,I,288,Q
-3.977,-2.982,8,I,288,R
-2.627,-2.612,2,I,288,S
-3.454,-2.887,2,I,288,T
-0.5392,-0.689,5,I,288,V
-2.252,-2.41,5,I,288,W
-2.09,-2.304,3,I,288,Y
-3.477,-2.892,7,M,289,A
-2.383,-2.487,1,M,289,C
-3.672,-2.932,5,M,289,D
-3.987,-2.983,5,M,289,E
-3.01,-2.763,3,M,289,F
-4.342,-3.025,12,M,289,G
-0.693,-0.886,6,M,289,H
-3.544,-2.907,27,M,289,I
-2.397,-2.495,6,M,289,K
-3.54,-2.906,2,M,289,L
0,0,,M,289,M
-3.217,-2.827,5,M,289,N
-4.065,-2.993,6,M,289,P
-2.622,-2.609,1,M,289,Q
-2.545,-2.572,7,M,289,R
-1.397,-1.708,2,M,289,S
-2.544,-2.571,4,M,289,T
-3.904,-2.971,8,M,289,V
-1.734,-2.027,3,M,289,W
-0.9266,-1.177,3,M,289,Y
0.5759,0.655,4,S,290,A
-1.933,-2.19,4,S,290,C
-1.377,-1.686,1,S,290,D
-3.103,-2.794,8,S,290,E
-2.717,-2.651,19,S,290,F
3.767,1.97,6,S,290,G
-2.001,-2.241,2,S,290,H
-2.84,-2.702,3,S,290,I
-2.329,-2.456,4,S,290,K
-3.683,-2.934,4,S,290,L
-5.449,-3.092,6,S,290,M
-6.047,-3.107,4,S,290,N
-1.689,-1.988,8,S,290,P
-1.442,-1.754,7,S,290,Q
-3.069,-2.783,3,S,290,R
0,0,,S,290,S
-1.874,-2.143,2,S,290,T
-3.705,-2.938,7,S,290,V
-2.882,-2.718,6,S,290,W
-1.619,-1.924,10,S,290,Y
-2.804,-2.688,2,I,291,A
-1.9,-2.164,3,I,291,C
-3.265,-2.841,2,I,291,D
-3.61,-2.92,2,I,291,E
-1.143,-1.432,4,I,291,F
-3.429,-2.882,2,I,291,G
-2.191,-2.371,3,I,291,H
0,0,,I,291,I
-2.335,-2.459,7,I,291,K
-0.7837,-1,7,I,291,L
-2.557,-2.578,5,I,291,M
-3.538,-2.906,5,I,291,N
-3.741,-2.945,1,I,291,P
-2.333,-2.458,7,I,291,Q
-2.534,-2.567,4,I,291,R
-2.769,-2.673,7,I,291,S
-1.026,-1.296,5,I,291,T
0.9836,1.029,2,I,291,V
-1.768,-2.056,5,I,291,W
1.893,1.582,2,I,291,Y
-1.747,-2.038,6,I,292,C
-3.196,-2.821,4,I,292,D
-2.905,-2.727,7,I,292,E
-1.179,-1.473,4,I,292,F
-3.617,-2.922,5,I,292,G
-1.933,-2.19,3,I,292,H
0,0,,I,292,I
-3.681,-2.934,3,I,292,K
-0.4399,-0.5609,4,I,292,M
-3.03,-2.77,8,I,292,N
-1.664,-1.966,2,I,292,P
-0.7297,-0.9325,3,I,292,Q
-3.923,-2.974,3,I,292,R
-6.294,-3.111,4,I,292,S
-0.8201,-1.046,6,I,292,T
0.639,0.7183,5,I,292,V
0.1419,0.1726,6,I,292,W
-0.1482,-0.1858,6,K,293,A
-1.421,-1.732,2,K,293,C
-0.03093,-0.03837,5,K,293,D
0.6304,0.7097,3,K,293,E
-0.4616,-0.5889,3,K,293,F
1.102,1.122,3,K,293,G
-2.66,-2.626,3,K,293,H
-0.1321,-0.1654,3,K,293,I
0,0,,K,293,K
1.223,1.211,3,K,293,L
3.411,1.937,4,K,293,M
-2.63,-2.613,23,K,293,N
-2.367,-2.478,4,K,293,P
-0.1211,-0.1515,1,K,293,Q
0.5023,0.5789,4,K,293,R
-1.769,-2.057,7,K,293,S
-0.643,-0.8223,7,K,293,T
-0.2362,-0.2981,2,K,293,V
-0.4138,-0.527,6,K,293,W
0.1473,0.1791,1,K,293,Y
-2.681,-2.636,11,E,294,*
-0.1813,-0.2279,2,E,294,A
0.6907,0.7686,3,E,294,C
1.848,1.563,2,E,294,D
0,0,,E,294,E
-0.007857,-0.009727,3,E,294,F
-1.225,-1.524,1,E,294,G
-1.245,-1.546,3,E,294,H
-2.344,-2.465,4,E,294,I
-2.731,-2.658,9,E,294,K
-0.698,-0.8924,6,E,294,L
-2.559,-2.579,3,E,294,M
-1.465,-1.777,3,E,294,N
-0.01154,-0.01429,3,E,294,Q
-3.546,-2.907,2,E,294,R
0.8844,0.9458,4,E,294,S
-1.24,-1.541,7,E,294,T
-2.712,-2.649,4,E,294,V
-0.3021,-0.3828,5,E,294,W
-3.395,-2.874,5,E,295,*
-0.4075,-0.5189,2,E,295,A
-1.608,-1.914,2,E,295,C
0.3974,0.4661,7,E,295,D
0,0,,E,295,E
-0.6217,-0.795,3,E,295,F
1.364,1.305,4,E,295,G
-2.339,-2.461,2,E,295,I
-3.393,-2.873,17,E,295,K
-1.688,-1.986,5,E,295,L
-1.099,-1.382,4,E,295,M
-1.179,-1.472,2,E,295,N
-1.533,-1.843,3,E,295,P
-0.3182,-0.4036,3,E,295,Q
-3.881,-2.968,5,E,295,R
-0.9338,-1.185,4,E,295,S
-2.944,-2.741,1,E,295,T
-1.869,-2.139,8,E,295,V
-1.097,-1.379,5,E,295,W
-1.438,-1.749,7,E,295,Y
-5.034,-3.075,4,V,296,A
1.229,1.215,2,V,296,C
-4.079,-2.995,3,V,296,D
-3.893,-2.969,5,V,296,E
-0.9381,-1.191,11,V,296,F
-3.51,-2.9,6,V,296,G
-2.854,-2.707,5,V,296,H
0.2985,0.3555,10,V,296,I
-2.546,-2.572,5,V,296,K
-0.9537,-1.21,4,V,296,L
3.359,1.932,2,V,296,M
-1.958,-2.208,6,V,296,N
-3.265,-2.84,5,V,296,P
-1.546,-1.856,5,V,296,Q
-1.599,-1.906,6,V,296,R
-2.524,-2.562,2,V,296,S
0.1458,0.1773,6,V,296,T
0,0,,V,296,V
-3.194,-2.821,2,V,296,W
-0.4298,-0.5478,3,V,296,Y
0.1775,0.215,1,L,297,A
-0.4496,-0.5734,4,L,297,C
-1.697,-1.995,2,L,297,D
-2.801,-2.686,2,L,297,E
-1.386,-1.696,6,L,297,F
-2.837,-2.701,3,L,297,G
-2.625,-2.61,3,L,297,H
-1.418,-1.729,8,L,297,I
-1.783,-2.069,3,L,297,K
0,0,,L,297,L
-2.894,-2.722,19,L,297,M
-2.212,-2.384,4,L,297,N
-2.664,-2.628,9,L,297,P
-0.9777,-1.238,1,L,297,Q
-5.986,-3.106,3,L,297,R
-3.569,-2.912,2,L,297,S
-3.473,-2.892,2,L,297,T
-0.08527,-0.1063,9,L,297,V
-4.251,-3.015,4,L,297,W
-1.903,-2.166,3,L,297,Y
-1.143,-1.432,1,A,298,-
0,0,,A,298,A
-0.5144,-0.6571,2,A,298,C
-2.466,-2.532,17,A,298,D
-2.178,-2.363,3,A,298,E
-3.509,-2.899,4,A,298,F
0.001752,0.002166,10,A,298,G
-3.8,-2.955,4,A,298,H
-3.526,-2.903,2,A,298,I
-2.078,-2.295,4,A,298,K
-2.043,-2.271,5,A,298,L
-0.6089,-0.7786,5,A,298,M
-8.975,-3.125,2,A,298,N
-3.929,-2.975,4,A,298,P
-3.619,-2.922,1,A,298,Q
-3.618,-2.922,1,A,298,R
-3.046,-2.775,15,A,298,S
-4.47,-3.037,14,A,298,T
-1.974,-2.22,13,A,298,V
-4.116,-3,6,A,298,W
-4.909,-3.068,4,A,298,Y
-2.268,-2.42,4,Y,299,*
-1.194,-1.49,1,Y,299,-
-4.96,-3.071,4,Y,299,A
-3.202,-2.823,7,Y,299,C
-2.554,-2.577,3,Y,299,D
-1.617,-1.923,6,Y,299,E
-0.06023,-0.07494,5,Y,299,F
-2.717,-2.652,3,Y,299,G
-3.929,-2.975,10,Y,299,H
-3.659,-2.93,6,Y,299,I
-2.666,-2.629,5,Y,299,K
-4.246,-3.015,7,Y,299,L
-4.251,-3.015,5,Y,299,M
-3.034,-2.772,4,Y,299,N
-2.03,-2.261,4,Y,299,P
-5.714,-3.1,7,Y,299,Q
-4.168,-3.006,5,Y,299,R
-4.125,-3.001,4,Y,299,S
-3.609,-2.92,3,Y,299,T
-4.182,-3.008,5,Y,299,V
-0.07709,-0.09608,3,Y,299,W
0,0,,Y,299,Y
-3.876,-2.967,2,V,300,A
-4.513,-3.04,7,V,300,C
-2.176,-2.362,4,V,300,D
-3.55,-2.908,3,V,300,E
-2.724,-2.654,5,V,300,F
-2.811,-2.691,4,V,300,G
-2.609,-2.603,9,V,300,H
-1.143,-1.432,2,V,300,I
-3.503,-2.898,3,V,300,K
-3.066,-2.782,13,V,300,L
-3.199,-2.822,10,V,300,M
-2.63,-2.613,6,V,300,N
-4.121,-3,5,V,300,P
-2.126,-2.328,2,V,300,Q
-2.367,-2.478,5,V,300,R
-2.339,-2.462,2,V,300,S
-0.8481,-1.081,2,V,300,T
0,0,,V,300,V
-3.691,-2.936,2,V,300,W
-2.254,-2.411,4,V,300,Y
-1.454,-1.766,9,V,301,A
-2.606,-2.602,5,V,301,C
-2.218,-2.388,4,V,301,D
-4.516,-3.041,9,V,301,E
-3.862,-2.965,12,V,301,F
-2.359,-2.473,5,V,301,G
-2.986,-2.755,7,V,301,H
-0.01434,-0.01776,15,V,301,I
-4.493,-3.039,8,V,301,K
-0.1601,-0.2009,10,V,301,L
-0.7302,-0.9331,3,V,301,M
-3.242,-2.834,4,V,301,N
-2.64,-2.617,6,V,301,P
-2.95,-2.743,7,V,301,Q
-2.934,-2.737,5,V,301,R
-3.56,-2.91,3,V,301,S
-1.328,-1.636,4,V,301,T
0,0,,V,301,V
-3.826,-2.959,3,V,301,W
-2.609,-2.603,4,V,301,Y
-3.576,-2.914,4,Q,302,*
-4.782,-3.06,8,Q,302,A
-4.273,-3.018,3,Q,302,C
-4.25,-3.015,3,Q,302,D
-4.422,-3.032,4,Q,302,E
-3.084,-2.788,5,Q,302,F
-4.008,-2.986,5,Q,302,G
-2.363,-2.475,12,Q,302,H
-3.719,-2.941,6,Q,302,I
-2.074,-2.293,15,Q,302,K
-3.543,-2.907,2,Q,302,L
-2.778,-2.677,6,Q,302,M
-3.196,-2.821,2,Q,302,N
-4.233,-3.013,4,Q,302,P
0,0,,Q,302,Q
-2.199,-2.377,7,Q,302,R
-3.842,-2.961,4,Q,302,S
-3.724,-2.942,4,Q,302,T
-4.194,-3.009,4,Q,302,V
-1.512,-1.822,5,Q,302,W
-3.301,-2.85,2,Q,302,Y
-1.366,-1.676,3,L,303,A
-2.046,-2.273,4,L,303,C
-4.497,-3.039,6,L,303,D
-3.601,-2.919,5,L,303,E
-2.989,-2.756,3,L,303,F
-4.25,-3.015,4,L,303,G
-2.593,-2.596,4,L,303,H
-0.8,-1.021,2,L,303,I
-3.244,-2.835,5,L,303,K
0,0,,L,303,L
-0.1989,-0.2504,29,L,303,M
-3.577,-2.914,2,L,303,N
-3.618,-2.922,8,L,303,P
-4.254,-3.016,3,L,303,Q
-4.258,-3.016,6,L,303,R
-2.102,-2.312,8,L,303,S
-0.7367,-0.9413,5,L,303,T
-2.983,-2.754,1,L,303,V
-4.936,-3.069,5,L,303,W
-4.681,-3.053,8,L,303,Y
-2.345,-2.465,3,P,304,A
-2.888,-2.72,4,P,304,C
-1.893,-2.159,5,P,304,D
-2.126,-2.329,4,P,304,E
-2.056,-2.28,5,P,304,F
-2.591,-2.595,3,P,304,G
-2.197,-2.375,14,P,304,H
-3.833,-2.96,6,P,304,K
-2.764,-2.671,9,P,304,L
-1.5,-1.811,5,P,304,M
-1.359,-1.668,7,P,304,N
0,0,,P,304,P
-3.924,-2.974,5,P,304,Q
-2.924,-2.734,5,P,304,R
-4.147,-3.004,28,P,304,S
-7.061,-3.119,12,P,304,T
-2.918,-2.731,7,P,304,V
-2.154,-2.347,2,P,304,W
-3.603,-2.919,2,P,304,Y
-3.78,-2.951,10,L,305,A
-1.877,-2.146,6,L,305,C
-4.499,-3.039,7,L,305,D
-1.243,-1.544,6,L,305,E
-0.5362,-0.6851,4,L,305,F
-3.546,-2.907,5,L,305,G
-0.2983,-0.3779,6,L,305,H
0.4026,0.4718,6,L,305,I
-3.519,-2.902,4,L,305,K
0,0,,L,305,L
-0.5571,-0.7121,16,L,305,M
-4.059,-2.993,9,L,305,N
-3.09,-2.79,9,L,305,P
-1.58,-1.888,5,L,305,Q
-1.561,-1.87,3,L,305,R
-1.894,-2.159,6,L,305,S
-0.6843,-0.8749,3,L,305,T
-1.946,-2.199,2,L,305,V
-3.577,-2.914,2,L,305,W
-1.487,-1.799,4,L,305,Y
-3.381,-2.87,2,Y,306,*
-3.526,-2.903,3,Y,306,A
-3.653,-2.929,9,Y,306,C
-1.724,-2.018,3,Y,306,D
-4.393,-3.03,5,Y,306,E
5.15,2.027,8,Y,306,F
-3.517,-2.901,3,Y,306,G
-4.569,-3.045,10,Y,306,H
-1.149,-1.439,3,Y,306,I
-3.327,-2.857,3,Y,306,K
-0.175,-0.2198,5,Y,306,L
-0.2335,-0.2946,9,Y,306,M
-2.319,-2.45,4,Y,306,N
-3.079,-2.786,7,Y,306,P
-4.12,-3,8,Y,306,Q
-4.588,-3.046,4,Y,306,R
-3.632,-2.925,4,Y,306,S
-3.635,-2.925,2,Y,306,T
-3.419,-2.879,4,Y,306,V
-0.6204,-0.7934,4,Y,306,W
0,0,,Y,306,Y
-0.4088,-0.5205,5,G,307,A
-6.714,-3.116,29,G,307,C
-6.315,-3.111,17,G,307,D
-2.493,-2.546,2,G,307,E
-3.902,-2.971,6,G,307,F
0,0,,G,307,G
-0.9082,-1.154,9,G,307,H
-4.228,-3.013,4,G,307,I
-2.603,-2.6,2,G,307,K
-1.234,-1.534,2,G,307,L
0.06186,0.076,5,G,307,M
-1.254,-1.556,2,G,307,N
-3.767,-2.949,3,G,307,P
-0.1936,-0.2436,1,G,307,Q
0.3242,0.3847,6,G,307,R
-5.636,-3.098,12,G,307,S
-0.2826,-0.3577,6,G,307,T
-4.366,-3.027,16,G,307,V
-4.569,-3.045,5,G,307,W
-4.049,-2.991,6,G,307,Y
-1.58,-1.888,5,V,308,A
-3.438,-2.884,3,V,308,C
-3.718,-2.941,6,V,308,D
-3.855,-2.964,6,V,308,E
-4.422,-3.032,8,V,308,F
-3.677,-2.933,7,V,308,G
-4.74,-3.057,7,V,308,H
-4.464,-3.036,6,V,308,I
-4.196,-3.009,3,V,308,K
-4.227,-3.013,12,V,308,L
-6.757,-3.116,19,V,308,M
-1.961,-2.21,1,V,308,N
-4.039,-2.99,5,V,308,P
-4.661,-3.052,8,V,308,Q
-6.599,-3.115,2,V,308,R
-0.8623,-1.098,2,V,308,S
-3.644,-2.927,4,V,308,T
0,0,,V,308,V
-4.662,-3.052,6,V,308,W
-3.806,-2.956,3,V,308,Y
-4.023,-2.988,4,I,309,C
-5.857,-3.103,5,I,309,D
-3.886,-2.968,7,I,309,E
-3.462,-2.889,1,I,309,F
-3.494,-2.896,3,I,309,G
-4.606,-3.048,6,I,309,H
0,0,,I,309,I
-4.273,-3.018,4,I,309,K
-3.405,-2.876,5,I,309,L
-3.436,-2.883,5,I,309,M
-3.672,-2.932,3,I,309,N
-3.023,-2.768,6,I,309,P
-6.456,-3.113,4,I,309,Q
-6.036,-3.107,6,I,309,R
-4.304,-3.021,4,I,309,S
-4.306,-3.021,9,I,309,T
-3.989,-2.983,7,I,309,V
-4.588,-3.046,6,I,309,W
-3.816,-2.957,4,I,309,Y
-4.627,-3.049,8,D,310,A
-3.625,-2.923,3,D,310,C
0,0,,D,310,D
-0.7326,-0.9361,6,D,310,E
-4.317,-3.022,3,D,310,F
-4.016,-2.987,8,D,310,G
-4.37,-3.028,4,D,310,H
-3.278,-2.844,6,D,310,I
-3.426,-2.881,8,D,310,K
-1.862,-2.134,3,D,310,L
-2.552,-2.576,5,D,310,M
-3.979,-2.982,7,D,310,N
-3.575,-2.913,4,D,310,P
-4.828,-3.063,8,D,310,Q
-4.237,-3.014,5,D,310,R
-3.833,-2.96,2,D,310,S
-3.791,-2.953,6,D,310,T
-2.374,-2.482,7,D,310,V
-4.183,-3.008,4,D,310,W
-4.324,-3.023,11,D,310,Y
-3.631,-2.924,2,T,311,A
-5.348,-3.088,8,T,311,C
-3.959,-2.979,3,T,311,D
-3.567,-2.912,1,T,311,E
-4.664,-3.052,6,T,311,F
-3.55,-2.908,1,T,311,G
-4.324,-3.023,4,T,311,H
-10.24,-3.125,15,T,311,I
-4.2,-3.01,3,T,311,K
-3.545,-2.907,4,T,311,L
-4.351,-3.026,4,T,311,M
-4.163,-3.005,7,T,311,N
-4.219,-3.012,3,T,311,P
-4.477,-3.037,4,T,311,Q
-5.175,-3.081,3,T,311,R
-6.743,-3.116,3,T,311,S
0,0,,T,311,T
-4.787,-3.061,10,T,311,V
-4.031,-2.989,2,T,311,W
-4.533,-3.042,7,T,311,Y
3.788,1.971,2,P,312,A
-0.9228,-1.172,6,P,312,C
3.888,1.978,5,P,312,D
0.9389,0.9923,4,P,312,E
-1.882,-2.15,2,P,312,F
1.351,1.297,6,P,312,G
0.03898,0.04801,5,P,312,H
-0.9434,-1.197,5,P,312,I
-1.205,-1.501,6,P,312,K
0.05508,0.06772,12,P,312,L
-1.349,-1.658,3,P,312,M
0.1181,0.1441,5,P,312,N
0,0,,P,312,P
0.32,0.3799,27,P,312,Q
-1.677,-1.977,5,P,312,R
0.00592,0.007318,14,P,312,S
-1.043,-1.316,26,P,312,T
-1.333,-1.641,5,P,312,V
-0.1567,-0.1967,4,P,312,W
0.7371,0.8127,8,P,312,Y
-4.477,-3.037,2,C,313,*
-3.897,-2.97,6,C,313,A
0,0,,C,313,C
-1.578,-1.886,5,C,313,D
-3.455,-2.887,5,C,313,E
-2.764,-2.672,7,C,313,F
-3.895,-2.97,2,C,313,G
-2.818,-2.693,6,C,313,H
-3.621,-2.923,5,C,313,I
-3.089,-2.789,4,C,313,K
-1.885,-2.152,4,C,313,L
-2.658,-2.625,2,C,313,M
-2.229,-2.396,6,C,313,N
-3.663,-2.931,8,C,313,P
-2.98,-2.753,5,C,313,Q
-3.675,-2.933,7,C,313,R
-3.091,-2.79,9,C,313,S
-1.286,-1.59,2,C,313,T
-3.844,-2.962,7,C,313,V
-2.599,-2.598,2,C,313,W
-1.953,-2.205,12,C,313,Y
-3.314,-2.854,34,W,314,*
-1.419,-1.73,4,W,314,A
-2.319,-2.45,4,W,314,C
-2.689,-2.639,6,W,314,D
-3.879,-2.967,6,W,314,E
-0.7422,-0.9482,3,W,314,F
-3.124,-2.8,10,W,314,G
-1.393,-1.704,4,W,314,H
-3.391,-2.873,4,W,314,I
-2.795,-2.684,12,W,314,K
-4.081,-2.995,12,W,314,L
-1.594,-1.901,3,W,314,M
-2.62,-2.608,2,W,314,N
-3.491,-2.895,8,W,314,P
-1.564,-1.873,3,W,314,Q
-2.274,-2.423,6,W,314,R
-1.775,-2.062,10,W,314,S
-1.657,-1.959,7,W,314,T
-0.8797,-1.12,6,W,314,V
0,0,,W,314,W
-1.541,-1.851,6,W,314,Y
-0.6164,-0.7883,1,K,315,*
3.195,1.912,3,K,315,A
-3.825,-2.959,7,K,315,C
-3.972,-2.981,8,K,315,D
-3.62,-2.922,2,K,315,E
-2.66,-2.627,4,K,315,F
-3.62,-2.922,1,K,315,G
-1.327,-1.634,6,K,315,H
-1.66,-1.962,2,K,315,I
0,0,,K,315,K
-1.834,-2.111,5,K,315,L
-3.453,-2.887,2,K,315,M
-1.545,-1.855,6,K,315,N
-3.124,-2.8,6,K,315,P
-0.8749,-1.114,5,K,315,Q
-1.786,-2.072,9,K,315,R
-3.598,-2.918,3,K,315,S
-3.813,-2.957,8,K,315,T
-1.404,-1.715,2,K,315,V
-2.598,-2.598,3,K,315,W
-1.066,-1.343,1,K,315,Y
-1.555,-1.864,4,L,316,A
-2.975,-2.751,6,L,316,C
-3.633,-2.925,8,L,316,D
-2.347,-2.466,3,L,316,E
-3.053,-2.778,7,L,316,F
-2.947,-2.742,8,L,316,G
-2.514,-2.556,8,L,316,H
-0.1775,-0.2231,4,L,316,I
-2.476,-2.537,6,L,316,K
0,0,,L,316,L
-1.131,-1.418,16,L,316,M
-3.084,-2.788,7,L,316,N
-3.652,-2.928,7,L,316,P
-0.02638,-0.03272,9,L,316,Q
-3.659,-2.93,11,L,316,R
-2.783,-2.679,2,L,316,S
0.5996,0.6789,4,L,316,T
0.06985,0.08574,4,L,316,V
-2.359,-2.473,5,L,316,W
-2.932,-2.736,2,L,316,Y
-1.26,-1.562,5,H,317,A
-1.858,-2.13,1,H,317,C
-0.3751,-0.477,5,H,317,D
-4.258,-3.016,4,H,317,E
-2.666,-2.629,2,H,317,F
-3.082,-2.787,5,H,317,G
0,0,,H,317,H
-3.997,-2.984,4,H,317,I
-3.882,-2.968,5,H,317,K
-2.775,-2.676,6,H,317,L
-3.584,-2.915,3,H,317,M
-0.163,-0.2047,11,H,317,N
-3.438,-2.884,3,H,317,P
2.349,1.743,4,H,317,Q
-1.678,-1.978,5,H,317,R
-0.4362,-0.556,6,H,317,S
-3.82,-2.958,3,H,317,T
-4.005,-2.986,5,H,317,V
-0.563,-0.7197,3,H,317,W
0.02792,0.03443,15,H,317,Y
-2.894,-2.722,10,T,318,A
-4.129,-3.001,4,T,318,C
-4.047,-2.991,4,T,318,D
-2.632,-2.614,6,T,318,E
-2.145,-2.341,2,T,318,F
-3.616,-2.922,3,T,318,G
-4.444,-3.034,9,T,318,H
-4.833,-3.063,15,T,318,I
-3.997,-2.984,6,T,318,K
-1.602,-1.908,6,T,318,L
-2.75,-2.666,5,T,318,M
-4.624,-3.049,10,T,318,N
-3.588,-2.916,3,T,318,P
-3.412,-2.878,4,T,318,Q
-4.304,-3.021,3,T,318,R
-1.206,-1.503,3,T,318,S
0,0,,T,318,T
-3.955,-2.979,4,T,318,V
-3.824,-2.959,7,T,318,W
-2.404,-2.498,3,T,318,Y
-1.529,-1.839,5,S,319,A
-3.166,-2.812,5,S,319,C
-3.368,-2.867,4,S,319,D
-3.731,-2.943,6,S,319,E
-2.568,-2.583,7,S,319,F
-0.4009,-0.5104,4,S,319,G
-2.97,-2.75,6,S,319,H
-2.964,-2.748,5,S,319,I
-3.556,-2.909,15,S,319,K
-3.889,-2.969,7,S,319,L
-3.777,-2.951,5,S,319,M
-0.05135,-0.06384,2,S,319,N
-3.676,-2.933,10,S,319,P
-3.842,-2.961,2,S,319,Q
-1.938,-2.193,3,S,319,R
0,0,,S,319,S
-3.983,-2.982,6,S,319,T
-3.977,-2.982,4,S,319,V
-3.214,-2.826,8,S,319,W
-3.138,-2.804,31,S,319,Y
-0.5089,-0.65,3,P,320,A
-4.04,-2.99,7,P,320,C
-3.954,-2.978,5,P,320,D
-3.789,-2.953,8,P,320,E
-2.159,-2.35,7,P,320,F
-3.743,-2.945,4,P,320,G
-6.268,-3.111,24,P,320,H
-2.769,-2.673,5,P,320,I
-1.914,-2.175,5,P,320,K
-2.146,-2.342,12,P,320,L
-0.8904,-1.133,6,P,320,M
-0.3417,-0.4339,5,P,320,N
0,0,,P,320,P
-2.158,-2.35,6,P,320,Q
-2.966,-2.749,6,P,320,R
-0.05986,-0.07448,9,P,320,S
-1.135,-1.422,34,P,320,T
-4.468,-3.036,3,P,320,V
-5.8,-3.102,4,P,320,W
-3.987,-2.983,3,P,320,Y
-4.049,-2.991,2,L,321,A
-2.963,-2.747,6,L,321,C
-3.943,-2.977,5,L,321,D
-4.248,-3.015,4,L,321,E
-2.212,-2.384,1,L,321,F
-1.726,-2.02,3,L,321,G
-3.237,-2.833,6,L,321,H
-1.397,-1.707,5,L,321,I
-2.628,-2.612,2,L,321,K
0,0,,L,321,L
-2.007,-2.245,20,L,321,M
-1.634,-1.938,4,L,321,N
-3.821,-2.958,12,L,321,P
-0.349,-0.4433,8,L,321,Q
-3.724,-2.942,7,L,321,R
-0.9106,-1.157,3,L,321,S
-2.338,-2.461,8,L,321,T
-2.191,-2.371,4,L,321,V
0.3325,0.3939,3,L,321,W
-3.952,-2.978,6,L,321,Y
-2.386,-2.489,8,C,322,*
-1.772,-2.06,3,C,322,A
0,0,,C,322,C
-2.673,-2.632,6,C,322,D
-4.363,-3.027,5,C,322,E
-4.152,-3.004,23,C,322,F
-2.559,-2.579,3,C,322,G
-4.036,-2.99,4,C,322,H
-2.506,-2.552,5,C,322,I
-3.533,-2.905,7,C,322,K
-3.895,-2.97,3,C,322,L
-3.5,-2.898,3,C,322,M
-3.079,-2.786,8,C,322,N
-2.827,-2.697,3,C,322,P
-3.042,-2.774,8,C,322,Q
-6.036,-3.107,10,C,322,R
-3.926,-2.974,3,C,322,S
-3.809,-2.956,6,C,322,T
-1.941,-2.195,3,C,322,V
-2.134,-2.334,6,C,322,W
-6.081,-3.108,14,C,322,Y
-1.683,-1.983,6,T,323,A
-3.865,-2.965,9,T,323,C
-4.218,-3.012,6,T,323,D
-2.612,-2.604,3,T,323,E
-4.176,-3.007,3,T,323,F
-1.966,-2.214,2,T,323,G
-4.13,-3.002,3,T,323,H
-2.797,-2.685,5,T,323,I
-3.437,-2.883,5,T,323,K
-2.308,-2.443,4,T,323,L
-3.444,-2.885,1,T,323,M
-3.727,-2.942,7,T,323,N
-3.488,-2.895,7,T,323,P
-2.117,-2.322,3,T,323,Q
-3.05,-2.777,4,T,323,R
-0.1822,-0.2291,6,T,323,S
0,0,,T,323,T
-4.369,-3.027,6,T,323,V
-3.799,-2.955,7,T,323,W
-4.485,-3.038,4,T,323,Y
-0.1972,-0.2482,8,T,324,A
-2.197,-2.375,1,T,324,C
-2.891,-2.721,3,T,324,D
-4.306,-3.021,5,T,324,E
-1.949,-2.201,7,T,324,F
-1.788,-2.073,4,T,324,G
-3.504,-2.898,1,T,324,H
-0.4824,-0.6157,14,T,324,I
-1.452,-1.763,5,T,324,K
-1.48,-1.791,3,T,324,L
-1.95,-2.202,7,T,324,M
-4.321,-3.023,5,T,324,N
-3.871,-2.966,5,T,324,P
-2.09,-2.304,6,T,324,Q
-1.353,-1.662,5,T,324,R
-0.06876,-0.08563,6,T,324,S
0,0,,T,324,T
0.4688,0.5433,3,T,324,V
-4.151,-3.004,5,T,324,W
-0.3511,-0.446,5,T,324,Y
0.7134,0.7903,3,N,325,A
-1.309,-1.615,5,N,325,C
0.7708,0.8441,8,N,325,D
1.066,1.095,3,N,325,E
0.7035,0.7809,6,N,325,F
-0.03359,-0.04169,1,N,325,G
-0.1061,-0.1326,3,N,325,H
-1.08,-1.359,4,N,325,I
-0.4496,-0.5734,13,N,325,K
-1.089,-1.37,2,N,325,L
0.2972,0.354,7,N,325,M
0,0,,N,325,N
-3.348,-2.862,6,N,325,P
-0.477,-0.6087,8,N,325,Q
0.1375,0.1674,8,N,325,R
-0.119,-0.1489,6,N,325,S
0.8177,0.8869,3,N,325,T
-2.253,-2.41,7,N,325,V
1.152,1.16,7,N,325,W
0.01429,0.01764,5,N,325,Y
0.5268,0.6045,10,T,326,A
-0.5627,-0.7193,2,T,326,C
-0.0008421,-0.001042,4,T,326,D
0.03171,0.03909,1,T,326,E
2.478,1.777,4,T,326,F
-1.062,-1.338,4,T,326,G
1.108,1.127,5,T,326,H
0.5982,0.6775,9,T,326,I
-1.934,-2.19,3,T,326,K
-3.617,-2.922,1,T,326,L
0.03806,0.04688,7,T,326,M
-0.07313,-0.0911,6,T,326,N
-0.07753,-0.09663,11,T,326,P
0.3395,0.4018,5,T,326,Q
-0.1105,-0.1381,1,T,326,R
0.5151,0.5923,2,T,326,S
0,0,,T,326,T
0.007578,0.009366,7,T,326,V
0.5818,0.661,4,T,326,W
0.6332,0.7125,5,T,326,Y
0.8846,0.946,2,K,327,A
-4.137,-3.002,3,K,327,C
-0.004894,-0.006057,6,K,327,D
0.444,0.5168,4,K,327,E
-0.348,-0.442,7,K,327,F
1.676,1.482,6,K,327,G
-0.2522,-0.3186,7,K,327,H
1.472,1.371,3,K,327,I
0,0,,K,327,K
0.8641,0.9281,6,K,327,L
-0.08169,-0.1019,5,K,327,M
0.4207,0.4916,30,K,327,N
-0.7161,-0.9153,5,K,327,P
0.9346,0.9887,6,K,327,Q
0.6645,0.7433,4,K,327,R
-2.963,-2.747,5,K,327,S
-3.848,-2.962,2,K,327,T
0.4112,0.4812,5,K,327,W
0.7816,0.854,4,K,327,Y
-5.691,-3.099,6,E,328,*
-1.045,-1.319,10,E,328,A
-2.203,-2.379,5,E,328,C
-0.3696,-0.47,6,E,328,D
0,0,,E,328,E
-1.895,-2.16,4,E,328,F
-0.2915,-0.3692,6,E,328,G
-1.487,-1.798,7,E,328,H
-1.155,-1.445,3,E,328,I
-1.764,-2.053,16,E,328,K
-0.2661,-0.3365,4,E,328,L
-0.511,-0.6527,3,E,328,M
-4.083,-2.996,3,E,328,N
-3.245,-2.835,4,E,328,P
0.4471,0.5202,4,E,328,Q
-0.8821,-1.122,3,E,328,R
-2.234,-2.399,2,E,328,S
-0.0211,-0.02615,4,E,328,T
-1.605,-1.911,2,E,328,V
-2.158,-2.35,2,E,328,W
0.5649,0.6437,3,E,328,Y
-1.029,-1.299,4,G,329,A
-3.717,-2.94,13,G,329,C
-0.2957,-0.3745,10,G,329,D
-0.967,-1.226,1,G,329,E
0.1576,0.1914,5,G,329,F
0,0,,G,329,G
0.1336,0.1627,3,G,329,H
0.7219,0.7984,6,G,329,I
2.05,1.645,1,G,329,K
0.6447,0.7239,6,G,329,L
-0.8146,-1.039,8,G,329,M
0.5297,0.6075,4,G,329,N
0.2919,0.348,2,G,329,P
0.5231,0.6006,7,G,329,Q
0.8716,0.9347,2,G,329,R
-0.735,-0.9392,6,G,329,S
-0.8528,-1.086,1,G,329,T
-0.1561,-0.1958,10,G,329,V
0.4221,0.4931,5,G,329,W
-0.5891,-0.7532,6,G,329,Y
1.25,1.23,5,S,330,A
-1.539,-1.849,3,S,330,C
-0.628,-0.8031,5,S,330,D
-1.964,-2.213,6,S,330,E
0.02598,0.03204,5,S,330,F
0.6495,0.7286,7,S,330,G
-0.9896,-1.253,3,S,330,H
-1.22,-1.519,8,S,330,I
-0.8203,-1.046,6,S,330,K
-0.5696,-0.7281,7,S,330,L
0.5236,0.6011,3,S,330,M
-1.475,-1.787,12,S,330,N
-0.9987,-1.264,5,S,330,P
0.2932,0.3495,6,S,330,Q
-0.6047,-0.7733,8,S,330,R
0,0,,S,330,S
0.6629,0.7417,4,S,330,T
-1.515,-1.825,3,S,330,V
-0.2758,-0.349,7,S,330,W
-1.182,-1.476,6,S,330,Y
-0.248,-0.3133,1,N,331,-
-0.1797,-0.2259,5,N,331,A
-3.696,-2.937,7,N,331,C
-0.8605,-1.096,3,N,331,D
-2.154,-2.347,4,N,331,E
-3.898,-2.97,3,N,331,F
-2.827,-2.697,5,N,331,G
-3.955,-2.979,3,N,331,H
-3.491,-2.896,4,N,331,I
-3.949,-2.978,4,N,331,K
-4.104,-2.998,3,N,331,L
-2.212,-2.385,2,N,331,M
0,0,,N,331,N
-0.868,-1.105,4,N,331,P
-1.19,-1.485,4,N,331,Q
-4.012,-2.986,2,N,331,R
-2.949,-2.742,3,N,331,S
-2.168,-2.356,1,N,331,T
-1.277,-1.581,8,N,331,V
-4.037,-2.99,3,N,331,W
-4.705,-3.055,8,N,331,Y
-3.993,-2.984,4,I,332,A
-3.095,-2.791,1,I,332,C
-3.513,-2.9,3,I,332,D
-4.37,-3.027,4,I,332,E
-4.567,-3.045,5,I,332,F
-3.63,-2.924,2,I,332,G
-3.71,-2.939,6,I,332,H
0,0,,I,332,I
-4.109,-2.999,8,I,332,K
-4.537,-3.042,5,I,332,L
-3.148,-2.807,6,I,332,M
-4.091,-2.997,5,I,332,N
-3.812,-2.957,4,I,332,P
-3.886,-2.968,5,I,332,Q
-3.956,-2.979,6,I,332,R
-1.933,-2.19,3,I,332,S
-3.349,-2.862,7,I,332,T
-0.7273,-0.9294,6,I,332,V
-3.478,-2.893,3,I,332,W
-4.431,-3.033,5,I,332,Y
-2.191,-2.371,6,C,333,*
-0.1167,-0.1459,1,C,333,-
-3.163,-2.812,1,C,333,A
0,0,,C,333,C
-2.468,-2.533,6,C,333,D
-3.141,-2.805,6,C,333,E
-4.647,-3.051,12,C,333,F
-2.785,-2.68,1,C,333,G
-1.913,-2.174,3,C,333,H
-1.528,-1.838,4,C,333,I
-4.235,-3.014,6,C,333,K
-1.532,-1.842,3,C,333,L
-4.133,-3.002,4,C,333,M
1.726,1.507,1,C,333,N
-3.154,-2.809,3,C,333,P
-2.452,-2.525,7,C,333,Q
-3.439,-2.884,10,C,333,R
-2.678,-2.635,6,C,333,S
-2.076,-2.294,4,C,333,T
-3.533,-2.905,4,C,333,V
-4.3,-3.021,8,C,333,W
-2.71,-2.649,9,C,333,Y
-0.509,-0.6501,1,L,334,-
-3.561,-2.91,5,L,334,A
-3.543,-2.907,1,L,334,C
-3.612,-2.921,3,L,334,D
-3.898,-2.97,4,L,334,E
-4.416,-3.032,5,L,334,F
-4.082,-2.996,3,L,334,G
-3.788,-2.953,2,L,334,H
0.4859,0.5615,7,L,334,I
-2.205,-2.38,4,L,334,K
0,0,,L,334,L
0.0741,0.0909,11,L,334,M
-3.791,-2.953,3,L,334,N
-2.41,-2.502,10,L,334,P
-2.621,-2.608,2,L,334,Q
-3.705,-2.938,2,L,334,R
-3.486,-2.895,4,L,334,S
-3.239,-2.833,5,L,334,T
-1.209,-1.506,7,L,334,V
-3.308,-2.852,2,L,334,W
-3.191,-2.82,6,L,334,Y
-0.6033,-0.7714,1,T,335,-
-1.019,-1.287,3,T,335,A
0.2422,0.2908,4,T,335,C
-1.891,-2.157,3,T,335,D
-3.245,-2.835,3,T,335,E
-2.138,-2.337,4,T,335,F
-2.861,-2.71,5,T,335,G
-1.942,-2.197,4,T,335,H
-1.083,-1.363,18,T,335,I
-0.1556,-0.1953,3,T,335,K
-0.7158,-0.915,4,T,335,L
-3.496,-2.897,8,T,335,N
-2.779,-2.678,4,T,335,P
-1.682,-1.981,2,T,335,Q
1.029,1.066,4,T,335,R
-2.656,-2.624,7,T,335,S
0,0,,T,335,T
-1.24,-1.541,2,T,335,V
0.301,0.3583,3,T,335,W
-4.018,-2.987,3,T,335,Y
-0.4452,-0.5676,1,R,336,-
-3.692,-2.936,4,R,336,A
-3.096,-2.791,4,R,336,C
-4.284,-3.019,5,R,336,D
-2.98,-2.753,10,R,336,E
-4.263,-3.017,4,R,336,F
-3.776,-2.951,4,R,336,G
-3.468,-2.891,1,R,336,H
-4.745,-3.058,19,R,336,I
-3.675,-2.933,16,R,336,K
-4.344,-3.025,5,R,336,L
-4.319,-3.022,4,R,336,M
-2.995,-2.758,2,R,336,N
-3.224,-2.829,7,R,336,P
-2.254,-2.411,2,R,336,Q
0,0,,R,336,R
-2.543,-2.571,7,R,336,S
-2.867,-2.712,2,R,336,T
-3.064,-2.781,4,R,336,V
-4.096,-2.997,4,R,336,W
-2.861,-2.71,2,R,336,Y
-3.919,-2.973,6,T,337,A
-3.567,-2.912,4,T,337,C
-3.454,-2.887,4,T,337,D
-4.078,-2.995,6,T,337,E
-1.74,-2.033,3,T,337,F
-4.467,-3.036,5,T,337,G
-3.667,-2.931,8,T,337,H
-0.2187,-0.2757,8,T,337,I
-4.008,-2.986,7,T,337,K
-2.587,-2.592,7,T,337,L
-1.542,-1.852,6,T,337,M
-3.146,-2.807,6,T,337,N
-4.295,-3.02,4,T,337,P
-4.439,-3.034,4,T,337,Q
-4.138,-3.003,6,T,337,R
-2.091,-2.305,4,T,337,S
0,0,,T,337,T
-2.997,-2.759,7,T,337,V
-5.28,-3.086,6,T,337,W
-3.877,-2.967,9,T,337,Y
-1.395,-1.706,2,D,338,A
-3.777,-2.951,5,D,338,C
0,0,,D,338,D
-3.405,-2.876,6,D,338,E
-2.126,-2.328,4,D,338,F
-3.841,-2.961,7,D,338,G
-3.786,-2.952,2,D,338,H
-3.9,-2.97,5,D,338,I
-3.086,-2.788,2,D,338,K
-2.811,-2.69,2,D,338,L
-4.303,-3.021,5,D,338,M
-4.032,-2.989,10,D,338,N
-3.684,-2.935,4,D,338,P
-3.644,-2.927,2,D,338,Q
-3.201,-2.823,3,D,338,R
-0.8091,-1.032,1,D,338,S
-3.351,-2.863,6,D,338,T
-2.637,-2.616,3,D,338,V
-0.9919,-1.255,3,D,338,W
-3.046,-2.776,11,D,338,Y
-4.502,-3.039,5,R,339,A
-4.027,-2.989,5,R,339,C
-3.618,-2.922,1,R,339,D
-4.12,-3,5,R,339,E
-4.484,-3.038,4,R,339,F
-4.219,-3.012,5,R,339,G
0.007926,0.009795,1,R,339,H
-4.579,-3.046,14,R,339,I
-4.384,-3.029,7,R,339,K
-4.436,-3.034,20,R,339,L
-4.705,-3.055,9,R,339,M
-3.52,-2.902,1,R,339,N
-3.338,-2.859,2,R,339,P
-4.843,-3.064,17,R,339,Q
0,0,,R,339,R
-4.372,-3.028,4,R,339,S
-4.302,-3.021,5,R,339,T
-3.517,-2.901,8,R,339,V
-7.71,-3.122,21,R,339,W
-4.519,-3.041,8,R,339,Y
-3.648,-2.928,4,G,340,A
-4.129,-3.001,30,G,340,C
-3.067,-2.782,16,G,340,D
-5.643,-3.098,4,G,340,E
-2.604,-2.6,4,G,340,F
0,0,,G,340,G
-2.158,-2.35,5,G,340,I
-2.85,-2.706,7,G,340,K
-2.03,-2.261,4,G,340,L
-3.705,-2.938,4,G,340,M
-3.859,-2.964,10,G,340,N
-3.316,-2.854,7,G,340,P
-3.365,-2.866,3,G,340,Q
-4.46,-3.036,5,G,340,R
-2.935,-2.737,13,G,340,S
-3.447,-2.886,2,G,340,T
-3.777,-2.951,13,G,340,V
-3.91,-2.972,2,G,340,W
-3.04,-2.773,30,W,341,*
-2.187,-2.369,4,W,341,A
-4.825,-3.063,12,W,341,C
-4.132,-3.002,3,W,341,D
-2.096,-2.308,4,W,341,E
-0.4682,-0.5975,7,W,341,F
-2.571,-2.585,3,W,341,G
-3.411,-2.877,2,W,341,H
-3.377,-2.869,3,W,341,I
-2.906,-2.727,4,W,341,K
-4.401,-3.03,16,W,341,L
-2.581,-2.59,4,W,341,M
-3.862,-2.965,5,W,341,N
-3.436,-2.883,4,W,341,P
-2.848,-2.705,4,W,341,Q
-2.729,-2.657,9,W,341,R
-3.779,-2.951,4,W,341,S
-3.117,-2.798,6,W,341,T
-1.974,-2.221,2,W,341,V
0,0,,W,341,W
-2.251,-2.409,3,W,341,Y
-0.5139,-0.6564,1,Y,342,*
-4.392,-3.03,4,Y,342,A
-6.171,-3.109,7,Y,342,C
-2.315,-2.448,2,Y,342,D
-2.585,-2.592,2,Y,342,E
0.1238,0.151,6,Y,342,F
-2.59,-2.594,6,Y,342,G
-0.6539,-0.8363,3,Y,342,H
-3.783,-2.952,3,Y,342,I
-3.439,-2.884,3,Y,342,K
-2.462,-2.53,5,Y,342,L
-1.534,-1.844,3,Y,342,M
-2.612,-2.605,2,Y,342,N
-4.553,-3.044,4,Y,342,P
-2.7,-2.644,5,Y,342,Q
-3.656,-2.929,7,Y,342,R
-4.075,-2.995,3,Y,342,S
-6.29,-3.111,5,Y,342,T
-3.651,-2.928,4,Y,342,V
-3.979,-2.982,3,Y,342,W
0,0,,Y,342,Y
-2.016,-2.251,1,C,343,*
-3.215,-2.827,6,C,343,A
0,0,,C,343,C
-2.709,-2.648,5,C,343,D
-2.741,-2.662,10,C,343,E
-4.98,-3.072,7,C,343,F
-2.82,-2.694,5,C,343,G
-3.739,-2.944,3,C,343,H
-3.52,-2.902,5,C,343,I
-2.192,-2.372,4,C,343,K
-2.998,-2.759,6,C,343,L
-3.757,-2.948,8,C,343,M
-2.651,-2.623,4,C,343,N
-4.276,-3.018,5,C,343,P
-2.7,-2.644,5,C,343,Q
-3.409,-2.877,6,C,343,R
-1.623,-1.928,5,C,343,S
-3.188,-2.819,7,C,343,T
-4.284,-3.019,6,C,343,V
-2.658,-2.625,5,C,343,W
-3.513,-2.9,13,C,343,Y
-1.074,-1.352,8,D,344,A
-2.817,-2.693,7,D,344,C
0,0,,D,344,D
4.157,1.994,7,D,344,E
-2.247,-2.407,3,D,344,F
-1.696,-1.994,9,D,344,G
-0.5561,-0.7108,5,D,344,H
-3.617,-2.922,1,D,344,I
-1.49,-1.801,3,D,344,K
-1.259,-1.561,11,D,344,L
-2.801,-2.686,5,D,344,M
-0.9818,-1.243,9,D,344,N
-4.404,-3.031,6,D,344,P
-1.403,-1.714,3,D,344,Q
-4.892,-3.067,8,D,344,R
-0.1791,-0.2251,5,D,344,S
-2.159,-2.35,6,D,344,T
-3.797,-2.954,6,D,344,V
-3.85,-2.963,9,D,344,W
-3.652,-2.928,6,D,344,Y
-4.05,-2.992,2,N,345,A
-4.372,-3.028,4,N,345,C
-1.109,-1.393,3,N,345,D
-4.066,-2.994,4,N,345,E
-5.127,-3.079,6,N,345,F
-4.053,-2.992,6,N,345,G
-3.914,-2.973,6,N,345,H
-2.879,-2.717,2,N,345,I
-3.929,-2.975,8,N,345,K
-3.751,-2.946,3,N,345,L
-4.735,-3.057,5,N,345,M
0,0,,N,345,N
-3.944,-2.977,8,N,345,P
-3.669,-2.932,3,N,345,Q
-3.952,-2.978,4,N,345,R
-2.719,-2.652,6,N,345,S
-3.9,-2.971,3,N,345,T
-4.412,-3.032,5,N,345,V
-4.085,-2.996,3,N,345,W
-3.824,-2.959,6,N,345,Y
-0.8304,-1.059,1,A,346,-
0,0,,A,346,A
-3.91,-2.972,5,A,346,C
-5.403,-3.09,19,A,346,D
-4.552,-3.044,5,A,346,E
-3.913,-2.972,4,A,346,F
-0.3971,-0.5054,7,A,346,G
-4.626,-3.049,7,A,346,H
-4.079,-2.995,5,A,346,I
-3.755,-2.947,2,A,346,K
-4.102,-2.998,5,A,346,L
-3.826,-2.959,5,A,346,M
-4.714,-3.056,7,A,346,N
-2.756,-2.668,6,A,346,Q
-3.571,-2.913,3,A,346,R
-3.472,-2.891,12,A,346,S
-5.114,-3.079,23,A,346,T
-5.028,-3.074,20,A,346,V
-4.278,-3.018,7,A,346,W
-3.926,-2.974,3,A,346,Y
-0.5332,-0.6814,1,G,347,-
-3.72,-2.941,3,G,347,A
-6.011,-3.106,13,G,347,C
-0.2547,-0.3219,18,G,347,D
-2.391,-2.491,4,G,347,E
-3.621,-2.923,1,G,347,F
0,0,,G,347,G
-3.878,-2.967,6,G,347,H
-3.798,-2.954,5,G,347,I
-3.895,-2.97,5,G,347,K
-3.988,-2.983,3,G,347,L
-4.324,-3.023,5,G,347,M
-3.715,-2.94,2,G,347,N
-4.407,-3.031,8,G,347,P
-4.361,-3.027,5,G,347,Q
-4.442,-3.034,4,G,347,R
-4.351,-3.026,10,G,347,S
-3.618,-2.922,1,G,347,T
-3.406,-2.876,12,G,347,V
-3.411,-2.877,2,G,347,W
-4.425,-3.033,5,G,347,Y
-0.727,-0.9291,1,S,348,-
1.169,1.172,2,S,348,A
-2.908,-2.728,2,S,348,C
0.8804,0.9423,4,S,348,D
-0.6283,-0.8035,3,S,348,E
-0.1176,-0.1471,6,S,348,F
-2.347,-2.467,9,S,348,G
-2.101,-2.312,4,S,348,H
-1.946,-2.2,9,S,348,I
-3.024,-2.768,7,S,348,K
0.6329,0.7122,2,S,348,L
0.3013,0.3587,4,S,348,M
-3.893,-2.969,7,S,348,N
-4.873,-3.066,7,S,348,P
-1.896,-2.161,4,S,348,Q
-3.157,-2.81,12,S,348,R
0,0,,S,348,S
-2.688,-2.639,12,S,348,T
-0.4686,-0.5979,5,S,348,V
-1.664,-1.965,7,S,348,W
-1.202,-1.499,6,S,348,Y
-4.206,-3.01,1,V,349,*
1.073,1.1,3,V,349,A
-2.935,-2.737,6,V,349,C
-4.467,-3.036,7,V,349,D
-0.4826,-0.616,7,V,349,E
-2.427,-2.511,13,V,349,F
-3.571,-2.913,2,V,349,G
-1.857,-2.13,2,V,349,H
-1.047,-1.32,12,V,349,I
-2.209,-2.383,1,V,349,K
-0.4577,-0.5838,6,V,349,L
-0.72,-0.9202,8,V,349,M
-3.664,-2.931,3,V,349,N
-2.893,-2.722,3,V,349,P
-3.714,-2.94,9,V,349,Q
-2.87,-2.713,5,V,349,R
0.1672,0.2028,2,V,349,S
-1.053,-1.328,11,V,349,T
0,0,,V,349,V
-3.761,-2.948,7,V,349,W
-0.5985,-0.7653,5,V,349,Y
-4.375,-3.028,7,S,350,A
-2.602,-2.6,4,S,350,C
-0.6948,-0.8883,4,S,350,D
-4.716,-3.056,7,S,350,E
-5.084,-3.077,13,S,350,F
-4.013,-2.987,2,S,350,G
-4.844,-3.064,5,S,350,H
-4.709,-3.055,6,S,350,I
-4.257,-3.016,5,S,350,K
-4.419,-3.032,6,S,350,L
-3.63,-2.924,1,S,350,M
-1.591,-1.899,11,S,350,N
-3.009,-2.763,12,S,350,P
-1.34,-1.648,4,S,350,Q
-4.047,-2.991,3,S,350,R
0,0,,S,350,S
-4.371,-3.028,7,S,350,T
-5.045,-3.075,3,S,350,V
-4.595,-3.047,6,S,350,W
-4.306,-3.021,8,S,350,Y
-4.346,-3.025,2,F,351,A
-3.691,-2.936,4,F,351,C
-2.927,-2.734,5,F,351,D
-3.608,-2.92,8,F,351,E
0,0,,F,351,F
-4.248,-3.015,3,F,351,G
2.485,1.779,2,F,351,H
-3.865,-2.965,6,F,351,I
-4.243,-3.015,4,F,351,K
-3.46,-2.889,12,F,351,L
0.008035,0.00993,5,F,351,M
-3.89,-2.969,5,F,351,N
-4.574,-3.045,6,F,351,Q
-3.968,-2.98,7,F,351,R
-3.656,-2.929,4,F,351,S
-4.387,-3.029,8,F,351,T
-3.492,-2.896,4,F,351,V
-0.2494,-0.315,5,F,351,Y
-0.9348,-1.187,2,F,352,A
-4.048,-2.991,2,F,352,C
-4.034,-2.989,7,F,352,D
-3.092,-2.79,4,F,352,E
0,0,,F,352,F
-4.044,-2.991,2,F,352,G
-1.623,-1.928,4,F,352,H
-1.5,-1.811,8,F,352,I
-2.48,-2.539,4,F,352,K
-5.841,-3.103,18,F,352,L
-0.3265,-0.4142,4,F,352,M
-4.243,-3.015,4,F,352,N
-3.918,-2.973,4,F,352,P
-3.176,-2.816,3,F,352,R
-4.25,-3.015,5,F,352,S
-3.724,-2.942,6,F,352,T
-2.633,-2.614,3,F,352,V
-1.135,-1.423,3,F,352,W
-3.341,-2.86,5,F,352,Y
-2.52,-2.56,1,P,353,-
-4.52,-3.041,8,P,353,A
-4.411,-3.031,8,P,353,C
-4.024,-2.988,5,P,353,D
-3.966,-2.98,2,P,353,E
-3.352,-2.863,4,P,353,F
-3.488,-2.895,3,P,353,G
-5.136,-3.08,34,P,353,H
-3.607,-2.92,4,P,353,I
-3.867,-2.965,7,P,353,K
-4.766,-3.059,18,P,353,L
-3.756,-2.947,2,P,353,M
-4.105,-2.998,3,P,353,N
0,0,,P,353,P
-4.69,-3.054,7,P,353,Q
-4.154,-3.004,4,P,353,R
-4.505,-3.04,17,P,353,S
-5.21,-3.083,27,P,353,T
-4.29,-3.02,5,P,353,V
-3.627,-2.924,2,P,353,W
-4.49,-3.038,4,P,353,Y
-5.257,-3.085,12,Q,354,*
0.4471,0.5201,6,Q,354,A
-0.6262,-0.8008,9,Q,354,C
-0.9996,-1.265,4,Q,354,D
0.6638,0.7426,6,Q,354,E
-1.103,-1.386,5,Q,354,F
-1.886,-2.153,6,Q,354,G
-0.943,-1.197,36,Q,354,H
-0.1602,-0.201,7,Q,354,I
0.818,0.8872,26,Q,354,K
0.2474,0.2968,2,Q,354,L
0.9926,1.037,5,Q,354,M
0.01311,0.0162,4,Q,354,N
0.2778,0.3319,4,Q,354,P
0,0,,Q,354,Q
1.35,1.296,8,Q,354,R
-1.762,-2.051,5,Q,354,S
-0.08291,-0.1034,3,Q,354,T
3.636,1.959,2,Q,354,V
-0.472,-0.6023,1,Q,354,W
-0.7991,-1.02,4,Q,354,Y
0,0,,A,355,A
-1.025,-1.295,6,A,355,C
-0.1906,-0.2397,19,A,355,D
-0.6765,-0.865,3,A,355,E
-0.7373,-0.9421,8,A,355,F
-0.3218,-0.4082,1,A,355,G
-0.3841,-0.4887,2,A,355,H
0.05806,0.07136,9,A,355,I
-0.4316,-0.55,3,A,355,K
0.1663,0.2017,2,A,355,L
-0.8732,-1.111,3,A,355,M
-2.989,-2.756,2,A,355,N
0.5754,0.6545,6,A,355,P
0.2328,0.2799,5,A,355,Q
-0.01793,-0.02222,2,A,355,R
0.1665,0.2019,23,A,355,S
-0.05384,-0.06696,19,A,355,T
-0.3135,-0.3975,15,A,355,V
0.2828,0.3375,5,A,355,W
-0.3356,-0.426,5,A,355,Y
-3.482,-2.894,18,E,356,*
-0.5126,-0.6547,3,E,356,A
-1.171,-1.463,6,E,356,C
0.2914,0.3474,19,E,356,D
0,0,,E,356,E
0.5833,0.6625,5,E,356,F
-0.203,-0.2556,6,E,356,G
-0.2608,-0.3297,6,E,356,H
-0.7139,-0.9125,7,E,356,I
0.5482,0.6266,11,E,356,K
-1.634,-1.938,2,E,356,L
-0.941,-1.194,4,E,356,M
1.416,1.338,5,E,356,N
-0.06591,-0.08206,4,E,356,P
-2.417,-2.505,2,E,356,Q
1.558,1.42,2,E,356,R
0.4578,0.5316,3,E,356,S
-0.4189,-0.5337,6,E,356,T
-0.2253,-0.2842,1,E,356,V
2.159,1.683,2,E,356,W
0.08104,0.09934,6,E,356,Y
-1.889,-2.155,7,T,357,C
0.06332,0.07778,5,T,357,D
-2.038,-2.268,12,T,357,E
0.1275,0.1554,3,T,357,F
-0.2723,-0.3444,4,T,357,G
-1.757,-2.047,5,T,357,H
-2.799,-2.686,19,T,357,I
-1.646,-1.949,9,T,357,K
-3.376,-2.869,4,T,357,L
-2.268,-2.42,6,T,357,M
-4.787,-3.06,5,T,357,N
-3.049,-2.776,7,T,357,Q
-3.284,-2.846,7,T,357,R
-0.4664,-0.5951,6,T,357,S
0,0,,T,357,T
-0.9143,-1.162,5,T,357,V
-1.373,-1.683,1,T,357,W
-0.8156,-1.04,4,T,357,Y
-6.969,-3.118,2,C,358,A
0,0,,C,358,C
-3.287,-2.846,10,C,358,D
-1.541,-1.851,4,C,358,E
-4.036,-2.99,10,C,358,F
-3.189,-2.819,5,C,358,G
-0.6871,-0.8785,1,C,358,H
-0.5546,-0.7088,3,C,358,I
-2.324,-2.453,5,C,358,K
-2.811,-2.69,3,C,358,L
-3.787,-2.953,1,C,358,M
-2.504,-2.552,2,C,358,N
-3.987,-2.983,6,C,358,P
-4.051,-2.992,2,C,358,Q
-3.054,-2.778,6,C,358,R
-4.327,-3.023,4,C,358,S
2.526,1.789,2,C,358,T
-3.133,-2.803,5,C,358,V
-3.537,-2.905,7,C,358,W
-3.656,-2.929,6,C,358,Y
-2.739,-2.661,3,K,359,A
-1.125,-1.411,2,K,359,C
-3.575,-2.913,2,K,359,D
-3.82,-2.958,7,K,359,E
0.2434,0.2922,4,K,359,F
-4.078,-2.995,6,K,359,G
-0.1082,-0.1352,6,K,359,H
0.0761,0.09333,5,K,359,I
0,0,,K,359,K
-2.09,-2.304,2,K,359,L
-0.1136,-0.142,5,K,359,M
-1.988,-2.231,4,K,359,N
-4.351,-3.026,4,K,359,P
-0.9356,-1.188,5,K,359,Q
0.7971,0.8683,6,K,359,R
-3.147,-2.807,8,K,359,S
-3.64,-2.926,4,K,359,T
-3.721,-2.941,6,K,359,V
0.1447,0.1761,2,K,359,W
0.7223,0.7988,4,K,359,Y
-3.705,-2.938,1,V,360,-
-1.861,-2.133,3,V,360,A
-0.744,-0.9505,4,V,360,D
0.7202,0.7968,7,V,360,E
-1.452,-1.763,9,V,360,F
-0.2594,-0.3279,5,V,360,G
0.2625,0.3143,5,V,360,H
-0.1919,-0.2414,3,V,360,K
0.0237,0.02924,5,V,360,L
0.1379,0.1679,19,V,360,M
-3.729,-2.943,3,V,360,N
1.219,1.208,2,V,360,P
0.9831,1.029,4,V,360,Q
-0.03094,-0.03838,3,V,360,R
-1.103,-1.386,1,V,360,S
-1.563,-1.872,3,V,360,T
0,0,,V,360,V
-2.288,-2.432,10,V,360,W
-0.9917,-1.255,6,V,360,Y
-2.525,-2.562,9,Q,361,*
-3.355,-2.864,1,Q,361,-
0.4524,0.5258,3,Q,361,A
0.8452,0.9115,5,Q,361,C
-4.053,-2.992,2,Q,361,D
-4.011,-2.986,5,Q,361,E
-1.577,-1.885,2,Q,361,F
-1.043,-1.315,2,Q,361,G
-0.8319,-1.06,9,Q,361,H
-0.8509,-1.084,4,Q,361,I
-0.9921,-1.256,11,Q,361,K
-1.132,-1.419,9,Q,361,L
1.406,1.332,5,Q,361,N
-2.592,-2.595,6,Q,361,P
0,0,,Q,361,Q
-5.765,-3.101,6,Q,361,R
-1.484,-1.795,3,Q,361,S
0.07791,0.09554,3,Q,361,T
0.2628,0.3146,4,Q,361,V
-1.982,-2.226,2,Q,361,W
-3.701,-2.938,2,Q,361,Y
-4.238,-3.014,1,S,362,A
-2.844,-2.703,3,S,362,C
-2.26,-2.415,4,S,362,D
-0.3038,-0.385,4,S,362,E
1.645,1.466,7,S,362,F
-1.109,-1.392,1,S,362,G
-0.3693,-0.4696,3,S,362,H
1.496,1.385,1,S,362,I
0.07515,0.09218,4,S,362,K
1.608,1.447,3,S,362,L
2.458,1.772,1,S,362,M
1.477,1.374,4,S,362,N
-1.69,-1.989,7,S,362,P
0.795,0.8664,7,S,362,Q
1.234,1.218,1,S,362,R
0,0,,S,362,S
0.6924,0.7703,4,S,362,T
1.822,1.551,4,S,362,V
0.4772,0.5523,3,S,362,W
-0.01541,-0.01909,10,S,362,Y
0.2853,0.3404,3,N,363,A
-0.6213,-0.7946,3,N,363,C
-0.01094,-0.01355,4,N,363,D
1.034,1.07,8,N,363,E
-1.601,-1.908,3,N,363,F
0.7291,0.8052,7,N,363,G
1.166,1.17,4,N,363,H
0.1982,0.2395,5,N,363,I
0.1484,0.1805,3,N,363,K
0.8463,0.9124,1,N,363,L
0.2657,0.3179,2,N,363,M
0,0,,N,363,N
-1.026,-1.296,2,N,363,P
-0.3447,-0.4378,1,N,363,Q
0.3323,0.3938,1,N,363,R
0.6338,0.7131,9,N,363,S
0.07837,0.0961,5,N,363,T
1.226,1.213,4,N,363,V
0.4176,0.4882,2,N,363,Y
-2.079,-2.296,3,R,364,A
-3.741,-2.945,6,R,364,C
-6.09,-3.108,2,R,364,D
-3.447,-2.886,4,R,364,E
-2.061,-2.284,6,R,364,F
-2.65,-2.622,6,R,364,G
0.1963,0.2371,2,R,364,H
-0.005788,-0.007164,28,R,364,I
-4.404,-3.031,11,R,364,K
-0.983,-1.245,6,R,364,L
-1.481,-1.793,7,R,364,M
-5.171,-3.081,7,R,364,N
-2.198,-2.376,2,R,364,P
-1.864,-2.135,5,R,364,Q
0,0,,R,364,R
-3.404,-2.876,5,R,364,S
1.073,1.1,4,R,364,T
-0.0261,-0.03237,5,R,364,V
0.2848,0.3399,4,R,364,W
0.1855,0.2245,8,R,364,Y
-2.884,-2.719,1,V,365,*
-0.2311,-0.2916,3,V,365,A
-0.6554,-0.8381,4,V,365,C
-3.496,-2.897,4,V,365,D
-4.429,-3.033,11,V,365,E
-3.805,-2.956,1,V,365,F
-3.563,-2.911,3,V,365,G
-3.642,-2.927,6,V,365,H
-0.6208,-0.7939,1,V,365,I
-2.711,-2.649,8,V,365,K
-2.094,-2.307,7,V,365,L
-3.759,-2.948,7,V,365,M
-3.911,-2.972,3,V,365,N
-2.918,-2.731,4,V,365,P
-2.532,-2.566,2,V,365,Q
-4.148,-3.004,7,V,365,R
-4.332,-3.024,6,V,365,S
-3.72,-2.941,2,V,365,T
0,0,,V,365,V
-3.327,-2.857,7,V,365,W
-2.043,-2.271,4,V,365,Y
-3.952,-2.978,4,F,366,A
-4.059,-2.993,4,F,366,C
-4.127,-3.001,9,F,366,D
-1.972,-2.219,5,F,366,E
0,0,,F,366,F
-4.307,-3.021,8,F,366,G
-3.496,-2.897,3,F,366,H
-1.168,-1.46,7,F,366,I
-4.23,-3.013,4,F,366,K
-5.201,-3.082,7,F,366,L
-2.1,-2.311,5,F,366,M
-4.316,-3.022,6,F,366,N
-3.86,-2.964,4,F,366,P
-0.05837,-0.07261,1,F,366,Q
-3.685,-2.935,7,F,366,R
-2.655,-2.624,8,F,366,S
-3.116,-2.798,4,F,366,T
-4.678,-3.053,9,F,366,V
-0.4513,-0.5756,4,F,366,W
-1.085,-1.365,6,F,366,Y
-2.797,-2.685,11,C,367,*
-2.813,-2.691,6,C,367,A
0,0,,C,367,C
-2.251,-2.409,8,C,367,D
-3.055,-2.778,3,C,367,E
-4.88,-3.066,21,C,367,F
-3.553,-2.909,10,C,367,G
-2.687,-2.639,5,C,367,H
-3.021,-2.767,7,C,367,I
-4.11,-2.999,5,C,367,K
-2.784,-2.68,4,C,367,L
-4.074,-2.995,7,C,367,M
-2.25,-2.408,6,C,367,N
-3.546,-2.907,4,C,367,P
-3.912,-2.972,5,C,367,Q
-2.799,-2.685,6,C,367,R
-3.056,-2.779,8,C,367,S
-2.011,-2.248,5,C,367,T
-3.607,-2.92,1,C,367,V
-2.803,-2.687,5,C,367,W
-2.894,-2.723,16,C,367,Y
-2.502,-2.55,1,D,368,*
-4.011,-2.986,2,D,368,A
-6.325,-3.111,4,D,368,C
0,0,,D,368,D
-1.596,-1.903,4,D,368,E
-7.01,-3.118,9,D,368,F
-2.508,-2.553,5,D,368,G
-2.766,-2.672,1,D,368,H
-4.551,-3.043,8,D,368,I
-1.751,-2.042,1,D,368,K
-6.366,-3.112,5,D,368,L
-4.322,-3.023,7,D,368,M
-0.9324,-1.184,15,D,368,N
-4.689,-3.054,8,D,368,P
-2.247,-2.406,5,D,368,Q
-3.32,-2.855,2,D,368,R
-3.844,-2.962,5,D,368,S
-3.612,-2.921,6,D,368,T
-3.718,-2.941,6,D,368,V
-3.541,-2.906,3,D,368,W
-4.325,-3.023,13,D,368,Y
-4.055,-2.992,5,T,369,A
-1.295,-1.6,6,T,369,C
-4.014,-2.987,3,T,369,D
-3.738,-2.944,2,T,369,E
-4.727,-3.057,4,T,369,F
-3.647,-2.927,6,T,369,G
-3.591,-2.916,7,T,369,H
-3.696,-2.937,3,T,369,I
-4.155,-3.005,2,T,369,K
-2.503,-2.551,4,T,369,L
-2.444,-2.52,9,T,369,M
-4.551,-3.044,18,T,369,N
0.773,0.8462,3,T,369,P
-0.9649,-1.223,6,T,369,Q
-3.623,-2.923,6,T,369,R
-3.868,-2.966,3,T,369,S
0,0,,T,369,T
-3.379,-2.87,4,T,369,V
-4.461,-3.036,5,T,369,W
-3.544,-2.907,3,T,369,Y
-0.4615,-0.5887,10,M,370,A
-3.072,-2.784,3,M,370,C
-4.001,-2.985,6,M,370,D
-0.4127,-0.5256,6,M,370,E
-3.217,-2.827,5,M,370,F
0.7893,0.8611,5,M,370,G
-1.057,-1.332,3,M,370,H
-1.713,-2.008,35,M,370,I
-3.562,-2.911,6,M,370,K
0.05802,0.07131,5,M,370,L
0,0,,M,370,M
-4.3,-3.021,3,M,370,N
-4.741,-3.058,4,M,370,P
-2.625,-2.611,7,M,370,Q
-4.12,-3,3,M,370,R
-2.784,-2.68,3,M,370,S
-3.655,-2.929,5,M,370,T
-4.362,-3.027,11,M,370,V
-2.261,-2.415,3,M,370,W
-4.511,-3.04,7,M,370,Y
1.581,1.433,3,N,371,A
-0.08585,-0.1071,8,N,371,C
1.064,1.094,5,N,371,D
1.233,1.218,2,N,371,E
-1.408,-1.719,4,N,371,F
-0.4352,-0.5547,4,N,371,G
0.2501,0.2999,2,N,371,H
-2.173,-2.36,5,N,371,I
2.098,1.662,7,N,371,K
0.861,0.9254,11,N,371,L
4.076,1.99,1,N,371,M
0,0,,N,371,N
-0.1059,-0.1323,8,N,371,P
0.9322,0.9866,4,N,371,Q
-0.495,-0.6321,5,N,371,R
-0.1593,-0.1999,3,N,371,S
0.3251,0.3857,4,N,371,T
-0.1943,-0.2445,1,N,371,V
0.9497,1.001,8,N,371,W
0.2571,0.3081,4,N,371,Y
-4.119,-3,3,S,372,A
-3.607,-2.92,2,S,372,C
-4.027,-2.989,2,S,372,D
-3.802,-2.955,5,S,372,E
-4.549,-3.043,3,S,372,F
-3.675,-2.933,7,S,372,G
-3.986,-2.983,2,S,372,H
-6.135,-3.108,32,S,372,I
-3.984,-2.983,4,S,372,K
-3.988,-2.983,7,S,372,L
-3.628,-2.924,2,S,372,M
-4.543,-3.043,10,S,372,N
-4.088,-2.996,3,S,372,P
-4.094,-2.997,3,S,372,Q
-5.039,-3.075,20,S,372,R
0,0,,S,372,S
-4.19,-3.009,8,S,372,T
-5.088,-3.077,7,S,372,V
-4.259,-3.016,4,S,372,W
-3.487,-2.895,3,S,372,Y
-3.271,-2.842,4,L,373,A
-4.813,-3.062,6,L,373,C
-5.708,-3.099,6,L,373,D
-4.03,-2.989,7,L,373,E
-1.387,-1.697,4,L,373,F
-4.243,-3.014,4,L,373,G
-3.698,-2.937,2,L,373,H
0.8206,0.8895,6,L,373,I
-3.313,-2.853,5,L,373,K
0,0,,L,373,L
0.7215,0.7981,15,L,373,M
-2.872,-2.714,3,L,373,N
-3.479,-2.893,11,L,373,P
-4.125,-3.001,4,L,373,Q
-2.991,-2.757,3,L,373,R
-3.875,-2.967,6,L,373,S
-4.325,-3.023,4,L,373,T
-2.023,-2.257,4,L,373,V
-4.249,-3.015,4,L,373,W
-5.402,-3.09,4,L,373,Y
-5.546,-3.095,6,T,374,A
-2.478,-2.538,6,T,374,C
-1.128,-1.415,3,T,374,D
-2.698,-2.643,4,T,374,E
-4.478,-3.037,5,T,374,F
-4.115,-3,2,T,374,G
-3.249,-2.836,3,T,374,H
-6.733,-3.116,13,T,374,I
-3.628,-2.924,1,T,374,K
-2.723,-2.654,4,T,374,L
-4.059,-2.993,5,T,374,M
-3.274,-2.843,7,T,374,N
-2.836,-2.7,7,T,374,P
-3.621,-2.923,1,T,374,Q
-4.324,-3.023,8,T,374,R
-0.9579,-1.215,6,T,374,S
0,0,,T,374,T
-3.716,-2.94,9,T,374,V
-2.609,-2.603,4,T,374,W
-1.864,-2.135,2,T,374,Y
-1.468,-1.779,2,L,375,A
-3.619,-2.922,6,L,375,C
-5.137,-3.08,5,L,375,D
-2.099,-2.31,3,L,375,E
-1.158,-1.449,3,L,375,F
-3.331,-2.858,5,L,375,G
-4.439,-3.034,6,L,375,H
-0.1721,-0.2162,6,L,375,I
-3.603,-2.919,1,L,375,K
0,0,,L,375,L
-1.219,-1.517,22,L,375,M
-3.704,-2.938,3,L,375,N
-4.317,-3.022,12,L,375,P
-3.022,-2.767,6,L,375,Q
-4.283,-3.019,6,L,375,R
-3.968,-2.98,4,L,375,S
-3.852,-2.963,3,L,375,T
-0.6832,-0.8735,3,L,375,V
1.098,1.119,6,L,375,W
-4.093,-2.997,4,L,375,Y
1.846,1.562,4,P,376,A
-1.983,-2.227,7,P,376,C
2.111,1.667,3,P,376,D
1.395,1.324,6,P,376,E
-0.48,-0.6127,7,P,376,G
-2.481,-2.54,13,P,376,H
-1.923,-2.182,5,P,376,I
-2.186,-2.368,3,P,376,K
-3.386,-2.871,8,P,376,L
-0.4823,-0.6156,6,P,376,M
-3.832,-2.96,4,P,376,N
0,0,,P,376,P
0.2218,0.2671,5,P,376,Q
-2.146,-2.342,5,P,376,R
0.4311,0.5028,18,P,376,S
-1.439,-1.75,14,P,376,T
1.197,1.193,2,P,376,V
-3.948,-2.978,2,P,376,W
-3.59,-2.916,1,P,376,Y
-0.3504,-0.4451,2,S,377,A
0.9491,1.001,6,S,377,C
-0.8156,-1.04,11,S,377,E
-0.4224,-0.5382,3,S,377,F
-1.234,-1.533,5,S,377,G
-0.5171,-0.6605,6,S,377,H
0.4292,0.5007,10,S,377,I
-1.615,-1.92,7,S,377,K
-0.3732,-0.4746,3,S,377,L
-0.9814,-1.243,6,S,377,M
-0.4938,-0.6304,8,S,377,N
0.2336,0.2808,4,S,377,P
0.08641,0.1059,3,S,377,Q
0.1598,0.194,10,S,377,R
0,0,,S,377,S
-3.444,-2.885,1,S,377,T
-1.419,-1.73,7,S,377,V
-0.7837,-1,6,S,377,W
-0.7531,-0.962,1,S,377,Y
-3.026,-2.769,29,E,378,*
-1.098,-1.38,6,E,378,A
-2.311,-2.445,4,E,378,C
0.2666,0.319,30,E,378,D
0,0,,E,378,E
-3.182,-2.817,8,E,378,F
-1.98,-2.225,5,E,378,G
-3.795,-2.954,6,E,378,H
-3.138,-2.804,9,E,378,I
-3.131,-2.802,21,E,378,K
-3.197,-2.822,4,E,378,L
-2.606,-2.601,3,E,378,M
-1.771,-2.058,1,E,378,N
-3.895,-2.97,2,E,378,P
-1.102,-1.384,6,E,378,Q
-3.8,-2.955,4,E,378,R
-1.919,-2.178,2,E,378,S
-3.907,-2.972,2,E,378,T
-2.128,-2.329,5,E,378,V
-1.914,-2.175,5,E,378,W
-1.611,-1.917,9,E,378,Y
0.5125,0.5896,3,V,379,A
-0.6654,-0.8509,3,V,379,C
-3.511,-2.9,5,V,379,D
-3.911,-2.972,4,V,379,E
-4.563,-3.044,6,V,379,F
-4.662,-3.052,2,V,379,G
-2.041,-2.269,2,V,379,H
-0.1645,-0.2065,4,V,379,I
-2.825,-2.696,3,V,379,K
-2.601,-2.599,6,V,379,L
-1.591,-1.898,5,V,379,M
-3.822,-2.958,4,V,379,N
-2.887,-2.72,10,V,379,P
-1.5,-1.811,1,V,379,Q
-5.581,-3.096,3,V,379,R
-1.118,-1.404,4,V,379,S
-2.747,-2.664,1,V,379,T
0,0,,V,379,V
-2.866,-2.712,3,V,379,W
-3.637,-2.926,3,V,379,Y
-0.2085,-0.2627,1,N,380,A
0.9019,0.9609,2,N,380,C
0.7438,0.819,8,N,380,D
2.14,1.677,3,N,380,E
-1.027,-1.297,8,N,380,F
1.232,1.217,4,N,380,G
0.7374,0.8131,4,N,380,H
-0.3999,-0.5091,8,N,380,I
-0.39,-0.4963,6,N,380,K
-0.5737,-0.7334,1,N,380,L
0.3543,0.4184,7,N,380,M
0,0,,N,380,N
-0.4358,-0.5555,3,N,380,P
-0.3388,-0.4302,4,N,380,Q
-0.7115,-0.9095,2,N,380,R
0.3323,0.3937,5,N,380,S
1.539,1.409,6,N,380,T
4.285,2.001,5,N,380,V
0.1951,0.2358,6,N,380,W
0.1648,0.1999,3,N,380,Y
-1.161,-1.452,6,L,381,A
0.4054,0.4749,3,L,381,C
1.244,1.225,3,L,381,E
-0.2449,-0.3093,1,L,381,F
-2.042,-2.27,8,L,381,G
-0.4386,-0.5591,5,L,381,H
-2.676,-2.634,4,L,381,K
0,0,,L,381,L
-0.8683,-1.106,12,L,381,M
0.05967,0.07332,2,L,381,N
-4.029,-2.989,16,L,381,P
-0.14,-0.1755,5,L,381,Q
-2.798,-2.685,5,L,381,R
0.4869,0.5626,7,L,381,S
-0.2273,-0.2867,8,L,381,T
-0.8063,-1.029,5,L,381,V
-0.3922,-0.4991,6,L,381,W
-0.2682,-0.3391,3,L,381,Y
-3.809,-2.956,2,C,382,A
0,0,,C,382,C
-1.405,-1.715,1,C,382,D
-4.363,-3.027,6,C,382,E
-4.87,-3.066,13,C,382,F
-3.372,-2.868,2,C,382,G
-2.28,-2.427,6,C,382,H
-4.189,-3.009,3,C,382,I
-1.133,-1.42,1,C,382,K
-4.249,-3.015,4,C,382,L
-4.061,-2.993,4,C,382,M
-3.394,-2.873,3,C,382,N
-3.619,-2.922,2,C,382,P
-3.833,-2.96,8,C,382,Q
-5.206,-3.083,6,C,382,R
-4.169,-3.006,9,C,382,S
-4.005,-2.986,3,C,382,T
-5.338,-3.088,6,C,382,V
-3.551,-2.908,2,C,382,W
-4.545,-3.043,15,C,382,Y
-3.619,-2.922,1,N,383,A
-2.587,-2.593,4,N,383,C
-2.809,-2.69,9,N,383,D
-3.22,-2.828,7,N,383,E
-4.311,-3.022,5,N,383,F
-4.056,-2.992,4,N,383,G
-2.459,-2.528,5,N,383,H
-3.443,-2.885,3,N,383,I
-2.839,-2.702,11,N,383,K
-3.536,-2.905,6,N,383,L
-3.969,-2.981,4,N,383,M
0,0,,N,383,N
-3.609,-2.92,5,N,383,P
-1.671,-1.971,3,N,383,Q
-3.354,-2.863,2,N,383,R
-3.985,-2.983,7,N,383,S
-3.503,-2.898,9,N,383,V
-3.393,-2.873,5,N,383,W
0.2991,0.3561,2,V,384,A
0.3101,0.3686,3,V,384,C
0.3434,0.4063,2,V,384,D
1.093,1.116,8,V,384,E
0.5531,0.6317,8,V,384,F
-1.139,-1.427,3,V,384,G
-0.2778,-0.3515,3,V,384,H
0.1974,0.2384,19,V,384,I
-0.5591,-0.7146,6,V,384,K
0.01597,0.01973,4,V,384,L
-0.6563,-0.8393,5,V,384,M
-0.7166,-0.916,4,V,384,N
-0.9985,-1.263,2,V,384,P
0.3637,0.4289,6,V,384,Q
0.06689,0.08213,4,V,384,R
-0.7927,-1.012,4,V,384,S
-0.4132,-0.5263,6,V,384,T
0,0,,V,384,V
-0.5645,-0.7216,11,V,384,W
2.045,1.643,3,V,384,Y
-0.7867,-1.004,7,D,385,A
-3.747,-2.946,4,D,385,C
0,0,,D,385,D
-0.7202,-0.9204,5,D,385,E
-1.079,-1.359,3,D,385,F
-3.66,-2.93,4,D,385,G
-1.524,-1.835,3,D,385,H
-2.624,-2.61,5,D,385,I
-2.886,-2.719,5,D,385,K
-5.798,-3.102,12,D,385,L
-2.349,-2.467,3,D,385,M
-0.3556,-0.4518,20,D,385,N
-3.318,-2.854,2,D,385,P
-1.067,-1.344,2,D,385,Q
-1.752,-2.042,4,D,385,R
-3.904,-2.971,7,D,385,S
-2.589,-2.593,7,D,385,T
-3.764,-2.949,6,D,385,V
-0.58,-0.7416,2,D,385,W
-2.033,-2.264,11,D,385,Y
-2.665,-2.629,5,I,386,A
-3.784,-2.952,7,I,386,C
-1.422,-1.733,4,I,386,D
-2.923,-2.733,9,I,386,E
-2.228,-2.395,2,I,386,F
-7.398,-3.121,4,I,386,G
-2.946,-2.741,1,I,386,H
0,0,,I,386,I
-2.795,-2.684,3,I,386,K
-1.199,-1.495,5,I,386,L
-0.8545,-1.088,6,I,386,M
-3.004,-2.762,4,I,386,N
-2.118,-2.323,4,I,386,P
-2.346,-2.466,1,I,386,Q
-3.26,-2.839,3,I,386,R
-3.36,-2.865,2,I,386,S
-4.384,-3.029,5,I,386,T
-1.104,-1.387,5,I,386,V
-3.947,-2.977,4,I,386,W
-3.377,-2.869,8,I,386,Y
-0.6603,-0.8444,1,F,387,A
-3.703,-2.938,11,F,387,C
-1.483,-1.795,2,F,387,D
-2.123,-2.326,1,F,387,E
0,0,,F,387,F
-1.578,-1.886,4,F,387,G
-1.541,-1.851,4,F,387,H
-1.792,-2.076,7,F,387,I
-0.6926,-0.8855,1,F,387,K
-0.7715,-0.985,9,F,387,L
-5.319,-3.087,3,F,387,M
-0.52,-0.6642,7,F,387,N
-3.83,-2.96,9,F,387,P
-0.2173,-0.2739,4,F,387,Q
-1.924,-2.183,4,F,387,R
-1.44,-1.752,4,F,387,S
-0.5632,-0.72,3,F,387,T
-1.658,-1.96,1,F,387,V
-0.3426,-0.435,6,F,387,W
-1.029,-1.3,1,N,388,A
-3.907,-2.971,11,N,388,C
0.2222,0.2675,2,N,388,D
-1.59,-1.898,1,N,388,E
-2.588,-2.593,4,N,388,F
-0.62,-0.7929,6,N,388,G
-1.325,-1.632,5,N,388,H
-1.683,-1.982,4,N,388,I
-3.576,-2.913,10,N,388,K
-4.877,-3.066,3,N,388,L
-4.283,-3.019,10,N,388,M
0,0,,N,388,N
-3.316,-2.854,6,N,388,P
-0.9154,-1.163,5,N,388,Q
-3.932,-2.975,6,N,388,R
-1.672,-1.973,3,N,388,S
-1.189,-1.483,5,N,388,T
-2.093,-2.306,7,N,388,V
-5.128,-3.079,4,N,388,W
-4.501,-3.039,7,N,388,Y
0.6622,0.741,5,P,389,A
-2.124,-2.327,4,P,389,C
0.09533,0.1167,8,P,389,D
0.6449,0.724,1,P,389,E
-0.08089,-0.1008,4,P,389,F
-0.06046,-0.07523,4,P,389,G
-0.1669,-0.2097,36,P,389,H
0.647,0.7261,6,P,389,I
-2.124,-2.327,10,P,389,K
0.3131,0.3721,13,P,389,L
-0.3893,-0.4954,6,P,389,M
0.3637,0.4289,5,P,389,N
0,0,,P,389,P
1.34,1.29,3,P,389,Q
-2.232,-2.397,5,P,389,R
0.1323,0.1611,14,P,389,S
0.55,0.6284,22,P,389,T
-0.2932,-0.3714,4,P,389,V
-1.111,-1.395,2,P,389,W
-0.4965,-0.6339,4,P,389,Y
-1.74,-2.032,1,K,390,*
0.2824,0.3371,7,K,390,A
-2.546,-2.573,6,K,390,C
1.648,1.468,5,K,390,D
2.264,1.717,11,K,390,E
0.3894,0.4573,3,K,390,F
-0.3528,-0.4482,5,K,390,G
0.05573,0.06852,4,K,390,H
-3.732,-2.943,2,K,390,I
0,0,,K,390,K
1.105,1.125,6,K,390,L
1.827,1.554,9,K,390,M
0.1474,0.1792,4,K,390,N
-2.986,-2.755,6,K,390,P
0.5707,0.6497,4,K,390,Q
0.6064,0.6857,6,K,390,R
0.9302,0.985,7,K,390,S
-0.07883,-0.09826,4,K,390,T
0.1582,0.1921,3,K,390,V
1.148,1.157,7,K,390,W
-0.3594,-0.4568,5,K,390,Y
-1.867,-2.138,3,Y,391,*
-2.669,-2.63,3,Y,391,A
-3.733,-2.943,7,Y,391,C
-3.618,-2.922,3,Y,391,D
-3.301,-2.85,2,Y,391,E
0.4808,0.5561,7,Y,391,F
-1.454,-1.766,2,Y,391,H
-2.515,-2.557,5,Y,391,I
-4.26,-3.016,5,Y,391,K
-3.61,-2.92,5,Y,391,M
-5.38,-3.089,8,Y,391,N
-1.89,-2.156,3,Y,391,P
-4.2,-3.01,3,Y,391,Q
-5.196,-3.082,4,Y,391,R
-1.404,-1.715,2,Y,391,S
-2.755,-2.668,3,Y,391,T
-2.38,-2.485,7,Y,391,V
-1.445,-1.757,4,Y,391,W
0,0,,Y,391,Y
-3.888,-2.969,3,D,392,A
-3.618,-2.922,6,D,392,C
0,0,,D,392,D
-4.992,-3.072,7,D,392,E
-3.745,-2.945,7,D,392,F
-2.257,-2.413,4,D,392,G
-3.52,-2.902,9,D,392,H
-2.182,-2.366,3,D,392,I
-3.569,-2.912,3,D,392,K
-3.523,-2.902,5,D,392,L
-5.047,-3.075,1,D,392,M
-0.8325,-1.061,16,D,392,N
-3.755,-2.947,3,D,392,P
-2.074,-2.293,3,D,392,Q
-4.871,-3.066,7,D,392,R
-3.617,-2.922,1,D,392,S
-1.86,-2.132,6,D,392,T
-3.255,-2.838,4,D,392,V
-4.125,-3.001,1,D,392,W
-3.612,-2.921,12,D,392,Y
-3.59,-2.916,4,C,393,*
-4.227,-3.013,5,C,393,A
0,0,,C,393,C
-2.152,-2.346,2,C,393,D
-3.63,-2.924,3,C,393,E
-3.332,-2.858,11,C,393,F
-3.036,-2.772,6,C,393,G
-3.54,-2.906,2,C,393,H
-4.057,-2.992,4,C,393,I
-4.276,-3.018,7,C,393,K
-2.849,-2.705,1,C,393,M
-3.722,-2.941,5,C,393,N
-2.276,-2.425,5,C,393,P
-2.954,-2.744,3,C,393,Q
-2.94,-2.739,4,C,393,R
-4.929,-3.069,6,C,393,S
-4.542,-3.043,6,C,393,T
-4.533,-3.042,6,C,393,V
-2.682,-2.636,4,C,393,W
-5.039,-3.075,14,C,393,Y
-3.618,-2.922,1,K,394,*
-4.026,-2.988,6,K,394,A
-3.755,-2.947,3,K,394,C
-4.561,-3.044,7,K,394,D
-4.278,-3.018,8,K,394,E
-2.685,-2.637,1,K,394,F
-4.74,-3.057,8,K,394,G
-0.385,-0.4899,2,K,394,H
-3.594,-2.917,1,K,394,I
0,0,,K,394,K
-3.069,-2.783,3,K,394,L
-0.3457,-0.439,7,K,394,M
-2.769,-2.673,6,K,394,N
-3.458,-2.888,2,K,394,P
-3.969,-2.981,4,K,394,Q
-2.435,-2.515,8,K,394,R
-3.626,-2.924,2,K,394,S
-2.516,-2.557,7,K,394,T
-3.802,-2.955,4,K,394,V
-2.74,-2.662,6,K,394,W
-4.148,-3.004,5,K,394,Y
-4.431,-3.033,5,I,395,A
-0.1013,-0.1265,3,I,395,C
-3.305,-2.851,5,I,395,D
-2.554,-2.577,4,I,395,E
-6.571,-3.115,6,I,395,F
0.1699,0.206,1,I,395,G
-2.816,-2.693,3,I,395,H
0,0,,I,395,I
-2.022,-2.256,6,I,395,K
-0.9915,-1.255,4,I,395,L
-3.744,-2.945,4,I,395,M
-4.541,-3.043,6,I,395,N
-3.037,-2.773,5,I,395,P
-2.727,-2.656,3,I,395,Q
-3.468,-2.891,3,I,395,R
-6.177,-3.109,5,I,395,S
-2.511,-2.555,5,I,395,T
0.6863,0.7644,4,I,395,V
-4.332,-3.024,5,I,395,W
-2.338,-2.461,2,I,395,Y
-3.244,-2.835,4,M,396,C
-4.989,-3.072,9,M,396,D
-4.203,-3.01,5,M,396,E
-2.449,-2.523,5,M,396,F
-1.206,-1.502,4,M,396,G
-0.7061,-0.9026,1,M,396,H
-5.025,-3.074,23,M,396,I
-0.05923,-0.07369,5,M,396,K
-0.5438,-0.695,5,M,396,L
0,0,,M,396,M
-4.594,-3.047,6,M,396,N
-2.824,-2.696,12,M,396,P
-2.417,-2.505,5,M,396,Q
-2.267,-2.419,3,M,396,R
-2.097,-2.308,6,M,396,S
-4.024,-2.988,3,M,396,T
-2.651,-2.622,5,M,396,V
0.8947,0.9547,1,M,396,W
-2.928,-2.735,4,M,396,Y
-4.703,-3.055,3,T,397,A
-4.336,-3.024,6,T,397,C
-2.037,-2.266,1,T,397,D
-2.385,-2.488,2,T,397,E
-4.064,-2.993,4,T,397,F
-3.619,-2.922,1,T,397,G
-4.19,-3.009,4,T,397,H
-4.493,-3.039,10,T,397,I
-2.607,-2.602,2,T,397,K
-4.676,-3.053,7,T,397,L
-4.232,-3.013,3,T,397,M
-3.452,-2.887,11,T,397,N
-0.6371,-0.8148,5,T,397,P
-4.607,-3.048,1,T,397,Q
-3.656,-2.929,4,T,397,R
-0.7091,-0.9064,2,T,397,S
0,0,,T,397,T
-4.733,-3.057,7,T,397,V
-4.446,-3.035,6,T,397,W
-3.772,-2.95,5,T,397,Y
-2.709,-2.648,3,S,398,A
-2.567,-2.583,3,S,398,C
-3.341,-2.86,3,S,398,D
-4.517,-3.041,5,S,398,E
-1.663,-1.965,10,S,398,F
-0.1666,-0.2092,3,S,398,G
-1.333,-1.641,3,S,398,H
-4.248,-3.015,4,S,398,I
-2.671,-2.632,3,S,398,K
-4.397,-3.03,8,S,398,L
-1.301,-1.607,5,S,398,M
-4.22,-3.012,3,S,398,N
-4.023,-2.988,5,S,398,P
-2.664,-2.628,5,S,398,Q
-3.932,-2.975,2,S,398,R
0,0,,S,398,S
-0.1753,-0.2202,2,S,398,T
-3.716,-2.94,4,S,398,V
-2.787,-2.681,3,S,398,W
-2.139,-2.337,10,S,398,Y
-3.625,-2.923,2,K,399,A
-3.459,-2.889,2,K,399,C
-3.65,-2.928,5,K,399,D
-4.023,-2.988,5,K,399,E
-3.684,-2.935,5,K,399,F
-2.454,-2.526,5,K,399,G
-4.036,-2.99,3,K,399,H
-1.319,-1.626,7,K,399,I
0,0,,K,399,K
-3.849,-2.963,5,K,399,L
-1.586,-1.894,7,K,399,M
-3.061,-2.78,7,K,399,N
-4.206,-3.01,11,K,399,P
-1.569,-1.877,3,K,399,Q
-1.707,-2.004,12,K,399,R
-4.39,-3.029,3,K,399,S
-3.621,-2.923,3,K,399,T
-3.31,-2.852,8,K,399,V
-3.774,-2.95,6,K,399,W
-1.959,-2.209,5,K,399,Y
-1.526,-1.837,8,T,400,A
-3.582,-2.915,2,T,400,C
-4.565,-3.045,5,T,400,D
-3.667,-2.931,5,T,400,E
-2.421,-2.508,4,T,400,F
-2.953,-2.744,6,T,400,G
-3.919,-2.973,4,T,400,H
-4.057,-2.992,10,T,400,I
-4.319,-3.022,7,T,400,K
-7.359,-3.121,5,T,400,L
-1.352,-1.66,3,T,400,M
-2.693,-2.641,5,T,400,N
-2.579,-2.589,5,T,400,P
-2.962,-2.747,1,T,400,Q
-3.297,-2.849,2,T,400,R
-0.1738,-0.2183,7,T,400,S
0,0,,T,400,T
-2.806,-2.689,5,T,400,V
-4.783,-3.06,4,T,400,W
-0.7383,-0.9433,6,T,400,Y
-1.574,-1.882,4,D,401,A
-1.27,-1.573,7,D,401,C
0,0,,D,401,D
-3.561,-2.911,4,D,401,E
-0.9629,-1.221,5,D,401,F
-3.625,-2.923,2,D,401,G
-3.618,-2.922,1,D,401,H
-2.184,-2.367,1,D,401,I
-1.159,-1.45,5,D,401,K
-3.619,-2.922,1,D,401,L
-2.004,-2.243,3,D,401,M
-4.47,-3.037,15,D,401,N
-2.103,-2.313,2,D,401,P
-3.023,-2.768,3,D,401,Q
-1.069,-1.346,4,D,401,R
-1.032,-1.303,5,D,401,S
-1.681,-1.98,6,D,401,T
-0.9119,-1.159,5,D,401,V
-3.288,-2.847,5,D,401,W
-1.684,-1.983,10,D,401,Y
-2.536,-2.568,7,V,402,A
-4.35,-3.026,4,V,402,C
-6.012,-3.106,9,V,402,D
-4.258,-3.016,5,V,402,E
-1.235,-1.534,2,V,402,F
-3.154,-2.809,4,V,402,G
-3.49,-2.895,6,V,402,H
1.831,1.556,4,V,402,I
-5.045,-3.075,11,V,402,K
0.1164,0.1421,11,V,402,L
0.02636,0.03252,13,V,402,M
-4.252,-3.016,5,V,402,N
-3.906,-2.971,3,V,402,P
-2.736,-2.659,7,V,402,Q
-3.635,-2.925,2,V,402,R
-2.656,-2.625,5,V,402,S
-2.366,-2.477,5,V,402,T
0,0,,V,402,V
-1.032,-1.303,6,V,402,W
2.647,1.817,6,V,402,Y
-0.5882,-0.7521,9,S,403,A
-4.311,-3.022,7,S,403,C
-4.558,-3.044,7,S,403,D
-4.365,-3.027,7,S,403,E
-4.161,-3.005,7,S,403,F
-1.433,-1.744,5,S,403,G
-4.037,-2.99,2,S,403,H
-3.017,-2.766,3,S,403,I
-4.645,-3.051,6,S,403,K
-3.693,-2.936,3,S,403,L
-3.115,-2.797,4,S,403,M
-3.633,-2.925,4,S,403,N
-2.315,-2.448,2,S,403,P
-4.429,-3.033,6,S,403,Q
-2.59,-2.594,8,S,403,R
0,0,,S,403,S
-0.5137,-0.6561,7,S,403,T
-4.034,-2.989,1,S,403,V
-5.459,-3.092,8,S,403,W
-4.009,-2.986,17,S,403,Y
-0.6975,-0.8917,5,S,404,A
-3.102,-2.793,1,S,404,C
-4.212,-3.011,6,S,404,D
-3.984,-2.983,4,S,404,E
-1.21,-1.507,2,S,404,F
-4.127,-3.001,10,S,404,G
-3.884,-2.968,8,S,404,H
-1.016,-1.284,12,S,404,I
-1.421,-1.732,5,S,404,K
0.1543,0.1875,1,S,404,L
-2.172,-2.359,1,S,404,M
-4.474,-3.037,18,S,404,N
-4.621,-3.049,5,S,404,P
-2.388,-2.489,4,S,404,Q
-0.6236,-0.7975,15,S,404,R
0,0,,S,404,S
-4.621,-3.049,5,S,404,T
0.7176,0.7943,2,S,404,V
-1.478,-1.79,1,S,404,Y
-2.685,-2.638,7,S,405,*
0.2673,0.3198,5,S,405,A
-1.167,-1.459,4,S,405,C
-2.865,-2.712,4,S,405,D
-4.334,-3.024,11,S,405,E
-3.573,-2.913,1,S,405,F
-2.058,-2.281,6,S,405,G
-1.004,-1.27,8,S,405,I
-3.491,-2.896,3,S,405,K
-1.587,-1.894,7,S,405,L
-2.259,-2.414,4,S,405,M
-1.987,-2.23,7,S,405,N
-1.996,-2.237,4,S,405,P
-2.45,-2.524,5,S,405,Q
-3.81,-2.956,4,S,405,R
0,0,,S,405,S
-0.2896,-0.3668,4,S,405,T
-0.7238,-0.925,4,S,405,V
-1.722,-2.016,5,S,405,W
-4.491,-3.039,4,S,405,Y
-1.146,-1.435,8,V,406,A
0.04547,0.05597,3,V,406,C
-5.716,-3.1,5,V,406,D
-4.081,-2.995,6,V,406,E
-2.927,-2.735,5,V,406,F
-1.652,-1.954,2,V,406,G
-0.2275,-0.287,7,V,406,H
-3.816,-2.957,4,V,406,K
-6.199,-3.11,8,V,406,L
-0.3037,-0.3849,17,V,406,M
-2.762,-2.671,8,V,406,N
-3.569,-2.912,7,V,406,P
0.3525,0.4164,2,V,406,Q
-2.261,-2.415,7,V,406,R
0.3831,0.4504,7,V,406,S
-3.146,-2.807,6,V,406,T
0,0,,V,406,V
-3.657,-2.93,6,V,406,W
-0.4527,-0.5774,4,V,406,Y
-3.322,-2.856,6,I,407,A
-3.693,-2.936,2,I,407,C
-2.194,-2.373,4,I,407,D
-3.657,-2.93,2,I,407,E
-4.168,-3.006,6,I,407,F
-2.793,-2.683,6,I,407,G
-4.234,-3.014,7,I,407,H
0,0,,I,407,I
-4.084,-2.996,9,I,407,K
-4.561,-3.044,7,I,407,L
-1.161,-1.452,5,I,407,M
-4.502,-3.039,8,I,407,N
-4.037,-2.99,2,I,407,P
-4.452,-3.035,4,I,407,Q
-2.913,-2.729,4,I,407,R
-2.762,-2.671,7,I,407,S
-1.068,-1.346,6,I,407,T
-1.611,-1.917,2,I,407,V
-2.164,-2.354,2,I,407,W
-3.619,-2.922,8,I,407,Y
-2.958,-2.746,11,T,408,A
-3.194,-2.821,3,T,408,C
-3.94,-2.976,9,T,408,D
-3.41,-2.877,3,T,408,E
-6.058,-3.107,4,T,408,F
-2.435,-2.515,6,T,408,G
-3.906,-2.971,14,T,408,I
-2.483,-2.54,4,T,408,K
-2.373,-2.481,2,T,408,L
-3.609,-2.92,3,T,408,M
-3.03,-2.77,10,T,408,N
-2.921,-2.732,6,T,408,Q
-3.364,-2.866,7,T,408,R
-0.9737,-1.234,4,T,408,S
0,0,,T,408,T
-3.848,-2.962,4,T,408,V
-3.208,-2.825,9,T,408,W
-4.101,-2.998,7,T,408,Y
0.415,0.4853,4,S,409,A
-2.097,-2.309,5,S,409,C
-0.7846,-1.002,2,S,409,D
-1.166,-1.457,3,S,409,E
-1.3,-1.606,7,S,409,F
-0.4879,-0.6228,7,S,409,G
-1.03,-1.301,3,S,409,H
-0.06464,-0.08046,20,S,409,I
-0.3399,-0.4316,4,S,409,K
-1.824,-2.103,7,S,409,L
-1.145,-1.434,3,S,409,M
0.05158,0.06344,16,S,409,N
-2.707,-2.647,5,S,409,P
-1.139,-1.427,5,S,409,R
0,0,,S,409,S
-1.363,-1.672,4,S,409,T
-2.798,-2.685,4,S,409,V
-1.127,-1.414,4,S,409,W
-1.625,-1.93,2,S,409,Y
-3.749,-2.946,7,L,410,A
-2.553,-2.576,9,L,410,C
-3.864,-2.965,6,L,410,D
-3.236,-2.833,6,L,410,E
-4.103,-2.998,4,L,410,F
-3.612,-2.921,3,L,410,G
-2.602,-2.6,3,L,410,H
-1.151,-1.441,7,L,410,I
-1.473,-1.784,3,L,410,K
0,0,,L,410,L
0.1825,0.2209,6,L,410,M
-1.072,-1.35,5,L,410,N
-2.014,-2.25,10,L,410,P
-1.967,-2.215,9,L,410,Q
-4.514,-3.04,6,L,410,R
-3.643,-2.927,6,L,410,S
-2.179,-2.363,2,L,410,T
-0.1976,-0.2487,9,L,410,V
-2.634,-2.615,2,L,410,W
-3.4,-2.875,1,L,410,Y
-1.872,-2.142,16,G,411,*
-2.388,-2.49,3,G,411,A
-2.974,-2.751,6,G,411,C
-2.731,-2.657,3,G,411,D
-4.465,-3.036,11,G,411,E
-5.367,-3.089,7,G,411,F
0,0,,G,411,G
-3.429,-2.882,1,G,411,H
-2.232,-2.397,5,G,411,I
-3.091,-2.79,2,G,411,K
-2.978,-2.753,1,G,411,L
-3.639,-2.926,2,G,411,M
-3.651,-2.928,7,G,411,N
-4.215,-3.011,5,G,411,P
-2.952,-2.743,2,G,411,Q
-7.163,-3.119,15,G,411,R
-4.227,-3.013,4,G,411,S
-2.202,-2.378,6,G,411,T
-5.739,-3.1,13,G,411,V
-4.367,-3.027,5,G,411,W
-5.345,-3.088,5,G,411,Y
0,0,,A,412,A
-0.4145,-0.5279,2,A,412,C
-2.584,-2.591,12,A,412,D
-4.532,-3.042,6,A,412,E
-5.004,-3.073,6,A,412,F
-2.597,-2.597,6,A,412,G
-1.852,-2.125,2,A,412,I
-0.9849,-1.247,2,A,412,K
-2.665,-2.629,5,A,412,L
-5.387,-3.09,3,A,412,M
-2.966,-2.748,4,A,412,N
-2.339,-2.462,4,A,412,P
-3.198,-2.822,3,A,412,Q
-4.371,-3.028,6,A,412,R
-0.9688,-1.228,13,A,412,S
-3.151,-2.808,16,A,412,T
-1.824,-2.103,8,A,412,V
-4.51,-3.04,6,A,412,W
-3.614,-2.921,2,A,412,Y
-3.153,-2.809,8,I,413,A
-2.79,-2.682,5,I,413,C
-3.756,-2.947,3,I,413,D
-4.17,-3.006,5,I,413,E
-4.262,-3.017,5,I,413,F
-2.729,-2.657,1,I,413,G
-1.663,-1.965,3,I,413,H
0,0,,I,413,I
-3.802,-2.955,2,I,413,K
-0.0176,-0.02181,3,I,413,L
0.573,0.652,3,I,413,M
-2.746,-2.664,6,I,413,N
-2.589,-2.593,5,I,413,P
-1.602,-1.909,3,I,413,Q
-2.652,-2.623,5,I,413,R
-2.218,-2.388,3,I,413,S
-2.056,-2.28,11,I,413,T
-0.185,-0.2326,7,I,413,V
-3.291,-2.847,9,I,413,W
-4.166,-3.006,8,I,413,Y
-5.125,-3.079,8,V,414,A
-2.251,-2.409,3,V,414,C
-3.508,-2.899,3,V,414,D
-3.653,-2.929,3,V,414,E
-4.084,-2.996,3,V,414,F
-3.624,-2.923,1,V,414,G
-3.132,-2.803,7,V,414,H
0.4073,0.4769,2,V,414,I
-3.326,-2.857,1,V,414,K
-0.4414,-0.5627,10,V,414,L
0.1479,0.1799,19,V,414,M
-3.406,-2.876,5,V,414,N
-2.092,-2.306,5,V,414,P
-1.522,-1.833,3,V,414,Q
-3.618,-2.922,2,V,414,R
-1.993,-2.235,2,V,414,S
-3.898,-2.97,5,V,414,T
0,0,,V,414,V
-2.182,-2.365,1,V,414,W
-4.505,-3.04,5,V,414,Y
-1.829,-2.107,4,S,415,A
-1.095,-1.377,3,S,415,C
-4.293,-3.02,9,S,415,D
-2.656,-2.625,8,S,415,E
-4.033,-2.989,11,S,415,F
-0.3699,-0.4703,6,S,415,G
-3.369,-2.867,2,S,415,H
-3.877,-2.967,8,S,415,I
-3.53,-2.904,2,S,415,K
-2.385,-2.488,6,S,415,L
-3.857,-2.964,3,S,415,M
-4.375,-3.028,7,S,415,P
-3.619,-2.922,1,S,415,Q
-3.619,-2.922,2,S,415,R
0,0,,S,415,S
-1.108,-1.392,1,S,415,T
-0.6955,-0.8892,4,S,415,V
-3.969,-2.98,4,S,415,W
-3.336,-2.859,8,S,415,Y
-4.794,-3.061,7,C,416,*
-3.425,-2.881,5,C,416,A
0,0,,C,416,C
-1.659,-1.961,7,C,416,D
-2.783,-2.679,7,C,416,E
-3.326,-2.857,9,C,416,F
-2.647,-2.621,4,C,416,G
-3.17,-2.814,3,C,416,H
-1.59,-1.897,4,C,416,I
-4.589,-3.047,6,C,416,K
-1.208,-1.505,4,C,416,L
-3.415,-2.878,10,C,416,M
-4.157,-3.005,6,C,416,N
-0.9332,-1.185,2,C,416,P
-1.751,-2.042,3,C,416,Q
-3.735,-2.944,7,C,416,R
-3.668,-2.932,6,C,416,S
-2.016,-2.251,3,C,416,T
-3.817,-2.958,4,C,416,V
-2.17,-2.358,7,C,416,W
-2.935,-2.738,9,C,416,Y
-1.012,-1.28,3,Y,417,*
-0.5848,-0.7477,5,Y,417,A
-2.567,-2.583,7,Y,417,C
-5.84,-3.103,2,Y,417,D
-3.703,-2.938,5,Y,417,E
-1.946,-2.199,7,Y,417,F
-3.328,-2.857,4,Y,417,G
-1.95,-2.202,10,Y,417,H
-4.041,-2.99,3,Y,417,I
-2.318,-2.449,4,Y,417,K
-3.615,-2.921,1,Y,417,L
-3.234,-2.832,5,Y,417,M
-2.413,-2.503,5,Y,417,N
-2.747,-2.664,1,Y,417,P
-3.108,-2.795,7,Y,417,Q
-2.443,-2.52,5,Y,417,R
-3.017,-2.766,6,Y,417,S
-2.076,-2.294,10,Y,417,T
-3.882,-2.968,6,Y,417,V
-4.967,-3.071,7,Y,417,W
0,0,,Y,417,Y
0.02924,0.03605,3,G,418,A
-3.538,-2.906,16,G,418,C
-1.713,-2.009,22,G,418,D
-2.446,-2.521,3,G,418,E
-4.308,-3.021,6,G,418,F
0,0,,G,418,G
-1.913,-2.174,4,G,418,H
-4.109,-2.999,7,G,418,I
-1.823,-2.102,5,G,418,K
-2.282,-2.428,4,G,418,L
-2.222,-2.391,7,G,418,M
-4.076,-2.995,9,G,418,N
-3.512,-2.9,2,G,418,P
-1.176,-1.47,2,G,418,Q
0.3691,0.4349,5,G,418,R
-1.79,-2.075,8,G,418,S
0.6738,0.7523,5,G,418,T
-1.298,-1.604,17,G,418,V
-2.386,-2.489,1,G,418,W
-3.387,-2.872,1,G,418,Y
-3.565,-2.911,1,K,419,A
-1.754,-2.044,1,K,419,C
-0.07356,-0.09164,6,K,419,E
0.6068,0.6862,4,K,419,F
0.8016,0.8723,2,K,419,G
-1.344,-1.653,3,K,419,H
-0.4465,-0.5693,3,K,419,I
0,0,,K,419,K
-0.5496,-0.7024,4,K,419,L
-0.03557,-0.04416,3,K,419,M
-0.1364,-0.1709,16,K,419,N
0.9586,1.009,3,K,419,P
-0.611,-0.7814,5,K,419,Q
0.9438,0.9964,4,K,419,R
0.5475,0.6259,5,K,419,S
0.4225,0.4935,3,K,419,T
1.46,1.364,2,K,419,V
-0.7352,-0.9394,2,K,419,W
-1.361,-1.67,3,K,419,Y
-0.8723,-1.11,7,T,420,A
-1.281,-1.586,7,T,420,C
-3.238,-2.833,1,T,420,D
-2.972,-2.75,8,T,420,E
-1.666,-1.967,10,T,420,F
-1.144,-1.433,6,T,420,G
-0.07744,-0.09651,6,T,420,I
-2.082,-2.298,2,T,420,K
-0.2905,-0.3679,3,T,420,L
-3.855,-2.964,4,T,420,M
-0.6309,-0.8068,6,T,420,N
-0.8178,-1.043,2,T,420,P
-2.24,-2.402,6,T,420,Q
-6.612,-3.115,8,T,420,R
-0.9073,-1.153,2,T,420,S
0,0,,T,420,T
1.129,1.143,8,T,420,V
-1.382,-1.693,5,T,420,W
-0.3699,-0.4704,5,T,420,Y
-0.2535,-0.3203,1,K,421,*
-0.1036,-0.1295,2,K,421,A
-2.063,-2.285,2,K,421,C
-3.801,-2.955,1,K,421,D
-5.322,-3.087,13,K,421,E
-1.495,-1.806,5,K,421,F
-0.1718,-0.2158,3,K,421,H
-0.0166,-0.02057,4,K,421,I
0,0,,K,421,K
-1.835,-2.112,5,K,421,L
3.908,1.98,2,K,421,M
-4.534,-3.042,9,K,421,N
-1.713,-2.009,18,K,421,Q
-4.047,-2.991,6,K,421,R
0.5278,0.6055,5,K,421,S
0.01399,0.01728,4,K,421,T
-1.968,-2.216,1,K,421,V
-0.03176,-0.03941,5,K,421,W
-0.04523,-0.0562,8,K,421,Y
-2.103,-2.313,5,C,422,*
0,0,,C,422,C
-3.399,-2.874,4,C,422,D
-4.108,-2.999,17,C,422,F
-3.885,-2.968,6,C,422,G
-3.065,-2.782,3,C,422,H
-2.788,-2.681,8,C,422,I
-6.348,-3.112,5,C,422,K
-3.763,-2.948,3,C,422,L
-4.052,-2.992,2,C,422,M
-4.367,-3.027,6,C,422,N
-5.29,-3.086,4,C,422,P
-3.618,-2.922,1,C,422,Q
-3.465,-2.89,2,C,422,R
-2.708,-2.648,18,C,422,S
-4.989,-3.072,5,C,422,T
-1.083,-1.362,1,C,422,V
-3.37,-2.867,3,C,422,W
-3.398,-2.874,35,C,422,Y
0.8925,0.9528,2,T,423,A
-1.612,-1.918,3,T,423,C
-2.094,-2.306,3,T,423,D
0.1886,0.2282,3,T,423,E
-6.372,-3.112,2,T,423,F
-1.685,-1.985,3,T,423,H
-1.58,-1.888,22,T,423,I
-4.359,-3.026,5,T,423,K
-1.058,-1.334,4,T,423,L
-2.307,-2.443,4,T,423,M
-4.107,-2.999,4,T,423,P
0.6186,0.6979,3,T,423,Q
-4.053,-2.992,3,T,423,R
0.6125,0.6919,5,T,423,S
0,0,,T,423,T
-1.605,-1.911,5,T,423,V
-2.306,-2.442,4,T,423,W
-1.595,-1.902,1,T,423,Y
0,0,,A,424,A
-2.402,-2.497,9,A,424,C
-3.434,-2.883,14,A,424,D
-2.728,-2.656,3,A,424,E
-4.893,-3.067,6,A,424,F
-0.3778,-0.4805,2,A,424,G
-1.027,-1.297,3,A,424,H
-3.737,-2.944,5,A,424,I
-3.951,-2.978,5,A,424,K
-4.244,-3.015,6,A,424,L
-3.178,-2.816,4,A,424,M
-2.101,-2.311,4,A,424,N
-1.293,-1.598,1,A,424,P
-2.466,-2.532,5,A,424,Q
-4.309,-3.021,4,A,424,R
-4.109,-2.999,15,A,424,S
-2.57,-2.584,20,A,424,T
-1.391,-1.701,18,A,424,V
-4.252,-3.015,4,A,424,W
-1.853,-2.126,3,A,424,Y
-4.261,-3.016,11,S,425,*
-1.044,-1.317,4,S,425,A
-1.179,-1.473,5,S,425,C
-4.673,-3.053,4,S,425,D
0.02195,0.02708,2,S,425,E
-2.354,-2.47,7,S,425,F
0.4766,0.5517,2,S,425,G
-2.071,-2.291,4,S,425,H
-1.191,-1.486,4,S,425,I
-3.72,-2.941,4,S,425,K
-3.57,-2.912,12,S,425,L
-3.82,-2.958,3,S,425,M
-0.1766,-0.2219,2,S,425,N
-3.353,-2.863,9,S,425,P
-0.6979,-0.8923,3,S,425,Q
-3.074,-2.784,4,S,425,R
0,0,,S,425,S
-0.1672,-0.21,5,S,425,T
-3.244,-2.835,2,S,425,V
-0.981,-1.242,3,S,425,W
-3.443,-2.885,2,S,425,Y
-3.385,-2.871,3,N,426,A
-4.082,-2.996,13,N,426,C
-0.2605,-0.3293,3,N,426,D
-4.031,-2.989,4,N,426,E
-3.599,-2.918,4,N,426,F
-3.825,-2.959,3,N,426,G
-2.18,-2.364,6,N,426,H
-2.998,-2.759,4,N,426,I
-3.558,-2.91,7,N,426,K
-4.067,-2.994,3,N,426,L
-3.554,-2.909,5,N,426,M
0,0,,N,426,N
-3.518,-2.901,7,N,426,P
-1.489,-1.8,4,N,426,Q
-3.076,-2.785,2,N,426,R
-6.137,-3.109,8,N,426,S
-1.267,-1.57,5,N,426,T
-3.936,-2.976,8,N,426,V
-4.325,-3.023,9,N,426,W
-4.015,-2.987,3,N,426,Y
0.03468,0.04274,4,K,427,A
-3.955,-2.979,5,K,427,C
-4.748,-3.058,14,K,427,E
0.1057,0.1291,7,K,427,F
-3.749,-2.946,3,K,427,G
-4.03,-2.989,2,K,427,H
-0.5269,-0.6731,2,K,427,I
0,0,,K,427,K
-0.3114,-0.3948,2,K,427,L
0.5039,0.5806,3,K,427,M
-1.342,-1.65,2,K,427,N
0.3579,0.4224,2,K,427,P
-1.079,-1.358,4,K,427,Q
-2.004,-2.243,5,K,427,R
-2.612,-2.604,3,K,427,S
-4.034,-2.989,3,K,427,T
-1.934,-2.19,1,K,427,V
-0.03792,-0.04708,6,K,427,W
-0.5059,-0.6461,1,K,427,Y
-3.464,-2.89,1,N,428,A
-2.893,-2.722,2,N,428,C
-3.783,-2.952,8,N,428,D
-3.619,-2.922,1,N,428,E
-3.409,-2.877,3,N,428,F
-4.114,-3,3,N,428,G
-4.435,-3.034,6,N,428,H
-4.019,-2.987,4,N,428,I
-4.627,-3.049,8,N,428,K
-2.614,-2.605,1,N,428,L
-4.179,-3.007,5,N,428,M
0,0,,N,428,N
-3.912,-2.972,5,N,428,P
-4.369,-3.027,4,N,428,Q
-4.014,-2.987,3,N,428,R
-2.411,-2.502,5,N,428,S
-3.859,-2.964,8,N,428,T
-3.77,-2.95,5,N,428,V
-4.41,-3.031,5,N,428,W
-4.302,-3.021,4,N,428,Y
-3.394,-2.873,6,R,429,A
-4.012,-2.986,5,R,429,C
-5.307,-3.087,6,R,429,D
-4.011,-2.986,3,R,429,E
-3.505,-2.899,2,R,429,F
-4.359,-3.026,7,R,429,G
-4.048,-2.991,5,R,429,H
-4.609,-3.048,7,R,429,I
0.8966,0.9564,5,R,429,K
-4.566,-3.045,44,R,429,L
-0.306,-0.3878,2,R,429,M
-2.331,-2.457,7,R,429,N
-3.583,-2.915,3,R,429,P
2.765,1.842,15,R,429,Q
0,0,,R,429,R
-0.562,-0.7184,3,R,429,S
-4.859,-3.065,7,R,429,T
-4.215,-3.011,6,R,429,V
-5.801,-3.102,17,R,429,W
-4.566,-3.045,6,R,429,Y
-3.592,-2.917,5,G,430,A
-3.847,-2.962,15,G,430,C
-4.86,-3.065,17,G,430,D
-5.191,-3.082,4,G,430,E
-4.718,-3.056,11,G,430,F
0,0,,G,430,G
-4.504,-3.04,4,G,430,H
-3.802,-2.955,6,G,430,I
-3.717,-2.94,4,G,430,K
-4.363,-3.027,4,G,430,L
-3.657,-2.929,2,G,430,M
-3.645,-2.927,3,G,430,N
-2.928,-2.735,3,G,430,P
-3.126,-2.801,1,G,430,Q
-3.628,-2.924,3,G,430,R
-4.625,-3.049,13,G,430,S
-4.227,-3.013,10,G,430,T
-4.985,-3.072,18,G,430,V
-4.012,-2.986,2,G,430,W
-3.537,-2.905,2,G,430,Y
-3.217,-2.827,6,I,431,A
-3.509,-2.9,4,I,431,C
-4.148,-3.004,6,I,431,D
-3.773,-2.95,3,I,431,E
-4.857,-3.065,8,I,431,F
-3.059,-2.78,8,I,431,G
-4.19,-3.009,7,I,431,H
0,0,,I,431,I
-4.428,-3.033,6,I,431,K
-4.009,-2.986,8,I,431,L
-4.512,-3.04,6,I,431,M
-4.665,-3.052,7,I,431,N
-4.765,-3.059,2,I,431,P
-3.964,-2.98,3,I,431,Q
-4.594,-3.047,6,I,431,S
-3.724,-2.942,6,I,431,T
-5.42,-3.091,5,I,431,V
-5.976,-3.106,8,I,431,W
-3.797,-2.954,2,I,431,Y
-3.621,-2.922,1,I,432,A
-3.972,-2.981,3,I,432,C
-1.016,-1.284,3,I,432,D
-3.43,-2.882,4,I,432,E
-5.616,-3.097,9,I,432,F
-2.273,-2.423,4,I,432,G
-3.923,-2.974,7,I,432,H
0,0,,I,432,I
-4.867,-3.065,9,I,432,K
-0.6602,-0.8443,7,I,432,L
-4.095,-2.997,6,I,432,M
-4.4,-3.03,5,I,432,N
-2.697,-2.643,4,I,432,P
-4.05,-2.992,9,I,432,Q
-3.083,-2.787,5,I,432,R
-3.604,-2.919,5,I,432,S
-1.138,-1.426,10,I,432,T
0.09372,0.1147,11,I,432,V
-3.531,-2.904,4,I,432,W
0.8706,0.9338,2,I,432,Y
-0.95,-1.205,7,K,433,A
-8.106,-3.123,5,K,433,C
-4.336,-3.024,8,K,433,D
-1.543,-1.852,4,K,433,E
-2.034,-2.265,5,K,433,F
-4.45,-3.035,5,K,433,G
0.4689,0.5434,5,K,433,H
0.08086,0.09912,2,K,433,I
0,0,,K,433,K
-1.57,-1.878,5,K,433,L
-0.7113,-0.9092,3,K,433,M
-1.305,-1.611,12,K,433,N
-5.194,-3.082,4,K,433,P
-2.834,-2.7,6,K,433,Q
-1.869,-2.139,3,K,433,R
-2.766,-2.672,6,K,433,S
-1.873,-2.143,5,K,433,T
0.1077,0.1317,4,K,433,V
-4.576,-3.045,3,K,433,W
-0.2807,-0.3552,2,K,433,Y
-1.07,-1.347,2,T,434,A
-3.594,-2.917,2,T,434,C
-0.8236,-1.05,2,T,434,D
2.511,1.786,3,T,434,E
-1.792,-2.076,5,T,434,F
-2.481,-2.54,3,T,434,H
-0.8646,-1.101,11,T,434,I
-4.846,-3.064,7,T,434,K
3.695,1.964,1,T,434,L
2.02,1.633,2,T,434,M
1.739,1.513,1,T,434,N
-3.201,-2.823,8,T,434,P
-4.256,-3.016,4,T,434,R
0,0,,T,434,T
-0.4438,-0.5658,4,T,434,V
-3.538,-2.906,3,T,434,W
0.4193,0.4901,5,T,434,Y
-2.067,-2.288,2,F,435,A
-2.486,-2.542,1,F,435,C
-4.048,-2.991,4,F,435,D
-2.226,-2.393,2,F,435,E
0,0,,F,435,F
-3.625,-2.923,5,F,435,G
-2.657,-2.625,4,F,435,H
-2.103,-2.313,4,F,435,I
-3.164,-2.812,8,F,435,K
-1.269,-1.572,4,F,435,L
-0.7173,-0.9168,2,F,435,M
-2.189,-2.37,3,F,435,N
-3.984,-2.983,2,F,435,P
-3.156,-2.81,4,F,435,Q
-3.932,-2.975,7,F,435,R
-3.535,-2.905,3,F,435,S
-2.657,-2.625,5,F,435,T
-3.087,-2.788,6,F,435,V
-3.61,-2.92,8,F,435,W
-3.588,-2.916,7,F,435,Y
1.133,1.146,4,S,436,A
-1.048,-1.322,4,S,436,C
0.491,0.5669,4,S,436,D
1.678,1.483,3,S,436,E
-0.6833,-0.8736,2,S,436,F
-0.08031,-0.1001,15,S,436,G
-2.625,-2.61,4,S,436,H
-0.891,-1.133,13,S,436,I
-3.211,-2.826,2,S,436,K
-0.2776,-0.3513,1,S,436,L
0.6188,0.6981,2,S,436,M
-0.05968,-0.07426,14,S,436,N
1.075,1.102,2,S,436,P
0.9801,1.027,3,S,436,Q
-1.533,-1.844,9,S,436,R
0,0,,S,436,S
1.396,1.325,5,S,436,T
3.353,1.931,6,S,436,V
-0.5601,-0.716,1,S,436,Y
0.5956,0.675,4,N,437,A
-4.742,-3.058,4,N,437,C
-3.03,-2.77,7,N,437,D
1.208,1.201,2,N,437,E
-0.5776,-0.7385,4,N,437,F
-1.13,-1.417,5,N,437,G
-4.545,-3.043,6,N,437,H
-0.6783,-0.8673,4,N,437,I
-3.159,-2.811,3,N,437,K
-1.605,-1.911,5,N,437,L
-1.088,-1.369,5,N,437,M
0,0,,N,437,N
-0.78,-0.9958,3,N,437,P
-0.1614,-0.2026,5,N,437,Q
-5.401,-3.09,2,N,437,R
-0.1028,-0.1284,7,N,437,S
-0.02068,-0.02563,3,N,437,T
-0.9874,-1.25,5,N,437,W
-0.3599,-0.4574,2,N,437,Y
-4.105,-2.998,8,G,438,A
-4.652,-3.051,21,G,438,C
-2.721,-2.653,13,G,438,D
-3.76,-2.948,2,G,438,E
-1.334,-1.641,2,G,438,F
0,0,,G,438,G
-6.417,-3.113,3,G,438,H
-3.948,-2.978,3,G,438,I
-5.315,-3.087,4,G,438,K
-4.062,-2.993,4,G,438,L
1.86,1.568,1,G,438,M
-4.087,-2.996,7,G,438,N
-1.839,-2.115,2,G,438,P
-4.262,-3.017,3,G,438,Q
-3.66,-2.93,2,G,438,R
-5.034,-3.075,16,G,438,S
-2.207,-2.382,4,G,438,T
-3.735,-2.944,7,G,438,V
-2.585,-2.592,4,G,438,W
-3.624,-2.923,1,G,438,Y
-2.874,-2.715,6,C,439,A
0,0,,C,439,C
-4.083,-2.996,4,C,439,D
-2.055,-2.279,5,C,439,E
-6.123,-3.108,7,C,439,F
-2.95,-2.743,6,C,439,G
-3.763,-2.948,3,C,439,H
-3.249,-2.836,5,C,439,I
-4.266,-3.017,5,C,439,K
-3.25,-2.837,5,C,439,L
-0.9259,-1.176,2,C,439,M
-2.761,-2.67,9,C,439,N
-5.869,-3.103,4,C,439,P
-4.103,-2.998,4,C,439,Q
-3.294,-2.848,13,C,439,R
-3.963,-2.98,3,C,439,S
-2.387,-2.489,7,C,439,T
-4.108,-2.999,7,C,439,V
-5.906,-3.104,1,C,439,W
-2.825,-2.696,15,C,439,Y
-3.267,-2.841,5,D,440,A
-4.105,-2.998,4,D,440,C
0,0,,D,440,D
-3.931,-2.975,8,D,440,E
-3.481,-2.893,2,D,440,F
-0.2577,-0.3256,4,D,440,G
-3.238,-2.833,3,D,440,H
-4.581,-3.046,5,D,440,I
-4.252,-3.016,8,D,440,K
-3.588,-2.916,4,D,440,L
-4.318,-3.022,3,D,440,M
-2.477,-2.537,18,D,440,N
-4.228,-3.013,6,D,440,P
-3.467,-2.89,4,D,440,Q
-4.142,-3.003,5,D,440,R
-0.1918,-0.2413,3,D,440,S
-3.07,-2.783,3,D,440,T
-5.741,-3.1,14,D,440,Y
-3.814,-2.957,6,Y,441,*
-3.363,-2.866,4,Y,441,A
-1.832,-2.109,2,Y,441,C
-3.201,-2.823,6,Y,441,D
-3.589,-2.916,5,Y,441,E
-0.9515,-1.207,3,Y,441,F
-3.473,-2.892,5,Y,441,G
-3.992,-2.984,4,Y,441,H
-2.59,-2.594,5,Y,441,I
-3.721,-2.941,5,Y,441,K
-1.822,-2.102,5,Y,441,L
-3.568,-2.912,5,Y,441,M
-3.737,-2.944,7,Y,441,N
-3.094,-2.791,7,Y,441,P
-1.895,-2.16,3,Y,441,Q
-3.522,-2.902,5,Y,441,R
-2.551,-2.575,2,Y,441,S
-3.742,-2.945,6,Y,441,T
-0.2635,-0.3332,2,Y,441,V
-1.737,-2.03,5,Y,441,W
0,0,,Y,441,Y
0.1181,0.1442,1,V,442,-
-0.5004,-0.639,2,V,442,A
-4.381,-3.029,5,V,442,C
-2.697,-2.643,3,V,442,E
-5.18,-3.081,6,V,442,F
-2.163,-2.353,6,V,442,G
-3.711,-2.939,2,V,442,H
-3.965,-2.98,2,V,442,K
-1.932,-2.189,5,V,442,L
-0.4805,-0.6133,12,V,442,M
-2.64,-2.617,4,V,442,N
-3.651,-2.928,4,V,442,P
-2.336,-2.46,6,V,442,Q
-2.389,-2.49,3,V,442,R
-1.501,-1.812,5,V,442,S
-1.484,-1.795,2,V,442,T
0,0,,V,442,V
-3.32,-2.855,2,V,442,W
-3.24,-2.834,4,V,442,Y
-0.2365,-0.2985,1,S,443,-
-0.6276,-0.8026,4,S,443,A
-1.199,-1.495,3,S,443,C
2.023,1.635,1,S,443,D
-1.253,-1.555,4,S,443,E
0.2991,0.3562,4,S,443,F
-0.001324,-0.001637,6,S,443,G
-0.4303,-0.5484,2,S,443,H
-1.198,-1.493,14,S,443,I
-3.631,-2.924,2,S,443,K
-3.376,-2.869,4,S,443,L
-1.438,-1.749,2,S,443,M
0.3428,0.4055,17,S,443,N
0.4292,0.5008,3,S,443,P
0.1762,0.2135,7,S,443,Q
-1.423,-1.735,7,S,443,R
0,0,,S,443,S
0.07306,0.08965,4,S,443,T
-0.8232,-1.05,4,S,443,V
4.38,2.005,2,S,443,W
0.3064,0.3644,3,S,443,Y
0.5143,0.5914,1,N,444,-
-1.076,-1.355,1,N,444,A
3.128,1.903,1,N,444,C
-1.264,-1.567,6,N,444,D
-2.616,-2.606,4,N,444,E
-3.447,-2.886,5,N,444,F
0.4534,0.5269,5,N,444,G
-1.355,-1.663,4,N,444,H
-3.069,-2.783,5,N,444,I
-2.755,-2.668,5,N,444,K
-3.643,-2.927,4,N,444,L
-4.135,-3.002,2,N,444,M
0,0,,N,444,N
-4.392,-3.03,6,N,444,P
-0.1611,-0.2023,3,N,444,Q
-7.2,-3.12,4,N,444,R
0.4106,0.4806,8,N,444,S
-1.249,-1.55,7,N,444,T
-3.049,-2.776,2,N,444,V
-4.96,-3.071,2,N,444,W
-3.368,-2.867,3,N,444,Y
0.3662,0.4316,1,K,445,-
-0.997,-1.261,3,K,445,A
-1.991,-2.233,6,K,445,C
-1.922,-2.181,5,K,445,D
-0.4113,-0.5239,10,K,445,E
-0.7144,-0.9131,3,K,445,F
0.4697,0.5443,2,K,445,G
-0.1901,-0.2391,1,K,445,H
0.6321,0.7114,5,K,445,I
0,0,,K,445,K
-4.19,-3.009,4,K,445,L
-0.01132,-0.01402,9,K,445,M
-0.239,-0.3017,32,K,445,N
-2.452,-2.524,5,K,445,P
-0.6773,-0.866,7,K,445,Q
0.433,0.505,12,K,445,R
0.00859,0.01062,4,K,445,S
0.01629,0.02012,3,K,445,T
1.698,1.493,5,K,445,V
-3.047,-2.776,4,K,445,W
-2.312,-2.446,6,K,445,Y
-3.337,-2.859,1,G,446,A
-2.848,-2.705,23,G,446,C
-0.9122,-1.159,18,G,446,D
-2.399,-2.496,1,G,446,E
-0.8359,-1.065,6,G,446,F
0,0,,G,446,G
-1.943,-2.197,5,G,446,H
-1.323,-1.631,4,G,446,I
-2.97,-2.75,4,G,446,K
-1.744,-2.036,5,G,446,L
2.207,1.699,2,G,446,M
-0.533,-0.681,3,G,446,N
-0.4212,-0.5366,3,G,446,P
-2.4,-2.496,2,G,446,Q
-4.563,-3.044,6,G,446,R
-4.848,-3.064,13,G,446,S
-3.544,-2.907,4,G,446,T
-2.474,-2.536,17,G,446,V
-1.786,-2.071,3,G,446,W
-1.413,-1.724,12,G,446,Y
-1.472,-1.784,7,V,447,A
-2.592,-2.595,3,V,447,C
-4.332,-3.024,6,V,447,D
-3.54,-2.906,4,V,447,E
-3.964,-2.98,5,V,447,F
-3.996,-2.984,5,V,447,G
-2.231,-2.397,3,V,447,H
0.2736,0.327,2,V,447,I
-3.792,-2.953,3,V,447,K
-2.513,-2.556,8,V,447,L
-2.467,-2.532,37,V,447,M
-3.478,-2.893,4,V,447,N
-3.989,-2.983,3,V,447,P
-3.197,-2.822,1,V,447,Q
-3.651,-2.928,9,V,447,R
-3.491,-2.896,4,V,447,S
-0.105,-0.1312,3,V,447,T
0,0,,V,447,V
-4.106,-2.999,5,V,447,W
-3.058,-2.779,3,V,447,Y
-3.615,-2.921,3,D,448,A
-3.804,-2.955,2,D,448,C
0,0,,D,448,D
-1.637,-1.941,8,D,448,E
-3.515,-2.901,3,D,448,F
-7.179,-3.12,12,D,448,G
-3.859,-2.964,4,D,448,H
-4.565,-3.045,4,D,448,I
-3.282,-2.845,4,D,448,K
-4.564,-3.044,6,D,448,L
-4.17,-3.006,8,D,448,M
-3.144,-2.806,10,D,448,N
-2.724,-2.654,6,D,448,P
-3.539,-2.906,4,D,448,Q
-3.386,-2.871,2,D,448,R
-4.725,-3.056,4,D,448,S
-4.035,-2.99,3,D,448,T
-3.644,-2.927,2,D,448,V
-4.54,-3.043,4,D,448,W
-4.742,-3.058,18,D,448,Y
-1.414,-1.725,7,T,449,A
-3.848,-2.962,3,T,449,C
-2.919,-2.732,4,T,449,D
-1.864,-2.135,3,T,449,E
-2.006,-2.244,2,T,449,F
-3.852,-2.963,3,T,449,G
-1.642,-1.946,2,T,449,H
-4.414,-3.032,13,T,449,I
-2.105,-2.314,3,T,449,K
-3.245,-2.835,5,T,449,L
-4.492,-3.039,8,T,449,M
-1.186,-1.481,8,T,449,N
-2.716,-2.651,5,T,449,P
-2.208,-2.382,4,T,449,Q
-1.737,-2.03,2,T,449,R
-0.9325,-1.184,4,T,449,S
0,0,,T,449,T
-3.667,-2.931,4,T,449,V
-0.7556,-0.9652,3,T,449,W
-2.622,-2.609,6,T,449,Y
-4.491,-3.038,4,V,450,C
-3.379,-2.87,8,V,450,D
-3.597,-2.918,6,V,450,E
-4.025,-2.988,3,V,450,F
-2.918,-2.731,4,V,450,G
-3.452,-2.887,2,V,450,H
-1.176,-1.47,2,V,450,I
-3.571,-2.913,3,V,450,K
-0.8126,-1.036,10,V,450,L
-4.288,-3.019,14,V,450,M
-3.675,-2.933,3,V,450,N
-3.777,-2.951,4,V,450,P
-3.132,-2.802,5,V,450,Q
-3.118,-2.798,5,V,450,R
-3.383,-2.871,3,V,450,S
-1.94,-2.195,5,V,450,T
0,0,,V,450,V
-4.256,-3.016,6,V,450,W
-1.977,-2.222,3,V,450,Y
2.687,1.826,2,S,451,A
-2.651,-2.622,4,S,451,C
0.2391,0.2872,3,S,451,D
-1.417,-1.728,4,S,451,E
-0.1084,-0.1355,1,S,451,F
0.4799,0.5552,10,S,451,G
-3.426,-2.881,4,S,451,H
-1.546,-1.856,9,S,451,I
-3.989,-2.983,9,S,451,K
-1.217,-1.515,5,S,451,L
3.116,1.901,2,S,451,M
-0.4057,-0.5166,22,S,451,N
-3.13,-2.802,7,S,451,P
-2.061,-2.283,2,S,451,Q
-5.146,-3.08,14,S,451,R
0,0,,S,451,S
-0.2942,-0.3726,4,S,451,T
-1.046,-1.32,3,S,451,V
-3.528,-2.904,5,S,451,W
-0.9034,-1.148,2,S,451,Y
-5.605,-3.097,5,V,452,A
-1.87,-2.14,3,V,452,C
-2.445,-2.521,5,V,452,E
-4.523,-3.041,6,V,452,F
-2.736,-2.66,4,V,452,G
-2.852,-2.706,5,V,452,H
-3.435,-2.883,3,V,452,I
-3.175,-2.815,4,V,452,K
-5.636,-3.098,4,V,452,L
-4.434,-3.034,12,V,452,M
-2.712,-2.649,7,V,452,N
-3.187,-2.819,4,V,452,P
-4.043,-2.991,2,V,452,Q
-3.628,-2.924,2,V,452,R
-3.194,-2.821,4,V,452,S
-0.6794,-0.8687,5,V,452,T
0,0,,V,452,V
-2.682,-2.636,5,V,452,W
-5.071,-3.076,4,V,452,Y
-4.044,-2.991,3,G,453,A
-2.378,-2.484,16,G,453,C
-4.262,-3.017,14,G,453,D
-5.157,-3.08,4,G,453,E
-2.956,-2.745,2,G,453,F
0,0,,G,453,G
-4.484,-3.038,4,G,453,H
-3.586,-2.916,6,G,453,I
-3.617,-2.922,1,G,453,K
-3.932,-2.975,3,G,453,L
-2.074,-2.293,2,G,453,M
-3.923,-2.974,3,G,453,P
-2.737,-2.66,2,G,453,Q
-5.502,-3.094,7,G,453,R
-5.977,-3.106,18,G,453,S
-3.691,-2.936,2,G,453,T
-2.769,-2.673,18,G,453,V
-3.328,-2.857,3,G,453,W
-3.03,-2.77,1,G,453,Y
-3.954,-2.978,4,N,454,A
-3.617,-2.922,1,N,454,C
-4.494,-3.039,6,N,454,D
-4.188,-3.008,3,N,454,E
-4.485,-3.038,4,N,454,F
-3.699,-2.937,6,N,454,G
-4.269,-3.017,4,N,454,H
-4.162,-3.005,8,N,454,I
-4.323,-3.023,5,N,454,K
-4.485,-3.038,6,N,454,L
-3.868,-2.966,4,N,454,M
0,0,,N,454,N
-3.624,-2.923,2,N,454,P
-4.273,-3.018,3,N,454,Q
-4.036,-2.99,3,N,454,R
-4.053,-2.992,2,N,454,S
-4.011,-2.986,2,N,454,T
-4.17,-3.006,4,N,454,V
-3.446,-2.886,3,N,454,W
-4.158,-3.005,4,N,454,Y
-3.556,-2.91,1,T,455,A
-2.97,-2.75,1,T,455,C
-4.249,-3.015,3,T,455,D
-4.353,-3.026,5,T,455,E
-4.373,-3.028,7,T,455,F
-3.073,-2.784,3,T,455,G
-4.43,-3.033,5,T,455,H
0.3322,0.3936,8,T,455,I
-4.171,-3.006,5,T,455,K
-1.287,-1.592,1,T,455,L
-4.371,-3.028,6,T,455,M
-1.464,-1.776,4,T,455,N
-0.6842,-0.8748,1,T,455,P
-0.8922,-1.135,3,T,455,Q
-2.53,-2.564,4,T,455,S
0,0,,T,455,T
0.2764,0.3302,2,T,455,V
-3.895,-2.97,3,T,455,W
-3.825,-2.959,7,T,455,Y
-0.9235,-1.173,1,L,456,A
0.9926,1.037,2,L,456,C
0.5345,0.6125,1,L,456,D
0.5842,0.6634,5,L,456,E
-0.7228,-0.9238,5,L,456,F
-0.7062,-0.9027,2,L,456,G
-0.2497,-0.3154,4,L,456,H
0.1362,0.1659,7,L,456,I
-0.9061,-1.152,4,L,456,K
0,0,,L,456,L
-0.4299,-0.5479,31,L,456,M
0.4444,0.5172,2,L,456,N
-4.631,-3.05,7,L,456,P
0.8906,0.9512,4,L,456,Q
-0.604,-0.7723,7,L,456,R
-4.115,-3,3,L,456,S
-3.865,-2.965,2,L,456,T
1.207,1.199,3,L,456,V
-1.958,-2.209,3,L,456,W
-2.952,-2.744,2,L,456,Y
-0.2994,-0.3794,3,Y,457,*
-4.445,-3.034,1,Y,457,A
-5.347,-3.088,1,Y,457,C
-3.846,-2.962,4,Y,457,D
-3.553,-2.909,3,Y,457,E
0.1943,0.2348,4,Y,457,F
-6.29,-3.111,2,Y,457,G
-0.5012,-0.6401,5,Y,457,H
-0.4553,-0.5807,1,Y,457,I
-3.983,-2.982,4,Y,457,K
-0.5108,-0.6525,5,Y,457,L
-4.294,-3.02,4,Y,457,M
0.2333,0.2805,11,Y,457,N
-2.687,-2.639,4,Y,457,P
-2.894,-2.722,4,Y,457,Q
0.97,1.018,3,Y,457,R
-2.027,-2.26,8,Y,457,S
3.86,1.976,2,Y,457,T
-2.086,-2.301,2,Y,457,V
-0.01353,-0.01676,8,Y,457,W
0,0,,Y,457,Y
-3.992,-2.984,5,Y,458,*
-1.258,-1.56,2,Y,458,A
-3.014,-2.765,2,Y,458,C
-3.177,-2.816,1,Y,458,D
-0.7815,-0.9976,2,Y,458,E
-2.505,-2.552,1,Y,458,F
-4.072,-2.994,2,Y,458,H
-2.251,-2.409,1,Y,458,K
-3.523,-2.902,1,Y,458,L
-4.249,-3.015,4,Y,458,M
-1.365,-1.675,5,Y,458,N
-3.616,-2.922,1,Y,458,P
-3.553,-2.909,2,Y,458,Q
-4.054,-2.992,4,Y,458,R
-3.601,-2.919,2,Y,458,S
-2.83,-2.698,4,Y,458,T
-2.43,-2.512,2,Y,458,V
-1.49,-1.801,2,Y,458,W
0,0,,Y,458,Y
-2.434,-2.515,1,V,459,*
-1.88,-2.148,6,V,459,A
-2.821,-2.694,5,V,459,C
-3.288,-2.847,7,V,459,D
-2.168,-2.357,1,V,459,E
-3.163,-2.812,8,V,459,F
-3.875,-2.967,3,V,459,G
-3.031,-2.771,3,V,459,H
-0.226,-0.2851,6,V,459,I
-0.4783,-0.6105,1,V,459,K
-0.7828,-0.9993,6,V,459,L
-0.6586,-0.8422,15,V,459,M
-4.365,-3.027,5,V,459,N
-4.034,-2.989,3,V,459,P
-3.453,-2.887,4,V,459,Q
-4.136,-3.002,5,V,459,S
-2.596,-2.597,3,V,459,T
0,0,,V,459,V
-4.08,-2.995,5,V,459,W
-2.389,-2.49,1,V,459,Y
-4.163,-3.006,3,N,460,A
-2.853,-2.707,4,N,460,C
0.8675,0.9311,2,N,460,D
-0.8888,-1.131,5,N,460,E
-1.331,-1.639,5,N,460,F
-3.351,-2.863,4,N,460,G
-1.124,-1.41,4,N,460,H
-2.889,-2.72,7,N,460,I
-4.04,-2.99,9,N,460,K
-3.129,-2.801,6,N,460,L
-1.188,-1.483,7,N,460,M
0,0,,N,460,N
-4.181,-3.008,7,N,460,P
-2.255,-2.411,5,N,460,Q
-3.016,-2.765,5,N,460,R
-4.57,-3.045,3,N,460,S
-3.858,-2.964,3,N,460,T
-1.986,-2.229,4,N,460,V
-0.08541,-0.1065,6,N,460,W
-1.066,-1.343,3,N,460,Y
-0.3331,-0.4228,1,K,461,A
-0.05989,-0.07452,5,K,461,C
-3.549,-2.908,2,K,461,D
-2.593,-2.595,9,K,461,E
-0.8985,-1.143,2,K,461,F
-4.065,-2.994,4,K,461,G
-3.473,-2.892,1,K,461,H
-0.5814,-0.7434,3,K,461,I
0,0,,K,461,K
-1.068,-1.346,1,K,461,L
0.1872,0.2264,4,K,461,M
-2.713,-2.65,12,K,461,N
-0.2173,-0.2739,1,K,461,P
0.1068,0.1305,2,K,461,R
0.3021,0.3596,5,K,461,S
0.07803,0.09568,5,K,461,T
-0.7193,-0.9194,4,K,461,V
-3.733,-2.943,3,K,461,W
-1.248,-1.549,9,K,461,Y
-3.382,-2.87,9,Q,462,*
0.6993,0.7768,6,Q,462,A
-0.5911,-0.7559,2,Q,462,C
-0.03645,-0.04526,8,Q,462,D
0.7819,0.8544,4,Q,462,E
0.8756,0.9382,9,Q,462,F
0.9281,0.9832,4,Q,462,G
-1.732,-2.026,2,Q,462,H
-0.1647,-0.2067,5,Q,462,I
-1.081,-1.36,12,Q,462,K
-0.1994,-0.251,5,Q,462,M
0.4537,0.5273,1,Q,462,N
-1.969,-2.217,2,Q,462,P
0,0,,Q,462,Q
-2.908,-2.727,4,Q,462,R
-4.295,-3.02,7,Q,462,S
-3.865,-2.965,4,Q,462,T
-0.2539,-0.3208,1,Q,462,V
0.2665,0.3188,2,Q,462,W
0.2216,0.2668,2,Q,462,Y
-2.507,-2.553,22,E,463,*
0.06164,0.07573,3,E,463,A
1.551,1.416,4,E,463,C
0.2282,0.2746,36,E,463,D
0,0,,E,463,E
-2.388,-2.49,4,E,463,F
-0.8293,-1.057,2,E,463,G
-0.9825,-1.244,5,E,463,H
-0.1715,-0.2154,4,E,463,I
-2.719,-2.652,11,E,463,K
-2.142,-2.339,7,E,463,L
0.1879,0.2273,1,E,463,M
-0.4599,-0.5866,4,E,463,N
0.1443,0.1755,2,E,463,P
0.7408,0.8163,1,E,463,Q
-3.68,-2.934,7,E,463,R
-3.886,-2.968,3,E,463,S
-0.7367,-0.9413,1,E,463,T
-0.7284,-0.9309,6,E,463,V
-0.7992,-1.02,4,E,463,W
-0.4866,-0.6211,6,E,463,Y
-3.342,-2.861,29,G,464,*
-2.417,-2.506,3,G,464,A
-3.427,-2.881,5,G,464,C
-3.618,-2.922,1,G,464,D
-3.334,-2.859,33,G,464,E
-3.483,-2.894,6,G,464,F
0,0,,G,464,G
6.206,2.04,1,G,464,H
-2.88,-2.717,6,G,464,I
-3.201,-2.823,3,G,464,K
-3.295,-2.848,2,G,464,L
-3.483,-2.894,6,G,464,M
-3.802,-2.955,2,G,464,N
-4.061,-2.993,3,G,464,P
-2.34,-2.462,5,G,464,Q
-3.07,-2.783,29,G,464,R
-2.367,-2.478,5,G,464,S
-4.792,-3.061,6,G,464,T
-4.705,-3.055,15,G,464,V
-3.993,-2.984,6,G,464,W
-1.872,-2.142,4,G,464,Y
3.5,1.947,1,K,465,A
-1.043,-1.315,2,K,465,C
-0.8338,-1.063,7,K,465,D
-0.3653,-0.4644,4,K,465,E
-0.5803,-0.742,3,K,465,F
-0.6036,-0.7719,4,K,465,G
-0.3028,-0.3837,4,K,465,H
-0.2179,-0.2747,5,K,465,I
0,0,,K,465,K
-1.568,-1.876,5,K,465,L
-0.2596,-0.3281,2,K,465,M
-0.235,-0.2966,4,K,465,N
-0.6763,-0.8648,3,K,465,P
0.8339,0.9014,4,K,465,Q
-0.5465,-0.6984,3,K,465,R
0.897,0.9567,2,K,465,S
0.03704,0.04564,4,K,465,T
-0.7428,-0.9491,4,K,465,V
1.055,1.086,4,K,465,W
-0.04109,-0.05104,4,K,465,Y
0.6761,0.7545,2,S,466,A
-0.04544,-0.05646,3,S,466,C
-2.508,-2.554,6,S,466,D
-2.5,-2.549,1,S,466,E
-0.541,-0.6914,11,S,466,F
-1.021,-1.29,1,S,466,G
-0.1218,-0.1523,4,S,466,H
-0.5035,-0.643,1,S,466,I
2.983,1.881,1,S,466,K
-3.345,-2.861,3,S,466,L
-0.9796,-1.241,1,S,466,M
-1.253,-1.555,4,S,466,N
-1.861,-2.133,4,S,466,P
3.635,1.959,4,S,466,Q
-1.65,-1.953,4,S,466,R
0,0,,S,466,S
-1.218,-1.516,8,S,466,T
1.127,1.141,6,S,466,V
-0.5112,-0.6529,6,S,466,W
-0.3999,-0.5091,11,S,466,Y
-0.783,-0.9995,1,L,467,A
2.795,1.848,2,L,467,C
-0.7797,-0.9954,3,L,467,D
-2.554,-2.576,2,L,467,E
-2.285,-2.43,2,L,467,F
-2.761,-2.67,4,L,467,G
1.335,1.287,2,L,467,I
-3.988,-2.983,2,L,467,K
0,0,,L,467,L
-0.07714,-0.09613,27,L,467,M
-0.2586,-0.3268,1,L,467,N
-3.385,-2.871,8,L,467,P
0.06695,0.0822,2,L,467,Q
-2.368,-2.478,1,L,467,R
-0.03355,-0.04164,5,L,467,T
-1.023,-1.292,3,L,467,V
0.6475,0.7266,5,L,467,W
0.2599,0.3112,3,L,467,Y
-3.59,-2.916,4,Y,468,*
-3.181,-2.817,3,Y,468,A
-3.544,-2.907,5,Y,468,C
-0.2673,-0.3381,1,Y,468,D
-2.105,-2.314,3,Y,468,E
-0.3302,-0.4191,6,Y,468,F
-5.72,-3.1,5,Y,468,H
-2.115,-2.321,5,Y,468,I
-0.5837,-0.7463,3,Y,468,L
0.5474,0.6257,2,Y,468,M
-4.254,-3.016,4,Y,468,N
-3.936,-2.976,7,Y,468,P
-3.486,-2.894,2,Y,468,Q
-3.892,-2.969,4,Y,468,R
-3.909,-2.972,3,Y,468,S
-2.998,-2.759,2,Y,468,T
-0.7884,-1.006,6,Y,468,V
-2.942,-2.74,3,Y,468,W
0,0,,Y,468,Y
-1.222,-1.521,9,V,469,A
-1.334,-1.642,4,V,469,C
-2.794,-2.684,4,V,469,D
-0.5554,-0.7099,4,V,469,E
1.19,1.188,2,V,469,F
-3.026,-2.769,4,V,469,G
-0.3314,-0.4206,4,V,469,H
0.5624,0.6412,4,V,469,I
-0.7629,-0.9743,5,V,469,K
-2.618,-2.607,6,V,469,L
-0.2303,-0.2905,11,V,469,M
-0.4509,-0.575,3,V,469,N
-3.06,-2.78,3,V,469,P
0.3643,0.4295,5,V,469,Q
-2.904,-2.726,2,V,469,R
-0.8944,-1.137,3,V,469,S
-3.926,-2.974,5,V,469,T
0,0,,V,469,V
-0.6892,-0.8811,3,V,469,W
-0.6668,-0.8527,1,V,469,Y
-0.3087,-0.3913,3,K,470,A
-2.886,-2.719,4,K,470,C
0.05447,0.06697,3,K,470,D
0.7923,0.8639,7,K,470,E
-1.332,-1.64,1,K,470,F
0.1844,0.2231,2,K,470,G
0.9508,1.002,3,K,470,H
1.494,1.384,3,K,470,I
0,0,,K,470,K
0.3203,0.3802,4,K,470,L
0.1716,0.2081,7,K,470,M
-0.06831,-0.08506,2,K,470,N
-0.8729,-1.111,2,K,470,P
0.2424,0.2911,3,K,470,Q
-0.1591,-0.1997,4,K,470,R
0.4434,0.5161,4,K,470,S
-2.137,-2.336,4,K,470,T
-0.4213,-0.5368,4,K,470,V
-0.5565,-0.7113,3,K,470,W
0.1697,0.2058,7,K,470,Y
-2.851,-2.706,19,G,471,*
-1.029,-1.3,4,G,471,A
-4.967,-3.071,5,G,471,C
-2.899,-2.724,4,G,471,D
-2.495,-2.547,15,G,471,E
-3.265,-2.84,5,G,471,F
0,0,,G,471,G
-4.01,-2.986,3,G,471,H
-3.601,-2.919,5,G,471,I
-3.375,-2.869,6,G,471,K
-2.414,-2.504,5,G,471,L
-3.914,-2.973,1,G,471,M
-1.377,-1.687,5,G,471,N
-2.656,-2.625,5,G,471,P
-2.586,-2.592,6,G,471,Q
-3.695,-2.937,18,G,471,R
-0.5437,-0.6948,3,G,471,S
-4.313,-3.022,2,G,471,T
-5.027,-3.074,22,G,471,V
-3.595,-2.917,2,G,471,W
-4.931,-3.069,6,G,471,Y
-4.535,-3.042,13,E,472,*
-0.9789,-1.24,9,E,472,A
-1.136,-1.423,8,E,472,C
-2.27,-2.421,1,E,472,D
0,0,,E,472,E
0.364,0.4292,4,E,472,F
-2.773,-2.675,6,E,472,G
-0.2677,-0.3386,2,E,472,H
-2.119,-2.324,5,E,472,I
-0.4284,-0.546,30,E,472,K
0.08949,0.1096,4,E,472,L
0.4789,0.5541,3,E,472,M
1.363,1.304,5,E,472,N
-0.5986,-0.7655,3,E,472,P
0.1053,0.1287,4,E,472,Q
-0.4815,-0.6145,5,E,472,R
0.1194,0.1457,6,E,472,S
0.03235,0.03987,6,E,472,T
-0.1536,-0.1927,1,E,472,V
-0.9356,-1.188,7,E,472,W
-0.5924,-0.7575,3,E,472,Y
0.1435,0.1745,7,P,473,A
-3.676,-2.933,8,P,473,C
-4.078,-2.995,4,P,473,D
-1.491,-1.802,4,P,473,E
-4.196,-3.009,3,P,473,F
-4.051,-2.992,6,P,473,G
-3.996,-2.984,13,P,473,H
-4.322,-3.023,8,P,473,I
-3.503,-2.898,2,P,473,K
-4.018,-2.987,16,P,473,L
-4.463,-3.036,5,P,473,M
-3.924,-2.974,2,P,473,N
0,0,,P,473,P
-3.438,-2.884,7,P,473,Q
-2.732,-2.658,9,P,473,R
-3.065,-2.782,12,P,473,S
-1.915,-2.175,3,P,473,T
-5.004,-3.073,5,P,473,V
-6.475,-3.113,5,P,473,W
-4.419,-3.032,5,P,473,Y
-4.294,-3.02,8,I,474,A
-2.707,-2.647,5,I,474,C
-2.281,-2.427,5,I,474,D
-3.934,-2.975,4,I,474,E
-4.053,-2.992,2,I,474,F
-3.668,-2.931,3,I,474,G
-1.612,-1.918,4,I,474,H
0,0,,I,474,I
-4.025,-2.988,7,I,474,K
-2.366,-2.477,6,I,474,L
-2.096,-2.308,7,I,474,M
-5.047,-3.075,7,I,474,N
-3.564,-2.911,4,I,474,P
-4.159,-3.005,3,I,474,Q
-3.18,-2.817,5,I,474,R
-3.813,-2.957,3,I,474,S
-2.1,-2.31,4,I,474,T
-0.4783,-0.6104,8,I,474,V
-3.832,-2.96,2,I,474,W
-4.802,-3.061,7,I,474,Y
-4.664,-3.052,4,I,475,A
-3.951,-2.978,3,I,475,C
-2.768,-2.673,4,I,475,D
-1.252,-1.553,6,I,475,E
-3.803,-2.955,2,I,475,F
-3.685,-2.935,4,I,475,G
-3.684,-2.934,6,I,475,H
0,0,,I,475,I
-0.2995,-0.3794,1,I,475,L
-3.607,-2.92,3,I,475,M
-4.108,-2.999,6,I,475,N
-3.535,-2.905,4,I,475,P
-3.565,-2.911,1,I,475,Q
-3.961,-2.979,4,I,475,R
-3.999,-2.985,2,I,475,S
-4.49,-3.038,6,I,475,T
-1.475,-1.786,4,I,475,V
-3.993,-2.984,4,I,475,W
-3.484,-2.894,2,I,475,Y
-2.333,-2.458,2,N,476,A
-1.476,-1.788,7,N,476,C
0.01342,0.01657,7,N,476,D
-0.4906,-0.6264,6,N,476,E
-0.08106,-0.1011,2,N,476,F
-0.6247,-0.7989,8,N,476,G
-1.127,-1.413,4,N,476,H
-1.15,-1.44,6,N,476,I
-0.5442,-0.6955,8,N,476,K
-3.5,-2.898,4,N,476,L
-0.5495,-0.7024,5,N,476,M
0,0,,N,476,N
-3.625,-2.923,2,N,476,P
-0.03401,-0.04222,2,N,476,Q
-0.5838,-0.7464,7,N,476,S
-0.06674,-0.0831,5,N,476,T
-0.3265,-0.4142,1,N,476,V
-0.138,-0.173,5,N,476,W
-0.8075,-1.03,4,N,476,Y
-1.402,-1.713,4,F,477,A
-0.2043,-0.2573,2,F,477,C
-2.374,-2.481,2,F,477,D
-3.305,-2.851,4,F,477,E
0,0,,F,477,F
-2.982,-2.754,1,F,477,G
-0.9793,-1.24,4,F,477,H
-1.302,-1.607,3,F,477,I
-0.6704,-0.8572,6,F,477,K
-0.3778,-0.4806,5,F,477,L
-0.3124,-0.3961,6,F,477,M
-0.3747,-0.4765,6,F,477,N
-2.658,-2.625,6,F,477,P
-2.599,-2.598,2,F,477,R
-1.544,-1.854,4,F,477,S
-2.382,-2.486,4,F,477,T
-1.804,-2.087,2,F,477,V
6.737,2.043,9,F,477,W
-1.532,-1.842,8,F,477,Y
-4.81,-3.062,3,Y,478,*
-4.043,-2.991,2,Y,478,A
-3.872,-2.966,4,Y,478,D
-4.022,-2.988,4,Y,478,E
-0.02334,-0.02894,3,Y,478,F
-1.115,-1.4,2,Y,478,G
-4.014,-2.987,7,Y,478,H
-4.023,-2.988,2,Y,478,I
-3.147,-2.807,5,Y,478,K
-4.005,-2.986,4,Y,478,L
-4.12,-3,4,Y,478,M
-4.674,-3.053,8,Y,478,N
-2.686,-2.638,5,Y,478,P
-4.007,-2.986,4,Y,478,Q
-3.847,-2.962,4,Y,478,R
-3.374,-2.868,3,Y,478,S
-2.436,-2.516,3,Y,478,T
-3.353,-2.863,2,Y,478,V
-2.39,-2.49,6,Y,478,W
0,0,,Y,478,Y
-3.621,-2.922,1,D,479,A
-2.643,-2.619,3,D,479,C
0,0,,D,479,D
-0.7355,-0.9397,2,D,479,E
-3.831,-2.96,4,D,479,F
-3.771,-2.95,5,D,479,G
-4.208,-3.011,6,D,479,H
-3.77,-2.95,5,D,479,I
-1.975,-2.222,3,D,479,K
-3.756,-2.947,5,D,479,L
-3.493,-2.896,1,D,479,M
-0.7812,-0.9973,14,D,479,N
-1.055,-1.329,3,D,479,P
-2.192,-2.372,3,D,479,Q
-3.76,-2.948,4,D,479,R
-1.614,-1.92,5,D,479,S
-3.322,-2.855,2,D,479,T
-2.864,-2.711,2,D,479,V
-4.04,-2.99,5,D,479,W
-3.796,-2.954,17,D,479,Y
0.2386,0.2867,5,P,480,A
-2.461,-2.529,3,P,480,C
-3.809,-2.956,2,P,480,D
-2.673,-2.632,4,P,480,E
-4.02,-2.987,4,P,480,F
-3.68,-2.934,5,P,480,G
-3.07,-2.783,13,P,480,H
-0.4732,-0.6038,8,P,480,I
-0.7585,-0.9688,5,P,480,K
-2.386,-2.488,11,P,480,L
-2.146,-2.342,7,P,480,M
-1.485,-1.796,5,P,480,N
0,0,,P,480,P
-1.961,-2.21,3,P,480,Q
-0.9105,-1.157,8,P,480,R
-4.091,-2.997,8,P,480,S
-2.737,-2.66,12,P,480,T
-0.3969,-0.5052,6,P,480,V
-3.795,-2.954,4,P,480,W
-1.596,-1.903,6,P,480,Y
-0.3193,-0.405,6,L,481,A
-1.291,-1.596,5,L,481,C
0.01417,0.0175,6,L,481,D
0.279,0.3332,4,L,481,E
-0.3182,-0.4036,1,L,481,F
-3.567,-2.912,1,L,481,G
0.3794,0.4463,3,L,481,H
0.1144,0.1397,4,L,481,I
-3.021,-2.767,1,L,481,K
0,0,,L,481,L
2.17,1.687,12,L,481,M
0.3864,0.454,8,L,481,N
-2.55,-2.574,6,L,481,P
2.449,1.77,4,L,481,Q
-0.05448,-0.06776,10,L,481,R
3.574,1.954,2,L,481,S
0.1533,0.1862,4,L,481,T
-0.04652,-0.0578,3,L,481,V
0.2355,0.283,1,L,481,W
0.6331,0.7124,6,L,481,Y
-2.09,-2.304,7,V,482,A
-1.695,-1.993,10,V,482,C
-4.146,-3.003,3,V,482,E
0.717,0.7938,6,V,482,F
-2.874,-2.715,6,V,482,G
0.9793,1.026,4,V,482,H
-0.1496,-0.1876,7,V,482,I
1.481,1.377,1,V,482,K
2.368,1.748,8,V,482,L
0.08372,0.1026,14,V,482,M
-0.2901,-0.3674,2,V,482,N
-3.041,-2.774,4,V,482,P
-1.81,-2.092,3,V,482,Q
-3.629,-2.924,2,V,482,R
-2.452,-2.525,5,V,482,S
-1.34,-1.648,1,V,482,T
0,0,,V,482,V
1.211,1.203,3,V,482,W
0.4403,0.5128,5,V,482,Y
-2.604,-2.601,4,F,483,A
-1.83,-2.108,3,F,483,C
-2.256,-2.412,4,F,483,E
0,0,,F,483,F
-4.047,-2.991,3,F,483,G
-2.896,-2.723,1,F,483,H
-4.706,-3.055,6,F,483,K
-4.213,-3.011,8,F,483,L
-3.706,-2.938,4,F,483,M
-2.288,-2.432,1,F,483,N
-2.855,-2.708,2,F,483,P
-5.341,-3.088,6,F,483,Q
-3.381,-2.87,7,F,483,R
-2.118,-2.323,2,F,483,T
-3.777,-2.951,3,F,483,V
-1.011,-1.278,2,F,483,W
0.4376,0.5099,2,F,483,Y
-3.497,-2.897,1,P,484,A
-3.699,-2.937,5,P,484,C
-4.249,-3.015,3,P,484,D
4.916,2.022,1,P,484,E
-2.568,-2.583,3,P,484,F
-3.619,-2.922,1,P,484,G
-3.507,-2.899,26,P,484,H
-4.035,-2.99,5,P,484,I
-7.457,-3.121,1,P,484,K
-3.733,-2.943,13,P,484,L
-3.785,-2.952,3,P,484,M
-4.011,-2.986,2,P,484,N
0,0,,P,484,P
-3.969,-2.981,2,P,484,Q
-3.628,-2.924,5,P,484,R
-3.706,-2.938,6,P,484,S
-5.646,-3.098,23,P,484,T
-3.541,-2.906,1,P,484,V
-3.618,-2.922,1,P,484,W
-3.039,-2.773,1,P,484,Y
-0.3062,-0.3881,1,S,485,A
0.1356,0.1651,1,S,485,E
0.6942,0.772,4,S,485,G
-0.4451,-0.5675,13,S,485,I
-1.688,-1.986,1,S,485,K
-0.1792,-0.2252,1,S,485,L
-0.8879,-1.129,9,S,485,N
-2.938,-2.739,1,S,485,P
-4.967,-3.071,2,S,485,R
0,0,,S,485,S
-0.4545,-0.5796,1,S,485,Y
7.091,2.044,2,D,486,A
-1.276,-1.58,1,D,486,C
0,0,,D,486,D
-3.632,-2.925,2,D,486,E
-1.081,-1.361,3,D,486,F
3.058,1.892,4,D,486,G
-0.6527,-0.8347,2,D,486,H
0.4084,0.4781,1,D,486,I
1.173,1.175,1,D,486,L
0.5902,0.6695,15,D,486,N
-1.45,-1.761,1,D,486,P
-2.719,-2.652,4,D,486,Q
-1.317,-1.624,2,D,486,R
1.483,1.378,4,D,486,S
0.2146,0.2586,2,D,486,T
-0.1143,-0.143,4,D,486,V
-3.834,-2.96,7,D,486,Y
-6.151,-3.109,9,E,487,*
0.1596,0.1938,7,E,487,A
0.2389,0.287,1,E,487,C
-2.276,-2.424,5,E,487,D
0,0,,E,487,E
-0.2022,-0.2546,10,E,487,F
0.7134,0.7904,6,E,487,G
-1.73,-2.024,3,E,487,H
-0.7099,-0.9075,8,E,487,I
-1.775,-2.062,18,E,487,K
1.432,1.347,2,E,487,L
0.08419,0.1032,5,E,487,M
-2.365,-2.476,5,E,487,N
-3.448,-2.886,2,E,487,P
0.7025,0.78,3,E,487,Q
-0.6587,-0.8424,5,E,487,R
-0.6996,-0.8944,8,E,487,S
0.331,0.3923,10,E,487,T
-2.2,-2.377,4,E,487,V
0.06275,0.07708,1,E,487,W
2.898,1.867,1,E,487,Y
-1.907,-2.17,4,F,488,A
-2.875,-2.715,4,F,488,C
-2.496,-2.547,11,F,488,D
-3.728,-2.942,4,F,488,E
0,0,,F,488,F
-2.704,-2.646,5,F,488,G
-2.948,-2.742,6,F,488,H
-0.8055,-1.028,4,F,488,I
-0.6493,-0.8303,5,F,488,K
-1.078,-1.356,18,F,488,L
-0.4664,-0.595,4,F,488,M
-3.784,-2.952,11,F,488,N
-4.828,-3.063,10,F,488,P
0.2584,0.3095,3,F,488,Q
-0.9845,-1.247,10,F,488,R
-2.922,-2.733,9,F,488,S
-1.119,-1.404,6,F,488,T
-2.554,-2.577,10,F,488,V
-1.611,-1.917,3,F,488,W
0.3384,0.4006,2,F,488,Y
-2.796,-2.684,4,D,489,A
-0.9652,-1.223,5,D,489,C
0,0,,D,489,D
-3.301,-2.85,6,D,489,E
-1.502,-1.813,2,D,489,F
-2.628,-2.612,5,D,489,G
-1.682,-1.981,6,D,489,H
-3.205,-2.824,6,D,489,I
-1.088,-1.368,2,D,489,K
-4.444,-3.034,4,D,489,L
-2.414,-2.504,11,D,489,M
-4.964,-3.071,18,D,489,N
-0.3758,-0.478,5,D,489,P
-0.6213,-0.7945,1,D,489,Q
-3.115,-2.797,9,D,489,R
-1.26,-1.563,9,D,489,S
-2.098,-2.309,6,D,489,T
-7.309,-3.12,6,D,489,V
-3.788,-2.953,7,D,489,W
-0.7028,-0.8984,6,D,489,Y
0,0,,A,490,A
0.9657,1.015,4,A,490,C
-2.881,-2.717,15,A,490,D
-4.007,-2.986,3,A,490,E
-2.375,-2.482,4,A,490,F
1.296,1.261,4,A,490,G
-4.179,-3.007,6,A,490,H
-1.157,-1.447,1,A,490,I
-4.016,-2.987,3,A,490,K
-4.107,-2.999,4,A,490,L
-1.69,-1.989,3,A,490,M
-1.351,-1.66,1,A,490,N
-3.617,-2.922,1,A,490,P
-2.194,-2.373,3,A,490,Q
-4.251,-3.015,4,A,490,R
0.2506,0.3005,14,A,490,S
-1.088,-1.368,13,A,490,T
-0.9674,-1.226,2,A,490,V
-3.889,-2.969,1,A,490,W
-3.621,-2.923,1,A,490,Y
-3.372,-2.868,3,S,491,A
-3.596,-2.918,2,S,491,C
-3.865,-2.965,4,S,491,D
-2.772,-2.675,2,S,491,E
-3.897,-2.97,9,S,491,F
-4.035,-2.99,5,S,491,G
-4.341,-3.025,7,S,491,H
-4.142,-3.003,3,S,491,I
-3.746,-2.946,3,S,491,K
-3.958,-2.979,3,S,491,L
-3.06,-2.78,3,S,491,M
-3.484,-2.894,2,S,491,N
-4.599,-3.047,6,S,491,P
-3.619,-2.922,1,S,491,Q
-3.816,-2.957,2,S,491,R
0,0,,S,491,S
-0.8511,-1.084,2,S,491,T
-3.621,-2.922,1,S,491,V
-3.485,-2.894,3,S,491,W
-5.272,-3.085,15,S,491,Y
-4.037,-2.99,2,I,492,A
-2.721,-2.653,4,I,492,C
-2.766,-2.672,2,I,492,D
-3.19,-2.82,4,I,492,E
-4.243,-3.015,8,I,492,F
-4.615,-3.049,6,I,492,H
0,0,,I,492,I
-4.025,-2.988,4,I,492,K
-3.617,-2.922,4,I,492,L
-1.36,-1.669,4,I,492,M
-3.399,-2.875,2,I,492,N
-3.621,-2.923,1,I,492,P
-5.312,-3.087,4,I,492,Q
0.8598,0.9243,1,I,492,R
-3.588,-2.916,3,I,492,S
-3.403,-2.875,5,I,492,T
-2.138,-2.336,4,I,492,V
-4.342,-3.025,5,I,492,W
-3.977,-2.982,4,I,492,Y
3.634,1.959,6,S,493,A
0.00147,0.001818,5,S,493,C
1.661,1.475,3,S,493,D
2.7,1.829,2,S,493,E
-0.3393,-0.4308,9,S,493,F
-0.7381,-0.9431,7,S,493,G
-0.7107,-0.9084,3,S,493,H
-0.709,-0.9063,1,S,493,I
-1.192,-1.487,5,S,493,K
-0.4325,-0.5513,6,S,493,L
0.08873,0.1087,6,S,493,M
0.9712,1.019,2,S,493,N
-1.619,-1.924,5,S,493,P
3.075,1.895,3,S,493,Q
-0.5698,-0.7284,3,S,493,R
0,0,,S,493,S
-1.056,-1.331,3,S,493,T
-1.342,-1.651,10,S,493,V
-0.4364,-0.5563,10,S,493,Y
-3.464,-2.89,10,Q,494,*
-3.585,-2.915,2,Q,494,A
-3.554,-2.909,4,Q,494,C
-3.633,-2.925,4,Q,494,D
-3.553,-2.909,3,Q,494,E
-2.123,-2.326,3,Q,494,F
-2.224,-2.392,2,Q,494,G
-3.486,-2.895,23,Q,494,H
-2.63,-2.613,4,Q,494,I
-3.005,-2.762,14,Q,494,K
-2.526,-2.563,2,Q,494,L
-0.3213,-0.4076,1,Q,494,M
-4.886,-3.067,5,Q,494,N
-4.974,-3.072,7,Q,494,P
0,0,,Q,494,Q
-2.211,-2.384,8,Q,494,R
1.141,1.152,3,Q,494,S
3.42,1.938,1,Q,494,V
-1.574,-1.882,2,Q,494,W
-1.037,-1.309,1,Q,494,Y
-2.596,-2.597,3,V,495,A
-3.303,-2.851,4,V,495,C
-3.437,-2.883,2,V,495,D
-4.737,-3.057,7,V,495,E
-4.074,-2.995,3,V,495,F
-0.1788,-0.2248,2,V,495,G
-3.587,-2.916,2,V,495,H
-0.5839,-0.7465,3,V,495,I
-3.198,-2.822,2,V,495,K
-2.714,-2.65,7,V,495,L
-4.921,-3.069,11,V,495,M
-4.051,-2.992,3,V,495,N
-4.785,-3.06,6,V,495,P
-4.287,-3.019,5,V,495,Q
-2.622,-2.609,2,V,495,R
-4.39,-3.029,5,V,495,S
-2.228,-2.395,1,V,495,T
0,0,,V,495,V
-4.626,-3.049,10,V,495,W
-2.943,-2.74,2,V,495,Y
-0.9201,-1.169,4,N,496,A
-0.9538,-1.21,4,N,496,C
0.2186,0.2633,1,N,496,D
-0.9685,-1.227,3,N,496,E
-0.7886,-1.007,4,N,496,F
-2.262,-2.416,2,N,496,G
0.06492,0.07973,2,N,496,H
-2.427,-2.511,3,N,496,I
-0.8985,-1.143,7,N,496,K
-3.618,-2.922,1,N,496,L
-0.04397,-0.05463,2,N,496,M
0,0,,N,496,N
-3.828,-2.959,3,N,496,P
1.061,1.091,3,N,496,Q
-1.284,-1.588,5,N,496,R
-3.619,-2.922,1,N,496,S
-0.02921,-0.03624,4,N,496,T
-1.597,-1.904,3,N,496,V
-0.6012,-0.7687,2,N,496,W
0.7765,0.8494,5,N,496,Y
-6.773,-3.117,18,E,497,*
-0.3087,-0.3913,4,E,497,A
-6.842,-3.117,4,E,497,C
0.1062,0.1298,8,E,497,D
0,0,,E,497,E
0.3957,0.4643,3,E,497,F
-1,-1.265,4,E,497,G
-0.6147,-0.7861,5,E,497,H
-0.9134,-1.161,5,E,497,I
-3.487,-2.895,20,E,497,K
-2.392,-2.492,4,E,497,L
-0.261,-0.3299,2,E,497,M
-0.8652,-1.102,4,E,497,N
-3.67,-2.932,3,E,497,P
-0.2836,-0.359,3,E,497,Q
-3.442,-2.885,3,E,497,R
1.219,1.208,2,E,497,S
-1.012,-1.279,2,E,497,T
-0.9244,-1.174,6,E,497,V
-1.146,-1.435,3,E,497,W
0.5276,0.6053,3,E,497,Y
-3.469,-2.891,4,K,498,A
-4.164,-3.006,5,K,498,C
-3.619,-2.922,1,K,498,D
-3.823,-2.958,6,K,498,E
-3.251,-2.837,8,K,498,F
-3.984,-2.983,3,K,498,G
-2.684,-2.637,6,K,498,H
-1.368,-1.678,3,K,498,I
0,0,,K,498,K
-1.595,-1.902,4,K,498,L
-3.05,-2.777,5,K,498,M
-4.541,-3.043,10,K,498,N
-4.428,-3.033,7,K,498,P
-1.485,-1.797,7,K,498,R
-3.721,-2.941,8,K,498,S
-3.755,-2.947,4,K,498,T
-2.592,-2.595,3,K,498,V
-3.941,-2.976,3,K,498,W
-4.24,-3.014,3,K,498,Y
-4.241,-3.014,5,I,499,A
-3.429,-2.882,3,I,499,C
0.2039,0.2461,1,I,499,D
-4.17,-3.006,4,I,499,E
-4.356,-3.026,5,I,499,F
-3.345,-2.861,3,I,499,G
-3.627,-2.924,2,I,499,H
0,0,,I,499,I
-2.67,-2.631,5,I,499,K
-0.6432,-0.8226,1,I,499,L
-0.4301,-0.5481,7,I,499,M
-2.978,-2.753,3,I,499,N
-2.041,-2.269,3,I,499,P
-3.517,-2.901,2,I,499,Q
-3.901,-2.971,3,I,499,R
-4.328,-3.023,4,I,499,S
-3.883,-2.968,7,I,499,T
-1.25,-1.551,2,I,499,V
-4.251,-3.015,2,I,499,W
-2.549,-2.574,3,I,499,Y
-1.068,-1.345,2,N,500,A
-2.206,-2.381,3,N,500,C
-1.926,-2.184,3,N,500,D
-1.851,-2.125,4,N,500,E
-4.439,-3.034,7,N,500,F
-2.218,-2.388,3,N,500,H
-3.471,-2.891,9,N,500,I
-2.717,-2.652,10,N,500,K
-3.429,-2.882,2,N,500,L
-3.751,-2.946,9,N,500,M
0,0,,N,500,N
-3.055,-2.778,5,N,500,P
-1.935,-2.191,6,N,500,Q
-0.5589,-0.7145,1,N,500,R
-3.465,-2.89,5,N,500,S
-2.528,-2.564,2,N,500,T
-3.656,-2.929,3,N,500,V
-4.14,-3.003,7,N,500,W
-2.682,-2.636,4,N,500,Y
-1.17,-1.462,11,Q,501,*
-1.738,-2.031,4,Q,501,A
-2.102,-2.312,6,Q,501,C
-1.06,-1.336,4,Q,501,D
-1.291,-1.596,1,Q,501,E
0.8133,0.8829,2,Q,501,F
-3.51,-2.9,3,Q,501,G
-0.7177,-0.9173,14,Q,501,H
-1.213,-1.511,3,Q,501,I
-0.134,-0.1678,20,Q,501,K
-1.464,-1.776,4,Q,501,L
0.718,0.7947,5,Q,501,M
-0.384,-0.4885,6,Q,501,N
-3.774,-2.95,1,Q,501,P
0,0,,Q,501,Q
-0.2388,-0.3014,4,Q,501,R
-0.6392,-0.8175,2,Q,501,S
0.09818,0.1201,4,Q,501,T
-0.1824,-0.2293,2,Q,501,V
0.1384,0.1685,5,Q,501,W
-1.708,-2.005,2,Q,501,Y
-2.699,-2.644,5,S,502,A
-3.951,-2.978,4,S,502,C
-3.63,-2.924,1,S,502,D
-6.06,-3.107,2,S,502,E
-3.762,-2.948,5,S,502,F
-4.311,-3.022,4,S,502,G
-4.05,-2.992,2,S,502,H
-4.043,-2.991,12,S,502,I
-0.7259,-0.9277,4,S,502,K
-3.634,-2.925,3,S,502,L
-2.246,-2.406,4,S,502,M
-3.405,-2.876,8,S,502,N
-4.987,-3.072,6,S,502,P
-2.25,-2.409,2,S,502,Q
-2.899,-2.724,12,S,502,R
0,0,,S,502,S
0.3131,0.3721,3,S,502,T
-4.33,-3.024,8,S,502,V
-1.671,-1.972,2,S,502,W
-3.534,-2.905,4,S,502,Y
-2.368,-2.478,2,L,503,A
-3.535,-2.905,2,L,503,C
-3.705,-2.938,4,L,503,D
-5.693,-3.099,6,L,503,E
-3.12,-2.799,4,L,503,F
-3.482,-2.894,3,L,503,G
-2.9,-2.725,7,L,503,H
0.2881,0.3436,4,L,503,I
-1.591,-1.899,6,L,503,K
0,0,,L,503,L
-0.8502,-1.083,15,L,503,M
-2.018,-2.253,4,L,503,N
-3.152,-2.808,4,L,503,P
-7.81,-3.122,7,L,503,Q
-2.26,-2.415,6,L,503,R
-4.193,-3.009,2,L,503,S
-1.496,-1.807,1,L,503,T
-1.395,-1.705,6,L,503,V
-1.125,-1.411,6,L,503,W
0.1854,0.2244,3,L,503,Y
0,0,,A,504,A
-1.334,-1.642,4,A,504,C
-0.543,-0.6939,14,A,504,D
-0.3164,-0.4013,5,A,504,E
0.6668,0.7454,4,A,504,F
-2.473,-2.535,3,A,504,G
-0.6015,-0.7692,6,A,504,H
-0.1955,-0.2461,5,A,504,K
-1.226,-1.524,4,A,504,L
-0.9628,-1.221,4,A,504,M
-3.434,-2.883,2,A,504,N
-3.715,-2.94,4,A,504,P
0.03161,0.03897,3,A,504,Q
-0.1302,-0.163,6,A,504,R
0.09406,0.1151,17,A,504,S
0.5794,0.6585,17,A,504,T
-1.875,-2.144,10,A,504,V
-0.8421,-1.073,2,A,504,W
0.3906,0.4586,3,A,504,Y
-1.848,-2.122,3,F,505,A
-3.53,-2.904,4,F,505,C
-0.92,-1.169,2,F,505,D
-0.1012,-0.1264,1,F,505,E
0,0,,F,505,F
-3.827,-2.959,7,F,505,G
1.912,1.59,3,F,505,H
-0.7786,-0.994,7,F,505,I
-4.347,-3.025,2,F,505,K
-0.8394,-1.07,3,F,505,L
-0.3011,-0.3815,3,F,505,M
0.1412,0.1718,3,F,505,N
-4.2,-3.01,5,F,505,P
0.3685,0.4342,3,F,505,Q
-0.9281,-1.179,4,F,505,R
-0.3931,-0.5003,3,F,505,S
-0.8051,-1.027,3,F,505,T
-1.096,-1.377,7,F,505,V
3.21,1.914,1,F,505,W
-0.6556,-0.8384,5,F,505,Y
-0.5505,-0.7035,4,I,506,A
-4.097,-2.998,3,I,506,C
-2.225,-2.393,3,I,506,D
-2.139,-2.337,4,I,506,E
-0.3601,-0.4576,4,I,506,F
-3.558,-2.91,3,I,506,G
-1.067,-1.344,5,I,506,H
0,0,,I,506,I
-0.3584,-0.4555,5,I,506,L
-0.02456,-0.03046,3,I,506,M
-0.2788,-0.3529,6,I,506,N
-2.164,-2.354,7,I,506,P
-3.087,-2.789,2,I,506,Q
0.6918,0.7697,2,I,506,R
-3.043,-2.775,3,I,506,S
-1.696,-1.994,4,I,506,T
0.05334,0.06559,5,I,506,V
-2.846,-2.704,5,I,506,W
-0.2707,-0.3425,2,I,506,Y
-0.7521,-0.9607,3,R,507,*
0.4492,0.5224,6,R,507,A
-3.936,-2.976,5,R,507,C
-1.803,-2.085,4,R,507,D
-0.9171,-1.165,2,R,507,E
-0.5285,-0.6752,6,R,507,F
-2,-2.239,7,R,507,G
-0.4205,-0.5358,3,R,507,H
-1.354,-1.663,11,R,507,I
0.4021,0.4712,34,R,507,K
-0.1601,-0.2009,4,R,507,L
0.08583,0.1052,7,R,507,M
-1.147,-1.437,4,R,507,N
-3.443,-2.885,3,R,507,P
-0.2344,-0.2957,3,R,507,Q
0,0,,R,507,R
-0.6968,-0.8908,4,R,507,S
-0.673,-0.8605,2,R,507,T
-3.12,-2.799,4,R,507,V
4.551,2.011,4,R,507,W
0.1769,0.2143,3,R,507,Y
-0.9657,-1.224,5,K,508,A
-3.343,-2.861,4,K,508,C
-4.159,-3.005,3,K,508,D
-4.005,-2.985,3,K,508,E
-0.595,-0.7608,2,K,508,F
-2.276,-2.425,5,K,508,G
-0.9278,-1.178,4,K,508,H
-0.8064,-1.029,6,K,508,I
0,0,,K,508,K
-1.844,-2.119,2,K,508,L
-1.991,-2.233,5,K,508,M
-0.9313,-1.182,12,K,508,N
-3.116,-2.798,3,K,508,P
-0.6161,-0.7879,8,K,508,Q
-0.2047,-0.2578,6,K,508,S
6.121,2.039,1,K,508,T
-1.378,-1.688,4,K,508,V
-0.3765,-0.4788,6,K,508,W
-1.362,-1.672,2,K,508,Y
-0.3716,-0.4725,6,S,509,A
-0.9179,-1.166,10,S,509,C
-2.343,-2.464,3,S,509,D
-2.872,-2.714,5,S,509,E
-0.3033,-0.3844,7,S,509,F
-0.5128,-0.655,7,S,509,G
3.031,1.888,1,S,509,H
-2.163,-2.353,7,S,509,I
-4.488,-3.038,9,S,509,K
-0.8513,-1.085,3,S,509,L
-1.589,-1.896,9,S,509,M
-0.3604,-0.458,17,S,509,N
-2.554,-2.577,3,S,509,P
0.03926,0.04835,2,S,509,Q
-2.822,-2.695,9,S,509,R
0,0,,S,509,S
0.1334,0.1624,2,S,509,T
-0.03615,-0.04488,3,S,509,V
-0.8919,-1.134,7,S,509,W
0.6253,0.7046,4,S,509,Y
0.6355,0.7148,3,D,510,A
-3.902,-2.971,3,D,510,C
0,0,,D,510,D
0.03552,0.04376,6,D,510,E
-3.464,-2.889,2,D,510,F
-3.643,-2.927,6,D,510,G
-1.796,-2.08,2,D,510,H
-2.982,-2.754,3,D,510,I
-2.302,-2.44,2,D,510,K
-0.8392,-1.07,2,D,510,L
-3.559,-2.91,3,D,510,M
-1.124,-1.41,14,D,510,N
-3.673,-2.932,2,D,510,P
0.2591,0.3104,2,D,510,Q
-3.104,-2.794,2,D,510,R
-2.302,-2.44,5,D,510,S
-0.326,-0.4136,4,D,510,T
-0.7848,-1.002,4,D,510,V
-3.78,-2.951,6,D,510,W
-4.27,-3.017,13,D,510,Y
-3.273,-2.843,12,E,511,*
-1.805,-2.087,1,E,511,-
-0.4774,-0.6092,3,E,511,A
-3.85,-2.963,4,E,511,C
-0.4937,-0.6303,11,E,511,D
0,0,,E,511,E
-1.26,-1.562,2,E,511,F
-4.231,-3.013,5,E,511,G
-1.926,-2.184,4,E,511,H
-0.729,-0.9316,2,E,511,I
-3.551,-2.908,17,E,511,K
-2.406,-2.5,4,E,511,L
0.3557,0.42,5,E,511,M
-1.204,-1.501,1,E,511,N
-3.73,-2.943,3,E,511,P
-2.591,-2.594,6,E,511,R
-0.1965,-0.2473,3,E,511,S
-1.832,-2.109,6,E,511,T
-0.4872,-0.6219,3,E,511,V
-0.2711,-0.3429,5,E,511,W
-0.8712,-1.109,1,E,511,Y
-4.021,-2.988,2,L,512,A
-3.849,-2.963,8,L,512,C
-5.103,-3.078,3,L,512,D
-4.026,-2.988,4,L,512,E
-0.2634,-0.333,2,L,512,F
-3.591,-2.917,1,L,512,G
-3.839,-2.961,4,L,512,H
0.4405,0.513,5,L,512,I
-4.322,-3.023,4,L,512,K
0,0,,L,512,L
0.3732,0.4394,7,L,512,M
-4.067,-2.994,5,L,512,N
-4.05,-2.992,3,L,512,P
-3.45,-2.886,1,L,512,Q
-4.255,-3.016,4,L,512,R
-0.637,-0.8146,1,L,512,S
-5.247,-3.084,4,L,512,T
-1.849,-2.124,4,L,512,V
-1.132,-1.419,1,L,512,W
-3.905,-2.971,3,L,512,Y
-0.5577,-0.7129,1,L,513,A
-4.102,-2.998,3,L,513,C
-2.765,-2.672,3,L,513,D
-0.5332,-0.6813,4,L,513,E
-0.2306,-0.2909,3,L,513,F
-4.461,-3.036,8,L,513,G
-1.768,-2.056,3,L,513,H
0.3718,0.4379,3,L,513,I
-1.255,-1.557,4,L,513,K
0,0,,L,513,L
0.6587,0.7376,9,L,513,M
-3.711,-2.939,6,L,513,N
-4.822,-3.063,8,L,513,P
-0.3125,-0.3962,4,L,513,Q
-2.054,-2.279,7,L,513,R
-1.567,-1.875,4,L,513,S
-0.7319,-0.9352,4,L,513,T
-0.7856,-1.003,6,L,513,V
0.2948,0.3513,2,L,513,W
0.1792,0.2171,4,L,513,Y
1.37,1.309,3,H,514,A
-2.213,-2.386,2,H,514,C
0.9016,0.9607,4,H,514,D
1.847,1.563,3,H,514,E
1.664,1.476,3,H,514,F
-0.3149,-0.3993,5,H,514,G
0,0,,H,514,H
0.7073,0.7846,4,H,514,I
0.6436,0.7227,1,H,514,K
1.174,1.176,1,H,514,L
1.109,1.128,6,H,514,M
0.9365,0.9903,8,H,514,N
-4.552,-3.044,5,H,514,P
-0.01081,-0.01339,5,H,514,Q
0.1567,0.1903,3,H,514,R
-0.316,-0.4008,1,H,514,S
0.4926,0.5687,4,H,514,T
0.5455,0.6239,3,H,514,V
3.702,1.965,12,H,514,Y
1.15,1.159,1,H,515,A
-2.938,-2.738,3,H,515,C
0.07946,0.09742,2,H,515,D
1.013,1.053,8,H,515,E
0.05742,0.07058,4,H,515,F
-0.6583,-0.8418,2,H,515,G
0,0,,H,515,H
2.912,1.869,2,H,515,I
-0.5908,-0.7555,5,H,515,K
0.3072,0.3654,3,H,515,L
1.134,1.147,3,H,515,M
-1.088,-1.369,9,H,515,N
-4.28,-3.018,4,H,515,P
0.9437,0.9963,7,H,515,Q
1.155,1.162,6,H,515,R
0.06108,0.07505,6,H,515,S
-0.4227,-0.5385,4,H,515,T
1.304,1.266,2,H,515,V
0.3834,0.4507,6,H,515,W
0.4551,0.5288,8,H,515,Y
-3.388,-2.872,8,V,516,A
-2.19,-2.371,7,V,516,C
-4.115,-3,5,V,516,D
-4.895,-3.067,5,V,516,E
-1.067,-1.345,2,V,516,F
-4.661,-3.052,5,V,516,G
-3.975,-2.981,5,V,516,H
-0.8089,-1.032,1,V,516,I
-4.011,-2.986,6,V,516,K
-0.433,-0.5519,12,V,516,L
-0.2019,-0.2543,23,V,516,M
-3.861,-2.964,2,V,516,N
-4.511,-3.04,3,V,516,P
-4.099,-2.998,6,V,516,Q
-4.538,-3.042,6,V,516,R
-4.407,-3.031,5,V,516,S
-2.574,-2.586,4,V,516,T
0,0,,V,516,V
-1.833,-2.11,3,V,516,W
0.08702,0.1066,4,V,516,Y
-0.6238,-0.7977,5,N,517,A
-3.528,-2.904,4,N,517,C
-0.02964,-0.03677,8,N,517,D
0.5683,0.6473,9,N,517,E
0.09422,0.1153,5,N,517,F
-4.251,-3.015,7,N,517,G
-0.8103,-1.034,1,N,517,H
0.4972,0.5735,6,N,517,I
-1.63,-1.934,10,N,517,K
-1.323,-1.63,4,N,517,L
0.04941,0.06079,4,N,517,M
0,0,,N,517,N
-4.279,-3.018,5,N,517,P
-0.2339,-0.2952,7,N,517,R
-1.526,-1.836,7,N,517,S
0.4156,0.486,3,N,517,T
1.416,1.338,3,N,517,V
-0.2063,-0.2598,3,N,517,W
1.514,1.395,5,N,517,Y
0,0,,A,518,A
-0.05984,-0.07446,12,A,518,D
3.769,1.97,4,A,518,E
-1.146,-1.435,4,A,518,F
0.6787,0.757,1,A,518,G
-2.183,-2.366,4,A,518,H
0.6829,0.7611,4,A,518,I
-0.07307,-0.09103,5,A,518,K
0.01165,0.0144,2,A,518,L
1.214,1.205,2,A,518,M
0.7238,0.8002,2,A,518,N
-4.022,-2.988,4,A,518,P
0.5784,0.6575,1,A,518,Q
-0.8951,-1.138,4,A,518,R
-0.6188,-0.7913,15,A,518,S
0.722,0.7985,17,A,518,T
1.161,1.167,4,A,518,V
-0.314,-0.3982,6,A,518,W
-1.87,-2.14,5,A,518,Y
-0.4962,-0.6336,1,G,519,A
-1.222,-1.521,21,G,519,C
-0.1821,-0.229,17,G,519,D
-0.9003,-1.145,3,G,519,E
2.542,1.793,5,G,519,F
0,0,,G,519,G
1.317,1.275,3,G,519,H
3.995,1.985,1,G,519,I
-2.769,-2.673,10,G,519,K
1.107,1.126,4,G,519,L
2.849,1.858,5,G,519,M
3.845,1.975,2,G,519,N
-4.132,-3.002,3,G,519,P
-1.423,-1.735,5,G,519,Q
-3.887,-2.968,3,G,519,R
0.7218,0.7983,15,G,519,S
0.7107,0.7878,4,G,519,T
1.436,1.35,4,G,519,V
2.874,1.862,5,G,519,W
2.371,1.749,4,G,519,Y
-0.5914,-0.7562,6,K,520,A
-2.557,-2.578,4,K,520,C
-3.697,-2.937,2,K,520,D
-1.922,-2.181,3,K,520,E
3.304,1.925,1,K,520,F
-3.455,-2.888,5,K,520,G
-0.9842,-1.246,4,K,520,H
0.9123,0.9698,5,K,520,I
0,0,,K,520,K
1.307,1.268,4,K,520,L
1.042,1.076,4,K,520,M
0.1751,0.2122,21,K,520,N
-12.42,-3.126,1,K,520,P
1.153,1.16,4,K,520,Q
-0.6003,-0.7676,3,K,520,R
0.2466,0.2959,1,K,520,S
-2.396,-2.494,5,K,520,T
-2.391,-2.491,3,K,520,V
-1.926,-2.184,7,K,520,W
-0.1776,-0.2233,2,K,520,Y
-0.06775,-0.08436,4,S,521,A
-1.359,-1.668,5,S,521,C
-1.017,-1.285,2,S,521,D
-0.1591,-0.1997,4,S,521,E
0.3075,0.3657,3,S,521,F
-1.654,-1.956,4,S,521,G
0.2078,0.2507,8,S,521,H
1.09,1.113,12,S,521,I
0.7238,0.8002,7,S,521,K
1.019,1.058,4,S,521,L
0.1109,0.1354,4,S,521,M
0.05291,0.06507,15,S,521,N
-3.684,-2.934,7,S,521,P
1.11,1.129,3,S,521,Q
0.99,1.035,11,S,521,R
0,0,,S,521,S
1.981,1.618,4,S,521,T
0.9641,1.013,1,S,521,V
3.823,1.974,4,S,521,W
1.584,1.434,4,S,521,Y
-0.06504,-0.08097,2,T,522,A
-2.145,-2.341,4,T,522,C
-2.984,-2.754,2,T,522,D
2.113,1.667,2,T,522,E
-0.1083,-0.1354,2,T,522,F
-2.325,-2.454,2,T,522,G
-0.1276,-0.1598,4,T,522,H
0.1249,0.1523,19,T,522,I
-1,-1.266,2,T,522,K
0.3302,0.3914,2,T,522,L
0.6478,0.7269,8,T,522,M
-1.027,-1.297,9,T,522,N
-3.804,-2.955,7,T,522,P
-0.4434,-0.5654,5,T,522,Q
-1.007,-1.273,4,T,522,R
0,0,,T,522,T
-0.4559,-0.5815,3,T,522,V
0.5282,0.6059,2,T,522,W
1.445,1.355,8,T,522,Y
1.012,1.052,5,T,523,A
-0.2663,-0.3367,3,T,523,C
-0.136,-0.1703,4,T,523,D
-2.545,-2.572,6,T,523,E
-0.1615,-0.2027,6,T,523,F
-0.3063,-0.3883,4,T,523,H
0.8168,0.8861,17,T,523,I
-3.933,-2.975,2,T,523,K
0.03673,0.04525,1,T,523,L
1.773,1.529,5,T,523,M
-1.33,-1.637,9,T,523,N
-0.3085,-0.3911,1,T,523,P
-0.6687,-0.855,1,T,523,Q
-1.032,-1.303,6,T,523,R
2.347,1.742,2,T,523,S
0,0,,T,523,T
-0.3688,-0.4689,4,T,523,V
-0.07846,-0.09779,2,T,523,W
-0.4058,-0.5167,2,T,523,Y
-0.4071,-0.5184,6,N,524,A
-1.136,-1.424,4,N,524,C
-0.2749,-0.3478,5,N,524,D
-1.762,-2.051,9,N,524,E
-2.286,-2.43,1,N,524,F
-1.573,-1.881,2,N,524,G
-1.316,-1.622,3,N,524,H
1.793,1.539,4,N,524,I
0.7299,0.806,4,N,524,K
1.389,1.321,2,N,524,L
-1.509,-1.819,2,N,524,M
0,0,,N,524,N
-3.059,-2.779,3,N,524,P
1.094,1.116,3,N,524,Q
-0.1323,-0.1657,3,N,524,R
-0.2299,-0.2901,4,N,524,S
-0.717,-0.9164,5,N,524,T
-0.6011,-0.7686,8,N,524,V
0.2533,0.3037,4,N,524,W
-2.115,-2.321,2,N,524,Y
-1.027,-1.297,1,I,525,A
-2.487,-2.543,5,I,525,C
-4.121,-3.001,4,I,525,D
-4.066,-2.994,3,I,525,E
-0.2184,-0.2754,3,I,525,F
-3.35,-2.863,7,I,525,G
-0.8271,-1.055,2,I,525,H
0,0,,I,525,I
-0.3388,-0.4301,4,I,525,K
-0.9073,-1.153,4,I,525,L
-0.3519,-0.447,4,I,525,M
-2.822,-2.695,7,I,525,N
-2.589,-2.593,2,I,525,P
1.383,1.317,1,I,525,Q
-1.249,-1.55,2,I,525,S
-1.246,-1.547,4,I,525,T
-0.8053,-1.027,3,I,525,V
-0.4726,-0.6031,4,I,525,Y
-1.066,-1.342,4,M,526,A
-1.997,-2.237,8,M,526,C
-4.088,-2.996,3,M,526,D
-2.688,-2.639,3,M,526,E
-0.1527,-0.1916,9,M,526,F
-4.053,-2.992,4,M,526,G
-4.386,-3.029,3,M,526,H
1.031,1.067,21,M,526,I
-2.843,-2.703,5,M,526,K
3.246,1.918,2,M,526,L
0,0,,M,526,M
-4.387,-3.029,5,M,526,N
-3.617,-2.922,1,M,526,P
-3.026,-2.769,2,M,526,Q
-3.346,-2.862,6,M,526,R
-3.185,-2.818,3,M,526,S
-2.872,-2.714,5,M,526,T
2.227,1.706,7,M,526,V
-0.7257,-0.9274,5,M,526,W
-2.404,-2.498,3,M,526,Y
-2.587,-2.593,5,I,527,A
-1.021,-1.29,6,I,527,C
-3.735,-2.944,3,I,527,D
-4.007,-2.986,3,I,527,E
0.9874,1.032,4,I,527,F
-3.642,-2.927,3,I,527,G
-1.785,-2.07,1,I,527,H
0,0,,I,527,I
-3.514,-2.9,1,I,527,K
0.7442,0.8194,3,I,527,L
-0.05333,-0.06632,2,I,527,M
-3.469,-2.891,1,I,527,N
-3.975,-2.981,4,I,527,P
-0.9397,-1.193,4,I,527,Q
-3.521,-2.902,6,I,527,S
-3.148,-2.807,3,I,527,T
-1.808,-2.09,3,I,527,V
-0.7277,-0.9299,5,I,527,W
-2.065,-2.286,3,I,527,Y
-0.76,-0.9707,2,T,528,A
0.2229,0.2684,1,T,528,C
-3.354,-2.863,2,T,528,D
-3.122,-2.8,7,T,528,E
1.893,1.582,3,T,528,F
-2.765,-2.672,5,T,528,G
-1.271,-1.574,4,T,528,H
5.164,2.028,9,T,528,I
-4.533,-3.042,3,T,528,K
0.3467,0.4099,1,T,528,L
-1.551,-1.86,2,T,528,M
-1.594,-1.901,11,T,528,N
-2.895,-2.723,2,T,528,P
-2.244,-2.405,1,T,528,Q
-2.488,-2.543,4,T,528,R
-0.09786,-0.1222,5,T,528,S
0,0,,T,528,T
2.212,1.701,2,T,528,V
-1.618,-1.924,1,T,528,W
-0.0203,-0.02516,6,T,528,Y
-2.266,-2.418,1,T,529,*
0.9856,1.031,2,T,529,A
1.71,1.499,1,T,529,C
-3.918,-2.973,2,T,529,E
0.6515,0.7305,1,T,529,G
0.8279,0.896,5,T,529,I
-6.446,-3.113,6,T,529,K
1.152,1.16,5,T,529,L
2.063,1.65,4,T,529,M
-4.499,-3.039,5,T,529,P
-4.024,-2.988,2,T,529,Q
-0.5624,-0.7189,1,T,529,R
-0.4194,-0.5342,1,T,529,S
0,0,,T,529,T
1.093,1.116,3,T,529,V
-1.006,-1.272,1,T,529,W
-2.596,-2.597,3,T,529,Y
